match_id,date,season_id,venue_id,batting_first_team_id,batting_second_team_id,first_innings_score,first_innings_wickets,second_innings_score,second_innings_wickets,winner_team_id,win_outcome,player_of_match_id,fours,sixes,powerplay_overs_score_1,middle_overs_score_1,death_overs_score_1,powerplay_overs_score_2,middle_overs_score_2,death_overs_score_2
335982.0,2008-04-18,1,3.0,9,17.0,222.0,3,82.0,10,9.0,140 RUNS,232,18,17,61.0,93.0,68.0,26.0,55.0,1.0
335983.0,2008-04-19,1,7.0,6,13.0,240.0,5,207.0,4,6.0,33 RUNS,723,38,25,53.0,108.0,79.0,63.0,102.0,42.0
335984.0,2008-04-19,1,10.0,11,2.0,129.0,8,132.0,1,2.0,9 WICKETS,590,32,4,40.0,56.0,33.0,55.0,73.0,4.0
335985.0,2008-04-20,1,28.0,5,17.0,165.0,7,166.0,5,17.0,5 WICKETS,620,33,11,47.0,58.0,60.0,40.0,78.0,48.0
335986.0,2008-04-20,1,23.0,16,9.0,110.0,10,112.0,5,9.0,5 WICKETS,684,11,10,39.0,38.0,33.0,26.0,55.0,31.0
335987.0,2008-04-21,1,18.0,13,11.0,166.0,8,168.0,4,11.0,6 WICKETS,74,35,14,54.0,61.0,51.0,53.0,89.0,26.0
335988.0,2008-04-22,1,16.0,16,2.0,142.0,8,143.0,1,2.0,9 WICKETS,66,27,12,25.0,48.0,69.0,48.0,95.0,0.0
335989.0,2008-04-23,1,8.0,6,5.0,208.0,5,202.0,7,6.0,6 RUNS,627,43,14,53.0,90.0,65.0,52.0,82.0,68.0
335990.0,2008-04-24,1,16.0,16,11.0,214.0,5,217.0,7,11.0,3 WICKETS,654,42,23,58.0,90.0,66.0,73.0,86.0,58.0
335991.0,2008-04-25,1,7.0,13,5.0,182.0,10,116.0,9,13.0,66 RUNS,736,30,9,60.0,78.0,44.0,39.0,62.0,15.0
335992.0,2008-04-26,1,3.0,17,11.0,135.0,8,138.0,3,11.0,7 WICKETS,74,34,9,57.0,38.0,40.0,45.0,76.0,17.0
335993.0,2008-04-26,1,8.0,9,6.0,147.0,9,152.0,1,6.0,9 WICKETS,497,26,9,61.0,43.0,43.0,45.0,76.0,31.0
335994.0,2008-04-27,1,27.0,5,16.0,154.0,7,155.0,0,16.0,10 WICKETS,110,27,16,27.0,72.0,55.0,60.0,95.0,0.0
335995.0,2008-04-27,1,7.0,2,13.0,158.0,8,162.0,6,13.0,4 WICKETS,98,37,5,45.0,62.0,51.0,55.0,68.0,39.0
335996.0,2008-04-28,1,3.0,6,17.0,178.0,5,165.0,10,6.0,13 RUNS,522,31,13,36.0,66.0,76.0,45.0,87.0,33.0
335997.0,2008-04-29,1,23.0,9,5.0,137.0,8,138.0,3,5.0,7 WICKETS,65,32,5,40.0,47.0,50.0,38.0,72.0,28.0
335998.0,2008-04-30,1,10.0,2,17.0,191.0,5,181.0,5,2.0,10 RUNS,273,37,12,58.0,93.0,40.0,55.0,79.0,47.0
335999.0,2008-05-01,1,16.0,16,13.0,164.0,8,167.0,3,13.0,7 WICKETS,428,40,5,50.0,61.0,53.0,41.0,88.0,38.0
336000.0,2008-05-01,1,18.0,11,9.0,196.0,7,151.0,10,11.0,45 RUNS,28,30,11,45.0,97.0,54.0,51.0,77.0,23.0
336001.0,2008-05-02,1,8.0,6,2.0,169.0,6,172.0,2,2.0,8 WICKETS,66,33,10,47.0,79.0,43.0,64.0,78.0,30.0
336002.0,2008-05-25,1,16.0,16,17.0,165.0,10,171.0,5,17.0,5 WICKETS,597,34,14,41.0,82.0,42.0,43.0,63.0,65.0
336003.0,2008-05-03,1,7.0,13,9.0,178.0,6,169.0,6,13.0,9 RUNS,212,31,13,49.0,70.0,59.0,31.0,70.0,68.0
336004.0,2008-05-04,1,27.0,5,2.0,162.0,8,133.0,10,5.0,29 RUNS,55,23,13,50.0,62.0,50.0,37.0,77.0,19.0
336005.0,2008-05-04,1,18.0,6,11.0,109.0,10,110.0,2,11.0,8 WICKETS,21,22,3,38.0,53.0,18.0,44.0,66.0,0.0
336006.0,2008-05-05,1,3.0,17,13.0,126.0,10,127.0,4,13.0,6 WICKETS,210,28,4,26.0,71.0,29.0,52.0,57.0,18.0
336007.0,2008-05-06,1,8.0,6,16.0,144.0,7,148.0,3,16.0,7 WICKETS,110,27,12,34.0,52.0,58.0,50.0,65.0,33.0
336008.0,2008-05-07,1,27.0,11,5.0,103.0,10,104.0,3,5.0,7 WICKETS,64,16,5,48.0,54.0,1.0,34.0,68.0,2.0
336009.0,2008-05-08,1,10.0,2,6.0,187.0,5,188.0,6,6.0,4 WICKETS,522,42,8,50.0,83.0,54.0,62.0,80.0,46.0
336010.0,2008-05-08,1,23.0,9,17.0,129.0,7,124.0,4,9.0,5 RUNS,203,27,7,41.0,74.0,14.0,35.0,76.0,13.0
336011.0,2008-05-09,1,18.0,16,11.0,140.0,8,141.0,2,11.0,8 WICKETS,654,31,5,50.0,53.0,37.0,50.0,79.0,12.0
336012.0,2008-05-28,1,3.0,17,5.0,122.0,9,126.0,1,5.0,9 WICKETS,410,21,8,36.0,56.0,30.0,39.0,78.0,9.0
336013.0,2008-05-10,1,8.0,6,13.0,181.0,4,163.0,9,6.0,18 RUNS,718,22,17,53.0,91.0,37.0,35.0,80.0,48.0
336014.0,2008-05-11,1,16.0,9,16.0,204.0,4,181.0,7,9.0,23 RUNS,203,38,17,43.0,75.0,86.0,55.0,70.0,56.0
336015.0,2008-05-11,1,18.0,2,11.0,156.0,7,159.0,7,11.0,3 WICKETS,74,23,11,47.0,49.0,60.0,21.0,99.0,39.0
336016.0,2008-05-12,1,7.0,17,13.0,143.0,8,144.0,1,13.0,9 WICKETS,428,25,9,50.0,52.0,41.0,42.0,99.0,3.0
336017.0,2008-05-13,1,23.0,9,2.0,133.0,6,110.0,10,9.0,23 RUNS,676,23,3,35.0,60.0,38.0,37.0,60.0,13.0
336018.0,2008-05-14,1,28.0,6,5.0,156.0,6,158.0,1,5.0,9 WICKETS,65,33,15,28.0,61.0,67.0,78.0,80.0,0.0
336019.0,2008-05-28,1,7.0,13,11.0,221.0,3,180.0,7,13.0,41 RUNS,428,38,22,51.0,93.0,77.0,38.0,102.0,40.0
336020.0,2008-05-15,1,10.0,2,16.0,194.0,4,182.0,9,2.0,12 RUNS,234,33,15,48.0,90.0,56.0,71.0,57.0,54.0
336021.0,2008-05-16,1,28.0,9,5.0,67.0,10,68.0,2,5.0,8 WICKETS,55,15,4,27.0,40.0,0.0,68.0,0.0,0.0
336022.0,2008-05-17,1,10.0,2,13.0,118.0,4,94.0,3,13.0,6 RUNS,529,14,14,68.0,50.0,0.0,73.0,21.0,0.0
336023.0,2008-05-17,1,18.0,11,17.0,197.0,1,132.0,9,11.0,65 RUNS,769,31,9,51.0,92.0,54.0,23.0,60.0,49.0
336024.0,2008-05-18,1,16.0,5,16.0,178.0,7,153.0,7,5.0,25 RUNS,449,30,12,57.0,57.0,64.0,32.0,74.0,47.0
336025.0,2008-05-18,1,23.0,9,6.0,149.0,5,55.0,0,6.0,3 RUNS,580,23,3,35.0,66.0,48.0,43.0,12.0,0.0
336026.0,2008-05-19,1,3.0,17,2.0,154.0,7,158.0,5,2.0,5 WICKETS,2,33,9,41.0,61.0,52.0,71.0,56.0,31.0
336027.0,2008-05-20,1,23.0,9,11.0,147.0,8,150.0,4,11.0,6 WICKETS,654,30,11,32.0,70.0,45.0,42.0,86.0,22.0
336028.0,2008-05-21,1,28.0,13,5.0,189.0,4,188.0,10,13.0,1 RUNS,428,35,14,43.0,91.0,55.0,68.0,76.0,44.0
336029.0,2008-05-21,1,8.0,17,6.0,126.0,8,112.0,8,17.0,14 RUNS,39,24,3,23.0,53.0,50.0,44.0,48.0,20.0
336031.0,2008-05-23,1,7.0,16,13.0,175.0,4,178.0,4,13.0,6 WICKETS,428,27,17,42.0,69.0,64.0,74.0,61.0,43.0
336032.0,2008-05-24,1,10.0,5,2.0,176.0,8,179.0,5,2.0,5 WICKETS,170,38,13,60.0,63.0,53.0,56.0,74.0,49.0
336033.0,2008-05-24,1,8.0,11,6.0,211.0,5,201.0,7,11.0,10 RUNS,223,39,18,67.0,100.0,44.0,65.0,92.0,44.0
336034.0,2008-05-03,1,3.0,17,16.0,156.0,8,153.0,6,17.0,3 RUNS,477,30,9,46.0,68.0,42.0,33.0,79.0,41.0
336035.0,2008-05-25,1,23.0,13,9.0,174.0,6,175.0,7,9.0,3 WICKETS,222,34,14,47.0,86.0,41.0,51.0,53.0,71.0
336036.0,2008-05-26,1,18.0,5,11.0,145.0,7,146.0,5,11.0,5 WICKETS,21,25,3,29.0,68.0,48.0,36.0,54.0,56.0
336037.0,2008-05-27,1,16.0,16,6.0,147.0,8,148.0,3,6.0,7 WICKETS,230,29,6,26.0,67.0,54.0,44.0,70.0,34.0
336038.0,2008-05-30,1,28.0,11,2.0,192.0,9,87.0,10,11.0,105 RUNS,74,28,11,58.0,84.0,50.0,28.0,54.0,5.0
336039.0,2008-05-31,1,28.0,13,6.0,112.0,8,116.0,1,6.0,9 WICKETS,580,24,6,35.0,33.0,44.0,35.0,81.0,0.0
336040.0,2008-06-01,1,27.0,6,11.0,163.0,5,164.0,7,11.0,3 WICKETS,654,21,12,42.0,75.0,46.0,41.0,71.0,52.0
392181.0,2009-04-18,2,5.0,5,6.0,165.0,7,146.0,7,5.0,19 RUNS,132,29,9,40.0,65.0,60.0,40.0,68.0,38.0
392182.0,2009-04-18,2,5.0,17,11.0,133.0,8,58.0,10,17.0,75 RUNS,659,16,4,29.0,58.0,46.0,14.0,44.0,0.0
392183.0,2009-04-19,2,5.0,13,2.0,104.0,7,58.0,0,2.0,10 WICKETS,353,11,10,67.0,37.0,0.0,58.0,0.0,0.0
392184.0,2009-04-19,2,5.0,9,16.0,101.0,10,104.0,2,16.0,8 WICKETS,692,18,8,21.0,43.0,37.0,37.0,67.0,0.0
392185.0,2009-04-20,2,30.0,6,17.0,179.0,5,87.0,10,6.0,92 RUNS,768,24,7,68.0,67.0,44.0,46.0,39.0,2.0
392186.0,2009-04-21,2,13.0,13,9.0,158.0,6,79.0,1,9.0,11 RUNS,624,18,10,46.0,71.0,41.0,60.0,19.0,0.0
392188.0,2009-04-22,2,5.0,16,17.0,184.0,6,160.0,8,16.0,24 RUNS,110,26,16,62.0,77.0,45.0,31.0,78.0,51.0
392189.0,2009-04-23,2,13.0,2,6.0,189.0,5,180.0,9,2.0,9 RUNS,481,30,13,59.0,64.0,66.0,61.0,87.0,32.0
392190.0,2009-04-23,2,5.0,11,9.0,150.0,6,150.0,8,,,654,25,13,54.0,53.0,43.0,38.0,60.0,52.0
392191.0,2009-04-24,2,13.0,17,13.0,168.0,9,173.0,3,13.0,7 WICKETS,348,26,12,49.0,69.0,50.0,44.0,65.0,64.0
392192.0,2009-04-25,2,13.0,16,5.0,168.0,9,156.0,7,16.0,12 RUNS,586,22,14,55.0,82.0,31.0,50.0,58.0,48.0
392194.0,2009-04-26,2,30.0,17,2.0,149.0,7,150.0,4,2.0,6 WICKETS,735,18,9,45.0,55.0,49.0,43.0,56.0,51.0
392195.0,2009-04-26,2,5.0,13,11.0,139.0,6,112.0,7,13.0,27 RUNS,736,21,3,38.0,60.0,41.0,32.0,50.0,30.0
392196.0,2009-04-27,2,13.0,6,16.0,165.0,6,169.0,4,16.0,6 WICKETS,637,29,13,62.0,51.0,52.0,69.0,60.0,40.0
392197.0,2009-04-27,2,30.0,5,9.0,187.0,6,95.0,9,5.0,92 RUNS,132,19,12,61.0,90.0,36.0,47.0,48.0,0.0
392198.0,2009-04-28,2,6.0,2,11.0,143.0,7,147.0,5,11.0,5 WICKETS,654,25,10,42.0,59.0,42.0,33.0,63.0,51.0
392199.0,2009-04-29,2,13.0,9,17.0,139.0,6,143.0,5,17.0,5 WICKETS,620,24,5,45.0,49.0,45.0,46.0,52.0,45.0
392200.0,2009-04-29,2,13.0,13,5.0,119.0,8,116.0,7,13.0,3 RUNS,736,11,3,26.0,60.0,33.0,23.0,58.0,35.0
392201.0,2009-04-30,2,6.0,16,2.0,148.0,9,150.0,4,2.0,6 WICKETS,609,28,7,37.0,81.0,30.0,41.0,60.0,49.0
392202.0,2009-04-30,2,6.0,6,11.0,164.0,5,126.0,9,6.0,38 RUNS,230,26,8,40.0,64.0,60.0,38.0,60.0,28.0
392203.0,2009-05-01,2,14.0,5,9.0,148.0,6,139.0,6,5.0,9 RUNS,573,18,9,40.0,48.0,60.0,26.0,72.0,41.0
392204.0,2009-05-01,2,13.0,17,13.0,145.0,9,137.0,7,17.0,8 RUNS,111,24,9,38.0,62.0,45.0,35.0,60.0,42.0
392205.0,2009-05-02,2,30.0,16,11.0,141.0,5,142.0,7,11.0,3 WICKETS,654,23,10,39.0,63.0,39.0,30.0,68.0,44.0
392206.0,2009-05-02,2,19.0,6,2.0,163.0,10,145.0,8,6.0,18 RUNS,542,30,9,53.0,77.0,33.0,49.0,71.0,25.0
392207.0,2009-05-03,2,30.0,9,13.0,153.0,3,154.0,4,13.0,6 WICKETS,529,29,7,28.0,64.0,61.0,51.0,65.0,38.0
392208.0,2009-05-03,2,19.0,5,17.0,149.0,4,150.0,1,17.0,9 WICKETS,4,27,7,25.0,61.0,63.0,51.0,71.0,28.0
392209.0,2009-05-04,2,14.0,6,16.0,178.0,3,100.0,10,6.0,78 RUNS,522,20,13,53.0,77.0,48.0,52.0,48.0,0.0
392210.0,2009-05-05,2,13.0,11,13.0,211.0,4,133.0,8,11.0,78 RUNS,769,36,12,57.0,79.0,75.0,29.0,67.0,37.0
392211.0,2009-05-05,2,13.0,9,2.0,154.0,3,157.0,1,2.0,9 WICKETS,128,31,6,54.0,49.0,51.0,57.0,57.0,43.0
392212.0,2009-05-06,2,6.0,16,5.0,145.0,6,126.0,8,16.0,19 RUNS,705,19,9,37.0,62.0,46.0,41.0,59.0,26.0
392213.0,2009-05-07,2,6.0,17,11.0,105.0,10,107.0,3,11.0,7 WICKETS,368,16,6,29.0,47.0,29.0,31.0,76.0,0.0
392214.0,2009-05-07,2,6.0,6,13.0,185.0,3,174.0,3,6.0,12 RUNS,627,31,17,57.0,88.0,40.0,53.0,95.0,26.0
392215.0,2009-05-08,2,14.0,5,2.0,116.0,10,118.0,3,2.0,7 WICKETS,64,18,5,30.0,44.0,42.0,36.0,38.0,44.0
392216.0,2009-05-09,2,21.0,16,13.0,168.0,5,169.0,7,13.0,3 WICKETS,529,19,16,52.0,48.0,68.0,45.0,74.0,50.0
392217.0,2009-05-09,2,21.0,11,6.0,140.0,7,141.0,3,6.0,7 WICKETS,181,25,9,34.0,65.0,41.0,37.0,60.0,44.0
392218.0,2009-05-10,2,30.0,5,17.0,157.0,2,141.0,7,5.0,16 RUNS,573,19,7,46.0,58.0,53.0,39.0,61.0,41.0
392219.0,2009-05-10,2,19.0,9,2.0,123.0,8,125.0,3,2.0,7 WICKETS,234,19,6,37.0,40.0,46.0,47.0,53.0,25.0
392220.0,2009-05-11,2,21.0,16,11.0,166.0,7,113.0,10,16.0,53 RUNS,634,18,9,42.0,66.0,58.0,30.0,65.0,18.0
392221.0,2009-05-12,2,6.0,9,17.0,173.0,4,176.0,4,17.0,6 WICKETS,510,32,12,38.0,64.0,71.0,46.0,73.0,57.0
392222.0,2009-05-12,2,6.0,13,5.0,119.0,9,122.0,2,5.0,8 WICKETS,293,22,7,51.0,41.0,27.0,42.0,71.0,9.0
392223.0,2009-05-13,2,13.0,2,16.0,173.0,7,161.0,10,2.0,12 RUNS,756,29,13,56.0,53.0,64.0,50.0,84.0,27.0
392224.0,2009-05-14,2,13.0,6,17.0,129.0,10,132.0,8,17.0,2 WICKETS,510,23,7,52.0,53.0,24.0,33.0,58.0,41.0
392225.0,2009-05-14,2,13.0,11,5.0,145.0,7,143.0,10,11.0,2 RUNS,536,26,5,42.0,81.0,22.0,26.0,72.0,45.0
392226.0,2009-05-15,2,4.0,2,13.0,120.0,9,123.0,4,13.0,6 WICKETS,463,18,5,38.0,59.0,23.0,37.0,49.0,37.0
392227.0,2009-05-16,2,30.0,5,6.0,147.0,5,151.0,3,6.0,7 WICKETS,627,19,10,49.0,47.0,51.0,35.0,67.0,49.0
392228.0,2009-05-16,2,19.0,9,16.0,160.0,5,166.0,4,16.0,6 WICKETS,705,25,12,31.0,58.0,71.0,50.0,55.0,61.0
392229.0,2009-05-17,2,19.0,13,16.0,134.0,7,133.0,8,13.0,1 RUNS,111,22,7,39.0,55.0,40.0,46.0,40.0,47.0
392230.0,2009-05-17,2,4.0,2,11.0,150.0,3,136.0,9,2.0,14 RUNS,481,24,3,35.0,60.0,55.0,24.0,69.0,43.0
392231.0,2009-05-18,2,6.0,6,9.0,188.0,3,189.0,3,9.0,7 WICKETS,423,33,14,54.0,69.0,65.0,56.0,75.0,58.0
392232.0,2009-05-19,2,19.0,2,17.0,134.0,7,135.0,3,17.0,7 WICKETS,4,16,6,37.0,52.0,45.0,27.0,75.0,33.0
392233.0,2009-05-20,2,13.0,11,9.0,101.0,9,102.0,6,9.0,4 WICKETS,484,16,5,46.0,33.0,22.0,29.0,36.0,37.0
392234.0,2009-05-20,2,13.0,6,13.0,116.0,9,92.0,8,6.0,24 RUNS,768,16,3,50.0,46.0,20.0,29.0,30.0,33.0
392235.0,2009-05-21,2,6.0,5,2.0,165.0,8,166.0,6,2.0,4 WICKETS,66,35,8,30.0,79.0,56.0,60.0,86.0,20.0
392236.0,2009-05-21,2,6.0,17,16.0,170.0,4,158.0,6,17.0,12 RUNS,554,23,12,33.0,83.0,54.0,64.0,55.0,39.0
392237.0,2009-05-22,2,6.0,2,16.0,153.0,8,154.0,4,16.0,6 WICKETS,110,28,10,49.0,60.0,44.0,84.0,62.0,8.0
392238.0,2009-05-23,2,19.0,6,17.0,146.0,5,149.0,4,17.0,6 WICKETS,554,27,8,52.0,55.0,39.0,59.0,51.0,39.0
392239.0,2009-05-24,2,19.0,16,17.0,143.0,6,137.0,9,16.0,6 RUNS,39,19,9,31.0,70.0,42.0,36.0,67.0,34.0
419106.0,2010-03-12,3,27.0,9,16.0,161.0,4,150.0,7,9.0,11 RUNS,479,22,12,38.0,54.0,69.0,62.0,60.0,28.0
419107.0,2010-03-13,3,26.0,5,11.0,212.0,7,208.0,7,5.0,4 RUNS,654,41,17,69.0,90.0,53.0,39.0,104.0,65.0
419108.0,2010-03-13,3,7.0,13,2.0,142.0,9,146.0,5,2.0,5 WICKETS,128,30,3,44.0,69.0,29.0,39.0,66.0,41.0
419109.0,2010-03-14,3,23.0,17,9.0,135.0,7,136.0,3,9.0,7 WICKETS,155,27,5,24.0,65.0,46.0,61.0,55.0,20.0
419110.0,2010-03-14,3,8.0,16,6.0,190.0,4,159.0,9,16.0,31 RUNS,152,25,18,57.0,70.0,63.0,34.0,74.0,51.0
419111.0,2010-03-15,3,2.0,11,2.0,141.0,6,142.0,4,2.0,6 WICKETS,66,26,9,47.0,44.0,50.0,60.0,71.0,11.0
419112.0,2010-03-16,3,3.0,13,17.0,203.0,3,204.0,2,17.0,8 WICKETS,4,35,20,50.0,83.0,70.0,61.0,88.0,55.0
419113.0,2010-03-16,3,23.0,6,9.0,164.0,3,109.0,10,6.0,55 RUNS,522,30,4,31.0,65.0,68.0,45.0,45.0,19.0
419114.0,2010-03-17,3,10.0,5,2.0,218.0,7,120.0,9,5.0,98 RUNS,132,33,11,67.0,98.0,53.0,56.0,63.0,1.0
419115.0,2010-03-18,3,3.0,11,17.0,92.0,10,93.0,0,17.0,10 WICKETS,4,19,3,31.0,47.0,14.0,59.0,34.0,0.0
419116.0,2010-03-19,3,10.0,2,6.0,185.0,6,190.0,5,6.0,5 WICKETS,627,38,16,52.0,87.0,46.0,56.0,97.0,37.0
419117.0,2010-03-19,3,9.0,16,13.0,170.0,8,164.0,8,16.0,6 RUNS,403,31,12,56.0,69.0,45.0,27.0,71.0,66.0
419118.0,2010-03-20,3,2.0,11,9.0,168.0,7,134.0,5,11.0,34 RUNS,257,32,4,56.0,68.0,44.0,38.0,61.0,35.0
419119.0,2010-03-20,3,26.0,5,17.0,151.0,9,155.0,3,17.0,7 WICKETS,4,31,7,45.0,57.0,49.0,55.0,62.0,38.0
419120.0,2010-03-21,3,9.0,16,2.0,171.0,6,161.0,9,16.0,10 RUNS,403,28,15,47.0,68.0,56.0,48.0,68.0,45.0
419121.0,2010-03-21,3,8.0,13,6.0,136.0,8,136.0,7,,,112,24,10,38.0,60.0,38.0,42.0,67.0,27.0
419122.0,2010-03-22,3,26.0,9,5.0,155.0,3,156.0,3,5.0,7 WICKETS,132,36,3,41.0,61.0,53.0,57.0,65.0,34.0
419123.0,2010-03-23,3,3.0,17,6.0,171.0,5,135.0,7,17.0,36 RUNS,302,28,11,38.0,66.0,67.0,29.0,66.0,40.0
419124.0,2010-03-24,3,7.0,11,13.0,183.0,5,152.0,10,11.0,31 RUNS,613,34,7,53.0,80.0,50.0,76.0,51.0,25.0
419125.0,2010-03-25,3,26.0,6,5.0,180.0,2,181.0,5,5.0,5 WICKETS,132,34,9,51.0,75.0,54.0,63.0,70.0,48.0
419126.0,2010-03-26,3,2.0,16,11.0,148.0,9,151.0,2,11.0,8 WICKETS,654,19,15,55.0,53.0,40.0,54.0,85.0,12.0
419127.0,2010-03-27,3,7.0,9,13.0,183.0,5,144.0,6,9.0,39 RUNS,155,33,6,50.0,76.0,57.0,42.0,60.0,42.0
419128.0,2010-03-25,3,3.0,2,17.0,183.0,4,166.0,9,2.0,17 RUNS,23,30,8,64.0,64.0,55.0,46.0,75.0,45.0
419129.0,2010-03-28,3,2.0,11,6.0,177.0,8,160.0,6,11.0,17 RUNS,80,26,13,58.0,71.0,48.0,58.0,61.0,41.0
419130.0,2010-03-28,3,27.0,5,16.0,172.0,7,131.0,10,5.0,41 RUNS,293,33,9,52.0,48.0,72.0,50.0,72.0,9.0
419131.0,2010-03-29,3,10.0,2,9.0,177.0,4,137.0,9,2.0,40 RUNS,392,26,10,62.0,73.0,42.0,36.0,62.0,39.0
419132.0,2010-03-30,3,26.0,13,5.0,163.0,10,164.0,6,5.0,4 WICKETS,386,28,5,48.0,70.0,45.0,45.0,73.0,46.0
419133.0,2010-03-31,3,8.0,17,6.0,161.0,4,162.0,5,6.0,5 WICKETS,563,25,13,52.0,65.0,44.0,56.0,69.0,37.0
419134.0,2010-03-31,3,10.0,2,11.0,188.0,6,121.0,10,2.0,67 RUNS,170,26,12,52.0,68.0,68.0,39.0,68.0,14.0
419135.0,2010-04-01,3,23.0,9,16.0,181.0,6,157.0,5,9.0,24 RUNS,203,35,9,46.0,70.0,65.0,59.0,66.0,32.0
419136.0,2010-04-02,3,7.0,13,17.0,181.0,5,184.0,4,17.0,6 WICKETS,140,37,7,41.0,78.0,62.0,51.0,71.0,62.0
419137.0,2010-04-03,3,8.0,6,11.0,246.0,5,223.0,5,6.0,23 RUNS,563,39,30,66.0,104.0,76.0,62.0,113.0,48.0
419138.0,2010-04-03,3,26.0,5,16.0,178.0,5,115.0,10,5.0,63 RUNS,268,24,6,53.0,61.0,64.0,40.0,58.0,17.0
419139.0,2010-04-04,3,23.0,9,13.0,200.0,3,204.0,2,13.0,8 WICKETS,529,37,18,53.0,96.0,51.0,69.0,87.0,48.0
419140.0,2010-04-04,3,10.0,2,17.0,184.0,5,147.0,9,2.0,37 RUNS,626,23,17,54.0,71.0,59.0,38.0,73.0,36.0
419141.0,2010-04-05,3,29.0,11,16.0,159.0,10,157.0,10,11.0,2 RUNS,536,29,9,48.0,80.0,31.0,52.0,66.0,39.0
419142.0,2010-04-06,3,8.0,6,5.0,165.0,4,141.0,9,6.0,24 RUNS,230,25,5,42.0,82.0,41.0,46.0,46.0,49.0
419143.0,2010-04-07,3,18.0,13,11.0,153.0,6,157.0,1,11.0,9 WICKETS,751,33,9,52.0,74.0,27.0,70.0,87.0,0.0
419144.0,2010-04-07,3,23.0,9,2.0,181.0,3,167.0,8,9.0,14 RUNS,203,33,10,50.0,76.0,55.0,44.0,91.0,32.0
419145.0,2010-04-08,3,3.0,17,16.0,184.0,6,186.0,3,16.0,7 WICKETS,396,32,16,46.0,61.0,77.0,32.0,93.0,61.0
419146.0,2010-04-09,3,7.0,5,13.0,154.0,9,158.0,4,13.0,6 WICKETS,736,35,5,51.0,58.0,45.0,56.0,60.0,42.0
419147.0,2010-04-10,3,29.0,6,16.0,138.0,8,139.0,4,16.0,6 WICKETS,321,17,9,55.0,55.0,28.0,37.0,65.0,37.0
419148.0,2010-04-10,3,3.0,9,17.0,160.0,9,162.0,3,17.0,7 WICKETS,597,26,15,61.0,63.0,36.0,48.0,72.0,42.0
419149.0,2010-04-11,3,10.0,2,13.0,111.0,10,112.0,3,13.0,7 WICKETS,251,19,2,45.0,36.0,30.0,39.0,49.0,24.0
419150.0,2010-04-11,3,18.0,5,11.0,174.0,5,137.0,8,5.0,37 RUNS,132,27,8,47.0,59.0,68.0,34.0,55.0,48.0
419151.0,2010-04-12,3,29.0,16,17.0,151.0,6,138.0,10,16.0,13 RUNS,345,20,8,35.0,76.0,40.0,38.0,64.0,36.0
419152.0,2010-04-13,3,26.0,5,2.0,183.0,4,144.0,7,5.0,39 RUNS,665,25,9,44.0,64.0,75.0,69.0,39.0,36.0
419153.0,2010-04-13,3,8.0,9,6.0,139.0,8,143.0,1,6.0,9 WICKETS,137,24,10,22.0,71.0,46.0,67.0,76.0,0.0
419154.0,2010-04-14,3,18.0,11,17.0,130.0,6,132.0,5,17.0,5 WICKETS,140,32,5,30.0,57.0,43.0,59.0,65.0,8.0
419155.0,2010-04-15,3,8.0,6,2.0,112.0,9,113.0,4,2.0,6 WICKETS,128,18,1,39.0,35.0,38.0,33.0,47.0,33.0
419156.0,2010-04-16,3,11.0,13,16.0,174.0,3,178.0,5,16.0,5 WICKETS,705,40,11,43.0,55.0,76.0,45.0,86.0,47.0
419157.0,2010-04-17,3,3.0,5,17.0,191.0,4,134.0,9,5.0,57 RUNS,426,24,13,34.0,104.0,53.0,34.0,64.0,36.0
419158.0,2010-04-17,3,23.0,11,9.0,132.0,9,133.0,2,9.0,8 WICKETS,58,31,5,46.0,55.0,31.0,42.0,76.0,15.0
419159.0,2010-04-18,3,11.0,13,6.0,192.0,3,195.0,4,6.0,6 WICKETS,522,41,15,49.0,82.0,61.0,49.0,81.0,65.0
419160.0,2010-04-18,3,10.0,16,2.0,145.0,7,134.0,7,16.0,11 RUNS,403,22,10,38.0,79.0,28.0,39.0,47.0,48.0
419161.0,2010-04-19,3,23.0,5,9.0,133.0,8,135.0,1,9.0,9 WICKETS,326,25,5,42.0,44.0,47.0,44.0,63.0,28.0
419162.0,2010-04-21,3,27.0,5,17.0,184.0,5,149.0,9,5.0,35 RUNS,665,26,10,54.0,53.0,77.0,44.0,74.0,31.0
419163.0,2010-04-22,3,27.0,6,16.0,142.0,7,104.0,10,6.0,38 RUNS,357,20,6,39.0,57.0,46.0,23.0,58.0,23.0
419164.0,2010-04-24,3,27.0,16,17.0,82.0,10,86.0,1,17.0,9 WICKETS,39,17,4,27.0,51.0,4.0,33.0,53.0,0.0
419165.0,2010-04-25,3,27.0,6,5.0,168.0,5,146.0,9,6.0,22 RUNS,230,23,13,40.0,68.0,60.0,33.0,68.0,45.0
501198.0,2011-04-08,4,8.0,6,9.0,153.0,4,151.0,7,6.0,2 RUNS,450,28,7,45.0,62.0,46.0,52.0,59.0,40.0
501199.0,2011-04-09,4,16.0,16,11.0,137.0,8,141.0,2,11.0,8 WICKETS,714,25,8,44.0,46.0,47.0,31.0,62.0,48.0
501200.0,2011-04-09,4,22.0,4,17.0,161.0,5,162.0,4,17.0,6 WICKETS,481,25,12,61.0,63.0,37.0,48.0,70.0,44.0
501201.0,2011-04-10,4,10.0,2,5.0,95.0,10,99.0,2,5.0,8 WICKETS,386,17,3,38.0,49.0,8.0,31.0,54.0,14.0
501202.0,2011-04-10,4,27.0,13,7.0,112.0,8,113.0,3,7.0,7 WICKETS,13,26,5,36.0,32.0,44.0,44.0,69.0,0.0
501203.0,2011-04-11,4,23.0,9,16.0,163.0,4,154.0,8,9.0,9 RUNS,4,33,8,46.0,72.0,45.0,30.0,71.0,53.0
501204.0,2011-04-12,4,18.0,2,11.0,151.0,6,152.0,4,11.0,6 WICKETS,536,27,12,30.0,59.0,62.0,57.0,64.0,31.0
501205.0,2011-04-12,4,3.0,17,5.0,140.0,4,143.0,1,5.0,9 WICKETS,132,30,5,24.0,67.0,49.0,40.0,76.0,27.0
501206.0,2011-04-13,4,7.0,6,13.0,188.0,4,193.0,4,13.0,6 WICKETS,500,43,10,31.0,95.0,62.0,65.0,73.0,55.0
501207.0,2011-04-13,4,27.0,4,7.0,148.0,8,151.0,6,7.0,4 WICKETS,127,24,10,37.0,74.0,37.0,44.0,71.0,36.0
501208.0,2011-04-14,4,16.0,16,17.0,175.0,5,142.0,9,16.0,33 RUNS,559,29,9,41.0,73.0,61.0,28.0,64.0,50.0
501209.0,2011-04-15,4,18.0,11,9.0,159.0,4,160.0,1,9.0,9 WICKETS,128,28,8,31.0,71.0,57.0,62.0,68.0,30.0
501210.0,2011-04-15,4,28.0,5,4.0,182.0,2,184.0,2,4.0,8 WICKETS,232,39,11,44.0,81.0,57.0,50.0,84.0,50.0
501211.0,2011-04-16,4,8.0,6,17.0,183.0,5,162.0,7,6.0,21 RUNS,723,33,10,45.0,81.0,57.0,33.0,79.0,50.0
501212.0,2011-04-16,4,16.0,16,13.0,165.0,8,166.0,2,13.0,8 WICKETS,500,32,11,48.0,65.0,52.0,62.0,77.0,27.0
501213.0,2011-04-17,4,27.0,7,2.0,187.0,5,190.0,7,2.0,3 WICKETS,111,29,20,63.0,65.0,59.0,67.0,61.0,62.0
501214.0,2011-04-17,4,23.0,11,9.0,81.0,10,85.0,2,9.0,8 WICKETS,718,13,2,36.0,44.0,1.0,26.0,59.0,0.0
501215.0,2011-04-18,4,22.0,6,4.0,131.0,4,135.0,3,4.0,7 WICKETS,232,27,10,42.0,67.0,22.0,49.0,86.0,0.0
501216.0,2011-04-19,4,10.0,16,2.0,168.0,4,152.0,7,16.0,16 RUNS,616,32,8,43.0,86.0,39.0,38.0,69.0,45.0
501218.0,2011-04-20,4,28.0,7,5.0,118.0,10,124.0,3,5.0,7 WICKETS,689,23,3,33.0,67.0,18.0,32.0,57.0,35.0
501219.0,2011-04-20,4,23.0,4,9.0,132.0,7,126.0,9,4.0,6 RUNS,529,18,8,45.0,55.0,32.0,37.0,49.0,40.0
501220.0,2011-04-21,4,7.0,13,11.0,195.0,7,147.0,7,13.0,48 RUNS,428,35,9,77.0,92.0,26.0,45.0,68.0,34.0
501221.0,2011-04-22,4,28.0,5,6.0,164.0,4,156.0,9,5.0,8 RUNS,293,29,11,40.0,67.0,57.0,44.0,75.0,37.0
501222.0,2011-04-22,4,23.0,9,17.0,171.0,5,175.0,1,17.0,9 WICKETS,624,34,12,50.0,64.0,57.0,57.0,95.0,23.0
501223.0,2011-04-23,4,10.0,2,13.0,231.0,4,202.0,6,2.0,29 RUNS,392,41,23,70.0,103.0,58.0,46.0,101.0,55.0
501224.0,2011-04-24,4,16.0,5,16.0,172.0,4,135.0,8,5.0,37 RUNS,386,32,6,57.0,45.0,70.0,41.0,59.0,35.0
501225.0,2011-04-24,4,18.0,4,11.0,109.0,10,111.0,2,11.0,8 WICKETS,536,20,3,32.0,56.0,21.0,38.0,73.0,0.0
501226.0,2011-04-25,4,8.0,6,7.0,142.0,6,117.0,9,6.0,25 RUNS,723,16,6,45.0,54.0,43.0,40.0,53.0,24.0
501227.0,2011-04-26,4,10.0,2,17.0,160.0,6,161.0,7,17.0,3 WICKETS,151,30,10,42.0,73.0,45.0,65.0,52.0,44.0
501228.0,2011-04-27,4,27.0,7,6.0,141.0,6,145.0,2,6.0,8 WICKETS,357,20,11,37.0,54.0,50.0,28.0,76.0,41.0
501229.0,2011-04-27,4,22.0,16,4.0,129.0,7,74.0,10,16.0,55 RUNS,383,22,1,20.0,70.0,39.0,29.0,44.0,1.0
501230.0,2011-04-28,4,10.0,9,2.0,148.0,7,131.0,9,9.0,17 RUNS,155,21,9,42.0,63.0,43.0,41.0,45.0,45.0
501231.0,2011-04-29,4,18.0,5,11.0,94.0,8,95.0,3,11.0,7 WICKETS,250,11,4,31.0,36.0,27.0,18.0,55.0,22.0
501232.0,2011-04-29,4,3.0,17,7.0,181.0,5,155.0,5,17.0,26 RUNS,151,24,16,57.0,61.0,63.0,42.0,66.0,47.0
501233.0,2011-04-30,4,22.0,2,4.0,157.0,7,119.0,10,2.0,38 RUNS,66,21,10,34.0,60.0,63.0,37.0,55.0,27.0
501234.0,2011-04-30,4,23.0,13,9.0,119.0,6,120.0,2,9.0,8 WICKETS,381,24,2,40.0,46.0,33.0,45.0,57.0,18.0
501235.0,2011-05-01,4,18.0,7,11.0,143.0,7,144.0,4,11.0,6 WICKETS,510,24,8,49.0,53.0,41.0,34.0,58.0,52.0
501236.0,2011-05-01,4,8.0,6,16.0,165.0,5,146.0,8,6.0,19 RUNS,223,23,11,34.0,62.0,69.0,64.0,54.0,28.0
501237.0,2011-05-02,4,28.0,5,13.0,159.0,5,136.0,8,5.0,23 RUNS,665,29,6,35.0,79.0,45.0,24.0,77.0,35.0
501238.0,2011-05-02,4,10.0,2,4.0,140.0,6,141.0,3,4.0,7 WICKETS,11,33,5,42.0,56.0,42.0,67.0,74.0,0.0
501239.0,2011-05-03,4,16.0,9,16.0,169.0,4,149.0,6,9.0,20 RUNS,654,26,7,41.0,69.0,59.0,41.0,67.0,41.0
501240.0,2011-05-04,4,8.0,11,6.0,147.0,6,149.0,2,6.0,8 WICKETS,723,30,2,47.0,66.0,34.0,43.0,75.0,31.0
501241.0,2011-05-04,4,27.0,5,7.0,160.0,7,139.0,7,5.0,21 RUNS,343,21,13,49.0,48.0,63.0,31.0,59.0,49.0
501242.0,2011-05-05,4,22.0,4,9.0,156.0,5,139.0,7,4.0,17 RUNS,423,28,6,35.0,63.0,58.0,43.0,57.0,39.0
501243.0,2011-05-05,4,16.0,16,2.0,175.0,5,179.0,6,2.0,4 WICKETS,66,35,11,43.0,82.0,50.0,29.0,120.0,30.0
501244.0,2011-05-06,4,3.0,17,13.0,205.0,6,120.0,9,17.0,85 RUNS,624,34,12,48.0,107.0,50.0,38.0,51.0,31.0
501245.0,2011-05-07,4,23.0,6,9.0,114.0,4,61.0,2,9.0,10 RUNS,381,13,2,15.0,62.0,37.0,33.0,28.0,0.0
501246.0,2011-05-07,4,28.0,5,2.0,178.0,4,146.0,10,5.0,32 RUNS,268,41,6,50.0,79.0,49.0,23.0,76.0,47.0
501247.0,2011-05-08,4,3.0,4,17.0,125.0,9,128.0,1,17.0,9 WICKETS,624,26,6,49.0,48.0,28.0,79.0,49.0,0.0
501248.0,2011-05-08,4,7.0,13,7.0,119.0,8,120.0,5,7.0,5 WICKETS,343,26,3,34.0,62.0,23.0,40.0,74.0,6.0
501249.0,2011-05-09,4,18.0,6,11.0,196.0,3,133.0,10,6.0,63 RUNS,563,30,7,55.0,81.0,60.0,48.0,66.0,19.0
501250.0,2011-05-10,4,16.0,16,7.0,136.0,8,137.0,4,7.0,6 WICKETS,297,28,7,50.0,50.0,36.0,52.0,60.0,25.0
501251.0,2011-05-10,4,7.0,13,5.0,163.0,8,87.0,10,13.0,76 RUNS,731,25,5,39.0,85.0,39.0,33.0,54.0,0.0
501252.0,2011-05-11,4,18.0,11,17.0,146.0,6,151.0,1,17.0,9 WICKETS,558,30,8,43.0,69.0,34.0,66.0,60.0,25.0
501253.0,2011-05-12,4,8.0,6,2.0,176.0,4,158.0,6,6.0,18 RUNS,522,26,14,42.0,63.0,71.0,52.0,55.0,51.0
501254.0,2011-05-13,4,17.0,4,13.0,178.0,7,181.0,4,13.0,6 WICKETS,170,29,17,62.0,68.0,48.0,49.0,96.0,36.0
501255.0,2011-05-14,4,3.0,9,17.0,89.0,4,105.0,6,17.0,4 WICKETS,624,20,5,33.0,56.0,0.0,65.0,40.0,0.0
501256.0,2011-05-14,4,28.0,16,5.0,135.0,6,125.0,8,16.0,10 RUNS,234,17,8,32.0,50.0,53.0,26.0,50.0,49.0
501257.0,2011-05-15,4,11.0,13,2.0,170.0,6,141.0,8,13.0,29 RUNS,251,33,12,43.0,83.0,44.0,42.0,55.0,44.0
501258.0,2011-05-15,4,17.0,11,4.0,97.0,10,98.0,2,4.0,8 WICKETS,423,18,11,32.0,55.0,10.0,87.0,11.0,0.0
501259.0,2011-05-16,4,27.0,7,16.0,136.0,9,138.0,4,16.0,6 WICKETS,234,20,11,39.0,53.0,44.0,57.0,51.0,30.0
501260.0,2011-05-17,4,11.0,13,17.0,232.0,2,121.0,10,13.0,111 RUNS,110,29,19,30.0,143.0,59.0,34.0,63.0,24.0
501261.0,2011-05-18,4,8.0,6,4.0,152.0,5,141.0,5,6.0,11 RUNS,465,20,9,41.0,60.0,51.0,40.0,50.0,51.0
501262.0,2011-05-19,4,27.0,7,9.0,118.0,7,119.0,3,9.0,7 WICKETS,654,22,3,29.0,52.0,37.0,44.0,70.0,5.0
501263.0,2011-05-20,4,28.0,5,11.0,133.0,5,134.0,0,11.0,10 WICKETS,74,28,7,26.0,68.0,39.0,52.0,82.0,0.0
501264.0,2011-05-21,4,11.0,16,13.0,198.0,2,116.0,10,16.0,82 RUNS,504,31,8,58.0,89.0,51.0,45.0,54.0,17.0
501265.0,2011-05-21,4,10.0,2,,56.0,3,0.0,0,,,513,3,2,33.0,23.0,0.0,0.0,0.0,0.0
501266.0,2011-05-22,4,3.0,6,17.0,128.0,8,129.0,2,17.0,8 WICKETS,624,17,13,23.0,56.0,49.0,44.0,60.0,25.0
501267.0,2011-05-22,4,23.0,9,5.0,175.0,7,178.0,5,5.0,5 WICKETS,608,36,10,46.0,75.0,54.0,54.0,56.0,68.0
501268.0,2011-05-24,4,28.0,17,6.0,175.0,4,177.0,4,6.0,6 WICKETS,230,27,17,44.0,78.0,53.0,25.0,85.0,67.0
501269.0,2011-05-25,4,28.0,9,5.0,147.0,7,148.0,6,5.0,4 WICKETS,689,33,6,25.0,77.0,45.0,62.0,58.0,28.0
501270.0,2011-05-27,4,8.0,17,5.0,185.0,4,142.0,8,17.0,43 RUNS,624,26,12,68.0,82.0,35.0,52.0,51.0,39.0
501271.0,2011-05-28,4,8.0,6,17.0,205.0,5,147.0,8,6.0,58 RUNS,563,18,17,56.0,105.0,44.0,47.0,60.0,40.0
548306.0,2012-04-04,5,8.0,6,5.0,112.0,10,115.0,3,5.0,8 WICKETS,468,15,6,42.0,53.0,17.0,53.0,47.0,15.0
548307.0,2012-04-05,5,23.0,9,2.0,97.0,9,100.0,2,2.0,8 WICKETS,212,14,9,46.0,51.0,0.0,48.0,52.0,0.0
548308.0,2012-04-06,5,28.0,7,5.0,129.0,9,101.0,9,7.0,28 RUNS,530,19,3,30.0,61.0,38.0,27.0,47.0,27.0
548309.0,2012-04-06,5,18.0,11,13.0,191.0,4,160.0,9,11.0,31 RUNS,490,37,7,57.0,70.0,64.0,45.0,72.0,43.0
548310.0,2012-04-07,5,3.0,17,2.0,157.0,8,137.0,7,17.0,20 RUNS,481,27,7,46.0,62.0,49.0,46.0,45.0,46.0
548311.0,2012-04-07,5,37.0,6,16.0,193.0,6,119.0,10,6.0,74 RUNS,6,21,16,44.0,77.0,72.0,45.0,56.0,18.0
548312.0,2012-04-08,5,18.0,11,9.0,164.0,5,142.0,10,11.0,22 RUNS,423,23,11,37.0,79.0,48.0,27.0,67.0,48.0
548313.0,2012-04-08,5,31.0,7,13.0,166.0,6,144.0,8,7.0,22 RUNS,364,21,12,38.0,75.0,53.0,19.0,80.0,45.0
548314.0,2012-04-09,5,37.0,16,5.0,138.0,9,142.0,5,5.0,5 WICKETS,705,14,16,45.0,51.0,42.0,29.0,56.0,57.0
548315.0,2012-04-10,5,3.0,9,17.0,165.0,8,123.0,9,9.0,42 RUNS,718,23,9,60.0,68.0,37.0,20.0,61.0,42.0
548316.0,2012-04-10,5,10.0,6,2.0,110.0,8,111.0,2,2.0,8 WICKETS,695,18,6,41.0,39.0,30.0,50.0,61.0,0.0
548317.0,2012-04-11,5,28.0,5,11.0,197.0,6,170.0,10,5.0,27 RUNS,665,26,22,54.0,83.0,60.0,44.0,92.0,34.0
548318.0,2012-04-12,5,8.0,17,6.0,205.0,8,208.0,5,6.0,5 WICKETS,415,29,23,56.0,93.0,56.0,52.0,79.0,77.0
548319.0,2012-04-12,5,7.0,7,13.0,115.0,10,116.0,3,13.0,7 WICKETS,241,24,3,29.0,67.0,19.0,38.0,50.0,28.0
548320.0,2012-04-13,5,23.0,11,9.0,131.0,5,137.0,5,9.0,5 WICKETS,743,24,5,45.0,40.0,46.0,36.0,59.0,42.0
548321.0,2012-04-19,5,10.0,16,2.0,157.0,8,162.0,5,2.0,5 WICKETS,140,27,12,50.0,70.0,37.0,34.0,81.0,47.0
548322.0,2012-04-14,5,31.0,6,7.0,155.0,5,156.0,3,7.0,7 WICKETS,207,25,9,43.0,71.0,41.0,56.0,50.0,50.0
548323.0,2012-04-15,5,23.0,13,9.0,134.0,9,132.0,7,13.0,2 RUNS,255,17,7,26.0,61.0,47.0,48.0,46.0,38.0
548324.0,2012-04-15,5,3.0,11,17.0,195.0,2,136.0,10,11.0,59 RUNS,490,29,15,43.0,70.0,82.0,54.0,51.0,31.0
548325.0,2012-04-16,5,28.0,5,2.0,92.0,10,93.0,3,2.0,7 WICKETS,451,17,2,23.0,56.0,13.0,41.0,52.0,0.0
548326.0,2012-04-17,5,18.0,16,11.0,196.0,2,197.0,5,11.0,5 WICKETS,423,40,13,57.0,62.0,77.0,62.0,72.0,63.0
548327.0,2012-04-17,5,3.0,7,17.0,182.0,6,186.0,4,17.0,6 WICKETS,624,23,21,58.0,76.0,48.0,42.0,75.0,69.0
548328.0,2012-04-18,5,7.0,13,9.0,124.0,7,127.0,2,9.0,8 WICKETS,128,21,4,45.0,44.0,35.0,53.0,54.0,20.0
548329.0,2012-05-10,5,16.0,16,2.0,187.0,4,193.0,1,2.0,9 WICKETS,392,36,19,33.0,94.0,60.0,64.0,103.0,26.0
548330.0,2012-04-19,5,8.0,6,7.0,164.0,5,151.0,7,6.0,13 RUNS,313,26,7,42.0,73.0,49.0,53.0,54.0,44.0
548331.0,2012-04-20,5,7.0,13,17.0,163.0,6,166.0,5,17.0,5 WICKETS,624,29,7,41.0,64.0,58.0,36.0,80.0,50.0
548332.0,2012-04-21,5,8.0,11,6.0,146.0,4,147.0,3,6.0,7 WICKETS,415,24,7,41.0,66.0,39.0,45.0,59.0,43.0
548333.0,2012-04-21,5,10.0,7,2.0,192.0,3,172.0,7,7.0,20 RUNS,203,31,16,52.0,73.0,67.0,49.0,82.0,41.0
548334.0,2012-04-22,5,28.0,5,13.0,163.0,6,164.0,4,13.0,6 WICKETS,428,31,8,39.0,90.0,34.0,48.0,71.0,45.0
548335.0,2012-04-22,5,9.0,16,9.0,126.0,7,127.0,5,9.0,5 WICKETS,463,21,3,39.0,59.0,28.0,42.0,55.0,30.0
548336.0,2012-04-23,5,18.0,17,11.0,189.0,3,143.0,7,17.0,46 RUNS,481,32,7,37.0,70.0,82.0,48.0,55.0,40.0
548337.0,2012-04-24,5,31.0,7,2.0,146.0,2,148.0,2,2.0,8 WICKETS,66,27,8,28.0,67.0,51.0,61.0,73.0,14.0
548339.0,2012-04-25,5,7.0,13,5.0,168.0,3,171.0,6,5.0,4 WICKETS,268,25,13,44.0,56.0,68.0,40.0,66.0,65.0
548341.0,2012-04-26,5,31.0,16,7.0,177.0,4,159.0,7,16.0,18 RUNS,330,20,17,50.0,72.0,55.0,44.0,57.0,58.0
548342.0,2012-04-27,5,10.0,2,5.0,207.0,5,170.0,9,2.0,37 RUNS,66,39,15,54.0,99.0,54.0,49.0,90.0,31.0
548343.0,2012-04-28,5,8.0,13,6.0,156.0,8,149.0,8,13.0,7 RUNS,225,25,9,43.0,78.0,35.0,48.0,51.0,50.0
548344.0,2012-04-28,5,23.0,9,17.0,190.0,4,143.0,6,9.0,47 RUNS,128,30,16,46.0,88.0,56.0,35.0,52.0,56.0
548345.0,2012-04-29,5,10.0,2,11.0,152.0,6,151.0,3,2.0,1 RUNS,66,30,6,42.0,63.0,47.0,40.0,68.0,43.0
548346.0,2012-04-29,5,28.0,16,5.0,100.0,10,101.0,5,5.0,5 WICKETS,559,15,3,38.0,44.0,18.0,31.0,46.0,24.0
548347.0,2012-04-30,5,8.0,6,9.0,139.0,5,140.0,5,9.0,5 WICKETS,128,18,4,43.0,55.0,41.0,37.0,66.0,37.0
548348.0,2012-05-01,5,9.0,16,7.0,186.0,4,173.0,5,16.0,13 RUNS,736,32,11,33.0,77.0,76.0,48.0,68.0,57.0
548349.0,2012-05-01,5,18.0,11,2.0,141.0,6,144.0,4,2.0,6 WICKETS,245,34,4,56.0,48.0,37.0,61.0,73.0,10.0
548350.0,2012-05-02,5,3.0,17,13.0,158.0,5,163.0,6,13.0,4 WICKETS,14,25,14,33.0,89.0,36.0,53.0,79.0,31.0
548351.0,2012-05-03,5,31.0,5,7.0,120.0,9,119.0,6,5.0,1 RUNS,386,22,3,42.0,50.0,28.0,37.0,39.0,43.0
548352.0,2012-05-04,5,8.0,6,16.0,160.0,6,150.0,5,6.0,10 RUNS,230,23,7,56.0,68.0,36.0,47.0,55.0,48.0
548353.0,2012-05-05,5,23.0,9,7.0,150.0,5,143.0,8,9.0,7 RUNS,255,20,8,68.0,53.0,29.0,45.0,64.0,34.0
548354.0,2012-05-05,5,7.0,11,13.0,177.0,6,134.0,8,11.0,43 RUNS,74,31,9,64.0,62.0,51.0,33.0,64.0,37.0
548355.0,2012-05-06,5,28.0,6,5.0,173.0,8,174.0,8,5.0,2 WICKETS,634,34,13,52.0,71.0,50.0,46.0,85.0,43.0
548356.0,2012-05-06,5,3.0,16,17.0,181.0,2,185.0,5,17.0,5 WICKETS,481,32,18,46.0,71.0,64.0,46.0,67.0,72.0
548357.0,2012-05-07,5,10.0,2,9.0,153.0,9,154.0,4,9.0,6 WICKETS,4,27,5,50.0,58.0,45.0,60.0,68.0,26.0
548358.0,2012-05-08,5,31.0,7,11.0,125.0,6,126.0,3,11.0,7 WICKETS,74,18,6,35.0,56.0,34.0,49.0,63.0,14.0
548359.0,2012-05-08,5,16.0,13,16.0,170.0,5,145.0,8,13.0,25 RUNS,225,27,9,51.0,78.0,41.0,40.0,59.0,46.0
548360.0,2012-05-09,5,28.0,5,17.0,141.0,6,142.0,1,17.0,9 WICKETS,624,21,11,25.0,70.0,46.0,35.0,76.0,31.0
548361.0,2012-05-10,5,18.0,11,6.0,126.0,6,127.0,6,6.0,4 WICKETS,538,23,7,28.0,61.0,37.0,36.0,41.0,50.0
548362.0,2012-05-11,5,31.0,17,7.0,173.0,3,138.0,9,17.0,35 RUNS,624,27,11,66.0,63.0,44.0,50.0,55.0,33.0
548363.0,2012-05-12,5,23.0,5,9.0,182.0,1,155.0,4,5.0,27 RUNS,705,33,11,49.0,83.0,50.0,32.0,74.0,49.0
548364.0,2012-05-12,5,8.0,2,6.0,114.0,5,115.0,1,6.0,9 WICKETS,538,15,7,27.0,51.0,36.0,45.0,67.0,3.0
548365.0,2012-05-13,5,18.0,11,7.0,170.0,4,125.0,9,11.0,45 RUNS,191,30,4,45.0,81.0,44.0,33.0,64.0,28.0
548366.0,2012-05-13,5,7.0,16,13.0,190.0,4,194.0,6,13.0,4 WICKETS,684,35,13,47.0,79.0,64.0,44.0,86.0,64.0
548367.0,2012-05-14,5,3.0,17,5.0,171.0,6,173.0,5,5.0,5 WICKETS,268,28,15,40.0,67.0,64.0,32.0,74.0,67.0
548368.0,2012-05-14,5,23.0,9,6.0,158.0,6,160.0,5,6.0,5 WICKETS,723,26,14,50.0,62.0,46.0,51.0,64.0,45.0
548369.0,2012-05-15,5,10.0,13,2.0,136.0,8,140.0,5,2.0,5 WICKETS,564,37,4,47.0,52.0,37.0,37.0,66.0,37.0
548370.0,2012-05-16,5,28.0,9,5.0,140.0,7,108.0,10,9.0,32 RUNS,255,21,6,32.0,62.0,46.0,26.0,54.0,28.0
548371.0,2012-05-17,5,11.0,6,13.0,120.0,7,123.0,4,13.0,6 WICKETS,110,27,8,25.0,52.0,43.0,43.0,71.0,9.0
548372.0,2012-05-17,5,10.0,17,2.0,215.0,1,194.0,9,17.0,21 RUNS,624,36,22,42.0,95.0,78.0,51.0,98.0,45.0
548373.0,2012-05-18,5,16.0,11,16.0,126.0,8,128.0,5,16.0,5 WICKETS,559,20,5,41.0,52.0,33.0,58.0,41.0,29.0
548374.0,2012-05-19,5,11.0,13,2.0,141.0,8,145.0,4,2.0,6 WICKETS,564,31,11,20.0,64.0,57.0,44.0,74.0,27.0
548375.0,2012-05-19,5,31.0,9,7.0,136.0,4,102.0,8,9.0,34 RUNS,743,13,4,27.0,74.0,35.0,40.0,42.0,20.0
548376.0,2012-05-20,5,16.0,16,17.0,132.0,7,123.0,9,16.0,9 RUNS,559,14,11,23.0,52.0,57.0,40.0,49.0,34.0
548377.0,2012-05-20,5,18.0,11,5.0,162.0,6,163.0,0,5.0,10 WICKETS,634,29,9,31.0,75.0,56.0,44.0,96.0,23.0
548378.0,2012-05-22,5,31.0,9,2.0,162.0,4,144.0,8,9.0,18 RUNS,654,28,9,48.0,51.0,63.0,49.0,60.0,35.0
548379.0,2012-05-23,5,3.0,6,5.0,187.0,5,149.0,9,6.0,38 RUNS,522,37,11,30.0,84.0,73.0,54.0,58.0,37.0
548380.0,2012-05-25,5,8.0,6,2.0,222.0,5,136.0,10,6.0,86 RUNS,563,31,16,52.0,110.0,60.0,46.0,82.0,8.0
548381.0,2012-05-27,5,8.0,6,9.0,190.0,3,192.0,5,9.0,5 WICKETS,762,31,14,54.0,82.0,54.0,56.0,85.0,51.0
597998.0,2013-04-03,6,23.0,2,9.0,128.0,10,129.0,4,9.0,6 WICKETS,255,29,3,45.0,51.0,32.0,46.0,54.0,29.0
597999.0,2013-04-04,6,3.0,17,5.0,156.0,5,154.0,5,17.0,2 RUNS,624,29,11,31.0,69.0,56.0,38.0,58.0,58.0
598000.0,2013-04-05,6,16.0,15,7.0,126.0,6,104.0,10,15.0,22 RUNS,234,18,3,38.0,49.0,39.0,27.0,51.0,26.0
598001.0,2013-04-06,6,10.0,11,2.0,165.0,7,160.0,6,11.0,5 RUNS,659,27,8,45.0,82.0,38.0,39.0,81.0,40.0
598002.0,2013-04-06,6,8.0,5,6.0,148.0,6,139.0,9,5.0,9 RUNS,665,21,11,41.0,55.0,52.0,36.0,57.0,46.0
598003.0,2013-04-07,6,31.0,7,13.0,99.0,9,100.0,2,13.0,8 WICKETS,579,24,2,24.0,40.0,35.0,56.0,44.0,0.0
598004.0,2013-04-07,6,16.0,17,15.0,130.0,8,130.0,7,,,726,19,5,40.0,54.0,36.0,37.0,54.0,39.0
598005.0,2013-04-08,6,18.0,11,9.0,144.0,6,125.0,10,11.0,19 RUNS,714,25,6,35.0,65.0,44.0,40.0,59.0,26.0
598006.0,2013-04-09,6,28.0,5,2.0,209.0,5,165.0,9,5.0,44 RUNS,170,36,15,38.0,100.0,71.0,46.0,80.0,39.0
598007.0,2013-04-10,6,7.0,13,6.0,138.0,10,139.0,0,6.0,10 WICKETS,723,29,4,43.0,73.0,22.0,38.0,65.0,36.0
598008.0,2013-04-11,6,3.0,9,17.0,154.0,8,158.0,2,17.0,8 WICKETS,624,28,14,44.0,69.0,41.0,43.0,74.0,41.0
598009.0,2013-04-11,6,31.0,11,7.0,145.0,5,148.0,3,7.0,7 WICKETS,221,28,9,44.0,58.0,43.0,64.0,53.0,31.0
598010.0,2013-04-12,6,10.0,2,15.0,114.0,8,115.0,7,15.0,3 WICKETS,234,20,4,29.0,43.0,42.0,38.0,38.0,39.0
598011.0,2013-04-13,6,28.0,5,7.0,183.0,3,142.0,8,5.0,41 RUNS,705,28,13,48.0,67.0,68.0,40.0,78.0,24.0
598012.0,2013-04-13,6,8.0,17,6.0,165.0,6,166.0,6,6.0,4 WICKETS,6,26,8,33.0,82.0,50.0,31.0,70.0,65.0
598013.0,2013-04-14,6,23.0,9,15.0,180.0,4,132.0,7,9.0,48 RUNS,128,29,7,48.0,61.0,71.0,39.0,65.0,28.0
598014.0,2013-04-14,6,18.0,13,11.0,124.0,10,126.0,4,11.0,6 WICKETS,303,29,2,34.0,54.0,36.0,48.0,46.0,32.0
598015.0,2013-04-15,6,8.0,7,6.0,159.0,5,135.0,8,7.0,24 RUNS,530,26,8,48.0,58.0,53.0,38.0,61.0,36.0
598016.0,2013-04-16,6,7.0,13,9.0,157.0,9,153.0,9,13.0,4 RUNS,174,33,5,35.0,64.0,58.0,45.0,71.0,37.0
598017.0,2013-04-16,6,3.0,2,17.0,152.0,5,152.0,7,,,151,30,10,43.0,51.0,58.0,48.0,78.0,26.0
598018.0,2013-04-17,6,32.0,15,7.0,119.0,8,108.0,10,15.0,11 RUNS,234,20,3,25.0,50.0,44.0,41.0,46.0,21.0
598019.0,2013-04-17,6,18.0,11,5.0,179.0,3,92.0,10,11.0,87 RUNS,490,25,5,58.0,67.0,54.0,26.0,45.0,21.0
598020.0,2013-04-18,6,10.0,6,2.0,169.0,4,83.0,10,6.0,86 RUNS,723,24,4,39.0,77.0,53.0,32.0,48.0,3.0
598021.0,2013-04-19,6,16.0,13,15.0,123.0,9,127.0,5,15.0,5 WICKETS,726,19,7,36.0,56.0,31.0,33.0,54.0,40.0
598022.0,2013-04-20,6,23.0,9,6.0,119.0,9,124.0,6,6.0,4 WICKETS,6,19,8,47.0,42.0,30.0,27.0,43.0,54.0
598023.0,2013-04-20,6,3.0,11,17.0,117.0,10,123.0,3,17.0,7 WICKETS,597,26,4,31.0,70.0,16.0,48.0,50.0,25.0
598024.0,2013-04-21,6,10.0,5,2.0,161.0,4,165.0,1,2.0,9 WICKETS,66,33,11,24.0,83.0,54.0,60.0,84.0,21.0
598025.0,2013-04-21,6,7.0,7,13.0,185.0,4,186.0,3,13.0,7 WICKETS,359,36,11,48.0,76.0,61.0,55.0,74.0,57.0
598026.0,2013-04-22,6,8.0,11,6.0,185.0,4,186.0,5,6.0,5 WICKETS,723,30,11,55.0,76.0,54.0,58.0,82.0,46.0
598027.0,2013-04-23,6,3.0,17,7.0,263.0,5,133.0,9,17.0,130 RUNS,624,36,24,62.0,134.0,67.0,43.0,68.0,22.0
598028.0,2013-05-16,6,11.0,13,2.0,171.0,4,164.0,7,13.0,7 RUNS,359,33,14,53.0,50.0,68.0,21.0,79.0,64.0
598029.0,2013-04-24,6,23.0,9,5.0,159.0,6,162.0,5,5.0,5 WICKETS,634,24,13,61.0,51.0,47.0,42.0,74.0,46.0
598030.0,2013-04-25,6,8.0,15,6.0,159.0,6,160.0,5,6.0,5 WICKETS,522,32,10,40.0,56.0,63.0,58.0,56.0,46.0
598031.0,2013-04-26,6,23.0,13,9.0,149.0,6,150.0,4,9.0,6 WICKETS,4,29,11,45.0,66.0,38.0,45.0,73.0,32.0
598032.0,2013-04-27,6,18.0,15,11.0,144.0,9,146.0,2,11.0,8 WICKETS,303,34,7,29.0,63.0,52.0,30.0,79.0,37.0
598033.0,2013-04-27,6,28.0,5,17.0,194.0,7,136.0,7,5.0,58 RUNS,634,30,11,52.0,91.0,51.0,35.0,59.0,42.0
598034.0,2013-04-28,6,8.0,6,9.0,200.0,3,186.0,4,6.0,14 RUNS,723,40,11,67.0,84.0,49.0,63.0,63.0,60.0
598035.0,2013-04-28,6,33.0,2,7.0,164.0,5,149.0,4,2.0,15 RUNS,392,30,9,37.0,64.0,63.0,43.0,67.0,39.0
598036.0,2013-04-29,6,18.0,17,11.0,171.0,6,173.0,6,11.0,4 WICKETS,502,31,10,55.0,61.0,55.0,45.0,75.0,53.0
598037.0,2013-04-29,6,28.0,5,13.0,174.0,3,170.0,10,5.0,4 RUNS,705,25,18,36.0,66.0,72.0,55.0,63.0,52.0
598038.0,2013-04-30,6,31.0,6,7.0,164.0,3,127.0,9,6.0,37 RUNS,522,22,9,29.0,73.0,62.0,46.0,47.0,34.0
598039.0,2013-05-01,6,16.0,5,15.0,129.0,4,130.0,3,15.0,7 WICKETS,383,27,3,41.0,48.0,40.0,36.0,70.0,24.0
598040.0,2013-05-01,6,33.0,9,2.0,136.0,7,137.0,3,2.0,7 WICKETS,392,27,8,37.0,46.0,53.0,34.0,66.0,37.0
598041.0,2013-05-02,6,8.0,6,13.0,186.0,4,171.0,6,6.0,15 RUNS,230,32,13,36.0,80.0,70.0,36.0,86.0,49.0
598042.0,2013-05-02,6,31.0,17,7.0,187.0,3,170.0,9,17.0,17 RUNS,481,26,17,30.0,89.0,68.0,39.0,83.0,48.0
598043.0,2013-05-03,6,23.0,11,9.0,132.0,6,133.0,2,9.0,8 WICKETS,654,21,7,34.0,68.0,30.0,48.0,66.0,19.0
598044.0,2013-05-04,6,16.0,2,15.0,80.0,10,81.0,4,15.0,6 WICKETS,50,12,2,26.0,44.0,10.0,41.0,40.0,0.0
598045.0,2013-05-14,6,3.0,17,13.0,174.0,5,176.0,3,13.0,7 WICKETS,110,36,14,31.0,80.0,63.0,46.0,94.0,36.0
598046.0,2013-05-05,6,28.0,5,6.0,139.0,5,79.0,10,5.0,60 RUNS,144,17,7,32.0,50.0,57.0,32.0,46.0,1.0
598047.0,2013-05-05,6,18.0,7,11.0,178.0,4,182.0,5,11.0,5 WICKETS,490,40,10,61.0,64.0,53.0,53.0,75.0,54.0
598048.0,2013-04-09,6,3.0,15,17.0,161.0,6,162.0,3,17.0,7 WICKETS,151,27,14,40.0,58.0,63.0,47.0,70.0,45.0
598049.0,2013-05-07,6,18.0,2,11.0,154.0,4,155.0,1,11.0,9 WICKETS,490,34,4,42.0,59.0,53.0,49.0,77.0,29.0
598050.0,2013-05-07,6,28.0,5,9.0,170.0,6,105.0,10,5.0,65 RUNS,132,28,8,41.0,65.0,64.0,38.0,54.0,13.0
598051.0,2013-05-08,6,16.0,6,15.0,223.0,3,146.0,8,6.0,77 RUNS,230,32,16,50.0,86.0,87.0,49.0,60.0,37.0
598052.0,2013-05-09,6,7.0,13,11.0,145.0,6,147.0,2,11.0,8 WICKETS,168,24,7,37.0,70.0,38.0,38.0,67.0,42.0
598053.0,2013-05-09,6,31.0,9,7.0,152.0,6,106.0,10,9.0,46 RUNS,128,19,6,50.0,46.0,56.0,34.0,46.0,26.0
598054.0,2013-05-10,6,10.0,17,2.0,183.0,4,179.0,7,17.0,4 RUNS,58,42,9,40.0,59.0,84.0,49.0,74.0,56.0
598055.0,2013-05-11,6,31.0,7,5.0,112.0,8,116.0,5,5.0,5 WICKETS,144,16,6,36.0,52.0,24.0,37.0,46.0,33.0
598056.0,2013-05-11,6,7.0,15,13.0,150.0,7,120.0,9,15.0,30 RUNS,121,24,8,37.0,61.0,52.0,41.0,52.0,27.0
598057.0,2013-05-12,6,35.0,17,9.0,115.0,9,116.0,5,9.0,5 WICKETS,4,18,3,22.0,62.0,31.0,31.0,54.0,31.0
598058.0,2013-05-12,6,18.0,6,11.0,141.0,4,144.0,5,11.0,5 WICKETS,74,27,9,37.0,63.0,41.0,24.0,106.0,14.0
598059.0,2013-04-23,6,10.0,2,13.0,120.0,7,121.0,5,13.0,5 WICKETS,345,25,3,40.0,50.0,30.0,56.0,45.0,20.0
598060.0,2013-05-13,6,28.0,15,5.0,178.0,3,184.0,4,5.0,7 WICKETS,665,31,16,52.0,79.0,47.0,39.0,74.0,71.0
598061.0,2013-05-15,6,35.0,7,9.0,170.0,4,163.0,7,7.0,7 RUNS,554,26,13,42.0,70.0,58.0,33.0,89.0,41.0
598062.0,2013-05-14,6,8.0,6,2.0,168.0,4,135.0,9,6.0,33 RUNS,522,19,9,47.0,62.0,59.0,49.0,54.0,32.0
598063.0,2013-05-15,6,28.0,5,11.0,166.0,8,152.0,7,5.0,14 RUNS,686,30,10,49.0,83.0,34.0,29.0,77.0,46.0
598064.0,2013-05-06,6,7.0,17,13.0,190.0,3,194.0,4,13.0,6 WICKETS,359,39,14,58.0,75.0,57.0,41.0,97.0,56.0
598065.0,2013-05-17,6,16.0,15,11.0,136.0,9,113.0,9,15.0,23 RUNS,234,14,6,21.0,69.0,46.0,33.0,40.0,40.0
598066.0,2013-05-18,6,11.0,13,5.0,183.0,8,133.0,9,13.0,50 RUNS,14,34,10,35.0,96.0,52.0,51.0,56.0,26.0
598067.0,2013-05-19,6,31.0,7,2.0,172.0,5,134.0,9,7.0,38 RUNS,167,26,10,40.0,67.0,65.0,47.0,57.0,30.0
598068.0,2013-05-18,6,3.0,17,6.0,106.0,2,82.0,6,17.0,24 RUNS,151,16,13,76.0,30.0,0.0,56.0,26.0,0.0
598069.0,2013-05-19,6,16.0,9,15.0,130.0,7,132.0,5,15.0,5 WICKETS,121,20,7,33.0,56.0,41.0,45.0,61.0,26.0
598070.0,2013-05-21,6,10.0,6,5.0,192.0,1,144.0,10,6.0,48 RUNS,723,27,14,47.0,78.0,67.0,56.0,71.0,17.0
598071.0,2013-05-22,6,10.0,15,11.0,132.0,7,135.0,6,11.0,4 WICKETS,423,23,10,27.0,50.0,55.0,44.0,55.0,36.0
598072.0,2013-05-24,6,23.0,11,5.0,165.0,6,169.0,6,5.0,4 WICKETS,293,37,7,42.0,62.0,61.0,45.0,81.0,43.0
598073.0,2013-05-26,6,23.0,5,6.0,148.0,9,125.0,9,5.0,23 RUNS,665,26,9,34.0,66.0,48.0,35.0,48.0,42.0
729279.0,2014-04-16,7,1.0,9,5.0,163.0,5,122.0,7,9.0,41 RUNS,4,21,7,31.0,79.0,53.0,32.0,63.0,27.0
729281.0,2014-04-17,7,36.0,2,17.0,145.0,4,146.0,2,17.0,8 WICKETS,179,20,13,30.0,52.0,63.0,50.0,74.0,22.0
729283.0,2014-04-18,7,1.0,6,13.0,205.0,4,206.0,4,13.0,6 WICKETS,63,41,15,70.0,75.0,60.0,64.0,92.0,50.0
729285.0,2014-04-18,7,1.0,15,11.0,133.0,6,135.0,6,11.0,4 WICKETS,490,20,3,41.0,49.0,43.0,30.0,72.0,33.0
729287.0,2014-04-19,7,12.0,5,17.0,115.0,9,116.0,3,17.0,7 WICKETS,121,20,1,49.0,43.0,23.0,30.0,62.0,24.0
729289.0,2014-04-19,7,12.0,9,2.0,166.0,5,167.0,6,2.0,4 WICKETS,573,29,8,31.0,81.0,54.0,49.0,74.0,44.0
729291.0,2014-04-20,7,36.0,11,13.0,191.0,5,193.0,3,13.0,7 WICKETS,63,28,22,54.0,89.0,48.0,39.0,93.0,61.0
729293.0,2014-04-21,7,1.0,6,2.0,177.0,7,84.0,9,6.0,93 RUNS,230,21,5,34.0,77.0,66.0,24.0,58.0,2.0
729295.0,2014-04-22,7,36.0,13,15.0,193.0,6,121.0,10,13.0,72 RUNS,63,20,17,43.0,109.0,41.0,45.0,54.0,22.0
729297.0,2014-04-23,7,12.0,6,11.0,140.0,6,133.0,10,6.0,7 RUNS,6,17,9,51.0,50.0,39.0,38.0,49.0,46.0
729299.0,2014-04-24,7,36.0,9,17.0,150.0,7,148.0,5,9.0,2 RUNS,436,25,7,42.0,64.0,44.0,49.0,67.0,32.0
729301.0,2014-04-25,7,12.0,15,2.0,184.0,1,180.0,4,15.0,4 RUNS,221,34,14,55.0,63.0,66.0,44.0,75.0,61.0
729303.0,2014-04-25,7,12.0,5,6.0,141.0,7,142.0,3,6.0,7 WICKETS,178,21,11,31.0,77.0,33.0,51.0,56.0,35.0
729305.0,2014-04-26,7,1.0,17,11.0,70.0,10,71.0,4,11.0,6 WICKETS,732,12,3,22.0,48.0,0.0,36.0,35.0,0.0
729307.0,2014-04-26,7,1.0,13,9.0,132.0,9,109.0,10,13.0,23 RUNS,371,22,3,51.0,60.0,21.0,24.0,51.0,34.0
729309.0,2014-04-27,7,36.0,5,2.0,125.0,7,126.0,4,2.0,6 WICKETS,563,20,5,37.0,32.0,56.0,31.0,72.0,23.0
729311.0,2014-04-27,7,36.0,15,6.0,145.0,5,146.0,5,6.0,5 WICKETS,634,18,12,37.0,61.0,47.0,47.0,77.0,22.0
729313.0,2014-04-28,7,12.0,17,13.0,124.0,8,127.0,5,13.0,5 WICKETS,371,21,4,44.0,54.0,26.0,33.0,68.0,26.0
729315.0,2014-04-29,7,1.0,11,9.0,152.0,5,152.0,8,,,303,30,4,45.0,61.0,46.0,33.0,68.0,51.0
729317.0,2014-04-30,7,12.0,15,5.0,172.0,5,157.0,7,15.0,15 RUNS,545,25,11,44.0,73.0,55.0,32.0,74.0,51.0
733971.0,2014-05-02,7,35.0,6,9.0,148.0,3,114.0,9,6.0,34 RUNS,6,21,11,43.0,83.0,22.0,39.0,52.0,23.0
733973.0,2014-05-03,7,28.0,13,5.0,168.0,5,170.0,5,5.0,5 WICKETS,229,31,15,36.0,90.0,42.0,49.0,69.0,52.0
733975.0,2014-05-03,7,10.0,2,11.0,152.0,5,156.0,3,11.0,7 WICKETS,492,26,11,46.0,48.0,58.0,38.0,77.0,41.0
733977.0,2014-05-04,7,3.0,15,17.0,155.0,6,158.0,6,17.0,4 WICKETS,481,23,17,47.0,59.0,49.0,36.0,61.0,61.0
733979.0,2014-05-05,7,2.0,11,9.0,170.0,6,160.0,6,11.0,10 RUNS,732,24,11,50.0,66.0,54.0,50.0,72.0,38.0
733981.0,2014-05-05,7,10.0,2,6.0,178.0,5,181.0,2,6.0,8 WICKETS,634,32,18,46.0,76.0,56.0,49.0,78.0,54.0
733983.0,2014-05-06,7,28.0,5,17.0,187.0,5,168.0,8,5.0,19 RUNS,705,29,16,50.0,69.0,68.0,64.0,61.0,43.0
733985.0,2014-05-07,7,10.0,2,9.0,160.0,5,161.0,2,9.0,8 WICKETS,128,27,9,29.0,74.0,57.0,52.0,76.0,33.0
733987.0,2014-05-07,7,9.0,13,6.0,231.0,4,187.0,6,13.0,44 RUNS,63,43,17,38.0,115.0,78.0,46.0,73.0,68.0
733989.0,2014-05-08,7,2.0,15,11.0,134.0,9,102.0,10,15.0,32 RUNS,545,21,1,50.0,52.0,32.0,37.0,44.0,21.0
733991.0,2014-05-09,7,3.0,13,17.0,198.0,8,166.0,9,13.0,32 RUNS,371,32,16,64.0,76.0,58.0,34.0,75.0,57.0
733993.0,2014-05-10,7,10.0,2,15.0,143.0,7,44.0,2,15.0,8 WICKETS,559,12,7,52.0,69.0,22.0,44.0,0.0,0.0
733995.0,2014-05-10,7,28.0,5,6.0,157.0,6,160.0,6,6.0,4 WICKETS,634,23,14,42.0,57.0,58.0,38.0,74.0,48.0
733997.0,2014-05-11,7,9.0,13,9.0,149.0,8,150.0,1,9.0,9 WICKETS,128,35,3,49.0,67.0,33.0,55.0,68.0,27.0
733999.0,2014-05-11,7,3.0,17,11.0,190.0,5,191.0,5,11.0,5 WICKETS,303,34,20,31.0,75.0,84.0,45.0,77.0,69.0
734001.0,2014-05-12,7,16.0,15,5.0,157.0,3,160.0,3,5.0,7 WICKETS,268,31,11,43.0,60.0,54.0,38.0,87.0,35.0
734003.0,2014-05-13,7,35.0,11,6.0,148.0,8,149.0,5,6.0,5 WICKETS,6,19,12,42.0,72.0,34.0,48.0,58.0,43.0
734005.0,2014-05-13,7,3.0,17,2.0,186.0,4,170.0,7,17.0,16 RUNS,111,22,20,34.0,74.0,78.0,46.0,73.0,51.0
734007.0,2014-05-14,7,16.0,15,13.0,205.0,5,211.0,4,13.0,6 WICKETS,465,33,24,55.0,72.0,78.0,86.0,83.0,42.0
734009.0,2014-05-14,7,9.0,5,9.0,141.0,5,142.0,4,9.0,6 WICKETS,302,25,7,37.0,62.0,42.0,45.0,55.0,42.0
734011.0,2014-05-15,7,2.0,11,2.0,201.0,6,139.0,9,11.0,62 RUNS,490,25,15,52.0,89.0,60.0,34.0,59.0,46.0
734013.0,2014-05-18,7,35.0,6,17.0,138.0,4,142.0,5,17.0,5 WICKETS,481,18,12,39.0,68.0,31.0,17.0,69.0,56.0
734015.0,2014-05-18,7,16.0,15,9.0,142.0,8,146.0,3,9.0,7 WICKETS,564,26,9,41.0,68.0,33.0,30.0,73.0,43.0
734017.0,2014-05-19,7,2.0,5,11.0,178.0,3,153.0,8,5.0,25 RUNS,723,19,17,42.0,80.0,56.0,47.0,49.0,57.0
734019.0,2014-05-19,7,10.0,2,13.0,164.0,7,165.0,6,13.0,4 WICKETS,656,29,11,55.0,66.0,43.0,66.0,61.0,38.0
734021.0,2014-05-20,7,16.0,17,15.0,160.0,6,161.0,3,15.0,7 WICKETS,392,24,14,25.0,80.0,55.0,51.0,65.0,45.0
734023.0,2014-05-20,7,23.0,6,9.0,154.0,4,156.0,2,9.0,8 WICKETS,302,27,12,35.0,71.0,48.0,52.0,67.0,37.0
734025.0,2014-05-21,7,7.0,13,5.0,156.0,8,159.0,3,5.0,7 WICKETS,694,28,10,48.0,59.0,49.0,62.0,71.0,26.0
734027.0,2014-05-22,7,23.0,9,17.0,195.0,4,165.0,5,9.0,30 RUNS,302,34,11,45.0,96.0,54.0,36.0,70.0,59.0
734029.0,2014-05-22,7,35.0,6,15.0,185.0,3,189.0,4,15.0,6 WICKETS,392,32,17,60.0,57.0,68.0,64.0,84.0,41.0
734031.0,2014-05-23,7,28.0,5,2.0,173.0,10,158.0,4,5.0,15 RUNS,723,33,9,65.0,84.0,24.0,47.0,58.0,53.0
734033.0,2014-05-23,7,7.0,13,11.0,179.0,4,163.0,8,13.0,16 RUNS,428,25,14,53.0,67.0,59.0,44.0,48.0,71.0
734035.0,2014-05-24,7,3.0,17,6.0,154.0,6,160.0,2,6.0,8 WICKETS,522,23,13,34.0,67.0,53.0,64.0,47.0,49.0
734037.0,2014-05-24,7,23.0,15,9.0,160.0,7,161.0,6,9.0,4 WICKETS,654,33,16,49.0,72.0,39.0,49.0,112.0,0.0
734039.0,2014-05-25,7,7.0,2,13.0,115.0,10,119.0,3,13.0,7 WICKETS,579,25,4,44.0,59.0,12.0,48.0,71.0,0.0
734041.0,2014-05-25,7,28.0,11,5.0,189.0,4,195.0,5,5.0,5 WICKETS,229,36,21,35.0,99.0,55.0,71.0,124.0,0.0
734043.0,2014-05-27,7,23.0,9,13.0,163.0,8,135.0,8,9.0,28 RUNS,564,21,15,55.0,57.0,51.0,46.0,46.0,43.0
734045.0,2014-05-28,7,26.0,5,6.0,173.0,8,176.0,3,6.0,7 WICKETS,230,29,17,53.0,74.0,46.0,60.0,72.0,44.0
734047.0,2014-05-30,7,28.0,13,6.0,226.0,6,202.0,7,13.0,24 RUNS,66,36,23,70.0,97.0,59.0,100.0,55.0,47.0
734049.0,2014-06-01,7,3.0,13,9.0,199.0,4,200.0,7,9.0,3 WICKETS,554,32,21,32.0,99.0,68.0,59.0,92.0,49.0
829705.0,2015-04-08,8,23.0,5,9.0,168.0,3,170.0,3,9.0,7 WICKETS,695,29,18,37.0,64.0,67.0,38.0,91.0,41.0
829707.0,2015-04-09,8,8.0,6,2.0,150.0,7,149.0,9,6.0,1 RUNS,64,28,5,59.0,57.0,34.0,40.0,62.0,47.0
829709.0,2015-04-10,8,32.0,11,13.0,162.0,7,136.0,8,11.0,26 RUNS,303,24,10,35.0,75.0,52.0,51.0,53.0,32.0
829711.0,2015-04-11,8,8.0,6,15.0,209.0,4,164.0,6,6.0,45 RUNS,232,24,21,49.0,94.0,66.0,46.0,69.0,49.0
829713.0,2015-04-11,8,23.0,9,17.0,177.0,6,179.0,7,17.0,3 WICKETS,624,35,15,53.0,69.0,55.0,41.0,78.0,60.0
829715.0,2015-04-12,8,10.0,2,11.0,184.0,3,186.0,7,11.0,3 WICKETS,264,27,18,51.0,68.0,65.0,42.0,88.0,56.0
829717.0,2015-04-12,8,28.0,13,5.0,177.0,5,159.0,7,13.0,18 RUNS,475,35,13,57.0,70.0,50.0,17.0,62.0,80.0
829719.0,2015-04-13,8,3.0,17,15.0,166.0,10,172.0,2,15.0,8 WICKETS,392,29,14,47.0,67.0,52.0,65.0,72.0,35.0
829721.0,2015-04-14,8,2.0,5,11.0,164.0,6,165.0,3,11.0,7 WICKETS,530,32,11,31.0,52.0,81.0,42.0,71.0,52.0
829723.0,2015-04-30,8,23.0,6,9.0,165.0,9,169.0,3,9.0,7 WICKETS,116,30,12,69.0,52.0,44.0,38.0,80.0,51.0
829725.0,2015-04-15,8,32.0,13,2.0,165.0,7,169.0,5,2.0,5 WICKETS,476,24,15,41.0,74.0,50.0,47.0,73.0,49.0
829727.0,2015-04-16,8,37.0,15,11.0,127.0,5,131.0,4,11.0,6 WICKETS,490,26,4,35.0,55.0,37.0,36.0,60.0,35.0
829729.0,2015-04-17,8,28.0,5,6.0,183.0,7,189.0,4,6.0,6 WICKETS,64,35,19,31.0,101.0,51.0,90.0,78.0,21.0
829731.0,2015-04-18,8,37.0,2,15.0,167.0,4,163.0,8,2.0,4 RUNS,573,19,17,40.0,81.0,46.0,50.0,60.0,53.0
829733.0,2015-04-18,8,32.0,13,9.0,155.0,9,159.0,6,9.0,4 WICKETS,116,31,11,48.0,64.0,43.0,53.0,72.0,34.0
829735.0,2015-04-19,8,2.0,6,11.0,156.0,4,157.0,2,11.0,8 WICKETS,490,30,9,39.0,67.0,50.0,47.0,91.0,19.0
829737.0,2015-04-19,8,3.0,5,17.0,209.0,7,191.0,7,5.0,18 RUNS,293,43,18,48.0,85.0,76.0,33.0,96.0,62.0
829739.0,2015-04-20,8,10.0,2,9.0,146.0,8,147.0,4,9.0,6 WICKETS,564,31,7,34.0,69.0,43.0,48.0,71.0,28.0
829741.0,2015-04-21,8,2.0,11,13.0,191.0,6,191.0,6,,,428,32,18,43.0,93.0,55.0,40.0,80.0,71.0
829743.0,2015-04-22,8,37.0,15,9.0,176.0,4,101.0,4,15.0,16 RUNS,392,21,12,43.0,90.0,43.0,49.0,52.0,0.0
829745.0,2015-04-22,8,3.0,6,17.0,181.0,8,154.0,8,6.0,27 RUNS,230,29,17,45.0,89.0,47.0,38.0,73.0,43.0
829747.0,2015-04-23,8,10.0,2,5.0,190.0,4,153.0,9,2.0,37 RUNS,760,26,17,45.0,92.0,53.0,48.0,72.0,33.0
829749.0,2015-04-24,8,2.0,11,17.0,130.0,9,134.0,1,17.0,9 WICKETS,342,20,7,48.0,52.0,30.0,49.0,75.0,10.0
829751.0,2015-04-25,8,28.0,5,15.0,157.0,8,137.0,8,5.0,20 RUNS,386,30,5,46.0,66.0,45.0,52.0,52.0,33.0
829753.0,2015-04-25,8,8.0,6,13.0,192.0,3,95.0,9,6.0,97 RUNS,232,24,9,54.0,84.0,54.0,39.0,40.0,16.0
829757.0,2015-04-26,8,10.0,2,17.0,95.0,10,99.0,0,17.0,10 WICKETS,86,20,5,38.0,47.0,10.0,50.0,49.0,0.0
829759.0,2015-04-27,8,7.0,15,13.0,150.0,6,130.0,9,15.0,20 RUNS,292,24,5,56.0,48.0,46.0,36.0,57.0,37.0
829761.0,2015-05-07,8,23.0,9,2.0,171.0,7,158.0,6,9.0,13 RUNS,251,30,13,50.0,59.0,62.0,36.0,70.0,52.0
829763.0,2015-04-29,8,3.0,17,,200.0,7,0.0,0,,,513,25,5,52.0,78.0,70.0,0.0,0.0,0.0
829765.0,2015-04-28,8,8.0,6,9.0,134.0,6,132.0,9,6.0,2 RUNS,449,24,6,53.0,46.0,35.0,54.0,36.0,42.0
829767.0,2015-05-01,8,10.0,13,2.0,118.0,8,119.0,1,2.0,9 WICKETS,249,20,7,27.0,47.0,44.0,41.0,78.0,0.0
829769.0,2015-05-01,8,28.0,5,11.0,187.0,5,179.0,7,5.0,8 RUNS,268,33,11,47.0,73.0,67.0,55.0,72.0,52.0
829771.0,2015-05-02,8,3.0,9,17.0,111.0,4,115.0,3,17.0,7 WICKETS,225,17,14,61.0,50.0,0.0,62.0,53.0,0.0
829773.0,2015-05-02,8,16.0,15,6.0,192.0,7,170.0,6,15.0,22 RUNS,392,39,11,76.0,67.0,49.0,54.0,76.0,40.0
829775.0,2015-05-03,8,7.0,5,13.0,172.0,3,149.0,7,5.0,23 RUNS,694,27,7,51.0,72.0,49.0,45.0,68.0,36.0
829777.0,2015-05-03,8,26.0,11,2.0,189.0,2,175.0,7,11.0,14 RUNS,490,33,13,43.0,71.0,75.0,55.0,65.0,55.0
829779.0,2015-05-04,8,8.0,6,17.0,148.0,9,124.0,10,6.0,24 RUNS,230,27,6,37.0,64.0,47.0,42.0,58.0,24.0
829781.0,2015-05-04,8,23.0,9,15.0,167.0,7,132.0,9,9.0,35 RUNS,564,24,9,55.0,56.0,56.0,33.0,55.0,44.0
829783.0,2015-05-05,8,28.0,2,5.0,152.0,6,153.0,5,5.0,5 WICKETS,293,24,13,44.0,51.0,57.0,41.0,58.0,54.0
829785.0,2015-05-06,8,3.0,17,13.0,226.0,3,88.0,10,17.0,138 RUNS,624,22,21,68.0,103.0,55.0,34.0,54.0,0.0
829787.0,2015-05-07,8,26.0,15,11.0,201.0,4,194.0,7,15.0,7 RUNS,543,39,17,56.0,77.0,68.0,36.0,90.0,68.0
829789.0,2015-05-08,8,8.0,6,5.0,158.0,5,159.0,4,5.0,6 WICKETS,399,24,13,44.0,59.0,55.0,61.0,40.0,58.0
829791.0,2015-05-09,8,23.0,13,9.0,183.0,5,184.0,9,9.0,1 WICKETS,116,31,19,45.0,89.0,49.0,57.0,79.0,48.0
829793.0,2015-05-09,8,33.0,15,2.0,163.0,4,157.0,4,15.0,6 RUNS,269,28,10,41.0,58.0,64.0,49.0,55.0,53.0
829795.0,2015-05-10,8,28.0,17,5.0,235.0,1,196.0,7,17.0,39 RUNS,481,41,20,39.0,108.0,88.0,45.0,90.0,61.0
829797.0,2015-05-10,8,8.0,6,11.0,157.0,5,145.0,9,6.0,12 RUNS,6,25,8,36.0,72.0,49.0,40.0,53.0,52.0
829799.0,2015-05-11,8,16.0,15,13.0,185.0,5,180.0,7,15.0,5 RUNS,392,27,21,56.0,84.0,45.0,47.0,57.0,76.0
829801.0,2015-05-12,8,33.0,6,2.0,119.0,6,120.0,4,2.0,6 WICKETS,129,25,6,16.0,67.0,36.0,28.0,69.0,23.0
829803.0,2015-05-13,8,7.0,13,17.0,106.0,6,84.0,6,13.0,22 RUNS,656,14,7,72.0,34.0,0.0,61.0,23.0,0.0
829805.0,2015-05-14,8,28.0,5,9.0,171.0,4,166.0,7,5.0,5 RUNS,399,37,7,46.0,53.0,72.0,50.0,72.0,44.0
829807.0,2015-05-15,8,16.0,15,17.0,135.0,3,83.0,4,17.0,6 WICKETS,151,18,12,68.0,67.0,0.0,83.0,0.0,0.0
829809.0,2015-05-16,8,7.0,13,6.0,130.0,7,134.0,3,6.0,7 WICKETS,245,23,7,41.0,45.0,44.0,47.0,64.0,23.0
829811.0,2015-05-16,8,26.0,11,9.0,199.0,6,190.0,9,11.0,9 RUNS,74,41,11,66.0,80.0,53.0,53.0,91.0,46.0
829813.0,2015-05-17,8,3.0,2,17.0,187.0,5,2.0,0,,,513,14,9,54.0,87.0,46.0,2.0,0.0,0.0
829815.0,2015-05-17,8,16.0,15,5.0,113.0,10,114.0,1,5.0,9 WICKETS,514,21,4,29.0,51.0,33.0,38.0,76.0,0.0
829817.0,2015-05-19,8,28.0,5,6.0,187.0,6,162.0,10,5.0,25 RUNS,665,22,19,48.0,87.0,52.0,54.0,67.0,41.0
829819.0,2015-05-20,8,32.0,17,11.0,180.0,4,109.0,10,17.0,71 RUNS,481,26,8,41.0,72.0,67.0,40.0,52.0,17.0
829821.0,2015-05-22,8,35.0,17,6.0,139.0,8,140.0,7,6.0,3 WICKETS,64,20,8,29.0,61.0,49.0,34.0,57.0,49.0
829823.0,2015-05-24,8,23.0,5,6.0,202.0,5,161.0,8,5.0,41 RUNS,705,32,18,61.0,85.0,56.0,31.0,81.0,49.0
980901.0,2016-04-09,9,28.0,5,3.0,121.0,8,126.0,1,3.0,9 WICKETS,490,20,11,37.0,31.0,53.0,57.0,69.0,0.0
980903.0,2016-04-10,9,23.0,2,9.0,98.0,10,99.0,1,9.0,9 WICKETS,116,23,3,35.0,57.0,6.0,47.0,52.0,0.0
980905.0,2016-04-11,9,7.0,13,14.0,161.0,6,162.0,5,14.0,5 WICKETS,221,36,6,52.0,73.0,36.0,57.0,77.0,28.0
980907.0,2016-04-12,9,3.0,17,15.0,227.0,4,182.0,6,17.0,45 RUNS,481,35,23,49.0,107.0,71.0,56.0,83.0,43.0
980909.0,2016-04-13,9,23.0,9,5.0,187.0,5,188.0,4,5.0,6 WICKETS,705,28,17,40.0,98.0,49.0,53.0,86.0,49.0
980911.0,2016-04-14,9,34.0,3,14.0,163.0,5,164.0,3,14.0,7 WICKETS,221,27,12,57.0,64.0,42.0,62.0,70.0,32.0
980913.0,2016-04-15,9,10.0,13,2.0,111.0,9,113.0,2,2.0,8 WICKETS,234,23,5,37.0,36.0,38.0,28.0,85.0,0.0
980915.0,2016-04-16,9,16.0,15,9.0,142.0,7,146.0,2,9.0,8 WICKETS,128,25,7,36.0,58.0,48.0,36.0,76.0,34.0
980917.0,2016-04-16,9,28.0,5,14.0,143.0,8,147.0,7,14.0,3 WICKETS,221,25,8,31.0,51.0,61.0,42.0,57.0,48.0
980919.0,2016-04-17,9,7.0,3,13.0,152.0,7,153.0,4,13.0,6 WICKETS,579,33,4,49.0,60.0,43.0,50.0,62.0,41.0
980921.0,2016-04-17,9,3.0,17,2.0,191.0,5,192.0,3,2.0,7 WICKETS,398,41,11,63.0,80.0,48.0,51.0,95.0,46.0
980923.0,2016-04-18,9,16.0,5,15.0,142.0,6,145.0,3,15.0,7 WICKETS,392,20,10,40.0,71.0,31.0,33.0,75.0,37.0
980925.0,2016-04-19,9,7.0,13,9.0,138.0,8,141.0,4,9.0,6 WICKETS,302,28,2,41.0,54.0,43.0,65.0,52.0,24.0
980927.0,2016-04-20,9,28.0,17,5.0,170.0,7,171.0,4,5.0,6 WICKETS,705,28,15,49.0,63.0,58.0,51.0,77.0,43.0
980929.0,2016-04-21,9,34.0,14,15.0,135.0,8,137.0,0,15.0,10 WICKETS,545,25,1,50.0,54.0,31.0,63.0,74.0,0.0
980931.0,2016-04-22,9,32.0,17,3.0,185.0,3,172.0,9,17.0,13 RUNS,481,30,10,48.0,80.0,57.0,36.0,79.0,57.0
980933.0,2016-04-23,9,10.0,2,5.0,164.0,4,154.0,7,2.0,10 RUNS,502,27,9,41.0,69.0,54.0,52.0,62.0,40.0
980935.0,2016-04-23,9,16.0,13,15.0,143.0,6,146.0,5,15.0,5 WICKETS,772,23,10,35.0,68.0,40.0,65.0,54.0,27.0
980937.0,2016-04-24,9,34.0,17,14.0,180.0,2,182.0,4,14.0,6 WICKETS,151,33,9,50.0,65.0,65.0,72.0,64.0,46.0
980939.0,2016-04-24,9,32.0,3,9.0,160.0,5,162.0,8,9.0,2 WICKETS,631,19,15,31.0,69.0,60.0,59.0,55.0,48.0
980941.0,2016-04-25,9,7.0,5,13.0,189.0,6,164.0,7,5.0,25 RUNS,121,29,12,39.0,101.0,49.0,40.0,81.0,43.0
980943.0,2016-04-26,9,16.0,15,3.0,118.0,8,94.0,3,3.0,34 RUNS,134,17,5,27.0,45.0,46.0,46.0,48.0,0.0
980945.0,2016-04-27,9,10.0,14,2.0,172.0,6,171.0,5,14.0,1 RUNS,158,25,16,71.0,61.0,40.0,22.0,94.0,55.0
980947.0,2016-04-28,9,28.0,9,5.0,174.0,5,178.0,4,5.0,6 WICKETS,705,35,12,59.0,67.0,48.0,64.0,62.0,52.0
980949.0,2016-04-29,9,32.0,3,14.0,195.0,3,196.0,7,14.0,3 WICKETS,634,37,10,48.0,87.0,60.0,72.0,75.0,49.0
980951.0,2016-04-30,9,10.0,2,9.0,186.0,8,159.0,10,2.0,27 RUNS,205,30,10,37.0,83.0,66.0,43.0,84.0,32.0
980953.0,2016-04-30,9,16.0,15,17.0,194.0,5,179.0,6,15.0,15 RUNS,392,33,14,49.0,92.0,53.0,45.0,87.0,47.0
980955.0,2016-05-01,9,34.0,13,14.0,154.0,10,131.0,9,13.0,23 RUNS,656,26,3,59.0,51.0,44.0,36.0,51.0,44.0
980957.0,2016-05-01,9,32.0,3,5.0,159.0,5,161.0,2,5.0,8 WICKETS,705,25,11,54.0,66.0,39.0,47.0,68.0,46.0
980959.0,2016-05-02,9,3.0,17,9.0,185.0,7,189.0,5,9.0,5 WICKETS,116,31,16,40.0,72.0,73.0,37.0,86.0,66.0
980961.0,2016-05-03,9,34.0,14,2.0,149.0,7,150.0,2,2.0,8 WICKETS,267,30,6,35.0,64.0,50.0,61.0,60.0,29.0
980963.0,2016-05-04,9,23.0,9,13.0,164.0,3,157.0,9,9.0,7 RUNS,116,25,11,40.0,81.0,43.0,37.0,80.0,40.0
980965.0,2016-05-05,9,10.0,2,3.0,162.0,7,166.0,3,3.0,7 WICKETS,490,22,12,48.0,64.0,50.0,50.0,66.0,50.0
980967.0,2016-05-06,9,16.0,14,15.0,126.0,6,129.0,5,15.0,5 WICKETS,545,21,5,26.0,59.0,41.0,38.0,53.0,38.0
980969.0,2016-05-07,9,3.0,3,17.0,191.0,6,195.0,3,17.0,7 WICKETS,151,34,18,60.0,78.0,53.0,46.0,96.0,53.0
980971.0,2016-05-07,9,7.0,13,2.0,181.0,5,172.0,5,13.0,9 RUNS,644,28,10,45.0,74.0,62.0,51.0,81.0,40.0
980973.0,2016-05-08,9,37.0,15,5.0,177.0,3,92.0,10,15.0,85 RUNS,64,30,5,51.0,65.0,61.0,32.0,53.0,7.0
980975.0,2016-05-08,9,23.0,9,14.0,158.0,4,164.0,5,14.0,5 WICKETS,477,33,12,28.0,70.0,60.0,46.0,89.0,29.0
980977.0,2016-05-09,9,7.0,17,13.0,175.0,6,174.0,4,17.0,1 RUNS,74,34,5,56.0,57.0,62.0,50.0,73.0,51.0
980979.0,2016-05-10,9,37.0,15,3.0,137.0,8,133.0,8,15.0,4 RUNS,243,18,11,34.0,62.0,41.0,25.0,61.0,47.0
980981.0,2016-05-11,9,3.0,17,5.0,151.0,4,153.0,4,5.0,6 WICKETS,546,17,17,25.0,66.0,60.0,39.0,58.0,56.0
980983.0,2016-05-12,9,16.0,15,2.0,146.0,8,150.0,3,2.0,7 WICKETS,158,26,9,51.0,62.0,33.0,50.0,64.0,36.0
980985.0,2016-05-13,9,37.0,5,13.0,124.0,9,127.0,3,13.0,7 WICKETS,644,17,10,21.0,59.0,44.0,32.0,78.0,17.0
980987.0,2016-05-14,9,3.0,17,14.0,248.0,3,104.0,10,17.0,144 RUNS,481,26,22,42.0,94.0,112.0,41.0,53.0,10.0
980989.0,2016-05-14,9,23.0,3,9.0,103.0,6,66.0,2,9.0,8 WICKETS,654,13,5,37.0,57.0,9.0,66.0,0.0,0.0
980991.0,2016-05-15,9,7.0,13,15.0,179.0,4,180.0,3,15.0,7 WICKETS,480,38,10,47.0,74.0,58.0,55.0,75.0,50.0
980993.0,2016-05-15,9,37.0,5,2.0,206.0,4,126.0,10,5.0,80 RUNS,546,24,19,45.0,99.0,62.0,49.0,59.0,18.0
980995.0,2016-05-16,9,23.0,9,17.0,183.0,5,186.0,1,17.0,9 WICKETS,151,31,16,51.0,73.0,59.0,63.0,72.0,51.0
980997.0,2016-05-17,9,37.0,2,3.0,121.0,6,76.0,1,3.0,19 RUNS,134,21,3,28.0,45.0,48.0,44.0,32.0,0.0
980999.0,2016-05-18,9,3.0,17,13.0,211.0,3,120.0,9,17.0,82 RUNS,151,31,20,63.0,148.0,0.0,59.0,61.0,0.0
981001.0,2016-05-19,9,20.0,9,14.0,124.0,8,125.0,4,14.0,6 WICKETS,634,21,8,44.0,39.0,41.0,55.0,70.0,0.0
981003.0,2016-05-20,9,33.0,15,2.0,158.0,7,161.0,4,2.0,6 WICKETS,492,29,6,46.0,69.0,43.0,37.0,70.0,54.0
981005.0,2016-05-21,9,37.0,13,3.0,172.0,7,173.0,6,3.0,4 WICKETS,522,27,16,52.0,68.0,52.0,44.0,59.0,70.0
981007.0,2016-05-21,9,20.0,5,14.0,172.0,8,173.0,4,14.0,6 WICKETS,230,41,12,49.0,85.0,38.0,70.0,77.0,26.0
981009.0,2016-05-22,9,23.0,9,15.0,171.0,6,149.0,8,9.0,22 RUNS,654,22,11,48.0,93.0,30.0,48.0,66.0,35.0
981011.0,2016-05-22,9,33.0,2,17.0,138.0,8,139.0,4,17.0,6 WICKETS,151,22,5,43.0,55.0,40.0,49.0,62.0,28.0
981013.0,2016-05-24,9,3.0,14,17.0,158.0,10,159.0,6,17.0,4 WICKETS,481,24,15,23.0,81.0,54.0,31.0,79.0,49.0
981015.0,2016-05-25,9,10.0,15,9.0,162.0,8,140.0,8,15.0,22 RUNS,269,22,10,43.0,66.0,53.0,46.0,64.0,30.0
981017.0,2016-05-27,9,10.0,14,15.0,162.0,7,163.0,6,15.0,4 WICKETS,392,37,10,38.0,71.0,53.0,46.0,70.0,47.0
981019.0,2016-05-29,9,3.0,15,17.0,208.0,7,200.0,7,15.0,8 RUNS,173,32,23,59.0,81.0,68.0,59.0,99.0,42.0
1082591.0,2017-04-05,10,16.0,15,17.0,207.0,4,172.0,10,15.0,35 RUNS,111,32,17,59.0,92.0,56.0,54.0,85.0,33.0
1082592.0,2017-04-06,10,32.0,5,3.0,184.0,8,187.0,3,3.0,7 WICKETS,530,30,17,61.0,59.0,64.0,59.0,80.0,48.0
1082593.0,2017-04-07,10,34.0,14,9.0,183.0,4,184.0,0,9.0,10 WICKETS,436,38,14,52.0,73.0,58.0,73.0,111.0,0.0
1082594.0,2017-04-08,10,17.0,3,13.0,163.0,6,164.0,4,13.0,6 WICKETS,63,22,16,35.0,73.0,55.0,56.0,72.0,36.0
1082595.0,2017-04-08,10,3.0,17,2.0,157.0,8,142.0,9,17.0,15 RUNS,23,24,12,41.0,80.0,36.0,43.0,70.0,29.0
1082596.0,2017-04-09,10,16.0,14,15.0,135.0,7,140.0,1,15.0,9 WICKETS,363,23,7,40.0,62.0,33.0,59.0,72.0,9.0
1082597.0,2017-04-09,10,28.0,9,5.0,178.0,7,180.0,6,5.0,4 WICKETS,60,29,15,59.0,58.0,61.0,49.0,66.0,65.0
1082598.0,2017-04-10,10,17.0,17,13.0,148.0,4,150.0,2,13.0,8 WICKETS,656,17,20,23.0,48.0,77.0,62.0,88.0,0.0
1082599.0,2017-04-11,10,32.0,2,3.0,205.0,4,108.0,10,2.0,97 RUNS,502,24,14,62.0,61.0,82.0,50.0,56.0,2.0
1082600.0,2017-04-12,10,28.0,15,5.0,158.0,8,159.0,6,5.0,4 WICKETS,263,34,9,34.0,84.0,40.0,61.0,60.0,38.0
1082601.0,2017-04-13,10,23.0,13,9.0,170.0,9,171.0,2,9.0,8 WICKETS,255,38,11,57.0,77.0,36.0,76.0,81.0,14.0
1082602.0,2017-04-14,10,3.0,17,5.0,142.0,5,145.0,6,5.0,4 WICKETS,665,14,11,41.0,69.0,32.0,21.0,70.0,54.0
1082603.0,2017-04-14,10,34.0,3,14.0,171.0,8,172.0,3,14.0,7 WICKETS,32,35,13,64.0,62.0,45.0,61.0,72.0,39.0
1082604.0,2017-04-15,10,23.0,9,15.0,172.0,6,155.0,6,9.0,17 RUNS,302,29,12,40.0,84.0,48.0,45.0,68.0,42.0
1082605.0,2017-04-15,10,10.0,2,13.0,188.0,6,137.0,9,2.0,51 RUNS,229,34,8,49.0,71.0,68.0,40.0,63.0,34.0
1082606.0,2017-04-16,10,28.0,14,5.0,176.0,4,177.0,4,5.0,6 WICKETS,60,23,14,46.0,74.0,56.0,56.0,76.0,45.0
1082607.0,2017-04-16,10,3.0,3,17.0,161.0,8,134.0,9,3.0,27 RUNS,78,24,9,55.0,62.0,44.0,42.0,50.0,42.0
1082608.0,2017-04-17,10,10.0,2,9.0,168.0,7,169.0,6,9.0,4 WICKETS,249,32,9,53.0,57.0,58.0,49.0,86.0,34.0
1082609.0,2017-04-17,10,16.0,15,13.0,159.0,6,154.0,10,15.0,5 RUNS,545,22,11,29.0,79.0,51.0,51.0,53.0,50.0
1082610.0,2017-04-18,10,34.0,17,14.0,213.0,2,192.0,7,17.0,21 RUNS,624,29,25,45.0,108.0,60.0,57.0,82.0,53.0
1082611.0,2017-04-19,10,16.0,15,2.0,191.0,4,176.0,5,15.0,15 RUNS,614,33,13,39.0,96.0,56.0,56.0,71.0,49.0
1082612.0,2017-04-20,10,17.0,13,5.0,198.0,4,199.0,2,5.0,8 WICKETS,537,30,24,46.0,93.0,59.0,82.0,109.0,8.0
1082613.0,2017-04-21,10,23.0,9,14.0,187.0,5,188.0,6,14.0,4 WICKETS,230,43,12,65.0,76.0,46.0,72.0,74.0,42.0
1082614.0,2017-04-22,10,28.0,5,2.0,142.0,8,128.0,7,5.0,14 RUNS,514,23,6,48.0,54.0,40.0,23.0,68.0,37.0
1082615.0,2017-04-22,10,32.0,15,3.0,176.0,3,179.0,4,3.0,6 WICKETS,522,33,13,45.0,68.0,63.0,55.0,60.0,64.0
1082616.0,2017-04-23,10,34.0,13,14.0,188.0,7,162.0,7,13.0,26 RUNS,480,33,11,50.0,85.0,53.0,50.0,71.0,41.0
1082617.0,2017-04-23,10,23.0,9,17.0,131.0,10,49.0,10,9.0,82 RUNS,249,22,2,65.0,42.0,24.0,39.0,10.0,0.0
1082618.0,2017-04-24,10,28.0,3,5.0,160.0,6,157.0,8,3.0,3 RUNS,78,33,8,48.0,72.0,40.0,44.0,69.0,44.0
1082620.0,2017-04-26,10,32.0,3,9.0,182.0,5,184.0,3,9.0,7 WICKETS,302,33,13,57.0,72.0,53.0,45.0,114.0,25.0
1082621.0,2017-04-27,10,3.0,17,14.0,134.0,10,135.0,3,14.0,7 WICKETS,32,22,11,35.0,72.0,27.0,49.0,86.0,0.0
1082622.0,2017-04-28,10,23.0,2,9.0,160.0,6,161.0,3,9.0,7 WICKETS,128,34,8,53.0,78.0,29.0,47.0,93.0,21.0
1082623.0,2017-04-28,10,7.0,15,13.0,207.0,3,181.0,9,15.0,26 RUNS,363,44,11,60.0,95.0,52.0,59.0,79.0,43.0
1082624.0,2017-04-29,10,32.0,3,17.0,157.0,3,96.0,9,3.0,61 RUNS,494,20,5,43.0,68.0,46.0,39.0,32.0,25.0
1082625.0,2017-04-29,10,34.0,14,5.0,153.0,9,153.0,10,,,546,30,10,48.0,52.0,53.0,61.0,53.0,39.0
1082626.0,2017-04-30,10,7.0,2,13.0,67.0,10,68.0,0,13.0,10 WICKETS,371,10,5,25.0,35.0,7.0,50.0,18.0,0.0
1082627.0,2017-04-30,10,16.0,15,9.0,209.0,3,161.0,7,15.0,48 RUNS,392,29,14,79.0,75.0,55.0,44.0,78.0,39.0
1082628.0,2017-05-01,10,28.0,17,5.0,162.0,8,165.0,6,5.0,5 WICKETS,705,27,11,52.0,63.0,47.0,55.0,59.0,51.0
1082629.0,2017-05-01,10,32.0,14,3.0,161.0,10,167.0,5,3.0,5 WICKETS,78,27,13,55.0,80.0,26.0,43.0,59.0,65.0
1082630.0,2017-05-02,10,10.0,15,2.0,185.0,3,189.0,4,2.0,6 WICKETS,148,37,14,66.0,48.0,71.0,62.0,80.0,47.0
1082631.0,2017-05-03,10,23.0,9,3.0,155.0,8,158.0,6,3.0,4 WICKETS,141,27,16,41.0,69.0,45.0,74.0,60.0,24.0
1082632.0,2017-05-04,10,10.0,14,2.0,208.0,7,214.0,3,2.0,7 WICKETS,267,24,31,58.0,106.0,44.0,63.0,119.0,32.0
1082633.0,2017-05-05,10,3.0,13,17.0,138.0,7,119.0,10,13.0,19 RUNS,371,21,6,35.0,49.0,54.0,46.0,52.0,21.0
1082634.0,2017-05-06,10,16.0,3,15.0,148.0,8,136.0,9,3.0,12 RUNS,58,16,11,35.0,65.0,48.0,47.0,54.0,35.0
1082635.0,2017-05-06,10,10.0,5,2.0,212.0,3,66.0,10,5.0,146 RUNS,694,20,14,60.0,88.0,64.0,35.0,31.0,0.0
1082636.0,2017-05-07,10,3.0,17,9.0,158.0,6,159.0,4,9.0,6 WICKETS,255,23,16,40.0,65.0,53.0,105.0,52.0,2.0
1082637.0,2017-05-07,10,7.0,13,14.0,189.0,3,192.0,4,14.0,6 WICKETS,634,31,13,44.0,79.0,66.0,58.0,90.0,44.0
1082638.0,2017-05-08,10,16.0,5,15.0,138.0,7,140.0,3,15.0,7 WICKETS,504,23,5,36.0,63.0,39.0,43.0,70.0,27.0
1082639.0,2017-05-09,10,7.0,13,9.0,167.0,6,153.0,6,13.0,14 RUNS,178,27,9,41.0,74.0,52.0,61.0,57.0,35.0
1082640.0,2017-05-10,10,20.0,14,2.0,195.0,5,197.0,8,2.0,2 WICKETS,760,51,10,50.0,84.0,61.0,64.0,74.0,59.0
1082641.0,2017-05-11,10,28.0,13,5.0,230.0,3,223.0,6,13.0,7 RUNS,465,36,26,71.0,102.0,57.0,68.0,80.0,75.0
1082642.0,2017-05-12,10,10.0,2,3.0,168.0,8,161.0,7,2.0,7 RUNS,492,27,12,54.0,69.0,45.0,53.0,64.0,44.0
1082643.0,2017-05-13,10,20.0,14,15.0,154.0,10,158.0,2,15.0,8 WICKETS,38,38,6,61.0,65.0,28.0,47.0,80.0,31.0
1082644.0,2017-05-13,10,23.0,5,9.0,173.0,5,164.0,8,5.0,9 RUNS,268,33,12,51.0,67.0,55.0,53.0,78.0,33.0
1082645.0,2017-05-14,10,32.0,13,3.0,73.0,10,78.0,1,3.0,9 WICKETS,58,10,4,32.0,39.0,2.0,43.0,35.0,0.0
1082646.0,2017-05-14,10,10.0,17,2.0,161.0,6,151.0,10,17.0,10 RUNS,224,24,13,37.0,70.0,54.0,42.0,62.0,47.0
1082647.0,2017-05-16,10,28.0,3,5.0,162.0,4,142.0,9,3.0,20 RUNS,638,16,15,33.0,71.0,58.0,42.0,61.0,39.0
1082648.0,2017-05-17,10,3.0,15,9.0,128.0,7,48.0,3,9.0,7 WICKETS,249,11,8,30.0,68.0,30.0,48.0,0.0,0.0
1082649.0,2017-05-19,10,3.0,9,5.0,107.0,10,111.0,4,5.0,6 WICKETS,485,21,4,25.0,63.0,19.0,36.0,75.0,0.0
1082650.0,2017-05-21,10,16.0,5,3.0,129.0,8,128.0,6,5.0,1 RUNS,546,17,7,32.0,49.0,48.0,38.0,45.0,45.0
1136561.0,2018-04-07,11,28.0,5,6.0,165.0,4,169.0,9,6.0,1 WICKETS,449,29,15,39.0,78.0,48.0,42.0,64.0,63.0
1136562.0,2018-04-08,11,7.0,2,13.0,166.0,7,167.0,4,13.0,6 WICKETS,370,27,12,45.0,78.0,43.0,73.0,59.0,35.0
1136563.0,2018-04-08,11,23.0,17,9.0,176.0,7,177.0,6,9.0,4 WICKETS,255,29,19,52.0,80.0,44.0,68.0,73.0,36.0
1136564.0,2018-04-09,11,16.0,11,15.0,125.0,9,127.0,1,15.0,9 WICKETS,504,29,2,48.0,49.0,28.0,57.0,66.0,4.0
1136565.0,2018-04-10,11,8.0,9,6.0,202.0,6,205.0,5,6.0,5 WICKETS,535,20,31,64.0,59.0,79.0,75.0,70.0,60.0
1136566.0,2018-04-11,11,18.0,11,2.0,153.0,5,60.0,4,11.0,10 RUNS,502,18,8,51.0,66.0,36.0,60.0,0.0,0.0
1136567.0,2018-04-12,11,16.0,5,15.0,147.0,8,151.0,9,15.0,1 WICKETS,363,33,7,54.0,57.0,36.0,56.0,65.0,30.0
1136568.0,2018-04-13,11,3.0,13,17.0,155.0,10,159.0,6,17.0,4 WICKETS,564,28,11,50.0,72.0,33.0,41.0,68.0,50.0
1136569.0,2018-04-14,11,28.0,5,2.0,194.0,7,195.0,3,2.0,7 WICKETS,452,37,17,84.0,74.0,36.0,53.0,95.0,47.0
1136570.0,2018-04-14,11,23.0,9,15.0,138.0,8,139.0,5,15.0,5 WICKETS,524,26,7,49.0,57.0,32.0,46.0,66.0,27.0
1136571.0,2018-04-15,11,3.0,11,17.0,217.0,4,198.0,6,11.0,19 RUNS,502,34,21,52.0,77.0,88.0,64.0,70.0,64.0
1136572.0,2018-04-15,11,7.0,13,6.0,197.0,7,193.0,5,13.0,4 RUNS,624,34,17,75.0,79.0,43.0,53.0,69.0,71.0
1136573.0,2018-04-16,11,23.0,9,2.0,200.0,9,129.0,10,9.0,71 RUNS,60,27,20,50.0,95.0,55.0,56.0,73.0,0.0
1136574.0,2018-04-17,11,28.0,5,17.0,213.0,6,167.0,8,5.0,46 RUNS,705,30,20,60.0,83.0,70.0,55.0,53.0,59.0
1136575.0,2018-04-18,11,18.0,11,9.0,160.0,8,163.0,3,9.0,7 WICKETS,60,30,10,48.0,64.0,48.0,53.0,68.0,42.0
1136576.0,2018-04-19,11,7.0,13,15.0,193.0,3,178.0,5,13.0,15 RUNS,624,21,19,49.0,94.0,50.0,40.0,78.0,60.0
1136577.0,2018-04-20,11,32.0,6,11.0,204.0,5,140.0,10,6.0,64 RUNS,74,35,9,69.0,92.0,43.0,35.0,80.0,25.0
1136578.0,2018-04-21,11,23.0,9,13.0,191.0,7,126.0,1,13.0,9 WICKETS,370,35,13,50.0,96.0,45.0,73.0,53.0,0.0
1136579.0,2018-04-21,11,3.0,2,17.0,174.0,5,176.0,4,17.0,6 WICKETS,481,27,19,28.0,75.0,71.0,43.0,97.0,36.0
1136580.0,2018-04-22,11,16.0,6,15.0,182.0,3,178.0,6,6.0,4 RUNS,268,28,20,27.0,93.0,62.0,40.0,77.0,61.0
1136581.0,2018-04-22,11,18.0,5,11.0,167.0,7,168.0,7,11.0,3 WICKETS,493,27,10,43.0,92.0,32.0,43.0,75.0,50.0
1136582.0,2018-04-23,11,10.0,13,2.0,143.0,8,139.0,8,13.0,4 RUNS,466,23,5,51.0,49.0,43.0,48.0,48.0,43.0
1136583.0,2018-04-24,11,28.0,15,5.0,118.0,10,87.0,10,15.0,31 RUNS,363,23,2,51.0,55.0,12.0,22.0,55.0,10.0
1136584.0,2018-04-25,11,3.0,17,6.0,205.0,8,207.0,5,6.0,5 WICKETS,522,18,33,52.0,90.0,63.0,55.0,80.0,72.0
1136585.0,2018-04-26,11,16.0,15,13.0,132.0,6,119.0,10,15.0,13 RUNS,466,20,6,37.0,60.0,35.0,44.0,47.0,28.0
1136586.0,2018-04-27,11,10.0,2,9.0,219.0,4,164.0,9,2.0,55 RUNS,760,27,25,57.0,83.0,79.0,51.0,89.0,24.0
1136587.0,2018-04-28,11,32.0,6,5.0,169.0,5,170.0,2,5.0,8 WICKETS,705,26,15,51.0,66.0,52.0,50.0,73.0,47.0
1136588.0,2018-04-29,11,18.0,15,11.0,151.0,7,140.0,6,15.0,11 RUNS,614,24,4,39.0,81.0,31.0,43.0,59.0,38.0
1136589.0,2018-04-29,11,3.0,17,9.0,175.0,4,176.0,5,9.0,6 WICKETS,436,30,15,40.0,69.0,66.0,51.0,73.0,52.0
1136590.0,2018-04-30,11,32.0,6,2.0,211.0,4,198.0,5,6.0,13 RUNS,74,29,25,56.0,81.0,74.0,59.0,69.0,70.0
1136591.0,2018-05-01,11,3.0,17,5.0,167.0,7,153.0,7,17.0,14 RUNS,439,23,14,43.0,80.0,44.0,40.0,66.0,47.0
1136592.0,2018-05-02,11,10.0,2,11.0,196.0,6,146.0,5,2.0,4 RUNS,267,25,25,62.0,110.0,24.0,79.0,67.0,0.0
1136593.0,2018-05-03,11,23.0,6,9.0,177.0,5,180.0,4,9.0,6 WICKETS,255,37,14,57.0,64.0,56.0,56.0,85.0,39.0
1136594.0,2018-05-04,11,17.0,13,5.0,174.0,6,176.0,4,5.0,6 WICKETS,631,23,22,49.0,74.0,51.0,39.0,79.0,58.0
1136595.0,2018-05-05,11,32.0,17,6.0,127.0,9,128.0,4,6.0,6 WICKETS,6,19,11,47.0,42.0,38.0,42.0,47.0,39.0
1136596.0,2018-05-05,11,16.0,2,15.0,163.0,5,164.0,3,15.0,7 WICKETS,363,20,13,60.0,65.0,38.0,61.0,54.0,49.0
1136597.0,2018-05-06,11,28.0,5,9.0,181.0,4,168.0,6,5.0,13 RUNS,399,39,12,56.0,76.0,49.0,47.0,75.0,46.0
1136598.0,2018-05-06,11,17.0,11,13.0,152.0,9,155.0,4,13.0,6 WICKETS,483,29,7,45.0,65.0,42.0,34.0,68.0,53.0
1136599.0,2018-05-07,11,16.0,15,17.0,146.0,10,141.0,6,15.0,5 RUNS,614,27,6,38.0,67.0,41.0,55.0,47.0,39.0
1136600.0,2018-05-08,11,18.0,11,13.0,158.0,8,143.0,7,11.0,15 RUNS,537,26,6,63.0,57.0,38.0,33.0,59.0,51.0
1136601.0,2018-05-09,11,23.0,5,9.0,210.0,6,108.0,10,5.0,102 RUNS,35,28,18,47.0,98.0,65.0,47.0,48.0,13.0
1136602.0,2018-05-10,11,10.0,2,15.0,187.0,5,191.0,1,15.0,9 WICKETS,504,39,15,38.0,73.0,76.0,51.0,101.0,39.0
1136603.0,2018-05-11,11,18.0,6,11.0,176.0,4,177.0,6,11.0,4 WICKETS,537,32,10,55.0,72.0,49.0,57.0,65.0,55.0
1136604.0,2018-05-12,11,17.0,9,13.0,245.0,6,214.0,8,9.0,31 RUNS,255,36,31,59.0,110.0,76.0,58.0,92.0,64.0
1136605.0,2018-05-12,11,10.0,2,17.0,181.0,4,187.0,5,17.0,5 WICKETS,481,28,19,44.0,76.0,61.0,58.0,89.0,40.0
1136606.0,2018-05-13,11,32.0,15,6.0,179.0,4,180.0,2,6.0,8 WICKETS,268,30,17,29.0,101.0,49.0,53.0,90.0,37.0
1136607.0,2018-05-13,11,28.0,5,11.0,168.0,6,171.0,3,11.0,7 WICKETS,537,31,14,51.0,72.0,45.0,51.0,81.0,39.0
1136608.0,2018-05-14,11,17.0,13,17.0,88.0,10,92.0,0,17.0,10 WICKETS,564,18,7,47.0,40.0,1.0,66.0,26.0,0.0
1136609.0,2018-05-15,11,23.0,11,9.0,142.0,10,145.0,4,9.0,6 WICKETS,472,32,9,68.0,50.0,24.0,51.0,65.0,29.0
1136610.0,2018-05-16,11,28.0,5,13.0,186.0,8,183.0,5,5.0,3 RUNS,263,28,17,60.0,91.0,35.0,57.0,70.0,56.0
1136611.0,2018-05-17,11,3.0,17,15.0,218.0,6,204.0,3,17.0,14 RUNS,481,36,24,44.0,105.0,69.0,56.0,96.0,52.0
1136612.0,2018-05-18,11,10.0,2,6.0,162.0,5,128.0,6,2.0,34 RUNS,224,16,16,39.0,63.0,60.0,44.0,50.0,34.0
1136613.0,2018-05-19,11,18.0,11,17.0,164.0,5,134.0,10,11.0,30 RUNS,462,26,8,45.0,68.0,51.0,55.0,53.0,26.0
1136614.0,2018-05-19,11,16.0,15,9.0,172.0,9,173.0,5,9.0,5 WICKETS,436,28,14,60.0,81.0,31.0,66.0,66.0,41.0
1136615.0,2018-05-20,11,10.0,2,5.0,174.0,4,163.0,10,2.0,11 RUNS,234,23,16,46.0,74.0,54.0,57.0,65.0,41.0
1136616.0,2018-05-20,11,32.0,13,6.0,153.0,10,159.0,5,6.0,5 WICKETS,721,20,15,29.0,73.0,51.0,33.0,69.0,57.0
1136617.0,2018-05-22,11,28.0,15,6.0,139.0,7,140.0,8,6.0,2 WICKETS,415,25,9,47.0,41.0,51.0,33.0,59.0,48.0
1136618.0,2018-05-23,11,23.0,9,11.0,169.0,7,144.0,4,9.0,25 RUNS,116,24,13,46.0,68.0,55.0,51.0,60.0,33.0
1136619.0,2018-05-25,11,23.0,15,9.0,174.0,7,160.0,9,15.0,14 RUNS,363,31,14,45.0,68.0,61.0,67.0,51.0,42.0
1136620.0,2018-05-27,11,28.0,15,6.0,178.0,6,181.0,2,6.0,8 WICKETS,74,29,19,42.0,84.0,52.0,35.0,111.0,35.0
1175356.0,2019-03-23,12,8.0,17,6.0,70.0,10,71.0,3,6.0,7 WICKETS,293,9,2,33.0,33.0,4.0,16.0,47.0,8.0
1175357.0,2019-03-24,12,23.0,15,9.0,181.0,3,183.0,4,9.0,6 WICKETS,116,30,17,54.0,80.0,47.0,47.0,67.0,69.0
1175358.0,2019-03-24,12,28.0,10,5.0,213.0,6,176.0,9,10.0,37 RUNS,267,42,17,45.0,86.0,82.0,46.0,88.0,42.0
1175359.0,2019-03-25,12,18.0,13,11.0,184.0,4,170.0,9,13.0,14 RUNS,624,33,12,32.0,93.0,59.0,64.0,71.0,35.0
1175360.0,2019-03-26,12,10.0,10,6.0,147.0,6,150.0,4,6.0,6 WICKETS,74,30,7,43.0,75.0,29.0,58.0,62.0,30.0
1175361.0,2019-03-27,12,23.0,9,13.0,218.0,4,190.0,4,9.0,28 RUNS,116,33,24,53.0,94.0,71.0,51.0,82.0,57.0
1175362.0,2019-03-28,12,3.0,5,17.0,187.0,8,181.0,5,5.0,6 RUNS,263,32,18,52.0,87.0,48.0,60.0,67.0,54.0
1175363.0,2019-03-29,12,16.0,11,15.0,198.0,2,201.0,5,15.0,5 WICKETS,363,37,15,35.0,87.0,76.0,69.0,96.0,36.0
1175364.0,2019-03-30,12,7.0,5,13.0,176.0,7,177.0,2,13.0,8 WICKETS,476,35,10,62.0,69.0,45.0,38.0,102.0,37.0
1175365.0,2019-03-30,12,10.0,9,10.0,185.0,8,185.0,6,,,501,39,15,36.0,82.0,67.0,45.0,95.0,45.0
1175366.0,2019-03-31,12,16.0,15,17.0,231.0,2,113.0,10,15.0,118 RUNS,358,26,17,59.0,105.0,67.0,30.0,56.0,27.0
1175367.0,2019-03-31,12,8.0,6,11.0,175.0,5,167.0,8,6.0,8 RUNS,522,25,15,29.0,70.0,76.0,45.0,66.0,56.0
1175368.0,2019-04-01,12,7.0,13,10.0,166.0,9,152.0,10,13.0,14 RUNS,106,34,8,54.0,75.0,37.0,49.0,79.0,24.0
1175369.0,2019-04-02,12,18.0,17,11.0,158.0,4,164.0,3,11.0,7 WICKETS,462,35,6,48.0,59.0,51.0,55.0,66.0,43.0
1175370.0,2019-04-03,12,28.0,5,6.0,170.0,5,133.0,8,5.0,37 RUNS,399,29,11,40.0,53.0,77.0,34.0,60.0,39.0
1175371.0,2019-04-04,12,10.0,10,15.0,129.0,8,131.0,5,15.0,5 WICKETS,358,23,6,36.0,49.0,44.0,62.0,41.0,28.0
1175372.0,2019-04-05,12,3.0,17,9.0,205.0,3,206.0,5,9.0,5 WICKETS,116,35,19,53.0,89.0,63.0,59.0,75.0,72.0
1178393.0,2019-04-06,12,8.0,6,13.0,160.0,3,138.0,5,6.0,22 RUNS,293,20,10,54.0,54.0,52.0,46.0,59.0,33.0
1178394.0,2019-04-06,12,16.0,5,15.0,136.0,7,96.0,10,5.0,40 RUNS,172,16,8,30.0,45.0,61.0,39.0,45.0,12.0
1178395.0,2019-04-07,12,3.0,17,10.0,149.0,8,152.0,6,10.0,4 WICKETS,685,26,10,40.0,68.0,41.0,53.0,70.0,29.0
1178396.0,2019-04-07,12,18.0,11,9.0,139.0,3,140.0,2,9.0,8 WICKETS,527,26,10,28.0,75.0,36.0,65.0,75.0,0.0
1178397.0,2019-04-08,12,7.0,15,13.0,150.0,4,151.0,4,13.0,6 WICKETS,370,23,7,27.0,65.0,58.0,38.0,73.0,40.0
1178398.0,2019-04-09,12,8.0,9,6.0,108.0,9,111.0,3,6.0,7 WICKETS,217,19,6,29.0,46.0,33.0,40.0,45.0,26.0
1178399.0,2019-04-10,12,28.0,13,5.0,197.0,4,198.0,7,5.0,3 WICKETS,665,28,24,50.0,81.0,66.0,50.0,85.0,63.0
1178400.0,2019-04-11,12,18.0,11,6.0,151.0,7,155.0,6,6.0,4 WICKETS,522,21,10,54.0,49.0,48.0,24.0,77.0,54.0
1178401.0,2019-04-12,12,23.0,9,10.0,178.0,7,180.0,3,10.0,7 WICKETS,504,33,15,41.0,81.0,56.0,57.0,81.0,42.0
1178402.0,2019-04-13,12,28.0,5,11.0,187.0,5,188.0,6,11.0,4 WICKETS,537,33,18,57.0,69.0,61.0,59.0,99.0,30.0
1178403.0,2019-04-13,12,7.0,13,17.0,173.0,4,174.0,2,17.0,8 WICKETS,481,36,10,60.0,62.0,51.0,63.0,63.0,48.0
1178404.0,2019-04-14,12,23.0,9,6.0,161.0,8,162.0,5,6.0,5 WICKETS,235,34,10,49.0,84.0,28.0,44.0,76.0,42.0
1178405.0,2019-04-14,12,16.0,10,15.0,155.0,7,116.0,10,10.0,39 RUNS,658,22,6,51.0,70.0,34.0,40.0,60.0,16.0
1178406.0,2019-04-15,12,28.0,17,5.0,171.0,7,172.0,5,5.0,5 WICKETS,386,27,20,45.0,74.0,52.0,67.0,60.0,45.0
1178407.0,2019-04-16,12,7.0,13,11.0,182.0,6,170.0,7,13.0,12 RUNS,137,19,16,39.0,97.0,46.0,54.0,68.0,48.0
1178408.0,2019-04-17,12,16.0,6,15.0,132.0,5,137.0,4,15.0,6 WICKETS,392,25,6,41.0,61.0,30.0,68.0,48.0,21.0
1178409.0,2019-04-18,12,10.0,5,10.0,168.0,5,128.0,9,5.0,40 RUNS,399,22,10,57.0,47.0,64.0,48.0,38.0,42.0
1178410.0,2019-04-19,12,23.0,17,9.0,213.0,4,203.0,5,17.0,10 RUNS,151,35,26,42.0,80.0,91.0,37.0,84.0,82.0
1178411.0,2019-04-20,12,18.0,5,11.0,161.0,5,162.0,5,11.0,5 WICKETS,530,30,9,46.0,66.0,49.0,60.0,68.0,34.0
1178412.0,2019-04-20,12,10.0,13,10.0,163.0,7,166.0,5,10.0,5 WICKETS,760,31,11,50.0,68.0,45.0,60.0,68.0,38.0
1178413.0,2019-04-21,12,16.0,9,15.0,159.0,8,161.0,1,15.0,9 WICKETS,71,21,17,61.0,55.0,43.0,72.0,89.0,0.0
1178414.0,2019-04-21,12,3.0,17,6.0,161.0,7,160.0,8,17.0,1 RUNS,121,23,15,49.0,69.0,43.0,32.0,60.0,68.0
1178415.0,2019-04-22,12,18.0,11,10.0,191.0,6,193.0,4,10.0,6 WICKETS,267,42,11,52.0,98.0,41.0,59.0,83.0,51.0
1178416.0,2019-04-23,12,8.0,15,6.0,175.0,3,176.0,4,6.0,6 WICKETS,74,28,14,54.0,80.0,41.0,49.0,86.0,41.0
1178417.0,2019-04-24,12,3.0,17,13.0,202.0,4,185.0,7,17.0,17 RUNS,481,34,21,70.0,52.0,80.0,68.0,75.0,42.0
1178418.0,2019-04-25,12,23.0,9,11.0,175.0,6,177.0,7,11.0,3 WICKETS,86,32,19,32.0,68.0,75.0,55.0,67.0,55.0
1178419.0,2019-04-26,12,8.0,5,6.0,155.0,4,109.0,10,5.0,46 RUNS,705,20,9,45.0,60.0,50.0,40.0,48.0,21.0
1178420.0,2019-04-27,12,18.0,15,11.0,160.0,8,161.0,3,11.0,7 WICKETS,58,27,6,51.0,70.0,39.0,60.0,72.0,29.0
1178421.0,2019-04-28,12,10.0,10,17.0,187.0,5,171.0,7,10.0,16 RUNS,504,29,17,59.0,68.0,60.0,64.0,62.0,45.0
1178422.0,2019-04-28,12,23.0,9,5.0,232.0,2,198.0,7,9.0,34 RUNS,116,35,29,50.0,107.0,75.0,41.0,99.0,58.0
1178423.0,2019-04-29,12,16.0,15,13.0,212.0,6,167.0,8,15.0,45 RUNS,392,26,16,77.0,82.0,53.0,44.0,79.0,44.0
1178424.0,2019-04-30,12,3.0,17,11.0,62.0,7,41.0,1,,,513,9,7,62.0,0.0,0.0,41.0,0.0,0.0
1178425.0,2019-05-01,12,8.0,6,10.0,179.0,4,99.0,10,6.0,80 RUNS,522,26,10,27.0,75.0,77.0,59.0,33.0,7.0
1178426.0,2019-05-02,12,28.0,5,15.0,162.0,5,162.0,6,,,263,31,13,44.0,69.0,49.0,59.0,47.0,56.0
1178427.0,2019-05-03,12,7.0,13,9.0,183.0,6,185.0,3,9.0,7 WICKETS,49,31,17,41.0,84.0,58.0,62.0,89.0,34.0
1178428.0,2019-05-04,12,10.0,11,10.0,115.0,9,121.0,5,10.0,5 WICKETS,234,13,11,30.0,40.0,45.0,46.0,54.0,21.0
1178429.0,2019-05-04,12,3.0,15,17.0,175.0,7,178.0,6,17.0,4 WICKETS,165,30,17,52.0,70.0,53.0,49.0,81.0,48.0
1178430.0,2019-05-05,12,7.0,6,13.0,170.0,5,173.0,4,13.0,6 WICKETS,370,30,16,42.0,82.0,46.0,68.0,83.0,22.0
1178431.0,2019-05-05,12,28.0,9,5.0,133.0,7,134.0,1,5.0,9 WICKETS,399,17,15,49.0,50.0,34.0,46.0,75.0,13.0
1181764.0,2019-05-07,12,8.0,6,5.0,131.0,4,132.0,4,5.0,6 WICKETS,631,25,5,32.0,59.0,40.0,44.0,64.0,24.0
1181766.0,2019-05-08,12,37.0,15,10.0,162.0,8,165.0,8,10.0,2 WICKETS,267,26,16,54.0,50.0,58.0,55.0,56.0,54.0
1181767.0,2019-05-10,12,37.0,10,6.0,147.0,9,151.0,4,6.0,6 WICKETS,415,27,9,41.0,52.0,54.0,42.0,77.0,32.0
1181768.0,2019-05-12,12,16.0,5,6.0,149.0,8,148.0,7,5.0,1 RUNS,263,20,15,45.0,57.0,47.0,53.0,35.0,60.0
1216492.0,2020-09-19,13,1.0,5,6.0,162.0,9,166.0,5,6.0,5 WICKETS,268,31,9,51.0,75.0,36.0,37.0,79.0,50.0
1216493.0,2020-09-20,13,12.0,10,13.0,157.0,8,157.0,8,,,644,25,12,23.0,70.0,64.0,35.0,63.0,59.0
1216494.0,2020-10-21,13,1.0,9,17.0,84.0,8,85.0,2,17.0,8 WICKETS,38,17,2,17.0,35.0,32.0,44.0,41.0,0.0
1216495.0,2020-11-03,13,36.0,5,15.0,149.0,8,151.0,0,15.0,10 WICKETS,451,27,10,48.0,50.0,51.0,56.0,81.0,14.0
1216496.0,2020-09-22,13,36.0,11,6.0,216.0,7,200.0,6,11.0,16 RUNS,502,18,33,54.0,100.0,62.0,53.0,78.0,69.0
1216497.0,2020-10-24,13,1.0,9,10.0,194.0,6,135.0,9,9.0,59 RUNS,312,35,9,36.0,106.0,52.0,36.0,74.0,25.0
1216498.0,2020-10-24,13,12.0,13,15.0,126.0,7,114.0,10,13.0,12 RUNS,482,19,4,47.0,41.0,38.0,52.0,45.0,17.0
1216499.0,2020-10-28,13,1.0,17,5.0,164.0,6,166.0,5,5.0,5 WICKETS,631,36,10,54.0,75.0,35.0,45.0,72.0,49.0
1216500.0,2020-10-09,13,36.0,10,11.0,184.0,8,138.0,10,10.0,46 RUNS,137,19,17,51.0,71.0,62.0,41.0,60.0,37.0
1216501.0,2020-10-07,13,1.0,9,6.0,167.0,10,157.0,5,9.0,10 RUNS,141,32,8,52.0,76.0,39.0,54.0,56.0,47.0
1216502.0,2020-10-31,13,36.0,17,15.0,120.0,7,121.0,5,15.0,5 WICKETS,371,17,8,30.0,63.0,27.0,58.0,63.0,0.0
1216503.0,2020-10-01,13,1.0,5,13.0,191.0,4,143.0,8,5.0,48 RUNS,665,27,13,41.0,61.0,89.0,41.0,68.0,34.0
1216504.0,2020-09-30,13,12.0,9,11.0,174.0,6,137.0,9,9.0,37 RUNS,696,16,16,42.0,78.0,54.0,39.0,51.0,47.0
1216505.0,2020-11-02,13,1.0,17,10.0,152.0,7,154.0,4,10.0,6 WICKETS,744,26,6,40.0,63.0,49.0,53.0,68.0,33.0
1216506.0,2020-11-01,13,1.0,13,6.0,153.0,6,154.0,1,6.0,9 WICKETS,632,24,8,53.0,42.0,58.0,57.0,61.0,36.0
1216507.0,2020-10-11,13,12.0,15,11.0,158.0,4,163.0,5,11.0,5 WICKETS,679,18,15,26.0,70.0,62.0,36.0,58.0,69.0
1216508.0,2020-09-23,13,1.0,5,9.0,195.0,5,146.0,9,5.0,49 RUNS,705,26,16,59.0,88.0,48.0,33.0,67.0,46.0
1216509.0,2020-10-17,13,36.0,6,10.0,179.0,4,185.0,5,10.0,5 WICKETS,504,30,17,39.0,73.0,67.0,41.0,88.0,56.0
1216510.0,2020-09-24,13,12.0,13,17.0,206.0,3,109.0,10,13.0,97 RUNS,370,31,10,50.0,76.0,80.0,40.0,55.0,14.0
1216511.0,2020-10-06,13,1.0,5,11.0,193.0,4,136.0,10,5.0,57 RUNS,631,29,14,57.0,68.0,68.0,31.0,82.0,23.0
1216512.0,2020-10-18,13,1.0,9,15.0,163.0,5,163.0,6,,,494,34,7,48.0,57.0,58.0,58.0,51.0,54.0
1216513.0,2020-10-04,13,12.0,13,6.0,178.0,4,181.0,0,6.0,10 WICKETS,74,36,10,46.0,84.0,48.0,60.0,90.0,31.0
1216514.0,2020-10-03,13,1.0,11,17.0,154.0,6,158.0,2,17.0,8 WICKETS,179,25,11,38.0,61.0,55.0,50.0,68.0,40.0
1216515.0,2020-10-03,13,36.0,10,9.0,228.0,4,210.0,8,10.0,18 RUNS,760,30,28,57.0,94.0,77.0,59.0,78.0,73.0
1216516.0,2020-10-02,13,12.0,15,6.0,164.0,5,157.0,5,15.0,7 RUNS,746,33,7,42.0,58.0,64.0,36.0,43.0,78.0
1216517.0,2020-10-18,13,12.0,5,13.0,176.0,6,176.0,6,,,370,32,18,43.0,71.0,62.0,51.0,74.0,51.0
1216518.0,2020-10-22,13,12.0,11,15.0,154.0,6,156.0,2,15.0,8 WICKETS,554,24,13,47.0,58.0,49.0,58.0,60.0,38.0
1216519.0,2020-10-05,13,12.0,10,17.0,196.0,4,137.0,9,10.0,59 RUNS,656,29,9,63.0,71.0,62.0,43.0,62.0,32.0
1216520.0,2020-10-26,13,36.0,9,13.0,149.0,9,150.0,2,13.0,8 WICKETS,624,26,15,54.0,60.0,35.0,36.0,77.0,37.0
1216521.0,2020-10-23,13,36.0,6,5.0,114.0,9,116.0,0,5.0,10 WICKETS,292,20,10,24.0,47.0,43.0,52.0,64.0,0.0
1216522.0,2020-10-17,13,12.0,11,17.0,177.0,6,179.0,3,17.0,7 WICKETS,481,22,15,52.0,67.0,58.0,47.0,67.0,65.0
1216523.0,2020-10-10,13,1.0,9,13.0,164.0,6,162.0,5,9.0,2 RUNS,170,33,5,25.0,76.0,63.0,47.0,70.0,45.0
1216524.0,2020-10-27,13,12.0,15,10.0,219.0,2,131.0,10,15.0,88 RUNS,465,38,8,77.0,98.0,44.0,54.0,42.0,35.0
1216525.0,2020-10-10,13,12.0,17,6.0,169.0,4,132.0,8,17.0,37 RUNS,151,20,8,36.0,59.0,74.0,26.0,70.0,36.0
1216526.0,2020-10-16,13,1.0,9,5.0,148.0,5,149.0,2,5.0,8 WICKETS,398,31,10,33.0,62.0,53.0,51.0,75.0,23.0
1216527.0,2020-09-27,13,36.0,13,11.0,223.0,2,226.0,6,11.0,4 WICKETS,502,34,29,60.0,112.0,51.0,69.0,71.0,86.0
1216528.0,2020-10-13,13,12.0,6,15.0,167.0,6,147.0,8,6.0,20 RUNS,6,25,11,44.0,72.0,51.0,40.0,61.0,46.0
1216529.0,2020-10-11,13,1.0,10,5.0,162.0,4,166.0,5,5.0,5 WICKETS,398,32,7,46.0,65.0,51.0,44.0,86.0,36.0
1216530.0,2020-11-01,13,12.0,9,11.0,191.0,7,131.0,9,9.0,60 RUNS,777,27,16,55.0,77.0,59.0,41.0,66.0,24.0
1216531.0,2020-10-15,13,36.0,17,13.0,171.0,6,177.0,2,13.0,8 WICKETS,370,14,22,57.0,65.0,49.0,56.0,70.0,51.0
1216532.0,2020-09-29,13,1.0,15,10.0,162.0,4,147.0,7,15.0,15 RUNS,363,20,9,38.0,79.0,45.0,34.0,70.0,43.0
1216533.0,2020-10-19,13,1.0,6,11.0,125.0,5,126.0,3,11.0,7 WICKETS,537,24,3,43.0,46.0,36.0,31.0,77.0,18.0
1216534.0,2020-09-21,13,12.0,17,15.0,163.0,5,153.0,10,17.0,10 RUNS,179,27,7,53.0,63.0,47.0,48.0,73.0,32.0
1216535.0,2020-10-31,13,12.0,10,5.0,110.0,9,111.0,1,5.0,9 WICKETS,35,18,6,22.0,56.0,32.0,38.0,73.0,0.0
1216536.0,2020-10-29,13,12.0,9,6.0,172.0,5,178.0,4,6.0,6 WICKETS,632,35,12,48.0,58.0,66.0,44.0,77.0,57.0
1216537.0,2020-10-30,13,1.0,13,11.0,185.0,4,186.0,3,11.0,7 WICKETS,78,27,23,53.0,70.0,62.0,66.0,80.0,40.0
1216538.0,2020-10-04,13,36.0,5,15.0,208.0,5,174.0,7,5.0,34 RUNS,292,27,21,48.0,99.0,61.0,56.0,83.0,35.0
1216539.0,2020-09-25,13,12.0,10,6.0,175.0,3,131.0,7,10.0,44 RUNS,501,32,3,36.0,88.0,51.0,34.0,61.0,36.0
1216540.0,2020-10-12,13,36.0,17,9.0,194.0,2,112.0,9,17.0,82 RUNS,481,22,10,47.0,64.0,83.0,43.0,47.0,22.0
1216541.0,2020-10-25,13,1.0,5,11.0,195.0,5,196.0,2,11.0,8 WICKETS,78,35,19,59.0,57.0,79.0,55.0,102.0,39.0
1216542.0,2020-10-08,13,12.0,15,13.0,201.0,6,132.0,10,15.0,69 RUNS,358,24,16,58.0,102.0,41.0,45.0,81.0,6.0
1216543.0,2020-10-14,13,12.0,10,11.0,161.0,7,148.0,8,10.0,13 RUNS,744,25,9,47.0,82.0,32.0,50.0,73.0,25.0
1216544.0,2020-10-25,13,12.0,17,6.0,145.0,6,150.0,2,6.0,8 WICKETS,632,23,9,46.0,55.0,44.0,48.0,79.0,23.0
1216545.0,2020-09-26,13,1.0,15,9.0,142.0,4,145.0,3,9.0,7 WICKETS,49,22,8,40.0,59.0,43.0,52.0,61.0,32.0
1216546.0,2020-10-20,13,12.0,10,13.0,164.0,5,167.0,5,13.0,5 WICKETS,504,28,12,53.0,64.0,47.0,57.0,84.0,26.0
1216547.0,2020-09-28,13,12.0,17,5.0,201.0,3,201.0,5,,,481,26,26,59.0,64.0,78.0,35.0,77.0,89.0
1237177.0,2020-11-05,13,12.0,5,10.0,200.0,5,143.0,8,5.0,57 RUNS,263,28,18,63.0,59.0,78.0,32.0,80.0,31.0
1237178.0,2020-11-06,13,1.0,17,15.0,131.0,7,132.0,4,15.0,6 WICKETS,614,21,4,32.0,61.0,38.0,48.0,39.0,45.0
1237180.0,2020-11-08,13,1.0,10,15.0,189.0,3,172.0,8,10.0,17 RUNS,644,28,14,65.0,74.0,50.0,49.0,80.0,43.0
1237181.0,2020-11-10,13,12.0,10,5.0,156.0,7,157.0,5,5.0,5 WICKETS,292,29,11,41.0,77.0,38.0,61.0,65.0,31.0
1254058.0,2021-04-09,14,8.0,5,17.0,159.0,9,160.0,8,17.0,2 WICKETS,224,27,10,41.0,87.0,31.0,46.0,60.0,54.0
1254059.0,2021-04-10,14,28.0,6,10.0,188.0,7,190.0,3,10.0,7 WICKETS,504,40,15,33.0,103.0,52.0,65.0,86.0,39.0
1254060.0,2021-04-11,14,8.0,9,15.0,187.0,6,177.0,5,9.0,10 RUNS,60,27,18,50.0,95.0,42.0,35.0,84.0,58.0
1254061.0,2021-04-12,14,28.0,12,11.0,221.0,6,217.0,7,12.0,4 RUNS,502,40,24,46.0,115.0,60.0,59.0,95.0,63.0
1254062.0,2021-04-13,14,8.0,5,9.0,152.0,10,142.0,7,5.0,10 RUNS,162,30,6,42.0,72.0,38.0,45.0,77.0,20.0
1254063.0,2021-04-14,14,8.0,17,15.0,149.0,8,143.0,9,17.0,6 RUNS,63,25,8,47.0,56.0,46.0,50.0,58.0,35.0
1254064.0,2021-04-15,14,28.0,10,11.0,147.0,8,150.0,7,11.0,3 WICKETS,58,32,7,36.0,66.0,45.0,26.0,64.0,60.0
1254065.0,2021-04-16,14,28.0,12,6.0,106.0,8,107.0,4,6.0,6 WICKETS,217,23,4,26.0,47.0,33.0,32.0,70.0,5.0
1254066.0,2021-04-17,14,8.0,5,15.0,150.0,5,137.0,10,5.0,13 RUNS,665,17,14,53.0,48.0,49.0,57.0,47.0,33.0
1254067.0,2021-04-18,14,8.0,17,9.0,204.0,4,166.0,8,17.0,38 RUNS,481,36,16,45.0,89.0,70.0,57.0,64.0,45.0
1254068.0,2021-04-18,14,28.0,12,10.0,195.0,4,198.0,4,10.0,6 WICKETS,504,38,16,59.0,81.0,55.0,62.0,90.0,46.0
1254069.0,2021-04-19,14,28.0,6,11.0,188.0,9,143.0,9,6.0,45 RUNS,327,22,16,46.0,81.0,61.0,45.0,52.0,46.0
1254070.0,2021-04-20,14,8.0,5,10.0,137.0,9,138.0,4,10.0,6 WICKETS,234,24,5,55.0,46.0,36.0,39.0,62.0,37.0
1254071.0,2021-04-21,14,8.0,12,15.0,120.0,10,121.0,1,15.0,9 WICKETS,358,13,6,32.0,62.0,26.0,50.0,45.0,26.0
1254072.0,2021-04-21,14,28.0,6,9.0,220.0,3,202.0,10,6.0,18 RUNS,415,35,26,54.0,90.0,76.0,45.0,101.0,56.0
1254073.0,2021-04-22,14,28.0,11,17.0,177.0,9,181.0,0,17.0,10 WICKETS,194,35,16,32.0,96.0,49.0,59.0,103.0,19.0
1254074.0,2021-04-23,14,8.0,5,12.0,131.0,6,132.0,1,12.0,9 WICKETS,370,20,10,21.0,76.0,34.0,45.0,54.0,33.0
1254075.0,2021-04-24,14,28.0,9,11.0,133.0,9,134.0,4,11.0,6 WICKETS,158,22,7,25.0,68.0,40.0,50.0,54.0,30.0
1254076.0,2021-04-25,14,28.0,6,17.0,191.0,4,122.0,9,6.0,69 RUNS,6,25,15,51.0,66.0,74.0,65.0,30.0,27.0
1254077.0,2021-04-25,14,8.0,10,15.0,159.0,4,159.0,7,,,501,33,8,51.0,65.0,43.0,56.0,54.0,49.0
1254078.0,2021-04-26,14,2.0,12,9.0,123.0,9,126.0,5,9.0,5 WICKETS,543,22,10,37.0,45.0,41.0,42.0,60.0,24.0
1254079.0,2021-04-27,14,2.0,17,10.0,171.0,5,170.0,4,17.0,1 RUNS,481,25,13,36.0,79.0,56.0,43.0,68.0,59.0
1254080.0,2021-04-28,14,10.0,15,6.0,171.0,3,173.0,3,6.0,7 WICKETS,632,39,6,39.0,74.0,58.0,50.0,98.0,25.0
1254081.0,2021-04-29,14,10.0,11,5.0,171.0,4,172.0,3,5.0,7 WICKETS,398,27,13,47.0,79.0,45.0,49.0,82.0,41.0
1254082.0,2021-04-29,14,2.0,9,10.0,154.0,6,156.0,3,10.0,7 WICKETS,501,28,12,45.0,50.0,59.0,67.0,79.0,10.0
1254083.0,2021-04-30,14,2.0,12,17.0,179.0,5,145.0,8,12.0,34 RUNS,52,25,15,49.0,70.0,60.0,36.0,56.0,53.0
1254084.0,2021-05-01,14,10.0,6,5.0,218.0,4,219.0,6,5.0,4 WICKETS,665,30,30,49.0,87.0,82.0,58.0,95.0,66.0
1254085.0,2021-05-02,14,10.0,11,15.0,220.0,3,165.0,8,11.0,55 RUNS,537,30,19,42.0,104.0,74.0,57.0,72.0,36.0
1254086.0,2021-05-02,14,2.0,12,10.0,166.0,6,167.0,3,10.0,7 WICKETS,476,23,15,39.0,63.0,64.0,63.0,76.0,28.0
1254087.0,2021-09-20,14,1.0,17,9.0,92.0,10,94.0,1,9.0,9 WICKETS,312,21,2,41.0,34.0,17.0,56.0,38.0,0.0
1254088.0,2021-10-08,14,1.0,5,15.0,235.0,9,193.0,8,5.0,42 RUNS,35,51,12,83.0,94.0,58.0,70.0,86.0,37.0
1254089.0,2021-10-02,14,1.0,6,11.0,189.0,4,190.0,3,11.0,7 WICKETS,632,33,18,44.0,72.0,73.0,81.0,84.0,25.0
1254090.0,2021-10-03,14,36.0,17,12.0,164.0,7,158.0,6,17.0,6 RUNS,63,20,17,55.0,54.0,55.0,49.0,64.0,45.0
1254091.0,2021-09-30,14,36.0,15,6.0,134.0,7,139.0,4,6.0,6 WICKETS,427,18,10,41.0,56.0,37.0,47.0,58.0,34.0
1254092.0,2021-09-28,14,36.0,10,9.0,127.0,9,130.0,7,9.0,3 WICKETS,255,22,7,39.0,50.0,38.0,44.0,54.0,32.0
1254093.0,2021-10-05,14,36.0,11,5.0,90.0,9,94.0,2,5.0,8 WICKETS,249,16,7,41.0,30.0,19.0,56.0,38.0,0.0
1254094.0,2021-10-07,14,12.0,6,12.0,134.0,6,139.0,4,12.0,6 WICKETS,370,22,12,30.0,52.0,52.0,51.0,88.0,0.0
1254095.0,2021-10-06,14,1.0,15,17.0,141.0,7,137.0,6,15.0,4 RUNS,614,26,6,50.0,57.0,34.0,37.0,61.0,39.0
1254096.0,2021-09-23,14,1.0,5,9.0,155.0,6,159.0,3,9.0,7 WICKETS,255,25,14,56.0,50.0,49.0,63.0,92.0,4.0
1254097.0,2021-09-25,14,1.0,10,11.0,154.0,6,121.0,6,10.0,33 RUNS,760,18,5,36.0,68.0,50.0,21.0,61.0,39.0
1254098.0,2021-09-26,14,1.0,9,6.0,171.0,6,172.0,8,6.0,2 WICKETS,6,32,10,50.0,68.0,53.0,52.0,75.0,45.0
1254099.0,2021-09-28,14,1.0,12,5.0,135.0,6,137.0,4,5.0,6 WICKETS,665,22,6,38.0,67.0,30.0,30.0,62.0,45.0
1254100.0,2021-09-27,14,12.0,11,15.0,164.0,5,167.0,3,15.0,7 WICKETS,452,30,9,49.0,64.0,51.0,63.0,68.0,36.0
1254101.0,2021-10-08,14,12.0,10,17.0,164.0,5,166.0,3,17.0,7 WICKETS,469,25,11,55.0,73.0,36.0,29.0,79.0,58.0
1254102.0,2021-10-01,14,12.0,9,12.0,165.0,7,168.0,5,12.0,5 WICKETS,370,23,13,48.0,73.0,44.0,46.0,75.0,47.0
1254103.0,2021-09-29,14,12.0,11,17.0,149.0,9,153.0,3,17.0,7 WICKETS,179,28,9,56.0,64.0,29.0,54.0,69.0,30.0
1254104.0,2021-09-19,14,12.0,6,5.0,156.0,7,136.0,8,6.0,20 RUNS,632,23,10,24.0,63.0,69.0,41.0,56.0,39.0
1254105.0,2021-09-22,14,12.0,15,10.0,134.0,9,139.0,2,10.0,8 WICKETS,744,22,9,32.0,58.0,44.0,39.0,60.0,40.0
1254106.0,2021-10-07,14,36.0,9,11.0,171.0,4,85.0,10,9.0,86 RUNS,696,19,11,34.0,93.0,44.0,17.0,66.0,2.0
1254107.0,2021-09-25,14,36.0,12,15.0,125.0,7,120.0,7,12.0,5 RUNS,755,10,7,29.0,64.0,32.0,20.0,55.0,45.0
1254108.0,2021-09-26,14,12.0,17,5.0,165.0,6,111.0,10,17.0,54 RUNS,63,23,10,48.0,71.0,46.0,56.0,43.0,12.0
1254109.0,2021-10-03,14,12.0,15,9.0,115.0,8,119.0,4,9.0,6 WICKETS,49,25,4,35.0,44.0,36.0,36.0,48.0,35.0
1254110.0,2021-10-04,14,12.0,6,10.0,136.0,5,139.0,7,10.0,3 WICKETS,656,22,6,48.0,45.0,43.0,51.0,48.0,40.0
1254111.0,2021-09-21,14,12.0,11,12.0,185.0,10,183.0,4,11.0,2 RUNS,516,32,15,57.0,83.0,45.0,49.0,99.0,35.0
1254112.0,2021-10-02,14,36.0,5,10.0,129.0,8,132.0,6,10.0,4 WICKETS,656,18,9,35.0,52.0,42.0,46.0,54.0,32.0
1254113.0,2021-09-24,14,36.0,17,6.0,156.0,6,157.0,4,6.0,6 WICKETS,449,24,13,55.0,63.0,38.0,59.0,66.0,32.0
1254114.0,2021-10-10,14,12.0,10,6.0,172.0,5,173.0,6,6.0,4 WICKETS,632,32,11,51.0,63.0,58.0,59.0,62.0,52.0
1254115.0,2021-10-11,14,36.0,17,9.0,138.0,7,139.0,6,9.0,4 WICKETS,255,20,5,53.0,55.0,30.0,48.0,64.0,27.0
1254116.0,2021-10-13,14,36.0,10,9.0,135.0,5,136.0,7,9.0,3 WICKETS,454,11,12,38.0,52.0,45.0,51.0,62.0,23.0
1254117.0,2021-10-15,14,12.0,6,9.0,192.0,3,165.0,9,6.0,27 RUNS,415,25,17,50.0,81.0,61.0,55.0,65.0,45.0
1304047.0,2022-03-26,15,28.0,6,9.0,131.0,5,133.0,4,9.0,6 WICKETS,564,22,8,35.0,38.0,58.0,43.0,61.0,29.0
1304048.0,2022-03-27,15,26.0,5,10.0,177.0,5,179.0,6,10.0,4 WICKETS,472,36,13,53.0,65.0,59.0,46.0,76.0,57.0
1304049.0,2022-03-27,15,27.0,17,12.0,205.0,2,208.0,5,12.0,5 WICKETS,683,20,27,41.0,101.0,63.0,63.0,93.0,52.0
1304050.0,2022-03-28,15,28.0,18,1.0,158.0,6,161.0,5,1.0,5 WICKETS,148,35,10,32.0,77.0,49.0,44.0,47.0,70.0
1304051.0,2022-03-29,15,32.0,11,15.0,210.0,6,149.0,7,11.0,61 RUNS,502,27,20,58.0,90.0,62.0,14.0,63.0,72.0
1304052.0,2022-03-30,15,27.0,9,17.0,128.0,10,132.0,7,17.0,3 WICKETS,360,22,12,44.0,57.0,27.0,36.0,57.0,39.0
1304053.0,2022-03-31,15,26.0,6,18.0,210.0,7,211.0,4,18.0,6 WICKETS,154,42,17,73.0,74.0,63.0,55.0,89.0,67.0
1304054.0,2022-04-01,15,28.0,12,9.0,137.0,10,141.0,4,9.0,6 WICKETS,564,22,17,62.0,40.0,35.0,51.0,90.0,0.0
1304055.0,2022-04-02,15,27.0,11,5.0,193.0,8,170.0,8,11.0,23 RUNS,537,30,19,48.0,90.0,55.0,50.0,86.0,34.0
1304056.0,2022-04-02,15,32.0,1,10.0,171.0,6,157.0,9,1.0,14 RUNS,494,32,8,44.0,76.0,51.0,43.0,83.0,31.0
1304057.0,2022-04-03,15,26.0,12,6.0,180.0,8,126.0,10,12.0,54 RUNS,717,23,16,72.0,75.0,33.0,27.0,71.0,28.0
1304058.0,2022-04-04,15,27.0,18,15.0,169.0,7,157.0,9,18.0,12 RUNS,18,26,11,32.0,82.0,55.0,40.0,80.0,37.0
1304059.0,2022-04-05,15,28.0,11,17.0,169.0,3,173.0,6,17.0,4 WICKETS,170,26,16,35.0,68.0,66.0,48.0,77.0,48.0
1304060.0,2022-04-06,15,32.0,5,9.0,161.0,4,162.0,5,9.0,5 WICKETS,777,24,20,35.0,50.0,76.0,35.0,92.0,35.0
1304061.0,2022-04-07,15,27.0,10,18.0,149.0,3,155.0,4,18.0,6 WICKETS,398,26,9,52.0,47.0,50.0,48.0,63.0,44.0
1304062.0,2022-04-08,15,26.0,12,1.0,189.0,9,190.0,4,1.0,6 WICKETS,49,40,13,43.0,109.0,37.0,53.0,81.0,56.0
1304063.0,2022-04-09,15,27.0,6,15.0,154.0,7,155.0,2,15.0,8 WICKETS,733,27,9,41.0,67.0,46.0,37.0,84.0,34.0
1304064.0,2022-04-09,15,32.0,5,17.0,151.0,6,152.0,3,17.0,7 WICKETS,437,24,14,49.0,43.0,59.0,30.0,81.0,41.0
1304065.0,2022-04-10,15,26.0,10,9.0,215.0,5,171.0,10,10.0,44 RUNS,472,32,19,68.0,93.0,54.0,43.0,94.0,34.0
1304066.0,2022-04-10,15,28.0,11,18.0,165.0,6,162.0,8,11.0,3 RUNS,179,23,16,44.0,48.0,73.0,31.0,66.0,65.0
1304067.0,2022-04-11,15,27.0,1,15.0,162.0,7,168.0,3,15.0,8 WICKETS,614,28,9,51.0,67.0,44.0,42.0,74.0,52.0
1304068.0,2022-04-12,15,27.0,6,17.0,216.0,4,193.0,9,6.0,23 RUNS,697,29,24,35.0,98.0,83.0,42.0,98.0,53.0
1304069.0,2022-04-13,15,32.0,12,5.0,198.0,5,186.0,9,12.0,12 RUNS,476,26,23,65.0,67.0,66.0,42.0,104.0,40.0
1304070.0,2022-04-14,15,27.0,1,11.0,192.0,4,155.0,9,1.0,37 RUNS,399,34,14,42.0,88.0,62.0,65.0,65.0,25.0
1304071.0,2022-04-15,15,26.0,9,15.0,175.0,8,176.0,3,15.0,7 WICKETS,141,28,19,38.0,82.0,55.0,46.0,94.0,36.0
1304072.0,2022-04-16,15,26.0,18,5.0,199.0,4,181.0,9,18.0,18 RUNS,370,38,13,57.0,93.0,49.0,57.0,68.0,56.0
1304073.0,2022-04-16,15,28.0,17,10.0,189.0,5,173.0,7,17.0,16 RUNS,170,30,18,40.0,75.0,74.0,57.0,58.0,58.0
1304074.0,2022-04-17,15,27.0,12,15.0,151.0,10,152.0,3,15.0,7 WICKETS,76,25,11,48.0,74.0,29.0,39.0,72.0,41.0
1304075.0,2022-04-17,15,32.0,6,1.0,169.0,5,170.0,7,1.0,3 WICKETS,359,23,18,39.0,86.0,44.0,37.0,71.0,62.0
1304076.0,2022-04-18,15,26.0,11,9.0,217.0,5,210.0,10,11.0,7 RUNS,179,37,19,60.0,103.0,54.0,57.0,110.0,43.0
1304077.0,2022-04-19,15,27.0,17,18.0,181.0,6,163.0,8,17.0,18 RUNS,415,30,11,47.0,83.0,51.0,44.0,73.0,46.0
1304078.0,2022-04-20,15,26.0,12,10.0,115.0,10,119.0,1,10.0,9 WICKETS,472,33,3,47.0,49.0,19.0,81.0,38.0,0.0
1304079.0,2022-04-21,15,27.0,5,6.0,155.0,7,156.0,7,6.0,3 WICKETS,518,23,13,42.0,58.0,55.0,46.0,57.0,53.0
1304080.0,2022-04-22,15,28.0,11,10.0,222.0,2,207.0,8,11.0,15 RUNS,537,38,26,44.0,111.0,67.0,55.0,94.0,58.0
1304081.0,2022-04-23,15,27.0,1,9.0,156.0,9,148.0,8,1.0,8 RUNS,363,21,14,47.0,80.0,29.0,34.0,73.0,41.0
1304082.0,2022-04-23,15,26.0,17,15.0,68.0,10,72.0,1,15.0,9 WICKETS,16,16,2,31.0,34.0,3.0,56.0,16.0,0.0
1304083.0,2022-04-24,15,28.0,18,5.0,168.0,6,132.0,8,18.0,36 RUNS,370,21,11,32.0,84.0,52.0,43.0,55.0,34.0
1304084.0,2022-04-25,15,28.0,12,6.0,187.0,4,176.0,6,12.0,11 RUNS,504,30,14,37.0,86.0,64.0,32.0,86.0,58.0
1304085.0,2022-04-26,15,32.0,11,17.0,144.0,8,115.0,10,11.0,29 RUNS,420,18,12,43.0,57.0,44.0,37.0,53.0,25.0
1304086.0,2022-04-27,15,28.0,15,1.0,195.0,6,199.0,5,1.0,5 WICKETS,76,31,19,53.0,87.0,55.0,59.0,76.0,64.0
1304087.0,2022-04-28,15,28.0,9,10.0,146.0,9,150.0,6,10.0,4 WICKETS,472,24,9,29.0,60.0,57.0,47.0,66.0,37.0
1304088.0,2022-04-29,15,32.0,18,12.0,153.0,8,133.0,8,18.0,20 RUNS,546,20,13,39.0,70.0,44.0,46.0,57.0,30.0
1304089.0,2022-04-30,15,26.0,17,1.0,170.0,6,174.0,4,1.0,6 WICKETS,679,34,10,43.0,74.0,53.0,46.0,67.0,61.0
1304090.0,2022-04-30,15,27.0,11,5.0,158.0,6,161.0,5,5.0,5 WICKETS,631,24,14,40.0,62.0,56.0,41.0,81.0,39.0
1304091.0,2022-05-01,15,28.0,18,10.0,195.0,3,189.0,7,18.0,6 RUNS,532,30,18,57.0,88.0,50.0,66.0,69.0,54.0
1304092.0,2022-05-01,15,32.0,6,15.0,202.0,2,189.0,6,6.0,13 RUNS,632,26,21,40.0,113.0,49.0,58.0,73.0,58.0
1304093.0,2022-05-02,15,28.0,11,9.0,152.0,5,158.0,3,9.0,7 WICKETS,87,27,9,38.0,67.0,47.0,32.0,75.0,51.0
1304094.0,2022-05-03,15,27.0,1,12.0,143.0,8,145.0,2,12.0,8 WICKETS,685,26,7,42.0,56.0,45.0,43.0,74.0,28.0
1304095.0,2022-05-04,15,32.0,17,6.0,173.0,8,160.0,8,17.0,13 RUNS,224,24,15,57.0,66.0,50.0,51.0,67.0,42.0
1304096.0,2022-05-05,15,26.0,10,15.0,207.0,3,186.0,8,10.0,21 RUNS,392,34,23,50.0,87.0,70.0,35.0,99.0,52.0
1304097.0,2022-05-06,15,26.0,5,1.0,177.0,6,172.0,5,5.0,5 RUNS,67,32,14,63.0,57.0,57.0,54.0,76.0,42.0
1304098.0,2022-05-07,15,28.0,12,11.0,189.0,5,190.0,4,11.0,6 WICKETS,373,44,12,48.0,74.0,67.0,67.0,76.0,47.0
1304099.0,2022-05-07,15,32.0,18,9.0,176.0,7,101.0,10,18.0,75 RUNS,18,19,16,66.0,57.0,53.0,25.0,76.0,0.0
1304100.0,2022-05-08,15,28.0,17,15.0,192.0,3,125.0,10,17.0,67 RUNS,360,26,15,47.0,78.0,67.0,39.0,72.0,14.0
1304101.0,2022-05-08,15,27.0,6,10.0,208.0,6,117.0,10,6.0,91 RUNS,233,30,15,57.0,91.0,60.0,59.0,40.0,18.0
1304102.0,2022-05-09,15,27.0,9,5.0,165.0,9,113.0,10,9.0,52 RUNS,263,21,12,64.0,76.0,25.0,37.0,65.0,11.0
1304103.0,2022-05-10,15,32.0,1,18.0,144.0,4,82.0,10,1.0,62 RUNS,49,22,4,35.0,57.0,52.0,37.0,45.0,0.0
1304104.0,2022-05-11,15,27.0,11,10.0,160.0,6,161.0,2,10.0,8 WICKETS,297,24,16,43.0,73.0,44.0,38.0,76.0,47.0
1304105.0,2022-05-12,15,28.0,6,5.0,97.0,10,103.0,5,5.0,5 WICKETS,528,20,5,32.0,55.0,10.0,36.0,67.0,0.0
1304106.0,2022-05-13,15,26.0,12,17.0,209.0,9,155.0,9,12.0,54 RUNS,358,29,19,83.0,69.0,57.0,44.0,76.0,35.0
1304107.0,2022-05-14,15,32.0,9,15.0,177.0,6,123.0,8,9.0,54 RUNS,116,18,16,55.0,64.0,58.0,31.0,69.0,23.0
1304108.0,2022-05-15,15,28.0,6,1.0,133.0,5,137.0,3,1.0,7 WICKETS,465,22,5,47.0,62.0,24.0,53.0,55.0,29.0
1304109.0,2022-05-15,15,26.0,11,18.0,178.0,6,154.0,8,11.0,24 RUNS,292,31,10,51.0,79.0,48.0,34.0,73.0,47.0
1304110.0,2022-05-16,15,27.0,10,12.0,159.0,7,142.0,9,10.0,17 RUNS,625,25,11,59.0,57.0,43.0,54.0,47.0,41.0
1304111.0,2022-05-17,15,28.0,15,5.0,193.0,6,190.0,7,15.0,3 RUNS,141,29,19,57.0,91.0,45.0,51.0,76.0,63.0
1304112.0,2022-05-18,15,27.0,18,9.0,210.0,0,208.0,8,18.0,2 RUNS,398,31,27,44.0,78.0,88.0,60.0,74.0,74.0
1304113.0,2022-05-19,15,28.0,1,17.0,168.0,5,170.0,2,17.0,8 WICKETS,151,29,14,38.0,80.0,50.0,55.0,66.0,49.0
1304114.0,2022-05-20,15,26.0,6,11.0,150.0,6,151.0,5,11.0,5 WICKETS,137,29,9,75.0,42.0,33.0,52.0,52.0,47.0
1304115.0,2022-05-21,15,28.0,10,5.0,159.0,7,160.0,5,5.0,5 WICKETS,263,17,21,37.0,69.0,53.0,27.0,74.0,59.0
1304116.0,2022-05-22,15,28.0,15,12.0,157.0,8,160.0,5,12.0,5 WICKETS,52,28,15,43.0,53.0,61.0,62.0,94.0,4.0
1312197.0,2022-05-24,15,23.0,11,1.0,188.0,6,191.0,3,1.0,7 WICKETS,359,38,13,55.0,69.0,64.0,64.0,75.0,52.0
1312198.0,2022-05-25,15,23.0,17,18.0,207.0,4,193.0,6,17.0,14 RUNS,299,27,23,52.0,71.0,84.0,62.0,81.0,50.0
1312199.0,2022-05-27,15,2.0,17,11.0,157.0,8,161.0,3,11.0,7 WICKETS,537,21,17,46.0,77.0,34.0,67.0,59.0,35.0
1312200.0,2022-05-29,15,2.0,11,1.0,130.0,9,133.0,3,1.0,7 WICKETS,399,21,8,44.0,50.0,36.0,31.0,66.0,36.0
1359475.0,2023-03-31,16,2.0,6,1.0,178.0,7,182.0,5,1.0,5 WICKETS,363,25,21,51.0,82.0,45.0,65.0,73.0,44.0
1359476.0,2023-04-01,16,7.0,12,9.0,191.0,5,146.0,7,12.0,7 RUNS,319,30,16,56.0,87.0,48.0,46.0,90.0,10.0
1359477.0,2023-04-01,16,24.0,18,10.0,193.0,6,143.0,9,18.0,50 RUNS,372,20,18,30.0,97.0,66.0,47.0,63.0,33.0
1359478.0,2023-04-02,16,16.0,11,15.0,203.0,5,131.0,8,11.0,72 RUNS,537,29,13,85.0,75.0,43.0,30.0,55.0,46.0
1359479.0,2023-04-02,16,3.0,5,17.0,171.0,7,172.0,2,17.0,8 WICKETS,415,26,20,29.0,73.0,69.0,53.0,95.0,24.0
1359480.0,2023-04-03,16,8.0,6,18.0,217.0,7,205.0,7,6.0,12 RUNS,327,28,22,79.0,85.0,53.0,80.0,70.0,55.0
1359481.0,2023-04-04,16,10.0,10,1.0,162.0,8,163.0,4,1.0,6 WICKETS,459,29,11,52.0,69.0,41.0,54.0,63.0,46.0
1359482.0,2023-04-05,16,15.0,12,11.0,197.0,5,192.0,7,12.0,5 RUNS,470,32,17,63.0,89.0,45.0,57.0,67.0,68.0
1359483.0,2023-04-06,16,23.0,9,17.0,204.0,7,123.0,10,9.0,81 RUNS,625,30,13,47.0,93.0,64.0,50.0,52.0,21.0
1359484.0,2023-04-07,16,24.0,15,18.0,121.0,8,127.0,5,18.0,5 WICKETS,546,23,6,43.0,40.0,38.0,45.0,73.0,9.0
1359485.0,2023-04-08,16,15.0,11,10.0,199.0,4,142.0,9,11.0,57 RUNS,373,38,7,68.0,62.0,69.0,38.0,75.0,29.0
1359486.0,2023-04-08,16,28.0,5,6.0,157.0,8,159.0,3,6.0,7 WICKETS,6,29,9,61.0,48.0,48.0,68.0,66.0,25.0
1359487.0,2023-04-09,16,2.0,1,9.0,204.0,4,207.0,7,9.0,3 WICKETS,87,33,22,54.0,78.0,72.0,43.0,106.0,58.0
1359488.0,2023-04-09,16,16.0,12,15.0,143.0,9,145.0,2,15.0,8 WICKETS,504,39,9,41.0,47.0,55.0,34.0,84.0,27.0
1359489.0,2023-04-10,16,3.0,17,18.0,212.0,2,213.0,9,18.0,1 WICKETS,655,29,27,56.0,81.0,75.0,37.0,134.0,42.0
1359490.0,2023-04-11,16,10.0,10,5.0,172.0,10,173.0,4,5.0,6 WICKETS,705,34,15,51.0,72.0,49.0,68.0,55.0,50.0
1359491.0,2023-04-12,16,8.0,11,6.0,175.0,8,172.0,6,11.0,3 RUNS,137,23,13,57.0,78.0,40.0,45.0,68.0,59.0
1359492.0,2023-04-13,16,7.0,12,1.0,153.0,8,154.0,4,1.0,6 WICKETS,178,33,6,52.0,47.0,54.0,56.0,55.0,43.0
1359493.0,2023-04-14,16,23.0,15,9.0,228.0,4,205.0,7,15.0,23 RUNS,82,39,22,65.0,92.0,71.0,62.0,80.0,63.0
1359494.0,2023-04-15,16,3.0,17,10.0,174.0,6,151.0,9,17.0,23 RUNS,151,31,10,47.0,87.0,40.0,32.0,76.0,43.0
1359495.0,2023-04-15,16,24.0,18,12.0,159.0,8,161.0,8,12.0,2 WICKETS,84,27,12,49.0,62.0,48.0,45.0,70.0,46.0
1359496.0,2023-04-16,16,28.0,9,5.0,185.0,6,186.0,5,5.0,5 WICKETS,454,27,23,57.0,83.0,45.0,72.0,91.0,23.0
1359497.0,2023-04-16,16,2.0,1,11.0,177.0,7,179.0,7,11.0,3 WICKETS,165,23,22,42.0,77.0,58.0,26.0,88.0,65.0
1359498.0,2023-04-17,16,3.0,6,17.0,226.0,6,218.0,8,6.0,8 RUNS,233,24,33,53.0,112.0,61.0,75.0,94.0,49.0
1359499.0,2023-04-18,16,16.0,5,15.0,192.0,5,178.0,10,5.0,14 RUNS,421,37,13,53.0,77.0,62.0,42.0,91.0,45.0
1359500.0,2023-04-19,16,18.0,18,11.0,154.0,7,144.0,6,18.0,10 RUNS,644,26,9,37.0,72.0,45.0,47.0,57.0,40.0
1359501.0,2023-04-20,16,7.0,17,12.0,174.0,4,150.0,10,17.0,24 RUNS,38,21,16,59.0,71.0,44.0,49.0,76.0,25.0
1359502.0,2023-04-20,16,10.0,9,10.0,127.0,10,128.0,6,10.0,4 WICKETS,383,27,6,35.0,59.0,33.0,61.0,43.0,24.0
1359503.0,2023-04-21,16,8.0,15,6.0,134.0,7,138.0,3,6.0,7 WICKETS,6,27,3,45.0,57.0,32.0,60.0,51.0,27.0
1359504.0,2023-04-22,16,24.0,1,18.0,135.0,6,128.0,7,1.0,7 RUNS,178,21,6,40.0,52.0,43.0,53.0,53.0,22.0
1359505.0,2023-04-22,16,28.0,12,5.0,214.0,8,201.0,6,12.0,13 RUNS,106,33,25,58.0,60.0,96.0,54.0,95.0,52.0
1359506.0,2023-04-23,16,3.0,17,11.0,189.0,9,182.0,6,17.0,7 RUNS,63,36,12,62.0,94.0,33.0,47.0,74.0,61.0
1359507.0,2023-04-23,16,23.0,6,9.0,235.0,4,186.0,8,6.0,49 RUNS,490,28,30,59.0,101.0,75.0,38.0,99.0,49.0
1359508.0,2023-04-24,16,16.0,10,15.0,144.0,9,137.0,6,10.0,7 RUNS,656,28,3,49.0,57.0,38.0,36.0,53.0,48.0
1359509.0,2023-04-25,16,2.0,1,5.0,207.0,6,152.0,9,1.0,55 RUNS,280,22,21,50.0,80.0,77.0,29.0,83.0,40.0
1359510.0,2023-04-26,16,3.0,9,17.0,200.0,5,179.0,8,9.0,21 RUNS,312,28,19,66.0,65.0,69.0,58.0,80.0,41.0
1359511.0,2023-04-27,16,18.0,11,6.0,202.0,5,170.0,6,11.0,32 RUNS,373,34,13,64.0,75.0,63.0,42.0,83.0,45.0
1359512.0,2023-04-28,16,7.0,18,12.0,257.0,5,201.0,10,18.0,56 RUNS,644,45,22,74.0,110.0,73.0,55.0,97.0,49.0
1359513.0,2023-04-29,16,23.0,9,1.0,179.0,7,180.0,3,1.0,7 WICKETS,729,27,20,61.0,73.0,45.0,52.0,77.0,51.0
1359514.0,2023-04-29,16,10.0,15,10.0,197.0,6,188.0,6,15.0,9 RUNS,297,31,17,62.0,73.0,62.0,57.0,81.0,50.0
1359515.0,2023-04-30,16,8.0,6,12.0,200.0,4,201.0,6,12.0,4 WICKETS,233,36,15,57.0,89.0,54.0,62.0,67.0,72.0
1359516.0,2023-04-30,16,28.0,11,5.0,212.0,7,214.0,4,5.0,6 WICKETS,373,41,22,65.0,78.0,69.0,58.0,92.0,64.0
1359517.0,2023-05-01,16,24.0,17,18.0,126.0,9,108.0,10,17.0,18 RUNS,415,14,6,42.0,50.0,34.0,34.0,44.0,30.0
1359518.0,2023-05-02,16,2.0,10,1.0,130.0,8,125.0,6,10.0,5 RUNS,148,18,9,28.0,50.0,52.0,31.0,48.0,46.0
1359519.0,2023-05-03,16,24.0,18,,125.0,7,0.0,0,,,513,6,4,31.0,42.0,52.0,0.0,0.0,0.0
1359520.0,2023-05-03,16,7.0,12,5.0,214.0,3,216.0,4,5.0,6 WICKETS,35,43,16,50.0,95.0,69.0,54.0,116.0,46.0
1359521.0,2023-05-04,16,16.0,9,15.0,171.0,9,166.0,8,9.0,5 RUNS,312,31,11,49.0,80.0,42.0,53.0,81.0,32.0
1359522.0,2023-05-05,16,18.0,11,1.0,118.0,10,119.0,1,1.0,9 WICKETS,363,23,6,50.0,50.0,18.0,49.0,70.0,0.0
1359523.0,2023-05-06,16,8.0,5,6.0,139.0,8,140.0,4,6.0,6 WICKETS,390,24,8,34.0,59.0,46.0,55.0,68.0,17.0
1359524.0,2023-05-06,16,10.0,17,10.0,181.0,4,187.0,3,10.0,7 WICKETS,323,31,18,51.0,75.0,55.0,70.0,96.0,21.0
1359525.0,2023-05-07,16,2.0,1,18.0,227.0,2,171.0,7,1.0,56 RUNS,49,31,21,78.0,98.0,51.0,72.0,58.0,41.0
1359526.0,2023-05-07,16,18.0,11,15.0,214.0,2,217.0,6,15.0,4 WICKETS,702,34,24,61.0,93.0,60.0,52.0,94.0,71.0
1359527.0,2023-05-08,16,23.0,12,9.0,179.0,7,182.0,5,9.0,5 WICKETS,116,41,12,58.0,66.0,55.0,52.0,70.0,60.0
1359528.0,2023-05-09,16,28.0,17,5.0,199.0,6,200.0,4,5.0,6 WICKETS,631,37,21,56.0,96.0,47.0,62.0,112.0,26.0
1359529.0,2023-05-10,16,8.0,6,10.0,167.0,8,140.0,8,6.0,27 RUNS,6,20,13,49.0,68.0,50.0,47.0,44.0,49.0
1359530.0,2023-05-11,16,23.0,9,11.0,149.0,8,151.0,1,11.0,9 WICKETS,373,23,18,37.0,79.0,33.0,78.0,73.0,0.0
1359531.0,2023-05-12,16,28.0,5,1.0,218.0,5,191.0,8,5.0,27 RUNS,631,38,24,61.0,90.0,67.0,48.0,82.0,61.0
1359532.0,2023-05-13,16,16.0,15,18.0,182.0,6,185.0,3,18.0,7 WICKETS,146,33,18,56.0,74.0,52.0,30.0,84.0,71.0
1359533.0,2023-05-13,16,10.0,12,10.0,167.0,7,136.0,8,12.0,31 RUNS,533,30,10,46.0,71.0,50.0,65.0,50.0,21.0
1359534.0,2023-05-14,16,18.0,17,11.0,171.0,5,59.0,10,17.0,112 RUNS,660,16,11,42.0,78.0,51.0,28.0,31.0,0.0
1359535.0,2023-05-14,16,8.0,6,9.0,144.0,6,147.0,4,9.0,6 WICKETS,87,20,9,52.0,40.0,52.0,46.0,71.0,30.0
1359536.0,2023-05-15,16,2.0,1,15.0,188.0,9,154.0,9,1.0,34 RUNS,49,35,7,65.0,89.0,34.0,45.0,66.0,43.0
1359537.0,2023-05-16,16,24.0,18,5.0,177.0,4,172.0,5,18.0,5 RUNS,644,18,18,35.0,73.0,69.0,58.0,67.0,47.0
1359538.0,2023-05-17,16,11.0,10,12.0,213.0,2,198.0,8,10.0,15 RUNS,653,35,24,61.0,87.0,65.0,47.0,81.0,70.0
1359539.0,2023-05-18,16,16.0,15,17.0,186.0,5,187.0,2,17.0,8 WICKETS,151,35,14,49.0,84.0,53.0,64.0,86.0,37.0
1359540.0,2023-05-19,16,11.0,12,11.0,187.0,5,189.0,6,11.0,4 WICKETS,194,35,18,48.0,69.0,70.0,57.0,84.0,48.0
1359541.0,2023-05-20,16,10.0,6,10.0,223.0,3,146.0,9,6.0,77 RUNS,632,28,20,52.0,96.0,75.0,34.0,82.0,30.0
1359542.0,2023-05-20,16,23.0,18,9.0,176.0,8,175.0,7,18.0,1 RUNS,655,29,17,54.0,65.0,57.0,61.0,53.0,61.0
1359543.0,2023-05-21,16,28.0,15,5.0,200.0,5,201.0,2,5.0,8 WICKETS,421,41,17,53.0,104.0,43.0,60.0,100.0,41.0
1359544.0,2023-05-21,16,3.0,17,1.0,197.0,5,198.0,4,1.0,6 WICKETS,49,40,13,62.0,74.0,61.0,51.0,97.0,50.0
1370350.0,2023-05-23,16,8.0,6,1.0,172.0,7,157.0,10,6.0,15 RUNS,632,27,9,49.0,76.0,47.0,41.0,61.0,55.0
1370351.0,2023-05-24,16,8.0,5,18.0,182.0,8,101.0,10,5.0,81 RUNS,682,24,10,62.0,69.0,51.0,54.0,46.0,1.0
1370352.0,2023-05-26,16,2.0,1,5.0,233.0,3,171.0,10,1.0,62 RUNS,49,35,20,50.0,116.0,67.0,72.0,84.0,15.0
1370353.0,2023-05-29,16,2.0,1,6.0,214.0,4,171.0,5,6.0,5 WICKETS,233,31,19,62.0,81.0,71.0,72.0,99.0,0.0
1422119.0,2024-03-22,17,8.0,8,6.0,173.0,6,176.0,4,6.0,6 WICKETS,772,26,15,42.0,60.0,71.0,62.0,66.0,48.0
1422120.0,2024-03-23,17,25.0,10,12.0,174.0,9,177.0,6,12.0,4 WICKETS,106,35,13,54.0,70.0,50.0,60.0,70.0,47.0
1422121.0,2024-03-23,17,23.0,9,15.0,208.0,7,204.0,7,9.0,4 RUNS,116,25,29,43.0,80.0,85.0,65.0,63.0,76.0
1422122.0,2024-03-24,17,18.0,11,18.0,193.0,4,173.0,6,11.0,20 RUNS,502,21,19,54.0,89.0,50.0,47.0,87.0,39.0
1422123.0,2024-03-24,17,2.0,1,5.0,168.0,6,162.0,9,1.0,6 RUNS,459,29,11,47.0,77.0,44.0,52.0,74.0,36.0
1422124.0,2024-03-25,17,3.0,12,8.0,176.0,6,178.0,6,8.0,4 WICKETS,151,33,14,40.0,88.0,48.0,50.0,68.0,60.0
1422125.0,2024-03-26,17,8.0,6,1.0,206.0,6,143.0,8,6.0,63 RUNS,697,30,14,69.0,86.0,51.0,43.0,71.0,29.0
1422126.0,2024-03-27,17,16.0,15,5.0,277.0,3,246.0,5,15.0,31 RUNS,733,31,38,81.0,121.0,75.0,76.0,109.0,61.0
1422127.0,2024-03-28,17,18.0,11,10.0,185.0,5,173.0,5,11.0,12 RUNS,420,30,17,31.0,77.0,77.0,59.0,61.0,53.0
1422128.0,2024-03-29,17,3.0,8,9.0,182.0,6,186.0,3,9.0,7 WICKETS,255,20,24,61.0,73.0,48.0,85.0,82.0,19.0
1422129.0,2024-03-30,17,24.0,18,12.0,199.0,8,178.0,5,18.0,21 RUNS,704,30,20,54.0,92.0,53.0,61.0,75.0,42.0
1422130.0,2024-03-31,17,2.0,15,1.0,162.0,8,168.0,3,1.0,7 WICKETS,178,25,12,56.0,66.0,40.0,52.0,62.0,54.0
1422131.0,2024-03-31,17,37.0,10,6.0,191.0,5,171.0,6,10.0,20 RUNS,71,29,16,62.0,72.0,57.0,32.0,81.0,58.0
1422132.0,2024-04-01,17,28.0,5,11.0,125.0,9,127.0,4,11.0,6 WICKETS,292,24,6,46.0,56.0,23.0,46.0,65.0,16.0
1422133.0,2024-04-02,17,3.0,18,8.0,181.0,5,153.0,10,18.0,28 RUNS,704,21,22,54.0,77.0,50.0,48.0,56.0,49.0
1422134.0,2024-04-03,17,37.0,9,10.0,272.0,7,166.0,10,9.0,106 RUNS,255,34,29,88.0,107.0,77.0,51.0,108.0,7.0
1422135.0,2024-04-04,17,2.0,1,12.0,199.0,4,200.0,7,12.0,3 WICKETS,258,39,13,52.0,82.0,65.0,54.0,84.0,62.0
1422136.0,2024-04-05,17,16.0,6,15.0,165.0,5,166.0,4,15.0,6 WICKETS,733,26,14,48.0,79.0,38.0,78.0,57.0,31.0
1422137.0,2024-04-06,17,18.0,8,11.0,183.0,3,189.0,4,11.0,6 WICKETS,537,34,13,53.0,76.0,54.0,54.0,98.0,37.0
1422138.0,2024-04-07,17,28.0,5,10.0,234.0,5,205.0,8,5.0,29 RUNS,438,37,25,75.0,63.0,96.0,46.0,98.0,61.0
1422139.0,2024-04-07,17,24.0,18,1.0,163.0,5,130.0,10,18.0,33 RUNS,85,20,10,47.0,67.0,49.0,54.0,39.0,37.0
1426260.0,2024-04-08,17,8.0,9,6.0,137.0,9,141.0,3,6.0,7 WICKETS,6,25,8,56.0,43.0,38.0,52.0,63.0,26.0
1426261.0,2024-04-09,17,25.0,15,12.0,182.0,9,180.0,6,15.0,2 RUNS,424,35,16,40.0,93.0,49.0,27.0,78.0,75.0
1426262.0,2024-04-10,17,18.0,11,1.0,196.0,3,199.0,7,1.0,3 WICKETS,363,36,12,43.0,91.0,62.0,44.0,80.0,75.0
1426263.0,2024-04-11,17,28.0,8,5.0,196.0,8,199.0,3,5.0,7 WICKETS,263,33,26,44.0,86.0,66.0,72.0,116.0,11.0
1426264.0,2024-04-12,17,24.0,18,10.0,167.0,7,170.0,4,10.0,6 WICKETS,472,31,10,57.0,57.0,53.0,62.0,83.0,25.0
1426265.0,2024-04-13,17,25.0,12,11.0,147.0,8,152.0,7,11.0,3 WICKETS,165,21,11,38.0,48.0,61.0,43.0,56.0,53.0
1426266.0,2024-04-14,17,23.0,18,9.0,161.0,7,162.0,2,9.0,8 WICKETS,323,34,11,49.0,64.0,48.0,58.0,98.0,6.0
1426267.0,2024-04-14,17,28.0,6,5.0,206.0,4,186.0,6,6.0,20 RUNS,390,38,19,48.0,101.0,57.0,63.0,69.0,54.0
1426268.0,2024-04-15,17,3.0,15,8.0,287.0,3,262.0,7,15.0,25 RUNS,567,43,38,76.0,129.0,82.0,79.0,108.0,75.0
1426269.0,2024-04-16,17,23.0,9,11.0,223.0,6,224.0,8,11.0,2 WICKETS,537,44,21,56.0,105.0,62.0,76.0,69.0,79.0
1426270.0,2024-04-17,17,2.0,1,10.0,89.0,10,92.0,4,10.0,6 WICKETS,267,17,7,30.0,48.0,11.0,67.0,25.0,0.0
1426271.0,2024-04-18,17,25.0,5,12.0,192.0,7,183.0,10,5.0,9 RUNS,263,24,22,54.0,76.0,62.0,40.0,101.0,42.0
1426272.0,2024-04-19,17,24.0,6,18.0,176.0,6,180.0,2,18.0,8 WICKETS,370,32,12,51.0,54.0,71.0,54.0,80.0,46.0
1426273.0,2024-04-20,17,10.0,15,10.0,266.0,7,199.0,10,15.0,67 RUNS,567,40,31,125.0,80.0,61.0,88.0,78.0,33.0
1426274.0,2024-04-21,17,23.0,9,8.0,222.0,6,221.0,10,9.0,1 RUNS,116,43,24,75.0,74.0,73.0,74.0,100.0,47.0
1426275.0,2024-04-21,17,25.0,12,1.0,142.0,10,146.0,7,1.0,3 WICKETS,576,28,7,56.0,41.0,45.0,44.0,57.0,45.0
1426276.0,2024-04-22,17,18.0,5,11.0,179.0,9,183.0,1,11.0,9 WICKETS,371,31,17,45.0,86.0,48.0,61.0,90.0,32.0
1426277.0,2024-04-23,17,8.0,6,18.0,210.0,4,213.0,4,18.0,6 WICKETS,644,38,20,49.0,86.0,75.0,45.0,92.0,76.0
1426278.0,2024-04-24,17,10.0,10,1.0,224.0,4,220.0,8,10.0,4 RUNS,267,40,26,44.0,83.0,97.0,67.0,80.0,73.0
1426279.0,2024-04-25,17,16.0,8,15.0,206.0,7,171.0,8,8.0,35 RUNS,299,28,17,61.0,81.0,64.0,62.0,70.0,39.0
1426280.0,2024-04-26,17,23.0,9,12.0,261.0,6,262.0,2,12.0,8 WICKETS,358,37,42,76.0,114.0,71.0,93.0,108.0,61.0
1426281.0,2024-04-27,17,10.0,10,5.0,257.0,4,247.0,9,10.0,10 RUNS,366,42,32,92.0,98.0,67.0,65.0,108.0,74.0
1426282.0,2024-04-27,17,24.0,18,11.0,196.0,5,199.0,3,11.0,7 WICKETS,502,39,11,46.0,104.0,46.0,60.0,84.0,55.0
1426283.0,2024-04-28,17,2.0,1,8.0,200.0,3,206.0,1,8.0,9 WICKETS,24,27,26,42.0,96.0,62.0,63.0,114.0,29.0
1426284.0,2024-04-28,17,8.0,6,15.0,212.0,3,134.0,10,6.0,78 RUNS,632,29,12,50.0,98.0,64.0,53.0,56.0,25.0
1426285.0,2024-04-29,17,23.0,10,9.0,153.0,9,157.0,3,9.0,7 WICKETS,312,32,12,67.0,45.0,41.0,79.0,62.0,16.0
1426286.0,2024-04-30,17,24.0,5,18.0,144.0,7,145.0,6,18.0,4 WICKETS,644,26,7,28.0,68.0,48.0,52.0,64.0,29.0
1426287.0,2024-05-01,17,8.0,6,12.0,162.0,7,163.0,3,12.0,7 WICKETS,52,30,9,55.0,47.0,60.0,52.0,83.0,28.0
1426288.0,2024-05-02,17,16.0,15,11.0,201.0,3,200.0,7,15.0,1 RUNS,545,32,23,37.0,94.0,70.0,60.0,97.0,43.0
1426289.0,2024-05-03,17,28.0,9,5.0,169.0,10,145.0,10,9.0,24 RUNS,454,23,15,57.0,71.0,41.0,46.0,73.0,26.0
1426290.0,2024-05-04,17,3.0,1,8.0,147.0,10,152.0,6,8.0,4 WICKETS,38,35,13,23.0,79.0,45.0,92.0,60.0,0.0
1426291.0,2024-05-05,17,11.0,6,12.0,167.0,9,139.0,9,6.0,28 RUNS,6,27,10,60.0,57.0,50.0,47.0,44.0,48.0
1426292.0,2024-05-05,17,24.0,9,18.0,235.0,6,137.0,10,9.0,98 RUNS,255,31,20,70.0,101.0,64.0,55.0,75.0,7.0
1426293.0,2024-05-06,17,28.0,15,5.0,173.0,8,174.0,3,5.0,7 WICKETS,631,34,11,56.0,64.0,53.0,52.0,87.0,35.0
1426294.0,2024-05-07,17,10.0,10,11.0,221.0,8,201.0,8,10.0,20 RUNS,472,38,25,78.0,78.0,65.0,67.0,92.0,42.0
1426295.0,2024-05-08,17,16.0,18,15.0,165.0,4,167.0,0,15.0,10 WICKETS,567,32,18,27.0,75.0,63.0,107.0,60.0,0.0
1426296.0,2024-05-09,17,11.0,8,12.0,241.0,7,181.0,10,8.0,60 RUNS,151,42,23,56.0,108.0,77.0,75.0,89.0,17.0
1426297.0,2024-05-10,17,2.0,1,6.0,231.0,3,196.0,8,1.0,35 RUNS,49,31,26,58.0,132.0,41.0,43.0,100.0,53.0
1426298.0,2024-05-11,17,23.0,9,5.0,157.0,7,139.0,8,9.0,18 RUNS,312,27,15,52.0,95.0,10.0,62.0,74.0,3.0
1426299.0,2024-05-12,17,8.0,11,6.0,141.0,5,145.0,5,6.0,5 WICKETS,281,18,11,42.0,52.0,47.0,56.0,60.0,29.0
1426300.0,2024-05-12,17,3.0,8,10.0,187.0,9,140.0,10,8.0,47 RUNS,421,22,16,61.0,77.0,49.0,54.0,73.0,13.0
1426302.0,2024-05-14,17,10.0,10,18.0,208.0,4,189.0,9,10.0,19 RUNS,383,34,20,73.0,63.0,72.0,59.0,76.0,54.0
1426303.0,2024-05-15,17,15.0,11,12.0,144.0,9,145.0,5,12.0,5 WICKETS,106,31,8,38.0,65.0,41.0,39.0,64.0,42.0
1426305.0,2024-05-17,17,28.0,18,5.0,214.0,6,196.0,6,18.0,18 RUNS,655,33,25,49.0,110.0,55.0,53.0,72.0,71.0
1426306.0,2024-05-18,17,3.0,8,6.0,218.0,5,191.0,7,8.0,27 RUNS,415,28,24,42.0,96.0,80.0,58.0,71.0,62.0
1426307.0,2024-05-19,17,16.0,12,15.0,214.0,5,215.0,6,15.0,4 WICKETS,733,31,26,61.0,98.0,55.0,84.0,98.0,33.0
1426309.0,2024-05-21,17,2.0,15,9.0,159.0,10,164.0,2,9.0,8 WICKETS,342,29,16,45.0,80.0,34.0,63.0,101.0,0.0
1426310.0,2024-05-22,17,2.0,8,11.0,172.0,8,174.0,6,11.0,4 WICKETS,137,33,13,50.0,75.0,47.0,47.0,79.0,48.0
1426311.0,2024-05-24,17,8.0,15,11.0,175.0,9,139.0,7,15.0,36 RUNS,200,24,14,68.0,64.0,43.0,51.0,51.0,37.0
1426312.0,2024-05-26,17,8.0,15,9.0,113.0,10,114.0,2,9.0,8 WICKETS,342,18,9,40.0,50.0,23.0,72.0,42.0,0.0
1473438.0,2025-03-22,18,23.0,9,8.0,174.0,8,177.0,3,8.0,7 WICKETS,546,39,15,60.0,85.0,29.0,80.0,77.0,20.0
1473439.0,2025-03-23,18,16.0,15,11.0,286.0,6,242.0,6,15.0,44 RUNS,35,51,30,94.0,114.0,78.0,77.0,92.0,73.0
1473440.0,2025-03-23,18,8.0,5,6.0,155.0,9,158.0,6,6.0,4 WICKETS,495,22,13,52.0,58.0,45.0,62.0,57.0,39.0
1473441.0,2025-03-24,18,37.0,18,10.0,209.0,8,211.0,9,10.0,1 WICKETS,691,34,29,64.0,106.0,39.0,58.0,90.0,63.0
1473442.0,2025-03-25,18,2.0,12,1.0,243.0,5,232.0,5,12.0,11 RUNS,760,37,32,73.0,83.0,87.0,61.0,113.0,58.0
1473443.0,2025-03-26,18,15.0,11,9.0,151.0,9,153.0,2,9.0,8 WICKETS,398,22,14,54.0,56.0,41.0,40.0,78.0,35.0
1473444.0,2025-03-27,18,16.0,15,18.0,190.0,9,193.0,5,18.0,5 WICKETS,625,28,23,62.0,81.0,47.0,77.0,99.0,17.0
1473445.0,2025-03-28,18,8.0,8,6.0,196.0,7,146.0,8,8.0,50 RUNS,299,30,16,56.0,82.0,58.0,30.0,68.0,48.0
1473446.0,2025-03-29,18,2.0,1,5.0,196.0,8,160.0,6,1.0,36 RUNS,635,25,16,66.0,74.0,56.0,48.0,70.0,42.0
1473447.0,2025-03-30,18,37.0,15,10.0,163.0,10,166.0,3,10.0,7 WICKETS,342,26,16,58.0,82.0,23.0,52.0,98.0,16.0
1473448.0,2025-03-30,18,15.0,11,6.0,182.0,9,176.0,6,11.0,6 RUNS,60,29,17,79.0,66.0,37.0,42.0,80.0,54.0
1473449.0,2025-03-31,18,28.0,9,5.0,116.0,10,121.0,2,5.0,8 WICKETS,279,16,15,41.0,60.0,15.0,55.0,66.0,0.0
1473450.0,2025-04-01,18,24.0,18,12.0,171.0,7,177.0,2,12.0,8 WICKETS,533,31,19,39.0,78.0,54.0,62.0,93.0,22.0
1473451.0,2025-04-02,18,3.0,8,1.0,169.0,8,170.0,2,1.0,8 WICKETS,38,29,20,38.0,67.0,64.0,42.0,92.0,36.0
1473452.0,2025-04-03,18,23.0,9,15.0,200.0,6,120.0,10,9.0,80 RUNS,693,26,16,53.0,69.0,78.0,33.0,81.0,6.0
1473453.0,2025-04-04,18,24.0,18,5.0,203.0,8,191.0,5,18.0,12 RUNS,102,40,13,69.0,77.0,57.0,64.0,79.0,48.0
1473454.0,2025-04-05,18,8.0,10,6.0,183.0,6,158.0,5,10.0,25 RUNS,370,24,10,51.0,87.0,45.0,46.0,60.0,52.0
1473455.0,2025-04-05,18,25.0,11,12.0,205.0,4,155.0,9,11.0,50 RUNS,493,29,14,53.0,89.0,63.0,43.0,88.0,24.0
1473456.0,2025-04-08,18,23.0,18,9.0,238.0,3,234.0,7,18.0,4 RUNS,655,45,25,59.0,111.0,68.0,90.0,83.0,61.0
1473457.0,2025-04-06,18,16.0,15,1.0,152.0,8,153.0,3,1.0,7 WICKETS,38,39,5,45.0,60.0,47.0,48.0,82.0,23.0
1473458.0,2025-04-07,18,28.0,8,5.0,221.0,5,209.0,9,8.0,12 RUNS,299,39,25,73.0,78.0,70.0,54.0,103.0,52.0
1473459.0,2025-04-08,18,25.0,12,6.0,219.0,6,201.0,5,12.0,18 RUNS,198,27,24,75.0,89.0,55.0,59.0,86.0,56.0
1473460.0,2025-04-09,18,2.0,1,11.0,217.0,6,159.0,10,1.0,58 RUNS,459,31,17,56.0,89.0,72.0,57.0,82.0,20.0
1473461.0,2025-04-10,18,3.0,8,10.0,163.0,7,169.0,4,10.0,6 WICKETS,370,24,17,64.0,53.0,46.0,39.0,82.0,48.0
1473462.0,2025-04-11,18,8.0,6,9.0,103.0,9,107.0,2,9.0,8 WICKETS,255,12,11,31.0,43.0,29.0,71.0,36.0,0.0
1473463.0,2025-04-12,18,24.0,1,18.0,180.0,6,186.0,4,18.0,6 WICKETS,444,34,12,54.0,81.0,45.0,61.0,93.0,32.0
1473464.0,2025-04-12,18,16.0,12,15.0,245.0,6,247.0,2,15.0,8 WICKETS,733,44,30,89.0,88.0,68.0,83.0,122.0,42.0
1473465.0,2025-04-13,18,18.0,11,8.0,173.0,4,175.0,1,8.0,9 WICKETS,323,32,14,45.0,69.0,59.0,65.0,81.0,29.0
1473466.0,2025-04-13,18,10.0,5,10.0,205.0,5,193.0,10,5.0,12 RUNS,485,43,17,59.0,87.0,59.0,72.0,86.0,35.0
1473467.0,2025-04-14,18,24.0,18,6.0,166.0,7,168.0,5,6.0,5 WICKETS,522,31,13,42.0,67.0,57.0,59.0,52.0,57.0
1473468.0,2025-04-15,18,25.0,12,9.0,111.0,10,95.0,10,12.0,16 RUNS,179,18,9,54.0,55.0,2.0,55.0,40.0,0.0
1473469.0,2025-04-16,18,10.0,10,11.0,188.0,5,188.0,5,,,342,33,19,46.0,65.0,77.0,63.0,69.0,56.0
1473470.0,2025-04-17,18,28.0,15,5.0,162.0,5,166.0,6,5.0,4 WICKETS,24,29,13,46.0,59.0,57.0,55.0,82.0,29.0
1473471.0,2025-04-18,18,3.0,8,12.0,95.0,9,98.0,5,12.0,5 WICKETS,67,17,9,33.0,62.0,0.0,46.0,52.0,0.0
1473472.0,2025-04-19,18,2.0,10,1.0,203.0,8,204.0,3,1.0,7 WICKETS,537,34,19,73.0,77.0,53.0,67.0,91.0,46.0
1473473.0,2025-04-19,18,18.0,18,11.0,180.0,5,178.0,5,18.0,2 RUNS,18,24,18,46.0,75.0,59.0,61.0,74.0,43.0
1473474.0,2025-04-20,18,25.0,12,8.0,157.0,6,159.0,3,8.0,7 WICKETS,151,26,11,62.0,57.0,38.0,54.0,68.0,37.0
1473475.0,2025-04-20,18,28.0,6,5.0,176.0,5,177.0,1,5.0,9 WICKETS,705,25,20,48.0,70.0,58.0,62.0,95.0,20.0
1473476.0,2025-04-21,18,23.0,1,9.0,198.0,3,159.0,8,1.0,39 RUNS,49,38,10,45.0,94.0,59.0,45.0,69.0,45.0
1473477.0,2025-04-22,18,24.0,18,10.0,159.0,6,161.0,2,10.0,8 WICKETS,334,25,13,51.0,67.0,41.0,54.0,73.0,34.0
1473478.0,2025-04-23,18,16.0,15,5.0,143.0,8,146.0,3,5.0,7 WICKETS,292,29,12,24.0,66.0,53.0,56.0,81.0,9.0
1473479.0,2025-04-24,18,3.0,8,11.0,205.0,5,194.0,9,8.0,11 RUNS,427,39,18,59.0,97.0,49.0,72.0,76.0,46.0
1473480.0,2025-04-25,18,8.0,6,15.0,154.0,10,155.0,5,15.0,5 WICKETS,224,28,9,50.0,77.0,27.0,37.0,77.0,41.0
1473481.0,2025-04-26,18,23.0,12,9.0,201.0,4,7.0,0,,,513,19,11,56.0,105.0,40.0,7.0,0.0,0.0
1473482.0,2025-04-27,18,28.0,5,18.0,215.0,7,161.0,10,5.0,54 RUNS,24,30,23,66.0,91.0,58.0,60.0,80.0,21.0
1473483.0,2025-04-27,18,10.0,10,8.0,162.0,8,165.0,4,8.0,6 WICKETS,546,29,11,52.0,56.0,54.0,35.0,79.0,51.0
1473484.0,2025-04-28,18,18.0,1,11.0,209.0,4,212.0,2,11.0,8 WICKETS,351,32,26,53.0,96.0,60.0,87.0,112.0,13.0
1473485.0,2025-04-29,18,10.0,9,10.0,204.0,9,190.0,9,9.0,14 RUNS,255,41,16,79.0,80.0,45.0,58.0,88.0,44.0
1473486.0,2025-04-30,18,8.0,6,12.0,190.0,10,194.0,6,12.0,4 WICKETS,760,38,16,48.0,86.0,56.0,51.0,88.0,55.0
1473487.0,2025-05-01,18,18.0,5,11.0,217.0,2,117.0,10,5.0,100 RUNS,347,35,13,58.0,88.0,71.0,62.0,51.0,4.0
1473488.0,2025-05-02,18,2.0,1,15.0,224.0,6,186.0,6,1.0,38 RUNS,635,33,19,82.0,80.0,62.0,57.0,82.0,47.0
1473489.0,2025-05-03,18,3.0,8,6.0,213.0,5,211.0,5,8.0,2 RUNS,438,39,24,71.0,73.0,69.0,58.0,102.0,51.0
1473490.0,2025-05-04,18,23.0,9,11.0,206.0,4,205.0,8,9.0,1 RUNS,116,31,24,56.0,65.0,85.0,59.0,96.0,50.0
1473491.0,2025-05-04,18,11.0,12,18.0,236.0,5,199.0,7,12.0,37 RUNS,533,32,29,66.0,95.0,75.0,38.0,105.0,56.0
1473492.0,2025-05-05,18,16.0,10,,133.0,7,0.0,0,,,513,10,4,26.0,60.0,47.0,0.0,0.0,0.0
1473493.0,2025-05-06,18,28.0,5,1.0,155.0,8,147.0,7,1.0,3 WICKETS,49,26,10,56.0,60.0,39.0,29.0,84.0,34.0
1473494.0,2025-05-07,18,23.0,9,6.0,179.0,6,183.0,8,6.0,2 WICKETS,495,27,21,67.0,57.0,55.0,62.0,78.0,43.0
1473495.0,2025-05-08,18,11.0,12,,122.0,1,0.0,0,,,513,12,6,69.0,53.0,0.0,0.0,0.0,0.0
1473497.0,2025-05-18,18,18.0,12,11.0,219.0,5,209.0,7,12.0,10 RUNS,52,42,21,58.0,89.0,72.0,89.0,65.0,55.0
1473498.0,2025-05-18,18,10.0,10,1.0,199.0,3,205.0,0,1.0,10 WICKETS,459,32,21,45.0,91.0,63.0,59.0,95.0,51.0
1473499.0,2025-05-19,18,24.0,18,15.0,205.0,7,206.0,5,15.0,6 WICKETS,733,37,19,69.0,77.0,59.0,72.0,99.0,35.0
1473500.0,2025-05-20,18,10.0,6,11.0,187.0,8,188.0,4,11.0,6 WICKETS,682,31,20,68.0,78.0,41.0,56.0,94.0,38.0
1473501.0,2025-05-21,18,28.0,5,10.0,180.0,5,121.0,10,5.0,59 RUNS,631,27,13,54.0,60.0,66.0,49.0,56.0,16.0
1473502.0,2025-05-22,18,2.0,18,1.0,235.0,2,202.0,9,18.0,33 RUNS,297,37,25,53.0,107.0,75.0,67.0,98.0,37.0
1473503.0,2025-05-23,18,24.0,15,8.0,231.0,6,189.0,10,15.0,42 RUNS,35,32,23,71.0,97.0,63.0,72.0,95.0,22.0
1473504.0,2025-05-25,18,2.0,6,1.0,230.0,5,147.0,10,6.0,83 RUNS,331,28,22,68.0,95.0,67.0,35.0,90.0,22.0
1473505.0,2025-05-25,18,10.0,15,9.0,278.0,3,168.0,10,15.0,110 RUNS,569,33,31,79.0,125.0,74.0,59.0,71.0,38.0
1473506.0,2025-05-26,18,18.0,5,12.0,184.0,7,187.0,3,12.0,7 WICKETS,101,37,16,52.0,79.0,53.0,47.0,99.0,41.0
1473507.0,2025-05-27,18,24.0,18,8.0,227.0,3,230.0,4,8.0,6 WICKETS,89,47,21,55.0,109.0,63.0,66.0,111.0,53.0
1473508.0,2025-05-29,18,,12,8.0,101.0,10,106.0,2,8.0,8 WICKETS,623,18,9,48.0,53.0,0.0,61.0,45.0,0.0
1473509.0,2025-05-30,18,,5,1.0,228.0,5,208.0,6,5.0,20 RUNS,705,35,25,79.0,81.0,68.0,66.0,95.0,47.0
1473510.0,2025-06-01,18,2.0,5,12.0,203.0,6,207.0,5,12.0,5 WICKETS,760,35,21,65.0,81.0,57.0,64.0,83.0,60.0
1473511.0,2025-06-03,18,2.0,8,12.0,190.0,9,184.0,7,8.0,6 RUNS,546,19,23,55.0,77.0,58.0,52.0,67.0,65.0
1485779.0,2025-05-24,18,18.0,12,10.0,206.0,8,208.0,4,10.0,6 WICKETS,287,35,21,60.0,82.0,64.0,61.0,94.0,53.0
