player_id,opposition_team_id,season_id,matches,innings,runs,balls,average,strike_rate,highest_score,fours,sixes,fifties,hundreds,dismissals,dot_ball_pct,boundary_pct
104,6,5,1,1,3.0,3.0,3.0,100.0,3.0,0,0,0,0,1,33.33,0.0
104,6,6,1,1,36.0,16.0,36.0,225.0,36.0,2,3,0,0,0,25.0,31.25
104,6,8,1,1,6.0,6.0,6.0,100.0,6.0,1,0,0,0,1,50.0,16.67
104,2,6,2,2,21.0,15.0,10.5,140.0,16.0,3,0,0,0,2,33.33,20.0
104,2,8,1,1,15.0,8.0,15.0,187.5,15.0,1,1,0,0,1,25.0,25.0
104,13,5,1,1,8.0,8.0,8.0,100.0,8.0,1,0,0,0,1,25.0,12.5
104,13,6,1,1,7.0,7.0,7.0,100.0,7.0,1,0,0,0,0,42.86,14.29
104,13,8,1,1,22.0,8.0,22.0,275.0,22.0,1,2,0,0,0,0.0,37.5
104,9,6,1,1,4.0,5.0,4.0,80.0,4.0,0,0,0,0,1,40.0,0.0
104,9,9,1,1,13.0,8.0,13.0,162.5,13.0,0,1,0,0,1,12.5,12.5
104,5,5,1,1,10.0,10.0,10.0,100.0,10.0,0,1,0,0,1,60.0,10.0
104,5,8,1,1,17.0,15.0,17.0,113.33,17.0,0,1,0,0,1,40.0,6.67
104,7,6,2,2,26.0,19.0,13.0,136.84,19.0,1,1,0,0,0,10.53,10.53
104,11,5,1,1,10.0,4.0,10.0,250.0,10.0,2,0,0,0,0,25.0,50.0
104,11,6,1,1,14.0,11.0,14.0,127.27,14.0,1,0,0,0,1,27.27,9.09
104,11,8,1,1,13.0,9.0,13.0,144.44,13.0,0,1,0,0,0,11.11,11.11
104,17,5,1,1,4.0,4.0,4.0,100.0,4.0,0,0,0,0,1,25.0,0.0
104,17,6,2,2,17.0,16.0,8.5,106.25,14.0,0,1,0,0,2,31.25,6.25
104,17,9,2,2,34.0,21.0,17.0,161.9,32.0,2,3,0,0,1,38.1,23.81
629,6,15,1,1,19.0,9.0,19.0,211.11,19.0,0,2,0,0,0,22.22,22.22
629,6,16,2,2,82.0,51.0,41.0,160.78,59.0,2,4,1,0,1,19.61,11.76
629,6,18,1,1,22.0,17.0,22.0,129.41,22.0,1,2,0,0,1,41.18,17.65
629,10,15,1,1,10.0,3.0,10.0,333.33,10.0,1,1,0,0,0,33.33,66.67
629,10,16,1,1,18.0,7.0,18.0,257.14,18.0,1,2,0,0,1,28.57,42.86
629,10,17,2,2,61.0,44.0,30.5,138.64,55.0,5,1,1,0,1,27.27,13.64
629,10,18,2,2,40.0,26.0,20.0,153.85,36.0,6,0,0,0,2,26.92,23.08
629,1,15,2,2,62.0,52.0,31.0,119.23,54.0,5,3,1,0,2,40.38,15.38
629,1,16,2,2,29.0,17.0,14.5,170.59,21.0,1,2,0,0,1,17.65,17.65
629,1,17,1,1,20.0,11.0,20.0,181.82,20.0,3,0,0,0,1,9.09,27.27
629,1,18,1,1,28.0,20.0,28.0,140.0,28.0,2,1,0,0,0,25.0,15.0
629,9,15,1,1,15.0,18.0,15.0,83.33,15.0,0,0,0,0,1,33.33,0.0
629,9,16,1,1,25.0,21.0,25.0,119.05,25.0,2,1,0,0,1,38.1,14.29
629,9,17,2,2,44.0,39.0,22.0,112.82,29.0,2,2,0,0,2,30.77,10.26
629,5,15,1,1,14.0,11.0,14.0,127.27,14.0,0,1,0,0,1,27.27,9.09
629,5,16,1,1,1.0,7.0,1.0,14.29,1.0,0,0,0,0,1,85.71,0.0
629,5,17,2,2,28.0,16.0,14.0,175.0,22.0,2,2,0,0,1,25.0,25.0
629,5,18,2,2,65.0,41.0,32.5,158.54,35.0,6,2,0,0,2,24.39,19.51
629,12,15,1,1,4.0,4.0,4.0,100.0,4.0,0,0,0,0,1,50.0,0.0
629,12,16,2,2,48.0,30.0,24.0,160.0,43.0,3,3,0,0,1,26.67,20.0
629,12,17,1,1,8.0,10.0,8.0,80.0,8.0,0,0,0,0,1,30.0,0.0
629,12,18,2,2,115.0,73.0,57.5,157.53,74.0,6,8,1,0,2,30.14,19.18
629,11,15,2,2,5.0,8.0,2.5,62.5,5.0,0,0,0,0,2,37.5,0.0
629,11,16,1,1,1.0,4.0,1.0,25.0,1.0,0,0,0,0,1,50.0,0.0
629,11,17,2,2,19.0,18.0,9.5,105.56,18.0,1,0,0,0,1,27.78,5.56
629,11,18,1,1,50.0,34.0,50.0,147.06,50.0,5,1,1,0,1,23.53,17.65
629,17,15,1,1,13.0,13.0,13.0,100.0,13.0,2,0,0,0,1,46.15,15.38
629,17,16,2,2,34.0,35.0,17.0,97.14,30.0,4,0,0,0,2,37.14,11.43
629,8,17,1,1,0.0,3.0,0.0,0.0,0.0,0,0,0,0,1,100.0,0.0
629,15,15,1,1,19.0,12.0,19.0,158.33,19.0,3,0,0,0,1,25.0,25.0
629,15,17,1,1,55.0,30.0,55.0,183.33,55.0,9,0,1,0,0,16.67,30.0
629,15,18,2,2,9.0,11.0,4.5,81.82,6.0,1,0,0,0,2,45.45,9.09
191,16,5,1,1,0.0,1.0,0.0,0.0,0.0,0,0,0,0,1,100.0,0.0
191,17,6,1,1,4.0,6.0,4.0,66.67,4.0,0,0,0,0,0,33.33,0.0
239,16,1,1,1,24.0,23.0,24.0,104.35,24.0,3,0,0,0,1,43.48,13.04
239,16,2,1,1,11.0,19.0,11.0,57.89,11.0,2,0,0,0,1,68.42,10.53
239,2,1,1,1,13.0,17.0,13.0,76.47,13.0,2,0,0,0,1,58.82,11.76
239,13,1,1,1,2.0,3.0,2.0,66.67,2.0,0,0,0,0,1,33.33,0.0
239,5,1,1,1,1.0,4.0,1.0,25.0,1.0,0,0,0,0,0,75.0,0.0
239,17,1,1,1,2.0,5.0,2.0,40.0,2.0,0,0,0,0,1,60.0,0.0
315,14,10,1,1,15.0,12.0,15.0,125.0,15.0,1,0,0,0,0,8.33,8.33
315,13,10,1,1,4.0,6.0,4.0,66.67,4.0,0,0,0,0,1,33.33,0.0
315,15,10,1,1,6.0,2.0,6.0,300.0,6.0,0,1,0,0,1,50.0,50.0
8,2,11,1,1,4.0,5.0,4.0,80.0,4.0,0,0,0,0,0,40.0,0.0
42,2,2,1,1,16.0,17.0,16.0,94.12,16.0,1,0,0,0,1,35.29,5.88
42,5,2,1,1,24.0,23.0,24.0,104.35,24.0,2,1,0,0,1,39.13,13.04
42,17,2,1,1,22.0,13.0,22.0,169.23,22.0,2,1,0,0,0,15.38,23.08
301,9,17,1,1,2.0,2.0,2.0,100.0,2.0,0,0,0,0,0,0.0,0.0
301,9,18,2,2,7.0,4.0,3.5,175.0,4.0,1,0,0,0,0,25.0,25.0
301,12,18,1,1,0.0,1.0,0.0,0.0,0.0,0,0,0,0,1,100.0,0.0
301,11,18,1,1,5.0,3.0,5.0,166.67,5.0,1,0,0,0,0,33.33,33.33
301,15,18,1,1,2.0,4.0,2.0,50.0,2.0,0,0,0,0,1,75.0,0.0
39,6,1,1,1,2.0,1.0,2.0,200.0,2.0,0,0,0,0,0,0.0,0.0
39,6,2,1,1,1.0,5.0,1.0,20.0,1.0,0,0,0,0,0,80.0,0.0
39,16,2,2,2,2.0,2.0,1.0,100.0,1.0,0,0,0,0,0,0.0,0.0
39,16,3,1,1,2.0,4.0,2.0,50.0,2.0,0,0,0,0,0,50.0,0.0
39,2,3,2,2,2.0,2.0,1.0,100.0,1.0,0,0,0,0,0,0.0,0.0
39,13,1,2,2,3.0,8.0,1.5,37.5,3.0,0,0,0,0,0,50.0,0.0
39,13,2,2,2,6.0,6.0,3.0,100.0,5.0,1,0,0,0,1,50.0,16.67
39,5,2,1,1,7.0,6.0,7.0,116.67,7.0,1,0,0,0,0,33.33,16.67
39,5,3,2,2,2.0,5.0,1.0,40.0,1.0,0,0,0,0,0,40.0,0.0
39,11,1,1,1,8.0,8.0,8.0,100.0,8.0,1,0,0,0,1,37.5,12.5
280,6,15,1,1,12.0,12.0,12.0,100.0,12.0,2,0,0,0,1,50.0,16.67
280,10,15,1,1,1.0,2.0,1.0,50.0,1.0,0,0,0,0,1,50.0,0.0
280,10,16,1,1,26.0,33.0,26.0,78.79,26.0,0,1,0,0,1,36.36,3.03
280,10,17,1,1,8.0,14.0,8.0,57.14,8.0,1,0,0,0,1,71.43,7.14
280,10,18,1,1,4.0,6.0,4.0,66.67,4.0,0,0,0,0,1,50.0,0.0
280,9,15,1,1,2.0,4.0,2.0,50.0,2.0,0,0,0,0,1,50.0,0.0
280,9,16,1,1,14.0,8.0,14.0,175.0,14.0,3,0,0,0,1,37.5,37.5
280,18,15,1,1,15.0,7.0,15.0,214.29,15.0,3,0,0,0,0,14.29,42.86
280,18,16,1,1,3.0,5.0,3.0,60.0,3.0,0,0,0,0,1,40.0,0.0
280,18,18,1,1,2.0,6.0,2.0,33.33,2.0,0,0,0,0,1,66.67,0.0
280,5,16,2,2,44.0,24.0,22.0,183.33,42.0,3,3,0,0,2,25.0,25.0
280,5,18,1,1,43.0,37.0,43.0,116.22,43.0,2,3,0,0,1,43.24,13.51
280,11,15,1,1,43.0,28.0,43.0,153.57,43.0,4,2,0,0,1,28.57,21.43
280,11,16,1,1,27.0,13.0,27.0,207.69,27.0,0,3,0,0,1,15.38,23.08
280,11,17,1,1,1.0,2.0,1.0,50.0,1.0,0,0,0,0,1,50.0,0.0
280,11,18,1,1,0.0,1.0,0.0,0.0,0.0,0,0,0,0,1,100.0,0.0
280,8,18,1,1,12.0,11.0,12.0,109.09,12.0,0,1,0,0,1,36.36,9.09
280,15,15,2,2,35.0,22.0,17.5,159.09,35.0,5,1,0,0,2,36.36,27.27
568,1,18,1,1,34.0,17.0,34.0,200.0,34.0,3,3,0,0,1,47.06,35.29
568,9,18,1,1,0.0,2.0,0.0,0.0,0.0,0,0,0,0,1,100.0,0.0
568,5,18,1,1,32.0,15.0,32.0,213.33,32.0,4,2,0,0,1,33.33,40.0
568,12,18,1,1,7.0,6.0,7.0,116.67,7.0,1,0,0,0,1,33.33,16.67
568,11,18,1,1,43.0,20.0,43.0,215.0,43.0,8,1,0,0,1,35.0,45.0
568,8,18,1,1,94.0,48.0,94.0,195.83,94.0,9,5,1,0,1,20.83,29.17
568,15,18,1,1,30.0,19.0,30.0,157.89,30.0,6,0,0,0,1,36.84,31.58
234,6,2,1,1,11.0,8.0,11.0,137.5,11.0,1,1,0,0,0,62.5,25.0
234,6,3,1,1,6.0,3.0,6.0,200.0,6.0,1,0,0,0,0,0.0,33.33
234,6,4,1,1,2.0,5.0,2.0,40.0,2.0,0,0,0,0,2,80.0,0.0
234,6,6,2,2,21.0,29.0,10.5,72.41,15.0,2,0,0,0,1,55.17,6.9
234,6,8,1,1,4.0,4.0,4.0,100.0,4.0,0,0,0,0,1,25.0,0.0
234,6,12,2,2,14.0,14.0,7.0,100.0,8.0,2,0,0,0,1,50.0,14.29
234,16,2,2,2,2.0,4.0,1.0,50.0,2.0,0,0,0,0,1,25.0,0.0
234,16,3,2,2,4.0,10.0,2.0,40.0,4.0,0,0,0,0,2,60.0,0.0
234,2,5,1,1,6.0,6.0,6.0,100.0,6.0,0,0,0,0,1,16.67,0.0
234,2,6,1,1,16.0,14.0,16.0,114.29,16.0,2,0,0,0,0,35.71,14.29
234,14,10,1,1,8.0,2.0,8.0,400.0,8.0,2,0,0,0,0,0.0,100.0
234,13,3,1,1,10.0,10.0,10.0,100.0,10.0,0,0,0,0,0,0.0,0.0
234,13,4,1,1,0.0,1.0,0.0,0.0,0.0,0,0,0,0,1,100.0,0.0
234,13,5,1,1,8.0,5.0,8.0,160.0,8.0,1,0,0,0,0,0.0,20.0
234,13,7,1,1,4.0,5.0,4.0,80.0,4.0,0,0,0,0,0,20.0,0.0
234,13,10,1,1,4.0,9.0,4.0,44.44,4.0,0,0,0,0,0,55.56,0.0
234,13,11,1,1,1.0,2.0,1.0,50.0,1.0,0,0,0,0,0,50.0,0.0
234,4,4,1,1,0.0,1.0,0.0,0.0,0.0,0,0,0,0,1,100.0,0.0
234,9,1,1,1,31.0,32.0,31.0,96.88,31.0,3,0,0,0,2,34.38,9.38
234,9,3,1,1,4.0,6.0,4.0,66.67,4.0,0,0,0,0,0,33.33,0.0
234,9,4,2,2,21.0,14.0,10.5,150.0,12.0,1,1,0,0,0,14.29,14.29
234,9,5,1,1,1.0,1.0,1.0,100.0,1.0,0,0,0,0,0,0.0,0.0
234,9,6,1,1,1.0,1.0,1.0,100.0,1.0,0,0,0,0,0,0.0,0.0
234,9,8,1,1,1.0,1.0,1.0,100.0,1.0,0,0,0,0,0,0.0,0.0
234,9,9,1,1,3.0,9.0,3.0,33.33,3.0,0,0,0,0,1,66.67,0.0
234,5,2,1,1,13.0,4.0,13.0,325.0,13.0,1,1,0,0,0,0.0,50.0
234,5,3,2,2,15.0,22.0,7.5,68.18,12.0,0,0,0,0,2,31.82,0.0
234,5,4,2,2,43.0,25.0,21.5,172.0,25.0,8,0,0,0,1,20.0,32.0
234,5,5,2,2,1.0,8.0,0.5,12.5,1.0,0,0,0,0,2,87.5,0.0
234,5,9,1,1,1.0,5.0,1.0,20.0,1.0,0,0,0,0,1,80.0,0.0
234,5,10,1,1,9.0,14.0,9.0,64.29,9.0,0,0,0,0,0,35.71,0.0
234,5,12,1,1,6.0,8.0,6.0,75.0,6.0,0,0,0,0,0,25.0,0.0
234,7,4,1,1,0.0,1.0,0.0,0.0,0.0,0,0,0,0,1,100.0,0.0
234,7,6,1,1,30.0,24.0,30.0,125.0,30.0,3,0,0,0,1,16.67,12.5
234,11,1,2,2,6.0,10.0,3.0,60.0,4.0,0,0,0,0,2,50.0,0.0
234,11,2,1,1,0.0,4.0,0.0,0.0,0.0,0,0,0,0,1,100.0,0.0
234,11,4,1,1,2.0,2.0,2.0,100.0,2.0,0,0,0,0,0,0.0,0.0
234,11,6,1,1,21.0,28.0,21.0,75.0,21.0,2,0,0,0,1,53.57,7.14
234,11,7,1,1,0.0,2.0,0.0,0.0,0.0,0,0,0,0,1,50.0,0.0
234,11,8,1,1,1.0,3.0,1.0,33.33,1.0,0,0,0,0,0,66.67,0.0
234,3,10,1,1,13.0,9.0,13.0,144.44,13.0,0,1,0,0,0,11.11,11.11
234,17,8,1,1,2.0,4.0,2.0,50.0,2.0,0,0,0,0,1,50.0,0.0
234,17,10,2,2,15.0,18.0,7.5,83.33,8.0,0,1,0,0,1,50.0,5.56
234,17,16,1,1,19.0,30.0,19.0,63.33,19.0,2,0,0,0,1,56.67,6.67
234,15,12,1,1,1.0,2.0,1.0,50.0,1.0,0,0,0,0,1,50.0,0.0
739,6,4,1,1,11.0,8.0,11.0,137.5,11.0,2,0,0,0,1,12.5,25.0
739,2,3,1,1,5.0,4.0,5.0,125.0,5.0,1,0,0,0,1,50.0,25.0
739,2,4,1,1,0.0,2.0,0.0,0.0,0.0,0,0,0,0,1,100.0,0.0
739,13,4,2,2,16.0,10.0,8.0,160.0,10.0,1,1,0,0,1,30.0,20.0
739,9,6,1,1,2.0,2.0,2.0,100.0,2.0,0,0,0,0,1,50.0,0.0
447,11,1,1,1,0.0,1.0,0.0,0.0,0.0,0,0,0,0,1,100.0,0.0
447,11,6,1,1,19.0,21.0,19.0,90.48,19.0,1,0,0,0,1,33.33,4.76
64,6,1,1,1,1.0,2.0,1.0,50.0,1.0,0,0,0,0,0,50.0,0.0
64,6,6,1,1,0.0,1.0,0.0,0.0,0.0,0,0,0,0,1,100.0,0.0
64,16,3,1,1,22.0,16.0,22.0,137.5,22.0,2,1,0,0,0,31.25,18.75
64,2,9,1,1,1.0,1.0,1.0,100.0,1.0,0,0,0,0,0,0.0,0.0
64,13,1,2,2,2.0,11.0,1.0,18.18,2.0,0,0,0,0,0,72.73,0.0
64,13,2,1,1,1.0,1.0,1.0,100.0,1.0,0,0,0,0,0,0.0,0.0
64,13,3,1,1,1.0,4.0,1.0,25.0,1.0,0,0,0,0,1,75.0,0.0
64,13,5,1,1,2.0,4.0,2.0,50.0,2.0,0,0,0,0,1,25.0,0.0
64,9,6,1,1,0.0,1.0,0.0,0.0,0.0,0,0,0,0,1,100.0,0.0
64,9,8,1,1,1.0,4.0,1.0,25.0,1.0,0,0,0,0,0,25.0,0.0
64,5,6,1,1,1.0,5.0,1.0,20.0,1.0,0,0,0,0,1,80.0,0.0
64,5,8,1,1,0.0,1.0,0.0,0.0,0.0,0,0,0,0,1,100.0,0.0
64,11,5,1,1,9.0,8.0,9.0,112.5,9.0,1,0,0,0,0,37.5,12.5
64,17,8,2,2,0.0,2.0,0.0,0.0,0.0,0,0,0,0,1,50.0,0.0
64,15,6,1,1,0.0,1.0,0.0,0.0,0.0,0,0,0,0,1,100.0,0.0
744,6,15,1,1,1.0,6.0,1.0,16.67,1.0,0,0,0,0,0,83.33,0.0
744,6,16,1,1,0.0,1.0,0.0,0.0,0.0,0,0,0,0,0,0.0,0.0
744,1,16,2,2,7.0,8.0,3.5,87.5,4.0,1,0,0,0,0,50.0,12.5
744,13,13,1,1,3.0,1.0,3.0,300.0,3.0,0,0,0,0,0,0.0,0.0
744,9,17,1,1,4.0,6.0,4.0,66.67,4.0,0,0,0,0,1,50.0,0.0
744,5,16,1,1,5.0,3.0,5.0,166.67,5.0,1,0,0,0,1,33.33,33.33
744,11,16,1,1,0.0,1.0,0.0,0.0,0.0,0,0,0,0,1,100.0,0.0
744,17,16,1,1,23.0,14.0,23.0,164.29,23.0,4,0,0,0,0,21.43,28.57
744,15,13,2,2,4.0,5.0,2.0,80.0,3.0,0,0,0,0,1,60.0,0.0
744,15,16,1,1,2.0,2.0,2.0,100.0,2.0,0,0,0,0,0,0.0,0.0
744,15,17,1,1,0.0,2.0,0.0,0.0,0.0,0,0,0,0,1,100.0,0.0
710,6,17,1,1,24.0,18.0,24.0,133.33,24.0,3,1,0,0,1,44.44,22.22
710,6,18,1,1,1.0,2.0,1.0,50.0,1.0,0,0,0,0,1,50.0,0.0
710,10,17,1,1,54.0,27.0,54.0,200.0,54.0,5,3,1,0,1,14.81,29.63
710,10,18,1,1,44.0,32.0,44.0,137.5,44.0,3,2,0,0,1,28.12,15.62
710,1,18,1,1,27.0,13.0,27.0,207.69,27.0,3,1,0,0,0,15.38,30.77
710,18,17,2,2,39.0,32.0,19.5,121.88,32.0,3,2,0,0,2,37.5,15.62
710,18,18,1,1,5.0,4.0,5.0,125.0,5.0,1,0,0,0,1,50.0,25.0
710,5,17,1,1,13.0,6.0,13.0,216.67,13.0,0,2,0,0,1,50.0,33.33
710,5,18,1,1,26.0,16.0,26.0,162.5,26.0,3,1,0,0,1,31.25,25.0
710,12,18,1,1,37.0,28.0,37.0,132.14,37.0,5,1,0,0,1,39.29,21.43
710,11,17,1,1,30.0,18.0,30.0,166.67,30.0,5,0,0,0,1,16.67,27.78
710,11,18,2,2,66.0,48.0,33.0,137.5,44.0,7,0,0,0,1,12.5,14.58
710,8,17,1,1,3.0,4.0,3.0,75.0,3.0,0,0,0,0,1,25.0,0.0
710,8,18,1,1,30.0,22.0,30.0,136.36,30.0,2,1,0,0,1,18.18,13.64
710,15,18,2,2,64.0,50.0,32.0,128.0,50.0,6,2,1,0,2,32.0,16.0
368,6,4,1,1,1.0,2.0,1.0,50.0,1.0,0,0,0,0,1,50.0,0.0
368,2,2,1,1,0.0,1.0,0.0,0.0,0.0,0,0,0,0,1,100.0,0.0
368,9,2,1,1,1.0,2.0,1.0,50.0,1.0,0,0,0,0,0,50.0,0.0
368,9,4,1,1,0.0,2.0,0.0,0.0,0.0,0,0,0,0,1,100.0,0.0
368,5,5,1,1,0.0,3.0,0.0,0.0,0.0,0,0,0,0,1,66.67,0.0
403,6,3,3,3,100.0,87.0,33.33,114.94,50.0,7,5,1,0,2,43.68,13.79
403,6,4,1,1,31.0,26.0,31.0,119.23,31.0,1,2,0,0,0,34.62,11.54
403,16,4,2,2,52.0,52.0,26.0,100.0,44.0,4,1,0,0,1,38.46,9.62
403,2,1,1,1,12.0,13.0,12.0,92.31,12.0,2,0,0,0,1,61.54,15.38
403,2,2,2,2,65.0,37.0,32.5,175.68,41.0,5,3,0,0,2,24.32,21.62
403,2,3,2,2,89.0,54.0,44.5,164.81,54.0,6,7,1,0,2,35.19,24.07
403,2,4,1,1,4.0,4.0,4.0,100.0,4.0,0,0,0,0,0,0.0,0.0
403,13,2,2,2,85.0,61.0,42.5,139.34,60.0,3,4,1,0,1,27.87,11.48
403,13,3,2,2,57.0,44.0,28.5,129.55,53.0,3,3,1,0,2,31.82,13.64
403,13,4,2,2,12.0,12.0,6.0,100.0,8.0,1,0,0,0,0,41.67,8.33
403,9,1,1,1,32.0,39.0,32.0,82.05,32.0,2,2,0,0,1,58.97,10.26
403,9,2,1,1,18.0,13.0,18.0,138.46,18.0,0,1,0,0,2,7.69,7.69
403,9,3,2,2,50.0,46.0,25.0,108.7,45.0,5,0,0,0,2,32.61,10.87
403,5,3,2,2,22.0,24.0,11.0,91.67,21.0,2,0,0,0,2,37.5,8.33
403,7,4,2,2,19.0,18.0,9.5,105.56,16.0,2,0,0,0,1,33.33,11.11
403,11,1,1,1,117.0,53.0,117.0,220.75,117.0,11,7,1,1,0,15.09,33.96
403,11,2,1,1,30.0,19.0,30.0,157.89,30.0,2,1,0,0,1,26.32,15.79
403,11,3,2,2,37.0,34.0,18.5,108.82,22.0,5,0,0,0,1,41.18,14.71
403,11,4,1,1,17.0,26.0,17.0,65.38,17.0,1,0,0,0,1,46.15,3.85
403,17,2,2,2,51.0,36.0,25.5,141.67,33.0,5,2,0,0,2,38.89,19.44
403,17,3,3,3,74.0,52.0,24.67,142.31,53.0,7,3,1,0,2,30.77,19.23
70,18,15,1,1,4.0,8.0,4.0,50.0,4.0,1,0,0,0,1,87.5,12.5
443,2,3,1,1,4.0,6.0,4.0,66.67,4.0,0,0,0,0,0,33.33,0.0
443,5,3,1,1,0.0,1.0,0.0,0.0,0.0,0,0,0,0,1,100.0,0.0
243,6,16,1,1,1.0,1.0,1.0,100.0,1.0,0,0,0,0,1,0.0,0.0
243,2,10,1,1,5.0,7.0,5.0,71.43,5.0,1,0,0,0,1,71.43,14.29
243,1,16,1,1,7.0,9.0,7.0,77.78,7.0,0,0,0,0,1,22.22,0.0
243,17,16,1,1,2.0,6.0,2.0,33.33,2.0,0,0,0,0,1,66.67,0.0
243,15,9,1,1,0.0,1.0,0.0,0.0,0.0,0,0,0,0,1,100.0,0.0
153,6,2,1,1,12.0,14.0,12.0,85.71,12.0,1,0,0,0,0,28.57,7.14
153,2,2,2,2,32.0,47.0,16.0,68.09,22.0,2,0,0,0,2,51.06,4.26
153,11,2,1,1,1.0,5.0,1.0,20.0,1.0,0,0,0,0,1,80.0,0.0
153,11,3,1,1,2.0,4.0,2.0,50.0,2.0,0,0,0,0,1,50.0,0.0
153,17,2,2,2,22.0,15.0,11.0,146.67,16.0,2,0,0,0,1,13.33,13.33
607,2,5,1,1,7.0,6.0,7.0,116.67,7.0,1,0,0,0,0,33.33,16.67
607,4,4,1,1,1.0,3.0,1.0,33.33,1.0,0,0,0,0,0,66.67,0.0
607,5,5,1,1,4.0,2.0,4.0,200.0,4.0,1,0,0,0,1,50.0,50.0
257,6,3,2,2,18.0,10.0,9.0,180.0,11.0,2,1,0,0,2,30.0,30.0
257,6,5,1,1,1.0,1.0,1.0,100.0,1.0,0,0,0,0,0,0.0,0.0
257,16,3,1,1,11.0,8.0,11.0,137.5,11.0,1,0,0,0,1,25.0,12.5
257,2,3,2,2,55.0,50.0,27.5,110.0,53.0,5,1,1,0,1,38.0,12.0
257,2,5,1,1,4.0,5.0,4.0,80.0,4.0,1,0,0,0,1,80.0,20.0
257,13,4,1,1,0.0,3.0,0.0,0.0,0.0,0,0,0,0,1,66.67,0.0
257,13,5,1,1,19.0,20.0,19.0,95.0,19.0,0,1,0,0,1,40.0,5.0
257,9,3,1,1,45.0,36.0,45.0,125.0,45.0,5,0,0,0,2,22.22,13.89
257,5,3,2,2,36.0,33.0,18.0,109.09,22.0,1,2,0,0,2,36.36,9.09
257,5,4,1,1,10.0,15.0,10.0,66.67,10.0,2,0,0,0,1,66.67,13.33
257,17,3,2,2,18.0,29.0,9.0,62.07,13.0,2,0,0,0,2,62.07,6.9
409,9,17,1,1,9.0,7.0,9.0,128.57,9.0,2,0,0,0,1,57.14,28.57
409,5,17,1,1,0.0,1.0,0.0,0.0,0.0,0,0,0,0,1,100.0,0.0
388,9,1,1,1,9.0,10.0,9.0,90.0,9.0,1,0,0,0,1,40.0,10.0
577,6,1,1,1,11.0,9.0,11.0,122.22,11.0,1,0,0,0,1,22.22,11.11
577,6,3,1,1,9.0,5.0,9.0,180.0,9.0,2,0,0,0,0,40.0,40.0
577,6,6,1,1,3.0,7.0,3.0,42.86,3.0,0,0,0,0,1,57.14,0.0
577,16,2,1,1,7.0,3.0,7.0,233.33,7.0,0,1,0,0,1,33.33,33.33
577,16,3,1,1,8.0,5.0,8.0,160.0,8.0,1,0,0,0,0,20.0,20.0
577,2,2,1,1,39.0,29.0,39.0,134.48,39.0,3,2,0,0,1,41.38,17.24
577,2,3,1,1,17.0,13.0,17.0,130.77,17.0,1,0,0,0,1,15.38,7.69
577,13,1,1,1,1.0,2.0,1.0,50.0,1.0,0,0,0,0,0,0.0,0.0
577,13,6,1,1,9.0,9.0,9.0,100.0,9.0,0,0,0,0,0,11.11,0.0
577,5,1,2,2,17.0,20.0,8.5,85.0,15.0,2,0,0,0,2,50.0,10.0
577,5,4,1,1,7.0,6.0,7.0,116.67,7.0,1,0,0,0,0,16.67,16.67
577,11,1,2,2,25.0,15.0,12.5,166.67,20.0,2,2,0,0,1,46.67,26.67
577,11,2,2,2,14.0,18.0,7.0,77.78,13.0,0,0,0,0,0,22.22,0.0
577,17,2,1,1,6.0,7.0,6.0,85.71,6.0,0,0,0,0,0,14.29,0.0
577,17,3,1,1,6.0,6.0,6.0,100.0,6.0,0,0,0,0,0,16.67,0.0
715,16,3,1,1,7.0,10.0,7.0,70.0,7.0,1,0,0,0,1,60.0,10.0
715,2,3,1,1,2.0,5.0,2.0,40.0,2.0,0,0,0,0,0,60.0,0.0
715,5,3,1,1,33.0,27.0,33.0,122.22,33.0,4,1,0,0,1,40.74,18.52
481,6,1,2,2,26.0,22.0,13.0,118.18,26.0,2,0,0,0,1,27.27,9.09
481,6,2,2,2,105.0,55.0,52.5,190.91,105.0,5,6,1,1,1,12.73,20.0
481,6,3,1,1,2.0,3.0,2.0,66.67,2.0,0,0,0,0,1,33.33,0.0
481,6,4,4,4,94.0,69.0,23.5,136.23,65.0,8,3,1,0,4,31.88,15.94
481,6,5,1,1,4.0,2.0,4.0,200.0,4.0,1,0,0,0,1,50.0,50.0
481,6,6,2,2,69.0,35.0,34.5,197.14,64.0,9,1,1,0,2,14.29,28.57
481,6,7,2,2,38.0,20.0,19.0,190.0,28.0,3,3,0,0,2,30.0,30.0
481,6,8,3,3,36.0,27.0,12.0,133.33,21.0,5,2,0,0,2,59.26,25.93
481,6,11,2,2,69.0,34.0,34.5,202.94,68.0,2,8,1,0,2,35.29,29.41
481,6,12,2,2,34.0,29.0,17.0,117.24,25.0,3,1,0,0,2,48.28,13.79
481,6,13,2,2,39.0,38.0,19.5,102.63,39.0,4,0,0,0,2,34.21,10.53
481,6,14,2,2,16.0,20.0,8.0,80.0,12.0,0,1,0,0,3,45.0,5.0
481,16,2,3,3,75.0,66.0,25.0,113.64,44.0,5,3,0,0,3,37.88,12.12
481,16,3,1,1,27.0,26.0,27.0,103.85,27.0,2,0,0,0,2,34.62,7.69
481,16,4,1,1,0.0,7.0,0.0,0.0,0.0,0,0,0,0,1,100.0,0.0
481,16,5,2,2,51.0,28.0,25.5,182.14,47.0,5,3,0,0,1,28.57,28.57
481,10,12,2,2,34.0,35.0,17.0,97.14,17.0,1,2,0,0,2,42.86,8.57
481,10,13,2,2,44.0,27.0,22.0,162.96,35.0,3,2,0,0,2,22.22,18.52
481,10,14,2,2,101.0,68.0,50.5,148.53,75.0,5,6,1,0,1,29.41,16.18
481,2,4,1,1,5.0,2.0,5.0,250.0,5.0,1,0,0,0,0,0.0,50.0
481,2,5,1,1,64.0,42.0,64.0,152.38,64.0,6,2,1,0,0,19.05,19.05
481,2,6,2,3,84.0,53.0,42.0,158.49,52.0,5,5,1,0,1,24.53,18.87
481,2,7,1,1,33.0,17.0,33.0,194.12,33.0,4,1,0,0,1,17.65,29.41
481,2,9,2,2,61.0,41.0,30.5,148.78,55.0,10,1,1,0,2,34.15,26.83
481,2,11,2,2,162.0,76.0,81.0,213.16,90.0,14,11,2,0,0,17.11,32.89
481,14,9,3,3,228.0,115.0,76.0,198.26,129.0,17,17,2,1,1,21.74,29.57
481,14,10,1,1,5.0,11.0,5.0,45.45,5.0,0,0,0,0,0,45.45,0.0
481,13,2,1,1,11.0,11.0,11.0,100.0,11.0,1,0,0,0,1,54.55,9.09
481,13,3,1,1,7.0,13.0,7.0,53.85,7.0,0,0,0,0,0,46.15,0.0
481,13,4,2,2,61.0,41.0,30.5,148.78,34.0,5,3,0,0,1,26.83,19.51
481,13,5,2,2,69.0,52.0,34.5,132.69,52.0,7,1,1,0,2,30.77,15.38
481,13,6,2,2,44.0,21.0,22.0,209.52,38.0,4,3,0,0,1,23.81,33.33
481,13,7,2,2,70.0,41.0,35.0,170.73,53.0,3,5,1,0,2,21.95,19.51
481,13,8,2,2,57.0,33.0,28.5,172.73,47.0,4,4,0,0,1,18.18,24.24
481,13,9,2,2,64.0,37.0,32.0,172.97,64.0,5,2,1,0,2,16.22,18.92
481,13,10,2,2,99.0,52.0,49.5,190.38,89.0,4,10,1,0,1,32.69,26.92
481,13,11,1,1,57.0,40.0,57.0,142.5,57.0,2,4,1,0,1,30.0,15.0
481,13,12,2,2,141.0,82.0,70.5,171.95,82.0,8,9,2,0,0,17.07,20.73
481,13,13,2,2,30.0,23.0,15.0,130.43,28.0,4,1,0,0,2,47.83,21.74
481,4,4,1,1,54.0,40.0,54.0,135.0,54.0,1,5,1,0,0,37.5,15.0
481,9,1,1,1,7.0,12.0,7.0,58.33,7.0,0,0,0,0,1,50.0,0.0
481,9,2,1,1,40.0,32.0,40.0,125.0,40.0,5,0,0,0,0,28.12,15.62
481,9,4,1,1,13.0,13.0,13.0,100.0,13.0,2,0,0,0,0,46.15,15.38
481,9,5,2,2,10.0,11.0,5.0,90.91,10.0,1,0,0,0,2,45.45,9.09
481,9,6,2,2,50.0,44.0,25.0,113.64,28.0,3,2,0,0,1,34.09,11.36
481,9,7,2,2,24.0,25.0,12.0,96.0,13.0,2,0,0,0,2,36.0,8.0
481,9,8,2,2,30.0,17.0,15.0,176.47,28.0,3,2,0,0,2,29.41,29.41
481,9,9,2,2,63.0,37.0,31.5,170.27,59.0,5,3,1,0,1,24.32,21.62
481,9,10,2,2,18.0,14.0,9.0,128.57,10.0,4,0,0,0,2,64.29,28.57
481,9,11,1,1,44.0,23.0,44.0,191.3,44.0,1,5,0,0,1,30.43,26.09
481,9,12,1,1,63.0,32.0,63.0,196.88,63.0,5,4,1,0,1,28.12,28.12
481,9,13,1,1,73.0,33.0,73.0,221.21,73.0,5,6,1,0,0,30.3,33.33
481,9,14,3,3,87.0,44.0,29.0,197.73,76.0,10,3,1,0,2,22.73,29.55
481,5,1,1,1,21.0,17.0,21.0,123.53,21.0,2,1,0,0,0,52.94,17.65
481,5,2,2,2,56.0,44.0,28.0,127.27,50.0,7,1,1,0,1,38.64,18.18
481,5,3,2,2,15.0,18.0,7.5,83.33,11.0,2,0,0,0,2,44.44,11.11
481,5,4,2,2,59.0,51.0,29.5,115.69,38.0,3,2,0,0,1,25.49,9.8
481,5,5,1,1,14.0,13.0,14.0,107.69,14.0,1,0,0,0,1,23.08,7.69
481,5,6,1,1,2.0,3.0,2.0,66.67,2.0,0,0,0,0,1,33.33,0.0
481,5,7,2,2,54.0,55.0,27.0,98.18,45.0,5,1,0,0,1,45.45,10.91
481,5,8,2,2,174.0,70.0,87.0,248.57,133.0,24,7,1,1,1,15.71,44.29
481,5,9,2,2,53.0,48.0,26.5,110.42,29.0,4,2,0,0,2,35.42,12.5
481,5,10,2,2,62.0,48.0,31.0,129.17,43.0,3,4,0,0,2,29.17,14.58
481,5,11,1,1,1.0,2.0,1.0,50.0,1.0,0,0,0,0,1,50.0,0.0
481,5,12,2,2,145.0,92.0,72.5,157.61,75.0,10,10,2,0,1,30.43,21.74
481,5,13,2,3,76.0,40.0,38.0,190.0,61.0,6,5,1,0,1,22.5,27.5
481,5,14,2,2,59.0,33.0,29.5,178.79,48.0,5,3,0,0,2,21.21,24.24
481,7,4,1,1,26.0,20.0,26.0,130.0,26.0,1,1,0,0,1,15.0,10.0
481,7,5,2,2,42.0,18.0,21.0,233.33,33.0,2,4,0,0,0,11.11,33.33
481,7,6,2,2,81.0,31.0,40.5,261.29,50.0,9,5,1,0,1,16.13,45.16
481,12,14,2,2,26.0,27.0,13.0,96.3,23.0,1,2,0,0,2,48.15,11.11
481,11,1,1,1,20.0,22.0,20.0,90.91,20.0,0,0,0,0,1,27.27,0.0
481,11,2,2,2,129.0,95.0,64.5,135.79,79.0,13,2,2,0,1,26.32,15.79
481,11,3,1,1,15.0,24.0,15.0,62.5,15.0,0,0,0,0,1,45.83,0.0
481,11,5,2,2,65.0,32.0,32.5,203.12,59.0,3,5,1,0,1,18.75,25.0
481,11,6,2,2,28.0,21.0,14.0,133.33,21.0,4,0,0,0,2,33.33,19.05
481,11,7,2,2,58.0,33.0,29.0,175.76,58.0,1,5,1,0,2,21.21,18.18
481,11,8,3,3,170.0,117.0,56.67,145.3,66.0,19,5,2,0,0,31.62,20.51
481,11,11,2,2,73.0,53.0,36.5,137.74,53.0,8,1,1,0,2,26.42,16.98
481,11,12,2,2,23.0,13.0,11.5,176.92,13.0,4,0,0,0,2,38.46,30.77
481,11,13,2,2,67.0,32.0,33.5,209.38,55.0,2,6,1,0,0,18.75,25.0
481,11,14,1,1,4.0,1.0,4.0,400.0,4.0,1,0,0,0,0,0.0,100.0
481,3,9,2,2,84.0,49.0,42.0,171.43,83.0,6,4,1,0,2,14.29,20.41
481,3,10,2,2,32.0,38.0,16.0,84.21,29.0,1,2,0,0,2,47.37,7.89
481,17,1,1,1,21.0,25.0,21.0,84.0,21.0,1,0,0,0,1,40.0,4.0
481,17,2,2,2,49.0,52.0,24.5,94.23,28.0,3,0,0,0,2,34.62,5.77
481,17,3,1,1,45.0,35.0,45.0,128.57,45.0,3,0,0,0,1,17.14,8.57
481,15,6,1,1,15.0,15.0,15.0,100.0,15.0,0,1,0,0,1,33.33,6.67
481,15,7,2,2,118.0,58.0,59.0,203.45,89.0,8,9,1,0,1,18.97,29.31
481,15,8,2,2,46.0,29.0,23.0,158.62,46.0,5,2,0,0,2,27.59,24.14
481,15,9,3,3,134.0,80.0,44.67,167.5,82.0,10,8,1,0,3,23.75,22.5
481,15,11,2,2,74.0,47.0,37.0,157.45,69.0,12,1,1,0,2,31.91,27.66
481,15,12,2,2,2.0,4.0,1.0,50.0,1.0,0,0,0,0,2,50.0,0.0
481,15,13,3,3,131.0,97.0,43.67,135.05,56.0,10,3,2,0,3,21.65,13.4
481,15,14,2,2,20.0,18.0,10.0,111.11,19.0,1,1,0,0,1,38.89,11.11
134,6,6,1,1,2.0,2.0,2.0,100.0,2.0,0,0,0,0,0,0.0,0.0
134,16,2,1,1,2.0,2.0,2.0,100.0,2.0,0,0,0,0,1,50.0,0.0
134,2,10,1,1,7.0,7.0,7.0,100.0,7.0,1,0,0,0,1,42.86,14.29
134,13,5,1,1,2.0,5.0,2.0,40.0,2.0,0,0,0,0,0,40.0,0.0
134,13,7,1,1,2.0,5.0,2.0,40.0,2.0,0,0,0,0,0,60.0,0.0
134,5,1,1,1,1.0,1.0,1.0,100.0,1.0,0,0,0,0,0,0.0,0.0
134,5,2,1,1,0.0,1.0,0.0,0.0,0.0,0,0,0,0,1,100.0,0.0
134,5,4,1,1,0.0,5.0,0.0,0.0,0.0,0,0,0,0,1,100.0,0.0
134,5,7,1,1,2.0,4.0,2.0,50.0,2.0,0,0,0,0,0,50.0,0.0
134,11,1,1,1,1.0,3.0,1.0,33.33,1.0,0,0,0,0,1,33.33,0.0
134,11,7,1,1,0.0,3.0,0.0,0.0,0.0,0,0,0,0,1,100.0,0.0
134,17,3,1,1,0.0,1.0,0.0,0.0,0.0,0,0,0,0,1,100.0,0.0
134,17,6,2,2,7.0,6.0,3.5,116.67,6.0,1,0,0,0,0,33.33,16.67
134,15,6,2,2,0.0,3.0,0.0,0.0,0.0,0,0,0,0,2,100.0,0.0
515,6,4,1,1,8.0,7.0,8.0,114.29,8.0,0,0,0,0,1,28.57,0.0
515,2,5,1,1,30.0,19.0,30.0,157.89,30.0,4,2,0,0,1,52.63,31.58
515,2,6,1,1,0.0,2.0,0.0,0.0,0.0,0,0,0,0,1,100.0,0.0
515,13,5,2,2,17.0,16.0,8.5,106.25,9.0,2,0,0,0,1,25.0,12.5
515,5,3,1,1,33.0,31.0,33.0,106.45,33.0,0,1,0,0,0,22.58,3.23
515,11,3,1,1,14.0,9.0,14.0,155.56,14.0,2,0,0,0,0,11.11,22.22
515,17,2,1,1,3.0,4.0,3.0,75.0,3.0,0,0,0,0,1,25.0,0.0
515,17,3,1,1,18.0,12.0,18.0,150.0,18.0,1,1,0,0,0,33.33,16.67
3,17,16,1,1,1.0,1.0,1.0,100.0,1.0,0,0,0,0,0,0.0,0.0
488,6,13,1,1,8.0,6.0,8.0,133.33,8.0,0,0,0,0,0,16.67,0.0
488,6,14,1,1,18.0,14.0,18.0,128.57,18.0,1,1,0,0,1,28.57,14.29
488,6,17,1,1,19.0,18.0,19.0,105.56,19.0,1,1,0,0,1,38.89,11.11
488,6,18,1,1,20.0,11.0,20.0,181.82,20.0,0,2,0,0,1,9.09,18.18
488,10,13,2,2,45.0,23.0,22.5,195.65,33.0,3,3,0,0,1,13.04,26.09
488,10,14,1,1,28.0,21.0,28.0,133.33,28.0,2,1,0,0,1,23.81,14.29
488,10,16,1,1,28.0,21.0,28.0,133.33,28.0,1,2,0,0,1,28.57,14.29
488,10,17,1,1,13.0,8.0,13.0,162.5,13.0,1,1,0,0,1,37.5,25.0
488,10,18,1,1,2.0,8.0,2.0,25.0,2.0,0,0,0,0,1,75.0,0.0
488,1,16,1,1,4.0,3.0,4.0,133.33,4.0,1,0,0,0,1,66.67,33.33
488,1,17,1,1,29.0,14.0,29.0,207.14,29.0,3,1,0,0,0,7.14,28.57
488,1,18,1,1,2.0,3.0,2.0,66.67,2.0,0,0,0,0,0,33.33,0.0
488,13,13,2,2,15.0,12.0,7.5,125.0,8.0,2,0,0,0,2,33.33,16.67
488,9,13,1,2,25.0,17.0,25.0,147.06,25.0,2,1,0,0,2,41.18,17.65
488,9,14,2,2,44.0,26.0,22.0,169.23,25.0,0,5,0,0,1,34.62,19.23
488,9,16,1,1,21.0,18.0,21.0,116.67,21.0,3,0,0,0,1,38.89,16.67
488,9,17,3,3,35.0,27.0,11.67,129.63,16.0,1,3,0,0,4,40.74,14.81
488,9,18,1,1,6.0,4.0,6.0,150.0,6.0,1,0,0,0,1,25.0,25.0
488,18,15,1,1,0.0,1.0,0.0,0.0,0.0,0,0,0,0,1,100.0,0.0
488,18,16,2,2,58.0,35.0,29.0,165.71,37.0,2,6,0,0,1,42.86,22.86
488,5,13,1,1,20.0,9.0,20.0,222.22,20.0,1,2,0,0,1,33.33,33.33
488,5,14,2,2,9.0,11.0,4.5,81.82,7.0,1,0,0,0,2,45.45,9.09
488,5,16,1,1,9.0,12.0,9.0,75.0,9.0,1,0,0,0,1,33.33,8.33
488,5,17,1,1,3.0,4.0,3.0,75.0,3.0,0,0,0,0,1,25.0,0.0
488,5,18,2,2,6.0,6.0,3.0,100.0,4.0,1,0,0,0,2,33.33,16.67
488,12,14,1,1,1.0,2.0,1.0,50.0,1.0,0,0,0,0,1,50.0,0.0
488,12,17,2,2,36.0,20.0,18.0,180.0,25.0,5,1,0,0,1,25.0,30.0
488,12,18,2,2,72.0,36.0,36.0,200.0,45.0,4,6,0,0,2,19.44,27.78
488,11,14,1,1,10.0,8.0,10.0,125.0,10.0,0,1,0,0,1,50.0,12.5
488,11,15,1,1,4.0,6.0,4.0,66.67,4.0,0,0,0,0,1,33.33,0.0
488,11,16,2,2,49.0,39.0,24.5,125.64,32.0,2,3,0,0,0,33.33,12.82
488,11,17,1,1,0.0,1.0,0.0,0.0,0.0,0,0,0,0,1,100.0,0.0
488,11,18,1,1,30.0,10.0,30.0,300.0,30.0,0,4,0,0,0,0.0,40.0
488,17,14,2,2,1.0,5.0,0.5,20.0,1.0,0,0,0,0,2,80.0,0.0
488,8,17,2,2,47.0,16.0,23.5,293.75,37.0,4,4,0,0,1,12.5,50.0
488,8,18,1,1,1.0,1.0,1.0,100.0,1.0,0,0,0,0,0,0.0,0.0
488,15,18,2,2,25.0,14.0,12.5,178.57,22.0,2,2,0,0,2,35.71,28.57
511,11,1,1,1,0.0,2.0,0.0,0.0,0.0,0,0,0,0,0,100.0,0.0
733,6,11,1,1,2.0,4.0,2.0,50.0,2.0,0,0,0,0,1,50.0,0.0
733,6,13,1,1,31.0,24.0,31.0,129.17,31.0,4,1,0,0,1,41.67,20.83
733,6,14,1,1,18.0,13.0,18.0,138.46,18.0,1,1,0,0,1,23.08,15.38
733,6,15,2,2,114.0,74.0,57.0,154.05,75.0,10,4,1,0,2,27.03,18.92
733,6,16,1,1,34.0,26.0,34.0,130.77,34.0,3,1,0,0,1,30.77,15.38
733,6,17,2,2,52.0,21.0,26.0,247.62,37.0,4,5,0,0,2,28.57,42.86
733,6,18,1,1,0.0,2.0,0.0,0.0,0.0,0,0,0,0,1,100.0,0.0
733,10,12,1,1,2.0,3.0,2.0,66.67,2.0,0,0,0,0,1,33.33,0.0
733,10,13,1,1,1.0,1.0,1.0,100.0,1.0,0,0,0,0,0,0.0,0.0
733,10,14,1,1,5.0,6.0,5.0,83.33,5.0,0,0,0,0,1,33.33,0.0
733,10,15,1,1,7.0,6.0,7.0,116.67,7.0,1,0,0,0,1,50.0,16.67
733,10,16,2,2,72.0,41.0,36.0,175.61,67.0,12,1,1,0,2,31.71,31.71
733,10,17,1,1,46.0,12.0,46.0,383.33,46.0,2,6,0,0,1,8.33,66.67
733,10,18,1,1,1.0,1.0,1.0,100.0,1.0,0,0,0,0,0,0.0,0.0
733,1,15,2,2,107.0,74.0,53.5,144.59,65.0,12,3,1,0,2,32.43,20.27
733,1,16,1,1,5.0,5.0,5.0,100.0,5.0,1,0,0,0,1,60.0,20.0
733,1,17,1,1,29.0,20.0,29.0,145.0,29.0,2,2,0,0,1,45.0,20.0
733,1,18,2,2,92.0,57.0,46.0,161.4,74.0,8,6,1,0,2,36.84,24.56
733,13,12,1,1,5.0,3.0,5.0,166.67,5.0,1,0,0,0,0,0.0,33.33
733,13,13,1,1,12.0,6.0,12.0,200.0,12.0,1,1,0,0,1,33.33,33.33
733,9,13,1,1,2.0,3.0,2.0,66.67,2.0,0,0,0,0,0,33.33,0.0
733,9,14,1,1,6.0,10.0,6.0,60.0,6.0,0,0,0,0,1,40.0,0.0
733,9,15,2,2,46.0,38.0,23.0,121.05,43.0,4,2,0,0,2,44.74,15.79
733,9,16,2,2,41.0,27.0,20.5,151.85,32.0,4,2,0,0,2,25.93,22.22
733,9,17,3,3,37.0,28.0,12.33,132.14,32.0,4,2,0,0,3,53.57,21.43
733,9,18,2,2,34.0,22.0,17.0,154.55,32.0,4,2,0,0,2,45.45,27.27
733,18,15,1,1,13.0,11.0,13.0,118.18,13.0,2,0,0,0,1,36.36,18.18
733,18,16,1,1,7.0,5.0,7.0,140.0,7.0,1,0,0,0,1,40.0,20.0
733,18,17,1,1,75.0,28.0,75.0,267.86,75.0,8,6,1,0,0,25.0,50.0
733,18,18,2,2,65.0,26.0,32.5,250.0,59.0,5,6,1,0,2,26.92,42.31
733,5,11,1,1,15.0,10.0,15.0,150.0,15.0,0,1,0,0,0,0.0,10.0
733,5,12,1,1,2.0,3.0,2.0,66.67,2.0,0,0,0,0,1,33.33,0.0
733,5,13,1,1,10.0,13.0,10.0,76.92,10.0,0,0,0,0,1,30.77,0.0
733,5,14,2,2,35.0,20.0,17.5,175.0,33.0,4,1,0,0,2,30.0,25.0
733,5,15,1,1,9.0,10.0,9.0,90.0,9.0,1,0,0,0,1,50.0,10.0
733,5,16,1,1,1.0,2.0,1.0,50.0,1.0,0,0,0,0,1,50.0,0.0
733,5,17,2,2,74.0,39.0,37.0,189.74,63.0,3,8,1,0,2,28.21,28.21
733,5,18,2,2,48.0,36.0,24.0,133.33,40.0,7,1,0,0,2,47.22,22.22
733,12,15,2,2,74.0,57.0,37.0,129.82,43.0,8,3,0,0,2,43.86,19.3
733,12,17,2,2,82.0,39.0,41.0,210.26,66.0,7,7,1,0,2,33.33,35.9
733,12,18,1,1,141.0,55.0,141.0,256.36,141.0,14,10,1,1,1,18.18,43.64
733,11,14,1,1,21.0,16.0,21.0,131.25,21.0,1,1,0,0,0,25.0,12.5
733,11,15,1,1,9.0,19.0,9.0,47.37,9.0,1,0,0,0,1,63.16,5.26
733,11,16,2,2,55.0,37.0,27.5,148.65,55.0,5,2,1,0,2,27.03,18.92
733,11,17,2,2,24.0,15.0,12.0,160.0,12.0,1,2,0,0,2,40.0,20.0
733,11,18,1,1,24.0,11.0,24.0,218.18,24.0,5,0,0,0,1,27.27,45.45
733,17,11,1,1,46.0,19.0,46.0,242.11,46.0,3,4,0,0,0,21.05,36.84
733,17,13,2,2,15.0,9.0,7.5,166.67,8.0,1,1,0,0,2,22.22,22.22
733,17,14,1,1,13.0,10.0,13.0,130.0,13.0,1,1,0,0,1,60.0,20.0
733,17,15,2,2,47.0,31.0,23.5,151.61,47.0,8,1,0,0,3,48.39,29.03
733,17,16,1,1,11.0,14.0,11.0,78.57,11.0,2,0,0,0,1,64.29,14.29
733,8,17,2,2,65.0,35.0,32.5,185.71,34.0,5,4,0,0,2,20.0,25.71
733,8,18,1,1,34.0,17.0,34.0,200.0,34.0,3,3,0,0,1,35.29,35.29
571,6,17,1,1,9.0,6.0,9.0,150.0,9.0,1,0,0,0,0,16.67,16.67
571,6,18,1,1,33.0,20.0,33.0,165.0,33.0,4,1,0,0,1,20.0,25.0
571,1,16,1,1,20.0,11.0,20.0,181.82,20.0,0,2,0,0,1,18.18,18.18
571,1,17,1,1,15.0,7.0,15.0,214.29,15.0,2,1,0,0,1,42.86,42.86
571,1,18,2,2,48.0,28.0,24.0,171.43,30.0,4,4,0,0,2,39.29,28.57
571,9,17,2,2,18.0,20.0,9.0,90.0,18.0,2,1,0,0,2,65.0,15.0
571,9,18,1,1,4.0,2.0,4.0,200.0,4.0,1,0,0,0,1,50.0,50.0
571,18,17,1,1,58.0,33.0,58.0,175.76,58.0,5,4,1,0,1,36.36,27.27
571,18,18,2,2,51.0,38.0,25.5,134.21,51.0,5,1,1,0,2,26.32,15.79
571,5,16,1,1,1.0,3.0,1.0,33.33,1.0,0,0,0,0,1,66.67,0.0
571,5,17,2,2,77.0,58.0,38.5,132.76,41.0,8,1,0,0,2,32.76,15.52
571,5,18,2,2,39.0,34.0,19.5,114.71,33.0,3,1,0,0,2,32.35,11.76
571,12,17,1,1,32.0,10.0,32.0,320.0,32.0,4,2,0,0,1,0.0,60.0
571,11,16,1,1,7.0,9.0,7.0,77.78,7.0,1,0,0,0,1,44.44,11.11
571,11,17,2,2,74.0,46.0,37.0,160.87,65.0,7,3,1,0,3,28.26,21.74
571,11,18,1,1,49.0,37.0,49.0,132.43,49.0,5,1,0,0,2,27.03,16.22
571,17,16,1,1,5.0,8.0,5.0,62.5,5.0,0,0,0,0,1,37.5,0.0
571,8,17,1,1,2.0,3.0,2.0,66.67,2.0,0,0,0,0,1,33.33,0.0
571,8,18,2,2,35.0,18.0,17.5,194.44,28.0,3,2,0,0,2,33.33,27.78
571,15,17,1,1,42.0,22.0,42.0,190.91,42.0,7,1,0,0,1,36.36,36.36
571,15,18,2,2,42.0,28.0,21.0,150.0,34.0,3,2,0,0,1,17.86,17.86
296,16,4,1,1,1.0,7.0,1.0,14.29,1.0,0,0,0,0,1,71.43,0.0
296,2,4,1,1,37.0,23.0,37.0,160.87,37.0,8,0,0,0,1,47.83,34.78
296,2,5,1,1,0.0,3.0,0.0,0.0,0.0,0,0,0,0,1,100.0,0.0
296,13,4,1,1,15.0,10.0,15.0,150.0,15.0,3,0,0,0,1,40.0,30.0
296,9,4,1,1,51.0,30.0,51.0,170.0,51.0,7,2,1,0,1,40.0,30.0
296,7,4,1,1,6.0,6.0,6.0,100.0,6.0,1,0,0,0,1,50.0,16.67
296,17,4,1,1,10.0,11.0,10.0,90.91,10.0,2,0,0,0,1,63.64,18.18
110,6,1,2,2,59.0,44.0,29.5,134.09,54.0,7,2,1,0,2,43.18,20.45
110,6,2,2,2,44.0,20.0,22.0,220.0,44.0,5,3,0,0,2,35.0,40.0
110,6,3,3,3,60.0,45.0,20.0,133.33,38.0,6,4,0,0,3,46.67,22.22
110,6,4,1,1,19.0,15.0,19.0,126.67,19.0,2,0,0,0,1,20.0,13.33
110,6,5,1,1,64.0,46.0,64.0,139.13,64.0,9,2,1,0,0,41.3,23.91
110,6,6,1,1,9.0,6.0,9.0,150.0,9.0,2,0,0,0,1,50.0,33.33
110,16,4,2,2,112.0,83.0,56.0,134.94,61.0,11,5,2,0,2,39.76,19.28
110,2,1,2,2,22.0,18.0,11.0,122.22,14.0,3,1,0,0,2,55.56,22.22
110,2,2,3,3,157.0,73.0,52.33,215.07,85.0,17,10,2,0,3,26.03,36.99
110,2,3,2,2,34.0,23.0,17.0,147.83,24.0,6,1,0,0,2,47.83,30.43
110,2,4,2,2,51.0,42.0,25.5,121.43,42.0,10,1,0,0,2,59.52,26.19
110,2,5,1,1,9.0,12.0,9.0,75.0,9.0,2,0,0,0,1,75.0,16.67
110,2,6,2,2,48.0,29.0,24.0,165.52,42.0,6,2,0,0,2,34.48,27.59
110,13,1,2,2,56.0,48.0,28.0,116.67,50.0,6,1,1,0,2,39.58,14.58
110,13,2,2,2,43.0,29.0,21.5,148.28,23.0,7,2,0,0,2,58.62,31.03
110,13,3,2,2,42.0,17.0,21.0,247.06,33.0,6,2,0,0,2,29.41,47.06
110,4,4,1,1,9.0,15.0,9.0,60.0,9.0,1,0,0,0,1,60.0,6.67
110,9,1,2,2,47.0,39.0,23.5,120.51,24.0,6,2,0,0,2,48.72,20.51
110,9,2,2,2,56.0,42.0,28.0,133.33,43.0,7,2,0,0,2,50.0,21.43
110,9,3,2,2,63.0,40.0,31.5,157.5,54.0,5,3,1,0,2,27.5,20.0
110,9,4,1,1,26.0,27.0,26.0,96.3,26.0,3,1,0,0,1,55.56,14.81
110,9,5,2,2,45.0,39.0,22.5,115.38,40.0,3,1,0,0,1,28.21,10.26
110,9,6,2,2,34.0,39.0,17.0,87.18,27.0,5,0,0,0,2,51.28,12.82
110,5,1,2,2,122.0,63.0,61.0,193.65,109.0,11,10,1,1,1,38.1,33.33
110,5,2,2,2,60.0,49.0,30.0,122.45,35.0,5,4,0,0,2,46.94,18.37
110,5,3,2,2,19.0,16.0,9.5,118.75,19.0,1,1,0,0,3,43.75,12.5
110,5,4,2,2,28.0,30.0,14.0,93.33,28.0,2,1,0,0,2,46.67,10.0
110,5,6,1,1,5.0,7.0,5.0,71.43,5.0,1,0,0,0,1,71.43,14.29
110,7,4,2,2,4.0,11.0,2.0,36.36,3.0,0,0,0,0,2,54.55,0.0
110,7,5,2,2,27.0,28.0,13.5,96.43,21.0,4,0,0,0,1,50.0,14.29
110,7,6,2,2,19.0,13.0,9.5,146.15,15.0,3,1,0,0,2,61.54,30.77
110,11,1,2,2,74.0,58.0,37.0,127.59,61.0,12,1,1,0,2,41.38,22.41
110,11,2,2,2,49.0,46.0,24.5,106.52,39.0,5,3,0,0,2,60.87,17.39
110,11,3,2,2,35.0,20.0,17.5,175.0,34.0,3,3,0,0,2,45.0,30.0
110,11,4,1,1,28.0,16.0,28.0,175.0,28.0,4,1,0,0,1,31.25,31.25
110,11,5,1,1,27.0,18.0,27.0,150.0,27.0,3,1,0,0,1,33.33,22.22
110,11,6,2,2,42.0,34.0,21.0,123.53,42.0,6,0,0,0,2,35.29,17.65
110,17,1,2,2,56.0,48.0,28.0,116.67,46.0,6,2,0,0,2,39.58,16.67
110,17,2,3,3,86.0,66.0,28.67,130.3,71.0,8,5,1,0,3,42.42,19.7
110,17,3,3,3,36.0,24.0,12.0,150.0,32.0,4,2,0,0,3,37.5,25.0
110,17,4,2,2,106.0,56.0,53.0,189.29,106.0,8,9,1,1,2,23.21,30.36
110,17,6,1,1,85.0,54.0,85.0,157.41,85.0,10,3,1,0,0,29.63,24.07
110,15,6,2,2,52.0,47.0,26.0,110.64,26.0,8,0,0,0,2,46.81,17.02
770,6,4,1,1,1.0,2.0,1.0,50.0,1.0,0,0,0,0,0,50.0,0.0
770,16,5,1,1,12.0,9.0,12.0,133.33,12.0,0,1,0,0,1,33.33,11.11
770,5,4,1,1,0.0,2.0,0.0,0.0,0.0,0,0,0,0,0,100.0,0.0
770,17,5,1,1,7.0,6.0,7.0,116.67,7.0,1,0,0,0,1,33.33,16.67
613,6,3,1,1,20.0,19.0,20.0,105.26,20.0,1,0,0,0,1,26.32,5.26
613,2,3,1,1,15.0,17.0,15.0,88.24,15.0,1,0,0,0,2,41.18,5.88
613,13,3,1,1,45.0,24.0,45.0,187.5,45.0,5,1,0,0,1,12.5,25.0
613,9,3,2,2,45.0,29.0,22.5,155.17,37.0,3,2,0,0,1,13.79,17.24
613,5,3,1,1,28.0,27.0,28.0,103.7,28.0,2,0,0,0,1,33.33,7.41
613,17,3,1,1,28.0,27.0,28.0,103.7,28.0,3,0,0,0,0,37.04,11.11
188,6,11,1,1,2.0,9.0,2.0,22.22,2.0,0,0,0,0,1,77.78,0.0
188,2,11,2,2,59.0,41.0,29.5,143.9,45.0,6,3,0,0,2,41.46,21.95
188,11,11,1,1,45.0,39.0,45.0,115.38,45.0,4,0,0,0,1,28.21,10.26
188,17,11,2,2,42.0,29.0,21.0,144.83,37.0,3,3,0,0,2,37.93,20.69
241,6,2,1,1,8.0,8.0,8.0,100.0,8.0,1,0,0,0,1,50.0,12.5
241,2,1,1,1,9.0,8.0,9.0,112.5,9.0,0,1,0,0,1,50.0,12.5
241,2,3,1,1,3.0,3.0,3.0,100.0,3.0,0,0,0,0,1,0.0,0.0
241,13,2,1,1,4.0,2.0,4.0,200.0,4.0,1,0,0,0,1,50.0,50.0
241,9,2,1,1,27.0,28.0,27.0,96.43,27.0,2,0,0,0,1,28.57,7.14
241,9,5,2,2,9.0,11.0,4.5,81.82,9.0,1,0,0,0,2,54.55,9.09
241,5,3,1,1,9.0,7.0,9.0,128.57,9.0,0,0,0,0,1,14.29,0.0
241,7,5,1,1,5.0,5.0,5.0,100.0,5.0,0,0,0,0,1,20.0,0.0
241,17,2,1,1,0.0,1.0,0.0,0.0,0.0,0,0,0,0,1,100.0,0.0
241,15,6,1,1,5.0,5.0,5.0,100.0,5.0,0,0,0,0,0,20.0,0.0
479,6,3,2,2,54.0,61.0,27.0,88.52,48.0,3,2,0,0,2,42.62,8.2
479,6,5,1,1,27.0,22.0,27.0,122.73,27.0,1,0,0,0,1,9.09,4.55
479,16,3,2,2,69.0,50.0,34.5,138.0,65.0,5,4,1,0,1,36.0,18.0
479,2,3,2,2,70.0,46.0,35.0,152.17,46.0,6,2,0,0,1,26.09,17.39
479,2,5,1,1,6.0,2.0,6.0,300.0,6.0,1,0,0,0,0,0.0,50.0
479,2,6,1,1,30.0,22.0,30.0,136.36,30.0,0,2,0,0,0,13.64,9.09
479,13,3,2,2,36.0,22.0,18.0,163.64,19.0,4,0,0,0,1,13.64,18.18
479,13,5,1,1,11.0,9.0,11.0,122.22,11.0,2,0,0,0,1,44.44,22.22
479,13,6,1,1,4.0,4.0,4.0,100.0,4.0,1,0,0,0,1,75.0,25.0
479,13,8,1,1,6.0,4.0,6.0,150.0,6.0,1,0,0,0,0,25.0,25.0
479,9,5,1,1,35.0,27.0,35.0,129.63,35.0,0,3,0,0,1,25.93,11.11
479,9,6,1,1,40.0,28.0,40.0,142.86,40.0,0,4,0,0,1,28.57,14.29
479,9,8,2,2,50.0,36.0,25.0,138.89,28.0,3,3,0,0,3,30.56,16.67
479,9,10,1,1,1.0,4.0,1.0,25.0,1.0,0,0,0,0,1,75.0,0.0
479,5,3,1,1,3.0,3.0,3.0,100.0,3.0,0,0,0,0,0,33.33,0.0
479,5,6,2,2,19.0,20.0,9.5,95.0,19.0,0,1,0,0,2,40.0,5.0
479,5,8,2,2,29.0,18.0,14.5,161.11,17.0,3,1,0,0,2,27.78,22.22
479,11,5,2,2,34.0,31.0,17.0,109.68,23.0,1,0,0,0,1,19.35,3.23
479,11,6,2,2,19.0,16.0,9.5,118.75,18.0,2,0,0,0,1,37.5,12.5
479,11,8,2,2,43.0,31.0,21.5,138.71,27.0,5,1,0,0,1,35.48,19.35
479,17,2,1,1,16.0,13.0,16.0,123.08,16.0,2,0,0,0,1,23.08,15.38
479,17,3,1,1,1.0,2.0,1.0,50.0,1.0,0,0,0,0,1,50.0,0.0
479,17,5,2,2,14.0,17.0,7.0,82.35,10.0,0,1,0,0,3,52.94,5.88
479,17,6,1,1,32.0,19.0,32.0,168.42,32.0,0,3,0,0,1,26.32,15.79
479,17,8,2,2,1.0,4.0,0.5,25.0,1.0,0,0,0,0,1,75.0,0.0
479,15,6,2,2,28.0,30.0,14.0,93.33,20.0,2,0,0,0,2,33.33,6.67
479,15,8,1,1,15.0,11.0,15.0,136.36,15.0,0,1,0,0,0,9.09,9.09
479,15,10,1,1,31.0,23.0,31.0,134.78,31.0,2,1,0,0,1,26.09,13.04
652,6,12,1,1,24.0,20.0,24.0,120.0,24.0,1,1,0,0,1,25.0,10.0
652,10,12,1,1,19.0,12.0,19.0,158.33,19.0,4,0,0,0,1,41.67,33.33
652,13,10,1,1,0.0,1.0,0.0,0.0,0.0,0,0,0,0,1,100.0,0.0
652,13,12,1,1,3.0,7.0,3.0,42.86,3.0,0,0,0,0,1,57.14,0.0
652,9,12,1,1,13.0,15.0,13.0,86.67,13.0,0,1,0,0,1,46.67,6.67
652,5,9,1,1,12.0,11.0,12.0,109.09,12.0,1,0,0,0,1,36.36,9.09
652,5,12,1,1,2.0,3.0,2.0,66.67,2.0,0,0,0,0,1,33.33,0.0
652,11,11,1,1,9.0,13.0,9.0,69.23,9.0,1,0,0,0,1,61.54,7.69
652,17,9,1,1,3.0,6.0,3.0,50.0,3.0,0,0,0,0,1,50.0,0.0
652,15,9,1,1,5.0,10.0,5.0,50.0,5.0,0,0,0,0,1,60.0,0.0
116,6,5,1,1,16.0,11.0,16.0,145.45,16.0,2,0,0,0,1,18.18,18.18
116,6,7,1,1,1.0,5.0,1.0,20.0,1.0,0,0,0,0,1,80.0,0.0
116,6,8,2,2,59.0,36.0,29.5,163.89,55.0,4,4,1,0,0,22.22,22.22
116,6,11,1,1,88.0,36.0,88.0,244.44,88.0,1,11,1,0,0,16.67,33.33
116,6,12,2,2,60.0,48.0,30.0,125.0,50.0,6,4,1,0,1,56.25,20.83
116,6,13,1,1,2.0,4.0,2.0,50.0,2.0,0,0,0,0,1,50.0,0.0
116,6,14,2,2,74.0,37.0,37.0,200.0,54.0,5,7,1,0,2,32.43,32.43
116,6,16,2,2,11.0,8.0,5.5,137.5,9.0,0,1,0,0,1,37.5,12.5
116,6,17,1,1,10.0,10.0,10.0,100.0,10.0,2,0,0,0,1,60.0,20.0
116,6,18,1,1,38.0,21.0,38.0,180.95,38.0,4,3,0,0,1,42.86,33.33
116,10,12,2,3,111.0,52.0,55.5,213.46,66.0,8,10,1,0,3,28.85,34.62
116,10,13,1,1,13.0,8.0,13.0,162.5,13.0,1,1,0,0,1,37.5,25.0
116,10,14,1,1,45.0,27.0,45.0,166.67,45.0,2,4,0,0,0,37.04,22.22
116,10,15,2,2,24.0,24.0,12.0,100.0,24.0,3,0,0,0,2,45.83,12.5
116,10,16,1,1,38.0,31.0,38.0,122.58,38.0,1,4,0,0,1,51.61,16.13
116,10,17,1,1,41.0,19.0,41.0,215.79,41.0,4,3,0,0,1,31.58,36.84
116,10,18,1,1,17.0,9.0,17.0,188.89,17.0,2,1,0,0,0,22.22,33.33
116,2,8,1,1,5.0,5.0,5.0,100.0,5.0,1,0,0,0,1,60.0,20.0
116,2,9,1,1,17.0,12.0,17.0,141.67,17.0,2,1,0,0,1,50.0,25.0
116,2,11,2,2,85.0,42.0,42.5,202.38,44.0,3,10,0,0,3,42.86,30.95
116,1,15,1,1,48.0,25.0,48.0,192.0,48.0,1,6,0,0,1,40.0,28.0
116,1,16,2,2,35.0,21.0,17.5,166.67,34.0,2,3,0,0,2,38.1,23.81
116,1,18,1,1,21.0,15.0,21.0,140.0,21.0,3,1,0,0,1,53.33,26.67
116,13,8,2,2,117.0,57.0,58.5,205.26,66.0,14,6,2,0,2,29.82,35.09
116,13,9,1,1,16.0,10.0,16.0,160.0,16.0,1,1,0,0,1,20.0,20.0
116,13,11,2,2,41.0,21.0,20.5,195.24,31.0,4,3,0,0,2,33.33,33.33
116,13,12,2,2,72.0,31.0,36.0,232.26,48.0,5,7,0,0,2,29.03,38.71
116,13,13,1,1,5.0,3.0,5.0,166.67,5.0,1,0,0,0,1,33.33,33.33
116,9,6,1,1,4.0,8.0,4.0,50.0,4.0,0,0,0,0,1,62.5,0.0
116,18,15,2,2,50.0,30.0,25.0,166.67,45.0,3,5,0,0,2,50.0,26.67
116,18,16,1,1,7.0,9.0,7.0,77.78,7.0,0,1,0,0,1,77.78,11.11
116,18,17,1,1,12.0,8.0,12.0,150.0,12.0,1,1,0,0,1,50.0,25.0
116,18,18,1,1,7.0,4.0,7.0,175.0,7.0,0,1,0,0,1,50.0,25.0
116,5,8,1,1,2.0,4.0,2.0,50.0,2.0,0,0,0,0,1,50.0,0.0
116,5,9,2,2,58.0,33.0,29.0,175.76,36.0,4,4,0,0,2,33.33,24.24
116,5,11,2,2,11.0,14.0,5.5,78.57,9.0,1,0,0,0,2,42.86,7.14
116,5,12,2,2,80.0,41.0,40.0,195.12,80.0,6,8,1,0,1,43.9,34.15
116,5,13,2,2,23.0,20.0,11.5,115.0,12.0,3,1,0,0,2,50.0,20.0
116,5,14,1,1,9.0,15.0,9.0,60.0,9.0,1,0,0,0,1,53.33,6.67
116,5,15,2,2,20.0,10.0,10.0,200.0,11.0,1,2,0,0,2,40.0,30.0
116,5,16,1,1,21.0,11.0,21.0,190.91,21.0,3,1,0,0,0,36.36,36.36
116,5,17,2,2,31.0,16.0,15.5,193.75,24.0,2,3,0,0,1,37.5,31.25
116,5,18,1,1,5.0,11.0,5.0,45.45,5.0,1,0,0,0,1,63.64,9.09
116,12,14,1,1,10.0,9.0,10.0,111.11,10.0,2,0,0,0,0,55.56,22.22
116,12,15,1,1,70.0,31.0,70.0,225.81,70.0,2,8,1,0,0,32.26,32.26
116,12,16,2,2,77.0,42.0,38.5,183.33,42.0,6,5,0,0,2,28.57,26.19
116,12,17,1,1,24.0,12.0,24.0,200.0,24.0,2,2,0,0,1,41.67,33.33
116,12,18,1,1,17.0,11.0,17.0,154.55,17.0,1,2,0,0,1,63.64,27.27
116,11,6,1,1,7.0,6.0,7.0,116.67,7.0,0,0,0,0,1,16.67,0.0
116,11,7,1,1,1.0,3.0,1.0,33.33,1.0,0,0,0,0,1,66.67,0.0
116,11,8,1,1,37.0,20.0,37.0,185.0,37.0,4,2,0,0,1,25.0,30.0
116,11,11,2,2,60.0,30.0,30.0,200.0,49.0,5,5,0,0,0,30.0,33.33
116,11,12,1,1,14.0,14.0,14.0,100.0,14.0,0,1,0,0,1,35.71,7.14
116,11,13,2,2,49.0,25.0,24.5,196.0,25.0,1,6,0,0,2,40.0,28.0
116,11,14,1,1,9.0,7.0,9.0,128.57,9.0,0,1,0,0,1,42.86,14.29
116,11,15,1,1,0.0,1.0,0.0,0.0,0.0,0,0,0,0,1,100.0,0.0
116,11,16,1,1,10.0,10.0,10.0,100.0,10.0,0,1,0,0,1,60.0,10.0
116,11,17,1,1,13.0,10.0,13.0,130.0,13.0,2,0,0,0,1,40.0,20.0
116,11,18,1,1,57.0,25.0,57.0,228.0,57.0,4,6,1,0,0,40.0,40.0
116,3,9,1,1,17.0,11.0,17.0,154.55,17.0,0,2,0,0,1,36.36,18.18
116,17,5,1,1,31.0,15.0,31.0,206.67,31.0,1,3,0,0,1,20.0,26.67
116,17,8,2,2,86.0,34.0,43.0,252.94,45.0,11,5,0,0,0,20.59,47.06
116,17,9,2,2,78.0,43.0,39.0,181.4,39.0,3,7,0,0,1,27.91,23.26
116,17,11,2,2,15.0,12.0,7.5,125.0,15.0,2,1,0,0,2,66.67,25.0
116,17,12,2,2,113.0,38.0,56.5,297.37,65.0,3,16,1,0,1,36.84,50.0
116,17,13,1,1,16.0,10.0,16.0,160.0,16.0,2,1,0,0,1,40.0,30.0
116,17,14,1,1,31.0,20.0,31.0,155.0,31.0,3,2,0,0,1,40.0,25.0
116,17,15,1,1,25.0,18.0,25.0,138.89,25.0,1,3,0,0,1,61.11,22.22
116,17,16,2,2,1.0,3.0,0.5,33.33,1.0,0,0,0,0,2,66.67,0.0
116,8,17,1,1,27.0,20.0,27.0,135.0,27.0,4,0,0,0,0,10.0,20.0
116,8,18,1,1,4.0,3.0,4.0,133.33,4.0,1,0,0,0,1,66.67,33.33
116,15,8,2,2,20.0,13.0,10.0,153.85,19.0,1,2,0,0,2,46.15,23.08
116,15,9,1,1,2.0,5.0,2.0,40.0,2.0,0,0,0,0,1,60.0,0.0
116,15,11,3,3,16.0,16.0,5.33,100.0,9.0,1,1,0,0,3,56.25,12.5
116,15,12,2,2,64.0,28.0,32.0,228.57,49.0,4,6,0,0,1,21.43,35.71
116,15,13,1,1,9.0,11.0,9.0,81.82,9.0,1,0,0,0,1,45.45,9.09
116,15,14,1,1,5.0,5.0,5.0,100.0,5.0,1,0,0,0,1,60.0,20.0
116,15,15,2,2,98.0,53.0,49.0,184.91,49.0,7,8,0,0,0,35.85,28.3
116,15,16,2,2,27.0,21.0,13.5,128.57,24.0,1,2,0,0,2,42.86,14.29
116,15,17,1,1,64.0,25.0,64.0,256.0,64.0,3,7,1,0,0,24.0,40.0
116,15,18,2,2,1.0,3.0,0.5,33.33,1.0,0,0,0,0,2,66.67,0.0
453,6,14,1,1,15.0,15.0,15.0,100.0,15.0,0,1,0,0,1,40.0,6.67
453,9,14,1,1,1.0,1.0,1.0,100.0,1.0,0,0,0,0,0,0.0,0.0
453,5,10,1,1,0.0,1.0,0.0,0.0,0.0,0,0,0,0,1,100.0,0.0
453,3,10,2,2,7.0,11.0,3.5,63.64,5.0,0,0,0,0,2,45.45,0.0
453,17,14,1,1,0.0,1.0,0.0,0.0,0.0,0,0,0,0,1,100.0,0.0
643,9,5,1,1,3.0,5.0,3.0,60.0,3.0,0,0,0,0,0,40.0,0.0
643,11,4,1,1,2.0,5.0,2.0,40.0,2.0,0,0,0,0,0,60.0,0.0
643,17,6,1,1,5.0,4.0,5.0,125.0,5.0,1,0,0,0,1,50.0,25.0
338,16,4,1,1,20.0,19.0,20.0,105.26,20.0,4,0,0,0,1,57.89,21.05
338,2,4,1,1,5.0,8.0,5.0,62.5,5.0,1,0,0,0,1,75.0,12.5
338,9,4,2,2,24.0,30.0,12.0,80.0,15.0,4,0,0,0,2,56.67,13.33
338,17,3,1,1,0.0,1.0,0.0,0.0,0.0,0,0,0,0,1,100.0,0.0
221,6,6,2,2,82.0,54.0,41.0,151.85,67.0,12,3,1,0,2,37.04,27.78
221,6,7,2,2,51.0,48.0,25.5,106.25,44.0,5,1,0,0,2,31.25,12.5
221,6,11,2,2,4.0,7.0,2.0,57.14,4.0,1,0,0,0,2,57.14,14.29
221,6,13,2,2,17.0,20.0,8.5,85.0,15.0,3,0,0,0,2,55.0,15.0
221,16,4,2,2,0.0,3.0,0.0,0.0,0.0,0,0,0,0,2,100.0,0.0
221,10,13,1,1,13.0,14.0,13.0,92.86,13.0,1,0,0,0,1,28.57,7.14
221,10,15,1,1,3.0,7.0,3.0,42.86,3.0,0,0,0,0,1,71.43,0.0
221,2,6,2,2,89.0,67.0,44.5,132.84,52.0,8,4,1,0,2,40.3,17.91
221,2,7,2,2,92.0,60.0,46.0,153.33,88.0,8,4,1,0,1,26.67,20.0
221,2,9,1,1,5.0,5.0,5.0,100.0,5.0,1,0,0,0,1,60.0,20.0
221,2,10,2,2,96.0,58.0,48.0,165.52,69.0,10,4,1,0,2,24.14,24.14
221,2,11,1,1,2.0,4.0,2.0,50.0,2.0,0,0,0,0,1,50.0,0.0
221,13,4,1,1,3.0,5.0,3.0,60.0,3.0,0,0,0,0,1,40.0,0.0
221,13,6,1,1,64.0,42.0,64.0,152.38,64.0,8,2,1,0,1,30.95,23.81
221,13,7,2,2,39.0,38.0,19.5,102.63,20.0,4,1,0,0,2,47.37,13.16
221,13,8,1,1,8.0,14.0,8.0,57.14,8.0,1,0,0,0,1,64.29,7.14
221,13,9,1,1,74.0,47.0,74.0,157.45,74.0,12,0,1,0,1,23.4,25.53
221,13,10,2,2,15.0,14.0,7.5,107.14,13.0,0,1,0,0,2,50.0,7.14
221,13,13,2,2,40.0,39.0,20.0,102.56,20.0,5,1,0,0,2,43.59,15.38
221,9,3,1,1,21.0,21.0,21.0,100.0,21.0,0,1,0,0,1,33.33,4.76
221,9,5,1,1,30.0,27.0,30.0,111.11,30.0,5,0,0,0,1,44.44,18.52
221,9,6,2,2,53.0,37.0,26.5,143.24,48.0,3,3,0,0,2,35.14,16.22
221,9,7,1,1,8.0,8.0,8.0,100.0,8.0,1,0,0,0,1,50.0,12.5
221,9,8,1,1,5.0,5.0,5.0,100.0,5.0,1,0,0,0,1,40.0,20.0
221,9,9,2,2,55.0,33.0,27.5,166.67,29.0,4,4,0,0,0,36.36,24.24
221,9,10,2,2,46.0,23.0,23.0,200.0,31.0,4,4,0,0,2,39.13,34.78
221,9,11,1,1,34.0,20.0,34.0,170.0,34.0,0,3,0,0,1,10.0,15.0
221,9,13,2,2,63.0,58.0,31.5,108.62,47.0,6,1,0,0,2,37.93,12.07
221,18,15,1,1,14.0,14.0,14.0,100.0,14.0,1,0,0,0,1,35.71,7.14
221,5,4,1,1,8.0,12.0,8.0,66.67,8.0,1,0,0,0,2,58.33,8.33
221,5,6,2,2,10.0,12.0,5.0,83.33,10.0,2,0,0,0,2,75.0,16.67
221,5,7,2,2,84.0,77.0,42.0,109.09,68.0,10,2,1,0,2,45.45,15.58
221,5,9,2,2,67.0,56.0,33.5,119.64,67.0,7,1,1,0,1,30.36,14.29
221,5,10,1,2,1.0,7.0,1.0,14.29,1.0,0,0,0,0,1,57.14,0.0
221,5,11,1,1,46.0,35.0,46.0,131.43,46.0,3,1,0,0,1,17.14,11.43
221,5,13,1,1,52.0,35.0,52.0,148.57,52.0,7,1,1,0,1,42.86,22.86
221,7,4,1,1,25.0,12.0,25.0,208.33,25.0,1,2,0,0,1,16.67,25.0
221,11,4,1,1,11.0,14.0,11.0,78.57,11.0,1,1,0,0,1,71.43,14.29
221,11,6,2,2,109.0,85.0,54.5,128.24,64.0,13,3,1,0,2,41.18,18.82
221,11,7,2,2,11.0,15.0,5.5,73.33,9.0,1,0,0,0,2,40.0,6.67
221,11,8,1,1,10.0,14.0,10.0,71.43,10.0,2,0,0,0,1,71.43,14.29
221,11,13,2,2,22.0,18.0,11.0,122.22,14.0,2,2,0,0,2,66.67,22.22
221,11,15,2,2,62.0,35.0,31.0,177.14,58.0,9,2,1,0,3,34.29,31.43
221,3,9,1,1,50.0,36.0,50.0,138.89,50.0,7,2,1,0,1,47.22,25.0
221,3,10,2,2,46.0,25.0,23.0,184.0,33.0,4,3,0,0,1,28.0,28.0
221,17,5,1,1,25.0,24.0,25.0,104.17,25.0,3,0,0,0,1,37.5,12.5
221,17,6,2,2,33.0,26.0,16.5,126.92,18.0,5,1,0,0,2,50.0,23.08
221,17,7,2,2,24.0,17.0,12.0,141.18,13.0,2,1,0,0,1,29.41,17.65
221,17,9,2,2,41.0,44.0,20.5,93.18,37.0,4,1,0,0,2,40.91,11.36
221,17,10,2,2,91.0,49.0,45.5,185.71,72.0,7,7,1,0,2,28.57,28.57
221,17,11,2,2,26.0,24.0,13.0,108.33,26.0,1,2,0,0,2,45.83,12.5
221,15,6,1,1,16.0,13.0,16.0,123.08,16.0,3,0,0,0,1,53.85,23.08
221,15,9,3,3,101.0,78.0,33.67,129.49,51.0,10,3,2,0,2,34.62,16.67
221,15,10,2,2,5.0,8.0,2.5,62.5,3.0,0,0,0,0,2,50.0,0.0
221,15,11,2,2,22.0,10.0,11.0,220.0,14.0,1,2,0,0,1,10.0,30.0
221,15,13,2,2,61.0,57.0,30.5,107.02,32.0,4,3,0,0,2,40.35,12.28
221,15,15,1,1,7.0,5.0,7.0,140.0,7.0,0,1,0,0,1,60.0,20.0
740,10,16,1,1,16.0,10.0,16.0,160.0,16.0,1,1,0,0,0,30.0,20.0
588,10,12,1,1,0.0,1.0,0.0,0.0,0.0,0,0,0,0,1,100.0,0.0
588,13,12,1,1,0.0,1.0,0.0,0.0,0.0,0,0,0,0,1,100.0,0.0
588,9,17,1,1,16.0,9.0,16.0,177.78,16.0,0,2,0,0,1,22.22,22.22
588,5,12,1,1,0.0,1.0,0.0,0.0,0.0,0,0,0,0,1,100.0,0.0
588,5,17,1,1,5.0,9.0,5.0,55.56,5.0,0,0,0,0,1,44.44,0.0
588,15,12,1,1,3.0,7.0,3.0,42.86,3.0,0,0,0,0,0,57.14,0.0
32,6,11,2,2,3.0,6.0,1.5,50.0,3.0,0,0,0,0,1,66.67,0.0
32,10,13,1,1,6.0,6.0,6.0,100.0,6.0,0,1,0,0,1,83.33,16.67
32,2,11,1,1,3.0,9.0,3.0,33.33,3.0,0,0,0,0,1,55.56,0.0
32,13,10,1,1,22.0,12.0,22.0,183.33,22.0,2,1,0,0,1,16.67,25.0
32,9,11,1,1,14.0,10.0,14.0,140.0,14.0,1,1,0,0,1,30.0,20.0
32,9,12,1,1,0.0,2.0,0.0,0.0,0.0,0,0,0,0,0,50.0,0.0
32,5,10,1,1,25.0,12.0,25.0,208.33,25.0,2,2,0,0,0,16.67,33.33
32,11,11,1,1,1.0,1.0,1.0,100.0,1.0,0,0,0,0,0,0.0,0.0
32,17,10,1,1,6.0,6.0,6.0,100.0,6.0,0,0,0,0,0,33.33,0.0
32,17,11,2,2,7.0,10.0,3.5,70.0,7.0,0,0,0,0,2,50.0,0.0
32,15,11,1,1,4.0,2.0,4.0,200.0,4.0,1,0,0,0,1,50.0,50.0
444,6,14,1,1,13.0,8.0,13.0,162.5,13.0,0,1,0,0,1,12.5,12.5
444,6,15,1,1,17.0,10.0,17.0,170.0,17.0,0,2,0,0,1,30.0,20.0
444,6,16,1,1,12.0,12.0,12.0,100.0,12.0,1,0,0,0,1,25.0,8.33
444,6,17,2,2,82.0,62.0,41.0,132.26,50.0,8,1,1,0,2,25.81,14.52
444,6,18,1,1,6.0,6.0,6.0,100.0,6.0,1,0,0,0,1,66.67,16.67
444,10,15,1,1,42.0,25.0,42.0,168.0,42.0,4,3,0,0,1,44.0,28.0
444,10,16,2,2,11.0,18.0,5.5,61.11,8.0,0,0,0,0,2,38.89,0.0
444,10,17,1,1,1.0,3.0,1.0,33.33,1.0,0,0,0,0,1,66.67,0.0
444,10,18,2,2,67.0,46.0,33.5,145.65,52.0,3,4,1,0,2,28.26,15.22
444,1,15,2,2,68.0,48.0,34.0,141.67,56.0,3,3,1,0,1,22.92,12.5
444,1,16,1,1,10.0,10.0,10.0,100.0,10.0,1,0,0,0,1,60.0,10.0
444,1,17,1,1,17.0,19.0,17.0,89.47,17.0,0,0,0,0,1,26.32,0.0
444,1,18,2,2,94.0,55.0,47.0,170.91,58.0,12,3,1,0,2,27.27,27.27
444,9,14,1,1,18.0,16.0,18.0,112.5,18.0,0,1,0,0,1,31.25,6.25
444,9,15,2,2,100.0,61.0,50.0,163.93,68.0,6,7,1,0,1,24.59,21.31
444,9,16,2,2,91.0,66.0,45.5,137.88,50.0,6,5,1,0,2,33.33,16.67
444,9,17,2,2,38.0,36.0,19.0,105.56,20.0,5,0,0,0,2,38.89,13.89
444,9,18,1,1,47.0,28.0,47.0,167.86,47.0,4,2,0,0,1,21.43,21.43
444,18,15,1,1,12.0,14.0,12.0,85.71,12.0,0,0,0,0,1,14.29,0.0
444,18,16,2,2,28.0,21.0,14.0,133.33,28.0,2,1,0,0,2,28.57,14.29
444,5,14,1,1,42.0,29.0,42.0,144.83,42.0,6,0,0,0,1,24.14,20.69
444,5,15,1,1,2.0,4.0,2.0,50.0,2.0,0,0,0,0,1,50.0,0.0
444,5,16,2,2,35.0,24.0,17.5,145.83,22.0,1,2,0,0,1,20.83,12.5
444,5,17,1,1,42.0,28.0,42.0,150.0,42.0,2,1,0,0,0,7.14,10.71
444,5,18,2,2,62.0,49.0,31.0,126.53,53.0,4,4,1,0,2,40.82,16.33
444,12,15,2,2,62.0,44.0,31.0,140.91,41.0,6,1,0,0,1,20.45,15.91
444,12,16,1,1,37.0,21.0,37.0,176.19,37.0,6,0,0,0,0,14.29,28.57
444,12,17,1,1,0.0,2.0,0.0,0.0,0.0,0,0,0,0,1,100.0,0.0
444,12,18,2,2,41.0,28.0,20.5,146.43,28.0,5,2,0,0,2,42.86,25.0
444,11,14,1,1,26.0,20.0,26.0,130.0,26.0,2,1,0,0,0,25.0,15.0
444,11,15,1,1,57.0,41.0,57.0,139.02,57.0,5,2,1,0,0,24.39,17.07
444,11,16,1,1,6.0,5.0,6.0,120.0,6.0,1,0,0,0,1,40.0,20.0
444,11,17,1,1,1.0,2.0,1.0,50.0,1.0,0,0,0,0,1,50.0,0.0
444,11,18,1,1,66.0,45.0,66.0,146.67,66.0,5,3,1,0,1,28.89,17.78
444,17,14,1,1,20.0,14.0,20.0,142.86,20.0,2,1,0,0,1,35.71,21.43
444,17,15,1,1,21.0,27.0,21.0,77.78,21.0,1,1,0,0,1,55.56,7.41
444,17,16,1,1,18.0,20.0,18.0,90.0,18.0,0,0,0,0,1,15.0,0.0
444,8,17,2,2,39.0,25.0,19.5,156.0,32.0,3,2,0,0,1,20.0,20.0
444,15,14,1,1,27.0,32.0,27.0,84.38,27.0,2,0,0,0,1,34.38,6.25
444,15,18,2,2,62.0,42.0,31.0,147.62,61.0,4,4,1,0,2,30.95,19.05
341,6,15,1,1,0.0,2.0,0.0,0.0,0.0,0,0,0,0,1,100.0,0.0
341,9,16,1,1,17.0,8.0,17.0,212.5,17.0,2,1,0,0,1,25.0,37.5
341,5,17,1,1,2.0,2.0,2.0,100.0,2.0,0,0,0,0,0,0.0,0.0
341,5,18,1,1,0.0,1.0,0.0,0.0,0.0,0,0,0,0,1,100.0,0.0
341,15,18,1,1,6.0,1.0,6.0,600.0,6.0,0,1,0,0,0,0.0,100.0
682,5,18,1,1,4.0,9.0,4.0,44.44,4.0,0,0,0,0,0,55.56,0.0
682,11,17,1,1,4.0,5.0,4.0,80.0,4.0,0,0,0,0,0,20.0,0.0
262,6,4,2,2,4.0,13.0,2.0,30.77,2.0,0,0,0,0,2,69.23,0.0
262,6,5,2,2,42.0,39.0,21.0,107.69,36.0,3,1,0,0,1,35.9,10.26
262,16,5,2,2,42.0,37.0,21.0,113.51,22.0,2,2,0,0,2,35.14,10.81
262,2,4,1,1,22.0,15.0,22.0,146.67,22.0,0,3,0,0,1,53.33,20.0
262,2,5,1,1,2.0,4.0,2.0,50.0,2.0,0,0,0,0,1,75.0,0.0
262,2,6,1,1,1.0,2.0,1.0,50.0,1.0,0,0,0,0,1,50.0,0.0
262,13,4,1,1,34.0,26.0,34.0,130.77,34.0,2,1,0,0,1,26.92,11.54
262,13,5,2,2,34.0,30.0,17.0,113.33,34.0,1,2,0,0,2,40.0,10.0
262,4,4,1,1,31.0,28.0,31.0,110.71,31.0,3,1,0,0,2,50.0,14.29
262,9,4,2,2,48.0,38.0,24.0,126.32,27.0,3,2,0,0,2,26.32,13.16
262,9,5,2,2,41.0,36.0,20.5,113.89,40.0,4,1,0,0,2,41.67,13.89
262,5,4,1,1,4.0,4.0,4.0,100.0,4.0,1,0,0,0,0,75.0,25.0
262,5,5,2,2,41.0,35.0,20.5,117.14,21.0,3,2,0,0,2,37.14,14.29
262,7,4,1,1,29.0,22.0,29.0,131.82,29.0,0,3,0,0,1,31.82,13.64
262,7,5,1,1,18.0,21.0,18.0,85.71,18.0,1,0,0,0,1,33.33,4.76
262,17,4,1,1,8.0,6.0,8.0,133.33,8.0,1,0,0,0,1,33.33,16.67
317,6,1,1,1,45.0,20.0,45.0,225.0,45.0,6,1,0,0,0,10.0,35.0
317,6,2,2,2,68.0,41.0,34.0,165.85,35.0,3,5,0,0,2,29.27,19.51
317,6,3,1,1,27.0,26.0,27.0,103.85,27.0,1,2,0,0,1,38.46,11.54
317,6,4,1,1,0.0,1.0,0.0,0.0,0.0,0,0,0,0,1,100.0,0.0
317,6,6,2,2,2.0,5.0,1.0,40.0,2.0,0,0,0,0,1,60.0,0.0
317,6,7,1,1,5.0,7.0,5.0,71.43,5.0,1,0,0,0,1,71.43,14.29
317,16,1,2,2,72.0,43.0,36.0,167.44,38.0,4,5,0,0,2,23.26,20.93
317,16,2,2,2,11.0,10.0,5.5,110.0,10.0,0,1,0,0,2,40.0,10.0
317,16,4,2,2,16.0,17.0,8.0,94.12,13.0,2,0,0,0,1,41.18,11.76
317,2,1,2,2,3.0,9.0,1.5,33.33,2.0,0,0,0,0,2,66.67,0.0
317,2,2,2,2,22.0,32.0,11.0,68.75,18.0,1,0,0,0,2,43.75,3.12
317,2,4,1,1,17.0,13.0,17.0,130.77,17.0,3,0,0,0,0,30.77,23.08
317,13,1,2,2,29.0,21.0,14.5,138.1,27.0,1,2,0,0,2,23.81,14.29
317,13,2,1,1,15.0,15.0,15.0,100.0,15.0,1,0,0,0,1,26.67,6.67
317,13,6,2,2,27.0,28.0,13.5,96.43,25.0,3,0,0,0,1,35.71,10.71
317,13,7,1,1,23.0,20.0,23.0,115.0,23.0,2,1,0,0,2,55.0,15.0
317,9,2,2,2,13.0,16.0,6.5,81.25,10.0,1,0,0,0,2,37.5,6.25
317,9,4,1,1,0.0,2.0,0.0,0.0,0.0,0,0,0,0,0,100.0,0.0
317,5,4,1,1,14.0,9.0,14.0,155.56,14.0,2,0,0,0,1,22.22,22.22
317,5,6,2,2,17.0,21.0,8.5,80.95,11.0,0,0,0,0,2,19.05,0.0
317,7,4,1,1,12.0,18.0,12.0,66.67,12.0,2,0,0,0,1,61.11,11.11
317,7,5,1,1,24.0,28.0,24.0,85.71,24.0,2,0,0,0,1,32.14,7.14
317,11,1,2,2,37.0,31.0,18.5,119.35,25.0,4,0,0,0,1,29.03,12.9
317,11,2,1,1,35.0,18.0,35.0,194.44,35.0,4,1,0,0,1,22.22,27.78
317,11,4,1,1,1.0,3.0,1.0,33.33,1.0,0,0,0,0,1,66.67,0.0
317,11,5,2,2,19.0,18.0,9.5,105.56,10.0,0,1,0,0,1,27.78,5.56
317,17,1,1,1,20.0,14.0,20.0,142.86,20.0,1,1,0,0,1,14.29,14.29
317,17,2,1,1,29.0,20.0,29.0,145.0,29.0,4,0,0,0,0,25.0,20.0
317,17,3,2,2,31.0,25.0,15.5,124.0,22.0,3,0,0,0,1,28.0,12.0
317,17,4,1,1,1.0,4.0,1.0,25.0,1.0,0,0,0,0,1,75.0,0.0
317,17,5,1,1,2.0,3.0,2.0,66.67,2.0,0,0,0,0,0,33.33,0.0
317,17,6,1,1,1.0,3.0,1.0,33.33,1.0,0,0,0,0,1,66.67,0.0
317,17,7,1,1,11.0,17.0,11.0,64.71,11.0,1,0,0,0,0,64.71,5.88
317,15,6,2,2,19.0,16.0,9.5,118.75,19.0,2,0,0,0,2,37.5,12.5
317,15,7,1,1,4.0,3.0,4.0,133.33,4.0,1,0,0,0,1,66.67,33.33
490,6,4,2,2,56.0,44.0,28.0,127.27,52.0,7,0,1,0,2,36.36,15.91
490,6,5,2,2,32.0,32.0,16.0,100.0,17.0,5,0,0,0,2,43.75,15.62
490,6,6,2,2,25.0,25.0,12.5,100.0,16.0,2,0,0,0,2,44.0,8.0
490,6,7,2,2,19.0,19.0,9.5,100.0,15.0,2,0,0,0,2,47.37,10.53
490,6,8,2,2,99.0,72.0,49.5,137.5,76.0,10,2,1,0,1,29.17,16.67
490,6,11,2,2,20.0,14.0,10.0,142.86,16.0,2,1,0,0,2,42.86,21.43
490,6,12,2,2,14.0,13.0,7.0,107.69,14.0,3,0,0,0,2,53.85,23.08
490,6,13,1,1,8.0,10.0,8.0,80.0,8.0,1,0,0,0,1,50.0,10.0
490,6,15,1,1,44.0,34.0,44.0,129.41,44.0,6,1,0,0,1,44.12,20.59
490,6,18,2,2,68.0,50.0,34.0,136.0,48.0,5,3,0,0,1,30.0,16.0
490,16,1,1,1,0.0,7.0,0.0,0.0,0.0,0,0,0,0,1,100.0,0.0
490,16,5,2,2,50.0,38.0,25.0,131.58,44.0,6,1,0,0,2,28.95,18.42
490,10,12,2,2,107.0,67.0,53.5,159.7,105.0,11,3,1,1,2,23.88,20.9
490,10,15,1,1,8.0,14.0,8.0,57.14,8.0,1,0,0,0,1,57.14,7.14
490,10,16,1,1,21.0,20.0,21.0,105.0,21.0,2,0,0,0,1,25.0,10.0
490,10,17,1,1,45.0,30.0,45.0,150.0,45.0,5,2,0,0,1,26.67,23.33
490,10,18,1,1,26.0,14.0,26.0,185.71,26.0,4,1,0,0,1,35.71,35.71
490,2,2,2,2,68.0,53.0,34.0,128.3,56.0,7,2,1,0,2,28.3,16.98
490,2,4,1,1,18.0,17.0,18.0,105.88,18.0,1,1,0,0,1,41.18,11.76
490,2,5,2,2,126.0,95.0,63.0,132.63,84.0,16,1,1,0,2,31.58,17.89
490,2,6,2,2,91.0,69.0,45.5,131.88,63.0,8,1,1,0,1,17.39,13.04
490,2,7,2,2,76.0,60.0,38.0,126.67,64.0,10,1,1,0,2,28.33,18.33
490,2,8,2,2,138.0,93.0,69.0,148.39,91.0,11,6,1,0,1,29.03,18.28
490,2,9,2,2,105.0,84.0,52.5,125.0,63.0,12,1,1,0,0,27.38,15.48
490,2,10,2,2,10.0,10.0,5.0,100.0,10.0,0,0,0,0,2,20.0,0.0
490,2,11,1,1,45.0,40.0,45.0,112.5,45.0,5,0,0,0,1,37.5,12.5
490,14,9,2,2,74.0,62.0,37.0,119.35,53.0,9,0,1,0,2,32.26,14.52
490,14,10,2,2,4.0,7.0,2.0,57.14,4.0,1,0,0,0,2,85.71,14.29
490,1,16,2,2,44.0,23.0,22.0,191.3,27.0,2,3,0,0,2,21.74,21.74
490,1,17,2,2,13.0,17.0,6.5,76.47,12.0,1,0,0,0,3,41.18,5.88
490,1,18,1,1,50.0,36.0,50.0,138.89,50.0,5,1,1,0,1,27.78,16.67
490,13,2,1,1,1.0,5.0,1.0,20.0,1.0,0,0,0,0,1,80.0,0.0
490,13,5,2,2,103.0,72.0,51.5,143.06,98.0,17,1,1,0,2,33.33,25.0
490,13,6,2,2,93.0,91.0,46.5,102.2,59.0,6,3,1,0,0,39.56,9.89
490,13,7,2,2,36.0,34.0,18.0,105.88,23.0,4,0,0,0,1,41.18,11.76
490,13,8,2,2,74.0,62.0,37.0,119.35,74.0,6,2,1,0,2,32.26,12.9
490,13,9,2,2,28.0,26.0,14.0,107.69,19.0,6,0,0,0,2,61.54,23.08
490,13,10,2,2,53.0,49.0,26.5,108.16,34.0,2,2,0,0,1,30.61,8.16
490,13,11,2,2,14.0,17.0,7.0,82.35,9.0,1,0,0,0,2,35.29,5.88
490,13,12,2,2,53.0,41.0,26.5,129.27,27.0,5,0,0,0,2,21.95,12.2
490,4,4,1,1,8.0,9.0,8.0,88.89,8.0,1,0,0,0,1,55.56,11.11
490,9,1,1,1,4.0,10.0,4.0,40.0,4.0,1,0,0,0,1,90.0,10.0
490,9,2,1,1,10.0,8.0,10.0,125.0,10.0,1,0,0,0,1,12.5,12.5
490,9,4,1,1,6.0,9.0,6.0,66.67,6.0,0,0,0,0,1,33.33,0.0
490,9,5,2,2,19.0,20.0,9.5,95.0,19.0,3,0,0,0,1,50.0,15.0
490,9,6,2,2,42.0,44.0,21.0,95.45,36.0,4,1,0,0,2,40.91,11.36
490,9,7,2,2,102.0,81.0,51.0,125.93,72.0,9,2,1,0,1,34.57,13.58
490,9,8,1,1,37.0,22.0,37.0,168.18,37.0,3,2,0,0,1,22.73,22.73
490,9,9,2,2,69.0,58.0,34.5,118.97,67.0,4,3,1,0,3,31.03,12.07
490,9,10,2,2,57.0,50.0,28.5,114.0,46.0,6,1,0,0,2,38.0,14.0
490,9,11,3,3,93.0,72.0,31.0,129.17,46.0,10,2,0,0,3,34.72,16.67
490,9,12,2,2,39.0,28.0,19.5,139.29,34.0,6,1,0,0,2,46.43,25.0
490,9,13,1,1,0.0,1.0,0.0,0.0,0.0,0,0,0,0,1,100.0,0.0
490,9,16,2,2,87.0,40.0,43.5,217.5,71.0,7,6,1,0,1,15.0,32.5
490,18,17,2,2,37.0,27.0,18.5,137.04,36.0,5,1,0,0,2,40.74,22.22
490,18,18,1,1,61.0,35.0,61.0,174.29,61.0,8,2,1,0,1,31.43,28.57
490,5,5,2,2,53.0,48.0,26.5,110.42,40.0,6,2,0,0,2,50.0,16.67
490,5,6,3,3,93.0,80.0,31.0,116.25,68.0,11,1,1,0,3,35.0,15.0
490,5,8,2,2,62.0,51.0,31.0,121.57,46.0,6,0,0,0,2,27.45,11.76
490,5,9,2,2,70.0,47.0,35.0,148.94,66.0,7,3,1,0,1,40.43,21.28
490,5,10,4,4,198.0,147.0,49.5,134.69,60.0,21,5,2,0,4,33.33,17.69
490,5,11,2,2,51.0,53.0,25.5,96.23,37.0,5,0,0,0,2,33.96,9.43
490,5,12,2,2,49.0,33.0,24.5,148.48,37.0,8,1,0,0,2,39.39,27.27
490,5,13,3,3,17.0,22.0,5.67,77.27,15.0,3,0,0,0,3,68.18,13.64
490,5,15,2,2,32.0,35.0,16.0,91.43,25.0,3,0,0,0,2,34.29,8.57
490,5,16,2,2,82.0,44.0,41.0,186.36,61.0,8,4,1,0,2,18.18,27.27
490,5,17,1,1,5.0,8.0,5.0,62.5,5.0,1,0,0,0,1,75.0,12.5
490,5,18,1,1,11.0,7.0,11.0,157.14,11.0,1,1,0,0,1,57.14,28.57
490,7,4,1,1,15.0,9.0,15.0,166.67,15.0,2,0,0,0,0,0.0,22.22
490,7,5,2,2,61.0,50.0,30.5,122.0,61.0,7,0,1,0,2,34.0,14.0
490,7,6,2,2,97.0,75.0,48.5,129.33,67.0,9,2,1,0,2,29.33,14.67
490,12,15,1,1,12.0,11.0,12.0,109.09,12.0,3,0,0,0,1,72.73,27.27
490,12,17,2,2,38.0,31.0,19.0,122.58,29.0,6,0,0,0,2,32.26,19.35
490,12,18,1,1,17.0,17.0,17.0,100.0,17.0,1,1,0,0,1,47.06,11.76
490,11,2,1,1,3.0,7.0,3.0,42.86,3.0,0,0,0,0,1,42.86,0.0
490,11,13,1,1,2.0,9.0,2.0,22.22,2.0,0,0,0,0,1,77.78,0.0
490,11,14,1,1,8.0,8.0,8.0,100.0,8.0,1,0,0,0,1,50.0,12.5
490,11,16,2,2,46.0,32.0,23.0,143.75,31.0,2,1,0,0,2,15.62,9.38
490,11,18,2,2,48.0,39.0,24.0,123.08,30.0,2,3,0,0,2,30.77,12.82
490,17,2,2,2,62.0,50.0,31.0,124.0,62.0,4,1,1,0,1,26.0,10.0
490,17,4,1,1,17.0,10.0,17.0,170.0,17.0,1,1,0,0,0,20.0,20.0
490,17,5,2,2,116.0,78.0,58.0,148.72,103.0,13,5,1,1,1,33.33,23.08
490,17,6,2,2,16.0,20.0,8.0,80.0,14.0,2,1,0,0,2,75.0,15.0
490,17,7,2,2,47.0,41.0,23.5,114.63,24.0,7,0,0,0,2,43.9,17.07
490,17,8,2,2,60.0,51.0,30.0,117.65,42.0,6,1,0,0,2,33.33,13.73
490,17,9,2,2,134.0,94.0,67.0,142.55,74.0,16,2,2,0,3,26.6,19.15
490,17,10,2,2,36.0,33.0,18.0,109.09,30.0,5,0,0,0,2,39.39,15.15
490,17,11,2,2,69.0,51.0,34.5,135.29,36.0,9,1,0,0,2,25.49,19.61
490,17,12,1,1,22.0,20.0,22.0,110.0,22.0,4,0,0,0,1,50.0,20.0
490,17,13,1,1,60.0,46.0,60.0,130.43,60.0,5,1,1,0,1,19.57,13.04
490,17,15,1,1,9.0,10.0,9.0,90.0,9.0,1,0,0,0,1,40.0,10.0
490,17,16,1,1,37.0,20.0,37.0,185.0,37.0,3,2,0,0,1,25.0,25.0
490,8,17,2,2,60.0,41.0,30.0,146.34,33.0,3,3,0,0,2,26.83,14.63
490,8,18,1,1,56.0,31.0,56.0,180.65,56.0,6,4,1,0,1,41.94,32.26
490,15,6,3,3,31.0,54.0,10.33,57.41,18.0,0,2,0,0,3,62.96,3.7
490,15,7,2,2,59.0,56.0,29.5,105.36,59.0,6,0,1,0,2,39.29,10.71
490,15,8,2,2,70.0,62.0,35.0,112.9,62.0,11,0,1,0,2,45.16,17.74
490,15,9,2,2,0.0,8.0,0.0,0.0,0.0,0,0,0,0,2,100.0,0.0
490,15,10,2,2,24.0,27.0,12.0,88.89,22.0,0,1,0,0,2,33.33,3.7
490,15,11,2,2,78.0,66.0,39.0,118.18,65.0,7,1,1,0,1,24.24,12.12
490,15,12,2,2,109.0,83.0,54.5,131.33,70.0,8,4,1,0,2,36.14,14.46
490,15,13,1,1,26.0,19.0,26.0,136.84,26.0,3,1,0,0,1,31.58,21.05
490,15,15,1,1,28.0,24.0,28.0,116.67,28.0,0,3,0,0,1,45.83,12.5
490,15,16,1,1,9.0,10.0,9.0,90.0,9.0,0,0,0,0,1,20.0,0.0
490,15,17,2,2,44.0,42.0,22.0,104.76,35.0,3,1,0,0,2,35.71,9.52
490,15,18,2,2,53.0,35.0,26.5,151.43,38.0,4,4,0,0,2,42.86,22.86
464,6,16,2,2,9.0,12.0,4.5,75.0,7.0,1,0,0,0,1,41.67,8.33
464,1,16,2,2,59.0,52.0,29.5,113.46,51.0,3,4,1,0,2,48.08,13.46
464,9,16,1,1,0.0,2.0,0.0,0.0,0.0,0,0,0,0,1,100.0,0.0
464,18,16,1,1,4.0,5.0,4.0,80.0,4.0,0,0,0,0,1,40.0,0.0
464,12,16,1,1,16.0,18.0,16.0,88.89,16.0,1,1,0,0,1,55.56,11.11
464,17,16,1,1,18.0,10.0,18.0,180.0,18.0,1,1,0,0,1,20.0,20.0
464,15,15,1,1,5.0,3.0,5.0,166.67,5.0,1,0,0,0,1,33.33,33.33
464,15,16,1,1,4.0,2.0,4.0,200.0,4.0,1,0,0,0,1,50.0,50.0
25,6,3,1,1,4.0,7.0,4.0,57.14,4.0,0,0,0,0,0,42.86,0.0
25,6,7,1,1,4.0,1.0,4.0,400.0,4.0,1,0,0,0,0,0.0,100.0
25,9,8,1,1,5.0,2.0,5.0,250.0,5.0,1,0,0,0,0,0.0,50.0
25,5,8,1,1,1.0,1.0,1.0,100.0,1.0,0,0,0,0,0,0.0,0.0
25,17,4,1,1,18.0,13.0,18.0,138.46,18.0,1,1,0,0,0,38.46,15.38
25,15,8,1,1,4.0,2.0,4.0,200.0,4.0,1,0,0,0,1,50.0,50.0
135,5,2,1,1,0.0,1.0,0.0,0.0,0.0,0,0,0,0,1,100.0,0.0
135,17,2,1,1,7.0,7.0,7.0,100.0,7.0,1,0,0,0,1,57.14,14.29
456,6,18,1,1,19.0,19.0,19.0,100.0,19.0,0,2,0,0,1,52.63,10.53
456,10,18,1,1,74.0,41.0,74.0,180.49,74.0,5,6,1,0,1,31.71,26.83
456,1,18,2,2,21.0,21.0,10.5,100.0,18.0,2,0,0,0,2,38.1,9.52
456,9,18,2,2,18.0,12.0,9.0,150.0,12.0,2,1,0,0,1,33.33,25.0
456,18,18,2,2,41.0,15.0,20.5,273.33,36.0,1,5,0,0,1,26.67,40.0
456,5,18,2,2,30.0,22.0,15.0,136.36,18.0,1,2,0,0,1,31.82,13.64
456,11,18,1,1,7.0,3.0,7.0,233.33,7.0,0,1,0,0,1,33.33,33.33
456,8,18,1,1,26.0,9.0,26.0,288.89,26.0,1,3,0,0,1,11.11,44.44
175,13,3,1,1,0.0,1.0,0.0,0.0,0.0,0,0,0,0,1,100.0,0.0
175,9,3,1,1,14.0,14.0,14.0,100.0,14.0,1,0,0,0,1,42.86,7.14
175,11,3,1,1,9.0,12.0,9.0,75.0,9.0,1,0,0,0,1,50.0,8.33
175,17,3,1,1,40.0,39.0,40.0,102.56,40.0,4,1,0,0,1,46.15,12.82
356,6,5,1,1,15.0,8.0,15.0,187.5,15.0,0,2,0,0,1,37.5,25.0
356,6,7,1,1,30.0,27.0,30.0,111.11,30.0,4,1,0,0,1,55.56,18.52
356,6,8,1,1,0.0,1.0,0.0,0.0,0.0,0,0,0,0,1,100.0,0.0
356,2,5,1,1,1.0,1.0,1.0,100.0,1.0,0,0,0,0,0,0.0,0.0
356,14,10,1,1,25.0,15.0,25.0,166.67,25.0,2,1,0,0,1,20.0,20.0
356,9,5,1,1,1.0,2.0,1.0,50.0,1.0,0,0,0,0,1,50.0,0.0
356,5,5,1,1,1.0,2.0,1.0,50.0,1.0,0,0,0,0,1,50.0,0.0
356,5,7,1,1,4.0,3.0,4.0,133.33,4.0,0,0,0,0,1,33.33,0.0
356,17,8,1,1,7.0,5.0,7.0,140.0,7.0,1,0,0,0,0,20.0,20.0
356,17,9,1,1,3.0,3.0,3.0,100.0,3.0,0,0,0,0,0,33.33,0.0
311,5,10,1,1,7.0,2.0,7.0,350.0,7.0,0,1,0,0,0,0.0,50.0
311,3,10,1,1,0.0,1.0,0.0,0.0,0.0,0,0,0,0,1,100.0,0.0
311,15,10,1,1,0.0,6.0,0.0,0.0,0.0,0,0,0,0,1,66.67,0.0
220,6,14,1,1,16.0,14.0,16.0,114.29,16.0,2,1,0,0,1,64.29,21.43
220,6,17,1,1,0.0,1.0,0.0,0.0,0.0,0,0,0,0,1,100.0,0.0
220,10,15,1,1,8.0,9.0,8.0,88.89,8.0,0,0,0,0,1,33.33,0.0
220,1,16,1,1,5.0,4.0,5.0,125.0,5.0,1,0,0,0,1,50.0,25.0
220,18,16,2,2,67.0,53.0,33.5,126.42,36.0,10,1,0,0,2,41.51,20.75
220,11,15,1,1,5.0,4.0,5.0,125.0,5.0,1,0,0,0,1,50.0,25.0
220,11,16,1,1,33.0,25.0,33.0,132.0,33.0,4,1,0,0,1,44.0,20.0
220,11,17,1,1,5.0,5.0,5.0,100.0,5.0,1,0,0,0,1,60.0,20.0
437,6,15,1,1,12.0,16.0,12.0,75.0,12.0,1,0,0,0,1,56.25,6.25
437,6,17,1,1,48.0,25.0,48.0,192.0,48.0,4,3,0,0,0,20.0,28.0
437,10,15,1,1,0.0,1.0,0.0,0.0,0.0,0,0,0,0,1,100.0,0.0
437,10,16,2,2,23.0,25.0,11.5,92.0,15.0,1,1,0,0,0,36.0,8.0
437,1,16,1,1,23.0,15.0,23.0,153.33,23.0,1,1,0,0,0,13.33,13.33
437,9,14,1,1,0.0,1.0,0.0,0.0,0.0,0,0,0,0,1,100.0,0.0
437,9,15,1,1,0.0,2.0,0.0,0.0,0.0,0,0,0,0,1,100.0,0.0
437,9,16,1,1,1.0,5.0,1.0,20.0,1.0,0,0,0,0,1,80.0,0.0
437,9,17,1,1,3.0,3.0,3.0,100.0,3.0,0,0,0,0,1,33.33,0.0
437,18,15,1,1,4.0,5.0,4.0,80.0,4.0,1,0,0,0,1,60.0,20.0
437,18,16,1,1,9.0,11.0,9.0,81.82,9.0,0,0,0,0,1,45.45,0.0
437,18,17,1,1,11.0,21.0,11.0,52.38,11.0,0,0,0,0,1,52.38,0.0
437,5,15,1,1,66.0,47.0,66.0,140.43,66.0,2,6,1,0,0,34.04,17.02
437,5,16,1,1,6.0,4.0,6.0,150.0,6.0,1,0,0,0,1,25.0,25.0
437,12,15,1,1,21.0,20.0,21.0,105.0,21.0,2,1,0,0,1,55.0,15.0
437,12,17,1,1,11.0,14.0,11.0,78.57,11.0,1,0,0,0,1,42.86,7.14
437,11,15,1,1,26.0,25.0,26.0,104.0,26.0,4,0,0,0,1,44.0,16.0
437,11,16,1,1,29.0,11.0,29.0,263.64,29.0,3,2,0,0,0,18.18,45.45
437,15,15,1,1,0.0,2.0,0.0,0.0,0.0,0,0,0,0,1,100.0,0.0
437,15,17,1,1,25.0,14.0,25.0,178.57,25.0,5,0,0,0,0,21.43,35.71
260,6,8,1,1,10.0,20.0,10.0,50.0,10.0,0,0,0,0,1,45.0,0.0
260,2,8,1,1,8.0,3.0,8.0,266.67,8.0,0,1,0,0,0,0.0,33.33
260,9,8,1,1,0.0,1.0,0.0,0.0,0.0,0,0,0,0,0,0.0,0.0
260,9,11,1,1,3.0,4.0,3.0,75.0,3.0,0,0,0,0,0,0.0,0.0
260,11,8,1,1,0.0,3.0,0.0,0.0,0.0,0,0,0,0,0,66.67,0.0
260,17,8,1,1,0.0,2.0,0.0,0.0,0.0,0,0,0,0,1,100.0,0.0
260,15,8,1,1,0.0,2.0,0.0,0.0,0.0,0,0,0,0,1,100.0,0.0
260,15,10,1,1,15.0,12.0,15.0,125.0,15.0,2,0,0,0,1,25.0,16.67
728,16,3,1,1,4.0,4.0,4.0,100.0,4.0,1,0,0,0,1,75.0,25.0
728,5,3,1,1,30.0,18.0,30.0,166.67,30.0,2,1,0,0,1,16.67,16.67
236,9,5,1,1,17.0,22.0,17.0,77.27,17.0,0,0,0,0,1,31.82,0.0
236,11,5,2,2,39.0,28.0,19.5,139.29,30.0,3,2,0,0,2,39.29,17.86
236,17,5,1,1,31.0,26.0,31.0,119.23,31.0,4,0,0,0,1,26.92,15.38
686,6,6,2,2,7.0,8.0,3.5,87.5,7.0,1,0,0,0,2,62.5,12.5
686,6,7,3,3,32.0,25.0,10.67,128.0,23.0,6,0,0,0,3,48.0,24.0
686,2,3,1,1,17.0,10.0,17.0,170.0,17.0,0,2,0,0,1,50.0,20.0
686,2,7,2,2,22.0,18.0,11.0,122.22,14.0,4,0,0,0,2,38.89,22.22
686,13,6,1,1,22.0,12.0,22.0,183.33,22.0,2,2,0,0,1,50.0,33.33
686,13,7,1,1,16.0,6.0,16.0,266.67,16.0,1,1,0,0,0,0.0,33.33
686,13,8,1,1,7.0,10.0,7.0,70.0,7.0,0,0,0,0,1,40.0,0.0
686,13,9,1,1,0.0,1.0,0.0,0.0,0.0,0,0,0,0,1,100.0,0.0
686,9,3,1,1,1.0,3.0,1.0,33.33,1.0,0,0,0,0,1,66.67,0.0
686,9,7,2,2,26.0,25.0,13.0,104.0,24.0,2,1,0,0,1,44.0,12.0
686,9,8,1,1,7.0,7.0,7.0,100.0,7.0,1,0,0,0,1,42.86,14.29
686,5,10,1,1,0.0,1.0,0.0,0.0,0.0,0,0,0,0,1,100.0,0.0
686,11,3,1,1,23.0,13.0,23.0,176.92,23.0,3,1,0,0,1,46.15,30.77
686,11,6,2,2,94.0,64.0,47.0,146.88,59.0,11,3,1,0,2,35.94,21.88
686,11,7,1,1,6.0,1.0,6.0,600.0,6.0,0,1,0,0,0,0.0,100.0
686,3,9,1,1,8.0,14.0,8.0,57.14,8.0,1,0,0,0,1,64.29,7.14
686,3,10,1,1,0.0,5.0,0.0,0.0,0.0,0,0,0,0,1,80.0,0.0
686,17,3,1,1,9.0,10.0,9.0,90.0,9.0,2,0,0,0,1,60.0,20.0
686,17,7,1,1,17.0,18.0,17.0,94.44,17.0,2,0,0,0,1,44.44,11.11
686,17,10,1,1,18.0,17.0,18.0,105.88,18.0,3,0,0,0,1,52.94,17.65
686,15,7,1,1,7.0,5.0,7.0,140.0,7.0,1,0,0,0,1,40.0,20.0
633,9,10,1,1,12.0,12.0,12.0,100.0,12.0,1,0,0,0,0,33.33,8.33
656,6,7,1,1,2.0,3.0,2.0,66.67,2.0,0,0,0,0,1,66.67,0.0
656,6,8,2,2,41.0,39.0,20.5,105.13,32.0,2,2,0,0,2,35.9,10.26
656,6,11,1,1,14.0,12.0,14.0,116.67,14.0,0,1,0,0,1,33.33,8.33
656,6,12,3,3,21.0,24.0,7.0,87.5,9.0,2,0,0,0,2,33.33,8.33
656,6,13,1,1,21.0,5.0,21.0,420.0,21.0,0,3,0,0,0,0.0,60.0
656,6,14,2,2,15.0,21.0,7.5,71.43,10.0,1,0,0,0,2,42.86,4.76
656,6,15,1,1,1.0,3.0,1.0,33.33,1.0,0,0,0,0,1,66.67,0.0
656,6,16,2,2,36.0,20.0,18.0,180.0,21.0,3,2,0,0,2,20.0,25.0
656,6,17,1,1,7.0,8.0,7.0,87.5,7.0,0,0,0,0,0,0.0,0.0
656,6,18,1,1,21.0,14.0,21.0,150.0,21.0,2,1,0,0,1,35.71,21.43
656,2,7,1,1,42.0,35.0,42.0,120.0,42.0,5,1,0,0,0,40.0,17.14
656,2,8,2,2,35.0,36.0,17.5,97.22,22.0,0,2,0,0,2,33.33,5.56
656,2,9,2,2,27.0,27.0,13.5,100.0,16.0,1,2,0,0,1,51.85,11.11
656,2,10,1,1,44.0,29.0,44.0,151.72,44.0,1,3,0,0,1,20.69,13.79
656,14,9,2,2,4.0,4.0,2.0,100.0,4.0,0,0,0,0,1,50.0,0.0
656,14,10,2,2,36.0,18.0,18.0,200.0,34.0,3,2,0,0,1,16.67,27.78
656,1,15,1,1,8.0,4.0,8.0,200.0,8.0,2,0,0,0,1,50.0,50.0
656,1,16,2,2,63.0,52.0,31.5,121.15,36.0,4,4,0,0,2,44.23,15.38
656,1,17,1,1,66.0,43.0,66.0,153.49,66.0,5,4,1,0,1,32.56,20.93
656,1,18,2,2,64.0,48.0,32.0,133.33,39.0,3,3,0,0,2,22.92,12.5
656,13,12,1,1,1.0,1.0,1.0,100.0,1.0,0,0,0,0,1,0.0,0.0
656,13,13,1,1,6.0,9.0,6.0,66.67,6.0,0,0,0,0,1,33.33,0.0
656,9,7,3,3,10.0,13.0,3.33,76.92,7.0,0,0,0,0,2,23.08,0.0
656,9,8,1,1,2.0,3.0,2.0,66.67,2.0,0,0,0,0,1,33.33,0.0
656,9,9,2,2,30.0,15.0,15.0,200.0,21.0,1,2,0,0,1,6.67,20.0
656,9,10,2,2,8.0,11.0,4.0,72.73,8.0,0,0,0,0,1,27.27,0.0
656,9,11,1,1,19.0,11.0,19.0,172.73,19.0,2,1,0,0,1,27.27,27.27
656,9,13,1,1,9.0,7.0,9.0,128.57,9.0,0,1,0,0,1,42.86,14.29
656,9,14,2,2,4.0,9.0,2.0,44.44,4.0,0,0,0,0,1,55.56,0.0
656,9,15,2,2,46.0,31.0,23.0,148.39,24.0,4,2,0,0,0,29.03,19.35
656,9,16,1,1,19.0,22.0,19.0,86.36,19.0,1,0,0,0,0,36.36,4.55
656,9,17,2,2,15.0,22.0,7.5,68.18,15.0,2,0,0,0,2,63.64,9.09
656,9,18,1,1,43.0,23.0,43.0,186.96,43.0,4,3,0,0,1,30.43,30.43
656,18,15,1,1,42.0,24.0,42.0,175.0,42.0,1,3,0,0,0,25.0,16.67
656,18,16,1,1,16.0,11.0,16.0,145.45,16.0,1,1,0,0,1,27.27,18.18
656,18,17,1,1,14.0,10.0,14.0,140.0,14.0,2,0,0,0,0,30.0,20.0
656,18,18,2,2,56.0,31.0,28.0,180.65,34.0,4,5,0,0,1,38.71,29.03
656,5,7,1,1,6.0,6.0,6.0,100.0,6.0,1,0,0,0,1,50.0,16.67
656,5,8,1,1,0.0,1.0,0.0,0.0,0.0,0,0,0,0,1,100.0,0.0
656,5,9,1,1,0.0,2.0,0.0,0.0,0.0,0,0,0,0,1,100.0,0.0
656,5,10,2,2,23.0,18.0,11.5,127.78,19.0,0,1,0,0,0,22.22,5.56
656,5,11,2,2,23.0,20.0,11.5,115.0,13.0,0,2,0,0,1,20.0,10.0
656,5,12,2,2,30.0,25.0,15.0,120.0,26.0,2,1,0,0,3,40.0,12.0
656,5,13,2,2,51.0,42.0,25.5,121.43,42.0,3,3,0,0,2,38.1,14.29
656,5,14,1,1,9.0,9.0,9.0,100.0,9.0,1,0,0,0,1,33.33,11.11
656,5,15,2,2,57.0,27.0,28.5,211.11,38.0,2,5,0,0,0,11.11,25.93
656,5,16,1,1,54.0,25.0,54.0,216.0,54.0,4,5,1,0,1,32.0,36.0
656,5,17,2,2,19.0,13.0,9.5,146.15,11.0,1,1,0,0,1,15.38,15.38
656,5,18,1,1,9.0,6.0,9.0,150.0,9.0,2,0,0,0,1,50.0,33.33
656,12,15,1,1,17.0,20.0,17.0,85.0,17.0,2,0,0,0,0,45.0,10.0
656,12,16,1,1,1.0,2.0,1.0,50.0,1.0,0,0,0,0,1,50.0,0.0
656,12,17,1,1,21.0,13.0,21.0,161.54,21.0,2,1,0,0,1,30.77,23.08
656,11,8,2,2,36.0,35.0,18.0,102.86,24.0,3,0,0,0,2,28.57,8.57
656,11,11,2,2,13.0,10.0,6.5,130.0,9.0,1,0,0,0,2,10.0,10.0
656,11,12,1,1,1.0,1.0,1.0,100.0,1.0,0,0,0,0,0,0.0,0.0
656,11,13,2,2,24.0,12.0,12.0,200.0,17.0,3,1,0,0,2,16.67,33.33
656,11,14,1,1,12.0,7.0,12.0,171.43,12.0,0,1,0,0,1,14.29,14.29
656,11,15,1,1,1.0,4.0,1.0,25.0,1.0,0,0,0,0,1,75.0,0.0
656,11,16,1,1,2.0,6.0,2.0,33.33,2.0,0,0,0,0,1,50.0,0.0
656,11,17,2,2,30.0,23.0,15.0,130.43,15.0,2,1,0,0,1,26.09,13.04
656,11,18,1,1,34.0,14.0,34.0,242.86,34.0,4,2,0,0,1,14.29,42.86
656,3,9,1,1,1.0,3.0,1.0,33.33,1.0,0,0,0,0,1,66.67,0.0
656,3,10,2,2,46.0,42.0,23.0,109.52,24.0,2,2,0,0,2,35.71,9.52
656,17,7,1,1,2.0,3.0,2.0,66.67,2.0,0,0,0,0,1,33.33,0.0
656,17,8,2,2,60.0,36.0,30.0,166.67,40.0,6,3,0,0,0,27.78,25.0
656,17,9,1,1,13.0,9.0,13.0,144.44,13.0,1,1,0,0,1,44.44,22.22
656,17,10,2,2,47.0,23.0,23.5,204.35,38.0,3,3,0,0,1,21.74,26.09
656,17,11,2,2,11.0,16.0,5.5,68.75,9.0,0,0,0,0,2,25.0,0.0
656,17,12,2,2,20.0,10.0,10.0,200.0,16.0,4,0,0,0,0,20.0,40.0
656,17,15,1,1,10.0,7.0,10.0,142.86,10.0,1,0,0,0,0,14.29,14.29
656,17,16,2,2,29.0,17.0,14.5,170.59,21.0,3,1,0,0,1,17.65,23.53
656,8,17,1,1,57.0,39.0,57.0,146.15,57.0,5,3,1,0,2,35.9,20.51
656,8,18,2,2,30.0,24.0,15.0,125.0,15.0,3,1,0,0,2,37.5,16.67
656,15,8,2,2,32.0,24.0,16.0,133.33,17.0,2,1,0,0,2,20.83,12.5
656,15,9,1,1,36.0,17.0,36.0,211.76,36.0,1,3,0,0,0,5.88,23.53
656,15,10,2,2,23.0,21.0,11.5,109.52,16.0,2,0,0,0,2,33.33,9.52
656,15,12,3,3,37.0,27.0,12.33,137.04,23.0,2,2,0,0,1,29.63,14.81
656,15,13,2,2,6.0,10.0,3.0,60.0,5.0,0,0,0,0,2,40.0,0.0
656,15,16,2,2,63.0,48.0,31.5,131.25,34.0,5,2,0,0,1,29.17,14.58
656,15,17,1,1,6.0,8.0,6.0,75.0,6.0,0,0,0,0,1,12.5,0.0
656,15,18,1,1,6.0,7.0,6.0,85.71,6.0,1,0,0,0,1,71.43,14.29
9,1,16,1,1,13.0,9.0,13.0,144.44,13.0,0,1,0,0,1,22.22,11.11
411,6,16,2,2,3.0,6.0,1.5,50.0,2.0,0,0,0,0,2,50.0,0.0
411,6,18,1,1,20.0,14.0,20.0,142.86,20.0,0,3,0,0,1,64.29,21.43
411,10,17,2,2,78.0,49.0,39.0,159.18,58.0,5,5,1,0,1,30.61,20.41
411,18,18,1,1,1.0,3.0,1.0,33.33,1.0,0,0,0,0,1,66.67,0.0
411,5,17,1,1,0.0,1.0,0.0,0.0,0.0,0,0,0,0,1,100.0,0.0
411,5,18,1,1,1.0,1.0,1.0,100.0,1.0,0,0,0,0,0,0.0,0.0
411,12,18,1,1,1.0,1.0,1.0,100.0,1.0,0,0,0,0,0,0.0,0.0
411,17,16,1,1,15.0,9.0,15.0,166.67,15.0,0,1,0,0,0,11.11,11.11
339,9,17,1,1,5.0,4.0,5.0,125.0,5.0,1,0,0,0,1,50.0,25.0
319,10,15,2,2,11.0,20.0,5.5,55.0,9.0,2,0,0,0,1,75.0,10.0
319,1,15,1,1,10.0,5.0,10.0,200.0,10.0,1,0,0,0,0,20.0,20.0
319,9,14,1,1,1.0,1.0,1.0,100.0,1.0,0,0,0,0,0,0.0,0.0
319,9,15,1,1,0.0,1.0,0.0,0.0,0.0,0,0,0,0,1,100.0,0.0
319,9,18,1,1,1.0,1.0,1.0,100.0,1.0,0,0,0,0,0,0.0,0.0
319,18,15,1,1,0.0,2.0,0.0,0.0,0.0,0,0,0,0,0,100.0,0.0
319,18,16,1,1,2.0,2.0,2.0,100.0,2.0,0,0,0,0,0,50.0,0.0
319,11,18,1,1,1.0,5.0,1.0,20.0,1.0,0,0,0,0,1,80.0,0.0
319,8,17,1,1,4.0,3.0,4.0,133.33,4.0,1,0,0,0,1,66.67,33.33
319,15,13,1,1,0.0,3.0,0.0,0.0,0.0,0,0,0,0,1,100.0,0.0
319,15,14,1,1,1.0,2.0,1.0,50.0,1.0,0,0,0,0,0,0.0,0.0
319,15,15,1,1,0.0,1.0,0.0,0.0,0.0,0,0,0,0,1,100.0,0.0
172,6,15,1,1,0.0,1.0,0.0,0.0,0.0,0,0,0,0,1,100.0,0.0
172,13,12,1,1,15.0,13.0,15.0,115.38,15.0,2,0,0,0,0,46.15,15.38
172,9,15,1,1,1.0,1.0,1.0,100.0,1.0,0,0,0,0,0,0.0,0.0
172,5,16,1,1,7.0,12.0,7.0,58.33,7.0,1,0,0,0,0,58.33,8.33
172,12,15,1,1,4.0,5.0,4.0,80.0,4.0,0,0,0,0,0,20.0,0.0
466,6,11,1,1,2.0,4.0,2.0,50.0,2.0,0,0,0,0,1,50.0,0.0
466,9,13,1,1,7.0,5.0,7.0,140.0,7.0,0,1,0,0,0,60.0,20.0
466,5,6,1,1,2.0,6.0,2.0,33.33,2.0,0,0,0,0,0,83.33,0.0
466,5,10,1,1,4.0,7.0,4.0,57.14,4.0,1,0,0,0,1,85.71,14.29
466,5,13,1,1,2.0,5.0,2.0,40.0,2.0,0,0,0,0,1,60.0,0.0
466,17,11,1,1,1.0,5.0,1.0,20.0,1.0,0,0,0,0,0,80.0,0.0
466,15,11,1,1,8.0,9.0,8.0,88.89,8.0,1,0,0,0,1,33.33,11.11
669,6,2,1,1,7.0,5.0,7.0,140.0,7.0,0,1,0,0,2,60.0,20.0
669,6,3,1,1,2.0,4.0,2.0,50.0,2.0,0,0,0,0,0,50.0,0.0
669,6,4,1,1,19.0,14.0,19.0,135.71,19.0,1,1,0,0,1,28.57,14.29
669,16,2,2,2,37.0,25.0,18.5,148.0,36.0,4,0,0,0,1,12.0,16.0
669,16,3,1,1,0.0,3.0,0.0,0.0,0.0,0,0,0,0,1,100.0,0.0
669,2,2,1,1,11.0,13.0,11.0,84.62,11.0,0,0,0,0,1,46.15,0.0
669,13,2,2,2,2.0,5.0,1.0,40.0,1.0,0,0,0,0,1,60.0,0.0
669,13,4,1,1,25.0,21.0,25.0,119.05,25.0,3,0,0,0,1,33.33,14.29
669,9,2,1,1,21.0,13.0,21.0,161.54,21.0,1,2,0,0,0,46.15,23.08
669,9,3,1,1,2.0,4.0,2.0,50.0,2.0,0,0,0,0,1,50.0,0.0
669,9,4,1,1,11.0,15.0,11.0,73.33,11.0,1,0,0,0,2,53.33,6.67
669,5,3,1,1,20.0,17.0,20.0,117.65,20.0,0,2,0,0,0,41.18,11.76
669,17,3,1,1,32.0,20.0,32.0,160.0,32.0,3,1,0,0,0,25.0,20.0
669,17,4,1,1,5.0,8.0,5.0,62.5,5.0,0,0,0,0,0,37.5,0.0
187,6,17,1,1,3.0,3.0,3.0,100.0,3.0,0,0,0,0,0,0.0,0.0
187,10,16,1,1,0.0,1.0,0.0,0.0,0.0,0,0,0,0,1,100.0,0.0
187,10,18,1,1,0.0,1.0,0.0,0.0,0.0,0,0,0,0,1,100.0,0.0
187,18,15,1,1,0.0,2.0,0.0,0.0,0.0,0,0,0,0,1,100.0,0.0
187,12,16,1,1,4.0,5.0,4.0,80.0,4.0,1,0,0,0,1,80.0,20.0
187,11,16,1,1,6.0,6.0,6.0,100.0,6.0,0,0,0,0,0,16.67,0.0
187,15,16,1,1,13.0,7.0,13.0,185.71,13.0,2,0,0,0,0,14.29,28.57
41,6,1,1,1,0.0,1.0,0.0,0.0,0.0,0,0,0,0,1,100.0,0.0
41,2,1,1,1,12.0,7.0,12.0,171.43,12.0,2,0,0,0,1,28.57,28.57
41,9,1,1,1,10.0,10.0,10.0,100.0,10.0,0,1,0,0,1,40.0,10.0
41,11,1,1,1,16.0,9.0,16.0,177.78,16.0,3,0,0,0,1,33.33,33.33
41,17,1,2,2,11.0,12.0,5.5,91.67,8.0,0,1,0,0,3,41.67,8.33
691,6,17,1,1,3.0,10.0,3.0,30.0,3.0,0,0,0,0,1,60.0,0.0
691,6,18,1,1,1.0,1.0,1.0,100.0,1.0,0,0,0,0,1,0.0,0.0
691,1,17,2,2,34.0,25.0,17.0,136.0,31.0,3,1,0,0,2,28.0,16.0
691,1,18,1,1,37.0,19.0,37.0,194.74,37.0,2,3,0,0,1,15.79,26.32
691,9,18,1,1,7.0,6.0,7.0,116.67,7.0,0,1,0,0,1,66.67,16.67
691,18,18,1,1,66.0,31.0,66.0,212.9,66.0,5,5,1,0,0,22.58,32.26
691,5,17,1,1,61.0,28.0,61.0,217.86,61.0,2,7,1,0,1,28.57,32.14
691,5,18,2,2,35.0,30.0,17.5,116.67,18.0,3,1,0,0,2,33.33,13.33
691,11,17,2,2,48.0,27.0,24.0,177.78,31.0,2,4,0,0,2,18.52,22.22
691,11,18,1,1,15.0,11.0,15.0,136.36,15.0,2,0,0,0,0,18.18,18.18
691,8,17,1,1,8.0,5.0,8.0,160.0,8.0,0,1,0,0,1,20.0,20.0
691,8,18,1,1,2.0,3.0,2.0,66.67,2.0,0,0,0,0,1,66.67,0.0
691,15,17,2,2,35.0,18.0,17.5,194.44,33.0,3,2,0,0,1,22.22,27.78
691,15,18,1,1,41.0,26.0,41.0,157.69,41.0,2,3,0,0,1,26.92,19.23
589,6,13,1,1,4.0,7.0,4.0,57.14,4.0,0,0,0,0,1,42.86,0.0
589,5,13,1,1,14.0,9.0,14.0,155.56,14.0,0,0,0,0,0,0.0,0.0
589,11,13,1,1,14.0,13.0,14.0,107.69,14.0,0,1,0,0,1,23.08,7.69
268,6,3,2,2,24.0,18.0,12.0,133.33,21.0,1,1,0,0,1,16.67,11.11
268,6,4,1,1,27.0,29.0,27.0,93.1,27.0,4,0,0,0,1,48.28,13.79
268,6,5,3,3,29.0,27.0,9.67,107.41,18.0,2,1,0,0,2,33.33,11.11
268,6,6,4,4,69.0,71.0,17.25,97.18,37.0,6,0,0,0,4,30.99,8.45
268,6,7,3,3,62.0,48.0,20.67,129.17,59.0,2,4,1,0,3,31.25,12.5
268,6,8,4,4,109.0,67.0,27.25,162.69,36.0,3,9,0,0,2,25.37,17.91
268,16,3,2,2,61.0,36.0,30.5,169.44,55.0,6,2,1,0,1,13.89,22.22
268,16,4,2,2,9.0,16.0,4.5,56.25,7.0,0,0,0,0,2,56.25,0.0
268,16,5,2,2,38.0,39.0,19.0,97.44,19.0,3,0,0,0,1,35.9,7.69
268,10,12,3,3,30.0,27.0,10.0,111.11,20.0,5,0,0,0,1,44.44,18.52
268,10,13,1,1,45.0,25.0,45.0,180.0,45.0,1,4,0,0,0,20.0,20.0
268,10,14,3,3,79.0,62.0,26.33,127.42,55.0,6,4,1,0,1,35.48,16.13
268,10,15,1,1,5.0,6.0,5.0,83.33,5.0,1,0,0,0,1,66.67,16.67
268,10,16,1,1,23.0,17.0,23.0,135.29,23.0,1,1,0,0,1,23.53,11.76
268,2,3,2,2,58.0,42.0,29.0,138.1,34.0,3,3,0,0,2,26.19,14.29
268,2,4,2,2,73.0,54.0,36.5,135.19,59.0,9,2,1,0,2,31.48,20.37
268,2,5,2,2,66.0,50.0,33.0,132.0,62.0,5,3,1,0,2,32.0,16.0
268,2,6,2,2,26.0,10.0,13.0,260.0,24.0,2,2,0,0,1,10.0,40.0
268,2,7,2,2,16.0,24.0,8.0,66.67,14.0,1,0,0,0,2,50.0,4.17
268,2,8,2,2,79.0,62.0,39.5,127.42,49.0,7,2,0,0,1,25.81,14.52
268,2,9,2,2,38.0,28.0,19.0,135.71,25.0,5,1,0,0,1,35.71,21.43
268,2,11,2,2,91.0,53.0,45.5,171.7,50.0,9,5,1,0,1,28.3,26.42
268,14,9,1,1,20.0,19.0,20.0,105.26,20.0,0,1,0,0,1,31.58,5.26
268,1,15,1,1,46.0,31.0,46.0,148.39,46.0,4,2,0,0,1,25.81,19.35
268,1,16,3,3,48.0,29.0,16.0,165.52,19.0,2,4,0,0,3,27.59,20.69
268,13,3,2,2,42.0,30.0,21.0,140.0,33.0,8,0,0,0,2,40.0,26.67
268,13,4,2,2,64.0,56.0,32.0,114.29,51.0,10,1,1,0,3,48.21,19.64
268,13,5,2,2,37.0,20.0,18.5,185.0,34.0,2,2,0,0,0,5.0,20.0
268,13,6,1,1,26.0,22.0,26.0,118.18,26.0,3,0,0,0,1,27.27,13.64
268,13,7,2,2,25.0,19.0,12.5,131.58,17.0,2,0,0,0,2,26.32,10.53
268,13,8,2,2,17.0,20.0,8.5,85.0,13.0,3,0,0,0,1,55.0,15.0
268,13,9,2,2,65.0,40.0,32.5,162.5,65.0,4,4,1,0,2,20.0,20.0
268,13,11,2,2,50.0,38.0,25.0,131.58,49.0,5,1,0,0,2,23.68,15.79
268,13,12,2,2,22.0,17.0,11.0,129.41,21.0,1,1,0,0,1,17.65,11.76
268,13,13,1,1,30.0,30.0,30.0,100.0,30.0,2,0,0,0,0,26.67,6.67
268,4,4,1,1,53.0,33.0,53.0,160.61,53.0,3,4,1,0,0,30.3,21.21
268,9,3,1,1,27.0,15.0,27.0,180.0,27.0,3,1,0,0,1,26.67,26.67
268,9,4,2,2,29.0,22.0,14.5,131.82,17.0,2,2,0,0,1,45.45,18.18
268,9,5,1,1,11.0,8.0,11.0,137.5,11.0,0,1,0,0,1,37.5,12.5
268,9,6,1,1,13.0,8.0,13.0,162.5,13.0,1,0,0,0,0,0.0,12.5
268,9,7,2,2,81.0,67.0,40.5,120.9,48.0,7,1,0,0,2,34.33,11.94
268,9,8,2,2,2.0,5.0,1.0,40.0,2.0,0,0,0,0,2,80.0,0.0
268,9,9,1,1,32.0,20.0,32.0,160.0,32.0,5,1,0,0,1,40.0,30.0
268,9,10,2,2,69.0,48.0,34.5,143.75,63.0,6,3,1,0,3,31.25,18.75
268,9,11,2,2,60.0,43.0,30.0,139.53,39.0,6,2,0,0,2,32.56,18.6
268,9,12,2,2,26.0,42.0,13.0,61.9,21.0,2,0,0,0,2,52.38,4.76
268,9,13,2,2,68.0,47.0,34.0,144.68,38.0,8,1,0,0,2,21.28,19.15
268,9,14,1,1,10.0,9.0,10.0,111.11,10.0,1,0,0,0,1,22.22,11.11
268,9,15,1,1,15.0,17.0,15.0,88.24,15.0,1,1,0,0,0,58.82,11.76
268,9,16,1,1,4.0,7.0,4.0,57.14,4.0,0,0,0,0,1,42.86,0.0
268,18,15,1,1,27.0,20.0,27.0,135.0,27.0,2,2,0,0,1,30.0,20.0
268,18,16,1,1,27.0,14.0,27.0,192.86,27.0,2,2,0,0,0,21.43,28.57
268,5,11,2,2,68.0,54.0,34.0,125.93,46.0,6,4,0,0,2,44.44,18.52
268,5,12,4,4,43.0,45.0,10.75,95.56,42.0,3,1,0,0,3,33.33,8.89
268,5,13,2,2,73.0,51.0,36.5,143.14,71.0,6,3,1,0,2,31.37,17.65
268,5,14,2,2,72.0,30.0,36.0,240.0,72.0,4,7,1,0,1,16.67,36.67
268,5,15,2,2,50.0,49.0,25.0,102.04,40.0,4,3,0,0,2,57.14,14.29
268,5,16,2,2,32.0,27.0,16.0,118.52,20.0,3,1,0,0,1,37.04,14.81
268,7,4,2,2,64.0,68.0,32.0,94.12,37.0,6,0,0,0,2,32.35,8.82
268,7,5,2,2,2.0,5.0,1.0,40.0,1.0,0,0,0,0,2,60.0,0.0
268,7,6,1,1,26.0,23.0,26.0,113.04,26.0,2,1,0,0,1,34.78,13.04
268,12,14,2,2,4.0,6.0,2.0,66.67,4.0,0,0,0,0,2,50.0,0.0
268,12,15,2,2,91.0,60.0,45.5,151.67,78.0,9,6,1,0,2,43.33,25.0
268,11,3,2,2,55.0,36.0,27.5,152.78,55.0,6,2,1,0,2,27.78,22.22
268,11,4,2,2,13.0,21.0,6.5,61.9,11.0,1,0,0,0,2,52.38,4.76
268,11,5,1,1,47.0,32.0,47.0,146.88,47.0,1,3,0,0,0,18.75,12.5
268,11,6,3,3,51.0,47.0,17.0,108.51,27.0,3,1,0,0,4,34.04,8.51
268,11,7,1,1,30.0,10.0,30.0,300.0,30.0,5,1,0,0,1,0.0,60.0
268,11,8,1,1,53.0,27.0,53.0,196.3,53.0,4,3,1,0,0,11.11,25.93
268,11,11,2,2,24.0,17.0,12.0,141.18,12.0,4,0,0,0,2,29.41,23.53
268,11,12,2,2,58.0,55.0,29.0,105.45,57.0,2,3,1,0,2,36.36,9.09
268,11,13,1,1,13.0,19.0,13.0,68.42,13.0,2,0,0,0,1,57.89,10.53
268,11,14,2,2,29.0,21.0,14.5,138.1,27.0,0,3,0,0,2,42.86,14.29
268,11,15,1,1,3.0,6.0,3.0,50.0,3.0,0,0,0,0,1,50.0,0.0
268,11,16,2,2,1.0,4.0,0.5,25.0,1.0,0,0,0,0,2,75.0,0.0
268,3,9,2,2,44.0,46.0,22.0,95.65,22.0,3,1,0,0,2,36.96,8.7
268,3,10,3,3,22.0,30.0,7.33,73.33,12.0,1,0,0,0,3,40.0,3.33
268,17,3,3,3,89.0,69.0,29.67,128.99,46.0,7,4,0,0,3,34.78,15.94
268,17,4,2,2,63.0,51.0,31.5,123.53,63.0,9,0,1,0,1,33.33,17.65
268,17,5,2,2,103.0,71.0,51.5,145.07,81.0,8,4,1,0,1,28.17,16.9
268,17,6,1,1,18.0,18.0,18.0,100.0,18.0,1,0,0,0,1,16.67,5.56
268,17,7,2,2,44.0,46.0,22.0,95.65,35.0,2,0,0,0,2,23.91,4.35
268,17,8,2,2,14.0,5.0,7.0,280.0,14.0,0,2,0,0,2,40.0,40.0
268,17,9,2,2,75.0,70.0,37.5,107.14,44.0,7,2,0,0,2,40.0,12.86
268,17,11,2,2,114.0,78.0,57.0,146.15,82.0,6,10,1,0,2,35.9,20.51
268,17,12,2,2,57.0,71.0,28.5,80.28,29.0,4,2,0,0,2,52.11,8.45
268,17,13,2,2,81.0,67.0,40.5,120.9,42.0,7,2,0,0,2,32.84,13.43
268,17,14,2,2,46.0,29.0,23.0,158.62,32.0,4,2,0,0,2,17.24,20.69
268,17,15,1,1,10.0,8.0,10.0,125.0,10.0,0,1,0,0,1,37.5,12.5
268,17,16,1,1,14.0,6.0,14.0,233.33,14.0,1,1,0,0,1,16.67,33.33
268,15,6,2,2,36.0,32.0,18.0,112.5,34.0,4,0,0,0,1,34.38,12.5
268,15,7,2,2,103.0,73.0,51.5,141.1,68.0,12,2,1,0,2,28.77,19.18
268,15,8,1,1,7.0,7.0,7.0,100.0,7.0,1,0,0,0,1,42.86,14.29
268,15,9,2,2,60.0,55.0,30.0,109.09,54.0,4,2,1,0,2,38.18,10.91
268,15,11,4,4,195.0,119.0,48.75,163.87,100.0,17,12,2,1,3,31.09,24.37
268,15,12,2,2,46.0,46.0,23.0,100.0,25.0,3,0,0,0,1,28.26,6.52
268,15,13,2,2,49.0,43.0,24.5,113.95,41.0,4,2,0,0,2,37.21,13.95
268,15,14,1,1,17.0,13.0,17.0,130.77,17.0,1,1,0,0,0,38.46,15.38
268,15,15,1,1,27.0,27.0,27.0,100.0,27.0,4,0,0,0,1,44.44,14.81
268,15,16,1,1,9.0,9.0,9.0,100.0,9.0,1,0,0,0,1,44.44,11.11
581,6,16,1,1,13.0,17.0,13.0,76.47,13.0,0,0,0,0,1,35.29,0.0
581,10,16,1,1,55.0,42.0,55.0,130.95,55.0,5,2,1,0,0,28.57,16.67
581,18,16,2,2,66.0,39.0,33.0,169.23,66.0,8,2,1,0,2,28.21,25.64
581,18,18,1,1,13.0,9.0,13.0,144.44,13.0,3,0,0,0,1,44.44,33.33
581,5,16,1,1,29.0,17.0,29.0,170.59,29.0,3,1,0,0,1,35.29,23.53
581,11,16,1,1,19.0,12.0,19.0,158.33,19.0,3,1,0,0,1,58.33,33.33
581,11,17,1,1,15.0,12.0,15.0,125.0,15.0,2,0,0,0,1,33.33,16.67
581,17,16,1,1,4.0,2.0,4.0,200.0,4.0,1,0,0,0,1,50.0,50.0
581,15,17,1,1,46.0,27.0,46.0,170.37,46.0,5,2,0,0,1,25.93,25.93
91,18,16,1,1,4.0,3.0,4.0,133.33,4.0,1,0,0,0,1,66.67,33.33
91,11,16,1,1,18.0,13.0,18.0,138.46,18.0,1,1,0,0,1,38.46,15.38
333,6,4,1,1,14.0,5.0,14.0,280.0,14.0,2,1,0,0,1,40.0,60.0
333,16,5,1,1,4.0,4.0,4.0,100.0,4.0,0,0,0,0,1,50.0,0.0
333,13,4,2,2,7.0,5.0,3.5,140.0,7.0,0,1,0,0,2,60.0,20.0
333,13,5,1,1,2.0,3.0,2.0,66.67,2.0,0,0,0,0,0,33.33,0.0
333,4,4,1,1,12.0,4.0,12.0,300.0,12.0,3,0,0,0,0,25.0,75.0
333,5,4,1,1,0.0,2.0,0.0,0.0,0.0,0,0,0,0,1,100.0,0.0
18,10,17,1,1,7.0,3.0,7.0,233.33,7.0,1,0,0,0,0,0.0,33.33
18,1,15,1,1,12.0,4.0,12.0,300.0,12.0,0,2,0,0,1,50.0,50.0
18,13,12,1,1,4.0,3.0,4.0,133.33,4.0,1,0,0,0,0,66.67,33.33
18,9,14,1,1,5.0,3.0,5.0,166.67,5.0,1,0,0,0,0,33.33,33.33
18,5,18,2,2,2.0,2.0,1.0,100.0,2.0,0,0,0,0,1,50.0,0.0
18,12,15,1,1,2.0,5.0,2.0,40.0,2.0,0,0,0,0,0,60.0,0.0
18,12,17,1,1,3.0,2.0,3.0,150.0,3.0,0,0,0,0,0,0.0,0.0
18,12,18,2,2,19.0,10.0,9.5,190.0,19.0,3,1,0,0,0,50.0,40.0
18,11,15,2,2,8.0,4.0,4.0,200.0,7.0,0,1,0,0,0,25.0,25.0
18,17,16,1,1,0.0,1.0,0.0,0.0,0.0,0,0,0,0,0,0.0,0.0
14,6,5,2,2,27.0,19.0,13.5,142.11,18.0,2,2,0,0,1,42.11,21.05
14,6,6,1,1,8.0,7.0,8.0,114.29,8.0,0,0,0,0,1,14.29,0.0
14,16,5,2,2,45.0,29.0,22.5,155.17,31.0,4,1,0,0,2,13.79,17.24
14,2,5,2,2,45.0,45.0,22.5,100.0,36.0,5,1,0,0,2,48.89,13.33
14,2,6,1,1,9.0,13.0,9.0,69.23,9.0,1,0,0,0,1,38.46,7.69
14,9,6,2,2,2.0,8.0,1.0,25.0,2.0,0,0,0,0,2,75.0,0.0
14,5,5,1,1,10.0,7.0,10.0,142.86,10.0,0,1,0,0,1,42.86,14.29
14,5,6,2,2,89.0,57.0,44.5,156.14,80.0,9,4,1,0,2,29.82,22.81
14,7,6,1,1,0.0,4.0,0.0,0.0,0.0,0,0,0,0,1,75.0,0.0
14,11,5,1,1,24.0,24.0,24.0,100.0,24.0,2,1,0,0,1,41.67,12.5
14,11,6,1,1,23.0,20.0,23.0,115.0,23.0,3,0,0,0,1,35.0,15.0
14,11,8,1,1,6.0,7.0,6.0,85.71,6.0,1,0,0,0,1,71.43,14.29
14,17,5,2,2,35.0,18.0,17.5,194.44,33.0,3,2,0,0,1,16.67,27.78
14,17,6,1,1,61.0,41.0,61.0,148.78,61.0,8,1,1,0,1,24.39,21.95
14,15,6,1,1,4.0,4.0,4.0,100.0,4.0,1,0,0,0,1,75.0,25.0
33,6,17,1,1,11.0,10.0,11.0,110.0,11.0,1,0,0,0,1,30.0,10.0
33,10,17,1,1,1.0,2.0,1.0,50.0,1.0,0,0,0,0,1,50.0,0.0
33,10,18,1,1,1.0,3.0,1.0,33.33,1.0,0,0,0,0,1,66.67,0.0
33,1,18,1,1,16.0,15.0,16.0,106.67,16.0,2,1,0,0,1,66.67,20.0
33,5,17,1,1,17.0,11.0,17.0,154.55,17.0,1,1,0,0,1,27.27,18.18
33,12,17,1,1,13.0,10.0,13.0,130.0,13.0,0,1,0,0,1,30.0,10.0
33,11,18,1,1,21.0,9.0,21.0,233.33,21.0,3,1,0,0,0,22.22,44.44
33,8,18,2,2,19.0,14.0,9.5,135.71,18.0,1,1,0,0,2,21.43,14.29
147,6,1,2,2,8.0,10.0,4.0,80.0,6.0,1,0,0,0,1,30.0,10.0
147,6,2,1,1,0.0,2.0,0.0,0.0,0.0,0,0,0,0,1,100.0,0.0
147,16,1,1,1,27.0,7.0,27.0,385.71,27.0,2,3,0,0,0,14.29,71.43
147,2,1,1,1,3.0,3.0,3.0,100.0,3.0,0,0,0,0,0,0.0,0.0
147,2,2,1,1,8.0,4.0,8.0,200.0,8.0,0,1,0,0,1,25.0,25.0
147,2,4,1,1,13.0,9.0,13.0,144.44,13.0,0,1,0,0,1,33.33,11.11
147,9,1,1,1,0.0,2.0,0.0,0.0,0.0,0,0,0,0,1,100.0,0.0
147,5,1,2,2,8.0,9.0,4.0,88.89,5.0,1,0,0,0,1,55.56,11.11
147,11,2,1,1,9.0,9.0,9.0,100.0,9.0,1,0,0,0,1,55.56,11.11
441,6,1,1,1,8.0,11.0,8.0,72.73,8.0,1,0,0,0,1,54.55,9.09
441,6,4,1,1,17.0,15.0,17.0,113.33,17.0,0,0,0,0,1,26.67,0.0
441,6,5,1,1,10.0,9.0,10.0,111.11,10.0,0,1,0,0,1,44.44,11.11
441,16,1,1,1,10.0,7.0,10.0,142.86,10.0,2,0,0,0,1,42.86,28.57
441,2,1,1,1,2.0,10.0,2.0,20.0,2.0,0,0,0,0,1,80.0,0.0
441,2,4,2,2,6.0,5.0,3.0,120.0,5.0,0,0,0,0,1,20.0,0.0
441,2,5,1,1,25.0,17.0,25.0,147.06,25.0,3,1,0,0,0,41.18,23.53
441,13,4,1,1,14.0,12.0,14.0,116.67,14.0,2,0,0,0,1,41.67,16.67
441,4,4,1,1,4.0,10.0,4.0,40.0,4.0,0,0,0,0,1,80.0,0.0
441,9,4,2,2,60.0,47.0,30.0,127.66,48.0,8,1,0,0,2,29.79,19.15
441,5,4,2,2,16.0,19.0,8.0,84.21,10.0,2,0,0,0,2,47.37,10.53
441,5,5,2,2,2.0,9.0,1.0,22.22,1.0,0,0,0,0,2,77.78,0.0
441,7,4,2,2,23.0,18.0,11.5,127.78,18.0,3,0,0,0,0,27.78,16.67
441,7,6,1,1,16.0,18.0,16.0,88.89,16.0,1,1,0,0,1,44.44,11.11
441,11,4,1,1,6.0,9.0,6.0,66.67,6.0,1,0,0,0,1,66.67,11.11
441,17,4,1,1,61.0,35.0,61.0,174.29,61.0,5,3,1,0,0,17.14,22.86
553,10,15,1,1,6.0,8.0,6.0,75.0,6.0,0,0,0,0,1,37.5,0.0
553,18,15,1,1,0.0,6.0,0.0,0.0,0.0,0,0,0,0,1,100.0,0.0
553,11,15,1,1,15.0,16.0,15.0,93.75,15.0,2,0,0,0,1,50.0,12.5
545,6,5,1,1,2.0,4.0,2.0,50.0,2.0,0,0,0,0,0,25.0,0.0
545,6,6,1,1,24.0,24.0,24.0,100.0,24.0,1,1,0,0,0,45.83,8.33
545,6,11,1,1,7.0,11.0,7.0,63.64,7.0,0,0,0,0,0,36.36,0.0
545,6,14,1,1,2.0,2.0,2.0,100.0,2.0,0,0,0,0,0,0.0,0.0
545,6,17,1,1,4.0,3.0,4.0,133.33,4.0,0,0,0,0,0,0.0,0.0
545,6,18,1,1,0.0,2.0,0.0,0.0,0.0,0,0,0,0,0,100.0,0.0
545,16,4,1,1,1.0,1.0,1.0,100.0,1.0,0,0,0,0,0,0.0,0.0
545,16,5,1,1,7.0,4.0,7.0,175.0,7.0,1,0,0,0,0,25.0,25.0
545,10,12,1,1,2.0,4.0,2.0,50.0,2.0,0,0,0,0,1,50.0,0.0
545,10,14,1,1,5.0,3.0,5.0,166.67,5.0,1,0,0,0,1,33.33,33.33
545,10,15,1,1,5.0,3.0,5.0,166.67,5.0,1,0,0,0,0,33.33,33.33
545,10,18,1,1,1.0,4.0,1.0,25.0,1.0,0,0,0,0,0,75.0,0.0
545,2,9,2,2,14.0,9.0,7.0,155.56,13.0,2,0,0,0,1,22.22,22.22
545,1,16,1,1,27.0,26.0,27.0,103.85,27.0,3,0,0,0,1,34.62,11.54
545,1,18,1,1,1.0,2.0,1.0,50.0,1.0,0,0,0,0,0,50.0,0.0
545,13,6,1,1,8.0,12.0,8.0,66.67,8.0,1,0,0,0,1,58.33,8.33
545,13,7,1,1,1.0,3.0,1.0,33.33,1.0,0,0,0,0,1,66.67,0.0
545,9,5,2,2,14.0,13.0,7.0,107.69,11.0,2,0,0,0,0,46.15,15.38
545,9,6,1,1,1.0,3.0,1.0,33.33,1.0,0,0,0,0,1,66.67,0.0
545,9,8,1,1,11.0,4.0,11.0,275.0,11.0,1,1,0,0,0,25.0,50.0
545,9,9,3,3,6.0,7.0,2.0,85.71,5.0,1,0,0,0,2,42.86,14.29
545,9,11,2,2,5.0,3.0,2.5,166.67,5.0,1,0,0,0,1,33.33,33.33
545,9,14,1,1,7.0,7.0,7.0,100.0,7.0,0,0,0,0,0,0.0,0.0
545,9,15,1,1,6.0,7.0,6.0,85.71,6.0,1,0,0,0,0,57.14,14.29
545,9,16,1,1,5.0,5.0,5.0,100.0,5.0,1,0,0,0,0,40.0,20.0
545,9,17,2,2,0.0,5.0,0.0,0.0,0.0,0,0,0,0,1,100.0,0.0
545,18,15,1,1,1.0,2.0,1.0,50.0,1.0,0,0,0,0,1,50.0,0.0
545,18,16,1,1,2.0,1.0,2.0,200.0,2.0,0,0,0,0,0,0.0,0.0
545,5,5,2,2,12.0,10.0,6.0,120.0,10.0,1,0,0,0,1,30.0,10.0
545,5,6,2,2,8.0,13.0,4.0,61.54,6.0,0,0,0,0,1,53.85,0.0
545,5,8,2,2,6.0,6.0,3.0,100.0,6.0,1,0,0,0,1,66.67,16.67
545,5,10,1,1,4.0,3.0,4.0,133.33,4.0,0,0,0,0,0,0.0,0.0
545,5,12,1,1,2.0,6.0,2.0,33.33,2.0,0,0,0,0,1,50.0,0.0
545,5,14,1,1,1.0,2.0,1.0,50.0,1.0,0,0,0,0,1,50.0,0.0
545,5,16,1,1,2.0,5.0,2.0,40.0,2.0,0,0,0,0,1,60.0,0.0
545,12,14,1,1,3.0,4.0,3.0,75.0,3.0,0,0,0,0,0,25.0,0.0
545,12,15,1,1,1.0,1.0,1.0,100.0,1.0,0,0,0,0,0,0.0,0.0
545,12,17,1,1,6.0,8.0,6.0,75.0,6.0,0,0,0,0,1,37.5,0.0
545,12,18,2,2,9.0,15.0,4.5,60.0,8.0,1,0,0,0,2,60.0,6.67
545,11,5,1,1,3.0,5.0,3.0,60.0,3.0,0,0,0,0,1,40.0,0.0
545,11,7,1,1,0.0,1.0,0.0,0.0,0.0,0,0,0,0,0,0.0,0.0
545,11,12,1,1,1.0,4.0,1.0,25.0,1.0,0,0,0,0,1,50.0,0.0
545,11,14,1,1,14.0,10.0,14.0,140.0,14.0,2,0,0,0,0,20.0,20.0
545,11,15,1,1,3.0,4.0,3.0,75.0,3.0,0,0,0,0,0,0.0,0.0
545,11,16,1,1,6.0,10.0,6.0,60.0,6.0,0,0,0,0,1,50.0,0.0
545,3,9,2,2,22.0,10.0,11.0,220.0,21.0,3,1,0,0,2,30.0,40.0
545,3,10,1,1,0.0,1.0,0.0,0.0,0.0,0,0,0,0,1,100.0,0.0
545,17,5,1,1,2.0,4.0,2.0,50.0,2.0,0,0,0,0,1,50.0,0.0
545,17,6,2,2,8.0,15.0,4.0,53.33,6.0,1,0,0,0,2,66.67,6.67
545,17,9,1,1,1.0,1.0,1.0,100.0,1.0,0,0,0,0,0,0.0,0.0
545,17,11,1,1,1.0,2.0,1.0,50.0,1.0,0,0,0,0,1,50.0,0.0
545,17,12,1,1,7.0,5.0,7.0,140.0,7.0,1,0,0,0,0,20.0,20.0
545,17,13,1,1,0.0,2.0,0.0,0.0,0.0,0,0,0,0,1,100.0,0.0
545,17,14,1,1,2.0,2.0,2.0,100.0,2.0,0,0,0,0,0,0.0,0.0
545,17,15,1,1,8.0,9.0,8.0,88.89,8.0,1,0,0,0,1,44.44,11.11
545,8,17,1,1,13.0,13.0,13.0,100.0,13.0,3,0,0,0,1,69.23,23.08
545,15,6,2,2,3.0,4.0,1.5,75.0,3.0,0,0,0,0,2,50.0,0.0
545,15,18,1,1,3.0,2.0,3.0,150.0,3.0,0,0,0,0,1,50.0,0.0
671,6,11,1,1,0.0,1.0,0.0,0.0,0.0,0,0,0,0,1,100.0,0.0
671,5,6,2,2,4.0,9.0,2.0,44.44,4.0,0,0,0,0,1,55.56,0.0
671,15,11,1,1,1.0,3.0,1.0,33.33,1.0,0,0,0,0,0,66.67,0.0
463,6,2,1,1,6.0,7.0,6.0,85.71,6.0,1,0,0,0,1,57.14,14.29
463,16,2,2,2,14.0,15.0,7.0,93.33,14.0,0,1,0,0,0,40.0,6.67
463,2,1,1,1,1.0,3.0,1.0,33.33,1.0,0,0,0,0,0,66.67,0.0
463,2,4,1,1,1.0,1.0,1.0,100.0,1.0,0,0,0,0,0,0.0,0.0
463,2,5,1,1,9.0,5.0,9.0,180.0,9.0,0,1,0,0,1,20.0,20.0
463,2,6,1,1,16.0,6.0,16.0,266.67,16.0,0,2,0,0,0,16.67,33.33
463,4,4,2,2,2.0,5.0,1.0,40.0,1.0,0,0,0,0,2,60.0,0.0
463,9,3,1,1,7.0,5.0,7.0,140.0,7.0,1,0,0,0,0,20.0,20.0
463,5,1,1,1,16.0,8.0,16.0,200.0,16.0,2,1,0,0,1,25.0,37.5
463,5,2,1,1,8.0,12.0,8.0,66.67,8.0,1,0,0,0,1,50.0,8.33
463,5,3,1,1,3.0,3.0,3.0,100.0,3.0,0,0,0,0,1,33.33,0.0
463,5,4,1,1,2.0,3.0,2.0,66.67,2.0,0,0,0,0,0,33.33,0.0
463,11,1,1,1,0.0,2.0,0.0,0.0,0.0,0,0,0,0,1,100.0,0.0
463,11,5,1,1,25.0,11.0,25.0,227.27,25.0,2,2,0,0,1,27.27,36.36
463,11,6,1,1,5.0,6.0,5.0,83.33,5.0,1,0,0,0,1,66.67,16.67
463,17,3,1,1,1.0,1.0,1.0,100.0,1.0,0,0,0,0,0,0.0,0.0
463,17,5,1,1,8.0,4.0,8.0,200.0,8.0,0,1,0,0,0,25.0,25.0
459,6,16,2,2,118.0,64.0,59.0,184.38,96.0,11,6,1,0,2,25.0,26.56
459,6,17,2,2,140.0,82.0,70.0,170.73,103.0,8,8,1,1,2,20.73,19.51
459,6,18,1,1,41.0,28.0,41.0,146.43,41.0,6,0,0,0,1,21.43,21.43
459,10,16,1,1,62.0,48.0,62.0,129.17,62.0,4,2,1,0,0,25.0,12.5
459,10,17,2,2,77.0,48.0,38.5,160.42,65.0,9,2,1,0,2,27.08,22.92
459,10,18,2,2,144.0,82.0,72.0,175.61,108.0,17,5,1,1,1,20.73,26.83
459,9,16,1,1,53.0,38.0,53.0,139.47,53.0,3,2,1,0,1,26.32,13.16
459,9,18,1,1,52.0,36.0,52.0,144.44,52.0,6,1,1,0,1,25.0,19.44
459,18,17,1,1,31.0,23.0,31.0,134.78,31.0,4,0,0,0,1,26.09,17.39
459,18,18,2,2,77.0,53.0,38.5,145.28,56.0,11,1,1,0,2,32.08,22.64
459,5,15,1,1,14.0,11.0,14.0,127.27,14.0,1,1,0,0,1,45.45,18.18
459,5,16,1,1,43.0,31.0,43.0,138.71,43.0,5,1,0,0,1,22.58,19.35
459,5,17,1,1,45.0,39.0,45.0,115.38,45.0,3,1,0,0,1,28.21,10.26
459,5,18,3,3,148.0,95.0,49.33,155.79,80.0,15,3,2,0,3,21.05,18.95
459,12,15,2,2,100.0,80.0,50.0,125.0,65.0,9,2,1,0,1,26.25,13.75
459,12,16,1,1,19.0,20.0,19.0,95.0,19.0,2,0,0,0,1,40.0,10.0
459,12,17,2,2,64.0,53.0,32.0,120.75,33.0,9,0,0,0,2,32.08,16.98
459,12,18,1,1,74.0,41.0,74.0,180.49,74.0,5,6,1,0,1,29.27,26.83
459,11,16,1,1,20.0,19.0,20.0,105.26,20.0,2,0,0,0,0,42.11,10.53
459,11,17,1,1,35.0,29.0,35.0,120.69,35.0,3,1,0,0,1,37.93,13.79
459,11,18,2,2,121.0,83.0,60.5,145.78,82.0,12,4,1,0,2,28.92,19.28
459,17,15,1,1,20.0,14.0,20.0,142.86,20.0,2,0,0,0,1,14.29,14.29
459,8,17,2,2,90.0,63.0,45.0,142.86,84.0,8,4,1,0,1,30.16,19.05
459,8,18,1,1,49.0,36.0,49.0,136.11,49.0,7,1,0,0,1,33.33,22.22
459,15,15,1,1,11.0,9.0,11.0,122.22,11.0,2,0,0,0,1,44.44,22.22
459,15,16,1,1,47.0,36.0,47.0,130.56,47.0,6,1,0,0,1,30.56,19.44
459,15,17,1,1,45.0,36.0,45.0,125.0,45.0,4,1,0,0,1,25.0,13.89
459,15,18,2,2,53.0,32.0,26.5,165.62,48.0,9,0,0,0,2,25.0,28.12
524,5,11,1,1,5.0,2.0,5.0,250.0,5.0,1,0,0,0,0,0.0,50.0
325,6,3,1,1,16.0,18.0,16.0,88.89,16.0,2,0,0,0,1,50.0,11.11
325,2,3,1,1,7.0,12.0,7.0,58.33,7.0,0,0,0,0,0,41.67,0.0
325,13,3,1,1,6.0,3.0,6.0,200.0,6.0,1,0,0,0,0,0.0,33.33
325,17,3,1,1,6.0,4.0,6.0,150.0,6.0,0,0,0,0,0,0.0,0.0
731,16,4,1,1,0.0,5.0,0.0,0.0,0.0,0,0,0,0,0,100.0,0.0
731,9,5,1,1,6.0,2.0,6.0,300.0,6.0,0,1,0,0,0,50.0,50.0
78,6,11,2,2,56.0,44.0,28.0,127.27,45.0,4,2,0,0,2,31.82,13.64
78,6,12,2,2,74.0,52.0,37.0,142.31,46.0,2,3,0,0,2,17.31,9.62
78,6,13,1,1,19.0,11.0,19.0,172.73,19.0,3,0,0,0,1,45.45,27.27
78,10,12,1,1,8.0,8.0,8.0,100.0,8.0,1,0,0,0,1,50.0,12.5
78,10,13,1,1,41.0,35.0,41.0,117.14,41.0,6,0,0,0,1,34.29,17.14
78,2,10,2,2,35.0,30.0,17.5,116.67,33.0,3,2,0,0,2,50.0,16.67
78,2,11,2,2,17.0,14.0,8.5,121.43,16.0,1,1,0,0,2,42.86,14.29
78,14,10,2,2,128.0,81.0,64.0,158.02,103.0,9,7,1,1,2,24.69,19.75
78,1,16,1,1,7.0,6.0,7.0,116.67,7.0,1,0,0,0,1,33.33,16.67
78,13,10,1,1,50.0,32.0,50.0,156.25,50.0,2,3,1,0,1,9.38,15.62
78,13,11,2,2,26.0,20.0,13.0,130.0,14.0,3,0,0,0,3,25.0,15.0
78,13,12,1,1,6.0,2.0,6.0,300.0,6.0,0,1,0,0,1,50.0,50.0
78,13,13,1,1,50.0,26.0,50.0,192.31,50.0,6,3,1,0,1,42.31,34.62
78,9,10,1,1,14.0,15.0,14.0,93.33,14.0,1,0,0,0,1,33.33,6.67
78,9,11,2,2,25.0,24.0,12.5,104.17,14.0,0,1,0,0,2,25.0,4.17
78,9,12,2,2,18.0,24.0,9.0,75.0,11.0,2,0,0,0,1,41.67,8.33
78,9,13,1,1,18.0,11.0,18.0,163.64,18.0,2,1,0,0,1,45.45,27.27
78,18,16,1,1,8.0,8.0,8.0,100.0,8.0,1,0,0,0,1,37.5,12.5
78,5,10,2,2,38.0,26.0,19.0,146.15,21.0,5,0,0,0,2,26.92,19.23
78,5,11,1,1,40.0,27.0,40.0,148.15,40.0,3,1,0,0,1,18.52,14.81
78,5,12,1,1,0.0,2.0,0.0,0.0,0.0,0,0,0,0,1,100.0,0.0
78,5,13,1,1,107.0,60.0,107.0,178.33,107.0,14,3,1,1,0,23.33,28.33
78,12,14,1,1,0.0,3.0,0.0,0.0,0.0,0,0,0,0,1,100.0,0.0
78,17,10,1,1,2.0,3.0,2.0,66.67,2.0,0,0,0,0,1,33.33,0.0
78,17,11,1,1,27.0,21.0,27.0,128.57,27.0,2,1,0,0,1,28.57,14.29
78,17,12,1,1,1.0,2.0,1.0,50.0,1.0,0,0,0,0,0,50.0,0.0
78,17,13,1,1,15.0,19.0,15.0,78.95,15.0,2,0,0,0,1,57.89,10.53
78,15,10,2,2,49.0,34.0,24.5,144.12,39.0,2,3,0,0,2,32.35,14.71
78,15,11,2,2,5.0,11.0,2.5,45.45,5.0,0,0,0,0,2,63.64,0.0
78,15,12,1,1,16.0,9.0,16.0,177.78,16.0,3,0,0,0,0,22.22,33.33
78,15,13,2,2,35.0,38.0,17.5,92.11,30.0,3,0,0,0,3,42.11,7.89
308,10,12,1,1,1.0,1.0,1.0,100.0,1.0,0,0,0,0,0,0.0,0.0
308,13,10,1,1,11.0,10.0,11.0,110.0,11.0,1,0,0,0,0,20.0,10.0
308,5,10,1,1,2.0,4.0,2.0,50.0,2.0,0,0,0,0,0,50.0,0.0
308,5,11,1,1,3.0,6.0,3.0,50.0,3.0,0,0,0,0,1,50.0,0.0
308,3,10,1,1,2.0,5.0,2.0,40.0,2.0,0,0,0,0,1,60.0,0.0
308,17,10,1,1,0.0,1.0,0.0,0.0,0.0,0,0,0,0,0,100.0,0.0
308,15,10,1,1,13.0,8.0,13.0,162.5,13.0,0,1,0,0,0,12.5,12.5
425,5,2,1,1,0.0,1.0,0.0,0.0,0.0,0,0,0,0,1,100.0,0.0
425,17,3,1,1,1.0,1.0,1.0,100.0,1.0,0,0,0,0,0,0.0,0.0
425,17,6,1,1,2.0,4.0,2.0,50.0,2.0,0,0,0,0,1,50.0,0.0
232,6,1,1,1,24.0,12.0,24.0,200.0,24.0,2,2,0,0,1,33.33,33.33
232,6,2,1,1,81.0,48.0,81.0,168.75,81.0,11,3,1,0,1,37.5,29.17
232,6,3,1,1,0.0,4.0,0.0,0.0,0.0,0,0,0,0,1,100.0,0.0
232,6,4,2,2,80.0,70.0,40.0,114.29,47.0,7,3,0,0,2,38.57,14.29
232,6,5,2,2,39.0,37.0,19.5,105.41,37.0,4,1,0,0,2,40.54,13.51
232,6,6,1,1,6.0,7.0,6.0,85.71,6.0,1,0,0,0,1,57.14,14.29
232,6,11,1,1,5.0,3.0,5.0,166.67,5.0,1,0,0,0,1,33.33,33.33
232,16,1,1,1,5.0,5.0,5.0,100.0,5.0,1,0,0,0,1,60.0,20.0
232,16,2,2,2,21.0,21.0,10.5,100.0,20.0,1,1,0,0,2,47.62,9.52
232,16,4,1,1,0.0,4.0,0.0,0.0,0.0,0,0,0,0,1,100.0,0.0
232,16,5,1,1,10.0,9.0,10.0,111.11,10.0,1,0,0,0,1,44.44,11.11
232,2,2,2,2,41.0,32.0,20.5,128.12,35.0,1,4,0,0,2,50.0,15.62
232,2,3,1,1,6.0,7.0,6.0,85.71,6.0,0,0,0,0,0,14.29,0.0
232,2,4,2,2,44.0,26.0,22.0,169.23,37.0,6,2,0,0,2,38.46,30.77
232,2,5,3,3,96.0,87.0,32.0,110.34,56.0,11,1,1,0,4,37.93,13.79
232,2,7,2,2,41.0,45.0,20.5,91.11,32.0,6,0,0,0,2,53.33,13.33
232,2,8,2,2,15.0,23.0,7.5,65.22,11.0,2,0,0,0,2,65.22,8.7
232,2,9,2,2,61.0,40.0,30.5,152.5,60.0,6,3,1,0,2,32.5,22.5
232,2,10,1,1,1.0,3.0,1.0,33.33,1.0,0,0,0,0,1,66.67,0.0
232,13,2,2,2,40.0,47.0,20.0,85.11,21.0,2,2,0,0,2,55.32,8.51
232,13,4,1,1,32.0,27.0,32.0,118.52,32.0,2,2,0,0,1,40.74,14.81
232,13,5,1,1,15.0,18.0,15.0,83.33,15.0,3,0,0,0,1,55.56,16.67
232,13,7,3,3,111.0,90.0,37.0,123.33,67.0,7,5,1,0,3,33.33,13.33
232,13,8,2,2,72.0,50.0,36.0,144.0,66.0,9,3,1,0,2,48.0,24.0
232,13,9,2,2,1.0,5.0,0.5,20.0,1.0,0,0,0,0,2,80.0,0.0
232,13,10,1,1,6.0,6.0,6.0,100.0,6.0,1,0,0,0,1,66.67,16.67
232,13,11,1,1,0.0,1.0,0.0,0.0,0.0,0,0,0,0,1,100.0,0.0
232,9,4,2,2,24.0,27.0,12.0,88.89,23.0,2,1,0,0,2,51.85,11.11
232,9,7,2,2,84.0,64.0,42.0,131.25,56.0,6,4,1,0,2,32.81,15.62
232,9,8,2,2,51.0,26.0,25.5,196.15,32.0,6,4,0,0,2,46.15,38.46
232,9,9,2,2,35.0,27.0,17.5,129.63,29.0,3,3,0,0,2,59.26,22.22
232,9,10,2,2,68.0,41.0,34.0,165.85,35.0,9,3,0,0,2,36.59,29.27
232,9,11,2,2,81.0,55.0,40.5,147.27,43.0,10,4,0,0,2,40.0,25.45
232,5,1,1,1,1.0,2.0,1.0,50.0,1.0,0,0,0,0,1,50.0,0.0
232,5,2,2,2,6.0,13.0,3.0,46.15,5.0,0,0,0,0,2,46.15,0.0
232,5,3,1,1,57.0,56.0,57.0,101.79,57.0,8,0,1,0,0,42.86,14.29
232,5,4,1,1,81.0,60.0,81.0,135.0,81.0,10,2,1,0,1,36.67,20.0
232,5,5,1,1,1.0,5.0,1.0,20.0,1.0,0,0,0,0,1,80.0,0.0
232,5,7,3,3,98.0,75.0,32.67,130.67,71.0,9,5,1,0,2,38.67,18.67
232,5,8,2,2,69.0,31.0,34.5,222.58,46.0,9,3,0,0,2,19.35,38.71
232,5,9,2,2,54.0,31.0,27.0,174.19,48.0,8,2,0,0,2,35.48,32.26
232,5,10,2,3,71.0,51.0,35.5,139.22,64.0,7,3,1,0,2,33.33,19.61
232,5,11,1,1,37.0,25.0,37.0,148.0,37.0,4,2,0,0,1,40.0,24.0
232,7,4,1,1,0.0,1.0,0.0,0.0,0.0,0,0,0,0,1,100.0,0.0
232,7,5,2,2,83.0,86.0,41.5,96.51,42.0,10,1,0,0,2,44.19,12.79
232,11,2,2,3,13.0,14.0,6.5,92.86,9.0,2,0,0,0,2,50.0,14.29
232,11,3,1,1,6.0,7.0,6.0,85.71,6.0,1,0,0,0,1,57.14,14.29
232,11,4,1,1,29.0,12.0,29.0,241.67,29.0,1,4,0,0,1,25.0,41.67
232,11,5,1,1,2.0,4.0,2.0,50.0,2.0,0,0,0,0,1,50.0,0.0
232,11,7,2,2,12.0,13.0,6.0,92.31,6.0,0,1,0,0,2,53.85,7.69
232,11,8,2,2,93.0,68.0,46.5,136.76,81.0,10,4,1,0,3,41.18,20.59
232,11,11,1,1,4.0,4.0,4.0,100.0,4.0,1,0,0,0,1,75.0,25.0
232,3,9,2,2,92.0,53.0,46.0,173.58,49.0,8,5,0,0,2,22.64,24.53
232,3,10,2,2,94.0,59.0,47.0,159.32,49.0,10,5,0,0,2,32.2,25.42
232,17,1,1,1,158.0,73.0,158.0,216.44,158.0,10,13,1,1,0,23.29,31.51
232,17,2,2,2,84.0,65.0,42.0,129.23,84.0,10,2,1,0,1,33.85,18.46
232,17,3,1,1,45.0,36.0,45.0,125.0,45.0,5,2,0,0,1,47.22,19.44
232,17,4,2,2,67.0,48.0,33.5,139.58,45.0,7,2,0,0,2,31.25,18.75
232,17,5,1,1,43.0,37.0,43.0,116.22,43.0,8,0,0,0,1,54.05,21.62
232,17,7,1,1,19.0,13.0,19.0,146.15,19.0,1,2,0,0,1,53.85,23.08
232,17,8,2,2,24.0,21.0,12.0,114.29,20.0,5,0,0,0,2,57.14,23.81
232,17,9,3,3,54.0,41.0,18.0,131.71,42.0,7,2,0,0,3,39.02,21.95
232,17,10,2,2,75.0,50.0,37.5,150.0,72.0,2,7,1,0,2,32.0,18.0
232,15,7,1,1,40.0,33.0,40.0,121.21,40.0,3,2,0,0,1,36.36,15.15
232,15,8,2,2,112.0,61.0,56.0,183.61,100.0,10,9,1,1,2,36.07,31.15
232,15,9,3,3,57.0,65.0,19.0,87.69,32.0,6,1,0,0,3,50.77,10.77
232,15,10,1,1,5.0,10.0,5.0,50.0,5.0,0,0,0,0,1,50.0,0.0
211,13,6,2,2,10.0,13.0,5.0,76.92,10.0,1,0,0,0,2,46.15,7.69
211,9,6,1,1,5.0,2.0,5.0,250.0,5.0,1,0,0,0,0,0.0,50.0
211,7,5,1,1,2.0,2.0,2.0,100.0,2.0,0,0,0,0,0,0.0,0.0
211,7,6,1,1,37.0,37.0,37.0,100.0,37.0,3,1,0,0,1,45.95,10.81
211,11,6,2,2,69.0,57.0,34.5,121.05,55.0,8,1,1,0,2,33.33,15.79
211,17,6,1,1,2.0,2.0,2.0,100.0,2.0,0,0,0,0,0,0.0,0.0
711,2,9,1,1,1.0,1.0,1.0,100.0,1.0,0,0,0,0,0,0.0,0.0
711,2,11,1,1,0.0,1.0,0.0,0.0,0.0,0,0,0,0,0,0.0,0.0
711,9,9,1,1,2.0,2.0,2.0,100.0,2.0,0,0,0,0,0,0.0,0.0
711,9,11,1,1,1.0,1.0,1.0,100.0,1.0,0,0,0,0,0,0.0,0.0
711,9,12,1,1,3.0,3.0,3.0,100.0,3.0,0,0,0,0,0,33.33,0.0
711,3,9,1,1,1.0,1.0,1.0,100.0,1.0,0,0,0,0,0,0.0,0.0
711,15,11,1,1,2.0,5.0,2.0,40.0,2.0,0,0,0,0,1,60.0,0.0
173,10,12,2,2,5.0,8.0,2.5,62.5,3.0,0,0,0,0,2,37.5,0.0
173,2,7,1,1,8.0,6.0,8.0,133.33,8.0,0,1,0,0,0,33.33,16.67
173,2,11,1,1,37.0,20.0,37.0,185.0,37.0,2,3,0,0,1,30.0,25.0
173,14,9,1,1,8.0,7.0,8.0,114.29,8.0,1,0,0,0,1,42.86,14.29
173,13,9,1,1,18.0,11.0,18.0,163.64,18.0,0,2,0,0,0,36.36,18.18
173,13,11,1,1,4.0,7.0,4.0,57.14,4.0,0,0,0,0,1,57.14,0.0
173,9,9,1,1,0.0,1.0,0.0,0.0,0.0,0,0,0,0,1,100.0,0.0
173,9,10,1,1,15.0,10.0,15.0,150.0,15.0,1,1,0,0,1,30.0,20.0
173,9,11,1,1,24.0,9.0,24.0,266.67,24.0,1,3,0,0,1,33.33,44.44
173,5,10,1,1,20.0,10.0,20.0,200.0,20.0,4,0,0,0,1,20.0,40.0
173,11,11,1,1,10.0,7.0,10.0,142.86,10.0,0,1,0,0,0,28.57,14.29
173,11,12,1,1,13.0,9.0,13.0,144.44,13.0,1,1,0,0,0,55.56,22.22
173,17,9,1,1,39.0,15.0,39.0,260.0,39.0,3,4,0,0,1,26.67,46.67
173,17,10,1,1,16.0,6.0,16.0,266.67,16.0,0,2,0,0,0,16.67,33.33
173,17,11,1,1,12.0,6.0,12.0,200.0,12.0,1,1,0,0,0,50.0,33.33
173,15,11,1,1,9.0,9.0,9.0,100.0,9.0,1,0,0,0,1,33.33,11.11
478,6,8,1,1,1.0,2.0,1.0,50.0,1.0,0,0,0,0,0,50.0,0.0
478,5,7,1,1,0.0,1.0,0.0,0.0,0.0,0,0,0,0,1,100.0,0.0
448,6,5,1,1,7.0,5.0,7.0,140.0,7.0,1,0,0,0,0,20.0,20.0
448,16,3,1,1,8.0,6.0,8.0,133.33,8.0,1,0,0,0,0,16.67,16.67
448,14,9,1,1,27.0,11.0,27.0,245.45,27.0,0,3,0,0,0,18.18,27.27
448,9,4,1,1,16.0,12.0,16.0,133.33,16.0,1,0,0,0,0,16.67,8.33
448,9,5,1,1,12.0,11.0,12.0,109.09,12.0,0,1,0,0,1,36.36,9.09
448,9,8,1,1,1.0,2.0,1.0,50.0,1.0,0,0,0,0,1,50.0,0.0
448,9,9,1,1,14.0,6.0,14.0,233.33,14.0,0,2,0,0,0,16.67,33.33
448,9,10,2,2,23.0,17.0,11.5,135.29,21.0,2,1,0,0,0,35.29,17.65
448,5,4,2,2,7.0,6.0,3.5,116.67,6.0,0,0,0,0,1,16.67,0.0
448,7,5,1,1,35.0,18.0,35.0,194.44,35.0,3,2,0,0,0,22.22,27.78
448,11,3,1,1,1.0,1.0,1.0,100.0,1.0,0,0,0,0,0,0.0,0.0
448,11,5,1,1,18.0,13.0,18.0,138.46,18.0,2,0,0,0,1,23.08,15.38
448,3,9,1,1,5.0,5.0,5.0,100.0,5.0,0,0,0,0,0,40.0,0.0
448,3,10,1,1,8.0,7.0,8.0,114.29,8.0,0,0,0,0,1,28.57,0.0
448,17,9,1,1,5.0,3.0,5.0,166.67,5.0,1,0,0,0,1,33.33,33.33
349,17,4,1,1,18.0,11.0,18.0,163.64,18.0,2,1,0,0,1,45.45,27.27
423,6,2,1,1,71.0,44.0,71.0,161.36,71.0,4,4,1,0,1,27.27,18.18
423,6,3,1,1,0.0,2.0,0.0,0.0,0.0,0,0,0,0,1,100.0,0.0
423,6,4,2,2,70.0,56.0,35.0,125.0,51.0,5,2,1,0,1,28.57,12.5
423,6,5,2,2,36.0,33.0,18.0,109.09,33.0,2,1,0,0,1,33.33,9.09
423,6,6,2,2,9.0,7.0,4.5,128.57,9.0,1,0,0,0,0,28.57,14.29
423,16,2,2,2,79.0,75.0,39.5,105.33,48.0,9,0,0,0,2,36.0,12.0
423,16,3,1,1,13.0,9.0,13.0,144.44,13.0,1,1,0,0,1,44.44,22.22
423,16,4,1,1,0.0,2.0,0.0,0.0,0.0,0,0,0,0,1,100.0,0.0
423,16,5,1,1,48.0,21.0,48.0,228.57,48.0,6,2,0,0,0,4.76,38.1
423,2,2,2,2,10.0,22.0,5.0,45.45,10.0,0,0,0,0,2,54.55,0.0
423,2,4,2,2,51.0,38.0,25.5,134.21,27.0,6,1,0,0,1,28.95,18.42
423,2,5,2,2,23.0,20.0,11.5,115.0,22.0,3,0,0,0,2,35.0,15.0
423,2,6,1,1,5.0,7.0,5.0,71.43,5.0,0,0,0,0,1,42.86,0.0
423,13,1,1,1,1.0,3.0,1.0,33.33,1.0,0,0,0,0,1,66.67,0.0
423,13,2,2,2,80.0,57.0,40.0,140.35,70.0,10,1,1,0,0,33.33,19.3
423,13,4,1,1,4.0,6.0,4.0,66.67,4.0,0,0,0,0,1,50.0,0.0
423,13,5,2,2,57.0,39.0,28.5,146.15,36.0,3,3,0,0,2,23.08,15.38
423,13,6,1,1,15.0,16.0,15.0,93.75,15.0,2,0,0,0,1,56.25,12.5
423,13,7,1,1,31.0,18.0,31.0,172.22,31.0,2,2,0,0,1,33.33,22.22
423,9,4,2,2,37.0,27.0,18.5,137.04,35.0,3,2,0,0,2,33.33,18.52
423,9,5,2,2,56.0,38.0,28.0,147.37,44.0,3,3,0,0,1,28.95,15.79
423,9,6,1,1,46.0,31.0,46.0,148.39,46.0,7,0,0,0,1,22.58,22.58
423,5,2,2,2,97.0,82.0,48.5,118.29,73.0,8,3,1,0,2,34.15,13.41
423,5,4,1,1,11.0,7.0,11.0,157.14,11.0,2,0,0,0,0,42.86,28.57
423,5,6,3,3,85.0,62.0,28.33,137.1,39.0,9,2,0,0,1,27.42,17.74
423,5,7,2,2,69.0,46.0,34.5,150.0,40.0,2,4,0,0,1,26.09,13.04
423,7,4,1,1,39.0,36.0,39.0,108.33,39.0,2,2,0,0,1,41.67,11.11
423,7,5,1,1,14.0,14.0,14.0,100.0,14.0,0,0,0,0,1,28.57,0.0
423,7,6,2,2,26.0,24.0,13.0,108.33,22.0,3,0,0,0,1,29.17,12.5
423,11,1,1,1,1.0,3.0,1.0,33.33,1.0,0,0,0,0,0,66.67,0.0
423,11,2,2,2,11.0,15.0,5.5,73.33,6.0,1,0,0,0,2,53.33,6.67
423,11,3,1,1,36.0,34.0,36.0,105.88,36.0,3,0,0,0,1,26.47,8.82
423,11,4,2,2,41.0,31.0,20.5,132.26,33.0,5,2,0,0,1,51.61,22.58
423,17,1,1,1,10.0,11.0,10.0,90.91,10.0,2,0,0,0,1,63.64,18.18
423,17,2,1,1,17.0,15.0,17.0,113.33,17.0,2,1,0,0,1,60.0,20.0
423,17,3,1,1,50.0,45.0,50.0,111.11,50.0,7,0,1,0,1,44.44,15.56
423,17,4,2,2,32.0,33.0,16.0,96.97,27.0,3,0,0,0,3,39.39,9.09
423,17,5,2,2,11.0,10.0,5.5,110.0,10.0,1,0,0,0,1,40.0,10.0
423,17,6,2,2,45.0,35.0,22.5,128.57,32.0,2,2,0,0,2,25.71,11.43
423,15,6,2,2,62.0,36.0,31.0,172.22,54.0,3,5,1,0,1,30.56,22.22
423,15,7,1,1,1.0,8.0,1.0,12.5,1.0,0,0,0,0,1,87.5,0.0
387,6,6,1,1,4.0,5.0,4.0,80.0,4.0,0,0,0,0,1,40.0,0.0
387,13,6,1,1,49.0,29.0,49.0,168.97,49.0,4,3,0,0,1,31.03,24.14
387,9,6,1,1,10.0,3.0,10.0,333.33,10.0,0,1,0,0,0,0.0,33.33
387,7,6,2,2,20.0,22.0,10.0,90.91,13.0,2,0,0,0,2,50.0,9.09
387,11,6,1,1,64.0,40.0,64.0,160.0,64.0,9,1,1,0,0,27.5,25.0
387,17,6,2,3,46.0,42.0,23.0,109.52,32.0,6,0,0,0,3,35.71,14.29
408,5,18,1,1,20.0,10.0,20.0,200.0,20.0,1,2,0,0,1,40.0,30.0
672,6,6,1,1,12.0,17.0,12.0,70.59,12.0,0,0,0,0,1,35.29,0.0
672,5,6,1,1,0.0,1.0,0.0,0.0,0.0,0,0,0,0,1,100.0,0.0
672,15,6,1,1,11.0,9.0,11.0,122.22,11.0,0,0,0,0,1,11.11,0.0
661,13,7,1,1,5.0,4.0,5.0,125.0,5.0,1,0,0,0,1,50.0,25.0
661,17,7,1,1,15.0,14.0,15.0,107.14,15.0,2,0,0,0,1,35.71,14.29
661,15,7,1,1,20.0,17.0,20.0,117.65,20.0,4,0,0,0,1,58.82,23.53
337,18,17,1,1,2.0,5.0,2.0,40.0,2.0,0,0,0,0,1,60.0,0.0
397,1,18,1,1,27.0,22.0,27.0,122.73,27.0,1,2,0,0,1,45.45,13.64
397,18,18,1,1,20.0,10.0,20.0,200.0,20.0,2,1,0,0,1,20.0,30.0
498,6,11,2,2,19.0,15.0,9.5,126.67,11.0,2,0,0,0,1,26.67,13.33
498,6,12,1,1,4.0,6.0,4.0,66.67,4.0,1,0,0,0,1,83.33,16.67
498,2,10,1,1,1.0,2.0,1.0,50.0,1.0,0,0,0,0,1,50.0,0.0
498,2,11,1,1,3.0,4.0,3.0,75.0,3.0,0,0,0,0,0,25.0,0.0
498,13,10,1,1,11.0,7.0,11.0,157.14,11.0,1,0,0,0,0,0.0,14.29
498,9,11,1,1,11.0,6.0,11.0,183.33,11.0,0,1,0,0,0,16.67,16.67
498,5,10,2,2,29.0,17.0,14.5,170.59,29.0,4,1,0,0,2,29.41,29.41
498,5,11,1,1,23.0,10.0,23.0,230.0,23.0,0,3,0,0,0,30.0,30.0
498,5,12,1,1,2.0,7.0,2.0,28.57,2.0,0,0,0,0,1,71.43,0.0
498,11,11,1,1,2.0,3.0,2.0,66.67,2.0,0,0,0,0,1,33.33,0.0
498,3,10,1,1,36.0,19.0,36.0,189.47,36.0,3,2,0,0,1,10.53,26.32
498,17,10,2,2,31.0,30.0,15.5,103.33,31.0,1,2,0,0,2,43.33,10.0
498,15,10,2,2,18.0,17.0,9.0,105.88,18.0,1,1,0,0,2,41.18,11.76
498,15,11,2,2,73.0,46.0,36.5,158.7,40.0,2,6,0,0,2,28.26,17.39
498,15,12,2,2,40.0,36.0,20.0,111.11,37.0,3,2,0,0,1,44.44,13.89
421,6,16,2,2,18.0,15.0,9.0,120.0,12.0,2,0,0,0,2,20.0,13.33
421,6,17,2,2,56.0,39.0,28.0,143.59,38.0,4,3,0,0,1,30.77,17.95
421,10,16,1,1,17.0,8.0,17.0,212.5,17.0,1,1,0,0,0,0.0,25.0
421,10,17,1,1,32.0,24.0,32.0,133.33,32.0,1,2,0,0,2,29.17,12.5
421,1,16,3,3,66.0,49.0,22.0,134.69,33.0,2,5,0,0,2,38.78,14.29
421,1,17,1,1,1.0,2.0,1.0,50.0,1.0,0,0,0,0,1,50.0,0.0
421,9,16,1,1,1.0,1.0,1.0,100.0,1.0,0,0,0,0,0,0.0,0.0
421,9,17,2,2,39.0,25.0,19.5,156.0,33.0,4,3,0,0,2,52.0,28.0
421,18,16,2,2,45.0,29.0,22.5,155.17,41.0,6,1,0,0,1,34.48,24.14
421,18,17,1,1,9.0,9.0,9.0,100.0,9.0,1,0,0,0,1,44.44,11.11
421,12,16,2,2,90.0,61.0,45.0,147.54,67.0,10,3,1,0,2,27.87,21.31
421,12,17,2,2,49.0,32.0,24.5,153.12,46.0,5,1,0,0,2,21.88,18.75
421,11,16,1,1,44.0,26.0,44.0,169.23,44.0,4,2,0,0,1,19.23,23.08
421,11,17,2,2,32.0,27.0,16.0,118.52,27.0,2,1,0,0,1,25.93,11.11
421,17,16,2,2,7.0,6.0,3.5,116.67,5.0,1,0,0,0,1,33.33,16.67
421,15,16,2,2,164.0,87.0,82.0,188.51,100.0,14,10,2,1,1,22.99,27.59
421,15,17,1,1,37.0,20.0,37.0,185.0,37.0,5,0,0,0,0,0.0,25.0
701,2,3,1,1,15.0,19.0,15.0,78.95,15.0,3,0,0,0,1,63.16,15.79
512,6,11,1,1,26.0,16.0,26.0,162.5,26.0,3,2,0,0,1,56.25,31.25
512,6,12,1,1,27.0,24.0,27.0,112.5,27.0,4,0,0,0,1,41.67,16.67
512,13,11,1,1,4.0,6.0,4.0,66.67,4.0,0,0,0,0,1,33.33,0.0
512,9,11,1,1,33.0,18.0,33.0,183.33,33.0,4,2,0,0,1,38.89,33.33
512,5,9,1,1,4.0,5.0,4.0,80.0,4.0,0,0,0,0,0,40.0,0.0
512,5,12,1,1,3.0,9.0,3.0,33.33,3.0,0,0,0,0,1,66.67,0.0
512,11,11,1,1,0.0,1.0,0.0,0.0,0.0,0,0,0,0,1,100.0,0.0
512,15,9,2,2,26.0,25.0,13.0,104.0,16.0,3,0,0,0,1,36.0,12.0
512,15,12,2,2,54.0,37.0,27.0,145.95,40.0,5,4,0,0,2,45.95,24.32
519,11,2,1,1,0.0,1.0,0.0,0.0,0.0,0,0,0,0,1,100.0,0.0
681,6,16,1,1,0.0,2.0,0.0,0.0,0.0,0,0,0,0,0,100.0,0.0
681,9,14,1,1,1.0,5.0,1.0,20.0,1.0,0,0,0,0,0,60.0,0.0
681,18,16,1,1,4.0,4.0,4.0,100.0,4.0,1,0,0,0,1,75.0,25.0
681,5,14,1,1,6.0,11.0,6.0,54.55,6.0,1,0,0,0,1,63.64,9.09
681,12,14,1,1,7.0,6.0,7.0,116.67,7.0,1,0,0,0,1,33.33,16.67
681,17,14,2,2,2.0,3.0,1.0,66.67,2.0,0,0,0,0,2,66.67,0.0
143,6,4,1,1,7.0,12.0,7.0,58.33,7.0,1,0,0,0,1,50.0,8.33
143,6,12,2,2,3.0,7.0,1.5,42.86,2.0,0,0,0,0,2,71.43,0.0
143,13,12,2,2,57.0,38.0,28.5,150.0,38.0,8,1,0,0,2,31.58,23.68
143,9,12,2,2,24.0,13.0,12.0,184.62,14.0,2,1,0,0,1,15.38,23.08
143,5,4,1,1,1.0,2.0,1.0,50.0,1.0,0,0,0,0,1,50.0,0.0
143,5,12,1,1,47.0,32.0,47.0,146.88,47.0,7,1,0,0,1,34.38,25.0
143,7,4,1,1,13.0,12.0,13.0,108.33,13.0,1,0,0,0,0,16.67,8.33
143,11,12,2,2,15.0,28.0,7.5,53.57,12.0,0,0,0,0,1,50.0,0.0
143,17,12,2,2,33.0,28.0,16.5,117.86,22.0,3,2,0,0,2,57.14,17.86
143,15,12,1,1,5.0,8.0,5.0,62.5,5.0,0,0,0,0,1,37.5,0.0
436,6,11,2,2,34.0,22.0,17.0,154.55,22.0,4,2,0,0,2,45.45,27.27
436,6,12,2,2,82.0,56.0,41.0,146.43,82.0,7,6,1,0,2,42.86,23.21
436,10,12,1,1,20.0,18.0,20.0,111.11,20.0,3,0,0,0,1,50.0,16.67
436,2,11,2,2,36.0,35.0,18.0,102.86,31.0,5,1,0,0,2,57.14,17.14
436,14,10,1,1,93.0,41.0,93.0,226.83,93.0,6,8,1,0,0,21.95,34.15
436,13,7,1,1,13.0,18.0,13.0,72.22,13.0,2,0,0,0,1,61.11,11.11
436,13,10,1,1,84.0,52.0,84.0,161.54,84.0,8,3,1,0,1,21.15,21.15
436,13,11,2,2,101.0,58.0,50.5,174.14,74.0,8,6,1,0,2,29.31,24.14
436,13,12,2,2,56.0,32.0,28.0,175.0,46.0,7,3,0,0,2,40.62,31.25
436,5,9,1,1,10.0,10.0,10.0,100.0,10.0,0,0,0,0,0,40.0,0.0
436,5,10,3,3,62.0,46.0,20.67,134.78,32.0,6,3,0,0,3,39.13,19.57
436,5,11,2,2,38.0,28.0,19.0,135.71,21.0,7,1,0,0,1,53.57,28.57
436,5,12,2,2,95.0,58.0,47.5,163.79,54.0,10,6,1,0,2,39.66,27.59
436,11,5,1,1,6.0,9.0,6.0,66.67,6.0,1,0,0,0,1,66.67,11.11
436,11,11,3,3,63.0,66.0,21.0,95.45,45.0,7,1,0,0,3,48.48,12.12
436,11,12,2,2,50.0,35.0,25.0,142.86,50.0,6,3,1,0,2,48.57,25.71
436,17,7,1,1,45.0,31.0,45.0,145.16,45.0,3,3,0,0,1,32.26,19.35
436,17,9,1,1,15.0,12.0,15.0,125.0,15.0,0,1,0,0,1,33.33,8.33
436,17,10,1,1,50.0,22.0,50.0,227.27,50.0,5,4,1,0,1,40.91,40.91
436,17,11,2,2,67.0,60.0,33.5,111.67,62.0,8,1,1,0,1,40.0,15.0
436,17,12,2,2,44.0,33.0,22.0,133.33,43.0,4,2,0,0,2,39.39,18.18
436,17,14,1,1,49.0,35.0,49.0,140.0,49.0,4,3,0,0,2,40.0,20.0
436,15,10,1,1,6.0,2.0,6.0,300.0,6.0,0,1,0,0,1,50.0,50.0
436,15,11,3,3,152.0,108.0,50.67,140.74,55.0,17,6,1,0,3,36.11,21.3
436,15,12,2,2,58.0,58.0,29.0,100.0,51.0,4,2,1,0,2,39.66,10.34
81,6,4,1,1,2.0,4.0,2.0,50.0,2.0,0,0,0,0,1,50.0,0.0
81,6,5,1,1,0.0,1.0,0.0,0.0,0.0,0,0,0,0,1,100.0,0.0
81,6,7,1,1,13.0,10.0,13.0,130.0,13.0,2,0,0,0,1,30.0,20.0
81,16,3,2,2,27.0,29.0,13.5,93.1,17.0,5,0,0,0,2,55.17,17.24
81,16,4,1,1,25.0,15.0,25.0,166.67,25.0,4,0,0,0,1,20.0,26.67
81,2,4,1,1,7.0,12.0,7.0,58.33,7.0,0,0,0,0,1,41.67,0.0
81,2,5,1,1,11.0,12.0,11.0,91.67,11.0,1,0,0,0,1,50.0,8.33
81,2,6,1,1,17.0,17.0,17.0,100.0,17.0,3,0,0,0,1,58.82,17.65
81,13,6,2,2,70.0,68.0,35.0,102.94,51.0,11,0,1,0,2,47.06,16.18
81,9,5,1,1,6.0,9.0,6.0,66.67,6.0,0,1,0,0,1,88.89,11.11
81,9,6,1,1,5.0,14.0,5.0,35.71,5.0,0,0,0,0,1,64.29,0.0
81,9,7,1,1,8.0,8.0,8.0,100.0,8.0,1,0,0,0,0,37.5,12.5
81,5,7,1,1,19.0,18.0,19.0,105.56,19.0,4,0,0,0,1,61.11,22.22
81,11,3,2,2,74.0,63.0,37.0,117.46,45.0,9,1,0,0,1,34.92,15.87
81,11,7,1,1,40.0,38.0,40.0,105.26,40.0,3,0,0,0,0,21.05,7.89
81,17,3,2,2,21.0,23.0,10.5,91.3,16.0,0,2,0,0,1,52.17,8.7
81,17,7,1,1,10.0,18.0,10.0,55.56,10.0,1,0,0,0,1,66.67,5.56
81,15,7,1,1,35.0,32.0,35.0,109.38,35.0,6,0,0,0,1,46.88,18.75
624,6,3,1,1,7.0,4.0,7.0,175.0,7.0,0,1,0,0,1,50.0,25.0
624,6,4,3,3,83.0,62.0,27.67,133.87,75.0,4,7,1,0,2,37.1,17.74
624,6,5,1,1,68.0,35.0,68.0,194.29,68.0,2,6,1,0,1,14.29,22.86
624,6,6,2,2,32.0,23.0,16.0,139.13,28.0,1,4,0,0,2,52.17,21.74
624,6,7,1,1,46.0,50.0,46.0,92.0,46.0,3,3,0,0,1,50.0,12.0
624,6,8,1,1,41.0,43.0,41.0,95.35,41.0,2,3,0,0,1,55.81,11.63
624,6,11,2,2,63.0,35.0,31.5,180.0,63.0,7,4,1,0,2,37.14,31.43
624,6,12,2,2,33.0,35.0,16.5,94.29,28.0,3,2,0,0,2,57.14,14.29
624,6,13,1,1,12.0,19.0,12.0,63.16,12.0,0,0,0,0,1,36.84,0.0
624,6,14,1,1,10.0,10.0,10.0,100.0,10.0,2,0,0,0,2,60.0,20.0
624,16,2,1,1,10.0,12.0,10.0,83.33,10.0,1,1,0,0,1,83.33,16.67
624,16,3,1,1,4.0,7.0,4.0,57.14,4.0,1,0,0,0,1,71.43,14.29
624,16,5,2,2,53.0,32.0,26.5,165.62,27.0,4,4,0,0,2,37.5,25.0
624,10,12,1,1,69.0,37.0,69.0,186.49,69.0,6,5,1,0,1,29.73,29.73
624,10,13,1,1,29.0,13.0,29.0,223.08,29.0,3,2,0,0,1,30.77,38.46
624,10,14,2,2,24.0,18.0,12.0,133.33,13.0,1,2,0,0,2,38.89,16.67
624,2,3,2,2,70.0,42.0,35.0,166.67,40.0,7,4,0,0,2,28.57,26.19
624,2,4,1,1,26.0,14.0,26.0,185.71,26.0,4,1,0,0,1,21.43,35.71
624,2,5,1,1,128.0,62.0,128.0,206.45,128.0,7,13,1,1,0,33.87,32.26
624,2,6,2,3,19.0,18.0,9.5,105.56,15.0,1,2,0,0,2,66.67,16.67
624,2,7,1,1,22.0,23.0,22.0,95.65,22.0,1,2,0,0,1,65.22,13.04
624,2,8,2,2,63.0,45.0,31.5,140.0,62.0,6,4,1,0,0,46.67,22.22
624,2,9,2,2,1.0,7.0,0.5,14.29,1.0,0,0,0,0,2,85.71,0.0
624,2,10,2,2,54.0,46.0,27.0,117.39,48.0,4,3,0,0,2,41.3,15.22
624,14,9,2,2,15.0,25.0,7.5,60.0,9.0,3,0,0,0,2,64.0,12.0
624,14,10,2,2,85.0,49.0,42.5,173.47,77.0,6,7,1,0,2,34.69,26.53
624,13,2,2,2,61.0,43.0,30.5,141.86,44.0,5,4,0,0,1,46.51,20.93
624,13,3,2,2,102.0,54.0,51.0,188.89,88.0,9,8,1,0,2,35.19,31.48
624,13,4,2,2,107.0,56.0,53.5,191.07,107.0,10,9,1,1,2,42.86,33.93
624,13,5,2,2,158.0,98.0,79.0,161.22,87.0,14,8,2,0,2,30.61,22.45
624,13,6,2,2,138.0,86.0,69.0,160.47,77.0,10,9,2,0,2,32.56,22.09
624,13,7,2,2,24.0,14.0,12.0,171.43,20.0,3,2,0,0,2,64.29,35.71
624,13,8,2,2,134.0,71.0,67.0,188.73,117.0,8,13,1,1,2,33.8,29.58
624,13,9,1,1,73.0,32.0,73.0,228.12,73.0,4,8,1,0,1,34.38,37.5
624,13,10,1,1,0.0,2.0,0.0,0.0,0.0,0,0,0,0,1,100.0,0.0
624,4,4,1,1,44.0,16.0,44.0,275.0,44.0,3,5,0,0,1,43.75,50.0
624,9,4,2,2,140.0,67.0,70.0,208.96,102.0,16,9,1,1,1,32.84,37.31
624,9,5,2,2,88.0,66.0,44.0,133.33,86.0,7,6,1,0,2,43.94,19.7
624,9,6,2,2,118.0,86.0,59.0,137.21,85.0,5,10,1,0,1,40.7,17.44
624,9,7,1,1,6.0,9.0,6.0,66.67,6.0,1,0,0,0,1,66.67,11.11
624,9,8,2,2,117.0,65.0,58.5,180.0,96.0,7,10,1,0,3,27.69,26.15
624,9,9,2,2,56.0,38.0,28.0,147.37,49.0,5,5,0,0,2,55.26,26.32
624,9,10,2,2,7.0,18.0,3.5,38.89,7.0,1,0,0,0,2,61.11,5.56
624,9,11,2,2,83.0,55.0,41.5,150.91,62.0,7,7,1,0,1,50.91,25.45
624,9,12,2,2,34.0,27.0,17.0,125.93,20.0,4,2,0,0,2,59.26,22.22
624,9,13,1,1,51.0,29.0,51.0,175.86,51.0,2,5,1,0,1,34.48,24.14
624,9,14,1,1,0.0,1.0,0.0,0.0,0.0,0,0,0,0,1,100.0,0.0
624,5,2,2,2,19.0,18.0,9.5,105.56,12.0,1,1,0,0,2,44.44,11.11
624,5,3,1,1,75.0,60.0,75.0,125.0,75.0,7,2,1,0,1,30.0,15.0
624,5,4,1,1,89.0,47.0,89.0,189.36,89.0,9,5,1,0,1,25.53,29.79
624,5,5,2,2,88.0,67.0,44.0,131.34,82.0,5,7,1,0,1,44.78,17.91
624,5,6,2,2,110.0,78.0,55.0,141.03,92.0,13,6,1,0,1,44.87,24.36
624,5,7,1,1,38.0,24.0,38.0,158.33,38.0,3,3,0,0,1,37.5,25.0
624,5,8,2,2,23.0,36.0,11.5,63.89,13.0,1,1,0,0,2,58.33,5.56
624,5,9,1,1,5.0,6.0,5.0,83.33,5.0,1,0,0,0,1,66.67,16.67
624,5,10,1,1,22.0,27.0,22.0,81.48,22.0,2,1,0,0,1,55.56,11.11
624,5,11,2,2,68.0,51.0,34.0,133.33,50.0,8,3,1,0,2,41.18,21.57
624,5,12,2,2,103.0,60.0,51.5,171.67,63.0,6,11,1,0,2,50.0,28.33
624,5,13,1,2,31.0,23.0,31.0,134.78,31.0,1,3,0,0,1,52.17,17.39
624,5,14,2,2,44.0,39.0,22.0,112.82,43.0,5,2,0,0,1,51.28,17.95
624,7,4,1,1,49.0,26.0,49.0,188.46,49.0,4,4,0,0,1,38.46,30.77
624,7,5,2,2,138.0,79.0,69.0,174.68,81.0,7,14,2,0,2,37.97,26.58
624,7,6,2,2,196.0,87.0,98.0,225.29,175.0,15,18,1,1,1,27.59,37.93
624,11,2,1,2,54.0,38.0,54.0,142.11,54.0,5,4,1,0,2,50.0,23.68
624,11,3,1,1,0.0,2.0,0.0,0.0,0.0,0,0,0,0,1,100.0,0.0
624,11,4,1,1,70.0,44.0,70.0,159.09,70.0,7,4,1,0,0,31.82,25.0
624,11,5,2,2,12.0,17.0,6.0,70.59,8.0,0,1,0,0,2,64.71,5.88
624,11,6,2,2,83.0,60.0,41.5,138.33,49.0,10,2,0,0,1,33.33,20.0
624,11,7,1,1,19.0,25.0,19.0,76.0,19.0,3,0,0,0,1,60.0,12.0
624,11,8,3,3,57.0,47.0,19.0,121.28,27.0,8,3,0,0,3,55.32,23.4
624,11,11,2,2,9.0,12.0,4.5,75.0,8.0,2,0,0,0,2,75.0,16.67
624,11,12,2,2,109.0,69.0,54.5,157.97,79.0,10,7,1,0,2,34.78,24.64
624,11,13,1,1,99.0,63.0,99.0,157.14,99.0,6,8,1,0,1,36.51,22.22
624,11,14,1,1,40.0,28.0,40.0,142.86,40.0,4,2,0,0,1,42.86,21.43
624,17,2,1,1,40.0,37.0,40.0,108.11,40.0,6,0,0,0,1,43.24,16.22
624,17,3,1,1,34.0,15.0,34.0,226.67,34.0,6,1,0,0,1,26.67,46.67
624,17,11,1,1,18.0,14.0,18.0,128.57,18.0,4,0,0,0,1,57.14,28.57
624,17,12,2,2,122.0,74.0,61.0,164.86,99.0,14,6,1,0,1,33.78,27.03
624,17,13,1,1,53.0,45.0,53.0,117.78,53.0,1,5,1,0,0,40.0,13.33
624,17,14,1,1,46.0,24.0,46.0,191.67,46.0,6,2,0,0,1,29.17,33.33
624,15,6,2,3,24.0,21.0,12.0,114.29,13.0,2,1,0,0,2,47.62,14.29
624,15,7,2,2,41.0,39.0,20.5,105.13,27.0,4,2,0,0,2,56.41,15.38
624,15,8,2,2,56.0,26.0,28.0,215.38,35.0,7,4,0,0,2,46.15,42.31
624,15,9,2,2,77.0,42.0,38.5,183.33,76.0,4,8,1,0,2,40.48,28.57
624,15,10,1,1,32.0,21.0,32.0,152.38,32.0,2,3,0,0,1,52.38,23.81
624,15,11,2,2,127.0,85.0,63.5,149.41,104.0,2,13,1,1,1,36.47,17.65
624,15,12,2,2,20.0,17.0,10.0,117.65,16.0,2,1,0,0,2,52.94,17.65
624,15,13,1,1,20.0,20.0,20.0,100.0,20.0,2,1,0,0,1,50.0,15.0
624,15,14,2,2,29.0,34.0,14.5,85.29,15.0,3,0,0,0,3,41.18,8.82
158,6,8,1,1,16.0,10.0,16.0,160.0,16.0,0,1,0,0,0,10.0,10.0
158,6,12,1,1,0.0,1.0,0.0,0.0,0.0,0,0,0,0,1,100.0,0.0
158,6,13,1,1,2.0,5.0,2.0,40.0,2.0,0,0,0,0,1,60.0,0.0
158,6,14,1,1,0.0,2.0,0.0,0.0,0.0,0,0,0,0,1,100.0,0.0
158,10,13,1,1,0.0,2.0,0.0,0.0,0.0,0,0,0,0,1,100.0,0.0
158,10,14,1,1,36.0,18.0,36.0,200.0,36.0,0,4,0,0,0,22.22,22.22
158,2,8,1,1,13.0,6.0,13.0,216.67,13.0,1,1,0,0,0,16.67,33.33
158,14,9,1,1,82.0,32.0,82.0,256.25,82.0,4,8,1,0,0,21.88,37.5
158,13,8,1,1,6.0,8.0,6.0,75.0,6.0,0,0,0,0,0,25.0,0.0
158,13,9,1,1,17.0,12.0,17.0,141.67,17.0,0,1,0,0,0,25.0,8.33
158,13,10,2,2,18.0,13.0,9.0,138.46,16.0,1,1,0,0,2,30.77,15.38
158,13,11,1,1,27.0,16.0,27.0,168.75,27.0,1,1,0,0,0,6.25,12.5
158,13,12,1,1,0.0,1.0,0.0,0.0,0.0,0,0,0,0,1,100.0,0.0
158,13,13,1,1,25.0,8.0,25.0,312.5,25.0,1,3,0,0,0,12.5,50.0
158,9,8,1,1,4.0,5.0,4.0,80.0,4.0,0,0,0,0,1,20.0,0.0
158,9,9,2,2,11.0,11.0,5.5,100.0,11.0,2,0,0,0,2,54.55,18.18
158,9,10,2,2,27.0,19.0,13.5,142.11,16.0,4,0,0,0,2,26.32,21.05
158,9,11,1,1,2.0,3.0,2.0,66.67,2.0,0,0,0,0,1,33.33,0.0
158,9,14,1,1,0.0,2.0,0.0,0.0,0.0,0,0,0,0,1,100.0,0.0
158,5,6,2,2,1.0,5.0,0.5,20.0,1.0,0,0,0,0,2,80.0,0.0
158,5,9,1,1,20.0,16.0,20.0,125.0,20.0,2,1,0,0,1,43.75,18.75
158,5,10,1,1,52.0,41.0,52.0,126.83,52.0,5,1,1,0,0,26.83,14.63
158,5,12,1,1,11.0,9.0,11.0,122.22,11.0,0,1,0,0,1,44.44,11.11
158,5,13,1,1,4.0,2.0,4.0,200.0,4.0,1,0,0,0,1,50.0,50.0
158,7,6,1,1,5.0,5.0,5.0,100.0,5.0,0,0,0,0,0,20.0,0.0
158,12,14,2,2,7.0,9.0,3.5,77.78,5.0,0,0,0,0,1,44.44,0.0
158,11,6,1,1,1.0,1.0,1.0,100.0,1.0,0,0,0,0,0,0.0,0.0
158,11,11,1,1,17.0,7.0,17.0,242.86,17.0,2,1,0,0,0,14.29,42.86
158,3,9,1,1,38.0,20.0,38.0,190.0,38.0,4,2,0,0,0,20.0,30.0
158,3,10,1,1,38.0,9.0,38.0,422.22,38.0,4,3,0,0,0,0.0,77.78
158,17,6,1,1,7.0,4.0,7.0,175.0,7.0,0,0,0,0,0,0.0,0.0
158,17,8,2,2,3.0,6.0,1.5,50.0,3.0,0,0,0,0,1,50.0,0.0
158,17,9,1,1,27.0,18.0,27.0,150.0,27.0,3,0,0,0,1,22.22,16.67
158,17,10,1,1,4.0,5.0,4.0,80.0,4.0,0,0,0,0,1,20.0,0.0
158,17,12,1,1,0.0,3.0,0.0,0.0,0.0,0,0,0,0,1,100.0,0.0
158,17,14,2,2,24.0,18.0,12.0,133.33,14.0,2,1,0,0,2,33.33,16.67
158,15,6,1,1,0.0,1.0,0.0,0.0,0.0,0,0,0,0,0,100.0,0.0
158,15,8,1,1,34.0,11.0,34.0,309.09,34.0,2,3,0,0,0,0.0,45.45
158,15,10,1,1,15.0,7.0,15.0,214.29,15.0,1,1,0,0,0,0.0,28.57
158,15,12,2,2,21.0,23.0,10.5,91.3,17.0,1,1,0,0,2,43.48,8.7
158,15,13,1,1,3.0,4.0,3.0,75.0,3.0,0,0,0,0,1,50.0,0.0
229,6,7,3,3,77.0,47.0,25.67,163.83,39.0,4,5,0,0,2,25.53,19.15
229,6,8,1,1,4.0,7.0,4.0,57.14,4.0,1,0,0,0,1,85.71,14.29
229,6,11,1,1,2.0,8.0,2.0,25.0,2.0,0,0,0,0,1,75.0,0.0
229,2,7,1,1,13.0,14.0,13.0,92.86,13.0,2,0,0,0,1,50.0,14.29
229,2,11,1,1,15.0,13.0,15.0,115.38,15.0,0,1,0,0,1,23.08,7.69
229,14,10,2,2,24.0,18.0,12.0,133.33,18.0,1,2,0,0,1,38.89,16.67
229,13,7,1,1,35.0,25.0,35.0,140.0,35.0,3,2,0,0,1,40.0,20.0
229,13,8,1,1,5.0,11.0,5.0,45.45,5.0,1,0,0,0,1,72.73,9.09
229,13,10,2,2,57.0,47.0,28.5,121.28,39.0,3,4,0,0,1,44.68,14.89
229,9,7,2,2,20.0,20.0,10.0,100.0,18.0,1,1,0,0,2,55.0,10.0
229,9,8,1,1,55.0,41.0,55.0,134.15,55.0,4,3,1,0,0,39.02,17.07
229,9,10,1,1,2.0,5.0,2.0,40.0,2.0,0,0,0,0,1,60.0,0.0
229,5,10,2,2,10.0,11.0,5.0,90.91,10.0,2,0,0,0,2,63.64,18.18
229,5,11,1,1,0.0,1.0,0.0,0.0,0.0,0,0,0,0,1,100.0,0.0
229,11,7,1,1,95.0,44.0,95.0,215.91,95.0,9,6,1,0,0,20.45,34.09
229,11,8,1,1,50.0,38.0,50.0,131.58,50.0,5,3,1,0,1,50.0,21.05
229,3,10,2,2,5.0,9.0,2.5,55.56,3.0,0,0,0,0,1,55.56,0.0
229,17,7,2,2,24.0,23.0,12.0,104.35,18.0,2,1,0,0,2,47.83,13.04
229,17,10,1,1,3.0,9.0,3.0,33.33,3.0,0,0,0,0,1,66.67,0.0
229,15,7,1,1,1.0,8.0,1.0,12.5,1.0,0,0,0,0,1,87.5,0.0
229,15,10,1,1,41.0,24.0,41.0,170.83,41.0,2,3,0,0,0,20.83,20.83
355,16,4,2,2,26.0,21.0,13.0,123.81,15.0,4,0,0,0,1,38.1,19.05
355,13,4,1,1,6.0,14.0,6.0,42.86,6.0,0,0,0,0,0,57.14,0.0
355,13,5,1,1,3.0,6.0,3.0,50.0,3.0,0,0,0,0,1,66.67,0.0
355,9,4,1,1,16.0,19.0,16.0,84.21,16.0,2,0,0,0,1,52.63,10.53
355,9,5,1,1,12.0,18.0,12.0,66.67,12.0,0,0,0,0,1,38.89,0.0
355,5,5,1,1,12.0,13.0,12.0,92.31,12.0,1,0,0,0,1,53.85,7.69
355,11,5,1,1,23.0,26.0,23.0,88.46,23.0,2,0,0,0,1,42.31,7.69
482,6,13,1,1,4.0,5.0,4.0,80.0,4.0,0,0,0,0,0,20.0,0.0
482,10,13,1,1,5.0,6.0,5.0,83.33,5.0,0,0,0,0,1,50.0,0.0
482,10,14,1,1,2.0,3.0,2.0,66.67,2.0,0,0,0,0,1,33.33,0.0
482,1,16,1,1,2.0,5.0,2.0,40.0,2.0,0,0,0,0,1,60.0,0.0
482,9,10,1,1,0.0,1.0,0.0,0.0,0.0,0,0,0,0,1,100.0,0.0
482,9,14,1,1,30.0,18.0,30.0,166.67,30.0,1,3,0,0,1,38.89,22.22
482,18,16,1,1,4.0,7.0,4.0,57.14,4.0,0,0,0,0,1,42.86,0.0
482,5,13,1,1,13.0,8.0,13.0,162.5,13.0,2,0,0,0,1,25.0,25.0
482,12,15,1,1,5.0,5.0,5.0,100.0,5.0,0,0,0,0,1,40.0,0.0
482,15,9,1,1,3.0,4.0,3.0,75.0,3.0,0,0,0,0,0,25.0,0.0
482,15,13,1,1,7.0,12.0,7.0,58.33,7.0,0,0,0,0,1,58.33,0.0
482,15,15,1,1,6.0,3.0,6.0,200.0,6.0,0,0,0,0,0,0.0,0.0
422,2,5,1,1,8.0,15.0,8.0,53.33,8.0,0,0,0,0,1,53.33,0.0
290,2,1,1,1,8.0,9.0,8.0,88.89,8.0,0,0,0,0,1,11.11,0.0
290,5,1,1,1,0.0,2.0,0.0,0.0,0.0,0,0,0,0,1,100.0,0.0
290,11,1,1,1,8.0,12.0,8.0,66.67,8.0,0,0,0,0,1,33.33,0.0
393,2,3,1,1,0.0,1.0,0.0,0.0,0.0,0,0,0,0,1,100.0,0.0
393,13,4,1,1,8.0,8.0,8.0,100.0,8.0,0,1,0,0,1,62.5,12.5
330,6,3,1,1,21.0,13.0,21.0,161.54,21.0,2,1,0,0,0,23.08,23.08
330,6,4,1,1,13.0,18.0,13.0,72.22,13.0,1,0,0,0,1,44.44,5.56
330,6,5,2,2,100.0,69.0,50.0,144.93,77.0,11,3,1,0,3,27.54,20.29
330,6,6,1,1,2.0,3.0,2.0,66.67,2.0,0,0,0,0,1,66.67,0.0
330,16,1,1,1,31.0,23.0,31.0,134.78,31.0,1,2,0,0,0,21.74,13.04
330,16,3,2,2,17.0,6.0,8.5,283.33,13.0,0,2,0,0,1,16.67,33.33
330,2,1,1,1,1.0,2.0,1.0,50.0,1.0,0,0,0,0,0,50.0,0.0
330,2,3,1,1,4.0,11.0,4.0,36.36,4.0,0,0,0,0,1,63.64,0.0
330,2,4,1,1,31.0,25.0,31.0,124.0,31.0,2,1,0,0,0,20.0,12.0
330,2,5,1,1,65.0,40.0,65.0,162.5,65.0,7,2,1,0,1,22.5,22.5
330,2,6,1,1,4.0,8.0,4.0,50.0,4.0,0,0,0,0,1,50.0,0.0
330,13,1,2,2,10.0,15.0,5.0,66.67,10.0,0,0,0,0,2,40.0,0.0
330,13,3,1,1,6.0,3.0,6.0,200.0,6.0,1,0,0,0,0,0.0,33.33
330,13,4,1,1,15.0,12.0,15.0,125.0,15.0,0,0,0,0,0,8.33,0.0
330,13,5,2,2,75.0,55.0,37.5,136.36,67.0,9,1,1,0,1,29.09,18.18
330,13,6,2,2,26.0,31.0,13.0,83.87,16.0,3,0,0,0,2,41.94,9.68
330,4,4,1,1,31.0,34.0,31.0,91.18,31.0,2,1,0,0,1,50.0,8.82
330,9,1,2,2,36.0,26.0,18.0,138.46,30.0,3,1,0,0,1,26.92,15.38
330,9,4,1,1,13.0,13.0,13.0,100.0,13.0,1,0,0,0,1,38.46,7.69
330,9,5,1,1,10.0,9.0,10.0,111.11,10.0,1,0,0,0,1,44.44,11.11
330,9,6,2,2,36.0,35.0,18.0,102.86,34.0,3,1,0,0,2,31.43,11.43
330,5,1,1,1,26.0,20.0,26.0,130.0,26.0,3,1,0,0,1,45.0,20.0
330,5,4,1,1,1.0,7.0,1.0,14.29,1.0,0,0,0,0,1,85.71,0.0
330,5,5,2,2,30.0,23.0,15.0,130.43,30.0,1,2,0,0,1,26.09,13.04
330,5,6,1,1,43.0,23.0,43.0,186.96,43.0,3,3,0,0,0,21.74,26.09
330,7,5,2,2,152.0,91.0,76.0,167.03,78.0,10,9,2,0,2,23.08,20.88
330,7,6,2,2,10.0,19.0,5.0,52.63,10.0,0,0,0,0,2,57.89,0.0
330,11,1,1,1,10.0,16.0,10.0,62.5,10.0,1,0,0,0,1,56.25,6.25
330,11,5,1,1,1.0,4.0,1.0,25.0,1.0,0,0,0,0,1,75.0,0.0
330,11,6,2,2,31.0,29.0,15.5,106.9,31.0,5,0,0,0,2,48.28,17.24
330,17,5,2,2,46.0,29.0,23.0,158.62,45.0,2,3,0,0,2,31.03,17.24
330,17,6,2,3,74.0,48.0,37.0,154.17,52.0,4,5,1,0,2,31.25,18.75
365,6,7,2,2,16.0,12.0,8.0,133.33,9.0,3,0,0,0,1,41.67,25.0
365,6,8,1,1,4.0,5.0,4.0,80.0,4.0,0,0,0,0,1,40.0,0.0
365,2,7,1,1,22.0,18.0,22.0,122.22,22.0,3,0,0,0,0,38.89,16.67
365,13,6,1,1,12.0,8.0,12.0,150.0,12.0,2,0,0,0,0,25.0,25.0
365,13,7,1,1,33.0,29.0,33.0,113.79,33.0,2,2,0,0,1,44.83,13.79
365,9,7,2,2,15.0,16.0,7.5,93.75,8.0,2,0,0,0,2,62.5,12.5
365,7,6,1,1,30.0,23.0,30.0,130.43,30.0,2,1,0,0,1,30.43,13.04
365,11,6,1,1,2.0,3.0,2.0,66.67,2.0,0,0,0,0,1,66.67,0.0
365,17,7,1,1,30.0,28.0,30.0,107.14,30.0,2,3,0,0,1,50.0,17.86
365,15,7,2,2,5.0,8.0,2.5,62.5,4.0,1,0,0,0,1,50.0,12.5
205,6,11,2,2,64.0,40.0,32.0,160.0,43.0,1,7,0,0,2,40.0,20.0
205,10,12,1,1,6.0,7.0,6.0,85.71,6.0,0,0,0,0,1,14.29,0.0
205,14,10,1,1,11.0,10.0,11.0,110.0,11.0,2,0,0,0,1,50.0,20.0
205,13,9,1,1,12.0,6.0,12.0,200.0,12.0,1,1,0,0,1,33.33,33.33
205,9,9,2,2,40.0,15.0,20.0,266.67,34.0,3,4,0,0,2,26.67,46.67
205,9,11,2,2,11.0,8.0,5.5,137.5,8.0,0,1,0,0,2,25.0,12.5
205,11,12,1,1,5.0,3.0,5.0,166.67,5.0,1,0,0,0,1,33.33,33.33
205,3,9,1,1,20.0,8.0,20.0,250.0,20.0,0,3,0,0,1,37.5,37.5
205,17,9,1,1,1.0,2.0,1.0,50.0,1.0,0,0,0,0,1,50.0,0.0
205,17,10,1,1,1.0,5.0,1.0,20.0,1.0,0,0,0,0,1,80.0,0.0
205,15,9,1,1,10.0,7.0,10.0,142.86,10.0,2,0,0,0,1,28.57,28.57
741,2,10,1,1,3.0,5.0,3.0,60.0,3.0,0,0,0,0,1,40.0,0.0
741,13,10,1,1,8.0,6.0,8.0,133.33,8.0,0,1,0,0,0,50.0,16.67
741,13,11,1,1,1.0,2.0,1.0,50.0,1.0,0,0,0,0,0,50.0,0.0
741,9,11,1,1,5.0,5.0,5.0,100.0,5.0,1,0,0,0,1,60.0,20.0
741,5,10,1,1,9.0,8.0,9.0,112.5,9.0,0,0,0,0,1,25.0,0.0
741,5,11,1,1,11.0,11.0,11.0,100.0,11.0,0,1,0,0,1,45.45,9.09
741,11,11,1,1,0.0,1.0,0.0,0.0,0.0,0,0,0,0,0,100.0,0.0
741,11,14,1,1,15.0,11.0,15.0,136.36,15.0,2,0,0,0,0,18.18,18.18
741,3,10,1,1,1.0,3.0,1.0,33.33,1.0,0,0,0,0,0,66.67,0.0
741,17,10,1,1,18.0,21.0,18.0,85.71,18.0,3,0,0,0,1,57.14,14.29
741,15,10,2,2,7.0,4.0,3.5,175.0,6.0,1,0,0,0,0,0.0,25.0
410,6,3,1,1,2.0,2.0,2.0,100.0,2.0,0,0,0,0,0,0.0,0.0
410,13,1,1,1,2.0,1.0,2.0,200.0,2.0,0,0,0,0,1,0.0,0.0
312,6,13,1,1,1.0,1.0,1.0,100.0,1.0,0,0,0,0,1,0.0,0.0
312,6,14,1,1,0.0,1.0,0.0,0.0,0.0,0,0,0,0,0,100.0,0.0
312,6,16,1,1,0.0,3.0,0.0,0.0,0.0,0,0,0,0,0,100.0,0.0
312,10,15,1,1,1.0,1.0,1.0,100.0,1.0,0,0,0,0,0,0.0,0.0
312,10,16,1,1,1.0,6.0,1.0,16.67,1.0,0,0,0,0,0,83.33,0.0
312,10,18,1,1,1.0,1.0,1.0,100.0,1.0,0,0,0,0,0,0.0,0.0
312,13,13,1,1,2.0,4.0,2.0,50.0,2.0,0,0,0,0,1,25.0,0.0
312,11,15,1,1,1.0,1.0,1.0,100.0,1.0,0,0,0,0,0,0.0,0.0
312,17,13,1,1,7.0,10.0,7.0,70.0,7.0,0,0,0,0,0,40.0,0.0
312,17,14,1,1,2.0,3.0,2.0,66.67,2.0,0,0,0,0,0,33.33,0.0
312,17,15,1,1,10.0,16.0,10.0,62.5,10.0,2,0,0,0,0,75.0,12.5
331,6,15,1,1,4.0,7.0,4.0,57.14,4.0,0,0,0,0,1,57.14,0.0
331,10,15,1,1,37.0,33.0,37.0,112.12,37.0,1,3,0,0,1,42.42,12.12
331,1,17,1,1,46.0,38.0,46.0,121.05,46.0,2,3,0,0,1,39.47,13.16
331,1,18,1,1,57.0,23.0,57.0,247.83,57.0,4,5,1,0,1,13.04,39.13
331,9,15,1,1,29.0,19.0,29.0,152.63,29.0,2,2,0,0,1,36.84,21.05
331,9,18,1,1,52.0,25.0,52.0,208.0,52.0,4,4,1,0,1,32.0,32.0
331,18,15,2,2,34.0,18.0,17.0,188.89,31.0,6,1,0,0,2,44.44,38.89
331,18,17,1,1,23.0,20.0,23.0,115.0,23.0,1,2,0,0,1,55.0,15.0
331,12,15,1,1,49.0,25.0,49.0,196.0,49.0,4,5,0,0,1,52.0,36.0
331,12,18,1,1,32.0,26.0,32.0,123.08,32.0,2,1,0,0,1,26.92,11.54
331,11,17,1,1,0.0,1.0,0.0,0.0,0.0,0,0,0,0,1,100.0,0.0
331,11,18,1,1,42.0,25.0,42.0,168.0,42.0,2,3,0,0,1,24.0,20.0
331,17,15,1,1,8.0,11.0,8.0,72.73,8.0,1,0,0,0,1,54.55,9.09
331,8,18,1,1,0.0,1.0,0.0,0.0,0.0,0,0,0,0,1,100.0,0.0
331,15,18,1,1,42.0,25.0,42.0,168.0,42.0,1,4,0,0,1,32.0,20.0
231,11,2,1,1,10.0,13.0,10.0,76.92,10.0,0,0,0,0,1,38.46,0.0
596,10,17,1,1,1.0,3.0,1.0,33.33,1.0,0,0,0,0,1,66.67,0.0
596,1,18,1,1,1.0,3.0,1.0,33.33,1.0,0,0,0,0,1,33.33,0.0
596,12,17,1,1,7.0,8.0,7.0,87.5,7.0,0,0,0,0,1,37.5,0.0
562,13,1,1,1,3.0,8.0,3.0,37.5,3.0,0,0,0,0,1,50.0,0.0
194,6,13,2,2,55.0,55.0,27.5,100.0,33.0,4,2,0,0,2,41.82,10.91
194,6,14,2,2,104.0,65.0,52.0,160.0,70.0,9,5,1,0,2,27.69,21.54
194,6,15,1,1,3.0,9.0,3.0,33.33,3.0,0,0,0,0,1,66.67,0.0
194,6,16,2,2,65.0,39.0,32.5,166.67,38.0,10,0,0,0,2,23.08,25.64
194,6,17,1,1,13.0,19.0,13.0,68.42,13.0,0,0,0,0,1,36.84,0.0
194,6,18,2,2,44.0,29.0,22.0,151.72,27.0,3,3,0,0,2,37.93,20.69
194,10,13,2,2,54.0,47.0,27.0,114.89,50.0,5,0,1,0,2,31.91,10.64
194,10,14,2,2,17.0,15.0,8.5,113.33,17.0,3,0,0,0,2,53.33,20.0
194,10,15,2,2,102.0,65.0,51.0,156.92,54.0,13,4,1,0,2,33.85,26.15
194,10,17,1,1,3.0,6.0,3.0,50.0,3.0,0,0,0,0,1,66.67,0.0
194,10,18,2,2,1.0,10.0,0.5,10.0,1.0,0,0,0,0,2,90.0,0.0
194,1,15,3,3,30.0,31.0,10.0,96.77,28.0,2,2,0,0,3,51.61,12.9
194,1,16,2,2,38.0,37.0,19.0,102.7,26.0,3,2,0,0,2,45.95,13.51
194,1,17,1,1,7.0,7.0,7.0,100.0,7.0,1,0,0,0,1,71.43,14.29
194,1,18,1,1,4.0,3.0,4.0,133.33,4.0,1,0,0,0,1,66.67,33.33
194,13,13,2,2,19.0,14.0,9.5,135.71,18.0,1,1,0,0,2,28.57,14.29
194,9,13,2,2,57.0,40.0,28.5,142.5,32.0,7,1,0,0,1,27.5,20.0
194,9,14,3,3,68.0,66.0,22.67,103.03,25.0,7,0,0,0,3,37.88,10.61
194,9,15,2,2,26.0,23.0,13.0,113.04,24.0,3,1,0,0,2,39.13,17.39
194,9,18,1,1,10.0,10.0,10.0,100.0,10.0,1,0,0,0,1,30.0,10.0
194,18,15,2,2,68.0,47.0,34.0,144.68,39.0,10,2,0,0,2,44.68,25.53
194,18,16,1,1,26.0,21.0,26.0,123.81,26.0,4,0,0,0,1,33.33,19.05
194,5,13,2,2,128.0,85.0,64.0,150.59,74.0,17,3,2,0,2,29.41,23.53
194,5,14,1,1,0.0,4.0,0.0,0.0,0.0,0,0,0,0,1,100.0,0.0
194,5,15,2,2,22.0,22.0,11.0,100.0,15.0,4,0,0,0,2,59.09,18.18
194,5,16,1,1,2.0,4.0,2.0,50.0,2.0,0,0,0,0,1,50.0,0.0
194,5,17,1,1,0.0,1.0,0.0,0.0,0.0,0,0,0,0,1,100.0,0.0
194,5,18,1,1,37.0,22.0,37.0,168.18,37.0,2,3,0,0,1,22.73,22.73
194,12,14,2,2,47.0,44.0,23.5,106.82,40.0,4,3,0,0,2,54.55,15.91
194,12,15,1,1,31.0,32.0,31.0,96.88,31.0,3,0,0,0,1,34.38,9.38
194,12,16,2,2,72.0,56.0,36.0,128.57,51.0,6,3,1,0,2,37.5,16.07
194,12,17,1,1,9.0,6.0,9.0,150.0,9.0,2,0,0,0,1,50.0,33.33
194,12,18,1,1,61.0,35.0,61.0,174.29,61.0,6,4,1,0,1,37.14,28.57
194,11,13,2,2,98.0,82.0,49.0,119.51,63.0,8,1,1,0,2,26.83,10.98
194,11,14,2,2,123.0,69.0,61.5,178.26,101.0,15,6,1,1,1,28.99,30.43
194,11,17,1,1,0.0,3.0,0.0,0.0,0.0,0,0,0,0,1,100.0,0.0
194,11,18,2,2,90.0,55.0,45.0,163.64,50.0,9,4,1,0,1,25.45,23.64
194,17,15,3,3,53.0,48.0,17.67,110.42,37.0,2,3,0,0,3,39.58,10.42
194,17,16,2,2,56.0,38.0,28.0,147.37,52.0,8,1,1,0,2,28.95,23.68
194,8,17,1,1,6.0,11.0,6.0,54.55,6.0,0,0,0,0,1,45.45,0.0
194,15,13,3,3,62.0,56.0,20.67,110.71,56.0,9,0,1,0,3,44.64,16.07
194,15,14,2,2,52.0,65.0,26.0,80.0,41.0,6,0,0,0,3,52.31,9.23
194,15,15,1,1,41.0,29.0,41.0,141.38,41.0,4,2,0,0,1,37.93,20.69
194,15,16,1,1,2.0,5.0,2.0,40.0,2.0,0,0,0,0,1,40.0,0.0
335,18,15,1,1,0.0,1.0,0.0,0.0,0.0,0,0,0,0,1,100.0,0.0
335,5,15,1,1,22.0,14.0,22.0,157.14,22.0,2,1,0,0,1,28.57,21.43
335,12,15,2,2,9.0,5.0,4.5,180.0,8.0,0,1,0,0,1,40.0,20.0
335,17,15,1,1,13.0,8.0,13.0,162.5,13.0,1,1,0,0,1,37.5,25.0
62,16,1,1,1,1.0,1.0,1.0,100.0,1.0,0,0,0,0,0,0.0,0.0
62,2,1,1,1,26.0,20.0,26.0,130.0,26.0,4,0,0,0,0,35.0,20.0
62,13,1,1,1,6.0,3.0,6.0,200.0,6.0,1,0,0,0,1,33.33,33.33
779,6,8,3,3,51.0,41.0,17.0,124.39,22.0,4,2,0,0,3,31.71,14.63
779,6,16,1,1,1.0,2.0,1.0,50.0,1.0,0,0,0,0,1,50.0,0.0
779,2,9,1,1,5.0,4.0,5.0,125.0,5.0,0,0,0,0,0,0.0,0.0
779,1,16,1,1,8.0,6.0,8.0,133.33,8.0,0,1,0,0,0,50.0,16.67
779,13,8,1,1,4.0,5.0,4.0,80.0,4.0,0,0,0,0,0,20.0,0.0
779,9,8,1,1,9.0,7.0,9.0,128.57,9.0,0,0,0,0,0,0.0,0.0
779,5,8,1,1,47.0,25.0,47.0,188.0,47.0,6,2,0,0,1,28.0,32.0
779,11,8,1,1,11.0,8.0,11.0,137.5,11.0,2,0,0,0,1,37.5,25.0
779,17,16,1,1,12.0,3.0,12.0,400.0,12.0,0,2,0,0,0,0.0,66.67
359,6,5,1,1,19.0,15.0,19.0,126.67,19.0,2,0,0,0,1,33.33,13.33
359,6,6,1,1,51.0,26.0,51.0,196.15,51.0,5,2,1,0,0,3.85,26.92
359,6,7,3,3,139.0,88.0,46.33,157.95,54.0,13,6,1,0,1,26.14,21.59
359,6,8,2,2,14.0,24.0,7.0,58.33,11.0,1,0,0,0,2,50.0,4.17
359,6,11,1,1,24.0,22.0,24.0,109.09,24.0,1,1,0,0,1,27.27,9.09
359,6,12,1,1,6.0,5.0,6.0,120.0,6.0,1,0,0,0,1,40.0,20.0
359,6,14,1,1,2.0,5.0,2.0,40.0,2.0,0,0,0,0,1,40.0,0.0
359,6,15,2,2,109.0,71.0,54.5,153.52,94.0,9,6,1,0,0,25.35,21.13
359,6,16,1,1,4.0,6.0,4.0,66.67,4.0,0,0,0,0,1,33.33,0.0
359,6,17,2,2,37.0,27.0,18.5,137.04,21.0,4,0,0,0,2,29.63,14.81
359,16,5,1,1,28.0,18.0,28.0,155.56,28.0,3,1,0,0,0,22.22,22.22
359,10,12,2,2,50.0,35.0,25.0,142.86,43.0,5,2,0,0,2,28.57,20.0
359,10,14,2,2,69.0,53.0,34.5,130.19,62.0,7,2,1,0,2,33.96,16.98
359,10,15,1,1,20.0,15.0,20.0,133.33,20.0,2,0,0,0,0,20.0,13.33
359,10,16,2,2,31.0,19.0,15.5,163.16,31.0,2,2,0,0,1,26.32,21.05
359,10,17,2,2,57.0,29.0,28.5,196.55,55.0,6,3,1,0,2,24.14,31.03
359,10,18,2,2,41.0,34.0,20.5,120.59,27.0,2,2,0,0,0,26.47,11.76
359,2,5,1,1,4.0,7.0,4.0,57.14,4.0,0,0,0,0,0,57.14,0.0
359,2,6,2,2,78.0,63.0,39.0,123.81,44.0,6,4,0,0,1,38.1,15.87
359,2,7,2,2,49.0,40.0,24.5,122.5,47.0,4,2,0,0,1,40.0,15.0
359,2,8,2,2,47.0,48.0,23.5,97.92,42.0,4,1,0,0,2,37.5,10.42
359,2,9,2,2,20.0,15.0,10.0,133.33,11.0,2,0,0,0,1,33.33,13.33
359,2,10,1,1,24.0,28.0,24.0,85.71,24.0,1,0,0,0,1,32.14,3.57
359,2,11,2,2,50.0,42.0,25.0,119.05,26.0,2,1,0,0,1,21.43,7.14
359,14,9,2,2,46.0,37.0,23.0,124.32,31.0,3,1,0,0,2,29.73,10.81
359,1,18,1,1,7.0,11.0,7.0,63.64,7.0,0,0,0,0,1,36.36,0.0
359,9,6,2,2,30.0,25.0,15.0,120.0,20.0,1,1,0,0,2,28.0,8.0
359,9,7,4,4,36.0,37.0,9.0,97.3,14.0,3,0,0,0,3,35.14,8.11
359,9,8,1,1,27.0,11.0,27.0,245.45,27.0,2,2,0,0,0,0.0,36.36
359,9,9,2,2,19.0,24.0,9.5,79.17,13.0,1,0,0,0,2,37.5,4.17
359,9,10,1,1,28.0,19.0,28.0,147.37,28.0,2,2,0,0,1,26.32,21.05
359,9,12,1,1,59.0,40.0,59.0,147.5,59.0,5,3,1,0,0,35.0,20.0
359,9,14,1,1,24.0,23.0,24.0,104.35,24.0,3,0,0,0,0,47.83,13.04
359,9,15,1,1,27.0,20.0,27.0,135.0,27.0,1,2,0,0,1,35.0,15.0
359,9,16,2,2,34.0,21.0,17.0,161.9,32.0,2,2,0,0,0,19.05,19.05
359,9,18,1,1,4.0,4.0,4.0,100.0,4.0,0,0,0,0,0,25.0,0.0
359,18,15,2,2,56.0,45.0,28.0,124.44,30.0,2,3,0,0,2,26.67,11.11
359,18,16,2,2,27.0,24.0,13.5,112.5,21.0,2,1,0,0,1,33.33,12.5
359,5,5,2,2,39.0,22.0,19.5,177.27,34.0,1,3,0,0,0,18.18,18.18
359,5,6,2,2,62.0,39.0,31.0,158.97,56.0,2,5,1,0,2,23.08,17.95
359,5,7,1,1,16.0,12.0,16.0,133.33,16.0,1,1,0,0,1,33.33,16.67
359,5,8,2,2,67.0,60.0,33.5,111.67,43.0,6,1,0,0,2,31.67,11.67
359,5,9,1,1,30.0,17.0,30.0,176.47,30.0,1,2,0,0,0,17.65,17.65
359,5,12,2,2,22.0,18.0,11.0,122.22,15.0,3,0,0,0,1,33.33,16.67
359,5,14,2,2,22.0,27.0,11.0,81.48,15.0,1,0,0,0,1,33.33,3.7
359,5,15,1,1,19.0,14.0,19.0,135.71,19.0,1,1,0,0,1,35.71,14.29
359,5,16,2,2,87.0,48.0,43.5,181.25,46.0,6,6,0,0,2,22.92,25.0
359,5,17,1,1,12.0,11.0,12.0,109.09,12.0,1,0,0,0,1,18.18,9.09
359,5,18,2,2,51.0,30.0,25.5,170.0,27.0,6,1,0,0,2,23.33,23.33
359,7,6,1,1,80.0,41.0,80.0,195.12,80.0,5,5,1,0,0,14.63,24.39
359,12,15,2,2,17.0,18.0,8.5,94.44,11.0,1,0,0,0,2,33.33,5.56
359,12,16,1,1,17.0,18.0,17.0,94.44,17.0,1,0,0,0,0,16.67,5.56
359,12,17,1,1,4.0,6.0,4.0,66.67,4.0,0,0,0,0,1,33.33,0.0
359,12,18,2,2,30.0,26.0,15.0,115.38,19.0,3,1,0,0,2,42.31,15.38
359,11,6,1,1,8.0,11.0,8.0,72.73,8.0,0,0,0,0,1,36.36,0.0
359,11,7,2,2,80.0,39.0,40.0,205.13,51.0,0,8,1,0,0,12.82,20.51
359,11,8,2,3,77.0,52.0,38.5,148.08,54.0,4,6,1,0,3,40.38,19.23
359,11,12,1,1,40.0,27.0,40.0,148.15,40.0,2,2,0,0,1,18.52,14.81
359,11,15,3,3,131.0,71.0,43.67,184.51,68.0,11,7,1,0,0,21.13,25.35
359,11,16,1,1,46.0,30.0,46.0,153.33,46.0,3,2,0,0,1,20.0,16.67
359,11,18,1,1,7.0,8.0,7.0,87.5,7.0,0,0,0,0,0,0.0,0.0
359,3,9,2,2,14.0,11.0,7.0,127.27,7.0,1,0,0,0,2,18.18,9.09
359,3,10,1,1,30.0,27.0,30.0,111.11,30.0,1,2,0,0,0,44.44,11.11
359,17,5,1,1,8.0,13.0,8.0,61.54,8.0,0,0,0,0,1,15.38,0.0
359,17,6,2,2,103.0,42.0,51.5,245.24,101.0,8,7,1,1,1,9.52,35.71
359,17,7,2,2,92.0,49.0,46.0,187.76,66.0,12,3,1,0,2,26.53,30.61
359,17,8,2,2,21.0,14.0,10.5,150.0,14.0,1,2,0,0,2,42.86,21.43
359,17,9,2,2,3.0,7.0,1.5,42.86,3.0,0,0,0,0,2,57.14,0.0
359,17,12,1,1,24.0,25.0,24.0,96.0,24.0,2,0,0,0,1,32.0,8.0
359,17,14,1,1,0.0,2.0,0.0,0.0,0.0,0,0,0,0,1,100.0,0.0
359,17,15,2,2,73.0,49.0,36.5,148.98,39.0,4,4,0,0,1,24.49,16.33
359,17,16,1,1,6.0,7.0,6.0,85.71,6.0,1,0,0,0,1,42.86,14.29
359,8,17,2,2,56.0,39.0,28.0,143.59,30.0,5,3,0,0,1,33.33,20.51
359,15,6,1,1,6.0,7.0,6.0,85.71,6.0,1,0,0,0,1,57.14,14.29
359,15,7,2,2,34.0,34.0,17.0,100.0,24.0,1,1,0,0,1,29.41,5.88
359,15,8,2,2,104.0,58.0,52.0,179.31,89.0,3,9,1,0,2,22.41,20.69
359,15,9,2,2,29.0,20.0,14.5,145.0,20.0,3,1,0,0,1,30.0,20.0
359,15,10,1,1,1.0,6.0,1.0,16.67,1.0,0,0,0,0,1,83.33,0.0
359,15,12,2,2,12.0,14.0,6.0,85.71,11.0,1,0,0,0,2,50.0,7.14
359,15,14,1,1,7.0,3.0,7.0,233.33,7.0,0,1,0,0,0,33.33,33.33
359,15,15,2,2,29.0,34.0,14.5,85.29,17.0,1,0,0,0,2,29.41,2.94
359,15,16,1,1,7.0,5.0,7.0,140.0,7.0,1,0,0,0,1,20.0,20.0
359,15,17,1,1,44.0,27.0,44.0,162.96,44.0,4,2,0,0,0,22.22,22.22
359,15,18,1,1,13.0,7.0,13.0,185.71,13.0,2,0,0,0,0,0.0,28.57
392,6,2,1,1,51.0,40.0,51.0,127.5,51.0,5,1,1,0,1,35.0,15.0
392,6,3,2,2,6.0,10.0,3.0,60.0,6.0,1,0,0,0,2,70.0,10.0
392,6,4,1,1,21.0,25.0,21.0,84.0,21.0,2,0,0,0,1,48.0,8.0
392,6,5,2,2,11.0,16.0,5.5,68.75,8.0,1,0,0,0,2,62.5,6.25
392,6,6,2,2,45.0,41.0,22.5,109.76,44.0,2,1,0,0,2,29.27,7.32
392,6,7,2,2,90.0,47.0,45.0,191.49,90.0,12,3,1,0,2,27.66,31.91
392,6,8,2,2,114.0,70.0,57.0,162.86,61.0,12,4,2,0,2,22.86,22.86
392,6,12,2,2,107.0,70.0,53.5,152.86,57.0,13,2,2,0,2,30.0,21.43
392,6,13,2,2,37.0,42.0,18.5,88.1,28.0,3,0,0,0,2,42.86,7.14
392,6,14,1,1,57.0,55.0,57.0,103.64,57.0,3,2,1,0,1,36.36,9.09
392,6,15,1,1,19.0,12.0,19.0,158.33,19.0,1,2,0,0,1,58.33,25.0
392,6,16,2,2,86.0,60.0,43.0,143.33,86.0,7,5,1,0,2,38.33,20.0
392,6,17,1,1,52.0,35.0,52.0,148.57,52.0,5,3,1,0,1,37.14,22.86
392,16,2,2,2,4.0,7.0,2.0,57.14,4.0,0,0,0,0,2,57.14,0.0
392,16,3,2,2,62.0,37.0,31.0,167.57,57.0,5,4,1,0,1,32.43,24.32
392,16,4,1,1,51.0,48.0,51.0,106.25,51.0,5,1,1,0,1,39.58,12.5
392,16,5,1,1,109.0,54.0,109.0,201.85,109.0,10,7,1,1,0,27.78,31.48
392,10,12,2,2,61.0,65.0,30.5,93.85,51.0,3,1,1,0,2,35.38,6.15
392,10,13,3,3,113.0,70.0,37.67,161.43,66.0,11,4,1,0,3,27.14,21.43
392,10,14,2,3,8.0,14.0,4.0,57.14,8.0,0,0,0,0,1,50.0,0.0
392,2,7,2,2,70.0,54.0,35.0,129.63,58.0,4,3,1,0,0,29.63,12.96
392,2,8,2,2,45.0,35.0,22.5,128.57,28.0,5,1,0,0,2,42.86,17.14
392,2,9,2,2,119.0,86.0,59.5,138.37,73.0,14,2,1,0,3,32.56,18.6
392,2,10,2,2,34.0,28.0,17.0,121.43,30.0,4,1,0,0,2,46.43,17.86
392,14,9,3,3,191.0,123.0,63.67,155.28,93.0,21,5,2,0,1,28.46,21.14
392,14,10,2,2,145.0,97.0,72.5,149.48,76.0,15,4,2,0,0,26.8,19.59
392,1,16,2,2,39.0,34.0,19.5,114.71,37.0,7,0,0,0,1,58.82,20.59
392,13,3,1,1,6.0,11.0,6.0,54.55,6.0,1,0,0,0,1,81.82,9.09
392,13,4,2,2,106.0,77.0,53.0,137.66,77.0,11,5,1,0,2,40.26,20.78
392,13,5,2,2,93.0,52.0,46.5,178.85,79.0,13,4,1,0,2,42.31,32.69
392,13,6,2,2,40.0,37.0,20.0,108.11,40.0,4,1,0,0,2,35.14,13.51
392,13,7,2,2,52.0,35.0,26.0,148.57,44.0,4,3,0,0,2,34.29,20.0
392,13,8,2,2,139.0,93.0,69.5,149.46,81.0,16,6,2,0,2,39.78,23.66
392,13,9,2,2,111.0,72.0,55.5,154.17,59.0,12,4,2,0,3,30.56,22.22
392,13,10,2,2,121.0,81.0,60.5,149.38,70.0,11,6,2,0,1,28.4,20.99
392,13,12,2,2,151.0,118.0,75.5,127.97,81.0,13,3,2,0,2,31.36,13.56
392,13,13,2,2,87.0,60.0,43.5,145.0,52.0,8,3,1,0,2,30.0,18.33
392,4,4,2,2,16.0,22.0,8.0,72.73,13.0,2,0,0,0,2,59.09,9.09
392,9,2,2,2,72.0,46.0,36.0,156.52,36.0,10,2,0,0,2,39.13,26.09
392,9,3,2,2,107.0,74.0,53.5,144.59,107.0,9,5,1,1,1,28.38,18.92
392,9,4,1,1,2.0,6.0,2.0,33.33,2.0,0,0,0,0,1,66.67,0.0
392,9,5,2,2,28.0,25.0,14.0,112.0,21.0,2,2,0,0,2,48.0,16.0
392,9,6,2,2,87.0,61.0,43.5,142.62,66.0,10,3,1,0,1,40.98,21.31
392,9,7,2,2,38.0,20.0,19.0,190.0,34.0,4,2,0,0,2,20.0,30.0
392,9,8,2,2,95.0,58.0,47.5,163.79,91.0,10,4,1,0,2,31.03,24.14
392,9,9,3,3,59.0,56.0,19.67,105.36,28.0,6,1,0,0,3,39.29,12.5
392,9,10,3,3,189.0,124.0,63.0,152.42,126.0,16,10,1,1,3,34.68,20.97
392,9,12,2,2,152.0,91.0,76.0,167.03,85.0,12,8,2,0,2,24.18,21.98
392,9,13,2,3,83.0,64.0,41.5,129.69,47.0,7,1,0,0,2,25.0,12.5
392,9,14,1,1,3.0,4.0,3.0,75.0,3.0,0,0,0,0,1,50.0,0.0
392,9,15,2,2,103.0,71.0,51.5,145.07,61.0,14,2,1,0,2,23.94,22.54
392,9,16,1,1,57.0,41.0,57.0,139.02,57.0,11,0,1,0,1,41.46,26.83
392,9,17,1,1,18.0,13.0,18.0,138.46,18.0,2,1,0,0,1,38.46,23.08
392,18,15,2,2,7.0,16.0,3.5,43.75,4.0,0,0,0,0,2,68.75,0.0
392,18,16,1,1,56.0,48.0,56.0,116.67,56.0,7,0,1,0,1,39.58,14.58
392,18,17,1,1,8.0,9.0,8.0,88.89,8.0,1,0,0,0,1,55.56,11.11
392,5,2,2,2,36.0,39.0,18.0,92.31,21.0,1,2,0,0,2,43.59,7.69
392,5,3,1,1,31.0,15.0,31.0,206.67,31.0,5,1,0,0,1,26.67,40.0
392,5,4,2,2,2.0,5.0,1.0,40.0,1.0,0,0,0,0,2,60.0,0.0
392,5,6,2,2,68.0,42.0,34.0,161.9,61.0,6,4,1,0,1,33.33,23.81
392,5,7,2,2,120.0,82.0,60.0,146.34,65.0,7,6,2,0,1,26.83,15.85
392,5,8,2,2,15.0,12.0,7.5,125.0,9.0,3,0,0,0,2,50.0,25.0
392,5,9,2,2,138.0,92.0,69.0,150.0,90.0,14,5,1,0,1,31.52,20.65
392,5,10,2,2,55.0,40.0,27.5,137.5,49.0,8,2,0,0,2,40.0,25.0
392,5,12,1,1,15.0,13.0,15.0,115.38,15.0,2,0,0,0,1,38.46,15.38
392,5,13,2,2,145.0,102.0,72.5,142.16,85.0,15,3,2,0,1,28.43,17.65
392,5,14,1,1,36.0,34.0,36.0,105.88,36.0,2,2,0,0,0,47.06,11.76
392,5,15,1,1,5.0,6.0,5.0,83.33,5.0,1,0,0,0,1,50.0,16.67
392,5,16,1,1,51.0,47.0,51.0,108.51,51.0,6,0,1,0,1,29.79,12.77
392,5,17,1,1,10.0,8.0,10.0,125.0,10.0,1,1,0,0,1,75.0,25.0
392,7,4,2,2,65.0,38.0,32.5,171.05,46.0,7,4,0,0,2,36.84,28.95
392,7,6,2,2,53.0,30.0,26.5,176.67,51.0,4,4,1,0,1,30.0,26.67
392,12,14,2,2,39.0,40.0,19.5,97.5,37.0,3,1,0,0,2,47.5,10.0
392,12,15,2,2,60.0,31.0,30.0,193.55,60.0,10,1,1,0,1,22.58,35.48
392,12,16,2,2,100.0,58.0,50.0,172.41,54.0,15,3,1,0,2,34.48,31.03
392,12,17,1,1,29.0,21.0,29.0,138.1,29.0,3,2,0,0,1,52.38,23.81
392,11,3,1,1,4.0,8.0,4.0,50.0,4.0,0,0,0,0,1,62.5,0.0
392,11,4,1,1,54.0,44.0,54.0,122.73,54.0,6,1,1,0,1,38.64,15.91
392,11,6,2,2,90.0,74.0,45.0,121.62,77.0,11,1,1,0,2,32.43,16.22
392,11,7,2,2,38.0,42.0,19.0,90.48,32.0,1,0,0,0,2,23.81,2.38
392,11,8,2,2,45.0,32.0,22.5,140.62,24.0,8,1,0,0,1,53.12,28.12
392,11,12,2,2,106.0,69.0,53.0,153.62,69.0,9,2,1,0,2,21.74,15.94
392,11,13,2,2,52.0,42.0,26.0,123.81,48.0,4,2,0,0,2,40.48,14.29
392,11,15,2,2,80.0,55.0,40.0,145.45,52.0,10,2,1,0,1,34.55,21.82
392,11,16,1,1,65.0,55.0,65.0,118.18,65.0,7,0,1,0,1,29.09,12.73
392,11,17,1,1,49.0,34.0,49.0,144.12,49.0,5,3,0,0,1,41.18,23.53
392,3,9,2,2,11.0,18.0,5.5,61.11,11.0,0,1,0,0,2,72.22,5.56
392,3,10,2,2,83.0,74.0,41.5,112.16,43.0,7,2,0,0,2,33.78,12.16
392,17,3,2,2,66.0,36.0,33.0,183.33,33.0,6,4,0,0,3,30.56,27.78
392,17,4,1,1,7.0,11.0,7.0,63.64,7.0,1,0,0,0,1,45.45,9.09
392,17,5,1,1,15.0,9.0,15.0,166.67,15.0,2,1,0,0,1,55.56,33.33
392,17,6,2,3,19.0,20.0,9.5,95.0,15.0,4,0,0,0,3,60.0,20.0
392,17,7,2,2,120.0,95.0,60.0,126.32,61.0,7,7,2,0,3,34.74,14.74
392,17,8,2,2,109.0,59.0,54.5,184.75,57.0,11,5,2,0,1,23.73,27.12
392,17,9,3,3,219.0,113.0,73.0,193.81,92.0,21,13,3,0,3,24.78,30.09
392,17,10,1,1,14.0,8.0,14.0,175.0,14.0,2,1,0,0,1,50.0,37.5
392,17,12,1,1,100.0,55.0,100.0,181.82,100.0,5,5,1,1,1,12.73,18.18
392,17,13,3,3,31.0,28.0,10.33,110.71,17.0,4,1,0,0,2,50.0,17.86
392,17,14,1,1,54.0,37.0,54.0,145.95,54.0,7,1,1,0,1,35.14,21.62
392,17,15,1,1,66.0,38.0,66.0,173.68,66.0,4,5,1,0,1,28.95,23.68
392,17,16,2,2,41.0,27.0,20.5,151.85,22.0,7,1,0,0,2,40.74,29.63
392,8,17,1,1,1.0,2.0,1.0,50.0,1.0,0,0,0,0,1,50.0,0.0
392,15,6,2,2,8.0,19.0,4.0,42.11,8.0,0,0,0,0,2,57.89,0.0
392,15,15,1,1,92.0,58.0,92.0,158.62,92.0,12,3,1,0,0,36.21,25.86
392,15,16,2,2,21.0,22.0,10.5,95.45,21.0,2,1,0,0,2,59.09,13.64
392,15,17,1,1,1.0,3.0,1.0,33.33,1.0,0,0,0,0,1,66.67,0.0
737,17,5,1,1,12.0,9.0,12.0,133.33,12.0,1,0,0,0,0,11.11,11.11
523,6,1,1,1,27.0,32.0,27.0,84.38,27.0,1,2,0,0,1,50.0,9.38
523,6,5,2,2,30.0,14.0,15.0,214.29,19.0,4,1,0,0,0,7.14,35.71
523,6,6,1,1,19.0,15.0,19.0,126.67,19.0,0,2,0,0,1,46.67,13.33
523,16,5,1,1,9.0,8.0,9.0,112.5,9.0,1,0,0,0,0,37.5,12.5
523,2,5,2,2,19.0,12.0,9.5,158.33,18.0,0,2,0,0,0,33.33,16.67
523,2,6,1,1,18.0,26.0,18.0,69.23,18.0,1,1,0,0,1,53.85,7.69
523,13,1,2,2,5.0,9.0,2.5,55.56,5.0,1,0,0,0,2,77.78,11.11
523,13,5,1,1,35.0,23.0,35.0,152.17,35.0,3,1,0,0,0,13.04,17.39
523,13,6,1,1,1.0,3.0,1.0,33.33,1.0,0,0,0,0,1,66.67,0.0
523,5,1,1,1,29.0,20.0,29.0,145.0,29.0,5,1,0,0,1,55.0,30.0
523,5,5,2,2,6.0,4.0,3.0,150.0,4.0,1,0,0,0,0,25.0,25.0
523,5,6,2,2,29.0,24.0,14.5,120.83,23.0,3,2,0,0,2,54.17,20.83
523,7,5,1,1,15.0,18.0,15.0,83.33,15.0,0,1,0,0,0,44.44,5.56
523,7,6,1,1,8.0,6.0,8.0,133.33,8.0,1,0,0,0,0,16.67,16.67
523,11,1,2,2,42.0,33.0,21.0,127.27,31.0,2,2,0,0,2,24.24,12.12
523,11,5,1,1,12.0,14.0,12.0,85.71,12.0,0,1,0,0,1,57.14,7.14
593,6,1,1,1,40.0,28.0,40.0,142.86,40.0,4,1,0,0,1,25.0,17.86
593,6,5,1,1,0.0,2.0,0.0,0.0,0.0,0,0,0,0,1,100.0,0.0
593,2,1,1,1,9.0,5.0,9.0,180.0,9.0,0,1,0,0,1,20.0,20.0
593,2,2,1,1,27.0,34.0,27.0,79.41,27.0,3,0,0,0,1,44.12,8.82
593,2,4,1,1,2.0,9.0,2.0,22.22,2.0,0,0,0,0,1,66.67,0.0
593,13,2,1,1,10.0,15.0,10.0,66.67,10.0,1,0,0,0,1,60.0,6.67
593,13,4,2,2,70.0,47.0,35.0,148.94,60.0,6,2,1,0,1,25.53,17.02
593,4,4,1,1,8.0,5.0,8.0,160.0,8.0,1,0,0,0,0,0.0,20.0
593,9,1,1,1,10.0,7.0,10.0,142.86,10.0,2,0,0,0,1,42.86,28.57
593,9,4,2,2,44.0,32.0,22.0,137.5,30.0,4,1,0,0,2,21.88,15.62
593,9,6,1,1,10.0,13.0,10.0,76.92,10.0,0,0,0,0,1,23.08,0.0
593,5,1,1,1,37.0,27.0,37.0,137.04,37.0,2,3,0,0,1,40.74,18.52
593,5,2,2,2,13.0,13.0,6.5,100.0,9.0,1,0,0,0,1,15.38,7.69
593,5,4,1,1,1.0,4.0,1.0,25.0,1.0,0,0,0,0,1,75.0,0.0
593,5,5,1,1,4.0,2.0,4.0,200.0,4.0,1,0,0,0,1,50.0,50.0
593,7,4,1,1,30.0,27.0,30.0,111.11,30.0,4,0,0,0,1,37.04,14.81
593,7,6,1,1,4.0,4.0,4.0,100.0,4.0,0,0,0,0,0,0.0,0.0
593,11,1,1,1,6.0,8.0,6.0,75.0,6.0,1,0,0,0,1,62.5,12.5
593,11,2,1,1,7.0,3.0,7.0,233.33,7.0,1,0,0,0,0,0.0,33.33
593,11,4,1,1,28.0,20.0,28.0,140.0,28.0,2,1,0,0,1,25.0,15.0
593,17,1,1,1,7.0,7.0,7.0,100.0,7.0,1,0,0,0,1,28.57,14.29
593,17,2,1,1,8.0,5.0,8.0,160.0,8.0,1,0,0,0,1,20.0,20.0
357,16,3,1,1,2.0,3.0,2.0,66.67,2.0,0,0,0,0,0,33.33,0.0
357,2,3,1,1,16.0,14.0,16.0,114.29,16.0,1,1,0,0,0,35.71,14.29
357,5,4,1,1,0.0,1.0,0.0,0.0,0.0,0,0,0,0,0,100.0,0.0
357,5,5,1,1,3.0,5.0,3.0,60.0,3.0,0,0,0,0,1,40.0,0.0
115,6,16,1,1,0.0,1.0,0.0,0.0,0.0,0,0,0,0,1,100.0,0.0
115,18,17,1,1,12.0,11.0,12.0,109.09,12.0,0,1,0,0,1,36.36,9.09
434,6,4,2,2,4.0,8.0,2.0,50.0,3.0,0,0,0,0,1,62.5,0.0
434,6,5,1,1,10.0,7.0,10.0,142.86,10.0,2,0,0,0,0,42.86,28.57
434,6,6,1,1,7.0,8.0,7.0,87.5,7.0,1,0,0,0,1,37.5,12.5
434,6,7,1,1,4.0,6.0,4.0,66.67,4.0,0,0,0,0,0,16.67,0.0
434,16,5,1,1,9.0,3.0,9.0,300.0,9.0,2,0,0,0,0,0.0,66.67
434,13,4,1,1,10.0,9.0,10.0,111.11,10.0,1,0,0,0,0,33.33,11.11
434,9,6,2,2,26.0,17.0,13.0,152.94,16.0,3,1,0,0,1,29.41,23.53
434,5,5,1,1,6.0,3.0,6.0,200.0,6.0,1,0,0,0,1,33.33,33.33
434,5,6,3,3,75.0,55.0,25.0,136.36,34.0,10,1,0,0,2,30.91,20.0
434,7,6,1,1,12.0,8.0,12.0,150.0,12.0,2,0,0,0,1,37.5,25.0
434,17,4,1,1,2.0,5.0,2.0,40.0,2.0,0,0,0,0,0,20.0,0.0
434,17,6,1,1,5.0,4.0,5.0,125.0,5.0,1,0,0,0,1,50.0,25.0
434,15,6,1,1,0.0,4.0,0.0,0.0,0.0,0,0,0,0,1,100.0,0.0
322,6,16,2,2,38.0,21.0,19.0,180.95,34.0,3,2,0,0,1,19.05,23.81
322,6,17,1,1,28.0,18.0,28.0,155.56,28.0,1,2,0,0,1,22.22,16.67
322,6,18,2,2,34.0,19.0,17.0,178.95,31.0,2,3,0,0,1,36.84,26.32
322,10,16,1,1,8.0,3.0,8.0,266.67,8.0,0,1,0,0,0,0.0,33.33
322,10,17,1,1,20.0,12.0,20.0,166.67,20.0,3,0,0,0,1,16.67,25.0
322,10,18,1,1,26.0,17.0,26.0,152.94,26.0,0,2,0,0,1,11.76,11.76
322,1,16,2,2,27.0,18.0,13.5,150.0,18.0,3,1,0,0,2,33.33,22.22
322,1,18,1,1,5.0,4.0,5.0,125.0,5.0,1,0,0,0,1,50.0,25.0
322,9,17,1,1,2.0,4.0,2.0,50.0,2.0,0,0,0,0,1,50.0,0.0
322,9,18,2,2,33.0,29.0,16.5,113.79,33.0,5,0,0,0,2,41.38,17.24
322,18,16,1,1,0.0,1.0,0.0,0.0,0.0,0,0,0,0,1,100.0,0.0
322,18,17,2,2,72.0,46.0,36.0,156.52,52.0,6,3,1,0,0,28.26,19.57
322,18,18,1,1,6.0,5.0,6.0,120.0,6.0,0,0,0,0,0,0.0,0.0
322,5,16,1,1,2.0,3.0,2.0,66.67,2.0,0,0,0,0,1,33.33,0.0
322,5,18,1,1,11.0,11.0,11.0,100.0,11.0,0,1,0,0,1,36.36,9.09
322,12,16,2,2,42.0,19.0,21.0,221.05,32.0,3,3,0,0,0,5.26,31.58
322,12,17,2,2,6.0,12.0,3.0,50.0,6.0,0,0,0,0,2,50.0,0.0
322,12,18,2,2,66.0,36.0,33.0,183.33,53.0,4,5,1,0,1,27.78,25.0
322,17,16,2,2,35.0,23.0,17.5,152.17,34.0,2,2,0,0,1,30.43,17.39
322,8,17,2,2,10.0,11.0,5.0,90.91,8.0,1,0,0,0,1,36.36,9.09
322,8,18,2,2,82.0,57.0,41.0,143.86,47.0,5,5,0,0,1,31.58,17.54
322,15,17,2,2,57.0,38.0,28.5,150.0,56.0,7,2,1,0,1,36.84,23.68
322,15,18,1,1,70.0,35.0,70.0,200.0,70.0,5,6,1,0,1,31.43,31.43
449,6,1,1,1,24.0,16.0,24.0,150.0,24.0,2,1,0,0,1,31.25,18.75
449,6,2,2,2,10.0,12.0,5.0,83.33,5.0,2,0,0,0,2,66.67,16.67
449,6,3,2,2,13.0,10.0,6.5,130.0,11.0,0,1,0,0,1,30.0,10.0
449,16,1,2,2,64.0,35.0,32.0,182.86,34.0,5,3,0,0,2,17.14,22.86
449,16,2,2,2,34.0,34.0,17.0,100.0,21.0,2,0,0,0,2,29.41,5.88
449,16,3,2,2,25.0,24.0,12.5,104.17,23.0,3,1,0,0,2,58.33,16.67
449,16,5,2,2,55.0,22.0,27.5,250.0,43.0,0,6,0,0,0,9.09,27.27
449,10,12,2,2,4.0,4.0,2.0,100.0,4.0,1,0,0,0,0,50.0,25.0
449,10,15,1,1,1.0,1.0,1.0,100.0,1.0,0,0,0,0,0,0.0,0.0
449,2,1,1,1,2.0,4.0,2.0,50.0,2.0,0,0,0,0,1,50.0,0.0
449,2,2,1,1,35.0,30.0,35.0,116.67,35.0,2,2,0,0,1,36.67,13.33
449,2,3,1,1,9.0,4.0,9.0,225.0,9.0,0,1,0,0,1,25.0,25.0
449,2,5,2,2,55.0,43.0,27.5,127.91,33.0,4,2,0,0,1,34.88,13.95
449,2,6,2,2,15.0,10.0,7.5,150.0,12.0,1,0,0,0,1,10.0,10.0
449,2,8,2,2,9.0,11.0,4.5,81.82,8.0,0,1,0,0,2,54.55,9.09
449,2,9,1,1,7.0,6.0,7.0,116.67,7.0,0,0,0,0,0,0.0,0.0
449,2,11,1,1,1.0,2.0,1.0,50.0,1.0,0,0,0,0,1,50.0,0.0
449,13,1,1,1,23.0,21.0,23.0,109.52,23.0,4,0,0,0,1,47.62,19.05
449,13,2,2,2,85.0,79.0,42.5,107.59,70.0,8,4,1,0,1,54.43,15.19
449,13,3,1,1,8.0,4.0,8.0,200.0,8.0,0,1,0,0,1,25.0,25.0
449,13,5,2,2,78.0,64.0,39.0,121.88,48.0,2,5,0,0,2,40.62,10.94
449,13,7,1,1,8.0,3.0,8.0,266.67,8.0,0,1,0,0,0,0.0,33.33
449,13,9,2,2,2.0,3.0,1.0,66.67,2.0,0,0,0,0,1,33.33,0.0
449,13,11,1,1,1.0,1.0,1.0,100.0,1.0,0,0,0,0,0,0.0,0.0
449,13,12,1,1,1.0,1.0,1.0,100.0,1.0,0,0,0,0,0,0.0,0.0
449,9,1,1,1,64.0,53.0,64.0,120.75,64.0,8,1,1,0,0,35.85,16.98
449,9,2,1,1,3.0,5.0,3.0,60.0,3.0,0,0,0,0,1,40.0,0.0
449,9,3,1,1,5.0,9.0,5.0,55.56,5.0,0,0,0,0,1,44.44,0.0
449,9,5,2,2,23.0,19.0,11.5,121.05,12.0,0,2,0,0,1,36.84,10.53
449,9,6,1,1,7.0,4.0,7.0,175.0,7.0,1,0,0,0,0,0.0,25.0
449,9,8,2,2,35.0,39.0,17.5,89.74,30.0,5,0,0,0,2,46.15,12.82
449,9,11,1,1,11.0,5.0,11.0,220.0,11.0,0,1,0,0,0,0.0,20.0
449,18,15,1,1,1.0,1.0,1.0,100.0,1.0,0,0,0,0,0,0.0,0.0
449,5,5,3,3,92.0,66.0,30.67,139.39,40.0,10,3,0,0,2,30.3,19.7
449,5,6,3,3,34.0,40.0,11.33,85.0,15.0,5,0,0,0,3,50.0,12.5
449,5,8,3,3,42.0,26.0,14.0,161.54,20.0,3,3,0,0,1,38.46,23.08
449,5,9,1,1,2.0,6.0,2.0,33.33,2.0,0,0,0,0,1,66.67,0.0
449,5,11,2,2,68.0,31.0,34.0,219.35,68.0,3,7,1,0,2,25.81,32.26
449,5,12,3,3,43.0,41.0,14.33,104.88,20.0,2,2,0,0,3,36.59,9.76
449,5,14,1,1,23.0,8.0,23.0,287.5,23.0,0,3,0,0,1,12.5,37.5
449,5,15,2,2,13.0,16.0,6.5,81.25,12.0,0,1,0,0,1,50.0,6.25
449,7,5,2,2,17.0,10.0,8.5,170.0,12.0,1,1,0,0,1,30.0,20.0
449,7,6,1,1,1.0,4.0,1.0,25.0,1.0,0,0,0,0,1,75.0,0.0
449,12,14,1,1,4.0,2.0,4.0,200.0,4.0,1,0,0,0,0,50.0,50.0
449,12,15,1,1,0.0,1.0,0.0,0.0,0.0,0,0,0,0,1,100.0,0.0
449,11,1,1,1,1.0,5.0,1.0,20.0,1.0,0,0,0,0,1,80.0,0.0
449,11,2,1,1,1.0,3.0,1.0,33.33,1.0,0,0,0,0,1,66.67,0.0
449,11,5,2,2,26.0,25.0,13.0,104.0,16.0,1,0,0,0,1,24.0,4.0
449,11,6,2,2,38.0,20.0,19.0,190.0,23.0,4,1,0,0,0,15.0,25.0
449,11,8,2,2,77.0,44.0,38.5,175.0,62.0,10,1,1,0,0,13.64,25.0
449,11,11,2,2,25.0,17.0,12.5,147.06,24.0,4,0,0,0,0,29.41,23.53
449,11,12,1,1,27.0,16.0,27.0,168.75,27.0,3,1,0,0,1,31.25,25.0
449,11,14,1,1,20.0,8.0,20.0,250.0,20.0,2,1,0,0,1,25.0,37.5
449,3,9,2,2,29.0,16.0,14.5,181.25,22.0,4,1,0,0,1,25.0,31.25
449,17,2,1,1,50.0,40.0,50.0,125.0,50.0,1,2,1,0,0,27.5,7.5
449,17,3,1,1,1.0,2.0,1.0,50.0,1.0,0,0,0,0,1,50.0,0.0
449,17,4,2,2,11.0,6.0,5.5,183.33,6.0,1,1,0,0,1,50.0,33.33
449,17,5,1,1,25.0,15.0,25.0,166.67,25.0,2,1,0,0,0,20.0,20.0
449,17,6,2,2,19.0,12.0,9.5,158.33,11.0,0,2,0,0,2,41.67,16.67
449,17,8,3,3,7.0,8.0,2.33,87.5,5.0,1,0,0,0,3,62.5,12.5
449,17,9,3,3,13.0,9.0,4.33,144.44,8.0,2,0,0,0,2,22.22,22.22
449,17,11,2,2,28.0,24.0,14.0,116.67,14.0,1,2,0,0,0,33.33,12.5
449,17,12,1,1,5.0,4.0,5.0,125.0,5.0,0,0,0,0,1,25.0,0.0
449,17,13,1,1,7.0,5.0,7.0,140.0,7.0,0,0,0,0,1,20.0,0.0
449,15,6,1,1,7.0,16.0,7.0,43.75,7.0,0,0,0,0,1,68.75,0.0
449,15,8,1,1,25.0,20.0,25.0,125.0,25.0,3,0,0,0,0,20.0,15.0
449,15,9,3,3,46.0,42.0,15.33,109.52,20.0,5,0,0,0,3,35.71,11.9
449,15,11,1,1,7.0,11.0,7.0,63.64,7.0,0,0,0,0,1,45.45,0.0
449,15,13,1,1,0.0,1.0,0.0,0.0,0.0,0,0,0,0,1,100.0,0.0
449,15,15,1,1,8.0,5.0,8.0,160.0,8.0,1,0,0,0,0,0.0,20.0
771,6,5,1,1,15.0,14.0,15.0,107.14,15.0,3,0,0,0,1,57.14,21.43
771,2,5,1,1,19.0,17.0,19.0,111.76,19.0,4,0,0,0,1,58.82,23.53
771,13,5,1,1,30.0,29.0,30.0,103.45,30.0,2,1,0,0,1,37.93,10.34
771,17,5,1,1,47.0,41.0,47.0,114.63,47.0,2,4,0,0,0,46.34,14.63
264,6,8,1,1,15.0,14.0,15.0,107.14,15.0,1,0,0,0,1,21.43,7.14
264,6,11,3,3,25.0,22.0,8.33,113.64,21.0,1,1,0,0,2,36.36,9.09
264,6,12,1,1,13.0,16.0,13.0,81.25,13.0,1,0,0,0,1,43.75,6.25
264,6,13,1,1,62.0,30.0,62.0,206.67,62.0,3,4,1,0,0,13.33,23.33
264,6,14,1,1,10.0,15.0,10.0,66.67,10.0,1,0,0,0,1,60.0,6.67
264,6,15,1,1,13.0,8.0,13.0,162.5,13.0,1,1,0,0,1,25.0,25.0
264,6,16,1,1,2.0,6.0,2.0,33.33,2.0,0,0,0,0,1,66.67,0.0
264,6,17,1,1,17.0,6.0,17.0,283.33,17.0,2,1,0,0,0,16.67,50.0
264,10,12,3,3,17.0,19.0,5.67,89.47,10.0,1,0,0,0,3,42.11,5.26
264,10,13,1,1,15.0,22.0,15.0,68.18,15.0,1,0,0,0,0,40.91,4.55
264,10,14,2,2,23.0,14.0,11.5,164.29,22.0,0,2,0,0,0,7.14,14.29
264,10,15,2,2,63.0,47.0,31.5,134.04,52.0,6,1,1,0,2,23.4,14.89
264,10,16,1,1,17.0,18.0,17.0,94.44,17.0,0,0,0,0,1,27.78,0.0
264,10,17,2,2,10.0,15.0,5.0,66.67,10.0,0,0,0,0,2,40.0,0.0
264,2,8,1,1,54.0,25.0,54.0,216.0,54.0,3,4,1,0,1,16.0,28.0
264,2,9,2,2,11.0,10.0,5.5,110.0,10.0,1,0,0,0,1,20.0,10.0
264,2,10,1,1,9.0,4.0,9.0,225.0,9.0,0,1,0,0,0,0.0,25.0
264,14,9,2,2,22.0,21.0,11.0,104.76,18.0,2,0,0,0,2,38.1,9.52
264,1,15,2,2,82.0,67.0,41.0,122.39,55.0,9,2,1,0,3,37.31,16.42
264,1,16,2,2,13.0,13.0,6.5,100.0,11.0,0,0,0,0,3,7.69,0.0
264,13,8,2,2,49.0,24.0,24.5,204.17,30.0,2,5,0,0,2,33.33,29.17
264,13,9,2,2,39.0,27.0,19.5,144.44,34.0,3,1,0,0,1,18.52,14.81
264,13,10,1,1,12.0,10.0,12.0,120.0,12.0,1,0,0,0,1,30.0,10.0
264,13,11,1,1,5.0,5.0,5.0,100.0,5.0,0,0,0,0,1,40.0,0.0
264,13,12,1,1,14.0,3.0,14.0,466.67,14.0,2,1,0,0,0,0.0,100.0
264,9,9,3,3,29.0,26.0,9.67,111.54,21.0,0,2,0,0,2,30.77,7.69
264,9,10,1,1,13.0,7.0,13.0,185.71,13.0,1,1,0,0,1,28.57,28.57
264,9,11,2,2,24.0,28.0,12.0,85.71,19.0,0,1,0,0,2,32.14,3.57
264,9,14,2,2,4.0,8.0,2.0,50.0,3.0,0,0,0,0,2,62.5,0.0
264,9,15,1,1,41.0,27.0,41.0,151.85,41.0,4,2,0,0,1,37.04,22.22
264,9,17,2,2,13.0,13.0,6.5,100.0,8.0,2,0,0,0,2,46.15,15.38
264,9,18,1,1,0.0,4.0,0.0,0.0,0.0,0,0,0,0,1,100.0,0.0
264,5,8,2,2,14.0,6.0,7.0,233.33,13.0,0,2,0,0,2,33.33,33.33
264,5,9,1,1,17.0,9.0,17.0,188.89,17.0,2,0,0,0,0,11.11,22.22
264,5,10,1,1,9.0,9.0,9.0,100.0,9.0,1,0,0,0,1,33.33,11.11
264,5,11,1,1,32.0,25.0,32.0,128.0,32.0,1,1,0,0,0,16.0,8.0
264,5,12,1,1,20.0,24.0,20.0,83.33,20.0,1,0,0,0,1,37.5,4.17
264,5,13,1,2,24.0,17.0,24.0,141.18,24.0,1,1,0,0,0,17.65,11.76
264,5,14,1,1,28.0,26.0,28.0,107.69,28.0,1,1,0,0,1,34.62,7.69
264,5,15,2,2,25.0,17.0,12.5,147.06,15.0,2,1,0,0,2,23.53,17.65
264,5,16,2,2,20.0,20.0,10.0,100.0,15.0,0,1,0,0,1,30.0,5.0
264,5,17,2,2,29.0,27.0,14.5,107.41,18.0,3,0,0,0,2,29.63,11.11
264,5,18,1,1,3.0,5.0,3.0,60.0,3.0,0,0,0,0,1,40.0,0.0
264,12,15,1,1,34.0,28.0,34.0,121.43,34.0,1,2,0,0,0,35.71,10.71
264,12,16,2,2,13.0,9.0,6.5,144.44,11.0,2,0,0,0,1,44.44,22.22
264,12,18,1,1,2.0,2.0,2.0,100.0,2.0,0,0,0,0,1,50.0,0.0
264,11,12,1,1,0.0,1.0,0.0,0.0,0.0,0,0,0,0,1,100.0,0.0
264,11,13,1,1,1.0,1.0,1.0,100.0,1.0,0,0,0,0,0,0.0,0.0
264,11,14,2,2,64.0,30.0,32.0,213.33,64.0,4,6,1,0,2,30.0,33.33
264,11,15,2,2,84.0,63.0,42.0,133.33,59.0,8,2,1,0,2,28.57,15.87
264,11,16,1,1,2.0,4.0,2.0,50.0,2.0,0,0,0,0,1,50.0,0.0
264,11,17,2,2,76.0,44.0,38.0,172.73,50.0,9,2,1,0,2,22.73,25.0
264,3,9,2,2,15.0,14.0,7.5,107.14,14.0,0,2,0,0,2,64.29,14.29
264,3,10,1,1,19.0,10.0,19.0,190.0,19.0,2,1,0,0,0,20.0,30.0
264,17,8,2,2,12.0,17.0,6.0,70.59,11.0,0,0,0,0,2,52.94,0.0
264,17,9,3,3,11.0,14.0,3.67,78.57,6.0,1,0,0,0,3,42.86,7.14
264,17,10,1,1,16.0,12.0,16.0,133.33,16.0,0,1,0,0,0,16.67,8.33
264,17,11,1,1,1.0,1.0,1.0,100.0,1.0,0,0,0,0,0,0.0,0.0
264,17,14,1,1,5.0,9.0,5.0,55.56,5.0,0,0,0,0,1,44.44,0.0
264,17,15,2,2,58.0,40.0,29.0,145.0,45.0,2,4,0,0,2,25.0,15.0
264,17,16,2,2,10.0,12.0,5.0,83.33,9.0,1,0,0,0,2,41.67,8.33
264,8,18,1,1,4.0,9.0,4.0,44.44,4.0,1,0,0,0,1,88.89,11.11
264,15,8,1,1,7.0,9.0,7.0,77.78,7.0,0,0,0,0,1,44.44,0.0
264,15,13,1,1,0.0,2.0,0.0,0.0,0.0,0,0,0,0,1,100.0,0.0
264,15,14,2,2,26.0,21.0,13.0,123.81,13.0,3,0,0,0,2,23.81,14.29
264,15,15,1,1,51.0,33.0,51.0,154.55,51.0,3,3,1,0,1,24.24,18.18
264,15,16,1,1,7.0,8.0,7.0,87.5,7.0,0,1,0,0,1,62.5,12.5
264,15,18,1,1,22.0,21.0,22.0,104.76,22.0,1,1,0,0,1,33.33,9.52
684,6,1,2,2,0.0,3.0,0.0,0.0,0.0,0,0,0,0,2,100.0,0.0
684,6,2,1,1,3.0,2.0,3.0,150.0,3.0,0,0,0,0,0,0.0,0.0
684,6,3,1,1,0.0,3.0,0.0,0.0,0.0,0,0,0,0,1,66.67,0.0
684,6,5,2,2,16.0,13.0,8.0,123.08,9.0,2,0,0,0,2,38.46,15.38
684,6,6,2,2,63.0,52.0,31.5,121.15,41.0,6,2,0,0,2,36.54,15.38
684,16,1,2,2,95.0,72.0,47.5,131.94,57.0,5,6,1,0,0,34.72,15.28
684,16,2,1,1,43.0,17.0,43.0,252.94,43.0,2,4,0,0,1,11.76,35.29
684,16,3,1,1,31.0,27.0,31.0,114.81,31.0,1,2,0,0,1,25.93,11.11
684,16,5,2,2,81.0,51.0,40.5,158.82,65.0,5,6,1,0,1,37.25,21.57
684,2,1,1,1,31.0,31.0,31.0,100.0,31.0,0,2,0,0,1,29.03,6.45
684,2,3,1,1,29.0,32.0,29.0,90.62,29.0,2,1,0,0,1,40.62,9.38
684,2,4,2,2,23.0,14.0,11.5,164.29,20.0,0,2,0,0,2,21.43,14.29
684,2,5,2,2,43.0,41.0,21.5,104.88,40.0,5,1,0,0,3,43.9,14.63
684,2,6,1,1,20.0,21.0,20.0,95.24,20.0,1,1,0,0,1,47.62,9.52
684,13,1,2,2,83.0,57.0,41.5,145.61,71.0,6,4,1,0,2,36.84,17.54
684,13,3,2,2,14.0,10.0,7.0,140.0,11.0,1,1,0,0,1,40.0,20.0
684,13,7,1,1,1.0,3.0,1.0,33.33,1.0,0,0,0,0,1,66.67,0.0
684,4,4,1,1,21.0,15.0,21.0,140.0,21.0,2,1,0,0,0,26.67,20.0
684,9,4,1,1,15.0,20.0,15.0,75.0,15.0,1,0,0,0,1,45.0,5.0
684,9,5,2,2,42.0,45.0,21.0,93.33,32.0,1,1,0,0,0,33.33,4.44
684,9,6,2,2,33.0,35.0,16.5,94.29,21.0,1,0,0,0,2,22.86,2.86
684,5,1,2,2,19.0,27.0,9.5,70.37,17.0,3,0,0,0,2,62.96,11.11
684,5,3,1,1,20.0,14.0,20.0,142.86,20.0,1,1,0,0,0,21.43,14.29
684,5,4,2,2,1.0,8.0,0.5,12.5,1.0,0,0,0,0,2,75.0,0.0
684,5,5,2,2,89.0,59.0,44.5,150.85,68.0,6,4,1,0,1,23.73,16.95
684,5,6,1,1,34.0,18.0,34.0,188.89,34.0,5,1,0,0,1,33.33,33.33
684,5,7,1,1,40.0,29.0,40.0,137.93,40.0,2,3,0,0,0,37.93,17.24
684,7,4,1,1,4.0,5.0,4.0,80.0,4.0,0,0,0,0,1,40.0,0.0
684,7,5,1,1,18.0,17.0,18.0,105.88,18.0,0,1,0,0,1,35.29,5.88
684,7,6,1,1,8.0,11.0,8.0,72.73,8.0,1,0,0,0,0,45.45,9.09
684,11,1,2,2,53.0,45.0,26.5,117.78,42.0,3,2,0,0,2,28.89,11.11
684,11,2,1,1,9.0,13.0,9.0,69.23,9.0,2,0,0,0,1,76.92,15.38
684,11,5,2,2,21.0,16.0,10.5,131.25,13.0,3,0,0,0,2,31.25,18.75
684,11,6,2,2,42.0,34.0,21.0,123.53,41.0,4,1,0,0,3,38.24,14.71
684,17,1,2,2,38.0,24.0,19.0,158.33,26.0,2,3,0,0,2,29.17,20.83
684,17,2,1,1,43.0,27.0,43.0,159.26,43.0,3,2,0,0,1,25.93,18.52
684,17,4,1,1,0.0,1.0,0.0,0.0,0.0,0,0,0,0,0,0.0,0.0
684,17,5,2,2,86.0,63.0,43.0,136.51,45.0,6,4,0,0,2,30.16,15.87
684,17,6,1,1,13.0,14.0,13.0,92.86,13.0,1,0,0,0,1,35.71,7.14
684,17,7,1,1,25.0,29.0,25.0,86.21,25.0,1,1,0,0,1,41.38,6.9
684,15,6,1,1,22.0,24.0,22.0,91.67,22.0,1,1,0,0,1,41.67,8.33
684,15,7,1,1,50.0,33.0,50.0,151.52,50.0,5,2,1,0,0,24.24,21.21
752,16,4,1,1,32.0,20.0,32.0,160.0,32.0,5,1,0,0,1,40.0,30.0
752,2,4,1,1,1.0,6.0,1.0,16.67,1.0,0,0,0,0,1,83.33,0.0
752,2,5,1,1,0.0,10.0,0.0,0.0,0.0,0,0,0,0,1,90.0,0.0
752,13,4,1,1,10.0,10.0,10.0,100.0,10.0,2,0,0,0,1,50.0,20.0
752,4,4,1,1,12.0,21.0,12.0,57.14,12.0,1,0,0,0,1,47.62,4.76
752,11,4,1,1,15.0,15.0,15.0,100.0,15.0,0,1,0,0,1,46.67,6.67
752,17,4,1,1,22.0,16.0,22.0,137.5,22.0,2,2,0,0,1,56.25,25.0
599,10,14,1,1,26.0,26.0,26.0,100.0,26.0,1,1,0,0,1,34.62,7.69
419,10,17,1,1,34.0,26.0,34.0,130.77,34.0,1,2,0,0,1,30.77,11.54
419,1,17,2,2,87.0,54.0,43.5,161.11,63.0,9,3,1,0,1,22.22,22.22
419,9,17,1,1,25.0,19.0,25.0,131.58,25.0,1,1,0,0,1,26.32,10.53
419,18,17,1,1,11.0,10.0,11.0,110.0,11.0,1,0,0,0,1,30.0,10.0
419,5,15,1,1,17.0,20.0,17.0,85.0,17.0,1,0,0,0,1,35.0,5.0
419,5,17,1,1,17.0,14.0,17.0,121.43,17.0,1,0,0,0,1,21.43,7.14
419,12,17,2,2,31.0,20.0,15.5,155.0,30.0,2,1,0,0,1,20.0,15.0
419,11,17,1,1,22.0,13.0,22.0,169.23,22.0,4,0,0,0,1,23.08,30.77
419,17,15,1,1,16.0,24.0,16.0,66.67,16.0,0,0,0,0,1,37.5,0.0
419,8,17,2,2,26.0,24.0,13.0,108.33,22.0,0,2,0,0,2,37.5,8.33
419,15,17,2,2,65.0,43.0,32.5,151.16,52.0,8,1,1,0,2,23.26,20.93
114,17,8,1,1,1.0,3.0,1.0,33.33,1.0,0,0,0,0,1,66.67,0.0
291,16,1,1,1,8.0,18.0,8.0,44.44,8.0,0,0,0,0,1,50.0,0.0
291,2,1,1,1,30.0,24.0,30.0,125.0,30.0,2,2,0,0,1,33.33,16.67
291,9,1,1,1,1.0,6.0,1.0,16.67,1.0,0,0,0,0,0,83.33,0.0
291,17,1,1,1,0.0,5.0,0.0,0.0,0.0,0,0,0,0,1,80.0,0.0
346,9,15,1,1,18.0,28.0,18.0,64.29,18.0,3,0,0,0,1,67.86,10.71
346,9,16,2,2,31.0,30.0,15.5,103.33,20.0,3,0,0,0,0,33.33,10.0
346,11,15,1,1,0.0,2.0,0.0,0.0,0.0,0,0,0,0,2,100.0,0.0
346,11,16,1,1,4.0,2.0,4.0,200.0,4.0,1,0,0,0,0,50.0,50.0
50,6,6,2,2,26.0,15.0,13.0,173.33,19.0,2,2,0,0,2,40.0,26.67
50,6,7,2,2,23.0,18.0,11.5,127.78,23.0,2,1,0,0,1,33.33,16.67
50,2,6,1,1,18.0,20.0,18.0,90.0,18.0,0,1,0,0,0,40.0,5.0
50,13,6,1,1,0.0,3.0,0.0,0.0,0.0,0,0,0,0,1,100.0,0.0
50,13,7,1,1,15.0,11.0,15.0,136.36,15.0,0,1,0,0,1,36.36,9.09
50,9,6,1,1,17.0,12.0,17.0,141.67,17.0,0,2,0,0,0,50.0,16.67
50,9,7,2,2,36.0,35.0,18.0,102.86,29.0,1,3,0,0,2,45.71,11.43
50,9,8,1,1,7.0,9.0,7.0,77.78,7.0,0,0,0,0,1,22.22,0.0
50,5,6,1,1,1.0,1.0,1.0,100.0,1.0,0,0,0,0,0,0.0,0.0
50,5,7,1,1,10.0,4.0,10.0,250.0,10.0,1,1,0,0,1,50.0,50.0
50,11,6,3,3,112.0,81.0,37.33,138.27,60.0,9,5,1,0,3,29.63,17.28
50,11,7,1,1,6.0,11.0,6.0,54.55,6.0,0,0,0,0,1,45.45,0.0
50,17,7,2,2,18.0,12.0,9.0,150.0,10.0,0,2,0,0,1,33.33,16.67
50,15,8,1,1,6.0,9.0,6.0,66.67,6.0,0,0,0,0,1,33.33,0.0
288,2,11,2,2,50.0,28.0,25.0,178.57,44.0,3,4,0,0,2,25.0,25.0
288,13,11,1,1,2.0,2.0,2.0,100.0,2.0,0,0,0,0,1,50.0,0.0
288,9,11,1,1,44.0,43.0,44.0,102.33,44.0,5,1,0,0,1,46.51,13.95
288,5,11,1,1,4.0,5.0,4.0,80.0,4.0,1,0,0,0,1,80.0,20.0
288,17,11,1,1,11.0,17.0,11.0,64.71,11.0,1,0,0,0,1,52.94,5.88
288,15,11,1,1,4.0,4.0,4.0,100.0,4.0,1,0,0,0,1,75.0,25.0
217,6,18,1,1,28.0,15.0,28.0,186.67,28.0,2,2,0,0,0,26.67,26.67
217,10,16,1,1,1.0,2.0,1.0,50.0,1.0,0,0,0,0,0,50.0,0.0
217,2,10,1,1,14.0,6.0,14.0,233.33,14.0,0,2,0,0,1,33.33,33.33
217,2,11,1,1,1.0,2.0,1.0,50.0,1.0,0,0,0,0,0,50.0,0.0
217,1,18,1,1,8.0,8.0,8.0,100.0,8.0,1,0,0,0,0,37.5,12.5
217,13,11,1,1,39.0,20.0,39.0,195.0,39.0,1,3,0,0,1,15.0,20.0
217,9,14,1,1,1.0,1.0,1.0,100.0,1.0,0,0,0,0,0,0.0,0.0
217,18,18,1,1,1.0,1.0,1.0,100.0,1.0,0,0,0,0,0,0.0,0.0
217,5,11,1,1,0.0,1.0,0.0,0.0,0.0,0,0,0,0,1,100.0,0.0
217,5,12,2,2,7.0,9.0,3.5,77.78,7.0,1,0,0,0,2,55.56,11.11
217,5,13,1,1,0.0,5.0,0.0,0.0,0.0,0,0,0,0,1,80.0,0.0
217,17,13,1,1,5.0,5.0,5.0,100.0,5.0,0,0,0,0,0,40.0,0.0
217,8,18,1,1,0.0,1.0,0.0,0.0,0.0,0,0,0,0,1,100.0,0.0
217,15,11,1,1,10.0,6.0,10.0,166.67,10.0,0,1,0,0,1,16.67,16.67
217,15,13,1,1,2.0,2.0,2.0,100.0,2.0,0,0,0,0,0,0.0,0.0
353,6,4,2,2,2.0,3.0,1.0,66.67,2.0,0,0,0,0,1,33.33,0.0
353,6,5,1,1,1.0,1.0,1.0,100.0,1.0,0,0,0,0,0,0.0,0.0
353,16,4,1,1,3.0,6.0,3.0,50.0,3.0,0,0,0,0,0,33.33,0.0
353,2,4,1,1,18.0,19.0,18.0,94.74,18.0,1,1,0,0,0,36.84,10.53
353,2,5,1,1,3.0,4.0,3.0,75.0,3.0,0,0,0,0,1,25.0,0.0
353,13,2,1,1,1.0,2.0,1.0,50.0,1.0,0,0,0,0,1,50.0,0.0
353,13,3,1,1,2.0,4.0,2.0,50.0,2.0,0,0,0,0,1,50.0,0.0
353,13,5,1,1,2.0,3.0,2.0,66.67,2.0,0,0,0,0,0,33.33,0.0
353,9,3,1,1,12.0,6.0,12.0,200.0,12.0,2,0,0,0,0,0.0,33.33
353,9,5,2,2,24.0,16.0,12.0,150.0,20.0,3,1,0,0,1,31.25,25.0
353,11,2,1,1,29.0,28.0,29.0,103.57,29.0,3,0,0,0,1,25.0,10.71
353,11,5,1,1,1.0,2.0,1.0,50.0,1.0,0,0,0,0,1,50.0,0.0
353,17,2,1,1,4.0,2.0,4.0,200.0,4.0,0,0,0,0,0,0.0,0.0
353,17,3,1,1,19.0,17.0,19.0,111.76,19.0,2,0,0,0,0,17.65,11.76
745,3,10,1,1,6.0,5.0,6.0,120.0,6.0,1,0,0,0,0,40.0,20.0
534,13,1,1,1,1.0,2.0,1.0,50.0,1.0,0,0,0,0,1,50.0,0.0
534,5,1,1,1,10.0,7.0,10.0,142.86,10.0,1,0,0,0,0,0.0,14.29
233,10,15,1,1,87.0,49.0,87.0,177.55,87.0,8,5,1,0,1,22.45,26.53
233,10,16,2,2,97.0,65.0,48.5,149.23,87.0,12,3,1,0,2,24.62,23.08
233,10,18,1,1,13.0,14.0,13.0,92.86,13.0,1,0,0,0,1,21.43,7.14
233,1,15,1,1,5.0,9.0,5.0,55.56,5.0,0,0,0,0,1,55.56,0.0
233,1,16,3,3,88.0,65.0,29.33,135.38,47.0,8,2,0,0,3,26.15,15.38
233,1,18,1,1,52.0,35.0,52.0,148.57,52.0,6,2,1,0,1,28.57,22.86
233,9,15,1,1,3.0,8.0,3.0,37.5,3.0,0,0,0,0,1,62.5,0.0
233,9,16,2,2,86.0,68.0,43.0,126.47,56.0,7,3,1,0,2,38.24,14.71
233,9,18,2,2,12.0,13.0,6.0,92.31,12.0,2,0,0,0,2,53.85,15.38
233,18,16,1,1,47.0,29.0,47.0,162.07,47.0,5,2,0,0,1,24.14,24.14
233,5,15,1,1,0.0,1.0,0.0,0.0,0.0,0,0,0,0,1,100.0,0.0
233,5,16,2,2,44.0,46.0,22.0,95.65,44.0,4,0,0,0,2,34.78,8.7
233,12,16,1,1,92.0,52.0,92.0,176.92,92.0,16,1,1,0,0,28.85,32.69
233,12,18,1,1,69.0,49.0,69.0,140.82,69.0,6,2,1,0,0,22.45,16.33
233,11,15,1,1,16.0,14.0,16.0,114.29,16.0,1,1,0,0,1,50.0,14.29
233,11,16,2,2,58.0,54.0,29.0,107.41,50.0,7,0,1,0,2,40.74,12.96
233,11,18,1,1,10.0,8.0,10.0,125.0,10.0,2,0,0,0,1,62.5,25.0
233,17,15,1,1,56.0,37.0,56.0,151.35,56.0,6,2,1,0,1,27.03,21.62
233,17,16,1,1,83.0,45.0,83.0,184.44,83.0,6,6,1,0,1,28.89,26.67
233,15,15,1,1,85.0,55.0,85.0,154.55,85.0,8,4,1,0,0,23.64,21.82
233,15,16,1,1,77.0,57.0,77.0,135.09,77.0,12,1,1,0,1,35.09,22.81
609,16,3,1,1,1.0,2.0,1.0,50.0,1.0,0,0,0,0,0,50.0,0.0
609,5,3,1,1,3.0,11.0,3.0,27.27,3.0,0,0,0,0,1,72.73,0.0
503,2,1,1,1,1.0,1.0,1.0,100.0,1.0,0,0,0,0,0,0.0,0.0
529,6,1,2,2,16.0,16.0,8.0,100.0,8.0,1,1,0,0,3,56.25,12.5
529,6,2,1,1,44.0,25.0,44.0,176.0,44.0,3,2,0,0,0,8.0,20.0
529,6,3,2,3,30.0,15.0,15.0,200.0,21.0,2,3,0,0,3,40.0,33.33
529,6,4,1,1,16.0,11.0,16.0,145.45,16.0,2,1,0,0,1,54.55,27.27
529,6,5,3,3,83.0,69.0,27.67,120.29,55.0,6,2,1,0,2,28.99,11.59
529,6,6,1,1,6.0,11.0,6.0,54.55,6.0,1,0,0,0,1,72.73,9.09
529,16,1,2,2,59.0,33.0,29.5,178.79,45.0,6,2,0,0,0,12.12,24.24
529,16,2,1,1,43.0,28.0,43.0,153.57,43.0,1,3,0,0,2,17.86,14.29
529,16,3,2,2,107.0,71.0,53.5,150.7,93.0,16,2,1,0,1,35.21,25.35
529,16,4,1,1,4.0,8.0,4.0,50.0,4.0,1,0,0,0,1,75.0,12.5
529,16,5,1,1,6.0,5.0,6.0,120.0,6.0,1,0,0,0,1,40.0,20.0
529,2,1,2,2,51.0,31.0,25.5,164.52,36.0,5,2,0,0,1,22.58,22.58
529,2,2,1,1,6.0,6.0,6.0,100.0,6.0,1,0,0,0,1,50.0,16.67
529,2,3,2,2,38.0,36.0,19.0,105.56,38.0,4,1,0,0,2,38.89,13.89
529,2,4,2,2,25.0,38.0,12.5,65.79,18.0,3,0,0,0,2,50.0,7.89
529,13,4,1,1,76.0,52.0,76.0,146.15,76.0,8,2,1,0,0,26.92,19.23
529,13,5,2,2,64.0,59.0,32.0,108.47,56.0,9,0,1,0,1,42.37,15.25
529,13,6,2,2,43.0,46.0,21.5,93.48,39.0,4,1,0,0,2,45.65,10.87
529,9,1,2,2,21.0,16.0,10.5,131.25,11.0,1,1,0,0,2,31.25,12.5
529,9,2,2,2,83.0,60.0,41.5,138.33,52.0,10,1,1,0,0,25.0,18.33
529,9,3,2,2,126.0,74.0,63.0,170.27,110.0,15,3,1,1,1,20.27,24.32
529,9,4,2,2,80.0,68.0,40.0,117.65,55.0,7,2,1,0,1,33.82,13.24
529,9,5,2,2,70.0,60.0,35.0,116.67,40.0,9,1,0,0,1,35.0,16.67
529,9,6,2,2,71.0,60.0,35.5,118.33,66.0,8,1,1,0,2,35.0,15.0
529,5,1,2,2,13.0,9.0,6.5,144.44,12.0,0,1,0,0,2,22.22,11.11
529,5,2,1,1,7.0,9.0,7.0,77.78,7.0,0,0,0,0,1,33.33,0.0
529,5,3,2,2,51.0,36.0,25.5,141.67,31.0,9,0,0,0,2,36.11,25.0
529,5,4,1,1,56.0,36.0,56.0,155.56,56.0,9,0,1,0,1,27.78,25.0
529,5,5,2,2,72.0,62.0,36.0,116.13,55.0,9,0,1,0,1,37.1,14.52
529,5,6,2,2,62.0,49.0,31.0,126.53,59.0,8,1,1,0,2,36.73,18.37
529,7,4,1,1,2.0,3.0,2.0,66.67,2.0,0,0,0,0,1,66.67,0.0
529,7,5,2,2,25.0,21.0,12.5,119.05,18.0,4,0,0,0,1,38.1,19.05
529,7,6,2,2,26.0,30.0,13.0,86.67,14.0,5,0,0,0,2,63.33,16.67
529,11,1,1,1,2.0,4.0,2.0,50.0,2.0,0,0,0,0,1,50.0,0.0
529,11,2,2,2,16.0,21.0,8.0,76.19,9.0,0,1,0,0,2,57.14,4.76
529,11,3,2,2,67.0,55.0,33.5,121.82,44.0,6,2,0,0,3,29.09,14.55
529,11,4,2,2,19.0,16.0,9.5,118.75,13.0,3,0,0,0,3,43.75,18.75
529,11,5,2,2,6.0,8.0,3.0,75.0,6.0,1,0,0,0,2,62.5,12.5
529,11,6,2,2,53.0,47.0,26.5,112.77,34.0,5,1,0,0,2,44.68,12.77
529,17,1,1,1,17.0,22.0,17.0,77.27,17.0,2,0,0,0,0,59.09,9.09
529,17,2,2,2,20.0,16.0,10.0,125.0,19.0,2,0,0,0,1,25.0,12.5
529,17,3,1,1,26.0,13.0,26.0,200.0,26.0,3,1,0,0,0,7.69,30.77
529,17,4,2,2,21.0,25.0,10.5,84.0,18.0,2,0,0,0,2,40.0,8.0
529,17,5,1,1,9.0,14.0,9.0,64.29,9.0,0,0,0,0,1,42.86,0.0
529,17,6,2,2,47.0,44.0,23.5,106.82,28.0,6,0,0,0,1,43.18,13.64
529,15,6,2,2,23.0,26.0,11.5,88.46,12.0,2,2,0,0,2,69.23,15.38
138,17,3,1,1,19.0,24.0,19.0,79.17,19.0,1,0,0,0,2,33.33,4.17
528,6,15,2,2,6.0,9.0,3.0,66.67,5.0,1,0,0,0,2,66.67,11.11
528,10,14,1,1,3.0,2.0,3.0,150.0,3.0,0,0,0,0,0,0.0,0.0
528,10,15,2,2,7.0,3.0,3.5,233.33,7.0,0,1,0,0,0,33.33,33.33
528,1,15,1,1,0.0,2.0,0.0,0.0,0.0,0,0,0,0,1,100.0,0.0
528,9,15,1,1,1.0,2.0,1.0,50.0,1.0,0,0,0,0,1,50.0,0.0
528,18,15,1,1,3.0,7.0,3.0,42.86,3.0,0,0,0,0,2,57.14,0.0
528,5,13,1,1,0.0,2.0,0.0,0.0,0.0,0,0,0,0,1,100.0,0.0
528,12,14,1,1,3.0,4.0,3.0,75.0,3.0,0,0,0,0,1,50.0,0.0
528,11,15,2,2,6.0,2.0,3.0,300.0,6.0,0,1,0,0,1,50.0,50.0
528,15,15,1,1,15.0,11.0,15.0,136.36,15.0,0,1,0,0,1,27.27,9.09
505,5,12,1,1,5.0,8.0,5.0,62.5,5.0,0,0,0,0,1,37.5,0.0
505,17,11,1,1,8.0,9.0,8.0,88.89,8.0,0,1,0,0,1,66.67,11.11
634,6,2,2,2,61.0,28.0,30.5,217.86,49.0,3,6,0,0,2,21.43,32.14
634,6,3,1,1,13.0,8.0,13.0,162.5,13.0,0,1,0,0,0,12.5,12.5
634,6,5,2,2,62.0,31.0,31.0,200.0,38.0,7,4,0,0,1,35.48,35.48
634,6,6,4,4,97.0,61.0,24.25,159.02,68.0,9,6,1,0,4,44.26,24.59
634,2,1,1,1,17.0,17.0,17.0,100.0,17.0,2,0,0,0,1,35.29,11.76
634,2,2,2,2,49.0,30.0,24.5,163.33,48.0,5,2,0,0,2,23.33,23.33
634,2,6,1,1,8.0,12.0,8.0,66.67,8.0,1,0,0,0,1,58.33,8.33
634,2,7,2,2,108.0,79.0,54.0,136.71,79.0,7,8,1,0,2,35.44,18.99
634,2,8,2,2,52.0,55.0,26.0,94.55,34.0,8,1,0,0,2,50.91,16.36
634,2,9,2,2,68.0,44.0,34.0,154.55,53.0,8,3,1,0,2,36.36,25.0
634,2,10,2,2,17.0,12.0,8.5,141.67,9.0,3,0,0,0,1,33.33,25.0
634,13,1,1,1,20.0,16.0,20.0,125.0,20.0,2,1,0,0,0,50.0,18.75
634,13,6,1,1,33.0,32.0,33.0,103.12,33.0,3,1,0,0,1,40.62,12.5
634,13,7,3,3,77.0,58.0,25.67,132.76,66.0,7,3,1,0,3,27.59,17.24
634,13,8,1,1,26.0,13.0,26.0,200.0,26.0,3,2,0,0,1,53.85,38.46
634,13,9,1,1,15.0,18.0,15.0,83.33,15.0,1,1,0,0,1,61.11,11.11
634,13,10,2,2,78.0,43.0,39.0,181.4,74.0,9,4,1,0,2,27.91,30.23
634,9,5,1,1,0.0,1.0,0.0,0.0,0.0,0,0,0,0,1,100.0,0.0
634,9,6,2,2,109.0,98.0,54.5,111.22,62.0,10,5,1,0,2,48.98,15.31
634,9,7,2,2,21.0,17.0,10.5,123.53,16.0,3,1,0,0,2,58.82,23.53
634,9,8,2,2,25.0,20.0,12.5,125.0,25.0,3,1,0,0,1,45.0,20.0
634,9,9,2,2,27.0,19.0,13.5,142.11,27.0,4,1,0,0,2,47.37,26.32
634,9,10,1,1,5.0,4.0,5.0,125.0,5.0,1,0,0,0,1,50.0,25.0
634,5,2,2,2,51.0,34.0,25.5,150.0,35.0,3,3,0,0,2,32.35,17.65
634,5,7,3,3,110.0,93.0,36.67,118.28,57.0,9,7,1,0,3,49.46,17.2
634,5,8,4,4,146.0,116.0,36.5,125.86,62.0,21,5,2,0,4,50.86,22.41
634,5,9,1,1,37.0,23.0,37.0,160.87,37.0,4,2,0,0,0,34.78,26.09
634,5,10,1,1,0.0,2.0,0.0,0.0,0.0,0,0,0,0,1,100.0,0.0
634,7,6,1,1,0.0,1.0,0.0,0.0,0.0,0,0,0,0,1,100.0,0.0
634,11,1,1,1,8.0,7.0,8.0,114.29,8.0,1,0,0,0,1,28.57,14.29
634,11,2,2,2,54.0,40.0,27.0,135.0,47.0,1,4,0,0,2,30.0,12.5
634,11,3,1,1,4.0,7.0,4.0,57.14,4.0,0,0,0,0,1,42.86,0.0
634,11,5,1,1,87.0,58.0,87.0,150.0,87.0,10,3,1,0,0,32.76,22.41
634,11,6,1,1,62.0,44.0,62.0,140.91,62.0,6,2,1,0,1,34.09,18.18
634,11,7,2,2,94.0,63.0,47.0,149.21,50.0,11,5,1,0,2,44.44,25.4
634,11,8,2,2,46.0,39.0,23.0,117.95,40.0,4,2,0,0,2,51.28,15.38
634,3,9,1,1,63.0,37.0,63.0,170.27,63.0,9,1,1,0,1,32.43,27.03
634,3,10,2,2,47.0,31.0,23.5,151.61,47.0,8,1,0,0,2,45.16,29.03
634,17,3,1,1,5.0,10.0,5.0,50.0,5.0,1,0,0,0,1,80.0,10.0
634,17,5,2,2,8.0,8.0,4.0,100.0,6.0,1,0,0,0,2,37.5,12.5
634,17,6,1,1,50.0,36.0,50.0,138.89,50.0,4,3,1,0,1,36.11,19.44
634,17,7,2,2,43.0,32.0,21.5,134.38,34.0,5,1,0,0,2,34.38,18.75
634,17,8,3,3,56.0,47.0,18.67,119.15,39.0,6,3,0,0,3,51.06,19.15
634,17,9,3,3,112.0,68.0,37.33,164.71,73.0,9,8,1,0,3,35.29,25.0
634,17,10,1,1,1.0,4.0,1.0,25.0,1.0,0,0,0,0,1,75.0,0.0
634,15,6,2,2,59.0,57.0,29.5,103.51,38.0,7,2,0,0,2,50.88,15.79
634,15,7,2,2,113.0,74.0,56.5,152.7,66.0,8,9,1,0,3,41.89,22.97
634,15,8,2,2,48.0,45.0,24.0,106.67,27.0,7,2,0,0,1,53.33,20.0
634,15,9,2,2,2.0,12.0,1.0,16.67,1.0,0,0,0,0,2,83.33,0.0
634,15,10,2,2,91.0,60.0,45.5,151.67,54.0,11,3,1,0,2,31.67,23.33
259,6,5,1,1,10.0,5.0,10.0,200.0,10.0,2,0,0,0,0,20.0,40.0
259,6,7,1,1,28.0,19.0,28.0,147.37,28.0,0,2,0,0,1,21.05,10.53
259,16,2,1,1,7.0,9.0,7.0,77.78,7.0,0,0,0,0,0,22.22,0.0
259,2,2,1,1,1.0,4.0,1.0,25.0,1.0,0,0,0,0,1,50.0,0.0
259,13,1,1,1,2.0,16.0,2.0,12.5,2.0,0,0,0,0,0,87.5,0.0
259,13,4,1,1,2.0,4.0,2.0,50.0,2.0,0,0,0,0,1,50.0,0.0
259,13,9,1,1,6.0,4.0,6.0,150.0,6.0,0,0,0,0,0,25.0,0.0
259,13,12,1,1,5.0,3.0,5.0,166.67,5.0,1,0,0,0,0,33.33,33.33
259,9,11,1,1,3.0,3.0,3.0,100.0,3.0,0,0,0,0,0,0.0,0.0
259,5,9,1,1,6.0,3.0,6.0,200.0,6.0,1,0,0,0,0,0.0,33.33
259,11,2,1,1,1.0,4.0,1.0,25.0,1.0,0,0,0,0,1,75.0,0.0
259,17,8,2,2,4.0,11.0,2.0,36.36,3.0,0,0,0,0,2,63.64,0.0
259,17,9,2,2,12.0,7.0,6.0,171.43,10.0,2,0,0,0,2,14.29,28.57
259,15,7,1,1,7.0,6.0,7.0,116.67,7.0,1,0,0,0,0,33.33,16.67
259,15,9,1,1,3.0,2.0,3.0,150.0,3.0,0,0,0,0,0,50.0,0.0
259,15,10,1,1,1.0,2.0,1.0,50.0,1.0,0,0,0,0,1,50.0,0.0
259,15,11,1,1,3.0,4.0,3.0,75.0,3.0,0,0,0,0,0,25.0,0.0
259,15,13,1,1,3.0,2.0,3.0,150.0,3.0,0,0,0,0,0,0.0,0.0
418,2,1,1,1,1.0,2.0,1.0,50.0,1.0,0,0,0,0,1,50.0,0.0
418,13,1,1,1,17.0,16.0,17.0,106.25,17.0,3,0,0,0,1,43.75,18.75
102,5,18,1,1,1.0,3.0,1.0,33.33,1.0,0,0,0,0,1,66.67,0.0
748,6,4,1,1,1.0,1.0,1.0,100.0,1.0,0,0,0,0,0,0.0,0.0
748,6,5,2,2,29.0,27.0,14.5,107.41,27.0,2,1,0,0,1,29.63,11.11
748,6,6,1,1,2.0,2.0,2.0,100.0,2.0,0,0,0,0,1,50.0,0.0
748,6,14,1,1,1.0,3.0,1.0,33.33,1.0,0,0,0,0,0,66.67,0.0
748,2,4,2,2,35.0,33.0,17.5,106.06,27.0,2,0,0,0,1,30.3,6.06
748,2,5,1,1,19.0,21.0,19.0,90.48,19.0,1,0,0,0,1,23.81,4.76
748,2,10,1,1,3.0,3.0,3.0,100.0,3.0,0,0,0,0,1,33.33,0.0
748,14,10,1,1,17.0,8.0,17.0,212.5,17.0,1,1,0,0,0,0.0,25.0
748,13,4,1,1,30.0,14.0,30.0,214.29,30.0,2,2,0,0,1,21.43,28.57
748,13,5,1,1,24.0,10.0,24.0,240.0,24.0,1,2,0,0,1,10.0,30.0
748,13,10,1,1,17.0,8.0,17.0,212.5,17.0,2,1,0,0,1,25.0,37.5
748,13,11,2,2,19.0,24.0,9.5,79.17,13.0,0,1,0,0,1,33.33,4.17
748,4,4,1,1,9.0,11.0,9.0,81.82,9.0,0,0,0,0,1,36.36,0.0
748,9,4,2,2,26.0,16.0,13.0,162.5,25.0,1,2,0,0,2,31.25,18.75
748,9,10,2,2,25.0,16.0,12.5,156.25,16.0,0,3,0,0,1,43.75,18.75
748,9,14,1,1,9.0,8.0,9.0,112.5,9.0,1,0,0,0,0,25.0,12.5
748,5,4,2,2,39.0,41.0,19.5,95.12,21.0,1,1,0,0,2,26.83,4.88
748,5,5,2,2,44.0,41.0,22.0,107.32,39.0,2,2,0,0,2,34.15,9.76
748,5,6,1,1,4.0,13.0,4.0,30.77,4.0,0,0,0,0,1,69.23,0.0
748,5,10,2,2,12.0,9.0,6.0,133.33,8.0,1,0,0,0,1,33.33,11.11
748,5,14,2,2,2.0,6.0,1.0,33.33,1.0,0,0,0,0,1,66.67,0.0
748,7,4,2,2,24.0,23.0,12.0,104.35,14.0,2,0,0,0,1,30.43,8.7
748,12,14,1,1,0.0,1.0,0.0,0.0,0.0,0,0,0,0,1,100.0,0.0
748,11,4,1,1,26.0,19.0,26.0,136.84,26.0,1,2,0,0,1,31.58,15.79
748,11,5,1,1,29.0,19.0,29.0,152.63,29.0,2,1,0,0,0,15.79,15.79
748,17,4,1,1,0.0,1.0,0.0,0.0,0.0,0,0,0,0,1,100.0,0.0
748,17,10,1,1,1.0,3.0,1.0,33.33,1.0,0,0,0,0,1,66.67,0.0
748,15,10,1,1,4.0,2.0,4.0,200.0,4.0,1,0,0,0,1,50.0,50.0
748,15,11,1,1,7.0,9.0,7.0,77.78,7.0,0,0,0,0,0,33.33,0.0
748,15,14,2,2,2.0,6.0,1.0,33.33,1.0,0,0,0,0,2,66.67,0.0
61,13,1,1,1,4.0,1.0,4.0,400.0,4.0,1,0,0,0,0,0.0,100.0
61,11,1,1,1,9.0,12.0,9.0,75.0,9.0,0,0,0,0,1,41.67,0.0
559,6,1,1,1,1.0,2.0,1.0,50.0,1.0,0,0,0,0,1,50.0,0.0
559,6,2,1,1,0.0,3.0,0.0,0.0,0.0,0,0,0,0,1,100.0,0.0
559,6,5,1,1,5.0,8.0,5.0,62.5,5.0,0,0,0,0,1,50.0,0.0
559,6,6,1,1,14.0,13.0,14.0,107.69,14.0,1,1,0,0,1,53.85,15.38
559,16,3,1,1,0.0,1.0,0.0,0.0,0.0,0,0,0,0,1,100.0,0.0
559,2,3,1,1,8.0,9.0,8.0,88.89,8.0,1,0,0,0,1,33.33,11.11
559,2,5,1,1,2.0,3.0,2.0,66.67,2.0,0,0,0,0,1,66.67,0.0
559,2,6,1,1,9.0,5.0,9.0,180.0,9.0,1,0,0,0,0,20.0,20.0
559,13,1,1,1,1.0,3.0,1.0,33.33,1.0,0,0,0,0,1,66.67,0.0
559,13,4,1,1,1.0,2.0,1.0,50.0,1.0,0,0,0,0,0,50.0,0.0
559,13,6,1,1,1.0,3.0,1.0,33.33,1.0,0,0,0,0,0,33.33,0.0
559,13,7,1,1,12.0,16.0,12.0,75.0,12.0,0,0,0,0,1,37.5,0.0
559,13,13,1,1,1.0,2.0,1.0,50.0,1.0,0,0,0,0,0,50.0,0.0
559,9,4,1,1,13.0,12.0,13.0,108.33,13.0,1,0,0,0,1,33.33,8.33
559,9,5,1,1,7.0,3.0,7.0,233.33,7.0,0,1,0,0,1,33.33,33.33
559,9,7,1,1,1.0,2.0,1.0,50.0,1.0,0,0,0,0,1,50.0,0.0
559,9,8,1,1,1.0,1.0,1.0,100.0,1.0,0,0,0,0,0,0.0,0.0
559,5,3,2,2,5.0,7.0,2.5,71.43,5.0,1,0,0,0,2,71.43,14.29
559,5,4,1,1,4.0,9.0,4.0,44.44,4.0,0,0,0,0,0,44.44,0.0
559,5,5,2,2,5.0,7.0,2.5,71.43,3.0,0,0,0,0,2,57.14,0.0
559,5,8,2,2,19.0,12.0,9.5,158.33,19.0,3,0,0,0,2,25.0,25.0
559,7,4,1,1,11.0,6.0,11.0,183.33,11.0,1,0,0,0,1,16.67,16.67
559,7,6,1,1,4.0,1.0,4.0,400.0,4.0,1,0,0,0,0,0.0,100.0
559,11,4,1,1,7.0,6.0,7.0,116.67,7.0,1,0,0,0,1,33.33,16.67
559,11,6,3,3,22.0,11.0,7.33,200.0,18.0,2,1,0,0,1,27.27,27.27
559,11,7,1,1,9.0,8.0,9.0,112.5,9.0,1,0,0,0,0,37.5,12.5
559,17,6,1,1,3.0,3.0,3.0,100.0,3.0,0,0,0,0,0,33.33,0.0
559,15,9,1,1,1.0,2.0,1.0,50.0,1.0,0,0,0,0,1,50.0,0.0
154,6,11,2,2,47.0,45.0,23.5,104.44,47.0,3,2,0,0,2,42.22,11.11
154,6,12,1,1,32.0,30.0,32.0,106.67,32.0,3,1,0,0,1,43.33,13.33
154,6,14,1,1,27.0,12.0,27.0,225.0,27.0,2,2,0,0,1,16.67,33.33
154,6,15,1,1,55.0,23.0,55.0,239.13,55.0,6,3,1,0,0,13.04,39.13
154,10,15,1,1,5.0,13.0,5.0,38.46,5.0,0,0,0,0,1,53.85,0.0
154,2,11,2,2,96.0,59.0,48.0,162.71,48.0,7,8,0,0,2,40.68,25.42
154,1,15,1,1,10.0,9.0,10.0,111.11,10.0,2,0,0,0,1,55.56,22.22
154,13,11,2,2,19.0,20.0,9.5,95.0,10.0,0,1,0,0,2,30.0,5.0
154,9,11,2,2,61.0,41.0,30.5,148.78,43.0,8,2,0,0,2,41.46,24.39
154,9,12,1,1,15.0,16.0,15.0,93.75,15.0,1,1,0,0,1,56.25,12.5
154,5,14,1,1,24.0,19.0,24.0,126.32,24.0,3,1,0,0,1,47.37,21.05
154,12,14,1,1,36.0,21.0,36.0,171.43,36.0,7,1,0,0,1,52.38,38.1
154,11,11,2,2,60.0,43.0,30.0,139.53,60.0,4,4,1,0,2,39.53,18.6
154,17,11,1,1,65.0,42.0,65.0,154.76,65.0,6,5,1,0,1,50.0,26.19
154,17,14,1,1,58.0,37.0,58.0,156.76,58.0,5,3,1,0,1,32.43,21.62
154,17,15,1,1,2.0,6.0,2.0,33.33,2.0,0,0,0,0,0,50.0,0.0
154,15,11,2,2,34.0,26.0,17.0,130.77,29.0,4,2,0,0,2,61.54,23.08
154,15,12,1,1,1.0,6.0,1.0,16.67,1.0,0,0,0,0,1,83.33,0.0
154,15,14,1,1,6.0,4.0,6.0,150.0,6.0,1,0,0,0,1,25.0,25.0
154,15,15,1,1,1.0,5.0,1.0,20.0,1.0,0,0,0,0,1,80.0,0.0
543,6,3,1,1,1.0,4.0,1.0,25.0,1.0,0,0,0,0,1,75.0,0.0
543,6,4,2,2,11.0,12.0,5.5,91.67,6.0,2,0,0,0,2,58.33,16.67
543,6,6,2,2,34.0,29.0,17.0,117.24,32.0,2,2,0,0,1,37.93,13.79
543,6,8,1,1,32.0,27.0,32.0,118.52,32.0,1,2,0,0,0,33.33,11.11
543,6,13,2,2,22.0,22.0,11.0,100.0,15.0,3,0,0,0,2,36.36,13.64
543,6,14,3,3,19.0,29.0,6.33,65.52,8.0,1,0,0,0,3,58.62,3.45
543,16,4,1,1,14.0,15.0,14.0,93.33,14.0,0,1,0,0,1,53.33,6.67
543,10,13,2,2,61.0,27.0,30.5,225.93,44.0,3,6,0,0,2,18.52,33.33
543,10,14,3,3,0.0,7.0,0.0,0.0,0.0,0,0,0,0,3,85.71,0.0
543,2,3,1,1,17.0,13.0,17.0,130.77,17.0,2,0,0,0,1,15.38,15.38
543,2,4,1,1,0.0,1.0,0.0,0.0,0.0,0,0,0,0,1,100.0,0.0
543,2,6,2,2,24.0,24.0,12.0,100.0,14.0,3,0,0,0,1,37.5,12.5
543,2,8,2,2,23.0,27.0,11.5,85.19,22.0,2,0,0,0,2,40.74,7.41
543,2,9,1,1,14.0,10.0,14.0,140.0,14.0,0,1,0,0,1,20.0,10.0
543,2,10,1,1,22.0,20.0,22.0,110.0,22.0,3,0,0,0,1,35.0,15.0
543,13,4,1,1,28.0,15.0,28.0,186.67,28.0,6,0,0,0,1,46.67,40.0
543,13,6,2,2,89.0,64.0,44.5,139.06,47.0,9,4,0,0,2,37.5,20.31
543,13,8,1,1,17.0,7.0,17.0,242.86,17.0,1,2,0,0,1,42.86,42.86
543,13,9,1,1,25.0,20.0,25.0,125.0,25.0,2,1,0,0,1,40.0,15.0
543,13,13,2,2,64.0,48.0,32.0,133.33,40.0,7,3,0,0,2,45.83,20.83
543,4,4,2,2,76.0,63.0,38.0,120.63,66.0,9,2,1,0,1,39.68,17.46
543,9,3,1,1,10.0,7.0,10.0,142.86,10.0,0,1,0,0,1,42.86,14.29
543,9,8,1,1,5.0,11.0,5.0,45.45,5.0,0,0,0,0,1,54.55,0.0
543,9,9,1,1,51.0,43.0,51.0,118.6,51.0,3,2,1,0,1,32.56,11.63
543,5,3,1,1,7.0,6.0,7.0,116.67,7.0,0,0,0,0,0,16.67,0.0
543,5,6,2,2,36.0,35.0,18.0,102.86,31.0,4,1,0,0,2,40.0,14.29
543,5,8,1,1,9.0,14.0,9.0,64.29,9.0,1,0,0,0,1,64.29,7.14
543,5,9,1,1,11.0,12.0,11.0,91.67,11.0,1,0,0,0,1,41.67,8.33
543,5,13,2,2,55.0,49.0,27.5,112.24,39.0,3,3,0,0,1,42.86,12.24
543,5,14,2,2,14.0,15.0,7.0,93.33,7.0,1,1,0,0,2,60.0,13.33
543,7,6,1,1,15.0,15.0,15.0,100.0,15.0,1,0,0,0,1,33.33,6.67
543,12,14,2,2,49.0,42.0,24.5,116.67,47.0,4,2,0,0,2,40.48,14.29
543,11,6,1,1,51.0,38.0,51.0,134.21,51.0,3,3,1,0,1,39.47,15.79
543,11,8,2,2,90.0,58.0,45.0,155.17,63.0,6,6,1,0,2,37.93,20.69
543,11,13,2,2,102.0,58.0,51.0,175.86,68.0,6,8,1,0,0,29.31,24.14
543,11,14,1,1,13.0,11.0,13.0,118.18,13.0,1,1,0,0,0,18.18,18.18
543,3,9,1,1,0.0,2.0,0.0,0.0,0.0,0,0,0,0,1,100.0,0.0
543,3,10,1,1,4.0,4.0,4.0,100.0,4.0,1,0,0,0,1,75.0,25.0
543,17,4,2,2,8.0,11.0,4.0,72.73,6.0,0,0,0,0,2,36.36,0.0
543,17,6,1,1,2.0,5.0,2.0,40.0,2.0,0,0,0,0,1,60.0,0.0
543,17,8,1,1,11.0,7.0,11.0,157.14,11.0,0,1,0,0,1,28.57,14.29
543,17,9,1,1,22.0,18.0,22.0,122.22,22.0,2,0,0,0,0,22.22,11.11
543,17,13,2,2,38.0,46.0,19.0,82.61,30.0,4,1,0,0,3,56.52,10.87
543,17,14,2,2,34.0,30.0,17.0,113.33,29.0,1,2,0,0,1,33.33,10.0
543,15,6,2,2,56.0,30.0,28.0,186.67,47.0,6,3,0,0,1,30.0,30.0
543,15,10,2,2,39.0,38.0,19.5,102.63,26.0,2,2,0,0,2,36.84,10.53
543,15,13,2,3,77.0,54.0,38.5,142.59,42.0,6,3,0,0,1,20.37,16.67
543,15,14,2,2,4.0,5.0,2.0,80.0,2.0,0,0,0,0,1,20.0,0.0
95,17,9,1,1,19.0,9.0,19.0,211.11,19.0,1,2,0,0,1,22.22,33.33
95,15,9,1,1,5.0,5.0,5.0,100.0,5.0,1,0,0,0,1,60.0,20.0
506,3,9,1,1,5.0,5.0,5.0,100.0,5.0,1,0,0,0,1,60.0,20.0
506,17,9,2,2,9.0,8.0,4.5,112.5,9.0,1,0,0,0,1,25.0,12.5
415,6,15,2,2,46.0,31.0,23.0,148.39,38.0,4,1,0,0,2,32.26,16.13
415,6,16,1,1,62.0,33.0,62.0,187.88,62.0,5,4,1,0,1,21.21,27.27
415,6,17,2,2,89.0,62.0,44.5,143.55,54.0,11,3,1,0,1,38.71,22.58
415,16,5,2,2,81.0,60.0,40.5,135.0,42.0,3,5,0,0,2,31.67,13.33
415,10,12,2,2,89.0,80.0,44.5,111.25,50.0,9,3,1,0,2,41.25,15.0
415,10,13,2,2,101.0,82.0,50.5,123.17,58.0,10,2,1,0,3,31.71,14.63
415,10,14,3,3,11.0,13.0,3.67,84.62,10.0,2,0,0,0,3,61.54,15.38
415,10,15,1,1,8.0,11.0,8.0,72.73,8.0,2,0,0,0,1,81.82,18.18
415,10,16,2,2,67.0,48.0,33.5,139.58,45.0,8,2,0,0,2,33.33,20.83
415,10,17,1,1,6.0,7.0,6.0,85.71,6.0,1,0,0,0,1,42.86,14.29
415,2,5,1,1,15.0,12.0,15.0,125.0,15.0,3,0,0,0,2,50.0,25.0
415,2,7,1,1,24.0,17.0,24.0,141.18,24.0,1,1,0,0,1,23.53,11.76
415,2,8,2,2,61.0,47.0,30.5,129.79,32.0,6,0,0,0,2,25.53,12.77
415,2,10,1,1,8.0,7.0,8.0,114.29,8.0,1,0,0,0,1,28.57,14.29
415,2,11,1,1,33.0,33.0,33.0,100.0,33.0,3,1,0,0,1,42.42,12.12
415,14,9,1,1,69.0,43.0,69.0,160.47,69.0,5,4,1,0,1,27.91,20.93
415,1,15,2,2,44.0,42.0,22.0,104.76,44.0,5,0,0,0,2,40.48,11.9
415,1,16,1,1,28.0,19.0,28.0,147.37,28.0,5,0,0,0,1,31.58,26.32
415,1,17,2,2,88.0,35.0,44.0,251.43,64.0,11,6,1,0,2,28.57,48.57
415,1,18,1,1,5.0,10.0,5.0,50.0,5.0,0,0,0,0,1,60.0,0.0
415,13,5,1,1,29.0,20.0,29.0,145.0,29.0,3,2,0,0,1,55.0,25.0
415,13,7,2,2,52.0,26.0,26.0,200.0,52.0,7,1,1,0,3,15.38,30.77
415,13,8,1,1,55.0,41.0,55.0,134.15,55.0,5,1,1,0,1,31.71,14.63
415,13,9,1,1,67.0,53.0,67.0,126.42,67.0,8,0,1,0,1,22.64,15.09
415,13,11,1,1,14.0,15.0,14.0,93.33,14.0,3,0,0,0,1,73.33,20.0
415,13,12,2,2,150.0,93.0,75.0,161.29,96.0,12,8,2,0,2,23.66,21.51
415,13,13,2,2,135.0,87.0,67.5,155.17,87.0,15,3,1,0,1,27.59,20.69
415,9,5,2,2,16.0,20.0,8.0,80.0,13.0,0,0,0,0,2,25.0,0.0
415,9,7,1,1,23.0,20.0,23.0,115.0,23.0,2,0,0,0,1,20.0,10.0
415,9,8,2,2,49.0,40.0,24.5,122.5,29.0,6,0,0,0,1,27.5,15.0
415,9,9,1,1,4.0,9.0,4.0,44.44,4.0,0,0,0,0,1,55.56,0.0
415,9,11,1,1,27.0,15.0,27.0,180.0,27.0,4,1,0,0,1,33.33,33.33
415,9,12,2,2,67.0,61.0,33.5,109.84,43.0,8,0,0,0,1,37.7,13.11
415,9,13,1,1,17.0,10.0,17.0,170.0,17.0,3,0,0,0,1,30.0,30.0
415,9,14,3,3,224.0,149.0,74.67,150.34,95.0,23,7,2,0,2,26.17,20.13
415,9,15,1,1,5.0,4.0,5.0,125.0,5.0,1,0,0,0,1,50.0,25.0
415,9,16,2,2,40.0,19.0,20.0,210.53,23.0,3,4,0,0,2,36.84,36.84
415,9,17,2,2,15.0,13.0,7.5,115.38,8.0,1,1,0,0,2,46.15,15.38
415,9,18,1,1,62.0,45.0,62.0,137.78,62.0,7,2,1,0,2,31.11,20.0
415,18,15,2,2,96.0,65.0,48.0,147.69,96.0,11,2,1,0,3,29.23,20.0
415,18,16,2,2,123.0,86.0,61.5,143.02,79.0,6,6,1,0,1,18.6,13.95
415,18,17,1,1,19.0,13.0,19.0,146.15,19.0,3,0,0,0,1,30.77,23.08
415,18,18,1,1,29.0,18.0,29.0,161.11,29.0,3,2,0,0,1,44.44,27.78
415,5,5,2,2,12.0,13.0,6.0,92.31,9.0,0,0,0,0,0,38.46,0.0
415,5,7,3,3,86.0,69.0,28.67,124.64,35.0,7,2,0,0,3,30.43,13.04
415,5,8,4,4,74.0,66.0,18.5,112.12,45.0,7,2,0,0,4,36.36,13.64
415,5,9,1,1,34.0,33.0,34.0,103.03,34.0,1,3,0,0,1,54.55,12.12
415,5,12,2,2,32.0,24.0,16.0,133.33,26.0,4,1,0,0,2,54.17,20.83
415,5,13,2,2,59.0,51.0,29.5,115.69,58.0,6,0,1,0,1,27.45,11.76
415,5,14,2,2,50.0,31.0,25.0,161.29,50.0,2,4,1,0,2,25.81,19.35
415,5,15,1,1,16.0,24.0,16.0,66.67,16.0,1,0,0,0,1,45.83,4.17
415,5,16,2,2,138.0,84.0,69.0,164.29,73.0,10,9,2,0,2,33.33,22.62
415,5,17,1,1,61.0,40.0,61.0,152.5,61.0,4,3,1,0,1,27.5,17.5
415,5,18,1,1,6.0,7.0,6.0,85.71,6.0,1,0,0,0,1,57.14,14.29
415,7,5,2,2,101.0,81.0,50.5,124.69,58.0,9,4,1,0,2,40.74,16.05
415,12,14,2,2,112.0,88.0,56.0,127.27,76.0,12,3,1,0,1,32.95,17.05
415,12,15,2,2,98.0,65.0,49.0,150.77,88.0,5,7,1,0,2,33.85,18.46
415,12,16,1,1,84.0,56.0,84.0,150.0,84.0,5,5,1,0,1,21.43,17.86
415,12,17,2,2,12.0,14.0,6.0,85.71,9.0,2,0,0,0,2,64.29,14.29
415,12,18,1,1,23.0,15.0,23.0,153.33,23.0,2,1,0,0,1,26.67,20.0
415,11,5,1,1,73.0,52.0,73.0,140.38,73.0,6,2,1,0,1,21.15,15.38
415,11,7,2,2,45.0,48.0,22.5,93.75,38.0,2,0,0,0,1,27.08,4.17
415,11,8,2,2,30.0,28.0,15.0,107.14,29.0,3,0,0,0,1,35.71,10.71
415,11,12,1,1,7.0,10.0,7.0,70.0,7.0,0,0,0,0,1,60.0,0.0
415,11,13,2,2,82.0,46.0,41.0,178.26,72.0,2,7,1,0,2,19.57,19.57
415,11,14,2,2,58.0,36.0,29.0,161.11,33.0,6,3,0,0,2,33.33,25.0
415,11,15,3,3,77.0,68.0,25.67,113.24,29.0,11,1,0,0,3,44.12,17.65
415,11,16,2,2,117.0,83.0,58.5,140.96,62.0,11,4,2,0,2,26.51,18.07
415,11,17,2,2,61.0,47.0,30.5,129.79,44.0,4,3,0,0,2,27.66,14.89
415,17,5,1,1,71.0,46.0,71.0,154.35,71.0,5,4,1,0,1,30.43,19.57
415,17,7,1,1,54.0,43.0,54.0,125.58,54.0,3,3,1,0,0,32.56,13.95
415,17,8,3,3,78.0,60.0,26.0,130.0,33.0,6,2,0,0,2,26.67,13.33
415,17,9,1,1,2.0,3.0,2.0,66.67,2.0,0,0,0,0,1,66.67,0.0
415,17,12,1,1,5.0,15.0,5.0,33.33,5.0,0,0,0,0,1,60.0,0.0
415,17,13,2,2,33.0,23.0,16.5,143.48,25.0,2,2,0,0,2,39.13,17.39
415,17,14,2,2,81.0,67.0,40.5,120.9,50.0,7,3,1,0,2,35.82,14.93
415,8,18,2,2,24.0,33.0,12.0,72.73,22.0,2,0,0,0,2,48.48,6.06
415,15,7,2,2,19.0,12.0,9.5,158.33,19.0,4,0,0,0,1,41.67,33.33
415,15,8,1,1,33.0,22.0,33.0,150.0,33.0,4,0,0,0,0,13.64,18.18
415,15,9,1,1,30.0,21.0,30.0,142.86,30.0,3,2,0,0,1,42.86,23.81
415,15,11,3,3,88.0,66.0,29.33,133.33,67.0,7,4,1,0,3,34.85,16.67
415,15,12,2,2,46.0,38.0,23.0,121.05,45.0,3,3,0,0,2,42.11,15.79
415,15,13,2,2,22.0,20.0,11.0,110.0,22.0,4,0,0,0,1,50.0,20.0
415,15,14,2,2,97.0,74.0,48.5,131.08,56.0,9,3,1,0,2,36.49,16.22
415,15,15,2,2,78.0,57.0,39.0,136.84,73.0,9,2,1,0,1,33.33,19.3
415,15,16,1,1,71.0,47.0,71.0,151.06,71.0,7,2,1,0,1,21.28,19.15
415,15,17,2,2,87.0,40.0,43.5,217.5,62.0,10,5,1,0,3,25.0,37.5
415,15,18,2,2,53.0,35.0,26.5,151.43,50.0,3,3,1,0,2,25.71,17.14
75,18,15,1,1,8.0,7.0,8.0,114.29,8.0,1,0,0,0,1,42.86,14.29
75,11,14,1,1,0.0,1.0,0.0,0.0,0.0,0,0,0,0,0,100.0,0.0
75,15,14,1,1,6.0,11.0,6.0,54.55,6.0,0,0,0,0,1,45.45,0.0
51,1,16,1,1,1.0,5.0,1.0,20.0,1.0,0,0,0,0,0,80.0,0.0
51,17,15,1,1,2.0,8.0,2.0,25.0,2.0,0,0,0,0,0,75.0,0.0
51,8,18,1,1,2.0,2.0,2.0,100.0,2.0,0,0,0,0,0,0.0,0.0
378,5,2,1,1,1.0,3.0,1.0,33.33,1.0,0,0,0,0,1,66.67,0.0
378,17,2,1,1,3.0,2.0,3.0,150.0,3.0,0,0,0,0,0,50.0,0.0
204,6,3,2,2,21.0,23.0,10.5,91.3,17.0,1,0,0,0,2,26.09,4.35
204,16,3,2,2,44.0,40.0,22.0,110.0,36.0,5,0,0,0,1,32.5,12.5
204,2,3,1,1,0.0,2.0,0.0,0.0,0.0,0,0,0,0,1,100.0,0.0
204,13,3,1,1,45.0,38.0,45.0,118.42,45.0,5,1,0,0,1,28.95,15.79
204,4,4,1,1,16.0,15.0,16.0,106.67,16.0,3,0,0,0,1,53.33,20.0
204,9,3,2,2,44.0,36.0,22.0,122.22,31.0,7,0,0,0,2,36.11,19.44
204,9,4,1,1,3.0,4.0,3.0,75.0,3.0,0,0,0,0,0,25.0,0.0
204,5,3,1,1,10.0,15.0,10.0,66.67,10.0,1,0,0,0,1,53.33,6.67
416,6,18,1,1,5.0,5.0,5.0,100.0,5.0,1,0,0,0,1,60.0,20.0
416,1,17,1,1,1.0,3.0,1.0,33.33,1.0,0,0,0,0,1,66.67,0.0
416,9,17,1,1,8.0,7.0,8.0,114.29,8.0,0,1,0,0,1,57.14,14.29
416,18,17,1,1,1.0,2.0,1.0,50.0,1.0,0,0,0,0,0,0.0,0.0
416,5,18,1,1,12.0,6.0,12.0,200.0,12.0,1,1,0,0,1,33.33,33.33
416,11,17,2,2,4.0,10.0,2.0,40.0,4.0,0,0,0,0,2,50.0,0.0
128,6,1,2,2,130.0,86.0,65.0,151.16,80.0,16,2,2,0,2,20.93,20.93
128,6,2,2,2,13.0,15.0,6.5,86.67,13.0,2,0,0,0,2,53.33,13.33
128,6,3,1,1,57.0,56.0,57.0,101.79,57.0,5,0,1,0,0,44.64,8.93
128,6,4,2,2,17.0,21.0,8.5,80.95,16.0,2,0,0,0,2,57.14,9.52
128,6,5,3,3,127.0,99.0,42.33,128.28,63.0,12,4,2,0,3,30.3,16.16
128,6,6,2,2,39.0,27.0,19.5,144.44,25.0,8,0,0,0,2,40.74,29.63
128,6,7,2,2,27.0,26.0,13.5,103.85,21.0,4,0,0,0,1,46.15,15.38
128,6,8,2,2,19.0,17.0,9.5,111.76,19.0,0,2,0,0,2,52.94,11.76
128,16,1,2,2,91.0,57.0,45.5,159.65,79.0,9,3,1,0,2,26.32,21.05
128,16,2,3,3,36.0,45.0,12.0,80.0,19.0,3,1,0,0,3,53.33,8.89
128,16,3,1,1,4.0,9.0,4.0,44.44,4.0,0,0,0,0,1,55.56,0.0
128,16,4,2,2,64.0,40.0,32.0,160.0,35.0,7,1,0,0,2,20.0,20.0
128,16,5,1,1,30.0,28.0,30.0,107.14,30.0,4,0,0,0,1,42.86,14.29
128,2,4,1,1,18.0,19.0,18.0,94.74,18.0,2,0,0,0,1,42.11,10.53
128,2,5,3,3,84.0,52.0,28.0,161.54,36.0,9,3,0,0,2,28.85,23.08
128,2,6,1,1,41.0,29.0,41.0,141.38,41.0,5,1,0,0,1,27.59,20.69
128,2,7,2,2,69.0,60.0,34.5,115.0,69.0,5,2,1,0,2,30.0,11.67
128,2,8,2,2,72.0,59.0,36.0,122.03,60.0,10,0,1,0,2,30.51,16.95
128,2,9,2,2,44.0,49.0,22.0,89.8,38.0,5,0,0,0,1,42.86,10.2
128,2,10,2,2,85.0,64.0,42.5,132.81,71.0,13,0,1,0,2,32.81,20.31
128,14,9,2,2,13.0,14.0,6.5,92.86,8.0,1,0,0,0,1,50.0,7.14
128,14,10,2,2,109.0,76.0,54.5,143.42,76.0,14,1,1,0,1,23.68,19.74
128,13,1,2,2,58.0,42.0,29.0,138.1,40.0,10,0,0,0,2,42.86,23.81
128,13,2,2,2,23.0,24.0,11.5,95.83,15.0,2,0,0,0,1,37.5,8.33
128,13,3,2,2,98.0,66.0,49.0,148.48,72.0,14,1,1,0,3,34.85,22.73
128,13,4,1,1,45.0,44.0,45.0,102.27,45.0,4,0,0,0,0,27.27,9.09
128,13,5,2,2,88.0,57.0,44.0,154.39,66.0,11,1,1,0,1,26.32,21.05
128,13,6,2,2,68.0,45.0,34.0,151.11,60.0,11,0,1,0,2,26.67,24.44
128,13,7,4,4,88.0,70.0,22.0,125.71,63.0,10,0,1,0,3,28.57,14.29
128,13,8,2,2,35.0,42.0,17.5,83.33,24.0,5,0,0,0,2,52.38,11.9
128,13,9,2,2,88.0,79.0,44.0,111.39,54.0,9,1,1,0,1,34.18,12.66
128,13,10,2,2,80.0,67.0,40.0,119.4,72.0,11,0,1,0,1,28.36,16.42
128,13,11,2,2,59.0,55.0,29.5,107.27,55.0,5,1,1,0,1,29.09,10.91
128,4,4,2,2,3.0,6.0,1.5,50.0,3.0,0,0,0,0,2,66.67,0.0
128,9,1,1,1,10.0,7.0,10.0,142.86,10.0,2,0,0,0,1,42.86,28.57
128,9,2,2,2,89.0,81.0,44.5,109.88,71.0,10,0,1,0,1,39.51,12.35
128,9,3,2,2,48.0,31.0,24.0,154.84,47.0,6,1,0,0,2,19.35,22.58
128,9,11,1,1,8.0,7.0,8.0,114.29,8.0,1,0,0,0,1,28.57,14.29
128,5,1,2,2,20.0,18.0,10.0,111.11,19.0,2,1,0,0,2,50.0,16.67
128,5,2,2,2,66.0,61.0,33.0,108.2,47.0,9,0,0,0,2,40.98,14.75
128,5,3,1,1,17.0,9.0,17.0,188.89,17.0,3,0,0,0,1,22.22,33.33
128,5,4,2,2,12.0,15.0,6.0,80.0,8.0,1,1,0,0,2,60.0,13.33
128,5,5,2,2,27.0,25.0,13.5,108.0,27.0,3,1,0,0,2,48.0,16.0
128,5,6,2,2,26.0,22.0,13.0,118.18,26.0,2,1,0,0,2,45.45,13.64
128,5,7,2,2,14.0,26.0,7.0,53.85,14.0,1,0,0,0,2,61.54,3.85
128,5,8,2,2,95.0,72.0,47.5,131.94,57.0,12,1,1,0,3,31.94,18.06
128,5,9,2,2,123.0,97.0,61.5,126.8,64.0,10,2,2,0,2,25.77,12.37
128,5,10,3,3,52.0,44.0,17.33,118.18,21.0,8,1,0,0,3,50.0,20.45
128,5,11,1,1,15.0,16.0,15.0,93.75,15.0,2,0,0,0,1,50.0,12.5
128,7,4,1,1,54.0,46.0,54.0,117.39,54.0,7,0,1,0,0,32.61,15.22
128,7,5,2,2,66.0,48.0,33.0,137.5,56.0,5,2,1,0,2,25.0,14.58
128,7,6,2,2,62.0,61.0,31.0,101.64,50.0,7,0,1,0,2,40.98,11.48
128,11,1,3,3,100.0,84.0,33.33,119.05,58.0,12,1,1,0,2,32.14,15.48
128,11,2,2,2,16.0,14.0,8.0,114.29,8.0,2,0,0,0,2,42.86,14.29
128,11,3,2,2,52.0,45.0,26.0,115.56,43.0,4,0,0,0,3,22.22,8.89
128,11,4,2,2,110.0,79.0,55.0,139.24,75.0,14,1,1,0,0,24.05,18.99
128,11,5,2,2,11.0,12.0,5.5,91.67,11.0,2,0,0,0,1,58.33,16.67
128,11,6,2,2,34.0,36.0,17.0,94.44,22.0,2,1,0,0,2,47.22,8.33
128,11,7,2,2,99.0,78.0,49.5,126.92,54.0,10,1,1,0,2,28.21,14.1
128,11,8,1,1,1.0,3.0,1.0,33.33,1.0,0,0,0,0,1,66.67,0.0
128,3,9,2,2,11.0,6.0,5.5,183.33,11.0,2,0,0,0,2,16.67,33.33
128,3,10,2,2,86.0,65.0,43.0,132.31,62.0,9,2,1,0,3,30.77,16.92
128,17,1,2,2,125.0,85.0,62.5,147.06,86.0,17,1,1,0,3,25.88,21.18
128,17,2,2,2,43.0,38.0,21.5,113.16,27.0,4,1,0,0,2,42.11,13.16
128,17,3,1,1,1.0,1.0,1.0,100.0,1.0,0,0,0,0,0,0.0,0.0
128,17,4,2,2,55.0,47.0,27.5,117.02,48.0,7,0,0,0,2,34.04,14.89
128,17,5,2,2,157.0,90.0,78.5,174.44,93.0,18,6,2,0,2,25.56,26.67
128,17,6,2,2,73.0,61.0,36.5,119.67,59.0,10,1,1,0,2,39.34,18.03
128,17,7,2,2,4.0,5.0,2.0,80.0,4.0,1,0,0,0,2,80.0,20.0
128,17,8,2,2,70.0,54.0,35.0,129.63,58.0,9,1,1,0,2,33.33,18.52
128,17,9,2,2,88.0,63.0,44.0,139.68,51.0,11,1,1,0,2,25.4,19.05
128,17,10,2,2,28.0,27.0,14.0,103.7,14.0,1,1,0,0,2,33.33,7.41
128,17,11,1,1,3.0,10.0,3.0,30.0,3.0,0,0,0,0,1,70.0,0.0
128,15,6,2,2,63.0,62.0,31.5,101.61,53.0,6,1,1,0,2,43.55,11.29
128,15,7,2,2,34.0,28.0,17.0,121.43,28.0,5,1,0,0,2,53.57,21.43
128,15,8,2,2,35.0,31.0,17.5,112.9,31.0,5,0,0,0,2,41.94,16.13
128,15,9,3,3,134.0,103.0,44.67,130.1,90.0,16,2,1,0,3,33.01,17.48
128,15,10,3,3,58.0,46.0,19.33,126.09,32.0,6,2,0,0,2,41.3,17.39
703,6,8,1,1,2.0,1.0,2.0,200.0,2.0,0,0,0,0,0,0.0,0.0
703,13,8,1,1,5.0,5.0,5.0,100.0,5.0,0,0,0,0,0,0.0,0.0
703,5,5,1,1,2.0,5.0,2.0,40.0,2.0,0,0,0,0,1,60.0,0.0
703,17,5,1,1,13.0,11.0,13.0,118.18,13.0,1,0,0,0,1,18.18,9.09
769,6,1,2,2,126.0,95.0,63.0,132.63,91.0,13,4,1,0,2,34.74,17.89
769,6,2,2,2,32.0,38.0,16.0,84.21,30.0,2,0,0,0,2,34.21,5.26
769,16,1,2,2,111.0,88.0,55.5,126.14,71.0,13,2,1,0,2,32.95,17.05
769,16,2,2,2,1.0,5.0,0.5,20.0,1.0,0,0,0,0,2,80.0,0.0
769,2,1,2,2,49.0,48.0,24.5,102.08,25.0,8,0,0,0,4,52.08,16.67
769,2,2,2,2,44.0,50.0,22.0,88.0,44.0,5,0,0,0,1,42.0,10.0
769,2,3,1,1,18.0,17.0,18.0,105.88,18.0,3,0,0,0,1,52.94,17.65
769,2,4,1,1,12.0,14.0,12.0,85.71,12.0,2,0,0,0,1,64.29,14.29
769,13,2,2,2,79.0,50.0,39.5,158.0,77.0,12,1,1,0,2,30.0,26.0
769,13,4,1,1,0.0,1.0,0.0,0.0,0.0,0,0,0,0,1,100.0,0.0
769,4,4,1,1,24.0,24.0,24.0,100.0,24.0,3,0,0,0,1,50.0,12.5
769,9,1,2,2,26.0,31.0,13.0,83.87,24.0,4,0,0,0,2,58.06,12.9
769,9,2,1,1,15.0,21.0,15.0,71.43,15.0,1,0,0,0,1,47.62,4.76
769,5,1,1,1,5.0,9.0,5.0,55.56,5.0,0,0,0,0,1,55.56,0.0
769,5,2,1,1,19.0,19.0,19.0,100.0,19.0,3,0,0,0,1,52.63,15.79
769,5,3,1,1,26.0,22.0,26.0,118.18,26.0,4,0,0,0,2,45.45,18.18
769,5,4,1,1,6.0,12.0,6.0,50.0,6.0,1,0,0,0,1,75.0,8.33
769,17,1,2,2,124.0,91.0,62.0,136.26,75.0,16,2,1,0,1,29.67,19.78
769,17,2,2,2,22.0,33.0,11.0,66.67,20.0,4,0,0,0,2,69.7,12.12
406,10,12,2,2,3.0,6.0,1.5,50.0,2.0,0,0,0,0,1,33.33,0.0
406,17,12,1,1,0.0,1.0,0.0,0.0,0.0,0,0,0,0,1,100.0,0.0
273,5,1,1,1,0.0,2.0,0.0,0.0,0.0,0,0,0,0,1,100.0,0.0
273,11,1,1,1,4.0,3.0,4.0,133.33,4.0,1,0,0,0,0,66.67,33.33
702,6,14,1,1,14.0,8.0,14.0,175.0,14.0,1,1,0,0,0,25.0,25.0
702,9,14,1,1,8.0,12.0,8.0,66.67,8.0,0,1,0,0,1,83.33,8.33
702,18,16,1,1,0.0,1.0,0.0,0.0,0.0,0,0,0,0,1,100.0,0.0
702,5,14,1,1,4.0,13.0,4.0,30.77,4.0,0,0,0,0,1,69.23,0.0
702,5,16,1,1,1.0,4.0,1.0,25.0,1.0,0,0,0,0,1,75.0,0.0
702,11,16,2,2,33.0,13.0,16.5,253.85,25.0,1,4,0,0,2,30.77,38.46
702,17,16,1,1,5.0,4.0,5.0,125.0,5.0,1,0,0,0,1,50.0,25.0
726,6,6,2,2,5.0,11.0,2.5,45.45,3.0,0,0,0,0,1,54.55,0.0
726,6,8,1,1,8.0,5.0,8.0,160.0,8.0,1,0,0,0,1,20.0,20.0
726,2,6,2,2,28.0,32.0,14.0,87.5,17.0,2,1,0,0,1,53.12,9.38
726,13,6,2,2,51.0,46.0,25.5,110.87,46.0,6,0,0,0,2,41.3,13.04
726,13,8,1,1,9.0,8.0,9.0,112.5,9.0,2,0,0,0,1,62.5,25.0
726,13,12,1,1,2.0,5.0,2.0,40.0,2.0,0,0,0,0,1,60.0,0.0
726,9,6,2,2,7.0,15.0,3.5,46.67,6.0,0,0,0,0,2,53.33,0.0
726,9,8,1,1,6.0,12.0,6.0,50.0,6.0,0,0,0,0,1,50.0,0.0
726,9,12,1,1,2.0,3.0,2.0,66.67,2.0,0,0,0,0,1,33.33,0.0
726,5,6,2,2,66.0,60.0,33.0,110.0,41.0,6,0,0,0,2,26.67,10.0
726,5,8,1,1,16.0,10.0,16.0,160.0,16.0,3,0,0,0,1,30.0,30.0
726,7,6,2,2,12.0,20.0,6.0,60.0,11.0,1,0,0,0,2,65.0,5.0
726,11,6,3,3,24.0,45.0,8.0,53.33,19.0,0,0,0,0,3,53.33,0.0
726,17,6,2,2,48.0,49.0,24.0,97.96,44.0,2,0,0,0,1,22.45,4.08
430,12,14,1,1,0.0,1.0,0.0,0.0,0.0,0,0,0,0,1,100.0,0.0
430,15,14,1,1,2.0,3.0,2.0,66.67,2.0,0,0,0,0,0,33.33,0.0
475,6,7,3,3,58.0,25.0,19.33,232.0,40.0,8,2,0,0,1,12.0,40.0
475,6,8,2,2,13.0,10.0,6.5,130.0,12.0,2,0,0,0,2,40.0,20.0
475,2,7,2,2,7.0,8.0,3.5,87.5,6.0,0,0,0,0,1,25.0,0.0
475,2,8,2,2,37.0,27.0,18.5,137.04,19.0,4,1,0,0,2,33.33,18.52
475,2,9,1,1,8.0,18.0,8.0,44.44,8.0,1,0,0,0,0,55.56,5.56
475,13,2,1,1,15.0,12.0,15.0,125.0,15.0,3,0,0,0,1,50.0,25.0
475,13,9,1,1,9.0,11.0,9.0,81.82,9.0,2,0,0,0,1,72.73,18.18
475,9,2,1,1,30.0,27.0,30.0,111.11,30.0,4,0,0,0,2,37.04,14.81
475,9,7,4,4,50.0,45.0,12.5,111.11,26.0,2,2,0,0,4,33.33,8.89
475,9,8,1,1,60.0,45.0,60.0,133.33,60.0,5,2,1,0,1,28.89,15.56
475,9,9,1,1,33.0,27.0,33.0,122.22,33.0,3,1,0,0,1,40.74,14.81
475,5,7,2,2,54.0,44.0,27.0,122.73,39.0,4,2,0,0,2,40.91,13.64
475,5,8,2,2,82.0,50.0,41.0,164.0,61.0,5,3,1,0,0,8.0,16.0
475,11,7,1,1,26.0,18.0,26.0,144.44,26.0,1,1,0,0,0,11.11,11.11
475,11,8,1,1,24.0,18.0,24.0,133.33,24.0,2,1,0,0,1,38.89,16.67
475,17,3,1,1,18.0,27.0,18.0,66.67,18.0,2,0,0,0,2,55.56,7.41
475,17,7,2,2,17.0,23.0,8.5,73.91,16.0,1,0,0,0,1,39.13,4.35
475,17,8,2,2,15.0,13.0,7.5,115.38,13.0,1,0,0,0,2,23.08,7.69
475,17,9,1,1,0.0,2.0,0.0,0.0,0.0,0,0,0,0,1,50.0,0.0
475,15,7,2,2,45.0,27.0,22.5,166.67,35.0,3,3,0,0,1,29.63,22.22
475,15,8,2,2,28.0,27.0,14.0,103.7,22.0,3,0,0,0,2,37.04,11.11
475,15,9,1,1,34.0,40.0,34.0,85.0,34.0,3,1,0,0,1,47.5,10.0
63,6,7,3,3,198.0,87.0,66.0,227.59,95.0,22,11,2,0,3,19.54,37.93
63,6,8,1,1,6.0,14.0,6.0,42.86,6.0,1,0,0,0,1,78.57,7.14
63,6,11,2,2,11.0,12.0,5.5,91.67,6.0,1,0,0,0,2,33.33,8.33
63,6,13,1,1,11.0,7.0,11.0,157.14,11.0,1,0,0,0,0,28.57,14.29
63,6,14,2,2,33.0,24.0,16.5,137.5,22.0,3,1,0,0,2,37.5,16.67
63,6,15,2,2,29.0,14.0,14.5,207.14,26.0,2,2,0,0,1,14.29,28.57
63,6,16,1,1,76.0,36.0,76.0,211.11,76.0,3,8,1,0,1,27.78,30.56
63,6,17,2,2,16.0,6.0,8.0,266.67,16.0,2,1,0,0,2,33.33,50.0
63,6,18,1,1,1.0,2.0,1.0,50.0,1.0,0,0,0,0,1,50.0,0.0
63,10,13,2,2,33.0,28.0,16.5,117.86,32.0,3,0,0,0,2,25.0,10.71
63,10,14,2,2,76.0,53.0,38.0,143.4,51.0,9,2,1,0,1,32.08,20.75
63,10,15,1,1,55.0,34.0,55.0,161.76,55.0,7,2,1,0,1,35.29,26.47
63,10,16,2,2,24.0,15.0,12.0,160.0,24.0,0,3,0,0,2,40.0,20.0
63,2,7,2,2,14.0,14.0,7.0,100.0,14.0,0,1,0,0,2,35.71,7.14
63,2,8,1,1,15.0,5.0,15.0,300.0,15.0,0,2,0,0,1,20.0,40.0
63,2,9,2,2,16.0,14.0,8.0,114.29,16.0,0,1,0,0,2,42.86,7.14
63,2,10,1,1,0.0,2.0,0.0,0.0,0.0,0,0,0,0,1,100.0,0.0
63,14,9,2,2,2.0,5.0,1.0,40.0,2.0,0,0,0,0,2,60.0,0.0
63,14,10,2,2,51.0,29.0,25.5,175.86,31.0,1,5,0,0,1,24.14,20.69
63,1,15,2,2,73.0,36.0,36.5,202.78,40.0,8,4,0,0,1,22.22,33.33
63,1,16,1,1,11.0,5.0,11.0,220.0,11.0,1,1,0,0,1,40.0,40.0
63,1,17,1,1,4.0,3.0,4.0,133.33,4.0,1,0,0,0,1,66.67,33.33
63,1,18,1,1,0.0,1.0,0.0,0.0,0.0,0,0,0,0,1,100.0,0.0
63,13,6,1,1,0.0,3.0,0.0,0.0,0.0,0,0,0,0,1,100.0,0.0
63,13,11,1,1,12.0,10.0,12.0,120.0,12.0,1,1,0,0,1,60.0,20.0
63,9,5,1,1,3.0,7.0,3.0,42.86,3.0,0,0,0,0,0,28.57,0.0
63,9,7,4,4,35.0,36.0,8.75,97.22,15.0,4,0,0,0,4,36.11,11.11
63,9,8,2,2,76.0,48.0,38.0,158.33,43.0,6,5,0,0,2,31.25,22.92
63,9,9,2,2,72.0,49.0,36.0,146.94,68.0,6,4,1,0,2,32.65,20.41
63,9,10,2,2,69.0,39.0,34.5,176.92,44.0,4,5,0,0,2,23.08,23.08
63,9,11,2,2,74.0,40.0,37.0,185.0,47.0,4,6,0,0,1,27.5,25.0
63,9,13,1,1,10.0,5.0,10.0,200.0,10.0,2,0,0,0,0,20.0,40.0
63,9,14,3,3,103.0,84.0,34.33,122.62,78.0,10,3,1,0,3,33.33,15.48
63,9,16,2,2,10.0,11.0,5.0,90.91,5.0,2,0,0,0,2,63.64,18.18
63,9,17,1,1,28.0,19.0,28.0,147.37,28.0,3,1,0,0,1,26.32,21.05
63,9,18,2,2,14.0,18.0,7.0,77.78,7.0,2,0,0,0,2,50.0,11.11
63,18,15,2,2,32.0,21.0,16.0,152.38,23.0,3,2,0,0,2,47.62,23.81
63,18,16,2,2,63.0,34.0,31.5,185.29,59.0,3,6,1,0,2,35.29,26.47
63,18,17,1,1,0.0,2.0,0.0,0.0,0.0,0,0,0,0,1,100.0,0.0
63,5,7,2,2,47.0,30.0,23.5,156.67,45.0,5,2,0,0,2,26.67,23.33
63,5,8,2,2,18.0,13.0,9.0,138.46,12.0,3,0,0,0,2,38.46,23.08
63,5,9,2,2,56.0,40.0,28.0,140.0,56.0,5,1,1,0,2,25.0,15.0
63,5,10,2,2,87.0,39.0,43.5,223.08,47.0,6,8,0,0,2,23.08,35.9
63,5,11,2,2,35.0,24.0,17.5,145.83,22.0,5,1,0,0,3,41.67,25.0
63,5,13,2,2,11.0,20.0,5.5,55.0,11.0,0,0,0,0,2,50.0,0.0
63,5,14,2,2,95.0,65.0,47.5,146.15,56.0,9,5,1,0,2,33.85,21.54
63,5,15,1,1,8.0,2.0,8.0,400.0,8.0,2,0,0,0,0,0.0,100.0
63,5,16,2,2,80.0,36.0,40.0,222.22,68.0,8,6,1,0,1,25.0,38.89
63,5,17,1,1,0.0,4.0,0.0,0.0,0.0,0,0,0,0,1,100.0,0.0
63,7,6,1,1,13.0,7.0,13.0,185.71,13.0,1,1,0,0,0,28.57,28.57
63,12,14,2,2,57.0,34.0,28.5,167.65,57.0,3,4,1,0,2,26.47,20.59
63,12,15,1,1,35.0,22.0,35.0,159.09,35.0,3,1,0,0,1,22.73,18.18
63,12,16,1,1,0.0,1.0,0.0,0.0,0.0,0,0,0,0,1,100.0,0.0
63,12,17,1,1,3.0,5.0,3.0,60.0,3.0,0,0,0,0,1,40.0,0.0
63,11,6,1,1,23.0,17.0,23.0,135.29,23.0,0,3,0,0,1,58.82,17.65
63,11,7,1,1,89.0,45.0,89.0,197.78,89.0,8,6,1,0,1,24.44,31.11
63,11,8,2,3,9.0,12.0,4.5,75.0,7.0,1,0,0,0,2,58.33,8.33
63,11,11,2,2,22.0,17.0,11.0,129.41,17.0,2,1,0,0,3,47.06,17.65
63,11,13,2,2,19.0,15.0,9.5,126.67,13.0,3,0,0,0,0,33.33,20.0
63,11,14,1,1,50.0,30.0,50.0,166.67,50.0,6,1,1,0,0,16.67,23.33
63,11,15,2,2,24.0,14.0,12.0,171.43,24.0,1,2,0,0,2,35.71,21.43
63,11,16,2,2,131.0,77.0,65.5,170.13,77.0,11,7,2,0,2,25.97,23.38
63,11,17,2,2,1.0,4.0,0.5,25.0,1.0,0,0,0,0,2,75.0,0.0
63,11,18,1,1,30.0,21.0,30.0,142.86,30.0,3,1,0,0,1,28.57,19.05
63,3,9,1,1,32.0,14.0,32.0,228.57,32.0,3,2,0,0,0,21.43,35.71
63,3,10,2,2,44.0,23.0,22.0,191.3,44.0,3,4,0,0,1,30.43,30.43
63,17,5,1,1,3.0,4.0,3.0,75.0,3.0,0,0,0,0,1,50.0,0.0
63,17,7,2,2,31.0,17.0,15.5,182.35,25.0,2,2,0,0,2,23.53,23.53
63,17,8,2,2,11.0,15.0,5.5,73.33,10.0,1,0,0,0,2,53.33,6.67
63,17,10,2,2,49.0,33.0,24.5,148.48,43.0,4,4,0,0,1,30.3,24.24
63,17,11,1,1,4.0,6.0,4.0,66.67,4.0,0,0,0,0,1,50.0,0.0
63,17,13,1,1,5.0,6.0,5.0,83.33,5.0,0,0,0,0,1,33.33,0.0
63,15,7,2,2,138.0,65.0,69.0,212.31,95.0,7,14,1,0,3,27.69,32.31
63,15,8,1,1,11.0,6.0,11.0,183.33,11.0,1,1,0,0,1,50.0,33.33
63,15,9,1,1,1.0,2.0,1.0,50.0,1.0,0,0,0,0,1,50.0,0.0
63,15,10,2,2,10.0,14.0,5.0,71.43,10.0,2,0,0,0,2,78.57,14.29
63,15,11,2,2,11.0,11.0,5.5,100.0,9.0,1,0,0,0,1,36.36,9.09
63,15,13,2,2,19.0,25.0,9.5,76.0,12.0,0,0,0,0,2,36.0,0.0
63,15,14,2,2,99.0,66.0,49.5,150.0,59.0,8,5,1,0,1,31.82,19.7
63,15,15,2,2,45.0,35.0,22.5,128.57,33.0,5,2,0,0,2,40.0,20.0
63,15,16,1,1,5.0,3.0,5.0,166.67,5.0,1,0,0,0,0,33.33,33.33
63,15,18,1,1,3.0,7.0,3.0,42.86,3.0,0,0,0,0,1,57.14,0.0
277,9,2,1,1,15.0,16.0,15.0,93.75,15.0,1,0,0,0,1,43.75,6.25
467,11,17,1,1,19.0,15.0,19.0,126.67,19.0,1,1,0,0,1,26.67,13.33
405,6,6,2,2,31.0,27.0,15.5,114.81,31.0,3,0,0,0,2,25.93,11.11
405,6,8,1,1,15.0,14.0,15.0,107.14,15.0,3,0,0,0,1,57.14,21.43
405,6,13,1,1,2.0,2.0,2.0,100.0,2.0,0,0,0,0,0,0.0,0.0
405,16,5,1,1,29.0,12.0,29.0,241.67,29.0,4,1,0,0,0,0.0,41.67
405,10,12,1,1,27.0,19.0,27.0,142.11,27.0,2,1,0,0,1,21.05,15.79
405,2,5,2,2,34.0,16.0,17.0,212.5,26.0,6,1,0,0,2,31.25,43.75
405,14,9,1,1,0.0,3.0,0.0,0.0,0.0,0,0,0,0,1,100.0,0.0
405,9,6,2,2,28.0,16.0,14.0,175.0,28.0,2,2,0,0,1,18.75,25.0
405,9,8,2,2,15.0,17.0,7.5,88.24,11.0,0,1,0,0,2,41.18,5.88
405,9,9,1,1,11.0,11.0,11.0,100.0,11.0,1,0,0,0,2,27.27,9.09
405,9,13,1,1,21.0,26.0,21.0,80.77,21.0,4,0,0,0,1,65.38,15.38
405,5,6,2,2,2.0,5.0,1.0,40.0,2.0,0,0,0,0,2,60.0,0.0
405,5,9,1,1,6.0,4.0,6.0,150.0,6.0,1,0,0,0,0,25.0,25.0
405,5,13,1,1,14.0,11.0,14.0,127.27,14.0,2,0,0,0,0,36.36,18.18
405,11,5,1,1,23.0,24.0,23.0,95.83,23.0,2,0,0,0,1,33.33,8.33
405,11,6,1,1,10.0,15.0,10.0,66.67,10.0,1,0,0,0,1,60.0,6.67
405,11,12,1,1,6.0,3.0,6.0,200.0,6.0,1,0,0,0,1,33.33,33.33
405,11,13,1,1,19.0,17.0,19.0,111.76,19.0,1,0,0,0,0,29.41,5.88
405,3,9,1,1,51.0,30.0,51.0,170.0,51.0,3,3,1,0,1,20.0,20.0
405,17,6,1,1,20.0,20.0,20.0,100.0,20.0,3,0,0,0,1,55.0,15.0
405,17,8,1,1,2.0,3.0,2.0,66.67,2.0,0,0,0,0,1,33.33,0.0
405,17,9,1,1,18.0,18.0,18.0,100.0,18.0,2,0,0,0,1,33.33,11.11
405,15,6,1,1,17.0,12.0,17.0,141.67,17.0,1,1,0,0,2,16.67,16.67
405,15,8,1,1,3.0,5.0,3.0,60.0,3.0,0,0,0,0,1,40.0,0.0
405,15,9,1,1,27.0,20.0,27.0,135.0,27.0,4,0,0,0,1,35.0,20.0
405,15,12,1,1,65.0,48.0,65.0,135.42,65.0,8,1,1,0,1,22.92,18.75
405,15,13,1,1,15.0,24.0,15.0,62.5,15.0,1,0,0,0,0,45.83,4.17
17,5,1,1,1,2.0,5.0,2.0,40.0,2.0,0,0,0,0,1,60.0,0.0
569,6,11,1,1,7.0,7.0,7.0,100.0,7.0,1,0,0,0,1,57.14,14.29
569,6,16,1,1,17.0,16.0,17.0,106.25,17.0,1,0,0,0,1,18.75,6.25
569,6,17,2,2,30.0,32.0,15.0,93.75,20.0,1,1,0,0,1,34.38,6.25
569,6,18,1,1,7.0,8.0,7.0,87.5,7.0,1,0,0,0,1,50.0,12.5
569,10,12,1,1,3.0,3.0,3.0,100.0,3.0,0,0,0,0,1,33.33,0.0
569,10,16,2,2,84.0,46.0,42.0,182.61,53.0,5,5,1,0,1,15.22,21.74
569,10,17,1,1,15.0,8.0,15.0,187.5,15.0,0,2,0,0,1,37.5,25.0
569,10,18,1,1,32.0,19.0,32.0,168.42,32.0,2,2,0,0,1,15.79,21.05
569,1,16,1,1,64.0,44.0,64.0,145.45,64.0,4,3,1,0,1,25.0,15.91
569,1,17,1,1,24.0,13.0,24.0,184.62,24.0,1,2,0,0,1,30.77,23.08
569,1,18,2,2,50.0,37.0,25.0,135.14,27.0,3,2,0,0,2,24.32,13.51
569,9,11,1,1,18.0,18.0,18.0,100.0,18.0,1,0,0,0,0,27.78,5.56
569,9,16,2,2,52.0,26.0,26.0,200.0,36.0,3,4,0,0,1,15.38,26.92
569,9,17,3,3,111.0,67.0,37.0,165.67,63.0,4,9,1,0,3,26.87,19.4
569,9,18,2,2,138.0,60.0,69.0,230.0,105.0,9,11,1,1,1,11.67,33.33
569,18,16,1,1,47.0,29.0,47.0,162.07,47.0,3,3,0,0,1,27.59,20.69
569,18,18,2,2,73.0,45.0,36.5,162.22,47.0,6,2,0,0,1,11.11,17.78
569,5,11,1,1,0.0,1.0,0.0,0.0,0.0,0,0,0,0,1,100.0,0.0
569,5,16,2,2,54.0,29.0,27.0,186.21,36.0,6,2,0,0,2,17.24,27.59
569,5,17,2,2,82.0,38.0,41.0,215.79,80.0,4,7,1,0,1,18.42,28.95
569,5,18,2,2,108.0,72.0,54.0,150.0,71.0,12,4,1,0,2,33.33,22.22
569,12,17,2,2,51.0,35.0,25.5,145.71,42.0,4,2,0,0,2,28.57,17.14
569,12,18,1,1,21.0,14.0,21.0,150.0,21.0,2,1,0,0,0,21.43,21.43
569,11,12,1,1,6.0,7.0,6.0,85.71,6.0,0,0,0,0,1,14.29,0.0
569,11,16,1,1,26.0,12.0,26.0,216.67,26.0,2,2,0,0,1,25.0,33.33
569,11,17,2,2,92.0,53.0,46.0,173.58,50.0,3,7,1,0,1,24.53,18.87
569,11,18,1,1,34.0,14.0,34.0,242.86,34.0,5,1,0,0,1,14.29,42.86
569,17,11,1,1,32.0,21.0,32.0,152.38,32.0,3,1,0,0,1,28.57,19.05
569,17,16,1,1,104.0,51.0,104.0,203.92,104.0,8,6,1,1,1,13.73,27.45
569,8,17,2,2,74.0,34.0,37.0,217.65,67.0,2,8,1,0,2,20.59,29.41
569,8,18,1,1,24.0,13.0,24.0,184.62,24.0,2,2,0,0,1,30.77,30.77
293,6,1,1,1,28.0,14.0,28.0,200.0,28.0,1,3,0,0,1,35.71,28.57
293,6,2,2,2,5.0,3.0,2.5,166.67,4.0,1,0,0,0,2,33.33,33.33
293,6,3,2,2,34.0,25.0,17.0,136.0,33.0,2,3,0,0,2,40.0,20.0
293,6,5,2,2,1.0,5.0,0.5,20.0,1.0,0,0,0,0,2,80.0,0.0
293,6,6,4,4,60.0,44.0,15.0,136.36,25.0,6,3,0,0,2,40.91,20.45
293,6,7,2,2,7.0,4.0,3.5,175.0,7.0,0,1,0,0,1,50.0,25.0
293,6,8,3,3,36.0,27.0,12.0,133.33,24.0,3,2,0,0,1,44.44,18.52
293,16,2,2,2,20.0,9.0,10.0,222.22,20.0,1,2,0,0,2,22.22,33.33
293,16,3,1,1,49.0,18.0,49.0,272.22,49.0,8,2,0,0,0,11.11,55.56
293,16,4,1,1,17.0,12.0,17.0,141.67,17.0,1,1,0,0,1,41.67,16.67
293,2,2,2,2,22.0,13.0,11.0,169.23,12.0,2,1,0,0,2,15.38,23.08
293,2,5,2,2,48.0,34.0,24.0,141.18,33.0,7,1,0,0,2,29.41,23.53
293,2,6,1,1,1.0,1.0,1.0,100.0,1.0,0,0,0,0,0,0.0,0.0
293,2,7,2,2,12.0,8.0,6.0,150.0,10.0,1,1,0,0,2,37.5,25.0
293,2,8,2,2,14.0,14.0,7.0,100.0,9.0,1,1,0,0,2,57.14,14.29
293,2,9,1,1,0.0,1.0,0.0,0.0,0.0,0,0,0,0,1,100.0,0.0
293,2,10,1,1,2.0,2.0,2.0,100.0,2.0,0,0,0,0,0,0.0,0.0
293,14,9,2,2,11.0,18.0,5.5,61.11,8.0,1,0,0,0,2,61.11,5.56
293,14,10,1,1,0.0,1.0,0.0,0.0,0.0,0,0,0,0,1,100.0,0.0
293,13,1,1,1,0.0,1.0,0.0,0.0,0.0,0,0,0,0,1,100.0,0.0
293,13,2,1,1,6.0,5.0,6.0,120.0,6.0,1,0,0,0,1,40.0,20.0
293,13,3,2,2,10.0,8.0,5.0,125.0,9.0,1,0,0,0,1,12.5,12.5
293,13,4,1,1,12.0,7.0,12.0,171.43,12.0,1,1,0,0,1,42.86,28.57
293,13,5,2,2,4.0,5.0,2.0,80.0,4.0,1,0,0,0,2,80.0,20.0
293,13,6,1,1,5.0,8.0,5.0,62.5,5.0,0,0,0,0,1,37.5,0.0
293,13,8,1,1,64.0,24.0,64.0,266.67,64.0,5,6,1,0,1,25.0,45.83
293,13,9,1,1,14.0,10.0,14.0,140.0,14.0,1,1,0,0,0,40.0,20.0
293,13,10,1,1,2.0,4.0,2.0,50.0,2.0,0,0,0,0,0,50.0,0.0
293,13,11,1,1,19.0,22.0,19.0,86.36,19.0,2,1,0,0,1,54.55,13.64
293,9,2,2,2,24.0,15.0,12.0,160.0,18.0,1,2,0,0,2,46.67,20.0
293,9,4,2,2,41.0,34.0,20.5,120.59,30.0,6,1,0,0,1,50.0,20.59
293,9,5,1,1,1.0,2.0,1.0,50.0,1.0,0,0,0,0,1,50.0,0.0
293,9,6,1,1,7.0,2.0,7.0,350.0,7.0,0,1,0,0,0,0.0,50.0
293,9,7,1,1,0.0,2.0,0.0,0.0,0.0,0,0,0,0,1,100.0,0.0
293,9,10,1,1,1.0,1.0,1.0,100.0,1.0,0,0,0,0,0,0.0,0.0
293,5,11,1,1,8.0,5.0,8.0,160.0,8.0,1,0,0,0,1,20.0,20.0
293,5,12,1,1,1.0,3.0,1.0,33.33,1.0,0,0,0,0,1,66.67,0.0
293,5,14,1,1,2.0,2.0,2.0,100.0,2.0,0,0,0,0,0,50.0,0.0
293,7,4,1,1,9.0,3.0,9.0,300.0,9.0,0,1,0,0,0,0.0,33.33
293,7,5,2,2,16.0,16.0,8.0,100.0,16.0,2,0,0,0,2,43.75,12.5
293,7,6,1,1,4.0,3.0,4.0,133.33,4.0,1,0,0,0,0,66.67,33.33
293,11,2,1,1,7.0,8.0,7.0,87.5,7.0,0,0,0,0,0,12.5,0.0
293,11,3,1,1,8.0,6.0,8.0,133.33,8.0,1,0,0,0,2,16.67,16.67
293,11,4,2,2,11.0,8.0,5.5,137.5,10.0,0,1,0,0,0,25.0,12.5
293,11,5,1,1,18.0,6.0,18.0,300.0,18.0,1,2,0,0,0,33.33,50.0
293,11,6,3,3,22.0,12.0,7.33,183.33,15.0,2,1,0,0,1,16.67,25.0
293,3,9,1,1,45.0,30.0,45.0,150.0,45.0,7,1,0,0,0,43.33,26.67
293,3,10,1,1,7.0,2.0,7.0,350.0,7.0,0,1,0,0,1,0.0,50.0
293,17,1,1,1,2.0,2.0,2.0,100.0,2.0,0,0,0,0,0,0.0,0.0
293,17,3,1,1,4.0,6.0,4.0,66.67,4.0,0,0,0,0,1,50.0,0.0
293,17,4,1,1,13.0,7.0,13.0,185.71,13.0,1,1,0,0,1,28.57,28.57
293,17,5,1,1,20.0,12.0,20.0,166.67,20.0,3,0,0,0,0,16.67,25.0
293,17,6,2,2,17.0,9.0,8.5,188.89,16.0,3,0,0,0,1,22.22,33.33
293,17,7,1,1,8.0,8.0,8.0,100.0,8.0,1,0,0,0,1,50.0,12.5
293,17,8,2,2,3.0,4.0,1.5,75.0,3.0,0,0,0,0,2,50.0,0.0
293,17,14,1,1,2.0,2.0,2.0,100.0,2.0,0,0,0,0,0,0.0,0.0
293,15,7,1,1,1.0,3.0,1.0,33.33,1.0,0,0,0,0,1,66.67,0.0
293,15,8,1,1,0.0,4.0,0.0,0.0,0.0,0,0,0,0,1,100.0,0.0
293,15,9,2,2,22.0,25.0,11.0,88.0,21.0,2,0,0,0,0,44.0,8.0
293,15,10,2,2,4.0,6.0,2.0,66.67,3.0,0,0,0,0,0,33.33,0.0
293,15,11,1,1,2.0,9.0,2.0,22.22,2.0,0,0,0,0,0,66.67,0.0
345,6,3,1,1,0.0,1.0,0.0,0.0,0.0,0,0,0,0,1,100.0,0.0
345,9,5,1,1,14.0,6.0,14.0,233.33,14.0,3,0,0,0,1,33.33,50.0
345,11,5,1,1,1.0,1.0,1.0,100.0,1.0,0,0,0,0,0,0.0,0.0
345,15,6,1,1,3.0,4.0,3.0,75.0,3.0,0,0,0,0,0,50.0,0.0
52,6,17,1,1,17.0,13.0,17.0,130.77,17.0,2,0,0,0,0,15.38,15.38
52,10,12,1,1,20.0,12.0,20.0,166.67,20.0,2,1,0,0,0,25.0,25.0
52,10,14,1,1,4.0,2.0,4.0,200.0,4.0,1,0,0,0,0,0.0,50.0
52,10,15,1,1,1.0,2.0,1.0,50.0,1.0,0,0,0,0,1,50.0,0.0
52,10,16,2,2,2.0,6.0,1.0,33.33,2.0,0,0,0,0,2,66.67,0.0
52,10,17,1,1,2.0,2.0,2.0,100.0,2.0,0,0,0,0,0,50.0,0.0
52,10,18,1,1,7.0,2.0,7.0,350.0,7.0,0,1,0,0,0,0.0,50.0
52,1,16,1,1,8.0,5.0,8.0,160.0,8.0,0,1,0,0,1,40.0,20.0
52,1,17,2,2,30.0,14.0,15.0,214.29,29.0,4,1,0,0,1,21.43,35.71
52,9,15,1,1,14.0,18.0,14.0,77.78,14.0,1,1,0,0,1,66.67,11.11
52,9,16,1,1,17.0,9.0,17.0,188.89,17.0,2,1,0,0,0,33.33,33.33
52,18,16,1,1,6.0,4.0,6.0,150.0,6.0,1,0,0,0,1,25.0,25.0
52,5,14,1,1,14.0,19.0,14.0,73.68,14.0,0,0,0,0,0,36.84,0.0
52,5,16,1,1,5.0,2.0,5.0,250.0,5.0,1,0,0,0,1,0.0,50.0
52,5,17,1,1,21.0,20.0,21.0,105.0,21.0,2,1,0,0,1,45.0,15.0
52,11,17,1,1,3.0,3.0,3.0,100.0,3.0,0,0,0,0,0,0.0,0.0
52,17,14,2,2,28.0,19.0,14.0,147.37,25.0,1,2,0,0,0,21.05,15.79
52,17,15,1,1,7.0,5.0,7.0,140.0,7.0,0,1,0,0,1,60.0,20.0
52,17,16,1,1,13.0,13.0,13.0,100.0,13.0,1,0,0,0,1,23.08,7.69
52,8,17,1,1,2.0,2.0,2.0,100.0,2.0,0,0,0,0,0,50.0,0.0
52,8,18,1,1,4.0,11.0,4.0,36.36,4.0,0,0,0,0,1,72.73,0.0
52,15,14,1,1,18.0,18.0,18.0,100.0,18.0,1,0,0,0,0,33.33,5.56
52,15,16,1,1,1.0,2.0,1.0,50.0,1.0,0,0,0,0,1,50.0,0.0
48,1,17,1,1,14.0,19.0,14.0,73.68,14.0,0,0,0,0,1,31.58,0.0
48,9,5,1,1,6.0,6.0,6.0,100.0,6.0,0,0,0,0,1,16.67,0.0
48,18,16,1,1,22.0,22.0,22.0,100.0,22.0,3,0,0,0,1,40.91,13.64
48,5,16,1,1,41.0,28.0,41.0,146.43,41.0,4,2,0,0,1,35.71,21.43
48,5,17,1,1,13.0,15.0,13.0,86.67,13.0,2,0,0,0,1,60.0,13.33
48,11,4,1,1,13.0,19.0,13.0,68.42,13.0,0,0,0,0,1,36.84,0.0
48,17,4,1,1,1.0,1.0,1.0,100.0,1.0,0,0,0,0,0,0.0,0.0
48,17,16,1,1,13.0,9.0,13.0,144.44,13.0,1,1,0,0,0,44.44,22.22
145,10,15,1,1,0.0,1.0,0.0,0.0,0.0,0,0,0,0,0,100.0,0.0
145,10,18,1,1,0.0,1.0,0.0,0.0,0.0,0,0,0,0,1,100.0,0.0
145,1,18,1,1,1.0,2.0,1.0,50.0,1.0,0,0,0,0,0,50.0,0.0
145,18,15,1,1,2.0,1.0,2.0,200.0,2.0,0,0,0,0,1,0.0,0.0
145,18,18,1,1,10.0,9.0,10.0,111.11,10.0,2,0,0,0,0,44.44,22.22
145,5,18,1,1,4.0,8.0,4.0,50.0,4.0,0,0,0,0,1,62.5,0.0
145,12,18,1,1,3.0,6.0,3.0,50.0,3.0,0,0,0,0,1,66.67,0.0
145,8,18,1,1,5.0,6.0,5.0,83.33,5.0,1,0,0,0,1,66.67,16.67
145,15,16,1,1,0.0,1.0,0.0,0.0,0.0,0,0,0,0,1,100.0,0.0
145,15,18,1,1,34.0,21.0,34.0,161.9,34.0,2,3,0,0,1,38.1,23.81
82,6,16,1,1,18.0,13.0,18.0,138.46,18.0,3,0,0,0,1,46.15,23.08
82,10,16,2,2,7.0,16.0,3.5,43.75,7.0,0,0,0,0,2,56.25,0.0
82,9,16,2,2,100.0,59.0,50.0,169.49,100.0,12,3,1,1,1,23.73,25.42
82,18,16,1,1,3.0,4.0,3.0,75.0,3.0,0,0,0,0,1,50.0,0.0
82,5,16,2,2,9.0,8.0,4.5,112.5,9.0,2,0,0,0,2,62.5,25.0
82,12,16,1,1,13.0,14.0,13.0,92.86,13.0,3,0,0,0,1,71.43,21.43
82,11,16,1,1,13.0,21.0,13.0,61.9,13.0,1,0,0,0,1,66.67,4.76
82,17,16,1,1,27.0,19.0,27.0,142.11,27.0,2,1,0,0,0,21.05,15.79
667,10,15,1,1,12.0,10.0,12.0,120.0,12.0,1,0,0,0,0,20.0,10.0
667,1,15,1,1,6.0,10.0,6.0,60.0,6.0,0,0,0,0,1,40.0,0.0
667,18,15,1,1,4.0,4.0,4.0,100.0,4.0,1,0,0,0,1,75.0,25.0
527,6,12,1,1,1.0,5.0,1.0,20.0,1.0,0,0,0,0,0,80.0,0.0
637,6,1,2,2,18.0,20.0,9.0,90.0,10.0,3,1,0,0,2,75.0,20.0
637,6,2,2,2,69.0,58.0,34.5,118.97,69.0,6,2,1,0,1,34.48,13.79
637,6,3,2,2,63.0,62.0,31.5,101.61,45.0,6,1,0,0,2,41.94,11.29
637,2,1,1,1,22.0,22.0,22.0,100.0,22.0,1,2,0,0,1,59.09,13.64
637,2,2,2,2,0.0,6.0,0.0,0.0,0.0,0,0,0,0,2,100.0,0.0
637,2,3,1,1,31.0,26.0,31.0,119.23,31.0,2,2,0,0,1,42.31,15.38
637,13,1,2,2,51.0,43.0,25.5,118.6,44.0,3,3,0,0,2,41.86,13.95
637,13,2,2,2,39.0,50.0,19.5,78.0,26.0,4,0,0,0,2,58.0,8.0
637,13,3,1,1,23.0,23.0,23.0,100.0,23.0,2,0,0,0,1,30.43,8.7
637,9,1,1,1,5.0,7.0,5.0,71.43,5.0,1,0,0,0,1,71.43,14.29
637,9,2,2,2,71.0,60.0,35.5,118.33,43.0,8,1,0,0,1,38.33,15.0
637,9,3,2,2,69.0,69.0,34.5,100.0,50.0,7,1,1,0,2,39.13,11.59
637,9,5,2,2,79.0,82.0,39.5,96.34,66.0,8,2,1,0,1,51.22,12.2
637,5,2,2,2,58.0,49.0,29.0,118.37,58.0,6,2,1,0,2,34.69,16.33
637,5,3,2,2,44.0,31.0,22.0,141.94,27.0,6,2,0,0,2,48.39,25.81
637,11,1,1,1,19.0,20.0,19.0,95.0,19.0,2,0,0,0,1,45.0,10.0
637,11,2,1,1,8.0,10.0,8.0,80.0,8.0,1,0,0,0,1,50.0,10.0
637,11,3,1,1,25.0,14.0,25.0,178.57,25.0,2,2,0,0,1,35.71,28.57
637,17,1,2,2,52.0,41.0,26.0,126.83,47.0,7,2,0,0,2,48.78,21.95
637,17,2,3,3,126.0,98.0,42.0,128.57,60.0,7,7,2,0,2,31.63,14.29
637,17,3,1,1,12.0,10.0,12.0,120.0,12.0,1,1,0,0,1,60.0,20.0
637,17,5,1,1,2.0,6.0,2.0,33.33,2.0,0,0,0,0,1,66.67,0.0
399,6,8,3,3,22.0,12.0,7.33,183.33,21.0,0,3,0,0,2,33.33,25.0
399,6,11,2,2,35.0,28.0,17.5,125.0,22.0,2,1,0,0,0,17.86,10.71
399,6,12,4,4,77.0,47.0,19.25,163.83,25.0,4,5,0,0,1,25.53,19.15
399,6,13,1,1,14.0,10.0,14.0,140.0,14.0,0,2,0,0,1,60.0,20.0
399,6,14,1,1,16.0,7.0,16.0,228.57,16.0,0,2,0,0,1,28.57,28.57
399,6,15,1,1,7.0,6.0,7.0,116.67,7.0,1,0,0,0,1,33.33,16.67
399,6,16,3,3,37.0,30.0,12.33,123.33,21.0,1,2,0,0,2,26.67,10.0
399,6,17,1,1,2.0,6.0,2.0,33.33,2.0,0,0,0,0,1,66.67,0.0
399,10,12,2,2,32.0,17.0,16.0,188.24,32.0,2,3,0,0,2,35.29,29.41
399,10,13,3,3,40.0,21.0,13.33,190.48,37.0,0,5,0,0,2,28.57,23.81
399,10,14,2,2,17.0,19.0,8.5,89.47,17.0,2,0,0,0,2,47.37,10.53
399,10,15,1,1,31.0,27.0,31.0,114.81,31.0,4,0,0,0,1,40.74,14.81
399,10,16,2,2,64.0,57.0,32.0,112.28,59.0,8,0,1,0,1,36.84,14.04
399,10,17,2,2,85.0,57.0,42.5,149.12,46.0,7,4,0,0,2,29.82,19.3
399,10,18,2,2,5.0,10.0,2.5,50.0,3.0,0,0,0,0,2,50.0,0.0
399,2,8,2,2,5.0,9.0,2.5,55.56,5.0,1,0,0,0,2,77.78,11.11
399,2,9,1,1,2.0,2.0,2.0,100.0,2.0,0,0,0,0,0,0.0,0.0
399,2,10,2,2,53.0,37.0,26.5,143.24,29.0,1,5,0,0,2,35.14,16.22
399,2,11,2,2,29.0,20.0,14.5,145.0,27.0,2,1,0,0,2,35.0,15.0
399,14,9,2,2,9.0,14.0,4.5,64.29,7.0,1,0,0,0,2,50.0,7.14
399,14,10,2,2,10.0,8.0,5.0,125.0,6.0,1,0,0,0,1,12.5,12.5
399,1,17,1,1,11.0,4.0,11.0,275.0,11.0,1,1,0,0,1,25.0,50.0
399,1,18,3,3,34.0,29.0,11.33,117.24,22.0,1,3,0,0,2,48.28,13.79
399,13,9,1,1,4.0,2.0,4.0,200.0,4.0,1,0,0,0,1,50.0,50.0
399,13,10,2,2,45.0,17.0,22.5,264.71,30.0,2,5,0,0,1,23.53,41.18
399,13,11,2,2,32.0,25.0,16.0,128.0,23.0,2,1,0,0,2,24.0,12.0
399,13,12,2,2,50.0,32.0,25.0,156.25,31.0,5,1,0,0,2,25.0,18.75
399,13,13,2,3,39.0,16.0,19.5,243.75,30.0,3,3,0,0,1,12.5,37.5
399,9,8,1,1,61.0,31.0,61.0,196.77,61.0,8,2,1,0,0,12.9,32.26
399,9,9,1,1,9.0,10.0,9.0,90.0,9.0,0,0,0,0,1,30.0,0.0
399,9,10,2,2,30.0,13.0,15.0,230.77,29.0,3,2,0,0,0,15.38,38.46
399,9,11,2,2,54.0,33.0,27.0,163.64,35.0,4,3,0,0,1,24.24,21.21
399,9,12,1,1,91.0,34.0,91.0,267.65,91.0,6,9,1,0,1,14.71,44.12
399,9,13,2,2,39.0,24.0,19.5,162.5,21.0,5,2,0,0,1,41.67,29.17
399,9,14,1,1,15.0,17.0,15.0,88.24,15.0,2,0,0,0,1,47.06,11.76
399,9,15,1,1,67.0,49.0,67.0,136.73,67.0,4,2,1,0,1,24.49,12.24
399,9,16,1,1,26.0,20.0,26.0,130.0,26.0,2,1,0,0,1,30.0,15.0
399,9,17,2,2,3.0,7.0,1.5,42.86,2.0,0,0,0,0,2,57.14,0.0
399,18,15,2,2,44.0,41.0,22.0,107.32,33.0,5,1,0,0,2,48.78,14.63
399,18,16,2,2,91.0,65.0,45.5,140.0,66.0,3,6,1,0,2,29.23,13.85
399,18,17,2,2,16.0,14.0,8.0,114.29,16.0,1,1,0,0,2,50.0,14.29
399,18,18,2,2,33.0,23.0,16.5,143.48,28.0,2,1,0,0,2,21.74,13.04
399,5,15,1,1,24.0,14.0,24.0,171.43,24.0,4,0,0,0,0,7.14,28.57
399,5,16,3,3,45.0,30.0,15.0,150.0,28.0,4,2,0,0,2,33.33,20.0
399,12,14,2,2,41.0,34.0,20.5,120.59,40.0,4,2,0,0,1,47.06,17.65
399,12,15,2,2,28.0,25.0,14.0,112.0,27.0,5,0,0,0,1,48.0,20.0
399,12,16,1,1,8.0,11.0,8.0,72.73,8.0,1,0,0,0,1,45.45,9.09
399,12,17,1,1,10.0,6.0,10.0,166.67,10.0,0,1,0,0,1,33.33,16.67
399,12,18,2,2,41.0,28.0,20.5,146.43,26.0,3,3,0,0,2,39.29,21.43
399,11,11,2,2,40.0,23.0,20.0,173.91,36.0,4,2,0,0,2,26.09,26.09
399,11,12,2,2,51.0,26.0,25.5,196.15,28.0,3,4,0,0,1,26.92,26.92
399,11,13,2,2,90.0,40.0,45.0,225.0,60.0,4,8,1,0,0,12.5,30.0
399,11,14,1,1,5.0,6.0,5.0,83.33,5.0,0,0,0,0,0,50.0,0.0
399,11,15,3,3,161.0,109.0,53.67,147.71,87.0,16,5,1,0,1,24.77,19.27
399,11,16,2,2,67.0,34.0,33.5,197.06,39.0,6,4,0,0,1,17.65,29.41
399,11,17,2,2,44.0,31.0,22.0,141.94,34.0,7,0,0,0,2,41.94,22.58
399,11,18,1,1,48.0,23.0,48.0,208.7,48.0,6,1,0,0,0,8.7,30.43
399,3,9,1,1,9.0,11.0,9.0,81.82,9.0,2,0,0,0,1,63.64,18.18
399,3,10,4,4,72.0,45.0,18.0,160.0,35.0,4,6,0,0,4,31.11,22.22
399,17,8,2,2,24.0,10.0,12.0,240.0,16.0,0,3,0,0,1,20.0,30.0
399,17,9,1,1,2.0,3.0,2.0,66.67,2.0,0,0,0,0,0,33.33,0.0
399,17,10,2,2,23.0,13.0,11.5,176.92,14.0,0,2,0,0,0,23.08,15.38
399,17,11,2,2,67.0,47.0,33.5,142.55,50.0,6,3,1,0,1,27.66,19.15
399,17,12,2,2,69.0,30.0,34.5,230.0,37.0,7,5,0,0,0,26.67,40.0
399,17,13,2,3,33.0,30.0,16.5,110.0,17.0,0,3,0,0,2,40.0,10.0
399,17,14,2,2,16.0,16.0,8.0,100.0,13.0,2,0,0,0,2,43.75,12.5
399,17,15,2,2,65.0,52.0,32.5,125.0,62.0,4,3,1,0,2,34.62,13.46
399,8,17,1,1,21.0,6.0,21.0,350.0,21.0,0,3,0,0,0,0.0,50.0
399,8,18,1,1,42.0,15.0,42.0,280.0,42.0,3,4,0,0,1,20.0,46.67
399,15,9,2,2,9.0,21.0,4.5,42.86,7.0,0,0,0,0,2,57.14,0.0
399,15,10,2,2,17.0,27.0,8.5,62.96,15.0,0,0,0,0,1,48.15,0.0
399,15,11,1,1,3.0,19.0,3.0,15.79,3.0,0,0,0,0,1,78.95,0.0
399,15,12,2,3,39.0,26.0,19.5,150.0,25.0,1,3,0,0,2,34.62,15.38
399,15,13,1,1,28.0,19.0,28.0,147.37,28.0,2,2,0,0,1,36.84,21.05
399,15,14,2,2,17.0,13.0,8.5,130.77,10.0,1,1,0,0,2,38.46,15.38
399,15,15,2,2,60.0,48.0,30.0,125.0,50.0,6,1,1,0,1,25.0,14.58
399,15,16,1,1,8.0,6.0,8.0,133.33,8.0,1,0,0,0,1,33.33,16.67
399,15,17,1,1,24.0,20.0,24.0,120.0,24.0,1,1,0,0,1,25.0,10.0
399,15,18,1,1,21.0,9.0,21.0,233.33,21.0,3,1,0,0,1,22.22,44.44
480,2,9,1,1,1.0,5.0,1.0,20.0,1.0,0,0,0,0,1,80.0,0.0
480,2,10,2,2,35.0,32.0,17.5,109.38,19.0,5,0,0,0,1,46.88,15.62
480,14,10,2,2,169.0,100.0,84.5,169.0,104.0,17,7,2,1,2,23.0,24.0
480,9,10,1,1,25.0,27.0,25.0,92.59,25.0,4,0,0,0,1,55.56,14.81
480,5,9,1,1,0.0,5.0,0.0,0.0,0.0,0,0,0,0,1,100.0,0.0
480,5,10,1,1,104.0,60.0,104.0,173.33,104.0,8,6,1,1,0,21.67,23.33
480,3,9,1,1,30.0,27.0,30.0,111.11,30.0,4,1,0,0,1,51.85,18.52
480,3,10,1,1,28.0,27.0,28.0,103.7,28.0,2,1,0,0,1,37.04,11.11
480,17,9,2,2,30.0,26.0,15.0,115.38,21.0,2,1,0,0,2,30.77,11.54
480,17,10,2,2,59.0,41.0,29.5,143.9,58.0,4,3,1,0,1,24.39,17.07
480,15,9,1,1,96.0,56.0,96.0,171.43,96.0,14,2,1,0,1,21.43,28.57
480,15,10,1,1,0.0,1.0,0.0,0.0,0.0,0,0,0,0,1,100.0,0.0
139,6,15,2,2,43.0,48.0,21.5,89.58,25.0,5,0,0,0,2,50.0,10.42
139,6,16,1,1,18.0,13.0,18.0,138.46,18.0,3,0,0,0,0,23.08,23.08
139,18,16,1,1,0.0,1.0,0.0,0.0,0.0,0,0,0,0,0,100.0,0.0
139,17,16,1,1,5.0,3.0,5.0,166.67,5.0,1,0,0,0,1,33.33,33.33
224,6,8,3,3,2.0,4.0,0.67,50.0,2.0,0,0,0,0,3,50.0,0.0
224,6,11,1,1,36.0,16.0,36.0,225.0,36.0,1,4,0,0,0,18.75,31.25
224,6,14,2,2,3.0,13.0,1.5,23.08,3.0,0,0,0,0,2,76.92,0.0
224,6,17,1,1,12.0,13.0,12.0,92.31,12.0,1,1,0,0,1,69.23,15.38
224,16,5,1,1,5.0,5.0,5.0,100.0,5.0,0,0,0,0,0,0.0,0.0
224,10,16,1,1,6.0,4.0,6.0,150.0,6.0,0,1,0,0,1,50.0,25.0
224,10,18,1,1,5.0,9.0,5.0,55.56,5.0,0,0,0,0,1,44.44,0.0
224,2,5,1,1,0.0,1.0,0.0,0.0,0.0,0,0,0,0,1,100.0,0.0
224,1,17,1,1,0.0,1.0,0.0,0.0,0.0,0,0,0,0,1,100.0,0.0
224,13,7,1,1,6.0,3.0,6.0,200.0,6.0,1,0,0,0,1,33.33,33.33
224,13,12,1,1,0.0,2.0,0.0,0.0,0.0,0,0,0,0,1,100.0,0.0
224,9,5,1,1,10.0,9.0,10.0,111.11,10.0,1,0,0,0,1,22.22,11.11
224,9,8,1,1,9.0,4.0,9.0,225.0,9.0,0,1,0,0,0,25.0,25.0
224,9,14,2,2,20.0,16.0,10.0,125.0,12.0,3,0,0,0,3,37.5,18.75
224,9,15,1,1,10.0,6.0,10.0,166.67,10.0,2,0,0,0,0,33.33,33.33
224,9,16,1,1,0.0,2.0,0.0,0.0,0.0,0,0,0,0,1,100.0,0.0
224,9,18,1,1,3.0,5.0,3.0,60.0,3.0,0,0,0,0,1,40.0,0.0
224,18,15,1,1,0.0,1.0,0.0,0.0,0.0,0,0,0,0,0,100.0,0.0
224,18,18,1,1,12.0,11.0,12.0,109.09,12.0,0,0,0,0,0,9.09,0.0
224,5,7,1,1,6.0,2.0,6.0,300.0,6.0,0,1,0,0,1,50.0,50.0
224,5,13,1,1,5.0,9.0,5.0,55.56,5.0,1,0,0,0,1,77.78,11.11
224,5,14,1,1,4.0,3.0,4.0,133.33,4.0,0,0,0,0,0,0.0,0.0
224,5,17,1,1,1.0,4.0,1.0,25.0,1.0,0,0,0,0,0,75.0,0.0
224,5,18,1,1,1.0,1.0,1.0,100.0,1.0,0,0,0,0,0,0.0,0.0
224,12,14,2,2,32.0,14.0,16.0,228.57,31.0,3,2,0,0,1,14.29,35.71
224,12,15,1,1,11.0,7.0,11.0,157.14,11.0,2,0,0,0,1,28.57,28.57
224,11,8,1,1,6.0,2.0,6.0,300.0,6.0,0,1,0,0,0,0.0,50.0
224,11,13,1,1,16.0,15.0,16.0,106.67,16.0,1,0,0,0,1,33.33,6.67
224,11,15,3,3,18.0,17.0,6.0,105.88,9.0,0,2,0,0,2,52.94,11.76
224,8,17,1,1,0.0,1.0,0.0,0.0,0.0,0,0,0,0,1,100.0,0.0
224,15,7,1,1,1.0,2.0,1.0,50.0,1.0,0,0,0,0,0,50.0,0.0
224,15,8,1,1,2.0,2.0,2.0,100.0,2.0,0,0,0,0,1,50.0,0.0
224,15,11,1,1,24.0,17.0,24.0,141.18,24.0,0,2,0,0,0,17.65,11.76
224,15,15,1,1,4.0,8.0,4.0,50.0,4.0,0,0,0,0,1,62.5,0.0
474,2,4,1,1,7.0,4.0,7.0,175.0,7.0,1,0,0,0,0,0.0,25.0
383,6,1,1,1,4.0,3.0,4.0,133.33,4.0,0,0,0,0,0,0.0,0.0
383,6,3,1,1,6.0,15.0,6.0,40.0,6.0,0,0,0,0,1,60.0,0.0
383,6,4,1,1,1.0,1.0,1.0,100.0,1.0,0,0,0,0,0,0.0,0.0
383,6,12,1,1,10.0,3.0,10.0,333.33,10.0,1,1,0,0,0,33.33,66.67
383,16,2,1,1,9.0,9.0,9.0,100.0,9.0,0,1,0,0,1,55.56,11.11
383,13,1,1,1,0.0,1.0,0.0,0.0,0.0,0,0,0,0,0,100.0,0.0
383,9,4,1,1,1.0,1.0,1.0,100.0,1.0,0,0,0,0,0,0.0,0.0
383,9,17,1,1,1.0,3.0,1.0,33.33,1.0,0,0,0,0,0,66.67,0.0
383,5,1,1,1,4.0,5.0,4.0,80.0,4.0,1,0,0,0,1,60.0,20.0
383,5,2,1,1,6.0,3.0,6.0,200.0,6.0,1,0,0,0,0,0.0,33.33
383,5,4,1,1,1.0,2.0,1.0,50.0,1.0,0,0,0,0,0,50.0,0.0
383,11,1,2,2,3.0,2.0,1.5,150.0,2.0,0,0,0,0,0,0.0,0.0
383,11,2,1,1,1.0,1.0,1.0,100.0,1.0,0,0,0,0,1,0.0,0.0
383,11,4,1,1,1.0,1.0,1.0,100.0,1.0,0,0,0,0,0,0.0,0.0
383,3,10,1,1,1.0,5.0,1.0,20.0,1.0,0,0,0,0,1,80.0,0.0
383,17,3,1,1,0.0,2.0,0.0,0.0,0.0,0,0,0,0,1,100.0,0.0
383,8,17,1,1,0.0,4.0,0.0,0.0,0.0,0,0,0,0,0,100.0,0.0
383,15,10,2,2,7.0,7.0,3.5,100.0,5.0,1,0,0,0,1,42.86,14.29
383,15,16,1,1,1.0,1.0,1.0,100.0,1.0,0,0,0,0,0,0.0,0.0
491,10,13,2,2,5.0,5.0,2.5,100.0,4.0,1,0,0,0,2,60.0,20.0
491,13,13,1,1,10.0,5.0,10.0,200.0,10.0,0,1,0,0,0,0.0,20.0
491,15,13,1,1,0.0,1.0,0.0,0.0,0.0,0,0,0,0,1,100.0,0.0
622,17,6,1,1,0.0,2.0,0.0,0.0,0.0,0,0,0,0,1,100.0,0.0
212,6,1,3,3,46.0,35.0,15.33,131.43,40.0,3,3,0,0,1,42.86,17.14
212,6,2,1,1,14.0,12.0,14.0,116.67,14.0,1,0,0,0,1,33.33,8.33
212,6,3,2,2,83.0,59.0,41.5,140.68,44.0,9,2,0,0,1,32.2,18.64
212,6,4,1,1,44.0,34.0,44.0,129.41,44.0,3,2,0,0,0,32.35,14.71
212,6,5,1,1,13.0,17.0,13.0,76.47,13.0,0,0,0,0,0,35.29,0.0
212,6,6,2,2,6.0,11.0,3.0,54.55,4.0,0,0,0,0,2,45.45,0.0
212,16,2,2,2,27.0,23.0,13.5,117.39,17.0,3,0,0,0,2,30.43,13.04
212,16,3,2,2,61.0,30.0,30.5,203.33,60.0,3,5,1,0,1,10.0,26.67
212,16,4,2,2,17.0,24.0,8.5,70.83,12.0,1,0,0,0,2,33.33,4.17
212,16,5,1,1,5.0,11.0,5.0,45.45,5.0,0,0,0,0,1,54.55,0.0
212,2,1,1,1,10.0,7.0,10.0,142.86,10.0,2,0,0,0,1,28.57,28.57
212,2,2,2,2,27.0,18.0,13.5,150.0,21.0,0,3,0,0,2,50.0,16.67
212,2,3,2,2,33.0,33.0,16.5,100.0,21.0,3,0,0,0,2,30.3,9.09
212,13,4,1,1,3.0,7.0,3.0,42.86,3.0,0,0,0,0,1,42.86,0.0
212,13,5,2,2,24.0,17.0,12.0,141.18,19.0,4,0,0,0,1,29.41,23.53
212,13,6,2,2,15.0,24.0,7.5,62.5,14.0,1,0,0,0,1,54.17,4.17
212,13,7,2,2,6.0,11.0,3.0,54.55,5.0,0,0,0,0,2,45.45,0.0
212,13,9,2,2,4.0,5.0,2.0,80.0,2.0,0,0,0,0,2,20.0,0.0
212,4,4,2,2,18.0,13.0,9.0,138.46,13.0,1,1,0,0,0,15.38,15.38
212,9,1,2,2,31.0,30.0,15.5,103.33,24.0,3,0,0,0,1,23.33,10.0
212,9,2,2,2,51.0,33.0,25.5,154.55,32.0,7,1,0,0,1,27.27,24.24
212,9,3,1,1,22.0,14.0,22.0,157.14,22.0,1,1,0,0,1,7.14,14.29
212,9,4,1,1,9.0,12.0,9.0,75.0,9.0,0,1,0,0,1,66.67,8.33
212,9,5,3,3,84.0,45.0,28.0,186.67,42.0,7,4,0,0,1,15.56,24.44
212,9,6,1,1,4.0,7.0,4.0,57.14,4.0,0,0,0,0,1,42.86,0.0
212,9,7,1,1,23.0,19.0,23.0,121.05,23.0,2,0,0,0,1,26.32,10.53
212,9,9,1,1,7.0,8.0,7.0,87.5,7.0,0,0,0,0,0,12.5,0.0
212,5,1,2,2,15.0,8.0,7.5,187.5,9.0,0,1,0,0,1,25.0,12.5
212,5,2,2,2,7.0,13.0,3.5,53.85,7.0,0,0,0,0,2,46.15,0.0
212,5,3,2,2,33.0,20.0,16.5,165.0,18.0,2,1,0,0,1,10.0,15.0
212,5,4,2,2,23.0,19.0,11.5,121.05,23.0,4,0,0,0,2,42.11,21.05
212,5,5,1,1,0.0,1.0,0.0,0.0,0.0,0,0,0,0,1,100.0,0.0
212,5,6,1,1,10.0,12.0,10.0,83.33,10.0,0,0,0,0,1,33.33,0.0
212,5,7,1,1,1.0,1.0,1.0,100.0,1.0,0,0,0,0,0,0.0,0.0
212,5,10,1,1,2.0,3.0,2.0,66.67,2.0,0,0,0,0,1,33.33,0.0
212,7,4,1,1,14.0,16.0,14.0,87.5,14.0,1,0,0,0,1,37.5,6.25
212,7,5,1,1,15.0,11.0,15.0,136.36,15.0,0,1,0,0,1,9.09,9.09
212,7,6,2,2,28.0,29.0,14.0,96.55,24.0,3,0,0,0,1,34.48,10.34
212,11,1,1,1,12.0,19.0,12.0,63.16,12.0,0,1,0,0,1,63.16,5.26
212,11,2,2,2,58.0,50.0,29.0,116.0,39.0,4,2,0,0,2,34.0,12.0
212,11,3,2,2,25.0,24.0,12.5,104.17,24.0,1,0,0,0,1,20.83,4.17
212,11,4,1,1,9.0,6.0,9.0,150.0,9.0,2,0,0,0,0,33.33,33.33
212,11,5,1,1,7.0,5.0,7.0,140.0,7.0,1,0,0,0,0,20.0,20.0
212,11,6,1,1,1.0,1.0,1.0,100.0,1.0,0,0,0,0,0,0.0,0.0
212,11,7,1,1,21.0,21.0,21.0,100.0,21.0,2,0,0,0,1,38.1,9.52
212,17,1,1,1,17.0,17.0,17.0,100.0,17.0,1,1,0,0,0,47.06,11.76
212,17,2,1,1,12.0,9.0,12.0,133.33,12.0,2,0,0,0,1,33.33,22.22
212,17,3,2,2,19.0,6.0,9.5,316.67,16.0,2,1,0,0,1,0.0,50.0
212,17,4,1,1,13.0,7.0,13.0,185.71,13.0,0,2,0,0,0,57.14,28.57
212,17,5,2,2,28.0,19.0,14.0,147.37,24.0,2,1,0,0,2,15.79,15.79
212,17,6,2,3,53.0,23.0,26.5,230.43,30.0,5,4,0,0,0,21.74,39.13
212,17,7,1,1,4.0,2.0,4.0,200.0,4.0,1,0,0,0,0,0.0,50.0
212,15,6,2,2,36.0,49.0,18.0,73.47,23.0,1,0,0,0,2,40.82,2.04
235,6,8,1,1,2.0,2.0,2.0,100.0,2.0,0,0,0,0,1,50.0,0.0
235,2,10,1,1,0.0,2.0,0.0,0.0,0.0,0,0,0,0,0,100.0,0.0
235,13,7,1,1,4.0,4.0,4.0,100.0,4.0,1,0,0,0,1,75.0,25.0
235,5,9,1,1,5.0,7.0,5.0,71.43,5.0,1,0,0,0,1,71.43,14.29
235,5,11,1,1,2.0,2.0,2.0,100.0,2.0,0,0,0,0,0,0.0,0.0
235,5,13,1,1,13.0,10.0,13.0,130.0,13.0,2,0,0,0,0,30.0,20.0
235,11,7,1,1,4.0,6.0,4.0,66.67,4.0,1,0,0,0,1,83.33,16.67
235,17,8,1,1,3.0,4.0,3.0,75.0,3.0,0,0,0,0,0,25.0,0.0
381,6,3,1,1,0.0,1.0,0.0,0.0,0.0,0,0,0,0,0,0.0,0.0
381,6,4,1,1,3.0,3.0,3.0,100.0,3.0,0,0,0,0,0,33.33,0.0
381,6,8,1,1,0.0,3.0,0.0,0.0,0.0,0,0,0,0,1,100.0,0.0
381,2,1,1,1,1.0,2.0,1.0,50.0,1.0,0,0,0,0,0,50.0,0.0
381,2,5,1,1,1.0,1.0,1.0,100.0,1.0,0,0,0,0,0,0.0,0.0
381,2,10,1,1,5.0,7.0,5.0,71.43,5.0,0,0,0,0,0,42.86,0.0
381,14,9,1,1,33.0,25.0,33.0,132.0,33.0,3,1,0,0,0,28.0,16.0
381,4,4,1,1,12.0,9.0,12.0,133.33,12.0,1,0,0,0,0,22.22,11.11
381,5,6,1,1,6.0,11.0,6.0,54.55,6.0,0,0,0,0,0,36.36,0.0
381,5,8,1,1,20.0,15.0,20.0,133.33,20.0,4,0,0,0,0,33.33,26.67
381,11,5,1,1,1.0,2.0,1.0,50.0,1.0,0,0,0,0,0,50.0,0.0
381,15,6,1,1,2.0,3.0,2.0,66.67,2.0,0,0,0,0,0,33.33,0.0
381,15,9,1,1,4.0,2.0,4.0,200.0,4.0,1,0,0,0,0,0.0,50.0
708,9,4,1,1,3.0,9.0,3.0,33.33,3.0,0,0,0,0,1,77.78,0.0
708,9,5,1,1,3.0,7.0,3.0,42.86,3.0,0,0,0,0,1,57.14,0.0
708,5,5,1,1,2.0,7.0,2.0,28.57,2.0,0,0,0,0,1,71.43,0.0
708,5,10,1,1,28.0,31.0,28.0,90.32,28.0,3,0,0,0,1,45.16,9.68
708,7,5,1,1,10.0,7.0,10.0,142.86,10.0,0,0,0,0,0,0.0,0.0
708,11,4,1,1,25.0,28.0,25.0,89.29,25.0,3,0,0,0,1,50.0,10.71
708,15,10,1,1,5.0,8.0,5.0,62.5,5.0,0,0,0,0,0,25.0,0.0
186,10,12,1,1,6.0,11.0,6.0,54.55,6.0,0,0,0,0,1,45.45,0.0
186,9,11,1,1,1.0,6.0,1.0,16.67,1.0,0,0,0,0,1,83.33,0.0
35,6,11,1,1,40.0,29.0,40.0,137.93,40.0,4,1,0,0,1,27.59,17.24
35,6,12,2,2,51.0,57.0,25.5,89.47,28.0,4,1,0,0,2,43.86,8.77
35,6,13,1,1,68.0,37.0,68.0,183.78,68.0,6,5,1,0,0,35.14,29.73
35,6,14,1,1,11.0,10.0,11.0,110.0,11.0,1,0,0,0,1,20.0,10.0
35,6,15,2,2,6.0,6.0,3.0,100.0,6.0,1,0,0,0,2,66.67,16.67
35,6,16,2,2,39.0,30.0,19.5,130.0,32.0,6,0,0,0,2,33.33,20.0
35,6,17,1,1,23.0,15.0,23.0,153.33,23.0,3,1,0,0,1,40.0,26.67
35,6,18,1,1,44.0,34.0,44.0,129.41,44.0,5,1,0,0,1,32.35,17.65
35,10,13,4,4,188.0,111.0,47.0,169.37,72.0,17,9,2,0,1,23.42,23.42
35,10,14,1,1,26.0,28.0,26.0,92.86,26.0,1,1,0,0,1,35.71,7.14
35,10,15,2,2,129.0,83.0,64.5,155.42,81.0,14,6,1,0,1,33.73,24.1
35,10,16,1,1,31.0,26.0,31.0,119.23,31.0,6,0,0,0,1,50.0,23.08
35,10,17,2,2,62.0,37.0,31.0,167.57,42.0,8,2,0,0,2,27.03,27.03
35,10,18,1,1,2.0,5.0,2.0,40.0,2.0,0,0,0,0,1,60.0,0.0
35,2,9,2,2,4.0,8.0,2.0,50.0,2.0,0,0,0,0,1,37.5,0.0
35,2,10,2,2,38.0,31.0,19.0,122.58,34.0,5,1,0,0,2,41.94,19.35
35,2,11,2,2,49.0,36.0,24.5,136.11,44.0,5,2,0,0,2,38.89,19.44
35,1,15,1,1,45.0,29.0,45.0,155.17,45.0,5,1,0,0,1,20.69,20.69
35,1,16,2,2,44.0,41.0,22.0,107.32,31.0,5,1,0,0,2,51.22,14.63
35,1,17,1,1,0.0,4.0,0.0,0.0,0.0,0,0,0,0,1,100.0,0.0
35,1,18,2,2,30.0,31.0,15.0,96.77,17.0,2,0,0,0,2,29.03,6.45
35,13,9,2,2,38.0,32.0,19.0,118.75,27.0,5,0,0,0,2,34.38,15.62
35,13,10,1,1,29.0,24.0,29.0,120.83,29.0,3,0,0,0,1,20.83,12.5
35,13,11,2,2,45.0,31.0,22.5,145.16,25.0,1,5,0,0,2,51.61,19.35
35,13,12,1,1,7.0,10.0,7.0,70.0,7.0,1,0,0,0,0,60.0,10.0
35,13,13,2,2,35.0,39.0,17.5,89.74,28.0,2,1,0,0,2,41.03,7.69
35,9,10,1,1,4.0,11.0,4.0,36.36,4.0,0,0,0,0,1,63.64,0.0
35,9,11,1,1,62.0,21.0,62.0,295.24,62.0,5,6,1,0,1,23.81,52.38
35,9,14,2,2,15.0,16.0,7.5,93.75,14.0,0,1,0,0,2,43.75,6.25
35,9,15,2,2,65.0,64.0,32.5,101.56,51.0,6,1,1,0,2,40.62,10.94
35,9,16,1,1,58.0,25.0,58.0,232.0,58.0,5,5,1,0,1,28.0,40.0
35,9,17,2,2,53.0,29.0,26.5,182.76,40.0,6,3,0,0,2,41.38,31.03
35,9,18,2,2,31.0,25.0,15.5,124.0,29.0,4,1,0,0,2,40.0,20.0
35,18,15,2,2,21.0,37.0,10.5,56.76,13.0,2,0,0,0,2,59.46,5.41
35,18,16,2,2,74.0,51.0,37.0,145.1,59.0,11,1,1,0,2,35.29,23.53
35,18,17,2,2,46.0,51.0,23.0,90.2,32.0,4,0,0,0,2,37.25,7.84
35,18,18,2,2,35.0,29.0,17.5,120.69,35.0,3,2,0,0,2,48.28,17.24
35,5,10,2,2,59.0,49.0,29.5,120.41,48.0,7,2,0,0,2,42.86,18.37
35,5,18,2,2,3.0,7.0,1.5,42.86,2.0,0,0,0,0,2,57.14,0.0
35,12,14,1,1,6.0,17.0,6.0,35.29,6.0,0,0,0,0,1,64.71,0.0
35,12,15,1,1,3.0,6.0,3.0,50.0,3.0,0,0,0,0,1,50.0,0.0
35,12,16,2,2,76.0,45.0,38.0,168.89,75.0,7,4,1,0,2,26.67,24.44
35,12,17,1,1,8.0,8.0,8.0,100.0,8.0,1,0,0,0,1,37.5,12.5
35,12,18,1,1,9.0,6.0,9.0,150.0,9.0,1,0,0,0,0,16.67,16.67
35,11,11,2,2,70.0,53.0,35.0,132.08,58.0,5,3,1,0,2,35.85,15.09
35,11,12,1,1,5.0,3.0,5.0,166.67,5.0,1,0,0,0,1,33.33,33.33
35,11,13,2,2,37.0,37.0,18.5,100.0,37.0,4,1,0,0,2,45.95,13.51
35,11,14,1,1,50.0,25.0,50.0,200.0,50.0,5,3,1,0,0,32.0,32.0
35,11,15,2,2,80.0,61.0,40.0,131.15,54.0,9,2,1,0,2,37.7,18.03
35,11,16,1,1,28.0,23.0,28.0,121.74,28.0,4,0,0,0,1,26.09,17.39
35,11,17,2,2,16.0,17.0,8.0,94.12,16.0,2,1,0,0,2,64.71,17.65
35,11,18,1,1,106.0,47.0,106.0,225.53,106.0,11,6,1,1,0,14.89,36.17
35,3,9,1,1,0.0,1.0,0.0,0.0,0.0,0,0,0,0,1,100.0,0.0
35,3,10,1,1,31.0,24.0,31.0,129.17,31.0,3,2,0,0,1,54.17,20.83
35,17,10,2,2,55.0,27.0,27.5,203.7,39.0,6,4,0,0,2,40.74,37.04
35,17,11,2,2,0.0,2.0,0.0,0.0,0.0,0,0,0,0,2,100.0,0.0
35,17,12,1,1,21.0,9.0,21.0,233.33,21.0,0,3,0,0,1,33.33,33.33
35,17,13,2,2,124.0,77.0,62.0,161.04,99.0,5,10,1,0,2,28.57,19.48
35,17,14,2,2,37.0,31.0,18.5,119.35,28.0,3,1,0,0,2,35.48,12.9
35,17,15,1,1,26.0,28.0,26.0,92.86,26.0,3,0,0,0,1,50.0,10.71
35,17,16,2,2,52.0,34.0,26.0,152.94,42.0,6,4,0,0,2,55.88,29.41
35,8,17,1,1,69.0,34.0,69.0,202.94,69.0,7,5,1,0,1,32.35,35.29
35,8,18,1,1,94.0,48.0,94.0,195.83,94.0,7,5,1,0,0,12.5,25.0
35,15,10,1,1,61.0,40.0,61.0,152.5,61.0,5,4,1,0,1,35.0,22.5
35,15,11,2,2,9.0,12.0,4.5,75.0,9.0,2,0,0,0,2,66.67,16.67
35,15,12,1,1,17.0,21.0,17.0,80.95,17.0,2,0,0,0,1,47.62,9.52
35,15,13,2,2,64.0,53.0,32.0,120.75,33.0,2,4,0,0,2,30.19,11.32
35,15,14,2,2,96.0,53.0,48.0,181.13,84.0,11,4,1,0,2,24.53,28.3
35,15,15,1,1,43.0,34.0,43.0,126.47,43.0,5,1,0,0,1,29.41,17.65
35,15,16,2,2,52.0,43.0,26.0,120.93,38.0,4,3,0,0,2,46.51,16.28
35,15,17,2,2,43.0,20.0,21.5,215.0,34.0,4,4,0,0,2,30.0,40.0
275,13,1,1,1,1.0,3.0,1.0,33.33,1.0,0,0,0,0,1,33.33,0.0
275,9,1,1,1,22.0,17.0,22.0,129.41,22.0,5,0,0,0,1,58.82,29.41
275,11,1,1,1,0.0,3.0,0.0,0.0,0.0,0,0,0,0,1,100.0,0.0
250,6,4,2,2,22.0,23.0,11.0,95.65,14.0,1,0,0,0,2,30.43,4.35
250,6,5,1,1,12.0,20.0,12.0,60.0,12.0,0,0,0,0,1,45.0,0.0
250,6,6,1,1,23.0,20.0,23.0,115.0,23.0,3,1,0,0,1,60.0,20.0
250,16,4,1,1,67.0,47.0,67.0,142.55,67.0,8,1,1,0,0,29.79,19.15
250,16,5,2,2,17.0,13.0,8.5,130.77,14.0,0,1,0,0,2,23.08,7.69
250,2,2,1,1,37.0,31.0,37.0,119.35,37.0,3,0,0,0,1,19.35,9.68
250,2,4,1,1,39.0,32.0,39.0,121.88,39.0,4,0,0,0,0,21.88,12.5
250,2,8,1,1,17.0,5.0,17.0,340.0,17.0,4,0,0,0,1,0.0,80.0
250,13,5,1,1,14.0,8.0,14.0,175.0,14.0,2,0,0,0,0,12.5,25.0
250,13,6,1,1,1.0,2.0,1.0,50.0,1.0,0,0,0,0,1,50.0,0.0
250,13,8,1,1,2.0,4.0,2.0,50.0,2.0,0,0,0,0,1,25.0,0.0
250,4,4,1,1,14.0,7.0,14.0,200.0,14.0,3,0,0,0,0,28.57,42.86
250,9,2,1,1,8.0,6.0,8.0,133.33,8.0,2,0,0,0,1,66.67,33.33
250,9,4,1,1,12.0,12.0,12.0,100.0,12.0,0,0,0,0,0,8.33,0.0
250,9,5,1,1,6.0,7.0,6.0,85.71,6.0,1,0,0,0,0,42.86,14.29
250,9,6,1,1,7.0,6.0,7.0,116.67,7.0,1,0,0,0,1,50.0,16.67
250,5,2,1,1,2.0,3.0,2.0,66.67,2.0,0,0,0,0,1,33.33,0.0
250,5,4,1,1,45.0,39.0,45.0,115.38,45.0,2,1,0,0,1,35.9,7.69
250,5,5,1,1,2.0,3.0,2.0,66.67,2.0,0,0,0,0,1,66.67,0.0
250,7,4,1,1,12.0,18.0,12.0,66.67,12.0,1,0,0,0,1,55.56,5.56
250,7,5,1,1,7.0,3.0,7.0,233.33,7.0,1,0,0,0,0,0.0,33.33
250,11,6,1,1,2.0,3.0,2.0,66.67,2.0,0,0,0,0,1,33.33,0.0
250,17,4,1,1,19.0,20.0,19.0,95.0,19.0,1,0,0,0,2,30.0,5.0
250,15,6,2,2,10.0,21.0,5.0,47.62,9.0,1,0,0,0,2,76.19,4.76
250,15,8,1,1,12.0,6.0,12.0,200.0,12.0,1,1,0,0,1,33.33,33.33
366,6,18,1,1,0.0,5.0,0.0,0.0,0.0,0,0,0,0,1,100.0,0.0
366,1,17,2,2,43.0,24.0,21.5,179.17,23.0,4,4,0,0,2,50.0,33.33
366,9,17,1,1,12.0,7.0,12.0,171.43,12.0,1,1,0,0,1,14.29,28.57
366,18,17,2,2,55.0,37.0,27.5,148.65,55.0,2,5,1,0,2,43.24,18.92
366,18,18,1,1,1.0,2.0,1.0,50.0,1.0,0,0,0,0,1,50.0,0.0
366,5,17,1,1,84.0,27.0,84.0,311.11,84.0,11,6,1,0,1,22.22,62.96
366,5,18,1,1,0.0,1.0,0.0,0.0,0.0,0,0,0,0,1,100.0,0.0
366,11,17,1,1,50.0,20.0,50.0,250.0,50.0,7,3,1,0,1,35.0,50.0
366,11,18,1,1,9.0,6.0,9.0,150.0,9.0,2,0,0,0,1,50.0,33.33
366,8,17,1,1,21.0,8.0,21.0,262.5,21.0,2,2,0,0,0,37.5,50.0
366,8,18,1,1,7.0,6.0,7.0,116.67,7.0,1,0,0,0,1,50.0,16.67
366,15,17,1,1,65.0,18.0,65.0,361.11,65.0,5,7,1,0,1,16.67,66.67
366,15,18,1,1,38.0,32.0,38.0,118.75,38.0,4,2,0,0,1,53.12,18.75
130,5,18,1,1,4.0,3.0,4.0,133.33,4.0,1,0,0,0,0,33.33,33.33
130,11,18,1,1,11.0,4.0,11.0,275.0,11.0,0,1,0,0,0,0.0,25.0
404,6,8,1,1,1.0,1.0,1.0,100.0,1.0,0,0,0,0,0,0.0,0.0
404,6,12,1,1,6.0,15.0,6.0,40.0,6.0,0,0,0,0,1,60.0,0.0
404,10,14,1,1,14.0,6.0,14.0,233.33,14.0,2,1,0,0,0,16.67,50.0
404,13,8,1,1,34.0,21.0,34.0,161.9,34.0,4,2,0,0,0,42.86,28.57
404,12,15,1,1,0.0,1.0,0.0,0.0,0.0,0,0,0,0,1,100.0,0.0
404,11,8,1,1,0.0,1.0,0.0,0.0,0.0,0,0,0,0,0,0.0,0.0
404,17,8,1,1,4.0,4.0,4.0,100.0,4.0,0,0,0,0,1,25.0,0.0
404,17,15,1,1,2.0,7.0,2.0,28.57,2.0,0,0,0,0,1,57.14,0.0
404,15,8,1,1,9.0,5.0,9.0,180.0,9.0,0,0,0,0,0,0.0,0.0
97,6,4,1,1,2.0,2.0,2.0,100.0,2.0,0,0,0,0,0,0.0,0.0
97,16,5,1,1,4.0,1.0,4.0,400.0,4.0,1,0,0,0,0,0.0,100.0
97,2,4,1,1,13.0,10.0,13.0,130.0,13.0,2,0,0,0,0,30.0,20.0
97,2,6,1,1,1.0,2.0,1.0,50.0,1.0,0,0,0,0,1,50.0,0.0
97,5,6,1,1,9.0,11.0,9.0,81.82,9.0,1,0,0,0,1,54.55,9.09
112,6,3,1,1,0.0,1.0,0.0,0.0,0.0,0,0,0,0,1,100.0,0.0
112,13,5,1,1,7.0,6.0,7.0,116.67,7.0,1,0,0,0,0,33.33,16.67
112,5,8,1,1,1.0,1.0,1.0,100.0,1.0,0,0,0,0,0,0.0,0.0
112,11,3,1,1,2.0,4.0,2.0,50.0,2.0,0,0,0,0,1,50.0,0.0
180,10,14,2,2,34.0,26.0,17.0,130.77,23.0,2,1,0,0,2,30.77,11.54
180,3,9,1,1,1.0,3.0,1.0,33.33,1.0,0,0,0,0,0,66.67,0.0
180,17,9,1,1,5.0,7.0,5.0,71.43,5.0,0,0,0,0,0,28.57,0.0
223,6,8,2,2,81.0,63.0,40.5,128.57,73.0,8,2,1,0,1,33.33,15.87
223,16,1,2,2,41.0,31.0,20.5,132.26,29.0,2,2,0,0,0,29.03,12.9
223,16,2,2,2,17.0,12.0,8.5,141.67,13.0,1,1,0,0,1,33.33,16.67
223,16,3,2,2,46.0,30.0,23.0,153.33,42.0,1,3,0,0,1,16.67,13.33
223,16,4,1,1,19.0,6.0,19.0,316.67,19.0,0,3,0,0,0,16.67,50.0
223,16,5,2,2,15.0,12.0,7.5,125.0,13.0,1,0,0,0,1,33.33,8.33
223,2,1,2,2,58.0,31.0,29.0,187.1,30.0,5,5,0,0,3,38.71,32.26
223,2,2,2,2,19.0,18.0,9.5,105.56,13.0,2,0,0,0,2,22.22,11.11
223,2,3,2,2,1.0,7.0,0.5,14.29,1.0,0,0,0,0,2,85.71,0.0
223,2,5,2,2,2.0,4.0,1.0,50.0,2.0,0,0,0,0,1,25.0,0.0
223,13,1,1,1,7.0,6.0,7.0,116.67,7.0,0,0,0,0,0,0.0,0.0
223,13,2,1,1,2.0,2.0,2.0,100.0,2.0,0,0,0,0,0,0.0,0.0
223,13,3,2,3,27.0,21.0,13.5,128.57,14.0,3,0,0,0,0,19.05,14.29
223,13,5,2,2,22.0,17.0,11.0,129.41,14.0,1,1,0,0,2,17.65,11.76
223,13,6,1,1,23.0,16.0,23.0,143.75,23.0,2,1,0,0,1,25.0,18.75
223,13,7,2,2,31.0,22.0,15.5,140.91,16.0,0,3,0,0,2,36.36,13.64
223,4,4,2,2,22.0,14.0,11.0,157.14,13.0,2,1,0,0,0,21.43,21.43
223,9,2,1,1,21.0,10.0,21.0,210.0,21.0,1,2,0,0,0,20.0,30.0
223,9,4,2,2,45.0,39.0,22.5,115.38,30.0,4,1,0,0,0,33.33,12.82
223,9,5,1,1,13.0,8.0,13.0,162.5,13.0,0,0,0,0,0,0.0,0.0
223,9,7,1,1,6.0,5.0,6.0,120.0,6.0,0,0,0,0,0,0.0,0.0
223,9,8,1,1,5.0,2.0,5.0,250.0,5.0,1,0,0,0,0,0.0,50.0
223,9,9,1,1,16.0,9.0,16.0,177.78,16.0,0,2,0,0,1,22.22,22.22
223,5,1,1,1,5.0,4.0,5.0,125.0,5.0,1,0,0,0,1,50.0,25.0
223,5,3,1,1,15.0,6.0,15.0,250.0,15.0,1,1,0,0,0,16.67,33.33
223,5,4,1,1,3.0,4.0,3.0,75.0,3.0,0,0,0,0,1,25.0,0.0
223,5,5,2,2,6.0,11.0,3.0,54.55,3.0,0,0,0,0,2,45.45,0.0
223,5,6,1,1,10.0,10.0,10.0,100.0,10.0,0,1,0,0,1,60.0,10.0
223,7,4,1,1,0.0,4.0,0.0,0.0,0.0,0,0,0,0,1,100.0,0.0
223,7,5,1,1,3.0,3.0,3.0,100.0,3.0,0,0,0,0,0,0.0,0.0
223,7,6,1,1,13.0,11.0,13.0,118.18,13.0,0,1,0,0,1,36.36,9.09
223,11,1,3,3,129.0,86.0,43.0,150.0,71.0,10,7,1,0,3,33.72,19.77
223,11,2,1,1,4.0,1.0,4.0,400.0,4.0,1,0,0,0,0,0.0,100.0
223,11,3,2,2,90.0,46.0,45.0,195.65,62.0,4,8,1,0,2,23.91,26.09
223,11,4,1,1,5.0,4.0,5.0,125.0,5.0,0,0,0,0,0,0.0,0.0
223,11,5,1,1,18.0,6.0,18.0,300.0,18.0,1,2,0,0,0,16.67,50.0
223,11,7,2,2,8.0,14.0,4.0,57.14,7.0,1,0,0,0,1,64.29,7.14
223,17,1,1,1,1.0,5.0,1.0,20.0,1.0,0,0,0,0,1,80.0,0.0
223,17,2,3,3,34.0,27.0,11.33,125.93,20.0,3,1,0,0,2,25.93,14.81
223,17,3,2,2,20.0,22.0,10.0,90.91,19.0,1,1,0,0,2,40.91,9.09
223,17,4,4,4,44.0,31.0,11.0,141.94,28.0,2,3,0,0,3,35.48,16.13
223,17,5,1,1,28.0,7.0,28.0,400.0,28.0,2,3,0,0,1,14.29,71.43
584,6,14,1,1,15.0,22.0,15.0,68.18,15.0,2,0,0,0,1,59.09,9.09
584,5,17,1,1,2.0,2.0,2.0,100.0,2.0,0,0,0,0,1,50.0,0.0
584,11,14,1,1,0.0,2.0,0.0,0.0,0.0,0,0,0,0,1,100.0,0.0
429,13,3,1,1,3.0,3.0,3.0,100.0,3.0,0,0,0,0,1,33.33,0.0
429,9,3,1,1,4.0,4.0,4.0,100.0,4.0,0,0,0,0,0,25.0,0.0
429,5,3,2,2,1.0,4.0,0.5,25.0,1.0,0,0,0,0,1,75.0,0.0
493,6,12,2,2,37.0,23.0,18.5,160.87,24.0,2,2,0,0,0,17.39,17.39
493,6,13,1,1,27.0,8.0,27.0,337.5,27.0,0,4,0,0,0,12.5,50.0
493,6,16,1,1,3.0,2.0,3.0,150.0,3.0,0,0,0,0,0,0.0,0.0
493,6,18,1,1,0.0,2.0,0.0,0.0,0.0,0,0,0,0,1,100.0,0.0
493,10,13,2,2,3.0,8.0,1.5,37.5,2.0,0,0,0,0,2,50.0,0.0
493,1,18,1,1,4.0,4.0,4.0,100.0,4.0,0,0,0,0,1,25.0,0.0
493,13,11,2,2,0.0,2.0,0.0,0.0,0.0,0,0,0,0,2,100.0,0.0
493,13,12,2,2,3.0,5.0,1.5,60.0,2.0,0,0,0,0,2,60.0,0.0
493,13,13,1,1,13.0,3.0,13.0,433.33,13.0,0,2,0,0,0,0.0,66.67
493,9,11,1,1,6.0,5.0,6.0,120.0,6.0,1,0,0,0,1,60.0,20.0
493,9,12,1,1,27.0,12.0,27.0,225.0,27.0,2,2,0,0,0,8.33,33.33
493,9,13,2,2,12.0,13.0,6.0,92.31,6.0,0,1,0,0,2,46.15,7.69
493,9,18,2,2,28.0,15.0,14.0,186.67,16.0,1,2,0,0,1,20.0,20.0
493,5,11,1,1,8.0,9.0,8.0,88.89,8.0,1,0,0,0,1,44.44,11.11
493,5,13,1,1,24.0,11.0,24.0,218.18,24.0,3,1,0,0,1,18.18,36.36
493,5,18,1,1,30.0,27.0,30.0,111.11,30.0,2,2,0,0,1,48.15,14.81
493,12,16,1,1,1.0,2.0,1.0,50.0,1.0,0,0,0,0,0,50.0,0.0
493,17,11,1,1,0.0,4.0,0.0,0.0,0.0,0,0,0,0,1,100.0,0.0
493,17,13,2,2,18.0,13.0,9.0,138.46,16.0,1,1,0,0,1,38.46,15.38
493,8,18,1,1,0.0,1.0,0.0,0.0,0.0,0,0,0,0,1,100.0,0.0
493,15,11,1,1,1.0,1.0,1.0,100.0,1.0,0,0,0,0,0,0.0,0.0
493,15,13,1,1,16.0,7.0,16.0,228.57,16.0,1,1,0,0,0,14.29,28.57
493,15,18,1,1,1.0,1.0,1.0,100.0,1.0,0,0,0,0,0,0.0,0.0
537,6,11,2,2,117.0,77.0,58.5,151.95,95.0,12,3,1,0,1,27.27,19.48
537,6,12,2,2,29.0,17.0,14.5,170.59,23.0,5,1,0,0,2,47.06,35.29
537,6,13,1,1,70.0,48.0,70.0,145.83,70.0,7,2,1,0,0,35.42,18.75
537,6,14,1,1,49.0,35.0,49.0,140.0,49.0,5,2,0,0,1,37.14,20.0
537,6,15,1,1,2.0,5.0,2.0,40.0,2.0,0,0,0,0,1,80.0,0.0
537,6,16,2,2,79.0,57.0,39.5,138.6,52.0,5,3,1,0,2,19.3,14.04
537,6,17,1,1,21.0,25.0,21.0,84.0,21.0,2,0,0,0,1,48.0,8.0
537,6,18,1,1,5.0,7.0,5.0,71.43,5.0,0,0,0,0,1,57.14,0.0
537,10,13,2,2,35.0,17.0,17.5,205.88,22.0,5,1,0,0,2,17.65,35.29
537,10,14,1,1,2.0,7.0,2.0,28.57,2.0,0,0,0,0,1,57.14,0.0
537,10,15,2,2,123.0,76.0,61.5,161.84,116.0,10,9,1,1,2,40.79,25.0
537,10,16,1,1,79.0,51.0,79.0,154.9,79.0,11,1,1,0,1,31.37,23.53
537,10,17,2,2,30.0,33.0,15.0,90.91,19.0,2,1,0,0,2,45.45,9.09
537,10,18,1,1,97.0,54.0,97.0,179.63,97.0,11,4,1,0,0,24.07,27.78
537,2,9,2,2,20.0,15.0,10.0,133.33,18.0,2,1,0,0,1,40.0,20.0
537,2,10,1,1,28.0,18.0,28.0,155.56,28.0,3,2,0,0,0,44.44,27.78
537,2,11,2,2,96.0,44.0,48.0,218.18,67.0,6,9,1,0,2,25.0,34.09
537,14,9,2,2,49.0,52.0,24.5,94.23,33.0,6,0,0,0,2,48.08,11.54
537,14,10,2,3,36.0,33.0,18.0,109.09,26.0,3,2,0,0,2,42.42,15.15
537,1,15,3,3,182.0,115.0,60.67,158.26,89.0,25,5,2,0,3,33.91,26.09
537,1,16,2,2,8.0,11.0,4.0,72.73,8.0,2,0,0,0,2,81.82,18.18
537,1,17,1,1,8.0,10.0,8.0,80.0,8.0,0,0,0,0,1,40.0,0.0
537,13,9,2,2,33.0,23.0,16.5,143.48,24.0,4,1,0,0,2,34.78,21.74
537,13,10,1,1,77.0,37.0,77.0,208.11,77.0,7,5,1,0,1,16.22,32.43
537,13,11,2,2,133.0,97.0,66.5,137.11,82.0,16,1,2,0,2,23.71,17.53
537,13,12,2,2,92.0,60.0,46.0,153.33,69.0,11,4,1,0,1,41.67,25.0
537,13,13,2,2,26.0,18.0,13.0,144.44,22.0,1,2,0,0,1,44.44,16.67
537,9,9,2,2,56.0,37.0,28.0,151.35,41.0,5,3,0,0,2,37.84,21.62
537,9,10,1,1,28.0,22.0,28.0,127.27,28.0,1,2,0,0,1,40.91,13.64
537,9,11,2,2,63.0,40.0,31.5,157.5,39.0,7,2,0,0,2,30.0,22.5
537,9,12,1,1,37.0,34.0,37.0,108.82,37.0,5,1,0,0,1,50.0,17.65
537,9,13,2,2,56.0,38.0,28.0,147.37,35.0,5,3,0,0,2,31.58,21.05
537,9,14,1,1,5.0,7.0,5.0,71.43,5.0,1,0,0,0,1,42.86,14.29
537,9,15,2,2,125.0,86.0,62.5,145.35,103.0,13,5,1,1,2,38.37,20.93
537,9,16,1,1,0.0,3.0,0.0,0.0,0.0,0,0,0,0,1,66.67,0.0
537,9,17,1,1,107.0,60.0,107.0,178.33,107.0,9,6,1,1,1,25.0,25.0
537,9,18,1,1,41.0,23.0,41.0,178.26,41.0,8,0,0,0,0,30.43,34.78
537,18,15,2,2,15.0,17.0,7.5,88.24,13.0,1,1,0,0,2,52.94,11.76
537,18,16,1,1,40.0,41.0,40.0,97.56,40.0,4,1,0,0,2,41.46,12.2
537,18,17,2,2,45.0,27.0,22.5,166.67,34.0,6,1,0,0,2,33.33,25.93
537,18,18,2,2,49.0,32.0,24.5,153.12,33.0,5,2,0,0,2,28.12,21.88
537,5,11,2,2,100.0,61.0,50.0,163.93,94.0,9,5,1,0,1,29.51,22.95
537,5,12,1,1,89.0,43.0,89.0,206.98,89.0,8,7,1,0,1,30.23,34.88
537,5,13,1,1,70.0,44.0,70.0,159.09,70.0,4,5,1,0,1,36.36,20.45
537,5,14,1,1,41.0,32.0,41.0,128.12,41.0,3,3,0,0,1,46.88,18.75
537,5,15,2,2,167.0,120.0,83.5,139.17,100.0,16,9,2,1,2,41.67,20.83
537,5,16,1,1,18.0,19.0,18.0,94.74,18.0,2,1,0,0,1,52.63,15.79
537,5,17,2,2,48.0,41.0,24.0,117.07,35.0,8,0,0,0,2,41.46,19.51
537,5,18,2,2,69.0,51.0,34.5,135.29,39.0,8,2,0,0,2,35.29,19.61
537,12,14,1,1,25.0,13.0,25.0,192.31,25.0,5,0,0,0,1,15.38,38.46
537,12,15,1,1,30.0,16.0,30.0,187.5,30.0,5,1,0,0,1,43.75,37.5
537,12,16,2,2,19.0,15.0,9.5,126.67,19.0,1,1,0,0,2,53.33,13.33
537,12,18,1,1,54.0,33.0,54.0,163.64,54.0,4,2,1,0,1,18.18,18.18
537,11,18,2,2,86.0,51.0,43.0,168.63,50.0,8,4,1,0,1,25.49,23.53
537,3,9,2,2,27.0,19.0,13.5,142.11,27.0,2,1,0,0,1,15.79,15.79
537,3,10,2,2,55.0,32.0,27.5,171.88,38.0,6,3,0,0,2,50.0,28.12
537,17,9,2,2,57.0,25.0,28.5,228.0,29.0,3,5,0,0,1,12.0,32.0
537,17,10,2,2,35.0,26.0,17.5,134.62,33.0,4,1,0,0,2,34.62,19.23
537,17,11,1,1,23.0,14.0,23.0,164.29,23.0,2,1,0,0,1,21.43,21.43
537,17,12,1,1,59.0,43.0,59.0,137.21,59.0,8,1,1,0,1,39.53,20.93
537,17,13,2,2,46.0,37.0,23.0,124.32,24.0,4,2,0,0,2,40.54,16.22
537,17,14,1,1,8.0,8.0,8.0,100.0,8.0,2,0,0,0,1,75.0,25.0
537,17,15,3,3,184.0,116.0,61.33,158.62,106.0,11,12,2,1,1,30.17,19.83
537,17,16,2,2,0.0,4.0,0.0,0.0,0.0,0,0,0,0,2,100.0,0.0
537,8,17,1,1,100.0,58.0,100.0,172.41,100.0,9,4,1,1,0,24.14,22.41
537,8,18,1,1,73.0,39.0,73.0,187.18,73.0,5,6,1,0,0,25.64,28.21
537,15,9,2,2,13.0,13.0,6.5,100.0,11.0,1,0,0,0,2,38.46,7.69
537,15,10,1,1,14.0,11.0,14.0,127.27,14.0,3,0,0,0,1,45.45,27.27
537,15,11,2,2,16.0,20.0,8.0,80.0,10.0,0,0,0,0,2,30.0,0.0
537,15,12,1,1,5.0,8.0,5.0,62.5,5.0,1,0,0,0,1,75.0,12.5
537,15,13,2,2,25.0,25.0,12.5,100.0,16.0,1,1,0,0,3,40.0,8.0
537,15,14,1,1,124.0,64.0,124.0,193.75,124.0,11,8,1,1,1,29.69,29.69
537,15,15,1,1,35.0,28.0,35.0,125.0,35.0,3,3,0,0,1,57.14,21.43
537,15,16,2,2,149.0,81.0,74.5,183.95,95.0,17,7,2,0,2,27.16,29.63
537,15,17,1,1,0.0,1.0,0.0,0.0,0.0,0,0,0,0,1,100.0,0.0
537,15,18,2,2,64.0,40.0,32.0,160.0,64.0,3,4,1,0,3,25.0,17.5
207,6,4,2,2,34.0,23.0,17.0,147.83,19.0,5,1,0,0,2,34.78,26.09
207,6,5,2,2,82.0,66.0,41.0,124.24,73.0,9,1,1,0,3,33.33,15.15
207,16,2,1,1,0.0,1.0,0.0,0.0,0.0,0,0,0,0,1,100.0,0.0
207,16,4,2,2,53.0,34.0,26.5,155.88,35.0,6,3,0,0,2,50.0,26.47
207,16,5,1,1,7.0,6.0,7.0,116.67,7.0,1,0,0,0,1,33.33,16.67
207,2,4,1,1,60.0,27.0,60.0,222.22,60.0,5,5,1,0,1,29.63,37.04
207,2,5,2,2,86.0,60.0,43.0,143.33,86.0,7,4,1,0,2,26.67,18.33
207,13,2,2,2,34.0,26.0,17.0,130.77,32.0,6,0,0,0,2,57.69,23.08
207,13,4,2,2,46.0,35.0,23.0,131.43,31.0,9,0,0,0,2,45.71,25.71
207,13,5,2,2,15.0,19.0,7.5,78.95,8.0,1,0,0,0,1,47.37,5.26
207,4,4,1,1,17.0,10.0,17.0,170.0,17.0,3,0,0,0,1,40.0,30.0
207,9,2,1,1,22.0,20.0,22.0,110.0,22.0,3,0,0,0,1,35.0,15.0
207,9,4,1,1,1.0,6.0,1.0,16.67,1.0,0,0,0,0,1,83.33,0.0
207,9,5,1,1,22.0,24.0,22.0,91.67,22.0,0,2,0,0,1,45.83,8.33
207,5,4,2,2,12.0,16.0,6.0,75.0,12.0,2,0,0,0,2,68.75,12.5
207,5,5,1,1,9.0,13.0,9.0,69.23,9.0,1,0,0,0,1,53.85,7.69
207,11,2,1,1,0.0,2.0,0.0,0.0,0.0,0,0,0,0,1,100.0,0.0
207,11,4,1,1,18.0,12.0,18.0,150.0,18.0,3,0,0,0,1,41.67,25.0
207,11,5,1,1,1.0,2.0,1.0,50.0,1.0,0,0,0,0,1,50.0,0.0
207,17,4,1,1,51.0,34.0,51.0,150.0,51.0,4,2,1,0,1,20.59,17.65
207,17,5,1,1,34.0,22.0,34.0,154.55,34.0,4,1,0,0,1,27.27,22.73
58,6,7,1,1,1.0,5.0,1.0,20.0,1.0,0,0,0,0,0,80.0,0.0
58,6,11,1,1,16.0,10.0,16.0,160.0,16.0,3,0,0,0,1,30.0,30.0
58,6,14,1,1,24.0,17.0,24.0,141.18,24.0,2,1,0,0,1,29.41,17.65
58,6,15,1,1,19.0,9.0,19.0,211.11,19.0,1,1,0,0,0,22.22,22.22
58,6,17,1,1,1.0,2.0,1.0,50.0,1.0,0,0,0,0,1,50.0,0.0
58,10,14,1,1,11.0,7.0,11.0,157.14,11.0,0,1,0,0,0,28.57,14.29
58,13,7,1,1,0.0,1.0,0.0,0.0,0.0,0,0,0,0,1,100.0,0.0
58,13,11,2,2,6.0,8.0,3.0,75.0,6.0,0,0,0,0,2,25.0,0.0
58,13,12,1,1,1.0,2.0,1.0,50.0,1.0,0,0,0,0,1,50.0,0.0
58,9,6,1,1,1.0,1.0,1.0,100.0,1.0,0,0,0,0,0,0.0,0.0
58,9,11,1,1,26.0,18.0,26.0,144.44,26.0,3,1,0,0,1,33.33,22.22
58,9,12,1,1,0.0,1.0,0.0,0.0,0.0,0,0,0,0,0,100.0,0.0
58,9,13,1,1,9.0,13.0,9.0,69.23,9.0,0,0,0,0,1,38.46,0.0
58,9,14,1,1,6.0,5.0,6.0,120.0,6.0,1,0,0,0,1,40.0,20.0
58,9,17,1,1,4.0,11.0,4.0,36.36,4.0,0,0,0,0,1,63.64,0.0
58,18,15,2,2,15.0,7.0,7.5,214.29,14.0,2,1,0,0,0,28.57,42.86
58,12,15,1,1,12.0,7.0,12.0,171.43,12.0,0,1,0,0,1,28.57,14.29
58,12,17,1,1,6.0,1.0,6.0,600.0,6.0,0,1,0,0,0,0.0,100.0
58,11,17,1,1,5.0,2.0,5.0,250.0,5.0,1,0,0,0,0,0.0,50.0
58,17,10,1,1,2.0,5.0,2.0,40.0,2.0,0,0,0,0,0,40.0,0.0
58,17,15,1,1,13.0,14.0,13.0,92.86,13.0,1,0,0,0,0,42.86,7.14
58,17,16,1,1,9.0,7.0,9.0,128.57,9.0,1,0,0,0,1,14.29,14.29
58,8,17,1,1,8.0,10.0,8.0,80.0,8.0,1,0,0,0,0,50.0,10.0
58,15,6,1,1,1.0,1.0,1.0,100.0,1.0,0,0,0,0,0,0.0,0.0
58,15,11,1,1,1.0,2.0,1.0,50.0,1.0,0,0,0,0,1,50.0,0.0
497,16,2,1,1,41.0,29.0,41.0,141.38,41.0,4,2,0,0,0,34.48,20.69
497,2,2,1,1,3.0,7.0,3.0,42.86,3.0,0,0,0,0,1,57.14,0.0
497,13,1,1,1,13.0,10.0,13.0,130.0,13.0,0,1,0,0,1,30.0,10.0
497,13,2,1,1,17.0,21.0,17.0,80.95,17.0,1,0,0,0,1,33.33,4.76
497,4,4,1,1,0.0,3.0,0.0,0.0,0.0,0,0,0,0,1,100.0,0.0
497,5,1,1,1,5.0,2.0,5.0,250.0,5.0,1,0,0,0,0,0.0,50.0
497,5,2,1,1,8.0,6.0,8.0,133.33,8.0,0,1,0,0,1,50.0,16.67
497,11,2,2,2,3.0,8.0,1.5,37.5,2.0,0,0,0,0,1,62.5,0.0
497,17,2,2,2,16.0,22.0,8.0,72.73,9.0,0,1,0,0,2,50.0,4.55
766,6,7,1,1,22.0,15.0,22.0,146.67,22.0,2,0,0,0,1,26.67,13.33
766,6,13,1,1,2.0,3.0,2.0,66.67,2.0,0,0,0,0,1,33.33,0.0
766,6,14,1,1,0.0,1.0,0.0,0.0,0.0,0,0,0,0,1,100.0,0.0
766,10,13,1,1,10.0,8.0,10.0,125.0,10.0,0,1,0,0,0,37.5,12.5
766,1,15,1,1,17.0,15.0,17.0,113.33,17.0,1,0,0,0,1,20.0,6.67
766,13,7,1,1,12.0,20.0,12.0,60.0,12.0,1,0,0,0,1,65.0,5.0
766,9,7,1,1,8.0,11.0,8.0,72.73,8.0,0,1,0,0,1,63.64,9.09
766,18,15,1,1,14.0,12.0,14.0,116.67,14.0,2,0,0,0,0,33.33,16.67
766,5,13,1,1,7.0,7.0,7.0,100.0,7.0,0,0,0,0,1,28.57,0.0
766,15,14,1,1,0.0,1.0,0.0,0.0,0.0,0,0,0,0,1,100.0,0.0
645,17,16,1,1,10.0,15.0,10.0,66.67,10.0,1,0,0,0,1,53.33,6.67
414,6,4,2,2,3.0,3.0,1.5,100.0,2.0,0,0,0,0,0,33.33,0.0
608,6,5,3,3,39.0,52.0,13.0,75.0,25.0,2,1,0,0,2,46.15,5.77
608,16,5,2,2,20.0,24.0,10.0,83.33,13.0,1,0,0,0,1,37.5,4.17
608,13,5,2,2,101.0,73.0,50.5,138.36,79.0,8,4,1,0,2,27.4,16.44
608,9,4,2,2,74.0,48.0,37.0,154.17,45.0,7,1,0,0,0,16.67,16.67
608,7,4,1,1,6.0,8.0,6.0,75.0,6.0,1,0,0,0,1,75.0,12.5
608,7,5,2,2,57.0,65.0,28.5,87.69,32.0,4,2,0,0,2,46.15,9.23
608,11,4,1,1,11.0,5.0,11.0,220.0,11.0,2,0,0,0,0,0.0,40.0
608,11,5,1,1,2.0,3.0,2.0,66.67,2.0,0,0,0,0,1,33.33,0.0
608,17,4,1,1,16.0,17.0,16.0,94.12,16.0,0,1,0,0,1,35.29,5.88
608,17,5,1,1,1.0,6.0,1.0,16.67,1.0,0,0,0,0,1,83.33,0.0
142,6,18,1,1,55.0,33.0,55.0,166.67,55.0,8,2,1,0,1,36.36,30.3
142,10,18,1,1,12.0,6.0,12.0,200.0,12.0,1,1,0,0,1,33.33,33.33
4,6,1,2,2,19.0,15.0,9.5,126.67,14.0,3,0,0,0,2,33.33,20.0
4,6,2,3,3,33.0,27.0,11.0,122.22,24.0,7,0,0,0,3,51.85,25.93
4,6,3,2,2,71.0,66.0,35.5,107.58,52.0,11,0,1,0,2,40.91,16.67
4,6,4,2,2,75.0,65.0,37.5,115.38,54.0,9,0,1,0,2,30.77,13.85
4,6,5,3,3,99.0,89.0,33.0,111.24,69.0,8,2,1,0,3,28.09,11.24
4,6,6,1,1,19.0,20.0,19.0,95.0,19.0,0,1,0,0,1,35.0,5.0
4,6,7,1,1,4.0,6.0,4.0,66.67,4.0,1,0,0,0,1,83.33,16.67
4,16,1,2,2,37.0,30.0,18.5,123.33,31.0,7,0,0,0,3,46.67,23.33
4,16,2,3,3,35.0,38.0,11.67,92.11,15.0,6,0,0,0,3,60.53,15.79
4,16,3,3,3,114.0,113.0,38.0,100.88,68.0,13,1,1,0,3,44.25,12.39
4,16,4,2,2,83.0,76.0,41.5,109.21,53.0,11,1,1,0,2,44.74,15.79
4,16,5,1,1,23.0,24.0,23.0,95.83,23.0,2,0,0,0,1,33.33,8.33
4,2,1,2,2,79.0,65.0,39.5,121.54,54.0,9,2,1,0,2,32.31,16.92
4,2,2,2,2,58.0,57.0,29.0,101.75,58.0,2,2,1,0,1,35.09,7.02
4,2,3,2,2,81.0,71.0,40.5,114.08,54.0,8,1,1,0,2,29.58,12.68
4,2,4,1,1,11.0,11.0,11.0,100.0,11.0,2,0,0,0,1,54.55,18.18
4,2,5,3,3,64.0,64.0,21.33,100.0,30.0,7,0,0,0,3,37.5,10.94
4,2,6,2,2,35.0,35.0,17.5,100.0,23.0,7,0,0,0,2,60.0,20.0
4,2,7,2,2,10.0,7.0,5.0,142.86,10.0,2,0,0,0,1,42.86,28.57
4,13,1,1,1,0.0,3.0,0.0,0.0,0.0,0,0,0,0,0,100.0,0.0
4,13,2,2,2,89.0,68.0,44.5,130.88,62.0,9,2,1,0,2,33.82,16.18
4,13,3,2,2,98.0,65.0,49.0,150.77,89.0,9,5,1,0,1,33.85,21.54
4,13,4,1,1,1.0,4.0,1.0,25.0,1.0,0,0,0,0,1,75.0,0.0
4,13,5,2,2,31.0,28.0,15.5,110.71,30.0,2,1,0,0,1,39.29,10.71
4,13,6,2,2,38.0,39.0,19.0,97.44,37.0,6,0,0,0,2,48.72,15.38
4,13,7,1,1,9.0,11.0,9.0,81.82,9.0,2,0,0,0,1,72.73,18.18
4,4,4,2,2,51.0,50.0,25.5,102.0,45.0,5,0,0,0,2,38.0,10.0
4,9,1,1,1,8.0,7.0,8.0,114.29,8.0,0,1,0,0,1,42.86,14.29
4,9,2,2,2,55.0,59.0,27.5,93.22,32.0,6,1,0,0,2,45.76,11.86
4,9,3,2,2,73.0,63.0,36.5,115.87,65.0,7,1,1,0,1,31.75,12.7
4,5,1,1,1,25.0,24.0,25.0,104.17,25.0,0,1,0,0,1,16.67,4.17
4,5,2,2,2,81.0,69.0,40.5,117.39,69.0,7,2,1,0,1,42.03,13.04
4,5,3,3,3,91.0,79.0,30.33,115.19,66.0,12,1,1,0,2,39.24,16.46
4,5,4,2,2,66.0,49.0,33.0,134.69,59.0,5,3,1,0,3,28.57,16.33
4,5,5,2,2,79.0,61.0,39.5,129.51,79.0,7,3,1,0,2,31.15,16.39
4,5,6,2,2,61.0,64.0,30.5,95.31,37.0,6,1,0,0,2,45.31,10.94
4,5,7,1,1,72.0,46.0,72.0,156.52,72.0,5,3,1,0,1,23.91,17.39
4,7,5,2,2,14.0,22.0,7.0,63.64,13.0,1,0,0,0,2,50.0,4.55
4,7,6,2,2,3.0,13.0,1.5,23.08,2.0,0,0,0,0,2,69.23,0.0
4,11,1,2,2,31.0,39.0,15.5,79.49,20.0,4,0,0,0,2,53.85,10.26
4,11,2,1,1,10.0,14.0,10.0,71.43,10.0,0,1,0,0,1,64.29,7.14
4,11,3,2,2,44.0,37.0,22.0,118.92,44.0,7,0,0,0,1,40.54,18.92
4,11,4,2,2,80.0,67.0,40.0,119.4,80.0,7,2,1,0,2,35.82,13.43
4,11,5,2,2,36.0,46.0,18.0,78.26,31.0,3,0,0,0,3,45.65,6.52
4,11,6,2,2,33.0,31.0,16.5,106.45,33.0,2,1,0,0,1,35.48,9.68
4,11,7,1,1,13.0,17.0,13.0,76.47,13.0,1,0,0,0,1,47.06,5.88
4,17,4,2,2,57.0,56.0,28.5,101.79,40.0,7,0,0,0,2,42.86,12.5
4,17,5,2,2,63.0,50.0,31.5,126.0,41.0,4,4,0,0,2,38.0,16.0
4,17,6,2,2,57.0,64.0,28.5,89.06,41.0,6,0,0,0,2,46.88,9.38
4,17,7,1,1,43.0,42.0,43.0,102.38,43.0,2,1,0,0,1,35.71,7.14
4,15,6,2,2,65.0,56.0,32.5,116.07,41.0,8,0,0,0,3,32.14,14.29
263,6,13,1,1,5.0,3.0,5.0,166.67,5.0,0,0,0,0,0,0.0,0.0
263,6,14,1,1,1.0,2.0,1.0,50.0,1.0,0,0,0,0,0,50.0,0.0
263,10,14,2,2,4.0,4.0,2.0,100.0,3.0,0,0,0,0,0,0.0,0.0
263,2,7,1,1,0.0,2.0,0.0,0.0,0.0,0,0,0,0,1,100.0,0.0
263,2,11,1,1,0.0,1.0,0.0,0.0,0.0,0,0,0,0,1,100.0,0.0
263,14,10,1,1,0.0,1.0,0.0,0.0,0.0,0,0,0,0,1,100.0,0.0
263,1,17,1,1,1.0,1.0,1.0,100.0,1.0,0,0,0,0,0,0.0,0.0
263,13,9,1,1,2.0,2.0,2.0,100.0,2.0,0,0,0,0,0,0.0,0.0
263,9,14,1,1,0.0,1.0,0.0,0.0,0.0,0,0,0,0,1,100.0,0.0
263,9,17,1,1,1.0,1.0,1.0,100.0,1.0,0,0,0,0,0,0.0,0.0
263,18,15,1,1,0.0,2.0,0.0,0.0,0.0,0,0,0,0,0,100.0,0.0
263,12,15,1,1,0.0,1.0,0.0,0.0,0.0,0,0,0,0,1,100.0,0.0
263,11,15,1,1,0.0,1.0,0.0,0.0,0.0,0,0,0,0,0,100.0,0.0
263,11,17,2,2,10.0,10.0,5.0,100.0,8.0,1,0,0,0,0,40.0,10.0
263,3,10,1,1,16.0,11.0,16.0,145.45,16.0,0,1,0,0,0,18.18,9.09
263,17,7,1,1,1.0,1.0,1.0,100.0,1.0,0,0,0,0,0,0.0,0.0
263,17,12,1,1,0.0,1.0,0.0,0.0,0.0,0,0,0,0,0,0.0,0.0
263,17,14,2,2,6.0,8.0,3.0,75.0,5.0,1,0,0,0,2,62.5,12.5
263,8,18,1,1,0.0,1.0,0.0,0.0,0.0,0,0,0,0,0,100.0,0.0
263,15,9,1,1,6.0,9.0,6.0,66.67,6.0,1,0,0,0,1,66.67,11.11
263,15,11,2,2,10.0,10.0,5.0,100.0,6.0,1,0,0,0,0,20.0,10.0
263,15,14,1,1,5.0,2.0,5.0,250.0,5.0,1,0,0,0,0,0.0,50.0
263,15,15,1,1,0.0,4.0,0.0,0.0,0.0,0,0,0,0,0,100.0,0.0
452,6,14,1,1,2.0,7.0,2.0,28.57,2.0,0,0,0,0,1,57.14,0.0
452,6,16,2,2,73.0,41.0,36.5,178.05,61.0,6,5,1,0,2,31.71,26.83
452,10,16,1,1,43.0,39.0,43.0,110.26,43.0,5,1,0,0,1,38.46,15.38
452,9,10,1,1,14.0,12.0,14.0,116.67,14.0,3,0,0,0,1,58.33,25.0
452,9,11,1,1,1.0,3.0,1.0,33.33,1.0,0,0,0,0,1,66.67,0.0
452,9,14,1,1,10.0,13.0,10.0,76.92,10.0,2,0,0,0,1,61.54,15.38
452,18,16,1,1,45.0,28.0,45.0,160.71,45.0,7,1,0,0,1,32.14,28.57
452,5,10,1,1,14.0,7.0,14.0,200.0,14.0,1,1,0,0,0,14.29,28.57
452,5,11,1,1,91.0,53.0,91.0,171.7,91.0,6,6,1,0,0,24.53,22.64
452,5,14,1,1,34.0,21.0,34.0,161.9,34.0,6,0,0,0,1,38.1,28.57
452,12,16,1,1,38.0,24.0,38.0,158.33,38.0,8,0,0,0,1,41.67,33.33
452,11,14,1,1,60.0,42.0,60.0,142.86,60.0,8,1,1,0,1,30.95,21.43
452,11,16,1,1,10.0,8.0,10.0,125.0,10.0,2,0,0,0,1,62.5,25.0
452,17,11,2,2,17.0,25.0,8.5,68.0,12.0,1,1,0,0,2,60.0,8.0
452,17,14,1,1,44.0,38.0,44.0,115.79,44.0,5,0,0,0,1,31.58,13.16
452,17,16,1,1,56.0,29.0,56.0,193.1,56.0,4,5,1,0,1,34.48,31.03
452,15,10,1,1,31.0,21.0,31.0,147.62,31.0,5,0,0,0,1,33.33,23.81
452,15,11,1,1,11.0,13.0,11.0,84.62,11.0,2,0,0,0,1,53.85,15.38
452,15,16,1,1,20.0,19.0,20.0,105.26,20.0,4,0,0,0,1,57.89,21.05
83,6,4,1,1,14.0,10.0,14.0,140.0,14.0,1,1,0,0,0,40.0,20.0
83,16,4,1,1,0.0,1.0,0.0,0.0,0.0,0,0,0,0,1,100.0,0.0
83,13,4,1,1,4.0,5.0,4.0,80.0,4.0,0,0,0,0,1,40.0,0.0
709,10,12,1,1,0.0,1.0,0.0,0.0,0.0,0,0,0,0,1,100.0,0.0
628,6,13,1,1,11.0,8.0,11.0,137.5,11.0,2,0,0,0,1,37.5,25.0
628,15,13,1,1,4.0,5.0,4.0,80.0,4.0,0,0,0,0,0,20.0,0.0
358,6,12,2,2,61.0,46.0,30.5,132.61,61.0,3,3,1,0,1,32.61,13.04
358,6,13,2,2,23.0,27.0,11.5,85.19,23.0,2,0,0,0,2,44.44,7.41
358,6,14,1,1,7.0,5.0,7.0,140.0,7.0,1,0,0,0,1,20.0,20.0
358,6,15,1,1,6.0,3.0,6.0,200.0,6.0,1,0,0,0,1,0.0,33.33
358,6,17,2,2,53.0,36.0,26.5,147.22,46.0,8,1,0,0,2,41.67,25.0
358,10,12,2,2,89.0,59.0,44.5,150.85,48.0,14,2,0,0,2,40.68,27.12
358,10,13,1,1,53.0,48.0,53.0,110.42,53.0,2,1,1,0,1,27.08,6.25
358,10,14,1,1,38.0,18.0,38.0,211.11,38.0,3,4,0,0,2,50.0,38.89
358,10,15,2,2,37.0,23.0,18.5,160.87,28.0,6,1,0,0,2,39.13,30.43
358,10,17,1,1,9.0,3.0,9.0,300.0,9.0,2,0,0,0,0,0.0,66.67
358,1,15,2,2,9.0,14.0,4.5,64.29,8.0,2,0,0,0,2,78.57,14.29
358,1,17,1,1,22.0,13.0,22.0,169.23,22.0,4,0,0,0,1,23.08,30.77
358,1,18,1,1,47.0,22.0,47.0,213.64,47.0,4,3,0,0,1,18.18,31.82
358,13,12,1,1,1.0,6.0,1.0,16.67,1.0,0,0,0,0,1,66.67,0.0
358,13,13,2,2,116.0,75.0,58.0,154.67,97.0,11,6,1,0,2,41.33,22.67
358,9,12,2,2,119.0,78.0,59.5,152.56,80.0,10,5,1,0,1,21.79,19.23
358,9,13,2,2,41.0,38.0,20.5,107.89,36.0,7,0,0,0,2,50.0,18.42
358,9,14,1,1,55.0,40.0,55.0,137.5,55.0,5,3,1,0,1,40.0,20.0
358,9,17,1,1,108.0,48.0,108.0,225.0,108.0,8,9,1,1,1,22.92,35.42
358,18,15,1,1,32.0,28.0,32.0,114.29,32.0,5,0,0,0,1,39.29,17.86
358,18,17,1,1,42.0,29.0,42.0,144.83,42.0,3,3,0,0,1,37.93,20.69
358,5,12,1,1,16.0,10.0,16.0,160.0,16.0,3,0,0,0,1,40.0,30.0
358,5,13,1,1,25.0,15.0,25.0,166.67,25.0,2,2,0,0,1,40.0,26.67
358,5,14,1,1,43.0,22.0,43.0,195.45,43.0,3,4,0,0,1,36.36,31.82
358,5,15,1,1,12.0,13.0,12.0,92.31,12.0,1,0,0,0,1,30.77,7.69
358,12,14,1,1,63.0,56.0,63.0,112.5,63.0,3,3,1,0,0,41.07,10.71
358,12,18,1,1,38.0,24.0,38.0,158.33,38.0,3,2,0,0,1,29.17,20.83
358,11,12,1,1,45.0,28.0,45.0,160.71,45.0,6,1,0,0,1,32.14,25.0
358,11,13,2,2,26.0,26.0,13.0,100.0,16.0,1,2,0,0,2,57.69,11.54
358,11,14,1,1,30.0,21.0,30.0,142.86,30.0,4,1,0,0,1,38.1,23.81
358,11,15,1,1,56.0,40.0,56.0,140.0,56.0,8,1,1,0,1,32.5,22.5
358,11,17,2,2,29.0,41.0,14.5,70.73,15.0,2,0,0,0,2,46.34,4.88
358,17,12,1,1,114.0,56.0,114.0,203.57,114.0,12,7,1,1,1,28.57,33.93
358,17,13,1,1,61.0,43.0,61.0,141.86,61.0,6,2,1,0,2,32.56,18.6
358,17,14,1,1,12.0,13.0,12.0,92.31,12.0,1,0,0,0,1,46.15,7.69
358,17,15,1,1,66.0,29.0,66.0,227.59,66.0,4,7,1,0,1,34.48,37.93
358,8,17,2,2,35.0,22.0,17.5,159.09,27.0,6,1,0,0,2,40.91,31.82
358,15,15,2,2,35.0,25.0,17.5,140.0,23.0,7,0,0,0,2,48.0,28.0
358,15,17,1,1,0.0,3.0,0.0,0.0,0.0,0,0,0,0,1,100.0,0.0
487,16,3,1,1,22.0,16.0,22.0,137.5,22.0,1,1,0,0,1,37.5,12.5
487,2,3,1,1,4.0,8.0,4.0,50.0,4.0,0,0,0,0,1,50.0,0.0
89,6,15,1,1,26.0,17.0,26.0,152.94,26.0,0,3,0,0,1,41.18,17.65
89,6,16,1,1,21.0,10.0,21.0,210.0,21.0,2,1,0,0,1,20.0,30.0
89,6,17,1,1,0.0,1.0,0.0,0.0,0.0,0,0,0,0,1,100.0,0.0
89,6,18,2,2,19.0,14.0,9.5,135.71,12.0,2,1,0,0,2,50.0,21.43
89,10,15,2,2,76.0,57.0,38.0,133.33,44.0,8,2,0,0,2,36.84,17.54
89,10,16,2,2,5.0,8.0,2.5,62.5,5.0,1,0,0,0,2,75.0,12.5
89,10,17,1,1,9.0,9.0,9.0,100.0,9.0,1,0,0,0,1,33.33,11.11
89,10,18,1,1,3.0,11.0,3.0,27.27,3.0,0,0,0,0,1,72.73,0.0
89,1,15,1,1,23.0,11.0,23.0,209.09,23.0,1,2,0,0,1,36.36,27.27
89,1,16,1,1,25.0,23.0,25.0,108.7,25.0,5,0,0,0,1,56.52,21.74
89,1,17,2,2,29.0,20.0,14.5,145.0,16.0,0,3,0,0,2,35.0,15.0
89,1,18,1,1,33.0,21.0,33.0,157.14,33.0,5,1,0,0,1,47.62,28.57
89,9,16,2,2,42.0,29.0,21.0,144.83,21.0,1,4,0,0,2,37.93,17.24
89,18,15,1,1,2.0,5.0,2.0,40.0,2.0,0,0,0,0,1,60.0,0.0
89,18,16,2,2,26.0,14.0,13.0,185.71,24.0,0,3,0,0,2,21.43,21.43
89,18,17,1,1,6.0,9.0,6.0,66.67,6.0,1,0,0,0,1,66.67,11.11
89,18,18,1,1,85.0,33.0,85.0,257.58,85.0,8,6,1,0,0,12.12,42.42
89,5,15,1,1,30.0,15.0,30.0,200.0,30.0,2,2,0,0,0,20.0,26.67
89,5,16,2,2,74.0,34.0,37.0,217.65,49.0,5,6,0,0,1,17.65,32.35
89,5,17,1,1,9.0,9.0,9.0,100.0,9.0,1,0,0,0,1,33.33,11.11
89,5,18,1,1,40.0,19.0,40.0,210.53,40.0,2,4,0,0,0,26.32,31.58
89,12,18,3,3,37.0,25.0,12.33,148.0,24.0,2,3,0,0,2,36.0,20.0
89,11,15,1,1,38.0,18.0,38.0,211.11,38.0,4,2,0,0,0,16.67,33.33
89,11,16,2,2,71.0,44.0,35.5,161.36,44.0,5,4,0,0,2,29.55,20.45
89,11,17,2,2,51.0,44.0,25.5,115.91,29.0,1,4,0,0,2,38.64,11.36
89,11,18,1,1,20.0,10.0,20.0,200.0,20.0,4,0,0,0,0,10.0,40.0
89,17,15,1,1,9.0,5.0,9.0,180.0,9.0,2,0,0,0,1,40.0,40.0
89,17,16,1,1,41.0,27.0,41.0,151.85,41.0,2,3,0,0,1,29.63,18.52
89,8,17,2,2,32.0,24.0,16.0,133.33,27.0,2,2,0,0,2,37.5,16.67
89,15,15,2,2,30.0,15.0,15.0,200.0,19.0,5,1,0,0,2,33.33,40.0
89,15,16,1,1,4.0,9.0,4.0,44.44,4.0,1,0,0,0,1,88.89,11.11
89,15,17,2,2,51.0,26.0,25.5,196.15,32.0,3,3,0,0,1,19.23,23.08
89,15,18,1,1,24.0,15.0,24.0,160.0,24.0,1,2,0,0,1,26.67,20.0
755,6,14,1,1,5.0,5.0,5.0,100.0,5.0,0,0,0,0,1,20.0,0.0
755,6,16,1,1,0.0,1.0,0.0,0.0,0.0,0,0,0,0,1,100.0,0.0
755,10,13,1,1,11.0,15.0,11.0,73.33,11.0,1,0,0,0,1,53.33,6.67
755,10,14,1,1,10.0,9.0,10.0,111.11,10.0,0,1,0,0,1,33.33,11.11
755,2,9,1,1,0.0,1.0,0.0,0.0,0.0,0,0,0,0,1,100.0,0.0
755,14,9,1,1,13.0,8.0,13.0,162.5,13.0,1,1,0,0,1,37.5,25.0
755,1,15,1,1,1.0,2.0,1.0,50.0,1.0,0,0,0,0,1,50.0,0.0
755,13,13,1,1,5.0,8.0,5.0,62.5,5.0,0,0,0,0,1,37.5,0.0
755,9,7,1,1,16.0,12.0,16.0,133.33,16.0,2,1,0,0,1,58.33,25.0
755,9,14,1,1,2.0,9.0,2.0,22.22,2.0,0,0,0,0,1,66.67,0.0
755,9,15,1,1,13.0,4.0,13.0,325.0,13.0,0,2,0,0,1,25.0,50.0
755,5,14,1,1,1.0,2.0,1.0,50.0,1.0,0,0,0,0,1,50.0,0.0
755,5,15,1,1,0.0,2.0,0.0,0.0,0.0,0,0,0,0,0,100.0,0.0
755,5,16,1,1,11.0,9.0,11.0,122.22,11.0,0,1,0,0,1,33.33,11.11
755,12,14,1,1,47.0,29.0,47.0,162.07,47.0,0,5,0,0,0,37.93,17.24
755,12,15,1,1,11.0,8.0,11.0,137.5,11.0,0,1,0,0,1,25.0,12.5
755,12,16,1,1,1.0,1.0,1.0,100.0,1.0,0,0,0,0,0,0.0,0.0
755,11,15,2,2,9.0,16.0,4.5,56.25,8.0,2,0,0,0,2,81.25,12.5
755,17,13,2,2,50.0,30.0,25.0,166.67,26.0,4,3,0,0,0,26.67,23.33
755,17,14,2,2,20.0,18.0,10.0,111.11,16.0,2,0,0,0,2,27.78,11.11
755,17,15,1,1,16.0,9.0,16.0,177.78,16.0,0,2,0,0,1,33.33,22.22
755,15,9,2,2,9.0,10.0,4.5,90.0,6.0,1,0,0,0,2,40.0,10.0
755,15,15,1,1,8.0,3.0,8.0,266.67,8.0,0,1,0,0,0,0.0,33.33
294,16,1,1,1,16.0,10.0,16.0,160.0,16.0,1,1,0,0,1,20.0,20.0
294,2,2,1,1,4.0,3.0,4.0,133.33,4.0,0,0,0,0,1,33.33,0.0
294,5,2,1,1,16.0,15.0,16.0,106.67,16.0,0,1,0,0,0,33.33,6.67
294,5,4,1,1,0.0,1.0,0.0,0.0,0.0,0,0,0,0,1,100.0,0.0
294,11,1,1,1,0.0,1.0,0.0,0.0,0.0,0,0,0,0,1,100.0,0.0
282,1,16,2,2,6.0,9.0,3.0,66.67,3.0,0,0,0,0,0,33.33,0.0
573,6,2,2,2,71.0,61.0,35.5,116.39,62.0,5,2,1,0,1,27.87,11.48
573,6,3,1,1,6.0,7.0,6.0,85.71,6.0,0,0,0,0,1,42.86,0.0
573,6,4,1,1,17.0,11.0,17.0,154.55,17.0,2,0,0,0,1,18.18,18.18
573,6,7,2,2,43.0,31.0,21.5,138.71,28.0,5,0,0,0,1,29.03,16.13
573,6,8,2,2,11.0,12.0,5.5,91.67,6.0,1,0,0,0,2,41.67,8.33
573,16,2,2,2,99.0,88.0,49.5,112.5,52.0,11,2,1,0,2,37.5,14.77
573,2,2,2,2,9.0,10.0,4.5,90.0,9.0,2,0,0,0,2,70.0,20.0
573,2,3,1,1,21.0,14.0,21.0,150.0,21.0,3,0,0,0,0,14.29,21.43
573,2,4,1,1,55.0,31.0,55.0,177.42,55.0,2,4,1,0,1,19.35,19.35
573,2,5,2,2,17.0,14.0,8.5,121.43,13.0,2,0,0,0,1,28.57,14.29
573,14,9,2,2,61.0,50.0,30.5,122.0,48.0,5,1,0,0,1,26.0,12.0
573,13,2,1,1,59.0,63.0,59.0,93.65,59.0,4,0,1,0,1,39.68,6.35
573,13,3,1,1,35.0,28.0,35.0,125.0,35.0,1,2,0,0,0,21.43,10.71
573,13,4,2,2,30.0,26.0,15.0,115.38,18.0,1,1,0,0,2,15.38,7.69
573,13,7,2,2,25.0,29.0,12.5,86.21,17.0,2,0,0,0,2,34.48,6.9
573,13,8,1,1,21.0,19.0,21.0,110.53,21.0,3,0,0,0,0,36.84,15.79
573,9,2,2,2,70.0,51.0,35.0,137.25,52.0,2,4,1,0,0,15.69,11.76
573,9,3,1,1,19.0,27.0,19.0,70.37,19.0,2,0,0,0,1,55.56,7.41
573,9,4,1,1,6.0,8.0,6.0,75.0,6.0,0,0,0,0,1,25.0,0.0
573,9,5,1,1,16.0,15.0,16.0,106.67,16.0,1,0,0,0,0,26.67,6.67
573,9,7,2,2,92.0,63.0,46.0,146.03,52.0,3,6,1,0,0,23.81,14.29
573,9,8,2,2,30.0,24.0,15.0,125.0,25.0,3,1,0,0,2,33.33,16.67
573,9,11,1,1,13.0,11.0,13.0,118.18,13.0,0,1,0,0,0,36.36,9.09
573,5,4,1,1,8.0,10.0,8.0,80.0,8.0,1,0,0,0,1,50.0,10.0
573,5,5,1,1,25.0,24.0,25.0,104.17,25.0,3,0,0,0,0,33.33,12.5
573,5,7,2,2,64.0,53.0,32.0,120.75,45.0,0,4,0,0,1,20.75,7.55
573,5,8,2,2,106.0,69.0,53.0,153.62,78.0,6,8,1,0,1,31.88,20.29
573,5,9,2,2,58.0,40.0,29.0,145.0,49.0,4,2,0,0,1,12.5,15.0
573,7,4,2,2,53.0,56.0,26.5,94.64,30.0,1,1,0,0,2,26.79,3.57
573,7,5,2,2,30.0,27.0,15.0,111.11,26.0,0,1,0,0,0,11.11,3.7
573,11,2,1,1,4.0,5.0,4.0,80.0,4.0,0,0,0,0,1,20.0,0.0
573,11,3,1,1,31.0,32.0,31.0,96.88,31.0,4,0,0,0,1,34.38,12.5
573,11,4,1,1,14.0,17.0,14.0,82.35,14.0,0,1,0,0,1,47.06,5.88
573,11,5,2,2,82.0,57.0,41.0,143.86,58.0,3,5,1,0,1,28.07,14.04
573,11,7,2,2,47.0,39.0,23.5,120.51,39.0,4,2,0,0,2,35.9,15.38
573,11,8,2,2,100.0,77.0,50.0,129.87,56.0,3,6,1,0,1,31.17,11.69
573,3,9,2,2,48.0,46.0,24.0,104.35,34.0,2,0,0,0,2,21.74,4.35
573,17,2,2,2,60.0,47.0,30.0,127.66,59.0,2,3,1,0,1,29.79,10.64
573,17,3,2,2,45.0,23.0,22.5,195.65,42.0,3,3,0,0,1,21.74,26.09
573,17,4,1,1,22.0,15.0,22.0,146.67,22.0,2,1,0,0,1,40.0,20.0
573,17,5,1,1,74.0,53.0,74.0,139.62,74.0,4,5,1,0,1,37.74,16.98
573,17,7,2,2,115.0,78.0,57.5,147.44,67.0,7,6,1,0,1,25.64,16.67
573,17,8,2,2,80.0,57.0,40.0,140.35,67.0,6,3,1,0,2,24.56,15.79
573,17,9,1,1,7.0,5.0,7.0,140.0,7.0,1,0,0,0,0,20.0,20.0
573,17,11,1,1,23.0,29.0,23.0,79.31,23.0,3,0,0,0,1,51.72,10.34
573,15,7,2,2,24.0,12.0,12.0,200.0,20.0,1,2,0,0,1,8.33,25.0
573,15,8,2,2,66.0,57.0,33.0,115.79,54.0,5,2,1,0,2,31.58,12.28
573,15,9,1,1,17.0,15.0,17.0,113.33,17.0,1,0,0,0,1,26.67,6.67
303,6,6,1,1,1.0,2.0,1.0,50.0,1.0,0,0,0,0,1,50.0,0.0
303,6,7,2,2,5.0,6.0,2.5,83.33,4.0,1,0,0,0,2,66.67,16.67
303,6,8,1,1,16.0,13.0,16.0,123.08,16.0,2,0,0,0,1,23.08,15.38
303,2,7,1,1,23.0,8.0,23.0,287.5,23.0,0,3,0,0,1,12.5,37.5
303,2,8,2,2,25.0,15.0,12.5,166.67,17.0,3,0,0,0,1,13.33,20.0
303,2,9,2,2,29.0,19.0,14.5,152.63,22.0,2,0,0,0,1,10.53,10.53
303,2,10,2,2,15.0,11.0,7.5,136.36,14.0,1,0,0,0,1,27.27,9.09
303,13,7,2,2,43.0,20.0,21.5,215.0,35.0,1,5,0,0,0,25.0,30.0
303,13,8,2,3,47.0,37.0,23.5,127.03,46.0,2,3,0,0,3,37.84,13.51
303,13,9,1,1,32.0,27.0,32.0,118.52,32.0,3,0,0,0,1,25.93,11.11
303,9,6,1,1,1.0,4.0,1.0,25.0,1.0,0,0,0,0,1,75.0,0.0
303,9,7,2,2,3.0,2.0,1.5,150.0,2.0,0,0,0,0,0,0.0,0.0
303,9,8,1,1,6.0,6.0,6.0,100.0,6.0,1,0,0,0,1,50.0,16.67
303,9,10,1,1,4.0,2.0,4.0,200.0,4.0,0,0,0,0,0,0.0,0.0
303,5,6,1,1,12.0,13.0,12.0,92.31,12.0,2,0,0,0,1,53.85,15.38
303,5,7,2,2,54.0,33.0,27.0,163.64,31.0,1,5,0,0,1,21.21,18.18
303,5,8,1,1,6.0,6.0,6.0,100.0,6.0,0,0,0,0,0,16.67,0.0
303,5,9,1,1,7.0,8.0,7.0,87.5,7.0,1,0,0,0,1,37.5,12.5
303,5,10,1,1,21.0,27.0,21.0,77.78,21.0,2,0,0,0,2,48.15,7.41
303,7,5,1,1,3.0,4.0,3.0,75.0,3.0,0,0,0,0,1,25.0,0.0
303,7,6,2,2,22.0,16.0,11.0,137.5,19.0,1,1,0,0,0,25.0,12.5
303,11,5,1,1,11.0,9.0,11.0,122.22,11.0,0,0,0,0,0,11.11,0.0
303,3,9,1,1,9.0,5.0,9.0,180.0,9.0,1,0,0,0,0,0.0,20.0
303,3,10,1,1,6.0,7.0,6.0,85.71,6.0,0,0,0,0,1,28.57,0.0
303,17,6,2,2,4.0,8.0,2.0,50.0,3.0,0,0,0,0,1,62.5,0.0
303,17,7,1,1,41.0,17.0,41.0,241.18,41.0,3,3,0,0,0,17.65,35.29
303,17,8,2,2,8.0,9.0,4.0,88.89,4.0,1,0,0,0,2,44.44,11.11
303,15,6,2,2,17.0,14.0,8.5,121.43,11.0,2,1,0,0,1,57.14,21.43
303,15,7,2,2,12.0,8.0,6.0,150.0,8.0,2,0,0,0,1,25.0,25.0
303,15,8,2,2,36.0,24.0,18.0,150.0,30.0,3,2,0,0,1,29.17,20.83
303,15,10,1,1,8.0,10.0,8.0,80.0,8.0,1,0,0,0,1,50.0,10.0
101,6,18,1,1,6.0,6.0,6.0,100.0,6.0,1,0,0,0,0,33.33,16.67
101,10,18,1,1,32.0,12.0,32.0,266.67,32.0,3,2,0,0,1,16.67,41.67
101,9,18,2,2,13.0,12.0,6.5,108.33,11.0,2,0,0,0,1,50.0,16.67
101,18,18,1,1,30.0,14.0,30.0,214.29,30.0,1,4,0,0,1,50.0,35.71
101,5,18,2,2,111.0,63.0,55.5,176.19,73.0,14,5,1,0,2,34.92,30.16
101,8,18,4,4,86.0,64.0,21.5,134.38,39.0,5,5,0,0,5,32.81,15.62
688,13,11,1,1,6.0,1.0,6.0,600.0,6.0,0,1,0,0,0,0.0,100.0
688,11,11,1,1,2.0,5.0,2.0,40.0,2.0,0,0,0,0,1,60.0,0.0
427,6,15,1,1,7.0,7.0,7.0,100.0,7.0,0,0,0,0,0,14.29,0.0
427,18,16,1,1,1.0,2.0,1.0,50.0,1.0,0,0,0,0,0,50.0,0.0
427,12,15,1,1,7.0,4.0,7.0,175.0,7.0,1,0,0,0,0,0.0,25.0
427,12,18,1,1,0.0,1.0,0.0,0.0,0.0,0,0,0,0,0,100.0,0.0
427,11,15,2,2,1.0,4.0,0.5,25.0,1.0,0,0,0,0,0,75.0,0.0
427,15,15,1,1,3.0,11.0,3.0,27.27,3.0,0,0,0,0,0,72.73,0.0
670,6,1,3,3,87.0,45.0,29.0,193.33,71.0,11,4,1,0,3,28.89,33.33
670,6,4,1,1,8.0,6.0,8.0,133.33,8.0,0,0,0,0,1,16.67,0.0
670,16,4,2,2,34.0,24.0,17.0,141.67,17.0,2,1,0,0,0,12.5,12.5
670,2,1,1,1,4.0,6.0,4.0,66.67,4.0,0,0,0,0,1,33.33,0.0
670,13,4,1,1,7.0,7.0,7.0,100.0,7.0,1,0,0,0,1,42.86,14.29
670,9,1,2,2,31.0,22.0,15.5,140.91,18.0,6,0,0,0,2,40.91,27.27
670,9,4,1,1,25.0,30.0,25.0,83.33,25.0,1,1,0,0,1,40.0,6.67
670,5,1,1,1,0.0,1.0,0.0,0.0,0.0,0,0,0,0,1,100.0,0.0
670,5,4,1,1,55.0,44.0,55.0,125.0,55.0,10,0,1,0,1,45.45,22.73
670,7,4,1,1,13.0,4.0,13.0,325.0,13.0,1,1,0,0,0,0.0,50.0
670,11,1,2,2,67.0,51.0,33.5,131.37,51.0,9,1,1,0,2,43.14,19.61
670,17,1,2,2,32.0,23.0,16.0,139.13,27.0,1,3,0,0,2,43.48,17.39
670,17,4,1,1,54.0,43.0,54.0,125.58,54.0,7,0,1,0,2,32.56,16.28
270,10,13,1,1,12.0,17.0,12.0,70.59,12.0,1,0,0,0,1,52.94,5.88
270,13,13,1,1,0.0,3.0,0.0,0.0,0.0,0,0,0,0,1,100.0,0.0
270,5,13,1,1,33.0,24.0,33.0,137.5,33.0,4,1,0,0,1,41.67,20.83
270,15,13,2,2,33.0,33.0,16.5,100.0,32.0,4,0,0,0,1,36.36,12.12
722,6,1,2,2,25.0,26.0,12.5,96.15,24.0,2,1,0,0,2,50.0,11.54
722,6,2,1,1,14.0,20.0,14.0,70.0,14.0,1,0,0,0,1,50.0,5.0
722,2,1,1,1,1.0,3.0,1.0,33.33,1.0,0,0,0,0,1,66.67,0.0
722,2,2,1,1,38.0,21.0,38.0,180.95,38.0,3,3,0,0,1,23.81,28.57
722,9,1,1,1,6.0,7.0,6.0,85.71,6.0,1,0,0,0,1,57.14,14.29
722,9,2,1,1,0.0,7.0,0.0,0.0,0.0,0,0,0,0,1,100.0,0.0
722,9,3,1,1,17.0,17.0,17.0,100.0,17.0,1,1,0,0,0,41.18,11.76
722,5,1,1,1,18.0,21.0,18.0,85.71,18.0,1,1,0,0,0,52.38,9.52
722,5,2,2,2,32.0,33.0,16.0,96.97,20.0,2,1,0,0,2,39.39,9.09
722,5,3,1,1,1.0,3.0,1.0,33.33,1.0,0,0,0,0,1,66.67,0.0
722,11,1,1,1,26.0,21.0,26.0,123.81,26.0,3,2,0,0,1,66.67,23.81
722,11,2,1,1,1.0,4.0,1.0,25.0,1.0,0,0,0,0,1,75.0,0.0
722,17,2,2,2,39.0,48.0,19.5,81.25,20.0,3,0,0,0,2,47.92,6.25
508,6,11,2,2,14.0,6.0,7.0,233.33,13.0,0,2,0,0,2,33.33,33.33
508,6,12,1,1,9.0,8.0,9.0,112.5,9.0,0,1,0,0,1,50.0,12.5
508,6,16,2,2,18.0,14.0,9.0,128.57,17.0,0,1,0,0,1,28.57,7.14
508,10,12,1,1,6.0,6.0,6.0,100.0,6.0,1,0,0,0,1,50.0,16.67
508,10,13,1,1,20.0,14.0,20.0,142.86,20.0,1,1,0,0,1,28.57,14.29
508,10,16,1,1,6.0,1.0,6.0,600.0,6.0,0,1,0,0,0,0.0,100.0
508,2,11,2,2,20.0,7.0,10.0,285.71,18.0,2,1,0,0,0,0.0,42.86
508,13,11,2,2,13.0,9.0,6.5,144.44,8.0,1,1,0,0,2,44.44,22.22
508,13,12,1,1,3.0,4.0,3.0,75.0,3.0,0,0,0,0,1,50.0,0.0
508,9,11,3,3,24.0,19.0,8.0,126.32,12.0,1,1,0,0,2,36.84,10.53
508,9,16,1,1,11.0,4.0,11.0,275.0,11.0,1,1,0,0,0,25.0,50.0
508,5,11,1,1,33.0,11.0,33.0,300.0,33.0,4,2,0,0,0,18.18,54.55
508,5,12,1,1,0.0,1.0,0.0,0.0,0.0,0,0,0,0,0,0.0,0.0
508,5,13,1,1,22.0,13.0,22.0,169.23,22.0,2,1,0,0,0,30.77,23.08
508,5,16,1,1,2.0,3.0,2.0,66.67,2.0,0,0,0,0,1,33.33,0.0
508,12,16,1,1,1.0,2.0,1.0,50.0,1.0,0,0,0,0,1,50.0,0.0
508,11,15,1,1,0.0,1.0,0.0,0.0,0.0,0,0,0,0,1,100.0,0.0
508,17,11,1,1,14.0,5.0,14.0,280.0,14.0,0,2,0,0,1,40.0,40.0
508,17,16,1,1,23.0,13.0,23.0,176.92,23.0,1,2,0,0,1,23.08,23.08
508,15,11,2,2,8.0,7.0,4.0,114.29,8.0,1,0,0,0,2,42.86,14.29
455,6,18,1,1,1.0,1.0,1.0,100.0,1.0,0,0,0,0,0,0.0,0.0
455,1,16,1,1,6.0,7.0,6.0,85.71,6.0,1,0,0,0,1,42.86,14.29
455,9,15,1,1,3.0,5.0,3.0,60.0,3.0,0,0,0,0,1,40.0,0.0
455,5,18,1,1,2.0,4.0,2.0,50.0,2.0,0,0,0,0,1,50.0,0.0
685,6,14,1,1,4.0,1.0,4.0,400.0,4.0,1,0,0,0,0,0.0,100.0
685,6,15,1,1,12.0,12.0,12.0,100.0,12.0,1,0,0,0,0,41.67,8.33
685,6,17,1,1,11.0,10.0,11.0,110.0,11.0,0,1,0,0,0,30.0,10.0
685,10,15,2,2,8.0,8.0,4.0,100.0,6.0,0,1,0,0,2,62.5,12.5
685,1,15,1,1,1.0,1.0,1.0,100.0,1.0,0,0,0,0,0,0.0,0.0
685,1,17,1,1,1.0,1.0,1.0,100.0,1.0,0,0,0,0,0,0.0,0.0
685,13,10,1,1,11.0,20.0,11.0,55.0,11.0,1,0,0,0,1,65.0,5.0
685,13,12,1,1,0.0,1.0,0.0,0.0,0.0,0,0,0,0,1,100.0,0.0
685,9,13,1,1,9.0,10.0,9.0,90.0,9.0,1,0,0,0,1,40.0,10.0
685,9,14,1,1,0.0,1.0,0.0,0.0,0.0,0,0,0,0,1,100.0,0.0
685,9,15,1,1,25.0,16.0,25.0,156.25,25.0,4,1,0,0,1,43.75,31.25
685,18,15,1,1,2.0,5.0,2.0,40.0,2.0,0,0,0,0,1,60.0,0.0
685,18,16,2,2,0.0,2.0,0.0,0.0,0.0,0,0,0,0,1,100.0,0.0
685,18,18,1,1,2.0,3.0,2.0,66.67,2.0,0,0,0,0,1,33.33,0.0
685,5,10,2,2,44.0,44.0,22.0,100.0,44.0,4,1,0,0,2,38.64,11.36
685,5,12,1,1,9.0,8.0,9.0,112.5,9.0,0,1,0,0,1,37.5,12.5
685,5,13,2,2,27.0,22.0,13.5,122.73,15.0,2,1,0,0,1,45.45,13.64
685,5,17,1,1,8.0,3.0,8.0,266.67,8.0,0,1,0,0,1,0.0,33.33
685,5,18,1,1,7.0,5.0,7.0,140.0,7.0,0,1,0,0,1,40.0,20.0
685,11,13,1,1,2.0,3.0,2.0,66.67,2.0,0,0,0,0,0,33.33,0.0
685,11,14,1,1,9.0,4.0,9.0,225.0,9.0,1,0,0,0,0,0.0,25.0
685,17,15,1,1,0.0,1.0,0.0,0.0,0.0,0,0,0,0,0,0.0,0.0
685,15,12,2,2,5.0,6.0,2.5,83.33,3.0,0,0,0,0,1,33.33,0.0
685,15,13,2,2,18.0,14.0,9.0,128.57,15.0,1,1,0,0,1,35.71,14.29
163,9,6,1,1,1.0,1.0,1.0,100.0,1.0,0,0,0,0,0,0.0,0.0
163,17,5,1,1,11.0,8.0,11.0,137.5,11.0,0,1,0,0,0,37.5,12.5
242,5,14,1,1,0.0,4.0,0.0,0.0,0.0,0,0,0,0,0,100.0,0.0
621,6,14,1,1,16.0,13.0,16.0,123.08,16.0,1,1,0,0,1,38.46,15.38
621,9,14,2,2,15.0,16.0,7.5,93.75,11.0,1,1,0,0,0,56.25,12.5
621,5,14,2,2,6.0,6.0,3.0,100.0,4.0,0,0,0,0,1,33.33,0.0
621,12,14,1,1,16.0,11.0,16.0,145.45,16.0,1,1,0,0,0,18.18,18.18
621,8,18,2,2,0.0,5.0,0.0,0.0,0.0,0,0,0,0,0,60.0,0.0
621,15,14,1,1,12.0,9.0,12.0,133.33,12.0,2,0,0,0,1,33.33,22.22
384,12,17,1,1,1.0,2.0,1.0,50.0,1.0,0,0,0,0,1,50.0,0.0
665,6,3,3,3,52.0,25.0,17.33,208.0,27.0,6,3,0,0,4,32.0,36.0
665,6,4,1,1,0.0,2.0,0.0,0.0,0.0,0,0,0,0,0,50.0,0.0
665,6,5,1,1,16.0,19.0,16.0,84.21,16.0,1,1,0,0,1,47.37,10.53
665,6,6,4,4,142.0,89.0,35.5,159.55,60.0,12,10,2,0,2,37.08,24.72
665,6,7,3,3,26.0,20.0,8.67,130.0,14.0,2,1,0,0,3,25.0,15.0
665,6,8,4,4,142.0,69.0,35.5,205.8,64.0,7,13,1,0,3,27.54,28.99
665,6,12,3,3,71.0,44.0,23.67,161.36,41.0,5,5,0,0,1,36.36,22.73
665,6,13,1,1,18.0,14.0,18.0,128.57,18.0,1,1,0,0,1,28.57,14.29
665,6,14,2,2,102.0,48.0,51.0,212.5,87.0,7,9,1,0,1,31.25,33.33
665,6,15,1,1,14.0,9.0,14.0,155.56,14.0,1,1,0,0,1,33.33,22.22
665,16,3,2,2,22.0,15.0,11.0,146.67,21.0,3,0,0,0,2,33.33,20.0
665,16,4,2,2,24.0,14.0,12.0,171.43,24.0,3,1,0,0,2,35.71,28.57
665,16,5,1,1,24.0,18.0,24.0,133.33,24.0,0,3,0,0,1,50.0,16.67
665,10,12,1,1,21.0,13.0,21.0,161.54,21.0,2,1,0,0,1,23.08,23.08
665,10,13,3,3,20.0,20.0,6.67,100.0,11.0,3,0,0,0,2,45.0,15.0
665,10,14,2,2,8.0,14.0,4.0,57.14,6.0,0,0,0,0,2,42.86,0.0
665,10,15,1,1,3.0,6.0,3.0,50.0,3.0,0,0,0,0,1,50.0,0.0
665,2,3,2,2,55.0,21.0,27.5,261.9,45.0,4,5,0,0,2,19.05,42.86
665,2,4,1,1,9.0,8.0,9.0,112.5,9.0,1,0,0,0,0,25.0,12.5
665,2,5,2,2,17.0,12.0,8.5,141.67,16.0,1,1,0,0,2,41.67,16.67
665,2,6,2,2,32.0,17.0,16.0,188.24,19.0,2,2,0,0,1,11.76,23.53
665,2,7,2,2,44.0,38.0,22.0,115.79,33.0,2,3,0,0,2,42.11,13.16
665,2,8,2,2,36.0,22.0,18.0,163.64,26.0,0,4,0,0,1,36.36,18.18
665,2,9,2,2,22.0,24.0,11.0,91.67,19.0,0,1,0,0,2,37.5,4.17
665,2,10,2,2,89.0,64.0,44.5,139.06,63.0,9,4,1,0,1,34.38,20.31
665,2,11,2,2,7.0,8.0,3.5,87.5,7.0,0,0,0,0,2,50.0,0.0
665,14,9,2,2,10.0,14.0,5.0,71.43,9.0,0,1,0,0,2,50.0,7.14
665,14,10,2,3,64.0,37.0,32.0,172.97,39.0,5,4,0,0,3,21.62,24.32
665,1,15,1,1,4.0,14.0,4.0,28.57,4.0,0,0,0,0,1,71.43,0.0
665,13,3,2,2,38.0,27.0,19.0,140.74,20.0,4,1,0,0,2,22.22,18.52
665,13,4,2,2,37.0,22.0,18.5,168.18,20.0,2,3,0,0,2,31.82,22.73
665,13,5,2,2,10.0,17.0,5.0,58.82,7.0,1,0,0,0,2,64.71,5.88
665,13,6,2,2,42.0,42.0,21.0,100.0,22.0,2,2,0,0,1,38.1,9.52
665,13,7,2,2,36.0,18.0,18.0,200.0,28.0,2,3,0,0,0,27.78,27.78
665,13,8,2,2,27.0,28.0,13.5,96.43,20.0,1,1,0,0,1,35.71,7.14
665,13,9,2,2,37.0,29.0,18.5,127.59,27.0,0,3,0,0,2,41.38,10.34
665,13,10,1,1,50.0,24.0,50.0,208.33,50.0,1,5,1,0,0,16.67,25.0
665,13,11,1,1,50.0,23.0,50.0,217.39,50.0,5,3,1,0,1,17.39,34.78
665,13,12,2,2,90.0,40.0,45.0,225.0,83.0,3,10,1,0,3,27.5,32.5
665,13,13,2,3,89.0,37.0,44.5,240.54,47.0,5,8,0,0,1,18.92,35.14
665,9,3,1,1,7.0,7.0,7.0,100.0,7.0,1,0,0,0,1,57.14,14.29
665,9,4,2,2,21.0,27.0,10.5,77.78,18.0,2,0,0,0,2,44.44,7.41
665,9,5,1,1,8.0,5.0,8.0,160.0,8.0,1,0,0,0,1,20.0,20.0
665,9,6,2,2,37.0,28.0,18.5,132.14,33.0,3,1,0,0,2,28.57,14.29
665,9,7,2,2,16.0,19.0,8.0,84.21,10.0,0,0,0,0,0,31.58,0.0
665,9,8,1,1,33.0,38.0,33.0,86.84,33.0,1,1,0,0,0,42.11,5.26
665,9,9,2,2,52.0,18.0,26.0,288.89,51.0,2,6,1,0,0,22.22,44.44
665,9,10,3,3,39.0,35.0,13.0,111.43,17.0,2,2,0,0,2,48.57,11.43
665,9,12,1,1,20.0,21.0,20.0,95.24,20.0,2,0,0,0,1,33.33,9.52
665,9,13,1,1,13.0,7.0,13.0,185.71,13.0,1,0,0,0,0,0.0,14.29
665,9,14,2,2,26.0,23.0,13.0,113.04,21.0,3,1,0,0,2,56.52,17.39
665,9,15,2,2,37.0,21.0,18.5,176.19,22.0,0,4,0,0,1,23.81,19.05
665,18,15,2,2,44.0,34.0,22.0,129.41,25.0,1,3,0,0,3,29.41,11.76
665,7,4,1,1,28.0,21.0,28.0,133.33,28.0,2,2,0,0,1,38.1,19.05
665,7,5,1,1,8.0,11.0,8.0,72.73,8.0,0,0,0,0,1,36.36,0.0
665,7,6,1,1,19.0,14.0,19.0,135.71,19.0,1,1,0,0,0,28.57,14.29
665,12,14,2,2,31.0,19.0,15.5,163.16,16.0,1,2,0,0,0,10.53,15.79
665,12,15,1,1,10.0,11.0,10.0,90.91,10.0,1,0,0,0,1,36.36,9.09
665,11,3,1,1,25.0,13.0,25.0,192.31,25.0,3,1,0,0,1,23.08,30.77
665,11,4,2,2,24.0,33.0,12.0,72.73,20.0,2,0,0,0,2,45.45,6.06
665,11,5,1,1,64.0,33.0,64.0,193.94,64.0,6,4,1,0,1,15.15,30.3
665,11,6,3,3,29.0,27.0,9.67,107.41,17.0,1,2,0,0,3,40.74,11.11
665,11,7,2,2,21.0,15.0,10.5,140.0,14.0,0,2,0,0,1,20.0,13.33
665,11,8,2,2,94.0,48.0,47.0,195.83,70.0,9,6,1,0,2,27.08,31.25
665,11,11,1,1,21.0,20.0,21.0,105.0,21.0,1,1,0,0,0,40.0,10.0
665,11,12,2,2,16.0,19.0,8.0,84.21,10.0,0,1,0,0,2,52.63,5.26
665,11,13,1,1,6.0,4.0,6.0,150.0,6.0,0,1,0,0,1,75.0,25.0
665,11,14,1,1,16.0,8.0,16.0,200.0,16.0,2,1,0,0,0,25.0,37.5
665,11,15,2,2,32.0,38.0,16.0,84.21,22.0,3,1,0,0,3,55.26,10.53
665,3,9,1,1,1.0,8.0,1.0,12.5,1.0,0,0,0,0,1,87.5,0.0
665,3,10,4,4,50.0,39.0,12.5,128.21,27.0,5,2,0,0,4,33.33,17.95
665,17,3,3,3,74.0,39.0,24.67,189.74,33.0,2,7,0,0,2,30.77,23.08
665,17,4,1,1,3.0,6.0,3.0,50.0,3.0,0,0,0,0,1,50.0,0.0
665,17,5,2,2,73.0,44.0,36.5,165.91,52.0,5,5,1,0,0,25.0,22.73
665,17,6,2,2,39.0,18.0,19.5,216.67,34.0,3,3,0,0,2,27.78,33.33
665,17,7,2,2,46.0,38.0,23.0,121.05,43.0,6,0,0,0,2,34.21,15.79
665,17,8,2,2,54.0,27.0,27.0,200.0,49.0,7,2,0,0,2,18.52,33.33
665,17,9,2,2,74.0,38.0,37.0,194.74,39.0,7,5,0,0,0,28.95,31.58
665,17,10,2,2,87.0,60.0,43.5,145.0,70.0,5,5,1,0,2,28.33,16.67
665,17,11,2,2,18.0,20.0,9.0,90.0,13.0,1,0,0,0,2,50.0,5.0
665,17,12,1,1,5.0,6.0,5.0,83.33,5.0,0,0,0,0,1,16.67,0.0
665,17,13,2,3,69.0,29.0,34.5,237.93,65.0,5,5,1,0,1,13.79,34.48
665,17,14,2,2,14.0,19.0,7.0,73.68,7.0,1,0,0,0,2,47.37,5.26
665,17,15,1,1,0.0,1.0,0.0,0.0,0.0,0,0,0,0,1,100.0,0.0
665,15,6,2,2,80.0,46.0,40.0,173.91,66.0,3,8,1,0,0,34.78,23.91
665,15,7,2,2,84.0,55.0,42.0,152.73,78.0,3,6,1,0,1,32.73,16.36
665,15,8,1,1,33.0,24.0,33.0,137.5,33.0,3,1,0,0,1,29.17,16.67
665,15,9,1,1,11.0,13.0,11.0,84.62,11.0,2,0,0,0,1,53.85,15.38
665,15,10,2,2,16.0,20.0,8.0,80.0,11.0,0,1,0,0,2,30.0,5.0
665,15,11,2,2,37.0,29.0,18.5,127.59,28.0,3,3,0,0,2,55.17,20.69
665,15,12,2,3,58.0,36.0,29.0,161.11,46.0,2,5,0,0,1,30.56,19.44
665,15,13,2,2,66.0,38.0,33.0,173.68,41.0,2,7,0,0,1,34.21,23.68
665,15,14,2,2,48.0,34.0,24.0,141.18,35.0,2,3,0,0,1,26.47,14.71
587,5,3,1,1,10.0,9.0,10.0,111.11,10.0,1,0,0,0,1,33.33,11.11
605,6,1,2,2,59.0,35.0,29.5,168.57,53.0,5,3,1,0,1,28.57,22.86
605,16,1,1,1,12.0,9.0,12.0,133.33,12.0,1,1,0,0,1,44.44,22.22
605,13,1,2,2,39.0,18.0,19.5,216.67,24.0,3,4,0,0,2,38.89,38.89
605,5,1,1,1,18.0,16.0,18.0,112.5,18.0,4,0,0,0,0,62.5,25.0
764,17,2,1,1,3.0,5.0,3.0,60.0,3.0,0,0,0,0,1,60.0,0.0
431,6,8,1,1,2.0,5.0,2.0,40.0,2.0,0,0,0,0,0,60.0,0.0
431,9,7,1,1,1.0,1.0,1.0,100.0,1.0,0,0,0,0,0,0.0,0.0
431,11,8,1,1,5.0,4.0,5.0,125.0,5.0,1,0,0,0,0,50.0,25.0
431,17,8,1,1,4.0,7.0,4.0,57.14,4.0,0,0,0,0,1,57.14,0.0
516,10,13,1,1,2.0,3.0,2.0,66.67,2.0,0,0,0,0,0,33.33,0.0
516,10,15,1,1,7.0,5.0,7.0,140.0,7.0,1,0,0,0,1,40.0,20.0
516,9,13,1,1,2.0,3.0,2.0,66.67,2.0,0,0,0,0,1,33.33,0.0
516,12,14,1,1,1.0,3.0,1.0,33.33,1.0,0,0,0,0,1,33.33,0.0
516,17,14,1,1,1.0,1.0,1.0,100.0,1.0,0,0,0,0,0,0.0,0.0
516,17,15,1,1,0.0,1.0,0.0,0.0,0.0,0,0,0,0,1,100.0,0.0
304,6,6,1,1,5.0,5.0,5.0,100.0,5.0,0,0,0,0,0,40.0,0.0
304,2,6,1,1,5.0,5.0,5.0,100.0,5.0,0,0,0,0,1,20.0,0.0
304,13,4,1,1,6.0,6.0,6.0,100.0,6.0,1,0,0,0,1,33.33,16.67
304,9,4,1,1,1.0,2.0,1.0,50.0,1.0,0,0,0,0,1,50.0,0.0
304,5,6,2,2,31.0,27.0,15.5,114.81,19.0,3,1,0,0,1,33.33,14.81
304,11,3,1,1,3.0,5.0,3.0,60.0,3.0,0,0,0,0,0,20.0,0.0
304,15,6,1,1,0.0,1.0,0.0,0.0,0.0,0,0,0,0,1,100.0,0.0
94,2,10,1,1,1.0,2.0,1.0,50.0,1.0,0,0,0,0,1,50.0,0.0
94,14,9,1,1,1.0,3.0,1.0,33.33,1.0,0,0,0,0,1,66.67,0.0
94,17,9,1,1,12.0,8.0,12.0,150.0,12.0,0,1,0,0,0,12.5,12.5
94,15,10,1,1,1.0,5.0,1.0,20.0,1.0,0,0,0,0,1,80.0,0.0
94,15,12,1,1,9.0,3.0,9.0,300.0,9.0,0,1,0,0,0,0.0,33.33
736,6,1,2,2,57.0,37.0,28.5,154.05,54.0,5,2,1,0,2,16.22,18.92
736,6,2,1,1,7.0,9.0,7.0,77.78,7.0,0,0,0,0,1,22.22,0.0
736,6,3,2,2,48.0,40.0,24.0,120.0,33.0,7,0,0,0,2,40.0,17.5
736,6,4,1,1,15.0,12.0,15.0,125.0,15.0,1,1,0,0,1,50.0,16.67
736,6,5,1,1,1.0,5.0,1.0,20.0,1.0,0,0,0,0,1,60.0,0.0
736,6,6,1,1,3.0,9.0,3.0,33.33,3.0,0,0,0,0,1,66.67,0.0
736,16,1,2,2,53.0,29.0,26.5,182.76,50.0,7,2,1,0,2,34.48,31.03
736,16,2,2,2,81.0,61.0,40.5,132.79,56.0,5,2,1,0,2,24.59,11.48
736,16,3,2,2,52.0,40.0,26.0,130.0,52.0,9,1,1,0,2,50.0,25.0
736,2,1,1,1,4.0,2.0,4.0,200.0,4.0,1,0,0,0,1,50.0,50.0
736,2,2,2,2,51.0,58.0,25.5,87.93,43.0,7,0,0,0,1,51.72,12.07
736,2,3,2,2,50.0,39.0,25.0,128.21,33.0,5,1,0,0,2,30.77,15.38
736,2,4,2,2,93.0,71.0,46.5,130.99,49.0,16,1,0,0,2,40.85,23.94
736,2,5,2,2,5.0,12.0,2.5,41.67,4.0,1,0,0,0,2,83.33,8.33
736,2,6,2,2,36.0,42.0,18.0,85.71,28.0,4,0,0,0,2,47.62,9.52
736,13,4,1,1,35.0,28.0,35.0,125.0,35.0,5,0,0,0,1,35.71,17.86
736,13,5,2,2,5.0,10.0,2.5,50.0,4.0,0,0,0,0,2,60.0,0.0
736,4,4,1,1,65.0,47.0,65.0,138.3,65.0,10,0,1,0,1,27.66,21.28
736,9,1,2,2,92.0,66.0,46.0,139.39,64.0,12,2,1,0,2,33.33,21.21
736,9,2,2,2,26.0,26.0,13.0,100.0,26.0,2,0,0,0,2,34.62,7.69
736,9,3,2,2,68.0,49.0,34.0,138.78,38.0,5,2,0,0,2,20.41,14.29
736,9,4,2,2,16.0,17.0,8.0,94.12,16.0,2,0,0,0,2,41.18,11.76
736,9,5,1,1,12.0,15.0,12.0,80.0,12.0,1,0,0,0,1,33.33,6.67
736,9,6,1,1,2.0,3.0,2.0,66.67,2.0,0,0,0,0,1,33.33,0.0
736,5,1,1,1,94.0,56.0,94.0,167.86,94.0,13,1,1,0,2,26.79,25.0
736,5,2,2,2,53.0,63.0,26.5,84.13,45.0,2,1,0,0,3,34.92,4.76
736,5,3,1,1,56.0,42.0,56.0,133.33,56.0,6,1,1,0,1,26.19,16.67
736,5,4,2,2,61.0,56.0,30.5,108.93,34.0,4,1,0,0,2,28.57,8.93
736,5,5,1,1,14.0,19.0,14.0,73.68,14.0,1,0,0,0,1,42.11,5.26
736,5,6,1,1,21.0,21.0,21.0,100.0,21.0,3,0,0,0,1,42.86,14.29
736,7,4,2,2,37.0,34.0,18.5,108.82,25.0,3,1,0,0,2,35.29,11.76
736,7,5,2,2,94.0,66.0,47.0,142.42,82.0,11,2,1,0,2,24.24,19.7
736,7,6,1,1,15.0,16.0,15.0,93.75,15.0,2,0,0,0,1,43.75,12.5
736,11,1,1,1,20.0,8.0,20.0,250.0,20.0,3,1,0,0,1,25.0,50.0
736,11,2,2,2,71.0,66.0,35.5,107.58,60.0,9,1,1,0,2,40.91,15.15
736,11,3,2,2,38.0,20.0,19.0,190.0,29.0,7,0,0,0,2,25.0,35.0
736,11,4,1,1,0.0,3.0,0.0,0.0,0.0,0,0,0,0,1,100.0,0.0
736,11,5,1,1,44.0,32.0,44.0,137.5,44.0,5,1,0,0,1,31.25,18.75
736,11,6,1,1,4.0,4.0,4.0,100.0,4.0,1,0,0,0,1,75.0,25.0
736,17,2,2,2,43.0,41.0,21.5,104.88,26.0,4,1,0,0,3,36.59,12.2
736,17,3,1,1,45.0,27.0,45.0,166.67,45.0,8,0,0,0,1,25.93,29.63
736,17,4,1,1,36.0,25.0,36.0,144.0,36.0,3,1,0,0,1,16.0,16.0
736,17,5,2,2,25.0,25.0,12.5,100.0,15.0,2,1,0,0,1,40.0,12.0
736,17,6,2,2,39.0,41.0,19.5,95.12,23.0,3,0,0,0,2,31.71,7.32
170,6,1,1,1,6.0,3.0,6.0,200.0,6.0,1,0,0,0,0,0.0,33.33
170,6,2,2,2,70.0,47.0,35.0,148.94,52.0,9,1,1,0,2,23.4,21.28
170,6,3,2,2,32.0,30.0,16.0,106.67,19.0,3,0,0,0,2,26.67,10.0
170,6,4,1,1,21.0,11.0,21.0,190.91,21.0,2,1,0,0,0,18.18,27.27
170,6,5,2,2,17.0,9.0,8.5,188.89,11.0,3,0,0,0,2,22.22,33.33
170,6,6,4,4,92.0,92.0,23.0,100.0,37.0,10,2,0,0,4,47.83,13.04
170,6,7,2,2,72.0,58.0,36.0,124.14,51.0,6,3,1,0,2,41.38,15.52
170,6,8,3,3,61.0,57.0,20.33,107.02,28.0,9,0,0,0,3,42.11,15.79
170,6,11,2,2,71.0,43.0,35.5,165.12,45.0,9,2,0,0,1,27.91,25.58
170,6,12,2,2,37.0,35.0,18.5,105.71,19.0,5,0,0,0,2,48.57,14.29
170,6,13,2,2,33.0,21.0,16.5,157.14,21.0,4,0,0,0,1,19.05,19.05
170,6,14,3,3,75.0,42.0,25.0,178.57,40.0,7,4,0,0,3,26.19,26.19
170,6,15,2,2,60.0,31.0,30.0,193.55,34.0,3,5,0,0,2,32.26,25.81
170,6,16,1,1,28.0,14.0,28.0,200.0,28.0,3,1,0,0,1,21.43,28.57
170,6,17,2,2,52.0,32.0,26.0,162.5,38.0,4,3,0,0,2,21.88,21.88
170,16,2,3,3,94.0,61.0,31.33,154.1,44.0,7,5,0,0,2,26.23,19.67
170,16,3,2,2,47.0,29.0,23.5,162.07,46.0,4,2,0,0,2,17.24,20.69
170,16,4,2,2,14.0,19.0,7.0,73.68,11.0,1,0,0,0,1,42.11,5.26
170,16,5,2,2,9.0,12.0,4.5,75.0,7.0,1,0,0,0,2,41.67,8.33
170,10,12,2,3,53.0,40.0,26.5,132.5,51.0,5,2,1,0,2,30.0,17.5
170,10,13,2,2,9.0,14.0,4.5,64.29,6.0,0,0,0,0,2,42.86,0.0
170,10,14,3,3,26.0,27.0,8.67,96.3,14.0,3,1,0,0,3,59.26,14.81
170,10,15,1,1,66.0,34.0,66.0,194.12,66.0,5,5,1,0,0,29.41,29.41
170,10,16,2,2,11.0,10.0,5.5,110.0,11.0,0,1,0,0,2,40.0,10.0
170,10,17,1,1,0.0,2.0,0.0,0.0,0.0,0,0,0,0,1,100.0,0.0
170,2,4,2,2,33.0,24.0,16.5,137.5,27.0,5,0,0,0,2,33.33,20.83
170,2,5,2,2,43.0,32.0,21.5,134.38,40.0,7,0,0,0,2,34.38,21.88
170,2,6,2,2,88.0,54.0,44.0,162.96,86.0,14,2,1,0,2,35.19,29.63
170,2,9,2,2,72.0,60.0,36.0,120.0,53.0,6,1,1,0,2,35.0,11.67
170,2,10,2,2,105.0,62.0,52.5,169.35,65.0,9,6,1,0,3,27.42,24.19
170,2,11,2,2,37.0,28.0,18.5,132.14,19.0,2,2,0,0,2,32.14,14.29
170,1,15,2,2,4.0,5.0,2.0,80.0,2.0,0,0,0,0,1,20.0,0.0
170,1,16,1,1,0.0,1.0,0.0,0.0,0.0,0,0,0,0,1,100.0,0.0
170,1,17,1,1,21.0,12.0,21.0,175.0,21.0,3,0,0,0,0,16.67,25.0
170,13,1,1,1,24.0,14.0,24.0,171.43,24.0,2,1,0,0,1,21.43,21.43
170,13,2,1,1,32.0,29.0,32.0,110.34,32.0,0,1,0,0,1,34.48,3.45
170,13,3,2,2,37.0,53.0,18.5,69.81,20.0,4,0,0,0,2,56.6,7.55
170,13,5,2,2,38.0,26.0,19.0,146.15,35.0,5,0,0,0,2,26.92,19.23
170,13,6,2,2,25.0,22.0,12.5,113.64,25.0,2,1,0,0,2,50.0,13.64
170,13,7,2,2,82.0,51.0,41.0,160.78,69.0,10,3,1,0,2,31.37,25.49
170,13,8,2,2,10.0,7.0,5.0,142.86,8.0,0,1,0,0,2,28.57,14.29
170,13,9,2,2,43.0,30.0,21.5,143.33,41.0,7,0,0,0,2,26.67,23.33
170,13,10,2,2,93.0,67.0,46.5,138.81,58.0,8,1,1,0,0,17.91,13.43
170,13,11,2,2,93.0,51.0,46.5,182.35,50.0,11,3,1,0,2,17.65,27.45
170,13,12,2,2,22.0,10.0,11.0,220.0,21.0,2,1,0,0,0,0.0,30.0
170,13,13,2,2,58.0,31.0,29.0,187.1,58.0,8,2,1,0,2,29.03,32.26
170,4,4,1,1,69.0,33.0,69.0,209.09,69.0,7,5,1,0,1,30.3,36.36
170,9,2,1,1,17.0,22.0,17.0,77.27,17.0,0,0,0,0,0,31.82,0.0
170,9,3,2,2,20.0,18.0,10.0,111.11,20.0,2,0,0,0,2,33.33,11.11
170,9,4,1,1,42.0,42.0,42.0,100.0,42.0,4,0,0,0,2,38.1,9.52
170,9,5,1,1,21.0,26.0,21.0,80.77,21.0,3,0,0,0,1,53.85,11.54
170,9,6,2,2,41.0,24.0,20.5,170.83,34.0,4,2,0,0,3,20.83,25.0
170,9,7,2,2,92.0,62.0,46.0,148.39,56.0,9,3,1,0,2,24.19,19.35
170,9,8,1,1,6.0,8.0,6.0,75.0,6.0,1,0,0,0,1,62.5,12.5
170,9,9,2,2,63.0,37.0,31.5,170.27,51.0,10,1,1,0,2,29.73,29.73
170,9,10,2,2,50.0,28.0,25.0,178.57,47.0,6,2,0,0,2,21.43,28.57
170,9,15,1,1,14.0,7.0,14.0,200.0,14.0,1,1,0,0,0,14.29,28.57
170,9,16,2,2,31.0,26.0,15.5,119.23,22.0,2,1,0,0,3,26.92,11.54
170,9,17,2,2,45.0,26.0,22.5,173.08,25.0,3,4,0,0,1,38.46,26.92
170,18,15,2,2,50.0,31.0,25.0,161.29,37.0,5,2,0,0,0,25.81,22.58
170,18,16,2,2,17.0,12.0,8.5,141.67,16.0,1,1,0,0,0,25.0,16.67
170,18,17,1,1,4.0,8.0,4.0,50.0,4.0,0,0,0,0,1,50.0,0.0
170,5,1,2,2,84.0,55.0,42.0,152.73,56.0,7,3,1,0,2,21.82,18.18
170,5,2,2,2,5.0,4.0,2.5,125.0,5.0,1,0,0,0,0,50.0,25.0
170,5,3,2,2,27.0,20.0,13.5,135.0,16.0,3,0,0,0,2,10.0,15.0
170,5,4,2,2,32.0,26.0,16.0,123.08,31.0,4,1,0,0,2,34.62,19.23
170,5,7,2,2,9.0,16.0,4.5,56.25,7.0,1,0,0,0,2,68.75,6.25
170,5,8,1,1,18.0,11.0,18.0,163.64,18.0,1,1,0,0,1,27.27,18.18
170,5,9,2,2,12.0,15.0,6.0,80.0,9.0,1,0,0,0,2,46.67,6.67
170,5,10,2,2,50.0,34.0,25.0,147.06,48.0,2,2,0,0,1,26.47,11.76
170,5,11,2,2,41.0,29.0,20.5,141.38,36.0,6,1,0,0,0,34.48,24.14
170,5,12,2,2,18.0,16.0,9.0,112.5,15.0,1,1,0,0,1,37.5,12.5
170,5,13,2,2,34.0,31.0,17.0,109.68,30.0,6,0,0,0,2,45.16,19.35
170,5,14,1,1,8.0,11.0,8.0,72.73,8.0,0,0,0,0,0,27.27,0.0
170,5,15,1,1,7.0,2.0,7.0,350.0,7.0,0,1,0,0,0,0.0,50.0
170,5,16,2,2,30.0,21.0,15.0,142.86,30.0,4,1,0,0,2,42.86,23.81
170,5,17,1,1,53.0,23.0,53.0,230.43,53.0,5,4,1,0,0,26.09,39.13
170,7,4,2,2,30.0,34.0,15.0,88.24,30.0,3,0,0,0,2,41.18,8.82
170,7,5,2,2,50.0,54.0,25.0,92.59,32.0,5,1,0,0,3,42.59,11.11
170,7,6,2,2,58.0,54.0,29.0,107.41,41.0,5,2,0,0,2,46.3,12.96
170,12,14,2,2,23.0,17.0,11.5,135.29,12.0,2,0,0,0,1,17.65,11.76
170,12,15,2,2,43.0,25.0,21.5,172.0,32.0,4,3,0,0,1,28.0,28.0
170,12,16,1,1,7.0,5.0,7.0,140.0,7.0,1,0,0,0,1,40.0,20.0
170,12,17,2,2,46.0,17.0,23.0,270.59,28.0,4,4,0,0,1,23.53,47.06
170,11,1,2,2,23.0,27.0,11.5,85.19,13.0,2,0,0,0,2,48.15,7.41
170,11,2,2,2,27.0,16.0,13.5,168.75,23.0,1,1,0,0,1,18.75,12.5
170,11,3,2,2,92.0,64.0,46.0,143.75,69.0,8,4,1,0,1,26.56,18.75
170,11,4,1,1,21.0,16.0,21.0,131.25,21.0,3,0,0,0,1,31.25,18.75
170,11,5,1,1,0.0,1.0,0.0,0.0,0.0,0,0,0,0,1,100.0,0.0
170,11,6,3,3,73.0,70.0,24.33,104.29,30.0,9,0,0,0,3,34.29,12.86
170,11,7,2,2,15.0,24.0,7.5,62.5,12.0,0,0,0,0,2,37.5,0.0
170,11,8,2,2,35.0,21.0,17.5,166.67,27.0,3,2,0,0,2,33.33,23.81
170,11,11,3,3,135.0,92.0,45.0,146.74,52.0,11,5,1,0,1,27.17,17.39
170,11,12,1,1,97.0,50.0,97.0,194.0,97.0,7,9,1,0,1,34.0,32.0
170,11,13,2,2,1.0,4.0,0.5,25.0,1.0,0,0,0,0,2,75.0,0.0
170,11,14,2,2,39.0,35.0,19.5,111.43,25.0,4,1,0,0,1,37.14,14.29
170,11,15,3,3,56.0,34.0,18.67,164.71,44.0,8,1,0,0,1,26.47,26.47
170,11,16,2,2,16.0,15.0,8.0,106.67,16.0,2,0,0,0,2,33.33,13.33
170,11,17,1,1,11.0,13.0,11.0,84.62,11.0,1,0,0,0,1,38.46,7.69
170,3,9,1,1,33.0,20.0,33.0,165.0,33.0,4,0,0,0,1,10.0,20.0
170,3,10,2,2,32.0,31.0,16.0,103.23,29.0,3,0,0,0,1,25.81,9.68
170,17,1,2,2,8.0,8.0,4.0,100.0,6.0,1,0,0,0,2,37.5,12.5
170,17,2,2,2,43.0,38.0,21.5,113.16,31.0,2,1,0,0,2,21.05,7.89
170,17,3,2,2,23.0,23.0,11.5,100.0,17.0,2,0,0,0,1,30.43,8.7
170,17,4,1,1,20.0,15.0,20.0,133.33,20.0,3,0,0,0,1,26.67,20.0
170,17,5,2,2,60.0,53.0,30.0,113.21,44.0,6,1,0,0,2,39.62,13.21
170,17,6,2,2,103.0,70.0,51.5,147.14,60.0,6,5,1,0,2,22.86,15.71
170,17,7,2,2,1.0,3.0,0.5,33.33,1.0,0,0,0,0,2,66.67,0.0
170,17,9,3,3,78.0,73.0,26.0,106.85,50.0,5,0,1,0,2,27.4,6.85
170,17,10,1,1,1.0,4.0,1.0,25.0,1.0,0,0,0,0,1,75.0,0.0
170,17,11,2,2,58.0,39.0,29.0,148.72,35.0,6,1,0,0,1,25.64,17.95
170,17,12,1,1,19.0,15.0,19.0,126.67,19.0,1,1,0,0,1,20.0,13.33
170,17,13,2,2,5.0,16.0,2.5,31.25,4.0,0,0,0,0,2,56.25,0.0
170,17,14,2,2,12.0,17.0,6.0,70.59,10.0,1,0,0,0,2,47.06,5.88
170,15,6,2,2,30.0,25.0,15.0,120.0,30.0,4,0,0,0,2,32.0,16.0
170,15,7,2,2,54.0,44.0,27.0,122.73,39.0,2,2,0,0,2,29.55,9.09
170,15,8,2,2,11.0,13.0,5.5,84.62,9.0,1,0,0,0,1,30.77,7.69
170,15,9,3,3,34.0,31.0,11.33,109.68,26.0,5,1,0,0,3,54.84,19.35
170,15,10,2,2,30.0,33.0,15.0,90.91,30.0,2,0,0,0,2,30.3,6.06
170,15,11,3,3,63.0,55.0,21.0,114.55,29.0,4,2,0,0,2,29.09,10.91
170,15,12,2,2,8.0,8.0,4.0,100.0,6.0,1,0,0,0,2,50.0,12.5
170,15,13,2,3,29.0,19.0,14.5,152.63,29.0,2,2,0,0,1,31.58,21.05
170,15,14,2,2,40.0,21.0,20.0,190.48,22.0,5,1,0,0,0,14.29,28.57
170,15,15,2,2,30.0,11.0,15.0,272.73,30.0,1,4,0,0,1,45.45,45.45
170,15,17,2,2,94.0,41.0,47.0,229.27,83.0,7,7,1,0,2,17.07,34.15
546,6,11,1,1,41.0,22.0,41.0,186.36,41.0,5,2,0,0,0,36.36,31.82
546,6,12,4,4,50.0,43.0,12.5,116.28,42.0,5,1,0,0,4,44.19,13.95
546,6,13,1,1,3.0,3.0,3.0,100.0,3.0,0,0,0,0,1,33.33,0.0
546,6,14,2,2,36.0,28.0,18.0,128.57,32.0,2,2,0,0,2,35.71,14.29
546,6,16,2,2,9.0,10.0,4.5,90.0,9.0,0,1,0,0,2,50.0,10.0
546,6,18,1,1,0.0,3.0,0.0,0.0,0.0,0,0,0,0,1,100.0,0.0
546,10,12,2,2,69.0,41.0,34.5,168.29,37.0,10,1,0,0,1,19.51,26.83
546,10,13,3,3,26.0,18.0,8.67,144.44,13.0,2,1,0,0,1,16.67,16.67
546,10,14,2,2,14.0,20.0,7.0,70.0,13.0,1,1,0,0,1,70.0,10.0
546,10,15,2,2,28.0,20.0,14.0,140.0,19.0,0,1,0,0,0,20.0,5.0
546,10,16,1,1,15.0,13.0,15.0,115.38,15.0,0,1,0,0,0,15.38,7.69
546,10,17,2,2,21.0,22.0,10.5,95.45,18.0,2,0,0,0,2,36.36,9.09
546,10,18,2,2,91.0,65.0,45.5,140.0,73.0,6,4,1,0,1,32.31,15.38
546,2,9,2,2,122.0,54.0,61.0,225.93,86.0,11,8,1,0,1,22.22,35.19
546,2,10,1,1,17.0,16.0,17.0,106.25,17.0,1,0,0,0,1,37.5,6.25
546,2,11,2,2,15.0,13.0,7.5,115.38,11.0,2,0,0,0,2,30.77,15.38
546,14,9,2,2,24.0,14.0,12.0,171.43,20.0,4,0,0,0,1,28.57,28.57
546,14,10,1,1,29.0,20.0,29.0,145.0,29.0,2,1,0,0,0,25.0,15.0
546,1,15,2,2,26.0,18.0,13.0,144.44,21.0,4,0,0,0,1,27.78,22.22
546,1,16,2,2,23.0,24.0,11.5,95.83,23.0,2,1,0,0,2,58.33,12.5
546,1,17,1,1,2.0,2.0,2.0,100.0,2.0,0,0,0,0,0,0.0,0.0
546,1,18,1,1,5.0,5.0,5.0,100.0,5.0,1,0,0,0,1,60.0,20.0
546,13,9,1,1,19.0,12.0,19.0,158.33,19.0,1,1,0,0,1,33.33,16.67
546,13,11,2,2,63.0,35.0,31.5,180.0,32.0,5,4,0,0,1,20.0,25.71
546,13,12,2,2,11.0,7.0,5.5,157.14,10.0,2,0,0,0,2,28.57,28.57
546,13,13,1,1,34.0,30.0,34.0,113.33,34.0,4,1,0,0,1,40.0,16.67
546,9,9,1,1,6.0,5.0,6.0,120.0,6.0,1,0,0,0,1,40.0,20.0
546,9,10,3,3,56.0,37.0,18.67,151.35,45.0,10,0,0,0,1,37.84,27.03
546,9,11,2,2,22.0,13.0,11.0,169.23,14.0,1,2,0,0,1,38.46,23.08
546,9,12,1,1,24.0,18.0,24.0,133.33,24.0,0,2,0,0,1,33.33,11.11
546,9,13,1,1,1.0,3.0,1.0,33.33,1.0,0,0,0,0,0,33.33,0.0
546,9,14,2,2,27.0,18.0,13.5,150.0,15.0,3,1,0,0,2,27.78,22.22
546,9,15,1,1,25.0,27.0,25.0,92.59,25.0,2,0,0,0,1,37.04,7.41
546,9,16,1,1,9.0,8.0,9.0,112.5,9.0,0,1,0,0,1,50.0,12.5
546,9,17,2,2,12.0,14.0,6.0,85.71,7.0,0,0,0,0,1,21.43,0.0
546,5,15,2,2,2.0,3.0,1.0,66.67,1.0,0,0,0,0,1,33.33,0.0
546,5,16,2,2,57.0,53.0,28.5,107.55,49.0,2,1,0,0,1,32.08,5.66
546,5,17,2,2,13.0,8.0,6.5,162.5,12.0,1,1,0,0,0,37.5,25.0
546,12,14,1,1,3.0,3.0,3.0,100.0,3.0,0,0,0,0,1,33.33,0.0
546,12,15,1,1,7.0,7.0,7.0,100.0,7.0,1,0,0,0,2,42.86,14.29
546,12,16,2,2,23.0,19.0,11.5,121.05,18.0,3,0,0,0,1,26.32,15.79
546,12,17,1,1,43.0,22.0,43.0,195.45,43.0,4,2,0,0,1,22.73,27.27
546,12,18,2,2,5.0,7.0,2.5,71.43,4.0,0,0,0,0,2,28.57,0.0
546,11,11,2,2,10.0,13.0,5.0,76.92,7.0,1,0,0,0,2,46.15,7.69
546,11,12,1,1,2.0,2.0,2.0,100.0,2.0,0,0,0,0,0,0.0,0.0
546,11,13,2,2,15.0,21.0,7.5,71.43,12.0,0,1,0,0,1,47.62,4.76
546,11,14,1,1,39.0,26.0,39.0,150.0,39.0,2,2,0,0,1,26.92,15.38
546,11,15,2,2,47.0,38.0,23.5,123.68,25.0,3,1,0,0,2,28.95,10.53
546,11,16,1,1,4.0,2.0,4.0,200.0,4.0,1,0,0,0,1,50.0,50.0
546,11,17,2,2,18.0,16.0,9.0,112.5,15.0,1,0,0,0,0,18.75,6.25
546,3,10,3,3,65.0,54.0,21.67,120.37,47.0,5,2,0,0,3,31.48,12.96
546,17,10,2,2,39.0,32.0,19.5,121.88,37.0,3,1,0,0,1,21.88,12.5
546,17,11,2,2,38.0,31.0,19.0,122.58,23.0,2,2,0,0,1,32.26,12.9
546,17,12,2,2,12.0,23.0,6.0,52.17,11.0,1,0,0,0,2,60.87,4.35
546,17,13,1,1,10.0,10.0,10.0,100.0,10.0,1,0,0,0,1,30.0,10.0
546,17,14,2,2,12.0,18.0,6.0,66.67,7.0,1,0,0,0,2,50.0,5.56
546,17,15,2,2,42.0,29.0,21.0,144.83,42.0,5,2,0,0,2,41.38,24.14
546,17,16,2,2,14.0,13.0,7.0,107.69,14.0,3,0,0,0,2,69.23,23.08
546,15,9,2,2,66.0,39.0,33.0,169.23,49.0,5,4,0,0,1,30.77,23.08
546,15,10,1,1,37.0,20.0,37.0,185.0,37.0,3,3,0,0,1,40.0,30.0
546,15,11,2,2,39.0,30.0,19.5,130.0,24.0,6,0,0,0,2,40.0,20.0
546,15,12,2,2,15.0,16.0,7.5,93.75,9.0,0,1,0,0,1,50.0,6.25
546,15,13,2,2,20.0,7.0,10.0,285.71,20.0,2,2,0,0,1,42.86,57.14
546,15,14,2,2,12.0,10.0,6.0,120.0,9.0,1,0,0,0,1,20.0,10.0
546,15,15,1,1,6.0,3.0,6.0,200.0,6.0,1,0,0,0,1,33.33,33.33
546,15,16,1,1,34.0,23.0,34.0,147.83,34.0,4,1,0,0,1,39.13,21.74
546,15,17,1,1,24.0,21.0,24.0,114.29,24.0,0,2,0,0,1,38.1,9.52
546,15,18,1,1,8.0,6.0,8.0,133.33,8.0,2,0,0,0,1,66.67,33.33
440,9,9,1,1,12.0,6.0,12.0,200.0,12.0,0,1,0,0,0,33.33,16.67
440,3,9,1,1,1.0,1.0,1.0,100.0,1.0,0,0,0,0,0,0.0,0.0
440,17,9,1,1,0.0,1.0,0.0,0.0,0.0,0,0,0,0,1,100.0,0.0
71,6,15,1,1,0.0,1.0,0.0,0.0,0.0,0,0,0,0,1,100.0,0.0
71,10,12,1,1,0.0,1.0,0.0,0.0,0.0,0,0,0,0,1,100.0,0.0
71,1,15,1,1,0.0,1.0,0.0,0.0,0.0,0,0,0,0,1,100.0,0.0
71,13,13,1,1,0.0,2.0,0.0,0.0,0.0,0,0,0,0,1,100.0,0.0
71,5,14,1,1,1.0,2.0,1.0,50.0,1.0,0,0,0,0,1,50.0,0.0
71,15,18,1,1,1.0,2.0,1.0,50.0,1.0,0,0,0,0,0,50.0,0.0
168,2,6,1,1,2.0,2.0,2.0,100.0,2.0,0,0,0,0,1,50.0,0.0
168,2,7,1,1,32.0,16.0,32.0,200.0,32.0,2,3,0,0,1,25.0,31.25
168,13,5,1,1,11.0,3.0,11.0,366.67,11.0,1,1,0,0,0,0.0,66.67
168,13,7,1,1,2.0,2.0,2.0,100.0,2.0,0,0,0,0,1,50.0,0.0
168,9,5,1,1,5.0,5.0,5.0,100.0,5.0,0,0,0,0,0,20.0,0.0
168,9,6,1,1,0.0,2.0,0.0,0.0,0.0,0,0,0,0,1,100.0,0.0
168,5,5,1,1,14.0,6.0,14.0,233.33,14.0,0,2,0,0,1,33.33,33.33
168,5,6,2,2,11.0,6.0,5.5,183.33,7.0,1,1,0,0,1,50.0,33.33
168,5,7,1,1,5.0,8.0,5.0,62.5,5.0,0,0,0,0,1,62.5,0.0
168,17,5,1,1,8.0,6.0,8.0,133.33,8.0,2,0,0,0,1,66.67,33.33
168,15,6,1,1,26.0,12.0,26.0,216.67,26.0,3,1,0,0,1,25.0,33.33
492,6,7,1,1,8.0,11.0,8.0,72.73,8.0,1,0,0,0,1,54.55,9.09
492,6,8,2,2,11.0,13.0,5.5,84.62,10.0,1,0,0,0,1,30.77,7.69
492,6,11,2,2,83.0,43.0,41.5,193.02,54.0,5,6,1,0,2,20.93,25.58
492,10,13,1,1,1.0,3.0,1.0,33.33,1.0,0,0,0,0,1,66.67,0.0
492,2,7,2,2,92.0,64.0,46.0,143.75,73.0,9,3,1,0,1,32.81,18.75
492,2,8,2,2,81.0,50.0,40.5,162.0,61.0,9,2,1,0,2,30.0,22.0
492,2,11,2,2,84.0,65.0,42.0,129.23,50.0,9,2,1,0,2,32.31,16.92
492,14,9,1,1,9.0,7.0,9.0,128.57,9.0,1,0,0,0,1,28.57,14.29
492,14,10,2,2,42.0,26.0,21.0,161.54,30.0,7,1,0,0,2,38.46,30.77
492,1,18,1,1,31.0,18.0,31.0,172.22,31.0,2,2,0,0,1,22.22,22.22
492,13,7,1,1,11.0,6.0,11.0,183.33,11.0,2,0,0,0,1,50.0,33.33
492,13,8,2,2,33.0,24.0,16.5,137.5,25.0,2,2,0,0,2,37.5,16.67
492,13,9,1,1,23.0,25.0,23.0,92.0,23.0,1,0,0,0,1,28.0,4.0
492,13,10,2,2,11.0,13.0,5.5,84.62,11.0,0,1,0,0,2,53.85,7.69
492,9,7,2,2,45.0,40.0,22.5,112.5,44.0,4,1,0,0,3,40.0,12.5
492,9,8,1,1,16.0,10.0,16.0,160.0,16.0,3,0,0,0,1,30.0,30.0
492,9,9,2,2,71.0,58.0,35.5,122.41,68.0,9,1,1,0,2,39.66,17.24
492,9,10,2,2,36.0,44.0,18.0,81.82,21.0,4,0,0,0,2,47.73,9.09
492,9,11,1,1,3.0,6.0,3.0,50.0,3.0,0,0,0,0,1,50.0,0.0
492,9,15,2,2,16.0,18.0,8.0,88.89,13.0,1,0,0,0,2,22.22,5.56
492,9,18,1,1,15.0,13.0,15.0,115.38,15.0,2,0,0,0,1,38.46,15.38
492,18,18,1,1,15.0,9.0,15.0,166.67,15.0,2,1,0,0,1,44.44,33.33
492,5,6,1,1,0.0,3.0,0.0,0.0,0.0,0,0,0,0,1,100.0,0.0
492,5,7,2,2,98.0,51.0,49.0,192.16,50.0,11,5,1,0,2,29.41,31.37
492,5,8,1,1,7.0,6.0,7.0,116.67,7.0,1,0,0,0,1,16.67,16.67
492,5,9,2,2,13.0,13.0,6.5,100.0,8.0,2,0,0,0,2,46.15,15.38
492,5,10,2,2,26.0,30.0,13.0,86.67,21.0,3,1,0,0,2,60.0,13.33
492,5,11,1,1,23.0,12.0,23.0,191.67,23.0,1,2,0,0,2,25.0,25.0
492,5,12,1,1,5.0,6.0,5.0,83.33,5.0,0,0,0,0,1,33.33,0.0
492,5,13,1,1,0.0,3.0,0.0,0.0,0.0,0,0,0,0,1,100.0,0.0
492,5,18,1,1,89.0,40.0,89.0,222.5,89.0,12,5,1,0,1,30.0,42.5
492,12,18,1,1,44.0,27.0,44.0,162.96,44.0,5,2,0,0,1,25.93,25.93
492,11,11,2,2,34.0,28.0,17.0,121.43,31.0,2,2,0,0,2,42.86,14.29
492,11,18,1,1,0.0,3.0,0.0,0.0,0.0,0,0,0,0,0,100.0,0.0
492,3,9,2,2,73.0,66.0,36.5,110.61,41.0,10,0,0,0,2,40.91,15.15
492,3,10,1,1,64.0,45.0,64.0,142.22,64.0,9,0,1,0,2,24.44,20.0
492,17,7,2,2,64.0,51.0,32.0,125.49,56.0,8,0,1,0,2,35.29,15.69
492,17,8,2,2,28.0,27.0,14.0,103.7,16.0,2,1,0,0,1,40.74,11.11
492,17,9,2,2,65.0,52.0,32.5,125.0,54.0,6,2,1,0,1,32.69,15.38
492,17,10,2,2,30.0,25.0,15.0,120.0,26.0,6,0,0,0,2,52.0,24.0
492,17,11,2,2,30.0,29.0,15.0,103.45,29.0,3,0,0,0,2,34.48,10.34
492,17,13,1,1,15.0,8.0,15.0,187.5,15.0,2,0,0,0,0,0.0,25.0
492,8,18,1,1,4.0,4.0,4.0,100.0,4.0,1,0,0,0,1,75.0,25.0
492,15,6,1,1,9.0,9.0,9.0,100.0,9.0,0,0,0,0,1,55.56,0.0
492,15,7,1,1,12.0,9.0,12.0,133.33,12.0,3,0,0,0,1,66.67,33.33
492,15,8,2,2,5.0,15.0,2.5,33.33,4.0,0,0,0,0,2,66.67,0.0
492,15,9,2,2,103.0,76.0,51.5,135.53,83.0,11,3,1,0,2,31.58,18.42
492,15,10,2,2,72.0,43.0,36.0,167.44,39.0,10,3,0,0,1,37.21,30.23
492,15,11,2,2,44.0,38.0,22.0,115.79,31.0,3,1,0,0,2,28.95,10.53
492,15,18,1,1,0.0,1.0,0.0,0.0,0.0,0,0,0,0,1,100.0,0.0
657,6,13,1,1,0.0,2.0,0.0,0.0,0.0,0,0,0,0,1,100.0,0.0
657,6,14,1,1,0.0,2.0,0.0,0.0,0.0,0,0,0,0,1,100.0,0.0
657,10,13,1,1,3.0,3.0,3.0,100.0,3.0,0,0,0,0,0,33.33,0.0
657,13,13,1,1,6.0,13.0,6.0,46.15,6.0,0,0,0,0,1,61.54,0.0
657,11,13,2,2,9.0,6.0,4.5,150.0,8.0,1,0,0,0,0,0.0,16.67
657,17,13,1,1,4.0,7.0,4.0,57.14,4.0,0,0,0,0,1,42.86,0.0
370,6,7,1,1,25.0,27.0,25.0,92.59,25.0,1,1,0,0,1,37.04,7.41
370,6,8,1,1,5.0,8.0,5.0,62.5,5.0,1,0,0,0,1,75.0,12.5
370,6,11,2,2,44.0,33.0,22.0,133.33,37.0,8,0,0,0,2,48.48,24.24
370,6,12,2,2,126.0,83.0,63.0,151.81,71.0,10,6,2,0,2,26.51,19.28
370,6,13,2,2,92.0,79.0,46.0,116.46,63.0,10,2,1,0,2,39.24,15.19
370,6,14,2,2,103.0,49.0,51.5,210.2,98.0,8,8,1,0,0,28.57,32.65
370,6,15,1,1,40.0,26.0,40.0,153.85,40.0,2,3,0,0,1,30.77,19.23
370,6,16,1,1,20.0,18.0,20.0,111.11,20.0,2,0,0,0,1,38.89,11.11
370,6,17,2,2,98.0,67.0,49.0,146.27,82.0,10,4,1,0,2,32.84,20.9
370,6,18,1,1,77.0,51.0,77.0,150.98,77.0,6,3,1,0,1,17.65,17.65
370,10,12,2,2,27.0,20.0,13.5,135.0,15.0,3,2,0,0,2,60.0,25.0
370,10,13,2,3,38.0,32.0,19.0,118.75,23.0,3,2,0,0,3,43.75,15.62
370,10,14,1,1,61.0,51.0,61.0,119.61,61.0,7,2,1,0,1,41.18,17.65
370,10,15,2,2,101.0,76.0,50.5,132.89,77.0,5,6,1,0,2,27.63,14.47
370,10,16,1,1,8.0,12.0,8.0,66.67,8.0,0,1,0,0,1,66.67,8.33
370,10,17,2,2,44.0,25.0,22.0,176.0,39.0,6,1,0,0,2,24.0,28.0
370,2,6,1,1,12.0,12.0,12.0,100.0,12.0,2,0,0,0,1,58.33,16.67
370,2,8,1,1,24.0,21.0,24.0,114.29,24.0,0,2,0,0,1,38.1,9.52
370,2,9,1,1,38.0,23.0,38.0,165.22,38.0,4,1,0,0,1,26.09,21.74
370,2,11,2,2,74.0,31.0,37.0,238.71,51.0,9,5,1,0,2,32.26,45.16
370,14,9,2,2,51.0,36.0,25.5,141.67,51.0,4,3,1,0,1,30.56,19.44
370,1,15,2,2,8.0,17.0,4.0,47.06,8.0,1,0,0,0,2,70.59,5.88
370,1,16,1,1,68.0,61.0,68.0,111.48,68.0,8,0,1,0,1,34.43,13.11
370,1,17,1,1,33.0,31.0,33.0,106.45,33.0,3,0,0,0,1,22.58,9.68
370,1,18,2,2,140.0,79.0,70.0,177.22,112.0,18,5,1,1,1,27.85,29.11
370,13,6,1,1,8.0,4.0,8.0,200.0,8.0,2,0,0,0,1,50.0,50.0
370,13,7,1,1,27.0,27.0,27.0,100.0,27.0,1,1,0,0,1,25.93,7.41
370,13,8,1,1,17.0,10.0,17.0,170.0,17.0,1,1,0,0,1,30.0,20.0
370,13,9,2,2,58.0,31.0,29.0,187.1,42.0,9,1,0,0,1,22.58,32.26
370,9,7,1,1,14.0,15.0,14.0,93.33,14.0,2,0,0,0,1,46.67,13.33
370,9,8,1,1,0.0,3.0,0.0,0.0,0.0,0,0,0,0,0,66.67,0.0
370,9,9,1,1,52.0,32.0,52.0,162.5,52.0,6,2,1,0,1,28.12,25.0
370,9,11,2,2,126.0,56.0,63.0,225.0,66.0,11,9,2,0,2,16.07,35.71
370,9,12,2,2,3.0,12.0,1.5,25.0,2.0,0,0,0,0,2,75.0,0.0
370,9,13,2,2,102.0,83.0,51.0,122.89,74.0,10,0,1,0,2,28.92,12.05
370,9,14,2,2,86.0,75.0,43.0,114.67,67.0,6,3,1,0,2,32.0,12.0
370,9,15,1,1,68.0,51.0,68.0,133.33,68.0,3,4,1,0,0,29.41,13.73
370,9,17,2,2,64.0,48.0,32.0,133.33,39.0,6,2,0,0,2,29.17,16.67
370,9,18,1,1,7.0,5.0,7.0,140.0,7.0,1,0,0,0,0,20.0,20.0
370,18,18,1,1,57.0,42.0,57.0,135.71,57.0,3,3,1,0,0,28.57,14.29
370,5,7,2,2,56.0,53.0,28.0,105.66,46.0,4,0,0,0,2,28.3,7.55
370,5,8,2,2,50.0,51.0,25.0,98.04,25.0,2,1,0,0,2,37.25,5.88
370,5,9,2,2,91.0,67.0,45.5,135.82,68.0,5,6,1,0,1,32.84,16.42
370,5,11,2,2,118.0,80.0,59.0,147.5,94.0,11,5,1,0,2,27.5,20.0
370,5,12,2,2,171.0,121.0,85.5,141.32,100.0,12,7,2,1,0,27.27,15.7
370,5,13,2,3,98.0,74.0,49.0,132.43,81.0,8,3,1,0,3,31.08,14.86
370,5,14,2,2,81.0,74.0,40.5,109.46,60.0,5,3,1,0,1,36.49,10.81
370,5,15,2,2,206.0,122.0,103.0,168.85,103.0,21,9,2,2,0,23.77,24.59
370,5,17,2,2,83.0,63.0,41.5,131.75,55.0,6,4,1,0,2,36.51,15.87
370,5,18,2,2,26.0,19.0,13.0,136.84,15.0,3,0,0,0,2,21.05,15.79
370,12,15,1,1,6.0,11.0,6.0,54.55,6.0,1,0,0,0,1,63.64,9.09
370,12,16,2,2,86.0,65.0,43.0,132.31,74.0,9,2,1,0,2,32.31,16.92
370,12,17,1,1,15.0,9.0,15.0,166.67,15.0,1,1,0,0,1,33.33,22.22
370,12,18,1,1,35.0,21.0,35.0,166.67,35.0,6,1,0,0,1,42.86,33.33
370,11,7,2,2,38.0,36.0,19.0,105.56,20.0,3,1,0,0,2,38.89,11.11
370,11,8,1,1,2.0,5.0,2.0,40.0,2.0,0,0,0,0,2,80.0,0.0
370,11,11,2,2,179.0,124.0,89.5,144.35,95.0,18,5,2,0,0,29.84,18.55
370,11,12,2,2,56.0,51.0,28.0,109.8,52.0,4,2,1,0,2,37.25,11.76
370,11,13,2,2,115.0,95.0,57.5,121.05,69.0,10,3,1,0,2,30.53,13.68
370,11,14,2,2,140.0,83.0,70.0,168.67,91.0,11,7,1,0,2,19.28,21.69
370,11,15,2,2,10.0,20.0,5.0,50.0,10.0,0,1,0,0,2,75.0,5.0
370,11,16,1,1,39.0,32.0,39.0,121.88,39.0,4,1,0,0,1,43.75,15.62
370,11,17,2,2,134.0,92.0,67.0,145.65,76.0,12,4,2,0,2,25.0,17.39
370,11,18,1,2,45.0,35.0,45.0,128.57,45.0,3,2,0,0,1,31.43,14.29
370,3,9,2,2,45.0,45.0,22.5,100.0,38.0,2,2,0,0,2,33.33,8.89
370,17,7,1,1,6.0,6.0,6.0,100.0,6.0,1,0,0,0,1,66.67,16.67
370,17,8,1,1,44.0,28.0,44.0,157.14,44.0,4,1,0,0,0,10.71,17.86
370,17,11,2,2,68.0,45.0,34.0,151.11,47.0,2,7,0,0,2,42.22,20.0
370,17,12,2,2,60.0,42.0,30.0,142.86,42.0,9,2,0,0,2,47.62,26.19
370,17,13,2,2,193.0,118.0,96.5,163.56,132.0,15,12,2,1,1,27.12,22.88
370,17,14,2,2,130.0,92.0,65.0,141.3,91.0,8,7,1,0,1,27.17,16.3
370,17,15,2,2,109.0,82.0,54.5,132.93,79.0,6,6,1,0,2,31.71,14.63
370,17,16,2,2,18.0,23.0,9.0,78.26,18.0,1,0,0,0,1,30.43,4.35
370,8,17,1,1,20.0,14.0,20.0,142.86,20.0,0,2,0,0,1,35.71,14.29
370,8,18,2,2,134.0,92.0,67.0,145.65,93.0,10,6,1,0,1,29.35,17.39
370,15,9,2,2,62.0,37.0,31.0,167.57,51.0,7,1,1,0,2,13.51,21.62
370,15,11,2,2,50.0,47.0,25.0,106.38,32.0,7,1,0,0,2,48.94,17.02
370,15,12,2,2,150.0,109.0,75.0,137.61,79.0,11,6,2,0,1,32.11,15.6
370,15,13,2,2,38.0,43.0,19.0,88.37,27.0,2,1,0,0,2,41.86,6.98
370,15,14,2,2,25.0,27.0,12.5,92.59,21.0,3,0,0,0,2,48.15,11.11
370,15,15,1,1,68.0,50.0,68.0,136.0,68.0,6,1,1,0,1,22.0,14.0
370,15,16,1,1,35.0,31.0,35.0,112.9,35.0,4,0,0,0,1,32.26,12.9
370,15,17,1,1,29.0,33.0,29.0,87.88,29.0,1,1,0,0,1,42.42,6.06
370,15,18,2,2,25.0,19.0,12.5,131.58,15.0,3,1,0,0,2,42.11,21.05
350,17,16,1,1,0.0,2.0,0.0,0.0,0.0,0,0,0,0,1,100.0,0.0
23,6,4,1,1,1.0,1.0,1.0,100.0,1.0,0,0,0,0,0,0.0,0.0
23,6,6,2,2,33.0,32.0,16.5,103.12,31.0,3,0,0,0,2,31.25,9.38
23,6,7,1,1,29.0,18.0,29.0,161.11,29.0,2,2,0,0,0,27.78,22.22
23,6,8,2,2,21.0,21.0,10.5,100.0,20.0,2,0,0,0,1,33.33,9.52
23,6,14,1,1,12.0,4.0,12.0,300.0,12.0,1,1,0,0,0,0.0,50.0
23,16,4,1,1,0.0,2.0,0.0,0.0,0.0,0,0,0,0,1,100.0,0.0
23,10,12,1,1,27.0,34.0,27.0,79.41,27.0,2,0,0,0,1,38.24,5.88
23,10,13,1,1,26.0,21.0,26.0,123.81,26.0,3,0,0,0,1,28.57,14.29
23,10,14,2,2,12.0,17.0,6.0,70.59,9.0,1,0,0,0,2,47.06,5.88
23,2,9,1,1,9.0,11.0,9.0,81.82,9.0,1,0,0,0,0,36.36,9.09
23,2,10,2,2,81.0,46.0,40.5,176.09,69.0,5,6,1,0,2,26.09,23.91
23,14,10,2,2,69.0,34.0,34.5,202.94,38.0,9,3,0,0,1,29.41,35.29
23,13,6,1,1,0.0,2.0,0.0,0.0,0.0,0,0,0,0,1,100.0,0.0
23,13,7,2,2,0.0,5.0,0.0,0.0,0.0,0,0,0,0,2,100.0,0.0
23,13,8,1,1,3.0,5.0,3.0,60.0,3.0,0,0,0,0,1,40.0,0.0
23,13,10,2,2,7.0,10.0,3.5,70.0,6.0,1,0,0,0,2,60.0,10.0
23,13,12,1,1,0.0,1.0,0.0,0.0,0.0,0,0,0,0,1,100.0,0.0
23,9,3,2,2,9.0,9.0,4.5,100.0,5.0,1,0,0,0,1,44.44,11.11
23,9,4,1,1,12.0,11.0,12.0,109.09,12.0,1,0,0,0,1,27.27,9.09
23,9,7,1,1,26.0,15.0,26.0,173.33,26.0,3,1,0,0,0,13.33,26.67
23,9,8,2,2,22.0,15.0,11.0,146.67,12.0,1,2,0,0,2,26.67,20.0
23,9,10,2,2,17.0,16.0,8.5,106.25,9.0,3,0,0,0,2,43.75,18.75
23,9,12,2,2,28.0,20.0,14.0,140.0,20.0,4,1,0,0,1,45.0,25.0
23,9,13,1,1,7.0,12.0,7.0,58.33,7.0,1,0,0,0,0,66.67,8.33
23,5,6,1,1,1.0,2.0,1.0,50.0,1.0,0,0,0,0,1,50.0,0.0
23,5,7,2,2,21.0,15.0,10.5,140.0,14.0,3,0,0,0,0,26.67,20.0
23,5,8,2,2,17.0,16.0,8.5,106.25,16.0,0,1,0,0,1,43.75,6.25
23,5,10,2,2,37.0,30.0,18.5,123.33,28.0,2,0,0,0,1,6.67,6.67
23,5,11,1,1,24.0,22.0,24.0,109.09,24.0,1,2,0,0,0,40.91,13.64
23,5,12,2,2,64.0,65.0,32.0,98.46,58.0,8,1,1,0,2,47.69,13.85
23,5,16,1,1,12.0,10.0,12.0,120.0,12.0,1,0,0,0,0,30.0,10.0
23,7,6,1,1,25.0,19.0,25.0,131.58,25.0,0,2,0,0,1,31.58,10.53
23,12,14,1,1,12.0,12.0,12.0,100.0,12.0,0,0,0,0,1,25.0,0.0
23,11,3,1,1,10.0,9.0,10.0,111.11,10.0,1,0,0,0,1,33.33,11.11
23,11,4,1,1,5.0,9.0,5.0,55.56,5.0,0,0,0,0,1,44.44,0.0
23,11,6,1,1,23.0,21.0,23.0,109.52,23.0,2,0,0,0,0,33.33,9.52
23,11,7,2,2,31.0,17.0,15.5,182.35,28.0,2,2,0,0,0,11.76,23.53
23,11,8,1,1,11.0,7.0,11.0,157.14,11.0,0,1,0,0,1,42.86,14.29
23,11,12,2,2,9.0,9.0,4.5,100.0,8.0,2,0,0,0,2,66.67,22.22
23,11,13,2,2,26.0,23.0,13.0,113.04,22.0,3,0,0,0,1,26.09,13.04
23,11,14,1,1,19.0,19.0,19.0,100.0,19.0,0,1,0,0,1,31.58,5.26
23,3,10,2,2,25.0,34.0,12.5,73.53,18.0,1,0,0,0,2,38.24,2.94
23,17,3,2,2,57.0,38.0,28.5,150.0,50.0,5,2,1,0,2,26.32,18.42
23,17,6,2,2,37.0,24.0,18.5,154.17,29.0,2,1,0,0,2,12.5,12.5
23,17,7,1,1,37.0,20.0,37.0,185.0,37.0,3,2,0,0,0,15.0,25.0
23,17,8,2,2,33.0,30.0,16.5,110.0,33.0,4,0,0,0,2,36.67,13.33
23,17,12,2,2,22.0,28.0,11.0,78.57,13.0,3,0,0,0,1,57.14,10.71
23,15,6,2,2,33.0,24.0,16.5,137.5,30.0,1,2,0,0,1,20.83,12.5
23,15,7,1,1,5.0,11.0,5.0,45.45,5.0,0,0,0,0,1,54.55,0.0
23,15,8,2,2,82.0,46.0,41.0,178.26,63.0,9,3,1,0,0,17.39,26.09
23,15,9,2,2,33.0,21.0,16.5,157.14,25.0,1,2,0,0,0,19.05,14.29
23,15,10,1,1,31.0,16.0,31.0,193.75,31.0,4,1,0,0,1,12.5,31.25
23,15,12,2,2,12.0,12.0,6.0,100.0,11.0,0,1,0,0,1,33.33,8.33
23,15,13,1,1,3.0,10.0,3.0,30.0,3.0,0,0,0,0,2,70.0,0.0
658,6,12,2,2,3.0,11.0,1.5,27.27,3.0,0,0,0,0,2,72.73,0.0
658,5,12,1,1,3.0,5.0,3.0,60.0,3.0,0,0,0,0,1,40.0,0.0
658,15,12,2,2,12.0,8.0,6.0,150.0,7.0,1,1,0,0,1,37.5,25.0
313,13,5,1,1,5.0,3.0,5.0,166.67,5.0,1,0,0,0,0,0.0,33.33
274,16,3,1,1,1.0,1.0,1.0,100.0,1.0,0,0,0,0,1,0.0,0.0
274,2,3,1,1,1.0,2.0,1.0,50.0,1.0,0,0,0,0,0,50.0,0.0
274,13,2,1,1,0.0,1.0,0.0,0.0,0.0,0,0,0,0,0,0.0,0.0
140,6,2,1,1,0.0,1.0,0.0,0.0,0.0,0,0,0,0,1,100.0,0.0
140,6,3,1,1,23.0,14.0,23.0,164.29,23.0,2,1,0,0,0,28.57,21.43
140,6,5,1,1,43.0,26.0,43.0,165.38,43.0,3,2,0,0,0,15.38,19.23
140,6,7,1,1,0.0,1.0,0.0,0.0,0.0,0,0,0,0,1,100.0,0.0
140,16,2,1,1,11.0,15.0,11.0,73.33,11.0,1,0,0,0,1,46.67,6.67
140,16,3,1,1,29.0,21.0,29.0,138.1,29.0,1,2,0,0,0,23.81,14.29
140,16,5,1,1,103.0,64.0,103.0,160.94,103.0,6,9,1,1,1,39.06,23.44
140,2,2,1,1,37.0,25.0,37.0,148.0,37.0,2,2,0,0,1,36.0,16.0
140,2,3,1,1,16.0,19.0,16.0,84.21,16.0,0,1,0,0,1,42.11,5.26
140,14,9,1,1,37.0,31.0,37.0,119.35,37.0,2,1,0,0,1,25.81,9.68
140,13,2,1,1,0.0,2.0,0.0,0.0,0.0,0,0,0,0,1,100.0,0.0
140,13,3,1,1,66.0,44.0,66.0,150.0,66.0,7,1,1,0,1,18.18,18.18
140,13,7,2,2,107.0,73.0,53.5,146.58,58.0,15,1,1,0,2,31.51,21.92
140,13,9,1,1,15.0,15.0,15.0,100.0,15.0,2,0,0,0,1,40.0,13.33
140,9,2,1,1,13.0,12.0,13.0,108.33,13.0,1,0,0,0,1,25.0,8.33
140,9,7,1,1,6.0,12.0,6.0,50.0,6.0,1,0,0,0,1,75.0,8.33
140,5,3,2,2,40.0,30.0,20.0,133.33,21.0,3,1,0,0,2,30.0,13.33
140,5,5,2,2,59.0,34.0,29.5,173.53,50.0,7,3,1,0,1,32.35,29.41
140,5,7,2,2,70.0,49.0,35.0,142.86,44.0,8,2,0,0,1,34.69,20.41
140,5,9,1,1,21.0,14.0,21.0,150.0,21.0,0,2,0,0,0,28.57,14.29
140,7,5,2,2,59.0,44.0,29.5,134.09,32.0,2,5,0,0,2,40.91,15.91
140,11,2,1,1,32.0,30.0,32.0,106.67,32.0,4,0,0,0,1,46.67,13.33
140,11,3,1,1,62.0,29.0,62.0,213.79,62.0,10,2,1,0,0,27.59,41.38
140,11,5,2,2,41.0,39.0,20.5,105.13,36.0,4,1,0,0,2,48.72,12.82
140,11,7,2,2,27.0,33.0,13.5,81.82,14.0,3,0,0,0,2,39.39,9.09
140,17,7,1,1,33.0,29.0,33.0,113.79,33.0,2,1,0,0,1,24.14,10.34
140,17,9,1,1,0.0,1.0,0.0,0.0,0.0,0,0,0,0,1,100.0,0.0
140,15,7,2,2,51.0,36.0,25.5,141.67,35.0,5,3,0,0,2,36.11,22.22
265,6,16,2,2,67.0,39.0,33.5,171.79,53.0,10,2,1,0,2,43.59,30.77
265,10,16,1,1,73.0,38.0,73.0,192.11,73.0,2,7,1,0,1,28.95,23.68
265,1,16,2,2,72.0,51.0,36.0,141.18,48.0,9,3,0,0,2,45.1,23.53
265,5,16,1,1,18.0,13.0,18.0,138.46,18.0,3,0,0,0,1,38.46,23.08
265,12,16,2,2,83.0,47.0,41.5,176.6,54.0,8,7,1,0,2,48.94,31.91
265,11,16,1,1,51.0,42.0,51.0,121.43,51.0,4,3,1,0,1,38.1,16.67
265,17,16,2,2,0.0,5.0,0.0,0.0,0.0,0,0,0,0,2,100.0,0.0
265,15,16,2,2,15.0,28.0,7.5,53.57,13.0,2,0,0,0,2,67.86,7.14
283,1,15,1,1,0.0,3.0,0.0,0.0,0.0,0,0,0,0,0,100.0,0.0
469,6,15,1,1,8.0,5.0,8.0,160.0,8.0,2,0,0,0,1,60.0,40.0
469,10,14,1,1,78.0,52.0,78.0,150.0,78.0,3,4,1,0,0,23.08,13.46
469,9,14,2,2,25.0,35.0,12.5,71.43,16.0,1,0,0,0,2,37.14,2.86
469,5,14,1,1,32.0,24.0,32.0,133.33,32.0,2,2,0,0,1,41.67,16.67
469,11,14,1,1,44.0,35.0,44.0,125.71,44.0,3,1,0,0,1,22.86,11.43
469,11,15,1,1,0.0,2.0,0.0,0.0,0.0,0,0,0,0,1,100.0,0.0
469,15,14,1,1,12.0,10.0,12.0,120.0,12.0,1,1,0,0,1,50.0,20.0
407,9,18,1,1,0.0,5.0,0.0,0.0,0.0,0,0,0,0,1,100.0,0.0
126,6,16,1,1,9.0,16.0,9.0,56.25,9.0,0,0,0,0,1,43.75,0.0
126,1,15,1,1,4.0,4.0,4.0,100.0,4.0,1,0,0,0,1,75.0,25.0
126,9,16,1,1,3.0,5.0,3.0,60.0,3.0,0,0,0,0,1,40.0,0.0
614,6,8,1,1,26.0,18.0,26.0,144.44,26.0,1,1,0,0,0,5.56,11.11
614,6,11,4,4,206.0,141.0,51.5,146.1,84.0,20,9,2,0,4,32.62,20.57
614,6,12,1,1,3.0,5.0,3.0,60.0,3.0,0,0,0,0,1,60.0,0.0
614,6,13,2,2,66.0,52.0,33.0,126.92,57.0,8,0,1,0,2,28.85,15.38
614,6,14,2,2,37.0,21.0,18.5,176.19,26.0,6,1,0,0,1,33.33,33.33
614,6,15,2,2,79.0,77.0,39.5,102.6,47.0,4,3,0,0,2,36.36,9.09
614,10,12,2,2,31.0,35.0,15.5,88.57,28.0,2,0,0,0,2,34.29,5.71
614,10,13,3,3,119.0,81.0,39.67,146.91,67.0,11,4,1,0,2,20.99,18.52
614,10,14,2,3,88.0,80.0,44.0,110.0,70.0,10,0,1,0,1,33.75,12.5
614,10,15,1,1,4.0,11.0,4.0,36.36,4.0,1,0,0,0,1,81.82,9.09
614,2,9,1,1,27.0,24.0,27.0,112.5,27.0,3,0,0,0,1,16.67,12.5
614,2,10,2,2,113.0,75.0,56.5,150.67,89.0,7,6,1,0,2,29.33,17.33
614,2,11,2,2,115.0,83.0,57.5,138.55,83.0,8,3,1,0,0,21.69,13.25
614,14,9,1,1,6.0,9.0,6.0,66.67,6.0,1,0,0,0,1,66.67,11.11
614,1,15,2,2,62.0,54.0,31.0,114.81,57.0,3,4,1,0,2,44.44,12.96
614,13,10,1,1,54.0,27.0,54.0,200.0,54.0,4,2,1,0,0,3.7,22.22
614,13,11,2,2,54.0,44.0,27.0,122.73,54.0,3,2,1,0,2,27.27,11.36
614,13,12,1,1,14.0,7.0,14.0,200.0,14.0,1,1,0,0,1,14.29,28.57
614,13,13,1,1,20.0,10.0,20.0,200.0,20.0,1,1,0,0,0,20.0,20.0
614,9,9,1,1,7.0,9.0,7.0,77.78,7.0,0,0,0,0,1,22.22,0.0
614,9,10,2,2,64.0,51.0,32.0,125.49,40.0,7,1,0,0,1,35.29,15.69
614,9,11,3,3,89.0,64.0,29.67,139.06,50.0,5,4,1,0,3,28.12,14.06
614,9,12,1,1,8.0,9.0,8.0,88.89,8.0,0,0,0,0,0,44.44,0.0
614,9,13,1,1,29.0,19.0,29.0,152.63,29.0,4,1,0,0,1,42.11,26.32
614,9,14,1,1,26.0,21.0,26.0,123.81,26.0,4,0,0,0,1,52.38,19.05
614,9,15,2,2,26.0,33.0,13.0,78.79,17.0,4,0,0,0,2,57.58,12.12
614,18,15,1,1,16.0,16.0,16.0,100.0,16.0,1,1,0,0,1,50.0,12.5
614,18,17,1,1,1.0,5.0,1.0,20.0,1.0,0,0,0,0,1,80.0,0.0
614,5,9,1,1,2.0,5.0,2.0,40.0,2.0,0,0,0,0,1,60.0,0.0
614,5,11,2,2,35.0,25.0,17.5,140.0,29.0,6,0,0,0,3,32.0,24.0
614,5,12,1,1,3.0,7.0,3.0,42.86,3.0,0,0,0,0,1,71.43,0.0
614,5,13,1,1,3.0,5.0,3.0,60.0,3.0,0,0,0,0,1,40.0,0.0
614,5,15,1,1,8.0,7.0,8.0,114.29,8.0,1,0,0,0,0,28.57,14.29
614,12,14,2,2,17.0,25.0,8.5,68.0,16.0,0,0,0,0,1,40.0,0.0
614,12,15,1,1,3.0,9.0,3.0,33.33,3.0,0,0,0,0,1,66.67,0.0
614,12,17,1,1,26.0,22.0,26.0,118.18,26.0,4,0,0,0,1,50.0,18.18
614,11,11,2,2,99.0,78.0,49.5,126.92,63.0,10,3,1,0,1,38.46,16.67
614,11,12,2,2,27.0,24.0,13.5,112.5,14.0,4,0,0,0,2,41.67,16.67
614,11,13,1,1,22.0,12.0,22.0,183.33,22.0,0,2,0,0,0,16.67,16.67
614,11,14,2,2,71.0,62.0,35.5,114.52,51.0,6,1,1,0,1,30.65,11.29
614,11,15,1,1,2.0,7.0,2.0,28.57,2.0,0,0,0,0,1,85.71,0.0
614,3,9,1,1,32.0,37.0,32.0,86.49,32.0,3,0,0,0,1,37.84,8.11
614,3,10,2,2,25.0,16.0,12.5,156.25,21.0,2,1,0,0,2,31.25,18.75
614,17,8,1,1,5.0,9.0,5.0,55.56,5.0,0,0,0,0,1,33.33,0.0
614,17,9,1,1,50.0,38.0,50.0,131.58,50.0,7,0,1,0,1,28.95,18.42
614,17,11,2,2,137.0,81.0,68.5,169.14,81.0,12,7,2,0,2,20.99,23.46
614,17,12,1,1,70.0,43.0,70.0,162.79,70.0,5,4,1,0,0,23.26,20.93
614,17,13,2,2,58.0,58.0,29.0,100.0,50.0,2,2,1,0,1,31.03,6.9
614,17,14,1,1,31.0,29.0,31.0,106.9,31.0,4,0,0,0,1,44.83,13.79
614,17,15,1,1,16.0,17.0,16.0,94.12,16.0,2,0,0,0,0,35.29,11.76
100,12,18,1,1,8.0,2.0,8.0,400.0,8.0,2,0,0,0,0,0.0,100.0
472,6,12,1,1,0.0,1.0,0.0,0.0,0.0,0,0,0,0,1,100.0,0.0
472,6,15,1,1,5.0,17.0,5.0,29.41,5.0,0,0,0,0,1,64.71,0.0
472,6,16,2,2,0.0,2.0,0.0,0.0,0.0,0,0,0,0,1,100.0,0.0
472,10,12,2,2,12.0,7.0,6.0,171.43,10.0,1,0,0,0,0,14.29,14.29
472,2,11,1,1,7.0,6.0,7.0,116.67,7.0,1,0,0,0,0,50.0,16.67
472,1,15,1,1,14.0,14.0,14.0,100.0,14.0,0,1,0,0,0,35.71,7.14
472,1,16,2,2,1.0,2.0,0.5,50.0,1.0,0,0,0,0,0,50.0,0.0
472,1,18,1,1,4.0,1.0,4.0,400.0,4.0,1,0,0,0,0,0.0,100.0
472,9,17,1,1,35.0,26.0,35.0,134.62,35.0,5,1,0,0,0,42.31,23.08
472,9,18,1,1,1.0,1.0,1.0,100.0,1.0,0,0,0,0,0,0.0,0.0
472,18,15,1,1,16.0,8.0,16.0,200.0,16.0,1,1,0,0,0,12.5,25.0
472,18,16,1,1,6.0,10.0,6.0,60.0,6.0,0,0,0,0,0,50.0,0.0
472,18,18,1,1,5.0,5.0,5.0,100.0,5.0,1,0,0,0,1,60.0,20.0
472,5,10,1,1,16.0,15.0,16.0,106.67,16.0,2,0,0,0,1,33.33,13.33
472,5,11,1,1,5.0,15.0,5.0,33.33,5.0,0,0,0,0,1,66.67,0.0
472,5,13,1,1,1.0,2.0,1.0,50.0,1.0,0,0,0,0,0,50.0,0.0
472,5,15,1,1,1.0,1.0,1.0,100.0,1.0,0,0,0,0,0,0.0,0.0
472,5,16,1,1,0.0,1.0,0.0,0.0,0.0,0,0,0,0,1,100.0,0.0
472,5,18,2,2,8.0,9.0,4.0,88.89,7.0,0,0,0,0,2,33.33,0.0
472,12,15,1,1,2.0,2.0,2.0,100.0,2.0,0,0,0,0,0,0.0,0.0
472,12,16,1,1,10.0,17.0,10.0,58.82,10.0,0,0,0,0,0,41.18,0.0
472,12,17,1,1,1.0,2.0,1.0,50.0,1.0,0,0,0,0,0,50.0,0.0
472,11,15,1,1,0.0,3.0,0.0,0.0,0.0,0,0,0,0,0,100.0,0.0
472,11,16,1,1,3.0,7.0,3.0,42.86,3.0,0,0,0,0,0,57.14,0.0
472,11,17,1,1,5.0,2.0,5.0,250.0,5.0,1,0,0,0,0,0.0,50.0
472,17,10,1,1,4.0,7.0,4.0,57.14,4.0,0,0,0,0,1,57.14,0.0
472,17,13,1,1,12.0,19.0,12.0,63.16,12.0,1,0,0,0,0,52.63,5.26
472,17,15,1,1,10.0,7.0,10.0,142.86,10.0,2,0,0,0,0,42.86,28.57
472,17,16,1,1,7.0,6.0,7.0,116.67,7.0,1,0,0,0,0,50.0,16.67
472,8,17,1,1,6.0,10.0,6.0,60.0,6.0,0,0,0,0,1,50.0,0.0
472,15,11,1,1,0.0,3.0,0.0,0.0,0.0,0,0,0,0,0,100.0,0.0
472,15,16,1,1,4.0,3.0,4.0,133.33,4.0,1,0,0,0,1,66.67,33.33
472,15,17,1,1,0.0,1.0,0.0,0.0,0.0,0,0,0,0,1,100.0,0.0
442,9,17,1,1,1.0,3.0,1.0,33.33,1.0,0,0,0,0,1,66.67,0.0
442,5,17,1,1,0.0,1.0,0.0,0.0,0.0,0,0,0,0,1,100.0,0.0
442,8,17,1,1,2.0,3.0,2.0,66.67,2.0,0,0,0,0,1,66.67,0.0
485,6,6,1,1,39.0,33.0,39.0,118.18,39.0,3,1,0,0,1,33.33,12.12
485,6,7,1,1,17.0,7.0,17.0,242.86,17.0,0,2,0,0,0,0.0,28.57
485,6,8,2,2,8.0,8.0,4.0,100.0,4.0,1,0,0,0,2,37.5,12.5
485,16,2,1,1,1.0,3.0,1.0,33.33,1.0,0,0,0,0,1,66.67,0.0
485,10,17,1,1,6.0,4.0,6.0,150.0,6.0,1,0,0,0,0,0.0,25.0
485,2,8,2,2,35.0,23.0,17.5,152.17,19.0,2,2,0,0,2,26.09,17.39
485,1,18,1,1,1.0,1.0,1.0,100.0,1.0,0,0,0,0,0,0.0,0.0
485,13,6,1,1,22.0,18.0,22.0,122.22,22.0,2,1,0,0,1,50.0,16.67
485,13,7,2,2,11.0,9.0,5.5,122.22,10.0,0,1,0,0,1,33.33,11.11
485,13,8,2,2,12.0,8.0,6.0,150.0,11.0,0,1,0,0,0,12.5,12.5
485,13,10,1,1,19.0,6.0,19.0,316.67,19.0,3,1,0,0,1,16.67,66.67
485,9,6,1,1,5.0,9.0,5.0,55.56,5.0,0,0,0,0,0,44.44,0.0
485,9,7,2,2,9.0,6.0,4.5,150.0,5.0,1,0,0,0,0,16.67,16.67
485,9,8,1,1,32.0,20.0,32.0,160.0,32.0,0,3,0,0,1,20.0,15.0
485,9,9,2,2,10.0,13.0,5.0,76.92,8.0,0,0,0,0,0,7.69,0.0
485,9,16,1,1,1.0,3.0,1.0,33.33,1.0,0,0,0,0,1,66.67,0.0
485,9,17,1,1,20.0,7.0,20.0,285.71,20.0,0,3,0,0,1,28.57,42.86
485,18,16,1,1,2.0,2.0,2.0,100.0,2.0,0,0,0,0,1,50.0,0.0
485,5,8,2,2,17.0,26.0,8.5,65.38,15.0,0,0,0,0,1,34.62,0.0
485,7,6,1,1,7.0,13.0,7.0,53.85,7.0,0,0,0,0,1,53.85,0.0
485,11,6,3,3,12.0,13.0,4.0,92.31,6.0,1,0,0,0,2,46.15,7.69
485,11,7,2,2,4.0,6.0,2.0,66.67,4.0,0,0,0,0,2,33.33,0.0
485,11,17,1,1,5.0,4.0,5.0,125.0,5.0,1,0,0,0,1,50.0,25.0
485,3,10,3,3,16.0,22.0,5.33,72.73,11.0,0,1,0,0,3,54.55,4.55
485,17,7,1,1,1.0,1.0,1.0,100.0,1.0,0,0,0,0,0,0.0,0.0
485,17,9,1,1,26.0,17.0,26.0,152.94,26.0,3,1,0,0,0,41.18,23.53
485,17,10,1,1,9.0,8.0,9.0,112.5,9.0,1,0,0,0,1,25.0,12.5
485,15,10,1,1,5.0,5.0,5.0,100.0,5.0,1,0,0,0,1,60.0,20.0
47,6,6,1,1,26.0,20.0,26.0,130.0,26.0,2,1,0,0,1,35.0,15.0
47,5,6,1,1,8.0,16.0,8.0,50.0,8.0,0,0,0,0,1,56.25,0.0
47,5,9,1,1,1.0,1.0,1.0,100.0,1.0,0,0,0,0,0,0.0,0.0
47,15,7,1,1,1.0,2.0,1.0,50.0,1.0,0,0,0,0,1,50.0,0.0
352,17,4,1,1,0.0,2.0,0.0,0.0,0.0,0,0,0,0,0,100.0,0.0
718,6,6,1,1,9.0,7.0,9.0,128.57,9.0,1,0,0,0,0,28.57,14.29
718,16,3,1,1,15.0,10.0,15.0,150.0,15.0,1,1,0,0,1,30.0,20.0
718,2,2,1,1,2.0,3.0,2.0,66.67,2.0,0,0,0,0,1,66.67,0.0
718,2,3,1,1,3.0,8.0,3.0,37.5,3.0,0,0,0,0,1,62.5,0.0
718,2,4,1,1,3.0,1.0,3.0,300.0,3.0,0,0,0,0,0,0.0,0.0
718,13,2,1,1,2.0,6.0,2.0,33.33,2.0,0,0,0,0,0,33.33,0.0
718,4,4,1,1,1.0,1.0,1.0,100.0,1.0,0,0,0,0,0,0.0,0.0
718,9,7,1,1,0.0,2.0,0.0,0.0,0.0,0,0,0,0,1,100.0,0.0
718,5,6,1,1,0.0,3.0,0.0,0.0,0.0,0,0,0,0,1,100.0,0.0
718,17,1,1,1,0.0,4.0,0.0,0.0,0.0,0,0,0,0,1,75.0,0.0
718,17,2,1,1,0.0,1.0,0.0,0.0,0.0,0,0,0,0,1,100.0,0.0
718,17,3,1,1,0.0,2.0,0.0,0.0,0.0,0,0,0,0,0,100.0,0.0
718,17,7,1,1,1.0,1.0,1.0,100.0,1.0,0,0,0,0,0,0.0,0.0
721,15,18,1,1,0.0,2.0,0.0,0.0,0.0,0,0,0,0,0,100.0,0.0
591,6,1,1,1,2.0,3.0,2.0,66.67,2.0,0,0,0,0,0,33.33,0.0
591,16,1,1,1,13.0,11.0,13.0,118.18,13.0,3,0,0,0,1,63.64,27.27
591,2,2,1,1,0.0,2.0,0.0,0.0,0.0,0,0,0,0,1,100.0,0.0
591,13,1,1,1,11.0,8.0,11.0,137.5,11.0,1,1,0,0,0,62.5,25.0
591,17,1,1,1,8.0,10.0,8.0,80.0,8.0,2,0,0,0,1,80.0,20.0
92,10,17,1,1,9.0,3.0,9.0,300.0,9.0,0,1,0,0,0,0.0,33.33
328,6,2,1,1,9.0,8.0,9.0,112.5,9.0,1,0,0,0,0,12.5,12.5
328,16,2,2,2,47.0,43.0,23.5,109.3,39.0,7,0,0,0,2,48.84,16.28
328,13,2,1,1,16.0,9.0,16.0,177.78,16.0,2,0,0,0,0,0.0,22.22
328,17,2,1,1,9.0,8.0,9.0,112.5,9.0,1,0,0,0,1,50.0,12.5
606,6,2,1,1,26.0,32.0,26.0,81.25,26.0,1,1,0,0,1,46.88,6.25
606,6,4,2,2,31.0,21.0,15.5,147.62,29.0,2,2,0,0,2,33.33,19.05
606,6,6,1,1,7.0,9.0,7.0,77.78,7.0,1,0,0,0,1,66.67,11.11
606,16,1,1,1,13.0,12.0,13.0,108.33,13.0,0,1,0,0,1,25.0,8.33
606,16,2,1,1,1.0,2.0,1.0,50.0,1.0,0,0,0,0,0,50.0,0.0
606,2,1,1,1,25.0,12.0,25.0,208.33,25.0,0,3,0,0,0,8.33,25.0
606,2,2,1,1,9.0,8.0,9.0,112.5,9.0,2,0,0,0,1,37.5,25.0
606,2,6,1,1,18.0,10.0,18.0,180.0,18.0,3,0,0,0,1,30.0,30.0
606,9,4,1,1,16.0,14.0,16.0,114.29,16.0,2,0,0,0,1,42.86,14.29
606,5,1,1,1,79.0,50.0,79.0,158.0,79.0,10,3,1,0,0,32.0,26.0
606,5,2,1,1,5.0,7.0,5.0,71.43,5.0,0,0,0,0,1,42.86,0.0
606,5,4,1,1,4.0,4.0,4.0,100.0,4.0,0,0,0,0,1,25.0,0.0
606,11,1,1,1,1.0,1.0,1.0,100.0,1.0,0,0,0,0,0,0.0,0.0
606,17,1,1,1,34.0,24.0,34.0,141.67,34.0,3,2,0,0,0,33.33,20.83
606,15,6,1,1,33.0,40.0,33.0,82.5,33.0,1,1,0,0,1,47.5,5.0
389,6,16,2,2,18.0,17.0,9.0,105.88,12.0,3,0,0,0,2,41.18,17.65
389,1,15,1,1,25.0,22.0,25.0,113.64,25.0,2,1,0,0,0,45.45,13.64
389,9,14,1,1,0.0,3.0,0.0,0.0,0.0,0,0,0,0,1,100.0,0.0
389,9,15,2,2,23.0,33.0,11.5,69.7,22.0,1,1,0,0,2,54.55,6.06
389,9,16,1,1,4.0,7.0,4.0,57.14,4.0,0,0,0,0,0,42.86,0.0
389,18,15,1,1,3.0,4.0,3.0,75.0,3.0,0,0,0,0,1,25.0,0.0
389,5,14,1,1,22.0,25.0,22.0,88.0,22.0,1,0,0,0,0,20.0,4.0
389,5,15,1,1,48.0,38.0,48.0,126.32,48.0,4,2,0,0,0,31.58,15.79
389,5,16,1,1,2.0,4.0,2.0,50.0,2.0,0,0,0,0,1,50.0,0.0
389,5,17,1,1,3.0,4.0,3.0,75.0,3.0,0,0,0,0,1,50.0,0.0
389,12,14,1,1,12.0,6.0,12.0,200.0,12.0,2,0,0,0,0,16.67,33.33
389,12,15,1,1,24.0,21.0,24.0,114.29,24.0,1,1,0,0,1,28.57,9.52
389,11,14,2,2,34.0,39.0,17.0,87.18,20.0,4,0,0,0,1,41.03,10.26
389,11,15,1,1,37.0,24.0,37.0,154.17,37.0,3,2,0,0,1,29.17,20.83
389,11,16,1,1,38.0,24.0,38.0,158.33,38.0,5,0,0,0,1,16.67,20.83
389,17,15,1,1,1.0,4.0,1.0,25.0,1.0,0,0,0,0,1,75.0,0.0
389,17,16,1,1,4.0,7.0,4.0,57.14,4.0,0,0,0,0,1,57.14,0.0
389,15,17,1,1,7.0,8.0,7.0,87.5,7.0,1,0,0,0,1,50.0,12.5
570,9,17,1,1,1.0,2.0,1.0,50.0,1.0,0,0,0,0,0,50.0,0.0
716,13,11,1,1,0.0,1.0,0.0,0.0,0.0,0,0,0,0,1,100.0,0.0
716,11,11,1,1,1.0,2.0,1.0,50.0,1.0,0,0,0,0,0,50.0,0.0
494,6,14,1,1,18.0,11.0,18.0,163.64,18.0,1,1,0,0,0,27.27,18.18
494,14,10,1,1,1.0,1.0,1.0,100.0,1.0,0,0,0,0,0,0.0,0.0
494,13,13,1,1,24.0,13.0,24.0,184.62,24.0,3,1,0,0,0,15.38,30.77
494,9,15,1,1,0.0,1.0,0.0,0.0,0.0,0,0,0,0,1,100.0,0.0
494,9,17,1,1,1.0,1.0,1.0,100.0,1.0,0,0,0,0,1,0.0,0.0
494,12,15,1,1,5.0,3.0,5.0,166.67,5.0,1,0,0,0,1,33.33,33.33
494,11,18,1,1,4.0,1.0,4.0,400.0,4.0,1,0,0,0,0,0.0,100.0
494,17,13,1,1,19.0,16.0,19.0,118.75,19.0,1,0,0,0,1,25.0,6.25
445,10,16,1,1,4.0,4.0,4.0,100.0,4.0,1,0,0,0,1,75.0,25.0
167,6,6,1,1,2.0,6.0,2.0,33.33,2.0,0,0,0,0,0,66.67,0.0
167,2,6,2,2,63.0,41.0,31.5,153.66,44.0,10,1,0,0,2,31.71,26.83
167,13,6,1,1,34.0,10.0,34.0,340.0,34.0,6,1,0,0,1,10.0,70.0
167,17,6,1,1,7.0,3.0,7.0,233.33,7.0,0,1,0,0,1,33.33,33.33
694,6,7,2,2,105.0,82.0,52.5,128.05,67.0,8,6,1,0,2,43.9,17.07
694,6,8,4,4,176.0,140.0,44.0,125.71,68.0,15,10,2,0,4,46.43,17.86
694,2,7,1,1,35.0,25.0,35.0,140.0,35.0,5,0,0,0,1,24.0,20.0
694,2,8,2,2,15.0,15.0,7.5,100.0,15.0,3,0,0,0,2,60.0,20.0
694,2,10,1,1,66.0,43.0,66.0,153.49,66.0,5,4,1,0,1,25.58,20.93
694,13,7,1,1,100.0,61.0,100.0,163.93,100.0,14,2,1,1,0,27.87,26.23
694,13,8,1,1,71.0,56.0,71.0,126.79,71.0,9,1,1,0,1,39.29,17.86
694,13,10,1,1,59.0,32.0,59.0,184.38,59.0,5,4,1,0,1,34.38,28.12
694,9,7,1,1,12.0,14.0,12.0,85.71,12.0,2,0,0,0,1,50.0,14.29
694,9,8,1,1,14.0,16.0,14.0,87.5,14.0,1,1,0,0,1,56.25,12.5
694,9,10,2,2,3.0,11.0,1.5,27.27,3.0,0,0,0,0,2,81.82,0.0
694,11,7,2,2,74.0,59.0,37.0,125.42,62.0,9,2,1,0,2,42.37,18.64
694,11,8,1,1,38.0,31.0,38.0,122.58,38.0,4,1,0,0,1,38.71,16.13
694,3,9,1,1,8.0,8.0,8.0,100.0,8.0,0,1,0,0,1,62.5,12.5
694,3,10,2,2,8.0,21.0,4.0,38.1,5.0,0,0,0,0,1,61.9,0.0
694,17,8,2,2,127.0,97.0,63.5,130.93,68.0,14,5,2,0,2,42.27,19.59
694,15,7,1,1,68.0,50.0,68.0,136.0,68.0,5,4,1,0,1,44.0,18.0
694,15,8,2,2,99.0,86.0,49.5,115.12,51.0,10,3,1,0,2,40.7,15.12
694,15,10,1,1,1.0,5.0,1.0,20.0,1.0,0,0,0,0,1,80.0,0.0
640,13,1,1,1,23.0,10.0,23.0,230.0,23.0,2,1,0,0,0,0.0,30.0
640,5,1,1,1,17.0,14.0,17.0,121.43,17.0,3,0,0,0,1,35.71,21.43
640,17,1,1,1,0.0,2.0,0.0,0.0,0.0,0,0,0,0,1,100.0,0.0
484,6,1,2,2,55.0,44.0,27.5,125.0,42.0,6,1,0,0,1,27.27,15.91
484,6,3,2,2,36.0,26.0,18.0,138.46,19.0,3,2,0,0,2,34.62,19.23
484,6,4,1,1,14.0,10.0,14.0,140.0,14.0,2,0,0,0,1,30.0,20.0
484,6,5,2,2,12.0,12.0,6.0,100.0,9.0,0,1,0,0,2,41.67,8.33
484,6,6,1,1,1.0,3.0,1.0,33.33,1.0,0,0,0,0,1,66.67,0.0
484,6,7,1,1,0.0,2.0,0.0,0.0,0.0,0,0,0,0,1,50.0,0.0
484,16,1,2,2,18.0,9.0,9.0,200.0,14.0,2,1,0,0,0,11.11,33.33
484,16,2,1,1,8.0,6.0,8.0,133.33,8.0,0,1,0,0,1,66.67,16.67
484,2,1,1,1,10.0,8.0,10.0,125.0,10.0,1,0,0,0,1,12.5,12.5
484,2,5,2,2,50.0,28.0,25.0,178.57,26.0,4,3,0,0,2,28.57,25.0
484,13,1,2,2,12.0,14.0,6.0,85.71,7.0,1,0,0,0,2,42.86,7.14
484,9,7,1,1,10.0,14.0,10.0,71.43,10.0,1,0,0,0,1,50.0,7.14
484,5,1,2,2,40.0,26.0,20.0,153.85,40.0,4,2,0,0,1,23.08,23.08
484,5,2,2,2,12.0,17.0,6.0,70.59,6.0,1,0,0,0,2,58.82,5.88
484,7,5,1,1,0.0,1.0,0.0,0.0,0.0,0,0,0,0,1,100.0,0.0
484,11,1,2,2,17.0,12.0,8.5,141.67,15.0,1,1,0,0,2,25.0,16.67
484,11,2,2,2,61.0,59.0,30.5,103.39,48.0,4,2,0,0,2,40.68,10.17
484,11,5,1,1,8.0,8.0,8.0,100.0,8.0,0,1,0,0,1,62.5,12.5
484,11,6,1,1,2.0,9.0,2.0,22.22,2.0,0,0,0,0,1,77.78,0.0
484,17,1,1,1,11.0,9.0,11.0,122.22,11.0,2,0,0,0,1,33.33,22.22
484,17,2,1,1,2.0,3.0,2.0,66.67,2.0,0,0,0,0,1,33.33,0.0
484,17,5,1,1,5.0,8.0,5.0,62.5,5.0,0,0,0,0,1,50.0,0.0
484,15,7,1,1,21.0,22.0,21.0,95.45,21.0,1,1,0,0,1,31.82,9.09
510,6,1,1,1,53.0,34.0,53.0,155.88,53.0,3,3,1,0,1,23.53,17.65
510,6,2,3,3,64.0,66.0,21.33,96.97,46.0,2,3,0,0,2,37.88,7.58
510,6,4,2,2,26.0,22.0,13.0,118.18,20.0,2,0,0,0,2,27.27,9.09
510,6,5,1,1,24.0,14.0,24.0,171.43,24.0,1,2,0,0,1,28.57,21.43
510,6,6,1,1,8.0,13.0,8.0,61.54,8.0,0,0,0,0,1,46.15,0.0
510,6,7,1,1,6.0,6.0,6.0,100.0,6.0,1,0,0,0,1,50.0,16.67
510,16,2,2,2,28.0,24.0,14.0,116.67,27.0,3,1,0,0,2,41.67,16.67
510,16,3,2,2,2.0,7.0,1.0,28.57,1.0,0,0,0,0,2,57.14,0.0
510,16,4,1,1,21.0,14.0,21.0,150.0,21.0,1,2,0,0,0,35.71,21.43
510,16,5,1,1,13.0,11.0,13.0,118.18,13.0,1,0,0,0,0,36.36,9.09
510,2,1,1,1,29.0,15.0,29.0,193.33,29.0,3,2,0,0,1,26.67,33.33
510,2,2,2,2,56.0,46.0,28.0,121.74,31.0,4,3,0,0,2,43.48,15.22
510,2,3,1,1,22.0,10.0,22.0,220.0,22.0,0,3,0,0,1,40.0,30.0
510,2,4,1,1,18.0,10.0,18.0,180.0,18.0,1,1,0,0,0,20.0,20.0
510,13,2,1,1,35.0,22.0,35.0,159.09,35.0,4,2,0,0,1,36.36,27.27
510,13,4,1,1,0.0,5.0,0.0,0.0,0.0,0,0,0,0,1,100.0,0.0
510,13,5,1,1,0.0,2.0,0.0,0.0,0.0,0,0,0,0,1,100.0,0.0
510,13,6,1,1,15.0,19.0,15.0,78.95,15.0,1,0,0,0,1,47.37,5.26
510,4,4,1,1,2.0,1.0,2.0,200.0,2.0,0,0,0,0,0,0.0,0.0
510,9,2,1,1,81.0,33.0,81.0,245.45,81.0,7,5,1,0,0,15.15,36.36
510,9,3,1,1,14.0,6.0,14.0,233.33,14.0,1,1,0,0,0,0.0,33.33
510,9,4,2,2,41.0,34.0,20.5,120.59,35.0,2,2,0,0,1,23.53,11.76
510,9,5,2,2,27.0,35.0,13.5,77.14,16.0,0,1,0,0,3,42.86,2.86
510,9,7,1,1,6.0,9.0,6.0,66.67,6.0,1,0,0,0,1,66.67,11.11
510,5,1,1,1,23.0,12.0,23.0,191.67,23.0,1,2,0,0,1,16.67,25.0
510,5,2,1,1,16.0,16.0,16.0,100.0,16.0,0,1,0,0,2,37.5,6.25
510,5,3,2,2,40.0,41.0,20.0,97.56,31.0,1,1,0,0,1,24.39,4.88
510,5,4,1,1,13.0,18.0,13.0,72.22,13.0,1,0,0,0,0,50.0,5.56
510,5,5,2,2,26.0,17.0,13.0,152.94,15.0,1,2,0,0,1,29.41,17.65
510,5,6,1,1,4.0,5.0,4.0,80.0,4.0,1,0,0,0,0,80.0,20.0
510,7,4,1,1,47.0,35.0,47.0,134.29,47.0,4,2,0,0,0,37.14,17.14
510,7,5,2,2,21.0,26.0,10.5,80.77,12.0,1,0,0,0,2,26.92,3.85
510,11,1,1,1,44.0,20.0,44.0,220.0,44.0,6,3,0,0,1,40.0,45.0
510,11,2,1,1,0.0,1.0,0.0,0.0,0.0,0,0,0,0,1,100.0,0.0
510,11,3,1,1,10.0,11.0,10.0,90.91,10.0,0,1,0,0,0,54.55,9.09
510,11,5,2,2,31.0,40.0,15.5,77.5,25.0,1,0,0,0,2,40.0,2.5
510,11,6,1,1,17.0,20.0,17.0,85.0,17.0,0,1,0,0,1,45.0,5.0
510,11,7,1,1,4.0,5.0,4.0,80.0,4.0,0,0,0,0,1,20.0,0.0
510,17,4,1,1,13.0,13.0,13.0,100.0,13.0,0,0,0,0,1,23.08,0.0
510,17,5,1,1,55.0,26.0,55.0,211.54,55.0,7,2,1,0,1,15.38,34.62
510,17,7,1,1,43.0,39.0,43.0,110.26,43.0,4,0,0,0,0,28.21,10.26
510,15,6,1,1,19.0,19.0,19.0,100.0,19.0,0,0,0,0,1,26.32,0.0
717,6,15,2,2,79.0,39.0,39.5,202.56,60.0,6,7,1,0,2,38.46,33.33
717,6,16,1,1,40.0,24.0,40.0,166.67,40.0,1,4,0,0,1,25.0,20.83
717,6,18,1,1,10.0,9.0,10.0,111.11,10.0,0,1,0,0,1,55.56,11.11
717,10,12,1,1,14.0,13.0,14.0,107.69,14.0,1,1,0,0,1,53.85,15.38
717,10,14,1,1,1.0,3.0,1.0,33.33,1.0,0,0,0,0,1,66.67,0.0
717,10,15,2,2,5.0,8.0,2.5,62.5,3.0,0,0,0,0,2,37.5,0.0
717,10,16,2,2,98.0,53.0,49.0,184.91,94.0,6,9,1,0,3,32.08,28.3
717,10,17,1,1,38.0,21.0,38.0,180.95,38.0,2,3,0,0,0,19.05,23.81
717,10,18,1,1,4.0,6.0,4.0,66.67,4.0,0,0,0,0,1,33.33,0.0
717,1,15,2,2,94.0,37.0,47.0,254.05,64.0,9,7,1,0,1,13.51,43.24
717,1,17,1,1,6.0,9.0,6.0,66.67,6.0,1,0,0,0,1,66.67,11.11
717,1,18,1,1,54.0,40.0,54.0,135.0,54.0,1,5,1,0,1,37.5,15.0
717,9,14,1,1,6.0,6.0,6.0,100.0,6.0,1,0,0,0,1,50.0,16.67
717,9,15,1,1,19.0,16.0,19.0,118.75,19.0,1,1,0,0,1,31.25,12.5
717,9,16,1,1,15.0,9.0,15.0,166.67,15.0,3,0,0,0,1,33.33,33.33
717,9,18,1,1,15.0,5.0,15.0,300.0,15.0,2,1,0,0,0,20.0,60.0
717,18,15,1,1,18.0,16.0,18.0,112.5,18.0,0,2,0,0,1,50.0,12.5
717,18,16,1,1,23.0,14.0,23.0,164.29,23.0,2,1,0,0,1,28.57,21.43
717,18,17,1,1,28.0,17.0,28.0,164.71,28.0,2,2,0,0,0,29.41,23.53
717,18,18,1,1,0.0,1.0,0.0,0.0,0.0,0,0,0,0,1,100.0,0.0
717,5,12,1,1,1.0,2.0,1.0,50.0,1.0,0,0,0,0,1,50.0,0.0
717,5,15,1,1,2.0,3.0,2.0,66.67,2.0,0,0,0,0,1,33.33,0.0
717,5,16,2,2,92.0,54.0,46.0,170.37,82.0,7,5,1,0,1,20.37,22.22
717,5,17,1,1,1.0,2.0,1.0,50.0,1.0,0,0,0,0,1,50.0,0.0
717,5,18,1,1,0.0,2.0,0.0,0.0,0.0,0,0,0,0,1,100.0,0.0
717,12,14,1,1,25.0,17.0,25.0,147.06,25.0,2,1,0,0,1,23.53,17.65
717,12,18,2,2,29.0,21.0,14.5,138.1,25.0,1,2,0,0,2,28.57,14.29
717,11,15,1,1,22.0,14.0,22.0,157.14,22.0,1,2,0,0,1,35.71,21.43
717,11,16,1,1,9.0,13.0,9.0,69.23,9.0,1,0,0,0,1,61.54,7.69
717,11,17,1,1,21.0,14.0,21.0,150.0,21.0,2,1,0,0,0,21.43,21.43
717,17,12,1,1,11.0,7.0,11.0,157.14,11.0,1,1,0,0,0,28.57,28.57
717,17,14,1,1,6.0,9.0,6.0,66.67,6.0,0,0,0,0,1,22.22,0.0
717,17,15,2,2,89.0,52.0,44.5,171.15,70.0,5,6,1,0,2,23.08,21.15
717,17,16,1,1,2.0,4.0,2.0,50.0,2.0,0,0,0,0,1,50.0,0.0
717,8,17,2,2,17.0,15.0,8.5,113.33,17.0,1,1,0,0,2,53.33,13.33
717,15,12,1,1,44.0,26.0,44.0,169.23,44.0,4,3,0,0,1,42.31,26.92
717,15,14,1,1,4.0,6.0,4.0,66.67,4.0,0,0,0,0,1,33.33,0.0
717,15,15,2,2,109.0,55.0,54.5,198.18,60.0,7,9,1,0,1,25.45,29.09
611,6,11,1,1,1.0,2.0,1.0,50.0,1.0,0,0,0,0,1,50.0,0.0
611,6,14,1,1,6.0,14.0,6.0,42.86,6.0,0,0,0,0,1,57.14,0.0
611,10,12,1,1,1.0,2.0,1.0,50.0,1.0,0,0,0,0,1,50.0,0.0
611,9,15,1,1,0.0,2.0,0.0,0.0,0.0,0,0,0,0,1,100.0,0.0
611,18,15,1,1,6.0,2.0,6.0,300.0,6.0,0,1,0,0,1,50.0,50.0
611,12,15,1,1,0.0,2.0,0.0,0.0,0.0,0,0,0,0,0,100.0,0.0
611,11,15,1,1,6.0,8.0,6.0,75.0,6.0,1,0,0,0,0,62.5,12.5
611,17,9,1,1,0.0,1.0,0.0,0.0,0.0,0,0,0,0,1,100.0,0.0
611,17,12,1,1,1.0,2.0,1.0,50.0,1.0,0,0,0,0,0,50.0,0.0
611,15,12,1,1,1.0,1.0,1.0,100.0,1.0,0,0,0,0,0,0.0,0.0
611,15,13,1,1,4.0,4.0,4.0,100.0,4.0,0,0,0,0,1,25.0,0.0
611,15,14,1,1,9.0,10.0,9.0,90.0,9.0,1,0,0,0,1,40.0,10.0
630,2,7,1,1,1.0,2.0,1.0,50.0,1.0,0,0,0,0,1,50.0,0.0
16,6,16,1,1,17.0,22.0,17.0,77.27,17.0,1,0,0,0,1,40.91,4.55
16,6,18,2,2,38.0,21.0,19.0,180.95,34.0,3,2,0,0,0,14.29,23.81
16,10,16,1,1,2.0,3.0,2.0,66.67,2.0,0,0,0,0,0,33.33,0.0
16,10,18,1,1,0.0,2.0,0.0,0.0,0.0,0,0,0,0,1,100.0,0.0
16,1,15,1,1,8.0,5.0,8.0,160.0,8.0,0,1,0,0,0,40.0,20.0
16,1,16,1,1,3.0,6.0,3.0,50.0,3.0,0,0,0,0,1,50.0,0.0
16,9,14,1,1,0.0,1.0,0.0,0.0,0.0,0,0,0,0,1,100.0,0.0
16,9,15,1,1,1.0,2.0,1.0,50.0,1.0,0,0,0,0,1,50.0,0.0
16,9,16,1,1,1.0,4.0,1.0,25.0,1.0,0,0,0,0,1,25.0,0.0
16,9,17,1,1,1.0,1.0,1.0,100.0,1.0,0,0,0,0,0,0.0,0.0
16,9,18,2,2,4.0,9.0,2.0,44.44,3.0,0,0,0,0,2,55.56,0.0
16,5,16,1,1,13.0,6.0,13.0,216.67,13.0,3,0,0,0,1,16.67,50.0
16,5,17,1,1,17.0,12.0,17.0,141.67,17.0,1,1,0,0,1,33.33,16.67
16,11,16,1,1,3.0,2.0,3.0,150.0,3.0,0,0,0,0,0,0.0,0.0
16,11,18,1,1,3.0,6.0,3.0,50.0,3.0,0,0,0,0,1,50.0,0.0
16,17,14,1,1,0.0,2.0,0.0,0.0,0.0,0,0,0,0,1,100.0,0.0
16,8,18,1,1,25.0,20.0,25.0,125.0,25.0,0,2,0,0,0,25.0,10.0
16,15,18,1,1,5.0,5.0,5.0,100.0,5.0,0,0,0,0,0,0.0,0.0
565,6,1,2,2,22.0,16.0,11.0,137.5,12.0,1,1,0,0,2,31.25,12.5
565,6,3,1,1,14.0,16.0,14.0,87.5,14.0,0,0,0,0,1,25.0,0.0
565,16,1,2,2,51.0,30.0,25.5,170.0,34.0,4,3,0,0,1,33.33,23.33
565,2,1,3,3,22.0,35.0,7.33,62.86,12.0,0,1,0,0,2,45.71,2.86
565,2,3,1,1,6.0,6.0,6.0,100.0,6.0,1,0,0,0,1,50.0,16.67
565,13,1,2,2,6.0,13.0,3.0,46.15,5.0,1,0,0,0,2,69.23,7.69
565,13,4,2,2,18.0,15.0,9.0,120.0,15.0,3,0,0,0,2,53.33,20.0
565,9,1,2,2,55.0,49.0,27.5,112.24,34.0,7,1,0,0,1,46.94,16.33
565,9,4,1,1,15.0,13.0,15.0,115.38,15.0,1,0,0,0,1,38.46,7.69
565,5,1,2,2,16.0,22.0,8.0,72.73,12.0,0,0,0,0,1,36.36,0.0
565,7,4,1,1,8.0,5.0,8.0,160.0,8.0,1,0,0,0,0,40.0,20.0
565,11,3,1,1,8.0,8.0,8.0,100.0,8.0,1,0,0,0,1,37.5,12.5
565,11,5,1,1,14.0,16.0,14.0,87.5,14.0,1,0,0,0,1,31.25,6.25
565,17,1,1,1,4.0,6.0,4.0,66.67,4.0,1,0,0,0,0,83.33,16.67
326,6,1,1,1,3.0,3.0,3.0,100.0,3.0,0,0,0,0,1,33.33,0.0
326,6,3,1,1,21.0,20.0,21.0,105.0,21.0,2,0,0,0,0,40.0,10.0
326,6,4,1,1,1.0,2.0,1.0,50.0,1.0,0,0,0,0,0,0.0,0.0
326,6,5,1,1,4.0,3.0,4.0,133.33,4.0,0,0,0,0,0,0.0,0.0
326,16,2,1,1,10.0,10.0,10.0,100.0,10.0,0,0,0,0,0,10.0,0.0
326,2,2,1,1,11.0,10.0,11.0,110.0,11.0,0,0,0,0,0,10.0,0.0
326,2,3,1,1,1.0,2.0,1.0,50.0,1.0,0,0,0,0,1,50.0,0.0
326,9,6,1,1,0.0,1.0,0.0,0.0,0.0,0,0,0,0,1,100.0,0.0
326,5,1,1,1,10.0,11.0,10.0,90.91,10.0,1,0,0,0,1,27.27,9.09
326,5,4,1,1,11.0,13.0,11.0,84.62,11.0,1,0,0,0,1,38.46,7.69
326,5,5,1,1,14.0,9.0,14.0,155.56,14.0,1,1,0,0,1,33.33,22.22
326,11,5,1,1,8.0,9.0,8.0,88.89,8.0,0,0,0,0,0,11.11,0.0
326,17,1,1,1,17.0,13.0,17.0,130.77,17.0,2,0,0,0,1,30.77,15.38
326,15,6,1,1,2.0,2.0,2.0,100.0,2.0,0,0,0,0,0,0.0,0.0
226,2,4,2,2,20.0,26.0,10.0,76.92,18.0,3,0,0,0,2,53.85,11.54
226,9,4,1,1,29.0,26.0,29.0,111.54,29.0,3,0,0,0,1,30.77,11.54
226,17,4,1,1,24.0,25.0,24.0,96.0,24.0,3,0,0,0,1,44.0,12.0
517,6,2,1,1,0.0,4.0,0.0,0.0,0.0,0,0,0,0,1,100.0,0.0
517,6,3,2,2,57.0,54.0,28.5,105.56,32.0,7,0,0,0,0,31.48,12.96
517,6,4,2,2,20.0,27.0,10.0,74.07,20.0,0,1,0,0,2,51.85,3.7
517,16,2,1,1,3.0,2.0,3.0,150.0,3.0,0,0,0,0,0,0.0,0.0
517,16,3,2,2,31.0,30.0,15.5,103.33,23.0,3,0,0,0,2,33.33,10.0
517,16,4,1,1,0.0,1.0,0.0,0.0,0.0,0,0,0,0,1,100.0,0.0
517,16,5,2,2,29.0,18.0,14.5,161.11,22.0,0,3,0,0,1,22.22,16.67
517,2,4,1,1,20.0,18.0,20.0,111.11,20.0,1,1,0,0,1,50.0,11.11
517,2,6,1,1,2.0,4.0,2.0,50.0,2.0,0,0,0,0,0,50.0,0.0
517,2,7,1,1,13.0,5.0,13.0,260.0,13.0,2,0,0,0,1,20.0,40.0
517,13,2,1,1,26.0,25.0,26.0,104.0,26.0,2,0,0,0,1,36.0,8.0
517,13,3,2,2,57.0,52.0,28.5,109.62,31.0,3,0,0,0,1,25.0,5.77
517,13,4,1,1,35.0,32.0,35.0,109.38,35.0,5,1,0,0,1,59.38,18.75
517,13,5,1,1,31.0,28.0,31.0,110.71,31.0,3,1,0,0,1,42.86,14.29
517,13,7,1,1,8.0,3.0,8.0,266.67,8.0,0,1,0,0,0,0.0,33.33
517,4,4,1,1,12.0,19.0,12.0,63.16,12.0,1,0,0,0,1,47.37,5.26
517,9,5,1,1,1.0,3.0,1.0,33.33,1.0,0,0,0,0,1,66.67,0.0
517,5,3,1,1,1.0,3.0,1.0,33.33,1.0,0,0,0,0,1,66.67,0.0
517,5,4,2,2,0.0,2.0,0.0,0.0,0.0,0,0,0,0,2,100.0,0.0
517,5,5,1,1,42.0,34.0,42.0,123.53,42.0,5,0,0,0,0,32.35,14.71
517,5,7,1,1,1.0,1.0,1.0,100.0,1.0,0,0,0,0,1,0.0,0.0
517,11,2,1,1,23.0,16.0,23.0,143.75,23.0,2,1,0,0,0,31.25,18.75
517,11,3,1,1,11.0,10.0,11.0,110.0,11.0,1,0,0,0,0,10.0,10.0
517,11,4,1,1,24.0,19.0,24.0,126.32,24.0,1,1,0,0,1,26.32,10.53
517,11,5,1,1,11.0,9.0,11.0,122.22,11.0,1,0,0,0,1,22.22,11.11
517,11,7,1,1,10.0,10.0,10.0,100.0,10.0,1,0,0,0,1,40.0,10.0
517,17,2,2,2,23.0,15.0,11.5,153.33,23.0,3,0,0,0,1,26.67,20.0
517,17,4,1,1,3.0,5.0,3.0,60.0,3.0,0,0,0,0,1,60.0,0.0
517,17,5,1,1,6.0,4.0,6.0,150.0,6.0,1,0,0,0,0,25.0,25.0
517,17,6,1,1,11.0,13.0,11.0,84.62,11.0,1,0,0,0,0,46.15,7.69
517,15,7,1,1,3.0,4.0,3.0,75.0,3.0,0,0,0,0,0,50.0,0.0
734,2,11,2,2,7.0,13.0,3.5,53.85,4.0,0,0,0,0,1,53.85,0.0
734,1,16,1,1,18.0,9.0,18.0,200.0,18.0,2,1,0,0,0,22.22,33.33
734,13,11,1,1,7.0,5.0,7.0,140.0,7.0,1,0,0,0,0,0.0,20.0
734,9,16,1,1,1.0,2.0,1.0,50.0,1.0,0,0,0,0,0,50.0,0.0
734,5,16,1,1,2.0,2.0,2.0,100.0,2.0,0,0,0,0,0,0.0,0.0
734,11,11,1,1,0.0,1.0,0.0,0.0,0.0,0,0,0,0,0,100.0,0.0
734,17,12,1,1,6.0,5.0,6.0,120.0,6.0,1,0,0,0,1,40.0,20.0
734,15,11,2,2,7.0,5.0,3.5,140.0,6.0,1,0,0,0,1,20.0,20.0
695,6,6,1,1,2.0,4.0,2.0,50.0,2.0,0,0,0,0,1,50.0,0.0
695,16,2,1,1,8.0,8.0,8.0,100.0,8.0,1,0,0,0,1,50.0,12.5
695,16,3,1,1,7.0,7.0,7.0,100.0,7.0,1,0,0,0,1,42.86,14.29
695,16,4,1,1,8.0,3.0,8.0,266.67,8.0,0,1,0,0,0,33.33,33.33
695,14,9,1,1,1.0,1.0,1.0,100.0,1.0,0,0,0,0,0,0.0,0.0
695,13,4,1,1,16.0,6.0,16.0,266.67,16.0,1,1,0,0,0,0.0,33.33
695,13,6,1,1,13.0,4.0,13.0,325.0,13.0,0,2,0,0,1,25.0,50.0
695,13,7,1,1,4.0,3.0,4.0,133.33,4.0,0,0,0,0,0,0.0,0.0
695,9,4,1,1,6.0,5.0,6.0,120.0,6.0,1,0,0,0,0,40.0,20.0
695,9,5,1,1,0.0,1.0,0.0,0.0,0.0,0,0,0,0,1,100.0,0.0
695,5,4,2,2,10.0,11.0,5.0,90.91,10.0,1,0,0,0,2,45.45,9.09
695,5,6,1,1,23.0,9.0,23.0,255.56,23.0,3,1,0,0,0,0.0,44.44
695,7,5,1,1,1.0,1.0,1.0,100.0,1.0,0,0,0,0,0,0.0,0.0
695,7,6,1,1,0.0,1.0,0.0,0.0,0.0,0,0,0,0,1,100.0,0.0
695,11,8,1,1,4.0,3.0,4.0,133.33,4.0,0,0,0,0,0,0.0,0.0
695,17,3,1,1,2.0,9.0,2.0,22.22,2.0,0,0,0,0,1,88.89,0.0
695,17,5,1,1,2.0,3.0,2.0,66.67,2.0,0,0,0,0,0,33.33,0.0
695,17,6,1,1,19.0,10.0,19.0,190.0,19.0,3,0,0,0,1,20.0,30.0
695,15,6,1,1,0.0,1.0,0.0,0.0,0.0,0,0,0,0,1,100.0,0.0
768,16,3,1,1,1.0,2.0,1.0,50.0,1.0,0,0,0,0,1,50.0,0.0
768,16,5,1,1,0.0,1.0,0.0,0.0,0.0,0,0,0,0,1,100.0,0.0
768,2,2,2,2,3.0,5.0,1.5,60.0,3.0,0,0,0,0,1,40.0,0.0
768,13,2,1,1,1.0,1.0,1.0,100.0,1.0,0,0,0,0,0,0.0,0.0
768,11,1,1,1,0.0,3.0,0.0,0.0,0.0,0,0,0,0,1,100.0,0.0
768,11,4,1,1,5.0,8.0,5.0,62.5,5.0,0,0,0,0,0,25.0,0.0
768,11,5,1,1,6.0,8.0,6.0,75.0,6.0,0,0,0,0,1,62.5,0.0
768,17,2,1,1,4.0,2.0,4.0,200.0,4.0,1,0,0,0,1,50.0,50.0
580,11,1,1,1,11.0,12.0,11.0,91.67,11.0,2,0,0,0,1,66.67,16.67
580,17,1,1,1,0.0,6.0,0.0,0.0,0.0,0,0,0,0,0,100.0,0.0
635,6,12,1,1,0.0,2.0,0.0,0.0,0.0,0,0,0,0,1,100.0,0.0
635,6,14,1,1,0.0,1.0,0.0,0.0,0.0,0,0,0,0,0,100.0,0.0
635,1,15,1,1,4.0,7.0,4.0,57.14,4.0,0,0,0,0,0,42.86,0.0
635,13,13,1,1,0.0,1.0,0.0,0.0,0.0,0,0,0,0,0,100.0,0.0
635,5,11,1,1,1.0,5.0,1.0,20.0,1.0,0,0,0,0,0,80.0,0.0
635,17,13,1,1,2.0,3.0,2.0,66.67,2.0,0,0,0,0,0,33.33,0.0
635,17,15,1,1,2.0,5.0,2.0,40.0,2.0,0,0,0,0,1,60.0,0.0
193,6,2,1,1,8.0,6.0,8.0,133.33,8.0,1,0,0,0,0,16.67,16.67
193,2,1,3,3,9.0,12.0,3.0,75.0,5.0,1,0,0,0,2,50.0,8.33
193,13,1,1,1,23.0,19.0,23.0,121.05,23.0,2,1,0,0,0,36.84,15.79
193,13,2,1,1,4.0,6.0,4.0,66.67,4.0,0,0,0,0,0,33.33,0.0
193,9,1,1,1,1.0,1.0,1.0,100.0,1.0,0,0,0,0,0,0.0,0.0
193,9,6,1,1,5.0,11.0,5.0,45.45,5.0,0,0,0,0,1,54.55,0.0
193,5,1,1,1,1.0,5.0,1.0,20.0,1.0,0,0,0,0,1,80.0,0.0
193,17,1,1,1,0.0,2.0,0.0,0.0,0.0,0,0,0,0,1,100.0,0.0
193,17,2,1,1,4.0,7.0,4.0,57.14,4.0,0,0,0,0,0,28.57,0.0
520,6,14,2,2,55.0,46.0,27.5,119.57,47.0,4,3,0,0,2,43.48,15.22
520,6,15,1,1,6.0,11.0,6.0,54.55,6.0,0,0,0,0,1,54.55,0.0
520,6,16,1,1,2.0,3.0,2.0,66.67,2.0,0,0,0,0,0,0.0,0.0
520,6,17,1,1,2.0,3.0,2.0,66.67,2.0,0,0,0,0,0,33.33,0.0
520,6,18,1,1,19.0,15.0,19.0,126.67,19.0,0,2,0,0,1,40.0,13.33
520,10,14,2,2,19.0,10.0,9.5,190.0,15.0,2,1,0,0,1,20.0,30.0
520,10,15,1,1,12.0,20.0,12.0,60.0,12.0,0,0,0,0,1,45.0,0.0
520,10,16,2,2,8.0,7.0,4.0,114.29,6.0,0,1,0,0,2,57.14,14.29
520,10,17,2,2,8.0,6.0,4.0,133.33,8.0,0,1,0,0,2,50.0,16.67
520,1,15,1,1,15.0,8.0,15.0,187.5,15.0,0,2,0,0,1,37.5,25.0
520,1,16,1,1,22.0,9.0,22.0,244.44,22.0,1,2,0,0,1,11.11,33.33
520,9,14,2,2,35.0,23.0,17.5,152.17,22.0,1,3,0,0,1,34.78,17.39
520,9,15,1,1,0.0,5.0,0.0,0.0,0.0,0,0,0,0,1,100.0,0.0
520,9,16,2,2,32.0,15.0,16.0,213.33,21.0,5,1,0,0,0,20.0,40.0
520,9,18,1,1,11.0,5.0,11.0,220.0,11.0,0,1,0,0,0,0.0,20.0
520,18,16,2,2,29.0,19.0,14.5,152.63,23.0,1,2,0,0,1,36.84,15.79
520,18,18,2,2,68.0,35.0,34.0,194.29,57.0,5,4,1,0,1,11.43,25.71
520,5,15,1,1,15.0,6.0,15.0,250.0,15.0,0,2,0,0,1,16.67,33.33
520,5,18,3,3,28.0,20.0,9.33,140.0,13.0,1,2,0,0,3,40.0,15.0
520,12,17,1,1,8.0,4.0,8.0,200.0,8.0,0,1,0,0,1,25.0,25.0
520,12,18,1,1,6.0,1.0,6.0,600.0,6.0,0,1,0,0,0,0.0,100.0
520,11,14,1,1,6.0,4.0,6.0,150.0,6.0,1,0,0,0,0,25.0,25.0
520,11,16,2,2,52.0,33.0,26.0,157.58,41.0,5,2,0,0,1,24.24,21.21
520,11,17,1,1,14.0,8.0,14.0,175.0,14.0,1,1,0,0,1,12.5,25.0
520,11,18,2,2,41.0,22.0,20.5,186.36,36.0,5,2,0,0,1,27.27,31.82
520,17,14,2,2,16.0,14.0,8.0,114.29,16.0,1,1,0,0,1,50.0,14.29
520,17,15,1,1,24.0,20.0,24.0,120.0,24.0,1,2,0,0,0,50.0,15.0
520,17,16,1,1,7.0,5.0,7.0,140.0,7.0,0,1,0,0,1,60.0,20.0
520,8,17,2,2,95.0,54.0,47.5,175.93,58.0,8,6,1,0,1,27.78,25.93
520,15,14,1,1,22.0,17.0,22.0,129.41,22.0,0,2,0,0,1,23.53,11.76
520,15,15,2,2,45.0,38.0,22.5,118.42,26.0,3,3,0,0,2,44.74,15.79
520,15,16,1,1,4.0,3.0,4.0,133.33,4.0,1,0,0,0,1,66.67,33.33
520,15,18,1,1,6.0,2.0,6.0,300.0,6.0,0,1,0,0,0,50.0,50.0
674,6,18,1,1,2.0,4.0,2.0,50.0,2.0,0,0,0,0,0,50.0,0.0
674,1,18,1,1,5.0,13.0,5.0,38.46,5.0,0,0,0,0,1,61.54,0.0
674,9,18,1,1,1.0,1.0,1.0,100.0,1.0,0,0,0,0,0,0.0,0.0
674,5,15,1,1,0.0,3.0,0.0,0.0,0.0,0,0,0,0,1,100.0,0.0
674,5,18,1,1,2.0,9.0,2.0,22.22,2.0,0,0,0,0,1,66.67,0.0
674,17,15,1,1,7.0,4.0,7.0,175.0,7.0,0,1,0,0,0,25.0,25.0
496,5,18,1,1,3.0,4.0,3.0,75.0,3.0,0,0,0,0,1,50.0,0.0
563,6,7,2,2,46.0,42.0,23.0,109.52,35.0,4,1,0,0,3,38.1,11.9
563,6,8,1,1,34.0,32.0,34.0,106.25,34.0,4,1,0,0,1,50.0,15.62
563,16,2,1,1,31.0,33.0,31.0,93.94,31.0,2,1,0,0,1,39.39,9.09
563,16,3,3,3,41.0,29.0,13.67,141.38,23.0,2,2,0,0,2,34.48,13.79
563,16,4,1,1,3.0,14.0,3.0,21.43,3.0,0,0,0,0,1,78.57,0.0
563,16,5,2,2,16.0,16.0,8.0,100.0,14.0,2,0,0,0,2,62.5,12.5
563,10,13,1,1,10.0,15.0,10.0,66.67,10.0,1,0,0,0,1,60.0,6.67
563,2,2,1,1,14.0,13.0,14.0,107.69,14.0,2,0,0,0,1,46.15,15.38
563,2,3,2,2,31.0,17.0,15.5,182.35,17.0,4,1,0,0,1,41.18,29.41
563,2,4,1,1,35.0,33.0,35.0,106.06,35.0,2,2,0,0,1,48.48,12.12
563,2,5,2,2,161.0,98.0,80.5,164.29,113.0,20,5,1,1,1,29.59,25.51
563,2,6,2,2,49.0,36.0,24.5,136.11,31.0,6,1,0,0,1,38.89,19.44
563,2,8,1,1,19.0,18.0,19.0,105.56,19.0,2,1,0,0,1,55.56,16.67
563,2,9,2,2,26.0,21.0,13.0,123.81,25.0,4,0,0,0,1,42.86,19.05
563,14,9,2,2,97.0,75.0,48.5,129.33,55.0,11,1,1,0,2,34.67,16.0
563,13,3,2,2,13.0,14.0,6.5,92.86,13.0,2,0,0,0,2,50.0,14.29
563,13,4,1,1,74.0,43.0,74.0,172.09,74.0,6,4,1,0,1,34.88,23.26
563,13,5,1,1,10.0,14.0,10.0,71.43,10.0,2,0,0,0,1,71.43,14.29
563,13,6,1,1,50.0,50.0,50.0,100.0,50.0,3,1,1,0,0,38.0,8.0
563,13,7,1,1,5.0,8.0,5.0,62.5,5.0,1,0,0,0,1,75.0,12.5
563,13,11,1,1,12.0,10.0,12.0,120.0,12.0,0,1,0,0,1,30.0,10.0
563,4,4,2,2,44.0,29.0,22.0,151.72,28.0,9,0,0,0,2,44.83,31.03
563,9,3,2,2,83.0,66.0,41.5,125.76,50.0,9,2,1,0,1,36.36,16.67
563,9,4,2,2,9.0,18.0,4.5,50.0,5.0,1,0,0,0,2,77.78,5.56
563,9,5,2,2,78.0,57.0,39.0,136.84,42.0,9,2,0,0,2,35.09,19.3
563,9,6,1,1,2.0,5.0,2.0,40.0,2.0,0,0,0,0,1,60.0,0.0
563,9,7,2,2,24.0,22.0,12.0,109.09,24.0,2,1,0,0,2,36.36,13.64
563,9,8,2,2,28.0,25.0,14.0,112.0,28.0,4,1,0,0,2,56.0,20.0
563,9,9,2,2,32.0,33.0,16.0,96.97,26.0,5,0,0,0,2,48.48,15.15
563,5,3,2,2,40.0,36.0,20.0,111.11,26.0,3,2,0,0,2,47.22,13.89
563,5,4,1,1,12.0,9.0,12.0,133.33,12.0,1,1,0,0,1,55.56,22.22
563,5,5,3,3,52.0,51.0,17.33,101.96,41.0,5,3,0,0,5,58.82,15.69
563,5,6,4,4,48.0,52.0,12.0,92.31,23.0,4,0,0,0,4,46.15,7.69
563,5,7,2,2,48.0,46.0,24.0,104.35,40.0,4,1,0,0,2,36.96,10.87
563,5,8,2,2,74.0,63.0,37.0,117.46,39.0,9,1,0,0,2,39.68,15.87
563,5,9,2,2,73.0,65.0,36.5,112.31,54.0,7,2,1,0,1,38.46,13.85
563,5,12,2,2,64.0,61.0,32.0,104.92,38.0,6,1,0,0,2,42.62,11.48
563,5,13,1,1,1.0,7.0,1.0,14.29,1.0,0,0,0,0,1,85.71,0.0
563,7,4,2,2,62.0,60.0,31.0,103.33,31.0,3,2,0,0,2,41.67,8.33
563,7,5,1,1,8.0,11.0,8.0,72.73,8.0,0,0,0,0,1,45.45,0.0
563,7,6,1,1,24.0,22.0,24.0,109.09,24.0,2,1,0,0,1,45.45,13.64
563,11,2,1,1,10.0,12.0,10.0,83.33,10.0,0,1,0,0,1,58.33,8.33
563,11,3,2,2,169.0,84.0,84.5,201.19,127.0,12,13,1,1,2,28.57,29.76
563,11,4,2,2,58.0,46.0,29.0,126.09,53.0,3,3,1,0,2,32.61,13.04
563,11,5,1,1,0.0,5.0,0.0,0.0,0.0,0,0,0,0,1,100.0,0.0
563,11,6,2,2,58.0,55.0,29.0,105.45,55.0,6,0,1,0,1,41.82,10.91
563,11,7,1,1,13.0,11.0,13.0,118.18,13.0,1,0,0,0,1,36.36,9.09
563,11,8,2,2,58.0,50.0,29.0,116.0,37.0,4,3,0,0,1,50.0,14.0
563,11,13,1,1,21.0,21.0,21.0,100.0,21.0,3,0,0,0,1,38.1,14.29
563,3,9,2,2,112.0,90.0,56.0,124.44,59.0,9,5,2,0,2,36.67,15.56
563,17,2,1,1,5.0,9.0,5.0,55.56,5.0,0,0,0,0,1,55.56,0.0
563,17,3,2,2,81.0,46.0,40.5,176.09,78.0,4,6,1,0,2,28.26,21.74
563,17,4,4,4,137.0,87.0,34.25,157.47,95.0,9,8,1,0,4,34.48,19.54
563,17,5,1,1,11.0,15.0,11.0,73.33,11.0,1,0,0,0,1,46.67,6.67
563,17,6,2,2,34.0,24.0,17.0,141.67,32.0,2,2,0,0,2,33.33,16.67
563,17,7,2,2,19.0,23.0,9.5,82.61,18.0,1,1,0,0,2,56.52,8.7
563,17,8,1,1,2.0,6.0,2.0,33.33,2.0,0,0,0,0,1,66.67,0.0
563,17,9,2,2,105.0,65.0,52.5,161.54,89.0,14,2,1,0,2,24.62,24.62
563,15,6,2,2,47.0,42.0,23.5,111.9,29.0,4,3,0,0,2,57.14,16.67
563,15,7,1,1,52.0,40.0,52.0,130.0,52.0,7,1,1,0,1,37.5,20.0
563,15,8,2,2,36.0,34.0,18.0,105.88,24.0,4,1,0,0,1,52.94,14.71
563,15,9,2,2,8.0,15.0,4.0,53.33,6.0,0,0,0,0,2,46.67,0.0
579,6,6,1,1,16.0,11.0,16.0,145.45,16.0,3,0,0,0,1,45.45,27.27
579,6,7,1,1,34.0,31.0,34.0,109.68,34.0,1,2,0,0,1,48.39,9.68
579,6,8,1,1,4.0,7.0,4.0,57.14,4.0,0,0,0,0,1,57.14,0.0
579,6,14,1,1,14.0,11.0,14.0,127.27,14.0,1,1,0,0,1,54.55,18.18
579,6,16,1,1,10.0,11.0,10.0,90.91,10.0,1,0,0,0,1,36.36,9.09
579,10,14,1,1,9.0,11.0,9.0,81.82,9.0,2,0,0,0,1,63.64,18.18
579,2,6,1,1,8.0,11.0,8.0,72.73,8.0,1,0,0,0,1,54.55,9.09
579,2,7,2,2,89.0,57.0,44.5,156.14,47.0,8,5,0,0,2,43.86,22.81
579,2,8,1,1,1.0,7.0,1.0,14.29,1.0,0,0,0,0,1,85.71,0.0
579,2,9,1,1,32.0,24.0,32.0,133.33,32.0,5,0,0,0,2,45.83,20.83
579,2,10,1,1,3.0,6.0,3.0,50.0,3.0,0,0,0,0,1,66.67,0.0
579,2,11,1,1,2.0,5.0,2.0,40.0,2.0,0,0,0,0,1,80.0,0.0
579,14,9,1,1,38.0,23.0,38.0,165.22,38.0,4,2,0,0,1,34.78,26.09
579,14,10,1,1,2.0,4.0,2.0,50.0,2.0,0,0,0,0,1,50.0,0.0
579,9,6,2,2,48.0,37.0,24.0,129.73,31.0,5,1,0,0,2,29.73,16.22
579,9,7,2,2,93.0,71.0,46.5,130.99,67.0,6,5,1,0,2,38.03,15.49
579,9,8,1,1,39.0,34.0,39.0,114.71,39.0,1,3,0,0,1,44.12,11.76
579,9,9,2,2,8.0,17.0,4.0,47.06,8.0,0,0,0,0,2,64.71,0.0
579,9,10,2,2,53.0,35.0,26.5,151.43,28.0,8,1,0,0,2,37.14,25.71
579,9,11,1,1,0.0,1.0,0.0,0.0,0.0,0,0,0,0,1,100.0,0.0
579,5,6,2,2,21.0,10.0,10.5,210.0,20.0,3,1,0,0,1,30.0,40.0
579,5,7,1,1,36.0,34.0,36.0,105.88,36.0,4,1,0,0,1,50.0,14.71
579,5,9,1,1,7.0,11.0,7.0,63.64,7.0,0,0,0,0,1,36.36,0.0
579,5,11,1,1,45.0,31.0,45.0,145.16,45.0,2,4,0,0,1,41.94,19.35
579,7,6,2,2,65.0,41.0,32.5,158.54,43.0,10,0,0,0,1,34.15,24.39
579,12,14,1,1,12.0,8.0,12.0,150.0,12.0,1,1,0,0,1,62.5,25.0
579,11,6,1,1,3.0,6.0,3.0,50.0,3.0,0,0,0,0,0,50.0,0.0
579,11,7,1,1,25.0,20.0,25.0,125.0,25.0,3,1,0,0,1,50.0,20.0
579,3,9,1,1,51.0,33.0,51.0,154.55,51.0,7,0,1,0,1,24.24,21.21
579,3,10,1,1,14.0,9.0,14.0,155.56,14.0,1,1,0,0,1,33.33,22.22
579,17,8,2,2,13.0,9.0,6.5,144.44,11.0,0,1,0,0,2,44.44,11.11
579,17,10,2,2,59.0,49.0,29.5,120.41,34.0,5,2,0,0,2,40.82,14.29
579,17,14,1,1,7.0,9.0,7.0,77.78,7.0,1,0,0,0,1,55.56,11.11
579,17,15,1,1,19.0,11.0,19.0,172.73,19.0,1,2,0,0,1,36.36,27.27
579,15,6,1,1,0.0,1.0,0.0,0.0,0.0,0,0,0,0,1,100.0,0.0
579,15,7,1,1,47.0,20.0,47.0,235.0,47.0,5,2,0,0,0,15.0,35.0
579,15,8,2,2,25.0,24.0,12.5,104.17,20.0,3,1,0,0,2,50.0,16.67
579,15,9,1,1,25.0,23.0,25.0,108.7,25.0,3,1,0,0,1,60.87,17.39
579,15,10,2,2,98.0,56.0,49.0,175.0,95.0,9,5,1,0,2,25.0,25.0
579,15,11,1,1,8.0,10.0,8.0,80.0,8.0,0,0,0,0,1,30.0,0.0
476,6,4,3,3,51.0,51.0,17.0,100.0,34.0,8,0,0,0,3,47.06,15.69
476,6,5,1,1,45.0,26.0,45.0,173.08,45.0,5,3,0,0,1,46.15,30.77
476,6,6,1,1,24.0,21.0,24.0,114.29,24.0,2,1,0,0,1,38.1,14.29
476,6,7,1,1,2.0,7.0,2.0,28.57,2.0,0,0,0,0,1,71.43,0.0
476,6,8,1,1,15.0,12.0,15.0,125.0,15.0,2,1,0,0,1,66.67,25.0
476,6,11,1,1,30.0,19.0,30.0,157.89,30.0,1,2,0,0,1,15.79,15.79
476,6,12,2,2,7.0,8.0,3.5,87.5,7.0,1,0,0,0,2,50.0,12.5
476,6,13,2,2,52.0,34.0,26.0,152.94,26.0,8,0,0,0,2,23.53,23.53
476,6,14,2,2,12.0,14.0,6.0,85.71,12.0,2,0,0,0,2,57.14,14.29
476,6,15,2,2,22.0,23.0,11.0,95.65,18.0,3,0,0,0,2,43.48,13.04
476,6,16,1,1,2.0,4.0,2.0,50.0,2.0,0,0,0,0,1,50.0,0.0
476,16,4,1,1,16.0,13.0,16.0,123.08,16.0,2,0,0,0,1,38.46,15.38
476,16,5,2,2,19.0,8.0,9.5,237.5,18.0,1,2,0,0,2,25.0,37.5
476,10,12,2,2,8.0,18.0,4.0,44.44,6.0,0,0,0,0,1,61.11,0.0
476,10,13,2,2,94.0,69.0,47.0,136.23,89.0,7,4,1,0,1,30.43,15.94
476,10,14,2,2,168.0,94.0,84.0,178.72,99.0,15,8,2,0,2,20.21,24.47
476,10,15,2,2,24.0,17.0,12.0,141.18,24.0,4,0,0,0,2,41.18,23.53
476,10,16,2,2,54.0,45.0,27.0,120.0,49.0,8,0,0,0,2,40.0,17.78
476,2,5,1,1,16.0,15.0,16.0,106.67,16.0,1,1,0,0,1,46.67,13.33
476,2,10,1,1,20.0,18.0,20.0,111.11,20.0,2,0,0,0,1,38.89,11.11
476,2,11,2,2,28.0,21.0,14.0,133.33,21.0,3,1,0,0,2,38.1,19.05
476,1,15,1,1,5.0,9.0,5.0,55.56,5.0,1,0,0,0,1,66.67,11.11
476,1,17,1,1,16.0,17.0,16.0,94.12,16.0,2,0,0,0,1,47.06,11.76
476,13,5,2,2,8.0,12.0,4.0,66.67,7.0,0,1,0,0,2,75.0,8.33
476,13,7,2,2,8.0,7.0,4.0,114.29,6.0,0,1,0,0,2,57.14,14.29
476,13,8,2,2,120.0,88.0,60.0,136.36,68.0,13,3,2,0,2,27.27,18.18
476,13,10,1,1,0.0,4.0,0.0,0.0,0.0,0,0,0,0,1,100.0,0.0
476,4,4,1,1,33.0,24.0,33.0,137.5,33.0,2,2,0,0,1,29.17,16.67
476,9,5,2,2,15.0,19.0,7.5,78.95,10.0,1,0,0,0,2,36.84,5.26
476,9,6,1,1,6.0,8.0,6.0,75.0,6.0,1,0,0,0,1,62.5,12.5
476,9,7,1,1,26.0,14.0,26.0,185.71,26.0,3,0,0,0,1,28.57,21.43
476,9,8,1,1,1.0,8.0,1.0,12.5,1.0,0,0,0,0,1,87.5,0.0
476,9,9,1,1,9.0,11.0,9.0,81.82,9.0,1,0,0,0,1,45.45,9.09
476,9,11,2,2,2.0,3.0,1.0,66.67,2.0,0,0,0,0,1,33.33,0.0
476,9,12,2,2,94.0,60.0,47.0,156.67,58.0,8,2,1,0,1,18.33,16.67
476,9,13,1,1,56.0,39.0,56.0,143.59,56.0,6,1,1,0,1,20.51,17.95
476,9,14,2,2,71.0,61.0,35.5,116.39,40.0,4,5,0,0,2,42.62,14.75
476,9,15,1,1,1.0,5.0,1.0,20.0,1.0,0,0,0,0,1,80.0,0.0
476,9,16,2,2,27.0,24.0,13.5,112.5,18.0,2,1,0,0,2,41.67,12.5
476,9,17,1,1,32.0,21.0,32.0,152.38,32.0,4,1,0,0,1,42.86,23.81
476,18,15,1,1,25.0,17.0,25.0,147.06,25.0,2,2,0,0,1,47.06,23.53
476,18,16,1,1,8.0,7.0,8.0,114.29,8.0,1,0,0,0,1,28.57,14.29
476,18,18,1,1,41.0,23.0,41.0,178.26,41.0,5,0,0,0,0,8.7,21.74
476,5,4,2,2,41.0,32.0,20.5,128.12,41.0,4,2,0,0,2,43.75,18.75
476,5,5,1,1,64.0,30.0,64.0,213.33,64.0,6,4,1,0,0,20.0,33.33
476,5,6,1,1,1.0,5.0,1.0,20.0,1.0,0,0,0,0,1,80.0,0.0
476,5,8,2,2,1.0,3.0,0.5,33.33,1.0,0,0,0,0,2,66.67,0.0
476,5,9,1,1,8.0,5.0,8.0,160.0,8.0,0,1,0,0,1,40.0,20.0
476,5,10,1,1,6.0,5.0,6.0,120.0,6.0,1,0,0,0,1,20.0,20.0
476,5,11,1,1,11.0,7.0,11.0,157.14,11.0,0,1,0,0,1,14.29,14.29
476,5,12,1,1,43.0,21.0,43.0,204.76,43.0,4,2,0,0,1,9.52,28.57
476,5,13,2,3,44.0,30.0,22.0,146.67,25.0,6,0,0,0,2,30.0,20.0
476,5,14,1,1,25.0,20.0,25.0,125.0,25.0,4,1,0,0,1,60.0,25.0
476,5,15,1,1,52.0,32.0,52.0,162.5,52.0,6,2,1,0,1,31.25,25.0
476,5,16,2,2,131.0,87.0,65.5,150.57,83.0,12,5,1,0,2,21.84,19.54
476,5,17,2,2,16.0,19.0,8.0,84.21,11.0,2,0,0,0,2,52.63,10.53
476,7,5,1,1,9.0,10.0,9.0,90.0,9.0,0,1,0,0,1,50.0,10.0
476,12,16,1,1,21.0,20.0,21.0,105.0,21.0,3,0,0,0,1,40.0,15.0
476,12,18,2,2,43.0,31.0,21.5,138.71,24.0,4,2,0,0,2,41.94,19.35
476,11,5,2,2,49.0,38.0,24.5,128.95,34.0,5,3,0,0,2,52.63,21.05
476,11,7,1,1,17.0,10.0,17.0,170.0,17.0,3,0,0,0,1,30.0,30.0
476,11,8,2,2,48.0,29.0,24.0,165.52,37.0,7,2,0,0,2,44.83,31.03
476,11,11,1,1,2.0,3.0,2.0,66.67,2.0,0,0,0,0,1,33.33,0.0
476,11,12,2,2,48.0,36.0,24.0,133.33,26.0,2,4,0,0,2,44.44,16.67
476,11,13,1,1,106.0,50.0,106.0,212.0,106.0,10,7,1,1,1,24.0,34.0
476,11,14,2,2,81.0,52.0,40.5,155.77,67.0,9,2,1,0,2,25.0,21.15
476,11,15,1,1,15.0,13.0,15.0,115.38,15.0,2,0,0,0,1,23.08,15.38
476,11,16,1,1,27.0,23.0,27.0,117.39,27.0,3,0,0,0,1,26.09,13.04
476,17,7,2,2,37.0,35.0,18.5,105.71,31.0,2,2,0,0,2,42.86,11.43
476,17,8,1,1,27.0,34.0,27.0,79.41,27.0,1,1,0,0,1,41.18,5.88
476,17,11,2,2,17.0,17.0,8.5,100.0,15.0,3,0,0,0,2,52.94,17.65
476,17,12,2,2,50.0,30.0,25.0,166.67,35.0,6,2,0,0,2,33.33,26.67
476,17,13,2,2,71.0,45.0,35.5,157.78,45.0,8,3,0,0,2,35.56,24.44
476,17,14,1,1,57.0,42.0,57.0,135.71,57.0,6,2,1,0,1,33.33,19.05
476,17,15,2,2,51.0,40.0,25.5,127.5,32.0,5,2,0,0,2,37.5,17.5
476,15,6,2,2,36.0,28.0,18.0,128.57,29.0,3,2,0,0,2,50.0,17.86
476,15,7,1,1,25.0,18.0,25.0,138.89,25.0,4,0,0,0,1,33.33,22.22
476,15,8,1,1,1.0,3.0,1.0,33.33,1.0,0,0,0,0,1,66.67,0.0
476,15,9,1,1,10.0,9.0,10.0,111.11,10.0,2,0,0,0,1,55.56,22.22
476,15,11,2,2,30.0,24.0,15.0,125.0,18.0,2,1,0,0,2,29.17,12.5
476,15,12,2,2,82.0,61.0,41.0,134.43,55.0,5,4,1,0,2,26.23,14.75
476,15,13,1,1,9.0,6.0,9.0,150.0,9.0,1,0,0,0,1,33.33,16.67
476,15,14,2,2,27.0,31.0,13.5,87.1,22.0,2,0,0,0,2,48.39,6.45
476,15,15,1,1,1.0,4.0,1.0,25.0,1.0,0,0,0,0,1,50.0,0.0
476,15,18,1,1,11.0,10.0,11.0,110.0,11.0,1,0,0,0,1,30.0,10.0
238,6,1,1,1,9.0,5.0,9.0,180.0,9.0,0,1,0,0,1,40.0,20.0
238,16,1,1,1,7.0,10.0,7.0,70.0,7.0,1,0,0,0,0,30.0,10.0
238,13,1,1,1,8.0,7.0,8.0,114.29,8.0,1,0,0,0,1,28.57,14.29
342,6,7,1,1,2.0,2.0,2.0,100.0,2.0,0,0,0,0,0,0.0,0.0
342,6,8,3,3,11.0,14.0,3.67,78.57,9.0,1,0,0,0,1,42.86,7.14
342,6,17,1,1,0.0,3.0,0.0,0.0,0.0,0,0,0,0,1,100.0,0.0
342,10,17,1,1,1.0,1.0,1.0,100.0,1.0,0,0,0,0,0,0.0,0.0
342,1,18,1,1,2.0,2.0,2.0,100.0,2.0,0,0,0,0,0,0.0,0.0
342,13,7,2,2,37.0,40.0,18.5,92.5,29.0,4,0,0,0,2,35.0,10.0
342,9,7,1,1,12.0,8.0,12.0,150.0,12.0,1,0,0,0,0,12.5,12.5
342,9,18,1,1,0.0,1.0,0.0,0.0,0.0,0,0,0,0,1,100.0,0.0
342,18,18,1,1,2.0,5.0,2.0,40.0,2.0,0,0,0,0,1,60.0,0.0
342,5,7,1,1,5.0,4.0,5.0,125.0,5.0,1,0,0,0,1,50.0,25.0
342,5,17,2,2,2.0,4.0,1.0,50.0,2.0,0,0,0,0,1,50.0,0.0
342,5,18,1,1,1.0,1.0,1.0,100.0,1.0,0,0,0,0,0,0.0,0.0
342,11,7,1,1,18.0,16.0,18.0,112.5,18.0,2,0,0,0,1,37.5,12.5
342,15,7,2,2,11.0,14.0,5.5,78.57,6.0,1,0,0,0,1,50.0,7.14
342,15,17,1,1,6.0,3.0,6.0,200.0,6.0,1,0,0,0,0,0.0,33.33
342,15,18,1,1,1.0,1.0,1.0,100.0,1.0,0,0,0,0,0,0.0,0.0
372,6,16,1,1,10.0,3.0,10.0,333.33,10.0,1,1,0,0,0,33.33,66.67
372,5,11,1,1,1.0,3.0,1.0,33.33,1.0,0,0,0,0,1,66.67,0.0
372,17,16,1,1,1.0,2.0,1.0,50.0,1.0,0,0,0,0,1,50.0,0.0
225,6,5,2,2,80.0,71.0,40.0,112.68,56.0,10,1,1,0,3,40.85,15.49
225,6,6,2,2,24.0,25.0,12.0,96.0,15.0,3,0,0,0,2,36.0,12.0
225,6,7,1,1,3.0,8.0,3.0,37.5,3.0,0,0,0,0,1,62.5,0.0
225,6,8,1,1,4.0,7.0,4.0,57.14,4.0,0,0,0,0,1,57.14,0.0
225,6,11,2,2,39.0,30.0,19.5,130.0,32.0,1,3,0,0,2,36.67,13.33
225,6,12,2,2,12.0,10.0,6.0,120.0,11.0,0,0,0,0,0,0.0,0.0
225,6,13,2,2,41.0,31.0,20.5,132.26,27.0,1,2,0,0,2,22.58,9.68
225,16,4,1,1,7.0,8.0,7.0,87.5,7.0,1,0,0,0,1,50.0,12.5
225,16,5,2,2,103.0,68.0,51.5,151.47,75.0,13,3,1,0,2,38.24,23.53
225,10,12,2,2,59.0,48.0,29.5,122.92,30.0,3,2,0,0,1,22.92,10.42
225,10,16,1,1,12.0,11.0,12.0,109.09,12.0,0,1,0,0,1,45.45,9.09
225,2,3,1,1,0.0,4.0,0.0,0.0,0.0,0,0,0,0,1,100.0,0.0
225,2,4,1,1,11.0,7.0,11.0,157.14,11.0,2,0,0,0,1,28.57,28.57
225,2,5,2,2,21.0,13.0,10.5,161.54,21.0,5,0,0,0,2,46.15,38.46
225,2,6,1,1,24.0,15.0,24.0,160.0,24.0,5,0,0,0,0,40.0,33.33
225,2,10,1,1,12.0,10.0,12.0,120.0,12.0,3,0,0,0,1,70.0,30.0
225,2,11,2,2,30.0,23.0,15.0,130.43,17.0,1,2,0,0,1,39.13,13.04
225,14,10,1,1,8.0,14.0,8.0,57.14,8.0,0,0,0,0,2,35.71,0.0
225,1,15,1,1,18.0,16.0,18.0,112.5,18.0,4,0,0,0,1,56.25,25.0
225,13,3,1,1,4.0,7.0,4.0,57.14,4.0,1,0,0,0,1,85.71,14.29
225,13,8,1,1,20.0,14.0,20.0,142.86,20.0,2,0,0,0,1,14.29,14.29
225,13,10,2,2,74.0,74.0,37.0,100.0,46.0,6,3,0,0,2,50.0,12.16
225,13,11,1,1,22.0,19.0,22.0,115.79,22.0,1,0,0,0,1,10.53,5.26
225,4,4,1,1,15.0,10.0,15.0,150.0,15.0,1,0,0,0,0,0.0,10.0
225,9,5,2,2,44.0,44.0,22.0,100.0,38.0,3,1,0,0,2,36.36,9.09
225,9,6,2,2,66.0,50.0,33.0,132.0,41.0,11,0,0,0,2,36.0,22.0
225,9,7,1,1,0.0,3.0,0.0,0.0,0.0,0,0,0,0,1,100.0,0.0
225,9,8,2,2,51.0,21.0,25.5,242.86,45.0,4,4,0,0,1,19.05,38.1
225,9,10,2,2,53.0,46.0,26.5,115.22,52.0,4,1,1,0,2,28.26,10.87
225,9,11,2,2,56.0,32.0,28.0,175.0,37.0,4,4,0,0,2,25.0,25.0
225,9,12,2,2,58.0,32.0,29.0,181.25,33.0,5,2,0,0,2,6.25,21.88
225,9,13,2,2,66.0,57.0,33.0,115.79,66.0,8,2,1,0,1,43.86,17.54
225,5,4,1,1,8.0,5.0,8.0,160.0,8.0,0,1,0,0,1,40.0,20.0
225,5,5,2,2,46.0,37.0,23.0,124.32,24.0,7,0,0,0,2,37.84,18.92
225,5,6,2,2,10.0,13.0,5.0,76.92,9.0,2,0,0,0,2,69.23,15.38
225,5,10,2,2,17.0,14.0,8.5,121.43,17.0,3,0,0,0,2,50.0,21.43
225,5,11,2,2,30.0,24.0,15.0,125.0,16.0,2,1,0,0,2,25.0,12.5
225,5,12,1,1,7.0,3.0,7.0,233.33,7.0,1,0,0,0,0,0.0,33.33
225,5,14,1,1,15.0,14.0,15.0,107.14,15.0,2,0,0,0,1,28.57,14.29
225,5,15,1,1,0.0,2.0,0.0,0.0,0.0,0,0,0,0,1,100.0,0.0
225,7,4,1,1,6.0,11.0,6.0,54.55,6.0,0,0,0,0,1,54.55,0.0
225,7,5,2,2,34.0,33.0,17.0,103.03,24.0,4,0,0,0,3,39.39,12.12
225,7,6,2,2,108.0,84.0,54.0,128.57,77.0,11,0,1,0,1,25.0,13.1
225,12,16,1,1,2.0,4.0,2.0,50.0,2.0,0,0,0,0,1,50.0,0.0
225,11,5,2,2,41.0,31.0,20.5,132.26,34.0,5,1,0,0,2,35.48,19.35
225,11,6,2,2,2.0,11.0,1.0,18.18,2.0,0,0,0,0,2,72.73,0.0
225,11,8,2,2,81.0,54.0,40.5,150.0,54.0,11,2,1,0,2,29.63,24.07
225,11,11,2,2,50.0,29.0,25.0,172.41,47.0,6,1,0,0,1,20.69,24.14
225,11,12,2,2,5.0,4.0,2.5,125.0,5.0,0,0,0,0,1,50.0,0.0
225,11,13,1,1,0.0,1.0,0.0,0.0,0.0,0,0,0,0,1,100.0,0.0
225,3,10,1,1,0.0,3.0,0.0,0.0,0.0,0,0,0,0,1,100.0,0.0
225,17,5,2,2,63.0,45.0,31.5,140.0,43.0,6,1,0,0,2,28.89,15.56
225,17,6,1,1,16.0,12.0,16.0,133.33,16.0,3,0,0,0,1,41.67,25.0
225,17,7,1,1,21.0,15.0,21.0,140.0,21.0,2,0,0,0,1,26.67,13.33
225,17,12,2,2,22.0,20.0,11.0,110.0,18.0,1,0,0,0,0,20.0,5.0
225,17,16,1,1,0.0,1.0,0.0,0.0,0.0,0,0,0,0,1,100.0,0.0
225,15,6,2,2,10.0,13.0,5.0,76.92,10.0,1,0,0,0,2,61.54,7.69
225,15,8,2,2,1.0,4.0,0.5,25.0,1.0,0,0,0,0,2,75.0,0.0
225,15,10,1,1,24.0,16.0,24.0,150.0,24.0,5,0,0,0,1,50.0,31.25
225,15,11,2,2,25.0,29.0,12.5,86.21,21.0,1,0,0,0,1,31.03,3.45
225,15,12,1,1,2.0,3.0,2.0,66.67,2.0,0,0,0,0,1,33.33,0.0
225,15,13,2,2,23.0,20.0,11.5,115.0,17.0,1,0,0,0,2,40.0,5.0
225,15,15,1,1,0.0,5.0,0.0,0.0,0.0,0,0,0,0,1,100.0,0.0
642,16,2,1,1,2.0,2.0,2.0,100.0,2.0,0,0,0,0,0,50.0,0.0
602,18,17,1,1,0.0,1.0,0.0,0.0,0.0,0,0,0,0,0,100.0,0.0
269,6,6,1,1,12.0,3.0,12.0,400.0,12.0,3,0,0,0,0,0.0,100.0
269,6,8,1,1,19.0,9.0,19.0,211.11,19.0,1,2,0,0,1,33.33,33.33
269,6,14,1,1,3.0,3.0,3.0,100.0,3.0,0,0,0,0,0,33.33,0.0
269,16,2,1,1,6.0,8.0,6.0,75.0,6.0,0,0,0,0,1,50.0,0.0
269,16,3,1,1,11.0,5.0,11.0,220.0,11.0,2,0,0,0,1,20.0,40.0
269,2,2,2,2,32.0,32.0,16.0,100.0,30.0,2,1,0,0,1,46.88,9.38
269,2,6,1,1,26.0,22.0,26.0,118.18,26.0,3,0,0,0,1,31.82,13.64
269,2,8,1,1,74.0,46.0,74.0,160.87,74.0,1,5,1,0,0,26.09,13.04
269,2,9,2,2,18.0,14.0,9.0,128.57,18.0,2,0,0,0,2,35.71,14.29
269,2,10,2,2,37.0,24.0,18.5,154.17,25.0,4,0,0,0,0,4.17,16.67
269,14,9,2,2,25.0,22.0,12.5,113.64,14.0,4,0,0,0,2,50.0,18.18
269,14,10,2,2,56.0,41.0,28.0,136.59,52.0,7,0,1,0,1,26.83,17.07
269,13,6,2,2,16.0,8.0,8.0,200.0,16.0,2,1,0,0,0,37.5,37.5
269,13,7,1,1,0.0,1.0,0.0,0.0,0.0,0,0,0,0,1,100.0,0.0
269,13,8,2,2,58.0,56.0,29.0,103.57,30.0,5,0,0,0,2,26.79,8.93
269,13,9,1,1,5.0,4.0,5.0,125.0,5.0,1,0,0,0,1,50.0,25.0
269,13,10,2,2,16.0,22.0,8.0,72.73,9.0,0,0,0,0,1,45.45,0.0
269,9,6,1,1,11.0,11.0,11.0,100.0,11.0,0,0,0,0,1,27.27,0.0
269,9,8,2,2,48.0,38.0,24.0,126.32,41.0,3,2,0,0,1,28.95,13.16
269,9,9,3,3,48.0,40.0,16.0,120.0,31.0,3,2,0,0,3,35.0,12.5
269,9,10,1,1,13.0,10.0,13.0,130.0,13.0,2,0,0,0,1,40.0,20.0
269,9,14,1,1,2.0,3.0,2.0,66.67,2.0,0,0,0,0,1,33.33,0.0
269,5,8,1,1,11.0,19.0,11.0,57.89,11.0,1,0,0,0,1,52.63,5.26
269,5,9,2,2,21.0,24.0,10.5,87.5,20.0,1,1,0,0,1,37.5,8.33
269,5,10,1,1,44.0,35.0,44.0,125.71,44.0,6,0,0,0,1,34.29,17.14
269,7,6,1,1,27.0,13.0,27.0,207.69,27.0,4,1,0,0,0,30.77,38.46
269,11,6,1,1,22.0,19.0,22.0,115.79,22.0,2,1,0,0,1,36.84,15.79
269,11,7,1,1,9.0,13.0,9.0,69.23,9.0,1,0,0,0,1,38.46,7.69
269,11,8,1,1,20.0,21.0,20.0,95.24,20.0,3,0,0,0,1,52.38,14.29
269,3,9,2,2,11.0,12.0,5.5,91.67,10.0,1,0,0,0,2,33.33,8.33
269,3,10,2,2,59.0,34.0,29.5,173.53,55.0,6,2,1,0,1,17.65,23.53
269,17,8,1,1,57.0,22.0,57.0,259.09,57.0,5,4,1,0,1,9.09,40.91
269,17,9,3,3,54.0,42.0,18.0,128.57,31.0,3,3,0,0,2,33.33,14.29
269,17,10,1,1,52.0,37.0,52.0,140.54,52.0,3,2,1,0,1,24.32,13.51
269,17,14,1,1,12.0,9.0,12.0,133.33,12.0,0,1,0,0,1,33.33,11.11
269,15,6,2,2,51.0,49.0,25.5,104.08,44.0,6,0,0,0,1,38.78,12.24
269,15,14,1,1,14.0,17.0,14.0,82.35,14.0,0,0,0,0,1,35.29,0.0
369,6,6,1,1,2.0,3.0,2.0,66.67,2.0,0,0,0,0,1,66.67,0.0
369,13,6,1,1,14.0,20.0,14.0,70.0,14.0,1,0,0,0,1,45.0,5.0
369,9,6,1,1,8.0,9.0,8.0,88.89,8.0,1,0,0,0,1,44.44,11.11
369,5,6,1,1,49.0,40.0,49.0,122.5,49.0,6,0,0,0,1,22.5,15.0
369,11,6,1,1,20.0,18.0,20.0,111.11,20.0,1,1,0,0,1,33.33,11.11
369,17,6,1,1,17.0,16.0,17.0,106.25,17.0,2,0,0,0,1,31.25,12.5
369,15,6,1,1,15.0,22.0,15.0,68.18,15.0,0,0,0,0,1,45.45,0.0
127,6,3,2,2,23.0,23.0,11.5,100.0,21.0,2,1,0,0,2,52.17,13.04
127,6,4,2,2,11.0,18.0,5.5,61.11,9.0,1,0,0,0,2,66.67,5.56
127,2,3,2,2,26.0,23.0,13.0,113.04,25.0,2,1,0,0,2,39.13,13.04
127,2,4,1,1,7.0,11.0,7.0,63.64,7.0,0,0,0,0,1,36.36,0.0
127,13,3,1,1,20.0,21.0,20.0,95.24,20.0,4,0,0,0,1,57.14,19.05
127,4,4,1,1,37.0,21.0,37.0,176.19,37.0,2,2,0,0,0,14.29,19.05
127,9,3,1,1,29.0,16.0,29.0,181.25,29.0,6,0,0,0,1,37.5,37.5
127,5,3,2,2,18.0,19.0,9.0,94.74,13.0,1,1,0,0,2,47.37,10.53
127,5,4,1,1,12.0,10.0,12.0,120.0,12.0,2,0,0,0,1,40.0,20.0
127,17,3,3,3,50.0,42.0,16.67,119.05,41.0,3,3,0,0,2,45.24,14.29
127,17,5,1,1,4.0,4.0,4.0,100.0,4.0,1,0,0,0,1,75.0,25.0
648,6,16,1,1,17.0,16.0,17.0,106.25,17.0,1,1,0,0,1,50.0,12.5
648,17,16,1,1,0.0,3.0,0.0,0.0,0.0,0,0,0,0,1,100.0,0.0
648,15,16,1,1,9.0,7.0,9.0,128.57,9.0,1,0,0,0,0,14.29,14.29
592,2,6,1,1,14.0,12.0,14.0,116.67,14.0,3,0,0,0,1,50.0,25.0
592,7,6,1,1,0.0,1.0,0.0,0.0,0.0,0,0,0,0,1,100.0,0.0
723,6,7,2,2,40.0,40.0,20.0,100.0,39.0,4,1,0,0,2,45.0,12.5
723,16,3,1,1,8.0,11.0,8.0,72.73,8.0,0,0,0,0,1,36.36,0.0
723,16,4,1,1,46.0,41.0,46.0,112.2,46.0,5,0,0,0,1,31.71,12.2
723,2,3,1,1,15.0,18.0,15.0,83.33,15.0,2,0,0,0,1,61.11,11.11
723,2,4,1,1,5.0,4.0,5.0,125.0,5.0,1,0,0,0,1,50.0,25.0
723,2,5,2,2,58.0,54.0,29.0,107.41,38.0,7,1,0,0,2,50.0,14.81
723,2,6,2,2,91.0,76.0,45.5,119.74,65.0,9,2,1,0,2,32.89,14.47
723,2,7,2,2,66.0,51.0,33.0,129.41,56.0,7,2,1,0,1,29.41,17.65
723,13,1,1,1,116.0,54.0,116.0,214.81,116.0,8,9,1,1,0,22.22,31.48
723,13,5,1,1,7.0,10.0,7.0,70.0,7.0,1,0,0,0,1,50.0,10.0
723,13,6,2,2,121.0,83.0,60.5,145.78,86.0,14,2,1,0,1,27.71,19.28
723,13,7,1,1,6.0,13.0,6.0,46.15,6.0,0,0,0,0,1,53.85,0.0
723,13,8,1,1,1.0,4.0,1.0,25.0,1.0,0,0,0,0,1,75.0,0.0
723,4,4,2,2,40.0,47.0,20.0,85.11,32.0,4,0,0,0,2,42.55,8.51
723,9,4,1,1,15.0,26.0,15.0,57.69,15.0,0,0,0,0,1,38.46,0.0
723,9,5,3,3,128.0,101.0,42.67,126.73,56.0,10,6,2,0,3,38.61,15.84
723,9,6,2,2,135.0,110.0,67.5,122.73,95.0,13,3,1,0,3,35.45,14.55
723,9,7,1,1,3.0,13.0,3.0,23.08,3.0,0,0,0,0,1,84.62,0.0
723,5,1,1,1,5.0,9.0,5.0,55.56,5.0,1,0,0,0,1,77.78,11.11
723,5,3,1,1,14.0,15.0,14.0,93.33,14.0,0,0,0,0,0,13.33,0.0
723,5,4,1,1,41.0,33.0,41.0,124.24,41.0,6,0,0,0,1,30.3,18.18
723,5,5,1,1,49.0,39.0,49.0,125.64,49.0,8,1,0,0,1,46.15,23.08
723,5,6,4,4,129.0,109.0,32.25,118.35,86.0,14,3,1,0,3,36.7,15.6
723,5,8,2,2,20.0,20.0,10.0,100.0,16.0,2,1,0,0,2,50.0,15.0
723,7,4,2,2,70.0,66.0,35.0,106.06,61.0,7,1,1,0,2,37.88,12.12
723,7,6,1,1,5.0,8.0,5.0,62.5,5.0,1,0,0,0,1,75.0,12.5
723,11,4,2,2,125.0,85.0,62.5,147.06,79.0,16,1,1,0,1,24.71,20.0
723,11,5,1,1,19.0,32.0,19.0,59.38,19.0,2,0,0,0,1,59.38,6.25
723,11,6,2,2,128.0,91.0,64.0,140.66,88.0,19,1,1,0,1,27.47,21.98
723,11,7,2,2,78.0,50.0,39.0,156.0,56.0,4,4,1,0,2,26.0,16.0
723,17,1,1,1,47.0,37.0,47.0,127.03,47.0,3,2,0,0,2,27.03,13.51
723,17,4,4,4,150.0,112.0,37.5,133.93,83.0,14,4,2,0,3,25.89,16.07
723,17,6,2,2,12.0,21.0,6.0,57.14,6.0,1,0,0,0,2,66.67,4.76
723,17,7,1,1,16.0,15.0,16.0,106.67,16.0,2,0,0,0,1,46.67,13.33
723,17,8,1,1,56.0,46.0,56.0,121.74,56.0,3,2,1,0,1,28.26,10.87
723,15,6,2,2,112.0,68.0,56.0,164.71,67.0,10,6,1,0,2,27.94,23.53
590,16,1,1,1,19.0,11.0,19.0,172.73,19.0,0,2,0,0,1,36.36,18.18
590,13,1,2,2,18.0,13.0,9.0,138.46,18.0,2,0,0,0,2,23.08,15.38
590,13,2,1,1,3.0,8.0,3.0,37.5,3.0,0,0,0,0,1,75.0,0.0
590,13,3,2,2,1.0,2.0,0.5,50.0,1.0,0,0,0,0,1,50.0,0.0
590,9,1,1,1,10.0,12.0,10.0,83.33,10.0,0,0,0,0,1,25.0,0.0
590,9,3,1,1,2.0,3.0,2.0,66.67,2.0,0,0,0,0,1,33.33,0.0
590,5,1,1,1,20.0,13.0,20.0,153.85,20.0,4,0,0,0,0,38.46,30.77
590,5,3,1,1,28.0,18.0,28.0,155.56,28.0,2,2,0,0,1,33.33,22.22
590,11,1,2,2,45.0,22.0,22.5,204.55,39.0,3,4,0,0,2,36.36,31.82
590,17,1,1,1,13.0,8.0,13.0,162.5,13.0,1,1,0,0,0,25.0,25.0
590,17,2,1,1,18.0,13.0,18.0,138.46,18.0,0,0,0,0,0,7.69,0.0
215,1,16,1,1,26.0,16.0,26.0,162.5,26.0,5,0,0,0,1,25.0,31.25
215,9,16,1,1,19.0,18.0,19.0,105.56,19.0,1,1,0,0,1,33.33,11.11
215,11,16,1,1,9.0,9.0,9.0,100.0,9.0,0,0,0,0,0,11.11,0.0
215,15,16,1,1,4.0,4.0,4.0,100.0,4.0,0,0,0,0,0,25.0,0.0
144,6,6,2,2,7.0,9.0,3.5,77.78,6.0,0,0,0,0,2,33.33,0.0
144,6,7,2,2,12.0,7.0,6.0,171.43,11.0,2,0,0,0,0,14.29,28.57
144,6,8,1,1,1.0,2.0,1.0,50.0,1.0,0,0,0,0,1,50.0,0.0
144,2,9,1,1,4.0,12.0,4.0,33.33,4.0,0,0,0,0,1,66.67,0.0
144,2,10,1,1,7.0,3.0,7.0,233.33,7.0,1,0,0,0,0,33.33,33.33
144,2,11,1,1,12.0,6.0,12.0,200.0,12.0,2,0,0,0,0,0.0,33.33
144,9,6,1,1,10.0,6.0,10.0,166.67,10.0,0,1,0,0,0,33.33,16.67
144,9,7,3,3,24.0,24.0,8.0,100.0,14.0,1,2,0,0,2,58.33,12.5
144,9,8,1,1,1.0,2.0,1.0,50.0,1.0,0,0,0,0,1,50.0,0.0
144,5,7,1,1,0.0,1.0,0.0,0.0,0.0,0,0,0,0,0,100.0,0.0
144,5,8,2,2,11.0,11.0,5.5,100.0,8.0,0,1,0,0,1,36.36,9.09
144,5,9,1,1,1.0,2.0,1.0,50.0,1.0,0,0,0,0,1,50.0,0.0
144,11,6,2,2,13.0,16.0,6.5,81.25,11.0,2,0,0,0,2,56.25,12.5
144,11,8,2,2,13.0,11.0,6.5,118.18,13.0,1,0,0,0,1,36.36,9.09
144,3,10,1,1,13.0,14.0,13.0,92.86,13.0,0,1,0,0,0,35.71,7.14
144,17,6,1,1,9.0,5.0,9.0,180.0,9.0,0,1,0,0,0,20.0,20.0
144,17,7,1,1,16.0,12.0,16.0,133.33,16.0,1,1,0,0,0,33.33,16.67
144,17,8,1,1,1.0,4.0,1.0,25.0,1.0,0,0,0,0,1,75.0,0.0
144,15,7,1,1,4.0,6.0,4.0,66.67,4.0,0,0,0,0,1,50.0,0.0
144,15,8,1,1,4.0,6.0,4.0,66.67,4.0,0,0,0,0,0,16.67,0.0
144,15,11,1,1,4.0,5.0,4.0,80.0,4.0,0,0,0,0,0,40.0,0.0
594,6,1,1,1,4.0,6.0,4.0,66.67,4.0,0,0,0,0,1,50.0,0.0
594,16,1,2,2,37.0,33.0,18.5,112.12,34.0,4,1,0,0,2,39.39,15.15
594,2,1,1,1,47.0,25.0,47.0,188.0,47.0,2,4,0,0,2,24.0,24.0
594,13,1,2,2,29.0,15.0,14.5,193.33,21.0,4,1,0,0,2,26.67,33.33
594,5,1,1,1,0.0,1.0,0.0,0.0,0.0,0,0,0,0,1,100.0,0.0
594,11,1,1,1,0.0,1.0,0.0,0.0,0.0,0,0,0,0,1,100.0,0.0
37,16,5,1,1,41.0,31.0,41.0,132.26,41.0,7,0,0,0,1,35.48,22.58
37,9,5,2,2,14.0,20.0,7.0,70.0,13.0,0,0,0,0,2,40.0,0.0
37,5,5,1,1,14.0,15.0,14.0,93.33,14.0,2,0,0,0,1,46.67,13.33
37,11,5,1,1,16.0,18.0,16.0,88.89,16.0,1,0,0,0,1,44.44,5.56
37,17,5,1,1,13.0,10.0,13.0,130.0,13.0,2,0,0,0,1,40.0,20.0
547,10,12,1,1,36.0,19.0,36.0,189.47,36.0,1,4,0,0,1,36.84,26.32
547,2,9,1,1,48.0,42.0,48.0,114.29,48.0,2,3,0,0,1,42.86,11.9
547,2,10,1,1,50.0,27.0,50.0,185.19,50.0,6,3,1,0,0,37.04,33.33
547,14,9,1,1,7.0,9.0,7.0,77.78,7.0,1,0,0,0,1,55.56,11.11
547,14,10,1,1,2.0,5.0,2.0,40.0,2.0,0,0,0,0,1,80.0,0.0
547,9,10,1,1,12.0,16.0,12.0,75.0,12.0,1,0,0,0,1,56.25,6.25
547,5,10,1,1,36.0,18.0,36.0,200.0,36.0,5,1,0,0,1,16.67,33.33
547,5,12,1,2,16.0,12.0,16.0,133.33,16.0,1,1,0,0,1,33.33,16.67
547,3,10,1,1,0.0,1.0,0.0,0.0,0.0,0,0,0,0,1,100.0,0.0
547,17,10,1,1,9.0,10.0,9.0,90.0,9.0,1,0,0,0,1,50.0,10.0
547,17,12,1,1,30.0,23.0,30.0,130.43,30.0,2,2,0,0,1,56.52,17.39
547,15,9,1,1,2.0,4.0,2.0,50.0,2.0,0,0,0,0,1,75.0,0.0
547,15,10,1,1,23.0,11.0,23.0,209.09,23.0,4,1,0,0,1,45.45,45.45
751,6,3,2,2,67.0,42.0,33.5,159.52,37.0,9,3,0,0,2,45.24,28.57
751,16,3,2,2,60.0,42.0,30.0,142.86,45.0,9,1,0,0,1,35.71,23.81
751,2,3,1,1,0.0,2.0,0.0,0.0,0.0,0,0,0,0,1,100.0,0.0
751,13,3,2,2,124.0,73.0,62.0,169.86,83.0,23,2,1,0,2,38.36,34.25
751,9,3,1,1,0.0,1.0,0.0,0.0,0.0,0,0,0,0,1,100.0,0.0
751,5,3,1,1,8.0,6.0,8.0,133.33,8.0,2,0,0,0,1,50.0,33.33
751,5,4,1,1,0.0,2.0,0.0,0.0,0.0,0,0,0,0,1,100.0,0.0
751,17,3,2,2,19.0,26.0,9.5,73.08,10.0,2,0,0,0,1,50.0,7.69
514,6,12,1,1,0.0,2.0,0.0,0.0,0.0,0,0,0,0,0,100.0,0.0
514,10,12,1,1,10.0,8.0,10.0,125.0,10.0,2,0,0,0,1,50.0,25.0
514,2,8,1,1,0.0,1.0,0.0,0.0,0.0,0,0,0,0,1,100.0,0.0
514,2,10,1,1,1.0,1.0,1.0,100.0,1.0,0,0,0,0,0,0.0,0.0
514,14,10,1,1,1.0,1.0,1.0,100.0,1.0,0,0,0,0,1,0.0,0.0
514,13,9,1,1,4.0,4.0,4.0,100.0,4.0,1,0,0,0,1,75.0,25.0
514,13,11,1,1,11.0,7.0,11.0,157.14,11.0,1,1,0,0,0,42.86,28.57
514,13,12,1,1,0.0,2.0,0.0,0.0,0.0,0,0,0,0,0,50.0,0.0
514,9,9,1,1,20.0,8.0,20.0,250.0,20.0,0,3,0,0,1,37.5,37.5
514,11,11,1,1,0.0,1.0,0.0,0.0,0.0,0,0,0,0,1,100.0,0.0
514,3,9,1,1,2.0,2.0,2.0,100.0,2.0,0,0,0,0,0,0.0,0.0
514,3,10,1,1,12.0,11.0,12.0,109.09,12.0,0,1,0,0,1,36.36,9.09
514,17,8,1,1,12.0,4.0,12.0,300.0,12.0,0,2,0,0,0,50.0,50.0
514,17,10,1,1,0.0,1.0,0.0,0.0,0.0,0,0,0,0,1,100.0,0.0
514,17,11,1,1,0.0,0.0,0.0,,0.0,0,0,0,0,0,0.0,
514,17,12,1,1,1.0,4.0,1.0,25.0,1.0,0,0,0,0,1,75.0,0.0
514,15,8,1,1,1.0,1.0,1.0,100.0,1.0,0,0,0,0,0,0.0,0.0
514,15,9,1,1,8.0,9.0,8.0,88.89,8.0,1,0,0,0,1,44.44,11.11
514,15,10,1,1,2.0,1.0,2.0,200.0,2.0,0,0,0,0,0,0.0,0.0
514,15,11,1,1,0.0,2.0,0.0,0.0,0.0,0,0,0,0,1,100.0,0.0
244,11,18,1,1,0.0,2.0,0.0,0.0,0.0,0,0,0,0,1,100.0,0.0
213,6,18,1,1,11.0,13.0,11.0,84.62,11.0,1,0,0,0,1,38.46,7.69
213,1,15,1,1,1.0,1.0,1.0,100.0,1.0,0,0,0,0,0,0.0,0.0
213,1,16,1,1,1.0,3.0,1.0,33.33,1.0,0,0,0,0,0,33.33,0.0
213,1,17,1,1,0.0,2.0,0.0,0.0,0.0,0,0,0,0,1,100.0,0.0
213,1,18,2,2,18.0,11.0,9.0,163.64,18.0,1,2,0,0,0,45.45,27.27
213,18,16,1,1,1.0,1.0,1.0,100.0,1.0,0,0,0,0,0,0.0,0.0
213,18,18,1,1,2.0,2.0,2.0,100.0,2.0,0,0,0,0,0,50.0,0.0
213,5,12,1,1,22.0,20.0,22.0,110.0,22.0,0,2,0,0,1,40.0,10.0
213,5,15,1,1,11.0,9.0,11.0,122.22,11.0,2,0,0,0,1,55.56,22.22
213,12,15,1,1,9.0,15.0,9.0,60.0,9.0,1,0,0,0,1,60.0,6.67
213,12,17,1,1,11.0,11.0,11.0,100.0,11.0,1,0,0,0,1,27.27,9.09
213,12,18,2,2,1.0,2.0,0.5,50.0,1.0,0,0,0,0,0,0.0,0.0
213,11,12,1,1,10.0,3.0,10.0,333.33,10.0,0,1,0,0,0,0.0,33.33
213,11,15,1,1,1.0,2.0,1.0,50.0,1.0,0,0,0,0,0,50.0,0.0
213,8,17,1,1,3.0,4.0,3.0,75.0,3.0,0,0,0,0,1,25.0,0.0
213,8,18,1,1,8.0,4.0,8.0,200.0,8.0,0,1,0,0,1,25.0,25.0
213,15,18,1,1,0.0,1.0,0.0,0.0,0.0,0,0,0,0,0,100.0,0.0
509,8,17,1,1,1.0,2.0,1.0,50.0,1.0,0,0,0,0,1,50.0,0.0
749,6,15,1,1,42.0,27.0,42.0,155.56,42.0,3,2,0,0,1,22.22,18.52
749,6,16,1,1,0.0,5.0,0.0,0.0,0.0,0,0,0,0,1,80.0,0.0
749,6,17,1,1,0.0,1.0,0.0,0.0,0.0,0,0,0,0,0,100.0,0.0
749,10,12,1,1,8.0,3.0,8.0,266.67,8.0,2,0,0,0,1,33.33,66.67
749,10,13,1,1,1.0,2.0,1.0,50.0,1.0,0,0,0,0,1,50.0,0.0
749,10,14,1,1,19.0,24.0,19.0,79.17,19.0,0,1,0,0,1,45.83,4.17
749,10,16,2,2,80.0,47.0,40.0,170.21,54.0,6,5,1,0,1,21.28,23.4
749,10,17,1,1,13.0,8.0,13.0,162.5,13.0,0,1,0,0,1,12.5,12.5
749,1,15,1,1,16.0,8.0,16.0,200.0,16.0,2,1,0,0,1,25.0,37.5
749,1,16,1,1,1.0,3.0,1.0,33.33,1.0,0,0,0,0,1,66.67,0.0
749,13,11,1,1,9.0,9.0,9.0,100.0,9.0,1,0,0,0,0,44.44,11.11
749,9,16,1,1,34.0,18.0,34.0,188.89,34.0,1,3,0,0,1,22.22,22.22
749,9,17,1,1,4.0,3.0,4.0,133.33,4.0,1,0,0,0,1,66.67,33.33
749,18,15,1,1,14.0,9.0,14.0,155.56,14.0,2,0,0,0,1,22.22,22.22
749,18,16,1,1,3.0,4.0,3.0,75.0,3.0,0,0,0,0,1,25.0,0.0
749,18,17,1,1,33.0,13.0,33.0,253.85,33.0,3,3,0,0,2,15.38,46.15
749,5,13,1,1,11.0,13.0,11.0,84.62,11.0,1,0,0,0,1,38.46,7.69
749,5,16,1,1,1.0,3.0,1.0,33.33,1.0,0,0,0,0,1,66.67,0.0
749,5,17,1,1,0.0,1.0,0.0,0.0,0.0,0,0,0,0,1,100.0,0.0
749,12,14,1,1,43.0,17.0,43.0,252.94,43.0,2,4,0,0,1,11.76,35.29
749,12,15,1,1,6.0,3.0,6.0,200.0,6.0,0,1,0,0,1,66.67,33.33
749,12,16,1,1,7.0,9.0,7.0,77.78,7.0,1,0,0,0,0,33.33,11.11
749,12,17,2,2,17.0,10.0,8.5,170.0,17.0,2,1,0,0,1,20.0,30.0
749,11,15,1,1,8.0,10.0,8.0,80.0,8.0,0,0,0,0,1,20.0,0.0
749,11,16,2,2,9.0,8.0,4.5,112.5,8.0,1,0,0,0,2,25.0,12.5
749,11,17,1,1,32.0,17.0,32.0,188.24,32.0,2,2,0,0,1,23.53,23.53
749,17,13,1,1,47.0,39.0,47.0,120.51,47.0,1,3,0,0,1,28.21,10.26
749,17,14,1,1,3.0,4.0,3.0,75.0,3.0,0,0,0,0,1,25.0,0.0
749,15,11,1,1,11.0,12.0,11.0,91.67,11.0,0,0,0,0,1,33.33,0.0
749,15,14,1,1,29.0,28.0,29.0,103.57,29.0,1,1,0,0,0,28.57,7.14
749,15,17,2,2,26.0,15.0,13.0,173.33,19.0,1,2,0,0,2,20.0,20.0
554,6,2,1,1,48.0,35.0,48.0,137.14,48.0,7,0,0,0,1,31.43,20.0
554,6,3,2,2,25.0,35.0,12.5,71.43,20.0,3,0,0,0,2,54.29,8.57
554,6,4,2,2,22.0,22.0,11.0,100.0,12.0,3,0,0,0,2,50.0,13.64
554,6,5,1,1,13.0,6.0,13.0,216.67,13.0,0,1,0,0,1,50.0,16.67
554,6,6,1,1,9.0,8.0,9.0,112.5,9.0,1,0,0,0,1,37.5,12.5
554,6,7,2,2,19.0,30.0,9.5,63.33,18.0,0,0,0,0,1,33.33,0.0
554,6,8,2,2,18.0,30.0,9.0,60.0,15.0,2,0,0,0,2,60.0,6.67
554,6,11,3,3,13.0,24.0,4.33,54.17,8.0,0,0,0,0,3,50.0,0.0
554,6,12,1,1,83.0,49.0,83.0,169.39,83.0,7,3,1,0,0,18.37,20.41
554,6,13,2,2,33.0,24.0,16.5,137.5,29.0,6,0,0,0,2,41.67,25.0
554,6,14,1,1,61.0,46.0,61.0,132.61,61.0,5,1,1,0,1,26.09,13.04
554,6,15,1,1,5.0,6.0,5.0,83.33,5.0,0,0,0,0,1,50.0,0.0
554,6,16,1,1,27.0,29.0,27.0,93.1,27.0,1,2,0,0,2,51.72,10.34
554,6,18,1,1,36.0,28.0,36.0,128.57,36.0,1,1,0,0,0,14.29,7.14
554,16,2,2,2,118.0,81.0,59.0,145.68,114.0,10,4,1,1,1,33.33,17.28
554,16,3,2,2,1.0,7.0,0.5,14.29,1.0,0,0,0,0,2,85.71,0.0
554,16,4,2,2,72.0,62.0,36.0,116.13,49.0,9,3,0,0,2,54.84,19.35
554,16,5,2,2,21.0,21.0,10.5,100.0,21.0,2,1,0,0,2,52.38,14.29
554,10,12,2,2,40.0,49.0,20.0,81.63,30.0,3,0,0,0,2,40.82,6.12
554,10,13,3,3,68.0,50.0,22.67,136.0,44.0,7,1,0,0,2,32.0,16.0
554,10,14,1,1,17.0,16.0,17.0,106.25,17.0,1,0,0,0,1,25.0,6.25
554,2,3,1,1,39.0,29.0,39.0,134.48,39.0,4,1,0,0,1,27.59,17.24
554,2,5,1,1,80.0,56.0,80.0,142.86,80.0,7,3,1,0,0,26.79,17.86
554,2,6,1,1,10.0,14.0,10.0,71.43,10.0,0,1,0,0,1,57.14,7.14
554,2,7,2,2,71.0,56.0,35.5,126.79,48.0,7,0,0,0,1,26.79,12.5
554,2,8,2,2,22.0,22.0,11.0,100.0,22.0,1,1,0,0,2,45.45,9.09
554,2,9,1,1,15.0,12.0,15.0,125.0,15.0,3,0,0,0,0,50.0,25.0
554,2,10,2,2,74.0,53.0,37.0,139.62,69.0,5,3,1,0,1,26.42,15.09
554,2,11,1,1,21.0,17.0,21.0,123.53,21.0,2,0,0,0,1,23.53,11.76
554,14,9,2,2,1.0,5.0,0.5,20.0,1.0,0,0,0,0,2,80.0,0.0
554,14,10,1,1,24.0,21.0,24.0,114.29,24.0,2,0,0,0,1,28.57,9.52
554,1,15,1,1,6.0,5.0,6.0,120.0,6.0,1,0,0,0,1,40.0,20.0
554,1,16,1,1,1.0,4.0,1.0,25.0,1.0,0,0,0,0,1,75.0,0.0
554,13,3,2,2,67.0,51.0,33.5,131.37,38.0,5,3,0,0,1,37.25,15.69
554,13,4,1,1,28.0,30.0,28.0,93.33,28.0,3,0,0,0,1,40.0,10.0
554,13,5,2,2,12.0,7.0,6.0,171.43,12.0,1,1,0,0,1,42.86,28.57
554,13,6,1,1,0.0,4.0,0.0,0.0,0.0,0,0,0,0,1,100.0,0.0
554,13,7,4,4,159.0,115.0,39.75,138.26,94.0,14,6,1,0,3,33.91,17.39
554,13,8,2,2,34.0,21.0,17.0,161.9,22.0,6,0,0,0,2,33.33,28.57
554,13,9,1,1,12.0,11.0,12.0,109.09,12.0,1,0,0,0,1,18.18,9.09
554,13,10,2,2,43.0,39.0,21.5,110.26,25.0,3,1,0,0,1,28.21,10.26
554,13,11,2,2,111.0,93.0,55.5,119.35,57.0,6,2,2,0,1,26.88,8.6
554,13,12,2,2,55.0,40.0,27.5,137.5,36.0,5,1,0,0,2,20.0,15.0
554,13,13,2,2,16.0,31.0,8.0,51.61,15.0,0,0,0,0,2,48.39,0.0
554,9,1,1,1,0.0,3.0,0.0,0.0,0.0,0,0,0,0,1,100.0,0.0
554,9,2,1,1,2.0,2.0,2.0,100.0,2.0,0,0,0,0,0,0.0,0.0
554,9,3,1,1,0.0,7.0,0.0,0.0,0.0,0,0,0,0,1,100.0,0.0
554,9,4,1,1,16.0,12.0,16.0,133.33,16.0,3,0,0,0,1,50.0,25.0
554,9,5,1,1,17.0,15.0,17.0,113.33,17.0,2,0,0,0,1,26.67,13.33
554,9,6,1,1,66.0,47.0,66.0,140.43,66.0,8,1,1,0,1,25.53,19.15
554,9,11,2,2,29.0,33.0,14.5,87.88,25.0,2,1,0,0,2,42.42,9.09
554,9,12,1,1,8.0,5.0,8.0,160.0,8.0,1,0,0,0,0,0.0,20.0
554,9,13,2,2,57.0,45.0,28.5,126.67,51.0,3,2,1,0,2,24.44,11.11
554,9,14,1,1,61.0,44.0,61.0,138.64,61.0,2,3,1,0,0,27.27,11.36
554,9,16,1,1,21.0,23.0,21.0,91.3,21.0,2,0,0,0,1,34.78,8.7
554,5,3,3,3,61.0,54.0,20.33,112.96,40.0,5,2,0,0,3,38.89,12.96
554,5,4,1,1,59.0,47.0,59.0,125.53,59.0,4,3,1,0,1,34.04,14.89
554,5,5,1,1,0.0,5.0,0.0,0.0,0.0,0,0,0,0,1,100.0,0.0
554,5,6,1,1,29.0,29.0,29.0,100.0,29.0,1,1,0,0,1,31.03,6.9
554,5,7,2,2,78.0,74.0,39.0,105.41,64.0,6,2,1,0,2,39.19,10.81
554,5,8,2,2,41.0,25.0,20.5,164.0,40.0,2,3,0,0,1,24.0,20.0
554,5,9,1,1,52.0,29.0,52.0,179.31,52.0,3,3,1,0,1,17.24,20.69
554,5,10,2,2,114.0,80.0,57.0,142.5,81.0,7,5,1,0,1,22.5,15.0
554,5,11,2,2,27.0,19.0,13.5,142.11,16.0,4,0,0,0,2,36.84,21.05
554,5,12,2,3,88.0,69.0,44.0,127.54,72.0,8,2,1,0,2,30.43,14.49
554,5,13,1,1,30.0,19.0,30.0,157.89,30.0,4,1,0,0,1,31.58,26.32
554,5,14,2,2,71.0,48.0,35.5,147.92,69.0,7,2,1,0,1,20.83,18.75
554,5,15,2,2,60.0,51.0,30.0,117.65,38.0,6,1,0,0,2,35.29,13.73
554,5,16,1,1,26.0,18.0,26.0,144.44,26.0,5,0,0,0,1,38.89,27.78
554,5,17,1,1,42.0,31.0,42.0,135.48,42.0,2,2,0,0,1,22.58,12.9
554,5,18,1,1,19.0,14.0,19.0,135.71,19.0,2,1,0,0,1,42.86,21.43
554,12,14,1,1,13.0,23.0,13.0,56.52,13.0,1,0,0,0,1,60.87,4.35
554,12,16,1,1,0.0,3.0,0.0,0.0,0.0,0,0,0,0,1,66.67,0.0
554,11,1,1,1,3.0,6.0,3.0,50.0,3.0,0,0,0,0,1,50.0,0.0
554,11,3,2,2,56.0,43.0,28.0,130.23,42.0,10,1,0,0,1,55.81,25.58
554,11,4,1,1,30.0,31.0,30.0,96.77,30.0,4,0,0,0,2,38.71,12.9
554,11,7,2,3,27.0,14.0,13.5,192.86,27.0,1,2,0,0,2,14.29,21.43
554,11,8,1,1,21.0,21.0,21.0,100.0,21.0,3,0,0,0,1,38.1,14.29
554,11,11,1,1,16.0,15.0,16.0,106.67,16.0,1,0,0,0,1,33.33,6.67
554,11,12,2,2,62.0,40.0,31.0,155.0,61.0,9,0,1,0,2,20.0,22.5
554,11,13,2,2,137.0,91.0,68.5,150.55,83.0,6,11,2,0,1,34.07,18.68
554,11,14,1,1,31.0,20.0,31.0,155.0,31.0,3,2,0,0,1,40.0,25.0
554,11,16,1,1,0.0,1.0,0.0,0.0,0.0,0,0,0,0,1,100.0,0.0
554,3,9,1,1,15.0,10.0,15.0,150.0,15.0,1,0,0,0,0,20.0,10.0
554,3,10,1,1,37.0,32.0,37.0,115.62,37.0,4,1,0,0,1,37.5,15.62
554,17,4,1,1,19.0,23.0,19.0,82.61,19.0,2,0,0,0,1,43.48,8.7
554,17,5,1,1,0.0,2.0,0.0,0.0,0.0,0,0,0,0,1,100.0,0.0
554,17,7,2,2,18.0,15.0,9.0,120.0,13.0,4,0,0,0,2,60.0,26.67
554,17,8,1,1,23.0,15.0,23.0,153.33,23.0,4,0,0,0,1,33.33,26.67
554,17,9,2,2,58.0,47.0,29.0,123.4,50.0,5,2,1,0,2,29.79,14.89
554,17,10,2,2,19.0,19.0,9.5,100.0,15.0,1,0,0,0,1,26.32,5.26
554,17,11,2,2,67.0,45.0,33.5,148.89,62.0,7,2,1,0,1,28.89,20.0
554,17,12,1,1,9.0,12.0,9.0,75.0,9.0,1,0,0,0,1,50.0,8.33
554,17,13,3,3,84.0,73.0,28.0,115.07,34.0,9,3,0,0,3,46.58,16.44
554,17,14,1,1,38.0,39.0,38.0,97.44,38.0,2,2,0,0,1,48.72,10.26
554,17,15,1,1,6.0,8.0,6.0,75.0,6.0,1,0,0,0,1,62.5,12.5
554,17,16,1,1,50.0,38.0,50.0,131.58,50.0,5,1,1,0,1,34.21,15.79
554,15,6,2,2,22.0,35.0,11.0,62.86,15.0,1,0,0,0,1,54.29,2.86
554,15,7,2,2,37.0,39.0,18.5,94.87,35.0,3,1,0,0,2,43.59,10.26
554,15,8,2,2,66.0,50.0,33.0,132.0,33.0,4,3,0,0,1,28.0,14.0
554,15,9,3,3,95.0,69.0,31.67,137.68,48.0,4,4,0,0,2,14.49,11.59
554,15,10,2,2,85.0,64.0,42.5,132.81,46.0,6,2,0,0,2,25.0,12.5
554,15,15,1,1,11.0,10.0,11.0,110.0,11.0,1,1,0,0,1,70.0,20.0
554,15,16,2,2,35.0,30.0,17.5,116.67,34.0,2,0,0,0,2,16.67,6.67
554,15,18,1,1,37.0,23.0,37.0,160.87,37.0,2,3,0,0,1,34.78,21.74
155,6,1,1,1,5.0,2.0,5.0,250.0,5.0,1,0,0,0,0,0.0,50.0
155,6,2,1,1,9.0,13.0,9.0,69.23,9.0,1,0,0,0,1,53.85,7.69
155,6,3,2,2,35.0,34.0,17.5,102.94,27.0,4,0,0,0,2,41.18,11.76
155,6,4,2,2,42.0,27.0,21.0,155.56,27.0,3,2,0,0,1,18.52,18.52
155,6,5,3,3,34.0,30.0,11.33,113.33,13.0,4,0,0,0,2,30.0,13.33
155,6,6,1,1,13.0,18.0,13.0,72.22,13.0,0,0,0,0,1,33.33,0.0
155,6,7,1,1,0.0,2.0,0.0,0.0,0.0,0,0,0,0,1,100.0,0.0
155,6,11,1,1,35.0,30.0,35.0,116.67,35.0,3,1,0,0,1,36.67,13.33
155,16,1,1,1,4.0,1.0,4.0,400.0,4.0,1,0,0,0,0,0.0,100.0
155,16,3,2,2,5.0,8.0,2.5,62.5,5.0,0,0,0,0,2,50.0,0.0
155,16,4,2,2,63.0,49.0,31.5,128.57,33.0,5,3,0,0,1,32.65,16.33
155,16,5,1,1,30.0,28.0,30.0,107.14,30.0,2,0,0,0,0,25.0,7.14
155,2,3,2,2,26.0,21.0,13.0,123.81,26.0,1,1,0,0,2,28.57,9.52
155,2,4,1,1,61.0,47.0,61.0,129.79,61.0,2,3,1,0,1,27.66,10.64
155,2,5,2,2,8.0,7.0,4.0,114.29,8.0,0,0,0,0,2,42.86,0.0
155,2,6,1,1,23.0,23.0,23.0,100.0,23.0,2,0,0,0,1,34.78,8.7
155,2,10,1,1,60.0,45.0,60.0,133.33,60.0,5,3,1,0,1,28.89,17.78
155,14,10,2,2,31.0,29.0,15.5,106.9,31.0,2,1,0,0,2,37.93,10.34
155,13,1,1,1,39.0,34.0,39.0,114.71,39.0,6,0,0,0,1,38.24,17.65
155,13,3,2,2,110.0,79.0,55.0,139.24,75.0,10,2,1,0,1,16.46,15.19
155,13,4,1,1,34.0,41.0,34.0,82.93,34.0,3,1,0,0,0,51.22,9.76
155,13,5,1,1,20.0,27.0,20.0,74.07,20.0,1,0,0,0,1,40.74,3.7
155,13,6,1,1,1.0,7.0,1.0,14.29,1.0,0,0,0,0,1,85.71,0.0
155,13,7,2,2,18.0,19.0,9.0,94.74,10.0,1,0,0,0,1,31.58,5.26
155,13,10,1,1,40.0,23.0,40.0,173.91,40.0,3,2,0,0,0,8.7,21.74
155,4,4,2,2,47.0,58.0,23.5,81.03,46.0,2,2,0,0,3,51.72,6.9
155,9,1,1,1,9.0,7.0,9.0,128.57,9.0,2,0,0,0,1,42.86,28.57
155,9,7,1,1,8.0,6.0,8.0,133.33,8.0,1,0,0,0,1,33.33,16.67
155,9,8,2,2,57.0,56.0,28.5,101.79,32.0,8,1,0,0,2,46.43,16.07
155,9,10,2,2,9.0,11.0,4.5,81.82,8.0,1,0,0,0,2,45.45,9.09
155,5,1,1,1,36.0,29.0,36.0,124.14,36.0,5,0,0,0,0,31.03,17.24
155,5,4,2,2,39.0,29.0,19.5,134.48,35.0,5,1,0,0,2,37.93,20.69
155,5,5,2,2,68.0,68.0,34.0,100.0,41.0,6,2,0,0,2,41.18,11.76
155,5,6,1,1,33.0,24.0,33.0,137.5,33.0,2,1,0,0,1,25.0,12.5
155,5,7,1,1,41.0,31.0,41.0,132.26,41.0,5,1,0,0,1,32.26,19.35
155,5,10,3,3,87.0,69.0,29.0,126.09,58.0,9,2,1,0,2,31.88,15.94
155,5,11,1,1,4.0,1.0,4.0,400.0,4.0,1,0,0,0,0,0.0,100.0
155,7,4,1,1,24.0,24.0,24.0,100.0,24.0,1,1,0,0,1,66.67,8.33
155,7,5,2,2,14.0,13.0,7.0,107.69,8.0,0,0,0,0,0,15.38,0.0
155,7,6,2,2,15.0,12.0,7.5,125.0,15.0,2,0,0,0,1,16.67,16.67
155,11,1,1,1,0.0,3.0,0.0,0.0,0.0,0,0,0,0,1,100.0,0.0
155,11,3,1,1,11.0,13.0,11.0,84.62,11.0,2,0,0,0,1,61.54,15.38
155,11,4,1,1,30.0,26.0,30.0,115.38,30.0,4,1,0,0,0,50.0,19.23
155,11,5,2,2,83.0,67.0,41.5,123.88,59.0,8,1,1,0,2,31.34,13.43
155,11,6,1,1,14.0,13.0,14.0,107.69,14.0,1,0,0,0,1,38.46,7.69
155,11,7,1,1,61.0,44.0,61.0,138.64,61.0,5,2,1,0,1,25.0,15.91
155,11,11,1,1,7.0,8.0,7.0,87.5,7.0,0,0,0,0,1,25.0,0.0
155,17,1,1,1,11.0,9.0,11.0,122.22,11.0,1,0,0,0,0,11.11,11.11
155,17,3,2,2,50.0,31.0,25.0,161.29,50.0,6,2,1,0,2,35.48,25.81
155,17,4,1,1,19.0,24.0,19.0,79.17,19.0,1,0,0,0,0,37.5,4.17
155,17,5,2,2,3.0,6.0,1.5,50.0,2.0,0,0,0,0,1,50.0,0.0
155,17,6,2,2,47.0,43.0,23.5,109.3,24.0,5,0,0,0,2,41.86,11.63
155,17,7,1,1,1.0,3.0,1.0,33.33,1.0,0,0,0,0,1,66.67,0.0
155,17,10,2,2,71.0,46.0,35.5,154.35,44.0,7,3,0,0,1,30.43,21.74
155,15,7,1,1,23.0,13.0,23.0,176.92,23.0,2,1,0,0,0,15.38,23.08
155,15,10,2,2,26.0,13.0,13.0,200.0,17.0,4,0,0,0,1,0.0,30.77
155,15,11,1,1,1.0,5.0,1.0,20.0,1.0,0,0,0,0,1,80.0,0.0
627,16,2,2,2,92.0,61.0,46.0,150.82,49.0,13,3,0,0,2,37.7,26.23
627,16,3,3,3,44.0,38.0,14.67,115.79,19.0,5,2,0,0,3,55.26,18.42
627,2,2,2,2,87.0,46.0,43.5,189.13,57.0,9,4,1,0,2,26.09,28.26
627,2,3,2,2,94.0,48.0,47.0,195.83,93.0,9,7,1,0,2,33.33,33.33
627,13,1,1,1,25.0,17.0,25.0,147.06,25.0,4,1,0,0,1,47.06,29.41
627,13,2,1,1,89.0,58.0,89.0,153.45,89.0,8,6,1,0,1,43.1,24.14
627,13,3,2,3,38.0,33.0,19.0,115.15,33.0,5,2,0,0,3,54.55,21.21
627,9,1,1,1,70.0,49.0,70.0,142.86,70.0,6,3,1,0,0,24.49,18.37
627,9,3,2,2,1.0,10.0,0.5,10.0,1.0,0,0,0,0,2,90.0,0.0
627,5,1,1,1,81.0,46.0,81.0,176.09,81.0,12,2,1,0,0,19.57,30.43
627,5,2,2,2,104.0,92.0,52.0,113.04,60.0,10,2,1,0,1,34.78,13.04
627,5,3,3,3,72.0,74.0,24.0,97.3,35.0,7,2,0,0,3,47.3,12.16
627,11,2,2,2,49.0,46.0,24.5,106.52,48.0,4,1,0,0,2,39.13,10.87
627,11,3,2,2,53.0,35.0,26.5,151.43,34.0,6,2,0,0,2,37.14,22.86
627,17,1,1,1,13.0,19.0,13.0,68.42,13.0,2,0,0,0,1,68.42,10.53
627,17,2,3,3,151.0,92.0,50.33,164.13,65.0,16,6,2,0,2,27.17,23.91
627,17,3,2,2,44.0,42.0,22.0,104.76,32.0,5,1,0,0,1,45.24,14.29
327,6,12,2,2,35.0,24.0,17.5,145.83,26.0,5,1,0,0,2,37.5,25.0
327,6,13,1,1,1.0,2.0,1.0,50.0,1.0,0,0,0,0,1,50.0,0.0
327,10,12,1,1,32.0,18.0,32.0,177.78,32.0,1,3,0,0,1,33.33,22.22
327,10,13,1,1,11.0,13.0,11.0,84.62,11.0,1,0,0,0,1,30.77,7.69
327,10,14,3,3,57.0,44.0,19.0,129.55,36.0,6,2,0,0,3,38.64,18.18
327,10,15,1,1,9.0,4.0,9.0,225.0,9.0,2,0,0,0,1,25.0,50.0
327,10,16,1,1,7.0,12.0,7.0,58.33,7.0,0,0,0,0,1,33.33,0.0
327,2,11,1,1,1.0,3.0,1.0,33.33,1.0,0,0,0,0,1,66.67,0.0
327,1,15,2,2,22.0,20.0,11.0,110.0,21.0,0,2,0,0,2,40.0,10.0
327,1,16,2,2,32.0,21.0,16.0,152.38,23.0,4,2,0,0,1,47.62,28.57
327,1,17,1,1,56.0,36.0,56.0,155.56,56.0,4,4,1,0,1,30.56,22.22
327,1,18,1,1,0.0,2.0,0.0,0.0,0.0,0,0,0,0,1,100.0,0.0
327,13,12,1,1,4.0,5.0,4.0,80.0,4.0,1,0,0,0,1,80.0,20.0
327,9,12,2,2,66.0,30.0,33.0,220.0,66.0,5,6,1,0,1,23.33,36.67
327,9,14,3,3,94.0,60.0,31.33,156.67,37.0,6,6,0,0,2,28.33,20.0
327,9,16,1,1,1.0,2.0,1.0,50.0,1.0,0,0,0,0,1,50.0,0.0
327,18,15,1,1,35.0,22.0,35.0,159.09,35.0,4,2,0,0,1,45.45,27.27
327,18,16,1,1,19.0,13.0,19.0,146.15,19.0,3,0,0,0,1,30.77,23.08
327,18,17,1,1,30.0,20.0,30.0,150.0,30.0,0,3,0,0,1,30.0,15.0
327,5,12,2,2,63.0,39.0,31.5,161.54,50.0,2,6,1,0,1,30.77,20.51
327,5,14,2,2,58.0,39.0,29.0,148.72,58.0,5,5,1,0,2,48.72,25.64
327,5,15,1,1,0.0,2.0,0.0,0.0,0.0,0,0,0,0,1,100.0,0.0
327,12,14,2,2,46.0,37.0,23.0,124.32,46.0,7,1,0,0,2,56.76,21.62
327,12,15,1,1,0.0,2.0,0.0,0.0,0.0,0,0,0,0,1,100.0,0.0
327,12,16,1,1,10.0,6.0,10.0,166.67,10.0,2,0,0,0,1,33.33,33.33
327,12,17,2,2,32.0,29.0,16.0,110.34,17.0,3,1,0,0,2,37.93,13.79
327,11,11,1,1,1.0,2.0,1.0,50.0,1.0,0,0,0,0,1,50.0,0.0
327,11,12,1,1,18.0,9.0,18.0,200.0,18.0,2,1,0,0,0,11.11,33.33
327,11,14,2,2,47.0,37.0,23.5,127.03,26.0,2,3,0,0,2,35.14,13.51
327,11,15,1,1,93.0,57.0,93.0,163.16,93.0,13,3,1,0,1,33.33,28.07
327,11,16,2,2,30.0,22.0,15.0,136.36,23.0,2,2,0,0,2,45.45,18.18
327,11,17,1,1,10.0,13.0,10.0,76.92,10.0,0,0,0,0,1,30.77,0.0
327,11,18,1,1,5.0,12.0,5.0,41.67,5.0,0,0,0,0,1,58.33,0.0
327,17,14,1,1,23.0,18.0,23.0,127.78,23.0,0,2,0,0,1,33.33,11.11
327,17,15,2,2,37.0,35.0,18.5,105.71,34.0,2,2,0,0,2,45.71,11.43
327,17,16,1,1,19.0,9.0,19.0,211.11,19.0,0,2,0,0,0,0.0,22.22
327,15,11,2,2,75.0,41.0,37.5,182.93,65.0,4,6,1,0,2,24.39,24.39
327,15,12,1,1,2.0,8.0,2.0,25.0,2.0,0,0,0,0,0,62.5,0.0
327,15,13,1,1,0.0,1.0,0.0,0.0,0.0,0,0,0,0,1,100.0,0.0
327,15,14,2,2,32.0,25.0,16.0,128.0,17.0,5,0,0,0,2,40.0,20.0
327,15,15,1,1,48.0,35.0,48.0,137.14,48.0,3,2,0,0,1,28.57,14.29
327,15,16,1,1,6.0,6.0,6.0,100.0,6.0,1,0,0,0,0,50.0,16.67
689,6,2,1,1,0.0,1.0,0.0,0.0,0.0,0,0,0,0,1,100.0,0.0
689,16,2,1,1,5.0,7.0,5.0,71.43,5.0,0,0,0,0,1,28.57,0.0
689,2,2,1,1,23.0,10.0,23.0,230.0,23.0,5,0,0,0,0,20.0,50.0
689,2,5,1,1,1.0,5.0,1.0,20.0,1.0,0,0,0,0,0,80.0,0.0
689,13,4,1,1,0.0,1.0,0.0,0.0,0.0,0,0,0,0,1,100.0,0.0
689,9,2,1,1,5.0,6.0,5.0,83.33,5.0,0,0,0,0,0,16.67,0.0
689,9,3,1,1,4.0,3.0,4.0,133.33,4.0,0,0,0,0,0,0.0,0.0
689,5,1,1,1,0.0,1.0,0.0,0.0,0.0,0,0,0,0,0,100.0,0.0
689,7,5,1,1,1.0,2.0,1.0,50.0,1.0,0,0,0,0,0,50.0,0.0
689,17,2,1,1,0.0,2.0,0.0,0.0,0.0,0,0,0,0,1,100.0,0.0
689,17,3,1,1,0.0,2.0,0.0,0.0,0.0,0,0,0,0,0,50.0,0.0
689,15,10,1,1,0.0,1.0,0.0,0.0,0.0,0,0,0,0,1,100.0,0.0
178,6,11,1,1,2.0,3.0,2.0,66.67,2.0,0,0,0,0,0,33.33,0.0
178,10,17,1,1,2.0,14.0,2.0,14.29,2.0,0,0,0,0,1,78.57,0.0
178,2,8,1,1,2.0,1.0,2.0,200.0,2.0,0,0,0,0,0,0.0,0.0
178,2,9,1,1,15.0,8.0,15.0,187.5,15.0,1,1,0,0,1,37.5,25.0
178,2,10,1,1,13.0,14.0,13.0,92.86,13.0,1,0,0,0,1,35.71,7.14
178,14,9,1,1,1.0,2.0,1.0,50.0,1.0,0,0,0,0,1,50.0,0.0
178,14,10,1,1,4.0,3.0,4.0,133.33,4.0,0,0,0,0,0,0.0,0.0
178,13,7,1,1,1.0,3.0,1.0,33.33,1.0,0,0,0,0,0,66.67,0.0
178,9,8,1,1,0.0,1.0,0.0,0.0,0.0,0,0,0,0,1,100.0,0.0
178,9,9,2,2,2.0,4.0,1.0,50.0,1.0,0,0,0,0,1,50.0,0.0
178,9,10,1,1,10.0,8.0,10.0,125.0,10.0,2,0,0,0,1,50.0,25.0
178,9,11,1,1,4.0,3.0,4.0,133.33,4.0,1,0,0,0,0,66.67,33.33
178,18,18,1,1,1.0,2.0,1.0,50.0,1.0,0,0,0,0,0,50.0,0.0
178,5,6,2,2,0.0,5.0,0.0,0.0,0.0,0,0,0,0,1,100.0,0.0
178,5,8,2,2,24.0,10.0,12.0,240.0,21.0,1,2,0,0,0,10.0,30.0
178,5,12,1,1,0.0,2.0,0.0,0.0,0.0,0,0,0,0,0,100.0,0.0
178,5,18,1,1,0.0,1.0,0.0,0.0,0.0,0,0,0,0,1,100.0,0.0
178,3,10,1,1,6.0,12.0,6.0,50.0,6.0,0,0,0,0,1,58.33,0.0
178,17,8,1,1,2.0,6.0,2.0,33.33,2.0,0,0,0,0,1,66.67,0.0
178,17,9,1,1,14.0,12.0,14.0,116.67,14.0,2,0,0,0,1,25.0,16.67
178,17,10,1,1,6.0,4.0,6.0,150.0,6.0,1,0,0,0,1,25.0,25.0
178,17,11,2,2,4.0,7.0,2.0,57.14,3.0,0,0,0,0,1,28.57,0.0
178,8,17,1,1,0.0,1.0,0.0,0.0,0.0,0,0,0,0,1,100.0,0.0
178,15,10,2,2,12.0,9.0,6.0,133.33,10.0,0,1,0,0,2,33.33,11.11
178,15,16,1,1,0.0,1.0,0.0,0.0,0.0,0,0,0,0,0,0.0,0.0
364,6,5,2,2,34.0,39.0,17.0,87.18,26.0,2,1,0,0,2,41.03,7.69
364,16,5,2,2,4.0,9.0,2.0,44.44,3.0,0,0,0,0,1,44.44,0.0
364,14,10,1,1,1.0,4.0,1.0,25.0,1.0,0,0,0,0,0,75.0,0.0
364,13,5,2,2,48.0,51.0,24.0,94.12,46.0,4,2,0,0,3,43.14,11.76
364,13,6,1,1,3.0,9.0,3.0,33.33,3.0,0,0,0,0,1,66.67,0.0
364,5,5,1,1,4.0,4.0,4.0,100.0,4.0,0,0,0,0,1,25.0,0.0
364,5,10,1,1,1.0,5.0,1.0,20.0,1.0,0,0,0,0,1,80.0,0.0
364,3,10,1,1,27.0,21.0,27.0,128.57,27.0,1,2,0,0,1,42.86,14.29
364,17,5,1,1,34.0,20.0,34.0,170.0,34.0,1,2,0,0,0,10.0,15.0
364,17,10,1,1,0.0,1.0,0.0,0.0,0.0,0,0,0,0,1,100.0,0.0
364,15,6,1,1,5.0,9.0,5.0,55.56,5.0,1,0,0,0,1,77.78,11.11
417,2,2,2,2,74.0,50.0,37.0,148.0,74.0,11,0,1,0,2,28.0,22.0
417,13,2,1,1,18.0,12.0,18.0,150.0,18.0,1,1,0,0,0,16.67,16.67
417,5,2,1,1,32.0,35.0,32.0,91.43,32.0,3,0,0,0,1,42.86,8.57
417,17,2,1,1,43.0,35.0,43.0,122.86,43.0,4,0,0,0,0,17.14,11.43
96,2,2,1,1,2.0,10.0,2.0,20.0,2.0,0,0,0,0,1,70.0,0.0
615,5,1,1,1,0.0,1.0,0.0,0.0,0.0,0,0,0,0,1,100.0,0.0
615,11,1,1,1,3.0,5.0,3.0,60.0,3.0,0,0,0,0,1,40.0,0.0
761,6,1,2,2,22.0,30.0,11.0,73.33,16.0,2,0,0,0,2,40.0,6.67
761,16,1,1,1,13.0,13.0,13.0,100.0,13.0,1,1,0,0,1,53.85,15.38
761,13,1,1,1,13.0,12.0,13.0,108.33,13.0,1,1,0,0,1,58.33,16.67
761,5,1,2,2,7.0,17.0,3.5,41.18,5.0,1,0,0,0,3,76.47,5.88
761,11,1,1,1,4.0,8.0,4.0,50.0,4.0,1,0,0,0,1,75.0,12.5
761,17,1,1,1,5.0,3.0,5.0,166.67,5.0,1,0,0,0,0,33.33,33.33
394,6,17,1,1,4.0,7.0,4.0,57.14,4.0,0,0,0,0,0,14.29,0.0
394,10,12,2,2,37.0,22.0,18.5,168.18,20.0,5,2,0,0,1,45.45,31.82
394,10,17,1,1,7.0,4.0,7.0,175.0,7.0,0,1,0,0,1,50.0,25.0
394,13,10,1,1,2.0,3.0,2.0,66.67,2.0,0,0,0,0,1,66.67,0.0
394,13,11,1,1,4.0,2.0,4.0,200.0,4.0,1,0,0,0,1,50.0,50.0
394,13,12,2,2,32.0,17.0,16.0,188.24,20.0,0,2,0,0,1,5.88,11.76
394,9,13,1,1,11.0,8.0,11.0,137.5,11.0,2,0,0,0,1,25.0,25.0
394,9,14,1,1,14.0,11.0,14.0,127.27,14.0,2,0,0,0,1,27.27,18.18
394,18,17,1,1,1.0,2.0,1.0,50.0,1.0,0,0,0,0,1,50.0,0.0
394,5,11,1,1,14.0,10.0,14.0,140.0,14.0,2,0,0,0,1,20.0,20.0
394,5,12,2,3,48.0,36.0,24.0,133.33,37.0,2,4,0,0,3,38.89,16.67
394,5,14,1,1,3.0,4.0,3.0,75.0,3.0,0,0,0,0,1,25.0,0.0
394,12,17,1,1,0.0,1.0,0.0,0.0,0.0,0,0,0,0,1,100.0,0.0
394,11,14,1,1,17.0,5.0,17.0,340.0,17.0,1,2,0,0,1,20.0,60.0
394,11,17,1,1,23.0,17.0,23.0,135.29,23.0,2,1,0,0,1,29.41,17.65
394,17,12,1,1,4.0,3.0,4.0,133.33,4.0,1,0,0,0,1,66.67,33.33
148,6,7,1,1,1.0,3.0,1.0,33.33,1.0,0,0,0,0,1,66.67,0.0
148,6,14,1,1,9.0,12.0,9.0,75.0,9.0,0,0,0,0,0,50.0,0.0
148,6,16,1,1,5.0,5.0,5.0,100.0,5.0,1,0,0,0,1,60.0,20.0
148,10,12,1,1,0.0,1.0,0.0,0.0,0.0,0,0,0,0,1,100.0,0.0
148,10,18,1,1,1.0,1.0,1.0,100.0,1.0,0,0,0,0,0,0.0,0.0
148,14,10,1,1,4.0,2.0,4.0,200.0,4.0,1,0,0,0,0,50.0,50.0
148,1,18,1,1,6.0,2.0,6.0,300.0,6.0,1,0,0,0,0,0.0,50.0
148,13,7,2,2,1.0,3.0,0.5,33.33,1.0,0,0,0,0,1,66.67,0.0
148,13,10,1,1,2.0,4.0,2.0,50.0,2.0,0,0,0,0,1,50.0,0.0
148,9,9,1,1,0.0,1.0,0.0,0.0,0.0,0,0,0,0,0,0.0,0.0
148,9,10,1,1,0.0,1.0,0.0,0.0,0.0,0,0,0,0,0,0.0,0.0
148,9,11,1,1,7.0,6.0,7.0,116.67,7.0,1,0,0,0,1,33.33,16.67
148,9,14,1,1,1.0,2.0,1.0,50.0,1.0,0,0,0,0,0,50.0,0.0
148,9,18,1,1,2.0,4.0,2.0,50.0,2.0,0,0,0,0,0,50.0,0.0
148,18,18,1,1,1.0,3.0,1.0,33.33,1.0,0,0,0,0,1,66.67,0.0
148,5,10,1,1,7.0,4.0,7.0,175.0,7.0,0,1,0,0,1,50.0,25.0
148,5,13,1,1,2.0,2.0,2.0,100.0,2.0,0,0,0,0,0,0.0,0.0
148,11,6,1,1,5.0,10.0,5.0,50.0,5.0,0,0,0,0,1,60.0,0.0
148,3,9,1,1,2.0,3.0,2.0,66.67,2.0,0,0,0,0,0,33.33,0.0
148,3,10,1,1,2.0,4.0,2.0,50.0,2.0,0,0,0,0,1,75.0,0.0
148,17,7,1,1,1.0,1.0,1.0,100.0,1.0,0,0,0,0,0,0.0,0.0
148,17,10,1,1,21.0,9.0,21.0,233.33,21.0,3,1,0,0,1,22.22,44.44
148,15,12,1,1,1.0,1.0,1.0,100.0,1.0,0,0,0,0,0,0.0,0.0
148,15,13,1,1,0.0,1.0,0.0,0.0,0.0,0,0,0,0,1,100.0,0.0
148,15,14,1,1,3.0,3.0,3.0,100.0,3.0,0,0,0,0,1,0.0,0.0
148,15,16,1,1,0.0,1.0,0.0,0.0,0.0,0,0,0,0,1,100.0,0.0
38,6,11,1,1,3.0,7.0,3.0,42.86,3.0,0,0,0,0,1,42.86,0.0
38,6,12,1,1,0.0,1.0,0.0,0.0,0.0,0,0,0,0,0,100.0,0.0
38,6,14,1,1,12.0,14.0,12.0,85.71,12.0,0,1,0,0,0,57.14,7.14
38,6,15,1,1,14.0,11.0,14.0,127.27,14.0,3,0,0,0,0,54.55,27.27
38,6,18,1,1,3.0,4.0,3.0,75.0,3.0,0,0,0,0,0,25.0,0.0
38,10,12,1,1,1.0,5.0,1.0,20.0,1.0,0,0,0,0,1,60.0,0.0
38,10,13,1,1,5.0,4.0,5.0,125.0,5.0,1,0,0,0,1,50.0,25.0
38,9,14,1,1,8.0,10.0,8.0,80.0,8.0,1,0,0,0,1,60.0,10.0
38,18,16,1,1,0.0,1.0,0.0,0.0,0.0,0,0,0,0,1,100.0,0.0
38,18,17,1,1,12.0,8.0,12.0,150.0,12.0,0,2,0,0,1,75.0,25.0
38,5,11,1,1,8.0,3.0,8.0,266.67,8.0,0,1,0,0,0,0.0,33.33
38,5,14,1,1,0.0,1.0,0.0,0.0,0.0,0,0,0,0,0,0.0,0.0
38,12,14,1,1,0.0,1.0,0.0,0.0,0.0,0,0,0,0,0,100.0,0.0
38,12,15,1,1,9.0,13.0,9.0,69.23,9.0,1,0,0,0,0,61.54,7.69
38,11,11,1,1,14.0,12.0,14.0,116.67,14.0,2,0,0,0,1,33.33,16.67
38,11,15,1,1,5.0,5.0,5.0,100.0,5.0,1,0,0,0,1,60.0,20.0
38,11,16,1,1,1.0,1.0,1.0,100.0,1.0,0,0,0,0,0,0.0,0.0
38,15,12,1,1,3.0,8.0,3.0,37.5,3.0,0,0,0,0,1,50.0,0.0
38,15,13,2,2,12.0,10.0,6.0,120.0,10.0,1,0,0,0,0,20.0,10.0
38,15,15,1,1,2.0,4.0,2.0,50.0,2.0,0,0,0,0,1,50.0,0.0
566,15,16,1,1,1.0,2.0,1.0,50.0,1.0,0,0,0,0,0,50.0,0.0
532,1,15,1,1,1.0,3.0,1.0,33.33,1.0,0,0,0,0,1,66.67,0.0
532,5,16,1,1,0.0,7.0,0.0,0.0,0.0,0,0,0,0,1,100.0,0.0
532,12,15,1,1,13.0,6.0,13.0,216.67,13.0,1,1,0,0,0,16.67,33.33
532,12,17,1,1,2.0,1.0,2.0,200.0,2.0,0,0,0,0,0,0.0,0.0
532,11,15,1,1,9.0,7.0,9.0,128.57,9.0,1,0,0,0,0,28.57,14.29
750,8,18,1,1,14.0,12.0,14.0,116.67,14.0,1,1,0,0,1,50.0,16.67
644,6,12,1,1,14.0,13.0,14.0,107.69,14.0,0,1,0,0,1,46.15,7.69
644,6,13,2,2,29.0,17.0,14.5,170.59,24.0,2,2,0,0,1,17.65,23.53
644,6,14,1,1,14.0,9.0,14.0,155.56,14.0,3,0,0,0,1,44.44,33.33
644,6,16,2,2,27.0,22.0,13.5,122.73,21.0,1,1,0,0,2,27.27,9.09
644,6,17,2,2,132.0,70.0,66.0,188.57,124.0,14,6,1,1,0,18.57,28.57
644,6,18,1,1,4.0,7.0,4.0,57.14,4.0,0,0,0,0,1,57.14,0.0
644,10,12,2,2,47.0,41.0,23.5,114.63,32.0,1,3,0,0,1,34.15,9.76
644,10,15,1,1,17.0,16.0,17.0,106.25,17.0,1,1,0,0,0,37.5,12.5
644,10,16,1,1,12.0,10.0,12.0,120.0,12.0,0,1,0,0,1,30.0,10.0
644,10,17,2,2,13.0,17.0,6.5,76.47,8.0,2,0,0,0,2,52.94,11.76
644,10,18,1,1,44.0,16.0,44.0,275.0,44.0,3,4,0,0,0,6.25,43.75
644,2,9,1,1,52.0,44.0,52.0,118.18,52.0,3,2,1,0,1,34.09,11.36
644,2,11,1,1,22.0,15.0,22.0,146.67,22.0,2,0,0,0,0,20.0,13.33
644,14,9,2,2,60.0,39.0,30.0,153.85,33.0,7,1,0,0,2,25.64,20.51
644,14,10,1,1,7.0,9.0,7.0,77.78,7.0,0,0,0,0,1,33.33,0.0
644,1,15,1,1,2.0,2.0,2.0,100.0,2.0,0,0,0,0,0,0.0,0.0
644,1,16,2,2,4.0,10.0,2.0,40.0,4.0,0,0,0,0,2,50.0,0.0
644,1,17,1,1,58.0,43.0,58.0,134.88,58.0,4,2,1,0,1,32.56,13.95
644,1,18,1,1,20.0,15.0,20.0,133.33,20.0,1,2,0,0,1,53.33,20.0
644,13,12,2,2,74.0,50.0,37.0,148.0,46.0,6,3,0,0,0,28.0,18.0
644,13,13,2,2,62.0,31.0,31.0,200.0,53.0,7,3,1,0,2,19.35,32.26
644,9,9,1,1,0.0,3.0,0.0,0.0,0.0,0,0,0,0,1,100.0,0.0
644,9,10,1,1,9.0,12.0,9.0,75.0,9.0,1,0,0,0,1,58.33,8.33
644,9,12,2,2,45.0,21.0,22.5,214.29,28.0,5,2,0,0,0,23.81,33.33
644,9,13,2,2,7.0,9.0,3.5,77.78,6.0,0,0,0,0,2,33.33,0.0
644,9,14,2,2,24.0,26.0,12.0,92.31,18.0,2,0,0,0,1,38.46,7.69
644,9,15,1,1,28.0,14.0,28.0,200.0,28.0,1,3,0,0,1,28.57,28.57
644,9,16,1,1,0.0,2.0,0.0,0.0,0.0,0,0,0,0,1,100.0,0.0
644,9,17,2,2,46.0,26.0,23.0,176.92,36.0,6,2,0,0,2,38.46,30.77
644,18,18,1,1,15.0,5.0,15.0,300.0,15.0,1,1,0,0,0,0.0,40.0
644,5,10,1,1,1.0,3.0,1.0,33.33,1.0,0,0,0,0,1,66.67,0.0
644,5,11,2,2,30.0,17.0,15.0,176.47,29.0,2,2,0,0,1,23.53,23.53
644,5,12,1,1,0.0,2.0,0.0,0.0,0.0,0,0,0,0,1,100.0,0.0
644,5,13,4,4,80.0,58.0,20.0,137.93,65.0,8,3,1,0,4,36.21,18.97
644,5,15,2,2,10.0,12.0,5.0,83.33,10.0,0,1,0,0,2,58.33,8.33
644,5,16,2,2,129.0,74.0,64.5,174.32,89.0,9,9,1,0,2,28.38,24.32
644,5,17,2,2,90.0,67.0,45.0,134.33,62.0,12,2,1,0,2,40.3,20.9
644,5,18,1,1,2.0,2.0,2.0,100.0,2.0,0,0,0,0,0,0.0,0.0
644,12,14,1,1,27.0,13.0,27.0,207.69,27.0,3,1,0,0,0,7.69,30.77
644,12,15,1,1,1.0,4.0,1.0,25.0,1.0,0,0,0,0,1,75.0,0.0
644,12,16,2,2,87.0,51.0,43.5,170.59,72.0,6,7,1,0,2,31.37,25.49
644,12,17,1,1,19.0,12.0,19.0,158.33,19.0,0,2,0,0,1,33.33,16.67
644,11,11,2,2,34.0,32.0,17.0,106.25,23.0,2,1,0,0,1,37.5,9.38
644,11,12,2,2,31.0,29.0,15.5,106.9,31.0,2,1,0,0,1,34.48,10.34
644,11,13,2,2,57.0,49.0,28.5,116.33,39.0,1,4,0,0,3,32.65,10.2
644,11,14,1,1,0.0,5.0,0.0,0.0,0.0,0,0,0,0,1,100.0,0.0
644,11,15,2,2,65.0,34.0,32.5,191.18,38.0,3,6,0,0,1,32.35,26.47
644,11,16,1,1,21.0,16.0,21.0,131.25,21.0,2,0,0,0,1,18.75,12.5
644,11,17,2,2,3.0,8.0,1.5,37.5,3.0,0,0,0,0,2,62.5,0.0
644,11,18,1,1,1.0,7.0,1.0,14.29,1.0,0,0,0,0,1,71.43,0.0
644,17,9,1,1,34.0,22.0,34.0,154.55,34.0,3,1,0,0,0,22.73,18.18
644,17,11,2,2,13.0,12.0,6.5,108.33,11.0,0,1,0,0,2,33.33,8.33
644,17,13,2,2,63.0,31.0,31.5,203.23,53.0,6,3,1,0,0,9.68,29.03
644,17,14,1,1,22.0,17.0,22.0,129.41,22.0,3,0,0,0,1,23.53,17.65
644,17,15,2,2,33.0,24.0,16.5,137.5,24.0,2,2,0,0,2,29.17,16.67
644,17,16,2,2,78.0,49.0,39.0,159.18,65.0,6,6,1,0,2,42.86,24.49
644,8,17,1,1,24.0,15.0,24.0,160.0,24.0,1,2,0,0,1,26.67,20.0
644,8,18,4,4,40.0,23.0,10.0,173.91,26.0,2,4,0,0,3,39.13,26.09
644,15,13,3,3,54.0,42.0,18.0,128.57,38.0,7,1,0,0,3,33.33,19.05
644,15,14,1,1,2.0,2.0,2.0,100.0,2.0,0,0,0,0,0,0.0,0.0
644,15,16,2,2,50.0,38.0,25.0,131.58,40.0,4,3,0,0,1,42.11,18.42
644,15,17,1,1,3.0,5.0,3.0,60.0,3.0,0,0,0,0,1,40.0,0.0
644,15,18,1,1,34.0,11.0,34.0,309.09,34.0,1,4,0,0,0,9.09,45.45
297,6,4,1,1,11.0,15.0,11.0,73.33,11.0,1,0,0,0,1,53.33,6.67
297,6,6,1,1,2.0,4.0,2.0,50.0,2.0,0,0,0,0,1,50.0,0.0
297,6,15,1,1,25.0,20.0,25.0,125.0,25.0,3,1,0,0,1,50.0,20.0
297,6,16,1,1,5.0,4.0,5.0,125.0,5.0,1,0,0,0,0,25.0,25.0
297,6,17,1,1,18.0,12.0,18.0,150.0,18.0,2,1,0,0,1,41.67,25.0
297,6,18,1,1,30.0,25.0,30.0,120.0,30.0,2,2,0,0,1,44.0,16.0
297,16,4,1,1,37.0,28.0,37.0,132.14,37.0,1,3,0,0,1,39.29,14.29
297,10,18,2,2,117.0,72.0,58.5,162.5,72.0,9,7,1,0,2,26.39,22.22
297,2,3,1,1,13.0,19.0,13.0,68.42,13.0,0,0,0,0,1,36.84,0.0
297,14,9,1,1,7.0,11.0,7.0,63.64,7.0,0,0,0,0,1,54.55,0.0
297,1,16,1,1,4.0,4.0,4.0,100.0,4.0,1,0,0,0,1,75.0,25.0
297,1,18,1,1,117.0,64.0,117.0,182.81,117.0,10,8,1,1,1,28.12,28.12
297,13,3,1,1,15.0,11.0,15.0,136.36,15.0,1,1,0,0,1,27.27,18.18
297,13,4,1,1,2.0,6.0,2.0,33.33,2.0,0,0,0,0,0,66.67,0.0
297,13,6,1,1,15.0,8.0,15.0,187.5,15.0,1,1,0,0,1,25.0,25.0
297,9,6,1,1,5.0,8.0,5.0,62.5,5.0,0,0,0,0,1,37.5,0.0
297,9,15,1,1,13.0,7.0,13.0,185.71,13.0,2,0,0,0,1,42.86,28.57
297,9,16,1,1,2.0,9.0,2.0,22.22,2.0,0,0,0,0,1,77.78,0.0
297,9,17,1,1,0.0,2.0,0.0,0.0,0.0,0,0,0,0,1,100.0,0.0
297,9,18,1,1,81.0,48.0,81.0,168.75,81.0,6,5,1,0,1,31.25,22.92
297,18,15,1,1,37.0,20.0,37.0,185.0,37.0,3,3,0,0,1,35.0,30.0
297,18,16,1,1,0.0,1.0,0.0,0.0,0.0,0,0,0,0,1,100.0,0.0
297,5,6,1,1,38.0,26.0,38.0,146.15,38.0,2,2,0,0,1,23.08,15.38
297,5,15,1,1,0.0,1.0,0.0,0.0,0.0,0,0,0,0,1,100.0,0.0
297,5,18,2,2,94.0,55.0,47.0,170.91,60.0,12,4,1,0,2,32.73,29.09
297,12,15,1,1,63.0,48.0,63.0,131.25,63.0,4,3,1,0,1,29.17,14.58
297,12,16,1,1,3.0,4.0,3.0,75.0,3.0,0,0,0,0,1,50.0,0.0
297,12,17,1,1,20.0,12.0,20.0,166.67,20.0,2,2,0,0,1,50.0,33.33
297,12,18,2,2,0.0,6.0,0.0,0.0,0.0,0,0,0,0,2,100.0,0.0
297,11,6,1,1,35.0,21.0,35.0,166.67,35.0,2,3,0,0,1,38.1,23.81
297,11,15,1,1,89.0,62.0,89.0,143.55,89.0,5,7,1,0,1,37.1,19.35
297,11,17,1,1,23.0,12.0,23.0,191.67,23.0,5,0,0,0,1,33.33,41.67
297,11,18,1,1,4.0,6.0,4.0,66.67,4.0,0,0,0,0,1,66.67,0.0
297,17,6,1,1,24.0,23.0,24.0,104.35,24.0,0,2,0,0,1,34.78,8.7
297,17,13,1,1,0.0,1.0,0.0,0.0,0.0,0,0,0,0,1,100.0,0.0
297,17,15,1,1,14.0,24.0,14.0,58.33,14.0,0,0,0,0,0,45.83,0.0
297,17,16,2,2,26.0,21.0,13.0,123.81,26.0,3,1,0,0,2,47.62,19.05
297,8,18,1,1,67.0,37.0,67.0,181.08,67.0,4,5,1,0,1,16.22,24.32
297,15,6,2,2,21.0,16.0,10.5,131.25,14.0,1,2,0,0,1,50.0,18.75
297,15,15,1,1,10.0,7.0,10.0,142.86,10.0,2,0,0,0,1,42.86,28.57
297,15,16,2,2,88.0,54.0,44.0,162.96,63.0,6,6,1,0,2,29.63,22.22
297,15,18,2,2,117.0,70.0,58.5,167.14,65.0,13,6,2,0,2,32.86,27.14
157,12,18,1,1,1.0,4.0,1.0,25.0,1.0,0,0,0,0,1,75.0,0.0
762,6,3,1,1,7.0,9.0,7.0,77.78,7.0,1,0,0,0,1,55.56,11.11
762,6,4,1,1,27.0,29.0,27.0,93.1,27.0,3,0,0,0,1,41.38,10.34
762,6,5,1,1,89.0,48.0,89.0,185.42,89.0,8,5,1,0,1,25.0,27.08
762,6,6,1,1,92.0,61.0,92.0,150.82,92.0,14,2,1,0,1,31.15,26.23
762,6,8,1,1,17.0,14.0,17.0,121.43,17.0,3,0,0,0,1,57.14,21.43
762,16,3,1,1,0.0,7.0,0.0,0.0,0.0,0,0,0,0,0,100.0,0.0
762,16,4,1,1,19.0,21.0,19.0,90.48,19.0,3,0,0,0,1,42.86,14.29
762,16,5,1,1,10.0,13.0,10.0,76.92,10.0,2,0,0,0,1,61.54,15.38
762,2,3,1,1,2.0,6.0,2.0,33.33,2.0,0,0,0,0,1,66.67,0.0
762,2,6,2,2,8.0,16.0,4.0,50.0,4.0,2,0,0,0,3,87.5,12.5
762,13,5,2,2,38.0,39.0,19.0,97.44,27.0,1,2,0,0,2,38.46,7.69
762,13,6,2,2,51.0,45.0,25.5,113.33,51.0,3,3,1,0,1,42.22,13.33
762,4,4,1,1,16.0,14.0,16.0,114.29,16.0,2,0,0,0,1,28.57,14.29
762,9,3,2,2,40.0,37.0,20.0,108.11,22.0,6,0,0,0,2,48.65,16.22
762,5,3,1,1,11.0,10.0,11.0,110.0,11.0,1,0,0,0,1,30.0,10.0
762,5,5,1,1,1.0,2.0,1.0,50.0,1.0,0,0,0,0,1,50.0,0.0
762,5,6,1,1,17.0,19.0,17.0,89.47,17.0,3,0,0,0,1,57.89,15.79
762,5,8,1,1,20.0,16.0,20.0,125.0,20.0,3,1,0,0,1,62.5,25.0
762,7,6,2,2,13.0,17.0,6.5,76.47,12.0,2,0,0,0,2,58.82,11.76
762,11,3,2,2,55.0,32.0,27.5,171.88,35.0,8,2,0,0,2,40.62,31.25
762,11,4,2,2,10.0,25.0,5.0,40.0,9.0,0,0,0,0,1,60.0,0.0
762,11,5,1,1,29.0,29.0,29.0,100.0,29.0,3,0,0,0,1,34.48,10.34
762,11,6,2,2,30.0,29.0,15.0,103.45,29.0,4,1,0,0,2,51.72,17.24
762,11,7,1,1,3.0,9.0,3.0,33.33,3.0,0,0,0,0,1,66.67,0.0
762,17,3,2,2,103.0,77.0,51.5,133.77,75.0,11,4,1,0,2,41.56,19.48
762,17,5,1,1,46.0,29.0,46.0,158.62,46.0,2,3,0,0,1,24.14,17.24
762,17,6,2,2,1.0,7.0,0.5,14.29,1.0,0,0,0,0,2,85.71,0.0
762,15,6,2,2,43.0,42.0,21.5,102.38,28.0,8,0,0,0,2,52.38,19.05
522,16,1,2,2,60.0,56.0,30.0,107.14,37.0,6,1,0,0,2,44.64,12.5
522,16,2,2,2,80.0,59.0,40.0,135.59,58.0,7,2,1,0,1,20.34,15.25
522,16,3,3,3,79.0,74.0,26.33,106.76,42.0,6,2,0,0,3,33.78,10.81
522,16,4,1,1,21.0,22.0,21.0,95.45,21.0,1,1,0,0,2,36.36,9.09
522,16,5,2,2,41.0,37.0,20.5,110.81,34.0,2,0,0,0,2,27.03,5.41
522,10,12,3,3,85.0,66.0,28.33,128.79,44.0,7,4,0,0,1,39.39,16.67
522,10,13,2,2,18.0,17.0,9.0,105.88,15.0,2,0,0,0,2,41.18,11.76
522,10,14,3,3,36.0,35.0,12.0,102.86,18.0,3,1,0,0,2,40.0,11.43
522,10,15,1,1,21.0,8.0,21.0,262.5,21.0,1,2,0,0,0,25.0,37.5
522,10,16,2,2,25.0,13.0,12.5,192.31,20.0,1,2,0,0,1,23.08,23.08
522,10,17,1,1,37.0,16.0,37.0,231.25,37.0,4,3,0,0,0,37.5,43.75
522,10,18,1,1,30.0,26.0,30.0,115.38,30.0,1,1,0,0,0,23.08,7.69
522,2,1,2,2,65.0,60.0,32.5,108.33,33.0,5,1,0,0,2,30.0,10.0
522,2,2,2,2,11.0,14.0,5.5,78.57,6.0,0,0,0,0,2,28.57,0.0
522,2,3,1,1,0.0,2.0,0.0,0.0,0.0,0,0,0,0,1,100.0,0.0
522,2,4,1,1,63.0,31.0,63.0,203.23,63.0,5,4,1,0,1,9.68,29.03
522,2,5,2,2,34.0,28.0,17.0,121.43,23.0,1,2,0,0,2,32.14,10.71
522,2,6,2,2,102.0,58.0,51.0,175.86,58.0,7,5,1,0,1,18.97,20.69
522,2,7,2,2,44.0,20.0,22.0,220.0,32.0,3,3,0,0,1,20.0,30.0
522,2,8,2,2,57.0,51.0,28.5,111.76,30.0,4,3,0,0,2,41.18,13.73
522,2,9,1,1,27.0,20.0,27.0,135.0,27.0,1,2,0,0,1,30.0,15.0
522,2,10,2,2,16.0,19.0,8.0,84.21,11.0,0,1,0,0,2,52.63,5.26
522,2,11,2,2,68.0,45.0,34.0,151.11,51.0,3,5,1,0,2,31.11,17.78
522,14,9,2,2,52.0,28.0,26.0,185.71,30.0,4,3,0,0,0,21.43,25.0
522,14,10,2,2,31.0,41.0,15.5,75.61,26.0,1,1,0,0,2,48.78,4.88
522,1,15,1,1,7.0,10.0,7.0,70.0,7.0,0,0,0,0,1,50.0,0.0
522,1,16,3,3,15.0,10.0,5.0,150.0,14.0,1,1,0,0,2,30.0,20.0
522,1,17,1,1,26.0,11.0,26.0,236.36,26.0,1,3,0,0,0,27.27,36.36
522,13,1,2,2,62.0,46.0,31.0,134.78,60.0,2,4,1,0,1,28.26,13.04
522,13,2,2,2,58.0,29.0,29.0,200.0,56.0,7,2,1,0,1,24.14,31.03
522,13,3,1,1,54.0,29.0,54.0,186.21,54.0,5,2,1,0,0,3.45,24.14
522,13,4,1,1,43.0,20.0,43.0,215.0,43.0,4,2,0,0,1,15.0,30.0
522,13,5,2,2,7.0,20.0,3.5,35.0,6.0,1,0,0,0,2,80.0,5.0
522,13,6,1,1,2.0,2.0,2.0,100.0,2.0,0,0,0,0,1,0.0,0.0
522,13,7,3,3,91.0,62.0,30.33,146.77,42.0,6,5,0,0,2,30.65,17.74
522,13,8,2,2,66.0,43.0,33.0,153.49,41.0,4,4,0,0,1,34.88,18.6
522,13,9,2,2,65.0,34.0,32.5,191.18,64.0,4,5,1,0,1,32.35,26.47
522,13,10,1,1,5.0,11.0,5.0,45.45,5.0,0,0,0,0,1,54.55,0.0
522,13,11,2,2,95.0,51.0,47.5,186.27,79.0,7,6,1,0,0,17.65,25.49
522,13,12,2,2,47.0,35.0,23.5,134.29,37.0,4,1,0,0,0,28.57,14.29
522,4,4,2,2,23.0,19.0,11.5,121.05,14.0,2,1,0,0,1,36.84,15.79
522,9,1,1,1,43.0,27.0,43.0,159.26,43.0,3,2,0,0,0,22.22,18.52
522,9,2,1,1,40.0,28.0,40.0,142.86,40.0,4,1,0,0,0,21.43,17.86
522,9,3,1,1,66.0,33.0,66.0,200.0,66.0,6,3,1,0,0,18.18,27.27
522,9,4,1,1,29.0,21.0,29.0,138.1,29.0,1,1,0,0,1,9.52,9.52
522,9,5,3,3,76.0,60.0,25.33,126.67,34.0,7,1,0,0,1,25.0,13.33
522,9,6,2,2,27.0,19.0,13.5,142.11,18.0,1,1,0,0,1,10.53,10.53
522,9,7,2,2,43.0,32.0,21.5,134.38,22.0,2,2,0,0,0,15.62,12.5
522,9,8,2,2,4.0,10.0,2.0,40.0,3.0,0,0,0,0,2,50.0,0.0
522,9,9,2,2,31.0,34.0,15.5,91.18,23.0,2,1,0,0,1,47.06,8.82
522,9,10,2,2,28.0,20.0,14.0,140.0,23.0,1,2,0,0,2,35.0,15.0
522,9,11,2,2,68.0,53.0,34.0,128.3,43.0,2,5,0,0,1,30.19,13.21
522,9,12,1,1,16.0,13.0,16.0,123.08,16.0,0,1,0,0,1,38.46,7.69
522,9,13,2,2,12.0,16.0,6.0,75.0,11.0,1,0,0,0,2,50.0,6.25
522,9,14,2,2,18.0,12.0,9.0,150.0,17.0,2,1,0,0,3,41.67,25.0
522,9,15,1,1,50.0,38.0,50.0,131.58,50.0,7,1,1,0,0,42.11,21.05
522,9,16,2,2,4.0,6.0,2.0,66.67,2.0,0,0,0,0,0,33.33,0.0
522,9,17,1,1,1.0,3.0,1.0,33.33,1.0,0,0,0,0,0,66.67,0.0
522,9,18,2,2,18.0,22.0,9.0,81.82,17.0,0,1,0,0,1,40.91,4.55
522,18,15,1,1,16.0,6.0,16.0,266.67,16.0,2,1,0,0,0,33.33,50.0
522,18,16,1,1,12.0,3.0,12.0,400.0,12.0,0,2,0,0,1,33.33,66.67
522,18,17,2,2,32.0,10.0,16.0,320.0,28.0,4,2,0,0,0,10.0,60.0
522,18,18,1,1,26.0,11.0,26.0,236.36,26.0,4,1,0,0,0,18.18,45.45
522,5,1,2,2,73.0,51.0,36.5,143.14,43.0,10,2,0,0,2,35.29,23.53
522,5,2,2,2,59.0,48.0,29.5,122.92,36.0,3,2,0,0,1,27.08,10.42
522,5,3,2,2,53.0,33.0,26.5,160.61,31.0,6,1,0,0,2,18.18,21.21
522,5,4,1,1,3.0,6.0,3.0,50.0,3.0,0,0,0,0,1,66.67,0.0
522,5,5,3,3,80.0,41.0,26.67,195.12,51.0,8,3,1,0,1,12.2,26.83
522,5,6,3,3,124.0,83.0,41.33,149.4,63.0,9,8,2,0,2,37.35,20.48
522,5,7,2,2,36.0,23.0,18.0,156.52,22.0,2,2,0,0,0,8.7,17.39
522,5,8,4,4,60.0,52.0,15.0,115.38,39.0,3,3,0,0,4,36.54,11.54
522,5,9,1,1,24.0,24.0,24.0,100.0,24.0,2,0,0,0,1,37.5,8.33
522,5,10,4,4,69.0,62.0,17.25,111.29,40.0,2,5,0,0,3,40.32,11.29
522,5,11,2,2,31.0,26.0,15.5,119.23,26.0,3,1,0,0,2,34.62,15.38
522,5,12,3,3,51.0,58.0,17.0,87.93,37.0,0,3,0,0,1,43.1,5.17
522,5,13,2,2,16.0,18.0,8.0,88.89,16.0,2,1,0,0,1,72.22,16.67
522,5,14,1,1,3.0,5.0,3.0,60.0,3.0,0,0,0,0,1,40.0,0.0
522,5,15,2,2,64.0,46.0,32.0,139.13,36.0,7,3,0,0,1,41.3,21.74
522,5,16,1,1,2.0,3.0,2.0,66.67,2.0,0,0,0,0,0,33.33,0.0
522,5,17,1,1,20.0,4.0,20.0,500.0,20.0,0,3,0,0,0,0.0,75.0
522,5,18,2,2,4.0,8.0,2.0,50.0,4.0,0,0,0,0,1,50.0,0.0
522,7,4,1,1,26.0,21.0,26.0,123.81,26.0,2,1,0,0,1,38.1,14.29
522,7,5,2,2,54.0,40.0,27.0,135.0,28.0,4,1,0,0,1,17.5,12.5
522,7,6,2,2,55.0,29.0,27.5,189.66,45.0,4,3,0,0,1,20.69,24.14
522,12,14,1,1,12.0,15.0,12.0,80.0,12.0,2,0,0,0,1,60.0,13.33
522,12,15,2,2,35.0,36.0,17.5,97.22,23.0,2,2,0,0,2,47.22,11.11
522,12,16,1,1,13.0,4.0,13.0,325.0,13.0,0,2,0,0,0,25.0,50.0
522,12,17,2,2,14.0,12.0,7.0,116.67,14.0,1,1,0,0,2,50.0,16.67
522,12,18,2,2,38.0,16.0,19.0,237.5,27.0,2,4,0,0,3,12.5,37.5
522,11,1,3,3,42.0,32.0,14.0,131.25,29.0,3,2,0,0,2,31.25,15.62
522,11,2,1,1,22.0,19.0,22.0,115.79,22.0,0,1,0,0,0,26.32,5.26
522,11,3,2,2,21.0,20.0,10.5,105.0,21.0,2,0,0,0,2,25.0,10.0
522,11,4,1,1,41.0,19.0,41.0,215.79,41.0,3,3,0,0,0,26.32,31.58
522,11,5,2,2,25.0,28.0,12.5,89.29,15.0,2,0,0,0,1,46.43,7.14
522,11,6,2,2,23.0,19.0,11.5,121.05,21.0,1,0,0,0,3,26.32,5.26
522,11,7,2,2,31.0,24.0,15.5,129.17,26.0,1,1,0,0,2,25.0,8.33
522,11,8,2,2,44.0,44.0,22.0,100.0,31.0,5,1,0,0,0,47.73,13.64
522,11,11,2,2,38.0,26.0,19.0,146.15,33.0,2,1,0,0,1,19.23,11.54
522,11,12,2,2,133.0,89.0,66.5,149.44,75.0,6,7,2,0,1,22.47,14.61
522,11,13,2,2,57.0,45.0,28.5,126.67,29.0,2,3,0,0,1,26.67,11.11
522,11,14,1,1,18.0,17.0,18.0,105.88,18.0,2,0,0,0,1,47.06,11.76
522,11,15,1,1,26.0,28.0,26.0,92.86,26.0,1,1,0,0,1,42.86,7.14
522,11,16,1,1,32.0,17.0,32.0,188.24,32.0,1,3,0,0,0,17.65,23.53
522,11,18,2,2,32.0,28.0,16.0,114.29,16.0,1,2,0,0,2,32.14,10.71
522,17,1,2,2,69.0,38.0,34.5,181.58,65.0,9,3,1,0,2,39.47,31.58
522,17,2,3,3,62.0,64.0,20.67,96.88,28.0,1,1,0,0,3,26.56,3.12
522,17,3,1,1,14.0,19.0,14.0,73.68,14.0,1,0,0,0,1,52.63,5.26
522,17,4,4,4,143.0,88.0,35.75,162.5,70.0,7,10,1,0,3,28.41,19.32
522,17,5,1,1,41.0,24.0,41.0,170.83,41.0,1,2,0,0,1,12.5,12.5
522,17,6,2,2,57.0,33.0,28.5,172.73,33.0,3,4,0,0,2,21.21,21.21
522,17,7,2,2,56.0,34.0,28.0,164.71,49.0,5,3,0,0,1,26.47,23.53
522,17,8,3,3,68.0,60.0,22.67,113.33,29.0,5,2,0,0,4,36.67,11.67
522,17,9,2,2,50.0,46.0,25.0,108.7,41.0,3,1,0,0,2,28.26,8.7
522,17,10,2,2,49.0,42.0,24.5,116.67,28.0,4,2,0,0,1,38.1,14.29
522,17,11,2,2,101.0,57.0,50.5,177.19,70.0,2,10,1,0,0,26.32,21.05
522,17,12,1,1,84.0,48.0,84.0,175.0,84.0,5,7,1,0,2,31.25,25.0
522,17,13,2,2,29.0,27.0,14.5,107.41,19.0,3,1,0,0,1,44.44,14.81
522,17,14,2,2,13.0,12.0,6.5,108.33,11.0,2,0,0,0,0,41.67,16.67
522,17,15,1,1,2.0,3.0,2.0,66.67,2.0,0,0,0,0,1,33.33,0.0
522,17,16,1,1,1.0,1.0,1.0,100.0,1.0,0,0,0,0,0,0.0,0.0
522,8,17,1,1,25.0,13.0,25.0,192.31,25.0,3,1,0,0,1,15.38,30.77
522,8,18,2,2,42.0,24.0,21.0,175.0,30.0,3,3,0,0,1,29.17,25.0
522,15,6,2,2,71.0,40.0,35.5,177.5,67.0,7,4,1,0,1,35.0,27.5
522,15,7,2,2,70.0,55.0,35.0,127.27,57.0,3,4,1,0,0,30.91,12.73
522,15,8,2,2,73.0,45.0,36.5,162.22,53.0,6,4,1,0,3,28.89,22.22
522,15,9,2,2,35.0,24.0,17.5,145.83,30.0,2,2,0,0,2,25.0,16.67
522,15,10,2,2,92.0,55.0,46.0,167.27,61.0,7,5,1,0,2,27.27,21.82
522,15,11,3,3,54.0,44.0,18.0,122.73,25.0,5,2,0,0,1,36.36,15.91
522,15,13,2,2,68.0,49.0,34.0,138.78,47.0,6,2,0,0,1,32.65,16.33
522,15,14,1,1,14.0,11.0,14.0,127.27,14.0,1,1,0,0,0,45.45,18.18
522,15,15,2,2,11.0,13.0,5.5,84.62,8.0,1,0,0,0,2,46.15,7.69
522,15,17,2,2,6.0,4.0,3.0,150.0,5.0,1,0,0,0,0,25.0,25.0
522,15,18,1,1,6.0,10.0,6.0,60.0,6.0,1,0,0,0,1,60.0,10.0
174,6,5,1,1,4.0,8.0,4.0,50.0,4.0,0,0,0,0,1,50.0,0.0
174,6,6,1,1,0.0,1.0,0.0,0.0,0.0,0,0,0,0,0,100.0,0.0
174,16,1,1,1,15.0,6.0,15.0,250.0,15.0,0,2,0,0,0,33.33,33.33
174,2,1,1,1,13.0,5.0,13.0,260.0,13.0,1,1,0,0,0,0.0,40.0
174,2,2,1,1,6.0,2.0,6.0,300.0,6.0,0,1,0,0,1,50.0,50.0
174,13,2,1,1,7.0,5.0,7.0,140.0,7.0,0,1,0,0,1,60.0,20.0
174,13,3,1,1,2.0,6.0,2.0,33.33,2.0,0,0,0,0,1,66.67,0.0
174,13,4,1,1,0.0,1.0,0.0,0.0,0.0,0,0,0,0,1,100.0,0.0
174,4,4,1,1,0.0,1.0,0.0,0.0,0.0,0,0,0,0,0,0.0,0.0
174,9,6,1,1,42.0,18.0,42.0,233.33,42.0,4,3,0,0,1,27.78,38.89
174,5,6,1,1,0.0,3.0,0.0,0.0,0.0,0,0,0,0,1,100.0,0.0
174,11,1,2,2,3.0,8.0,1.5,37.5,2.0,0,0,0,0,0,50.0,0.0
174,11,6,1,1,3.0,3.0,3.0,100.0,3.0,0,0,0,0,1,33.33,0.0
174,17,1,1,1,4.0,4.0,4.0,100.0,4.0,1,0,0,0,1,75.0,25.0
253,6,15,1,1,20.0,15.0,20.0,133.33,20.0,2,0,0,0,1,13.33,13.33
253,10,15,1,1,1.0,2.0,1.0,50.0,1.0,0,0,0,0,1,50.0,0.0
253,18,15,2,2,40.0,36.0,20.0,111.11,30.0,6,0,0,0,2,41.67,16.67
253,7,4,2,2,14.0,24.0,7.0,58.33,11.0,0,0,0,0,2,50.0,0.0
253,12,15,1,1,6.0,7.0,6.0,85.71,6.0,1,0,0,0,1,57.14,14.29
253,11,15,3,3,55.0,46.0,18.33,119.57,35.0,9,1,0,0,2,56.52,21.74
253,11,17,1,1,4.0,6.0,4.0,66.67,4.0,0,0,0,0,1,33.33,0.0
253,17,4,1,1,8.0,9.0,8.0,88.89,8.0,0,0,0,0,1,22.22,0.0
253,17,15,1,1,16.0,13.0,16.0,123.08,16.0,2,1,0,0,1,61.54,23.08
253,15,15,1,1,19.0,19.0,19.0,100.0,19.0,3,0,0,0,1,42.11,15.79
483,5,14,1,1,1.0,1.0,1.0,100.0,1.0,0,0,0,0,0,0.0,0.0
483,11,12,1,1,0.0,1.0,0.0,0.0,0.0,0,0,0,0,0,0.0,0.0
483,17,11,1,1,0.0,2.0,0.0,0.0,0.0,0,0,0,0,1,100.0,0.0
483,15,11,1,1,10.0,5.0,10.0,200.0,10.0,2,0,0,0,0,0.0,40.0
483,15,12,1,1,0.0,3.0,0.0,0.0,0.0,0,0,0,0,1,100.0,0.0
483,15,13,1,1,1.0,3.0,1.0,33.33,1.0,0,0,0,0,1,66.67,0.0
518,5,15,1,1,4.0,4.0,4.0,100.0,4.0,1,0,0,0,0,75.0,25.0
518,12,15,1,1,2.0,2.0,2.0,100.0,2.0,0,0,0,0,0,0.0,0.0
334,18,16,1,1,0.0,1.0,0.0,0.0,0.0,0,0,0,0,0,100.0,0.0
334,12,16,1,1,6.0,7.0,6.0,85.71,6.0,0,0,0,0,0,14.29,0.0
334,11,16,1,1,1.0,1.0,1.0,100.0,1.0,0,0,0,0,0,0.0,0.0
334,8,17,1,1,3.0,7.0,3.0,42.86,3.0,0,0,0,0,1,57.14,0.0
334,15,17,1,1,0.0,2.0,0.0,0.0,0.0,0,0,0,0,0,100.0,0.0
713,8,18,1,1,0.0,3.0,0.0,0.0,0.0,0,0,0,0,1,100.0,0.0
772,6,14,1,1,0.0,4.0,0.0,0.0,0.0,0,0,0,0,0,100.0,0.0
772,1,15,1,1,3.0,5.0,3.0,60.0,3.0,0,0,0,0,0,40.0,0.0
772,9,14,1,1,0.0,3.0,0.0,0.0,0.0,0,0,0,0,0,100.0,0.0
772,5,14,1,1,8.0,7.0,8.0,114.29,8.0,0,1,0,0,0,57.14,14.29
772,5,16,1,1,1.0,1.0,1.0,100.0,1.0,0,0,0,0,0,0.0,0.0
772,5,18,1,1,0.0,1.0,0.0,0.0,0.0,0,0,0,0,1,100.0,0.0
772,15,11,1,1,1.0,3.0,1.0,33.33,1.0,0,0,0,0,1,66.67,0.0
620,6,1,2,2,21.0,21.0,10.5,100.0,17.0,3,0,0,0,2,47.62,14.29
620,6,2,1,1,5.0,5.0,5.0,100.0,5.0,1,0,0,0,1,60.0,20.0
620,6,3,1,1,11.0,7.0,11.0,157.14,11.0,0,1,0,0,0,14.29,14.29
620,16,1,1,1,16.0,14.0,16.0,114.29,16.0,2,0,0,0,1,28.57,14.29
620,16,2,1,1,5.0,6.0,5.0,83.33,5.0,1,0,0,0,1,66.67,16.67
620,2,1,1,1,31.0,17.0,31.0,182.35,31.0,2,2,0,0,0,17.65,23.53
620,2,2,2,2,46.0,37.0,23.0,124.32,36.0,3,2,0,0,1,37.84,13.51
620,2,3,1,1,2.0,3.0,2.0,66.67,2.0,0,0,0,0,1,33.33,0.0
620,13,1,1,1,39.0,32.0,39.0,121.88,39.0,4,1,0,0,1,31.25,15.62
620,13,2,1,1,2.0,4.0,2.0,50.0,2.0,0,0,0,0,1,50.0,0.0
620,4,4,1,1,5.0,4.0,5.0,125.0,5.0,0,0,0,0,1,25.0,0.0
620,9,1,2,2,57.0,49.0,28.5,116.33,50.0,6,1,1,0,2,30.61,14.29
620,9,2,2,2,38.0,23.0,19.0,165.22,25.0,2,2,0,0,0,17.39,17.39
620,5,1,2,2,57.0,34.0,28.5,167.65,39.0,7,2,0,0,1,32.35,26.47
620,5,2,1,1,48.0,33.0,48.0,145.45,48.0,1,2,0,0,0,21.21,9.09
620,11,1,1,1,4.0,10.0,4.0,40.0,4.0,0,0,0,0,1,60.0,0.0
620,11,2,1,1,6.0,8.0,6.0,75.0,6.0,0,0,0,0,1,37.5,0.0
620,17,4,1,1,1.0,2.0,1.0,50.0,1.0,0,0,0,0,0,0.0,0.0
747,1,16,1,1,36.0,24.0,36.0,150.0,36.0,6,1,0,0,1,50.0,29.17
747,18,16,1,1,34.0,22.0,34.0,154.55,34.0,5,1,0,0,1,40.91,27.27
747,5,16,2,2,38.0,36.0,19.0,105.56,27.0,4,1,0,0,2,44.44,13.89
747,17,16,1,1,8.0,7.0,8.0,114.29,8.0,0,1,0,0,1,57.14,14.29
747,15,16,1,1,1.0,3.0,1.0,33.33,1.0,0,0,0,0,1,66.67,0.0
666,6,16,1,1,1.0,3.0,1.0,33.33,1.0,0,0,0,0,1,66.67,0.0
666,1,15,1,1,39.0,33.0,39.0,118.18,39.0,3,1,0,0,0,27.27,12.12
666,1,16,2,2,25.0,23.0,12.5,108.7,19.0,5,0,0,0,2,60.87,21.74
666,5,13,1,1,0.0,1.0,0.0,0.0,0.0,0,0,0,0,1,100.0,0.0
666,5,16,1,1,0.0,5.0,0.0,0.0,0.0,0,0,0,0,1,80.0,0.0
666,11,15,1,1,1.0,4.0,1.0,25.0,1.0,0,0,0,0,1,75.0,0.0
666,17,13,1,1,33.0,28.0,33.0,117.86,33.0,4,0,0,0,1,32.14,14.29
666,17,16,1,1,27.0,29.0,27.0,93.1,27.0,4,0,0,0,1,51.72,13.79
666,15,16,1,1,36.0,21.0,36.0,171.43,36.0,5,1,0,0,1,33.33,28.57
655,6,12,1,1,36.0,22.0,36.0,163.64,36.0,3,3,0,0,1,40.91,27.27
655,6,13,2,2,35.0,23.0,17.5,152.17,33.0,1,3,0,0,2,39.13,17.39
655,6,14,1,1,0.0,2.0,0.0,0.0,0.0,0,0,0,0,1,100.0,0.0
655,6,15,2,2,69.0,35.0,34.5,197.14,64.0,4,6,1,0,0,22.86,28.57
655,6,16,2,2,52.0,49.0,26.0,106.12,32.0,2,3,0,0,2,36.73,10.2
655,6,17,2,2,57.0,27.0,28.5,211.11,34.0,6,3,0,0,1,11.11,33.33
655,6,18,1,1,8.0,9.0,8.0,88.89,8.0,2,0,0,0,1,77.78,22.22
655,10,13,2,3,53.0,32.0,26.5,165.62,53.0,6,3,1,0,4,43.75,28.12
655,10,14,1,1,9.0,8.0,9.0,112.5,9.0,1,0,0,0,1,25.0,12.5
655,10,15,1,1,62.0,34.0,62.0,182.35,62.0,2,6,1,0,1,32.35,23.53
655,10,16,1,1,36.0,21.0,36.0,171.43,36.0,2,3,0,0,1,42.86,23.81
655,10,17,2,2,61.0,28.0,30.5,217.86,61.0,6,4,1,0,2,28.57,35.71
655,10,18,2,2,84.0,35.0,42.0,240.0,75.0,8,7,1,0,2,28.57,42.86
655,1,15,2,2,37.0,23.0,18.5,160.87,34.0,2,2,0,0,1,17.39,17.39
655,1,16,2,2,4.0,13.0,2.0,30.77,3.0,0,0,0,0,2,69.23,0.0
655,1,17,1,1,32.0,22.0,32.0,145.45,32.0,0,3,0,0,0,31.82,13.64
655,1,18,2,2,117.0,61.0,58.5,191.8,61.0,5,12,2,0,1,34.43,27.87
655,9,12,1,1,48.0,27.0,48.0,177.78,48.0,3,4,0,0,1,44.44,25.93
655,9,13,2,2,18.0,13.0,9.0,138.46,16.0,2,1,0,0,1,46.15,23.08
655,9,14,2,2,31.0,26.0,15.5,119.23,19.0,1,2,0,0,2,34.62,11.54
655,9,15,2,2,7.0,11.0,3.5,63.64,5.0,0,0,0,0,1,27.27,0.0
655,9,16,1,1,58.0,30.0,58.0,193.33,58.0,4,5,1,0,1,30.0,30.0
655,9,17,2,2,55.0,40.0,27.5,137.5,45.0,2,5,0,0,2,42.5,17.5
655,9,18,1,1,87.0,36.0,87.0,241.67,87.0,7,8,1,0,0,25.0,41.67
655,18,15,1,1,34.0,24.0,34.0,141.67,34.0,3,2,0,0,1,37.5,20.83
655,5,13,2,3,68.0,40.0,34.0,170.0,44.0,5,4,0,0,3,30.0,22.5
655,5,14,1,1,2.0,3.0,2.0,66.67,2.0,0,0,0,0,1,33.33,0.0
655,5,15,1,1,38.0,22.0,38.0,172.73,38.0,2,3,0,0,1,22.73,22.73
655,5,16,2,2,8.0,9.0,4.0,88.89,8.0,1,0,0,0,1,22.22,11.11
655,5,17,2,2,89.0,43.0,44.5,206.98,75.0,6,8,1,0,1,32.56,32.56
655,5,18,2,2,39.0,21.0,19.5,185.71,27.0,2,4,0,0,2,42.86,28.57
655,12,15,2,2,40.0,40.0,20.0,100.0,35.0,1,1,0,0,1,30.0,5.0
655,12,16,2,2,45.0,20.0,22.5,225.0,45.0,7,1,0,0,2,20.0,40.0
655,12,17,1,1,42.0,21.0,42.0,200.0,42.0,3,3,0,0,1,14.29,28.57
655,12,18,2,2,50.0,35.0,25.0,142.86,44.0,6,2,0,0,2,40.0,22.86
655,11,12,2,2,17.0,20.0,8.5,85.0,12.0,1,0,0,0,2,35.0,5.0
655,11,13,2,2,47.0,18.0,23.5,261.11,25.0,1,6,0,0,1,27.78,38.89
655,11,14,2,2,32.0,23.0,16.0,139.13,32.0,1,2,0,0,2,34.78,13.04
655,11,15,1,1,0.0,9.0,0.0,0.0,0.0,0,0,0,0,1,100.0,0.0
655,11,16,1,1,29.0,20.0,29.0,145.0,29.0,2,1,0,0,0,25.0,15.0
655,11,17,2,2,75.0,52.0,37.5,144.23,64.0,5,4,1,0,1,26.92,17.31
655,11,18,1,1,11.0,8.0,11.0,137.5,11.0,2,0,0,0,1,37.5,25.0
655,17,12,1,1,46.0,28.0,46.0,164.29,46.0,1,5,0,0,1,35.71,21.43
655,17,13,2,2,23.0,19.0,11.5,121.05,17.0,1,1,0,0,1,31.58,10.53
655,17,14,2,2,3.0,10.0,1.5,30.0,3.0,0,0,0,0,2,70.0,0.0
655,17,15,1,1,19.0,14.0,19.0,135.71,19.0,2,1,0,0,1,35.71,21.43
655,17,16,2,2,71.0,26.0,35.5,273.08,62.0,4,8,1,0,2,26.92,46.15
655,8,17,1,1,40.0,21.0,40.0,190.48,40.0,1,5,0,0,0,42.86,28.57
655,8,18,1,1,13.0,10.0,13.0,130.0,13.0,1,0,0,0,1,10.0,10.0
655,15,12,1,1,21.0,10.0,21.0,210.0,21.0,2,2,0,0,1,50.0,40.0
655,15,13,2,2,109.0,65.0,54.5,167.69,77.0,7,7,1,0,1,24.62,21.54
655,15,14,1,1,8.0,4.0,8.0,200.0,8.0,0,1,0,0,1,25.0,25.0
655,15,16,2,2,55.0,19.0,27.5,289.47,44.0,4,5,0,0,0,15.79,47.37
655,15,17,1,1,48.0,26.0,48.0,184.62,48.0,6,1,0,0,0,15.38,26.92
655,15,18,2,2,115.0,52.0,57.5,221.15,70.0,12,7,1,0,1,21.15,36.54
60,6,11,1,1,16.0,14.0,16.0,114.29,16.0,2,0,0,0,1,42.86,14.29
60,6,12,2,2,21.0,21.0,10.5,100.0,21.0,3,0,0,0,2,47.62,14.29
60,6,13,2,2,96.0,71.0,48.0,135.21,87.0,11,4,1,0,2,40.85,21.13
60,6,14,3,3,46.0,40.0,15.33,115.0,37.0,5,1,0,0,2,35.0,15.0
60,6,15,1,1,21.0,17.0,21.0,123.53,21.0,2,1,0,0,1,35.29,17.65
60,6,16,2,2,84.0,64.0,42.0,131.25,57.0,10,2,1,0,1,34.38,18.75
60,6,18,1,1,81.0,36.0,81.0,225.0,81.0,10,5,1,0,1,27.78,41.67
60,10,12,2,2,12.0,14.0,6.0,85.71,11.0,0,1,0,0,2,50.0,7.14
60,10,13,2,2,139.0,88.0,69.5,157.95,81.0,17,5,2,0,2,32.95,25.0
60,10,14,3,3,64.0,51.0,21.33,125.49,36.0,3,4,0,0,2,33.33,13.73
60,10,15,2,2,87.0,54.0,43.5,161.11,57.0,3,7,1,0,2,22.22,18.52
60,10,16,1,1,4.0,7.0,4.0,57.14,4.0,1,0,0,0,1,85.71,14.29
60,10,18,1,1,51.0,28.0,51.0,182.14,51.0,6,2,1,0,1,14.29,28.57
60,2,10,1,1,8.0,9.0,8.0,88.89,8.0,1,0,0,0,2,55.56,11.11
60,2,11,2,2,67.0,42.0,33.5,159.52,59.0,6,4,1,0,2,33.33,23.81
60,14,9,1,1,70.0,36.0,70.0,194.44,70.0,7,4,1,0,1,22.22,30.56
60,14,10,2,2,72.0,52.0,36.0,138.46,53.0,5,3,1,0,2,30.77,15.38
60,1,15,1,1,2.0,7.0,2.0,28.57,2.0,0,0,0,0,1,71.43,0.0
60,1,16,2,2,49.0,32.0,24.5,153.12,45.0,5,3,0,0,2,40.62,25.0
60,1,18,2,2,5.0,5.0,2.5,100.0,4.0,1,0,0,0,2,60.0,20.0
60,13,9,1,1,25.0,28.0,25.0,89.29,25.0,0,3,0,0,1,60.71,10.71
60,13,10,2,2,74.0,46.0,37.0,160.87,62.0,2,7,1,0,1,28.26,19.57
60,13,11,2,2,14.0,9.0,7.0,155.56,11.0,1,1,0,0,2,33.33,22.22
60,13,12,1,1,63.0,34.0,63.0,185.29,63.0,2,7,1,0,1,41.18,26.47
60,13,13,2,2,2.0,5.0,1.0,40.0,2.0,0,0,0,0,1,60.0,0.0
60,9,10,1,1,50.0,29.0,50.0,172.41,50.0,5,3,1,0,1,27.59,27.59
60,9,18,1,1,8.0,9.0,8.0,88.89,8.0,0,0,0,0,1,22.22,0.0
60,18,15,2,2,44.0,33.0,22.0,133.33,42.0,9,0,0,0,2,48.48,27.27
60,18,16,1,1,8.0,10.0,8.0,80.0,8.0,1,0,0,0,1,50.0,10.0
60,18,18,1,1,8.0,7.0,8.0,114.29,8.0,0,1,0,0,1,57.14,14.29
60,5,11,2,2,52.0,46.0,26.0,113.04,31.0,5,2,0,0,3,43.48,15.22
60,5,12,1,1,26.0,13.0,26.0,200.0,26.0,0,3,0,0,1,23.08,23.08
60,5,13,2,2,29.0,24.0,14.5,120.83,24.0,3,1,0,0,2,41.67,16.67
60,5,14,2,2,62.0,49.0,31.0,126.53,57.0,7,2,1,0,1,36.73,18.37
60,5,15,2,2,51.0,33.0,25.5,154.55,43.0,3,5,0,0,2,51.52,24.24
60,5,16,1,1,5.0,10.0,5.0,50.0,5.0,0,0,0,0,1,60.0,0.0
60,5,17,1,1,33.0,23.0,33.0,143.48,33.0,4,1,0,0,1,26.09,21.74
60,5,18,1,1,9.0,11.0,9.0,81.82,9.0,2,0,0,0,1,72.73,18.18
60,12,14,2,2,31.0,19.0,15.5,163.16,31.0,2,2,0,0,2,26.32,21.05
60,12,15,1,1,0.0,2.0,0.0,0.0,0.0,0,0,0,0,1,100.0,0.0
60,12,16,2,2,75.0,55.0,37.5,136.36,51.0,9,2,1,0,2,32.73,20.0
60,12,18,1,1,12.0,7.0,12.0,171.43,12.0,2,0,0,0,1,28.57,28.57
60,11,11,3,3,59.0,49.0,19.67,120.41,35.0,4,2,0,0,2,30.61,12.24
60,11,12,1,1,21.0,26.0,21.0,80.77,21.0,3,0,0,0,1,50.0,11.54
60,11,13,2,2,22.0,18.0,11.0,122.22,22.0,2,1,0,0,2,55.56,16.67
60,11,14,2,2,34.0,30.0,17.0,113.33,22.0,2,2,0,0,2,43.33,13.33
60,11,15,2,2,66.0,48.0,33.0,137.5,48.0,4,3,0,0,1,27.08,14.58
60,11,16,1,1,22.0,17.0,22.0,129.41,22.0,2,0,0,0,1,17.65,11.76
60,3,10,2,2,37.0,37.0,18.5,100.0,34.0,1,2,0,0,2,40.54,8.11
60,17,9,1,1,9.0,11.0,9.0,81.82,9.0,0,1,0,0,1,72.73,9.09
60,17,10,2,2,38.0,44.0,19.0,86.36,27.0,5,0,0,0,2,50.0,11.36
60,17,11,2,2,49.0,35.0,24.5,140.0,34.0,4,2,0,0,2,25.71,17.14
60,17,12,2,2,122.0,69.0,61.0,176.81,85.0,10,7,1,0,1,33.33,24.64
60,17,13,2,2,9.0,15.0,4.5,60.0,9.0,1,0,0,0,2,53.33,6.67
60,17,14,2,2,41.0,36.0,20.5,113.89,23.0,3,2,0,0,2,38.89,13.89
60,17,15,1,1,10.0,5.0,10.0,200.0,10.0,1,1,0,0,1,40.0,40.0
60,17,16,2,2,49.0,26.0,24.5,188.46,48.0,3,4,0,0,2,23.08,26.92
60,8,18,2,2,32.0,23.0,16.0,139.13,28.0,4,1,0,0,1,39.13,21.74
60,15,10,2,2,54.0,47.0,27.0,114.89,45.0,5,2,0,0,2,40.43,14.89
60,15,11,3,3,47.0,37.0,15.67,127.03,22.0,4,3,0,0,3,48.65,18.92
60,15,12,2,2,79.0,58.0,39.5,136.21,68.0,9,3,1,0,2,36.21,20.69
60,15,13,2,2,55.0,33.0,27.5,166.67,29.0,9,1,0,0,2,30.3,30.3
60,15,14,2,2,105.0,89.0,52.5,117.98,80.0,12,4,1,0,2,46.07,17.98
60,15,15,2,2,80.0,52.0,40.0,153.85,54.0,7,5,1,0,2,38.46,23.08
60,15,16,2,2,117.0,72.0,58.5,162.5,75.0,8,9,1,0,2,36.11,23.61
60,15,17,1,1,9.0,11.0,9.0,81.82,9.0,1,0,0,0,1,54.55,9.09
60,15,18,1,1,11.0,8.0,11.0,137.5,11.0,2,0,0,0,1,50.0,25.0
5,6,5,2,2,7.0,8.0,3.5,87.5,6.0,1,0,0,0,3,62.5,12.5
5,16,5,2,2,5.0,14.0,2.5,35.71,3.0,0,0,0,0,2,57.14,0.0
5,2,5,1,1,15.0,15.0,15.0,100.0,15.0,2,0,0,0,1,53.33,13.33
5,5,5,2,2,47.0,47.0,23.5,100.0,30.0,7,0,0,0,2,48.94,14.89
5,11,5,1,1,2.0,9.0,2.0,22.22,2.0,0,0,0,0,1,66.67,0.0
5,17,5,2,2,64.0,48.0,32.0,133.33,50.0,6,0,1,0,2,27.08,12.5
79,6,16,1,1,64.0,51.0,64.0,125.49,64.0,8,1,1,0,1,33.33,17.65
79,6,18,2,2,14.0,10.0,7.0,140.0,9.0,1,1,0,0,2,40.0,20.0
79,10,17,1,1,4.0,2.0,4.0,200.0,4.0,1,0,0,0,1,50.0,50.0
79,10,18,1,1,16.0,16.0,16.0,100.0,16.0,1,0,0,0,1,31.25,6.25
79,1,16,3,3,59.0,31.0,19.67,190.32,40.0,5,4,0,0,3,29.03,29.03
79,9,16,1,1,6.0,4.0,6.0,150.0,6.0,1,0,0,0,1,25.0,25.0
79,9,17,2,2,9.0,14.0,4.5,64.29,6.0,1,0,0,0,2,57.14,7.14
79,9,18,1,1,10.0,9.0,10.0,111.11,10.0,2,0,0,0,1,55.56,22.22
79,18,16,2,2,39.0,32.0,19.5,121.88,23.0,4,2,0,0,2,50.0,18.75
79,18,17,2,2,47.0,44.0,23.5,106.82,46.0,4,2,0,0,2,43.18,13.64
79,18,18,2,2,59.0,34.0,29.5,173.53,43.0,5,5,0,0,1,47.06,29.41
79,5,18,2,2,50.0,31.0,25.0,161.29,48.0,4,2,0,0,1,22.58,19.35
79,12,16,1,1,0.0,1.0,0.0,0.0,0.0,0,0,0,0,1,100.0,0.0
79,11,17,1,1,49.0,24.0,49.0,204.17,49.0,3,4,0,0,1,20.83,29.17
79,11,18,2,2,132.0,78.0,66.0,169.23,70.0,9,8,2,0,2,25.64,21.79
79,17,16,2,2,73.0,47.0,36.5,155.32,52.0,5,5,1,0,1,31.91,21.28
79,8,18,4,4,61.0,53.0,15.25,115.09,33.0,4,4,0,0,2,45.28,15.09
79,15,18,1,1,27.0,22.0,27.0,122.73,27.0,2,1,0,0,1,22.73,13.64
619,6,18,1,1,17.0,12.0,17.0,141.67,17.0,1,0,0,0,1,8.33,8.33
619,10,18,2,2,62.0,25.0,31.0,248.0,38.0,6,4,0,0,0,12.0,40.0
619,1,17,1,1,20.0,10.0,20.0,200.0,20.0,3,1,0,0,1,40.0,40.0
619,1,18,3,3,34.0,27.0,11.33,125.93,18.0,4,1,0,0,2,33.33,18.52
619,9,17,2,2,28.0,17.0,14.0,164.71,17.0,3,2,0,0,2,52.94,29.41
619,18,17,1,1,62.0,28.0,62.0,221.43,62.0,4,5,1,0,0,17.86,32.14
619,18,18,2,2,71.0,35.0,35.5,202.86,46.0,6,5,0,0,1,20.0,31.43
619,12,18,2,2,57.0,30.0,28.5,190.0,37.0,7,2,0,0,2,23.33,30.0
619,11,17,1,1,0.0,1.0,0.0,0.0,0.0,0,0,0,0,1,100.0,0.0
619,8,18,1,1,11.0,6.0,11.0,183.33,11.0,1,1,0,0,1,50.0,33.33
619,15,17,2,2,30.0,23.0,15.0,130.43,30.0,2,2,0,0,2,34.78,17.39
619,15,18,1,1,0.0,3.0,0.0,0.0,0.0,0,0,0,0,1,100.0,0.0
557,6,12,1,1,2.0,3.0,2.0,66.67,2.0,0,0,0,0,1,33.33,0.0
557,6,14,1,1,2.0,4.0,2.0,50.0,2.0,0,0,0,0,1,50.0,0.0
557,10,13,1,1,12.0,12.0,12.0,100.0,12.0,1,0,0,0,0,41.67,8.33
557,13,13,1,1,6.0,7.0,6.0,85.71,6.0,1,0,0,0,1,57.14,14.29
557,5,15,1,1,2.0,2.0,2.0,100.0,2.0,0,0,0,0,1,50.0,0.0
557,11,12,1,1,0.0,1.0,0.0,0.0,0.0,0,0,0,0,0,0.0,0.0
557,15,13,1,1,9.0,8.0,9.0,112.5,9.0,1,0,0,0,0,25.0,12.5
690,10,17,1,1,2.0,4.0,2.0,50.0,2.0,0,0,0,0,0,75.0,0.0
690,9,16,1,1,2.0,3.0,2.0,66.67,2.0,0,0,0,0,0,0.0,0.0
690,5,16,1,1,1.0,5.0,1.0,20.0,1.0,0,0,0,0,1,80.0,0.0
690,17,16,1,1,13.0,13.0,13.0,100.0,13.0,2,0,0,0,1,30.77,15.38
166,4,4,1,1,0.0,13.0,0.0,0.0,0.0,0,0,0,0,1,100.0,0.0
424,6,17,2,2,29.0,23.0,14.5,126.09,15.0,1,1,0,0,1,26.09,8.7
424,6,18,1,1,19.0,13.0,19.0,146.15,19.0,2,0,0,0,0,30.77,15.38
424,10,17,1,1,37.0,27.0,37.0,137.04,37.0,2,2,0,0,1,29.63,14.81
424,10,18,1,1,0.0,2.0,0.0,0.0,0.0,0,0,0,0,1,100.0,0.0
424,1,18,2,2,52.0,44.0,26.0,118.18,31.0,4,2,0,0,1,34.09,13.64
424,9,17,2,2,22.0,20.0,11.0,110.0,13.0,2,1,0,0,2,50.0,15.0
424,9,18,1,1,19.0,15.0,19.0,126.67,19.0,2,1,0,0,1,53.33,20.0
424,18,18,2,2,37.0,30.0,18.5,123.33,32.0,3,0,0,0,2,23.33,10.0
424,5,17,1,1,20.0,15.0,20.0,133.33,20.0,2,0,0,0,1,26.67,13.33
424,5,18,2,2,21.0,27.0,10.5,77.78,19.0,1,0,0,0,2,33.33,3.7
424,12,17,2,2,101.0,62.0,50.5,162.9,64.0,5,8,1,0,2,27.42,20.97
424,11,17,2,2,81.0,52.0,40.5,155.77,76.0,3,8,1,0,1,40.38,21.15
424,11,18,1,1,30.0,15.0,30.0,200.0,30.0,4,1,0,0,1,20.0,33.33
424,8,17,1,1,13.0,13.0,13.0,100.0,13.0,0,1,0,0,1,46.15,7.69
424,8,18,1,1,4.0,7.0,4.0,57.14,4.0,0,0,0,0,1,42.86,0.0
109,6,8,1,1,4.0,7.0,4.0,57.14,4.0,1,0,0,0,1,85.71,14.29
109,2,7,1,1,4.0,6.0,4.0,66.67,4.0,1,0,0,0,1,83.33,16.67
109,5,7,1,1,12.0,8.0,12.0,150.0,12.0,2,0,0,0,1,50.0,25.0
678,7,4,1,1,1.0,1.0,1.0,100.0,1.0,0,0,0,0,0,0.0,0.0
57,6,1,1,1,2.0,11.0,2.0,18.18,2.0,0,0,0,0,1,72.73,0.0
57,2,1,1,1,4.0,2.0,4.0,200.0,4.0,1,0,0,0,1,50.0,50.0
57,13,1,1,1,57.0,39.0,57.0,146.15,57.0,10,0,1,0,1,38.46,25.64
57,9,2,1,1,14.0,22.0,14.0,63.64,14.0,1,0,0,0,1,59.09,4.55
57,5,1,1,1,40.0,29.0,40.0,137.93,40.0,2,1,0,0,0,17.24,10.34
57,17,2,1,1,4.0,16.0,4.0,25.0,4.0,0,0,0,0,1,75.0,0.0
687,6,4,1,1,15.0,16.0,15.0,93.75,15.0,0,0,0,0,3,31.25,0.0
687,11,4,1,1,11.0,6.0,11.0,183.33,11.0,0,1,0,0,0,16.67,16.67
240,6,6,1,1,23.0,13.0,23.0,176.92,23.0,1,2,0,0,1,23.08,23.08
240,16,4,1,1,22.0,23.0,22.0,95.65,22.0,4,0,0,0,1,60.87,17.39
240,2,6,1,1,2.0,3.0,2.0,66.67,2.0,0,0,0,0,1,33.33,0.0
240,2,8,1,1,3.0,7.0,3.0,42.86,3.0,0,0,0,0,1,57.14,0.0
240,2,9,1,1,14.0,5.0,14.0,280.0,14.0,0,2,0,0,0,20.0,40.0
240,14,9,1,1,3.0,2.0,3.0,150.0,3.0,0,0,0,0,0,0.0,0.0
240,13,5,1,1,4.0,5.0,4.0,80.0,4.0,0,0,0,0,0,20.0,0.0
240,13,6,2,2,55.0,30.0,27.5,183.33,32.0,2,5,0,0,1,23.33,23.33
240,13,9,2,2,31.0,23.0,15.5,134.78,23.0,3,1,0,0,2,30.43,17.39
240,9,6,2,2,40.0,35.0,20.0,114.29,36.0,2,1,0,0,2,25.71,8.57
240,9,8,1,1,9.0,8.0,9.0,112.5,9.0,0,1,0,0,1,37.5,12.5
240,9,9,2,2,25.0,20.0,12.5,125.0,13.0,0,2,0,0,2,45.0,10.0
240,5,6,1,1,2.0,5.0,2.0,40.0,2.0,0,0,0,0,0,40.0,0.0
240,5,9,1,1,12.0,9.0,12.0,133.33,12.0,0,1,0,0,0,22.22,11.11
240,7,5,1,1,0.0,4.0,0.0,0.0,0.0,0,0,0,0,1,100.0,0.0
240,7,6,2,2,32.0,22.0,16.0,145.45,30.0,3,1,0,0,2,31.82,18.18
240,11,4,1,1,1.0,4.0,1.0,25.0,1.0,0,0,0,0,1,75.0,0.0
240,11,6,3,3,32.0,23.0,10.67,139.13,17.0,2,1,0,0,3,30.43,13.04
240,17,6,2,3,49.0,34.0,24.5,144.12,40.0,2,4,0,0,2,32.35,17.65
240,17,9,2,2,48.0,21.0,24.0,228.57,34.0,4,4,0,0,2,33.33,38.1
240,15,9,1,1,17.0,13.0,17.0,130.77,17.0,0,1,0,0,1,15.38,7.69
249,6,8,1,1,5.0,4.0,5.0,125.0,5.0,1,0,0,0,1,50.0,25.0
249,10,14,1,1,1.0,2.0,1.0,50.0,1.0,0,0,0,0,1,50.0,0.0
249,13,6,1,1,9.0,6.0,9.0,150.0,9.0,0,1,0,0,1,33.33,16.67
249,13,13,1,1,24.0,12.0,24.0,200.0,24.0,4,0,0,0,0,25.0,33.33
249,9,8,1,1,2.0,2.0,2.0,100.0,2.0,0,0,0,0,0,0.0,0.0
249,9,9,1,1,7.0,11.0,7.0,63.64,7.0,1,0,0,0,0,63.64,9.09
249,5,8,1,1,3.0,2.0,3.0,150.0,3.0,0,0,0,0,0,0.0,0.0
249,5,10,1,1,6.0,4.0,6.0,150.0,6.0,0,1,0,0,1,75.0,25.0
249,11,8,1,1,6.0,2.0,6.0,300.0,6.0,0,1,0,0,1,50.0,50.0
249,3,9,1,1,2.0,3.0,2.0,66.67,2.0,0,0,0,0,0,33.33,0.0
249,3,10,1,1,6.0,5.0,6.0,120.0,6.0,0,1,0,0,1,80.0,20.0
249,17,8,1,1,4.0,8.0,4.0,50.0,4.0,1,0,0,0,1,87.5,12.5
249,17,10,1,1,2.0,3.0,2.0,66.67,2.0,0,0,0,0,1,33.33,0.0
249,15,13,1,1,1.0,3.0,1.0,33.33,1.0,0,0,0,0,1,66.67,0.0
249,15,14,1,1,3.0,3.0,3.0,100.0,3.0,0,0,0,0,1,33.33,0.0
249,15,15,1,1,1.0,2.0,1.0,50.0,1.0,0,0,0,0,0,0.0,0.0
495,6,16,1,1,7.0,5.0,7.0,140.0,7.0,1,0,0,0,0,20.0,20.0
495,10,17,1,1,1.0,7.0,1.0,14.29,1.0,0,0,0,0,1,85.71,0.0
495,9,18,2,2,3.0,10.0,1.5,30.0,2.0,0,0,0,0,2,80.0,0.0
495,18,17,1,1,4.0,2.0,4.0,200.0,4.0,1,0,0,0,1,50.0,50.0
495,5,16,1,1,1.0,3.0,1.0,33.33,1.0,0,0,0,0,1,66.67,0.0
495,12,18,1,1,0.0,1.0,0.0,0.0,0.0,0,0,0,0,1,100.0,0.0
495,11,18,1,1,2.0,1.0,2.0,200.0,2.0,0,0,0,0,0,0.0,0.0
495,8,18,1,1,0.0,2.0,0.0,0.0,0.0,0,0,0,0,0,100.0,0.0
495,15,16,1,1,0.0,1.0,0.0,0.0,0.0,0,0,0,0,1,100.0,0.0
495,15,18,1,1,2.0,3.0,2.0,66.67,2.0,0,0,0,0,1,33.33,0.0
256,10,12,1,1,7.0,16.0,7.0,43.75,7.0,1,0,0,0,1,75.0,6.25
256,5,9,1,1,1.0,3.0,1.0,33.33,1.0,0,0,0,0,1,66.67,0.0
256,5,13,1,1,1.0,3.0,1.0,33.33,1.0,0,0,0,0,1,66.67,0.0
256,15,9,1,1,22.0,28.0,22.0,78.57,22.0,1,0,0,0,1,39.29,3.57
470,10,15,1,1,0.0,2.0,0.0,0.0,0.0,0,0,0,0,1,100.0,0.0
470,5,14,1,1,6.0,4.0,6.0,150.0,6.0,0,0,0,0,0,0.0,0.0
470,17,16,1,1,1.0,2.0,1.0,50.0,1.0,0,0,0,0,1,50.0,0.0
470,15,14,1,1,12.0,12.0,12.0,100.0,12.0,0,1,0,0,1,41.67,8.33
470,15,16,1,1,0.0,5.0,0.0,0.0,0.0,0,0,0,0,1,100.0,0.0
80,6,2,1,1,0.0,2.0,0.0,0.0,0.0,0,0,0,0,1,100.0,0.0
80,6,3,2,2,174.0,104.0,87.0,167.31,94.0,14,11,2,0,1,26.92,24.04
80,6,4,1,1,25.0,14.0,25.0,178.57,25.0,3,2,0,0,1,57.14,35.71
80,6,5,3,3,24.0,28.0,8.0,85.71,14.0,3,1,0,0,3,60.71,14.29
80,6,7,1,1,19.0,18.0,19.0,105.56,19.0,0,1,0,0,1,33.33,5.56
80,6,8,2,2,35.0,23.0,17.5,152.17,20.0,3,2,0,0,2,39.13,21.74
80,16,2,2,2,16.0,20.0,8.0,80.0,16.0,2,0,0,0,2,55.0,10.0
80,16,3,2,2,15.0,22.0,7.5,68.18,14.0,1,1,0,0,2,68.18,9.09
80,16,4,2,2,9.0,14.0,4.5,64.29,7.0,1,0,0,0,2,64.29,7.14
80,16,5,2,2,65.0,50.0,32.5,130.0,64.0,2,5,1,0,1,40.0,14.0
80,2,2,1,1,9.0,17.0,9.0,52.94,9.0,1,0,0,0,1,64.71,5.88
80,2,3,2,2,51.0,28.0,25.5,182.14,27.0,8,2,0,0,2,42.86,35.71
80,2,7,1,1,13.0,3.0,13.0,433.33,13.0,0,2,0,0,0,0.0,66.67
80,2,8,1,1,12.0,10.0,12.0,120.0,12.0,1,0,0,0,1,20.0,10.0
80,2,9,2,2,23.0,23.0,11.5,100.0,16.0,1,1,0,0,2,39.13,8.7
80,14,9,2,2,19.0,14.0,9.5,135.71,10.0,1,1,0,0,1,28.57,14.29
80,13,2,1,1,68.0,51.0,68.0,133.33,68.0,5,5,1,0,1,49.02,19.61
80,13,3,2,2,57.0,47.0,28.5,121.28,44.0,7,1,0,0,1,38.3,17.02
80,13,4,2,2,47.0,36.0,23.5,130.56,28.0,3,4,0,0,1,50.0,19.44
80,13,5,2,2,39.0,35.0,19.5,111.43,34.0,4,2,0,0,1,48.57,17.14
80,13,7,1,1,79.0,36.0,79.0,219.44,79.0,4,7,1,0,0,19.44,30.56
80,13,8,2,2,30.0,29.0,15.0,103.45,28.0,3,0,0,0,1,34.48,10.34
80,13,9,1,1,2.0,2.0,2.0,100.0,2.0,0,0,0,0,0,0.0,0.0
80,13,10,1,1,34.0,20.0,34.0,170.0,34.0,2,1,0,0,1,20.0,15.0
80,4,4,2,2,13.0,17.0,6.5,76.47,13.0,1,1,0,0,2,70.59,11.76
80,9,2,1,1,22.0,12.0,22.0,183.33,22.0,0,3,0,0,1,50.0,25.0
80,9,3,2,2,45.0,40.0,22.5,112.5,27.0,8,0,0,0,1,42.5,20.0
80,9,4,1,1,1.0,2.0,1.0,50.0,1.0,0,0,0,0,1,50.0,0.0
80,9,5,2,2,30.0,34.0,15.0,88.24,28.0,4,1,0,0,2,58.82,14.71
80,9,6,1,1,9.0,9.0,9.0,100.0,9.0,1,0,0,0,1,33.33,11.11
80,9,7,2,2,48.0,47.0,24.0,102.13,26.0,6,3,0,0,2,63.83,19.15
80,9,8,2,2,18.0,11.0,9.0,163.64,18.0,1,2,0,0,2,54.55,27.27
80,9,9,3,3,59.0,62.0,19.67,95.16,37.0,3,2,0,0,3,48.39,8.06
80,9,10,2,2,27.0,27.0,13.5,100.0,16.0,0,1,0,0,1,33.33,3.7
80,5,2,1,1,1.0,4.0,1.0,25.0,1.0,0,0,0,0,1,75.0,0.0
80,5,3,2,2,12.0,17.0,6.0,70.59,12.0,2,0,0,0,2,64.71,11.76
80,5,4,2,2,30.0,37.0,15.0,81.08,29.0,2,1,0,0,2,54.05,8.11
80,5,5,2,2,18.0,19.0,9.0,94.74,13.0,2,0,0,0,1,57.89,10.53
80,5,7,2,2,17.0,7.0,8.5,242.86,10.0,2,1,0,0,0,14.29,42.86
80,5,8,2,2,9.0,10.0,4.5,90.0,9.0,0,0,0,0,2,30.0,0.0
80,5,10,1,1,9.0,9.0,9.0,100.0,9.0,0,0,0,0,1,22.22,0.0
80,7,4,2,2,19.0,28.0,9.5,67.86,11.0,1,1,0,0,2,60.71,7.14
80,7,5,1,1,11.0,6.0,11.0,183.33,11.0,0,1,0,0,0,16.67,16.67
80,11,4,1,1,0.0,2.0,0.0,0.0,0.0,0,0,0,0,1,100.0,0.0
80,11,5,2,2,22.0,14.0,11.0,157.14,11.0,1,2,0,0,1,28.57,21.43
80,11,6,1,1,0.0,1.0,0.0,0.0,0.0,0,0,0,0,0,100.0,0.0
80,11,7,1,1,17.0,19.0,17.0,89.47,17.0,1,0,0,0,1,31.58,5.26
80,11,8,2,2,33.0,38.0,16.5,86.84,25.0,4,0,0,0,1,50.0,10.53
80,3,9,2,2,25.0,26.0,12.5,96.15,18.0,1,1,0,0,2,38.46,7.69
80,3,10,1,1,9.0,9.0,9.0,100.0,9.0,0,1,0,0,1,55.56,11.11
80,17,2,1,1,52.0,38.0,52.0,136.84,52.0,3,3,1,0,0,36.84,15.79
80,17,3,2,2,23.0,27.0,11.5,85.19,16.0,2,0,0,0,3,51.85,7.41
80,17,4,1,1,16.0,11.0,16.0,145.45,16.0,0,2,0,0,1,45.45,18.18
80,17,5,2,2,46.0,38.0,23.0,121.05,33.0,5,1,0,0,2,42.11,15.79
80,17,7,2,2,39.0,31.0,19.5,125.81,24.0,1,3,0,0,2,35.48,12.9
80,17,9,3,3,8.0,11.0,2.67,72.73,7.0,1,0,0,0,2,63.64,9.09
80,15,11,1,1,1.0,4.0,1.0,25.0,1.0,0,0,0,0,1,50.0,0.0
185,6,3,1,1,5.0,4.0,5.0,125.0,5.0,1,0,0,0,1,50.0,25.0
185,6,4,1,1,3.0,3.0,3.0,100.0,3.0,0,0,0,0,0,0.0,0.0
185,6,5,1,1,52.0,43.0,52.0,120.93,52.0,4,3,1,0,1,44.19,16.28
185,16,3,1,1,58.0,46.0,58.0,126.09,58.0,3,3,1,0,0,32.61,13.04
185,16,5,2,2,40.0,43.0,20.0,93.02,28.0,2,0,0,0,1,27.91,4.65
185,2,5,2,2,2.0,4.0,1.0,50.0,1.0,0,0,0,0,1,50.0,0.0
185,13,4,1,1,23.0,12.0,23.0,191.67,23.0,1,2,0,0,1,16.67,25.0
185,13,5,1,1,14.0,8.0,14.0,175.0,14.0,2,0,0,0,0,12.5,25.0
185,9,5,2,2,54.0,44.0,27.0,122.73,31.0,5,1,0,0,1,34.09,13.64
185,9,6,1,1,24.0,22.0,24.0,109.09,24.0,2,0,0,0,1,22.73,9.09
185,5,3,1,1,31.0,23.0,31.0,134.78,31.0,3,0,0,0,1,13.04,13.04
185,5,5,2,2,104.0,66.0,52.0,157.58,76.0,6,6,1,0,1,27.27,18.18
185,7,5,1,1,4.0,7.0,4.0,57.14,4.0,0,0,0,0,0,42.86,0.0
185,11,3,1,1,19.0,17.0,19.0,111.76,19.0,0,2,0,0,1,41.18,11.76
185,17,3,1,1,2.0,5.0,2.0,40.0,2.0,0,0,0,0,0,60.0,0.0
185,17,5,2,2,70.0,41.0,35.0,170.73,60.0,5,6,1,0,2,34.15,26.83
185,17,6,1,1,1.0,1.0,1.0,100.0,1.0,0,0,0,0,1,0.0,0.0
555,1,15,1,1,8.0,5.0,8.0,160.0,8.0,0,1,0,0,0,40.0,20.0
683,6,15,1,1,3.0,7.0,3.0,42.86,3.0,0,0,0,0,1,57.14,0.0
683,1,15,1,1,0.0,1.0,0.0,0.0,0.0,0,0,0,0,1,100.0,0.0
683,9,15,1,1,9.0,12.0,9.0,75.0,9.0,0,1,0,0,0,66.67,8.33
683,5,15,1,1,1.0,1.0,1.0,100.0,1.0,0,0,0,0,0,0.0,0.0
683,17,15,1,1,25.0,8.0,25.0,312.5,25.0,1,3,0,0,0,12.5,50.0
683,15,15,1,1,13.0,15.0,13.0,86.67,13.0,0,1,0,0,1,60.0,6.67
380,6,6,1,1,1.0,5.0,1.0,20.0,1.0,0,0,0,0,1,80.0,0.0
380,2,5,1,1,4.0,5.0,4.0,80.0,4.0,0,0,0,0,0,20.0,0.0
380,5,6,1,1,0.0,2.0,0.0,0.0,0.0,0,0,0,0,0,100.0,0.0
380,11,6,1,1,0.0,1.0,0.0,0.0,0.0,0,0,0,0,1,100.0,0.0
380,15,6,1,1,0.0,1.0,0.0,0.0,0.0,0,0,0,0,1,100.0,0.0
575,6,11,1,1,8.0,6.0,8.0,133.33,8.0,2,0,0,0,1,66.67,33.33
765,6,3,1,1,5.0,3.0,5.0,166.67,5.0,1,0,0,0,1,33.33,33.33
765,2,3,2,2,49.0,51.0,24.5,96.08,29.0,1,3,0,0,1,49.02,7.84
765,13,3,1,1,1.0,1.0,1.0,100.0,1.0,0,0,0,0,0,0.0,0.0
765,9,3,2,2,8.0,13.0,4.0,61.54,8.0,0,0,0,0,2,53.85,0.0
765,9,5,2,2,12.0,19.0,6.0,63.16,6.0,0,0,0,0,4,42.11,0.0
765,5,3,1,1,41.0,29.0,41.0,141.38,41.0,2,2,0,0,1,20.69,13.79
765,17,3,1,1,3.0,9.0,3.0,33.33,3.0,0,0,0,0,1,66.67,0.0
765,17,5,1,1,3.0,5.0,3.0,60.0,3.0,0,0,0,0,1,60.0,0.0
765,15,6,1,1,5.0,8.0,5.0,62.5,5.0,0,0,0,0,1,37.5,0.0
247,5,13,1,1,7.0,13.0,7.0,53.85,7.0,0,0,0,0,0,46.15,0.0
247,12,16,1,1,16.0,20.0,16.0,80.0,16.0,2,0,0,0,1,50.0,10.0
477,6,1,2,2,27.0,16.0,13.5,168.75,21.0,2,1,0,0,1,12.5,18.75
477,6,2,2,2,12.0,9.0,6.0,133.33,12.0,0,1,0,0,1,33.33,11.11
477,6,5,1,1,6.0,6.0,6.0,100.0,6.0,0,0,0,0,0,33.33,0.0
477,6,6,1,1,3.0,5.0,3.0,60.0,3.0,0,0,0,0,0,20.0,0.0
477,6,7,1,1,1.0,2.0,1.0,50.0,1.0,0,0,0,0,1,50.0,0.0
477,16,1,1,1,8.0,4.0,8.0,200.0,8.0,2,0,0,0,1,50.0,50.0
477,16,2,2,2,16.0,9.0,8.0,177.78,14.0,0,2,0,0,1,33.33,22.22
477,16,4,1,1,0.0,7.0,0.0,0.0,0.0,0,0,0,0,1,85.71,0.0
477,2,1,2,2,8.0,10.0,4.0,80.0,6.0,1,0,0,0,2,60.0,10.0
477,2,3,1,1,0.0,1.0,0.0,0.0,0.0,0,0,0,0,1,100.0,0.0
477,2,5,2,2,11.0,7.0,5.5,157.14,8.0,1,0,0,0,0,28.57,14.29
477,2,8,1,1,1.0,1.0,1.0,100.0,1.0,0,0,0,0,0,0.0,0.0
477,13,1,2,2,5.0,9.0,2.5,55.56,5.0,0,0,0,0,2,55.56,0.0
477,13,2,2,2,22.0,14.0,11.0,157.14,13.0,1,1,0,0,1,28.57,14.29
477,13,9,1,1,15.0,13.0,15.0,115.38,15.0,2,0,0,0,1,38.46,15.38
477,9,1,2,2,22.0,17.0,11.0,129.41,18.0,2,2,0,0,0,52.94,23.53
477,9,3,1,1,3.0,5.0,3.0,60.0,3.0,0,0,0,0,0,40.0,0.0
477,9,4,1,1,2.0,2.0,2.0,100.0,2.0,0,0,0,0,0,50.0,0.0
477,9,5,1,1,0.0,1.0,0.0,0.0,0.0,0,0,0,0,1,100.0,0.0
477,9,6,1,1,1.0,2.0,1.0,50.0,1.0,0,0,0,0,1,50.0,0.0
477,9,8,1,1,12.0,16.0,12.0,75.0,12.0,1,0,0,0,1,50.0,6.25
477,5,1,1,1,8.0,11.0,8.0,72.73,8.0,1,0,0,0,1,54.55,9.09
477,5,3,1,1,1.0,2.0,1.0,50.0,1.0,0,0,0,0,1,50.0,0.0
477,5,4,2,2,4.0,5.0,2.0,80.0,2.0,0,0,0,0,1,40.0,0.0
477,5,6,2,2,24.0,16.0,12.0,150.0,24.0,1,2,0,0,2,50.0,18.75
477,5,8,2,2,4.0,8.0,2.0,50.0,4.0,0,0,0,0,1,37.5,0.0
477,5,9,1,1,0.0,2.0,0.0,0.0,0.0,0,0,0,0,1,100.0,0.0
477,7,4,2,2,6.0,10.0,3.0,60.0,3.0,0,0,0,0,1,40.0,0.0
477,7,5,1,1,1.0,2.0,1.0,50.0,1.0,0,0,0,0,0,50.0,0.0
477,11,1,2,2,34.0,31.0,17.0,109.68,34.0,2,3,0,0,2,58.06,16.13
477,11,2,2,2,15.0,14.0,7.5,107.14,8.0,0,2,0,0,2,64.29,14.29
477,11,5,2,2,17.0,14.0,8.5,121.43,10.0,1,1,0,0,1,35.71,14.29
477,11,6,1,1,15.0,7.0,15.0,214.29,15.0,2,1,0,0,1,42.86,42.86
477,17,4,1,1,15.0,7.0,15.0,214.29,15.0,2,1,0,0,0,42.86,42.86
477,17,9,2,2,2.0,6.0,1.0,33.33,1.0,0,0,0,0,2,66.67,0.0
477,15,6,2,2,4.0,9.0,2.0,44.44,3.0,0,0,0,0,1,55.56,0.0
477,15,9,2,2,7.0,5.0,3.5,140.0,6.0,1,0,0,0,0,20.0,20.0
477,15,10,2,2,8.0,9.0,4.0,88.89,7.0,0,0,0,0,1,11.11,0.0
245,6,5,1,1,8.0,6.0,8.0,133.33,8.0,0,1,0,0,1,50.0,16.67
245,6,11,1,1,0.0,1.0,0.0,0.0,0.0,0,0,0,0,1,100.0,0.0
245,6,12,1,1,5.0,6.0,5.0,83.33,5.0,0,0,0,0,1,33.33,0.0
245,10,12,1,1,0.0,1.0,0.0,0.0,0.0,0,0,0,0,1,100.0,0.0
245,2,8,1,1,5.0,8.0,5.0,62.5,5.0,0,0,0,0,0,37.5,0.0
245,2,10,2,2,23.0,13.0,11.5,176.92,13.0,3,1,0,0,1,38.46,30.77
245,14,9,1,1,3.0,4.0,3.0,75.0,3.0,0,0,0,0,0,25.0,0.0
245,14,10,1,1,32.0,19.0,32.0,168.42,32.0,3,2,0,0,1,36.84,26.32
245,13,9,1,1,8.0,2.0,8.0,400.0,8.0,0,1,0,0,0,0.0,50.0
245,13,10,1,1,21.0,23.0,21.0,91.3,21.0,2,0,0,0,1,30.43,8.7
245,9,5,1,1,14.0,11.0,14.0,127.27,14.0,2,0,0,0,1,27.27,18.18
245,9,8,1,1,27.0,13.0,27.0,207.69,27.0,4,1,0,0,1,23.08,38.46
245,9,9,1,1,11.0,19.0,11.0,57.89,11.0,0,1,0,0,1,73.68,5.26
245,9,10,2,2,7.0,6.0,3.5,116.67,5.0,1,0,0,0,2,50.0,16.67
245,5,8,3,3,42.0,25.0,14.0,168.0,36.0,4,1,0,0,2,24.0,20.0
245,5,9,1,1,10.0,10.0,10.0,100.0,10.0,1,0,0,0,0,30.0,10.0
245,5,10,2,2,48.0,36.0,24.0,133.33,35.0,1,3,0,0,2,33.33,11.11
245,5,12,1,1,0.0,2.0,0.0,0.0,0.0,0,0,0,0,1,100.0,0.0
245,7,5,1,1,8.0,8.0,8.0,100.0,8.0,1,0,0,0,0,50.0,12.5
245,11,8,1,1,2.0,3.0,2.0,66.67,2.0,0,0,0,0,1,33.33,0.0
245,11,11,1,1,3.0,4.0,3.0,75.0,3.0,0,0,0,0,1,25.0,0.0
245,11,12,1,1,4.0,3.0,4.0,133.33,4.0,1,0,0,0,1,33.33,33.33
245,3,9,1,1,19.0,12.0,19.0,158.33,19.0,1,1,0,0,1,16.67,16.67
245,3,10,2,2,13.0,14.0,6.5,92.86,10.0,0,1,0,0,2,35.71,7.14
245,17,5,1,1,6.0,4.0,6.0,150.0,6.0,1,0,0,0,0,25.0,25.0
245,17,8,2,2,25.0,13.0,12.5,192.31,13.0,1,2,0,0,1,23.08,23.08
245,17,9,1,1,6.0,12.0,6.0,50.0,6.0,0,0,0,0,1,50.0,0.0
245,15,8,1,1,15.0,11.0,15.0,136.36,15.0,1,1,0,0,1,36.36,18.18
11,16,5,1,1,0.0,1.0,0.0,0.0,0.0,0,0,0,0,0,100.0,0.0
11,17,4,1,1,1.0,1.0,1.0,100.0,1.0,0,0,0,0,0,0.0,0.0
201,15,12,1,1,19.0,24.0,19.0,79.17,19.0,2,0,0,0,1,45.83,8.33
195,2,9,1,1,18.0,12.0,18.0,150.0,18.0,1,1,0,0,0,33.33,16.67
195,9,9,1,1,1.0,1.0,1.0,100.0,1.0,0,0,0,0,0,0.0,0.0
533,6,16,1,1,42.0,24.0,42.0,175.0,42.0,4,2,0,0,1,20.83,25.0
533,6,17,2,2,43.0,33.0,21.5,130.3,30.0,3,3,0,0,2,45.45,18.18
533,6,18,2,2,54.0,38.0,27.0,142.11,54.0,5,3,1,0,2,36.84,21.05
533,10,14,1,1,12.0,16.0,12.0,75.0,12.0,0,1,0,0,1,56.25,6.25
533,10,16,2,2,125.0,84.0,62.5,148.81,103.0,14,6,1,1,2,41.67,23.81
533,10,17,1,1,26.0,17.0,26.0,152.94,26.0,5,0,0,0,2,29.41,29.41
533,10,18,2,2,78.0,46.0,39.0,169.57,50.0,11,1,1,0,1,26.09,26.09
533,1,16,1,1,0.0,2.0,0.0,0.0,0.0,0,0,0,0,1,100.0,0.0
533,1,17,2,2,70.0,45.0,35.0,155.56,35.0,8,4,0,0,2,46.67,26.67
533,1,18,1,1,5.0,8.0,5.0,62.5,5.0,1,0,0,0,1,62.5,12.5
533,9,13,1,1,4.0,7.0,4.0,57.14,4.0,0,0,0,0,1,57.14,0.0
533,9,16,2,2,35.0,20.0,17.5,175.0,23.0,5,2,0,0,2,55.0,35.0
533,9,17,1,1,54.0,20.0,54.0,270.0,54.0,4,5,1,0,0,20.0,45.0
533,9,18,2,2,113.0,64.0,56.5,176.56,83.0,8,9,1,0,2,31.25,26.56
533,18,16,2,2,13.0,17.0,6.5,76.47,9.0,3,0,0,0,2,70.59,17.65
533,18,17,1,1,19.0,7.0,19.0,271.43,19.0,1,2,0,0,1,14.29,42.86
533,18,18,2,2,160.0,82.0,80.0,195.12,91.0,15,10,2,0,2,23.17,30.49
533,5,16,2,2,35.0,24.0,17.5,145.83,26.0,2,2,0,0,2,37.5,16.67
533,5,17,1,1,0.0,1.0,0.0,0.0,0.0,0,0,0,0,1,100.0,0.0
533,5,18,2,2,19.0,25.0,9.5,76.0,13.0,2,1,0,0,2,68.0,12.0
533,11,16,2,2,62.0,36.0,31.0,172.22,60.0,7,3,1,0,2,33.33,27.78
533,11,17,2,2,16.0,18.0,8.0,88.89,10.0,2,0,0,0,2,50.0,11.11
533,11,18,2,2,38.0,26.0,19.0,146.15,21.0,5,1,0,0,2,26.92,23.08
533,17,14,1,1,7.0,7.0,7.0,100.0,7.0,1,0,0,0,1,57.14,14.29
533,17,16,1,1,46.0,30.0,46.0,153.33,46.0,3,4,0,0,2,43.33,23.33
533,8,17,2,2,31.0,21.0,15.5,147.62,25.0,3,2,0,0,2,47.62,23.81
533,8,18,4,4,90.0,58.0,22.5,155.17,33.0,9,4,0,0,4,32.76,22.41
533,15,12,1,1,16.0,17.0,16.0,94.12,16.0,1,1,0,0,1,58.82,11.76
533,15,13,1,1,11.0,8.0,11.0,137.5,11.0,2,0,0,0,1,37.5,25.0
533,15,15,1,1,14.0,11.0,14.0,127.27,14.0,2,0,0,0,1,45.45,18.18
533,15,16,1,1,0.0,1.0,0.0,0.0,0.0,0,0,0,0,1,100.0,0.0
533,15,17,2,2,75.0,51.0,37.5,147.06,71.0,8,4,1,0,2,41.18,23.53
533,15,18,1,1,42.0,23.0,42.0,182.61,42.0,7,1,0,0,1,34.78,34.78
121,6,4,2,2,40.0,33.0,20.0,121.21,34.0,4,1,0,0,2,42.42,15.15
121,6,5,2,2,21.0,22.0,10.5,95.45,20.0,3,0,0,0,2,40.91,13.64
121,6,6,1,1,44.0,30.0,44.0,146.67,44.0,6,1,0,0,2,36.67,23.33
121,6,7,1,1,10.0,14.0,10.0,71.43,10.0,2,0,0,0,1,71.43,14.29
121,6,8,4,4,80.0,61.0,20.0,131.15,45.0,10,1,0,0,4,37.7,18.03
121,6,11,1,1,53.0,41.0,53.0,129.27,53.0,5,2,1,0,1,34.15,17.07
121,6,12,2,2,82.0,72.0,41.0,113.89,53.0,4,4,1,0,2,31.94,11.11
121,16,1,2,2,24.0,33.0,12.0,72.73,20.0,4,0,0,0,2,63.64,12.12
121,16,2,1,1,0.0,2.0,0.0,0.0,0.0,0,0,0,0,1,100.0,0.0
121,16,4,1,1,0.0,3.0,0.0,0.0,0.0,0,0,0,0,1,100.0,0.0
121,10,12,2,2,48.0,29.0,24.0,165.52,39.0,8,1,0,0,2,37.93,31.03
121,2,1,1,1,21.0,20.0,21.0,105.0,21.0,3,0,0,0,1,45.0,15.0
121,2,2,1,1,16.0,15.0,16.0,106.67,16.0,2,0,0,0,1,26.67,13.33
121,2,3,1,1,6.0,6.0,6.0,100.0,6.0,1,0,0,0,1,50.0,16.67
121,2,4,2,2,38.0,34.0,19.0,111.76,37.0,5,0,0,0,1,38.24,14.71
121,2,5,1,1,45.0,27.0,45.0,166.67,45.0,5,1,0,0,1,14.81,22.22
121,2,6,2,2,33.0,37.0,16.5,89.19,19.0,5,0,0,0,2,54.05,13.51
121,2,7,2,2,66.0,56.0,33.0,117.86,37.0,9,1,0,0,2,41.07,17.86
121,2,8,2,2,41.0,32.0,20.5,128.12,28.0,5,1,0,0,2,53.12,18.75
121,2,9,1,1,1.0,4.0,1.0,25.0,1.0,0,0,0,0,1,75.0,0.0
121,2,10,2,2,33.0,33.0,16.5,100.0,25.0,4,0,0,0,2,30.3,12.12
121,2,11,1,1,6.0,8.0,6.0,75.0,6.0,1,0,0,0,1,50.0,12.5
121,14,9,1,1,34.0,29.0,34.0,117.24,34.0,2,2,0,0,1,37.93,13.79
121,14,10,2,2,70.0,46.0,35.0,152.17,70.0,9,1,1,0,3,30.43,21.74
121,13,1,2,2,66.0,58.0,33.0,113.79,51.0,11,0,1,0,1,44.83,18.97
121,13,2,1,1,32.0,23.0,32.0,139.13,32.0,4,1,0,0,1,34.78,21.74
121,13,3,1,1,57.0,58.0,57.0,98.28,57.0,4,2,1,0,2,39.66,10.34
121,13,4,1,1,0.0,1.0,0.0,0.0,0.0,0,0,0,0,1,100.0,0.0
121,13,5,2,2,35.0,29.0,17.5,120.69,18.0,3,1,0,0,2,37.93,13.79
121,13,6,1,1,61.0,47.0,61.0,129.79,61.0,5,2,1,0,0,29.79,14.89
121,13,7,2,2,15.0,21.0,7.5,71.43,13.0,3,0,0,0,2,71.43,14.29
121,13,8,1,1,59.0,36.0,59.0,163.89,59.0,5,3,1,0,1,27.78,22.22
121,13,9,1,1,81.0,58.0,81.0,139.66,81.0,10,2,1,0,1,31.03,20.69
121,13,10,2,2,75.0,41.0,37.5,182.93,38.0,11,2,0,0,2,21.95,31.71
121,13,11,1,1,40.0,22.0,40.0,181.82,40.0,7,0,0,0,0,18.18,31.82
121,13,12,2,2,62.0,33.0,31.0,187.88,43.0,11,2,0,0,2,30.3,39.39
121,9,1,2,2,40.0,55.0,20.0,72.73,21.0,5,0,0,0,1,56.36,9.09
121,9,2,1,1,25.0,19.0,25.0,131.58,25.0,4,0,0,0,0,31.58,21.05
121,9,4,2,2,30.0,27.0,15.0,111.11,21.0,5,0,0,0,2,44.44,18.52
121,9,5,1,1,23.0,19.0,23.0,121.05,23.0,2,0,0,0,1,21.05,10.53
121,9,6,2,2,74.0,68.0,37.0,108.82,47.0,9,1,0,0,2,33.82,14.71
121,9,7,1,1,21.0,19.0,21.0,110.53,21.0,3,0,0,0,1,36.84,15.79
121,9,8,1,1,21.0,14.0,21.0,150.0,21.0,3,0,0,0,1,28.57,21.43
121,9,9,2,2,24.0,22.0,12.0,109.09,23.0,4,0,0,0,2,45.45,18.18
121,9,10,2,2,44.0,36.0,22.0,122.22,30.0,6,1,0,0,2,44.44,19.44
121,9,12,2,2,36.0,35.0,18.0,102.86,25.0,5,0,0,0,2,45.71,14.29
121,5,1,1,1,14.0,11.0,14.0,127.27,14.0,3,0,0,0,1,63.64,27.27
121,5,2,2,2,0.0,3.0,0.0,0.0,0.0,0,0,0,0,2,100.0,0.0
121,5,3,1,1,8.0,12.0,8.0,66.67,8.0,1,0,0,0,1,58.33,8.33
121,5,5,2,2,20.0,23.0,10.0,86.96,19.0,1,1,0,0,2,56.52,8.7
121,5,6,1,1,26.0,14.0,26.0,185.71,26.0,5,0,0,0,1,35.71,35.71
121,5,7,2,2,83.0,64.0,41.5,129.69,57.0,12,0,1,0,1,34.38,18.75
121,5,12,2,2,59.0,42.0,29.5,140.48,31.0,8,2,0,0,3,33.33,23.81
121,7,4,1,1,21.0,19.0,21.0,110.53,21.0,4,0,0,0,1,52.63,21.05
121,7,5,2,2,24.0,19.0,12.0,126.32,24.0,3,1,0,0,3,31.58,21.05
121,7,6,2,2,31.0,27.0,15.5,114.81,19.0,5,0,0,0,2,48.15,18.52
121,11,1,3,3,92.0,74.0,30.67,124.32,54.0,10,2,1,0,3,32.43,16.22
121,11,2,1,1,3.0,11.0,3.0,27.27,3.0,0,0,0,0,1,90.91,0.0
121,11,4,2,2,53.0,48.0,26.5,110.42,32.0,4,1,0,0,1,37.5,10.42
121,11,5,1,1,10.0,5.0,10.0,200.0,10.0,1,0,0,0,0,0.0,20.0
121,11,6,2,2,3.0,9.0,1.5,33.33,2.0,0,0,0,0,2,66.67,0.0
121,11,7,2,2,3.0,2.0,1.5,150.0,2.0,0,0,0,0,0,0.0,0.0
121,11,8,2,2,39.0,25.0,19.5,156.0,23.0,7,0,0,0,2,40.0,28.0
121,11,11,1,1,33.0,21.0,33.0,157.14,33.0,3,2,0,0,1,28.57,23.81
121,11,12,2,2,75.0,46.0,37.5,163.04,67.0,10,1,1,0,2,21.74,23.91
121,3,9,1,1,21.0,15.0,21.0,140.0,21.0,4,0,0,0,1,53.33,26.67
121,3,10,4,4,108.0,87.0,27.0,124.14,52.0,11,3,1,0,5,34.48,16.09
121,17,1,2,2,45.0,46.0,22.5,97.83,24.0,6,1,0,0,2,54.35,15.22
121,17,2,2,2,66.0,53.0,33.0,124.53,36.0,9,1,0,0,2,37.74,18.87
121,17,3,1,1,1.0,3.0,1.0,33.33,1.0,0,0,0,0,1,66.67,0.0
121,17,4,2,2,20.0,18.0,10.0,111.11,19.0,3,0,0,0,0,27.78,16.67
121,17,5,1,1,16.0,21.0,16.0,76.19,16.0,1,0,0,0,1,28.57,4.76
121,17,6,2,2,22.0,23.0,11.0,95.65,20.0,2,0,0,0,2,39.13,8.7
121,17,8,2,2,31.0,24.0,15.5,129.17,19.0,5,0,0,0,1,33.33,20.83
121,17,9,2,2,6.0,8.0,3.0,75.0,5.0,1,0,0,0,2,62.5,12.5
121,17,10,2,2,3.0,9.0,1.5,33.33,3.0,0,0,0,0,2,66.67,0.0
121,15,7,2,2,7.0,9.0,3.5,77.78,4.0,1,0,0,0,2,66.67,11.11
121,15,8,2,2,68.0,54.0,34.0,125.93,51.0,12,0,1,0,1,37.04,22.22
121,15,9,2,2,10.0,16.0,5.0,62.5,10.0,2,0,0,0,2,75.0,12.5
121,15,10,2,2,62.0,41.0,31.0,151.22,39.0,8,1,0,0,2,31.71,21.95
121,15,11,2,2,21.0,17.0,10.5,123.53,20.0,4,0,0,0,2,52.94,23.53
121,15,12,2,2,11.0,11.0,5.5,100.0,11.0,2,0,0,0,2,54.55,18.18
582,2,6,1,1,1.0,8.0,1.0,12.5,1.0,0,0,0,0,1,87.5,0.0
582,13,5,1,1,24.0,13.0,24.0,184.62,24.0,2,1,0,0,1,7.69,23.08
582,13,6,1,1,19.0,17.0,19.0,111.76,19.0,2,0,0,0,1,41.18,11.76
582,5,6,1,1,7.0,9.0,7.0,77.78,7.0,1,0,0,0,1,66.67,11.11
582,7,6,1,1,27.0,30.0,27.0,90.0,27.0,2,0,0,0,1,30.0,6.67
582,11,5,1,1,42.0,35.0,42.0,120.0,42.0,4,1,0,0,1,40.0,14.29
582,11,6,1,1,2.0,5.0,2.0,40.0,2.0,0,0,0,0,1,80.0,0.0
582,17,5,1,1,7.0,11.0,7.0,63.64,7.0,0,0,0,0,1,54.55,0.0
582,17,6,2,2,35.0,32.0,17.5,109.38,23.0,4,0,0,0,2,34.38,12.5
340,16,1,1,1,4.0,3.0,4.0,133.33,4.0,0,0,0,0,0,0.0,0.0
340,2,2,1,1,1.0,1.0,1.0,100.0,1.0,0,0,0,0,0,0.0,0.0
340,13,1,1,1,1.0,5.0,1.0,20.0,1.0,0,0,0,0,0,80.0,0.0
340,13,2,1,1,0.0,1.0,0.0,0.0,0.0,0,0,0,0,1,100.0,0.0
340,5,3,1,1,1.0,2.0,1.0,50.0,1.0,0,0,0,0,1,50.0,0.0
550,6,8,1,1,2.0,2.0,2.0,100.0,2.0,0,0,0,0,0,0.0,0.0
550,9,6,1,1,1.0,4.0,1.0,25.0,1.0,0,0,0,0,1,75.0,0.0
550,5,6,1,1,4.0,5.0,4.0,80.0,4.0,0,0,0,0,0,0.0,0.0
550,15,9,1,1,10.0,9.0,10.0,111.11,10.0,1,0,0,0,1,33.33,11.11
59,6,15,2,2,51.0,37.0,25.5,137.84,42.0,2,3,0,0,2,27.03,13.51
59,10,15,1,1,4.0,5.0,4.0,80.0,4.0,1,0,0,0,1,80.0,20.0
59,1,15,1,1,40.0,28.0,40.0,142.86,40.0,5,1,0,0,1,28.57,21.43
59,1,16,1,1,20.0,26.0,20.0,76.92,20.0,1,0,0,0,1,30.77,3.85
59,9,15,1,1,31.0,9.0,31.0,344.44,31.0,3,3,0,0,1,11.11,66.67
59,9,16,2,2,50.0,35.0,25.0,142.86,50.0,5,2,1,0,2,40.0,20.0
59,18,15,1,1,9.0,7.0,9.0,128.57,9.0,1,0,0,0,1,28.57,14.29
59,11,15,1,1,27.0,18.0,27.0,150.0,27.0,2,2,0,0,1,38.89,22.22
59,11,16,1,1,1.0,1.0,1.0,100.0,1.0,0,0,0,0,0,0.0,0.0
59,17,15,2,2,44.0,25.0,22.0,176.0,43.0,2,4,0,0,2,40.0,24.0
500,6,4,1,1,120.0,63.0,120.0,190.48,120.0,19,2,1,1,0,23.81,33.33
500,16,4,2,2,80.0,53.0,40.0,150.94,75.0,9,5,1,0,2,45.28,26.42
500,2,2,1,1,1.0,5.0,1.0,20.0,1.0,0,0,0,0,1,80.0,0.0
500,2,4,2,2,76.0,60.0,38.0,126.67,62.0,7,5,1,0,2,53.33,20.0
500,2,5,1,1,2.0,10.0,2.0,20.0,2.0,0,0,0,0,1,80.0,0.0
500,4,4,1,1,17.0,10.0,17.0,170.0,17.0,1,2,0,0,1,60.0,30.0
500,9,2,1,1,5.0,7.0,5.0,71.43,5.0,1,0,0,0,1,71.43,14.29
500,9,4,1,1,7.0,8.0,7.0,87.5,7.0,1,0,0,0,1,62.5,12.5
500,9,5,1,1,8.0,8.0,8.0,100.0,8.0,1,0,0,0,1,37.5,12.5
500,5,4,2,2,47.0,52.0,23.5,90.38,33.0,4,2,0,0,2,53.85,11.54
500,7,4,2,2,29.0,28.0,14.5,103.57,23.0,5,0,0,0,2,53.57,17.86
500,7,5,2,2,1.0,6.0,0.5,16.67,1.0,0,0,0,0,2,83.33,0.0
500,11,4,1,1,46.0,31.0,46.0,148.39,46.0,4,3,0,0,1,41.94,22.58
500,11,5,1,1,13.0,15.0,13.0,86.67,13.0,2,0,0,0,1,53.33,13.33
500,17,4,2,2,41.0,33.0,20.5,124.24,21.0,6,1,0,0,2,51.52,21.21
500,17,5,1,1,6.0,12.0,6.0,50.0,6.0,1,0,0,0,1,83.33,8.33
500,15,6,1,1,6.0,17.0,6.0,35.29,6.0,0,0,0,0,1,64.71,0.0
626,16,3,1,1,51.0,42.0,51.0,121.43,51.0,1,3,1,0,0,26.19,9.52
626,13,3,1,1,4.0,7.0,4.0,57.14,4.0,0,0,0,0,1,57.14,0.0
626,9,3,2,2,55.0,48.0,27.5,114.58,53.0,3,2,1,0,2,33.33,10.42
626,5,3,1,1,2.0,5.0,2.0,40.0,2.0,0,0,0,0,1,60.0,0.0
626,11,3,1,1,16.0,8.0,16.0,200.0,16.0,2,1,0,0,0,25.0,37.5
626,17,3,1,1,75.0,46.0,75.0,163.04,75.0,3,7,1,0,0,39.13,21.74
323,6,16,2,2,20.0,17.0,10.0,117.65,17.0,1,2,0,0,2,58.82,17.65
323,6,17,1,1,0.0,1.0,0.0,0.0,0.0,0,0,0,0,1,100.0,0.0
323,6,18,1,1,32.0,16.0,32.0,200.0,32.0,5,1,0,0,1,31.25,37.5
323,10,17,2,2,86.0,45.0,43.0,191.11,68.0,11,5,1,0,2,37.78,35.56
323,10,18,1,1,37.0,17.0,37.0,217.65,37.0,4,3,0,0,1,35.29,41.18
323,1,16,1,1,0.0,1.0,0.0,0.0,0.0,0,0,0,0,1,100.0,0.0
323,1,18,1,1,14.0,13.0,14.0,107.69,14.0,1,1,0,0,1,38.46,15.38
323,9,16,1,1,5.0,3.0,5.0,166.67,5.0,1,0,0,0,1,33.33,33.33
323,9,18,1,1,56.0,31.0,56.0,180.65,56.0,9,2,1,0,1,35.48,35.48
323,18,17,2,2,121.0,61.0,60.5,198.36,89.0,19,4,1,0,1,22.95,37.7
323,18,18,1,1,30.0,19.0,30.0,157.89,30.0,6,0,0,0,1,42.11,31.58
323,5,17,2,2,11.0,8.0,5.5,137.5,6.0,1,1,0,0,2,62.5,25.0
323,5,18,1,1,4.0,2.0,4.0,200.0,4.0,1,0,0,0,1,50.0,50.0
323,12,16,2,2,47.0,31.0,23.5,151.61,26.0,5,2,0,0,1,35.48,22.58
323,12,17,1,1,75.0,37.0,75.0,202.7,75.0,6,6,1,0,1,27.03,32.43
323,12,18,4,4,77.0,43.0,19.25,179.07,56.0,9,4,1,0,3,37.21,30.23
323,11,17,1,1,10.0,13.0,10.0,76.92,10.0,1,0,0,0,1,61.54,7.69
323,11,18,2,2,91.0,56.0,45.5,162.5,65.0,9,6,1,0,2,39.29,26.79
323,17,16,1,1,87.0,45.0,87.0,193.33,87.0,8,6,1,0,1,26.67,31.11
323,8,17,2,2,78.0,34.0,39.0,229.41,48.0,9,5,0,0,2,26.47,41.18
323,15,16,2,2,59.0,36.0,29.5,163.89,59.0,9,0,1,0,2,19.44,25.0
323,15,17,1,1,54.0,40.0,54.0,135.0,54.0,3,3,1,0,2,35.0,15.0
323,15,18,1,1,62.0,32.0,62.0,193.75,62.0,4,5,1,0,1,21.88,28.12
720,6,18,1,1,32.0,22.0,32.0,145.45,32.0,3,0,0,0,0,22.73,13.64
720,1,18,2,2,1.0,6.0,0.5,16.67,1.0,0,0,0,0,2,50.0,0.0
720,9,18,1,1,27.0,20.0,27.0,135.0,27.0,1,2,0,0,1,45.0,15.0
720,18,18,1,1,32.0,21.0,32.0,152.38,32.0,3,0,0,0,1,14.29,14.29
777,6,8,1,1,0.0,2.0,0.0,0.0,0.0,0,0,0,0,1,50.0,0.0
777,6,13,1,1,17.0,9.0,17.0,188.89,17.0,1,1,0,0,0,22.22,22.22
777,6,14,1,1,66.0,34.0,66.0,194.12,66.0,4,6,1,0,2,32.35,29.41
777,6,17,1,1,5.0,7.0,5.0,71.43,5.0,1,0,0,0,1,71.43,14.29
777,10,13,1,1,5.0,4.0,5.0,125.0,5.0,1,0,0,0,1,50.0,25.0
777,10,14,1,1,11.0,13.0,11.0,84.62,11.0,1,0,0,0,0,38.46,7.69
777,10,15,1,1,4.0,3.0,4.0,133.33,4.0,1,0,0,0,1,66.67,33.33
777,10,17,1,1,1.0,1.0,1.0,100.0,1.0,0,0,0,0,0,0.0,0.0
777,10,18,1,1,2.0,7.0,2.0,28.57,2.0,0,0,0,0,1,71.43,0.0
777,14,10,1,1,24.0,13.0,24.0,184.62,24.0,2,1,0,0,1,23.08,23.08
777,1,17,1,1,2.0,2.0,2.0,100.0,2.0,0,0,0,0,1,0.0,0.0
777,1,18,2,2,41.0,19.0,20.5,215.79,22.0,4,2,0,0,0,5.26,31.58
777,13,10,1,1,12.0,6.0,12.0,200.0,12.0,2,0,0,0,0,16.67,33.33
777,13,13,2,2,6.0,12.0,3.0,50.0,5.0,0,0,0,0,1,58.33,0.0
777,9,10,1,1,3.0,4.0,3.0,75.0,3.0,0,0,0,0,0,25.0,0.0
777,9,17,3,3,54.0,44.0,18.0,122.73,30.0,4,3,0,0,2,40.91,15.91
777,9,18,1,1,14.0,15.0,14.0,93.33,14.0,2,0,0,0,1,40.0,13.33
777,18,18,1,1,18.0,4.0,18.0,450.0,18.0,0,3,0,0,1,25.0,75.0
777,5,10,2,2,14.0,15.0,7.0,93.33,10.0,0,1,0,0,1,46.67,6.67
777,5,13,2,2,86.0,48.0,43.0,179.17,53.0,6,6,1,0,1,33.33,25.0
777,5,14,1,1,0.0,1.0,0.0,0.0,0.0,0,0,0,0,1,100.0,0.0
777,5,15,2,2,56.0,17.0,28.0,329.41,56.0,4,6,1,0,1,23.53,58.82
777,5,17,1,1,35.0,17.0,35.0,205.88,35.0,2,2,0,0,0,11.76,23.53
777,5,18,2,2,9.0,6.0,4.5,150.0,8.0,0,1,0,0,1,33.33,16.67
777,12,17,1,1,3.0,4.0,3.0,75.0,3.0,0,0,0,0,1,50.0,0.0
777,11,13,2,2,27.0,21.0,13.5,128.57,15.0,1,1,0,0,2,23.81,9.52
777,11,14,1,1,10.0,6.0,10.0,166.67,10.0,0,1,0,0,1,16.67,16.67
777,11,15,1,1,0.0,1.0,0.0,0.0,0.0,0,0,0,0,1,100.0,0.0
777,11,17,1,1,5.0,5.0,5.0,100.0,5.0,1,0,0,0,1,60.0,20.0
777,11,18,1,1,0.0,1.0,0.0,0.0,0.0,0,0,0,0,0,0.0,0.0
777,3,10,1,1,11.0,6.0,11.0,183.33,11.0,0,1,0,0,1,16.67,16.67
777,17,10,2,2,13.0,9.0,6.5,144.44,7.0,1,1,0,0,2,44.44,22.22
777,17,13,2,2,5.0,20.0,2.5,25.0,4.0,0,0,0,0,2,75.0,0.0
777,17,14,1,1,6.0,2.0,6.0,300.0,6.0,0,1,0,0,1,50.0,50.0
777,8,17,1,1,31.0,15.0,31.0,206.67,31.0,1,3,0,0,1,26.67,26.67
777,8,18,1,1,13.0,6.0,13.0,216.67,13.0,0,1,0,0,0,16.67,16.67
777,15,15,1,1,3.0,3.0,3.0,100.0,3.0,0,0,0,0,1,33.33,0.0
156,6,2,1,1,0.0,3.0,0.0,0.0,0.0,0,0,0,0,1,100.0,0.0
156,16,2,1,1,0.0,1.0,0.0,0.0,0.0,0,0,0,0,1,100.0,0.0
156,2,10,1,1,1.0,1.0,1.0,100.0,1.0,0,0,0,0,0,0.0,0.0
156,13,2,1,1,5.0,5.0,5.0,100.0,5.0,0,0,0,0,0,20.0,0.0
156,9,1,1,1,0.0,1.0,0.0,0.0,0.0,0,0,0,0,1,100.0,0.0
156,5,1,1,1,2.0,4.0,2.0,50.0,2.0,0,0,0,0,1,50.0,0.0
156,5,3,2,2,10.0,14.0,5.0,71.43,6.0,0,0,0,0,0,35.71,0.0
156,12,15,1,1,2.0,5.0,2.0,40.0,2.0,0,0,0,0,1,60.0,0.0
156,11,2,1,1,1.0,1.0,1.0,100.0,1.0,0,0,0,0,0,0.0,0.0
156,3,10,1,1,1.0,2.0,1.0,50.0,1.0,0,0,0,0,1,50.0,0.0
156,17,6,1,1,4.0,2.0,4.0,200.0,4.0,1,0,0,0,0,50.0,50.0
156,15,10,1,1,0.0,1.0,0.0,0.0,0.0,0,0,0,0,1,100.0,0.0
156,15,11,1,1,0.0,4.0,0.0,0.0,0.0,0,0,0,0,1,100.0,0.0
746,6,13,2,2,67.0,44.0,33.5,152.27,51.0,7,1,1,0,1,20.45,18.18
746,6,14,1,1,7.0,10.0,7.0,70.0,7.0,0,0,0,0,1,30.0,0.0
746,10,13,1,1,17.0,12.0,17.0,141.67,17.0,0,2,0,0,1,41.67,16.67
746,1,16,1,1,10.0,14.0,10.0,71.43,10.0,0,0,0,0,2,50.0,0.0
746,13,13,2,2,3.0,6.0,1.5,50.0,3.0,0,0,0,0,2,50.0,0.0
746,9,13,1,1,4.0,7.0,4.0,57.14,4.0,0,0,0,0,1,42.86,0.0
746,9,14,1,1,21.0,31.0,21.0,67.74,21.0,0,1,0,0,1,48.39,3.23
746,5,13,1,1,8.0,7.0,8.0,114.29,8.0,0,0,0,0,1,14.29,0.0
746,5,14,1,1,29.0,21.0,29.0,138.1,29.0,2,1,0,0,1,19.05,14.29
746,5,15,1,1,42.0,26.0,42.0,161.54,42.0,4,2,0,0,1,26.92,23.08
746,12,15,1,1,4.0,7.0,4.0,57.14,4.0,0,0,0,0,1,57.14,0.0
746,11,13,1,1,15.0,8.0,15.0,187.5,15.0,1,1,0,0,1,25.0,25.0
746,11,14,1,1,0.0,1.0,0.0,0.0,0.0,0,0,0,0,1,100.0,0.0
746,17,13,2,2,19.0,27.0,9.5,70.37,12.0,1,0,0,0,2,55.56,3.7
746,17,14,1,1,15.0,11.0,15.0,136.36,15.0,0,1,0,0,1,27.27,9.09
746,15,16,1,1,12.0,9.0,12.0,133.33,12.0,1,0,0,0,1,11.11,11.11
598,2,1,1,1,1.0,2.0,1.0,50.0,1.0,0,0,0,0,0,50.0,0.0
146,9,16,1,1,26.0,20.0,26.0,130.0,26.0,5,0,0,0,1,45.0,25.0
146,5,16,2,2,3.0,7.0,1.5,42.86,3.0,0,0,0,0,2,71.43,0.0
146,15,15,1,1,4.0,1.0,4.0,400.0,4.0,1,0,0,0,0,0.0,100.0
146,15,16,1,1,64.0,45.0,64.0,142.22,64.0,7,2,1,0,0,31.11,20.0
251,6,1,2,2,29.0,30.0,14.5,96.67,17.0,2,1,0,0,2,53.33,10.0
251,6,2,1,1,4.0,4.0,4.0,100.0,4.0,0,0,0,0,0,25.0,0.0
251,6,3,1,1,8.0,4.0,8.0,200.0,8.0,2,0,0,0,0,25.0,50.0
251,6,5,1,1,0.0,2.0,0.0,0.0,0.0,0,0,0,0,1,100.0,0.0
251,6,6,1,1,4.0,5.0,4.0,80.0,4.0,1,0,0,0,1,80.0,20.0
251,6,7,1,1,1.0,2.0,1.0,50.0,1.0,0,0,0,0,1,50.0,0.0
251,6,8,1,1,0.0,2.0,0.0,0.0,0.0,0,0,0,0,1,100.0,0.0
251,6,12,2,2,12.0,18.0,6.0,66.67,8.0,0,1,0,0,2,61.11,5.56
251,6,16,2,2,7.0,8.0,3.5,87.5,5.0,0,0,0,0,0,12.5,0.0
251,16,1,1,1,16.0,9.0,16.0,177.78,16.0,1,1,0,0,0,22.22,22.22
251,16,2,2,2,9.0,7.0,4.5,128.57,8.0,1,0,0,0,0,0.0,14.29
251,16,3,1,1,9.0,13.0,9.0,69.23,9.0,1,0,0,0,1,53.85,7.69
251,16,4,1,1,13.0,7.0,13.0,185.71,13.0,0,2,0,0,1,57.14,28.57
251,16,5,1,1,8.0,3.0,8.0,266.67,8.0,2,0,0,0,1,33.33,66.67
251,10,12,2,2,26.0,11.0,13.0,236.36,14.0,3,1,0,0,1,9.09,36.36
251,10,17,1,1,10.0,4.0,10.0,250.0,10.0,1,1,0,0,1,25.0,50.0
251,2,3,1,1,5.0,7.0,5.0,71.43,5.0,0,0,0,0,1,42.86,0.0
251,2,4,1,1,1.0,1.0,1.0,100.0,1.0,0,0,0,0,0,0.0,0.0
251,2,5,2,2,11.0,16.0,5.5,68.75,10.0,0,0,0,0,2,31.25,0.0
251,2,6,1,1,5.0,3.0,5.0,166.67,5.0,1,0,0,0,0,33.33,33.33
251,2,8,1,1,22.0,19.0,22.0,115.79,22.0,1,1,0,0,1,31.58,10.53
251,2,9,1,1,8.0,5.0,8.0,160.0,8.0,2,0,0,0,1,40.0,40.0
251,2,11,2,2,2.0,7.0,1.0,28.57,2.0,0,0,0,0,2,71.43,0.0
251,14,9,1,1,11.0,16.0,11.0,68.75,11.0,1,0,0,0,1,56.25,6.25
251,1,16,2,2,18.0,14.0,9.0,128.57,18.0,1,1,0,0,2,35.71,14.29
251,1,17,1,1,0.0,1.0,0.0,0.0,0.0,0,0,0,0,1,100.0,0.0
251,13,7,3,3,30.0,16.0,10.0,187.5,17.0,4,1,0,0,2,18.75,31.25
251,13,8,2,2,22.0,12.0,11.0,183.33,18.0,3,1,0,0,2,25.0,33.33
251,13,11,1,1,2.0,2.0,2.0,100.0,2.0,0,0,0,0,0,0.0,0.0
251,9,1,2,2,21.0,8.0,10.5,262.5,21.0,3,1,0,0,1,25.0,50.0
251,9,2,1,1,3.0,6.0,3.0,50.0,3.0,0,0,0,0,0,50.0,0.0
251,9,5,2,2,22.0,18.0,11.0,122.22,13.0,0,1,0,0,1,16.67,5.56
251,9,6,2,2,11.0,10.0,5.5,110.0,11.0,2,0,0,0,0,30.0,20.0
251,9,17,2,2,1.0,3.0,0.5,33.33,1.0,0,0,0,0,1,66.67,0.0
251,5,1,1,1,0.0,1.0,0.0,0.0,0.0,0,0,0,0,1,100.0,0.0
251,5,2,1,1,0.0,2.0,0.0,0.0,0.0,0,0,0,0,1,100.0,0.0
251,5,3,1,1,22.0,13.0,22.0,169.23,22.0,3,0,0,0,1,15.38,23.08
251,5,4,1,1,10.0,10.0,10.0,100.0,10.0,1,0,0,0,0,10.0,10.0
251,5,6,2,2,13.0,12.0,6.5,108.33,12.0,0,1,0,0,2,33.33,8.33
251,5,8,1,1,1.0,7.0,1.0,14.29,1.0,0,0,0,0,0,71.43,0.0
251,5,10,1,1,2.0,6.0,2.0,33.33,2.0,0,0,0,0,1,66.67,0.0
251,5,11,1,1,11.0,13.0,11.0,84.62,11.0,1,0,0,0,1,46.15,7.69
251,7,4,1,1,15.0,28.0,15.0,53.57,15.0,0,0,0,0,1,57.14,0.0
251,7,5,2,2,37.0,32.0,18.5,115.62,21.0,5,1,0,0,1,50.0,18.75
251,11,1,1,1,24.0,11.0,24.0,218.18,24.0,4,0,0,0,0,18.18,36.36
251,11,2,2,2,12.0,13.0,6.0,92.31,6.0,2,0,0,0,1,46.15,15.38
251,11,3,2,2,18.0,23.0,9.0,78.26,10.0,1,0,0,0,2,39.13,4.35
251,11,4,1,1,4.0,3.0,4.0,133.33,4.0,1,0,0,0,1,66.67,33.33
251,11,5,2,2,15.0,12.0,7.5,125.0,10.0,1,1,0,0,2,33.33,16.67
251,11,6,2,2,8.0,10.0,4.0,80.0,7.0,0,0,0,0,1,30.0,0.0
251,11,7,1,1,0.0,1.0,0.0,0.0,0.0,0,0,0,0,0,100.0,0.0
251,11,8,1,1,0.0,1.0,0.0,0.0,0.0,0,0,0,0,1,100.0,0.0
251,11,17,2,2,4.0,7.0,2.0,57.14,3.0,0,0,0,0,1,42.86,0.0
251,3,9,1,1,8.0,5.0,8.0,160.0,8.0,1,0,0,0,1,20.0,20.0
251,17,2,1,1,3.0,4.0,3.0,75.0,3.0,0,0,0,0,1,50.0,0.0
251,17,4,1,1,5.0,6.0,5.0,83.33,5.0,0,0,0,0,1,16.67,0.0
251,17,5,2,2,13.0,5.0,6.5,260.0,7.0,1,1,0,0,0,20.0,40.0
251,15,6,2,2,23.0,17.0,11.5,135.29,23.0,1,2,0,0,2,47.06,17.65
251,15,8,1,1,9.0,6.0,9.0,150.0,9.0,1,0,0,0,0,0.0,16.67
251,15,11,1,1,12.0,12.0,12.0,100.0,12.0,0,1,0,0,1,41.67,8.33
251,15,12,1,1,4.0,8.0,4.0,50.0,4.0,1,0,0,0,1,87.5,12.5
251,15,14,1,1,0.0,2.0,0.0,0.0,0.0,0,0,0,0,1,100.0,0.0
586,6,1,1,1,1.0,1.0,1.0,100.0,1.0,0,0,0,0,0,0.0,0.0
586,6,2,1,1,0.0,2.0,0.0,0.0,0.0,0,0,0,0,1,100.0,0.0
586,6,3,1,1,1.0,4.0,1.0,25.0,1.0,0,0,0,0,1,75.0,0.0
586,6,6,2,2,1.0,3.0,0.5,33.33,1.0,0,0,0,0,1,66.67,0.0
586,6,7,1,1,1.0,1.0,1.0,100.0,1.0,0,0,0,0,0,0.0,0.0
586,2,1,1,1,0.0,1.0,0.0,0.0,0.0,0,0,0,0,1,100.0,0.0
586,2,2,2,2,1.0,3.0,0.5,33.33,1.0,0,0,0,0,2,66.67,0.0
586,2,5,1,1,3.0,12.0,3.0,25.0,3.0,0,0,0,0,1,66.67,0.0
586,2,7,1,1,2.0,2.0,2.0,100.0,2.0,0,0,0,0,0,0.0,0.0
586,5,2,1,1,0.0,2.0,0.0,0.0,0.0,0,0,0,0,0,50.0,0.0
586,5,3,1,1,2.0,2.0,2.0,100.0,2.0,0,0,0,0,1,50.0,0.0
586,7,5,2,2,1.0,2.0,0.5,50.0,1.0,0,0,0,0,0,50.0,0.0
586,11,1,1,1,1.0,2.0,1.0,50.0,1.0,0,0,0,0,0,0.0,0.0
586,11,6,1,1,1.0,1.0,1.0,100.0,1.0,0,0,0,0,0,0.0,0.0
586,17,3,1,1,0.0,2.0,0.0,0.0,0.0,0,0,0,0,1,100.0,0.0
586,17,7,1,1,1.0,5.0,1.0,20.0,1.0,0,0,0,0,1,40.0,0.0
501,6,11,2,2,26.0,22.0,13.0,118.18,17.0,3,1,0,0,2,54.55,18.18
501,6,12,3,3,33.0,27.0,11.0,122.22,24.0,7,0,0,0,3,59.26,25.93
501,6,13,2,2,64.0,45.0,32.0,142.22,64.0,9,1,1,0,2,37.78,22.22
501,6,14,3,3,150.0,84.0,50.0,178.57,72.0,19,6,2,0,3,27.38,29.76
501,6,16,1,1,5.0,7.0,5.0,71.43,5.0,1,0,0,0,1,71.43,14.29
501,6,17,1,1,43.0,27.0,43.0,159.26,43.0,4,2,0,0,1,22.22,22.22
501,1,15,1,1,10.0,7.0,10.0,142.86,10.0,1,0,0,0,1,14.29,14.29
501,1,16,1,1,7.0,5.0,7.0,140.0,7.0,1,0,0,0,1,40.0,20.0
501,1,17,2,2,18.0,13.0,9.0,138.46,11.0,3,0,0,0,2,30.77,23.08
501,13,11,1,1,22.0,10.0,22.0,220.0,22.0,4,0,0,0,1,30.0,40.0
501,13,12,2,2,13.0,12.0,6.5,108.33,13.0,1,1,0,0,1,58.33,16.67
501,13,13,2,2,12.0,20.0,6.0,60.0,7.0,2,0,0,0,2,65.0,10.0
501,9,11,1,1,62.0,44.0,62.0,140.91,62.0,7,2,1,0,1,34.09,20.45
501,9,12,2,2,113.0,62.0,56.5,182.26,99.0,12,5,1,0,2,22.58,27.42
501,9,13,1,1,66.0,41.0,66.0,160.98,66.0,4,4,1,0,1,19.51,19.51
501,9,14,2,2,100.0,53.0,50.0,188.68,82.0,13,4,1,0,2,24.53,32.08
501,9,15,2,2,51.0,30.0,25.5,170.0,51.0,7,2,1,0,2,33.33,30.0
501,9,16,1,1,13.0,11.0,13.0,118.18,13.0,2,0,0,0,1,36.36,18.18
501,9,17,2,2,23.0,14.0,11.5,164.29,13.0,5,0,0,0,2,50.0,35.71
501,18,15,2,2,66.0,41.0,33.0,160.98,61.0,10,2,1,0,2,46.34,29.27
501,18,16,1,1,12.0,9.0,12.0,133.33,12.0,2,0,0,0,1,33.33,22.22
501,18,17,1,1,32.0,22.0,32.0,145.45,32.0,6,0,0,0,1,40.91,27.27
501,5,11,1,1,12.0,8.0,12.0,150.0,12.0,2,0,0,0,0,25.0,25.0
501,5,12,2,2,27.0,30.0,13.5,90.0,20.0,3,0,0,0,2,43.33,10.0
501,5,13,3,3,14.0,16.0,4.67,87.5,10.0,3,0,0,0,3,68.75,18.75
501,5,14,2,2,13.0,12.0,6.5,108.33,7.0,2,0,0,0,2,50.0,16.67
501,5,15,2,2,62.0,47.0,31.0,131.91,38.0,6,3,0,0,2,46.81,19.15
501,5,16,1,1,15.0,10.0,15.0,150.0,15.0,3,0,0,0,1,40.0,30.0
501,5,17,1,1,66.0,40.0,66.0,165.0,66.0,8,3,1,0,1,35.0,27.5
501,12,14,2,2,71.0,39.0,35.5,182.05,39.0,6,5,0,0,2,35.9,28.21
501,12,15,1,1,41.0,20.0,41.0,205.0,41.0,7,1,0,0,1,30.0,40.0
501,12,16,1,1,54.0,38.0,54.0,142.11,54.0,7,1,1,0,1,34.21,21.05
501,11,11,1,1,47.0,25.0,47.0,188.0,47.0,4,4,0,0,1,40.0,32.0
501,11,12,2,2,50.0,47.0,25.0,106.38,42.0,5,1,0,0,2,36.17,12.77
501,11,13,2,2,19.0,11.0,9.5,172.73,19.0,2,1,0,0,2,36.36,27.27
501,11,14,2,2,12.0,17.0,6.0,70.59,10.0,0,0,0,0,2,52.94,0.0
501,11,15,1,1,37.0,27.0,37.0,137.04,37.0,5,1,0,0,1,33.33,22.22
501,11,16,1,1,0.0,3.0,0.0,0.0,0.0,0,0,0,0,1,100.0,0.0
501,17,11,1,1,2.0,4.0,2.0,50.0,2.0,0,0,0,0,1,50.0,0.0
501,17,12,2,2,46.0,32.0,23.0,143.75,28.0,9,0,0,0,2,37.5,28.12
501,17,13,2,2,51.0,29.0,25.5,175.86,42.0,7,2,0,0,2,34.48,31.03
501,17,14,2,2,69.0,49.0,34.5,140.82,48.0,7,2,0,0,2,22.45,18.37
501,17,15,1,1,16.0,13.0,16.0,123.08,16.0,1,1,0,0,1,46.15,15.38
501,17,16,1,1,0.0,2.0,0.0,0.0,0.0,0,0,0,0,1,100.0,0.0
501,15,11,2,2,74.0,47.0,37.0,157.45,65.0,7,3,1,0,3,29.79,21.28
501,15,12,3,3,71.0,54.0,23.67,131.48,56.0,8,2,1,0,3,40.74,18.52
501,15,13,1,1,2.0,5.0,2.0,40.0,2.0,0,0,0,0,1,80.0,0.0
501,15,14,2,2,64.0,47.0,32.0,136.17,53.0,9,1,1,0,1,38.3,21.28
501,15,17,1,1,16.0,5.0,16.0,320.0,16.0,4,0,0,0,1,20.0,80.0
706,16,1,1,1,10.0,6.0,10.0,166.67,10.0,2,0,0,0,1,16.67,33.33
706,16,2,2,2,30.0,20.0,15.0,150.0,29.0,3,2,0,0,1,45.0,25.0
706,2,1,1,1,0.0,1.0,0.0,0.0,0.0,0,0,0,0,1,100.0,0.0
706,2,2,2,2,23.0,31.0,11.5,74.19,12.0,1,0,0,0,2,45.16,3.23
706,13,1,1,1,5.0,5.0,5.0,100.0,5.0,0,0,0,0,1,40.0,0.0
706,4,4,1,1,5.0,5.0,5.0,100.0,5.0,1,0,0,0,1,60.0,20.0
706,17,1,1,1,19.0,23.0,19.0,82.61,19.0,2,0,0,0,1,39.13,8.7
30,5,18,1,1,4.0,9.0,4.0,44.44,4.0,0,0,0,0,0,55.56,0.0
30,12,18,1,1,1.0,1.0,1.0,100.0,1.0,0,0,0,0,0,0.0,0.0
198,6,18,2,2,126.0,57.0,63.0,221.05,103.0,12,9,1,1,2,26.32,36.84
198,10,18,2,2,76.0,43.0,38.0,176.74,70.0,6,6,1,0,2,39.53,27.91
198,1,18,1,1,47.0,23.0,47.0,204.35,47.0,7,2,0,0,1,30.43,39.13
198,9,18,2,2,91.0,47.0,45.5,193.62,69.0,11,5,1,0,2,31.91,34.04
198,18,18,2,2,9.0,13.0,4.5,69.23,8.0,1,0,0,0,2,53.85,7.69
198,5,18,2,2,82.0,45.0,41.0,182.22,62.0,11,3,1,0,2,28.89,31.11
198,11,18,2,2,9.0,8.0,4.5,112.5,9.0,1,0,0,0,2,37.5,12.5
198,8,18,4,4,69.0,50.0,17.25,138.0,24.0,9,2,0,0,4,42.0,22.0
198,15,18,1,1,36.0,13.0,36.0,276.92,36.0,2,4,0,0,1,23.08,46.15
758,5,9,1,1,6.0,12.0,6.0,50.0,6.0,0,0,0,0,1,50.0,0.0
732,6,7,1,1,2.0,2.0,2.0,100.0,2.0,0,0,0,0,0,0.0,0.0
732,6,8,1,1,1.0,1.0,1.0,100.0,1.0,0,0,0,0,0,0.0,0.0
732,17,8,1,1,2.0,4.0,2.0,50.0,2.0,0,0,0,0,0,50.0,0.0
732,17,9,1,1,7.0,19.0,7.0,36.84,7.0,1,0,0,0,0,73.68,5.26
732,15,6,1,1,3.0,6.0,3.0,50.0,3.0,0,0,0,0,0,33.33,0.0
732,15,7,1,1,3.0,7.0,3.0,42.86,3.0,0,0,0,0,1,57.14,0.0
680,1,15,1,1,1.0,1.0,1.0,100.0,1.0,0,0,0,0,0,0.0,0.0
680,9,15,1,1,0.0,1.0,0.0,0.0,0.0,0,0,0,0,0,0.0,0.0
680,9,18,1,1,2.0,3.0,2.0,66.67,2.0,0,0,0,0,0,0.0,0.0
680,5,18,1,1,8.0,10.0,8.0,80.0,8.0,0,0,0,0,0,20.0,0.0
680,12,15,1,1,17.0,10.0,17.0,170.0,17.0,0,2,0,0,1,40.0,20.0
680,11,15,2,2,13.0,9.0,6.5,144.44,13.0,2,0,0,0,2,44.44,22.22
680,17,15,2,2,12.0,7.0,6.0,171.43,11.0,1,1,0,0,0,42.86,28.57
680,8,18,1,1,0.0,1.0,0.0,0.0,0.0,0,0,0,0,0,100.0,0.0
549,6,18,1,1,1.0,1.0,1.0,100.0,1.0,0,0,0,0,0,0.0,0.0
698,10,18,1,1,9.0,11.0,9.0,81.82,9.0,1,0,0,0,1,45.45,9.09
360,6,14,1,1,1.0,1.0,1.0,100.0,1.0,0,0,0,0,0,0.0,0.0
360,6,15,2,2,7.0,4.0,3.5,175.0,7.0,0,1,0,0,2,50.0,25.0
360,6,16,1,1,2.0,2.0,2.0,100.0,2.0,0,0,0,0,0,0.0,0.0
360,6,18,1,1,4.0,5.0,4.0,80.0,4.0,0,0,0,0,1,40.0,0.0
360,9,14,1,1,0.0,1.0,0.0,0.0,0.0,0,0,0,0,1,100.0,0.0
360,9,15,1,1,4.0,3.0,4.0,133.33,4.0,1,0,0,0,1,66.67,33.33
360,9,16,1,1,5.0,4.0,5.0,125.0,5.0,0,0,0,0,1,25.0,0.0
360,9,18,2,2,4.0,6.0,2.0,66.67,4.0,0,0,0,0,2,50.0,0.0
360,18,16,1,1,8.0,7.0,8.0,114.29,8.0,1,0,0,0,1,28.57,14.29
360,5,16,1,1,12.0,8.0,12.0,150.0,12.0,2,0,0,0,0,37.5,25.0
360,12,15,1,1,1.0,3.0,1.0,33.33,1.0,0,0,0,0,1,66.67,0.0
360,12,18,1,1,0.0,1.0,0.0,0.0,0.0,0,0,0,0,1,100.0,0.0
360,11,15,2,2,18.0,14.0,9.0,128.57,18.0,2,0,0,0,2,28.57,14.29
360,11,16,1,1,6.0,7.0,6.0,85.71,6.0,0,0,0,0,1,28.57,0.0
360,8,18,1,1,1.0,3.0,1.0,33.33,1.0,0,0,0,0,1,66.67,0.0
360,15,15,1,1,8.0,19.0,8.0,42.11,8.0,1,0,0,0,1,73.68,5.26
398,6,6,1,1,4.0,3.0,4.0,133.33,4.0,1,0,0,0,1,66.67,33.33
398,6,7,1,1,24.0,16.0,24.0,150.0,24.0,3,2,0,0,0,62.5,31.25
398,6,8,1,1,3.0,7.0,3.0,42.86,3.0,0,0,0,0,1,57.14,0.0
398,6,11,1,1,53.0,37.0,53.0,143.24,53.0,1,4,1,0,1,35.14,13.51
398,6,12,4,4,56.0,45.0,14.0,124.44,29.0,4,5,0,0,4,60.0,20.0
398,6,13,2,2,79.0,57.0,39.5,138.6,46.0,10,2,0,0,1,35.09,21.05
398,6,14,2,2,55.0,40.0,27.5,137.5,38.0,7,1,0,0,2,35.0,20.0
398,6,15,1,1,61.0,45.0,61.0,135.56,61.0,9,0,1,0,1,33.33,20.0
398,6,17,2,2,54.0,46.0,27.0,117.39,54.0,5,1,1,0,2,32.61,13.04
398,6,18,1,1,23.0,16.0,23.0,143.75,23.0,0,3,0,0,1,43.75,18.75
398,10,12,2,2,62.0,43.0,31.0,144.19,35.0,6,3,0,0,1,27.91,20.93
398,10,13,4,4,139.0,101.0,34.75,137.62,53.0,14,5,1,0,4,35.64,18.81
398,10,14,2,2,21.0,22.0,10.5,95.45,19.0,1,1,0,0,2,45.45,9.09
398,10,15,2,2,103.0,65.0,51.5,158.46,80.0,12,3,1,0,2,27.69,23.08
398,10,17,2,2,31.0,21.0,15.5,147.62,19.0,6,0,0,0,2,42.86,28.57
398,2,11,1,1,18.0,16.0,18.0,112.5,18.0,1,1,0,0,0,37.5,12.5
398,14,9,2,2,51.0,56.0,25.5,91.07,46.0,5,1,0,0,2,44.64,10.71
398,1,15,2,2,18.0,19.0,9.0,94.74,11.0,1,1,0,0,2,52.63,10.53
398,1,16,1,1,70.0,41.0,70.0,170.73,70.0,7,3,1,0,1,19.51,24.39
398,1,17,1,1,6.0,4.0,6.0,150.0,6.0,0,1,0,0,1,75.0,25.0
398,13,6,1,1,0.0,4.0,0.0,0.0,0.0,0,0,0,0,1,100.0,0.0
398,13,9,2,2,111.0,72.0,55.5,154.17,59.0,15,3,2,0,1,31.94,25.0
398,13,11,1,1,45.0,34.0,45.0,132.35,45.0,7,1,0,0,1,41.18,23.53
398,13,12,2,2,84.0,62.0,42.0,135.48,60.0,8,2,1,0,2,24.19,16.13
398,13,13,2,3,56.0,51.0,28.0,109.8,56.0,3,3,1,0,3,43.14,11.76
398,9,7,1,1,10.0,9.0,10.0,111.11,10.0,2,0,0,0,1,55.56,22.22
398,9,9,2,2,18.0,13.0,9.0,138.46,17.0,1,1,0,0,2,61.54,15.38
398,9,11,2,2,33.0,31.0,16.5,106.45,29.0,4,1,0,0,2,48.39,16.13
398,9,12,2,2,30.0,27.0,15.0,111.11,30.0,1,3,0,0,2,51.85,14.81
398,9,13,2,2,79.0,47.0,39.5,168.09,78.0,9,3,1,0,1,27.66,25.53
398,9,14,2,2,57.0,48.0,28.5,118.75,55.0,4,3,1,0,2,41.67,14.58
398,9,15,2,2,190.0,99.0,95.0,191.92,140.0,14,13,2,1,2,26.26,27.27
398,9,16,1,1,28.0,27.0,28.0,103.7,28.0,0,2,0,0,1,40.74,7.41
398,9,17,1,1,10.0,8.0,10.0,125.0,10.0,2,0,0,0,1,62.5,25.0
398,18,18,1,1,15.0,9.0,15.0,166.67,15.0,0,2,0,0,1,44.44,22.22
398,5,7,1,1,16.0,24.0,16.0,66.67,16.0,2,0,0,0,1,66.67,8.33
398,5,9,2,2,49.0,35.0,24.5,140.0,40.0,6,2,0,0,3,40.0,22.86
398,5,11,2,2,26.0,25.0,13.0,104.0,19.0,3,1,0,0,2,48.0,16.0
398,5,15,2,2,34.0,22.0,17.0,154.55,24.0,4,2,0,0,2,45.45,27.27
398,5,16,1,1,16.0,15.0,16.0,106.67,16.0,0,2,0,0,1,53.33,13.33
398,5,18,1,1,1.0,3.0,1.0,33.33,1.0,0,0,0,0,1,66.67,0.0
398,7,6,1,1,2.0,8.0,2.0,25.0,2.0,0,0,0,0,1,75.0,0.0
398,12,14,2,2,30.0,34.0,15.0,88.24,27.0,2,0,0,0,2,38.24,5.88
398,12,15,1,1,46.0,37.0,46.0,124.32,46.0,4,2,0,0,1,37.84,16.22
398,12,17,1,1,54.0,38.0,54.0,142.11,54.0,5,2,1,0,1,31.58,18.42
398,12,18,1,1,2.0,4.0,2.0,50.0,2.0,0,0,0,0,1,50.0,0.0
398,11,7,1,1,42.0,33.0,42.0,127.27,42.0,5,1,0,0,1,33.33,18.18
398,11,11,1,1,26.0,19.0,26.0,136.84,26.0,4,0,0,0,1,26.32,21.05
398,11,12,2,2,146.0,99.0,73.0,147.47,81.0,12,6,2,0,2,29.29,18.18
398,11,13,2,2,29.0,19.0,14.5,152.63,23.0,3,2,0,0,2,47.37,26.32
398,11,14,1,1,70.0,50.0,70.0,140.0,70.0,6,2,1,0,0,16.0,16.0
398,11,15,2,2,46.0,40.0,23.0,115.0,39.0,3,1,0,0,2,25.0,10.0
398,11,17,2,2,12.0,8.0,6.0,150.0,8.0,3,0,0,0,2,62.5,37.5
398,11,18,1,1,97.0,61.0,97.0,159.02,97.0,8,6,1,0,0,27.87,22.95
398,3,9,1,1,2.0,8.0,2.0,25.0,2.0,0,0,0,0,1,75.0,0.0
398,17,7,1,1,6.0,6.0,6.0,100.0,6.0,1,0,0,0,1,50.0,16.67
398,17,8,1,1,69.0,39.0,69.0,176.92,69.0,9,3,1,0,1,28.21,30.77
398,17,9,2,2,168.0,103.0,84.0,163.11,108.0,20,4,2,1,2,21.36,23.3
398,17,12,2,2,63.0,46.0,31.5,136.96,40.0,7,3,0,0,2,47.83,21.74
398,17,13,2,2,32.0,34.0,16.0,94.12,18.0,1,1,0,0,2,50.0,5.88
398,17,14,1,1,24.0,23.0,24.0,104.35,24.0,4,0,0,0,1,52.17,17.39
398,17,15,2,2,9.0,10.0,4.5,90.0,6.0,0,1,0,0,2,50.0,10.0
398,8,17,1,1,81.0,56.0,81.0,144.64,81.0,8,5,1,0,1,44.64,23.21
398,8,18,1,1,4.0,5.0,4.0,80.0,4.0,1,0,0,0,1,80.0,20.0
398,15,7,2,2,55.0,42.0,27.5,130.95,48.0,6,1,0,0,2,33.33,16.67
398,15,8,1,1,50.0,31.0,50.0,161.29,50.0,9,1,1,0,1,45.16,32.26
398,15,9,2,2,46.0,40.0,23.0,115.0,44.0,5,2,0,0,2,50.0,17.5
398,15,12,2,2,88.0,76.0,44.0,115.79,69.0,7,3,1,0,1,31.58,13.16
398,15,13,2,2,92.0,52.0,46.0,176.92,67.0,6,6,1,0,2,25.0,23.08
398,15,14,1,1,40.0,39.0,40.0,102.56,40.0,5,0,0,0,1,41.03,12.82
398,15,15,1,1,1.0,4.0,1.0,25.0,1.0,0,0,0,0,1,75.0,0.0
398,15,16,1,1,29.0,19.0,29.0,152.63,29.0,3,1,0,0,1,21.05,21.05
398,15,17,1,1,2.0,5.0,2.0,40.0,2.0,0,0,0,0,1,60.0,0.0
398,15,18,2,2,10.0,19.0,5.0,52.63,9.0,0,0,0,0,2,42.11,0.0
137,6,11,2,2,14.0,12.0,7.0,116.67,14.0,0,1,0,0,2,33.33,8.33
137,6,14,1,1,2.0,3.0,2.0,66.67,2.0,0,0,0,0,1,33.33,0.0
137,6,15,1,1,40.0,23.0,40.0,173.91,40.0,2,3,0,0,0,17.39,21.74
137,6,16,2,2,31.0,23.0,15.5,134.78,30.0,1,2,0,0,1,34.78,13.04
137,6,17,1,1,1.0,1.0,1.0,100.0,1.0,0,0,0,0,0,0.0,0.0
137,16,3,3,3,11.0,12.0,3.67,91.67,6.0,1,0,0,0,2,25.0,8.33
137,10,12,2,2,19.0,18.0,9.5,105.56,16.0,2,0,0,0,2,27.78,11.11
137,10,15,1,1,50.0,38.0,50.0,131.58,50.0,4,2,1,0,1,31.58,15.79
137,10,17,2,2,31.0,22.0,15.5,140.91,29.0,0,3,0,0,2,22.73,13.64
137,2,3,1,1,6.0,13.0,6.0,46.15,6.0,0,0,0,0,0,53.85,0.0
137,2,5,1,1,8.0,5.0,8.0,160.0,8.0,1,0,0,0,1,20.0,20.0
137,2,7,1,1,1.0,1.0,1.0,100.0,1.0,0,0,0,0,0,0.0,0.0
137,2,8,1,1,12.0,8.0,12.0,150.0,12.0,1,0,0,0,0,25.0,12.5
137,2,11,1,1,6.0,7.0,6.0,85.71,6.0,0,0,0,0,1,14.29,0.0
137,1,15,3,3,16.0,18.0,5.33,88.89,8.0,0,1,0,0,3,44.44,5.56
137,1,16,2,2,12.0,9.0,6.0,133.33,10.0,1,1,0,0,2,55.56,22.22
137,13,2,1,1,8.0,15.0,8.0,53.33,8.0,1,0,0,0,1,66.67,6.67
137,13,3,1,1,2.0,5.0,2.0,40.0,2.0,0,0,0,0,1,80.0,0.0
137,13,5,2,2,7.0,4.0,3.5,175.0,7.0,1,0,0,0,0,0.0,25.0
137,13,7,2,2,21.0,15.0,10.5,140.0,11.0,2,0,0,0,1,13.33,13.33
137,13,9,2,2,2.0,3.0,1.0,66.67,1.0,0,0,0,0,0,33.33,0.0
137,13,13,1,1,4.0,6.0,4.0,66.67,4.0,0,0,0,0,1,50.0,0.0
137,9,6,1,1,11.0,13.0,11.0,84.62,11.0,2,0,0,0,1,61.54,15.38
137,9,8,1,1,9.0,4.0,9.0,225.0,9.0,2,0,0,0,0,25.0,50.0
137,9,9,1,1,0.0,4.0,0.0,0.0,0.0,0,0,0,0,0,100.0,0.0
137,9,11,1,1,45.0,22.0,45.0,204.55,45.0,4,3,0,0,1,27.27,31.82
137,9,12,1,1,0.0,3.0,0.0,0.0,0.0,0,0,0,0,1,66.67,0.0
137,9,13,1,1,14.0,13.0,14.0,107.69,14.0,2,0,0,0,0,38.46,15.38
137,9,14,1,1,9.0,8.0,9.0,112.5,9.0,1,0,0,0,1,12.5,12.5
137,9,15,2,2,8.0,7.0,4.0,114.29,6.0,0,0,0,0,0,0.0,0.0
137,9,17,1,1,8.0,11.0,8.0,72.73,8.0,1,0,0,0,1,54.55,9.09
137,9,18,2,2,9.0,14.0,4.5,64.29,8.0,1,0,0,0,2,57.14,7.14
137,18,15,2,2,38.0,30.0,19.0,126.67,28.0,1,2,0,0,2,26.67,10.0
137,18,16,1,1,3.0,2.0,3.0,150.0,3.0,0,0,0,0,0,0.0,0.0
137,5,4,1,1,0.0,2.0,0.0,0.0,0.0,0,0,0,0,1,100.0,0.0
137,5,5,2,2,3.0,6.0,1.5,50.0,3.0,0,0,0,0,2,50.0,0.0
137,5,6,3,3,13.0,31.0,4.33,41.94,9.0,0,0,0,0,3,54.84,0.0
137,5,8,2,2,25.0,16.0,12.5,156.25,23.0,2,1,0,0,2,18.75,18.75
137,5,13,1,1,12.0,9.0,12.0,133.33,12.0,0,1,0,0,1,44.44,11.11
137,5,14,1,1,20.0,21.0,20.0,95.24,20.0,0,1,0,0,0,38.1,4.76
137,5,15,2,2,22.0,10.0,11.0,220.0,21.0,3,1,0,0,2,20.0,40.0
137,5,16,1,1,8.0,5.0,8.0,160.0,8.0,1,0,0,0,0,0.0,20.0
137,5,17,1,1,16.0,16.0,16.0,100.0,16.0,1,0,0,0,1,31.25,6.25
137,7,6,1,1,11.0,5.0,11.0,220.0,11.0,2,0,0,0,0,20.0,40.0
137,12,16,1,1,0.0,4.0,0.0,0.0,0.0,0,0,0,0,1,100.0,0.0
137,12,17,1,1,28.0,19.0,28.0,147.37,28.0,3,1,0,0,1,31.58,21.05
137,11,7,2,2,23.0,29.0,11.5,79.31,14.0,2,0,0,0,1,37.93,6.9
137,11,11,1,1,0.0,2.0,0.0,0.0,0.0,0,0,0,0,1,100.0,0.0
137,11,12,1,1,17.0,4.0,17.0,425.0,17.0,1,2,0,0,0,0.0,75.0
137,11,13,1,1,0.0,1.0,0.0,0.0,0.0,0,0,0,0,0,100.0,0.0
137,11,14,2,2,13.0,10.0,6.5,130.0,7.0,1,0,0,0,1,20.0,10.0
137,11,18,1,1,13.0,8.0,13.0,162.5,13.0,1,1,0,0,1,12.5,25.0
137,17,3,1,1,11.0,10.0,11.0,110.0,11.0,1,0,0,0,0,10.0,10.0
137,17,4,1,1,2.0,4.0,2.0,50.0,2.0,0,0,0,0,1,50.0,0.0
137,17,8,2,2,6.0,4.0,3.0,150.0,5.0,1,0,0,0,1,25.0,25.0
137,17,9,2,2,10.0,6.0,5.0,166.67,10.0,0,1,0,0,1,33.33,16.67
137,17,11,2,2,33.0,22.0,16.5,150.0,33.0,3,1,0,0,2,22.73,18.18
137,17,12,1,1,6.0,2.0,6.0,300.0,6.0,0,1,0,0,1,50.0,50.0
137,17,15,1,1,17.0,9.0,17.0,188.89,17.0,4,0,0,0,1,44.44,44.44
137,17,16,1,1,12.0,6.0,12.0,200.0,12.0,2,0,0,0,1,16.67,33.33
137,8,18,1,1,11.0,8.0,11.0,137.5,11.0,1,0,0,0,1,12.5,12.5
137,15,9,1,1,29.0,25.0,29.0,116.0,29.0,3,0,0,0,1,28.0,12.0
137,15,11,1,1,4.0,6.0,4.0,66.67,4.0,0,0,0,0,1,33.33,0.0
137,15,12,1,1,0.0,1.0,0.0,0.0,0.0,0,0,0,0,1,100.0,0.0
137,15,13,1,1,7.0,5.0,7.0,140.0,7.0,1,0,0,0,1,40.0,20.0
137,15,16,1,1,1.0,2.0,1.0,50.0,1.0,0,0,0,0,0,0.0,0.0
137,15,17,2,2,2.0,5.0,1.0,40.0,2.0,0,0,0,0,1,60.0,0.0
756,6,2,1,1,2.0,7.0,2.0,28.57,2.0,0,0,0,0,1,71.43,0.0
756,6,3,1,1,21.0,9.0,21.0,233.33,21.0,1,2,0,0,1,11.11,33.33
756,6,4,1,1,0.0,1.0,0.0,0.0,0.0,0,0,0,0,0,0.0,0.0
756,6,5,1,1,1.0,1.0,1.0,100.0,1.0,0,0,0,0,0,0.0,0.0
756,6,6,1,1,1.0,10.0,1.0,10.0,1.0,0,0,0,0,1,90.0,0.0
756,6,7,2,2,30.0,24.0,15.0,125.0,23.0,2,1,0,0,2,29.17,12.5
756,6,8,1,1,0.0,1.0,0.0,0.0,0.0,0,0,0,0,1,100.0,0.0
756,16,2,2,2,4.0,3.0,2.0,133.33,4.0,1,0,0,0,2,66.67,33.33
756,2,5,1,1,7.0,9.0,7.0,77.78,7.0,0,0,0,0,1,22.22,0.0
756,2,6,1,1,26.0,26.0,26.0,100.0,26.0,2,0,0,0,0,42.31,7.69
756,2,7,1,1,17.0,13.0,17.0,130.77,17.0,0,1,0,0,1,23.08,7.69
756,2,10,1,1,16.0,17.0,16.0,94.12,16.0,0,1,0,0,1,35.29,5.88
756,14,9,1,1,0.0,2.0,0.0,0.0,0.0,0,0,0,0,0,100.0,0.0
756,13,1,1,1,17.0,15.0,17.0,113.33,17.0,1,1,0,0,1,26.67,13.33
756,13,2,1,1,0.0,1.0,0.0,0.0,0.0,0,0,0,0,1,100.0,0.0
756,13,3,1,1,1.0,5.0,1.0,20.0,1.0,0,0,0,0,1,60.0,0.0
756,13,5,1,1,3.0,2.0,3.0,150.0,3.0,0,0,0,0,0,0.0,0.0
756,13,6,1,1,16.0,6.0,16.0,266.67,16.0,0,2,0,0,1,16.67,33.33
756,4,4,2,2,11.0,9.0,5.5,122.22,10.0,1,0,0,0,1,11.11,11.11
756,9,3,1,1,2.0,3.0,2.0,66.67,2.0,0,0,0,0,1,66.67,0.0
756,9,7,1,1,6.0,1.0,6.0,600.0,6.0,0,1,0,0,0,0.0,100.0
756,9,9,1,1,1.0,1.0,1.0,100.0,1.0,0,0,0,0,0,0.0,0.0
756,5,1,1,1,9.0,8.0,9.0,112.5,9.0,0,1,0,0,1,37.5,12.5
756,5,2,1,1,2.0,7.0,2.0,28.57,2.0,0,0,0,0,1,71.43,0.0
756,5,4,2,2,13.0,9.0,6.5,144.44,11.0,2,0,0,0,1,22.22,22.22
756,5,5,1,1,12.0,7.0,12.0,171.43,12.0,2,0,0,0,1,14.29,28.57
756,5,6,2,2,5.0,6.0,2.5,83.33,4.0,0,0,0,0,1,33.33,0.0
756,5,7,1,1,6.0,4.0,6.0,150.0,6.0,1,0,0,0,0,25.0,25.0
756,5,9,1,1,3.0,2.0,3.0,150.0,3.0,0,0,0,0,0,0.0,0.0
756,7,4,1,1,1.0,3.0,1.0,33.33,1.0,0,0,0,0,0,66.67,0.0
756,7,6,2,2,23.0,14.0,11.5,164.29,13.0,2,1,0,0,1,35.71,21.43
756,11,5,1,1,8.0,8.0,8.0,100.0,8.0,1,0,0,0,1,50.0,12.5
756,11,6,1,1,12.0,7.0,12.0,171.43,12.0,2,0,0,0,1,28.57,28.57
756,17,1,1,1,8.0,5.0,8.0,160.0,8.0,1,0,0,0,0,20.0,20.0
756,17,5,1,1,4.0,1.0,4.0,400.0,4.0,1,0,0,0,0,0.0,100.0
756,17,6,2,2,16.0,11.0,8.0,145.45,13.0,2,0,0,0,1,18.18,18.18
756,17,9,2,2,30.0,15.0,15.0,200.0,21.0,1,2,0,0,1,6.67,20.0
756,15,7,2,2,8.0,11.0,4.0,72.73,4.0,1,0,0,0,2,45.45,9.09
457,6,2,1,1,0.0,1.0,0.0,0.0,0.0,0,0,0,0,1,100.0,0.0
457,16,2,1,1,1.0,2.0,1.0,50.0,1.0,0,0,0,0,1,50.0,0.0
457,13,2,1,1,18.0,14.0,18.0,128.57,18.0,1,2,0,0,1,64.29,21.43
189,6,6,1,1,3.0,3.0,3.0,100.0,3.0,0,0,0,0,1,33.33,0.0
189,6,8,1,1,25.0,20.0,25.0,125.0,25.0,1,2,0,0,0,40.0,15.0
189,10,15,1,1,4.0,13.0,4.0,30.77,4.0,0,0,0,0,1,69.23,0.0
189,2,7,1,1,8.0,5.0,8.0,160.0,8.0,1,0,0,0,0,40.0,20.0
189,1,16,1,1,1.0,1.0,1.0,100.0,1.0,0,0,0,0,0,0.0,0.0
189,13,6,1,1,14.0,15.0,14.0,93.33,14.0,2,0,0,0,1,46.67,13.33
189,9,7,3,3,37.0,39.0,12.33,94.87,19.0,2,1,0,0,2,43.59,7.69
189,9,16,1,1,19.0,11.0,19.0,172.73,19.0,1,1,0,0,1,27.27,18.18
189,18,15,1,1,21.0,22.0,21.0,95.45,21.0,3,1,0,0,0,68.18,18.18
189,5,7,1,1,14.0,9.0,14.0,155.56,14.0,2,0,0,0,0,11.11,22.22
189,5,8,1,1,6.0,6.0,6.0,100.0,6.0,1,0,0,0,1,50.0,16.67
189,11,6,2,2,4.0,3.0,2.0,133.33,4.0,1,0,0,0,1,33.33,33.33
189,11,15,1,1,5.0,2.0,5.0,250.0,5.0,1,0,0,0,0,0.0,50.0
189,3,9,1,1,11.0,4.0,11.0,275.0,11.0,0,1,0,0,0,0.0,25.0
189,17,7,1,1,23.0,22.0,23.0,104.55,23.0,3,0,0,0,0,45.45,13.64
189,17,8,1,1,1.0,1.0,1.0,100.0,1.0,0,0,0,0,0,0.0,0.0
189,17,15,1,1,7.0,3.0,7.0,233.33,7.0,0,1,0,0,1,33.33,33.33
189,15,8,1,1,4.0,6.0,4.0,66.67,4.0,0,0,0,0,1,50.0,0.0
189,15,9,1,1,3.0,2.0,3.0,150.0,3.0,0,0,0,0,0,0.0,0.0
659,6,1,2,2,47.0,40.0,23.5,117.5,47.0,5,0,0,0,2,30.0,12.5
659,6,2,3,3,72.0,64.0,24.0,112.5,44.0,10,0,0,0,3,40.62,15.62
659,6,3,1,1,14.0,11.0,14.0,127.27,14.0,3,0,0,0,1,45.45,27.27
659,6,4,2,2,86.0,67.0,43.0,128.36,66.0,12,0,1,0,2,35.82,17.91
659,6,5,2,2,30.0,37.0,15.0,81.08,26.0,4,1,0,0,2,67.57,13.51
659,6,6,2,2,28.0,37.0,14.0,75.68,22.0,2,0,0,0,2,51.35,5.41
659,16,1,2,2,57.0,40.0,28.5,142.5,31.0,4,3,0,0,2,22.5,17.5
659,16,2,3,3,63.0,49.0,21.0,128.57,48.0,5,2,0,0,3,30.61,14.29
659,16,3,3,3,110.0,90.0,36.67,122.22,49.0,15,1,0,0,2,37.78,17.78
659,16,4,1,1,28.0,35.0,28.0,80.0,28.0,2,0,0,0,1,42.86,5.71
659,16,5,2,2,81.0,60.0,40.5,135.0,42.0,12,1,0,0,2,36.67,21.67
659,2,1,2,2,47.0,41.0,23.5,114.63,38.0,5,1,0,0,2,31.71,14.63
659,2,2,1,1,38.0,34.0,38.0,111.76,38.0,4,0,0,0,1,32.35,11.76
659,2,3,2,2,15.0,10.0,7.5,150.0,14.0,2,0,0,0,2,20.0,20.0
659,2,4,1,1,38.0,31.0,38.0,122.58,38.0,6,1,0,0,1,45.16,22.58
659,2,5,2,2,97.0,81.0,48.5,119.75,57.0,12,0,1,0,2,27.16,14.81
659,2,6,2,2,118.0,99.0,59.0,119.19,65.0,13,2,2,0,2,36.36,15.15
659,13,1,2,2,95.0,77.0,47.5,123.38,66.0,11,1,1,0,3,33.77,15.58
659,13,2,1,1,10.0,13.0,10.0,76.92,10.0,0,0,0,0,1,38.46,0.0
659,13,4,1,1,8.0,7.0,8.0,114.29,8.0,2,0,0,0,1,71.43,28.57
659,13,5,2,2,74.0,63.0,37.0,117.46,46.0,11,0,0,0,2,41.27,17.46
659,13,6,2,2,13.0,19.0,6.5,68.42,9.0,3,0,0,0,2,73.68,15.79
659,4,4,2,2,45.0,41.0,22.5,109.76,44.0,5,1,0,0,2,41.46,14.63
659,9,1,2,2,7.0,14.0,3.5,50.0,5.0,0,0,0,0,2,50.0,0.0
659,9,2,1,1,12.0,12.0,12.0,100.0,12.0,1,0,0,0,1,33.33,8.33
659,9,3,2,2,73.0,51.0,36.5,143.14,52.0,8,2,1,0,2,23.53,19.61
659,9,4,1,1,35.0,34.0,35.0,102.94,35.0,4,0,0,0,1,41.18,11.76
659,9,5,2,2,54.0,51.0,27.0,105.88,28.0,7,2,0,0,2,56.86,17.65
659,9,6,2,2,23.0,23.0,11.5,100.0,17.0,3,0,0,0,1,47.83,13.04
659,5,1,2,2,43.0,49.0,21.5,87.76,32.0,4,0,0,0,2,42.86,8.16
659,5,2,1,1,10.0,12.0,10.0,83.33,10.0,0,0,0,0,0,25.0,0.0
659,5,3,2,2,39.0,33.0,19.5,118.18,23.0,5,0,0,0,2,33.33,15.15
659,5,4,2,2,48.0,48.0,24.0,100.0,43.0,6,0,0,0,1,43.75,12.5
659,5,5,2,2,8.0,10.0,4.0,80.0,5.0,1,0,0,0,2,60.0,10.0
659,5,6,2,2,47.0,42.0,23.5,111.9,43.0,8,0,0,0,2,52.38,19.05
659,7,4,1,1,18.0,20.0,18.0,90.0,18.0,2,0,0,0,1,40.0,10.0
659,7,5,2,2,35.0,36.0,17.5,97.22,21.0,6,0,0,0,2,55.56,16.67
659,7,6,2,2,112.0,88.0,56.0,127.27,58.0,17,1,2,0,2,35.23,20.45
659,11,1,2,2,75.0,37.0,37.5,202.7,75.0,6,6,1,0,1,32.43,32.43
659,11,2,2,2,66.0,50.0,33.0,132.0,66.0,8,1,1,0,2,34.0,18.0
659,11,3,1,1,5.0,4.0,5.0,125.0,5.0,1,0,0,0,0,50.0,25.0
659,17,4,1,1,37.0,31.0,37.0,119.35,37.0,6,0,0,0,1,38.71,19.35
659,17,5,2,2,83.0,74.0,41.5,112.16,58.0,10,0,1,0,2,39.19,13.51
659,17,6,2,2,57.0,48.0,28.5,118.75,35.0,9,0,0,0,2,45.83,18.75
659,15,6,3,3,73.0,69.0,24.33,105.8,36.0,9,2,0,0,3,50.72,15.94
426,6,3,2,2,2.0,4.0,1.0,50.0,1.0,0,0,0,0,1,50.0,0.0
426,16,3,1,1,13.0,15.0,13.0,86.67,13.0,1,0,0,0,0,40.0,6.67
426,16,4,1,1,9.0,14.0,9.0,64.29,9.0,0,0,0,0,1,42.86,0.0
426,13,3,1,1,0.0,1.0,0.0,0.0,0.0,0,0,0,0,1,100.0,0.0
426,9,3,1,1,0.0,2.0,0.0,0.0,0.0,0,0,0,0,0,0.0,0.0
426,5,6,1,1,1.0,3.0,1.0,33.33,1.0,0,0,0,0,1,66.67,0.0
426,7,4,1,1,51.0,43.0,51.0,118.6,51.0,6,1,1,0,0,39.53,16.28
426,11,3,1,1,11.0,5.0,11.0,220.0,11.0,2,0,0,0,0,0.0,40.0
426,11,4,1,1,2.0,7.0,2.0,28.57,2.0,0,0,0,0,1,71.43,0.0
426,17,3,1,1,40.0,42.0,40.0,95.24,40.0,4,0,0,0,1,38.1,9.52
426,17,4,1,1,28.0,32.0,28.0,87.5,28.0,1,0,0,0,1,25.0,3.12
426,17,6,1,1,2.0,3.0,2.0,66.67,2.0,0,0,0,0,1,66.67,0.0
646,6,18,1,1,3.0,9.0,3.0,33.33,3.0,0,0,0,0,1,66.67,0.0
646,1,18,1,1,3.0,6.0,3.0,50.0,3.0,0,0,0,0,1,66.67,0.0
161,16,4,1,1,3.0,6.0,3.0,50.0,3.0,0,0,0,0,1,33.33,0.0
420,6,12,1,1,16.0,14.0,16.0,114.29,16.0,2,0,0,0,1,28.57,14.29
420,6,13,1,1,6.0,4.0,6.0,150.0,6.0,1,0,0,0,1,50.0,25.0
420,6,14,1,1,3.0,7.0,3.0,42.86,3.0,0,0,0,0,1,57.14,0.0
420,6,15,1,1,10.0,10.0,10.0,100.0,10.0,1,0,0,0,0,30.0,10.0
420,6,17,1,1,47.0,35.0,47.0,134.29,47.0,1,3,0,0,0,25.71,11.43
420,6,18,2,2,40.0,32.0,20.0,125.0,37.0,2,2,0,0,2,31.25,12.5
420,10,12,2,2,54.0,52.0,27.0,103.85,50.0,5,2,1,0,2,46.15,13.46
420,10,13,1,1,1.0,2.0,1.0,50.0,1.0,0,0,0,0,0,50.0,0.0
420,10,14,2,2,4.0,12.0,2.0,33.33,2.0,0,0,0,0,2,66.67,0.0
420,10,15,1,1,9.0,5.0,9.0,180.0,9.0,0,1,0,0,1,20.0,20.0
420,10,16,1,1,7.0,11.0,7.0,63.64,7.0,0,0,0,0,1,36.36,0.0
420,10,17,2,2,111.0,67.0,55.5,165.67,84.0,8,9,1,0,1,38.81,25.37
420,10,18,1,2,12.0,13.0,12.0,92.31,12.0,2,0,0,0,2,61.54,15.38
420,1,15,3,3,37.0,34.0,12.33,108.82,18.0,2,1,0,0,3,32.35,8.82
420,1,16,2,2,9.0,13.0,4.5,69.23,5.0,0,0,0,0,2,38.46,0.0
420,1,17,1,1,76.0,48.0,76.0,158.33,76.0,3,5,1,0,1,25.0,16.67
420,1,18,2,2,58.0,29.0,29.0,200.0,32.0,3,5,0,0,1,31.03,27.59
420,13,13,1,1,0.0,2.0,0.0,0.0,0.0,0,0,0,0,1,100.0,0.0
420,9,12,1,1,47.0,31.0,47.0,151.61,47.0,5,2,0,0,1,35.48,22.58
420,9,13,2,2,1.0,13.0,0.5,7.69,1.0,0,0,0,0,2,92.31,0.0
420,9,15,2,2,24.0,15.0,12.0,160.0,19.0,2,2,0,0,2,46.67,26.67
420,9,17,1,1,34.0,14.0,34.0,242.86,34.0,4,2,0,0,1,21.43,42.86
420,9,18,2,2,120.0,60.0,60.0,200.0,95.0,6,11,1,0,2,26.67,28.33
420,18,15,2,2,27.0,20.0,13.5,135.0,19.0,0,2,0,0,2,35.0,10.0
420,18,16,1,1,15.0,12.0,15.0,125.0,15.0,1,1,0,0,0,33.33,16.67
420,18,17,2,2,57.0,40.0,28.5,142.5,43.0,1,4,0,0,2,20.0,12.5
420,18,18,1,1,39.0,26.0,39.0,150.0,39.0,3,2,0,0,1,26.92,19.23
420,5,12,1,1,43.0,29.0,43.0,148.28,43.0,5,1,0,0,0,27.59,20.69
420,5,14,1,1,8.0,7.0,8.0,114.29,8.0,1,0,0,0,0,28.57,14.29
420,5,15,2,2,8.0,7.0,4.0,114.29,5.0,1,0,0,0,2,28.57,14.29
420,5,17,1,1,54.0,39.0,54.0,138.46,54.0,5,3,1,0,0,35.9,20.51
420,5,18,1,1,16.0,8.0,16.0,200.0,16.0,3,0,0,0,1,12.5,37.5
420,12,14,2,2,29.0,16.0,14.5,181.25,25.0,1,3,0,0,2,37.5,25.0
420,12,15,1,1,0.0,1.0,0.0,0.0,0.0,0,0,0,0,0,100.0,0.0
420,12,16,2,2,40.0,24.0,20.0,166.67,20.0,2,4,0,0,2,45.83,25.0
420,12,17,2,2,71.0,52.0,35.5,136.54,48.0,7,1,0,0,2,21.15,15.38
420,12,18,2,2,56.0,36.0,28.0,155.56,43.0,3,4,0,0,1,30.56,19.44
420,17,13,1,1,16.0,18.0,16.0,88.89,16.0,1,0,0,0,1,33.33,5.56
420,17,14,2,2,34.0,32.0,17.0,106.25,25.0,4,0,0,0,2,34.38,12.5
420,17,15,1,1,56.0,31.0,56.0,180.65,56.0,3,4,1,0,0,16.13,22.58
420,8,17,2,2,40.0,30.0,20.0,133.33,36.0,3,2,0,0,3,40.0,16.67
420,8,18,2,2,52.0,32.0,26.0,162.5,30.0,5,3,0,0,2,34.38,25.0
420,15,13,2,2,62.0,38.0,31.0,163.16,42.0,4,3,0,0,1,15.79,18.42
420,15,14,2,2,15.0,9.0,7.5,166.67,15.0,0,1,0,0,1,11.11,11.11
420,15,15,1,1,12.0,9.0,12.0,133.33,12.0,2,0,0,0,1,33.33,22.22
420,15,16,1,1,7.0,6.0,7.0,116.67,7.0,1,0,0,0,1,16.67,16.67
420,15,17,2,2,83.0,59.0,41.5,140.68,77.0,8,4,1,0,2,37.29,20.34
420,15,18,1,1,4.0,2.0,4.0,200.0,4.0,1,0,0,0,1,50.0,50.0
199,6,15,1,1,3.0,9.0,3.0,33.33,3.0,0,0,0,0,1,66.67,0.0
199,10,17,1,1,13.0,10.0,13.0,130.0,13.0,1,1,0,0,1,40.0,20.0
199,10,18,1,1,5.0,5.0,5.0,100.0,5.0,1,0,0,0,1,60.0,20.0
199,1,15,1,1,20.0,12.0,20.0,166.67,20.0,2,1,0,0,1,25.0,25.0
199,9,15,2,2,41.0,22.0,20.5,186.36,33.0,1,4,0,0,2,22.73,22.73
199,9,17,1,1,26.0,13.0,26.0,200.0,26.0,1,3,0,0,1,38.46,30.77
199,18,15,2,2,38.0,31.0,19.0,122.58,35.0,3,2,0,0,2,41.94,16.13
199,18,16,1,1,1.0,3.0,1.0,33.33,1.0,0,0,0,0,1,66.67,0.0
199,5,15,2,2,43.0,36.0,21.5,119.44,43.0,1,4,0,0,2,47.22,13.89
199,5,16,1,1,4.0,4.0,4.0,100.0,4.0,1,0,0,0,1,75.0,25.0
199,12,15,1,1,2.0,6.0,2.0,33.33,2.0,0,0,0,0,1,66.67,0.0
199,12,17,2,2,15.0,10.0,7.5,150.0,11.0,3,0,0,0,2,50.0,30.0
199,11,15,1,1,36.0,15.0,36.0,240.0,36.0,0,5,0,0,1,33.33,33.33
199,11,16,1,1,2.0,2.0,2.0,100.0,2.0,0,0,0,0,1,50.0,0.0
199,17,15,1,1,0.0,1.0,0.0,0.0,0.0,0,0,0,0,1,100.0,0.0
199,8,17,1,1,16.0,8.0,16.0,200.0,16.0,2,1,0,0,0,37.5,37.5
199,15,15,1,1,67.0,35.0,67.0,191.43,67.0,3,6,1,0,0,25.71,25.71
199,15,17,2,2,33.0,27.0,16.5,122.22,27.0,3,1,0,0,2,44.44,14.81
361,6,6,1,1,0.0,4.0,0.0,0.0,0.0,0,0,0,0,1,100.0,0.0
361,2,6,1,1,12.0,7.0,12.0,171.43,12.0,0,1,0,0,0,14.29,14.29
361,9,6,1,1,0.0,3.0,0.0,0.0,0.0,0,0,0,0,1,100.0,0.0
361,5,6,1,1,23.0,18.0,23.0,127.78,23.0,3,0,0,0,0,27.78,16.67
361,7,6,1,1,0.0,1.0,0.0,0.0,0.0,0,0,0,0,1,100.0,0.0
361,11,6,1,1,3.0,4.0,3.0,75.0,3.0,0,0,0,0,1,50.0,0.0
361,11,7,1,1,13.0,13.0,13.0,100.0,13.0,0,1,0,0,1,46.15,7.69
310,10,17,1,1,2.0,12.0,2.0,16.67,2.0,0,0,0,0,1,83.33,0.0
310,10,18,1,1,3.0,6.0,3.0,50.0,3.0,0,0,0,0,1,50.0,0.0
310,1,17,2,2,47.0,22.0,23.5,213.64,46.0,6,3,0,0,1,36.36,40.91
310,9,17,1,1,15.0,8.0,15.0,187.5,15.0,3,0,0,0,1,25.0,37.5
310,9,18,1,1,4.0,9.0,4.0,44.44,4.0,0,0,0,0,1,55.56,0.0
310,18,17,1,1,0.0,1.0,0.0,0.0,0.0,0,0,0,0,1,100.0,0.0
310,18,18,1,1,37.0,22.0,37.0,168.18,37.0,5,0,0,0,1,18.18,22.73
310,5,17,1,1,21.0,16.0,21.0,131.25,21.0,2,1,0,0,1,37.5,18.75
310,5,18,2,2,70.0,54.0,35.0,129.63,65.0,2,4,1,0,1,29.63,11.11
310,12,18,1,1,36.0,23.0,36.0,156.52,36.0,6,0,0,0,1,30.43,26.09
310,11,17,1,1,27.0,18.0,27.0,150.0,27.0,1,2,0,0,1,38.89,16.67
310,11,18,1,1,0.0,4.0,0.0,0.0,0.0,0,0,0,0,1,100.0,0.0
310,8,17,2,2,98.0,52.0,49.0,188.46,61.0,8,6,1,0,2,19.23,26.92
310,8,18,1,1,41.0,31.0,41.0,132.26,41.0,5,0,0,0,1,19.35,16.13
310,15,17,1,1,12.0,9.0,12.0,133.33,12.0,2,0,0,0,1,33.33,22.22
576,6,18,1,1,3.0,7.0,3.0,42.86,3.0,0,0,0,0,1,57.14,0.0
576,10,17,1,1,13.0,6.0,13.0,216.67,13.0,0,2,0,0,1,33.33,33.33
576,18,18,1,1,1.0,2.0,1.0,50.0,1.0,0,0,0,0,1,50.0,0.0
576,5,18,1,1,1.0,1.0,1.0,100.0,1.0,0,0,0,0,0,0.0,0.0
40,15,15,1,1,0.0,2.0,0.0,0.0,0.0,0,0,0,0,1,100.0,0.0
90,6,3,2,2,9.0,14.0,4.5,64.29,5.0,0,0,0,0,2,50.0,0.0
90,6,4,1,1,0.0,7.0,0.0,0.0,0.0,0,0,0,0,1,100.0,0.0
90,6,6,2,2,8.0,7.0,4.0,114.29,8.0,1,0,0,0,2,42.86,14.29
90,16,3,1,1,3.0,5.0,3.0,60.0,3.0,0,0,0,0,1,40.0,0.0
90,2,6,1,1,22.0,13.0,22.0,169.23,22.0,2,1,0,0,1,30.77,23.08
90,2,9,1,1,6.0,7.0,6.0,85.71,6.0,1,0,0,0,1,57.14,14.29
90,13,3,2,2,37.0,26.0,18.5,142.31,20.0,3,0,0,0,1,23.08,11.54
90,9,3,2,2,32.0,22.0,16.0,145.45,21.0,4,0,0,0,1,13.64,18.18
90,11,3,2,2,7.0,7.0,3.5,100.0,6.0,1,0,0,0,0,42.86,14.29
90,11,4,1,1,7.0,6.0,7.0,116.67,7.0,0,0,0,0,1,16.67,0.0
90,11,6,2,2,15.0,15.0,7.5,100.0,11.0,2,0,0,0,1,46.67,13.33
90,3,9,1,1,10.0,8.0,10.0,125.0,10.0,0,1,0,0,1,37.5,12.5
90,17,3,1,1,24.0,22.0,24.0,109.09,24.0,3,0,0,0,1,31.82,13.64
90,17,4,1,1,18.0,21.0,18.0,85.71,18.0,1,0,0,0,0,38.1,4.76
90,17,6,2,2,39.0,24.0,19.5,162.5,27.0,3,2,0,0,0,25.0,20.83
90,15,6,1,1,25.0,18.0,25.0,138.89,25.0,1,2,0,0,1,33.33,16.67
90,15,9,1,1,8.0,9.0,8.0,88.89,8.0,0,0,0,0,1,22.22,0.0
343,6,4,1,1,1.0,1.0,1.0,100.0,1.0,0,0,0,0,0,0.0,0.0
343,6,6,1,1,0.0,1.0,0.0,0.0,0.0,0,0,0,0,1,100.0,0.0
343,2,3,1,1,14.0,8.0,14.0,175.0,14.0,2,0,0,0,0,25.0,25.0
343,13,5,2,2,2.0,6.0,1.0,33.33,2.0,0,0,0,0,1,83.33,0.0
343,13,6,1,1,1.0,1.0,1.0,100.0,1.0,0,0,0,0,0,0.0,0.0
343,4,4,1,1,10.0,9.0,10.0,111.11,10.0,0,1,0,0,0,55.56,11.11
343,5,3,1,1,5.0,7.0,5.0,71.43,5.0,1,0,0,0,1,71.43,14.29
343,5,4,2,2,13.0,10.0,6.5,130.0,13.0,1,1,0,0,1,50.0,20.0
343,5,6,1,1,10.0,12.0,10.0,83.33,10.0,1,0,0,0,0,50.0,8.33
343,11,3,1,1,10.0,5.0,10.0,200.0,10.0,0,1,0,0,1,40.0,20.0
343,11,4,1,1,0.0,1.0,0.0,0.0,0.0,0,0,0,0,1,100.0,0.0
343,11,5,1,1,0.0,3.0,0.0,0.0,0.0,0,0,0,0,1,66.67,0.0
343,17,3,1,1,0.0,6.0,0.0,0.0,0.0,0,0,0,0,1,100.0,0.0
343,17,5,1,1,0.0,2.0,0.0,0.0,0.0,0,0,0,0,1,50.0,0.0
343,17,6,1,1,0.0,1.0,0.0,0.0,0.0,0,0,0,0,0,0.0,0.0
343,15,6,2,2,0.0,2.0,0.0,0.0,0.0,0,0,0,0,2,100.0,0.0
438,6,17,1,1,1.0,2.0,1.0,50.0,1.0,0,0,0,0,1,50.0,0.0
438,6,18,1,1,53.0,14.0,53.0,378.57,53.0,4,6,1,0,0,21.43,71.43
438,10,17,1,1,39.0,10.0,39.0,390.0,39.0,3,4,0,0,0,0.0,70.0
438,18,15,1,1,8.0,8.0,8.0,100.0,8.0,0,1,0,0,1,62.5,12.5
438,18,17,1,1,1.0,1.0,1.0,100.0,1.0,0,0,0,0,0,0.0,0.0
438,12,15,1,1,26.0,15.0,26.0,173.33,26.0,2,2,0,0,1,26.67,26.67
438,12,17,1,1,1.0,2.0,1.0,50.0,1.0,0,0,0,0,1,50.0,0.0
438,12,18,1,1,17.0,9.0,17.0,188.89,17.0,1,1,0,0,1,11.11,22.22
438,11,15,1,1,24.0,18.0,24.0,133.33,24.0,0,2,0,0,1,38.89,11.11
438,15,16,1,1,0.0,1.0,0.0,0.0,0.0,0,0,0,0,1,100.0,0.0
438,15,17,1,1,15.0,6.0,15.0,250.0,15.0,2,1,0,0,0,33.33,50.0
438,15,18,1,1,0.0,1.0,0.0,0.0,0.0,0,0,0,0,1,100.0,0.0
34,2,6,1,1,1.0,2.0,1.0,50.0,1.0,0,0,0,0,0,50.0,0.0
34,11,7,1,1,14.0,12.0,14.0,116.67,14.0,2,0,0,0,1,33.33,16.67
34,17,7,1,1,2.0,6.0,2.0,33.33,2.0,0,0,0,0,1,66.67,0.0
34,15,7,1,1,2.0,3.0,2.0,66.67,2.0,0,0,0,0,0,33.33,0.0
679,6,11,1,1,3.0,4.0,3.0,75.0,3.0,0,0,0,0,0,25.0,0.0
679,6,12,1,1,11.0,9.0,11.0,122.22,11.0,1,0,0,0,0,22.22,11.11
679,6,13,1,1,10.0,8.0,10.0,125.0,10.0,1,0,0,0,1,25.0,12.5
679,6,14,1,1,20.0,15.0,20.0,133.33,20.0,0,2,0,0,1,33.33,13.33
679,6,15,1,1,6.0,14.0,6.0,42.86,6.0,0,0,0,0,1,57.14,0.0
679,6,16,2,2,18.0,19.0,9.0,94.74,15.0,1,1,0,0,1,47.37,10.53
679,6,17,1,1,6.0,11.0,6.0,54.55,6.0,1,0,0,0,1,63.64,9.09
679,6,18,1,1,14.0,10.0,14.0,140.0,14.0,1,0,0,0,1,20.0,10.0
679,10,13,2,2,52.0,47.0,26.0,110.64,38.0,4,2,0,0,1,38.3,12.77
679,10,14,2,2,28.0,32.0,14.0,87.5,19.0,2,0,0,0,2,34.38,6.25
679,10,15,1,1,14.0,8.0,14.0,175.0,14.0,1,1,0,0,1,37.5,25.0
679,10,16,1,1,20.0,7.0,20.0,285.71,20.0,0,3,0,0,1,28.57,42.86
679,10,17,2,2,14.0,20.0,7.0,70.0,10.0,1,0,0,0,2,40.0,5.0
679,10,18,1,1,11.0,3.0,11.0,366.67,11.0,1,1,0,0,0,0.0,66.67
679,13,7,1,1,16.0,13.0,16.0,123.08,16.0,0,1,0,0,1,15.38,7.69
679,13,11,2,2,33.0,28.0,16.5,117.86,24.0,2,1,0,0,3,28.57,10.71
679,13,13,1,1,53.0,31.0,53.0,170.97,53.0,0,7,1,0,1,41.94,22.58
679,9,10,1,1,15.0,8.0,15.0,187.5,15.0,3,0,0,0,0,12.5,37.5
679,9,11,1,1,1.0,2.0,1.0,50.0,1.0,0,0,0,0,1,50.0,0.0
679,9,13,2,2,45.0,37.0,22.5,121.62,31.0,2,2,0,0,2,37.84,10.81
679,9,14,2,2,49.0,44.0,24.5,111.36,44.0,5,2,0,0,3,52.27,15.91
679,9,15,1,1,17.0,12.0,17.0,141.67,17.0,2,0,0,0,1,25.0,16.67
679,9,18,1,1,0.0,2.0,0.0,0.0,0.0,0,0,0,0,1,100.0,0.0
679,18,15,2,2,62.0,40.0,31.0,155.0,40.0,9,2,0,0,0,35.0,27.5
679,18,16,1,1,2.0,2.0,2.0,100.0,2.0,0,0,0,0,0,0.0,0.0
679,18,17,1,1,30.0,25.0,30.0,120.0,30.0,2,2,0,0,1,44.0,16.0
679,18,18,2,2,2.0,4.0,1.0,50.0,2.0,0,0,0,0,2,50.0,0.0
679,5,12,1,1,9.0,4.0,9.0,225.0,9.0,0,1,0,0,0,0.0,25.0
679,5,13,1,1,5.0,6.0,5.0,83.33,5.0,1,0,0,0,1,66.67,16.67
679,5,14,1,1,12.0,20.0,12.0,60.0,12.0,0,0,0,0,1,45.0,0.0
679,5,15,1,1,3.0,4.0,3.0,75.0,3.0,0,0,0,0,1,25.0,0.0
679,5,16,2,2,34.0,18.0,17.0,188.89,20.0,1,3,0,0,1,11.11,22.22
679,5,17,1,1,22.0,15.0,22.0,146.67,22.0,2,1,0,0,1,26.67,20.0
679,5,18,2,2,27.0,19.0,13.5,142.11,16.0,2,1,0,0,0,15.79,15.79
679,12,14,2,2,4.0,9.0,2.0,44.44,2.0,0,0,0,0,2,55.56,0.0
679,12,15,2,2,24.0,16.0,12.0,150.0,13.0,0,2,0,0,1,25.0,12.5
679,12,16,1,1,5.0,2.0,5.0,250.0,5.0,1,0,0,0,0,0.0,50.0
679,12,17,2,2,59.0,26.0,29.5,226.92,36.0,10,1,0,0,0,19.23,42.31
679,12,18,1,1,6.0,2.0,6.0,300.0,6.0,0,1,0,0,0,50.0,50.0
679,11,16,1,1,1.0,1.0,1.0,100.0,1.0,0,0,0,0,0,0.0,0.0
679,11,17,1,1,22.0,11.0,22.0,200.0,22.0,3,0,0,0,1,0.0,27.27
679,11,18,2,2,33.0,16.0,16.5,206.25,24.0,2,3,0,0,1,31.25,31.25
679,3,10,1,1,4.0,3.0,4.0,133.33,4.0,1,0,0,0,1,66.67,33.33
679,17,11,1,1,13.0,9.0,13.0,144.44,13.0,3,0,0,0,0,33.33,33.33
679,17,12,1,1,1.0,2.0,1.0,50.0,1.0,0,0,0,0,0,50.0,0.0
679,17,13,2,2,43.0,23.0,21.5,186.96,24.0,1,4,0,0,0,13.04,21.74
679,17,14,2,2,42.0,26.0,21.0,161.54,40.0,4,2,0,0,2,30.77,23.08
679,17,15,2,2,45.0,28.0,22.5,160.71,43.0,5,2,0,0,1,32.14,25.0
679,17,16,1,1,4.0,5.0,4.0,80.0,4.0,0,0,0,0,0,40.0,0.0
679,8,17,1,1,35.0,21.0,35.0,166.67,35.0,5,1,0,0,2,28.57,28.57
679,15,12,1,1,5.0,7.0,5.0,71.43,5.0,1,0,0,0,1,57.14,14.29
679,15,13,2,2,47.0,31.0,23.5,151.61,45.0,4,2,0,0,0,22.58,19.35
679,15,14,1,1,0.0,1.0,0.0,0.0,0.0,0,0,0,0,0,0.0,0.0
679,15,15,2,2,46.0,25.0,23.0,184.0,40.0,5,2,0,0,1,20.0,28.0
679,15,16,1,1,3.0,3.0,3.0,100.0,3.0,0,0,0,0,1,33.33,0.0
679,15,18,1,1,6.0,3.0,6.0,200.0,6.0,0,1,0,0,1,66.67,33.33
597,6,1,1,1,0.0,1.0,0.0,0.0,0.0,0,0,0,0,1,100.0,0.0
597,6,2,2,2,11.0,8.0,5.5,137.5,6.0,1,0,0,0,1,37.5,12.5
597,6,5,1,1,6.0,1.0,6.0,600.0,6.0,0,1,0,0,0,0.0,100.0
597,6,8,1,1,0.0,1.0,0.0,0.0,0.0,0,0,0,0,0,0.0,0.0
597,16,2,1,1,8.0,8.0,8.0,100.0,8.0,1,0,0,0,1,37.5,12.5
597,16,3,1,1,4.0,7.0,4.0,57.14,4.0,0,0,0,0,1,71.43,0.0
597,16,4,1,1,18.0,19.0,18.0,94.74,18.0,2,0,0,0,1,36.84,10.53
597,16,5,1,1,7.0,7.0,7.0,100.0,7.0,1,0,0,0,1,42.86,14.29
597,2,3,2,2,5.0,5.0,2.5,100.0,3.0,0,0,0,0,1,20.0,0.0
597,2,4,1,1,11.0,9.0,11.0,122.22,11.0,0,1,0,0,1,33.33,11.11
597,2,5,1,1,18.0,16.0,18.0,112.5,18.0,1,0,0,0,1,25.0,6.25
597,2,6,1,1,1.0,1.0,1.0,100.0,1.0,0,0,0,0,0,0.0,0.0
597,14,9,1,1,1.0,1.0,1.0,100.0,1.0,0,0,0,0,0,0.0,0.0
597,13,1,1,1,1.0,3.0,1.0,33.33,1.0,0,0,0,0,1,33.33,0.0
597,13,2,1,1,1.0,1.0,1.0,100.0,1.0,0,0,0,0,0,0.0,0.0
597,13,4,1,1,1.0,1.0,1.0,100.0,1.0,0,0,0,0,1,0.0,0.0
597,9,4,1,1,11.0,10.0,11.0,110.0,11.0,1,0,0,0,1,30.0,10.0
597,9,5,2,2,25.0,27.0,12.5,92.59,25.0,0,1,0,0,1,29.63,3.7
597,9,6,1,1,14.0,13.0,14.0,107.69,14.0,1,0,0,0,0,30.77,7.69
597,5,1,1,1,23.0,17.0,23.0,135.29,23.0,2,1,0,0,1,41.18,17.65
597,5,2,1,1,7.0,12.0,7.0,58.33,7.0,0,0,0,0,1,50.0,0.0
597,5,3,2,2,18.0,20.0,9.0,90.0,10.0,1,0,0,0,1,25.0,5.0
597,5,5,1,1,1.0,2.0,1.0,50.0,1.0,0,0,0,0,1,50.0,0.0
597,5,6,1,1,26.0,20.0,26.0,130.0,26.0,4,0,0,0,0,40.0,20.0
597,7,4,1,1,1.0,1.0,1.0,100.0,1.0,0,0,0,0,0,0.0,0.0
597,11,1,1,1,1.0,1.0,1.0,100.0,1.0,0,0,0,0,0,0.0,0.0
597,11,2,2,2,20.0,15.0,10.0,133.33,12.0,2,1,0,0,1,46.67,20.0
597,11,4,1,1,5.0,4.0,5.0,125.0,5.0,1,0,0,0,1,50.0,25.0
597,11,5,1,1,11.0,9.0,11.0,122.22,11.0,1,0,0,0,1,33.33,11.11
597,11,6,1,1,22.0,6.0,22.0,366.67,22.0,0,3,0,0,0,16.67,50.0
597,11,7,1,1,0.0,1.0,0.0,0.0,0.0,0,0,0,0,1,100.0,0.0
597,3,9,1,1,12.0,11.0,12.0,109.09,12.0,0,1,0,0,1,45.45,9.09
597,17,4,1,1,3.0,3.0,3.0,100.0,3.0,0,0,0,0,1,33.33,0.0
597,17,7,1,1,4.0,5.0,4.0,80.0,4.0,0,0,0,0,1,20.0,0.0
597,17,11,1,1,6.0,3.0,6.0,200.0,6.0,1,0,0,0,0,0.0,33.33
597,15,6,1,1,7.0,4.0,7.0,175.0,7.0,1,0,0,0,1,25.0,25.0
597,15,8,1,1,0.0,1.0,0.0,0.0,0.0,0,0,0,0,1,100.0,0.0
336,9,15,1,1,11.0,13.0,11.0,84.62,11.0,1,0,0,0,1,46.15,7.69
336,12,18,1,1,8.0,4.0,8.0,200.0,8.0,0,0,0,0,0,0.0,0.0
336,17,15,1,1,0.0,1.0,0.0,0.0,0.0,0,0,0,0,1,100.0,0.0
6,6,1,1,1,0.0,1.0,0.0,0.0,0.0,0,0,0,0,1,100.0,0.0
6,6,2,2,2,64.0,52.0,32.0,123.08,37.0,5,2,0,0,2,30.77,13.46
6,6,4,2,2,35.0,19.0,17.5,184.21,19.0,1,3,0,0,1,21.05,21.05
6,16,1,1,1,1.0,3.0,1.0,33.33,1.0,0,0,0,0,1,33.33,0.0
6,16,2,2,2,31.0,37.0,15.5,83.78,19.0,0,1,0,0,1,37.84,2.7
6,16,4,1,1,23.0,35.0,23.0,65.71,23.0,2,0,0,0,1,48.57,5.71
6,16,5,2,2,52.0,38.0,26.0,136.84,48.0,3,3,0,0,2,26.32,15.79
6,10,12,1,1,25.0,10.0,25.0,250.0,25.0,2,2,0,0,1,10.0,40.0
6,10,13,2,2,45.0,22.0,22.5,204.55,33.0,1,4,0,0,1,18.18,22.73
6,10,14,2,2,27.0,19.0,13.5,142.11,26.0,3,0,0,0,1,5.26,15.79
6,10,16,2,2,41.0,23.0,20.5,178.26,21.0,4,2,0,0,1,21.74,26.09
6,10,17,1,1,21.0,17.0,21.0,123.53,21.0,2,0,0,0,0,17.65,11.76
6,10,18,1,1,2.0,3.0,2.0,66.67,2.0,0,0,0,0,1,33.33,0.0
6,2,1,3,3,42.0,34.0,14.0,123.53,29.0,3,3,0,0,3,41.18,17.65
6,2,2,2,2,40.0,31.0,20.0,129.03,24.0,4,0,0,0,2,25.81,12.9
6,2,4,1,1,31.0,22.0,31.0,140.91,31.0,3,1,0,0,1,22.73,18.18
6,2,5,1,1,13.0,17.0,13.0,76.47,13.0,1,0,0,0,1,47.06,5.88
6,2,6,1,1,24.0,17.0,24.0,141.18,24.0,2,0,0,0,1,5.88,11.76
6,2,7,1,1,7.0,3.0,7.0,233.33,7.0,0,1,0,0,1,33.33,33.33
6,2,8,2,2,20.0,22.0,10.0,90.91,17.0,1,1,0,0,1,45.45,9.09
6,2,9,2,2,40.0,33.0,20.0,121.21,36.0,4,1,0,0,2,36.36,15.15
6,2,10,2,2,31.0,14.0,15.5,221.43,18.0,2,2,0,0,0,0.0,28.57
6,2,11,1,1,27.0,18.0,27.0,150.0,27.0,0,2,0,0,0,11.11,11.11
6,1,15,1,1,22.0,12.0,22.0,183.33,22.0,0,2,0,0,1,16.67,16.67
6,1,16,3,3,38.0,24.0,12.67,158.33,22.0,3,1,0,0,2,12.5,16.67
6,1,17,2,2,25.0,13.0,12.5,192.31,18.0,3,1,0,0,2,30.77,30.77
6,1,18,1,1,21.0,18.0,21.0,116.67,21.0,1,1,0,0,0,33.33,11.11
6,13,1,1,1,36.0,25.0,36.0,144.0,36.0,5,1,0,0,0,40.0,24.0
6,13,2,2,2,70.0,56.0,35.0,125.0,37.0,7,1,0,0,2,33.93,14.29
6,13,4,1,1,17.0,18.0,17.0,94.44,17.0,1,1,0,0,1,50.0,11.11
6,13,5,2,2,30.0,25.0,15.0,120.0,17.0,3,1,0,0,2,44.0,16.0
6,13,6,1,1,5.0,2.0,5.0,250.0,5.0,1,0,0,0,0,0.0,50.0
6,13,7,2,2,44.0,29.0,22.0,151.72,27.0,5,1,0,0,2,24.14,20.69
6,13,8,1,1,18.0,11.0,18.0,163.64,18.0,2,0,0,0,0,18.18,18.18
6,13,9,2,2,19.0,23.0,9.5,82.61,11.0,0,0,0,0,1,34.78,0.0
6,13,10,2,2,16.0,13.0,8.0,123.08,9.0,1,0,0,0,1,15.38,7.69
6,13,11,1,1,19.0,13.0,19.0,146.15,19.0,1,1,0,0,1,38.46,15.38
6,9,1,1,1,33.0,19.0,33.0,173.68,33.0,3,1,0,0,1,10.53,21.05
6,9,2,2,2,36.0,45.0,18.0,80.0,22.0,1,0,0,0,3,37.78,2.22
6,9,4,2,2,37.0,29.0,18.5,127.59,29.0,2,3,0,0,2,48.28,17.24
6,9,5,2,2,12.0,15.0,6.0,80.0,9.0,0,0,0,0,1,26.67,0.0
6,9,6,2,2,37.0,15.0,18.5,246.67,36.0,3,3,0,0,0,6.67,40.0
6,9,7,2,2,26.0,14.0,13.0,185.71,17.0,1,2,0,0,0,7.14,21.43
6,9,8,2,2,39.0,50.0,19.5,78.0,24.0,1,1,0,0,2,42.0,4.0
6,9,9,2,2,20.0,19.0,10.0,105.26,11.0,1,1,0,0,1,47.37,10.53
6,9,10,1,1,19.0,13.0,19.0,146.15,19.0,1,1,0,0,0,23.08,15.38
6,9,11,2,2,23.0,19.0,11.5,121.05,12.0,1,1,0,0,1,21.05,10.53
6,9,12,1,1,31.0,17.0,31.0,182.35,31.0,5,0,0,0,0,23.53,29.41
6,9,13,2,2,52.0,19.0,26.0,273.68,31.0,5,4,0,0,0,15.79,47.37
6,9,14,2,2,28.0,9.0,14.0,311.11,22.0,2,3,0,0,1,22.22,55.56
6,9,15,1,1,26.0,28.0,26.0,92.86,26.0,0,1,0,0,1,28.57,3.57
6,9,16,2,2,38.0,32.0,19.0,118.75,20.0,0,3,0,0,2,37.5,9.38
6,9,18,2,2,19.0,12.0,9.5,158.33,19.0,2,1,0,0,2,41.67,25.0
6,18,15,1,1,17.0,9.0,17.0,188.89,17.0,3,0,0,0,1,22.22,33.33
6,18,16,1,1,3.0,6.0,3.0,50.0,3.0,0,0,0,0,1,16.67,0.0
6,18,17,2,2,73.0,59.0,36.5,123.73,57.0,7,1,1,0,1,25.42,13.56
6,18,18,1,1,7.0,11.0,7.0,63.64,7.0,0,0,0,0,1,36.36,0.0
6,5,1,2,2,23.0,21.0,11.5,109.52,23.0,0,1,0,0,1,28.57,4.76
6,5,2,1,1,42.0,32.0,42.0,131.25,42.0,4,1,0,0,1,25.0,15.62
6,5,4,1,1,25.0,11.0,25.0,227.27,25.0,2,2,0,0,0,27.27,36.36
6,5,5,3,3,13.0,13.0,4.33,100.0,9.0,0,1,0,0,3,38.46,7.69
6,5,6,3,3,36.0,29.0,12.0,124.14,20.0,3,1,0,0,3,41.38,13.79
6,5,7,1,1,6.0,7.0,6.0,85.71,6.0,1,0,0,0,1,42.86,14.29
6,5,8,2,2,30.0,18.0,15.0,166.67,19.0,2,1,0,0,2,5.56,16.67
6,5,9,1,1,21.0,15.0,21.0,140.0,21.0,4,0,0,0,0,46.67,26.67
6,5,10,1,1,28.0,21.0,28.0,133.33,28.0,2,1,0,0,1,42.86,14.29
6,5,11,1,1,12.0,13.0,12.0,92.31,12.0,1,0,0,0,1,38.46,7.69
6,5,12,2,2,6.0,7.0,3.0,85.71,5.0,0,0,0,0,1,28.57,0.0
6,5,13,2,2,17.0,11.0,8.5,154.55,10.0,3,0,0,0,2,36.36,27.27
6,5,14,2,2,48.0,55.0,24.0,87.27,26.0,3,0,0,0,1,40.0,5.45
6,5,15,1,1,3.0,8.0,3.0,37.5,3.0,0,0,0,0,1,62.5,0.0
6,5,18,2,2,70.0,53.0,35.0,132.08,53.0,5,2,1,0,1,24.53,13.21
6,7,4,1,1,47.0,33.0,47.0,142.42,47.0,3,3,0,0,1,39.39,18.18
6,7,5,2,2,51.0,29.0,25.5,175.86,44.0,4,3,0,0,2,20.69,24.14
6,7,6,1,1,27.0,22.0,27.0,122.73,27.0,1,1,0,0,1,27.27,9.09
6,12,14,1,1,15.0,17.0,15.0,88.24,15.0,1,0,0,0,0,23.53,5.88
6,12,15,2,2,21.0,19.0,10.5,110.53,21.0,1,1,0,0,1,26.32,10.53
6,12,16,1,1,12.0,10.0,12.0,120.0,12.0,0,0,0,0,1,20.0,0.0
6,12,17,2,2,45.0,30.0,22.5,150.0,43.0,3,2,0,0,2,23.33,16.67
6,12,18,2,2,26.0,17.0,13.0,152.94,17.0,4,1,0,0,1,41.18,29.41
6,11,4,1,1,22.0,23.0,22.0,95.65,22.0,2,0,0,0,1,34.78,8.7
6,11,5,1,1,16.0,13.0,16.0,123.08,16.0,1,1,0,0,1,38.46,15.38
6,11,6,2,2,12.0,16.0,6.0,75.0,12.0,0,0,0,0,2,43.75,0.0
6,11,7,2,2,47.0,39.0,23.5,120.51,36.0,2,1,0,0,0,23.08,7.69
6,11,11,1,1,2.0,1.0,2.0,200.0,2.0,0,0,0,0,0,0.0,0.0
6,11,12,2,2,17.0,7.0,8.5,242.86,9.0,0,2,0,0,0,0.0,28.57
6,11,13,2,2,36.0,32.0,18.0,112.5,35.0,4,0,0,0,0,28.12,12.5
6,11,14,2,2,40.0,22.0,20.0,181.82,32.0,5,1,0,0,1,18.18,27.27
6,11,16,2,2,48.0,30.0,24.0,160.0,25.0,4,2,0,0,0,13.33,20.0
6,11,17,1,1,5.0,6.0,5.0,83.33,5.0,0,0,0,0,1,33.33,0.0
6,11,18,2,2,33.0,27.0,16.5,122.22,32.0,2,1,0,0,1,25.93,11.11
6,3,9,2,2,4.0,9.0,2.0,44.44,4.0,0,0,0,0,1,55.56,0.0
6,3,10,1,1,19.0,12.0,19.0,158.33,19.0,3,0,0,0,1,33.33,25.0
6,17,2,2,2,12.0,13.0,6.0,92.31,11.0,0,1,0,0,1,53.85,7.69
6,17,4,2,2,46.0,38.0,23.0,121.05,23.0,4,1,0,0,1,28.95,13.16
6,17,5,1,1,4.0,1.0,4.0,400.0,4.0,1,0,0,0,0,0.0,100.0
6,17,6,2,2,45.0,24.0,22.5,187.5,38.0,4,1,0,0,1,12.5,20.83
6,17,7,1,1,10.0,9.0,10.0,111.11,10.0,0,0,0,0,0,11.11,0.0
6,17,8,2,2,11.0,12.0,5.5,91.67,8.0,1,0,0,0,2,41.67,8.33
6,17,9,3,3,36.0,36.0,12.0,100.0,21.0,2,2,0,0,3,41.67,11.11
6,17,10,2,2,25.0,26.0,12.5,96.15,23.0,2,0,0,0,1,34.62,7.69
6,17,11,1,1,3.0,5.0,3.0,60.0,3.0,0,0,0,0,1,40.0,0.0
6,17,12,2,2,17.0,27.0,8.5,62.96,11.0,0,0,0,0,0,48.15,0.0
6,17,13,1,1,7.0,6.0,7.0,116.67,7.0,1,0,0,0,1,33.33,16.67
6,17,14,1,1,62.0,28.0,62.0,221.43,62.0,4,5,1,0,0,25.0,32.14
6,17,15,2,2,3.0,6.0,1.5,50.0,3.0,0,0,0,0,2,50.0,0.0
6,17,16,1,1,10.0,8.0,10.0,125.0,10.0,0,1,0,0,1,25.0,12.5
6,8,17,2,2,67.0,39.0,33.5,171.79,42.0,3,4,0,0,0,17.95,17.95
6,8,18,2,2,102.0,64.0,51.0,159.38,77.0,10,3,1,0,1,20.31,20.31
6,15,6,2,2,15.0,10.0,7.5,150.0,14.0,3,0,0,0,1,40.0,30.0
6,15,7,1,1,6.0,9.0,6.0,66.67,6.0,0,0,0,0,1,33.33,0.0
6,15,8,2,2,14.0,13.0,7.0,107.69,14.0,0,0,0,0,1,7.69,0.0
6,15,9,3,3,51.0,42.0,17.0,121.43,19.0,3,0,0,0,2,14.29,7.14
6,15,10,1,1,20.0,14.0,20.0,142.86,20.0,2,0,0,0,0,7.14,14.29
6,15,11,1,1,3.0,5.0,3.0,60.0,3.0,0,0,0,0,1,60.0,0.0
6,15,12,1,1,10.0,20.0,10.0,50.0,10.0,0,0,0,0,0,55.0,0.0
6,15,13,2,2,75.0,45.0,37.5,166.67,50.0,8,3,1,0,1,26.67,24.44
6,15,14,1,1,7.0,6.0,7.0,116.67,7.0,1,0,0,0,0,33.33,16.67
6,15,15,2,2,24.0,16.0,12.0,150.0,23.0,2,1,0,0,1,31.25,18.75
6,15,17,1,1,31.0,23.0,31.0,134.78,31.0,4,0,0,0,0,21.74,17.39
6,15,18,1,1,21.0,17.0,21.0,123.53,21.0,1,1,0,0,1,35.29,11.76
141,6,11,1,1,5.0,5.0,5.0,100.0,5.0,0,0,0,0,1,20.0,0.0
141,6,12,2,2,49.0,36.0,24.5,136.11,39.0,6,1,0,0,2,36.11,19.44
141,6,13,2,2,84.0,53.0,42.0,158.49,81.0,8,3,1,0,1,24.53,20.75
141,6,14,3,3,55.0,45.0,18.33,122.22,45.0,5,1,0,0,3,26.67,13.33
141,6,15,2,2,39.0,16.0,19.5,243.75,39.0,5,2,0,0,1,12.5,43.75
141,6,16,1,1,21.0,21.0,21.0,100.0,21.0,1,1,0,0,1,38.1,9.52
141,10,13,2,2,49.0,28.0,24.5,175.0,36.0,4,3,0,0,2,32.14,25.0
141,10,14,3,3,40.0,33.0,13.33,121.21,19.0,2,2,0,0,2,36.36,12.12
141,10,15,1,1,22.0,18.0,22.0,122.22,22.0,2,1,0,0,1,38.89,16.67
141,10,16,2,2,25.0,27.0,12.5,92.59,15.0,0,1,0,0,2,37.04,3.7
141,2,10,2,2,17.0,11.0,8.5,154.55,10.0,3,0,0,0,2,36.36,27.27
141,2,11,2,2,24.0,19.0,12.0,126.32,15.0,1,1,0,0,1,31.58,10.53
141,14,10,2,2,39.0,24.0,19.5,162.5,33.0,4,2,0,0,1,37.5,25.0
141,1,15,2,2,33.0,21.0,16.5,157.14,17.0,3,2,0,0,2,33.33,23.81
141,1,16,1,1,1.0,2.0,1.0,50.0,1.0,0,0,0,0,1,50.0,0.0
141,13,10,1,1,28.0,20.0,28.0,140.0,28.0,4,1,0,0,1,50.0,25.0
141,13,11,1,1,11.0,13.0,11.0,84.62,11.0,1,0,0,0,1,53.85,7.69
141,13,12,2,2,51.0,49.0,25.5,104.08,50.0,4,0,1,0,2,30.61,8.16
141,13,13,2,2,11.0,14.0,5.5,78.57,7.0,1,1,0,0,2,71.43,14.29
141,9,10,2,2,131.0,75.0,65.5,174.67,93.0,16,7,1,0,2,36.0,30.67
141,9,11,3,3,62.0,39.0,20.67,158.97,27.0,7,3,0,0,3,35.9,25.64
141,9,12,1,1,6.0,8.0,6.0,75.0,6.0,0,0,0,0,1,25.0,0.0
141,9,15,2,2,80.0,49.0,40.0,163.27,71.0,5,6,1,0,2,34.69,22.45
141,9,16,2,2,29.0,13.0,14.5,223.08,20.0,5,1,0,0,2,30.77,46.15
141,9,17,3,3,84.0,68.0,28.0,123.53,55.0,8,2,1,0,2,27.94,14.71
141,9,18,1,1,16.0,22.0,16.0,72.73,16.0,1,0,0,0,1,45.45,4.55
141,18,15,1,1,44.0,30.0,44.0,146.67,44.0,5,1,0,0,1,30.0,20.0
141,18,16,2,2,54.0,54.0,27.0,100.0,34.0,8,0,0,0,2,40.74,14.81
141,18,18,1,1,9.0,10.0,9.0,90.0,9.0,1,0,0,0,1,40.0,10.0
141,5,10,3,3,48.0,41.0,16.0,117.07,45.0,3,2,0,0,3,31.71,12.2
141,5,11,1,1,9.0,8.0,9.0,112.5,9.0,1,0,0,0,1,37.5,12.5
141,5,12,1,1,1.0,2.0,1.0,50.0,1.0,0,0,0,0,1,50.0,0.0
141,5,13,1,1,7.0,9.0,7.0,77.78,7.0,1,0,0,0,1,55.56,11.11
141,5,14,2,2,79.0,47.0,39.5,168.09,74.0,8,3,1,0,1,25.53,23.4
141,5,15,1,1,76.0,44.0,76.0,172.73,76.0,9,3,1,0,1,29.55,27.27
141,5,16,1,1,7.0,5.0,7.0,140.0,7.0,1,0,0,0,1,20.0,20.0
141,5,18,1,1,2.0,3.0,2.0,66.67,2.0,0,0,0,0,1,33.33,0.0
141,12,14,2,2,75.0,58.0,37.5,129.31,41.0,10,1,0,0,2,36.21,18.97
141,12,15,2,2,54.0,40.0,27.0,135.0,34.0,5,2,0,0,2,40.0,17.5
141,12,16,1,1,74.0,48.0,74.0,154.17,74.0,10,3,1,0,0,43.75,27.08
141,12,17,2,2,44.0,32.0,22.0,137.5,33.0,5,2,0,0,2,40.62,21.88
141,11,13,1,1,39.0,34.0,39.0,114.71,39.0,4,2,0,0,1,44.12,17.65
141,11,14,2,2,57.0,40.0,28.5,142.5,36.0,4,2,0,0,3,20.0,15.0
141,11,15,1,1,0.0,3.0,0.0,0.0,0.0,0,0,0,0,1,100.0,0.0
141,11,16,2,2,47.0,31.0,23.5,151.61,47.0,2,3,0,0,2,25.81,16.13
141,11,17,1,1,37.0,15.0,37.0,246.67,37.0,5,2,0,0,1,26.67,46.67
141,11,18,1,1,23.0,19.0,23.0,121.05,23.0,3,1,0,0,1,52.63,21.05
141,17,10,2,2,68.0,51.0,34.0,133.33,37.0,7,2,0,0,2,33.33,17.65
141,17,11,2,2,94.0,63.0,47.0,149.21,80.0,6,4,1,0,0,26.98,15.87
141,17,12,1,1,34.0,23.0,34.0,147.83,34.0,3,1,0,0,0,26.09,17.39
141,17,13,2,2,17.0,27.0,8.5,62.96,16.0,1,0,0,0,2,51.85,3.7
141,17,14,2,2,31.0,25.0,15.5,124.0,25.0,6,0,0,0,2,48.0,24.0
141,17,15,2,2,65.0,40.0,32.5,162.5,58.0,6,3,1,0,1,22.5,22.5
141,17,16,1,1,15.0,12.0,15.0,125.0,15.0,2,1,0,0,1,66.67,25.0
141,8,18,1,1,5.0,3.0,5.0,166.67,5.0,1,0,0,0,1,33.33,33.33
141,15,10,2,2,60.0,45.0,30.0,133.33,59.0,6,3,1,0,1,42.22,20.0
141,15,11,2,2,21.0,20.0,10.5,105.0,17.0,2,0,0,0,2,30.0,10.0
141,15,13,1,1,23.0,16.0,23.0,143.75,23.0,2,1,0,0,1,31.25,18.75
141,15,14,2,2,60.0,35.0,30.0,171.43,53.0,6,2,1,0,2,25.71,22.86
775,6,16,1,1,1.0,4.0,1.0,25.0,1.0,0,0,0,0,1,75.0,0.0
775,6,18,1,1,11.0,9.0,11.0,122.22,11.0,1,1,0,0,1,66.67,22.22
775,10,18,1,1,26.0,12.0,26.0,216.67,26.0,5,1,0,0,1,50.0,50.0
775,1,16,2,2,96.0,51.0,48.0,188.24,81.0,6,8,1,0,2,35.29,27.45
775,1,18,1,1,1.0,4.0,1.0,25.0,1.0,0,0,0,0,1,75.0,0.0
775,18,16,1,1,10.0,15.0,10.0,66.67,10.0,0,0,0,0,1,33.33,0.0
775,5,16,1,1,8.0,12.0,8.0,66.67,8.0,0,0,0,0,1,33.33,0.0
775,12,16,2,2,37.0,28.0,18.5,132.14,22.0,4,2,0,0,2,50.0,21.43
775,12,18,1,1,1.0,3.0,1.0,33.33,1.0,0,0,0,0,0,66.67,0.0
775,11,16,1,1,18.0,12.0,18.0,150.0,18.0,1,2,0,0,1,58.33,25.0
775,11,18,1,1,35.0,25.0,35.0,140.0,35.0,4,1,0,0,1,32.0,20.0
775,17,16,1,1,57.0,44.0,57.0,129.55,57.0,6,3,1,0,1,47.73,20.45
775,15,16,2,2,0.0,4.0,0.0,0.0,0.0,0,0,0,0,2,100.0,0.0
775,15,17,2,2,62.0,46.0,31.0,134.78,39.0,7,4,0,0,2,52.17,23.91
103,6,17,1,1,13.0,12.0,13.0,108.33,13.0,0,1,0,0,1,41.67,8.33
103,6,18,1,1,4.0,4.0,4.0,100.0,4.0,0,0,0,0,0,0.0,0.0
103,10,15,1,1,13.0,6.0,13.0,216.67,13.0,2,0,0,0,0,0.0,33.33
103,10,17,1,1,2.0,2.0,2.0,100.0,2.0,0,0,0,0,1,50.0,0.0
103,1,18,1,1,1.0,2.0,1.0,50.0,1.0,0,0,0,0,1,50.0,0.0
103,9,15,1,1,12.0,16.0,12.0,75.0,12.0,0,0,0,0,1,18.75,0.0
103,18,17,1,1,25.0,6.0,25.0,416.67,25.0,1,3,0,0,0,0.0,66.67
103,18,18,1,1,1.0,2.0,1.0,50.0,1.0,0,0,0,0,1,50.0,0.0
103,5,17,2,2,19.0,12.0,9.5,158.33,17.0,1,1,0,0,1,25.0,16.67
103,5,18,1,1,22.0,12.0,22.0,183.33,22.0,1,2,0,0,1,33.33,25.0
103,12,17,1,1,6.0,3.0,6.0,200.0,6.0,0,1,0,0,0,33.33,33.33
103,12,18,1,1,0.0,1.0,0.0,0.0,0.0,0,0,0,0,1,100.0,0.0
103,11,17,1,1,1.0,1.0,1.0,100.0,1.0,0,0,0,0,0,0.0,0.0
103,17,15,1,1,6.0,12.0,6.0,50.0,6.0,0,0,0,0,1,58.33,0.0
103,8,17,1,1,24.0,9.0,24.0,266.67,24.0,2,2,0,0,0,11.11,44.44
103,8,18,1,1,6.0,9.0,6.0,66.67,6.0,0,0,0,0,0,22.22,0.0
103,15,15,1,1,14.0,6.0,14.0,233.33,14.0,1,1,0,0,0,33.33,33.33
103,15,17,1,1,35.0,17.0,35.0,205.88,35.0,1,4,0,0,1,35.29,29.41
103,15,18,1,1,13.0,5.0,13.0,260.0,13.0,0,2,0,0,1,40.0,40.0
363,6,11,1,1,17.0,4.0,17.0,425.0,17.0,1,2,0,0,0,0.0,75.0
363,6,13,1,1,14.0,8.0,14.0,175.0,14.0,1,1,0,0,1,37.5,25.0
363,6,14,1,1,17.0,13.0,17.0,130.77,17.0,2,0,0,0,0,30.77,15.38
363,6,15,1,1,40.0,21.0,40.0,190.48,40.0,2,3,0,0,1,23.81,23.81
363,6,16,3,3,40.0,21.0,13.33,190.48,30.0,4,3,0,0,2,38.1,33.33
363,6,17,1,1,1.0,2.0,1.0,50.0,1.0,0,0,0,0,1,50.0,0.0
363,6,18,1,1,12.0,8.0,12.0,150.0,12.0,1,1,0,0,1,50.0,25.0
363,10,12,2,2,0.0,2.0,0.0,0.0,0.0,0,0,0,0,2,100.0,0.0
363,10,13,1,1,11.0,7.0,11.0,157.14,11.0,1,1,0,0,1,42.86,28.57
363,10,14,2,2,22.0,20.0,11.0,110.0,22.0,2,1,0,0,2,50.0,15.0
363,10,15,1,1,0.0,1.0,0.0,0.0,0.0,0,0,0,0,0,0.0,0.0
363,10,16,1,1,3.0,2.0,3.0,150.0,3.0,0,0,0,0,0,0.0,0.0
363,10,17,2,2,52.0,35.0,26.0,148.57,31.0,5,2,0,0,1,28.57,20.0
363,13,10,1,1,6.0,1.0,6.0,600.0,6.0,0,1,0,0,0,0.0,100.0
363,13,12,1,1,1.0,2.0,1.0,50.0,1.0,0,0,0,0,1,50.0,0.0
363,13,13,1,1,0.0,1.0,0.0,0.0,0.0,0,0,0,0,1,100.0,0.0
363,9,11,2,2,34.0,11.0,17.0,309.09,34.0,2,4,0,0,1,36.36,54.55
363,9,13,1,1,1.0,2.0,1.0,50.0,1.0,0,0,0,0,0,0.0,0.0
363,9,14,1,1,8.0,6.0,8.0,133.33,8.0,1,0,0,0,1,16.67,16.67
363,9,15,1,1,0.0,2.0,0.0,0.0,0.0,0,0,0,0,1,50.0,0.0
363,18,17,1,1,0.0,3.0,0.0,0.0,0.0,0,0,0,0,1,100.0,0.0
363,18,18,2,2,8.0,6.0,4.0,133.33,4.0,0,0,0,0,0,0.0,0.0
363,5,10,1,1,2.0,4.0,2.0,50.0,2.0,0,0,0,0,1,25.0,0.0
363,5,11,2,2,6.0,10.0,3.0,60.0,6.0,0,0,0,0,2,50.0,0.0
363,5,12,1,1,0.0,1.0,0.0,0.0,0.0,0,0,0,0,1,100.0,0.0
363,5,13,1,1,3.0,7.0,3.0,42.86,3.0,0,0,0,0,0,71.43,0.0
363,5,14,2,2,9.0,6.0,4.5,150.0,9.0,2,0,0,0,2,50.0,33.33
363,5,15,1,1,1.0,1.0,1.0,100.0,1.0,0,0,0,0,0,0.0,0.0
363,5,16,3,3,86.0,35.0,28.67,245.71,79.0,4,10,1,0,0,37.14,40.0
363,5,17,1,1,4.0,3.0,4.0,133.33,4.0,0,0,0,0,0,0.0,0.0
363,5,18,3,3,8.0,9.0,2.67,88.89,6.0,0,1,0,0,2,77.78,11.11
363,12,14,1,1,3.0,4.0,3.0,75.0,3.0,0,0,0,0,1,25.0,0.0
363,12,15,1,1,0.0,1.0,0.0,0.0,0.0,0,0,0,0,1,100.0,0.0
363,12,17,1,1,3.0,3.0,3.0,100.0,3.0,0,0,0,0,1,33.33,0.0
363,11,11,1,1,1.0,3.0,1.0,33.33,1.0,0,0,0,0,1,66.67,0.0
363,11,12,2,2,32.0,16.0,16.0,200.0,17.0,2,2,0,0,0,18.75,25.0
363,11,14,1,1,0.0,2.0,0.0,0.0,0.0,0,0,0,0,1,100.0,0.0
363,11,16,1,1,1.0,1.0,1.0,100.0,1.0,0,0,0,0,1,0.0,0.0
363,11,17,1,1,24.0,11.0,24.0,218.18,24.0,4,0,0,0,0,0.0,36.36
363,11,18,1,1,12.0,4.0,12.0,300.0,12.0,1,1,0,0,1,25.0,50.0
363,3,10,1,1,3.0,4.0,3.0,75.0,3.0,0,0,0,0,1,50.0,0.0
363,17,11,1,1,1.0,3.0,1.0,33.33,1.0,0,0,0,0,1,33.33,0.0
363,17,12,1,1,1.0,2.0,1.0,50.0,1.0,0,0,0,0,1,50.0,0.0
363,17,13,1,1,6.0,5.0,6.0,120.0,6.0,1,0,0,0,1,40.0,20.0
363,17,14,2,2,24.0,18.0,12.0,133.33,17.0,2,1,0,0,1,38.89,16.67
363,17,15,1,1,19.0,6.0,19.0,316.67,19.0,1,2,0,0,0,0.0,50.0
363,8,17,1,1,18.0,14.0,18.0,128.57,18.0,2,1,0,0,1,57.14,21.43
363,15,15,2,2,31.0,12.0,15.5,258.33,31.0,0,4,0,0,1,25.0,33.33
363,15,16,1,1,0.0,1.0,0.0,0.0,0.0,0,0,0,0,1,100.0,0.0
363,15,18,1,1,0.0,1.0,0.0,0.0,0.0,0,0,0,0,1,100.0,0.0
675,10,12,1,1,5.0,4.0,5.0,125.0,5.0,0,0,0,0,0,25.0,0.0
675,10,15,1,1,7.0,6.0,7.0,116.67,7.0,1,0,0,0,1,66.67,16.67
675,9,17,2,2,9.0,15.0,4.5,60.0,8.0,1,0,0,0,2,53.33,6.67
675,11,17,1,1,9.0,3.0,9.0,300.0,9.0,2,0,0,0,1,0.0,66.67
675,8,17,1,1,10.0,12.0,10.0,83.33,10.0,1,0,0,0,1,41.67,8.33
367,10,17,1,1,2.0,2.0,2.0,100.0,2.0,0,0,0,0,0,0.0,0.0
367,10,18,1,1,0.0,2.0,0.0,0.0,0.0,0,0,0,0,1,100.0,0.0
367,1,16,2,2,4.0,6.0,2.0,66.67,4.0,1,0,0,0,0,83.33,16.67
367,9,14,1,1,1.0,4.0,1.0,25.0,1.0,0,0,0,0,1,75.0,0.0
367,9,16,1,1,2.0,2.0,2.0,100.0,2.0,0,0,0,0,1,50.0,0.0
367,9,17,1,1,2.0,3.0,2.0,66.67,2.0,0,0,0,0,1,33.33,0.0
367,5,13,1,1,1.0,5.0,1.0,20.0,1.0,0,0,0,0,1,80.0,0.0
367,5,16,1,1,3.0,6.0,3.0,50.0,3.0,0,0,0,0,1,33.33,0.0
367,5,18,1,1,13.0,14.0,13.0,92.86,13.0,0,2,0,0,1,78.57,14.29
367,12,16,1,1,3.0,1.0,3.0,300.0,3.0,0,0,0,0,0,0.0,0.0
367,12,17,1,1,0.0,1.0,0.0,0.0,0.0,0,0,0,0,1,100.0,0.0
367,17,15,1,1,0.0,1.0,0.0,0.0,0.0,0,0,0,0,0,100.0,0.0
367,17,16,2,2,8.0,12.0,4.0,66.67,5.0,0,0,0,0,1,41.67,0.0
367,15,13,1,1,6.0,7.0,6.0,85.71,6.0,1,0,0,0,0,57.14,14.29
162,6,12,1,1,0.0,2.0,0.0,0.0,0.0,0,0,0,0,1,100.0,0.0
162,6,13,1,1,2.0,4.0,2.0,50.0,2.0,0,0,0,0,0,50.0,0.0
162,6,14,1,1,0.0,1.0,0.0,0.0,0.0,0,0,0,0,1,100.0,0.0
162,6,15,1,1,12.0,8.0,12.0,150.0,12.0,1,1,0,0,1,50.0,25.0
162,6,17,1,1,16.0,10.0,16.0,160.0,16.0,2,1,0,0,1,50.0,30.0
162,10,14,1,1,6.0,6.0,6.0,100.0,6.0,1,0,0,0,1,50.0,16.67
162,10,15,2,2,37.0,36.0,18.5,102.78,25.0,3,2,0,0,1,55.56,13.89
162,14,10,1,1,3.0,2.0,3.0,150.0,3.0,0,0,0,0,0,0.0,0.0
162,1,15,1,1,22.0,14.0,22.0,157.14,22.0,2,1,0,0,1,28.57,21.43
162,13,12,1,1,1.0,1.0,1.0,100.0,1.0,0,0,0,0,0,0.0,0.0
162,9,12,1,1,1.0,1.0,1.0,100.0,1.0,0,0,0,0,0,0.0,0.0
162,9,14,1,1,8.0,7.0,8.0,114.29,8.0,0,0,0,0,1,28.57,0.0
162,9,15,1,1,0.0,2.0,0.0,0.0,0.0,0,0,0,0,1,100.0,0.0
162,18,15,1,1,4.0,4.0,4.0,100.0,4.0,1,0,0,0,1,75.0,25.0
162,18,16,1,1,0.0,1.0,0.0,0.0,0.0,0,0,0,0,1,100.0,0.0
162,17,14,1,1,0.0,1.0,0.0,0.0,0.0,0,0,0,0,1,100.0,0.0
162,17,15,1,1,2.0,2.0,2.0,100.0,2.0,0,0,0,0,1,0.0,0.0
162,8,17,1,1,5.0,5.0,5.0,100.0,5.0,1,0,0,0,0,60.0,20.0
162,15,12,1,1,10.0,7.0,10.0,142.86,10.0,2,0,0,0,1,57.14,28.57
162,15,15,1,1,0.0,2.0,0.0,0.0,0.0,0,0,0,0,1,100.0,0.0
162,15,16,1,1,0.0,8.0,0.0,0.0,0.0,0,0,0,0,1,100.0,0.0
632,10,13,1,1,5.0,10.0,5.0,50.0,5.0,0,0,0,0,0,50.0,0.0
632,10,14,3,3,88.0,71.0,29.33,123.94,70.0,8,2,1,0,4,29.58,14.08
632,10,15,1,1,41.0,33.0,41.0,124.24,41.0,4,1,0,0,1,27.27,15.15
632,10,16,2,2,103.0,68.0,51.5,151.47,79.0,7,7,1,0,2,35.29,20.59
632,10,17,1,1,1.0,2.0,1.0,50.0,1.0,0,0,0,0,1,50.0,0.0
632,10,18,1,1,5.0,4.0,5.0,125.0,5.0,1,0,0,0,1,50.0,25.0
632,1,15,2,2,126.0,97.0,63.0,129.9,73.0,9,6,2,0,2,32.99,15.46
632,1,16,3,3,178.0,110.0,59.33,161.82,92.0,14,11,2,0,3,32.73,22.73
632,1,17,2,2,46.0,39.0,23.0,117.95,46.0,5,1,0,0,2,38.46,15.38
632,13,13,1,1,62.0,49.0,62.0,126.53,62.0,6,1,1,0,0,32.65,14.29
632,9,13,1,1,72.0,53.0,72.0,135.85,72.0,6,2,1,0,1,22.64,15.09
632,9,14,3,3,136.0,97.0,45.33,140.21,64.0,11,8,1,0,3,38.14,19.59
632,9,15,1,1,0.0,4.0,0.0,0.0,0.0,0,0,0,0,1,75.0,0.0
632,9,16,2,2,52.0,33.0,26.0,157.58,35.0,4,3,0,0,2,36.36,21.21
632,9,17,1,1,67.0,58.0,67.0,115.52,67.0,9,0,1,0,0,36.21,15.52
632,18,15,1,1,1.0,4.0,1.0,25.0,1.0,0,0,0,0,1,50.0,0.0
632,18,16,1,1,57.0,31.0,57.0,183.87,57.0,3,4,1,0,1,19.35,22.58
632,18,17,2,2,125.0,73.0,62.5,171.23,108.0,13,3,1,1,1,20.55,21.92
632,5,13,1,1,0.0,5.0,0.0,0.0,0.0,0,0,0,0,1,100.0,0.0
632,5,14,2,2,92.0,62.0,46.0,148.39,88.0,10,4,1,0,1,35.48,22.58
632,5,15,2,2,7.0,7.0,3.5,100.0,7.0,1,0,0,0,2,42.86,14.29
632,5,16,2,2,70.0,52.0,35.0,134.62,40.0,6,3,0,0,1,32.69,17.31
632,5,17,1,1,69.0,40.0,69.0,172.5,69.0,5,5,1,0,1,35.0,25.0
632,5,18,1,1,53.0,26.0,53.0,203.85,53.0,6,3,1,0,1,30.77,34.62
632,12,14,2,2,17.0,30.0,8.5,56.67,12.0,1,0,0,0,2,56.67,3.33
632,12,15,2,2,31.0,31.0,15.5,100.0,30.0,4,0,0,0,2,35.48,12.9
632,12,16,1,1,37.0,31.0,37.0,119.35,37.0,4,1,0,0,1,35.48,16.13
632,12,17,2,2,94.0,69.0,47.0,136.23,62.0,9,3,1,0,2,27.54,17.39
632,12,18,1,1,1.0,3.0,1.0,33.33,1.0,0,0,0,0,1,66.67,0.0
632,11,13,1,1,0.0,1.0,0.0,0.0,0.0,0,0,0,0,1,100.0,0.0
632,11,14,2,2,111.0,73.0,55.5,152.05,101.0,10,5,1,1,1,28.77,20.55
632,11,15,1,1,2.0,6.0,2.0,33.33,2.0,0,0,0,0,1,83.33,0.0
632,11,16,2,2,55.0,39.0,27.5,141.03,47.0,6,1,0,0,2,28.21,17.95
632,11,17,1,1,42.0,41.0,42.0,102.44,42.0,1,2,0,0,0,34.15,7.32
632,11,18,1,1,63.0,44.0,63.0,143.18,63.0,7,1,1,0,1,31.82,18.18
632,17,13,1,1,65.0,51.0,65.0,127.45,65.0,4,3,1,0,0,33.33,13.73
632,17,14,2,2,71.0,51.0,35.5,139.22,38.0,8,2,0,0,2,31.37,19.61
632,17,15,2,2,45.0,39.0,22.5,115.38,28.0,6,1,0,0,2,48.72,17.95
632,17,16,1,1,3.0,6.0,3.0,50.0,3.0,0,0,0,0,1,50.0,0.0
632,8,17,2,2,15.0,16.0,7.5,93.75,15.0,3,0,0,0,2,62.5,18.75
632,8,18,1,1,0.0,4.0,0.0,0.0,0.0,0,0,0,0,1,100.0,0.0
632,15,14,2,2,120.0,82.0,60.0,146.34,75.0,16,2,1,0,2,35.37,21.95
632,15,15,2,2,115.0,70.0,57.5,164.29,99.0,9,6,1,0,2,30.0,21.43
632,15,16,1,1,35.0,30.0,35.0,116.67,35.0,2,0,0,0,0,26.67,6.67
632,15,17,2,2,124.0,75.0,62.0,165.33,98.0,13,4,1,0,2,22.67,22.67
347,6,18,2,2,37.0,26.0,18.5,142.31,24.0,6,1,0,0,2,46.15,26.92
347,10,18,2,2,66.0,43.0,33.0,153.49,41.0,5,4,0,0,2,32.56,20.93
347,1,18,2,2,8.0,11.0,4.0,72.73,6.0,1,0,0,0,2,54.55,9.09
347,9,18,1,1,62.0,41.0,62.0,151.22,62.0,4,5,1,0,0,39.02,21.95
347,18,18,2,2,68.0,37.0,34.0,183.78,58.0,8,4,1,0,2,35.14,32.43
347,12,18,1,1,27.0,20.0,27.0,135.0,27.0,5,0,0,0,1,50.0,25.0
347,11,18,1,1,61.0,38.0,61.0,160.53,61.0,7,3,1,0,1,39.47,26.32
347,8,18,1,1,17.0,10.0,17.0,170.0,17.0,4,0,0,0,1,50.0,40.0
347,15,18,2,2,42.0,31.0,21.0,135.48,31.0,7,0,0,0,2,38.71,22.58
468,6,5,1,1,50.0,35.0,50.0,142.86,50.0,6,3,1,0,1,45.71,25.71
468,16,5,2,2,3.0,10.0,1.5,30.0,3.0,0,0,0,0,2,70.0,0.0
468,2,5,1,1,1.0,4.0,1.0,25.0,1.0,0,0,0,0,1,50.0,0.0
468,7,5,1,1,0.0,2.0,0.0,0.0,0.0,0,0,0,0,1,100.0,0.0
468,11,5,1,1,29.0,22.0,29.0,131.82,29.0,4,1,0,0,1,40.91,22.73
105,6,2,2,2,5.0,11.0,2.5,45.45,3.0,0,0,0,0,2,63.64,0.0
105,6,6,1,1,14.0,16.0,14.0,87.5,14.0,1,0,0,0,1,37.5,6.25
105,16,2,2,2,55.0,39.0,27.5,141.03,32.0,4,4,0,0,2,53.85,20.51
105,13,2,1,1,35.0,19.0,35.0,184.21,35.0,3,3,0,0,1,42.11,31.58
105,13,6,1,1,8.0,9.0,8.0,88.89,8.0,1,0,0,0,1,44.44,11.11
105,4,4,2,2,4.0,7.0,2.0,57.14,2.0,0,0,0,0,1,42.86,0.0
105,9,2,1,1,9.0,9.0,9.0,100.0,9.0,0,1,0,0,1,55.56,11.11
105,9,3,1,1,1.0,2.0,1.0,50.0,1.0,0,0,0,0,1,50.0,0.0
105,5,2,1,1,3.0,4.0,3.0,75.0,3.0,0,0,0,0,1,0.0,0.0
105,5,4,1,1,8.0,6.0,8.0,133.33,8.0,1,0,0,0,0,16.67,16.67
105,11,2,1,1,15.0,16.0,15.0,93.75,15.0,1,0,0,0,1,25.0,6.25
105,11,4,1,1,2.0,3.0,2.0,66.67,2.0,0,0,0,0,0,33.33,0.0
88,9,8,1,1,2.0,2.0,2.0,100.0,2.0,0,0,0,0,0,0.0,0.0
705,6,1,1,1,23.0,17.0,23.0,135.29,23.0,2,1,0,0,1,41.18,17.65
705,6,2,2,2,39.0,39.0,19.5,100.0,21.0,2,2,0,0,2,43.59,10.26
705,6,3,3,3,29.0,30.0,9.67,96.67,19.0,2,1,0,0,3,40.0,10.0
705,6,4,1,1,87.0,48.0,87.0,181.25,87.0,8,5,1,0,1,25.0,27.08
705,6,5,3,3,74.0,68.0,24.67,108.82,60.0,6,2,1,0,3,35.29,11.76
705,6,6,4,4,57.0,60.0,14.25,95.0,39.0,4,1,0,0,3,38.33,8.33
705,6,7,3,3,89.0,76.0,29.67,117.11,50.0,7,2,1,0,3,32.89,11.84
705,6,8,4,4,137.0,93.0,34.25,147.31,50.0,12,4,2,0,5,22.58,17.2
705,6,11,2,2,71.0,51.0,35.5,139.22,56.0,7,3,1,0,1,39.22,19.61
705,6,12,4,4,99.0,82.0,24.75,120.73,67.0,9,4,1,0,4,40.24,15.85
705,6,13,1,1,12.0,10.0,12.0,120.0,12.0,2,0,0,0,1,40.0,20.0
705,6,14,1,1,35.0,24.0,35.0,145.83,35.0,4,1,0,0,1,33.33,20.83
705,6,15,2,2,18.0,16.0,9.0,112.5,18.0,4,0,0,0,2,62.5,25.0
705,6,16,2,2,21.0,16.0,10.5,131.25,21.0,3,1,0,0,2,56.25,25.0
705,6,17,1,1,105.0,63.0,105.0,166.67,105.0,11,5,1,1,0,31.75,25.4
705,6,18,2,2,76.0,49.0,38.0,155.1,76.0,4,6,1,0,1,34.69,20.41
705,16,4,2,2,60.0,40.0,30.0,150.0,56.0,6,3,1,0,1,37.5,22.5
705,16,5,2,2,115.0,98.0,57.5,117.35,73.0,8,6,1,0,1,39.8,14.29
705,10,12,2,2,44.0,35.0,22.0,125.71,30.0,5,1,0,0,2,34.29,17.14
705,10,13,3,3,73.0,64.0,24.33,114.06,68.0,5,4,1,0,4,43.75,14.06
705,10,14,2,2,51.0,40.0,25.5,127.5,44.0,4,3,0,0,2,47.5,17.5
705,10,15,2,2,43.0,45.0,21.5,95.56,41.0,4,2,0,0,2,55.56,13.33
705,10,16,1,1,65.0,45.0,65.0,144.44,65.0,6,4,1,0,1,40.0,22.22
705,10,17,2,2,57.0,35.0,28.5,162.86,49.0,7,3,0,0,2,42.86,28.57
705,10,18,2,2,23.0,17.0,11.5,135.29,18.0,3,1,0,0,2,47.06,23.53
705,2,1,2,2,101.0,54.0,50.5,187.04,66.0,9,6,1,0,2,24.07,27.78
705,2,2,3,3,28.0,38.0,9.33,73.68,17.0,3,0,0,0,2,50.0,7.89
705,2,3,2,2,56.0,39.0,28.0,143.59,45.0,5,3,0,0,2,41.03,20.51
705,2,4,2,2,76.0,62.0,38.0,122.58,49.0,5,3,0,0,1,32.26,12.9
705,2,5,2,2,41.0,33.0,20.5,124.24,29.0,6,1,0,0,2,45.45,21.21
705,2,6,2,2,147.0,93.0,73.5,158.06,74.0,9,10,2,0,1,25.81,20.43
705,2,7,2,2,34.0,26.0,17.0,130.77,30.0,4,0,0,0,3,23.08,15.38
705,2,8,2,2,76.0,61.0,38.0,124.59,46.0,2,5,0,0,2,31.15,11.48
705,2,9,2,2,96.0,69.0,48.0,139.13,65.0,8,4,1,0,3,28.99,17.39
705,2,10,2,2,15.0,15.0,7.5,100.0,10.0,1,0,0,0,2,40.0,6.67
705,2,11,2,2,31.0,26.0,15.5,119.23,18.0,3,0,0,0,2,26.92,11.54
705,14,9,2,2,37.0,26.0,18.5,142.31,30.0,5,2,0,0,2,57.69,26.92
705,14,10,2,2,45.0,42.0,22.5,107.14,40.0,3,1,0,0,1,33.33,9.52
705,1,15,1,1,43.0,28.0,43.0,153.57,43.0,5,2,0,0,1,42.86,25.0
705,1,16,3,3,39.0,33.0,13.0,118.18,29.0,4,2,0,0,3,54.55,18.18
705,1,17,1,1,43.0,29.0,43.0,148.28,43.0,7,1,0,0,1,41.38,27.59
705,1,18,3,3,96.0,62.0,32.0,154.84,81.0,12,4,1,0,3,37.1,25.81
705,13,1,2,2,126.0,69.0,63.0,182.61,76.0,13,6,2,0,1,27.54,27.54
705,13,2,2,2,51.0,41.0,25.5,124.39,42.0,4,3,0,0,2,46.34,17.07
705,13,3,2,2,69.0,40.0,34.5,172.5,68.0,6,3,1,0,1,20.0,22.5
705,13,4,2,2,23.0,16.0,11.5,143.75,18.0,4,0,0,0,2,31.25,25.0
705,13,5,2,2,52.0,35.0,26.0,148.57,50.0,3,3,1,0,2,25.71,17.14
705,13,6,2,2,104.0,64.0,52.0,162.5,79.0,8,7,1,0,1,31.25,23.44
705,13,7,2,2,57.0,54.0,28.5,105.56,39.0,6,2,0,0,2,48.15,14.81
705,13,8,2,2,26.0,22.0,13.0,118.18,26.0,2,0,0,0,2,36.36,9.09
705,13,9,2,2,15.0,26.0,7.5,57.69,15.0,1,0,0,0,2,53.85,3.85
705,13,10,1,1,5.0,7.0,5.0,71.43,5.0,0,0,0,0,1,57.14,0.0
705,13,11,2,2,30.0,25.0,15.0,120.0,24.0,1,2,0,0,1,32.0,12.0
705,13,12,1,1,32.0,18.0,32.0,177.78,32.0,5,0,0,0,1,16.67,27.78
705,13,13,2,3,81.0,56.0,40.5,144.64,70.0,10,3,1,0,3,35.71,23.21
705,9,1,2,2,33.0,27.0,16.5,122.22,33.0,3,2,0,0,2,37.04,18.52
705,9,2,2,2,68.0,45.0,34.0,151.11,36.0,6,4,0,0,0,37.78,22.22
705,9,3,2,2,15.0,18.0,7.5,83.33,13.0,2,0,0,0,2,50.0,11.11
705,9,4,1,1,10.0,9.0,10.0,111.11,10.0,1,0,0,0,1,33.33,11.11
705,9,5,2,2,121.0,74.0,60.5,163.51,109.0,13,5,1,1,1,24.32,24.32
705,9,6,2,2,50.0,39.0,25.0,128.21,34.0,2,3,0,0,2,30.77,12.82
705,9,7,2,2,78.0,65.0,39.0,120.0,51.0,4,3,1,0,2,33.85,10.77
705,9,8,2,2,128.0,86.0,64.0,148.84,98.0,17,4,1,0,1,34.88,24.42
705,9,9,2,2,152.0,103.0,76.0,147.57,84.0,18,5,2,0,0,30.1,22.33
705,9,10,3,3,55.0,51.0,18.33,107.84,27.0,5,2,0,0,3,41.18,13.73
705,9,11,2,2,47.0,42.0,23.5,111.9,36.0,3,1,0,0,2,30.95,9.52
705,9,12,2,2,67.0,57.0,33.5,117.54,55.0,11,0,1,0,1,43.86,19.3
705,9,13,2,2,115.0,90.0,57.5,127.78,80.0,8,7,1,0,3,43.33,16.67
705,9,14,2,2,76.0,62.0,38.0,122.58,43.0,7,1,0,0,2,25.81,12.9
705,9,15,2,2,5.0,18.0,2.5,27.78,3.0,0,0,0,0,2,72.22,0.0
705,9,16,1,1,20.0,13.0,20.0,153.85,20.0,1,2,0,0,1,46.15,23.08
705,9,17,2,2,30.0,36.0,15.0,83.33,19.0,1,2,0,0,2,52.78,8.33
705,9,18,1,1,13.0,12.0,13.0,108.33,13.0,0,1,0,0,1,50.0,8.33
705,18,15,2,2,45.0,38.0,22.5,118.42,39.0,6,1,0,0,2,47.37,18.42
705,18,16,2,2,48.0,35.0,24.0,137.14,37.0,2,4,0,0,2,37.14,17.14
705,18,17,2,2,72.0,43.0,36.0,167.44,68.0,11,3,1,0,2,46.51,32.56
705,18,18,1,1,12.0,5.0,12.0,240.0,12.0,0,2,0,0,1,60.0,40.0
705,5,1,1,1,6.0,10.0,6.0,60.0,6.0,1,0,0,0,1,70.0,10.0
705,5,2,2,2,41.0,41.0,20.5,100.0,38.0,2,1,0,0,2,29.27,7.32
705,5,3,2,2,56.0,41.0,28.0,136.59,45.0,3,2,0,0,2,24.39,12.2
705,7,4,2,2,32.0,38.0,16.0,84.21,20.0,1,1,0,0,1,39.47,5.26
705,7,5,2,2,4.0,11.0,2.0,36.36,3.0,0,0,0,0,2,63.64,0.0
705,7,6,2,2,99.0,73.0,49.5,135.62,62.0,6,5,1,0,1,28.77,15.07
705,12,14,2,2,71.0,62.0,35.5,114.52,63.0,6,2,1,0,2,35.48,12.9
705,12,15,1,1,28.0,17.0,28.0,164.71,28.0,3,2,0,0,1,52.94,29.41
705,12,16,2,2,44.0,30.0,22.0,146.67,44.0,4,3,0,0,2,43.33,23.33
705,12,17,1,1,36.0,25.0,36.0,144.0,36.0,2,3,0,0,1,40.0,20.0
705,12,18,2,2,32.0,28.0,16.0,114.29,24.0,3,1,0,0,2,35.71,14.29
705,11,1,2,2,41.0,38.0,20.5,107.89,36.0,3,1,0,0,2,34.21,10.53
705,11,2,2,2,47.0,46.0,23.5,102.17,38.0,2,2,0,0,2,30.43,8.7
705,11,3,2,2,122.0,79.0,61.0,154.43,73.0,10,5,1,0,4,22.78,18.99
705,11,4,2,2,71.0,69.0,35.5,102.9,58.0,6,1,1,0,2,37.68,10.14
705,11,5,1,1,21.0,13.0,21.0,161.54,21.0,2,1,0,0,1,38.46,23.08
705,11,6,3,3,18.0,24.0,6.0,75.0,14.0,2,0,0,0,3,54.17,8.33
705,11,7,2,2,56.0,30.0,28.0,186.67,40.0,4,5,0,0,2,33.33,30.0
705,11,8,2,2,27.0,26.0,13.5,103.85,27.0,2,1,0,0,2,42.31,11.54
705,11,11,2,2,0.0,2.0,0.0,0.0,0.0,0,0,0,0,2,100.0,0.0
705,11,12,2,2,52.0,39.0,26.0,133.33,47.0,7,1,0,0,2,35.9,20.51
705,11,13,1,1,35.0,23.0,35.0,152.17,35.0,2,3,0,0,1,39.13,21.74
705,11,14,2,2,36.0,30.0,18.0,120.0,22.0,1,3,0,0,2,50.0,13.33
705,11,15,2,2,12.0,10.0,6.0,120.0,10.0,0,1,0,0,2,50.0,10.0
705,11,16,1,1,3.0,5.0,3.0,60.0,3.0,0,0,0,0,1,40.0,0.0
705,11,17,2,2,6.0,6.0,3.0,100.0,6.0,1,0,0,0,2,66.67,16.67
705,11,18,1,1,53.0,36.0,53.0,147.22,53.0,9,0,1,0,1,33.33,25.0
705,3,9,2,2,92.0,65.0,46.0,141.54,85.0,9,3,1,0,1,30.77,18.46
705,3,10,4,4,86.0,70.0,21.5,122.86,58.0,10,3,1,0,4,41.43,18.57
705,17,1,2,2,74.0,58.0,37.0,127.59,57.0,7,3,1,0,2,36.21,17.24
705,17,2,3,3,88.0,65.0,29.33,135.38,52.0,3,6,1,0,3,29.23,13.85
705,17,3,3,3,57.0,55.0,19.0,103.64,51.0,8,0,1,0,4,40.0,14.55
705,17,4,1,1,13.0,15.0,13.0,86.67,13.0,1,0,0,0,1,33.33,6.67
705,17,5,2,2,5.0,10.0,2.5,50.0,5.0,1,0,0,0,2,80.0,10.0
705,17,6,2,2,21.0,19.0,10.5,110.53,11.0,2,0,0,0,2,31.58,10.53
705,17,7,2,2,61.0,40.0,30.5,152.5,59.0,3,4,1,0,1,25.0,17.5
705,17,8,2,2,57.0,28.0,28.5,203.57,42.0,4,5,0,0,2,32.14,32.14
705,17,9,2,2,87.0,68.0,43.5,127.94,62.0,7,3,1,0,2,33.82,14.71
705,17,10,2,2,56.0,39.0,28.0,143.59,56.0,6,1,1,0,1,20.51,17.95
705,17,11,2,2,94.0,53.0,47.0,177.36,94.0,10,5,1,0,3,30.19,28.3
705,17,12,2,2,76.0,52.0,38.0,146.15,48.0,10,3,0,0,2,44.23,25.0
705,17,13,1,1,8.0,8.0,8.0,100.0,8.0,0,1,0,0,1,62.5,12.5
705,17,14,2,2,62.0,43.0,31.0,144.19,43.0,6,2,0,0,1,34.88,18.6
705,17,15,1,1,26.0,15.0,26.0,173.33,26.0,4,1,0,0,1,53.33,33.33
705,17,16,2,2,8.0,18.0,4.0,44.44,7.0,1,0,0,0,2,72.22,5.56
705,8,17,1,1,38.0,24.0,38.0,158.33,38.0,3,3,0,0,1,41.67,25.0
705,8,18,1,1,17.0,9.0,17.0,188.89,17.0,2,1,0,0,1,44.44,33.33
705,15,6,2,2,42.0,37.0,21.0,113.51,22.0,2,2,0,0,1,35.14,10.81
705,15,7,2,2,15.0,11.0,7.5,136.36,14.0,3,0,0,0,1,45.45,27.27
705,15,8,2,2,31.0,17.0,15.5,182.35,24.0,2,2,0,0,1,11.76,23.53
705,15,9,2,2,10.0,11.0,5.0,90.91,5.0,1,0,0,0,2,36.36,9.09
705,15,10,2,2,71.0,49.0,35.5,144.9,67.0,6,2,1,0,2,26.53,16.33
705,15,11,2,2,13.0,16.0,6.5,81.25,11.0,1,1,0,0,2,75.0,12.5
705,15,12,2,2,35.0,32.0,17.5,109.38,24.0,5,1,0,0,2,53.12,18.75
705,15,13,2,2,10.0,12.0,5.0,83.33,6.0,0,1,0,0,2,58.33,8.33
705,15,14,2,2,50.0,38.0,25.0,131.58,32.0,5,2,0,0,2,34.21,18.42
705,15,15,1,1,48.0,36.0,48.0,133.33,48.0,2,4,0,0,1,33.33,16.67
705,15,16,2,2,84.0,55.0,42.0,152.73,56.0,14,1,1,0,2,32.73,27.27
705,15,17,2,2,30.0,17.0,15.0,176.47,26.0,2,3,0,0,2,52.94,29.41
705,15,18,2,2,96.0,62.0,48.0,154.84,70.0,8,6,1,0,2,33.87,22.58
773,12,17,1,1,2.0,2.0,2.0,100.0,2.0,0,0,0,0,0,0.0,0.0
321,6,2,1,1,1.0,4.0,1.0,25.0,1.0,0,0,0,0,1,75.0,0.0
321,6,3,1,1,15.0,8.0,15.0,187.5,15.0,1,1,0,0,1,25.0,25.0
321,6,6,1,1,0.0,2.0,0.0,0.0,0.0,0,0,0,0,1,100.0,0.0
321,16,4,1,1,0.0,1.0,0.0,0.0,0.0,0,0,0,0,1,100.0,0.0
321,2,4,2,2,3.0,3.0,1.5,100.0,2.0,0,0,0,0,0,0.0,0.0
321,2,5,1,1,15.0,6.0,15.0,250.0,15.0,1,1,0,0,0,0.0,33.33
321,13,2,1,1,2.0,2.0,2.0,100.0,2.0,0,0,0,0,0,0.0,0.0
321,5,2,1,1,5.0,4.0,5.0,125.0,5.0,0,0,0,0,0,25.0,0.0
321,5,3,1,1,13.0,10.0,13.0,130.0,13.0,1,0,0,0,1,20.0,10.0
321,5,4,2,2,7.0,6.0,3.5,116.67,6.0,1,0,0,0,2,50.0,16.67
321,7,4,1,1,4.0,4.0,4.0,100.0,4.0,1,0,0,0,1,75.0,25.0
321,11,3,1,1,1.0,2.0,1.0,50.0,1.0,0,0,0,0,1,50.0,0.0
321,11,5,1,1,3.0,5.0,3.0,60.0,3.0,0,0,0,0,1,60.0,0.0
321,11,6,1,1,2.0,3.0,2.0,66.67,2.0,0,0,0,0,0,33.33,0.0
321,17,2,2,2,13.0,8.0,6.5,162.5,9.0,0,0,0,0,0,12.5,0.0
321,17,3,2,2,16.0,19.0,8.0,84.21,13.0,0,1,0,0,1,52.63,5.26
321,17,4,1,1,17.0,25.0,17.0,68.0,17.0,1,0,0,0,1,48.0,4.0
119,6,5,1,1,0.0,2.0,0.0,0.0,0.0,0,0,0,0,1,100.0,0.0
119,16,5,1,1,1.0,5.0,1.0,20.0,1.0,0,0,0,0,0,80.0,0.0
119,2,5,1,1,2.0,2.0,2.0,100.0,2.0,0,0,0,0,1,0.0,0.0
119,13,5,1,1,16.0,7.0,16.0,228.57,16.0,2,1,0,0,0,14.29,42.86
119,7,5,1,1,13.0,14.0,13.0,92.86,13.0,1,0,0,0,1,28.57,7.14
36,6,2,1,1,28.0,31.0,28.0,90.32,28.0,4,0,0,0,1,45.16,12.9
36,2,2,2,2,10.0,19.0,5.0,52.63,6.0,2,0,0,0,2,73.68,10.53
36,13,2,1,1,7.0,8.0,7.0,87.5,7.0,1,0,0,0,1,62.5,12.5
36,9,2,2,2,7.0,4.0,3.5,175.0,6.0,0,1,0,0,2,50.0,25.0
36,5,2,1,1,51.0,40.0,51.0,127.5,51.0,5,2,1,0,1,35.0,17.5
354,18,17,1,1,3.0,6.0,3.0,50.0,3.0,0,0,0,0,0,50.0,0.0
77,6,11,1,1,0.0,5.0,0.0,0.0,0.0,0,0,0,0,1,100.0,0.0
77,10,12,1,1,7.0,12.0,7.0,58.33,7.0,0,0,0,0,1,58.33,0.0
77,12,17,1,1,3.0,7.0,3.0,42.86,3.0,0,0,0,0,1,57.14,0.0
77,11,17,1,1,0.0,2.0,0.0,0.0,0.0,0,0,0,0,1,100.0,0.0
87,6,11,2,2,18.0,22.0,9.0,81.82,16.0,2,0,0,0,2,50.0,9.09
87,6,13,1,1,11.0,11.0,11.0,100.0,11.0,1,0,0,0,1,27.27,9.09
87,6,16,2,2,107.0,76.0,53.5,140.79,54.0,7,7,2,0,1,32.89,18.42
87,6,17,1,1,9.0,14.0,9.0,64.29,9.0,0,0,0,0,1,42.86,0.0
87,6,18,2,2,24.0,18.0,12.0,133.33,15.0,3,1,0,0,1,50.0,22.22
87,10,15,1,1,23.0,16.0,23.0,143.75,23.0,3,0,0,0,1,18.75,18.75
87,10,16,1,1,6.0,8.0,6.0,75.0,6.0,1,0,0,0,1,62.5,12.5
87,10,17,2,2,37.0,19.0,18.5,194.74,26.0,2,3,0,0,2,31.58,26.32
87,10,18,1,1,36.0,25.0,36.0,144.0,36.0,3,1,0,0,1,24.0,16.0
87,1,15,1,1,35.0,28.0,35.0,125.0,35.0,4,1,0,0,1,42.86,17.86
87,1,16,2,2,67.0,41.0,33.5,163.41,48.0,1,7,0,0,1,36.59,19.51
87,1,18,1,1,17.0,14.0,17.0,121.43,17.0,1,1,0,0,1,28.57,14.29
87,18,15,2,2,46.0,25.0,23.0,184.0,40.0,2,4,0,0,2,24.0,24.0
87,18,16,1,1,67.0,33.0,67.0,203.03,67.0,6,4,1,0,0,24.24,30.3
87,18,17,1,1,16.0,11.0,16.0,145.45,16.0,2,0,0,0,1,27.27,18.18
87,18,18,1,1,38.0,15.0,38.0,253.33,38.0,6,2,0,0,0,33.33,53.33
87,5,11,1,1,5.0,3.0,5.0,166.67,5.0,1,0,0,0,1,33.33,33.33
87,5,12,1,1,4.0,6.0,4.0,66.67,4.0,0,0,0,0,1,33.33,0.0
87,5,15,1,1,23.0,19.0,23.0,121.05,23.0,2,1,0,0,0,47.37,15.79
87,5,16,1,1,18.0,18.0,18.0,100.0,18.0,2,0,0,0,1,38.89,11.11
87,5,17,2,2,29.0,20.0,14.5,145.0,20.0,2,2,0,0,2,40.0,20.0
87,5,18,1,1,17.0,14.0,17.0,121.43,17.0,1,1,0,0,1,42.86,14.29
87,12,16,2,2,25.0,14.0,12.5,178.57,21.0,2,1,0,0,1,14.29,21.43
87,12,17,1,1,5.0,4.0,5.0,125.0,5.0,1,0,0,0,1,50.0,25.0
87,12,18,1,1,2.0,9.0,2.0,22.22,2.0,0,0,0,0,1,77.78,0.0
87,11,12,1,1,3.0,3.0,3.0,100.0,3.0,0,0,0,0,0,0.0,0.0
87,11,15,1,1,42.0,23.0,42.0,182.61,42.0,6,1,0,0,0,17.39,30.43
87,11,16,1,1,16.0,18.0,16.0,88.89,16.0,0,1,0,0,1,50.0,5.56
87,11,17,1,1,20.0,9.0,20.0,222.22,20.0,1,2,0,0,0,22.22,33.33
87,11,18,1,1,19.0,6.0,19.0,316.67,19.0,1,2,0,0,0,16.67,50.0
87,17,11,1,1,6.0,6.0,6.0,100.0,6.0,1,0,0,0,1,50.0,16.67
87,17,16,2,2,64.0,43.0,32.0,148.84,46.0,4,4,0,0,1,27.91,18.6
87,8,17,2,2,29.0,21.0,14.5,138.1,24.0,2,1,0,0,1,23.81,14.29
87,8,18,1,1,12.0,10.0,12.0,120.0,12.0,1,0,0,0,1,20.0,10.0
87,15,12,1,1,30.0,25.0,30.0,120.0,30.0,1,2,0,0,1,40.0,12.0
87,15,15,1,1,5.0,6.0,5.0,83.33,5.0,0,0,0,0,1,50.0,0.0
87,15,16,2,2,104.0,66.0,52.0,157.58,58.0,8,5,1,0,1,21.21,19.7
87,15,17,1,1,23.0,15.0,23.0,153.33,23.0,3,0,0,0,1,20.0,20.0
87,15,18,2,2,41.0,23.0,20.5,178.26,32.0,4,2,0,0,1,26.09,26.09
299,6,15,1,1,21.0,15.0,21.0,140.0,21.0,1,1,0,0,1,13.33,13.33
299,6,17,2,2,41.0,26.0,20.5,157.69,41.0,2,4,0,0,3,38.46,23.08
299,6,18,2,2,62.0,47.0,31.0,131.91,51.0,5,3,1,0,2,27.66,17.02
299,10,14,1,1,31.0,22.0,31.0,140.91,31.0,0,2,0,0,1,13.64,9.09
299,10,17,1,1,52.0,32.0,52.0,162.5,52.0,3,3,1,0,1,21.88,18.75
299,10,18,2,2,31.0,29.0,15.5,106.9,25.0,2,1,0,0,1,37.93,10.34
299,1,15,1,1,52.0,32.0,52.0,162.5,52.0,5,2,1,0,1,25.0,21.88
299,1,17,1,1,2.0,3.0,2.0,66.67,2.0,0,0,0,0,1,33.33,0.0
299,1,18,1,1,12.0,12.0,12.0,100.0,12.0,2,0,0,0,1,41.67,16.67
299,9,14,1,1,1.0,2.0,1.0,50.0,1.0,0,0,0,0,1,50.0,0.0
299,9,17,2,2,55.0,27.0,27.5,203.7,52.0,3,5,1,0,2,25.93,29.63
299,9,18,1,1,34.0,16.0,34.0,212.5,34.0,5,1,0,0,1,25.0,37.5
299,18,15,1,1,112.0,54.0,112.0,207.41,112.0,12,7,1,1,0,27.78,35.19
299,18,17,1,1,29.0,21.0,29.0,138.1,29.0,2,2,0,0,1,38.1,19.05
299,18,18,1,1,14.0,7.0,14.0,200.0,14.0,1,1,0,0,1,14.29,28.57
299,5,14,1,1,8.0,8.0,8.0,100.0,8.0,1,0,0,0,1,50.0,12.5
299,5,17,1,1,50.0,26.0,50.0,192.31,50.0,3,4,1,0,1,26.92,26.92
299,5,18,1,1,64.0,32.0,64.0,200.0,64.0,5,4,1,0,1,18.75,28.12
299,12,14,1,1,31.0,30.0,31.0,103.33,31.0,2,1,0,0,1,26.67,10.0
299,12,15,1,1,26.0,21.0,26.0,123.81,26.0,1,2,0,0,1,47.62,14.29
299,12,17,2,2,73.0,41.0,36.5,178.05,55.0,4,7,1,0,2,36.59,26.83
299,12,18,4,4,76.0,55.0,19.0,138.18,26.0,4,4,0,0,3,29.09,14.55
299,11,15,2,2,74.0,58.0,37.0,127.59,58.0,4,4,1,0,2,29.31,13.79
299,11,17,1,1,34.0,22.0,34.0,154.55,34.0,2,2,0,0,1,31.82,18.18
299,11,18,1,1,1.0,3.0,1.0,33.33,1.0,0,0,0,0,1,66.67,0.0
299,15,15,1,1,48.0,38.0,48.0,126.32,48.0,4,2,0,0,1,36.84,15.79
299,15,17,2,2,59.0,25.0,29.5,236.0,50.0,2,6,1,0,2,12.0,32.0
299,15,18,1,1,18.0,16.0,18.0,112.5,18.0,1,0,0,0,1,18.75,6.25
604,6,8,1,1,38.0,28.0,38.0,135.71,38.0,3,2,0,0,1,32.14,17.86
604,2,4,1,1,19.0,12.0,19.0,158.33,19.0,2,1,0,0,1,25.0,25.0
604,2,8,1,1,3.0,2.0,3.0,150.0,3.0,0,0,0,0,0,0.0,0.0
604,13,5,1,1,11.0,14.0,11.0,78.57,11.0,1,0,0,0,1,35.71,7.14
604,13,7,2,2,21.0,13.0,10.5,161.54,17.0,1,2,0,0,2,38.46,23.08
604,13,8,1,1,0.0,1.0,0.0,0.0,0.0,0,0,0,0,1,100.0,0.0
604,5,4,2,2,88.0,61.0,44.0,144.26,70.0,7,4,1,0,2,31.15,18.03
604,7,6,2,2,73.0,51.0,36.5,143.14,42.0,7,2,0,0,2,23.53,17.65
604,11,5,1,1,7.0,3.0,7.0,233.33,7.0,0,1,0,0,0,33.33,33.33
604,11,7,1,1,0.0,1.0,0.0,0.0,0.0,0,0,0,0,1,100.0,0.0
604,17,5,1,1,3.0,4.0,3.0,75.0,3.0,0,0,0,0,1,50.0,0.0
604,17,6,1,1,11.0,7.0,11.0,157.14,11.0,2,0,0,0,0,28.57,28.57
604,17,7,1,1,6.0,3.0,6.0,200.0,6.0,0,1,0,0,0,33.33,33.33
604,17,8,1,1,12.0,7.0,12.0,171.43,12.0,1,1,0,0,2,42.86,28.57
604,15,6,1,1,1.0,5.0,1.0,20.0,1.0,0,0,0,0,1,60.0,0.0
604,15,7,2,2,25.0,16.0,12.5,156.25,25.0,2,1,0,0,1,18.75,18.75
604,15,8,1,1,8.0,7.0,8.0,114.29,8.0,0,0,0,0,1,14.29,0.0
639,1,16,1,1,0.0,2.0,0.0,0.0,0.0,0,0,0,0,0,100.0,0.0
639,9,15,1,1,0.0,1.0,0.0,0.0,0.0,0,0,0,0,1,100.0,0.0
692,6,1,1,1,10.0,4.0,10.0,250.0,10.0,1,1,0,0,1,25.0,50.0
692,6,2,1,1,2.0,6.0,2.0,33.33,2.0,0,0,0,0,1,66.67,0.0
692,6,3,1,1,0.0,3.0,0.0,0.0,0.0,0,0,0,0,0,100.0,0.0
692,6,5,2,2,2.0,2.0,1.0,100.0,1.0,0,0,0,0,0,0.0,0.0
692,16,4,1,1,0.0,1.0,0.0,0.0,0.0,0,0,0,0,1,100.0,0.0
692,2,1,2,2,2.0,3.0,1.0,66.67,1.0,0,0,0,0,1,33.33,0.0
692,2,2,2,2,2.0,5.0,1.0,40.0,2.0,0,0,0,0,1,40.0,0.0
692,2,4,1,1,1.0,1.0,1.0,100.0,1.0,0,0,0,0,0,0.0,0.0
692,2,5,2,2,1.0,5.0,0.5,20.0,1.0,0,0,0,0,1,80.0,0.0
692,13,1,1,1,2.0,2.0,2.0,100.0,2.0,0,0,0,0,0,0.0,0.0
692,13,2,1,1,0.0,2.0,0.0,0.0,0.0,0,0,0,0,1,100.0,0.0
692,13,3,1,1,4.0,2.0,4.0,200.0,4.0,0,0,0,0,0,0.0,0.0
692,9,1,2,2,7.0,6.0,3.5,116.67,6.0,1,0,0,0,1,33.33,16.67
692,9,5,1,1,3.0,5.0,3.0,60.0,3.0,0,0,0,0,1,40.0,0.0
692,5,1,1,1,3.0,3.0,3.0,100.0,3.0,0,0,0,0,0,0.0,0.0
692,5,2,1,1,4.0,4.0,4.0,100.0,4.0,0,0,0,0,1,25.0,0.0
692,5,3,1,1,1.0,5.0,1.0,20.0,1.0,0,0,0,0,1,80.0,0.0
692,7,4,1,1,0.0,1.0,0.0,0.0,0.0,0,0,0,0,0,0.0,0.0
692,11,1,1,1,2.0,3.0,2.0,66.67,2.0,0,0,0,0,1,33.33,0.0
692,11,3,2,2,4.0,9.0,2.0,44.44,3.0,0,0,0,0,1,44.44,0.0
692,11,4,1,1,1.0,1.0,1.0,100.0,1.0,0,0,0,0,1,0.0,0.0
692,17,1,1,1,1.0,3.0,1.0,33.33,1.0,0,0,0,0,1,66.67,0.0
662,6,5,1,1,0.0,2.0,0.0,0.0,0.0,0,0,0,0,2,100.0,0.0
267,6,11,2,2,117.0,71.0,58.5,164.79,79.0,10,6,1,0,2,26.76,22.54
267,6,12,3,3,68.0,41.0,22.67,165.85,38.0,5,2,0,0,3,12.2,17.07
267,6,13,1,1,37.0,25.0,37.0,148.0,37.0,6,0,0,0,0,24.0,24.0
267,6,14,3,3,81.0,59.0,27.0,137.29,51.0,6,3,1,0,1,30.51,15.25
267,6,15,1,1,21.0,11.0,21.0,190.91,21.0,4,0,0,0,1,27.27,36.36
267,6,17,1,1,51.0,32.0,51.0,159.38,51.0,4,3,1,0,1,34.38,21.88
267,6,18,1,1,63.0,49.0,63.0,128.57,63.0,4,4,1,0,1,40.82,16.33
267,10,18,2,2,0.0,8.0,0.0,0.0,0.0,0,0,0,0,2,100.0,0.0
267,14,9,2,2,89.0,57.0,44.5,156.14,69.0,11,2,1,0,2,28.07,22.81
267,14,10,2,2,101.0,45.0,50.5,224.44,97.0,7,9,1,0,2,24.44,35.56
267,1,15,1,1,43.0,29.0,43.0,148.28,43.0,7,0,0,0,2,17.24,24.14
267,1,17,2,2,104.0,54.0,52.0,192.59,88.0,6,9,1,0,0,27.78,27.78
267,1,18,2,2,37.0,24.0,18.5,154.17,21.0,4,2,0,0,1,41.67,25.0
267,13,9,1,1,4.0,3.0,4.0,133.33,4.0,1,0,0,0,0,66.67,33.33
267,13,10,2,2,18.0,15.0,9.0,120.0,15.0,3,0,0,0,2,46.67,20.0
267,13,11,2,2,32.0,20.0,16.0,160.0,28.0,4,1,0,0,2,25.0,25.0
267,13,12,2,2,45.0,33.0,22.5,136.36,39.0,4,2,0,0,2,36.36,18.18
267,13,13,2,3,47.0,51.0,23.5,92.16,33.0,5,0,0,0,2,39.22,9.8
267,9,9,1,1,4.0,4.0,4.0,100.0,4.0,0,0,0,0,1,25.0,0.0
267,9,10,2,2,44.0,20.0,22.0,220.0,38.0,3,4,0,0,2,25.0,35.0
267,9,11,2,2,43.0,27.0,21.5,159.26,43.0,7,1,0,0,2,33.33,29.63
267,9,12,2,3,63.0,50.0,31.5,126.0,46.0,5,2,0,0,2,30.0,14.0
267,9,13,2,2,65.0,50.0,32.5,130.0,38.0,7,2,0,0,2,34.0,18.0
267,9,14,3,3,61.0,50.0,20.33,122.0,39.0,6,1,0,0,3,30.0,14.0
267,9,15,2,2,29.0,19.0,14.5,152.63,27.0,2,2,0,0,2,36.84,21.05
267,9,17,2,2,82.0,45.0,41.0,182.22,55.0,6,6,1,0,2,31.11,26.67
267,18,15,2,2,83.0,66.0,41.5,125.76,44.0,10,3,0,0,1,43.94,19.7
267,18,17,2,2,74.0,47.0,37.0,157.45,41.0,9,2,0,0,2,27.66,23.4
267,5,9,1,1,23.0,17.0,23.0,135.29,23.0,2,1,0,0,1,35.29,17.65
267,5,10,2,2,0.0,6.0,0.0,0.0,0.0,0,0,0,0,2,100.0,0.0
267,5,11,2,2,111.0,69.0,55.5,160.87,64.0,10,6,1,0,2,28.99,23.19
267,5,12,2,2,85.0,38.0,42.5,223.68,78.0,7,7,1,0,1,28.95,36.84
267,5,13,3,3,80.0,71.0,26.67,112.68,56.0,6,2,1,0,3,35.21,11.27
267,5,14,2,2,33.0,30.0,16.5,110.0,26.0,4,1,0,0,2,56.67,16.67
267,5,15,2,2,40.0,35.0,20.0,114.29,39.0,4,1,0,0,2,40.0,14.29
267,5,17,2,2,30.0,22.0,15.0,136.36,29.0,2,2,0,0,2,36.36,18.18
267,5,18,2,2,6.0,8.0,3.0,75.0,4.0,1,0,0,0,2,62.5,12.5
267,12,14,2,2,29.0,27.0,14.5,107.41,15.0,1,2,0,0,2,48.15,11.11
267,12,15,1,1,7.0,3.0,7.0,233.33,7.0,0,1,0,0,1,33.33,33.33
267,12,17,1,1,18.0,13.0,18.0,138.46,18.0,2,0,0,0,1,23.08,15.38
267,12,18,2,2,20.0,22.0,10.0,90.91,18.0,2,1,0,0,2,63.64,13.64
267,11,11,2,2,89.0,43.0,44.5,206.98,69.0,10,5,1,0,2,32.56,34.88
267,11,12,2,2,131.0,74.0,65.5,177.03,78.0,8,9,2,0,0,27.03,22.97
267,11,13,1,1,5.0,9.0,5.0,55.56,5.0,0,0,0,0,0,44.44,0.0
267,11,14,2,2,75.0,56.0,37.5,133.93,51.0,11,0,1,0,2,30.36,19.64
267,11,15,2,2,57.0,28.0,28.5,203.57,44.0,4,4,0,0,1,17.86,28.57
267,11,17,2,2,43.0,39.0,21.5,110.26,28.0,2,2,0,0,2,30.77,10.26
267,11,18,1,1,3.0,9.0,3.0,33.33,3.0,0,0,0,0,1,66.67,0.0
267,3,9,2,2,6.0,17.0,3.0,35.29,4.0,0,0,0,0,2,76.47,0.0
267,3,10,2,2,67.0,44.0,33.5,152.27,36.0,5,4,0,0,2,31.82,20.45
267,17,9,1,1,1.0,2.0,1.0,50.0,1.0,0,0,0,0,1,50.0,0.0
267,17,10,2,2,102.0,70.0,51.0,145.71,57.0,6,6,1,0,2,28.57,17.14
267,17,11,2,2,146.0,82.0,73.0,178.05,85.0,11,11,2,0,2,30.49,26.83
267,17,12,2,2,25.0,21.0,12.5,119.05,18.0,3,0,0,0,2,33.33,14.29
267,17,13,2,2,45.0,32.0,22.5,140.62,37.0,4,2,0,0,1,25.0,18.75
267,17,14,2,2,68.0,56.0,34.0,121.43,58.0,7,0,1,0,1,28.57,12.5
267,17,15,1,1,34.0,17.0,34.0,200.0,34.0,3,2,0,0,2,17.65,29.41
267,8,18,1,1,118.0,61.0,118.0,193.44,118.0,11,8,1,1,0,31.15,31.15
267,15,9,2,2,71.0,52.0,35.5,136.54,39.0,5,3,0,0,0,30.77,15.38
267,15,10,2,2,34.0,21.0,17.0,161.9,34.0,4,1,0,0,2,19.05,23.81
267,15,11,2,2,146.0,82.0,73.0,178.05,128.0,16,7,1,1,3,26.83,28.05
267,15,12,3,3,77.0,47.0,25.67,163.83,49.0,5,5,0,0,3,21.28,21.28
267,15,13,3,3,66.0,65.0,22.0,101.54,36.0,4,3,0,0,2,41.54,10.77
267,15,14,2,3,77.0,52.0,38.5,148.08,42.0,8,3,0,0,2,30.77,21.15
267,15,15,1,1,26.0,16.0,26.0,162.5,26.0,1,3,0,0,1,50.0,25.0
267,15,17,1,1,44.0,35.0,44.0,125.71,44.0,5,1,0,0,1,37.14,17.14
267,15,18,2,2,22.0,21.0,11.0,104.76,15.0,1,1,0,0,2,33.33,9.52
254,6,1,1,1,28.0,21.0,28.0,133.33,28.0,4,1,0,0,0,42.86,23.81
254,6,2,1,1,7.0,5.0,7.0,140.0,7.0,1,0,0,0,0,40.0,20.0
254,6,3,1,1,2.0,1.0,2.0,200.0,2.0,0,0,0,0,0,0.0,0.0
254,2,3,1,1,3.0,7.0,3.0,42.86,3.0,0,0,0,0,1,71.43,0.0
254,2,4,1,1,0.0,1.0,0.0,0.0,0.0,0,0,0,0,1,100.0,0.0
254,9,4,1,1,3.0,6.0,3.0,50.0,3.0,0,0,0,0,0,50.0,0.0
254,5,2,1,1,10.0,10.0,10.0,100.0,10.0,1,0,0,0,0,30.0,10.0
254,11,2,1,1,6.0,7.0,6.0,85.71,6.0,0,0,0,0,0,28.57,0.0
254,17,4,1,1,8.0,6.0,8.0,133.33,8.0,0,0,0,0,1,16.67,0.0
150,16,1,1,1,1.0,2.0,1.0,50.0,1.0,0,0,0,0,0,50.0,0.0
150,16,2,1,1,11.0,7.0,11.0,157.14,11.0,0,1,0,0,0,14.29,14.29
150,2,1,1,1,6.0,5.0,6.0,120.0,6.0,1,0,0,0,0,40.0,20.0
150,2,2,1,1,1.0,2.0,1.0,50.0,1.0,0,0,0,0,1,50.0,0.0
150,11,1,1,1,1.0,2.0,1.0,50.0,1.0,0,0,0,0,0,50.0,0.0
653,6,7,1,1,1.0,4.0,1.0,25.0,1.0,0,0,0,0,1,75.0,0.0
653,6,8,1,1,14.0,9.0,14.0,155.56,14.0,1,1,0,0,1,33.33,22.22
653,6,16,2,2,35.0,38.0,17.5,92.11,35.0,2,1,0,0,2,42.11,7.89
653,6,17,2,2,43.0,26.0,21.5,165.38,43.0,5,2,0,0,2,34.62,26.92
653,1,16,2,2,8.0,7.0,4.0,114.29,8.0,2,0,0,0,2,71.43,28.57
653,1,17,1,1,9.0,7.0,9.0,128.57,9.0,2,0,0,0,1,57.14,28.57
653,9,17,1,1,26.0,16.0,26.0,162.5,26.0,1,2,0,0,1,31.25,18.75
653,18,16,1,1,30.0,20.0,30.0,150.0,30.0,3,1,0,0,1,30.0,20.0
653,5,7,1,1,24.0,14.0,24.0,171.43,24.0,1,2,0,0,2,21.43,21.43
653,5,8,1,1,0.0,1.0,0.0,0.0,0.0,0,0,0,0,1,100.0,0.0
653,5,17,1,1,1.0,3.0,1.0,33.33,1.0,0,0,0,0,1,66.67,0.0
653,12,16,2,2,87.0,42.0,43.5,207.14,82.0,7,6,1,0,1,23.81,30.95
653,11,16,1,1,14.0,12.0,14.0,116.67,14.0,2,0,0,0,1,41.67,16.67
653,11,17,1,1,22.0,13.0,22.0,169.23,22.0,5,0,0,0,1,53.85,38.46
653,17,16,1,1,35.0,22.0,35.0,159.09,35.0,1,3,0,0,0,40.91,18.18
653,8,17,1,1,61.0,27.0,61.0,225.93,61.0,9,3,1,0,1,29.63,44.44
653,15,7,1,1,14.0,23.0,14.0,60.87,14.0,1,0,0,0,1,60.87,4.35
653,15,17,1,1,49.0,24.0,49.0,204.17,49.0,3,4,0,0,1,12.5,29.17
413,6,1,1,1,20.0,22.0,20.0,90.91,20.0,0,0,0,0,1,27.27,0.0
413,16,1,1,1,15.0,15.0,15.0,100.0,15.0,2,0,0,0,0,40.0,13.33
413,5,1,1,1,7.0,9.0,7.0,77.78,7.0,0,0,0,0,1,33.33,0.0
413,17,1,1,1,31.0,29.0,31.0,106.9,31.0,4,1,0,0,1,51.72,17.24
348,6,3,1,1,1.0,8.0,1.0,12.5,1.0,0,0,0,0,1,87.5,0.0
348,6,8,1,1,22.0,15.0,22.0,146.67,22.0,0,2,0,0,1,33.33,13.33
348,16,3,1,1,38.0,32.0,38.0,118.75,38.0,5,0,0,0,2,37.5,15.62
348,2,2,1,1,22.0,16.0,22.0,137.5,22.0,0,2,0,0,1,31.25,12.5
348,2,3,1,1,56.0,48.0,56.0,116.67,56.0,7,1,1,0,1,41.67,16.67
348,2,8,2,2,58.0,41.0,29.0,141.46,41.0,2,3,0,0,1,21.95,12.2
348,13,8,1,1,0.0,2.0,0.0,0.0,0.0,0,0,0,0,1,100.0,0.0
348,9,2,1,1,15.0,15.0,15.0,100.0,15.0,2,0,0,0,1,40.0,13.33
348,9,3,1,1,0.0,2.0,0.0,0.0,0.0,0,0,0,0,1,100.0,0.0
348,9,8,1,1,2.0,4.0,2.0,50.0,2.0,0,0,0,0,1,50.0,0.0
348,5,2,1,1,6.0,14.0,6.0,42.86,6.0,0,0,0,0,1,57.14,0.0
348,5,3,1,1,1.0,4.0,1.0,25.0,1.0,0,0,0,0,1,75.0,0.0
348,5,8,1,1,23.0,27.0,23.0,85.19,23.0,1,0,0,0,1,37.04,3.7
348,11,2,1,1,11.0,15.0,11.0,73.33,11.0,2,0,0,0,2,66.67,13.33
348,11,3,2,2,33.0,37.0,16.5,89.19,25.0,1,0,0,0,1,27.03,2.7
348,11,8,2,2,40.0,31.0,20.0,129.03,23.0,3,1,0,0,0,29.03,12.9
348,17,2,1,1,84.0,59.0,84.0,142.37,84.0,4,5,1,0,1,22.03,15.25
348,17,3,2,2,119.0,83.0,59.5,143.37,77.0,12,2,1,0,1,24.1,16.87
412,6,3,1,1,2.0,8.0,2.0,25.0,2.0,0,0,0,0,1,75.0,0.0
160,5,3,1,1,4.0,2.0,4.0,200.0,4.0,1,0,0,0,0,50.0,50.0
306,6,1,1,1,0.0,1.0,0.0,0.0,0.0,0,0,0,0,1,100.0,0.0
306,6,6,1,1,6.0,10.0,6.0,60.0,6.0,0,0,0,0,1,40.0,0.0
306,16,1,1,1,0.0,1.0,0.0,0.0,0.0,0,0,0,0,1,100.0,0.0
306,2,6,1,1,0.0,6.0,0.0,0.0,0.0,0,0,0,0,1,100.0,0.0
306,5,1,1,1,19.0,31.0,19.0,61.29,19.0,1,0,0,0,0,45.16,3.23
306,7,6,1,1,14.0,17.0,14.0,82.35,14.0,2,0,0,0,1,52.94,11.76
306,11,6,1,1,4.0,9.0,4.0,44.44,4.0,0,0,0,0,1,55.56,0.0
306,17,1,1,1,20.0,20.0,20.0,100.0,20.0,1,1,0,0,1,40.0,10.0
306,17,6,1,1,28.0,33.0,28.0,84.85,28.0,1,1,0,0,1,45.45,6.06
461,16,4,1,1,0.0,1.0,0.0,0.0,0.0,0,0,0,0,1,100.0,0.0
461,2,6,1,1,4.0,1.0,4.0,400.0,4.0,1,0,0,0,0,0.0,100.0
461,13,4,1,1,2.0,3.0,2.0,66.67,2.0,0,0,0,0,1,33.33,0.0
461,9,4,2,2,11.0,11.0,5.5,100.0,10.0,0,1,0,0,0,18.18,9.09
461,7,4,1,1,26.0,18.0,26.0,144.44,26.0,3,0,0,0,2,27.78,16.67
461,11,4,1,1,0.0,1.0,0.0,0.0,0.0,0,0,0,0,1,100.0,0.0
461,17,4,2,2,7.0,16.0,3.5,43.75,7.0,1,0,0,0,2,75.0,6.25
526,6,14,1,1,18.0,20.0,18.0,90.0,18.0,2,0,0,0,1,55.0,10.0
526,6,15,1,1,6.0,3.0,6.0,200.0,6.0,0,1,0,0,1,66.67,33.33
526,6,16,1,1,10.0,16.0,10.0,62.5,10.0,0,0,0,0,1,37.5,0.0
526,1,16,1,1,23.0,13.0,23.0,176.92,23.0,2,1,0,0,1,15.38,23.08
526,17,14,1,1,7.0,7.0,7.0,100.0,7.0,1,0,0,0,0,42.86,14.29
526,15,16,2,2,16.0,14.0,8.0,114.29,11.0,1,0,0,0,1,7.14,7.14
302,6,1,2,2,59.0,55.0,29.5,107.27,43.0,8,1,0,0,1,45.45,16.36
302,6,2,2,2,26.0,23.0,13.0,113.04,20.0,3,0,0,0,2,39.13,13.04
302,6,3,2,2,89.0,51.0,44.5,174.51,68.0,4,8,1,0,1,29.41,23.53
302,6,4,2,2,31.0,26.0,15.5,119.23,31.0,2,2,0,0,2,46.15,15.38
302,6,5,2,2,18.0,12.0,9.0,150.0,10.0,2,1,0,0,1,41.67,25.0
302,6,6,2,2,36.0,44.0,18.0,81.82,26.0,2,1,0,0,2,38.64,6.82
302,6,7,2,2,114.0,77.0,57.0,148.05,67.0,15,2,1,0,3,29.87,22.08
302,6,8,2,2,119.0,75.0,59.5,158.67,80.0,13,2,1,0,1,22.67,20.0
302,6,11,2,2,35.0,24.0,17.5,145.83,29.0,3,3,0,0,2,54.17,25.0
302,6,12,2,2,11.0,10.0,5.5,110.0,11.0,2,0,0,0,2,50.0,20.0
302,6,13,2,2,9.0,18.0,4.5,50.0,5.0,0,0,0,0,2,44.44,0.0
302,16,1,2,2,13.0,21.0,6.5,61.9,7.0,1,0,0,0,2,42.86,4.76
302,16,2,2,2,29.0,34.0,14.5,85.29,17.0,1,1,0,0,1,41.18,5.88
302,16,3,2,2,36.0,25.0,18.0,144.0,34.0,0,3,0,0,2,20.0,12.0
302,16,4,2,2,5.0,8.0,2.5,62.5,4.0,1,0,0,0,2,75.0,12.5
302,16,5,2,2,55.0,45.0,27.5,122.22,29.0,3,2,0,0,2,33.33,11.11
302,10,12,2,3,41.0,38.0,20.5,107.89,28.0,6,1,0,0,2,50.0,18.42
302,10,13,1,1,32.0,27.0,32.0,118.52,32.0,3,1,0,0,2,37.04,14.81
302,10,14,2,2,82.0,63.0,41.0,130.16,63.0,8,2,1,0,2,30.16,15.87
302,10,15,1,1,0.0,1.0,0.0,0.0,0.0,0,0,0,0,1,100.0,0.0
302,2,1,2,2,68.0,44.0,34.0,154.55,46.0,5,4,0,0,2,27.27,20.45
302,2,2,2,2,4.0,9.0,2.0,44.44,3.0,0,0,0,0,2,66.67,0.0
302,2,3,2,2,27.0,19.0,13.5,142.11,15.0,1,2,0,0,2,36.84,15.79
302,2,4,1,1,4.0,10.0,4.0,40.0,4.0,0,0,0,0,1,60.0,0.0
302,2,5,2,2,70.0,71.0,35.0,98.59,60.0,8,0,1,0,1,40.85,11.27
302,2,6,2,2,61.0,53.0,30.5,115.09,37.0,7,0,0,0,2,41.51,13.21
302,2,7,2,2,102.0,75.0,51.0,136.0,55.0,11,2,1,0,2,24.0,17.33
302,2,8,2,2,45.0,44.0,22.5,102.27,32.0,6,1,0,0,2,52.27,15.91
302,2,9,2,2,107.0,85.0,53.5,125.88,72.0,13,2,1,0,2,32.94,17.65
302,2,10,2,2,63.0,35.0,31.5,180.0,59.0,6,4,1,0,1,22.86,28.57
302,2,11,2,2,36.0,21.0,18.0,171.43,35.0,2,3,0,0,2,33.33,23.81
302,14,9,2,2,39.0,29.0,19.5,134.48,25.0,6,1,0,0,3,44.83,24.14
302,14,10,1,1,72.0,48.0,72.0,150.0,72.0,8,2,1,0,1,22.92,20.83
302,1,15,1,1,3.0,10.0,3.0,30.0,3.0,0,0,0,0,1,70.0,0.0
302,13,1,2,2,30.0,31.0,15.0,96.77,21.0,2,1,0,0,4,45.16,9.68
302,13,2,2,2,19.0,18.0,9.5,105.56,19.0,2,0,0,0,2,38.89,11.11
302,13,3,2,2,73.0,29.0,36.5,251.72,51.0,5,6,1,0,2,17.24,37.93
302,13,4,2,2,44.0,32.0,22.0,137.5,22.0,4,2,0,0,1,40.62,18.75
302,13,5,2,2,57.0,49.0,28.5,116.33,40.0,2,3,0,0,2,32.65,10.2
302,13,6,2,2,56.0,56.0,28.0,100.0,37.0,6,0,0,0,2,41.07,10.71
302,13,7,4,4,112.0,88.0,28.0,127.27,46.0,15,3,0,0,4,40.91,20.45
302,13,8,2,2,30.0,21.0,15.0,142.86,17.0,5,0,0,0,2,38.1,23.81
302,13,9,2,2,123.0,77.0,61.5,159.74,70.0,15,2,2,0,2,16.88,22.08
302,13,10,2,2,26.0,17.0,13.0,152.94,26.0,3,1,0,0,2,35.29,23.53
302,13,11,2,2,58.0,40.0,29.0,145.0,34.0,7,2,0,0,2,32.5,22.5
302,13,12,2,2,89.0,64.0,44.5,139.06,67.0,8,3,1,0,1,26.56,17.19
302,13,13,2,2,39.0,27.0,19.5,144.44,30.0,3,2,0,0,2,22.22,18.52
302,4,4,1,1,31.0,13.0,31.0,238.46,31.0,3,2,0,0,1,15.38,38.46
302,9,1,2,2,46.0,45.0,23.0,102.22,37.0,7,0,0,0,1,42.22,15.56
302,9,2,1,1,7.0,9.0,7.0,77.78,7.0,0,0,0,0,1,33.33,0.0
302,9,3,2,2,70.0,39.0,35.0,179.49,50.0,5,4,1,0,1,20.51,23.08
302,9,4,1,1,12.0,19.0,12.0,63.16,12.0,1,0,0,0,1,57.89,5.26
302,9,5,2,2,25.0,22.0,12.5,113.64,17.0,3,0,0,0,2,40.91,13.64
302,9,6,2,2,56.0,56.0,28.0,100.0,31.0,3,2,0,0,2,39.29,8.93
302,9,13,2,2,8.0,9.0,4.0,88.89,6.0,0,1,0,0,2,66.67,11.11
302,9,14,1,1,31.0,15.0,31.0,206.67,31.0,0,3,0,0,1,13.33,20.0
302,9,15,1,1,28.0,21.0,28.0,133.33,28.0,2,2,0,0,1,47.62,19.05
302,18,15,1,1,50.0,27.0,50.0,185.19,50.0,8,1,1,0,1,29.63,33.33
302,5,2,2,2,70.0,47.0,35.0,148.94,66.0,9,2,1,0,1,38.3,23.4
302,5,3,3,3,53.0,34.0,17.67,155.88,26.0,4,3,0,0,3,32.35,20.59
302,5,4,2,2,79.0,63.0,39.5,125.4,45.0,6,3,0,0,1,30.16,14.29
302,5,5,2,2,54.0,51.0,27.0,105.88,36.0,5,1,0,0,2,41.18,11.76
302,5,6,2,2,18.0,22.0,9.0,81.82,11.0,2,0,0,0,3,50.0,9.09
302,5,7,2,2,81.0,54.0,40.5,150.0,80.0,9,3,1,0,2,33.33,22.22
302,5,8,2,2,34.0,32.0,17.0,106.25,25.0,3,2,0,0,2,56.25,15.62
302,5,9,2,2,44.0,30.0,22.0,146.67,36.0,2,2,0,0,2,26.67,13.33
302,5,10,3,3,7.0,10.0,2.33,70.0,4.0,1,0,0,0,3,60.0,10.0
302,5,11,2,2,68.0,48.0,34.0,141.67,54.0,6,5,1,0,3,54.17,22.92
302,5,12,1,1,40.0,47.0,40.0,85.11,40.0,1,3,0,0,1,51.06,8.51
302,5,13,1,1,13.0,11.0,13.0,118.18,13.0,2,0,0,0,1,54.55,18.18
302,5,15,2,2,31.0,31.0,15.5,100.0,30.0,2,2,0,0,2,48.39,12.9
302,12,14,1,1,2.0,6.0,2.0,33.33,2.0,0,0,0,0,1,66.67,0.0
302,12,15,2,2,14.0,17.0,7.0,82.35,13.0,2,0,0,0,2,58.82,11.76
302,11,1,2,2,37.0,29.0,18.5,127.59,34.0,4,1,0,0,1,37.93,17.24
302,11,2,2,2,20.0,30.0,10.0,66.67,17.0,3,0,0,0,2,60.0,10.0
302,11,3,1,1,26.0,21.0,26.0,123.81,26.0,2,1,0,0,1,42.86,14.29
302,11,4,1,1,35.0,21.0,35.0,166.67,35.0,7,0,0,0,1,33.33,33.33
302,11,5,2,2,19.0,25.0,9.5,76.0,13.0,1,0,0,0,2,36.0,4.0
302,11,6,2,2,86.0,57.0,43.0,150.88,54.0,11,3,1,0,1,36.84,24.56
302,11,7,2,2,65.0,53.0,32.5,122.64,65.0,5,3,1,0,2,35.85,15.09
302,11,8,1,1,14.0,8.0,14.0,175.0,14.0,3,0,0,0,1,25.0,37.5
302,11,11,3,3,55.0,49.0,18.33,112.24,48.0,6,2,0,0,3,44.9,16.33
302,11,12,1,1,26.0,16.0,26.0,162.5,26.0,1,2,0,0,0,31.25,18.75
302,3,9,2,2,4.0,2.0,2.0,200.0,4.0,1,0,0,0,2,50.0,50.0
302,3,10,1,1,87.0,47.0,87.0,185.11,87.0,7,6,1,0,1,21.28,27.66
302,17,1,2,2,67.0,54.0,33.5,124.07,48.0,7,2,0,0,1,37.04,16.67
302,17,4,1,1,23.0,17.0,23.0,135.29,23.0,3,1,0,0,0,35.29,23.53
302,17,5,2,2,107.0,68.0,53.5,157.35,69.0,14,3,1,0,2,32.35,25.0
302,17,6,2,2,75.0,47.0,37.5,159.57,75.0,5,5,1,0,2,29.79,21.28
302,17,7,2,2,105.0,69.0,52.5,152.17,83.0,10,2,1,0,1,20.29,17.39
302,17,8,2,2,58.0,49.0,29.0,118.37,35.0,7,0,0,0,2,28.57,14.29
302,17,9,2,2,3.0,8.0,1.5,37.5,2.0,0,0,0,0,2,62.5,0.0
302,17,10,1,1,11.0,9.0,11.0,122.22,11.0,2,0,0,0,1,44.44,22.22
302,17,11,2,2,49.0,33.0,24.5,148.48,36.0,3,4,0,0,2,39.39,21.21
302,17,12,2,2,42.0,45.0,21.0,93.33,33.0,7,0,0,0,2,55.56,15.56
302,17,13,2,2,58.0,44.0,29.0,131.82,41.0,8,1,0,0,2,38.64,20.45
302,17,15,2,2,89.0,53.0,44.5,167.92,88.0,4,9,1,0,2,35.85,24.53
302,15,6,2,2,46.0,36.0,23.0,127.78,24.0,6,1,0,0,2,52.78,19.44
302,15,7,2,2,81.0,63.0,40.5,128.57,41.0,9,3,0,0,2,42.86,19.05
302,15,8,2,2,64.0,48.0,32.0,133.33,34.0,5,2,0,0,2,31.25,14.58
302,15,9,3,3,74.0,58.0,24.67,127.59,38.0,8,1,0,0,3,36.21,15.52
302,15,10,3,3,122.0,69.0,40.67,176.81,68.0,9,8,2,0,3,26.09,24.64
302,15,11,3,3,50.0,50.0,16.67,100.0,45.0,3,2,0,0,3,40.0,10.0
302,15,12,1,1,35.0,27.0,35.0,129.63,35.0,3,1,0,0,1,29.63,14.81
302,15,13,2,2,37.0,28.0,18.5,132.14,19.0,3,2,0,0,1,42.86,17.86
302,15,15,1,1,15.0,11.0,15.0,136.36,15.0,1,0,0,0,1,45.45,9.09
450,16,1,1,1,1.0,7.0,1.0,14.29,1.0,0,0,0,0,1,71.43,0.0
450,16,3,1,1,24.0,15.0,24.0,160.0,24.0,1,2,0,0,1,26.67,20.0
450,16,4,1,1,3.0,2.0,3.0,150.0,3.0,0,0,0,0,0,0.0,0.0
450,13,4,1,1,0.0,1.0,0.0,0.0,0.0,0,0,0,0,1,100.0,0.0
450,13,5,1,1,1.0,1.0,1.0,100.0,1.0,0,0,0,0,0,0.0,0.0
450,9,4,1,1,64.0,55.0,64.0,116.36,64.0,6,2,1,0,1,34.55,14.55
450,9,7,1,1,3.0,5.0,3.0,60.0,3.0,0,0,0,0,1,40.0,0.0
450,5,3,1,1,6.0,3.0,6.0,200.0,6.0,1,0,0,0,0,33.33,33.33
450,5,4,1,1,9.0,9.0,9.0,100.0,9.0,0,1,0,0,1,55.56,11.11
450,7,4,1,1,7.0,7.0,7.0,100.0,7.0,0,0,0,0,1,28.57,0.0
450,7,6,1,1,0.0,2.0,0.0,0.0,0.0,0,0,0,0,1,100.0,0.0
450,11,5,1,1,18.0,6.0,18.0,300.0,18.0,1,2,0,0,0,0.0,50.0
558,6,8,1,1,0.0,1.0,0.0,0.0,0.0,0,0,0,0,0,100.0,0.0
558,16,4,1,1,2.0,3.0,2.0,66.67,2.0,0,0,0,0,0,33.33,0.0
558,14,10,1,1,9.0,16.0,9.0,56.25,9.0,0,0,0,0,1,37.5,0.0
558,13,4,1,1,11.0,5.0,11.0,220.0,11.0,2,0,0,0,0,0.0,40.0
558,13,10,1,1,4.0,6.0,4.0,66.67,4.0,0,0,0,0,1,50.0,0.0
558,9,10,1,1,5.0,4.0,5.0,125.0,5.0,1,0,0,0,0,50.0,25.0
558,11,5,1,1,14.0,8.0,14.0,175.0,14.0,3,0,0,0,0,37.5,37.5
558,3,10,2,2,14.0,12.0,7.0,116.67,8.0,1,0,0,0,0,25.0,8.33
558,15,10,1,1,0.0,2.0,0.0,0.0,0.0,0,0,0,0,1,100.0,0.0
45,14,10,1,1,3.0,3.0,3.0,100.0,3.0,0,0,0,0,1,33.33,0.0
45,13,10,1,1,8.0,9.0,8.0,88.89,8.0,0,0,0,0,1,22.22,0.0
45,9,10,1,1,0.0,3.0,0.0,0.0,0.0,0,0,0,0,1,100.0,0.0
45,3,10,2,2,2.0,8.0,1.0,25.0,2.0,0,0,0,0,2,75.0,0.0
181,16,1,1,1,0.0,4.0,0.0,0.0,0.0,0,0,0,0,1,100.0,0.0
181,16,2,1,1,8.0,9.0,8.0,88.89,8.0,1,0,0,0,1,55.56,11.11
181,16,3,3,3,48.0,59.0,16.0,81.36,37.0,5,1,0,0,3,42.37,10.17
181,16,4,1,1,5.0,2.0,5.0,250.0,5.0,1,0,0,0,0,0.0,50.0
181,16,5,2,2,26.0,21.0,13.0,123.81,25.0,3,0,0,0,1,23.81,14.29
181,2,1,2,2,19.0,10.0,9.5,190.0,11.0,1,1,0,0,0,10.0,20.0
181,2,2,2,2,52.0,42.0,26.0,123.81,45.0,4,2,0,0,2,30.95,14.29
181,2,3,2,2,44.0,44.0,22.0,100.0,30.0,5,0,0,0,3,38.64,11.36
181,2,4,1,1,55.0,43.0,55.0,127.91,55.0,6,1,1,0,0,30.23,16.28
181,2,5,1,1,15.0,16.0,15.0,93.75,15.0,1,1,0,0,1,62.5,12.5
181,13,1,2,2,95.0,61.0,47.5,155.74,64.0,9,5,1,0,1,32.79,22.95
181,13,2,2,2,4.0,10.0,2.0,40.0,4.0,0,0,0,0,2,60.0,0.0
181,13,3,2,2,55.0,38.0,27.5,144.74,53.0,7,2,1,0,2,39.47,23.68
181,13,4,1,1,66.0,56.0,66.0,117.86,66.0,8,0,1,0,0,32.14,14.29
181,13,5,1,1,25.0,18.0,25.0,138.89,25.0,4,0,0,0,1,38.89,22.22
181,4,4,2,2,32.0,27.0,16.0,118.52,19.0,1,1,0,0,2,25.93,7.41
181,9,3,1,1,43.0,33.0,43.0,130.3,43.0,3,1,0,0,0,27.27,12.12
181,9,4,1,1,54.0,41.0,54.0,131.71,54.0,3,2,1,0,1,21.95,12.2
181,9,6,1,1,6.0,13.0,6.0,46.15,6.0,0,0,0,0,1,46.15,0.0
181,5,1,2,2,55.0,34.0,27.5,161.76,53.0,7,2,1,0,1,35.29,26.47
181,5,2,2,2,22.0,25.0,11.0,88.0,22.0,2,1,0,0,2,48.0,12.0
181,5,3,3,3,99.0,78.0,33.0,126.92,55.0,12,0,1,0,1,21.79,15.38
181,5,4,1,1,71.0,48.0,71.0,147.92,71.0,7,2,1,0,0,25.0,18.75
181,5,5,3,3,58.0,56.0,19.33,103.57,47.0,6,1,0,0,3,41.07,12.5
181,5,6,3,3,16.0,22.0,5.33,72.73,16.0,1,0,0,0,3,54.55,4.55
181,7,4,2,2,74.0,51.0,37.0,145.1,63.0,6,3,1,0,0,19.61,17.65
181,7,5,1,1,57.0,48.0,57.0,118.75,57.0,8,0,1,0,1,35.42,16.67
181,7,6,2,2,68.0,57.0,34.0,119.3,34.0,6,0,0,0,2,24.56,10.53
181,11,1,3,3,22.0,18.0,7.33,122.22,15.0,4,0,0,0,2,55.56,22.22
181,11,2,2,2,88.0,68.0,44.0,129.41,59.0,13,1,1,0,1,42.65,20.59
181,11,3,2,2,29.0,28.0,14.5,103.57,25.0,3,0,0,0,1,32.14,10.71
181,11,5,1,1,15.0,22.0,15.0,68.18,15.0,1,0,0,0,1,54.55,4.55
181,17,1,1,1,1.0,3.0,1.0,33.33,1.0,0,0,0,0,1,66.67,0.0
181,17,2,2,2,3.0,10.0,1.5,30.0,2.0,0,0,0,0,1,70.0,0.0
181,17,3,2,2,38.0,23.0,19.0,165.22,31.0,6,1,0,0,2,34.78,30.43
181,17,4,3,3,39.0,45.0,13.0,86.67,34.0,6,0,0,0,3,57.78,13.33
181,17,6,1,1,34.0,29.0,34.0,117.24,34.0,4,0,0,0,1,31.03,13.79
252,9,1,1,1,7.0,11.0,7.0,63.64,7.0,1,0,0,0,1,63.64,9.09
252,5,1,1,1,16.0,11.0,16.0,145.45,16.0,3,0,0,0,1,36.36,27.27
252,11,1,1,1,2.0,9.0,2.0,22.22,2.0,0,0,0,0,1,77.78,0.0
504,6,1,2,2,78.0,63.0,39.0,123.81,59.0,8,2,1,0,1,31.75,15.87
504,6,2,1,1,22.0,21.0,22.0,104.76,22.0,2,0,0,0,1,28.57,9.52
504,6,3,3,3,72.0,60.0,24.0,120.0,56.0,7,3,1,0,3,43.33,16.67
504,6,4,1,1,19.0,27.0,19.0,70.37,19.0,0,0,0,0,1,37.04,0.0
504,6,5,2,2,57.0,47.0,28.5,121.28,36.0,6,0,0,0,1,31.91,12.77
504,6,6,2,2,66.0,48.0,33.0,137.5,63.0,10,0,1,0,1,27.08,20.83
504,6,7,2,2,71.0,58.0,35.5,122.41,64.0,5,2,1,0,1,31.03,12.07
504,6,8,2,2,63.0,50.0,31.5,126.0,37.0,9,0,0,0,2,32.0,18.0
504,6,11,3,3,105.0,75.0,35.0,140.0,79.0,12,4,1,0,3,34.67,21.33
504,6,12,3,3,88.0,74.0,29.33,118.92,51.0,11,1,1,0,3,36.49,16.22
504,6,13,2,2,136.0,85.0,68.0,160.0,101.0,17,2,1,1,1,21.18,22.35
504,6,14,3,3,131.0,96.0,43.67,136.46,85.0,14,4,1,0,3,29.17,18.75
504,6,15,2,2,121.0,83.0,60.5,145.78,88.0,13,3,1,0,1,24.1,19.28
504,6,16,1,1,28.0,15.0,28.0,186.67,28.0,4,1,0,0,1,40.0,33.33
504,16,1,2,2,93.0,80.0,46.5,116.25,68.0,11,0,1,0,1,33.75,13.75
504,16,2,1,1,3.0,7.0,3.0,42.86,3.0,0,0,0,0,1,57.14,0.0
504,16,3,2,2,22.0,25.0,11.0,88.0,14.0,3,0,0,0,2,52.0,12.0
504,10,15,2,2,28.0,26.0,14.0,107.69,19.0,4,0,0,0,2,42.31,15.38
504,10,16,2,2,7.0,6.0,3.5,116.67,7.0,0,1,0,0,2,66.67,16.67
504,10,17,1,1,22.0,16.0,22.0,137.5,22.0,4,0,0,0,1,43.75,25.0
504,2,4,2,2,37.0,23.0,18.5,160.87,29.0,7,0,0,0,2,30.43,30.43
504,2,5,2,2,128.0,78.0,64.0,164.1,84.0,14,6,1,0,2,32.05,25.64
504,2,6,1,1,22.0,16.0,22.0,137.5,22.0,4,0,0,0,1,43.75,25.0
504,2,7,2,2,37.0,30.0,18.5,123.33,33.0,6,1,0,0,2,43.33,23.33
504,2,8,2,2,31.0,28.0,15.5,110.71,18.0,5,0,0,0,2,50.0,17.86
504,2,9,2,2,44.0,45.0,22.0,97.78,34.0,5,0,0,0,2,40.0,11.11
504,2,10,2,2,98.0,67.0,49.0,146.27,70.0,11,2,1,0,2,22.39,19.4
504,2,11,2,2,125.0,80.0,62.5,156.25,92.0,11,5,1,0,1,18.75,20.0
504,14,9,3,3,100.0,85.0,33.33,117.65,53.0,11,0,1,0,1,30.59,12.94
504,14,10,2,2,27.0,20.0,13.5,135.0,18.0,4,1,0,0,2,50.0,25.0
504,1,15,2,2,97.0,83.0,48.5,116.87,62.0,12,1,1,0,1,39.76,15.66
504,1,16,1,1,8.0,8.0,8.0,100.0,8.0,2,0,0,0,1,75.0,25.0
504,1,17,1,1,1.0,2.0,1.0,50.0,1.0,0,0,0,0,1,50.0,0.0
504,13,1,2,2,8.0,8.0,4.0,100.0,8.0,0,1,0,0,2,62.5,12.5
504,13,2,1,1,3.0,7.0,3.0,42.86,3.0,0,0,0,0,1,57.14,0.0
504,13,3,2,2,52.0,44.0,26.0,118.18,50.0,6,0,1,0,2,36.36,13.64
504,13,4,2,2,140.0,93.0,70.0,150.54,95.0,19,2,1,0,1,22.58,22.58
504,13,5,2,2,79.0,56.0,39.5,141.07,71.0,5,3,1,0,2,26.79,14.29
504,13,6,1,1,15.0,14.0,15.0,107.14,15.0,2,0,0,0,1,42.86,14.29
504,13,7,2,2,46.0,40.0,23.0,115.0,45.0,5,2,0,0,2,45.0,17.5
504,13,8,2,2,25.0,20.0,12.5,125.0,24.0,4,0,0,0,2,35.0,20.0
504,13,9,2,2,70.0,66.0,35.0,106.06,45.0,8,0,0,0,1,37.88,12.12
504,13,10,2,2,92.0,63.0,46.0,146.03,77.0,10,1,1,0,2,20.63,17.46
504,13,11,2,2,11.0,9.0,5.5,122.22,11.0,2,0,0,0,2,44.44,22.22
504,13,12,2,2,86.0,66.0,43.0,130.3,56.0,11,1,1,0,3,28.79,18.18
504,13,13,2,2,106.0,63.0,53.0,168.25,106.0,12,3,1,1,1,20.63,23.81
504,4,4,1,1,4.0,9.0,4.0,44.44,4.0,0,0,0,0,1,66.67,0.0
504,9,1,1,1,7.0,10.0,7.0,70.0,7.0,1,0,0,0,1,60.0,10.0
504,9,2,1,1,12.0,10.0,12.0,120.0,12.0,1,0,0,0,1,40.0,10.0
504,9,3,2,2,33.0,32.0,16.5,103.12,23.0,5,0,0,0,2,46.88,15.62
504,9,4,2,2,61.0,52.0,30.5,117.31,54.0,5,1,1,0,1,25.0,11.54
504,9,5,1,1,50.0,50.0,50.0,100.0,50.0,4,1,1,0,1,36.0,10.0
504,9,6,1,1,42.0,35.0,42.0,120.0,42.0,3,2,0,0,1,40.0,14.29
504,9,7,2,2,48.0,45.0,24.0,106.67,29.0,9,0,0,0,2,51.11,20.0
504,9,8,2,2,69.0,61.0,34.5,113.11,54.0,7,1,1,0,2,36.07,13.11
504,9,9,3,3,67.0,47.0,22.33,142.55,51.0,7,3,1,0,3,38.3,21.28
504,9,10,3,3,63.0,65.0,21.0,96.92,29.0,7,1,0,0,3,43.08,12.31
504,9,11,3,3,91.0,70.0,30.33,130.0,50.0,10,2,1,0,3,32.86,17.14
504,9,12,2,2,113.0,71.0,56.5,159.15,97.0,13,3,1,0,1,25.35,22.54
504,9,13,2,2,32.0,22.0,16.0,145.45,26.0,3,2,0,0,2,40.91,22.73
504,9,14,3,3,106.0,106.0,35.33,100.0,46.0,10,3,0,0,3,46.23,12.26
504,9,15,1,1,16.0,15.0,16.0,106.67,16.0,1,1,0,0,1,46.67,13.33
504,9,16,2,2,97.0,76.0,48.5,127.63,57.0,15,1,1,0,2,36.84,21.05
504,18,15,1,1,5.0,15.0,5.0,33.33,5.0,0,0,0,0,1,60.0,0.0
504,18,16,1,1,1.0,2.0,1.0,50.0,1.0,0,0,0,0,1,50.0,0.0
504,18,17,1,1,70.0,50.0,70.0,140.0,70.0,7,3,1,0,1,36.0,20.0
504,5,1,2,2,28.0,32.0,14.0,87.5,27.0,2,1,0,0,2,50.0,9.38
504,5,4,2,2,52.0,40.0,26.0,130.0,27.0,7,1,0,0,2,40.0,20.0
504,5,5,2,2,70.0,56.0,35.0,125.0,41.0,5,4,0,0,2,44.64,16.07
504,5,6,2,2,132.0,96.0,66.0,137.5,73.0,15,3,2,0,1,35.42,18.75
504,5,7,2,2,17.0,17.0,8.5,100.0,11.0,3,0,0,0,2,41.18,17.65
504,5,8,2,2,43.0,31.0,21.5,138.71,42.0,7,1,0,0,2,51.61,25.81
504,5,9,2,2,84.0,61.0,42.0,137.7,82.0,10,1,1,0,1,31.15,18.03
504,5,10,2,2,110.0,89.0,55.0,123.6,62.0,9,3,1,0,1,32.58,13.48
504,5,11,2,2,50.0,34.0,25.0,147.06,45.0,9,0,0,0,2,29.41,26.47
504,5,12,2,2,78.0,58.0,39.0,134.48,43.0,9,2,0,0,2,34.48,18.97
504,5,13,4,4,84.0,69.0,21.0,121.74,69.0,9,1,1,0,3,31.88,14.49
504,5,14,2,2,53.0,49.0,26.5,108.16,45.0,5,2,0,0,2,42.86,14.29
504,5,15,1,1,70.0,50.0,70.0,140.0,70.0,5,3,1,0,1,20.0,16.0
504,5,16,1,1,30.0,20.0,30.0,150.0,30.0,5,0,0,0,1,30.0,25.0
504,7,4,2,2,52.0,42.0,26.0,123.81,28.0,5,2,0,0,2,38.1,16.67
504,7,5,2,2,29.0,29.0,14.5,100.0,16.0,3,1,0,0,1,48.28,13.79
504,12,14,2,2,161.0,96.0,80.5,167.71,92.0,19,4,2,0,1,19.79,23.96
504,11,1,3,3,60.0,56.0,20.0,107.14,52.0,8,0,1,0,2,41.07,14.29
504,11,4,1,1,24.0,15.0,24.0,160.0,24.0,2,1,0,0,1,40.0,20.0
504,11,5,2,2,78.0,67.0,39.0,116.42,52.0,10,2,1,0,2,44.78,17.91
504,11,6,3,3,34.0,44.0,11.33,77.27,33.0,3,0,0,0,3,45.45,6.82
504,11,7,2,2,71.0,54.0,35.5,131.48,38.0,10,1,0,0,2,37.04,20.37
504,11,8,2,2,64.0,47.0,32.0,136.17,54.0,8,2,1,0,2,38.3,21.28
504,11,11,2,2,84.0,61.0,42.0,137.7,78.0,14,1,1,0,1,40.98,24.59
504,11,12,2,2,70.0,39.0,35.0,179.49,54.0,10,2,1,0,2,23.08,30.77
504,11,13,2,2,62.0,37.0,31.0,167.57,57.0,7,2,1,0,2,27.03,24.32
504,11,14,2,2,17.0,19.0,8.5,89.47,9.0,2,0,0,0,2,42.11,10.53
504,11,15,1,1,12.0,16.0,12.0,75.0,12.0,2,0,0,0,1,56.25,12.5
504,11,16,2,2,103.0,68.0,51.5,151.47,86.0,11,4,1,0,2,30.88,22.06
504,3,9,2,2,89.0,80.0,44.5,111.25,56.0,4,3,1,0,2,37.5,8.75
504,3,10,2,2,49.0,41.0,24.5,119.51,30.0,7,1,0,0,2,43.9,19.51
504,17,1,2,2,66.0,46.0,33.0,143.48,50.0,5,4,1,0,1,36.96,19.57
504,17,3,1,1,12.0,9.0,12.0,133.33,12.0,2,0,0,0,1,44.44,22.22
504,17,4,1,1,11.0,9.0,11.0,122.22,11.0,2,0,0,0,1,33.33,22.22
504,17,5,2,2,78.0,56.0,39.0,139.29,73.0,11,1,1,0,2,30.36,21.43
504,17,7,2,2,87.0,75.0,43.5,116.0,50.0,11,1,1,0,1,42.67,16.0
504,17,8,2,2,58.0,49.0,29.0,118.37,50.0,5,2,1,0,1,32.65,14.29
504,17,9,3,3,47.0,45.0,15.67,104.44,28.0,6,1,0,0,3,48.89,15.56
504,17,10,1,1,40.0,31.0,40.0,129.03,40.0,5,0,0,0,1,19.35,16.13
504,17,11,2,2,31.0,34.0,15.5,91.18,18.0,1,2,0,0,2,47.06,8.82
504,17,12,2,2,50.0,38.0,25.0,131.58,50.0,5,2,1,0,2,36.84,18.42
504,17,13,2,2,86.0,69.0,43.0,124.64,54.0,9,0,1,0,2,28.99,13.04
504,17,14,2,2,49.0,42.0,24.5,116.67,43.0,4,2,0,0,2,33.33,14.29
504,17,15,2,2,64.0,44.0,32.0,145.45,43.0,7,2,0,0,2,29.55,20.45
504,8,17,1,1,45.0,37.0,45.0,121.62,45.0,5,1,0,0,1,37.84,16.22
504,15,12,3,3,36.0,38.0,12.0,94.74,17.0,5,0,0,0,3,50.0,13.16
504,15,13,3,3,112.0,82.0,37.33,136.59,78.0,10,3,1,0,3,24.39,15.85
504,15,14,2,3,70.0,65.0,35.0,107.69,42.0,9,1,0,0,2,46.15,15.38
504,15,15,2,2,47.0,43.0,23.5,109.3,39.0,3,2,0,0,2,39.53,11.63
504,15,16,1,1,99.0,66.0,99.0,150.0,99.0,12,5,1,0,0,45.45,25.76
504,15,17,1,1,14.0,16.0,14.0,87.5,14.0,2,0,0,0,1,50.0,12.5
697,6,12,1,1,2.0,5.0,2.0,40.0,2.0,0,0,0,0,1,60.0,0.0
697,6,13,1,1,22.0,14.0,22.0,157.14,22.0,2,1,0,0,0,35.71,21.43
697,6,14,2,2,81.0,62.0,40.5,130.65,64.0,6,4,1,0,1,33.87,16.13
697,10,12,1,1,24.0,16.0,24.0,150.0,24.0,0,2,0,0,1,18.75,12.5
697,10,13,2,2,28.0,23.0,14.0,121.74,17.0,2,2,0,0,2,47.83,17.39
697,10,14,1,1,2.0,7.0,2.0,28.57,2.0,0,0,0,0,1,71.43,0.0
697,10,15,1,1,32.0,19.0,32.0,168.42,32.0,2,2,0,0,1,26.32,21.05
697,10,16,2,2,47.0,21.0,23.5,223.81,25.0,0,6,0,0,2,19.05,28.57
697,10,17,1,1,18.0,17.0,18.0,105.88,18.0,1,0,0,0,1,17.65,5.88
697,10,18,1,1,18.0,15.0,18.0,120.0,18.0,1,1,0,0,1,33.33,13.33
697,1,15,2,2,19.0,19.0,9.5,100.0,19.0,2,0,0,0,1,36.84,10.53
697,1,16,3,3,52.0,42.0,17.33,123.81,32.0,0,3,0,0,2,23.81,7.14
697,1,17,2,2,72.0,36.0,36.0,200.0,51.0,4,6,1,0,2,22.22,27.78
697,1,18,1,1,17.0,8.0,17.0,212.5,17.0,0,2,0,0,1,25.0,25.0
697,13,13,2,2,35.0,31.0,17.5,112.9,23.0,0,3,0,0,2,41.94,9.68
697,9,14,2,2,40.0,38.0,20.0,105.26,22.0,2,2,0,0,2,42.11,10.53
697,9,15,1,1,3.0,6.0,3.0,50.0,3.0,0,0,0,0,1,50.0,0.0
697,9,16,2,2,98.0,55.0,49.0,178.18,50.0,3,8,1,0,1,21.82,20.0
697,9,17,1,1,28.0,18.0,28.0,155.56,28.0,1,3,0,0,1,50.0,22.22
697,9,18,2,2,76.0,69.0,38.0,110.14,45.0,5,3,0,0,1,37.68,11.59
697,18,15,1,1,49.0,30.0,49.0,163.33,49.0,5,2,0,0,1,26.67,23.33
697,18,16,1,1,27.0,16.0,27.0,168.75,27.0,1,3,0,0,1,43.75,25.0
697,18,17,2,2,69.0,35.0,34.5,197.14,66.0,3,7,1,0,2,34.29,28.57
697,18,18,1,1,43.0,37.0,43.0,116.22,43.0,3,2,0,0,0,37.84,13.51
697,5,12,1,1,9.0,5.0,9.0,180.0,9.0,0,1,0,0,0,20.0,20.0
697,5,13,2,2,29.0,16.0,14.5,181.25,27.0,1,3,0,0,1,31.25,25.0
697,5,14,2,2,38.0,39.0,19.0,97.44,35.0,2,2,0,0,2,41.03,10.26
697,5,15,2,2,23.0,23.0,11.5,100.0,13.0,1,1,0,0,2,52.17,8.7
697,5,16,2,2,54.0,44.0,27.0,122.73,28.0,2,4,0,0,1,40.91,13.64
697,5,17,1,1,66.0,38.0,66.0,173.68,66.0,10,2,1,0,0,26.32,31.58
697,5,18,2,2,59.0,39.0,29.5,151.28,50.0,2,5,1,0,2,33.33,17.95
697,12,14,1,1,23.0,15.0,23.0,153.33,23.0,3,0,0,0,1,20.0,20.0
697,12,15,2,2,65.0,37.0,32.5,175.68,57.0,7,3,1,0,2,29.73,27.03
697,12,16,1,1,28.0,17.0,28.0,164.71,28.0,1,2,0,0,1,23.53,17.65
697,12,17,2,2,0.0,2.0,0.0,0.0,0.0,0,0,0,0,2,100.0,0.0
697,12,18,2,2,48.0,33.0,24.0,145.45,42.0,4,2,0,0,2,27.27,18.18
697,11,16,2,2,60.0,42.0,30.0,142.86,52.0,3,4,1,0,2,26.19,16.67
697,11,17,1,1,18.0,11.0,18.0,163.64,18.0,2,1,0,0,1,36.36,27.27
697,11,18,2,2,57.0,42.0,28.5,135.71,39.0,3,4,0,0,2,33.33,16.67
697,17,14,1,1,46.0,32.0,46.0,143.75,46.0,5,2,0,0,1,31.25,21.88
697,17,15,1,1,95.0,46.0,95.0,206.52,95.0,5,8,1,0,0,21.74,28.26
697,17,16,1,1,52.0,27.0,52.0,192.59,52.0,2,5,1,0,1,29.63,25.93
697,8,17,2,2,41.0,43.0,20.5,95.35,34.0,4,1,0,0,1,44.19,11.63
697,8,18,2,2,27.0,18.0,13.5,150.0,19.0,2,2,0,0,1,38.89,22.22
697,15,12,1,1,5.0,7.0,5.0,71.43,5.0,1,0,0,0,2,71.43,14.29
697,15,13,2,2,15.0,21.0,7.5,71.43,8.0,0,0,0,0,2,38.1,0.0
697,15,15,1,1,3.0,5.0,3.0,60.0,3.0,0,0,0,0,1,40.0,0.0
697,15,17,2,2,84.0,44.0,42.0,190.91,45.0,3,8,0,0,1,25.0,25.0
697,15,18,1,1,12.0,9.0,12.0,133.33,12.0,2,0,0,0,1,33.33,22.22
462,6,11,1,1,8.0,10.0,8.0,80.0,8.0,0,0,0,0,0,30.0,0.0
462,6,12,2,2,19.0,10.0,9.5,190.0,19.0,2,1,0,0,1,20.0,30.0
462,10,12,1,1,12.0,18.0,12.0,66.67,12.0,0,0,0,0,1,38.89,0.0
462,10,13,2,2,8.0,7.0,4.0,114.29,6.0,1,0,0,0,2,28.57,14.29
462,10,15,1,1,9.0,7.0,9.0,128.57,9.0,2,0,0,0,0,57.14,28.57
462,2,7,1,1,11.0,10.0,11.0,110.0,11.0,1,0,0,0,1,20.0,10.0
462,13,11,1,1,24.0,16.0,24.0,150.0,24.0,3,0,0,0,0,18.75,18.75
462,13,12,2,2,1.0,2.0,0.5,50.0,1.0,0,0,0,0,1,50.0,0.0
462,9,11,1,1,0.0,1.0,0.0,0.0,0.0,0,0,0,0,1,100.0,0.0
462,9,12,1,1,18.0,9.0,18.0,200.0,18.0,4,0,0,0,1,33.33,44.44
462,9,13,2,2,28.0,30.0,14.0,93.33,23.0,2,0,0,0,1,33.33,6.67
462,5,12,1,1,13.0,7.0,13.0,185.71,13.0,2,0,0,0,0,28.57,28.57
462,5,13,1,1,1.0,2.0,1.0,50.0,1.0,0,0,0,0,1,50.0,0.0
462,5,14,1,1,0.0,1.0,0.0,0.0,0.0,0,0,0,0,1,100.0,0.0
462,11,8,1,1,1.0,1.0,1.0,100.0,1.0,0,0,0,0,0,0.0,0.0
462,3,9,1,1,2.0,16.0,2.0,12.5,2.0,0,0,0,0,1,87.5,0.0
462,17,14,1,1,7.0,4.0,7.0,175.0,7.0,0,1,0,0,0,50.0,25.0
462,15,11,1,1,18.0,18.0,18.0,100.0,18.0,2,0,0,0,1,38.89,11.11
610,6,6,1,1,7.0,9.0,7.0,77.78,7.0,0,0,0,0,0,55.56,0.0
610,9,14,1,1,7.0,5.0,7.0,140.0,7.0,1,0,0,0,0,20.0,20.0
610,5,11,2,2,2.0,13.0,1.0,15.38,2.0,0,0,0,0,2,92.31,0.0
610,5,12,1,1,0.0,1.0,0.0,0.0,0.0,0,0,0,0,1,100.0,0.0
610,5,14,1,1,1.0,3.0,1.0,33.33,1.0,0,0,0,0,0,66.67,0.0
610,11,7,1,1,2.0,2.0,2.0,100.0,2.0,0,0,0,0,0,0.0,0.0
610,3,10,1,1,0.0,2.0,0.0,0.0,0.0,0,0,0,0,0,100.0,0.0
610,17,11,1,1,1.0,1.0,1.0,100.0,1.0,0,0,0,0,0,0.0,0.0
391,17,9,1,1,0.0,1.0,0.0,0.0,0.0,0,0,0,0,1,100.0,0.0
117,16,3,1,1,0.0,1.0,0.0,0.0,0.0,0,0,0,0,1,100.0,0.0
117,5,3,1,1,0.0,8.0,0.0,0.0,0.0,0,0,0,0,1,100.0,0.0
227,13,12,1,1,0.0,1.0,0.0,0.0,0.0,0,0,0,0,1,100.0,0.0
451,6,6,1,1,2.0,7.0,2.0,28.57,2.0,0,0,0,0,0,85.71,0.0
451,6,7,1,1,3.0,8.0,3.0,37.5,3.0,0,0,0,0,1,62.5,0.0
451,6,13,1,1,5.0,5.0,5.0,100.0,5.0,1,0,0,0,1,60.0,20.0
451,10,13,1,1,2.0,3.0,2.0,66.67,2.0,0,0,0,0,0,33.33,0.0
451,13,7,1,1,3.0,7.0,3.0,42.86,3.0,0,0,0,0,0,57.14,0.0
451,13,10,1,1,0.0,1.0,0.0,0.0,0.0,0,0,0,0,1,100.0,0.0
451,9,5,1,1,0.0,2.0,0.0,0.0,0.0,0,0,0,0,2,100.0,0.0
451,9,6,1,1,4.0,8.0,4.0,50.0,4.0,0,0,0,0,1,62.5,0.0
451,9,11,1,1,6.0,8.0,6.0,75.0,6.0,0,0,0,0,0,25.0,0.0
451,5,4,1,1,0.0,1.0,0.0,0.0,0.0,0,0,0,0,1,100.0,0.0
451,5,6,1,1,2.0,3.0,2.0,66.67,2.0,0,0,0,0,1,33.33,0.0
451,5,9,1,1,1.0,5.0,1.0,20.0,1.0,0,0,0,0,0,60.0,0.0
451,7,6,1,1,6.0,5.0,6.0,120.0,6.0,1,0,0,0,1,60.0,20.0
451,11,7,1,1,1.0,4.0,1.0,25.0,1.0,0,0,0,0,1,75.0,0.0
451,17,8,1,1,2.0,7.0,2.0,28.57,2.0,0,0,0,0,1,71.43,0.0
451,17,10,2,2,2.0,8.0,1.0,25.0,2.0,0,0,0,0,2,62.5,0.0
451,17,14,1,1,0.0,1.0,0.0,0.0,0.0,0,0,0,0,1,100.0,0.0
451,15,6,2,2,0.0,4.0,0.0,0.0,0.0,0,0,0,0,2,100.0,0.0
7,6,3,1,1,2.0,2.0,2.0,100.0,2.0,0,0,0,0,1,0.0,0.0
7,2,3,1,1,12.0,9.0,12.0,133.33,12.0,2,0,0,0,1,44.44,22.22
7,2,6,1,1,23.0,15.0,23.0,153.33,23.0,4,0,0,0,1,33.33,26.67
7,17,3,1,1,0.0,1.0,0.0,0.0,0.0,0,0,0,0,1,100.0,0.0
677,6,7,2,2,6.0,8.0,3.0,75.0,5.0,0,0,0,0,1,25.0,0.0
677,2,7,1,1,15.0,14.0,15.0,107.14,15.0,1,0,0,0,0,35.71,7.14
677,13,7,1,1,18.0,16.0,18.0,112.5,18.0,2,1,0,0,1,62.5,18.75
677,9,4,1,1,18.0,16.0,18.0,112.5,18.0,2,0,0,0,1,25.0,12.5
677,9,7,1,1,19.0,12.0,19.0,158.33,19.0,2,0,0,0,0,16.67,16.67
677,11,7,1,1,3.0,8.0,3.0,37.5,3.0,0,0,0,0,1,62.5,0.0
677,15,7,1,1,12.0,7.0,12.0,171.43,12.0,2,0,0,0,1,28.57,28.57
176,5,4,1,1,2.0,4.0,2.0,50.0,2.0,0,0,0,0,1,75.0,0.0
616,6,2,2,2,5.0,11.0,2.5,45.45,3.0,0,0,0,0,2,63.64,0.0
616,6,4,1,1,56.0,30.0,56.0,186.67,56.0,6,4,1,0,1,36.67,33.33
616,16,2,2,2,39.0,29.0,19.5,134.48,30.0,4,2,0,0,2,51.72,20.69
616,2,2,1,1,3.0,12.0,3.0,25.0,3.0,0,0,0,0,1,75.0,0.0
616,2,4,1,1,62.0,41.0,62.0,151.22,62.0,8,1,1,0,1,24.39,21.95
616,13,4,1,1,7.0,5.0,7.0,140.0,7.0,1,0,0,0,1,20.0,20.0
616,4,4,1,1,1.0,4.0,1.0,25.0,1.0,0,0,0,0,1,75.0,0.0
616,9,2,1,1,25.0,17.0,25.0,147.06,25.0,0,3,0,0,1,47.06,17.65
616,9,4,1,1,26.0,20.0,26.0,130.0,26.0,3,0,0,0,1,45.0,15.0
616,5,1,1,1,0.0,4.0,0.0,0.0,0.0,0,0,0,0,1,100.0,0.0
616,5,2,1,1,43.0,23.0,43.0,186.96,43.0,5,3,0,0,0,39.13,34.78
616,5,4,2,2,25.0,25.0,12.5,100.0,20.0,0,2,0,0,1,40.0,8.0
616,7,4,2,2,34.0,29.0,17.0,117.24,34.0,2,2,0,0,2,44.83,13.79
616,11,1,1,1,4.0,4.0,4.0,100.0,4.0,0,0,0,0,1,25.0,0.0
616,11,2,1,1,0.0,1.0,0.0,0.0,0.0,0,0,0,0,1,100.0,0.0
616,17,4,1,1,38.0,37.0,38.0,102.7,38.0,5,1,0,0,1,51.35,16.22
210,6,1,1,1,0.0,2.0,0.0,0.0,0.0,0,0,0,0,0,50.0,0.0
210,16,3,1,1,12.0,5.0,12.0,240.0,12.0,3,0,0,0,0,40.0,60.0
210,16,4,1,1,0.0,1.0,0.0,0.0,0.0,0,0,0,0,0,100.0,0.0
210,2,3,1,1,15.0,14.0,15.0,107.14,15.0,2,0,0,0,0,42.86,14.29
210,2,4,1,1,0.0,2.0,0.0,0.0,0.0,0,0,0,0,1,100.0,0.0
210,9,6,1,1,1.0,2.0,1.0,50.0,1.0,0,0,0,0,0,0.0,0.0
210,5,1,1,1,0.0,1.0,0.0,0.0,0.0,0,0,0,0,1,100.0,0.0
210,5,2,1,1,1.0,10.0,1.0,10.0,1.0,0,0,0,0,0,80.0,0.0
210,7,4,1,1,1.0,6.0,1.0,16.67,1.0,0,0,0,0,0,66.67,0.0
210,11,2,1,1,4.0,8.0,4.0,50.0,4.0,1,0,0,0,0,87.5,12.5
210,11,3,1,1,0.0,2.0,0.0,0.0,0.0,0,0,0,0,0,100.0,0.0
210,17,6,1,1,0.0,2.0,0.0,0.0,0.0,0,0,0,0,1,100.0,0.0
314,13,4,1,1,4.0,7.0,4.0,57.14,4.0,0,0,0,0,1,57.14,0.0
314,9,3,1,1,27.0,29.0,27.0,93.1,27.0,3,0,0,0,1,37.93,10.34
202,16,3,1,1,3.0,4.0,3.0,75.0,3.0,0,0,0,0,0,25.0,0.0
574,2,1,2,2,94.0,60.0,47.0,156.67,54.0,13,2,1,0,2,33.33,25.0
574,13,1,2,2,14.0,11.0,7.0,127.27,8.0,3,0,0,0,2,54.55,27.27
574,5,1,1,1,16.0,11.0,16.0,145.45,16.0,3,0,0,0,1,45.45,27.27
574,11,1,2,2,21.0,24.0,10.5,87.5,16.0,2,1,0,0,2,58.33,12.5
574,17,1,1,1,0.0,3.0,0.0,0.0,0.0,0,0,0,0,1,100.0,0.0
663,10,15,1,1,7.0,5.0,7.0,140.0,7.0,0,1,0,0,1,60.0,20.0
663,9,8,1,1,1.0,4.0,1.0,25.0,1.0,0,0,0,0,0,75.0,0.0
663,15,8,1,1,14.0,9.0,14.0,155.56,14.0,1,1,0,0,1,33.33,22.22
28,6,1,3,3,101.0,77.0,33.67,131.17,41.0,14,2,0,0,2,33.77,20.78
28,6,2,2,2,36.0,33.0,18.0,109.09,26.0,3,2,0,0,2,54.55,15.15
28,16,2,2,2,44.0,40.0,22.0,110.0,44.0,6,1,0,0,2,52.5,17.5
28,2,1,1,1,39.0,21.0,39.0,185.71,39.0,6,1,0,0,1,33.33,33.33
28,2,2,1,1,11.0,8.0,11.0,137.5,11.0,1,1,0,0,1,62.5,25.0
28,2,3,1,1,5.0,4.0,5.0,125.0,5.0,1,0,0,0,1,50.0,25.0
28,13,2,1,1,3.0,4.0,3.0,75.0,3.0,0,0,0,0,1,25.0,0.0
28,13,4,1,1,9.0,9.0,9.0,100.0,9.0,1,0,0,0,1,44.44,11.11
28,9,1,2,2,65.0,37.0,32.5,175.68,60.0,11,1,1,0,2,27.03,32.43
28,9,2,1,1,4.0,6.0,4.0,66.67,4.0,1,0,0,0,1,83.33,16.67
28,5,1,2,2,56.0,54.0,28.0,103.7,39.0,5,1,0,0,3,37.04,11.11
28,17,1,1,1,50.0,44.0,50.0,113.64,50.0,7,1,1,0,1,40.91,18.18
28,17,2,1,1,0.0,2.0,0.0,0.0,0.0,0,0,0,0,1,100.0,0.0
631,6,7,1,1,8.0,13.0,8.0,61.54,8.0,0,0,0,0,1,53.85,0.0
631,6,8,2,2,18.0,29.0,9.0,62.07,16.0,1,0,0,0,2,51.72,3.45
631,6,11,2,2,87.0,63.0,43.5,138.1,44.0,11,2,0,0,2,39.68,20.63
631,6,12,3,3,145.0,114.0,48.33,127.19,71.0,19,1,2,0,2,32.46,17.54
631,6,13,1,1,17.0,16.0,17.0,106.25,17.0,2,0,0,0,1,31.25,12.5
631,6,14,2,2,6.0,10.0,3.0,60.0,3.0,0,0,0,0,2,50.0,0.0
631,6,15,1,1,32.0,21.0,32.0,152.38,32.0,3,1,0,0,1,33.33,19.05
631,6,16,2,2,27.0,24.0,13.5,112.5,26.0,3,0,0,0,2,37.5,12.5
631,6,17,1,1,0.0,2.0,0.0,0.0,0.0,0,0,0,0,1,100.0,0.0
631,6,18,2,2,97.0,56.0,48.5,173.21,68.0,8,6,1,0,1,28.57,25.0
631,10,12,2,2,28.0,33.0,14.0,84.85,26.0,2,0,0,0,3,36.36,6.06
631,10,13,4,4,135.0,101.0,33.75,133.66,53.0,14,4,2,0,2,33.66,17.82
631,10,14,2,2,57.0,41.0,28.5,139.02,33.0,6,2,0,0,2,34.15,19.51
631,10,16,1,1,0.0,1.0,0.0,0.0,0.0,0,0,0,0,1,100.0,0.0
631,10,17,2,2,26.0,15.0,13.0,173.33,26.0,3,2,0,0,2,53.33,33.33
631,10,18,2,2,113.0,71.0,56.5,159.15,73.0,12,6,1,0,1,32.39,25.35
631,2,7,1,1,8.0,3.0,8.0,266.67,8.0,2,0,0,0,0,33.33,66.67
631,2,8,2,2,31.0,23.0,15.5,134.78,24.0,2,1,0,0,1,21.74,13.04
631,2,9,1,1,21.0,13.0,21.0,161.54,21.0,1,1,0,0,1,7.69,15.38
631,2,10,1,1,7.0,9.0,7.0,77.78,7.0,0,0,0,0,1,22.22,0.0
631,2,11,2,2,65.0,36.0,32.5,180.56,53.0,8,2,1,0,2,25.0,27.78
631,14,9,2,2,21.0,26.0,10.5,80.77,17.0,1,1,0,0,2,57.69,7.69
631,14,10,1,1,1.0,1.0,1.0,100.0,1.0,0,0,0,0,0,0.0,0.0
631,1,15,1,1,13.0,11.0,13.0,118.18,13.0,0,1,0,0,1,36.36,9.09
631,1,16,3,3,187.0,99.0,62.33,188.89,103.0,21,9,2,1,2,26.26,30.3
631,1,18,3,3,116.0,72.0,38.67,161.11,48.0,7,7,0,0,3,23.61,19.44
631,13,7,3,3,59.0,37.0,19.67,159.46,34.0,6,2,0,0,3,32.43,21.62
631,13,8,2,2,32.0,19.0,16.0,168.42,23.0,3,2,0,0,2,36.84,26.32
631,13,9,1,1,11.0,9.0,11.0,122.22,11.0,2,0,0,0,0,44.44,22.22
631,13,11,2,2,84.0,57.0,42.0,147.37,57.0,9,5,1,0,2,42.11,24.56
631,13,12,2,2,32.0,21.0,16.0,152.38,21.0,6,0,0,0,2,42.86,28.57
631,13,13,2,2,10.0,11.0,5.0,90.91,10.0,2,0,0,0,1,54.55,18.18
631,9,11,2,2,95.0,71.0,47.5,133.8,59.0,12,3,1,0,2,38.03,21.13
631,9,12,2,2,72.0,41.0,36.0,175.61,46.0,7,4,0,0,1,26.83,26.83
631,9,13,2,2,57.0,38.0,28.5,150.0,47.0,7,1,0,0,1,23.68,21.05
631,9,14,2,2,61.0,46.0,30.5,132.61,56.0,7,2,1,0,2,34.78,19.57
631,9,15,1,1,52.0,36.0,52.0,144.44,52.0,5,2,1,0,1,27.78,19.44
631,9,16,1,1,43.0,25.0,43.0,172.0,43.0,4,3,0,0,1,40.0,28.0
631,9,17,2,2,67.0,49.0,33.5,136.73,56.0,7,2,1,0,2,34.69,18.37
631,9,18,1,1,27.0,9.0,27.0,300.0,27.0,3,2,0,0,0,11.11,55.56
631,18,15,2,2,44.0,34.0,22.0,129.41,37.0,4,0,0,0,2,14.71,11.76
631,18,16,2,2,40.0,29.0,20.0,137.93,33.0,2,2,0,0,2,34.48,13.79
631,18,17,2,2,10.0,9.0,5.0,111.11,10.0,0,1,0,0,2,66.67,11.11
631,18,18,2,2,121.0,71.0,60.5,170.42,67.0,13,5,2,0,2,28.17,25.35
631,5,7,1,1,13.0,5.0,13.0,260.0,13.0,3,0,0,0,0,20.0,60.0
631,5,8,2,2,57.0,25.0,28.5,228.0,46.0,3,5,0,0,1,20.0,32.0
631,5,9,2,2,25.0,18.0,12.5,138.89,21.0,3,0,0,0,1,11.11,16.67
631,5,10,2,2,48.0,40.0,24.0,120.0,31.0,4,1,0,0,2,27.5,12.5
631,7,5,1,1,0.0,4.0,0.0,0.0,0.0,0,0,0,0,1,100.0,0.0
631,12,14,2,2,33.0,28.0,16.5,117.86,33.0,3,1,0,0,2,35.71,14.29
631,12,15,1,1,43.0,30.0,43.0,143.33,43.0,1,4,0,0,2,40.0,16.67
631,12,16,2,2,123.0,57.0,61.5,215.79,66.0,15,5,2,0,2,15.79,35.09
631,12,17,1,1,78.0,53.0,78.0,147.17,78.0,7,3,1,0,1,28.3,18.87
631,12,18,2,2,101.0,65.0,50.5,155.38,57.0,10,5,1,0,2,36.92,23.08
631,11,7,2,3,40.0,37.0,20.0,108.11,31.0,3,1,0,0,2,21.62,10.81
631,11,8,1,1,0.0,1.0,0.0,0.0,0.0,0,0,0,0,1,100.0,0.0
631,11,11,2,2,110.0,78.0,55.0,141.03,72.0,13,3,1,0,2,34.62,20.51
631,11,12,2,2,50.0,43.0,25.0,116.28,34.0,1,2,0,0,2,23.26,6.98
631,11,13,2,2,119.0,73.0,59.5,163.01,79.0,15,3,1,0,1,26.03,24.66
631,11,14,2,2,29.0,18.0,14.5,161.11,16.0,6,0,0,0,2,38.89,33.33
631,11,15,1,1,51.0,39.0,51.0,130.77,51.0,5,2,1,0,1,33.33,17.95
631,11,16,1,1,55.0,29.0,55.0,189.66,55.0,8,2,1,0,1,27.59,34.48
631,11,17,1,1,10.0,8.0,10.0,125.0,10.0,2,0,0,0,1,50.0,25.0
631,11,18,1,1,48.0,23.0,48.0,208.7,48.0,4,3,0,0,0,17.39,30.43
631,3,9,1,1,60.0,49.0,60.0,122.45,60.0,6,2,1,0,1,34.69,16.33
631,3,10,1,1,30.0,16.0,30.0,187.5,30.0,2,2,0,0,1,12.5,25.0
631,17,7,1,1,24.0,18.0,24.0,133.33,24.0,1,1,0,0,0,22.22,11.11
631,17,8,2,2,11.0,11.0,5.5,100.0,11.0,2,0,0,0,1,36.36,18.18
631,17,9,2,2,15.0,10.0,7.5,150.0,10.0,3,0,0,0,1,40.0,30.0
631,17,10,1,1,15.0,19.0,15.0,78.95,15.0,1,0,0,0,1,42.11,5.26
631,17,11,2,2,9.0,10.0,4.5,90.0,9.0,2,0,0,0,2,60.0,20.0
631,17,12,2,2,67.0,47.0,33.5,142.55,38.0,6,2,0,0,2,21.28,17.02
631,17,13,2,2,79.0,45.0,39.5,175.56,79.0,10,3,1,0,1,31.11,28.89
631,17,14,2,2,39.0,32.0,19.5,121.88,31.0,4,1,0,0,2,31.25,15.62
631,17,15,1,1,68.0,37.0,68.0,183.78,68.0,5,6,1,0,0,37.84,29.73
631,17,16,2,2,98.0,51.0,49.0,192.16,83.0,8,6,1,0,2,23.53,27.45
631,8,17,1,1,52.0,19.0,52.0,273.68,52.0,5,4,1,0,1,26.32,47.37
631,8,18,1,1,28.0,26.0,28.0,107.69,28.0,5,0,0,0,1,50.0,19.23
631,15,7,1,1,12.0,5.0,12.0,240.0,12.0,1,1,0,0,0,20.0,40.0
631,15,8,2,2,8.0,5.0,4.0,160.0,6.0,1,0,0,0,1,20.0,20.0
631,15,9,2,2,29.0,18.0,14.5,161.11,23.0,2,1,0,0,1,22.22,16.67
631,15,10,1,1,4.0,3.0,4.0,133.33,4.0,1,0,0,0,1,66.67,33.33
631,15,11,2,2,62.0,69.0,31.0,89.86,34.0,6,1,0,0,2,47.83,10.14
631,15,12,2,2,30.0,25.0,15.0,120.0,23.0,4,1,0,0,2,48.0,20.0
631,15,13,2,2,63.0,47.0,31.5,134.04,36.0,11,0,0,0,2,40.43,23.4
631,15,14,2,2,92.0,46.0,46.0,200.0,82.0,14,4,1,0,2,32.61,39.13
631,15,16,2,2,32.0,19.0,16.0,168.42,25.0,4,1,0,0,1,21.05,26.32
631,15,17,1,1,102.0,51.0,102.0,200.0,102.0,12,6,1,1,0,35.29,35.29
631,15,18,2,2,66.0,34.0,33.0,194.12,40.0,7,4,0,0,1,32.35,32.35
307,2,10,1,1,12.0,8.0,12.0,150.0,12.0,2,0,0,0,1,37.5,25.0
307,14,9,1,1,0.0,3.0,0.0,0.0,0.0,0,0,0,0,1,100.0,0.0
307,13,9,1,1,33.0,29.0,33.0,113.79,33.0,1,0,0,0,1,24.14,3.45
307,9,9,1,1,16.0,8.0,16.0,200.0,16.0,2,1,0,0,1,25.0,37.5
307,9,14,1,1,7.0,17.0,7.0,41.18,7.0,0,0,0,0,1,58.82,0.0
307,5,9,1,1,25.0,13.0,25.0,192.31,25.0,2,2,0,0,0,30.77,30.77
307,3,10,1,1,2.0,4.0,2.0,50.0,2.0,0,0,0,0,1,50.0,0.0
307,15,6,1,1,3.0,7.0,3.0,42.86,3.0,0,0,0,0,1,57.14,0.0
307,15,9,2,2,45.0,26.0,22.5,173.08,27.0,4,2,0,0,2,23.08,23.08
307,15,10,1,1,1.0,3.0,1.0,33.33,1.0,0,0,0,0,1,66.67,0.0
309,6,1,1,1,73.0,54.0,73.0,135.19,73.0,10,1,1,0,1,31.48,20.37
309,16,1,1,1,4.0,4.0,4.0,100.0,4.0,1,0,0,0,1,75.0,25.0
309,2,1,1,1,48.0,44.0,48.0,109.09,48.0,7,0,0,0,1,36.36,15.91
309,13,1,1,1,24.0,19.0,24.0,126.32,24.0,5,0,0,0,1,52.63,26.32
309,5,1,1,1,13.0,13.0,13.0,100.0,13.0,1,1,0,0,1,69.23,15.38
309,11,1,2,2,31.0,27.0,15.5,114.81,24.0,6,0,0,0,2,55.56,22.22
287,6,18,1,1,20.0,15.0,20.0,133.33,20.0,1,1,0,0,1,26.67,13.33
287,10,17,1,1,0.0,1.0,0.0,0.0,0.0,0,0,0,0,1,100.0,0.0
287,1,17,1,1,14.0,6.0,14.0,233.33,14.0,0,2,0,0,1,50.0,33.33
287,18,17,1,1,1.0,5.0,1.0,20.0,1.0,0,0,0,0,1,80.0,0.0
287,18,18,1,1,4.0,4.0,4.0,100.0,4.0,1,0,0,0,1,75.0,25.0
287,5,18,1,1,39.0,35.0,39.0,111.43,39.0,6,1,0,0,1,54.29,20.0
287,12,17,1,1,21.0,23.0,21.0,91.3,21.0,1,0,0,0,1,39.13,4.35
287,12,18,1,1,58.0,25.0,58.0,232.0,58.0,3,5,1,0,0,0.0,32.0
287,11,17,1,1,15.0,8.0,15.0,187.5,15.0,3,0,0,0,0,25.0,37.5
371,6,8,1,1,1.0,4.0,1.0,25.0,1.0,0,0,0,0,0,75.0,0.0
371,6,13,1,1,1.0,2.0,1.0,50.0,1.0,0,0,0,0,0,50.0,0.0
371,10,12,1,1,1.0,1.0,1.0,100.0,1.0,0,0,0,0,0,0.0,0.0
371,10,13,1,1,2.0,4.0,2.0,50.0,2.0,0,0,0,0,0,50.0,0.0
371,10,14,1,1,0.0,1.0,0.0,0.0,0.0,0,0,0,0,0,0.0,0.0
371,2,9,1,1,1.0,2.0,1.0,50.0,1.0,0,0,0,0,0,50.0,0.0
371,2,10,1,1,2.0,2.0,2.0,100.0,2.0,0,0,0,0,0,0.0,0.0
371,14,9,1,1,1.0,1.0,1.0,100.0,1.0,0,0,0,0,0,0.0,0.0
371,1,16,1,1,2.0,5.0,2.0,40.0,2.0,0,0,0,0,0,60.0,0.0
371,1,18,1,1,6.0,5.0,6.0,120.0,6.0,0,0,0,0,0,0.0,0.0
371,13,13,1,1,0.0,2.0,0.0,0.0,0.0,0,0,0,0,1,100.0,0.0
371,9,7,1,1,2.0,5.0,2.0,40.0,2.0,0,0,0,0,0,40.0,0.0
371,9,9,1,1,1.0,1.0,1.0,100.0,1.0,0,0,0,0,0,0.0,0.0
371,5,11,2,2,0.0,3.0,0.0,0.0,0.0,0,0,0,0,1,100.0,0.0
371,5,12,1,1,5.0,2.0,5.0,250.0,5.0,1,0,0,0,0,0.0,50.0
371,5,13,1,1,0.0,1.0,0.0,0.0,0.0,0,0,0,0,0,100.0,0.0
371,11,14,1,1,8.0,6.0,8.0,133.33,8.0,1,0,0,0,0,16.67,16.67
371,17,8,1,1,7.0,9.0,7.0,77.78,7.0,1,0,0,0,1,55.56,11.11
371,17,9,1,1,5.0,5.0,5.0,100.0,5.0,0,0,0,0,0,0.0,0.0
371,17,11,1,1,0.0,1.0,0.0,0.0,0.0,0,0,0,0,1,100.0,0.0
371,17,13,1,1,9.0,6.0,9.0,150.0,9.0,1,0,0,0,1,16.67,16.67
371,17,16,1,1,0.0,1.0,0.0,0.0,0.0,0,0,0,0,0,100.0,0.0
371,15,6,1,1,0.0,1.0,0.0,0.0,0.0,0,0,0,0,0,100.0,0.0
371,15,8,1,1,1.0,1.0,1.0,100.0,1.0,0,0,0,0,0,0.0,0.0
371,15,10,1,1,5.0,4.0,5.0,125.0,5.0,0,0,0,0,0,0.0,0.0
374,1,16,1,1,7.0,6.0,7.0,116.67,7.0,0,1,0,0,1,66.67,16.67
374,9,17,1,1,0.0,1.0,0.0,0.0,0.0,0,0,0,0,1,100.0,0.0
374,5,16,1,1,4.0,3.0,4.0,133.33,4.0,1,0,0,0,0,33.33,33.33
374,5,17,1,1,8.0,7.0,8.0,114.29,8.0,0,0,0,0,0,0.0,0.0
374,12,17,1,1,6.0,4.0,6.0,150.0,6.0,1,0,0,0,0,25.0,25.0
182,5,17,1,1,9.0,8.0,9.0,112.5,9.0,1,0,0,0,1,37.5,12.5
182,11,17,1,1,9.0,6.0,9.0,150.0,9.0,0,1,0,0,1,33.33,16.67
182,15,17,1,1,0.0,1.0,0.0,0.0,0.0,0,0,0,0,1,100.0,0.0
286,2,1,1,1,8.0,14.0,8.0,57.14,8.0,0,0,0,0,1,35.71,0.0
286,13,1,1,1,3.0,8.0,3.0,37.5,3.0,0,0,0,0,1,62.5,0.0
286,9,1,2,2,16.0,14.0,8.0,114.29,14.0,1,1,0,0,2,42.86,14.29
286,11,1,1,1,3.0,6.0,3.0,50.0,3.0,0,0,0,0,1,66.67,0.0
286,11,2,1,1,2.0,9.0,2.0,22.22,2.0,0,0,0,0,1,55.56,0.0
286,17,1,1,1,17.0,7.0,17.0,242.86,17.0,0,2,0,0,0,0.0,28.57
753,6,17,1,1,0.0,1.0,0.0,0.0,0.0,0,0,0,0,1,100.0,0.0
753,10,17,1,1,25.0,12.0,25.0,208.33,25.0,2,2,0,0,1,25.0,33.33
753,1,18,1,1,1.0,3.0,1.0,33.33,1.0,0,0,0,0,1,66.67,0.0
753,9,18,2,2,34.0,26.0,17.0,130.77,25.0,2,2,0,0,2,30.77,15.38
753,18,18,1,1,3.0,3.0,3.0,100.0,3.0,0,0,0,0,0,33.33,0.0
753,5,17,1,1,8.0,6.0,8.0,133.33,8.0,1,0,0,0,0,16.67,16.67
753,5,18,1,1,15.0,9.0,15.0,166.67,15.0,2,1,0,0,1,55.56,33.33
753,12,18,1,1,7.0,7.0,7.0,100.0,7.0,0,0,0,0,0,28.57,0.0
753,8,18,1,1,12.0,7.0,12.0,171.43,12.0,1,1,0,0,1,42.86,28.57
753,15,18,1,1,34.0,11.0,34.0,309.09,34.0,1,4,0,0,0,0.0,45.45
542,2,2,1,1,13.0,8.0,13.0,162.5,13.0,2,0,0,0,1,25.0,25.0
542,2,5,1,1,1.0,2.0,1.0,50.0,1.0,0,0,0,0,0,50.0,0.0
542,5,5,1,1,6.0,10.0,6.0,60.0,6.0,0,0,0,0,0,40.0,0.0
542,17,2,1,1,7.0,7.0,7.0,100.0,7.0,1,0,0,0,1,42.86,14.29
542,17,9,1,1,1.0,2.0,1.0,50.0,1.0,0,0,0,0,0,50.0,0.0
289,9,1,1,1,3.0,6.0,3.0,50.0,3.0,0,0,0,0,1,50.0,0.0
289,11,1,1,1,3.0,8.0,3.0,37.5,3.0,0,0,0,0,1,62.5,0.0
246,6,1,2,2,56.0,61.0,28.0,91.8,36.0,6,1,0,0,1,42.62,11.48
246,2,1,1,1,29.0,28.0,29.0,103.57,29.0,2,0,0,0,1,28.57,7.14
246,13,1,1,1,1.0,2.0,1.0,50.0,1.0,0,0,0,0,0,50.0,0.0
246,9,1,2,2,11.0,18.0,5.5,61.11,6.0,1,0,0,0,2,44.44,5.56
246,9,4,1,1,5.0,2.0,5.0,250.0,5.0,1,0,0,0,0,0.0,50.0
246,11,1,1,1,13.0,11.0,13.0,118.18,13.0,0,1,0,0,1,27.27,9.09
246,17,1,1,1,2.0,3.0,2.0,66.67,2.0,0,0,0,0,1,33.33,0.0
246,17,2,1,1,14.0,8.0,14.0,175.0,14.0,0,1,0,0,1,12.5,12.5
13,5,4,2,2,2.0,3.0,1.0,66.67,2.0,0,0,0,0,2,66.67,0.0
203,6,1,2,2,14.0,27.0,7.0,51.85,12.0,1,0,0,0,2,62.96,3.7
203,6,2,1,1,4.0,14.0,4.0,28.57,4.0,0,0,0,0,1,71.43,0.0
203,6,3,2,2,21.0,32.0,10.5,65.62,11.0,3,0,0,0,2,59.38,9.38
203,6,5,2,2,40.0,42.0,20.0,95.24,24.0,5,0,0,0,1,42.86,11.9
203,16,1,2,2,105.0,87.0,52.5,120.69,91.0,12,5,1,0,2,48.28,19.54
203,16,2,2,2,34.0,53.0,17.0,64.15,33.0,3,0,0,0,2,58.49,5.66
203,16,3,2,2,88.0,57.0,44.0,154.39,88.0,9,5,1,0,2,40.35,24.56
203,16,4,2,2,32.0,37.0,16.0,86.49,32.0,3,1,0,0,1,56.76,10.81
203,16,5,2,2,68.0,60.0,34.0,113.33,45.0,8,2,0,0,2,45.0,16.67
203,2,1,1,1,7.0,4.0,7.0,175.0,7.0,0,1,0,0,1,25.0,25.0
203,2,2,1,1,44.0,45.0,44.0,97.78,44.0,1,2,0,0,1,37.78,6.67
203,2,3,2,2,61.0,56.0,30.5,108.93,56.0,9,1,1,0,2,50.0,17.86
203,2,5,2,2,42.0,39.0,21.0,107.69,41.0,5,1,0,0,2,43.59,15.38
203,13,1,2,2,91.0,60.0,45.5,151.67,86.0,7,6,1,0,1,38.33,21.67
203,13,2,1,1,22.0,17.0,22.0,129.41,22.0,1,1,0,0,1,29.41,11.76
203,13,3,2,2,86.0,71.0,43.0,121.13,50.0,11,2,1,0,2,43.66,18.31
203,13,5,2,2,36.0,27.0,18.0,133.33,20.0,6,0,0,0,2,40.74,22.22
203,9,4,1,1,18.0,22.0,18.0,81.82,18.0,0,1,0,0,1,36.36,4.55
203,9,5,2,2,41.0,43.0,20.5,95.35,36.0,4,1,0,0,2,41.86,11.63
203,5,1,2,2,19.0,22.0,9.5,86.36,15.0,3,0,0,0,3,54.55,13.64
203,5,2,2,2,34.0,31.0,17.0,109.68,34.0,3,1,0,0,2,38.71,12.9
203,5,3,2,2,73.0,70.0,36.5,104.29,42.0,9,2,0,0,2,44.29,15.71
203,5,5,2,2,19.0,30.0,9.5,63.33,16.0,1,0,0,0,2,46.67,3.33
203,11,1,2,2,83.0,73.0,41.5,113.7,51.0,6,3,1,0,3,38.36,12.33
203,11,2,2,2,46.0,33.0,23.0,139.39,46.0,4,2,0,0,2,30.3,18.18
203,11,3,2,2,108.0,79.0,54.0,136.71,75.0,14,2,1,0,1,36.71,20.25
203,11,5,2,2,16.0,22.0,8.0,72.73,14.0,1,0,0,0,2,40.91,4.55
203,17,1,2,2,30.0,34.0,15.0,88.24,20.0,4,0,0,0,2,55.88,11.76
203,17,2,2,2,5.0,14.0,2.5,35.71,4.0,1,0,0,0,2,85.71,7.14
203,17,3,2,2,56.0,54.0,28.0,103.7,33.0,3,3,0,0,2,40.74,11.11
203,17,5,1,1,6.0,8.0,6.0,75.0,6.0,0,0,0,0,1,25.0,0.0
774,6,5,1,1,11.0,12.0,11.0,91.67,11.0,1,0,0,0,1,41.67,8.33
774,16,5,2,2,17.0,18.0,8.5,94.44,11.0,1,0,0,0,1,33.33,5.56
774,2,1,1,1,3.0,4.0,3.0,75.0,3.0,0,0,0,0,1,25.0,0.0
774,2,5,1,1,38.0,32.0,38.0,118.75,38.0,5,1,0,0,1,43.75,18.75
774,13,1,1,1,15.0,6.0,15.0,250.0,15.0,1,1,0,0,1,0.0,33.33
774,5,2,1,1,6.0,8.0,6.0,75.0,6.0,1,0,0,0,1,62.5,12.5
774,7,4,1,1,9.0,9.0,9.0,100.0,9.0,1,0,0,0,1,33.33,11.11
197,1,17,2,2,24.0,16.0,12.0,150.0,19.0,2,2,0,0,2,50.0,25.0
197,9,17,1,1,6.0,3.0,6.0,200.0,6.0,0,1,0,0,1,66.67,33.33
197,18,17,2,2,49.0,37.0,24.5,132.43,38.0,4,2,0,0,1,43.24,16.22
197,5,17,1,1,41.0,17.0,41.0,241.18,41.0,0,5,0,0,1,11.76,29.41
197,12,17,1,1,33.0,25.0,33.0,132.0,33.0,2,2,0,0,1,32.0,16.0
197,11,17,1,1,1.0,1.0,1.0,100.0,1.0,0,0,0,0,0,0.0,0.0
197,8,17,1,1,29.0,23.0,29.0,126.09,29.0,4,0,0,0,2,39.13,17.39
219,13,12,1,1,15.0,13.0,15.0,115.38,15.0,1,1,0,0,1,61.54,15.38
649,6,3,1,1,1.0,2.0,1.0,50.0,1.0,0,0,0,0,1,50.0,0.0
428,6,1,2,2,81.0,55.0,40.5,147.27,58.0,6,5,1,0,2,36.36,20.0
428,6,3,1,1,88.0,57.0,88.0,154.39,88.0,8,5,1,0,0,31.58,22.81
428,6,4,1,1,12.0,14.0,12.0,85.71,12.0,0,0,0,0,1,21.43,0.0
428,6,5,1,1,32.0,22.0,32.0,145.45,32.0,4,1,0,0,0,36.36,22.73
428,6,6,1,1,73.0,51.0,73.0,143.14,73.0,8,2,1,0,1,25.49,19.61
428,6,8,1,1,10.0,10.0,10.0,100.0,10.0,1,0,0,0,1,40.0,10.0
428,16,1,2,2,144.0,108.0,72.0,133.33,84.0,14,4,2,0,2,29.63,16.67
428,16,3,1,1,0.0,1.0,0.0,0.0,0.0,0,0,0,0,1,100.0,0.0
428,16,4,1,1,13.0,8.0,13.0,162.5,13.0,3,0,0,0,1,50.0,37.5
428,16,5,2,2,33.0,27.0,16.5,122.22,22.0,5,0,0,0,2,40.74,18.52
428,2,1,1,1,2.0,5.0,2.0,40.0,2.0,0,0,0,0,1,60.0,0.0
428,2,4,2,2,141.0,74.0,70.5,190.54,95.0,14,9,1,0,2,29.73,31.08
428,2,5,1,1,13.0,15.0,13.0,86.67,13.0,3,0,0,0,1,60.0,20.0
428,2,6,1,1,45.0,44.0,45.0,102.27,45.0,7,0,0,0,1,43.18,15.91
428,2,8,1,1,5.0,4.0,5.0,125.0,5.0,1,0,0,0,1,50.0,25.0
428,2,9,1,1,13.0,16.0,13.0,81.25,13.0,2,0,0,0,1,62.5,12.5
428,14,9,1,1,1.0,3.0,1.0,33.33,1.0,0,0,0,0,1,33.33,0.0
428,14,10,2,2,88.0,67.0,44.0,131.34,58.0,10,1,1,0,2,25.37,16.42
428,4,4,1,1,42.0,30.0,42.0,140.0,42.0,5,2,0,0,1,46.67,23.33
428,9,1,2,2,80.0,63.0,40.0,126.98,40.0,8,3,0,0,2,38.1,17.46
428,9,4,1,1,5.0,7.0,5.0,71.43,5.0,1,0,0,0,1,71.43,14.29
428,9,5,2,2,34.0,36.0,17.0,94.44,33.0,4,0,0,0,2,38.89,11.11
428,9,9,1,1,56.0,41.0,56.0,136.59,56.0,5,1,1,0,1,19.51,14.63
428,9,10,1,1,11.0,10.0,11.0,110.0,11.0,2,0,0,0,1,50.0,20.0
428,5,1,1,1,81.0,56.0,81.0,144.64,81.0,7,4,1,0,1,37.5,19.64
428,5,3,1,1,57.0,47.0,57.0,121.28,57.0,6,1,1,0,1,34.04,14.89
428,5,4,2,2,104.0,81.0,52.0,128.4,61.0,13,0,1,0,2,17.28,16.05
428,5,5,2,2,85.0,66.0,42.5,128.79,68.0,6,3,1,0,1,30.3,13.64
428,5,6,2,2,73.0,59.0,36.5,123.73,63.0,12,0,1,0,2,35.59,20.34
428,5,7,1,1,30.0,17.0,30.0,176.47,30.0,2,2,0,0,1,35.29,23.53
428,5,9,1,1,45.0,34.0,45.0,132.35,45.0,3,1,0,0,1,17.65,11.76
428,5,10,2,2,51.0,37.0,25.5,137.84,26.0,5,2,0,0,2,35.14,18.92
428,7,4,2,2,33.0,31.0,16.5,106.45,32.0,3,1,0,0,2,45.16,12.9
428,7,5,1,1,64.0,54.0,64.0,118.52,64.0,7,1,1,0,0,42.59,14.81
428,11,1,1,1,115.0,69.0,115.0,166.67,115.0,11,7,1,1,1,36.23,26.09
428,11,4,1,1,71.0,42.0,71.0,169.05,71.0,6,3,1,0,1,19.05,21.43
428,11,5,2,2,41.0,33.0,20.5,124.24,34.0,6,1,0,0,2,42.42,21.21
428,11,6,1,1,77.0,64.0,77.0,120.31,77.0,6,2,1,0,1,31.25,12.5
428,11,7,1,1,40.0,35.0,40.0,114.29,40.0,5,1,0,0,1,45.71,17.14
428,11,8,1,2,77.0,45.0,77.0,171.11,77.0,8,3,1,0,3,26.67,24.44
428,3,9,1,1,4.0,6.0,4.0,66.67,4.0,0,0,0,0,1,33.33,0.0
428,3,10,1,1,10.0,13.0,10.0,76.92,10.0,2,0,0,0,1,69.23,15.38
428,17,1,2,2,113.0,85.0,56.5,132.94,74.0,13,3,1,0,1,30.59,18.82
428,17,3,1,1,2.0,9.0,2.0,22.22,2.0,0,0,0,0,1,77.78,0.0
428,17,4,2,2,83.0,57.0,41.5,145.61,79.0,7,5,1,0,1,36.84,21.05
428,17,5,2,2,34.0,27.0,17.0,125.93,26.0,4,1,0,0,2,33.33,18.52
428,17,6,2,2,14.0,11.0,7.0,127.27,8.0,3,0,0,0,2,54.55,27.27
428,17,10,1,1,20.0,17.0,20.0,117.65,20.0,3,0,0,0,1,41.18,17.65
428,15,6,1,1,18.0,20.0,18.0,90.0,18.0,3,0,0,0,1,55.0,15.0
428,15,8,1,1,1.0,4.0,1.0,25.0,1.0,0,0,0,0,1,75.0,0.0
428,15,9,1,1,40.0,34.0,40.0,117.65,40.0,3,2,0,0,1,41.18,14.71
428,15,10,1,1,84.0,50.0,84.0,168.0,84.0,14,2,1,0,1,32.0,32.0
719,6,12,2,2,12.0,16.0,6.0,75.0,10.0,0,1,0,0,2,56.25,6.25
719,6,18,1,1,0.0,4.0,0.0,0.0,0.0,0,0,0,0,1,100.0,0.0
719,10,18,1,1,43.0,34.0,43.0,126.47,43.0,1,3,0,0,1,29.41,11.76
719,13,12,1,1,2.0,2.0,2.0,100.0,2.0,0,0,0,0,0,0.0,0.0
719,9,15,1,1,28.0,40.0,28.0,70.0,28.0,1,1,0,0,1,50.0,5.0
719,18,18,2,2,60.0,41.0,30.0,146.34,38.0,4,3,0,0,2,26.83,17.07
719,5,18,3,3,70.0,41.0,23.33,170.73,28.0,6,4,0,0,4,26.83,24.39
719,12,18,1,1,46.0,28.0,46.0,164.29,46.0,4,3,0,0,2,35.71,25.0
719,11,12,2,2,22.0,11.0,11.0,200.0,11.0,1,2,0,0,2,27.27,27.27
719,11,15,1,1,5.0,10.0,5.0,50.0,5.0,0,0,0,0,1,40.0,0.0
719,11,18,1,1,7.0,3.0,7.0,233.33,7.0,0,1,0,0,1,33.33,33.33
719,17,12,1,1,28.0,13.0,28.0,215.38,28.0,1,3,0,0,0,23.08,30.77
719,8,18,1,1,30.0,18.0,30.0,166.67,30.0,1,3,0,0,0,33.33,22.22
719,15,12,1,1,9.0,12.0,9.0,75.0,9.0,0,1,0,0,1,66.67,8.33
719,15,18,1,1,35.0,16.0,35.0,218.75,35.0,6,1,0,0,0,25.0,43.75
54,12,18,1,1,22.0,16.0,22.0,137.5,22.0,0,2,0,0,1,31.25,12.5
600,6,17,1,1,5.0,5.0,5.0,100.0,5.0,1,0,0,0,0,40.0,20.0
600,10,17,1,1,1.0,1.0,1.0,100.0,1.0,0,0,0,0,0,0.0,0.0
600,18,17,1,1,0.0,1.0,0.0,0.0,0.0,0,0,0,0,0,100.0,0.0
600,5,18,1,1,1.0,3.0,1.0,33.33,1.0,0,0,0,0,0,66.67,0.0
600,8,18,1,1,1.0,1.0,1.0,100.0,1.0,0,0,0,0,0,0.0,0.0
200,6,15,2,2,42.0,29.0,21.0,144.83,41.0,4,0,0,0,2,20.69,13.79
200,6,16,1,1,12.0,10.0,12.0,120.0,12.0,0,1,0,0,1,20.0,10.0
200,6,17,2,2,25.0,24.0,12.5,104.17,18.0,1,1,0,0,2,33.33,8.33
200,10,13,1,1,1.0,1.0,1.0,100.0,1.0,0,0,0,0,0,0.0,0.0
200,10,15,1,1,32.0,21.0,32.0,152.38,32.0,3,1,0,0,0,14.29,19.05
200,10,16,1,1,20.0,12.0,20.0,166.67,20.0,3,0,0,0,0,0.0,25.0
200,10,17,1,1,59.0,29.0,59.0,203.45,59.0,2,5,1,0,1,10.34,24.14
200,10,18,1,1,9.0,8.0,9.0,112.5,9.0,1,0,0,0,1,25.0,12.5
200,1,15,1,1,2.0,2.0,2.0,100.0,2.0,0,0,0,0,0,0.0,0.0
200,1,17,1,1,22.0,20.0,22.0,110.0,22.0,1,1,0,0,1,35.0,10.0
200,9,14,1,1,13.0,14.0,13.0,92.86,13.0,1,0,0,0,1,35.71,7.14
200,9,15,1,1,27.0,20.0,27.0,135.0,27.0,0,3,0,0,1,45.0,15.0
200,9,16,2,2,3.0,10.0,1.5,30.0,2.0,0,0,0,0,2,60.0,0.0
200,9,17,3,3,24.0,13.0,8.0,184.62,16.0,1,3,0,0,3,61.54,30.77
200,18,15,1,1,26.0,22.0,26.0,118.18,26.0,1,0,0,0,0,9.09,4.55
200,5,14,2,2,2.0,5.0,1.0,40.0,1.0,0,0,0,0,2,60.0,0.0
200,5,17,1,1,10.0,12.0,10.0,83.33,10.0,0,0,0,0,1,33.33,0.0
200,12,14,2,2,16.0,15.0,8.0,106.67,8.0,1,1,0,0,2,40.0,13.33
200,12,15,1,1,9.0,14.0,9.0,64.29,9.0,0,0,0,0,1,50.0,0.0
200,12,16,1,1,5.0,3.0,5.0,166.67,5.0,0,0,0,0,0,0.0,0.0
200,12,17,2,2,17.0,13.0,8.5,130.77,14.0,1,1,0,0,1,30.77,15.38
200,11,15,3,3,74.0,61.0,24.67,121.31,45.0,5,5,0,0,3,45.9,16.39
200,11,16,1,1,2.0,4.0,2.0,50.0,2.0,0,0,0,0,1,50.0,0.0
200,11,17,1,1,18.0,18.0,18.0,100.0,18.0,0,1,0,0,1,44.44,5.56
200,8,17,1,1,40.0,37.0,40.0,108.11,40.0,1,1,0,0,0,24.32,5.41
200,15,14,2,2,28.0,19.0,14.0,147.37,14.0,2,1,0,0,2,26.32,15.79
200,15,15,1,1,7.0,12.0,7.0,58.33,7.0,1,0,0,0,1,66.67,8.33
700,6,1,2,2,21.0,8.0,10.5,262.5,20.0,2,2,0,0,1,37.5,50.0
700,2,1,2,2,35.0,21.0,17.5,166.67,33.0,3,2,0,0,2,38.1,23.81
700,13,1,1,1,13.0,7.0,13.0,185.71,13.0,1,1,0,0,1,28.57,28.57
700,5,1,1,1,0.0,1.0,0.0,0.0,0.0,0,0,0,0,1,100.0,0.0
700,11,1,2,2,11.0,7.0,5.5,157.14,10.0,1,1,0,0,2,57.14,28.57
700,17,1,1,1,1.0,2.0,1.0,50.0,1.0,0,0,0,0,1,50.0,0.0
743,6,5,1,1,11.0,7.0,11.0,157.14,11.0,1,0,0,0,0,14.29,14.29
743,6,7,2,2,46.0,22.0,23.0,209.09,46.0,6,2,0,0,1,22.73,36.36
743,6,11,4,4,67.0,50.0,16.75,134.0,24.0,7,2,0,0,3,36.0,18.0
743,6,14,1,1,0.0,1.0,0.0,0.0,0.0,0,0,0,0,1,100.0,0.0
743,10,14,1,1,0.0,2.0,0.0,0.0,0.0,0,0,0,0,1,100.0,0.0
743,2,5,1,1,1.0,3.0,1.0,33.33,1.0,0,0,0,0,1,66.67,0.0
743,2,7,1,1,30.0,22.0,30.0,136.36,30.0,2,1,0,0,0,18.18,13.64
743,14,9,2,2,69.0,57.0,34.5,121.05,66.0,4,4,1,0,1,35.09,14.04
743,14,10,1,1,1.0,1.0,1.0,100.0,1.0,0,0,0,0,0,0.0,0.0
743,13,5,1,1,4.0,8.0,4.0,50.0,4.0,0,0,0,0,1,37.5,0.0
743,13,7,2,2,30.0,23.0,15.0,130.43,18.0,4,0,0,0,2,34.78,17.39
743,13,9,1,1,11.0,15.0,11.0,73.33,11.0,1,0,0,0,1,53.33,6.67
743,13,11,2,2,52.0,41.0,26.0,126.83,28.0,4,2,0,0,1,31.71,14.63
743,4,4,1,1,2.0,5.0,2.0,40.0,2.0,0,0,0,0,1,60.0,0.0
743,9,11,3,3,65.0,52.0,21.67,125.0,28.0,8,1,0,0,2,36.54,17.31
743,5,4,2,2,27.0,17.0,13.5,158.82,26.0,4,0,0,0,1,17.65,23.53
743,5,5,1,1,13.0,12.0,13.0,108.33,13.0,1,0,0,0,1,16.67,8.33
743,5,7,2,2,10.0,10.0,5.0,100.0,9.0,1,0,0,0,2,40.0,10.0
743,5,8,1,1,23.0,15.0,23.0,153.33,23.0,3,0,0,0,1,26.67,20.0
743,5,9,1,1,6.0,4.0,6.0,150.0,6.0,1,0,0,0,1,25.0,25.0
743,5,11,2,2,14.0,16.0,7.0,87.5,12.0,1,0,0,0,1,37.5,6.25
743,5,14,1,1,9.0,9.0,9.0,100.0,9.0,1,0,0,0,1,22.22,11.11
743,7,5,1,1,42.0,30.0,42.0,140.0,42.0,3,2,0,0,1,26.67,16.67
743,11,5,1,1,16.0,10.0,16.0,160.0,16.0,1,1,0,0,1,20.0,20.0
743,11,7,2,3,52.0,34.0,26.0,152.94,31.0,4,1,0,0,2,11.76,14.71
743,11,8,1,1,13.0,11.0,13.0,118.18,13.0,2,0,0,0,1,36.36,18.18
743,11,11,1,1,6.0,6.0,6.0,100.0,6.0,1,0,0,0,1,50.0,16.67
743,11,12,1,1,9.0,10.0,9.0,90.0,9.0,0,0,0,0,1,20.0,0.0
743,3,9,1,1,3.0,9.0,3.0,33.33,3.0,0,0,0,0,1,66.67,0.0
743,17,5,1,1,4.0,4.0,4.0,100.0,4.0,0,0,0,0,1,25.0,0.0
743,17,7,1,1,60.0,38.0,60.0,157.89,60.0,5,3,1,0,1,28.95,21.05
743,17,8,1,1,0.0,1.0,0.0,0.0,0.0,0,0,0,0,1,100.0,0.0
743,17,9,1,1,18.0,11.0,18.0,163.64,18.0,1,1,0,0,0,9.09,18.18
743,17,11,1,1,35.0,32.0,35.0,109.38,35.0,5,0,0,0,1,40.62,15.62
743,17,14,2,2,35.0,31.0,17.5,112.9,26.0,2,1,0,0,1,22.58,9.68
743,15,7,1,1,1.0,5.0,1.0,20.0,1.0,0,0,0,0,1,60.0,0.0
743,15,9,1,1,7.0,10.0,7.0,70.0,7.0,0,0,0,0,1,40.0,0.0
743,15,14,1,1,3.0,5.0,3.0,60.0,3.0,0,0,0,0,1,40.0,0.0
258,6,15,1,1,15.0,14.0,15.0,107.14,15.0,1,0,0,0,1,35.71,7.14
258,6,17,2,2,52.0,46.0,26.0,113.04,27.0,5,1,0,0,1,39.13,13.04
258,6,18,2,2,75.0,48.0,37.5,156.25,52.0,3,5,1,0,1,25.0,16.67
258,10,15,1,1,10.0,6.0,10.0,166.67,10.0,2,0,0,0,1,33.33,33.33
258,10,17,1,1,0.0,1.0,0.0,0.0,0.0,0,0,0,0,1,100.0,0.0
258,10,18,1,1,11.0,10.0,11.0,110.0,11.0,0,0,0,0,1,10.0,0.0
258,1,15,1,1,25.0,6.0,25.0,416.67,25.0,1,3,0,0,0,0.0,66.67
258,1,17,2,2,69.0,41.0,34.5,168.29,61.0,6,4,1,0,1,24.39,24.39
258,1,18,1,1,44.0,16.0,44.0,275.0,44.0,6,2,0,0,0,6.25,50.0
258,9,15,1,1,11.0,12.0,11.0,91.67,11.0,1,0,0,0,1,41.67,8.33
258,9,17,1,1,68.0,28.0,68.0,242.86,68.0,2,8,1,0,0,25.0,35.71
258,9,18,1,1,18.0,17.0,18.0,105.88,18.0,1,1,0,0,1,41.18,11.76
258,18,17,1,1,9.0,7.0,9.0,128.57,9.0,1,0,0,0,0,0.0,14.29
258,18,18,1,1,33.0,15.0,33.0,220.0,33.0,4,1,0,0,0,6.67,33.33
258,5,17,1,1,41.0,25.0,41.0,164.0,41.0,2,3,0,0,1,20.0,20.0
258,5,18,1,1,2.0,3.0,2.0,66.67,2.0,0,0,0,0,1,33.33,0.0
258,11,17,2,2,9.0,11.0,4.5,81.82,9.0,1,0,0,0,2,45.45,9.09
258,11,18,2,2,69.0,43.0,34.5,160.47,59.0,5,3,1,0,0,20.93,18.6
258,17,15,1,1,8.0,9.0,8.0,88.89,8.0,0,1,0,0,1,55.56,11.11
258,8,17,2,2,58.0,27.0,29.0,214.81,37.0,5,4,0,0,0,14.81,33.33
258,8,18,4,4,96.0,73.0,24.0,131.51,61.0,4,6,1,0,2,30.14,13.7
258,15,17,2,2,48.0,29.0,24.0,165.52,46.0,6,1,0,0,1,17.24,24.14
258,15,18,1,1,2.0,3.0,2.0,66.67,2.0,0,0,0,0,1,33.33,0.0
696,6,13,1,1,0.0,1.0,0.0,0.0,0.0,0,0,0,0,1,100.0,0.0
696,6,14,1,1,20.0,13.0,20.0,153.85,20.0,1,2,0,0,1,46.15,23.08
696,10,13,1,1,1.0,3.0,1.0,33.33,1.0,0,0,0,0,0,33.33,0.0
696,2,11,1,1,0.0,3.0,0.0,0.0,0.0,0,0,0,0,1,100.0,0.0
696,1,15,1,1,2.0,4.0,2.0,50.0,2.0,0,0,0,0,1,50.0,0.0
696,18,15,1,1,1.0,2.0,1.0,50.0,1.0,0,0,0,0,0,50.0,0.0
696,5,13,1,1,9.0,10.0,9.0,90.0,9.0,1,0,0,0,1,50.0,10.0
696,11,14,1,1,5.0,7.0,5.0,71.43,5.0,1,0,0,0,1,71.43,14.29
696,11,15,1,1,0.0,1.0,0.0,0.0,0.0,0,0,0,0,1,100.0,0.0
696,15,11,2,2,13.0,12.0,6.5,108.33,7.0,1,0,0,0,2,33.33,8.33
651,5,7,1,1,1.0,1.0,1.0,100.0,1.0,0,0,0,0,0,0.0,0.0
651,17,7,1,1,4.0,2.0,4.0,200.0,4.0,1,0,0,0,1,50.0,50.0
125,15,17,1,1,2.0,3.0,2.0,66.67,2.0,0,0,0,0,0,33.33,0.0
177,6,2,1,1,1.0,2.0,1.0,50.0,1.0,0,0,0,0,0,50.0,0.0
177,2,2,2,2,0.0,4.0,0.0,0.0,0.0,0,0,0,0,2,100.0,0.0
676,5,1,1,1,2.0,7.0,2.0,28.57,2.0,0,0,0,0,1,71.43,0.0
668,6,1,1,1,2.0,3.0,2.0,66.67,2.0,0,0,0,0,1,33.33,0.0
668,13,1,2,2,20.0,18.0,10.0,111.11,19.0,3,0,0,0,1,38.89,16.67
668,5,1,1,1,24.0,22.0,24.0,109.09,24.0,1,0,0,0,1,18.18,4.55
668,17,1,1,1,6.0,4.0,6.0,150.0,6.0,1,0,0,0,1,25.0,25.0
49,6,11,1,1,57.0,36.0,57.0,158.33,57.0,6,2,1,0,0,30.56,22.22
49,6,12,2,2,24.0,32.0,12.0,75.0,15.0,0,0,0,0,2,37.5,0.0
49,6,13,2,2,37.0,29.0,18.5,127.59,26.0,5,0,0,0,2,24.14,17.24
49,6,14,3,3,60.0,49.0,20.0,122.45,51.0,8,0,1,0,3,34.69,16.33
49,6,15,2,2,18.0,18.0,9.0,100.0,18.0,3,0,0,0,2,50.0,16.67
49,6,16,3,3,144.0,94.0,48.0,153.19,63.0,17,4,1,0,3,28.72,22.34
49,6,17,2,2,112.0,60.0,56.0,186.67,104.0,9,7,1,1,2,20.0,26.67
49,6,18,1,1,13.0,9.0,13.0,144.44,13.0,1,1,0,0,1,44.44,22.22
49,10,12,2,2,69.0,44.0,34.5,156.82,65.0,7,2,1,0,2,22.73,20.45
49,10,13,2,2,37.0,30.0,18.5,123.33,28.0,4,1,0,0,2,36.67,16.67
49,10,14,3,3,119.0,117.0,39.67,101.71,46.0,5,4,0,0,3,35.04,7.69
49,10,15,1,1,84.0,46.0,84.0,182.61,84.0,6,4,1,0,1,13.04,21.74
49,10,16,2,2,20.0,20.0,10.0,100.0,14.0,4,0,0,0,2,65.0,20.0
49,10,17,2,2,14.0,11.0,7.0,127.27,8.0,3,0,0,0,2,54.55,27.27
49,10,18,2,2,100.0,58.0,50.0,172.41,93.0,4,7,1,0,1,17.24,18.97
49,2,11,2,2,43.0,34.0,21.5,126.47,37.0,4,1,0,0,1,23.53,14.71
49,13,11,2,2,30.0,16.0,15.0,187.5,16.0,5,0,0,0,0,12.5,31.25
49,13,12,1,1,65.0,49.0,65.0,132.65,65.0,5,2,1,0,0,26.53,14.29
49,13,13,2,2,114.0,92.0,57.0,123.91,57.0,8,4,2,0,3,35.87,13.04
49,9,15,1,1,7.0,5.0,7.0,140.0,7.0,1,0,0,0,1,40.0,20.0
49,9,16,2,2,88.0,66.0,44.0,133.33,49.0,13,0,0,0,2,25.76,19.7
49,9,18,1,1,90.0,55.0,90.0,163.64,90.0,10,3,1,0,1,23.64,23.64
49,18,15,2,2,63.0,52.0,31.5,121.15,63.0,7,0,1,0,1,21.15,13.46
49,18,16,2,2,94.0,53.0,47.0,177.36,94.0,2,7,1,0,1,13.21,16.98
49,18,17,1,1,19.0,21.0,19.0,90.48,19.0,2,0,0,0,1,47.62,9.52
49,18,18,2,2,95.0,58.0,47.5,163.79,60.0,13,1,1,0,2,24.14,24.14
49,5,11,1,1,7.0,5.0,7.0,140.0,7.0,1,0,0,0,1,20.0,20.0
49,5,12,2,2,85.0,61.0,42.5,139.34,76.0,6,4,1,0,2,29.51,16.39
49,5,13,2,2,28.0,34.0,14.0,82.35,21.0,3,0,0,0,2,52.94,8.82
49,5,14,2,2,46.0,33.0,23.0,139.39,33.0,6,2,0,0,2,48.48,24.24
49,5,15,1,1,52.0,36.0,52.0,144.44,52.0,6,2,1,0,1,36.11,22.22
49,5,16,3,3,191.0,103.0,63.67,185.44,129.0,14,11,2,1,3,21.36,24.27
49,5,17,1,1,31.0,22.0,31.0,140.91,31.0,3,1,0,0,1,40.91,18.18
49,5,18,3,3,82.0,75.0,27.33,109.33,43.0,7,2,0,0,3,40.0,12.0
49,12,14,2,2,16.0,15.0,8.0,106.67,9.0,3,0,0,0,2,53.33,20.0
49,12,15,2,2,105.0,65.0,52.5,161.54,96.0,13,1,1,0,2,21.54,21.54
49,12,16,1,1,67.0,49.0,67.0,136.73,67.0,7,1,1,0,1,24.49,16.33
49,12,17,2,2,124.0,77.0,62.0,161.04,89.0,11,4,1,0,1,20.78,19.48
49,12,18,1,1,33.0,14.0,33.0,235.71,33.0,2,3,0,0,1,28.57,35.71
49,11,11,1,1,28.0,17.0,28.0,164.71,28.0,3,1,0,0,1,23.53,23.53
49,11,12,2,2,20.0,24.0,10.0,83.33,14.0,2,0,0,0,1,41.67,8.33
49,11,13,2,2,83.0,58.0,41.5,143.1,47.0,11,1,0,0,2,31.03,20.69
49,11,14,2,2,67.0,63.0,33.5,106.35,56.0,5,2,1,0,2,42.86,11.11
49,11,15,3,3,93.0,78.0,31.0,119.23,45.0,10,2,0,0,3,35.9,15.38
49,11,16,2,2,81.0,69.0,40.5,117.39,45.0,10,1,0,0,3,37.68,15.94
49,11,17,1,1,72.0,44.0,72.0,163.64,72.0,6,2,1,0,1,15.91,18.18
49,11,18,2,2,86.0,53.0,43.0,162.26,84.0,5,4,1,0,2,18.87,16.98
49,17,11,1,1,5.0,2.0,5.0,250.0,5.0,1,0,0,0,0,0.0,50.0
49,17,12,2,2,12.0,14.0,6.0,85.71,9.0,1,0,0,0,1,50.0,7.14
49,17,13,2,2,35.0,31.0,17.5,112.9,34.0,3,1,0,0,1,32.26,12.9
49,17,14,3,3,98.0,61.0,32.67,160.66,48.0,12,3,0,0,3,29.51,24.59
49,17,15,2,2,32.0,32.0,16.0,100.0,31.0,3,1,0,0,2,43.75,12.5
49,17,16,1,1,104.0,52.0,104.0,200.0,104.0,5,8,1,1,0,17.31,25.0
49,8,17,2,2,18.0,26.0,9.0,69.23,16.0,1,0,0,0,2,46.15,3.85
49,8,18,1,1,14.0,14.0,14.0,100.0,14.0,1,1,0,0,1,57.14,14.29
49,15,11,2,2,33.0,29.0,16.5,113.79,30.0,2,1,0,0,2,31.03,10.34
49,15,12,2,2,21.0,14.0,10.5,150.0,18.0,0,2,0,0,1,28.57,14.29
49,15,13,2,2,106.0,99.0,53.0,107.07,70.0,10,2,1,0,1,37.37,12.12
49,15,14,2,2,72.0,64.0,36.0,112.5,57.0,11,1,1,0,2,51.56,18.75
49,15,15,2,2,29.0,33.0,14.5,87.88,22.0,2,1,0,0,2,48.48,9.09
49,15,16,1,1,101.0,58.0,101.0,174.14,101.0,13,1,1,1,1,18.97,24.14
49,15,17,1,1,36.0,28.0,36.0,128.57,36.0,2,1,0,0,1,28.57,10.71
49,15,18,2,2,137.0,81.0,68.5,169.14,76.0,19,2,2,0,0,18.52,25.93
84,6,16,1,1,13.0,7.0,13.0,185.71,13.0,1,0,0,0,0,14.29,14.29
84,10,16,1,1,11.0,7.0,11.0,157.14,11.0,0,1,0,0,0,28.57,14.29
84,1,17,1,1,15.0,16.0,15.0,93.75,15.0,0,0,0,0,1,31.25,0.0
84,9,16,1,1,16.0,13.0,16.0,123.08,16.0,1,1,0,0,1,38.46,15.38
84,18,16,2,2,93.0,63.0,46.5,147.62,57.0,8,4,1,0,2,36.51,19.05
84,11,16,1,1,1.0,2.0,1.0,50.0,1.0,0,0,0,0,1,50.0,0.0
84,15,16,1,1,5.0,6.0,5.0,83.33,5.0,0,0,0,0,1,50.0,0.0
84,15,17,1,1,28.0,22.0,28.0,127.27,28.0,2,2,0,0,1,45.45,18.18
281,1,18,1,1,0.0,2.0,0.0,0.0,0.0,0,0,0,0,1,100.0,0.0
281,9,18,1,1,0.0,1.0,0.0,0.0,0.0,0,0,0,0,1,100.0,0.0
281,18,18,1,1,3.0,4.0,3.0,75.0,3.0,0,0,0,0,0,25.0,0.0
281,5,15,1,1,2.0,3.0,2.0,66.67,2.0,0,0,0,0,1,66.67,0.0
281,11,15,1,1,3.0,3.0,3.0,100.0,3.0,0,0,0,0,0,33.33,0.0
281,17,15,1,1,2.0,2.0,2.0,100.0,2.0,0,0,0,0,0,0.0,0.0
19,5,3,1,1,1.0,1.0,1.0,100.0,1.0,0,0,0,0,0,0.0,0.0
19,5,4,1,1,3.0,2.0,3.0,150.0,3.0,0,0,0,0,0,0.0,0.0
19,7,4,1,1,1.0,1.0,1.0,100.0,1.0,0,0,0,0,0,0.0,0.0
19,11,3,1,1,0.0,1.0,0.0,0.0,0.0,0,0,0,0,1,100.0,0.0
230,16,1,2,2,86.0,64.0,43.0,134.38,54.0,10,2,1,0,1,28.12,18.75
230,16,2,2,2,57.0,38.0,28.5,150.0,32.0,2,4,0,0,2,28.95,15.79
230,16,3,3,3,60.0,49.0,20.0,122.45,52.0,4,3,1,0,4,34.69,14.29
230,16,4,1,1,59.0,35.0,59.0,168.57,59.0,6,2,1,0,1,20.0,22.86
230,16,5,2,2,48.0,36.0,24.0,133.33,32.0,5,2,0,0,2,38.89,19.44
230,10,12,3,3,100.0,66.0,33.33,151.52,59.0,12,2,1,0,3,21.21,21.21
230,10,14,1,1,54.0,36.0,54.0,150.0,54.0,3,4,1,0,0,33.33,19.44
230,2,1,2,2,4.0,6.0,2.0,66.67,3.0,0,0,0,0,1,33.33,0.0
230,2,2,2,2,73.0,48.0,36.5,152.08,41.0,7,3,0,0,2,29.17,20.83
230,2,3,2,2,64.0,53.0,32.0,120.75,49.0,5,3,0,0,1,37.74,15.09
230,2,4,1,1,14.0,10.0,14.0,140.0,14.0,1,1,0,0,1,50.0,20.0
230,2,5,3,3,72.0,53.0,24.0,135.85,28.0,4,5,0,0,2,41.51,16.98
230,2,6,2,2,37.0,43.0,18.5,86.05,30.0,5,0,0,0,2,53.49,11.63
230,2,7,2,2,103.0,68.0,51.5,151.47,56.0,11,2,1,0,1,26.47,19.12
230,2,8,2,2,15.0,15.0,7.5,100.0,11.0,1,0,0,0,2,46.67,6.67
230,2,9,2,2,26.0,25.0,13.0,104.0,24.0,1,1,0,0,2,32.0,8.0
230,2,10,2,2,83.0,48.0,41.5,172.92,77.0,6,4,1,0,2,20.83,20.83
230,2,11,2,2,16.0,20.0,8.0,80.0,15.0,1,0,0,0,2,35.0,5.0
230,13,1,3,3,113.0,64.0,37.67,176.56,55.0,10,7,1,0,2,31.25,26.56
230,13,2,2,2,52.0,41.0,26.0,126.83,32.0,6,1,0,0,2,29.27,17.07
230,13,3,2,3,69.0,41.0,34.5,168.29,46.0,5,5,0,0,2,29.27,24.39
230,13,4,1,1,0.0,1.0,0.0,0.0,0.0,0,0,0,0,1,100.0,0.0
230,13,5,2,2,32.0,30.0,16.0,106.67,17.0,1,2,0,0,2,40.0,10.0
230,13,6,1,1,100.0,53.0,100.0,188.68,100.0,7,6,1,1,0,18.87,24.53
230,13,7,3,3,146.0,71.0,48.67,205.63,87.0,17,7,1,0,2,26.76,33.8
230,13,8,2,2,70.0,60.0,35.0,116.67,41.0,8,0,0,0,0,26.67,13.33
230,13,9,2,2,38.0,24.0,19.0,158.33,20.0,3,3,0,0,2,50.0,25.0
230,13,10,2,2,71.0,49.0,35.5,144.9,39.0,8,1,0,0,2,20.41,18.37
230,13,11,1,1,61.0,48.0,61.0,127.08,61.0,4,2,1,0,0,27.08,12.5
230,13,12,2,2,70.0,58.0,35.0,120.69,53.0,6,2,1,0,2,29.31,13.79
230,4,4,2,2,69.0,53.0,34.5,130.19,50.0,6,3,1,0,2,37.74,16.98
230,9,2,1,1,52.0,36.0,52.0,144.44,52.0,3,3,1,0,1,30.56,16.67
230,9,3,2,2,96.0,59.0,48.0,162.71,78.0,13,3,1,0,1,32.2,27.12
230,9,4,2,2,37.0,38.0,18.5,97.37,33.0,4,0,0,0,2,36.84,10.53
230,9,5,3,3,125.0,82.0,41.67,152.44,73.0,8,6,1,0,3,28.05,17.07
230,9,6,2,2,51.0,33.0,25.5,154.55,44.0,5,1,0,0,1,18.18,18.18
230,9,7,2,2,96.0,77.0,48.0,124.68,65.0,7,6,1,0,2,46.75,16.88
230,9,8,2,2,25.0,31.0,12.5,80.65,17.0,4,1,0,0,3,70.97,16.13
230,9,9,2,2,67.0,54.0,33.5,124.07,53.0,8,1,1,0,2,31.48,16.67
230,9,10,2,2,152.0,97.0,76.0,156.7,84.0,16,4,2,0,1,16.49,20.62
230,9,11,2,2,45.0,38.0,22.5,118.42,31.0,4,1,0,0,2,28.95,13.16
230,9,12,2,2,72.0,55.0,36.0,130.91,58.0,8,2,1,0,1,34.55,18.18
230,9,14,1,1,11.0,7.0,11.0,157.14,11.0,1,0,0,0,0,0.0,14.29
230,5,1,2,2,54.0,43.0,27.0,125.58,53.0,3,3,1,0,2,34.88,13.95
230,5,2,2,2,28.0,21.0,14.0,133.33,20.0,3,2,0,0,2,61.9,23.81
230,5,3,3,3,163.0,105.0,54.33,155.24,83.0,12,7,2,0,2,21.9,18.1
230,5,4,1,1,5.0,4.0,5.0,125.0,5.0,1,0,0,0,1,50.0,25.0
230,5,5,3,3,72.0,48.0,24.0,150.0,36.0,5,3,0,0,3,22.92,16.67
230,5,6,4,4,92.0,51.0,23.0,180.39,82.0,6,5,1,0,3,19.61,21.57
230,5,7,3,3,74.0,48.0,24.67,154.17,54.0,7,2,1,0,2,22.92,18.75
230,5,8,4,4,106.0,78.0,26.5,135.9,43.0,8,5,0,0,3,30.77,16.67
230,5,9,2,2,85.0,58.0,42.5,146.55,58.0,11,3,1,0,2,36.21,24.14
230,5,10,2,2,29.0,32.0,14.5,90.62,28.0,2,0,0,0,2,31.25,6.25
230,5,11,2,2,79.0,53.0,39.5,149.06,75.0,6,4,1,0,1,28.3,18.87
230,5,12,4,4,31.0,40.0,7.75,77.5,16.0,3,1,0,0,4,57.5,10.0
230,5,14,2,2,6.0,10.0,3.0,60.0,4.0,1,0,0,0,2,70.0,10.0
230,7,4,2,2,36.0,29.0,18.0,124.14,34.0,1,2,0,0,1,31.03,10.34
230,7,5,2,2,20.0,21.0,10.0,95.24,20.0,2,0,0,0,2,28.57,9.52
230,7,6,2,2,71.0,60.0,35.5,118.33,63.0,6,1,1,0,1,25.0,11.67
230,12,14,1,1,8.0,9.0,8.0,88.89,8.0,1,0,0,0,1,55.56,11.11
230,11,1,3,3,115.0,81.0,38.33,141.98,45.0,9,4,0,0,3,25.93,16.05
230,11,2,2,2,111.0,66.0,55.5,168.18,98.0,11,6,1,0,2,31.82,25.76
230,11,3,2,2,27.0,19.0,13.5,142.11,14.0,3,0,0,0,2,26.32,15.79
230,11,4,2,2,104.0,78.0,52.0,133.33,61.0,9,1,1,0,2,28.21,12.82
230,11,5,2,2,49.0,41.0,24.5,119.51,26.0,8,0,0,0,2,39.02,19.51
230,11,6,2,2,52.0,37.0,26.0,140.54,51.0,4,2,1,0,2,18.92,16.22
230,11,7,2,2,6.0,12.0,3.0,50.0,4.0,0,0,0,0,2,58.33,0.0
230,11,8,2,2,7.0,14.0,3.5,50.0,4.0,0,0,0,0,2,64.29,0.0
230,11,11,2,2,98.0,64.0,49.0,153.12,52.0,15,1,1,0,2,26.56,25.0
230,11,12,2,2,40.0,36.0,20.0,111.11,36.0,5,1,0,0,2,44.44,16.67
230,11,14,2,2,21.0,20.0,10.5,105.0,18.0,1,1,0,0,2,40.0,10.0
230,3,9,2,2,58.0,52.0,29.0,111.54,34.0,3,0,0,0,2,23.08,5.77
230,3,10,2,2,43.0,30.0,21.5,143.33,35.0,4,1,0,0,1,30.0,16.67
230,17,1,2,2,49.0,37.0,24.5,132.43,28.0,3,2,0,0,0,21.62,13.51
230,17,2,3,3,61.0,58.0,20.33,105.17,28.0,5,2,0,0,4,39.66,12.07
230,17,3,2,2,49.0,41.0,24.5,119.51,40.0,3,2,0,0,1,24.39,12.2
230,17,4,4,4,114.0,77.0,28.5,148.05,73.0,8,8,1,0,3,35.06,20.78
230,17,5,1,1,23.0,14.0,23.0,164.29,23.0,3,1,0,0,1,35.71,28.57
230,17,6,2,2,30.0,23.0,15.0,130.43,30.0,5,0,0,0,2,34.78,21.74
230,17,7,2,2,80.0,66.0,40.0,121.21,62.0,8,1,1,0,1,28.79,13.64
230,17,8,3,3,114.0,80.0,38.0,142.5,62.0,9,7,2,0,3,38.75,20.0
230,17,9,2,2,29.0,33.0,14.5,87.88,28.0,3,0,0,0,2,39.39,9.09
230,17,10,2,2,57.0,38.0,28.5,150.0,34.0,6,3,0,0,1,28.95,23.68
230,17,11,2,2,36.0,30.0,18.0,120.0,25.0,4,1,0,0,2,46.67,16.67
230,17,12,2,2,19.0,22.0,9.5,86.36,19.0,3,0,0,0,2,54.55,13.64
230,17,14,2,2,41.0,28.0,20.5,146.43,24.0,3,4,0,0,1,53.57,25.0
230,15,6,2,2,115.0,65.0,57.5,176.92,99.0,12,3,1,0,1,13.85,23.08
230,15,7,2,2,18.0,17.0,9.0,105.88,14.0,1,1,0,0,2,41.18,11.76
230,15,8,2,2,37.0,27.0,18.5,137.04,23.0,1,3,0,0,2,33.33,14.81
230,15,9,3,3,96.0,66.0,32.0,145.45,75.0,10,2,1,0,3,21.21,18.18
230,15,10,2,2,7.0,13.0,3.5,53.85,5.0,0,0,0,0,2,46.15,0.0
230,15,11,4,4,110.0,83.0,27.5,132.53,54.0,12,3,1,0,3,31.33,18.07
230,15,12,2,2,51.0,37.0,25.5,137.84,38.0,8,1,0,0,2,37.84,24.32
230,15,14,2,2,19.0,18.0,9.5,105.56,17.0,3,0,0,0,1,44.44,16.67
261,18,18,1,1,27.0,19.0,27.0,142.11,27.0,6,0,0,0,1,52.63,31.58
261,5,18,1,1,19.0,20.0,19.0,95.0,19.0,1,0,0,0,1,40.0,5.0
261,12,18,1,1,11.0,12.0,11.0,91.67,11.0,1,1,0,0,1,75.0,16.67
261,8,18,1,1,14.0,11.0,14.0,127.27,14.0,1,1,0,0,1,45.45,18.18
261,15,18,1,1,0.0,1.0,0.0,0.0,0.0,0,0,0,0,1,100.0,0.0
714,6,2,1,1,2.0,3.0,2.0,66.67,2.0,0,0,0,0,1,33.33,0.0
714,16,2,1,1,1.0,5.0,1.0,20.0,1.0,0,0,0,0,1,80.0,0.0
714,16,3,1,1,9.0,6.0,9.0,150.0,9.0,2,0,0,0,1,50.0,33.33
714,2,1,2,2,4.0,9.0,2.0,44.44,3.0,0,0,0,0,0,55.56,0.0
714,2,2,1,1,6.0,10.0,6.0,60.0,6.0,0,0,0,0,0,40.0,0.0
714,2,3,1,1,7.0,5.0,7.0,140.0,7.0,0,1,0,0,0,60.0,20.0
714,9,3,1,1,4.0,2.0,4.0,200.0,4.0,1,0,0,0,1,50.0,50.0
714,9,4,1,1,0.0,2.0,0.0,0.0,0.0,0,0,0,0,1,100.0,0.0
714,5,1,1,1,1.0,3.0,1.0,33.33,1.0,0,0,0,0,1,66.67,0.0
714,5,5,1,1,5.0,6.0,5.0,83.33,5.0,0,0,0,0,0,50.0,0.0
714,17,3,1,1,0.0,1.0,0.0,0.0,0.0,0,0,0,0,1,100.0,0.0
714,17,6,1,1,3.0,6.0,3.0,50.0,3.0,0,0,0,0,1,66.67,0.0
714,15,6,1,1,0.0,1.0,0.0,0.0,0.0,0,0,0,0,0,100.0,0.0
536,6,1,1,1,9.0,9.0,9.0,100.0,9.0,1,0,0,0,1,22.22,11.11
536,6,2,2,2,24.0,20.0,12.0,120.0,21.0,2,1,0,0,1,35.0,15.0
536,6,4,1,1,0.0,2.0,0.0,0.0,0.0,0,0,0,0,1,100.0,0.0
536,16,1,1,1,22.0,9.0,22.0,244.44,22.0,2,2,0,0,1,33.33,44.44
536,16,2,2,2,21.0,18.0,10.5,116.67,21.0,0,2,0,0,2,38.89,11.11
536,16,3,1,1,1.0,4.0,1.0,25.0,1.0,0,0,0,0,0,75.0,0.0
536,2,1,3,3,25.0,26.0,8.33,96.15,14.0,3,0,0,0,3,50.0,11.54
536,2,2,2,2,6.0,5.0,3.0,120.0,6.0,0,1,0,0,2,80.0,20.0
536,2,3,1,1,0.0,1.0,0.0,0.0,0.0,0,0,0,0,1,100.0,0.0
536,13,2,1,1,34.0,33.0,34.0,103.03,34.0,3,0,0,0,0,27.27,9.09
536,13,4,1,1,5.0,3.0,5.0,166.67,5.0,1,0,0,0,0,33.33,33.33
536,4,4,1,1,2.0,9.0,2.0,22.22,2.0,0,0,0,0,1,77.78,0.0
536,9,1,1,1,7.0,8.0,7.0,87.5,7.0,0,0,0,0,1,12.5,0.0
536,9,2,2,2,20.0,31.0,10.0,64.52,18.0,1,0,0,0,1,48.39,3.23
536,9,3,2,2,4.0,6.0,2.0,66.67,3.0,0,0,0,0,1,50.0,0.0
536,9,4,1,1,3.0,6.0,3.0,50.0,3.0,0,0,0,0,0,50.0,0.0
536,5,1,1,1,7.0,7.0,7.0,100.0,7.0,1,0,0,0,1,42.86,14.29
536,5,3,1,1,1.0,1.0,1.0,100.0,1.0,0,0,0,0,0,0.0,0.0
536,17,2,1,1,3.0,9.0,3.0,33.33,3.0,0,0,0,0,1,77.78,0.0
536,17,3,1,1,4.0,7.0,4.0,57.14,4.0,0,0,0,0,1,57.14,0.0
386,6,3,1,1,1.0,1.0,1.0,100.0,1.0,0,0,0,0,0,0.0,0.0
386,6,5,2,2,17.0,17.0,8.5,100.0,17.0,1,1,0,0,2,41.18,11.76
386,6,6,2,2,0.0,4.0,0.0,0.0,0.0,0,0,0,0,2,100.0,0.0
386,2,5,1,1,11.0,13.0,11.0,84.62,11.0,1,0,0,0,1,38.46,7.69
386,2,8,1,1,6.0,10.0,6.0,60.0,6.0,1,0,0,0,0,60.0,10.0
386,14,10,1,1,0.0,1.0,0.0,0.0,0.0,0,0,0,0,1,100.0,0.0
386,13,6,1,1,1.0,1.0,1.0,100.0,1.0,0,0,0,0,0,0.0,0.0
386,9,5,1,1,8.0,6.0,8.0,133.33,8.0,0,1,0,0,1,50.0,16.67
386,7,5,2,2,19.0,17.0,9.5,111.76,14.0,2,1,0,0,1,47.06,17.65
386,11,2,1,1,0.0,1.0,0.0,0.0,0.0,0,0,0,0,1,100.0,0.0
386,11,4,1,1,1.0,4.0,1.0,25.0,1.0,0,0,0,0,1,75.0,0.0
386,11,6,2,2,8.0,12.0,4.0,66.67,7.0,1,0,0,0,1,66.67,8.33
386,3,10,1,1,7.0,2.0,7.0,350.0,7.0,0,1,0,0,0,0.0,50.0
386,17,4,1,1,7.0,5.0,7.0,140.0,7.0,0,1,0,0,1,60.0,20.0
386,17,6,1,1,0.0,1.0,0.0,0.0,0.0,0,0,0,0,0,100.0,0.0
386,17,7,1,1,2.0,4.0,2.0,50.0,2.0,0,0,0,0,0,50.0,0.0
106,6,12,2,2,6.0,8.0,3.0,75.0,6.0,1,0,0,0,0,62.5,12.5
106,6,16,1,1,29.0,20.0,29.0,145.0,29.0,1,1,0,0,1,25.0,10.0
106,6,17,2,2,33.0,31.0,16.5,106.45,26.0,3,0,0,0,1,29.03,9.68
106,10,12,2,2,20.0,14.0,10.0,142.86,20.0,3,1,0,0,2,64.29,28.57
106,10,13,2,2,1.0,5.0,0.5,20.0,1.0,0,0,0,0,1,80.0,0.0
106,10,14,1,1,34.0,15.0,34.0,226.67,34.0,4,2,0,0,1,20.0,40.0
106,10,16,2,2,31.0,29.0,15.5,106.9,20.0,2,1,0,0,2,31.03,10.34
106,10,17,1,1,63.0,47.0,63.0,134.04,63.0,6,1,1,0,1,23.4,14.89
106,1,16,1,1,22.0,22.0,22.0,100.0,22.0,1,1,0,0,1,45.45,9.09
106,1,17,2,2,25.0,27.0,12.5,92.59,20.0,2,0,0,0,2,33.33,7.41
106,9,12,1,1,55.0,24.0,55.0,229.17,55.0,7,2,1,0,0,16.67,37.5
106,9,13,2,2,30.0,25.0,15.0,120.0,17.0,2,1,0,0,1,32.0,12.0
106,9,14,1,1,4.0,4.0,4.0,100.0,4.0,0,0,0,0,1,25.0,0.0
106,9,16,2,2,30.0,26.0,15.0,115.38,26.0,0,2,0,0,1,38.46,7.69
106,18,16,2,2,27.0,17.0,13.5,158.82,21.0,3,1,0,0,2,35.29,23.53
106,18,17,1,1,0.0,1.0,0.0,0.0,0.0,0,0,0,0,1,100.0,0.0
106,5,12,1,1,8.0,3.0,8.0,266.67,8.0,2,0,0,0,1,33.33,66.67
106,5,13,2,2,70.0,53.0,35.0,132.08,52.0,5,4,1,0,2,39.62,16.98
106,5,16,1,1,55.0,29.0,55.0,189.66,55.0,5,4,1,0,1,31.03,31.03
106,5,17,1,1,6.0,7.0,6.0,85.71,6.0,1,0,0,0,1,42.86,14.29
106,5,18,1,1,4.0,9.0,4.0,44.44,4.0,0,0,0,0,1,55.56,0.0
106,12,14,1,1,5.0,4.0,5.0,125.0,5.0,1,0,0,0,0,50.0,25.0
106,12,18,1,1,88.0,47.0,88.0,187.23,88.0,9,4,1,0,1,19.15,27.66
106,11,13,2,2,39.0,31.0,19.5,125.81,22.0,2,3,0,0,2,45.16,16.13
106,11,14,1,1,13.0,6.0,13.0,216.67,13.0,0,1,0,0,1,0.0,16.67
106,11,16,2,2,50.0,33.0,25.0,151.52,49.0,4,2,0,0,0,18.18,18.18
106,11,17,2,2,69.0,51.0,34.5,135.29,63.0,5,3,1,0,1,27.45,15.69
106,17,12,1,1,1.0,3.0,1.0,33.33,1.0,0,0,0,0,1,66.67,0.0
106,17,13,1,1,0.0,1.0,0.0,0.0,0.0,0,0,0,0,1,100.0,0.0
106,17,16,1,1,10.0,12.0,10.0,83.33,10.0,1,0,0,0,1,41.67,8.33
106,8,17,2,2,45.0,33.0,22.5,136.36,23.0,5,0,0,0,3,24.24,15.15
106,8,18,2,2,13.0,18.0,6.5,72.22,8.0,1,0,0,0,2,50.0,5.56
106,15,12,1,1,5.0,3.0,5.0,166.67,5.0,0,0,0,0,0,0.0,0.0
106,15,13,2,2,46.0,26.0,23.0,176.92,31.0,3,4,0,0,1,42.31,26.92
106,15,16,1,1,22.0,15.0,22.0,146.67,22.0,3,1,0,0,1,46.67,26.67
106,15,17,1,1,29.0,22.0,29.0,131.82,29.0,2,2,0,0,1,45.45,18.18
106,15,18,1,1,9.0,10.0,9.0,90.0,9.0,1,0,0,0,1,30.0,10.0
276,6,2,1,1,6.0,7.0,6.0,85.71,6.0,0,0,0,0,0,14.29,0.0
276,16,2,1,1,3.0,7.0,3.0,42.86,3.0,0,0,0,0,0,42.86,0.0
98,6,1,1,1,21.0,17.0,21.0,123.53,21.0,0,1,0,0,0,5.88,5.88
98,6,2,2,2,58.0,38.0,29.0,152.63,50.0,4,4,1,0,2,42.11,21.05
98,16,2,2,2,20.0,21.0,10.0,95.24,11.0,3,0,0,0,3,42.86,14.29
98,2,1,1,1,75.0,52.0,75.0,144.23,75.0,11,1,1,0,1,40.38,23.08
98,2,2,1,1,20.0,10.0,20.0,200.0,20.0,3,1,0,0,1,40.0,40.0
98,9,2,1,1,34.0,28.0,34.0,121.43,34.0,3,1,0,0,1,35.71,14.29
98,5,2,1,1,0.0,2.0,0.0,0.0,0.0,0,0,0,0,1,100.0,0.0
98,11,2,1,1,10.0,13.0,10.0,76.92,10.0,2,0,0,0,1,61.54,15.38
98,17,2,1,1,3.0,5.0,3.0,60.0,3.0,0,0,0,0,0,40.0,0.0
55,6,1,1,1,17.0,15.0,17.0,113.33,17.0,0,1,0,0,1,20.0,6.67
55,16,1,1,1,31.0,31.0,31.0,100.0,31.0,3,1,0,0,1,41.94,12.9
55,2,1,2,2,49.0,30.0,24.5,163.33,33.0,4,3,0,0,2,30.0,23.33
55,13,1,2,2,22.0,22.0,11.0,100.0,22.0,2,1,0,0,2,50.0,13.64
55,11,1,1,1,0.0,1.0,0.0,0.0,0.0,0,0,0,0,1,100.0,0.0
55,17,1,1,1,28.0,12.0,28.0,233.33,28.0,3,2,0,0,1,25.0,41.67
108,6,6,1,1,7.0,13.0,7.0,53.85,7.0,0,0,0,0,0,46.15,0.0
108,13,6,2,2,1.0,3.0,0.5,33.33,1.0,0,0,0,0,1,33.33,0.0
108,7,6,1,1,2.0,1.0,2.0,200.0,2.0,0,0,0,0,0,0.0,0.0
218,6,8,3,3,50.0,36.0,16.67,138.89,31.0,5,1,0,0,3,30.56,16.67
218,6,12,1,1,67.0,59.0,67.0,113.56,67.0,4,2,1,0,1,30.51,10.17
218,6,13,1,1,14.0,9.0,14.0,155.56,14.0,2,0,0,0,0,22.22,22.22
218,6,14,1,1,0.0,3.0,0.0,0.0,0.0,0,0,0,0,1,100.0,0.0
218,10,12,1,1,39.0,29.0,39.0,134.48,39.0,6,0,0,0,2,27.59,20.69
218,10,13,1,1,12.0,12.0,12.0,100.0,12.0,2,0,0,0,1,50.0,16.67
218,2,9,1,1,1.0,2.0,1.0,50.0,1.0,0,0,0,0,1,50.0,0.0
218,2,11,1,1,11.0,8.0,11.0,137.5,11.0,2,0,0,0,1,37.5,25.0
218,1,16,1,1,30.0,34.0,30.0,88.24,30.0,2,0,0,0,1,35.29,5.88
218,13,8,2,2,15.0,13.0,7.5,115.38,11.0,1,0,0,0,1,15.38,7.69
218,13,11,1,1,0.0,1.0,0.0,0.0,0.0,0,0,0,0,1,100.0,0.0
218,9,11,1,1,6.0,10.0,6.0,60.0,6.0,0,0,0,0,1,40.0,0.0
218,9,12,1,1,13.0,13.0,13.0,100.0,13.0,2,0,0,0,1,46.15,15.38
218,18,15,1,1,36.0,28.0,36.0,128.57,36.0,3,0,0,0,0,14.29,10.71
218,18,16,1,1,4.0,9.0,4.0,44.44,4.0,1,0,0,0,1,77.78,11.11
218,5,9,1,1,28.0,18.0,28.0,155.56,28.0,2,2,0,0,1,33.33,22.22
218,5,11,1,1,5.0,6.0,5.0,83.33,5.0,1,0,0,0,1,66.67,16.67
218,5,13,1,1,7.0,8.0,7.0,87.5,7.0,1,0,0,0,1,37.5,12.5
218,5,15,1,1,10.0,7.0,10.0,142.86,10.0,0,1,0,0,1,28.57,14.29
218,12,15,2,2,44.0,29.0,22.0,151.72,32.0,6,1,0,0,1,37.93,24.14
218,11,8,2,2,46.0,22.0,23.0,209.09,45.0,6,1,0,0,2,9.09,31.82
218,11,11,1,1,7.0,8.0,7.0,87.5,7.0,1,0,0,0,1,50.0,12.5
218,11,12,1,1,46.0,29.0,46.0,158.62,46.0,6,1,0,0,0,27.59,24.14
218,11,15,1,1,1.0,3.0,1.0,33.33,1.0,0,0,0,0,1,66.67,0.0
218,3,9,1,1,2.0,1.0,2.0,200.0,2.0,0,0,0,0,0,0.0,0.0
218,17,12,1,1,15.0,13.0,15.0,115.38,15.0,1,1,0,0,1,46.15,15.38
218,17,14,1,1,0.0,1.0,0.0,0.0,0.0,0,0,0,0,1,100.0,0.0
218,15,9,1,1,35.0,10.0,35.0,350.0,35.0,5,2,0,0,0,10.0,70.0
218,15,11,1,1,22.0,8.0,22.0,275.0,22.0,3,1,0,0,0,0.0,50.0
218,15,16,2,2,19.0,19.0,9.5,100.0,10.0,1,1,0,0,2,42.11,10.53
625,6,15,1,1,24.0,19.0,24.0,126.32,24.0,2,1,0,0,1,31.58,15.79
625,6,18,1,1,6.0,4.0,6.0,150.0,6.0,1,0,0,0,1,50.0,25.0
625,10,14,1,1,0.0,1.0,0.0,0.0,0.0,0,0,0,0,1,100.0,0.0
625,10,18,1,1,0.0,2.0,0.0,0.0,0.0,0,0,0,0,1,100.0,0.0
625,2,8,1,1,7.0,6.0,7.0,116.67,7.0,1,0,0,0,0,33.33,16.67
625,14,10,1,1,0.0,1.0,0.0,0.0,0.0,0,0,0,0,1,100.0,0.0
625,1,15,1,1,2.0,5.0,2.0,40.0,2.0,0,0,0,0,1,80.0,0.0
625,1,16,2,2,0.0,5.0,0.0,0.0,0.0,0,0,0,0,2,100.0,0.0
625,1,17,1,1,3.0,4.0,3.0,75.0,3.0,0,0,0,0,0,25.0,0.0
625,9,14,1,1,3.0,2.0,3.0,150.0,3.0,0,0,0,0,0,50.0,0.0
625,9,15,2,2,37.0,25.0,18.5,148.0,29.0,1,3,0,0,0,32.0,16.0
625,18,15,1,1,1.0,2.0,1.0,50.0,1.0,0,0,0,0,1,50.0,0.0
625,18,16,1,1,3.0,7.0,3.0,42.86,3.0,0,0,0,0,1,42.86,0.0
625,5,12,2,2,14.0,7.0,7.0,200.0,12.0,1,1,0,0,1,28.57,28.57
625,5,13,1,1,11.0,20.0,11.0,55.0,11.0,0,0,0,0,1,50.0,0.0
625,5,14,1,1,1.0,1.0,1.0,100.0,1.0,0,0,0,0,0,0.0,0.0
625,5,15,2,2,26.0,16.0,13.0,162.5,22.0,4,0,0,0,2,25.0,25.0
625,5,16,1,1,13.0,11.0,13.0,118.18,13.0,1,0,0,0,1,18.18,9.09
625,5,18,1,1,5.0,2.0,5.0,250.0,5.0,1,0,0,0,0,0.0,50.0
625,12,15,1,1,3.0,4.0,3.0,75.0,3.0,0,0,0,0,1,25.0,0.0
625,12,16,1,1,8.0,3.0,8.0,266.67,8.0,0,1,0,0,0,0.0,33.33
625,12,17,1,1,17.0,11.0,17.0,154.55,17.0,2,1,0,0,1,45.45,27.27
625,12,18,1,1,3.0,3.0,3.0,100.0,3.0,0,0,0,0,0,33.33,0.0
625,11,14,1,1,1.0,1.0,1.0,100.0,1.0,0,0,0,0,0,0.0,0.0
625,11,15,1,1,10.0,7.0,10.0,142.86,10.0,0,1,0,0,1,28.57,14.29
625,11,16,1,1,1.0,2.0,1.0,50.0,1.0,0,0,0,0,1,50.0,0.0
625,17,10,1,1,0.0,1.0,0.0,0.0,0.0,0,0,0,0,1,100.0,0.0
625,17,13,1,1,1.0,1.0,1.0,100.0,1.0,0,0,0,0,0,0.0,0.0
625,17,15,1,1,17.0,9.0,17.0,188.89,17.0,0,2,0,0,1,33.33,22.22
625,17,16,1,1,68.0,29.0,68.0,234.48,68.0,9,3,1,0,1,17.24,41.38
625,8,17,1,1,1.0,2.0,1.0,50.0,1.0,0,0,0,0,0,50.0,0.0
625,15,10,1,1,0.0,1.0,0.0,0.0,0.0,0,0,0,0,1,100.0,0.0
625,15,11,1,1,15.0,5.0,15.0,300.0,15.0,3,0,0,0,0,0.0,60.0
625,15,16,2,2,20.0,13.0,10.0,153.85,12.0,3,0,0,0,2,30.77,23.08
625,15,18,1,1,4.0,1.0,4.0,400.0,4.0,1,0,0,0,1,0.0,100.0
165,6,12,1,1,0.0,2.0,0.0,0.0,0.0,0,0,0,0,1,100.0,0.0
165,6,14,2,2,65.0,42.0,32.5,154.76,37.0,5,2,0,0,1,19.05,16.67
165,6,15,1,1,6.0,7.0,6.0,85.71,6.0,1,0,0,0,1,57.14,14.29
165,6,16,2,2,38.0,28.0,19.0,135.71,30.0,2,2,0,0,1,28.57,14.29
165,6,18,2,2,31.0,21.0,15.5,147.62,19.0,2,2,0,0,2,33.33,19.05
165,10,15,1,1,1.0,1.0,1.0,100.0,1.0,0,0,0,0,0,0.0,0.0
165,10,16,1,1,39.0,21.0,39.0,185.71,39.0,1,4,0,0,0,23.81,23.81
165,10,17,1,1,14.0,7.0,14.0,200.0,14.0,1,1,0,0,0,14.29,28.57
165,10,18,1,2,21.0,13.0,21.0,161.54,21.0,2,0,0,0,1,7.69,15.38
165,1,15,3,3,44.0,36.0,14.67,122.22,29.0,4,1,0,0,3,38.89,13.89
165,1,16,2,2,63.0,39.0,31.5,161.54,56.0,2,5,1,0,1,28.21,17.95
165,1,17,1,1,13.0,5.0,13.0,260.0,13.0,1,1,0,0,0,0.0,40.0
165,1,18,1,1,52.0,32.0,52.0,162.5,52.0,4,3,1,0,1,28.12,21.88
165,13,13,2,2,17.0,19.0,8.5,89.47,10.0,1,1,0,0,2,57.89,10.53
165,9,13,2,2,17.0,10.0,8.5,170.0,10.0,0,2,0,0,1,40.0,20.0
165,9,14,3,3,21.0,16.0,7.0,131.25,17.0,0,2,0,0,1,31.25,12.5
165,9,15,2,2,53.0,26.0,26.5,203.85,27.0,3,4,0,0,0,26.92,26.92
165,9,17,1,1,0.0,1.0,0.0,0.0,0.0,0,0,0,0,1,100.0,0.0
165,9,18,2,2,36.0,31.0,18.0,116.13,29.0,2,1,0,0,2,32.26,9.68
165,18,15,1,1,59.0,36.0,59.0,163.89,59.0,1,6,1,0,0,27.78,19.44
165,18,16,1,1,2.0,5.0,2.0,40.0,2.0,0,0,0,0,1,40.0,0.0
165,18,17,1,1,5.0,7.0,5.0,71.43,5.0,0,0,0,0,1,42.86,0.0
165,18,18,1,1,12.0,7.0,12.0,171.43,12.0,2,0,0,0,1,42.86,28.57
165,5,12,1,1,5.0,6.0,5.0,83.33,5.0,0,0,0,0,1,33.33,0.0
165,5,13,2,2,16.0,18.0,8.0,88.89,11.0,2,0,0,0,2,55.56,11.11
165,5,14,2,2,29.0,17.0,14.5,170.59,15.0,4,0,0,0,1,11.76,23.53
165,5,15,2,2,41.0,28.0,20.5,146.43,35.0,3,3,0,0,1,35.71,21.43
165,5,16,1,1,8.0,9.0,8.0,88.89,8.0,0,1,0,0,1,66.67,11.11
165,5,18,1,1,0.0,1.0,0.0,0.0,0.0,0,0,0,0,1,100.0,0.0
165,12,14,1,1,16.0,4.0,16.0,400.0,16.0,1,2,0,0,0,25.0,75.0
165,12,15,1,1,31.0,16.0,31.0,193.75,31.0,3,2,0,0,0,25.0,31.25
165,12,16,2,2,82.0,46.0,41.0,178.26,46.0,5,6,0,0,2,28.26,23.91
165,12,17,1,1,27.0,10.0,27.0,270.0,27.0,1,3,0,0,0,20.0,40.0
165,12,18,2,2,31.0,24.0,15.5,129.17,20.0,3,1,0,0,2,33.33,16.67
165,11,12,1,1,1.0,9.0,1.0,11.11,1.0,0,0,0,0,1,88.89,0.0
165,11,13,1,1,45.0,24.0,45.0,187.5,45.0,1,5,0,0,1,20.83,25.0
165,11,14,1,1,28.0,16.0,28.0,175.0,28.0,5,0,0,0,1,25.0,31.25
165,17,13,1,1,11.0,7.0,11.0,157.14,11.0,0,1,0,0,0,28.57,14.29
165,17,14,2,2,82.0,47.0,41.0,174.47,53.0,4,6,1,0,1,25.53,21.28
165,17,15,3,3,47.0,41.0,15.67,114.63,42.0,4,2,0,0,1,41.46,14.63
165,17,16,2,2,38.0,28.0,19.0,135.71,35.0,1,4,0,0,3,42.86,17.86
165,8,17,2,2,37.0,20.0,18.5,185.0,26.0,5,1,0,0,1,15.0,30.0
165,8,18,2,2,20.0,16.0,10.0,125.0,11.0,2,0,0,0,2,25.0,12.5
165,15,12,2,2,84.0,56.0,42.0,150.0,75.0,4,7,1,0,2,33.93,19.64
165,15,13,3,3,79.0,47.0,26.33,168.09,42.0,7,3,0,0,2,19.15,21.28
165,15,14,1,1,1.0,2.0,1.0,50.0,1.0,0,0,0,0,1,50.0,0.0
165,15,15,1,1,32.0,13.0,32.0,246.15,32.0,2,3,0,0,1,15.38,38.46
165,15,16,2,2,29.0,21.0,14.5,138.1,22.0,1,1,0,0,0,23.81,9.52
165,15,17,2,2,17.0,19.0,8.5,89.47,13.0,1,1,0,0,2,47.37,10.53
165,15,18,1,1,42.0,23.0,42.0,182.61,42.0,1,4,0,0,1,30.43,21.74
21,6,1,1,1,9.0,7.0,9.0,128.57,9.0,0,0,0,0,0,0.0,0.0
21,2,1,1,1,5.0,5.0,5.0,100.0,5.0,1,0,0,0,1,60.0,20.0
21,9,1,2,2,16.0,11.0,8.0,145.45,13.0,1,1,0,0,1,27.27,18.18
21,5,1,1,1,6.0,6.0,6.0,100.0,6.0,1,0,0,0,1,50.0,16.67
278,16,1,2,2,28.0,25.0,14.0,112.0,14.0,5,0,0,0,2,52.0,20.0
278,2,1,2,2,57.0,41.0,28.5,139.02,44.0,9,0,0,0,2,34.15,21.95
278,13,1,1,1,1.0,4.0,1.0,25.0,1.0,0,0,0,0,1,75.0,0.0
278,9,1,1,1,32.0,20.0,32.0,160.0,32.0,6,0,0,0,0,30.0,30.0
278,5,1,1,1,26.0,29.0,26.0,89.66,26.0,4,0,0,0,1,55.17,13.79
278,11,1,2,2,7.0,6.0,3.5,116.67,7.0,0,1,0,0,2,66.67,16.67
278,17,1,1,1,45.0,40.0,45.0,112.5,45.0,3,2,0,0,1,45.0,12.5
2,6,1,1,1,10.0,19.0,10.0,52.63,10.0,1,0,0,0,1,68.42,5.26
2,6,11,2,2,17.0,14.0,8.5,121.43,12.0,2,0,0,0,2,21.43,14.29
2,16,5,1,1,3.0,3.0,3.0,100.0,3.0,0,0,0,0,1,33.33,0.0
2,10,13,1,1,0.0,1.0,0.0,0.0,0.0,0,0,0,0,1,100.0,0.0
2,2,1,1,1,52.0,42.0,52.0,123.81,52.0,7,1,1,0,1,45.24,19.05
2,2,4,1,1,22.0,20.0,22.0,110.0,22.0,4,0,0,0,1,50.0,20.0
2,2,5,1,1,18.0,21.0,18.0,85.71,18.0,1,0,0,0,0,28.57,4.76
2,13,2,1,1,10.0,14.0,10.0,71.43,10.0,0,0,0,0,1,42.86,0.0
2,9,2,1,1,43.0,46.0,43.0,93.48,43.0,6,0,0,0,1,52.17,13.04
2,9,3,1,1,8.0,10.0,8.0,80.0,8.0,2,0,0,0,1,80.0,20.0
2,9,5,2,2,47.0,40.0,23.5,117.5,24.0,3,1,0,0,3,25.0,10.0
2,9,11,1,1,35.0,26.0,35.0,134.62,35.0,4,1,0,0,1,30.77,19.23
2,5,1,1,1,20.0,24.0,20.0,83.33,20.0,1,0,0,0,1,37.5,4.17
2,5,4,2,2,1.0,6.0,0.5,16.67,1.0,0,0,0,0,1,83.33,0.0
2,5,5,1,1,0.0,1.0,0.0,0.0,0.0,0,0,0,0,1,100.0,0.0
2,7,4,1,1,6.0,3.0,6.0,200.0,6.0,1,0,0,0,1,33.33,33.33
2,17,5,1,1,1.0,2.0,1.0,50.0,1.0,0,0,0,0,1,50.0,0.0
2,17,13,1,1,0.0,3.0,0.0,0.0,0.0,0,0,0,0,1,100.0,0.0
26,6,15,1,1,3.0,3.0,3.0,100.0,3.0,0,0,0,0,0,0.0,0.0
26,2,10,1,1,12.0,5.0,12.0,240.0,12.0,2,0,0,0,0,0.0,40.0
26,5,15,1,1,5.0,7.0,5.0,71.43,5.0,0,0,0,0,1,28.57,0.0
26,11,15,1,1,8.0,8.0,8.0,100.0,8.0,0,0,0,0,1,25.0,0.0
26,3,10,1,1,10.0,9.0,10.0,111.11,10.0,2,0,0,0,1,55.56,22.22
26,17,15,1,1,0.0,1.0,0.0,0.0,0.0,0,0,0,0,1,100.0,0.0
26,15,10,1,1,16.0,17.0,16.0,94.12,16.0,1,0,0,0,1,29.41,5.88
26,15,15,1,1,7.0,7.0,7.0,100.0,7.0,0,1,0,0,1,71.43,14.29
255,6,6,1,1,13.0,6.0,13.0,216.67,13.0,0,2,0,0,1,50.0,33.33
255,6,7,1,1,1.0,1.0,1.0,100.0,1.0,0,0,0,0,0,0.0,0.0
255,6,11,2,2,44.0,24.0,22.0,183.33,32.0,4,4,0,0,2,54.17,33.33
255,6,12,2,2,8.0,12.0,4.0,66.67,6.0,0,0,0,0,2,58.33,0.0
255,6,13,2,2,24.0,16.0,12.0,150.0,17.0,1,2,0,0,2,37.5,18.75
255,6,14,3,3,6.0,6.0,2.0,100.0,4.0,1,0,0,0,2,50.0,16.67
255,6,16,1,1,0.0,3.0,0.0,0.0,0.0,0,0,0,0,1,100.0,0.0
255,6,17,1,1,27.0,20.0,27.0,135.0,27.0,3,2,0,0,1,55.0,25.0
255,6,18,2,2,70.0,35.0,35.0,200.0,44.0,6,6,0,0,2,37.14,34.29
255,10,13,2,2,67.0,37.0,33.5,181.08,64.0,6,4,1,0,2,27.03,27.03
255,10,14,3,3,21.0,12.0,7.0,175.0,21.0,1,2,0,0,3,41.67,25.0
255,10,15,2,2,4.0,3.0,2.0,133.33,4.0,1,0,0,0,2,66.67,33.33
255,10,16,1,1,4.0,6.0,4.0,66.67,4.0,1,0,0,0,1,83.33,16.67
255,10,17,2,2,100.0,49.0,50.0,204.08,85.0,10,7,1,0,2,30.61,34.69
255,10,18,1,1,27.0,16.0,27.0,168.75,27.0,2,2,0,0,1,25.0,25.0
255,2,9,1,1,4.0,3.0,4.0,133.33,4.0,0,0,0,0,0,0.0,0.0
255,2,10,2,2,5.0,5.0,2.5,100.0,4.0,1,0,0,0,1,40.0,20.0
255,2,11,2,2,27.0,13.0,13.5,207.69,26.0,1,3,0,0,2,38.46,30.77
255,14,9,1,1,2.0,7.0,2.0,28.57,2.0,0,0,0,0,0,71.43,0.0
255,14,10,1,1,42.0,17.0,42.0,247.06,42.0,9,1,0,0,1,41.18,58.82
255,1,15,1,1,5.0,5.0,5.0,100.0,5.0,1,0,0,0,1,60.0,20.0
255,1,16,1,1,0.0,1.0,0.0,0.0,0.0,0,0,0,0,1,100.0,0.0
255,1,18,1,1,17.0,13.0,17.0,130.77,17.0,2,1,0,0,1,38.46,23.08
255,13,6,1,1,1.0,2.0,1.0,50.0,1.0,0,0,0,0,0,50.0,0.0
255,13,7,2,2,8.0,12.0,4.0,66.67,6.0,0,0,0,0,1,33.33,0.0
255,13,8,1,1,0.0,1.0,0.0,0.0,0.0,0,0,0,0,0,0.0,0.0
255,13,10,2,2,55.0,28.0,27.5,196.43,37.0,8,3,0,0,2,42.86,39.29
255,13,11,2,2,76.0,40.0,38.0,190.0,75.0,9,4,1,0,2,32.5,32.5
255,13,12,1,1,24.0,9.0,24.0,266.67,24.0,1,3,0,0,1,44.44,44.44
255,13,13,1,1,6.0,4.0,6.0,150.0,6.0,1,0,0,0,1,50.0,25.0
255,18,15,2,2,43.0,19.0,21.5,226.32,22.0,3,4,0,0,1,31.58,36.84
255,18,16,1,1,1.0,2.0,1.0,50.0,1.0,0,0,0,0,1,50.0,0.0
255,18,17,2,2,87.0,45.0,43.5,193.33,81.0,7,7,1,0,2,35.56,31.11
255,18,18,1,1,30.0,13.0,30.0,230.77,30.0,4,2,0,0,1,38.46,46.15
255,5,5,1,1,9.0,6.0,9.0,150.0,9.0,2,0,0,0,0,50.0,33.33
255,5,6,1,1,3.0,6.0,3.0,50.0,3.0,0,0,0,0,1,33.33,0.0
255,5,10,3,3,11.0,16.0,3.67,68.75,10.0,0,1,0,0,3,50.0,6.25
255,5,11,2,2,9.0,6.0,4.5,150.0,5.0,2,0,0,0,2,50.0,33.33
255,5,13,1,1,9.0,10.0,9.0,90.0,9.0,0,1,0,0,1,60.0,10.0
255,5,15,1,1,0.0,1.0,0.0,0.0,0.0,0,0,0,0,1,100.0,0.0
255,5,16,1,1,2.0,2.0,2.0,100.0,2.0,0,0,0,0,0,0.0,0.0
255,5,17,2,2,8.0,9.0,4.0,88.89,8.0,0,1,0,0,2,55.56,11.11
255,5,18,1,1,0.0,2.0,0.0,0.0,0.0,0,0,0,0,1,100.0,0.0
255,12,14,2,2,3.0,7.0,1.5,42.86,3.0,0,0,0,0,1,42.86,0.0
255,12,16,1,1,7.0,2.0,7.0,350.0,7.0,0,1,0,0,0,0.0,50.0
255,12,17,1,1,71.0,32.0,71.0,221.88,71.0,9,4,1,0,1,28.12,40.62
255,12,18,2,2,9.0,7.0,4.5,128.57,5.0,2,0,0,0,1,42.86,28.57
255,11,5,1,1,0.0,1.0,0.0,0.0,0.0,0,0,0,0,1,100.0,0.0
255,11,6,1,1,2.0,2.0,2.0,100.0,2.0,0,0,0,0,0,0.0,0.0
255,11,7,1,1,1.0,1.0,1.0,100.0,1.0,0,0,0,0,0,0.0,0.0
255,11,11,3,3,60.0,34.0,20.0,176.47,35.0,8,3,0,0,3,41.18,32.35
255,11,12,2,2,58.0,33.0,29.0,175.76,47.0,7,4,0,0,1,45.45,33.33
255,11,13,2,2,15.0,16.0,7.5,93.75,15.0,2,1,0,0,2,62.5,18.75
255,11,14,1,1,6.0,7.0,6.0,85.71,6.0,1,0,0,0,1,57.14,14.29
255,11,16,1,1,6.0,5.0,6.0,120.0,6.0,1,0,0,0,1,40.0,20.0
255,11,17,1,1,109.0,56.0,109.0,194.64,109.0,13,6,1,1,1,28.57,33.93
255,11,18,1,1,11.0,9.0,11.0,122.22,11.0,1,1,0,0,1,66.67,22.22
255,3,10,2,2,16.0,17.0,8.0,94.12,16.0,3,0,0,0,1,58.82,17.65
255,17,6,1,1,1.0,1.0,1.0,100.0,1.0,0,0,0,0,0,0.0,0.0
255,17,10,2,2,88.0,34.0,44.0,258.82,54.0,12,5,1,0,2,26.47,50.0
255,17,11,2,2,77.0,38.0,38.5,202.63,50.0,7,6,1,0,2,34.21,34.21
255,17,12,2,2,28.0,24.0,14.0,116.67,18.0,6,0,0,0,2,54.17,25.0
255,17,14,1,1,26.0,15.0,26.0,173.33,26.0,0,3,0,0,1,13.33,20.0
255,17,15,1,1,12.0,8.0,12.0,150.0,12.0,1,1,0,0,1,50.0,25.0
255,17,16,1,1,0.0,1.0,0.0,0.0,0.0,0,0,0,0,0,0.0,0.0
255,8,17,2,2,57.0,37.0,28.5,154.05,47.0,4,5,0,0,2,43.24,24.32
255,8,18,1,1,44.0,26.0,44.0,169.23,44.0,5,3,0,0,1,50.0,30.77
255,15,6,1,1,1.0,2.0,1.0,50.0,1.0,0,0,0,0,1,50.0,0.0
255,15,9,1,1,1.0,3.0,1.0,33.33,1.0,0,0,0,0,0,66.67,0.0
255,15,10,2,2,7.0,13.0,3.5,53.85,6.0,1,0,0,0,2,61.54,7.69
255,15,11,3,3,64.0,33.0,21.33,193.94,29.0,9,3,0,0,3,33.33,36.36
255,15,12,1,1,25.0,8.0,25.0,312.5,25.0,3,2,0,0,1,25.0,62.5
255,15,13,1,1,0.0,2.0,0.0,0.0,0.0,0,0,0,0,1,100.0,0.0
255,15,15,2,2,7.0,4.0,3.5,175.0,6.0,0,1,0,0,1,50.0,25.0
255,15,16,2,2,1.0,3.0,0.5,33.33,1.0,0,0,0,0,2,66.67,0.0
255,15,17,3,3,29.0,22.0,9.67,131.82,21.0,4,1,0,0,2,45.45,22.73
255,15,18,2,2,38.0,23.0,19.0,165.22,31.0,3,4,0,0,2,52.17,30.43
530,6,5,2,2,67.0,43.0,33.5,155.81,44.0,4,3,0,0,1,18.6,16.28
530,6,6,2,2,74.0,55.0,37.0,134.55,39.0,6,3,0,0,2,34.55,16.36
530,6,7,2,2,28.0,28.0,14.0,100.0,19.0,2,0,0,0,2,35.71,7.14
530,6,8,2,2,10.0,13.0,5.0,76.92,6.0,0,0,0,0,2,38.46,0.0
530,6,12,2,2,43.0,52.0,21.5,82.69,28.0,3,0,0,0,2,38.46,5.77
530,6,13,2,2,95.0,81.0,47.5,117.28,69.0,6,4,1,0,2,33.33,12.35
530,16,5,2,2,73.0,40.0,36.5,182.5,47.0,3,5,0,0,1,15.0,20.0
530,10,12,1,1,50.0,32.0,50.0,156.25,50.0,8,0,1,0,1,28.12,25.0
530,10,13,2,2,25.0,21.0,12.5,119.05,24.0,2,1,0,0,2,38.1,14.29
530,2,5,1,1,34.0,13.0,34.0,261.54,34.0,4,2,0,0,0,7.69,46.15
530,2,6,1,1,17.0,8.0,17.0,212.5,17.0,2,1,0,0,0,25.0,37.5
530,2,8,1,1,10.0,9.0,10.0,111.11,10.0,2,0,0,0,1,55.56,22.22
530,2,10,1,1,38.0,32.0,38.0,118.75,38.0,4,1,0,0,1,40.62,15.62
530,14,9,2,2,106.0,60.0,53.0,176.67,101.0,8,5,1,1,3,18.33,21.67
530,14,10,2,2,47.0,30.0,23.5,156.67,43.0,7,1,0,0,2,33.33,26.67
530,13,5,2,2,38.0,25.0,19.0,152.0,25.0,1,3,0,0,2,28.0,16.0
530,13,6,1,1,6.0,9.0,6.0,66.67,6.0,0,0,0,0,0,22.22,0.0
530,13,7,1,1,27.0,15.0,27.0,180.0,27.0,5,0,0,0,0,13.33,33.33
530,13,8,2,3,38.0,26.0,19.0,146.15,33.0,6,0,0,0,2,26.92,23.08
530,13,9,1,1,38.0,26.0,38.0,146.15,38.0,5,0,0,0,1,23.08,19.23
530,13,10,2,2,41.0,45.0,20.5,91.11,26.0,3,0,0,0,1,33.33,6.67
530,13,12,1,1,20.0,16.0,20.0,125.0,20.0,1,1,0,0,1,25.0,12.5
530,13,13,2,2,81.0,47.0,40.5,172.34,50.0,12,2,1,0,2,31.91,29.79
530,9,5,1,1,14.0,16.0,14.0,87.5,14.0,1,0,0,0,1,31.25,6.25
530,9,7,2,3,27.0,16.0,13.5,168.75,24.0,2,0,0,0,1,12.5,12.5
530,9,8,1,1,14.0,11.0,14.0,127.27,14.0,2,0,0,0,1,27.27,18.18
530,9,9,1,1,31.0,28.0,31.0,110.71,31.0,2,0,0,0,0,25.0,7.14
530,9,10,2,2,60.0,46.0,30.0,130.43,51.0,4,2,1,0,1,23.91,13.04
530,9,12,2,2,75.0,65.0,37.5,115.38,73.0,7,1,1,0,1,30.77,12.31
530,9,13,2,2,7.0,11.0,3.5,63.64,4.0,1,0,0,0,2,63.64,9.09
530,9,14,1,1,39.0,34.0,39.0,114.71,39.0,4,0,0,0,1,26.47,11.76
530,5,5,2,2,41.0,38.0,20.5,107.89,39.0,4,0,0,0,2,31.58,10.53
530,5,8,2,2,102.0,73.0,51.0,139.73,79.0,10,1,1,0,1,26.03,15.07
530,5,9,1,1,45.0,23.0,45.0,195.65,45.0,4,3,0,0,1,30.43,30.43
530,5,10,4,4,153.0,118.0,38.25,129.66,84.0,11,5,2,0,3,30.51,13.56
530,5,12,2,2,71.0,63.0,35.5,112.7,59.0,6,1,1,0,2,31.75,11.11
530,5,13,2,2,17.0,15.0,8.5,113.33,11.0,2,1,0,0,2,60.0,20.0
530,5,14,2,2,42.0,37.0,21.0,113.51,33.0,4,1,0,0,2,40.54,13.51
530,12,14,2,2,33.0,34.0,16.5,97.06,24.0,1,0,0,0,2,20.59,2.94
530,11,5,2,2,55.0,53.0,27.5,103.77,37.0,6,0,0,0,2,30.19,11.32
530,17,5,2,2,40.0,39.0,20.0,102.56,24.0,1,1,0,0,1,23.08,5.13
530,17,6,2,2,45.0,35.0,22.5,128.57,41.0,7,0,0,0,2,37.14,20.0
530,17,7,1,1,48.0,21.0,48.0,228.57,48.0,4,4,0,0,0,23.81,38.1
530,17,8,2,2,43.0,41.0,21.5,104.88,31.0,3,0,0,0,3,24.39,7.32
530,17,9,1,1,4.0,3.0,4.0,133.33,4.0,1,0,0,0,1,66.67,33.33
530,17,10,2,2,72.0,56.0,36.0,128.57,45.0,8,1,0,0,2,30.36,16.07
530,17,12,1,1,38.0,31.0,38.0,122.58,38.0,2,1,0,0,1,25.81,9.68
530,17,13,2,2,62.0,41.0,31.0,151.22,57.0,7,1,1,0,2,19.51,19.51
530,17,14,1,1,4.0,5.0,4.0,80.0,4.0,1,0,0,0,1,80.0,20.0
530,15,6,1,1,17.0,25.0,17.0,68.0,17.0,0,0,0,0,1,44.0,0.0
530,15,7,1,1,22.0,33.0,22.0,66.67,22.0,0,0,0,0,2,39.39,0.0
530,15,8,2,2,81.0,50.0,40.5,162.0,68.0,11,2,1,0,2,26.0,26.0
530,15,9,1,1,46.0,36.0,46.0,127.78,46.0,7,0,0,0,0,41.67,19.44
530,15,10,2,2,61.0,60.0,30.5,101.67,34.0,1,2,0,0,2,25.0,5.0
530,15,12,1,1,22.0,16.0,22.0,137.5,22.0,3,0,0,0,1,31.25,18.75
530,15,13,2,2,24.0,21.0,12.0,114.29,19.0,2,0,0,0,1,33.33,9.52
530,15,14,1,1,34.0,25.0,34.0,136.0,34.0,3,1,0,0,0,20.0,16.0
132,6,1,1,1,12.0,16.0,12.0,75.0,12.0,1,1,0,0,1,68.75,12.5
132,6,2,2,2,70.0,63.0,35.0,111.11,59.0,7,0,1,0,1,28.57,11.11
132,6,3,3,3,165.0,132.0,55.0,125.0,72.0,21,1,1,0,3,31.06,16.67
132,6,4,1,1,5.0,8.0,5.0,62.5,5.0,1,0,0,0,1,75.0,12.5
132,6,5,3,3,101.0,70.0,33.67,144.29,74.0,14,2,1,0,3,34.29,22.86
132,6,6,2,2,15.0,19.0,7.5,78.95,15.0,1,1,0,0,2,63.16,10.53
132,16,1,1,1,23.0,19.0,23.0,121.05,23.0,4,0,0,0,1,42.11,21.05
132,16,2,2,2,38.0,31.0,19.0,122.58,36.0,3,2,0,0,2,35.48,16.13
132,16,3,2,2,90.0,68.0,45.0,132.35,55.0,14,0,1,0,2,35.29,20.59
132,16,4,2,2,65.0,66.0,32.5,98.48,37.0,7,0,0,0,2,33.33,10.61
132,16,5,1,1,14.0,14.0,14.0,100.0,14.0,1,0,0,0,1,42.86,7.14
132,2,1,1,1,18.0,16.0,18.0,112.5,18.0,3,0,0,0,1,43.75,18.75
132,2,2,2,2,61.0,55.0,30.5,110.91,46.0,10,0,0,0,2,45.45,18.18
132,2,3,2,2,93.0,59.0,46.5,157.63,63.0,14,0,1,0,2,20.34,23.73
132,2,4,2,2,60.0,64.0,30.0,93.75,46.0,6,1,0,0,1,45.31,10.94
132,2,5,1,1,7.0,7.0,7.0,100.0,7.0,0,1,0,0,1,71.43,14.29
132,2,6,2,2,55.0,48.0,27.5,114.58,54.0,4,2,1,0,2,35.42,12.5
132,13,1,1,1,65.0,46.0,65.0,141.3,65.0,12,0,1,0,1,34.78,26.09
132,13,2,2,2,42.0,35.0,21.0,120.0,41.0,4,1,0,0,1,34.29,14.29
132,13,3,2,2,40.0,40.0,20.0,100.0,29.0,5,0,0,0,2,42.5,12.5
132,13,4,2,2,57.0,54.0,28.5,105.56,51.0,4,1,1,0,2,33.33,9.26
132,13,5,2,2,57.0,52.0,28.5,109.62,34.0,7,0,0,0,2,34.62,13.46
132,13,6,1,1,9.0,10.0,9.0,90.0,9.0,2,0,0,0,1,70.0,20.0
132,4,4,1,1,100.0,66.0,100.0,151.52,100.0,12,3,1,1,1,27.27,22.73
132,9,1,1,1,0.0,3.0,0.0,0.0,0.0,0,0,0,0,1,100.0,0.0
132,9,2,2,2,102.0,75.0,51.0,136.0,68.0,9,6,1,0,2,45.33,20.0
132,9,3,1,1,71.0,48.0,71.0,147.92,71.0,10,0,1,0,0,25.0,20.83
132,9,4,2,2,74.0,55.0,37.0,134.55,38.0,12,0,0,0,3,27.27,21.82
132,9,5,2,2,29.0,26.0,14.5,111.54,27.0,3,1,0,0,2,50.0,15.38
132,9,6,2,2,50.0,34.0,25.0,147.06,48.0,8,0,0,0,2,29.41,23.53
132,7,4,2,2,59.0,63.0,29.5,93.65,35.0,7,0,0,0,2,41.27,11.11
132,7,5,1,1,34.0,35.0,34.0,97.14,34.0,4,0,0,0,1,37.14,11.43
132,7,6,2,2,59.0,42.0,29.5,140.48,44.0,10,1,0,0,2,50.0,26.19
132,11,1,1,1,30.0,34.0,30.0,88.24,30.0,2,0,0,0,1,41.18,5.88
132,11,2,1,1,40.0,30.0,40.0,133.33,40.0,4,1,0,0,1,26.67,16.67
132,11,3,2,2,106.0,70.0,53.0,151.43,89.0,13,2,1,0,1,27.14,21.43
132,11,4,2,2,38.0,42.0,19.0,90.48,31.0,4,0,0,0,2,40.48,9.52
132,11,5,1,1,58.0,51.0,58.0,113.73,58.0,6,0,1,0,0,31.37,11.76
132,11,6,1,1,1.0,3.0,1.0,33.33,1.0,0,0,0,0,1,33.33,0.0
132,17,1,1,1,40.0,43.0,40.0,93.02,40.0,4,1,0,0,0,46.51,11.63
132,17,2,2,2,11.0,14.0,5.5,78.57,11.0,2,0,0,0,2,64.29,14.29
132,17,3,3,3,53.0,49.0,17.67,108.16,25.0,9,0,0,0,3,48.98,18.37
132,17,4,2,2,95.0,70.0,47.5,135.71,55.0,14,0,1,0,1,31.43,20.0
132,17,5,2,2,24.0,28.0,12.0,85.71,24.0,4,0,0,0,2,57.14,14.29
132,17,6,2,2,46.0,32.0,23.0,143.75,23.0,9,0,0,0,2,43.75,28.12
132,15,6,2,2,52.0,43.0,26.0,120.93,38.0,5,1,0,0,2,32.56,13.95
74,6,1,2,2,42.0,27.0,21.0,155.56,28.0,4,1,0,0,1,25.93,18.52
74,6,3,1,1,60.0,25.0,60.0,240.0,60.0,5,5,1,0,1,20.0,40.0
74,6,4,2,2,43.0,36.0,21.5,119.44,32.0,6,0,0,0,2,33.33,16.67
74,6,5,1,1,5.0,11.0,5.0,45.45,5.0,1,0,0,0,1,72.73,9.09
74,6,6,2,2,171.0,95.0,85.5,180.0,101.0,12,12,2,1,2,27.37,25.26
74,6,7,2,2,58.0,42.0,29.0,138.1,51.0,3,5,1,0,2,45.24,19.05
74,6,8,2,2,101.0,77.0,50.5,131.17,73.0,8,4,1,0,2,35.06,15.58
74,16,1,2,2,9.0,8.0,4.5,112.5,5.0,1,0,0,0,1,25.0,12.5
74,16,3,1,1,58.0,36.0,58.0,161.11,58.0,3,3,1,0,1,22.22,16.67
74,16,5,1,1,13.0,13.0,13.0,100.0,13.0,1,1,0,0,1,61.54,15.38
74,10,12,3,3,94.0,67.0,31.33,140.3,50.0,7,7,1,0,3,46.27,20.9
74,10,13,2,2,50.0,44.0,25.0,113.64,36.0,7,1,0,0,2,47.73,18.18
74,2,1,3,3,147.0,84.0,49.0,175.0,74.0,13,8,2,0,2,25.0,25.0
74,2,5,1,1,8.0,9.0,8.0,88.89,8.0,0,1,0,0,1,66.67,11.11
74,2,6,1,1,28.0,14.0,28.0,200.0,28.0,3,1,0,0,0,21.43,28.57
74,2,7,1,1,16.0,10.0,16.0,160.0,16.0,0,2,0,0,0,50.0,20.0
74,2,8,1,1,21.0,24.0,21.0,87.5,21.0,4,0,0,0,1,62.5,16.67
74,2,9,2,2,47.0,37.0,23.5,127.03,33.0,2,4,0,0,2,45.95,16.22
74,2,10,2,2,28.0,28.0,14.0,100.0,24.0,4,0,0,0,1,39.29,14.29
74,2,11,2,2,92.0,63.0,46.0,146.03,78.0,4,8,1,0,2,39.68,19.05
74,14,9,3,3,7.0,13.0,2.33,53.85,6.0,1,0,0,0,3,69.23,7.69
74,13,1,2,2,98.0,68.0,49.0,144.12,76.0,6,6,1,0,1,33.82,17.65
74,13,4,1,1,24.0,16.0,24.0,150.0,24.0,4,0,0,0,1,25.0,25.0
74,13,5,1,1,36.0,17.0,36.0,211.76,36.0,4,2,0,0,1,17.65,35.29
74,13,6,2,2,63.0,44.0,31.5,143.18,32.0,10,1,0,0,2,31.82,25.0
74,13,7,2,2,50.0,30.0,25.0,166.67,50.0,5,3,1,0,2,46.67,26.67
74,13,8,1,2,45.0,36.0,45.0,125.0,45.0,5,2,0,0,2,47.22,19.44
74,13,9,2,2,2.0,5.0,1.0,40.0,1.0,0,0,0,0,1,60.0,0.0
74,13,10,2,2,4.0,10.0,2.0,40.0,3.0,0,0,0,0,2,60.0,0.0
74,13,11,1,1,11.0,9.0,11.0,122.22,11.0,2,0,0,0,1,44.44,22.22
74,13,12,2,2,33.0,35.0,16.5,94.29,26.0,4,1,0,0,2,51.43,14.29
74,13,13,1,1,83.0,53.0,83.0,156.6,83.0,11,3,1,0,0,33.96,26.42
74,4,4,2,2,69.0,53.0,34.5,130.19,49.0,4,5,0,0,2,47.17,16.98
74,9,1,2,2,19.0,16.0,9.5,118.75,19.0,2,1,0,0,2,50.0,18.75
74,9,3,1,1,44.0,26.0,44.0,169.23,44.0,7,1,0,0,1,34.62,30.77
74,9,4,2,2,33.0,26.0,16.5,126.92,22.0,2,2,0,0,2,38.46,15.38
74,9,6,2,2,40.0,45.0,20.0,88.89,35.0,5,0,0,0,2,46.67,11.11
74,9,7,2,3,70.0,47.0,35.0,148.94,39.0,8,2,0,0,2,29.79,21.28
74,9,8,1,1,104.0,59.0,104.0,176.27,104.0,9,5,1,1,0,20.34,23.73
74,9,9,1,1,34.0,21.0,34.0,161.9,34.0,5,1,0,0,1,33.33,28.57
74,9,11,2,2,78.0,44.0,39.0,177.27,42.0,7,5,0,0,2,38.64,27.27
74,9,12,2,2,23.0,16.0,11.5,143.75,17.0,3,1,0,0,2,50.0,25.0
74,9,13,2,2,64.0,59.0,32.0,108.47,50.0,7,2,1,0,2,42.37,15.25
74,5,1,2,2,50.0,39.0,25.0,128.21,32.0,7,1,0,0,3,35.9,20.51
74,5,3,1,1,1.0,2.0,1.0,50.0,1.0,0,0,0,0,1,50.0,0.0
74,5,4,2,2,115.0,79.0,57.5,145.57,89.0,12,7,1,0,1,49.37,24.05
74,5,5,1,1,45.0,36.0,45.0,125.0,45.0,4,2,0,0,1,41.67,16.67
74,5,6,3,3,56.0,49.0,18.67,114.29,31.0,6,3,0,0,3,48.98,18.37
74,5,7,2,2,13.0,24.0,6.5,54.17,8.0,2,0,0,0,2,66.67,8.33
74,5,8,1,1,28.0,23.0,28.0,121.74,28.0,2,2,0,0,1,47.83,17.39
74,5,9,2,2,20.0,24.0,10.0,83.33,15.0,1,1,0,0,2,54.17,8.33
74,5,10,1,1,3.0,5.0,3.0,60.0,3.0,0,0,0,0,1,40.0,0.0
74,5,11,2,2,28.0,25.0,14.0,112.0,16.0,2,1,0,0,2,40.0,12.0
74,5,12,4,4,103.0,82.0,25.75,125.61,80.0,13,4,1,0,5,48.78,20.73
74,5,13,1,1,4.0,5.0,4.0,80.0,4.0,1,0,0,0,1,80.0,20.0
74,7,4,1,1,12.0,14.0,12.0,85.71,12.0,0,1,0,0,1,50.0,7.14
74,7,5,2,2,148.0,82.0,74.0,180.49,90.0,16,8,2,0,1,30.49,29.27
74,7,6,1,1,5.0,5.0,5.0,100.0,5.0,1,0,0,0,1,60.0,20.0
74,11,11,2,2,145.0,88.0,72.5,164.77,106.0,11,8,1,1,2,23.86,21.59
74,11,12,2,2,13.0,17.0,6.5,76.47,13.0,1,1,0,0,2,76.47,11.76
74,11,13,2,2,41.0,24.0,20.5,170.83,33.0,3,4,0,0,2,50.0,29.17
74,3,9,2,2,37.0,14.0,18.5,264.29,36.0,5,2,0,0,1,14.29,50.0
74,3,10,1,1,14.0,18.0,14.0,77.78,14.0,1,0,0,0,1,44.44,5.56
74,17,1,2,2,107.0,69.0,53.5,155.07,61.0,14,2,1,0,0,28.99,23.19
74,17,3,1,1,22.0,25.0,22.0,88.0,22.0,3,0,0,0,1,56.0,12.0
74,17,4,1,1,34.0,29.0,34.0,117.24,34.0,3,2,0,0,1,58.62,17.24
74,17,6,2,2,47.0,40.0,23.5,117.5,41.0,4,1,0,0,2,30.0,12.5
74,17,7,2,2,25.0,29.0,12.5,86.21,24.0,1,2,0,0,2,68.97,10.34
74,17,8,2,2,36.0,27.0,18.0,133.33,26.0,6,1,0,0,2,51.85,25.93
74,17,11,2,2,18.0,18.0,9.0,100.0,11.0,2,1,0,0,2,66.67,16.67
74,17,12,2,2,5.0,13.0,2.5,38.46,5.0,1,0,0,0,2,76.92,7.69
74,17,13,1,1,14.0,18.0,14.0,77.78,14.0,3,0,0,0,1,72.22,16.67
74,15,6,3,3,133.0,88.0,44.33,151.14,98.0,18,4,1,0,2,35.23,25.0
74,15,7,2,2,14.0,17.0,7.0,82.35,11.0,1,0,0,0,2,52.94,5.88
74,15,8,1,1,12.0,12.0,12.0,100.0,12.0,3,0,0,0,1,75.0,25.0
74,15,9,3,3,32.0,20.0,10.67,160.0,19.0,0,4,0,0,3,45.0,20.0
74,15,10,1,1,22.0,17.0,22.0,129.41,22.0,1,1,0,0,1,29.41,11.76
74,15,11,4,4,183.0,112.0,45.75,163.39,117.0,16,12,2,1,2,36.61,25.0
74,15,12,2,2,127.0,82.0,63.5,154.88,96.0,13,6,1,0,2,32.93,23.17
74,15,13,2,2,43.0,44.0,21.5,97.73,42.0,1,3,0,0,2,45.45,9.09
707,15,13,1,1,0.0,2.0,0.0,0.0,0.0,0,0,0,0,1,100.0,0.0
760,6,8,2,2,77.0,56.0,38.5,137.5,70.0,11,1,1,0,1,35.71,21.43
760,6,11,2,2,32.0,36.0,16.0,88.89,19.0,4,0,0,0,2,44.44,11.11
760,6,12,3,3,75.0,69.0,25.0,108.7,44.0,5,2,0,0,3,31.88,10.14
760,6,13,2,2,49.0,45.0,24.5,108.89,26.0,2,1,0,0,2,28.89,6.67
760,6,14,2,2,3.0,15.0,1.5,20.0,2.0,0,0,0,0,2,80.0,0.0
760,6,15,1,1,20.0,19.0,20.0,105.26,20.0,1,0,0,0,0,21.05,5.26
760,6,17,1,1,34.0,32.0,34.0,106.25,34.0,3,0,0,0,1,28.12,9.38
760,6,18,2,2,81.0,48.0,40.5,168.75,72.0,5,5,1,0,2,20.83,20.83
760,10,15,2,2,96.0,70.0,48.0,137.14,54.0,9,2,1,0,2,20.0,15.71
760,10,17,2,2,51.0,34.0,25.5,150.0,33.0,3,3,0,0,1,29.41,17.65
760,10,18,1,1,53.0,34.0,53.0,155.88,53.0,5,2,1,0,1,20.59,20.59
760,14,10,2,2,110.0,65.0,55.0,169.23,96.0,15,4,1,0,2,32.31,29.23
760,1,15,1,1,12.0,15.0,12.0,80.0,12.0,1,1,0,0,1,73.33,13.33
760,1,18,1,1,97.0,42.0,97.0,230.95,97.0,5,9,1,0,0,19.05,33.33
760,13,8,2,2,60.0,45.0,30.0,133.33,54.0,5,3,1,0,2,37.78,17.78
760,13,9,1,1,3.0,5.0,3.0,60.0,3.0,0,0,0,0,1,40.0,0.0
760,13,10,2,2,28.0,24.0,14.0,116.67,22.0,4,0,0,0,2,37.5,16.67
760,13,11,2,2,68.0,56.0,34.0,121.43,57.0,5,2,1,0,3,37.5,12.5
760,13,12,2,2,86.0,71.0,43.0,121.13,58.0,10,1,1,0,1,29.58,15.49
760,13,13,2,2,53.0,44.0,26.5,120.45,39.0,0,4,0,0,2,34.09,9.09
760,9,8,2,2,71.0,59.0,35.5,120.34,40.0,6,3,0,0,2,40.68,15.25
760,9,9,2,2,0.0,4.0,0.0,0.0,0.0,0,0,0,0,2,100.0,0.0
760,9,10,2,2,73.0,51.0,36.5,143.14,47.0,8,1,0,0,2,19.61,17.65
760,9,11,2,2,97.0,43.0,48.5,225.58,93.0,4,10,1,0,2,25.58,32.56
760,9,12,2,3,53.0,40.0,26.5,132.5,47.0,6,2,0,0,3,37.5,20.0
760,9,13,2,2,135.0,76.0,67.5,177.63,88.0,12,6,1,0,1,19.74,23.68
760,9,14,2,2,31.0,32.0,15.5,96.88,30.0,1,1,0,0,2,37.5,6.25
760,9,18,2,2,25.0,18.0,12.5,138.89,25.0,1,1,0,0,1,16.67,11.11
760,18,15,2,2,56.0,38.0,28.0,147.37,50.0,5,3,1,0,2,36.84,21.05
760,18,17,2,2,61.0,53.0,30.5,115.09,38.0,9,0,0,0,1,37.74,16.98
760,18,18,2,2,97.0,55.0,48.5,176.36,52.0,7,6,1,0,1,20.0,23.64
760,5,8,2,2,102.0,74.0,51.0,137.84,83.0,10,5,1,0,2,41.89,20.27
760,5,9,1,1,19.0,20.0,19.0,95.0,19.0,1,1,0,0,1,45.0,10.0
760,5,10,2,2,9.0,13.0,4.5,69.23,6.0,1,0,0,0,2,61.54,7.69
760,5,11,2,2,33.0,30.0,16.5,110.0,27.0,3,1,0,0,1,40.0,13.33
760,5,12,2,2,19.0,16.0,9.5,118.75,16.0,2,1,0,0,2,50.0,18.75
760,5,13,4,4,144.0,120.0,36.0,120.0,65.0,15,3,1,0,4,34.17,15.0
760,5,14,1,1,33.0,33.0,33.0,100.0,33.0,2,0,0,0,0,21.21,6.06
760,5,15,2,2,16.0,14.0,8.0,114.29,10.0,3,0,0,0,2,57.14,21.43
760,5,17,2,2,13.0,14.0,6.5,92.86,7.0,2,0,0,0,2,50.0,14.29
760,5,18,2,2,113.0,57.0,56.5,198.25,87.0,6,10,1,0,0,24.56,28.07
760,12,15,1,1,26.0,15.0,26.0,173.33,26.0,5,0,0,0,1,33.33,33.33
760,12,17,1,1,28.0,10.0,28.0,280.0,28.0,1,3,0,0,1,10.0,40.0
760,11,8,2,2,49.0,42.0,24.5,116.67,40.0,5,3,0,0,2,52.38,19.05
760,11,11,1,1,50.0,35.0,50.0,142.86,50.0,3,3,1,0,1,31.43,17.14
760,11,12,2,2,19.0,14.0,9.5,135.71,15.0,0,2,0,0,2,42.86,14.29
760,11,13,2,2,75.0,61.0,37.5,122.95,53.0,7,2,1,0,2,34.43,14.75
760,11,14,1,1,43.0,32.0,43.0,134.38,43.0,1,2,0,0,1,21.88,9.38
760,11,15,2,2,119.0,83.0,59.5,143.37,85.0,10,5,1,0,2,31.33,18.07
760,11,17,1,1,11.0,7.0,11.0,157.14,11.0,1,1,0,0,1,57.14,28.57
760,11,18,2,2,40.0,30.0,20.0,133.33,30.0,7,0,0,0,2,43.33,23.33
760,3,9,1,1,8.0,10.0,8.0,80.0,8.0,1,0,0,0,1,50.0,10.0
760,3,10,1,1,3.0,4.0,3.0,75.0,3.0,0,0,0,0,1,75.0,0.0
760,17,8,2,2,20.0,19.0,10.0,105.26,20.0,1,1,0,0,2,42.11,10.53
760,17,9,1,1,0.0,4.0,0.0,0.0,0.0,0,0,0,0,1,100.0,0.0
760,17,10,1,1,32.0,30.0,32.0,106.67,32.0,2,1,0,0,1,40.0,10.0
760,17,11,2,2,84.0,66.0,42.0,127.27,52.0,7,3,1,0,2,27.27,15.15
760,17,12,2,2,119.0,87.0,59.5,136.78,67.0,10,5,2,0,2,31.03,17.24
760,17,13,2,2,18.0,22.0,9.0,81.82,11.0,1,0,0,0,2,31.82,4.55
760,17,14,1,1,18.0,18.0,18.0,100.0,18.0,1,0,0,0,1,27.78,5.56
760,17,15,1,1,13.0,10.0,13.0,130.0,13.0,2,0,0,0,1,30.0,20.0
760,8,17,2,2,89.0,60.0,44.5,148.33,50.0,9,3,1,0,1,25.0,20.0
760,8,18,4,4,16.0,25.0,4.0,64.0,7.0,1,0,0,0,4,52.0,4.0
760,15,8,2,2,60.0,47.0,30.0,127.66,60.0,3,5,1,0,2,51.06,17.02
760,15,10,2,2,83.0,56.0,41.5,148.21,50.0,6,4,1,0,1,21.43,17.86
760,15,11,2,2,47.0,44.0,23.5,106.82,44.0,3,2,0,0,1,36.36,11.36
760,15,12,3,3,96.0,91.0,32.0,105.49,45.0,9,1,0,0,3,35.16,10.99
760,15,13,3,3,45.0,53.0,15.0,84.91,21.0,3,0,0,0,3,41.51,5.66
760,15,14,1,1,47.0,41.0,47.0,114.63,47.0,2,2,0,0,0,29.27,9.76
760,15,15,2,2,43.0,34.0,21.5,126.47,28.0,5,0,0,0,2,38.24,14.71
760,15,17,3,3,64.0,29.0,21.33,220.69,58.0,6,4,1,0,1,13.79,34.48
760,15,18,1,1,82.0,36.0,82.0,227.78,82.0,6,6,1,0,1,13.89,33.33
531,6,15,1,1,34.0,18.0,34.0,188.89,34.0,5,1,0,0,1,22.22,33.33
531,6,16,1,1,19.0,11.0,19.0,172.73,19.0,0,2,0,0,1,36.36,18.18
531,10,15,1,1,6.0,5.0,6.0,120.0,6.0,1,0,0,0,1,40.0,20.0
531,9,16,1,1,10.0,9.0,10.0,111.11,10.0,1,0,0,0,0,33.33,11.11
531,9,17,1,1,24.0,18.0,24.0,133.33,24.0,3,0,0,0,1,38.89,16.67
531,18,15,1,1,10.0,9.0,10.0,111.11,10.0,0,1,0,0,1,33.33,11.11
531,18,16,1,1,6.0,7.0,6.0,85.71,6.0,0,0,0,0,1,42.86,0.0
531,11,15,1,1,2.0,7.0,2.0,28.57,2.0,0,0,0,0,1,57.14,0.0
531,11,16,1,1,0.0,2.0,0.0,0.0,0.0,0,0,0,0,1,100.0,0.0
531,15,15,1,1,15.0,20.0,15.0,75.0,15.0,1,0,0,0,1,65.0,5.0
603,11,2,1,1,6.0,7.0,6.0,85.71,6.0,1,0,0,0,0,57.14,14.29
544,6,3,3,3,16.0,23.0,5.33,69.57,14.0,1,0,0,0,3,52.17,4.35
544,6,4,4,4,78.0,79.0,19.5,98.73,42.0,3,3,0,0,1,39.24,7.59
544,6,5,1,1,8.0,6.0,8.0,133.33,8.0,1,0,0,0,1,33.33,16.67
544,6,13,1,1,42.0,31.0,42.0,135.48,42.0,3,1,0,0,1,25.81,12.9
544,6,14,1,1,50.0,40.0,50.0,125.0,50.0,5,0,1,0,0,20.0,12.5
544,16,2,1,1,3.0,5.0,3.0,60.0,3.0,0,0,0,0,1,60.0,0.0
544,16,3,2,2,48.0,38.0,24.0,126.32,44.0,2,3,0,0,2,36.84,13.16
544,16,4,1,1,7.0,10.0,7.0,70.0,7.0,0,0,0,0,1,40.0,0.0
544,16,5,1,1,30.0,27.0,30.0,111.11,30.0,1,1,0,0,1,33.33,7.41
544,10,14,1,1,15.0,18.0,15.0,83.33,15.0,1,0,0,0,1,33.33,5.56
544,2,1,1,1,9.0,10.0,9.0,90.0,9.0,1,0,0,0,1,40.0,10.0
544,2,3,2,2,99.0,65.0,49.5,152.31,61.0,5,5,1,0,1,20.0,15.38
544,2,4,1,1,18.0,20.0,18.0,90.0,18.0,1,1,0,0,1,40.0,10.0
544,2,5,1,1,1.0,3.0,1.0,33.33,1.0,0,0,0,0,1,66.67,0.0
544,2,9,1,1,21.0,18.0,21.0,116.67,21.0,1,1,0,0,1,27.78,11.11
544,14,9,1,1,1.0,2.0,1.0,50.0,1.0,0,0,0,0,0,50.0,0.0
544,13,1,1,1,17.0,10.0,17.0,170.0,17.0,2,1,0,0,1,40.0,30.0
544,13,2,1,1,6.0,4.0,6.0,150.0,6.0,0,0,0,0,0,0.0,0.0
544,13,3,2,2,35.0,28.0,17.5,125.0,31.0,1,2,0,0,2,21.43,10.71
544,13,4,2,2,19.0,20.0,9.5,95.0,13.0,3,0,0,0,2,50.0,15.0
544,13,5,2,2,5.0,8.0,2.5,62.5,4.0,0,0,0,0,1,37.5,0.0
544,13,8,1,1,5.0,4.0,5.0,125.0,5.0,1,0,0,0,0,50.0,25.0
544,13,9,1,1,17.0,15.0,17.0,113.33,17.0,1,1,0,0,1,53.33,13.33
544,4,4,1,1,26.0,24.0,26.0,108.33,26.0,2,0,0,0,1,29.17,8.33
544,9,2,1,1,4.0,3.0,4.0,133.33,4.0,0,0,0,0,0,0.0,0.0
544,9,3,2,2,76.0,61.0,38.0,124.59,46.0,7,2,0,0,2,34.43,14.75
544,9,4,1,1,1.0,5.0,1.0,20.0,1.0,0,0,0,0,1,80.0,0.0
544,9,5,2,2,37.0,41.0,18.5,90.24,19.0,2,1,0,0,2,36.59,7.32
544,9,6,1,1,1.0,3.0,1.0,33.33,1.0,0,0,0,0,1,66.67,0.0
544,9,8,1,1,24.0,15.0,24.0,160.0,24.0,3,1,0,0,0,33.33,26.67
544,9,9,1,1,13.0,12.0,13.0,108.33,13.0,1,0,0,0,1,16.67,8.33
544,9,10,1,1,52.0,43.0,52.0,120.93,52.0,9,0,1,0,0,37.21,20.93
544,9,13,1,1,21.0,13.0,21.0,161.54,21.0,1,1,0,0,1,15.38,15.38
544,9,14,1,1,5.0,2.0,5.0,250.0,5.0,1,0,0,0,0,0.0,50.0
544,5,4,2,2,24.0,22.0,12.0,109.09,16.0,3,0,0,0,0,31.82,13.64
544,5,5,1,1,21.0,16.0,21.0,131.25,21.0,1,2,0,0,1,50.0,18.75
544,5,6,1,1,21.0,19.0,21.0,110.53,21.0,0,1,0,0,1,26.32,5.26
544,5,8,1,1,13.0,11.0,13.0,118.18,13.0,2,0,0,0,0,18.18,18.18
544,5,9,1,1,57.0,45.0,57.0,126.67,57.0,4,2,1,0,1,33.33,13.33
544,7,4,1,1,14.0,8.0,14.0,175.0,14.0,1,1,0,0,1,50.0,25.0
544,7,5,2,2,72.0,53.0,36.0,135.85,36.0,4,3,0,0,1,26.42,13.21
544,7,6,2,2,54.0,47.0,27.0,114.89,52.0,2,2,1,0,2,31.91,8.51
544,12,14,1,1,45.0,37.0,45.0,121.62,45.0,3,2,0,0,1,35.14,13.51
544,11,3,2,2,68.0,42.0,34.0,161.9,53.0,7,2,1,0,2,23.81,21.43
544,11,5,1,1,17.0,16.0,17.0,106.25,17.0,0,1,0,0,1,31.25,6.25
544,11,6,2,2,33.0,37.0,16.5,89.19,25.0,2,1,0,0,0,45.95,8.11
544,11,8,1,1,28.0,14.0,28.0,200.0,28.0,1,2,0,0,0,7.14,21.43
544,11,13,1,1,34.0,25.0,34.0,136.0,34.0,4,1,0,0,1,32.0,20.0
544,17,3,2,2,77.0,52.0,38.5,148.08,52.0,6,4,1,0,1,26.92,19.23
544,17,8,1,1,13.0,9.0,13.0,144.44,13.0,0,1,0,0,0,11.11,11.11
544,17,9,1,1,52.0,39.0,52.0,133.33,52.0,9,0,1,0,1,38.46,23.08
544,17,13,1,1,5.0,8.0,5.0,62.5,5.0,0,0,0,0,1,50.0,0.0
544,15,8,1,1,26.0,25.0,26.0,104.0,26.0,2,1,0,0,0,44.0,12.0
544,15,9,1,1,9.0,10.0,9.0,90.0,9.0,1,0,0,0,1,50.0,10.0
544,15,13,1,1,1.0,3.0,1.0,33.33,1.0,0,0,0,0,1,66.67,0.0
65,6,1,2,2,134.0,59.0,67.0,227.12,114.0,13,11,1,1,2,33.9,40.68
65,6,2,2,2,56.0,37.0,28.0,151.35,30.0,8,2,0,0,2,40.54,27.03
65,16,1,2,2,54.0,36.0,27.0,150.0,36.0,8,2,0,0,2,47.22,27.78
65,16,2,2,2,6.0,15.0,3.0,40.0,5.0,1,0,0,0,2,80.0,6.67
65,2,1,2,2,100.0,58.0,50.0,172.41,66.0,12,6,1,0,2,43.1,31.03
65,2,2,1,1,0.0,1.0,0.0,0.0,0.0,0,0,0,0,1,100.0,0.0
65,2,3,1,1,7.0,10.0,7.0,70.0,7.0,1,0,0,0,1,50.0,10.0
65,13,1,2,2,21.0,19.0,10.5,110.53,20.0,1,2,0,0,2,47.37,15.79
65,13,2,2,2,4.0,8.0,2.0,50.0,4.0,1,0,0,0,2,87.5,12.5
65,9,1,2,2,66.0,27.0,33.0,244.44,48.0,9,4,0,0,1,29.63,48.15
65,9,2,2,2,58.0,40.0,29.0,145.0,52.0,3,4,1,0,2,37.5,17.5
65,11,1,2,2,56.0,57.0,28.0,98.25,38.0,5,1,0,0,2,45.61,10.53
65,11,2,1,1,16.0,21.0,16.0,76.19,16.0,0,0,0,0,1,38.1,0.0
65,11,3,2,2,24.0,16.0,12.0,150.0,23.0,3,1,0,0,2,50.0,25.0
65,17,1,2,2,83.0,53.0,41.5,156.6,54.0,9,5,1,0,2,41.51,26.42
65,17,2,2,2,81.0,70.0,40.5,115.71,52.0,10,1,1,0,2,50.0,15.71
65,17,3,1,1,2.0,5.0,2.0,40.0,2.0,0,0,0,0,1,60.0,0.0
757,6,4,1,1,7.0,7.0,7.0,100.0,7.0,0,0,0,0,0,28.57,0.0
757,6,5,1,1,27.0,18.0,27.0,150.0,27.0,3,1,0,0,1,33.33,22.22
757,6,6,2,2,77.0,45.0,38.5,171.11,41.0,5,4,0,0,0,22.22,20.0
757,6,7,2,2,30.0,28.0,15.0,107.14,22.0,0,2,0,0,2,42.86,7.14
757,6,11,2,2,32.0,25.0,16.0,128.0,22.0,2,1,0,0,2,32.0,12.0
757,16,5,1,1,7.0,8.0,7.0,87.5,7.0,1,0,0,0,1,50.0,12.5
757,10,12,2,2,19.0,14.0,9.5,135.71,19.0,2,0,0,0,2,35.71,14.29
757,2,6,1,1,40.0,20.0,40.0,200.0,40.0,2,3,0,0,1,15.0,25.0
757,2,7,1,1,0.0,2.0,0.0,0.0,0.0,0,0,0,0,1,100.0,0.0
757,2,8,1,1,1.0,2.0,1.0,50.0,1.0,0,0,0,0,1,50.0,0.0
757,2,9,1,1,16.0,11.0,16.0,145.45,16.0,2,0,0,0,0,36.36,18.18
757,2,10,1,1,16.0,18.0,16.0,88.89,16.0,1,0,0,0,1,33.33,5.56
757,14,9,1,1,21.0,15.0,21.0,140.0,21.0,2,1,0,0,1,40.0,20.0
757,13,4,1,1,30.0,24.0,30.0,125.0,30.0,2,1,0,0,1,33.33,12.5
757,13,5,1,1,0.0,1.0,0.0,0.0,0.0,0,0,0,0,1,100.0,0.0
757,13,6,1,1,0.0,4.0,0.0,0.0,0.0,0,0,0,0,1,100.0,0.0
757,13,7,2,2,19.0,18.0,9.5,105.56,12.0,0,1,0,0,2,38.89,5.56
757,13,8,2,2,25.0,20.0,12.5,125.0,13.0,3,1,0,0,1,35.0,20.0
757,13,10,1,1,18.0,20.0,18.0,90.0,18.0,1,1,0,0,0,45.0,10.0
757,13,11,1,1,11.0,7.0,11.0,157.14,11.0,0,1,0,0,0,28.57,14.29
757,13,12,1,1,33.0,11.0,33.0,300.0,33.0,2,3,0,0,0,18.18,45.45
757,9,3,1,1,8.0,5.0,8.0,160.0,8.0,1,0,0,0,1,20.0,20.0
757,9,6,2,2,17.0,16.0,8.5,106.25,14.0,3,0,0,0,1,50.0,18.75
757,9,7,2,2,11.0,10.0,5.5,110.0,11.0,0,1,0,0,2,40.0,10.0
757,9,9,1,1,16.0,4.0,16.0,400.0,16.0,1,2,0,0,1,25.0,75.0
757,9,10,1,1,8.0,9.0,8.0,88.89,8.0,2,0,0,0,1,77.78,22.22
757,9,11,2,2,1.0,7.0,0.5,14.29,1.0,0,0,0,0,2,85.71,0.0
757,9,12,1,1,11.0,11.0,11.0,100.0,11.0,0,1,0,0,1,63.64,9.09
757,5,5,1,1,30.0,17.0,30.0,176.47,30.0,3,2,0,0,1,41.18,29.41
757,5,6,3,3,68.0,50.0,22.67,136.0,37.0,6,2,0,0,1,28.0,16.0
757,5,7,1,1,2.0,10.0,2.0,20.0,2.0,0,0,0,0,1,80.0,0.0
757,5,8,1,1,9.0,6.0,9.0,150.0,9.0,1,0,0,0,1,0.0,16.67
757,5,9,1,1,1.0,2.0,1.0,50.0,1.0,0,0,0,0,1,50.0,0.0
757,5,10,1,1,6.0,4.0,6.0,150.0,6.0,0,0,0,0,0,25.0,0.0
757,5,12,1,1,7.0,4.0,7.0,175.0,7.0,1,0,0,0,0,0.0,25.0
757,7,5,1,1,6.0,5.0,6.0,120.0,6.0,0,0,0,0,0,20.0,0.0
757,7,6,2,2,33.0,17.0,16.5,194.12,32.0,2,2,0,0,1,23.53,23.53
757,3,10,2,2,19.0,15.0,9.5,126.67,18.0,2,1,0,0,2,46.67,20.0
757,17,5,1,1,20.0,18.0,20.0,111.11,20.0,2,0,0,0,0,27.78,11.11
757,17,6,2,2,39.0,23.0,19.5,169.57,33.0,5,1,0,0,1,26.09,26.09
757,17,7,1,1,1.0,2.0,1.0,50.0,1.0,0,0,0,0,1,50.0,0.0
757,17,8,2,2,20.0,21.0,10.0,95.24,20.0,2,0,0,0,2,38.1,9.52
757,15,6,3,3,19.0,24.0,6.33,79.17,9.0,2,0,0,0,2,45.83,8.33
757,15,7,2,2,60.0,51.0,30.0,117.65,48.0,4,1,0,0,0,27.45,9.8
757,15,8,2,2,19.0,17.0,9.5,111.76,16.0,1,0,0,0,0,11.76,5.88
757,15,9,1,1,9.0,7.0,9.0,128.57,9.0,0,1,0,0,1,28.57,14.29
757,15,10,1,1,11.0,10.0,11.0,110.0,11.0,0,1,0,0,1,40.0,10.0
332,1,17,1,1,9.0,9.0,9.0,100.0,9.0,2,0,0,0,0,55.56,22.22
332,9,17,1,1,7.0,6.0,7.0,116.67,7.0,0,1,0,0,1,50.0,16.67
332,12,17,1,1,2.0,9.0,2.0,22.22,2.0,0,0,0,0,1,66.67,0.0
44,6,5,1,1,0.0,1.0,0.0,0.0,0.0,0,0,0,0,1,100.0,0.0
738,6,4,1,1,20.0,11.0,20.0,181.82,20.0,2,1,0,0,1,18.18,27.27
738,2,4,1,1,2.0,4.0,2.0,50.0,2.0,0,0,0,0,1,50.0,0.0
738,7,4,1,1,12.0,6.0,12.0,200.0,12.0,3,0,0,0,1,50.0,50.0
738,11,4,1,1,5.0,5.0,5.0,100.0,5.0,1,0,0,0,0,40.0,20.0
738,17,4,1,1,4.0,5.0,4.0,80.0,4.0,0,0,0,0,1,40.0,0.0
131,6,18,1,1,1.0,3.0,1.0,33.33,1.0,0,0,0,0,1,66.67,0.0
131,9,18,1,1,4.0,4.0,4.0,100.0,4.0,0,0,0,0,1,25.0,0.0
131,11,18,1,1,2.0,4.0,2.0,50.0,2.0,0,0,0,0,1,25.0,0.0
502,6,6,1,1,0.0,5.0,0.0,0.0,0.0,0,0,0,0,1,100.0,0.0
502,6,7,1,1,16.0,16.0,16.0,100.0,16.0,0,2,0,0,1,68.75,12.5
502,6,8,1,1,26.0,17.0,26.0,152.94,26.0,1,2,0,0,1,23.53,17.65
502,6,11,2,2,23.0,25.0,11.5,92.0,21.0,2,0,0,0,2,48.0,8.0
502,6,12,2,2,14.0,16.0,7.0,87.5,8.0,2,0,0,0,2,56.25,12.5
502,6,13,2,2,74.0,35.0,37.0,211.43,74.0,1,9,1,0,2,31.43,28.57
502,6,14,2,2,29.0,29.0,14.5,100.0,28.0,4,0,0,0,2,44.83,13.79
502,6,15,1,1,15.0,20.0,15.0,75.0,15.0,2,0,0,0,1,55.0,10.0
502,6,16,2,2,17.0,19.0,8.5,89.47,17.0,1,0,0,0,2,42.11,5.26
502,6,17,1,1,15.0,19.0,15.0,78.95,15.0,0,0,0,0,1,31.58,0.0
502,6,18,2,2,61.0,47.0,30.5,129.79,41.0,4,3,0,0,2,27.66,14.89
502,10,12,1,1,5.0,8.0,5.0,62.5,5.0,0,0,0,0,1,50.0,0.0
502,10,13,2,2,30.0,27.0,15.0,111.11,25.0,0,2,0,0,2,29.63,7.41
502,10,14,2,2,74.0,56.0,37.0,132.14,70.0,9,1,1,0,1,32.14,17.86
502,10,15,2,2,52.0,23.0,26.0,226.09,46.0,6,3,0,0,1,21.74,39.13
502,10,16,1,1,0.0,4.0,0.0,0.0,0.0,0,0,0,0,1,100.0,0.0
502,10,17,2,2,101.0,60.0,50.5,168.33,86.0,11,6,1,0,2,35.0,28.33
502,10,18,1,1,31.0,19.0,31.0,163.16,31.0,2,3,0,0,1,42.11,26.32
502,2,7,2,2,74.0,53.0,37.0,139.62,40.0,4,5,0,0,2,35.85,16.98
502,2,8,1,1,11.0,12.0,11.0,91.67,11.0,1,0,0,0,1,50.0,8.33
502,2,11,2,2,40.0,27.0,20.0,148.15,37.0,2,2,0,0,2,22.22,14.81
502,14,9,2,2,20.0,19.0,10.0,105.26,19.0,1,1,0,0,1,36.84,10.53
502,14,10,2,2,71.0,38.0,35.5,186.84,61.0,2,7,1,0,2,23.68,23.68
502,1,15,3,3,72.0,48.0,24.0,150.0,47.0,7,4,0,0,3,39.58,22.92
502,1,16,2,2,90.0,52.0,45.0,173.08,60.0,6,7,1,0,3,32.69,25.0
502,1,17,1,1,68.0,38.0,68.0,178.95,68.0,7,2,1,0,0,18.42,23.68
502,1,18,1,1,41.0,28.0,41.0,146.43,41.0,4,2,0,0,1,32.14,21.43
502,13,6,2,2,74.0,56.0,37.0,132.14,47.0,8,1,0,0,0,26.79,16.07
502,13,7,2,2,82.0,63.0,41.0,130.16,52.0,5,5,1,0,2,36.51,15.87
502,13,8,2,2,10.0,8.0,5.0,125.0,5.0,1,0,0,0,1,37.5,12.5
502,13,9,2,2,82.0,67.0,41.0,122.39,49.0,7,2,0,0,2,32.84,13.43
502,13,10,2,2,24.0,32.0,12.0,75.0,19.0,3,1,0,0,2,68.75,12.5
502,13,11,2,2,50.0,41.0,25.0,121.95,28.0,3,2,0,0,2,24.39,12.2
502,13,12,2,2,57.0,46.0,28.5,123.91,30.0,2,1,0,0,3,15.22,6.52
502,13,13,2,2,133.0,67.0,66.5,198.51,85.0,8,10,1,0,1,20.9,26.87
502,9,6,1,1,40.0,36.0,40.0,111.11,40.0,1,2,0,0,1,27.78,8.33
502,9,7,2,2,57.0,50.0,28.5,114.0,37.0,7,0,0,0,2,36.0,14.0
502,9,8,1,1,8.0,9.0,8.0,88.89,8.0,1,0,0,0,1,66.67,11.11
502,9,9,2,2,30.0,28.0,15.0,107.14,15.0,4,0,0,0,2,39.29,14.29
502,9,10,2,2,99.0,63.0,49.5,157.14,60.0,11,3,1,0,2,25.4,22.22
502,9,11,3,3,69.0,56.0,23.0,123.21,50.0,7,2,1,0,3,39.29,16.07
502,9,12,1,1,22.0,15.0,22.0,146.67,22.0,0,2,0,0,1,33.33,13.33
502,9,13,2,2,9.0,13.0,4.5,69.23,8.0,1,0,0,0,2,61.54,7.69
502,9,14,2,2,43.0,45.0,21.5,95.56,42.0,2,1,0,0,1,26.67,6.67
502,9,15,2,2,92.0,68.0,46.0,135.29,54.0,10,3,1,0,2,33.82,19.12
502,9,16,1,1,48.0,29.0,48.0,165.52,48.0,2,5,0,0,0,41.38,24.14
502,9,17,1,1,12.0,8.0,12.0,150.0,12.0,2,0,0,0,1,25.0,25.0
502,9,18,1,1,13.0,11.0,13.0,118.18,13.0,2,0,0,0,1,45.45,18.18
502,18,15,2,2,45.0,36.0,22.5,125.0,32.0,8,0,0,0,2,47.22,22.22
502,18,16,1,1,2.0,4.0,2.0,50.0,2.0,0,0,0,0,0,50.0,0.0
502,18,17,2,2,153.0,85.0,76.5,180.0,82.0,10,10,2,0,0,17.65,23.53
502,5,6,2,2,4.0,6.0,2.0,66.67,4.0,1,0,0,0,2,83.33,16.67
502,5,7,2,2,76.0,52.0,38.0,146.15,74.0,7,3,1,0,2,34.62,19.23
502,5,8,2,2,93.0,62.0,46.5,150.0,76.0,10,3,1,0,2,30.65,20.97
502,5,9,2,2,66.0,59.0,33.0,111.86,60.0,4,2,1,0,1,30.51,10.17
502,5,10,2,2,9.0,7.0,4.5,128.57,9.0,2,0,0,0,2,57.14,28.57
502,5,11,2,2,78.0,53.0,39.0,147.17,52.0,6,2,1,0,2,22.64,15.09
502,5,12,2,2,66.0,45.0,33.0,146.67,35.0,8,2,0,0,2,33.33,22.22
502,5,13,2,2,54.0,34.0,27.0,158.82,54.0,4,3,1,0,1,26.47,20.59
502,5,14,2,2,45.0,33.0,22.5,136.36,42.0,5,0,0,0,2,15.15,15.15
502,5,15,2,2,46.0,28.0,23.0,164.29,30.0,1,5,0,0,2,42.86,21.43
502,5,16,1,1,14.0,10.0,14.0,140.0,14.0,1,1,0,0,1,40.0,20.0
502,5,17,2,2,50.0,38.0,25.0,131.58,38.0,5,2,0,0,1,36.84,18.42
502,7,6,1,1,10.0,6.0,10.0,166.67,10.0,2,0,0,0,1,33.33,33.33
502,12,14,2,2,123.0,68.0,61.5,180.88,119.0,12,7,1,1,2,27.94,27.94
502,12,15,1,1,23.0,12.0,23.0,191.67,23.0,4,0,0,0,1,8.33,33.33
502,12,16,2,2,44.0,28.0,22.0,157.14,42.0,5,1,0,0,2,25.0,21.43
502,12,17,2,2,36.0,29.0,18.0,124.14,18.0,4,1,0,0,2,37.93,17.24
502,12,18,2,2,58.0,42.0,29.0,138.1,38.0,7,1,0,0,2,30.95,19.05
502,3,9,2,2,30.0,30.0,15.0,100.0,20.0,3,0,0,0,2,40.0,10.0
502,3,10,2,2,104.0,67.0,52.0,155.22,102.0,8,5,1,1,1,26.87,19.4
502,17,6,1,1,63.0,41.0,63.0,153.66,63.0,7,2,1,0,1,34.15,21.95
502,17,7,2,2,15.0,14.0,7.5,107.14,13.0,1,1,0,0,2,42.86,14.29
502,17,8,2,2,9.0,15.0,4.5,60.0,5.0,0,0,0,0,2,53.33,0.0
502,17,9,2,2,26.0,26.0,13.0,100.0,17.0,1,1,0,0,2,38.46,7.69
502,17,10,2,2,13.0,14.0,6.5,92.86,13.0,1,0,0,0,2,35.71,7.14
502,17,11,2,2,92.0,46.0,46.0,200.0,92.0,2,10,1,0,1,23.91,26.09
502,17,12,1,1,28.0,13.0,28.0,215.38,28.0,2,3,0,0,1,46.15,38.46
502,17,13,2,2,13.0,9.0,6.5,144.44,9.0,1,1,0,0,2,44.44,22.22
502,17,14,2,2,40.0,33.0,20.0,121.21,21.0,2,3,0,0,2,45.45,15.15
502,17,15,3,3,58.0,50.0,19.33,116.0,27.0,2,6,0,0,3,56.0,16.0
502,17,16,2,2,26.0,20.0,13.0,130.0,22.0,3,1,0,0,2,40.0,20.0
502,8,17,2,2,86.0,55.0,43.0,156.36,69.0,8,3,1,0,2,23.64,20.0
502,8,18,1,1,15.0,19.0,15.0,78.95,15.0,1,0,0,0,1,42.11,5.26
502,15,6,2,2,15.0,28.0,7.5,53.57,10.0,0,0,0,0,2,50.0,0.0
502,15,7,2,2,19.0,25.0,9.5,76.0,16.0,1,1,0,0,2,56.0,8.0
502,15,8,2,2,47.0,40.0,23.5,117.5,26.0,2,3,0,0,2,40.0,12.5
502,15,9,2,2,37.0,30.0,18.5,123.33,34.0,0,2,0,0,0,26.67,6.67
502,15,10,2,2,66.0,52.0,33.0,126.92,42.0,5,3,0,0,3,34.62,15.38
502,15,11,2,2,89.0,72.0,44.5,123.61,49.0,8,1,0,0,2,30.56,12.5
502,15,12,2,2,150.0,87.0,75.0,172.41,102.0,14,5,1,1,0,17.24,21.84
502,15,13,2,2,62.0,51.0,31.0,121.57,36.0,6,1,0,0,2,35.29,13.73
502,15,14,2,2,130.0,90.0,65.0,144.44,82.0,11,5,1,0,2,25.56,17.78
502,15,15,1,1,55.0,27.0,55.0,203.7,55.0,3,5,1,0,1,29.63,29.63
502,15,16,2,2,121.0,70.0,60.5,172.86,66.0,7,9,2,0,1,24.29,22.86
502,15,17,2,2,10.0,14.0,5.0,71.43,10.0,1,0,0,0,2,57.14,7.14
502,15,18,1,1,66.0,37.0,66.0,178.38,66.0,7,4,1,0,1,35.14,29.73
535,6,15,1,1,25.0,22.0,25.0,113.64,25.0,1,1,0,0,1,36.36,9.09
535,10,15,1,1,15.0,9.0,15.0,166.67,15.0,1,1,0,0,1,33.33,22.22
535,2,11,1,1,1.0,5.0,1.0,20.0,1.0,0,0,0,0,1,80.0,0.0
535,1,15,1,1,4.0,4.0,4.0,100.0,4.0,1,0,0,0,1,75.0,25.0
535,13,9,1,1,6.0,9.0,6.0,66.67,6.0,0,0,0,0,1,44.44,0.0
535,13,10,2,2,55.0,42.0,27.5,130.95,55.0,9,0,1,0,2,30.95,21.43
535,13,11,2,2,9.0,9.0,4.5,100.0,9.0,1,0,0,0,2,55.56,11.11
535,9,9,1,1,54.0,34.0,54.0,158.82,54.0,3,2,1,0,1,11.76,14.71
535,9,10,1,1,21.0,17.0,21.0,123.53,21.0,2,0,0,0,1,17.65,11.76
535,9,11,1,1,56.0,23.0,56.0,243.48,56.0,2,5,1,0,1,4.35,30.43
535,18,15,1,1,36.0,24.0,36.0,150.0,36.0,2,3,0,0,1,29.17,20.83
535,5,11,1,1,3.0,5.0,3.0,60.0,3.0,0,0,0,0,1,40.0,0.0
535,5,15,1,1,17.0,12.0,17.0,141.67,17.0,0,2,0,0,1,41.67,16.67
535,12,15,1,1,24.0,23.0,24.0,104.35,24.0,1,1,0,0,0,39.13,8.7
535,11,11,2,2,30.0,29.0,15.0,103.45,27.0,3,0,0,0,2,37.93,10.34
535,3,9,1,1,24.0,15.0,24.0,160.0,24.0,1,2,0,0,1,26.67,20.0
535,3,10,1,1,24.0,17.0,24.0,141.18,24.0,4,0,0,0,1,29.41,23.53
535,17,9,1,1,4.0,6.0,4.0,66.67,4.0,0,0,0,0,1,50.0,0.0
535,17,10,1,1,25.0,19.0,25.0,131.58,25.0,1,1,0,0,1,26.32,10.53
535,17,11,1,1,9.0,7.0,9.0,128.57,9.0,2,0,0,0,1,57.14,28.57
535,17,15,1,1,14.0,15.0,14.0,93.33,14.0,0,1,0,0,1,53.33,6.67
535,15,10,1,1,13.0,9.0,13.0,144.44,13.0,3,0,0,0,1,55.56,33.33
535,15,12,1,1,0.0,4.0,0.0,0.0,0.0,0,0,0,0,1,100.0,0.0
535,15,15,1,1,34.0,29.0,34.0,117.24,34.0,3,1,0,0,1,31.03,13.79
541,6,3,1,1,1.0,1.0,1.0,100.0,1.0,0,0,0,0,0,0.0,0.0
541,2,3,1,1,11.0,12.0,11.0,91.67,11.0,0,1,0,0,1,50.0,8.33
541,4,4,1,1,10.0,9.0,10.0,111.11,10.0,1,0,0,0,0,22.22,11.11
541,9,4,1,1,0.0,1.0,0.0,0.0,0.0,0,0,0,0,1,100.0,0.0
541,17,6,1,1,1.0,3.0,1.0,33.33,1.0,0,0,0,0,1,66.67,0.0
489,10,17,1,1,0.0,1.0,0.0,0.0,0.0,0,0,0,0,1,100.0,0.0
489,1,16,1,1,2.0,4.0,2.0,50.0,2.0,0,0,0,0,0,50.0,0.0
489,1,17,1,1,15.0,9.0,15.0,166.67,15.0,2,1,0,0,0,44.44,33.33
489,9,9,1,1,0.0,1.0,0.0,0.0,0.0,0,0,0,0,1,100.0,0.0
489,9,10,1,1,2.0,2.0,2.0,100.0,2.0,0,0,0,0,1,50.0,0.0
489,12,17,1,1,1.0,1.0,1.0,100.0,1.0,0,0,0,0,0,0.0,0.0
489,11,17,1,1,9.0,4.0,9.0,225.0,9.0,0,1,0,0,0,0.0,25.0
489,3,10,1,1,10.0,17.0,10.0,58.82,10.0,0,0,0,0,1,47.06,0.0
489,15,17,1,1,12.0,6.0,12.0,200.0,12.0,1,1,0,0,1,33.33,33.33
324,1,17,1,1,1.0,1.0,1.0,100.0,1.0,0,0,0,0,0,0.0,0.0
316,17,13,2,2,18.0,20.0,9.0,90.0,10.0,1,1,0,0,2,55.0,10.0
192,9,2,1,1,0.0,1.0,0.0,0.0,0.0,0,0,0,0,0,100.0,0.0
192,17,2,1,1,11.0,15.0,11.0,73.33,11.0,0,1,0,0,1,60.0,6.67
120,12,17,1,1,18.0,23.0,18.0,78.26,18.0,2,1,0,0,1,69.57,13.04
120,8,17,1,1,20.0,15.0,20.0,133.33,20.0,4,0,0,0,1,40.0,26.67
120,15,17,1,1,10.0,16.0,10.0,62.5,10.0,1,0,0,0,1,62.5,6.25
402,6,1,1,1,3.0,3.0,3.0,100.0,3.0,0,0,0,0,1,0.0,0.0
402,2,1,1,1,7.0,12.0,7.0,58.33,7.0,0,1,0,0,1,83.33,8.33
402,9,2,1,1,1.0,4.0,1.0,25.0,1.0,0,0,0,0,1,75.0,0.0
169,6,13,1,1,0.0,1.0,0.0,0.0,0.0,0,0,0,0,0,100.0,0.0
169,17,13,1,1,3.0,4.0,3.0,75.0,3.0,0,0,0,0,0,25.0,0.0
68,10,14,1,1,2.0,4.0,2.0,50.0,2.0,0,0,0,0,0,50.0,0.0
664,6,15,1,1,0.0,2.0,0.0,0.0,0.0,0,0,0,0,1,100.0,0.0
664,6,16,2,2,25.0,31.0,12.5,80.65,20.0,2,0,0,0,2,45.16,6.45
664,6,17,1,1,0.0,2.0,0.0,0.0,0.0,0,0,0,0,1,100.0,0.0
664,6,18,1,1,24.0,12.0,24.0,200.0,24.0,2,1,0,0,0,8.33,25.0
664,1,17,1,1,26.0,7.0,26.0,371.43,26.0,3,2,0,0,0,0.0,71.43
664,1,18,2,2,52.0,31.0,26.0,167.74,31.0,2,3,0,0,1,12.9,16.13
664,9,17,2,2,58.0,39.0,29.0,148.72,54.0,4,4,1,0,2,30.77,20.51
664,9,18,1,1,1.0,3.0,1.0,33.33,1.0,0,0,0,0,1,66.67,0.0
664,18,17,2,2,72.0,34.0,36.0,211.76,57.0,3,5,1,0,0,11.76,23.53
664,18,18,1,1,34.0,22.0,34.0,154.55,34.0,1,3,0,0,1,27.27,18.18
664,5,17,2,2,119.0,50.0,59.5,238.0,71.0,9,9,1,0,0,12.0,36.0
664,5,18,2,2,3.0,8.0,1.5,37.5,2.0,0,0,0,0,2,62.5,0.0
664,12,17,1,1,5.0,8.0,5.0,62.5,5.0,0,0,0,0,1,50.0,0.0
664,12,18,1,1,18.0,14.0,18.0,128.57,18.0,2,0,0,0,0,21.43,14.29
664,11,17,2,2,85.0,43.0,42.5,197.67,44.0,5,6,0,0,1,13.95,25.58
664,11,18,1,2,40.0,19.0,40.0,210.53,40.0,2,3,0,0,0,10.53,26.32
664,8,17,1,1,3.0,4.0,3.0,75.0,3.0,0,0,0,0,0,25.0,0.0
664,8,18,2,2,72.0,41.0,36.0,175.61,38.0,9,2,0,0,2,14.63,26.83
664,15,15,1,1,2.0,2.0,2.0,100.0,2.0,0,0,0,0,0,0.0,0.0
664,15,17,1,1,10.0,11.0,10.0,90.91,10.0,0,0,0,0,1,27.27,0.0
664,15,18,2,2,62.0,50.0,31.0,124.0,41.0,7,0,0,0,1,22.0,14.0
572,16,1,1,1,9.0,5.0,9.0,180.0,9.0,1,0,0,0,1,20.0,20.0
572,2,1,1,1,7.0,9.0,7.0,77.78,7.0,0,0,0,0,1,33.33,0.0
572,17,1,1,1,15.0,12.0,15.0,125.0,15.0,2,0,0,0,1,41.67,16.67
776,16,3,1,1,8.0,8.0,8.0,100.0,8.0,0,0,0,0,1,37.5,0.0
776,13,2,1,1,1.0,5.0,1.0,20.0,1.0,0,0,0,0,1,80.0,0.0
776,5,2,1,1,1.0,2.0,1.0,50.0,1.0,0,0,0,0,0,50.0,0.0
776,11,3,1,1,2.0,3.0,2.0,66.67,2.0,0,0,0,0,0,33.33,0.0
292,6,12,2,2,7.0,4.0,3.5,175.0,6.0,0,1,0,0,1,50.0,25.0
292,6,13,1,1,0.0,1.0,0.0,0.0,0.0,0,0,0,0,1,100.0,0.0
292,6,18,1,1,1.0,2.0,1.0,50.0,1.0,0,0,0,0,1,50.0,0.0
292,10,14,1,1,1.0,1.0,1.0,100.0,1.0,0,0,0,0,0,0.0,0.0
292,10,15,1,1,3.0,3.0,3.0,100.0,3.0,0,0,0,0,0,0.0,0.0
292,10,17,1,1,2.0,3.0,2.0,66.67,2.0,0,0,0,0,0,33.33,0.0
292,1,15,1,1,11.0,7.0,11.0,157.14,11.0,0,1,0,0,1,28.57,14.29
292,1,16,2,2,15.0,12.0,7.5,125.0,15.0,1,1,0,0,1,41.67,16.67
292,9,11,1,1,0.0,2.0,0.0,0.0,0.0,0,0,0,0,1,100.0,0.0
292,9,17,1,1,0.0,1.0,0.0,0.0,0.0,0,0,0,0,0,100.0,0.0
292,18,15,2,2,19.0,10.0,9.5,190.0,17.0,2,0,0,0,0,10.0,20.0
292,5,10,1,1,5.0,8.0,5.0,62.5,5.0,0,0,0,0,0,62.5,0.0
292,5,15,2,2,2.0,2.0,1.0,100.0,1.0,0,0,0,0,0,0.0,0.0
292,5,16,1,1,0.0,0.0,0.0,,0.0,0,0,0,0,0,0.0,
292,12,16,1,1,1.0,2.0,1.0,50.0,1.0,0,0,0,0,0,50.0,0.0
292,12,17,1,1,12.0,9.0,12.0,133.33,12.0,2,0,0,0,1,44.44,22.22
292,17,14,1,1,0.0,3.0,0.0,0.0,0.0,0,0,0,0,0,100.0,0.0
292,17,15,1,1,5.0,7.0,5.0,71.43,5.0,0,0,0,0,1,42.86,0.0
292,8,18,1,1,1.0,1.0,1.0,100.0,1.0,0,0,0,0,0,0.0,0.0
292,15,17,1,1,0.0,3.0,0.0,0.0,0.0,0,0,0,0,0,100.0,0.0
473,12,17,1,1,24.0,31.0,24.0,77.42,24.0,3,0,0,0,1,54.84,9.68
29,5,4,1,1,2.0,9.0,2.0,22.22,2.0,0,0,0,0,1,66.67,0.0
29,17,4,1,1,8.0,17.0,8.0,47.06,8.0,0,0,0,0,1,47.06,0.0
439,6,7,1,1,4.0,4.0,4.0,100.0,4.0,1,0,0,0,1,75.0,25.0
439,6,11,1,1,36.0,26.0,36.0,138.46,36.0,3,1,0,0,0,38.46,15.38
439,10,12,1,1,9.0,9.0,9.0,100.0,9.0,0,0,0,0,0,22.22,0.0
439,10,14,1,1,3.0,5.0,3.0,60.0,3.0,0,0,0,0,1,60.0,0.0
439,10,15,1,1,0.0,1.0,0.0,0.0,0.0,0,0,0,0,1,100.0,0.0
439,2,8,1,1,7.0,4.0,7.0,175.0,7.0,1,0,0,0,0,25.0,25.0
439,2,9,1,1,1.0,1.0,1.0,100.0,1.0,0,0,0,0,0,0.0,0.0
439,14,9,1,1,25.0,11.0,25.0,227.27,25.0,1,2,0,0,1,9.09,27.27
439,1,15,1,1,1.0,1.0,1.0,100.0,1.0,0,0,0,0,0,0.0,0.0
439,13,9,1,1,1.0,3.0,1.0,33.33,1.0,0,0,0,0,1,66.67,0.0
439,18,15,1,1,0.0,1.0,0.0,0.0,0.0,0,0,0,0,1,100.0,0.0
439,5,8,1,1,6.0,5.0,6.0,120.0,6.0,0,0,0,0,0,0.0,0.0
439,5,11,1,1,1.0,2.0,1.0,50.0,1.0,0,0,0,0,1,50.0,0.0
439,5,15,1,1,0.0,4.0,0.0,0.0,0.0,0,0,0,0,1,100.0,0.0
439,11,11,1,1,14.0,17.0,14.0,82.35,14.0,2,0,0,0,1,58.82,11.76
439,3,10,1,1,7.0,3.0,7.0,233.33,7.0,0,1,0,0,0,33.33,33.33
439,17,15,1,1,1.0,5.0,1.0,20.0,1.0,0,0,0,0,1,80.0,0.0
439,15,9,1,1,3.0,4.0,3.0,75.0,3.0,0,0,0,0,1,25.0,0.0
439,15,11,1,1,1.0,1.0,1.0,100.0,1.0,0,0,0,0,0,0.0,0.0
67,6,14,1,1,1.0,3.0,1.0,33.33,1.0,0,0,0,0,1,66.67,0.0
67,6,15,1,1,16.0,7.0,16.0,228.57,16.0,0,2,0,0,0,14.29,28.57
67,6,16,2,2,33.0,26.0,16.5,126.92,31.0,1,2,0,0,2,26.92,11.54
67,6,17,1,1,13.0,5.0,13.0,260.0,13.0,0,2,0,0,1,40.0,40.0
67,6,18,2,2,24.0,11.0,12.0,218.18,22.0,1,3,0,0,0,45.45,36.36
67,10,15,2,2,46.0,19.0,23.0,242.11,34.0,2,5,0,0,2,26.32,36.84
67,10,16,1,1,13.0,11.0,13.0,118.18,13.0,0,1,0,0,0,45.45,9.09
67,10,17,2,2,82.0,38.0,41.0,215.79,45.0,4,7,0,0,1,13.16,28.95
67,10,18,2,2,56.0,25.0,28.0,224.0,37.0,5,5,0,0,0,36.0,40.0
67,1,15,1,1,44.0,21.0,44.0,209.52,44.0,2,4,0,0,0,28.57,28.57
67,1,16,3,3,7.0,8.0,2.33,87.5,5.0,1,0,0,0,3,50.0,12.5
67,1,17,1,1,11.0,10.0,11.0,110.0,11.0,1,0,0,0,1,40.0,10.0
67,1,18,1,1,32.0,18.0,32.0,177.78,32.0,3,2,0,0,1,33.33,27.78
67,9,15,1,1,13.0,9.0,13.0,144.44,13.0,3,0,0,0,1,55.56,33.33
67,9,16,1,1,24.0,13.0,24.0,184.62,24.0,1,2,0,0,0,23.08,23.08
67,9,17,2,2,24.0,23.0,12.0,104.35,24.0,1,1,0,0,2,30.43,8.7
67,18,16,2,2,45.0,32.0,22.5,140.62,32.0,2,3,0,0,1,28.12,15.62
67,18,17,1,1,35.0,18.0,35.0,194.44,35.0,3,1,0,0,0,16.67,22.22
67,5,18,1,1,1.0,1.0,1.0,100.0,1.0,0,0,0,0,0,0.0,0.0
67,12,16,2,2,44.0,23.0,22.0,191.3,25.0,3,2,0,0,0,8.7,21.74
67,12,17,1,1,14.0,7.0,14.0,200.0,14.0,2,1,0,0,1,28.57,42.86
67,12,18,1,1,50.0,26.0,50.0,192.31,50.0,5,3,1,0,0,34.62,30.77
67,11,15,2,2,21.0,12.0,10.5,175.0,20.0,2,1,0,0,1,16.67,25.0
67,11,16,1,1,45.0,14.0,45.0,321.43,45.0,2,5,0,0,0,14.29,50.0
67,11,17,2,2,20.0,29.0,10.0,68.97,17.0,1,0,0,0,2,51.72,3.45
67,11,18,1,1,23.0,15.0,23.0,153.33,23.0,2,1,0,0,1,33.33,20.0
67,17,16,2,2,4.0,8.0,2.0,50.0,4.0,0,0,0,0,2,50.0,0.0
67,15,15,1,1,46.0,18.0,46.0,255.56,46.0,3,4,0,0,2,16.67,38.89
67,15,16,1,1,16.0,11.0,16.0,145.45,16.0,2,0,0,0,0,18.18,18.18
67,15,17,1,1,42.0,22.0,42.0,190.91,42.0,2,3,0,0,0,18.18,22.73
67,15,18,1,1,1.0,5.0,1.0,20.0,1.0,0,0,0,0,1,80.0,0.0
69,6,15,2,2,85.0,75.0,42.5,113.33,51.0,7,2,1,0,0,33.33,12.0
69,6,16,1,1,22.0,18.0,22.0,122.22,22.0,2,1,0,0,1,38.89,16.67
69,6,17,1,1,31.0,20.0,31.0,155.0,31.0,5,0,0,0,1,25.0,25.0
69,6,18,1,1,31.0,25.0,31.0,124.0,31.0,2,2,0,0,1,40.0,16.0
69,10,15,2,2,43.0,32.0,21.5,134.38,22.0,4,1,0,0,2,21.88,15.62
69,10,16,1,1,41.0,29.0,41.0,141.38,41.0,1,4,0,0,1,37.93,17.24
69,10,17,2,2,69.0,37.0,34.5,186.49,63.0,5,4,1,0,2,10.81,24.32
69,10,18,2,2,86.0,60.0,43.0,143.33,59.0,7,4,1,0,2,35.0,18.33
69,1,15,1,1,21.0,16.0,21.0,131.25,21.0,2,0,0,0,1,18.75,12.5
69,1,16,2,2,45.0,17.0,22.5,264.71,43.0,5,3,0,0,2,23.53,47.06
69,1,17,1,1,25.0,19.0,25.0,131.58,25.0,1,1,0,0,1,31.58,10.53
69,1,18,3,3,71.0,54.0,23.67,131.48,39.0,3,4,0,0,3,29.63,12.96
69,9,15,2,2,44.0,32.0,22.0,137.5,38.0,4,2,0,0,1,31.25,18.75
69,9,16,1,1,30.0,25.0,30.0,120.0,30.0,3,1,0,0,1,44.0,16.0
69,9,17,2,2,36.0,23.0,18.0,156.52,32.0,5,1,0,0,2,30.43,26.09
69,18,15,2,2,64.0,53.0,32.0,120.75,38.0,4,2,0,0,2,24.53,11.32
69,18,16,1,1,26.0,22.0,26.0,118.18,26.0,0,2,0,0,1,22.73,9.09
69,18,17,1,1,7.0,11.0,7.0,63.64,7.0,1,0,0,0,1,63.64,9.09
69,18,18,2,2,31.0,28.0,15.5,110.71,25.0,3,0,0,0,1,25.0,10.71
69,12,15,1,1,36.0,20.0,36.0,180.0,36.0,3,2,0,0,0,15.0,25.0
69,12,16,2,2,29.0,14.0,14.5,207.14,26.0,1,3,0,0,1,35.71,28.57
69,12,17,1,1,34.0,18.0,34.0,188.89,34.0,2,2,0,0,0,0.0,22.22
69,12,18,2,2,45.0,33.0,22.5,136.36,44.0,2,2,0,0,2,21.21,12.12
69,11,15,2,2,96.0,63.0,48.0,152.38,61.0,4,7,1,0,2,28.57,17.46
69,11,16,1,1,29.0,21.0,29.0,138.1,29.0,3,1,0,0,0,33.33,19.05
69,11,17,2,2,97.0,74.0,48.5,131.08,65.0,5,5,1,0,2,33.78,13.51
69,17,15,1,1,0.0,3.0,0.0,0.0,0.0,0,0,0,0,1,100.0,0.0
69,17,16,1,1,84.0,46.0,84.0,182.61,84.0,9,4,1,0,0,26.09,28.26
69,8,17,1,1,16.0,10.0,16.0,160.0,16.0,3,0,0,0,0,30.0,30.0
69,8,18,1,1,56.0,29.0,56.0,193.1,56.0,4,4,1,0,1,27.59,27.59
69,15,15,1,1,8.0,9.0,8.0,88.89,8.0,1,0,0,0,1,55.56,11.11
69,15,16,1,1,37.0,17.0,37.0,217.65,37.0,2,4,0,0,1,47.06,35.29
69,15,17,2,2,101.0,66.0,50.5,153.03,64.0,8,6,1,0,1,31.82,21.21
69,15,18,2,2,23.0,19.0,11.5,121.05,21.0,2,0,0,0,0,15.79,10.53
237,6,11,1,1,2.0,5.0,2.0,40.0,2.0,0,0,0,0,0,40.0,0.0
237,6,13,1,1,10.0,9.0,10.0,111.11,10.0,1,0,0,0,0,22.22,11.11
237,6,14,1,1,0.0,1.0,0.0,0.0,0.0,0,0,0,0,0,100.0,0.0
237,2,11,1,1,2.0,3.0,2.0,66.67,2.0,0,0,0,0,1,33.33,0.0
237,13,11,1,1,1.0,3.0,1.0,33.33,1.0,0,0,0,0,1,66.67,0.0
237,13,13,1,1,4.0,1.0,4.0,400.0,4.0,1,0,0,0,0,0.0,100.0
237,9,13,1,1,54.0,36.0,54.0,150.0,54.0,2,3,1,0,0,25.0,13.89
237,5,11,1,1,18.0,17.0,18.0,105.88,18.0,3,0,0,0,1,47.06,17.65
237,5,13,1,1,15.0,16.0,15.0,93.75,15.0,1,0,0,0,1,31.25,6.25
237,11,14,1,1,21.0,16.0,21.0,131.25,21.0,2,0,0,0,1,25.0,12.5
673,1,15,1,1,3.0,5.0,3.0,60.0,3.0,0,0,0,0,1,60.0,0.0
673,5,15,1,1,21.0,14.0,21.0,150.0,21.0,4,0,0,0,1,50.0,28.57
673,12,14,1,1,2.0,4.0,2.0,50.0,2.0,0,0,0,0,1,25.0,0.0
396,6,2,1,1,17.0,17.0,17.0,100.0,17.0,2,0,0,0,1,29.41,11.76
396,6,3,3,3,69.0,53.0,23.0,130.19,55.0,7,2,1,0,2,43.4,16.98
396,6,6,1,1,0.0,1.0,0.0,0.0,0.0,0,0,0,0,1,100.0,0.0
396,16,4,1,1,14.0,13.0,14.0,107.69,14.0,0,2,0,0,1,69.23,15.38
396,16,5,1,1,5.0,9.0,5.0,55.56,5.0,1,0,0,0,1,77.78,11.11
396,2,2,3,3,50.0,46.0,16.67,108.7,24.0,4,1,0,0,2,36.96,10.87
396,2,3,2,2,34.0,25.0,17.0,136.0,29.0,4,1,0,0,1,32.0,20.0
396,13,2,2,2,27.0,18.0,13.5,150.0,27.0,1,2,0,0,2,38.89,16.67
396,13,3,2,2,69.0,53.0,34.5,130.19,43.0,5,4,0,0,1,35.85,16.98
396,13,4,1,1,4.0,5.0,4.0,80.0,4.0,0,0,0,0,1,20.0,0.0
396,13,6,1,1,6.0,14.0,6.0,42.86,6.0,1,0,0,0,1,78.57,7.14
396,9,2,1,1,31.0,24.0,31.0,129.17,31.0,3,1,0,0,0,33.33,16.67
396,9,3,2,2,22.0,20.0,11.0,110.0,15.0,1,1,0,0,0,30.0,10.0
396,9,4,2,2,6.0,11.0,3.0,54.55,4.0,1,0,0,0,2,63.64,9.09
396,5,2,1,1,20.0,13.0,20.0,153.85,20.0,1,2,0,0,1,53.85,23.08
396,5,3,2,2,26.0,33.0,13.0,78.79,15.0,0,1,0,0,2,39.39,3.03
396,5,6,1,1,23.0,15.0,23.0,153.33,23.0,5,0,0,0,1,46.67,33.33
396,7,4,1,1,36.0,16.0,36.0,225.0,36.0,3,3,0,0,1,25.0,37.5
396,11,2,2,2,70.0,49.0,35.0,142.86,41.0,5,2,0,0,1,30.61,14.29
396,11,3,1,1,9.0,15.0,9.0,60.0,9.0,0,0,0,0,1,46.67,0.0
396,11,4,1,1,5.0,6.0,5.0,83.33,5.0,1,0,0,0,1,66.67,16.67
396,11,5,1,1,10.0,10.0,10.0,100.0,10.0,0,1,0,0,1,40.0,10.0
396,17,2,2,2,22.0,23.0,11.0,95.65,12.0,2,0,0,0,2,43.48,8.7
396,17,3,2,2,78.0,58.0,39.0,134.48,78.0,6,3,1,0,1,31.03,15.52
396,17,6,1,1,11.0,14.0,11.0,78.57,11.0,1,0,0,0,1,42.86,7.14
396,15,6,1,1,12.0,14.0,12.0,85.71,12.0,1,0,0,0,1,42.86,7.14
735,6,2,2,2,63.0,40.0,31.5,157.5,50.0,7,3,1,0,2,42.5,25.0
735,6,3,2,2,16.0,26.0,8.0,61.54,15.0,1,0,0,0,2,50.0,3.85
735,6,4,1,1,0.0,1.0,0.0,0.0,0.0,0,0,0,0,1,100.0,0.0
735,16,1,1,1,16.0,6.0,16.0,266.67,16.0,2,1,0,0,0,16.67,50.0
735,16,2,3,3,154.0,115.0,51.33,133.91,65.0,18,5,2,0,2,39.13,20.0
735,16,3,1,1,11.0,11.0,11.0,100.0,11.0,2,0,0,0,1,54.55,18.18
735,16,4,1,1,7.0,8.0,7.0,87.5,7.0,1,0,0,0,1,62.5,12.5
735,16,5,2,2,75.0,66.0,37.5,113.64,71.0,8,2,1,0,2,43.94,15.15
735,2,4,1,1,0.0,1.0,0.0,0.0,0.0,0,0,0,0,1,100.0,0.0
735,2,5,1,1,10.0,7.0,10.0,142.86,10.0,2,0,0,0,1,57.14,28.57
735,13,1,1,1,8.0,6.0,8.0,133.33,8.0,1,0,0,0,1,33.33,16.67
735,13,2,1,1,10.0,19.0,10.0,52.63,10.0,1,0,0,0,1,52.63,5.26
735,13,3,1,1,0.0,3.0,0.0,0.0,0.0,0,0,0,0,1,100.0,0.0
735,13,4,1,1,16.0,9.0,16.0,177.78,16.0,4,0,0,0,1,55.56,44.44
735,4,4,2,2,53.0,35.0,26.5,151.43,52.0,8,1,1,0,1,34.29,25.71
735,9,1,1,1,25.0,19.0,25.0,131.58,25.0,5,0,0,0,0,47.37,26.32
735,9,2,2,2,43.0,36.0,21.5,119.44,42.0,5,1,0,0,1,41.67,16.67
735,9,4,1,1,38.0,31.0,38.0,122.58,38.0,6,0,0,0,1,35.48,19.35
735,9,5,1,1,1.0,3.0,1.0,33.33,1.0,0,0,0,0,1,66.67,0.0
735,5,1,1,1,0.0,1.0,0.0,0.0,0.0,0,0,0,0,1,100.0,0.0
735,5,2,2,2,41.0,33.0,20.5,124.24,24.0,4,2,0,0,2,42.42,18.18
735,5,3,1,1,17.0,12.0,17.0,141.67,17.0,3,0,0,0,1,25.0,25.0
735,5,4,1,1,59.0,52.0,59.0,113.46,59.0,4,2,1,0,0,23.08,11.54
735,5,5,2,2,66.0,75.0,33.0,88.0,47.0,7,1,0,0,3,48.0,10.67
735,5,6,2,2,13.0,26.0,6.5,50.0,13.0,2,0,0,0,2,76.92,7.69
735,7,4,1,1,15.0,19.0,15.0,78.95,15.0,2,0,0,0,1,57.89,10.53
735,7,5,2,2,57.0,52.0,28.5,109.62,53.0,6,1,1,0,1,34.62,13.46
735,7,6,1,1,33.0,36.0,33.0,91.67,33.0,5,0,0,0,1,50.0,13.89
735,11,1,2,2,51.0,37.0,25.5,137.84,33.0,6,2,0,0,1,40.54,21.62
735,11,2,2,2,40.0,51.0,20.0,78.43,33.0,2,0,0,0,2,41.18,3.92
735,11,3,1,1,0.0,1.0,0.0,0.0,0.0,0,0,0,0,1,100.0,0.0
735,11,4,1,1,38.0,24.0,38.0,158.33,38.0,8,0,0,0,1,45.83,33.33
735,11,5,1,1,76.0,58.0,76.0,131.03,76.0,10,1,1,0,0,27.59,18.97
735,11,6,1,1,25.0,22.0,25.0,113.64,25.0,5,0,0,0,1,54.55,22.73
735,17,1,1,1,4.0,10.0,4.0,40.0,4.0,0,0,0,0,1,50.0,0.0
735,17,2,1,1,67.0,47.0,67.0,142.55,67.0,5,2,1,0,0,23.4,14.89
735,15,6,1,1,5.0,9.0,5.0,55.56,5.0,0,0,0,0,1,55.56,0.0
567,6,17,2,2,44.0,31.0,22.0,141.94,31.0,4,2,0,0,2,32.26,19.35
567,6,18,1,1,19.0,16.0,19.0,118.75,19.0,4,0,0,0,1,62.5,25.0
567,10,17,1,1,89.0,32.0,89.0,278.12,89.0,11,6,1,0,1,18.75,53.12
567,10,18,1,1,22.0,12.0,22.0,183.33,22.0,4,0,0,0,2,25.0,33.33
567,2,10,1,1,2.0,2.0,2.0,100.0,2.0,0,0,0,0,0,0.0,0.0
567,14,10,2,2,30.0,17.0,15.0,176.47,30.0,2,1,0,0,1,17.65,17.65
567,1,17,1,1,19.0,14.0,19.0,135.71,19.0,3,0,0,0,1,35.71,21.43
567,1,18,2,2,28.0,21.0,14.0,133.33,20.0,6,0,0,0,2,38.1,28.57
567,13,9,1,1,11.0,7.0,11.0,157.14,11.0,1,0,0,0,1,28.57,14.29
567,9,10,1,1,75.0,47.0,75.0,159.57,75.0,3,5,1,0,0,21.28,17.02
567,9,17,2,2,0.0,3.0,0.0,0.0,0.0,0,0,0,0,2,100.0,0.0
567,9,18,2,2,80.0,42.0,40.0,190.48,76.0,7,6,1,0,2,28.57,30.95
567,18,17,1,1,89.0,30.0,89.0,296.67,89.0,8,8,1,0,0,20.0,53.33
567,18,18,1,1,47.0,28.0,47.0,167.86,47.0,5,3,0,0,1,42.86,28.57
567,5,9,1,1,37.0,24.0,37.0,154.17,37.0,2,2,0,0,1,29.17,16.67
567,5,10,1,1,12.0,15.0,12.0,80.0,12.0,1,0,0,0,1,46.67,6.67
567,5,17,2,2,110.0,54.0,55.0,203.7,62.0,16,4,1,0,2,20.37,37.04
567,5,18,2,2,28.0,33.0,14.0,84.85,28.0,3,0,0,0,2,36.36,9.09
567,12,17,2,2,21.0,16.0,10.5,131.25,21.0,4,0,0,0,2,56.25,25.0
567,12,18,1,1,66.0,37.0,66.0,178.38,66.0,9,3,1,0,1,35.14,32.43
567,11,17,2,2,92.0,72.0,46.0,127.78,58.0,9,4,1,0,2,36.11,18.06
567,11,18,1,1,67.0,31.0,67.0,216.13,67.0,9,3,1,0,1,22.58,38.71
567,3,9,1,1,6.0,9.0,6.0,66.67,6.0,0,0,0,0,0,33.33,0.0
567,3,10,1,1,2.0,5.0,2.0,40.0,2.0,0,0,0,0,1,60.0,0.0
567,8,17,2,2,103.0,44.0,51.5,234.09,102.0,9,8,1,1,2,25.0,38.64
567,8,18,1,1,17.0,10.0,17.0,170.0,17.0,3,0,0,0,1,20.0,30.0
567,15,10,1,1,30.0,22.0,30.0,136.36,30.0,3,0,0,0,1,18.18,13.64
759,2,1,1,1,7.0,9.0,7.0,77.78,7.0,0,0,0,0,1,44.44,0.0
759,9,1,1,1,1.0,1.0,1.0,100.0,1.0,0,0,0,0,0,0.0,0.0
759,17,2,1,1,0.0,1.0,0.0,0.0,0.0,0,0,0,0,0,100.0,0.0
305,16,4,1,1,4.0,8.0,4.0,50.0,4.0,0,0,0,0,1,62.5,0.0
305,13,4,1,1,16.0,11.0,16.0,145.45,16.0,2,1,0,0,1,54.55,27.27
305,4,4,2,2,47.0,28.0,23.5,167.86,27.0,7,1,0,0,2,28.57,28.57
305,9,4,1,1,8.0,11.0,8.0,72.73,8.0,0,0,0,0,1,45.45,0.0
113,2,10,1,1,0.0,3.0,0.0,0.0,0.0,0,0,0,0,1,100.0,0.0
113,9,10,1,1,2.0,5.0,2.0,40.0,2.0,0,0,0,0,1,60.0,0.0
113,18,15,1,1,0.0,1.0,0.0,0.0,0.0,0,0,0,0,0,100.0,0.0
113,12,15,1,1,0.0,2.0,0.0,0.0,0.0,0,0,0,0,1,100.0,0.0
113,15,10,1,1,6.0,3.0,6.0,200.0,6.0,0,1,0,0,1,33.33,33.33
712,6,18,1,1,1.0,2.0,1.0,50.0,1.0,0,0,0,0,0,0.0,0.0
712,10,16,1,1,0.0,1.0,0.0,0.0,0.0,0,0,0,0,0,0.0,0.0
712,1,18,1,1,3.0,3.0,3.0,100.0,3.0,0,0,0,0,1,33.33,0.0
712,9,13,1,1,1.0,3.0,1.0,33.33,1.0,0,0,0,0,1,66.67,0.0
712,9,18,1,1,2.0,1.0,2.0,200.0,2.0,0,0,0,0,0,0.0,0.0
712,12,17,1,1,0.0,1.0,0.0,0.0,0.0,0,0,0,0,0,100.0,0.0
712,8,18,1,1,1.0,2.0,1.0,50.0,1.0,0,0,0,0,0,0.0,0.0
712,15,13,1,1,20.0,9.0,20.0,222.22,20.0,2,1,0,0,0,11.11,33.33
617,6,1,1,1,0.0,1.0,0.0,0.0,0.0,0,0,0,0,0,100.0,0.0
601,9,6,1,1,7.0,14.0,7.0,50.0,7.0,1,0,0,0,1,71.43,7.14
458,6,6,1,1,16.0,12.0,16.0,133.33,16.0,2,1,0,0,1,58.33,25.0
458,2,8,1,1,14.0,11.0,14.0,127.27,14.0,2,0,0,0,1,36.36,18.18
458,13,5,1,1,18.0,24.0,18.0,75.0,18.0,0,2,0,0,1,70.83,8.33
458,13,6,1,1,7.0,8.0,7.0,87.5,7.0,0,1,0,0,1,75.0,12.5
458,13,9,1,1,0.0,4.0,0.0,0.0,0.0,0,0,0,0,1,100.0,0.0
458,9,6,2,2,37.0,40.0,18.5,92.5,37.0,4,0,0,0,2,45.0,10.0
458,5,4,1,1,0.0,2.0,0.0,0.0,0.0,0,0,0,0,1,100.0,0.0
458,5,6,1,1,0.0,1.0,0.0,0.0,0.0,0,0,0,0,1,100.0,0.0
458,5,7,1,1,2.0,9.0,2.0,22.22,2.0,0,0,0,0,1,77.78,0.0
458,7,6,1,1,17.0,19.0,17.0,89.47,17.0,2,0,0,0,1,47.37,10.53
458,11,4,1,1,2.0,10.0,2.0,20.0,2.0,0,0,0,0,1,70.0,0.0
458,11,6,1,1,23.0,19.0,23.0,121.05,23.0,2,1,0,0,1,42.11,15.79
458,11,8,2,2,25.0,31.0,12.5,80.65,13.0,2,0,0,0,2,45.16,6.45
458,17,5,1,1,18.0,10.0,18.0,180.0,18.0,2,1,0,0,1,30.0,30.0
458,17,6,1,1,41.0,35.0,41.0,117.14,41.0,4,1,0,0,1,37.14,14.29
458,17,8,1,1,58.0,37.0,58.0,156.76,58.0,8,2,1,0,1,32.43,27.03
458,15,6,1,1,17.0,24.0,17.0,70.83,17.0,3,0,0,0,1,58.33,12.5
458,15,8,1,1,5.0,4.0,5.0,125.0,5.0,1,0,0,0,1,50.0,25.0
222,13,1,1,1,24.0,11.0,24.0,218.18,24.0,1,3,0,0,1,36.36,36.36
222,11,1,2,2,9.0,6.0,4.5,150.0,7.0,0,1,0,0,2,33.33,16.67
222,17,1,1,1,6.0,2.0,6.0,300.0,6.0,0,1,0,0,0,0.0,50.0
76,9,15,1,1,3.0,5.0,3.0,60.0,3.0,0,0,0,0,0,60.0,0.0
76,18,15,1,1,1.0,1.0,1.0,100.0,1.0,0,0,0,0,0,0.0,0.0
76,12,15,1,1,0.0,1.0,0.0,0.0,0.0,0,0,0,0,0,0.0,0.0
76,11,16,1,1,19.0,8.0,19.0,237.5,19.0,1,2,0,0,0,37.5,37.5
76,17,15,1,1,0.0,1.0,0.0,0.0,0.0,0,0,0,0,1,100.0,0.0
583,1,18,1,1,37.0,19.0,37.0,194.74,37.0,4,2,0,0,1,31.58,31.58
583,9,18,1,1,31.0,11.0,31.0,281.82,31.0,1,4,0,0,1,27.27,45.45
583,11,18,1,1,0.0,2.0,0.0,0.0,0.0,0,0,0,0,1,100.0,0.0
99,2,9,2,2,49.0,40.0,24.5,122.5,30.0,6,1,0,0,2,40.0,17.5
99,13,9,1,1,30.0,29.0,30.0,103.45,30.0,1,1,0,0,1,27.59,6.9
99,9,9,1,1,21.0,17.0,21.0,123.53,21.0,3,0,0,0,1,41.18,17.65
99,17,9,1,1,16.0,6.0,16.0,266.67,16.0,2,1,0,0,0,33.33,50.0
99,15,9,1,1,11.0,8.0,11.0,137.5,11.0,2,0,0,0,1,37.5,25.0
564,6,5,1,1,1.0,4.0,1.0,25.0,1.0,0,0,0,0,1,75.0,0.0
564,6,6,2,2,13.0,14.0,6.5,92.86,12.0,0,1,0,0,1,42.86,7.14
564,6,8,1,1,0.0,1.0,0.0,0.0,0.0,0,0,0,0,1,100.0,0.0
564,6,11,2,2,1.0,6.0,0.5,16.67,1.0,0,0,0,0,2,83.33,0.0
564,6,12,2,2,2.0,11.0,1.0,18.18,1.0,0,0,0,0,1,81.82,0.0
564,6,16,1,1,4.0,4.0,4.0,100.0,4.0,0,0,0,0,1,50.0,0.0
564,6,17,1,1,10.0,11.0,10.0,90.91,10.0,0,1,0,0,0,54.55,9.09
564,16,3,1,1,3.0,4.0,3.0,75.0,3.0,0,0,0,0,0,25.0,0.0
564,10,15,2,2,0.0,2.0,0.0,0.0,0.0,0,0,0,0,1,50.0,0.0
564,10,16,1,1,3.0,5.0,3.0,60.0,3.0,0,0,0,0,1,60.0,0.0
564,2,9,1,1,2.0,3.0,2.0,66.67,2.0,0,0,0,0,2,33.33,0.0
564,1,15,1,1,15.0,15.0,15.0,100.0,15.0,1,1,0,0,0,60.0,13.33
564,1,16,1,1,5.0,6.0,5.0,83.33,5.0,0,0,0,0,0,16.67,0.0
564,13,7,1,1,2.0,4.0,2.0,50.0,2.0,0,0,0,0,1,50.0,0.0
564,13,13,1,1,0.0,2.0,0.0,0.0,0.0,0,0,0,0,1,100.0,0.0
564,9,4,1,1,1.0,1.0,1.0,100.0,1.0,0,0,0,0,0,0.0,0.0
564,9,5,1,1,1.0,1.0,1.0,100.0,1.0,0,0,0,0,0,0.0,0.0
564,18,15,1,1,0.0,1.0,0.0,0.0,0.0,0,0,0,0,1,100.0,0.0
564,18,17,1,1,2.0,4.0,2.0,50.0,2.0,0,0,0,0,1,50.0,0.0
564,5,4,1,1,0.0,4.0,0.0,0.0,0.0,0,0,0,0,1,100.0,0.0
564,5,6,1,1,5.0,4.0,5.0,125.0,5.0,1,0,0,0,0,50.0,25.0
564,5,8,1,1,5.0,2.0,5.0,250.0,5.0,1,0,0,0,0,0.0,50.0
564,5,10,2,2,6.0,7.0,3.0,85.71,4.0,0,0,0,0,0,14.29,0.0
564,5,11,2,2,2.0,4.0,1.0,50.0,1.0,0,0,0,0,1,25.0,0.0
564,5,12,1,1,0.0,1.0,0.0,0.0,0.0,0,0,0,0,0,0.0,0.0
564,7,6,1,1,8.0,9.0,8.0,88.89,8.0,0,0,0,0,0,22.22,0.0
564,11,8,1,1,24.0,11.0,24.0,218.18,24.0,4,1,0,0,0,36.36,45.45
564,11,11,1,1,0.0,1.0,0.0,0.0,0.0,0,0,0,0,1,100.0,0.0
564,11,15,1,1,21.0,9.0,21.0,233.33,21.0,1,2,0,0,1,22.22,33.33
564,3,9,1,1,7.0,2.0,7.0,350.0,7.0,0,1,0,0,0,0.0,50.0
564,3,10,1,1,2.0,2.0,2.0,100.0,2.0,0,0,0,0,0,0.0,0.0
564,17,5,1,1,0.0,2.0,0.0,0.0,0.0,0,0,0,0,1,100.0,0.0
564,17,6,1,1,4.0,1.0,4.0,400.0,4.0,1,0,0,0,0,0.0,100.0
564,17,10,1,1,2.0,4.0,2.0,50.0,2.0,0,0,0,0,0,75.0,0.0
564,17,15,1,1,18.0,12.0,18.0,150.0,18.0,2,1,0,0,1,41.67,25.0
564,17,16,1,1,6.0,2.0,6.0,300.0,6.0,1,0,0,0,0,0.0,50.0
564,15,6,2,2,8.0,10.0,4.0,80.0,6.0,1,0,0,0,0,60.0,10.0
564,15,12,2,2,23.0,13.0,11.5,176.92,14.0,3,1,0,0,0,38.46,30.77
564,15,15,1,1,1.0,1.0,1.0,100.0,1.0,0,0,0,0,0,0.0,0.0
564,15,16,1,1,1.0,1.0,1.0,100.0,1.0,0,0,0,0,0,0.0,0.0
151,6,1,2,2,22.0,23.0,11.0,95.65,12.0,3,0,0,0,2,43.48,13.04
151,6,2,3,3,73.0,65.0,24.33,112.31,38.0,5,5,0,0,2,50.77,15.38
151,6,3,2,2,58.0,40.0,29.0,145.0,34.0,5,2,0,0,2,25.0,17.5
151,6,4,4,4,171.0,133.0,42.75,128.57,70.0,15,5,1,0,3,32.33,15.04
151,6,5,1,1,57.0,46.0,57.0,123.91,57.0,5,2,1,0,1,32.61,15.22
151,6,6,2,2,114.0,76.0,57.0,150.0,58.0,8,6,2,0,1,32.89,18.42
151,6,7,2,2,100.0,78.0,50.0,128.21,73.0,3,6,1,0,2,32.05,11.54
151,6,8,3,3,111.0,95.0,37.0,116.84,51.0,7,4,1,0,5,40.0,11.58
151,6,11,2,2,26.0,26.0,13.0,100.0,18.0,4,0,0,0,2,46.15,15.38
151,6,12,2,2,15.0,20.0,7.5,75.0,9.0,2,0,0,0,2,55.0,10.0
151,6,13,2,2,140.0,95.0,70.0,147.37,90.0,5,5,2,0,1,12.63,10.53
151,6,14,2,2,61.0,48.0,30.5,127.08,53.0,7,1,1,0,2,27.08,16.67
151,6,15,2,2,31.0,36.0,15.5,86.11,30.0,3,1,0,0,3,52.78,11.11
151,6,16,1,1,6.0,4.0,6.0,150.0,6.0,1,0,0,0,1,50.0,25.0
151,6,17,2,2,68.0,49.0,34.0,138.78,47.0,3,5,0,0,2,34.69,16.33
151,6,18,2,2,93.0,63.0,46.5,147.62,62.0,7,6,1,0,2,33.33,20.63
151,16,1,2,2,47.0,34.0,23.5,138.24,38.0,3,2,0,0,2,17.65,14.71
151,16,2,3,3,76.0,49.0,25.33,155.1,50.0,8,2,1,0,2,30.61,20.41
151,16,3,2,2,61.0,39.0,30.5,156.41,58.0,4,4,1,0,2,35.9,20.51
151,16,4,1,1,71.0,51.0,71.0,139.22,71.0,5,3,1,0,1,31.37,15.69
151,16,5,2,2,51.0,49.0,25.5,104.08,42.0,3,3,0,0,2,48.98,12.24
151,10,12,2,2,64.0,50.0,32.0,128.0,41.0,3,3,0,0,2,18.0,12.0
151,10,13,2,2,72.0,63.0,36.0,114.29,43.0,4,2,0,0,2,30.16,9.52
151,10,14,2,2,16.0,19.0,8.0,84.21,12.0,2,0,0,0,2,47.37,10.53
151,10,15,1,1,12.0,14.0,12.0,85.71,12.0,1,0,0,0,1,42.86,7.14
151,10,16,2,2,105.0,80.0,52.5,131.25,55.0,11,1,2,0,2,25.0,15.0
151,10,17,1,1,27.0,13.0,27.0,207.69,27.0,1,3,0,0,1,38.46,30.77
151,10,18,2,2,73.0,61.0,36.5,119.67,51.0,5,2,1,0,3,26.23,11.48
151,2,1,1,1,1.0,1.0,1.0,100.0,1.0,0,0,0,0,0,0.0,0.0
151,2,2,1,1,22.0,24.0,22.0,91.67,22.0,1,0,0,0,1,20.83,4.17
151,2,3,2,2,51.0,34.0,25.5,150.0,38.0,5,1,0,0,2,8.82,17.65
151,2,4,1,1,56.0,38.0,56.0,147.37,56.0,8,2,1,0,2,39.47,26.32
151,2,5,2,2,81.0,61.0,40.5,132.79,73.0,10,1,1,0,1,27.87,18.03
151,2,6,2,2,164.0,108.0,82.0,151.85,99.0,17,5,2,0,2,28.7,20.37
151,2,7,2,2,59.0,49.0,29.5,120.41,49.0,2,3,0,0,1,30.61,10.2
151,2,8,2,2,36.0,25.0,18.0,144.0,35.0,6,0,0,0,0,28.0,24.0
151,2,9,2,2,133.0,93.0,66.5,143.01,79.0,13,3,2,0,1,20.43,17.2
151,2,10,1,1,58.0,45.0,58.0,128.89,58.0,3,3,1,0,2,28.89,13.33
151,2,11,2,2,100.0,66.0,50.0,151.52,70.0,9,4,1,0,3,25.76,19.7
151,14,9,3,3,209.0,120.0,69.67,174.17,109.0,17,9,2,2,2,20.0,21.67
151,14,10,2,2,74.0,63.0,37.0,117.46,64.0,7,2,1,0,2,38.1,14.29
151,1,15,2,2,131.0,107.0,65.5,122.43,73.0,14,3,2,0,2,32.71,15.89
151,1,16,1,1,101.0,61.0,101.0,165.57,101.0,13,1,1,1,0,16.39,22.95
151,1,17,2,2,112.0,71.0,56.0,157.75,70.0,8,7,1,0,1,29.58,21.13
151,1,18,1,1,7.0,6.0,7.0,116.67,7.0,1,0,0,0,1,50.0,16.67
151,13,1,2,2,55.0,58.0,27.5,94.83,34.0,9,0,0,0,3,53.45,15.52
151,13,2,2,2,18.0,17.0,9.0,105.88,16.0,2,0,0,0,2,29.41,11.76
151,13,3,2,2,58.0,38.0,29.0,152.63,42.0,5,2,0,0,1,18.42,18.42
151,13,4,2,2,38.0,42.0,19.0,90.48,27.0,6,0,0,0,2,54.76,14.29
151,13,5,2,2,49.0,46.0,24.5,106.52,45.0,4,2,0,0,2,43.48,13.04
151,13,6,2,2,71.0,57.0,35.5,124.56,57.0,7,2,1,0,2,35.09,15.79
151,13,7,2,2,4.0,3.0,2.0,133.33,4.0,1,0,0,0,2,66.67,33.33
151,13,8,2,2,51.0,39.0,25.5,130.77,32.0,5,2,0,0,2,41.03,17.95
151,13,9,2,2,133.0,71.0,66.5,187.32,113.0,14,8,1,1,2,33.8,30.99
151,13,10,1,1,6.0,6.0,6.0,100.0,6.0,1,0,0,0,1,66.67,16.67
151,13,11,2,2,69.0,44.0,34.5,156.82,48.0,10,2,0,0,1,29.55,27.27
151,13,12,2,2,80.0,61.0,40.0,131.15,67.0,10,0,1,0,2,27.87,16.39
151,13,13,2,2,49.0,44.0,24.5,111.36,48.0,3,0,0,0,2,18.18,6.82
151,4,4,2,2,50.0,51.0,25.0,98.04,27.0,7,0,0,0,1,49.02,13.73
151,9,1,1,1,1.0,5.0,1.0,20.0,1.0,0,0,0,0,1,60.0,0.0
151,9,2,1,1,19.0,12.0,19.0,158.33,19.0,1,1,0,0,1,25.0,16.67
151,9,3,1,1,2.0,5.0,2.0,40.0,2.0,0,0,0,0,1,60.0,0.0
151,9,4,2,2,45.0,38.0,22.5,118.42,30.0,5,1,0,0,1,36.84,15.79
151,9,5,2,2,24.0,33.0,12.0,72.73,18.0,4,0,0,0,2,66.67,12.12
151,9,6,2,2,52.0,41.0,26.0,126.83,35.0,6,2,0,0,2,46.34,19.51
151,9,7,2,2,69.0,54.0,34.5,127.78,38.0,7,1,0,0,2,27.78,14.81
151,9,8,2,2,47.0,35.0,23.5,134.29,34.0,2,4,0,0,2,45.71,17.14
151,9,9,2,2,127.0,95.0,63.5,133.68,75.0,9,3,2,0,1,24.21,12.63
151,9,10,2,2,5.0,10.0,2.5,50.0,5.0,0,0,0,0,2,60.0,0.0
151,9,11,2,2,99.0,77.0,49.5,128.57,68.0,6,4,1,0,1,31.17,12.99
151,9,12,2,2,184.0,107.0,92.0,171.96,100.0,18,6,2,1,2,18.69,22.43
151,9,13,2,2,51.0,45.0,25.5,113.33,33.0,3,0,0,0,0,24.44,6.67
151,9,14,3,3,49.0,43.0,16.33,113.95,39.0,7,0,0,0,3,32.56,16.28
151,9,15,1,1,12.0,7.0,12.0,171.43,12.0,2,0,0,0,1,42.86,28.57
151,9,16,2,2,75.0,55.0,37.5,136.36,54.0,9,0,1,0,2,25.45,16.36
151,9,17,2,2,101.0,66.0,50.5,153.03,83.0,5,6,1,0,2,27.27,16.67
151,9,18,1,1,59.0,36.0,59.0,163.89,59.0,4,3,1,0,0,16.67,19.44
151,18,15,2,2,25.0,25.0,12.5,100.0,25.0,2,0,0,0,2,44.0,8.0
151,18,16,2,2,92.0,74.0,46.0,124.32,61.0,7,4,1,0,2,32.43,14.86
151,18,17,1,1,22.0,16.0,22.0,137.5,22.0,2,1,0,0,1,37.5,18.75
151,18,18,1,1,54.0,30.0,54.0,180.0,54.0,10,0,1,0,1,23.33,33.33
151,5,1,2,2,23.0,15.0,11.5,153.33,23.0,3,1,0,0,2,40.0,26.67
151,5,2,1,1,20.0,22.0,20.0,90.91,20.0,4,0,0,0,1,59.09,18.18
151,5,3,3,3,63.0,43.0,21.0,146.51,37.0,5,3,0,0,3,30.23,18.6
151,5,4,2,2,20.0,31.0,10.0,64.52,12.0,2,0,0,0,2,48.39,6.45
151,5,5,2,2,39.0,26.0,19.5,150.0,36.0,1,2,0,0,0,11.54,11.54
151,5,6,2,2,25.0,18.0,12.5,138.89,24.0,4,1,0,0,2,55.56,27.78
151,5,7,2,2,35.0,30.0,17.5,116.67,35.0,2,2,0,0,2,40.0,13.33
151,5,8,2,2,100.0,68.0,50.0,147.06,82.0,7,5,1,0,1,27.94,17.65
151,5,9,2,2,40.0,37.0,20.0,108.11,33.0,3,1,0,0,2,35.14,10.81
151,5,10,2,2,82.0,61.0,41.0,134.43,62.0,5,4,1,0,2,31.15,14.75
151,5,11,2,2,124.0,88.0,62.0,140.91,92.0,9,5,1,0,1,26.14,15.91
151,5,12,2,2,54.0,41.0,27.0,131.71,46.0,7,0,0,0,2,24.39,17.07
151,5,13,2,3,17.0,27.0,8.5,62.96,9.0,1,0,0,0,2,55.56,3.7
151,5,14,2,2,84.0,71.0,42.0,118.31,51.0,7,3,1,0,2,39.44,14.08
151,5,15,1,1,48.0,36.0,48.0,133.33,48.0,5,0,0,0,2,27.78,13.89
151,5,16,2,2,83.0,53.0,41.5,156.6,82.0,6,5,1,0,1,33.96,20.75
151,5,17,1,1,3.0,9.0,3.0,33.33,3.0,0,0,0,0,1,66.67,0.0
151,5,18,1,1,67.0,42.0,67.0,159.52,67.0,8,2,1,0,1,28.57,23.81
151,7,4,1,1,67.0,42.0,67.0,159.52,67.0,4,4,1,0,1,23.81,19.05
151,7,5,2,2,25.0,31.0,12.5,80.65,16.0,2,0,0,0,2,41.94,6.45
151,7,6,2,2,36.0,27.0,18.0,133.33,25.0,3,1,0,0,2,22.22,14.81
151,12,14,2,2,60.0,58.0,30.0,103.45,35.0,5,2,0,0,2,41.38,12.07
151,12,15,2,2,61.0,43.0,30.5,141.86,41.0,3,3,0,0,1,27.91,13.95
151,12,16,1,1,59.0,47.0,59.0,125.53,59.0,5,1,1,0,1,27.66,12.77
151,12,17,2,2,169.0,96.0,84.5,176.04,92.0,18,8,2,0,2,27.08,27.08
151,12,18,4,4,129.0,104.0,32.25,124.04,73.0,12,1,1,0,3,23.08,12.5
151,11,1,2,2,16.0,21.0,8.0,76.19,13.0,0,1,0,0,2,52.38,4.76
151,11,2,2,2,18.0,30.0,9.0,60.0,15.0,1,0,0,0,2,50.0,3.33
151,11,3,1,1,14.0,13.0,14.0,107.69,14.0,2,0,0,0,2,46.15,15.38
151,11,4,1,1,39.0,34.0,39.0,114.71,39.0,3,1,0,0,0,29.41,11.76
151,11,5,2,2,38.0,34.0,19.0,111.76,22.0,4,0,0,0,2,35.29,11.76
151,11,6,2,2,33.0,39.0,16.5,84.62,32.0,3,0,0,0,2,38.46,7.69
151,11,7,2,2,25.0,34.0,12.5,73.53,21.0,4,0,0,0,3,58.82,11.76
151,11,8,3,3,75.0,68.0,25.0,110.29,62.0,1,3,1,0,2,29.41,5.88
151,11,11,2,2,61.0,39.0,30.5,156.41,57.0,7,2,1,0,2,28.21,23.08
151,11,12,2,2,48.0,32.0,24.0,150.0,25.0,4,3,0,0,2,40.62,21.88
151,11,13,2,2,115.0,85.0,57.5,135.29,72.0,8,4,1,0,1,30.59,14.12
151,11,14,2,2,97.0,67.0,48.5,144.78,72.0,10,3,1,0,1,29.85,19.4
151,11,15,3,3,21.0,24.0,7.0,87.5,9.0,2,1,0,0,2,62.5,12.5
151,11,16,2,2,18.0,20.0,9.0,90.0,18.0,1,0,0,0,2,25.0,5.0
151,11,17,2,2,146.0,96.0,73.0,152.08,113.0,15,5,1,1,1,26.04,20.83
151,11,18,2,2,132.0,87.0,66.0,151.72,70.0,12,4,2,0,1,20.69,18.39
151,3,9,2,2,188.0,121.0,94.0,155.37,108.0,15,9,2,1,1,23.14,19.83
151,3,10,2,2,83.0,67.0,41.5,123.88,55.0,7,2,1,0,2,34.33,13.43
151,15,6,2,3,144.0,93.0,72.0,154.84,93.0,17,5,2,0,1,34.41,23.66
151,15,7,2,2,67.0,46.0,33.5,145.65,67.0,4,4,1,0,2,30.43,17.39
151,15,8,2,2,85.0,56.0,42.5,151.79,44.0,7,5,0,0,2,41.07,21.43
151,15,9,3,3,143.0,103.0,47.67,138.83,75.0,13,5,2,0,3,33.01,17.48
151,15,11,2,2,51.0,41.0,25.5,124.39,39.0,7,1,0,0,2,41.46,19.51
151,15,12,2,2,19.0,17.0,9.5,111.76,16.0,2,1,0,0,2,52.94,17.65
151,15,13,3,3,27.0,27.0,9.0,100.0,14.0,0,0,0,0,3,25.93,0.0
151,15,14,2,2,38.0,33.0,19.0,115.15,33.0,5,0,0,0,2,33.33,15.15
151,15,15,2,2,0.0,2.0,0.0,0.0,0.0,0,0,0,0,2,100.0,0.0
151,15,16,1,1,100.0,63.0,100.0,158.73,100.0,12,4,1,1,1,33.33,25.4
151,15,17,2,2,93.0,63.0,46.5,147.62,51.0,10,3,1,0,2,26.98,20.63
151,15,18,1,1,43.0,25.0,43.0,172.0,43.0,7,1,0,0,1,32.0,32.0
298,6,18,1,1,1.0,2.0,1.0,50.0,1.0,0,0,0,0,0,50.0,0.0
298,1,18,1,1,0.0,1.0,0.0,0.0,0.0,0,0,0,0,1,100.0,0.0
298,9,18,1,1,38.0,19.0,38.0,200.0,38.0,5,2,0,0,1,36.84,36.84
298,18,18,1,1,39.0,15.0,39.0,260.0,39.0,5,2,0,0,1,6.67,46.67
298,5,18,2,2,34.0,19.0,17.0,178.95,20.0,4,2,0,0,2,26.32,31.58
298,8,18,1,1,12.0,6.0,12.0,200.0,12.0,1,1,0,0,0,16.67,33.33
298,15,18,1,1,18.0,17.0,18.0,105.88,18.0,1,1,0,0,0,47.06,11.76
400,5,5,1,1,0.0,1.0,0.0,0.0,0.0,0,0,0,0,1,100.0,0.0
66,6,1,2,2,94.0,59.0,47.0,159.32,71.0,10,4,1,0,2,28.81,23.73
66,6,2,1,1,6.0,9.0,6.0,66.67,6.0,1,0,0,0,1,66.67,11.11
66,6,3,2,2,78.0,42.0,39.0,185.71,74.0,10,3,1,0,2,26.19,30.95
66,6,5,3,3,38.0,29.0,12.67,131.03,33.0,5,1,0,0,3,44.83,20.69
66,6,6,2,2,17.0,15.0,8.5,113.33,17.0,1,1,0,0,2,53.33,13.33
66,6,7,3,3,171.0,91.0,57.0,187.91,122.0,21,9,1,1,3,29.67,32.97
66,6,8,1,1,1.0,2.0,1.0,50.0,1.0,0,0,0,0,1,50.0,0.0
66,16,1,2,2,94.0,43.0,47.0,218.6,94.0,10,6,1,0,1,23.26,37.21
66,16,2,3,3,70.0,52.0,23.33,134.62,39.0,10,0,0,0,3,34.62,19.23
66,16,3,2,2,11.0,13.0,5.5,84.62,8.0,2,0,0,0,2,61.54,15.38
66,16,4,2,2,131.0,63.0,65.5,207.94,119.0,16,6,1,1,2,25.4,34.92
66,16,5,2,2,11.0,7.0,5.5,157.14,7.0,2,0,0,0,2,42.86,28.57
66,2,7,2,2,32.0,29.0,16.0,110.34,23.0,4,1,0,0,2,44.83,17.24
66,2,8,2,2,48.0,43.0,24.0,111.63,47.0,4,2,0,0,2,39.53,13.95
66,13,1,2,2,57.0,32.0,28.5,178.12,51.0,3,5,1,0,1,25.0,25.0
66,13,2,2,2,47.0,24.0,23.5,195.83,38.0,6,3,0,0,1,37.5,37.5
66,13,3,2,2,8.0,7.0,4.0,114.29,8.0,2,0,0,0,2,71.43,28.57
66,13,4,1,1,77.0,35.0,77.0,220.0,77.0,8,4,1,0,1,14.29,34.29
66,13,5,1,1,8.0,9.0,8.0,88.89,8.0,0,1,0,0,1,66.67,11.11
66,13,6,2,2,53.0,43.0,26.5,123.26,30.0,8,1,0,0,2,41.86,20.93
66,4,4,2,2,95.0,56.0,47.5,169.64,80.0,10,6,1,0,2,39.29,28.57
66,9,1,1,1,0.0,1.0,0.0,0.0,0.0,0,0,0,0,1,100.0,0.0
66,9,3,2,2,72.0,43.0,36.0,167.44,64.0,8,3,1,0,2,25.58,25.58
66,9,4,1,1,34.0,23.0,34.0,147.83,34.0,5,1,0,0,1,39.13,26.09
66,9,5,3,3,53.0,29.0,17.67,182.76,23.0,5,2,0,0,3,10.34,24.14
66,9,6,1,1,17.0,15.0,17.0,113.33,17.0,3,0,0,0,1,46.67,20.0
66,9,7,4,4,118.0,93.0,29.5,126.88,72.0,15,2,1,0,5,36.56,18.28
66,9,8,1,1,11.0,10.0,11.0,110.0,11.0,2,0,0,0,1,50.0,20.0
66,5,1,2,2,58.0,26.0,29.0,223.08,40.0,6,4,0,0,3,23.08,38.46
66,5,2,1,1,50.0,27.0,50.0,185.19,50.0,5,2,1,0,1,14.81,25.93
66,5,3,2,2,46.0,34.0,23.0,135.29,26.0,7,0,0,0,2,20.59,20.59
66,5,4,2,2,21.0,20.0,10.5,105.0,19.0,2,1,0,0,1,55.0,15.0
66,5,5,2,2,105.0,75.0,52.5,140.0,73.0,10,5,1,0,2,36.0,20.0
66,5,6,1,1,95.0,57.0,95.0,166.67,95.0,13,2,1,0,0,19.3,26.32
66,5,7,2,2,18.0,13.0,9.0,138.46,17.0,1,2,0,0,2,61.54,23.08
66,5,8,2,2,38.0,24.0,19.0,158.33,36.0,6,1,0,0,2,33.33,29.17
66,7,4,1,1,37.0,23.0,37.0,160.87,37.0,6,0,0,0,1,26.09,26.09
66,7,5,2,2,144.0,80.0,72.0,180.0,87.0,15,7,2,0,2,22.5,27.5
66,7,6,2,2,39.0,36.0,19.5,108.33,28.0,4,2,0,0,2,50.0,16.67
66,11,1,3,3,32.0,28.0,10.67,114.29,17.0,5,0,0,0,3,35.71,17.86
66,11,2,2,2,18.0,19.0,9.0,94.74,16.0,2,1,0,0,2,52.63,15.79
66,11,3,2,2,94.0,46.0,47.0,204.35,75.0,11,6,1,0,2,34.78,36.96
66,11,4,1,1,4.0,2.0,4.0,200.0,4.0,1,0,0,0,1,50.0,50.0
66,11,5,2,2,136.0,77.0,68.0,176.62,73.0,20,3,2,0,2,23.38,29.87
66,11,6,1,1,11.0,7.0,11.0,157.14,11.0,2,0,0,0,1,42.86,28.57
66,11,7,2,2,20.0,15.0,10.0,133.33,18.0,3,1,0,0,2,60.0,26.67
66,11,8,2,2,1.0,5.0,0.5,20.0,1.0,0,0,0,0,1,80.0,0.0
66,17,1,2,2,71.0,31.0,35.5,229.03,47.0,12,2,0,0,1,19.35,45.16
66,17,2,2,2,7.0,7.0,3.5,100.0,7.0,0,1,0,0,2,71.43,14.29
66,17,3,2,2,47.0,33.0,23.5,142.42,35.0,7,2,0,0,2,51.52,27.27
66,17,4,1,1,25.0,18.0,25.0,138.89,25.0,3,0,0,0,0,33.33,16.67
66,17,5,1,1,0.0,1.0,0.0,0.0,0.0,0,0,0,0,1,100.0,0.0
66,17,6,2,2,43.0,33.0,21.5,130.3,25.0,8,0,0,0,2,51.52,24.24
66,17,7,2,2,62.0,50.0,31.0,124.0,32.0,9,0,0,0,2,34.0,18.0
66,15,6,2,2,20.0,27.0,10.0,74.07,12.0,2,0,0,0,2,48.15,7.41
66,15,7,2,2,34.0,24.0,17.0,141.67,30.0,3,3,0,0,2,54.17,25.0
767,6,11,2,2,90.0,59.0,45.0,152.54,54.0,3,7,1,0,0,25.42,16.95
767,6,12,2,2,33.0,31.0,16.5,106.45,26.0,2,1,0,0,2,35.48,9.68
767,6,13,1,1,12.0,7.0,12.0,171.43,12.0,0,1,0,0,1,14.29,14.29
767,6,15,1,1,0.0,2.0,0.0,0.0,0.0,0,0,0,0,1,100.0,0.0
767,6,16,2,2,41.0,31.0,20.5,132.26,27.0,2,2,0,0,2,29.03,12.9
767,6,17,1,1,12.0,12.0,12.0,100.0,12.0,0,1,0,0,1,50.0,8.33
767,10,12,3,3,42.0,34.0,14.0,123.53,25.0,3,2,0,0,3,32.35,14.71
767,10,14,1,1,8.0,7.0,8.0,114.29,8.0,0,0,0,0,1,28.57,0.0
767,10,15,1,1,13.0,20.0,13.0,65.0,13.0,1,0,0,0,1,45.0,5.0
767,10,16,2,2,35.0,32.0,17.5,109.38,29.0,4,0,0,0,2,37.5,12.5
767,10,18,1,1,69.0,54.0,69.0,127.78,69.0,5,1,1,0,0,20.37,11.11
767,14,10,1,1,63.0,44.0,63.0,143.18,63.0,9,0,1,0,0,25.0,20.45
767,13,11,1,1,13.0,13.0,13.0,100.0,13.0,0,0,0,0,1,23.08,0.0
767,13,12,2,2,33.0,31.0,16.5,106.45,26.0,2,0,0,0,1,32.26,6.45
767,13,13,1,1,26.0,27.0,26.0,96.3,26.0,4,0,0,0,1,48.15,14.81
767,9,10,1,1,22.0,17.0,22.0,129.41,22.0,2,1,0,0,1,35.29,17.65
767,9,11,1,1,2.0,4.0,2.0,50.0,2.0,0,0,0,0,1,50.0,0.0
767,9,12,1,1,40.0,24.0,40.0,166.67,40.0,2,2,0,0,0,16.67,16.67
767,9,13,1,1,7.0,10.0,7.0,70.0,7.0,0,0,0,0,1,40.0,0.0
767,9,14,1,1,11.0,7.0,11.0,157.14,11.0,0,1,0,0,1,28.57,14.29
767,9,16,2,2,114.0,48.0,57.0,237.5,63.0,6,10,2,0,0,12.5,33.33
767,9,18,1,1,29.0,21.0,29.0,138.1,29.0,2,1,0,0,1,38.1,14.29
767,18,15,1,1,4.0,6.0,4.0,66.67,4.0,0,0,0,0,1,50.0,0.0
767,18,16,1,1,10.0,12.0,10.0,83.33,10.0,1,0,0,0,1,41.67,8.33
767,18,17,1,1,17.0,17.0,17.0,100.0,17.0,0,1,0,0,1,29.41,5.88
767,18,18,1,1,9.0,8.0,9.0,112.5,9.0,1,0,0,0,1,12.5,12.5
767,5,10,2,2,16.0,14.0,8.0,114.29,15.0,1,0,0,0,1,21.43,7.14
767,5,11,1,1,43.0,30.0,43.0,143.33,43.0,3,2,0,0,0,20.0,16.67
767,5,12,2,2,17.0,27.0,8.5,62.96,12.0,1,0,0,0,2,48.15,3.7
767,5,14,1,1,28.0,25.0,28.0,112.0,28.0,0,2,0,0,1,36.0,8.0
767,5,16,2,2,48.0,30.0,24.0,160.0,29.0,7,1,0,0,2,30.0,26.67
767,5,17,1,1,6.0,5.0,6.0,120.0,6.0,0,0,0,0,0,0.0,0.0
767,12,17,1,1,8.0,10.0,8.0,80.0,8.0,0,0,0,0,1,20.0,0.0
767,12,18,1,1,2.0,2.0,2.0,100.0,2.0,0,0,0,0,0,0.0,0.0
767,11,11,2,2,20.0,9.0,10.0,222.22,17.0,2,1,0,0,2,22.22,33.33
767,11,12,2,2,43.0,25.0,21.5,172.0,35.0,1,3,0,0,2,12.0,16.0
767,11,13,1,1,52.0,51.0,52.0,101.96,52.0,6,0,1,0,0,37.25,11.76
767,11,14,1,1,8.0,8.0,8.0,100.0,8.0,1,0,0,0,1,37.5,12.5
767,11,15,1,1,2.0,7.0,2.0,28.57,2.0,0,0,0,0,1,71.43,0.0
767,11,17,1,1,16.0,10.0,16.0,160.0,16.0,3,0,0,0,1,30.0,30.0
767,11,18,1,1,9.0,6.0,9.0,150.0,9.0,0,1,0,0,1,33.33,16.67
767,17,11,1,1,21.0,20.0,21.0,105.0,21.0,2,0,0,0,0,30.0,10.0
767,17,12,2,2,36.0,21.0,18.0,171.43,27.0,0,4,0,0,1,33.33,19.05
767,17,13,1,1,0.0,1.0,0.0,0.0,0.0,0,0,0,0,1,100.0,0.0
767,17,14,1,1,3.0,5.0,3.0,60.0,3.0,0,0,0,0,1,40.0,0.0
767,17,16,1,1,53.0,35.0,53.0,151.43,53.0,7,2,1,0,1,31.43,25.71
767,8,17,1,1,10.0,7.0,10.0,142.86,10.0,2,0,0,0,1,42.86,28.57
767,15,11,1,1,23.0,13.0,23.0,176.92,23.0,1,1,0,0,0,15.38,15.38
767,15,17,1,1,14.0,11.0,14.0,127.27,14.0,2,0,0,0,0,36.36,18.18
351,6,18,1,1,57.0,33.0,57.0,172.73,57.0,4,4,1,0,1,24.24,24.24
351,1,18,1,1,101.0,38.0,101.0,265.79,101.0,7,11,1,1,1,31.58,47.37
351,9,18,1,1,4.0,2.0,4.0,200.0,4.0,1,0,0,0,1,50.0,50.0
351,18,18,1,1,34.0,20.0,34.0,170.0,34.0,2,3,0,0,1,35.0,25.0
351,5,18,1,1,0.0,2.0,0.0,0.0,0.0,0,0,0,0,1,100.0,0.0
351,12,18,1,1,40.0,15.0,40.0,266.67,40.0,4,4,0,0,1,46.67,53.33
351,8,18,1,1,16.0,12.0,16.0,133.33,16.0,0,2,0,0,1,58.33,16.67
183,9,17,1,1,7.0,5.0,7.0,140.0,7.0,0,0,0,0,0,0.0,0.0
693,6,15,1,1,1.0,2.0,1.0,50.0,1.0,0,0,0,0,0,50.0,0.0
693,6,17,1,1,1.0,1.0,1.0,100.0,1.0,0,0,0,0,0,0.0,0.0
693,10,15,1,1,2.0,4.0,2.0,50.0,2.0,0,0,0,0,0,50.0,0.0
693,1,15,1,1,2.0,6.0,2.0,33.33,2.0,0,0,0,0,1,66.67,0.0
693,18,16,1,1,1.0,1.0,1.0,100.0,1.0,0,0,0,0,0,0.0,0.0
693,12,18,1,1,0.0,7.0,0.0,0.0,0.0,0,0,0,0,1,100.0,0.0
693,15,15,1,1,0.0,1.0,0.0,0.0,0.0,0,0,0,0,1,100.0,0.0
693,15,16,1,1,2.0,1.0,2.0,200.0,2.0,0,0,0,0,0,0.0,0.0
693,15,18,1,1,0.0,1.0,0.0,0.0,0.0,0,0,0,0,1,100.0,0.0
12,6,7,1,1,13.0,12.0,13.0,108.33,13.0,0,1,0,0,1,50.0,8.33
12,11,7,1,1,16.0,14.0,16.0,114.29,16.0,3,0,0,0,1,50.0,21.43
123,9,16,1,1,13.0,8.0,13.0,162.5,13.0,0,1,0,0,0,12.5,12.5
123,5,17,1,1,0.0,1.0,0.0,0.0,0.0,0,0,0,0,1,100.0,0.0
123,11,16,1,1,0.0,1.0,0.0,0.0,0.0,0,0,0,0,1,100.0,0.0
123,15,17,1,1,1.0,2.0,1.0,50.0,1.0,0,0,0,0,0,50.0,0.0
196,10,14,1,1,4.0,14.0,4.0,28.57,4.0,0,0,0,0,1,64.29,0.0
196,5,14,1,1,11.0,12.0,11.0,91.67,11.0,1,0,0,0,2,33.33,8.33
379,2,10,2,2,12.0,14.0,6.0,85.71,9.0,0,1,0,0,2,50.0,7.14
379,1,16,2,2,35.0,27.0,17.5,129.63,30.0,2,2,0,0,2,33.33,14.81
379,13,10,1,1,7.0,12.0,7.0,58.33,7.0,1,0,0,0,1,66.67,8.33
379,18,16,1,1,2.0,4.0,2.0,50.0,2.0,0,0,0,0,1,25.0,0.0
228,5,16,1,1,69.0,47.0,69.0,146.81,69.0,9,2,1,0,1,29.79,23.4
86,6,5,1,1,0.0,2.0,0.0,0.0,0.0,0,0,0,0,1,100.0,0.0
86,10,12,1,1,3.0,7.0,3.0,42.86,3.0,0,0,0,0,0,57.14,0.0
86,10,13,1,1,1.0,2.0,1.0,50.0,1.0,0,0,0,0,1,50.0,0.0
86,13,4,1,1,0.0,5.0,0.0,0.0,0.0,0,0,0,0,0,100.0,0.0
86,13,7,2,2,28.0,26.0,14.0,107.69,17.0,1,1,0,0,0,34.62,7.69
86,9,5,1,1,1.0,1.0,1.0,100.0,1.0,0,0,0,0,0,0.0,0.0
86,9,10,1,1,4.0,5.0,4.0,80.0,4.0,0,0,0,0,1,40.0,0.0
86,9,13,1,1,0.0,8.0,0.0,0.0,0.0,0,0,0,0,0,100.0,0.0
86,5,7,1,1,7.0,8.0,7.0,87.5,7.0,1,0,0,0,0,50.0,12.5
86,17,10,1,1,0.0,5.0,0.0,0.0,0.0,0,0,0,0,0,100.0,0.0
86,15,8,1,1,6.0,3.0,6.0,200.0,6.0,0,1,0,0,1,66.67,33.33
454,6,14,2,2,68.0,47.0,34.0,144.68,50.0,8,3,1,0,2,42.55,23.4
454,6,15,1,1,16.0,16.0,16.0,100.0,16.0,2,0,0,0,1,56.25,12.5
454,6,16,2,2,29.0,24.0,14.5,120.83,20.0,4,1,0,0,2,50.0,20.83
454,6,17,1,1,3.0,8.0,3.0,37.5,3.0,0,0,0,0,1,75.0,0.0
454,10,14,2,2,69.0,56.0,34.5,123.21,55.0,6,3,1,0,2,37.5,16.07
454,10,15,2,2,24.0,20.0,12.0,120.0,18.0,1,2,0,0,2,45.0,15.0
454,10,16,1,1,0.0,2.0,0.0,0.0,0.0,0,0,0,0,1,100.0,0.0
454,10,17,2,2,31.0,25.0,15.5,124.0,26.0,3,1,0,0,0,40.0,16.0
454,10,18,1,1,7.0,5.0,7.0,140.0,7.0,1,0,0,0,1,40.0,20.0
454,1,15,1,1,17.0,17.0,17.0,100.0,17.0,2,0,0,0,1,41.18,11.76
454,1,16,2,2,94.0,54.0,47.0,174.07,83.0,8,5,1,0,2,24.07,24.07
454,1,18,1,1,14.0,19.0,14.0,73.68,14.0,0,0,0,0,1,36.84,0.0
454,18,15,1,1,0.0,4.0,0.0,0.0,0.0,0,0,0,0,1,100.0,0.0
454,18,16,1,1,24.0,15.0,24.0,160.0,24.0,3,1,0,0,1,40.0,26.67
454,18,17,1,1,1.0,1.0,1.0,100.0,1.0,0,0,0,0,0,0.0,0.0
454,18,18,1,1,45.0,29.0,45.0,155.17,45.0,6,1,0,0,1,27.59,24.14
454,5,14,1,1,53.0,30.0,53.0,176.67,53.0,4,3,1,0,1,30.0,23.33
454,5,15,2,2,93.0,65.0,46.5,143.08,50.0,9,5,1,0,1,43.08,21.54
454,5,16,1,1,104.0,51.0,104.0,203.92,104.0,6,9,1,1,1,29.41,29.41
454,5,17,2,2,112.0,73.0,56.0,153.42,70.0,12,5,1,0,3,39.73,23.29
454,5,18,1,1,3.0,9.0,3.0,33.33,3.0,0,0,0,0,1,77.78,0.0
454,12,14,1,1,67.0,49.0,67.0,136.73,67.0,9,1,1,0,1,30.61,20.41
454,12,15,1,1,3.0,7.0,3.0,42.86,3.0,0,0,0,0,1,42.86,0.0
454,12,16,2,2,45.0,41.0,22.5,109.76,34.0,3,1,0,0,2,24.39,9.76
454,12,17,1,1,39.0,23.0,39.0,169.57,39.0,3,2,0,0,1,26.09,21.74
454,12,18,1,1,7.0,4.0,7.0,175.0,7.0,0,0,0,0,1,25.0,0.0
454,11,14,1,1,38.0,35.0,38.0,108.57,38.0,3,2,0,0,1,42.86,14.29
454,11,15,1,1,6.0,7.0,6.0,85.71,6.0,0,0,0,0,1,14.29,0.0
454,11,16,1,1,57.0,42.0,57.0,135.71,57.0,2,4,1,0,1,28.57,14.29
454,11,17,1,1,8.0,6.0,8.0,133.33,8.0,1,0,0,0,1,33.33,16.67
454,17,14,2,2,67.0,57.0,33.5,117.54,41.0,7,2,0,0,1,40.35,15.79
454,17,15,1,1,10.0,14.0,10.0,71.43,10.0,1,0,0,0,1,57.14,7.14
454,17,16,2,2,34.0,33.0,17.0,103.03,31.0,3,0,0,0,2,24.24,9.09
454,8,17,2,2,66.0,38.0,33.0,173.68,50.0,6,4,1,0,2,26.32,26.32
454,8,18,1,1,6.0,7.0,6.0,85.71,6.0,1,0,0,0,1,57.14,14.29
454,15,14,1,1,8.0,14.0,8.0,57.14,8.0,0,0,0,0,1,57.14,0.0
454,15,15,2,2,13.0,19.0,6.5,68.42,7.0,2,0,0,0,2,52.63,10.53
454,15,16,2,2,17.0,15.0,8.5,113.33,10.0,3,0,0,0,2,53.33,20.0
454,15,17,3,3,110.0,59.0,36.67,186.44,52.0,10,7,2,0,1,27.12,28.81
454,15,18,1,1,60.0,29.0,60.0,206.9,60.0,7,3,1,0,1,20.69,34.48
118,6,1,1,1,0.0,1.0,0.0,0.0,0.0,0,0,0,0,1,100.0,0.0
118,5,1,1,1,4.0,2.0,4.0,200.0,4.0,1,0,0,0,0,0.0,50.0
548,13,7,1,1,1.0,2.0,1.0,50.0,1.0,0,0,0,0,0,50.0,0.0
548,5,3,1,1,6.0,5.0,6.0,120.0,6.0,1,0,0,0,1,20.0,20.0
641,13,1,1,1,2.0,2.0,2.0,100.0,2.0,0,0,0,0,1,50.0,0.0
432,6,2,2,2,4.0,12.0,2.0,33.33,4.0,0,0,0,0,2,66.67,0.0
432,6,3,1,1,12.0,11.0,12.0,109.09,12.0,2,0,0,0,0,45.45,18.18
432,2,1,1,1,2.0,6.0,2.0,33.33,2.0,0,0,0,0,1,66.67,0.0
432,13,1,1,1,48.0,34.0,48.0,141.18,48.0,8,0,0,0,1,32.35,23.53
432,13,3,1,1,10.0,7.0,10.0,142.86,10.0,1,0,0,0,1,14.29,14.29
432,9,1,1,1,0.0,6.0,0.0,0.0,0.0,0,0,0,0,1,100.0,0.0
432,9,2,1,1,10.0,10.0,10.0,100.0,10.0,1,1,0,0,1,80.0,20.0
432,9,3,1,1,22.0,14.0,22.0,157.14,22.0,2,1,0,0,1,28.57,21.43
432,5,1,1,1,37.0,26.0,37.0,142.31,37.0,4,1,0,0,0,23.08,19.23
432,5,2,1,1,0.0,1.0,0.0,0.0,0.0,0,0,0,0,1,100.0,0.0
432,5,3,1,1,4.0,7.0,4.0,57.14,4.0,0,0,0,0,0,57.14,0.0
432,7,4,1,1,0.0,3.0,0.0,0.0,0.0,0,0,0,0,1,100.0,0.0
432,11,1,1,1,16.0,16.0,16.0,100.0,16.0,3,0,0,0,1,56.25,18.75
432,11,3,2,2,16.0,21.0,8.0,76.19,10.0,2,0,0,0,2,47.62,9.52
432,11,4,1,1,8.0,10.0,8.0,80.0,8.0,1,0,0,0,0,40.0,10.0
432,17,1,1,1,52.0,44.0,52.0,118.18,52.0,7,0,1,0,1,29.55,15.91
432,17,2,1,1,5.0,10.0,5.0,50.0,5.0,0,0,0,0,1,50.0,0.0
432,17,4,1,1,36.0,29.0,36.0,124.14,36.0,2,2,0,0,1,37.93,13.79
699,13,1,1,1,6.0,5.0,6.0,120.0,6.0,0,0,0,0,0,0.0,0.0
699,9,1,1,1,3.0,6.0,3.0,50.0,3.0,0,0,0,0,1,50.0,0.0
699,5,1,1,1,3.0,5.0,3.0,60.0,3.0,0,0,0,0,0,60.0,0.0
699,11,1,2,2,3.0,11.0,1.5,27.27,3.0,0,0,0,0,1,63.64,0.0
10,6,1,1,1,50.0,33.0,50.0,151.52,50.0,5,2,1,0,1,33.33,21.21
10,16,1,2,2,49.0,42.0,24.5,116.67,44.0,7,0,0,0,1,35.71,16.67
10,2,1,1,1,10.0,9.0,10.0,111.11,10.0,0,1,0,0,1,44.44,11.11
10,13,1,1,1,0.0,4.0,0.0,0.0,0.0,0,0,0,0,1,100.0,0.0
10,9,1,1,1,6.0,16.0,6.0,37.5,6.0,0,0,0,0,1,68.75,0.0
10,5,2,1,1,7.0,8.0,7.0,87.5,7.0,1,0,0,0,1,62.5,12.5
10,11,2,1,1,8.0,9.0,8.0,88.89,8.0,1,0,0,0,1,55.56,11.11
208,6,1,1,1,25.0,26.0,25.0,96.15,25.0,2,0,0,0,1,34.62,7.69
208,6,2,1,1,5.0,10.0,5.0,50.0,5.0,0,0,0,0,1,60.0,0.0
208,16,2,2,2,15.0,23.0,7.5,65.22,12.0,0,0,0,0,1,34.78,0.0
208,5,2,2,2,9.0,13.0,4.5,69.23,5.0,0,0,0,0,2,23.08,0.0
208,11,1,1,1,1.0,1.0,1.0,100.0,1.0,0,0,0,0,0,0.0,0.0
208,11,2,1,1,1.0,2.0,1.0,50.0,1.0,0,0,0,0,0,50.0,0.0
638,6,11,1,1,13.0,4.0,13.0,325.0,13.0,1,1,0,0,1,0.0,50.0
638,6,13,2,2,15.0,12.0,7.5,125.0,10.0,1,1,0,0,1,41.67,16.67
638,6,14,1,1,7.0,11.0,7.0,63.64,7.0,1,0,0,0,1,54.55,9.09
638,6,15,1,1,2.0,2.0,2.0,100.0,2.0,0,0,0,0,1,50.0,0.0
638,6,16,1,1,9.0,6.0,9.0,150.0,9.0,1,0,0,0,0,0.0,16.67
638,10,12,1,1,1.0,2.0,1.0,50.0,1.0,0,0,0,0,1,50.0,0.0
638,10,13,2,2,17.0,12.0,8.5,141.67,17.0,3,0,0,0,1,25.0,25.0
638,10,14,1,1,6.0,9.0,6.0,66.67,6.0,0,0,0,0,1,33.33,0.0
638,10,16,1,1,24.0,15.0,24.0,160.0,24.0,3,0,0,0,0,13.33,20.0
638,2,10,1,1,5.0,3.0,5.0,166.67,5.0,0,0,0,0,0,0.0,0.0
638,1,15,1,1,3.0,4.0,3.0,75.0,3.0,0,0,0,0,1,25.0,0.0
638,1,17,1,1,0.0,1.0,0.0,0.0,0.0,0,0,0,0,1,100.0,0.0
638,13,11,1,1,9.0,4.0,9.0,225.0,9.0,2,0,0,0,0,25.0,50.0
638,13,13,2,2,43.0,41.0,21.5,104.88,30.0,3,1,0,0,2,36.59,9.76
638,9,10,1,1,1.0,3.0,1.0,33.33,1.0,0,0,0,0,0,33.33,0.0
638,9,15,1,1,4.0,9.0,4.0,44.44,4.0,0,0,0,0,1,55.56,0.0
638,18,15,1,1,18.0,14.0,18.0,128.57,18.0,1,0,0,0,1,14.29,7.14
638,18,16,1,1,16.0,28.0,16.0,57.14,16.0,0,0,0,0,1,42.86,0.0
638,18,18,1,1,2.0,3.0,2.0,66.67,2.0,0,0,0,0,1,33.33,0.0
638,5,10,2,2,2.0,3.0,1.0,66.67,2.0,0,0,0,0,0,33.33,0.0
638,5,11,2,2,8.0,11.0,4.0,72.73,7.0,1,0,0,0,2,54.55,9.09
638,5,13,1,1,10.0,6.0,10.0,166.67,10.0,1,0,0,0,0,0.0,16.67
638,5,14,1,1,10.0,16.0,10.0,62.5,10.0,0,0,0,0,1,56.25,0.0
638,5,15,1,1,9.0,7.0,9.0,128.57,9.0,0,0,0,0,1,42.86,0.0
638,5,16,1,1,10.0,6.0,10.0,166.67,10.0,2,0,0,0,1,33.33,33.33
638,5,18,1,1,48.0,24.0,48.0,200.0,48.0,5,3,0,0,1,29.17,33.33
638,12,15,1,1,25.0,19.0,25.0,131.58,25.0,3,1,0,0,1,36.84,21.05
638,11,11,1,1,35.0,19.0,35.0,184.21,35.0,1,3,0,0,1,31.58,21.05
638,11,15,1,1,40.0,14.0,40.0,285.71,40.0,5,2,0,0,1,7.14,50.0
638,11,16,1,1,1.0,5.0,1.0,20.0,1.0,0,0,0,0,1,80.0,0.0
638,11,18,1,1,13.0,8.0,13.0,162.5,13.0,0,1,0,0,1,25.0,12.5
638,15,10,1,1,1.0,3.0,1.0,33.33,1.0,0,0,0,0,0,33.33,0.0
638,15,12,1,1,0.0,1.0,0.0,0.0,0.0,0,0,0,0,1,100.0,0.0
638,15,13,2,2,26.0,24.0,13.0,108.33,21.0,2,0,0,0,2,25.0,8.33
638,15,14,1,1,8.0,11.0,8.0,72.73,8.0,1,0,0,0,1,54.55,9.09
638,15,18,2,2,70.0,45.0,35.0,155.56,49.0,5,3,0,0,2,20.0,17.78
660,6,16,1,1,2.0,5.0,2.0,40.0,2.0,0,0,0,0,1,60.0,0.0
660,16,4,1,1,16.0,16.0,16.0,100.0,16.0,0,1,0,0,1,37.5,6.25
660,2,4,1,1,10.0,9.0,10.0,111.11,10.0,1,0,0,0,0,33.33,11.11
660,13,7,1,1,2.0,2.0,2.0,100.0,2.0,0,0,0,0,1,50.0,0.0
660,4,4,1,1,1.0,5.0,1.0,20.0,1.0,0,0,0,0,1,80.0,0.0
660,9,4,1,1,1.0,1.0,1.0,100.0,1.0,0,0,0,0,0,0.0,0.0
660,9,5,2,2,4.0,7.0,2.0,57.14,3.0,0,0,0,0,2,42.86,0.0
660,9,6,1,1,5.0,7.0,5.0,71.43,5.0,0,0,0,0,1,28.57,0.0
660,5,4,1,1,9.0,8.0,9.0,112.5,9.0,1,0,0,0,1,37.5,12.5
660,5,5,2,2,13.0,18.0,6.5,72.22,11.0,2,0,0,0,2,50.0,11.11
660,11,5,1,1,2.0,2.0,2.0,100.0,2.0,0,0,0,0,0,0.0,0.0
24,6,18,1,1,11.0,7.0,11.0,157.14,11.0,2,0,0,0,1,28.57,28.57
24,10,17,1,1,41.0,29.0,41.0,141.38,41.0,3,2,0,0,1,34.48,17.24
24,10,18,2,2,22.0,14.0,11.0,157.14,21.0,3,1,0,0,1,42.86,28.57
24,1,17,2,2,101.0,44.0,50.5,229.55,100.0,5,10,1,1,1,22.73,34.09
24,1,18,1,1,53.0,35.0,53.0,151.43,53.0,5,3,1,0,1,31.43,22.86
24,9,17,1,1,55.0,32.0,55.0,171.88,55.0,4,5,1,0,1,40.62,28.12
24,9,18,1,1,16.0,17.0,16.0,94.12,16.0,0,1,0,0,1,41.18,5.88
24,18,18,2,2,34.0,28.0,17.0,121.43,29.0,3,1,0,0,2,32.14,14.29
24,5,17,1,1,8.0,6.0,8.0,133.33,8.0,2,0,0,0,1,66.67,33.33
24,12,17,1,1,12.0,7.0,12.0,171.43,12.0,1,1,0,0,1,42.86,28.57
24,12,18,1,1,17.0,8.0,17.0,212.5,17.0,2,1,0,0,1,25.0,37.5
24,8,18,1,1,22.0,18.0,22.0,122.22,22.0,2,1,0,0,1,44.44,16.67
24,15,17,2,2,13.0,13.0,6.5,100.0,7.0,1,0,0,0,1,23.08,7.69
24,15,18,2,2,58.0,45.0,29.0,128.89,36.0,5,3,0,0,2,37.78,17.78
465,6,1,2,2,42.0,25.0,21.0,168.0,27.0,6,1,0,0,1,36.0,28.0
465,6,2,1,1,25.0,13.0,25.0,192.31,25.0,2,1,0,0,0,7.69,23.08
465,6,3,2,2,23.0,15.0,11.5,153.33,22.0,5,0,0,0,2,46.67,33.33
465,6,7,1,1,6.0,4.0,6.0,150.0,6.0,0,1,0,0,2,75.0,25.0
465,6,8,2,2,30.0,35.0,15.0,85.71,15.0,1,1,0,0,2,42.86,5.71
465,6,11,1,1,5.0,5.0,5.0,100.0,5.0,0,0,0,0,0,20.0,0.0
465,6,14,1,1,44.0,46.0,44.0,95.65,44.0,1,2,0,0,1,41.3,6.52
465,6,15,2,2,78.0,75.0,39.0,104.0,67.0,8,1,1,0,1,36.0,12.0
465,6,16,3,3,91.0,66.0,30.33,137.88,54.0,9,3,1,0,3,27.27,18.18
465,6,17,1,1,21.0,17.0,21.0,123.53,21.0,4,0,0,0,1,47.06,23.53
465,16,1,1,1,10.0,17.0,10.0,58.82,10.0,1,0,0,0,1,58.82,5.88
465,16,2,1,1,7.0,3.0,7.0,233.33,7.0,0,1,0,0,1,33.33,33.33
465,16,3,1,1,10.0,4.0,10.0,250.0,10.0,2,0,0,0,0,0.0,50.0
465,10,12,1,1,8.0,9.0,8.0,88.89,8.0,1,0,0,0,1,44.44,11.11
465,10,13,1,1,87.0,45.0,87.0,193.33,87.0,12,2,1,0,1,20.0,31.11
465,10,14,1,1,18.0,17.0,18.0,105.88,18.0,2,1,0,0,1,52.94,17.65
465,10,16,2,2,14.0,13.0,7.0,107.69,14.0,2,1,0,0,2,76.92,23.08
465,10,17,2,2,41.0,35.0,20.5,117.14,39.0,5,1,0,0,2,37.14,17.14
465,2,1,1,1,5.0,6.0,5.0,83.33,5.0,0,0,0,0,0,33.33,0.0
465,2,2,2,2,1.0,2.0,0.5,50.0,1.0,0,0,0,0,1,50.0,0.0
465,2,3,1,1,20.0,17.0,20.0,117.65,20.0,2,0,0,0,0,11.76,11.76
465,2,7,1,1,13.0,13.0,13.0,100.0,13.0,1,0,0,0,1,38.46,7.69
465,2,8,2,2,42.0,36.0,21.0,116.67,39.0,0,3,0,0,2,36.11,8.33
465,2,9,2,2,55.0,40.0,27.5,137.5,52.0,7,0,1,0,2,22.5,17.5
465,2,10,1,1,7.0,5.0,7.0,140.0,7.0,1,0,0,0,1,20.0,20.0
465,14,9,2,2,53.0,44.0,26.5,120.45,33.0,4,0,0,0,2,22.73,9.09
465,14,10,1,1,10.0,5.0,10.0,200.0,10.0,0,1,0,0,1,20.0,20.0
465,13,1,2,2,72.0,47.0,36.0,153.19,59.0,4,4,1,0,1,29.79,17.02
465,13,5,1,1,6.0,14.0,6.0,42.86,6.0,0,0,0,0,1,50.0,0.0
465,13,6,1,1,18.0,18.0,18.0,100.0,18.0,1,1,0,0,1,55.56,11.11
465,13,11,2,2,12.0,16.0,6.0,75.0,6.0,2,0,0,0,2,62.5,12.5
465,13,12,1,1,28.0,13.0,28.0,215.38,28.0,3,1,0,0,1,7.69,30.77
465,4,4,1,1,46.0,33.0,46.0,139.39,46.0,1,3,0,0,0,21.21,12.12
465,9,6,1,1,39.0,23.0,39.0,169.57,39.0,4,2,0,0,1,26.09,26.09
465,9,7,4,4,179.0,105.0,44.75,170.48,115.0,16,11,1,1,3,34.29,25.71
465,9,8,2,2,48.0,36.0,24.0,133.33,33.0,1,3,0,0,2,33.33,11.11
465,9,9,2,2,32.0,34.0,16.0,94.12,24.0,3,0,0,0,2,50.0,8.82
465,9,10,2,2,63.0,50.0,31.5,126.0,38.0,4,3,0,0,2,34.0,14.0
465,9,11,2,2,59.0,42.0,29.5,140.48,35.0,10,0,0,0,2,35.71,23.81
465,9,13,1,1,30.0,31.0,30.0,96.77,30.0,1,1,0,0,0,32.26,6.45
465,9,14,2,2,7.0,7.0,3.5,100.0,7.0,0,1,0,0,2,71.43,14.29
465,9,15,1,1,25.0,25.0,25.0,100.0,25.0,2,1,0,0,1,44.0,12.0
465,9,16,2,2,27.0,27.0,13.5,100.0,17.0,4,0,0,0,2,33.33,14.81
465,18,15,1,1,5.0,11.0,5.0,45.45,5.0,1,0,0,0,1,81.82,9.09
465,18,16,2,2,128.0,80.0,64.0,160.0,81.0,16,4,1,0,2,35.0,25.0
465,5,1,1,1,1.0,6.0,1.0,16.67,1.0,0,0,0,0,1,83.33,0.0
465,5,2,1,1,8.0,4.0,8.0,200.0,8.0,1,0,0,0,0,0.0,25.0
465,5,7,2,2,62.0,55.0,31.0,112.73,59.0,4,3,1,0,1,38.18,12.73
465,5,8,1,1,12.0,12.0,12.0,100.0,12.0,1,0,0,0,1,33.33,8.33
465,5,9,1,1,56.0,40.0,56.0,140.0,56.0,6,1,1,0,1,27.5,17.5
465,5,10,2,2,104.0,70.0,52.0,148.57,93.0,11,3,1,0,1,24.29,20.0
465,5,11,2,2,22.0,22.0,11.0,100.0,22.0,3,0,0,0,2,40.91,13.64
465,5,12,1,1,25.0,15.0,25.0,166.67,25.0,5,0,0,0,1,33.33,33.33
465,5,13,1,1,58.0,45.0,58.0,128.89,58.0,7,1,1,0,0,31.11,17.78
465,5,14,1,1,2.0,5.0,2.0,40.0,2.0,0,0,0,0,1,60.0,0.0
465,5,15,1,1,55.0,40.0,55.0,137.5,55.0,6,2,1,0,1,32.5,20.0
465,5,16,3,3,24.0,28.0,8.0,85.71,18.0,3,0,0,0,3,53.57,10.71
465,5,17,1,1,19.0,15.0,19.0,126.67,19.0,4,0,0,0,1,46.67,26.67
465,7,6,1,1,13.0,15.0,13.0,86.67,13.0,1,1,0,0,1,60.0,13.33
465,12,14,1,1,31.0,37.0,31.0,83.78,31.0,1,0,0,0,1,32.43,2.7
465,12,15,1,1,21.0,17.0,21.0,123.53,21.0,3,1,0,0,1,58.82,23.53
465,12,16,1,1,30.0,19.0,30.0,157.89,30.0,5,0,0,0,1,31.58,26.32
465,12,17,2,2,24.0,24.0,12.0,100.0,13.0,3,0,0,0,2,37.5,12.5
465,11,1,2,2,12.0,8.0,6.0,150.0,11.0,0,1,0,0,2,25.0,12.5
465,11,3,1,1,1.0,2.0,1.0,50.0,1.0,0,0,0,0,0,50.0,0.0
465,11,7,2,2,29.0,23.0,14.5,126.09,27.0,4,0,0,0,2,26.09,17.39
465,11,8,2,2,26.0,12.0,13.0,216.67,19.0,5,0,0,0,2,25.0,41.67
465,11,11,2,2,16.0,12.0,8.0,133.33,11.0,2,0,0,0,1,25.0,16.67
465,11,12,1,1,5.0,5.0,5.0,100.0,5.0,0,0,0,0,1,20.0,0.0
465,11,14,1,1,18.0,11.0,18.0,163.64,18.0,2,1,0,0,1,36.36,27.27
465,11,15,2,2,5.0,9.0,2.5,55.56,5.0,1,0,0,0,2,77.78,11.11
465,11,16,2,2,45.0,37.0,22.5,121.62,41.0,6,0,0,0,1,29.73,16.22
465,3,9,2,2,7.0,8.0,3.5,87.5,4.0,0,0,0,0,1,12.5,0.0
465,3,10,2,2,27.0,26.0,13.5,103.85,14.0,3,1,0,0,2,50.0,15.38
465,17,1,1,1,17.0,10.0,17.0,170.0,17.0,1,1,0,0,0,20.0,20.0
465,17,2,2,2,31.0,19.0,15.5,163.16,21.0,0,2,0,0,1,10.53,10.53
465,17,3,1,1,13.0,15.0,13.0,86.67,13.0,0,1,0,0,1,53.33,6.67
465,17,4,1,1,22.0,30.0,22.0,73.33,22.0,1,1,0,0,1,50.0,6.67
465,17,7,2,2,19.0,23.0,9.5,82.61,17.0,0,1,0,0,2,52.17,4.35
465,17,8,2,2,44.0,23.0,22.0,191.3,31.0,6,2,0,0,2,30.43,34.78
465,17,9,2,2,40.0,23.0,20.0,173.91,24.0,6,0,0,0,2,17.39,26.09
465,17,10,1,1,21.0,25.0,21.0,84.0,21.0,1,0,0,0,1,32.0,4.0
465,17,11,1,1,8.0,5.0,8.0,160.0,8.0,0,1,0,0,1,40.0,20.0
465,17,12,1,1,20.0,11.0,20.0,181.82,20.0,4,0,0,0,1,18.18,36.36
465,17,13,1,1,39.0,32.0,39.0,121.88,39.0,4,1,0,0,1,40.62,15.62
465,17,14,2,2,11.0,17.0,5.5,64.71,10.0,1,0,0,0,2,52.94,5.88
465,17,15,2,2,60.0,44.0,30.0,136.36,31.0,8,1,0,0,1,34.09,20.45
465,17,16,1,1,12.0,14.0,12.0,85.71,12.0,2,0,0,0,1,57.14,14.29
465,8,17,2,2,6.0,11.0,3.0,54.55,5.0,1,0,0,0,2,72.73,9.09
465,15,7,1,1,54.0,26.0,54.0,207.69,54.0,8,2,1,0,1,26.92,38.46
465,15,8,2,2,47.0,43.0,23.5,109.3,42.0,2,1,0,0,2,27.91,6.98
465,15,9,1,1,27.0,23.0,27.0,117.39,27.0,3,0,0,0,1,34.78,13.04
465,15,10,2,2,2.0,6.0,1.0,33.33,2.0,0,0,0,0,2,66.67,0.0
465,15,15,1,1,68.0,38.0,68.0,178.95,68.0,11,1,1,0,1,21.05,31.58
465,15,16,1,1,0.0,3.0,0.0,0.0,0.0,0,0,0,0,1,100.0,0.0
465,15,17,1,1,25.0,13.0,25.0,192.31,25.0,1,2,0,0,1,7.69,23.08
152,2,1,1,1,12.0,6.0,12.0,200.0,12.0,0,1,0,0,0,0.0,16.67
152,2,2,1,1,10.0,6.0,10.0,166.67,10.0,1,0,0,0,0,0.0,16.67
152,2,3,2,2,6.0,10.0,3.0,60.0,3.0,0,0,0,0,1,40.0,0.0
152,13,3,1,1,16.0,10.0,16.0,160.0,16.0,1,1,0,0,1,30.0,20.0
152,9,1,2,2,9.0,9.0,4.5,100.0,9.0,0,0,0,0,2,33.33,0.0
152,9,3,1,1,0.0,1.0,0.0,0.0,0.0,0,0,0,0,1,100.0,0.0
152,11,2,1,1,20.0,15.0,20.0,133.33,20.0,0,1,0,0,1,20.0,6.67
152,11,3,1,1,8.0,13.0,8.0,61.54,8.0,0,0,0,0,1,38.46,0.0
152,17,1,1,1,0.0,3.0,0.0,0.0,0.0,0,0,0,0,0,100.0,0.0
329,6,6,1,1,10.0,17.0,10.0,58.82,10.0,0,0,0,0,1,52.94,0.0
164,9,18,1,1,11.0,15.0,11.0,73.33,11.0,1,0,0,0,1,46.67,6.67
1,6,4,1,1,19.0,17.0,19.0,111.76,19.0,3,0,0,0,1,47.06,17.65
446,6,4,1,1,1.0,2.0,1.0,50.0,1.0,0,0,0,0,0,50.0,0.0
446,6,5,1,1,44.0,47.0,44.0,93.62,44.0,1,1,0,0,0,31.91,4.26
446,16,3,1,1,1.0,6.0,1.0,16.67,1.0,0,0,0,0,1,50.0,0.0
446,16,4,2,2,30.0,14.0,15.0,214.29,23.0,1,3,0,0,1,21.43,28.57
446,16,5,1,1,23.0,15.0,23.0,153.33,23.0,3,0,0,0,0,20.0,20.0
446,13,4,2,2,21.0,16.0,10.5,131.25,11.0,3,1,0,0,2,56.25,25.0
446,4,4,2,2,40.0,53.0,20.0,75.47,22.0,2,0,0,0,2,37.74,3.77
446,9,4,1,1,19.0,12.0,19.0,158.33,19.0,0,2,0,0,2,41.67,16.67
446,9,5,1,1,10.0,7.0,10.0,142.86,10.0,1,0,0,0,1,14.29,14.29
446,5,4,1,1,0.0,1.0,0.0,0.0,0.0,0,0,0,0,1,100.0,0.0
446,5,5,1,1,0.0,1.0,0.0,0.0,0.0,0,0,0,0,1,100.0,0.0
446,7,5,1,1,24.0,19.0,24.0,126.32,24.0,3,0,0,0,1,26.32,15.79
446,11,5,2,2,36.0,29.0,18.0,124.14,27.0,3,2,0,0,1,34.48,17.24
446,17,2,1,1,20.0,20.0,20.0,100.0,20.0,1,0,0,0,1,35.0,5.0
446,17,4,1,1,0.0,2.0,0.0,0.0,0.0,0,0,0,0,0,50.0,0.0
446,17,5,1,1,16.0,15.0,16.0,106.67,16.0,2,0,0,0,1,40.0,13.33
285,15,12,1,1,0.0,1.0,0.0,0.0,0.0,0,0,0,0,0,100.0,0.0
209,6,1,1,1,46.0,46.0,46.0,100.0,46.0,3,1,0,0,1,30.43,8.7
209,6,2,1,1,2.0,5.0,2.0,40.0,2.0,0,0,0,0,1,60.0,0.0
209,6,4,1,1,30.0,20.0,30.0,150.0,30.0,2,2,0,0,1,25.0,20.0
209,6,5,2,2,37.0,31.0,18.5,119.35,27.0,0,3,0,0,1,29.03,9.68
209,6,7,2,2,17.0,16.0,8.5,106.25,13.0,1,0,0,0,1,12.5,6.25
209,16,4,2,2,24.0,34.0,12.0,70.59,21.0,3,0,0,0,2,58.82,8.82
209,2,1,2,2,48.0,40.0,24.0,120.0,34.0,5,2,0,0,2,50.0,17.5
209,2,2,2,2,17.0,18.0,8.5,94.44,16.0,1,0,0,0,2,33.33,5.56
209,2,3,1,1,1.0,2.0,1.0,50.0,1.0,0,0,0,0,1,50.0,0.0
209,13,1,2,2,3.0,7.0,1.5,42.86,2.0,0,0,0,0,2,57.14,0.0
209,13,2,2,2,32.0,26.0,16.0,123.08,32.0,1,2,0,0,2,34.62,11.54
209,13,4,2,2,44.0,28.0,22.0,157.14,28.0,4,2,0,0,1,28.57,21.43
209,13,5,2,2,28.0,26.0,14.0,107.69,21.0,3,1,0,0,1,50.0,15.38
209,13,7,1,1,11.0,9.0,11.0,122.22,11.0,2,0,0,0,1,44.44,22.22
209,4,4,2,2,41.0,46.0,20.5,89.13,40.0,5,0,0,0,2,43.48,10.87
209,9,1,2,2,85.0,56.0,42.5,151.79,71.0,5,6,1,0,1,37.5,19.64
209,9,2,1,1,7.0,7.0,7.0,100.0,7.0,0,0,0,0,0,14.29,0.0
209,9,4,1,1,19.0,18.0,19.0,105.56,19.0,2,0,0,0,1,38.89,11.11
209,9,5,1,1,13.0,22.0,13.0,59.09,13.0,0,0,0,0,1,40.91,0.0
209,9,7,1,1,27.0,26.0,27.0,103.85,27.0,4,0,0,0,1,42.31,15.38
209,5,1,1,1,57.0,38.0,57.0,150.0,57.0,4,3,1,0,1,28.95,18.42
209,5,2,2,2,37.0,27.0,18.5,137.04,28.0,2,1,0,0,2,18.52,11.11
209,5,3,1,1,7.0,9.0,7.0,77.78,7.0,1,0,0,0,1,55.56,11.11
209,5,4,2,2,63.0,52.0,31.5,121.15,37.0,7,1,0,0,2,32.69,15.38
209,7,4,2,2,31.0,21.0,15.5,147.62,31.0,1,3,0,0,1,42.86,19.05
209,11,1,1,1,23.0,11.0,23.0,209.09,23.0,3,1,0,0,0,9.09,36.36
209,11,2,1,1,12.0,7.0,12.0,171.43,12.0,2,0,0,0,1,14.29,28.57
209,11,3,1,1,2.0,5.0,2.0,40.0,2.0,0,0,0,0,1,60.0,0.0
209,11,4,1,1,60.0,40.0,60.0,150.0,60.0,4,4,1,0,1,40.0,20.0
209,11,7,1,1,16.0,12.0,16.0,133.33,16.0,1,0,0,0,0,8.33,8.33
209,17,1,1,1,26.0,12.0,26.0,216.67,26.0,2,2,0,0,1,16.67,33.33
209,17,2,3,3,17.0,24.0,5.67,70.83,9.0,0,0,0,0,2,41.67,0.0
209,17,3,1,1,24.0,27.0,24.0,88.89,24.0,2,1,0,0,1,51.85,11.11
209,17,4,1,1,24.0,21.0,24.0,114.29,24.0,2,1,0,0,1,28.57,14.29
209,17,5,2,2,54.0,47.0,27.0,114.89,36.0,5,1,0,0,2,34.04,12.77
460,2,3,1,1,0.0,1.0,0.0,0.0,0.0,0,0,0,0,0,0.0,0.0
20,9,15,1,1,0.0,1.0,0.0,0.0,0.0,0,0,0,0,1,100.0,0.0
20,12,18,2,2,1.0,2.0,0.5,50.0,1.0,0,0,0,0,1,50.0,0.0
20,15,18,1,1,3.0,6.0,3.0,50.0,3.0,0,0,0,0,1,66.67,0.0
507,2,2,1,1,13.0,20.0,13.0,65.0,13.0,2,0,0,0,1,65.0,10.0
507,5,2,1,1,8.0,8.0,8.0,100.0,8.0,0,0,0,0,1,12.5,0.0
507,11,2,2,2,26.0,38.0,13.0,68.42,20.0,3,0,0,0,2,60.53,7.89
373,6,13,1,1,6.0,6.0,6.0,100.0,6.0,1,0,0,0,1,50.0,16.67
373,6,14,1,1,50.0,21.0,50.0,238.1,50.0,6,3,1,0,1,28.57,42.86
373,6,15,1,1,59.0,44.0,59.0,134.09,59.0,8,1,1,0,1,31.82,20.45
373,6,16,2,2,87.0,51.0,43.5,170.59,77.0,10,4,1,0,2,35.29,27.45
373,6,17,1,1,24.0,21.0,24.0,114.29,24.0,3,1,0,0,1,57.14,19.05
373,6,18,2,2,40.0,22.0,20.0,181.82,36.0,6,2,0,0,2,45.45,36.36
373,10,13,1,1,34.0,36.0,34.0,94.44,34.0,1,2,0,0,1,41.67,8.33
373,10,14,1,1,5.0,4.0,5.0,125.0,5.0,0,0,0,0,1,50.0,0.0
373,10,15,1,1,19.0,19.0,19.0,100.0,19.0,1,1,0,0,1,42.11,10.53
373,10,16,1,1,60.0,31.0,60.0,193.55,60.0,11,1,1,0,1,29.03,38.71
373,10,17,2,2,9.0,9.0,4.5,100.0,5.0,2,0,0,0,2,66.67,22.22
373,10,18,1,1,51.0,37.0,51.0,137.84,51.0,3,4,1,0,1,40.54,18.92
373,1,15,2,2,25.0,24.0,12.5,104.17,22.0,1,2,0,0,2,62.5,12.5
373,1,16,2,2,15.0,18.0,7.5,83.33,14.0,1,1,0,0,1,61.11,11.11
373,1,17,1,1,24.0,19.0,24.0,126.32,24.0,5,0,0,0,1,57.89,26.32
373,1,18,2,2,76.0,47.0,38.0,161.7,70.0,10,2,1,0,1,34.04,25.53
373,9,14,2,2,22.0,20.0,11.0,110.0,22.0,5,0,0,0,2,65.0,25.0
373,9,16,1,1,98.0,47.0,98.0,208.51,98.0,13,5,1,0,0,29.79,38.3
373,9,17,1,1,19.0,9.0,19.0,211.11,19.0,3,1,0,0,1,44.44,44.44
373,9,18,2,2,63.0,45.0,31.5,140.0,34.0,7,3,0,0,2,42.22,22.22
373,18,15,1,1,41.0,29.0,41.0,141.38,41.0,6,1,0,0,1,41.38,24.14
373,18,16,1,1,44.0,35.0,44.0,125.71,44.0,4,2,0,0,1,37.14,17.14
373,18,17,2,2,48.0,30.0,24.0,160.0,24.0,6,2,0,0,2,33.33,26.67
373,18,18,1,1,74.0,52.0,74.0,142.31,74.0,5,4,1,0,1,30.77,17.31
373,5,13,1,1,0.0,2.0,0.0,0.0,0.0,0,0,0,0,1,100.0,0.0
373,5,14,2,2,44.0,29.0,22.0,151.72,32.0,5,2,0,0,2,37.93,24.14
373,5,15,1,1,1.0,2.0,1.0,50.0,1.0,0,0,0,0,1,50.0,0.0
373,5,16,1,1,124.0,62.0,124.0,200.0,124.0,16,8,1,1,1,38.71,38.71
373,5,17,2,2,114.0,66.0,57.0,172.73,104.0,11,7,1,1,1,33.33,27.27
373,5,18,1,1,13.0,6.0,13.0,216.67,13.0,0,2,0,0,1,50.0,33.33
373,12,14,1,1,49.0,36.0,49.0,136.11,49.0,6,2,0,0,1,36.11,22.22
373,12,15,1,1,68.0,41.0,68.0,165.85,68.0,9,2,1,0,1,29.27,26.83
373,12,16,2,2,61.0,44.0,30.5,138.64,50.0,9,1,1,0,2,38.64,22.73
373,12,17,2,2,43.0,32.0,21.5,134.38,39.0,5,0,0,0,2,34.38,15.62
373,12,18,2,2,117.0,70.0,58.5,167.14,67.0,12,6,2,0,2,31.43,25.71
373,17,14,1,1,31.0,22.0,31.0,140.91,31.0,3,2,0,0,1,45.45,22.73
373,17,15,2,2,25.0,19.0,12.5,131.58,21.0,1,2,0,0,2,47.37,15.79
373,17,16,2,2,47.0,39.0,23.5,120.51,47.0,5,2,0,0,2,41.03,17.95
373,8,17,2,2,45.0,32.0,22.5,140.62,45.0,8,0,0,0,2,37.5,25.0
373,8,18,2,2,124.0,66.0,62.0,187.88,75.0,17,5,1,0,2,27.27,33.33
373,15,14,2,2,48.0,36.0,24.0,133.33,36.0,7,1,0,0,2,38.89,22.22
373,15,15,1,1,20.0,16.0,20.0,125.0,20.0,2,1,0,0,1,37.5,18.75
373,15,16,2,2,89.0,55.0,44.5,161.82,54.0,14,2,1,0,2,40.0,29.09
373,15,17,2,2,109.0,61.0,54.5,178.69,67.0,11,5,1,0,2,24.59,26.23
373,15,18,1,1,1.0,5.0,1.0,20.0,1.0,0,0,0,0,1,60.0,0.0
654,6,1,3,3,70.0,49.0,23.33,142.86,56.0,4,5,1,0,2,40.82,18.37
654,6,2,2,2,27.0,24.0,13.5,112.5,20.0,3,1,0,0,2,58.33,16.67
654,6,3,2,2,12.0,8.0,6.0,150.0,8.0,2,0,0,0,2,37.5,25.0
654,6,4,1,1,11.0,12.0,11.0,91.67,11.0,0,1,0,0,0,50.0,8.33
654,6,5,3,3,24.0,21.0,8.0,114.29,12.0,0,1,0,0,3,23.81,4.76
654,6,6,2,2,28.0,25.0,14.0,112.0,25.0,4,0,0,0,2,32.0,16.0
654,6,7,1,1,41.0,29.0,41.0,141.38,41.0,1,4,0,0,1,41.38,17.24
654,6,8,1,1,13.0,18.0,13.0,72.22,13.0,0,0,0,0,1,38.89,0.0
654,6,11,3,3,114.0,81.0,38.0,140.74,45.0,8,6,0,0,2,34.57,17.28
654,6,12,1,1,5.0,4.0,5.0,125.0,5.0,0,0,0,0,0,25.0,0.0
654,16,1,2,2,129.0,65.0,64.5,198.46,68.0,13,8,2,0,2,27.69,32.31
654,16,2,2,2,30.0,21.0,15.0,142.86,24.0,2,2,0,0,2,28.57,19.05
654,16,3,2,2,78.0,41.0,39.0,190.24,73.0,2,8,1,0,2,29.27,24.39
654,16,4,2,2,69.0,41.0,34.5,168.29,47.0,7,3,0,0,1,24.39,24.39
654,16,5,1,1,6.0,4.0,6.0,150.0,6.0,0,1,0,0,1,75.0,25.0
654,10,12,1,1,9.0,11.0,9.0,81.82,9.0,1,0,0,0,0,45.45,9.09
654,2,1,3,3,63.0,39.0,21.0,161.54,45.0,6,4,0,0,2,35.9,25.64
654,2,2,2,2,63.0,35.0,31.5,180.0,62.0,3,6,1,0,1,37.14,25.71
654,2,3,2,2,24.0,19.0,12.0,126.32,24.0,2,2,0,0,2,63.16,21.05
654,2,4,1,1,5.0,8.0,5.0,62.5,5.0,0,0,0,0,1,37.5,0.0
654,2,5,3,3,47.0,36.0,15.67,130.56,40.0,3,2,0,0,1,27.78,13.89
654,2,6,2,2,38.0,32.0,19.0,118.75,20.0,2,2,0,0,1,43.75,12.5
654,2,7,1,1,11.0,8.0,11.0,137.5,11.0,1,0,0,0,1,12.5,12.5
654,2,8,2,2,82.0,50.0,41.0,164.0,42.0,9,4,0,0,1,32.0,26.0
654,2,9,1,1,10.0,9.0,10.0,111.11,10.0,1,0,0,0,1,33.33,11.11
654,2,10,1,1,59.0,39.0,59.0,151.28,59.0,6,2,1,0,1,28.21,20.51
654,2,11,1,1,27.0,12.0,27.0,225.0,27.0,2,2,0,0,0,16.67,33.33
654,14,9,2,2,99.0,77.0,49.5,128.57,63.0,10,2,1,0,1,25.97,15.58
654,14,10,1,1,11.0,4.0,11.0,275.0,11.0,2,0,0,0,1,0.0,50.0
654,13,1,2,2,46.0,20.0,23.0,230.0,39.0,4,3,0,0,2,15.0,35.0
654,13,2,2,2,22.0,20.0,11.0,110.0,12.0,3,1,0,0,2,60.0,20.0
654,13,3,2,2,49.0,32.0,24.5,153.12,28.0,1,3,0,0,1,15.62,12.5
654,13,5,1,1,0.0,3.0,0.0,0.0,0.0,0,0,0,0,1,100.0,0.0
654,13,6,2,2,13.0,17.0,6.5,76.47,13.0,2,0,0,0,2,52.94,11.76
654,13,7,3,3,59.0,45.0,19.67,131.11,36.0,2,5,0,0,3,42.22,15.56
654,13,8,2,2,57.0,43.0,28.5,132.56,29.0,5,3,0,0,1,37.21,18.6
654,13,9,2,2,31.0,22.0,15.5,140.91,19.0,2,1,0,0,1,13.64,13.64
654,13,10,1,1,2.0,3.0,2.0,66.67,2.0,0,0,0,0,1,33.33,0.0
654,13,11,2,2,40.0,32.0,20.0,125.0,21.0,4,1,0,0,1,40.62,15.62
654,4,4,2,2,25.0,16.0,12.5,156.25,17.0,2,1,0,0,2,25.0,18.75
654,9,1,2,2,103.0,51.0,51.5,201.96,55.0,11,5,1,0,1,19.61,31.37
654,9,2,2,3,69.0,40.0,34.5,172.5,60.0,8,4,1,0,2,40.0,30.0
654,9,3,2,2,23.0,23.0,11.5,100.0,15.0,3,0,0,0,2,43.48,13.04
654,9,11,3,3,22.0,18.0,7.33,122.22,17.0,2,1,0,0,2,44.44,16.67
654,9,12,1,1,1.0,4.0,1.0,25.0,1.0,0,0,0,0,1,50.0,0.0
654,5,1,2,2,3.0,7.0,1.5,42.86,2.0,0,0,0,0,2,57.14,0.0
654,5,2,1,1,17.0,14.0,17.0,121.43,17.0,3,0,0,0,1,50.0,21.43
654,5,3,2,2,110.0,45.0,55.0,244.44,100.0,9,9,1,1,1,20.0,40.0
654,5,4,2,2,62.0,51.0,31.0,121.57,36.0,7,1,0,0,2,31.37,15.69
654,5,5,2,2,61.0,52.0,30.5,117.31,40.0,4,1,0,0,1,21.15,9.62
654,5,6,2,2,32.0,14.0,16.0,228.57,19.0,4,2,0,0,2,28.57,42.86
654,5,7,2,2,24.0,17.0,12.0,141.18,20.0,3,0,0,0,0,17.65,17.65
654,5,8,2,2,66.0,49.0,33.0,134.69,52.0,6,3,1,0,1,34.69,18.37
654,5,9,2,2,28.0,14.0,14.0,200.0,19.0,5,0,0,0,1,7.14,35.71
654,5,10,2,2,26.0,18.0,13.0,144.44,20.0,0,3,0,0,2,44.44,16.67
654,5,11,2,2,43.0,47.0,21.5,91.49,29.0,4,1,0,0,2,44.68,10.64
654,5,12,1,1,0.0,4.0,0.0,0.0,0.0,0,0,0,0,1,100.0,0.0
654,7,4,1,1,29.0,25.0,29.0,116.0,29.0,3,1,0,0,1,40.0,16.0
654,7,5,2,2,26.0,25.0,13.0,104.0,15.0,2,0,0,0,1,32.0,8.0
654,7,6,2,2,75.0,50.0,37.5,150.0,72.0,8,3,1,0,2,34.0,22.0
654,11,5,2,2,22.0,21.0,11.0,104.76,15.0,1,1,0,0,1,33.33,9.52
654,11,6,2,2,49.0,37.0,24.5,132.43,49.0,3,3,0,0,1,35.14,16.22
654,11,7,1,1,0.0,1.0,0.0,0.0,0.0,0,0,0,0,1,100.0,0.0
654,11,8,1,1,44.0,35.0,44.0,125.71,44.0,5,1,0,0,1,31.43,17.14
654,11,11,1,1,2.0,3.0,2.0,66.67,2.0,0,0,0,0,1,33.33,0.0
654,11,12,1,1,16.0,12.0,16.0,133.33,16.0,0,1,0,0,0,25.0,8.33
654,3,9,2,2,73.0,45.0,36.5,162.22,37.0,6,5,0,0,1,31.11,24.44
654,3,10,1,1,4.0,9.0,4.0,44.44,4.0,0,0,0,0,1,55.56,0.0
654,17,1,1,1,21.0,12.0,21.0,175.0,21.0,5,0,0,0,1,50.0,41.67
654,17,2,2,2,33.0,33.0,16.5,100.0,22.0,3,0,0,0,2,42.42,9.09
654,17,3,2,2,37.0,33.0,18.5,112.12,26.0,3,2,0,0,1,48.48,15.15
654,17,4,2,2,82.0,48.0,41.0,170.83,46.0,5,6,0,0,2,33.33,22.92
654,17,5,2,2,8.0,7.0,4.0,114.29,7.0,0,1,0,0,2,42.86,14.29
654,17,6,2,2,45.0,33.0,22.5,136.36,27.0,4,2,0,0,2,39.39,18.18
654,17,7,2,2,22.0,15.0,11.0,146.67,22.0,1,2,0,0,2,53.33,20.0
654,17,8,2,2,14.0,10.0,7.0,140.0,11.0,0,1,0,0,1,20.0,10.0
654,17,9,2,2,66.0,41.0,33.0,160.98,60.0,6,3,1,0,1,24.39,21.95
654,17,10,2,2,8.0,13.0,4.0,61.54,8.0,0,0,0,0,1,53.85,0.0
654,17,11,1,1,12.0,7.0,12.0,171.43,12.0,2,0,0,0,1,14.29,28.57
654,17,12,2,2,9.0,10.0,4.5,90.0,6.0,0,0,0,0,1,20.0,0.0
654,15,6,2,2,52.0,32.0,26.0,162.5,49.0,3,3,0,0,0,21.88,18.75
654,15,7,2,2,111.0,50.0,55.5,222.0,72.0,7,9,1,0,1,16.0,32.0
654,15,8,2,2,36.0,26.0,18.0,138.46,30.0,4,0,0,0,1,26.92,15.38
654,15,9,2,2,54.0,40.0,27.0,135.0,52.0,3,2,1,0,1,22.5,12.5
654,15,10,3,3,33.0,29.0,11.0,113.79,21.0,1,1,0,0,2,31.03,6.9
612,13,1,1,1,3.0,7.0,3.0,42.86,3.0,0,0,0,0,1,57.14,0.0
179,6,12,1,1,4.0,12.0,4.0,33.33,4.0,0,0,0,0,1,83.33,0.0
179,6,14,1,1,8.0,21.0,8.0,38.1,8.0,0,0,0,0,0,66.67,0.0
179,10,12,1,1,1.0,1.0,1.0,100.0,1.0,0,0,0,0,0,0.0,0.0
179,10,13,1,1,0.0,0.0,0.0,,0.0,0,0,0,0,0,0.0,
179,14,10,1,1,1.0,2.0,1.0,50.0,1.0,0,0,0,0,1,50.0,0.0
179,1,15,1,1,5.0,8.0,5.0,62.5,5.0,0,0,0,0,1,50.0,0.0
179,13,7,1,1,1.0,1.0,1.0,100.0,1.0,0,0,0,0,0,0.0,0.0
179,13,10,1,1,4.0,4.0,4.0,100.0,4.0,0,0,0,0,0,0.0,0.0
179,13,13,1,1,1.0,3.0,1.0,33.33,1.0,0,0,0,0,1,66.67,0.0
179,9,10,1,1,0.0,2.0,0.0,0.0,0.0,0,0,0,0,1,100.0,0.0
179,9,14,1,1,2.0,6.0,2.0,33.33,2.0,0,0,0,0,0,50.0,0.0
179,11,11,1,1,0.0,4.0,0.0,0.0,0.0,0,0,0,0,0,75.0,0.0
179,3,10,2,2,5.0,11.0,2.5,45.45,4.0,0,0,0,0,0,63.64,0.0
179,15,8,1,1,1.0,1.0,1.0,100.0,1.0,0,0,0,0,0,0.0,0.0
179,15,10,1,1,3.0,7.0,3.0,42.86,3.0,0,0,0,0,0,57.14,0.0
179,15,12,1,1,1.0,3.0,1.0,33.33,1.0,0,0,0,0,1,66.67,0.0
184,10,17,1,1,14.0,7.0,14.0,200.0,14.0,1,1,0,0,1,28.57,28.57
184,9,17,1,1,7.0,7.0,7.0,100.0,7.0,0,1,0,0,1,71.43,14.29
184,12,16,1,1,0.0,1.0,0.0,0.0,0.0,0,0,0,0,1,100.0,0.0
184,11,16,1,1,1.0,1.0,1.0,100.0,1.0,0,0,0,0,1,0.0,0.0
111,6,1,3,3,29.0,26.0,9.67,111.54,23.0,1,2,0,0,3,42.31,11.54
111,6,2,2,2,64.0,55.0,32.0,116.36,58.0,5,2,1,0,1,30.91,12.73
111,6,3,2,3,48.0,34.0,24.0,141.18,47.0,5,2,0,0,2,32.35,20.59
111,6,4,2,2,96.0,86.0,48.0,111.63,62.0,5,4,1,0,1,39.53,10.47
111,6,6,1,1,5.0,4.0,5.0,125.0,5.0,1,0,0,0,1,50.0,25.0
111,6,7,2,2,38.0,33.0,19.0,115.15,25.0,2,1,0,0,1,33.33,9.09
111,6,8,2,2,41.0,34.0,20.5,120.59,32.0,5,1,0,0,2,44.12,17.65
111,6,11,1,1,20.0,13.0,20.0,153.85,20.0,2,1,0,0,1,46.15,23.08
111,6,12,1,1,4.0,6.0,4.0,66.67,4.0,0,0,0,0,1,50.0,0.0
111,16,1,2,2,31.0,24.0,15.5,129.17,17.0,4,0,0,0,2,29.17,16.67
111,16,2,2,2,38.0,31.0,19.0,122.58,20.0,3,2,0,0,2,41.94,16.13
111,16,3,2,2,24.0,26.0,12.0,92.31,20.0,2,1,0,0,2,53.85,11.54
111,16,4,2,2,25.0,23.0,12.5,108.7,23.0,3,1,0,0,2,52.17,17.39
111,10,12,1,1,53.0,35.0,53.0,151.43,53.0,5,3,1,0,1,37.14,22.86
111,2,1,2,2,63.0,37.0,31.5,170.27,40.0,4,5,0,0,1,32.43,24.32
111,2,2,2,2,34.0,42.0,17.0,80.95,18.0,1,2,0,0,2,54.76,7.14
111,2,3,2,2,25.0,30.0,12.5,83.33,21.0,3,1,0,0,1,56.67,13.33
111,2,4,1,1,66.0,32.0,66.0,206.25,66.0,4,5,1,0,0,21.88,28.12
111,2,6,2,2,34.0,31.0,17.0,109.68,31.0,4,0,0,0,2,38.71,12.9
111,2,7,2,2,120.0,58.0,60.0,206.9,68.0,4,14,2,0,0,34.48,31.03
111,2,9,2,2,18.0,19.0,9.0,94.74,10.0,1,1,0,0,2,47.37,10.53
111,2,10,2,2,73.0,45.0,36.5,162.22,70.0,11,1,1,0,1,24.44,26.67
111,2,11,2,2,26.0,39.0,13.0,66.67,14.0,3,0,0,0,2,61.54,7.69
111,14,9,2,2,13.0,27.0,6.5,48.15,8.0,1,0,0,0,2,62.96,3.7
111,13,4,2,2,56.0,30.0,28.0,186.67,35.0,7,3,0,0,1,33.33,33.33
111,13,6,1,1,34.0,24.0,34.0,141.67,34.0,2,3,0,0,1,45.83,20.83
111,13,7,2,2,38.0,43.0,19.0,88.37,35.0,3,1,0,0,2,46.51,9.3
111,13,8,1,1,54.0,39.0,54.0,138.46,54.0,5,3,1,0,1,38.46,20.51
111,13,9,1,1,42.0,24.0,42.0,175.0,42.0,3,3,0,0,0,20.83,25.0
111,13,10,2,2,15.0,13.0,7.5,115.38,15.0,2,0,0,0,2,38.46,15.38
111,13,12,1,1,18.0,22.0,18.0,81.82,18.0,2,0,0,0,1,40.91,9.09
111,4,4,1,1,8.0,12.0,8.0,66.67,8.0,0,0,0,0,1,50.0,0.0
111,9,1,2,2,44.0,28.0,22.0,157.14,27.0,5,2,0,0,1,39.29,25.0
111,9,2,2,2,52.0,44.0,26.0,118.18,38.0,4,2,0,0,2,38.64,13.64
111,9,3,2,2,57.0,32.0,28.5,178.12,33.0,5,4,0,0,1,28.12,28.12
111,9,4,1,1,24.0,26.0,24.0,92.31,24.0,2,0,0,0,1,38.46,7.69
111,9,6,2,2,31.0,22.0,15.5,140.91,30.0,0,3,0,0,2,40.91,13.64
111,9,7,2,2,53.0,46.0,26.5,115.22,31.0,3,3,0,0,2,45.65,13.04
111,9,8,2,2,21.0,22.0,10.5,95.45,21.0,2,1,0,0,2,54.55,13.64
111,9,9,2,2,63.0,42.0,31.5,150.0,44.0,9,3,0,0,3,54.76,28.57
111,9,10,3,3,41.0,31.0,13.67,132.26,26.0,4,2,0,0,3,35.48,19.35
111,5,1,2,2,25.0,15.0,12.5,166.67,18.0,2,1,0,0,2,20.0,20.0
111,5,2,2,2,22.0,31.0,11.0,70.97,12.0,3,0,0,0,2,58.06,9.68
111,5,3,2,2,17.0,24.0,8.5,70.83,15.0,1,0,0,0,2,54.17,4.17
111,5,4,2,2,20.0,18.0,10.0,111.11,20.0,1,2,0,0,2,66.67,16.67
111,5,6,2,2,57.0,45.0,28.5,126.67,33.0,2,4,0,0,2,37.78,13.33
111,5,7,2,2,6.0,12.0,3.0,50.0,6.0,0,0,0,0,1,50.0,0.0
111,5,8,2,2,59.0,48.0,29.5,122.92,57.0,7,2,1,0,2,43.75,18.75
111,5,9,1,1,39.0,23.0,39.0,169.57,39.0,3,2,0,0,1,26.09,21.74
111,5,10,2,2,14.0,18.0,7.0,77.78,9.0,2,0,0,0,2,66.67,11.11
111,5,11,2,2,15.0,17.0,7.5,88.24,14.0,0,1,0,0,1,41.18,5.88
111,11,1,2,2,106.0,50.0,53.0,212.0,57.0,8,9,1,0,2,26.0,34.0
111,11,2,2,2,50.0,40.0,25.0,125.0,48.0,3,3,0,0,2,37.5,15.0
111,11,3,2,2,43.0,29.0,21.5,148.28,28.0,1,4,0,0,2,37.93,17.24
111,11,4,1,1,7.0,11.0,7.0,63.64,7.0,0,0,0,0,0,54.55,0.0
111,11,6,2,2,43.0,34.0,21.5,126.47,28.0,3,3,0,0,1,52.94,17.65
111,11,7,2,2,86.0,45.0,43.0,191.11,83.0,7,7,1,0,2,33.33,31.11
111,11,8,2,2,49.0,35.0,24.5,140.0,27.0,4,2,0,0,2,31.43,17.14
111,3,9,1,1,23.0,21.0,23.0,109.52,23.0,1,2,0,0,1,52.38,14.29
111,3,10,1,1,47.0,43.0,47.0,109.3,47.0,4,2,0,0,1,48.84,13.95
111,17,1,1,1,1.0,4.0,1.0,25.0,1.0,0,0,0,0,1,75.0,0.0
111,17,2,2,2,80.0,51.0,40.0,156.86,50.0,6,5,1,0,1,31.37,21.57
111,17,3,2,2,45.0,26.0,22.5,173.08,36.0,4,2,0,0,2,19.23,23.08
111,17,4,1,1,41.0,23.0,41.0,178.26,41.0,2,3,0,0,1,30.43,21.74
111,17,6,2,2,32.0,25.0,16.0,128.0,16.0,2,2,0,0,2,48.0,16.0
111,17,8,2,2,13.0,12.0,6.5,108.33,11.0,0,1,0,0,2,50.0,8.33
111,17,9,1,1,38.0,23.0,38.0,165.22,38.0,4,2,0,0,1,30.43,26.09
111,17,10,1,1,62.0,27.0,62.0,229.63,62.0,7,3,1,0,1,14.81,37.04
111,17,11,1,1,4.0,4.0,4.0,100.0,4.0,1,0,0,0,1,75.0,25.0
111,17,12,1,1,23.0,12.0,23.0,191.67,23.0,0,3,0,0,1,33.33,25.0
111,15,6,1,1,2.0,5.0,2.0,40.0,2.0,0,0,0,0,1,60.0,0.0
111,15,7,2,2,35.0,41.0,17.5,85.37,21.0,3,2,0,0,2,58.54,12.2
111,15,8,2,2,11.0,20.0,5.5,55.0,9.0,0,0,0,0,2,45.0,0.0
216,6,16,1,1,13.0,15.0,13.0,86.67,13.0,1,0,0,0,1,33.33,6.67
216,5,16,1,1,2.0,4.0,2.0,50.0,2.0,0,0,0,0,1,50.0,0.0
216,17,16,1,1,1.0,4.0,1.0,25.0,1.0,0,0,0,0,1,75.0,0.0
56,6,7,1,1,19.0,17.0,19.0,111.76,19.0,4,0,0,0,1,58.82,23.53
56,16,1,1,1,5.0,5.0,5.0,100.0,5.0,0,0,0,0,0,20.0,0.0
56,2,1,1,1,14.0,20.0,14.0,70.0,14.0,2,0,0,0,1,60.0,10.0
56,13,7,1,1,0.0,7.0,0.0,0.0,0.0,0,0,0,0,1,100.0,0.0
56,9,7,2,2,85.0,64.0,42.5,132.81,45.0,13,1,0,0,2,39.06,21.88
56,11,1,2,2,51.0,40.0,25.5,127.5,27.0,5,2,0,0,1,47.5,17.5
56,11,2,1,1,18.0,22.0,18.0,81.82,18.0,2,0,0,0,1,54.55,9.09
56,11,7,1,1,0.0,3.0,0.0,0.0,0.0,0,0,0,0,1,100.0,0.0
129,6,1,1,1,8.0,6.0,8.0,133.33,8.0,1,0,0,0,1,16.67,16.67
129,6,2,1,1,2.0,3.0,2.0,66.67,2.0,0,0,0,0,1,33.33,0.0
129,6,3,1,1,1.0,3.0,1.0,33.33,1.0,0,0,0,0,1,66.67,0.0
129,6,4,1,1,21.0,21.0,21.0,100.0,21.0,2,0,0,0,1,42.86,9.52
129,6,7,1,1,7.0,3.0,7.0,233.33,7.0,0,1,0,0,0,0.0,33.33
129,16,2,1,1,4.0,6.0,4.0,66.67,4.0,0,0,0,0,0,33.33,0.0
129,16,4,1,1,0.0,3.0,0.0,0.0,0.0,0,0,0,0,1,100.0,0.0
129,16,5,1,1,0.0,4.0,0.0,0.0,0.0,0,0,0,0,1,100.0,0.0
129,2,1,1,1,4.0,1.0,4.0,400.0,4.0,1,0,0,0,0,0.0,100.0
129,13,1,2,2,1.0,5.0,0.5,20.0,1.0,0,0,0,0,1,60.0,0.0
129,13,3,1,1,0.0,1.0,0.0,0.0,0.0,0,0,0,0,1,100.0,0.0
129,9,1,1,1,3.0,8.0,3.0,37.5,3.0,0,0,0,0,1,62.5,0.0
129,9,2,1,1,2.0,2.0,2.0,100.0,2.0,0,0,0,0,0,0.0,0.0
129,9,5,1,1,11.0,7.0,11.0,157.14,11.0,1,0,0,0,0,0.0,14.29
129,9,9,1,1,4.0,9.0,4.0,44.44,4.0,1,0,0,0,1,88.89,11.11
129,5,5,1,1,1.0,3.0,1.0,33.33,1.0,0,0,0,0,0,66.67,0.0
129,5,9,1,1,2.0,4.0,2.0,50.0,2.0,0,0,0,0,1,50.0,0.0
129,5,10,1,1,2.0,11.0,2.0,18.18,2.0,0,0,0,0,1,81.82,0.0
129,11,1,2,2,18.0,23.0,9.0,78.26,17.0,2,0,0,0,1,52.17,8.7
129,11,5,1,1,0.0,3.0,0.0,0.0,0.0,0,0,0,0,1,100.0,0.0
129,17,3,1,1,23.0,9.0,23.0,255.56,23.0,3,1,0,0,0,22.22,44.44
129,17,7,1,1,0.0,2.0,0.0,0.0,0.0,0,0,0,0,1,100.0,0.0
129,17,10,2,2,2.0,2.0,1.0,100.0,1.0,0,0,0,0,0,0.0,0.0
129,15,7,1,1,1.0,2.0,1.0,50.0,1.0,0,0,0,0,0,0.0,0.0
