player_id,season_id,venue_id,matches,innings,balls_bowled,overs,runs_conceded,wickets,economy,bowling_avg,bowling_strike_rate,dot_balls,dot_balls_pct,fours_conceded,sixes_conceded
4,1,3.0,6,6,109,18.0,156.0,2,8.67,78.0,54.0,27,24.77,15,5
21,1,3.0,1,1,25,4.0,31.0,0,7.75,0.0,inf,13,52.0,3,2
39,1,3.0,5,5,120,20.0,168.0,2,8.4,84.0,58.0,36,30.0,17,6
55,1,3.0,1,1,24,4.0,23.0,0,5.75,0.0,inf,9,37.5,2,0
64,1,3.0,1,1,18,3.0,21.0,1,7.0,21.0,18.0,8,44.44,3,0
74,1,3.0,1,1,25,4.0,20.0,2,5.0,10.0,12.0,15,60.0,3,0
118,1,3.0,1,1,25,4.0,33.0,1,8.25,33.0,24.0,10,40.0,4,1
129,1,3.0,6,6,142,23.0,190.0,9,8.26,21.11,15.33,59,41.55,28,3
134,1,3.0,1,1,20,3.0,9.0,2,3.0,4.5,9.0,11,55.0,0,0
147,1,3.0,3,3,63,10.0,74.0,0,7.4,0.0,inf,21,33.33,3,4
156,1,3.0,1,1,21,3.0,51.0,0,17.0,0.0,inf,5,23.81,5,3
174,1,3.0,1,1,24,4.0,34.0,3,8.5,11.33,8.0,10,41.67,4,1
203,1,3.0,1,1,25,4.0,21.0,2,5.25,10.5,12.0,11,44.0,1,1
210,1,3.0,1,1,26,4.0,16.0,2,4.0,8.0,12.0,17,65.38,2,0
212,1,3.0,1,1,21,3.0,13.0,1,4.33,13.0,20.0,14,66.67,2,0
223,1,3.0,1,1,27,4.0,38.0,1,9.5,38.0,24.0,6,22.22,2,2
246,1,3.0,1,1,25,4.0,29.0,1,7.25,29.0,24.0,8,32.0,0,2
251,1,3.0,1,1,25,4.0,25.0,3,6.25,8.33,8.0,12,48.0,2,0
259,1,3.0,1,1,23,3.0,34.0,0,11.33,0.0,inf,5,21.74,3,1
273,1,3.0,1,1,25,4.0,15.0,2,3.75,7.5,12.0,16,64.0,2,0
286,1,3.0,1,1,6,1.0,14.0,0,14.0,0.0,inf,0,0.0,1,1
289,1,3.0,2,2,37,6.0,53.0,1,8.83,53.0,37.0,13,35.14,4,3
294,1,3.0,1,1,23,3.0,27.0,2,9.0,13.5,11.0,4,17.39,1,1
330,1,3.0,1,1,7,1.0,24.0,0,24.0,0.0,inf,0,0.0,2,2
383,1,3.0,1,1,19,3.0,7.0,1,2.33,7.0,18.0,10,52.63,0,0
388,1,3.0,1,1,25,4.0,40.0,1,10.0,40.0,24.0,6,24.0,2,2
410,1,3.0,1,1,25,4.0,18.0,4,4.5,4.5,6.0,16,64.0,1,1
477,1,3.0,7,7,141,23.0,208.0,8,9.04,26.0,17.25,54,38.3,23,10
484,1,3.0,1,1,9,1.0,12.0,1,12.0,12.0,7.0,3,33.33,0,1
497,1,3.0,1,1,26,4.0,27.0,0,6.75,0.0,inf,10,38.46,2,1
503,1,3.0,1,1,18,3.0,18.0,0,6.0,0.0,inf,8,44.44,3,0
536,1,3.0,1,1,24,4.0,23.0,1,5.75,23.0,24.0,14,58.33,1,2
559,1,3.0,5,5,129,21.0,116.0,2,5.52,58.0,60.0,65,50.39,12,4
577,1,3.0,1,1,28,4.0,25.0,3,6.25,8.33,8.0,15,53.57,2,1
578,1,3.0,1,1,24,4.0,38.0,2,9.5,19.0,12.0,5,20.83,5,0
586,1,3.0,1,1,24,4.0,28.0,2,7.0,14.0,12.0,4,16.67,1,1
590,1,3.0,1,1,24,4.0,13.0,2,3.25,6.5,12.0,11,45.83,0,0
597,1,3.0,2,2,31,5.0,40.0,0,8.0,0.0,inf,13,41.94,4,2
634,1,3.0,1,1,25,4.0,26.0,3,6.5,8.67,8.0,11,44.0,2,0
654,1,3.0,1,1,6,1.0,10.0,0,10.0,0.0,inf,1,16.67,0,1
670,1,3.0,1,1,6,1.0,10.0,0,10.0,0.0,inf,1,16.67,2,0
689,1,3.0,1,1,18,3.0,20.0,2,6.67,10.0,9.0,9,50.0,2,1
692,1,3.0,1,1,25,4.0,41.0,3,10.25,13.67,8.0,8,32.0,8,0
699,1,3.0,1,1,25,4.0,25.0,0,6.25,0.0,inf,12,48.0,3,0
700,1,3.0,1,1,24,4.0,23.0,1,5.75,23.0,24.0,6,25.0,2,0
714,1,3.0,1,1,26,4.0,29.0,1,7.25,29.0,24.0,12,46.15,3,1
735,1,3.0,1,1,6,1.0,3.0,1,3.0,3.0,6.0,3,50.0,0,0
754,1,3.0,1,1,18,3.0,28.0,0,9.33,0.0,inf,4,22.22,4,0
756,1,3.0,1,1,24,4.0,47.0,0,11.75,0.0,inf,6,25.0,4,3
39,1,7.0,1,1,25,4.0,36.0,0,9.0,0.0,inf,9,36.0,2,3
55,1,7.0,1,1,25,4.0,40.0,1,10.0,40.0,24.0,8,32.0,5,1
62,1,7.0,1,1,18,3.0,23.0,0,7.67,0.0,inf,7,38.89,2,1
64,1,7.0,1,1,18,3.0,22.0,2,7.33,11.0,9.0,7,38.89,2,0
74,1,7.0,1,1,25,4.0,40.0,1,10.0,40.0,24.0,10,40.0,7,1
111,1,7.0,4,4,38,6.0,63.0,1,10.5,63.0,36.0,8,21.05,3,4
118,1,7.0,6,6,145,24.0,187.0,7,7.79,26.71,20.57,48,33.1,21,3
129,1,7.0,1,1,24,4.0,35.0,0,8.75,0.0,inf,10,41.67,4,2
134,1,7.0,1,1,19,3.0,24.0,1,8.0,24.0,18.0,11,57.89,4,1
151,1,7.0,1,1,6,1.0,9.0,0,9.0,0.0,inf,0,0.0,1,0
174,1,7.0,1,1,26,4.0,42.0,1,10.5,42.0,24.0,6,23.08,2,3
208,1,7.0,1,1,14,2.0,24.0,1,12.0,24.0,12.0,2,14.29,2,1
209,1,7.0,1,1,12,2.0,23.0,0,11.5,0.0,inf,4,33.33,3,1
210,1,7.0,7,7,150,25.0,218.0,9,8.72,24.22,16.0,56,37.33,27,7
212,1,7.0,6,6,151,25.0,143.0,10,5.72,14.3,14.4,69,45.7,12,5
222,1,7.0,1,1,26,4.0,27.0,2,6.75,13.5,12.0,7,26.92,3,0
238,1,7.0,1,1,12,2.0,22.0,0,11.0,0.0,inf,2,16.67,2,1
246,1,7.0,1,1,24,4.0,36.0,1,9.0,36.0,24.0,6,25.0,1,3
251,1,7.0,7,7,135,22.0,179.0,7,8.14,25.57,18.86,55,40.74,10,11
254,1,7.0,2,2,31,5.0,27.0,1,5.4,27.0,30.0,13,41.94,1,1
259,1,7.0,1,1,26,4.0,37.0,2,9.25,18.5,12.0,9,34.62,3,2
273,1,7.0,1,1,24,4.0,29.0,1,7.25,29.0,24.0,10,41.67,4,1
293,1,7.0,1,1,25,4.0,32.0,3,8.0,10.67,8.0,8,32.0,4,0
294,1,7.0,1,1,25,4.0,47.0,1,11.75,47.0,24.0,5,20.0,4,3
340,1,7.0,1,1,20,3.0,48.0,0,16.0,0.0,inf,3,15.0,4,3
383,1,7.0,1,1,25,4.0,41.0,0,10.25,0.0,inf,7,28.0,6,1
449,1,7.0,1,1,18,3.0,27.0,0,9.0,0.0,inf,6,33.33,2,1
463,1,7.0,3,3,73,12.0,77.0,3,6.42,25.67,24.0,32,43.84,11,1
477,1,7.0,1,1,16,2.0,15.0,0,7.5,0.0,inf,6,37.5,0,1
497,1,7.0,1,1,24,4.0,37.0,0,9.25,0.0,inf,6,25.0,6,0
503,1,7.0,1,1,12,2.0,24.0,0,12.0,0.0,inf,5,41.67,3,1
559,1,7.0,1,1,14,2.0,33.0,0,16.5,0.0,inf,1,7.14,4,1
577,1,7.0,1,1,19,3.0,26.0,0,8.67,0.0,inf,5,26.32,4,0
578,1,7.0,1,1,24,4.0,42.0,1,10.5,42.0,24.0,1,4.17,5,1
586,1,7.0,1,1,27,4.0,30.0,2,7.5,15.0,12.0,8,29.63,0,2
590,1,7.0,1,1,19,3.0,31.0,0,10.33,0.0,inf,7,36.84,4,1
597,1,7.0,1,1,12,2.0,11.0,1,5.5,11.0,12.0,6,50.0,1,0
615,1,7.0,1,1,25,4.0,39.0,2,9.75,19.5,12.0,10,40.0,7,0
654,1,7.0,1,1,12,2.0,24.0,1,12.0,24.0,12.0,2,16.67,1,2
668,1,7.0,1,1,24,4.0,32.0,1,8.0,32.0,21.0,8,33.33,2,1
670,1,7.0,4,4,72,12.0,139.0,3,11.58,46.33,24.0,21,29.17,11,10
684,1,7.0,1,1,18,3.0,23.0,1,7.67,23.0,18.0,7,38.89,2,1
689,1,7.0,1,1,25,4.0,37.0,0,9.25,0.0,inf,12,48.0,3,3
692,1,7.0,1,1,22,3.0,37.0,0,12.33,0.0,inf,3,13.64,4,1
699,1,7.0,1,1,24,4.0,23.0,1,5.75,23.0,24.0,9,37.5,2,0
705,1,7.0,1,1,25,4.0,25.0,1,6.25,25.0,24.0,6,24.0,2,0
714,1,7.0,1,1,24,4.0,48.0,0,12.0,0.0,inf,7,29.17,3,4
722,1,7.0,1,1,12,2.0,25.0,0,12.5,0.0,inf,2,16.67,1,2
754,1,7.0,2,2,42,7.0,76.0,2,10.86,38.0,21.0,11,26.19,5,5
756,1,7.0,1,1,7,1.0,5.0,0,5.0,0.0,inf,2,28.57,0,0
761,1,7.0,1,1,18,3.0,28.0,1,9.33,28.0,18.0,5,27.78,3,1
768,1,7.0,1,1,25,4.0,33.0,1,8.25,33.0,24.0,5,20.0,1,2
4,1,8.0,1,1,24,4.0,15.0,0,3.75,0.0,inf,13,54.17,1,0
21,1,8.0,1,1,26,4.0,33.0,3,8.25,11.0,8.0,11,42.31,4,1
39,1,8.0,1,1,24,4.0,14.0,3,3.5,4.67,8.0,13,54.17,1,0
55,1,8.0,1,1,19,3.0,32.0,0,10.67,0.0,inf,7,36.84,5,1
62,1,8.0,1,1,7,1.0,14.0,0,14.0,0.0,inf,0,0.0,2,0
64,1,8.0,1,1,27,4.0,35.0,1,8.75,35.0,24.0,12,44.44,6,0
66,1,8.0,1,1,12,2.0,21.0,1,10.5,21.0,12.0,5,41.67,1,2
111,1,8.0,1,1,6,1.0,8.0,0,8.0,0.0,inf,1,16.67,1,0
118,1,8.0,1,1,26,4.0,35.0,1,8.75,35.0,24.0,9,34.62,3,1
134,1,8.0,1,1,20,3.0,25.0,0,8.33,0.0,inf,11,55.0,4,0
147,1,8.0,1,1,6,1.0,4.0,0,4.0,0.0,inf,2,33.33,0,0
156,1,8.0,1,1,26,4.0,40.0,0,10.0,0.0,inf,6,23.08,3,2
174,1,8.0,7,7,160,26.0,193.0,8,7.42,24.12,19.5,67,41.88,18,8
210,1,8.0,1,1,27,4.0,29.0,2,7.25,14.5,12.0,10,37.04,4,0
212,1,8.0,1,1,27,4.0,33.0,0,8.25,0.0,inf,9,33.33,1,2
223,1,8.0,5,5,122,20.0,158.0,8,7.9,19.75,15.0,43,35.25,19,2
230,1,8.0,1,1,12,2.0,20.0,1,10.0,20.0,12.0,2,16.67,0,2
238,1,8.0,1,1,18,3.0,29.0,2,9.67,14.5,9.0,3,16.67,2,1
246,1,8.0,1,1,19,3.0,24.0,1,8.0,24.0,18.0,8,42.11,1,2
251,1,8.0,1,1,19,3.0,36.0,1,12.0,36.0,18.0,5,26.32,2,3
259,1,8.0,1,1,19,3.0,25.0,1,8.33,25.0,18.0,7,36.84,4,0
273,1,8.0,1,1,24,4.0,21.0,1,5.25,21.0,24.0,11,45.83,2,0
286,1,8.0,1,1,24,4.0,36.0,1,9.0,36.0,24.0,9,37.5,2,2
290,1,8.0,1,1,6,1.0,8.0,0,8.0,0.0,inf,0,0.0,0,0
293,1,8.0,1,1,12,2.0,14.0,0,7.0,0.0,inf,2,16.67,0,1
294,1,8.0,4,4,90,15.0,141.0,4,9.4,35.25,21.0,26,28.89,12,6
317,1,8.0,1,1,6,1.0,14.0,0,14.0,0.0,inf,2,33.33,0,2
326,1,8.0,1,1,18,3.0,33.0,0,11.0,0.0,inf,1,5.56,2,2
340,1,8.0,1,1,25,4.0,30.0,0,7.5,0.0,inf,9,36.0,3,1
383,1,8.0,1,1,20,3.0,26.0,0,8.67,0.0,inf,8,40.0,1,1
449,1,8.0,1,1,19,3.0,36.0,0,12.0,0.0,inf,3,15.79,5,1
477,1,8.0,1,1,25,4.0,26.0,1,6.5,26.0,24.0,15,60.0,3,1
484,1,8.0,1,1,12,2.0,18.0,0,9.0,0.0,inf,2,16.67,2,0
497,1,8.0,2,2,50,8.0,85.0,3,10.62,28.33,16.0,16,32.0,9,4
503,1,8.0,1,1,18,3.0,17.0,1,5.67,17.0,18.0,11,61.11,3,0
536,1,8.0,1,1,25,4.0,35.0,2,8.75,17.5,12.0,7,28.0,2,2
559,1,8.0,1,1,28,4.0,28.0,2,7.0,14.0,12.0,18,64.29,4,0
577,1,8.0,1,1,18,3.0,19.0,1,6.33,19.0,18.0,8,44.44,3,0
578,1,8.0,3,3,66,11.0,121.0,4,11.0,30.25,16.5,20,30.3,14,5
580,1,8.0,4,4,97,16.0,136.0,0,8.5,0.0,inf,39,40.21,15,6
586,1,8.0,1,1,25,4.0,22.0,1,5.5,22.0,24.0,10,40.0,0,1
597,1,8.0,1,1,19,3.0,23.0,1,7.67,23.0,18.0,6,31.58,1,1
615,1,8.0,1,1,25,4.0,34.0,1,8.5,34.0,24.0,7,28.0,5,0
641,1,8.0,1,1,7,1.0,16.0,0,16.0,0.0,inf,1,14.29,2,0
654,1,8.0,1,1,18,3.0,31.0,0,10.33,0.0,inf,5,27.78,3,2
668,1,8.0,1,1,7,1.0,11.0,0,11.0,0.0,inf,1,14.29,1,0
670,1,8.0,1,1,26,4.0,36.0,0,9.0,0.0,inf,6,23.08,3,1
684,1,8.0,1,1,6,1.0,10.0,0,10.0,0.0,inf,2,33.33,0,1
689,1,8.0,1,1,25,4.0,55.0,1,13.75,55.0,24.0,3,12.0,5,3
692,1,8.0,1,1,20,3.0,12.0,2,4.0,6.0,9.0,10,50.0,1,0
699,1,8.0,1,1,26,4.0,31.0,1,7.75,31.0,24.0,13,50.0,5,0
700,1,8.0,1,1,18,3.0,27.0,1,9.0,27.0,18.0,5,27.78,5,0
718,1,8.0,3,3,67,11.0,103.0,6,9.36,17.17,11.0,21,31.34,8,6
756,1,8.0,1,1,6,1.0,11.0,1,11.0,11.0,6.0,1,16.67,0,1
761,1,8.0,1,1,13,2.0,16.0,0,8.0,0.0,inf,2,15.38,0,1
768,1,8.0,7,7,179,29.0,185.0,5,6.38,37.0,33.6,66,36.87,11,5
4,1,10.0,1,1,24,4.0,39.0,2,9.75,19.5,12.0,6,25.0,3,2
55,1,10.0,1,1,18,3.0,33.0,0,11.0,0.0,inf,7,38.89,4,2
62,1,10.0,1,1,7,1.0,11.0,0,11.0,0.0,inf,0,0.0,0,0
64,1,10.0,1,1,23,3.0,30.0,1,10.0,30.0,23.0,8,34.78,5,0
65,1,10.0,1,1,24,4.0,35.0,0,8.75,0.0,inf,4,16.67,2,1
66,1,10.0,3,3,31,5.0,82.0,0,16.4,0.0,inf,3,9.68,6,7
74,1,10.0,1,1,25,4.0,31.0,1,7.75,31.0,24.0,9,36.0,5,0
118,1,10.0,1,1,13,2.0,33.0,0,16.5,0.0,inf,1,7.69,3,2
129,1,10.0,1,1,24,4.0,42.0,1,10.5,42.0,24.0,7,29.17,7,1
151,1,10.0,1,1,6,1.0,11.0,0,11.0,0.0,inf,0,0.0,1,0
156,1,10.0,2,2,32,5.0,41.0,3,8.2,13.67,10.0,11,34.38,5,1
174,1,10.0,1,1,25,4.0,36.0,1,9.0,36.0,24.0,5,20.0,3,1
209,1,10.0,1,1,13,2.0,23.0,0,11.5,0.0,inf,1,7.69,3,0
210,1,10.0,1,1,22,3.0,33.0,0,11.0,0.0,inf,7,31.82,2,1
212,1,10.0,1,1,12,2.0,13.0,0,6.5,0.0,inf,8,66.67,3,0
223,1,10.0,1,1,26,4.0,35.0,2,8.75,17.5,12.0,7,26.92,5,0
234,1,10.0,3,3,60,10.0,61.0,7,6.1,8.71,8.57,21,35.0,1,3
246,1,10.0,1,1,25,4.0,33.0,0,8.25,0.0,inf,5,20.0,3,0
251,1,10.0,1,1,6,1.0,13.0,0,13.0,0.0,inf,1,16.67,1,1
254,1,10.0,1,1,14,2.0,22.0,2,11.0,11.0,6.0,4,28.57,1,2
259,1,10.0,1,1,18,3.0,26.0,0,8.67,0.0,inf,6,33.33,3,1
273,1,10.0,6,6,134,22.0,172.0,8,7.82,21.5,16.5,55,41.04,17,7
289,1,10.0,1,1,6,1.0,19.0,0,19.0,0.0,inf,0,0.0,1,2
290,1,10.0,1,1,6,1.0,15.0,0,15.0,0.0,inf,0,0.0,3,0
353,1,10.0,2,2,48,8.0,54.0,2,6.75,27.0,24.0,16,33.33,4,2
435,1,10.0,1,1,18,3.0,31.0,1,10.33,31.0,18.0,7,38.89,3,2
477,1,10.0,1,1,24,4.0,24.0,0,6.0,0.0,inf,7,29.17,2,0
503,1,10.0,1,1,24,4.0,24.0,1,6.0,24.0,24.0,11,45.83,1,1
536,1,10.0,1,1,12,2.0,16.0,0,8.0,0.0,inf,2,16.67,2,0
559,1,10.0,1,1,26,4.0,29.0,1,7.25,29.0,24.0,10,38.46,3,0
578,1,10.0,1,1,18,3.0,35.0,0,11.67,0.0,inf,3,16.67,5,1
586,1,10.0,1,1,13,2.0,19.0,2,9.5,9.5,6.0,3,23.08,2,1
590,1,10.0,4,4,83,13.0,88.0,5,6.77,17.6,15.6,27,32.53,3,5
597,1,10.0,1,1,12,2.0,25.0,0,12.5,0.0,inf,1,8.33,4,0
598,1,10.0,1,1,19,3.0,24.0,0,8.0,0.0,inf,5,26.32,3,0
615,1,10.0,3,3,74,12.0,126.0,1,10.5,126.0,72.0,13,17.57,16,3
634,1,10.0,1,1,19,3.0,22.0,2,7.33,11.0,9.0,7,36.84,3,0
654,1,10.0,1,1,14,2.0,17.0,0,8.5,0.0,inf,4,28.57,2,0
668,1,10.0,2,2,21,3.0,36.0,0,12.0,0.0,inf,3,14.29,3,2
670,1,10.0,1,1,6,1.0,2.0,2,2.0,1.0,3.0,3,50.0,0,0
689,1,10.0,1,1,18,3.0,25.0,0,8.33,0.0,inf,10,55.56,4,1
692,1,10.0,1,1,25,4.0,50.0,0,12.5,0.0,inf,6,24.0,4,3
699,1,10.0,3,3,74,12.0,104.0,6,8.67,17.33,12.0,25,33.78,9,5
700,1,10.0,1,1,6,1.0,18.0,0,18.0,0.0,inf,0,0.0,2,1
714,1,10.0,1,1,21,3.0,32.0,0,10.67,0.0,inf,6,28.57,5,0
718,1,10.0,1,1,24,4.0,35.0,2,8.75,17.5,12.0,5,20.83,4,1
730,1,10.0,2,2,49,8.0,91.0,1,11.38,91.0,48.0,15,30.61,17,1
756,1,10.0,4,4,61,10.0,71.0,2,7.1,35.5,30.0,25,40.98,6,3
768,1,10.0,1,1,27,4.0,25.0,0,6.25,0.0,inf,6,22.22,2,0
4,1,16.0,1,1,9,1.0,19.0,0,19.0,0.0,inf,1,11.11,2,1
39,1,16.0,1,1,25,4.0,33.0,1,8.25,33.0,24.0,10,40.0,2,2
62,1,16.0,1,1,6,1.0,9.0,0,9.0,0.0,inf,2,33.33,0,1
64,1,16.0,1,1,24,4.0,29.0,0,7.25,0.0,inf,9,37.5,2,2
65,1,16.0,1,1,12,2.0,13.0,0,6.5,0.0,inf,5,41.67,2,0
74,1,16.0,1,1,26,4.0,32.0,1,8.0,32.0,24.0,13,50.0,6,0
118,1,16.0,1,1,24,4.0,34.0,0,8.5,0.0,inf,5,20.83,4,0
134,1,16.0,1,1,25,4.0,33.0,3,8.25,11.0,8.0,12,48.0,6,0
147,1,16.0,1,1,18,3.0,39.0,0,13.0,0.0,inf,5,27.78,5,2
150,1,16.0,1,1,13,2.0,19.0,0,9.5,0.0,inf,4,30.77,3,0
151,1,16.0,1,1,24,4.0,25.0,2,6.25,12.5,11.0,6,25.0,0,1
152,1,16.0,4,4,85,14.0,136.0,3,9.71,45.33,28.0,30,35.29,19,4
174,1,16.0,1,1,24,4.0,21.0,1,5.25,21.0,24.0,12,50.0,3,0
203,1,16.0,1,1,24,4.0,25.0,2,6.25,12.5,12.0,10,41.67,0,2
209,1,16.0,4,4,56,9.0,76.0,2,8.44,38.0,27.0,17,30.36,7,2
210,1,16.0,1,1,25,4.0,33.0,1,8.25,33.0,24.0,9,36.0,5,0
212,1,16.0,1,1,25,4.0,30.0,2,7.5,15.0,12.0,8,32.0,3,1
222,1,16.0,1,1,30,5.0,43.0,1,8.6,43.0,24.0,8,26.67,3,2
223,1,16.0,1,1,27,4.0,37.0,2,9.25,18.5,12.0,4,14.81,3,1
246,1,16.0,2,2,36,6.0,44.0,0,7.33,0.0,inf,15,41.67,4,2
251,1,16.0,1,1,24,4.0,28.0,3,7.0,9.33,8.0,8,33.33,2,1
273,1,16.0,1,1,24,4.0,22.0,0,5.5,0.0,inf,15,62.5,4,0
286,1,16.0,4,4,67,11.0,96.0,1,8.73,96.0,66.0,23,34.33,13,2
291,1,16.0,1,1,6,1.0,8.0,0,8.0,0.0,inf,1,16.67,1,0
317,1,16.0,1,1,18,3.0,18.0,1,6.0,18.0,18.0,8,44.44,1,1
326,1,16.0,1,1,18,3.0,29.0,0,9.67,0.0,inf,6,33.33,1,3
340,1,16.0,1,1,12,2.0,14.0,0,7.0,0.0,inf,4,33.33,0,1
383,1,16.0,1,1,18,3.0,27.0,0,9.0,0.0,inf,7,38.89,4,1
403,1,16.0,2,2,29,4.0,81.0,0,20.25,0.0,inf,6,20.69,6,8
410,1,16.0,1,1,26,4.0,38.0,2,9.5,19.0,12.0,8,30.77,2,2
449,1,16.0,1,1,25,4.0,24.0,3,6.0,8.0,8.0,12,48.0,2,1
484,1,16.0,1,1,13,2.0,16.0,1,8.0,16.0,12.0,5,38.46,2,0
503,1,16.0,4,4,81,13.0,106.0,2,8.15,53.0,37.0,26,32.1,11,3
534,1,16.0,2,2,43,7.0,69.0,1,9.86,69.0,42.0,13,30.23,9,2
536,1,16.0,1,1,25,4.0,47.0,2,11.75,23.5,12.0,3,12.0,3,3
559,1,16.0,1,1,25,4.0,19.0,2,4.75,9.5,12.0,12,48.0,2,0
562,1,16.0,2,2,38,6.0,64.0,2,10.67,32.0,18.0,8,21.05,6,3
580,1,16.0,1,1,25,4.0,24.0,1,6.0,24.0,24.0,12,48.0,2,1
586,1,16.0,5,5,83,13.0,106.0,1,8.15,106.0,78.0,24,28.92,9,4
590,1,16.0,1,1,25,4.0,36.0,2,9.0,18.0,12.0,10,40.0,3,2
593,1,16.0,1,1,12,2.0,19.0,1,9.5,19.0,12.0,3,25.0,0,2
597,1,16.0,1,1,25,4.0,27.0,3,6.75,9.0,8.0,17,68.0,4,1
598,1,16.0,1,1,12,2.0,18.0,1,9.0,18.0,12.0,6,50.0,4,0
615,1,16.0,1,1,24,4.0,19.0,2,4.75,9.5,12.0,16,66.67,0,2
640,1,16.0,1,1,6,1.0,21.0,0,21.0,0.0,inf,0,0.0,0,3
654,1,16.0,1,1,12,2.0,20.0,2,10.0,10.0,6.0,6,50.0,1,2
689,1,16.0,1,1,26,4.0,55.0,0,13.75,0.0,inf,7,26.92,11,0
692,1,16.0,7,7,164,27.0,248.0,6,9.19,41.33,25.83,59,35.98,32,8
699,1,16.0,1,1,25,4.0,35.0,1,8.75,35.0,24.0,6,24.0,3,1
700,1,16.0,5,5,100,16.0,115.0,5,7.19,23.0,19.2,31,31.0,8,4
714,1,16.0,1,1,19,3.0,37.0,0,12.33,0.0,inf,2,10.53,3,2
718,1,16.0,1,1,24,4.0,34.0,2,8.5,17.0,12.0,7,29.17,4,1
754,1,16.0,1,1,24,4.0,37.0,1,9.25,37.0,24.0,10,41.67,5,1
756,1,16.0,1,1,24,4.0,27.0,2,6.75,13.5,12.0,9,37.5,2,1
768,1,16.0,1,1,26,4.0,22.0,1,5.5,22.0,24.0,8,30.77,1,0
4,1,18.0,1,1,25,4.0,39.0,0,9.75,0.0,inf,6,24.0,5,0
6,1,18.0,1,1,12,2.0,21.0,0,10.5,0.0,inf,5,41.67,3,1
21,1,18.0,5,5,127,21.0,107.0,15,5.1,7.13,8.0,65,51.18,12,2
39,1,18.0,1,1,24,4.0,32.0,1,8.0,32.0,24.0,8,33.33,4,1
55,1,18.0,1,1,25,4.0,26.0,0,6.5,0.0,inf,9,36.0,3,0
62,1,18.0,1,1,13,2.0,21.0,1,10.5,21.0,11.0,4,30.77,2,1
64,1,18.0,1,1,19,3.0,18.0,0,6.0,0.0,inf,9,47.37,3,0
65,1,18.0,1,1,12,2.0,8.0,0,4.0,0.0,inf,5,41.67,0,0
66,1,18.0,1,1,12,2.0,21.0,1,10.5,21.0,12.0,4,33.33,1,2
74,1,18.0,7,7,148,24.0,159.0,6,6.62,26.5,23.17,73,49.32,22,3
129,1,18.0,1,1,25,4.0,46.0,0,11.5,0.0,inf,4,16.0,6,1
134,1,18.0,1,1,26,4.0,30.0,0,7.5,0.0,inf,11,42.31,5,0
150,1,18.0,1,1,25,4.0,37.0,1,9.25,37.0,24.0,5,20.0,2,1
151,1,18.0,1,1,13,2.0,16.0,0,8.0,0.0,inf,1,7.69,1,0
156,1,18.0,1,1,24,4.0,33.0,0,8.25,0.0,inf,5,20.83,2,1
174,1,18.0,1,1,18,3.0,25.0,0,8.33,0.0,inf,7,38.89,5,0
203,1,18.0,1,1,6,1.0,14.0,0,14.0,0.0,inf,1,16.67,3,0
208,1,18.0,1,1,6,1.0,12.0,0,12.0,0.0,inf,1,16.67,0,1
209,1,18.0,1,1,7,1.0,15.0,0,15.0,0.0,inf,0,0.0,2,0
210,1,18.0,1,1,24,4.0,38.0,1,9.5,38.0,19.0,9,37.5,5,1
212,1,18.0,1,1,26,4.0,21.0,1,5.25,21.0,24.0,11,42.31,2,0
222,1,18.0,1,1,27,4.0,31.0,3,7.75,10.33,8.0,6,22.22,1,1
223,1,18.0,1,1,10,1.0,10.0,0,10.0,0.0,inf,3,30.0,0,0
230,1,18.0,1,1,8,1.0,10.0,0,10.0,0.0,inf,2,25.0,1,0
234,1,18.0,1,1,20,3.0,27.0,2,9.0,13.5,8.5,6,30.0,2,1
241,1,18.0,1,1,25,4.0,29.0,2,7.25,14.5,12.0,8,32.0,3,0
246,1,18.0,1,1,13,2.0,14.0,0,7.0,0.0,inf,5,38.46,0,1
251,1,18.0,1,1,12,2.0,27.0,0,13.5,0.0,inf,4,33.33,3,2
273,1,18.0,1,1,25,4.0,12.0,0,3.0,0.0,inf,16,64.0,1,0
286,1,18.0,1,1,12,2.0,20.0,0,10.0,0.0,inf,2,16.67,3,0
317,1,18.0,1,1,6,1.0,4.0,0,4.0,0.0,inf,2,33.33,0,0
340,1,18.0,2,2,19,3.0,37.0,0,12.33,0.0,inf,2,10.53,5,0
383,1,18.0,1,1,25,4.0,26.0,1,6.5,26.0,24.0,11,44.0,4,0
410,1,18.0,1,1,27,4.0,27.0,2,6.75,13.5,12.0,9,33.33,1,1
463,1,18.0,1,1,26,4.0,35.0,1,8.75,35.0,24.0,12,46.15,5,1
477,1,18.0,1,1,26,4.0,28.0,0,7.0,0.0,inf,10,38.46,2,0
484,1,18.0,1,1,7,1.0,16.0,1,16.0,16.0,6.0,1,14.29,1,1
503,1,18.0,1,1,6,1.0,10.0,0,10.0,0.0,inf,2,33.33,2,0
511,1,18.0,1,1,14,2.0,29.0,0,14.5,0.0,inf,5,35.71,3,1
536,1,18.0,7,7,152,25.0,188.0,11,7.52,17.09,13.64,50,32.89,11,7
574,1,18.0,1,1,13,2.0,22.0,1,11.0,22.0,12.0,5,38.46,1,2
577,1,18.0,1,1,24,4.0,46.0,1,11.5,46.0,24.0,6,25.0,4,3
580,1,18.0,1,1,18,3.0,17.0,0,5.67,0.0,inf,9,50.0,3,0
586,1,18.0,1,1,26,4.0,47.0,1,11.75,47.0,24.0,6,23.08,5,1
590,1,18.0,1,1,26,4.0,22.0,1,5.5,22.0,24.0,13,50.0,3,0
634,1,18.0,1,1,12,2.0,16.0,0,8.0,0.0,inf,3,25.0,2,0
654,1,18.0,6,6,72,12.0,92.0,1,7.67,92.0,72.0,28,38.89,3,7
670,1,18.0,1,1,25,4.0,33.0,1,8.25,33.0,24.0,10,40.0,2,2
684,1,18.0,1,1,12,2.0,26.0,0,13.0,0.0,inf,1,8.33,4,0
689,1,18.0,6,6,145,24.0,154.0,6,6.42,25.67,24.0,59,40.69,15,3
692,1,18.0,1,1,25,4.0,24.0,1,6.0,24.0,24.0,13,52.0,3,0
699,1,18.0,1,1,15,2.0,35.0,0,17.5,0.0,inf,3,20.0,4,2
700,1,18.0,1,1,12,2.0,10.0,0,5.0,0.0,inf,5,41.67,1,0
714,1,18.0,7,7,144,24.0,163.0,10,6.79,16.3,13.8,50,34.72,11,5
768,1,18.0,1,1,26,4.0,20.0,1,5.0,20.0,24.0,13,50.0,0,0
21,1,23.0,1,1,25,4.0,26.0,3,6.5,8.67,8.0,12,48.0,2,1
39,1,23.0,1,1,18,3.0,21.0,0,7.0,0.0,inf,9,50.0,1,2
55,1,23.0,1,1,24,4.0,27.0,2,6.75,13.5,12.0,11,45.83,3,1
64,1,23.0,1,1,6,1.0,9.0,0,9.0,0.0,inf,3,50.0,2,0
65,1,23.0,1,1,25,4.0,14.0,3,3.5,4.67,8.0,14,56.0,1,0
66,1,23.0,1,1,6,1.0,7.0,0,7.0,0.0,inf,2,33.33,1,0
74,1,23.0,1,1,25,4.0,36.0,0,9.0,0.0,inf,7,28.0,4,1
118,1,23.0,1,1,26,4.0,28.0,2,7.0,14.0,12.0,11,42.31,4,0
129,1,23.0,1,1,19,3.0,27.0,1,9.0,27.0,18.0,7,36.84,3,0
134,1,23.0,7,7,135,22.0,139.0,3,6.32,46.33,44.0,60,44.44,19,0
152,1,23.0,1,1,18,3.0,9.0,2,3.0,4.5,9.0,11,61.11,1,0
156,1,23.0,1,1,27,4.0,29.0,1,7.25,29.0,24.0,11,40.74,4,0
174,1,23.0,1,1,24,4.0,17.0,0,4.25,0.0,inf,13,54.17,2,0
203,1,23.0,4,4,66,11.0,68.0,2,6.18,34.0,33.0,24,36.36,5,2
210,1,23.0,1,1,24,4.0,33.0,2,8.25,16.5,12.0,10,41.67,5,1
212,1,23.0,1,1,23,3.0,36.0,0,12.0,0.0,inf,10,43.48,4,2
222,1,23.0,3,3,70,11.0,83.0,6,7.55,13.83,10.5,30,42.86,10,2
223,1,23.0,1,1,25,4.0,25.0,0,6.25,0.0,inf,9,36.0,2,0
234,1,23.0,1,1,18,3.0,13.0,0,4.33,0.0,inf,7,38.89,1,0
246,1,23.0,1,1,25,4.0,19.0,0,4.75,0.0,inf,14,56.0,1,1
251,1,23.0,1,1,24,4.0,36.0,2,9.0,18.0,12.0,8,33.33,3,2
254,1,23.0,1,1,13,2.0,14.0,0,7.0,0.0,inf,7,53.85,1,1
259,1,23.0,1,1,19,3.0,15.0,0,5.0,0.0,inf,7,36.84,1,0
273,1,23.0,1,1,24,4.0,22.0,0,5.5,0.0,inf,8,33.33,1,1
286,1,23.0,1,1,20,3.0,19.0,0,6.33,0.0,inf,13,65.0,1,1
326,1,23.0,3,3,53,8.0,65.0,3,8.12,21.67,17.33,24,45.28,9,2
381,1,23.0,1,1,18,3.0,22.0,0,7.33,0.0,inf,6,33.33,3,0
383,1,23.0,7,7,142,23.0,173.0,4,7.52,43.25,34.0,60,42.25,24,1
403,1,23.0,1,1,15,2.0,20.0,0,10.0,0.0,inf,3,20.0,0,1
410,1,23.0,1,1,26,4.0,41.0,1,10.25,41.0,24.0,7,26.92,6,1
425,1,23.0,1,1,24,4.0,24.0,1,6.0,24.0,24.0,9,37.5,3,0
449,1,23.0,1,1,25,4.0,25.0,1,6.25,25.0,24.0,11,44.0,2,1
477,1,23.0,1,1,18,3.0,36.0,1,12.0,36.0,18.0,6,33.33,3,3
484,1,23.0,5,5,37,6.0,62.0,3,10.33,20.67,11.67,7,18.92,5,2
536,1,23.0,1,1,18,3.0,21.0,0,7.0,0.0,inf,8,44.44,0,2
559,1,23.0,1,1,25,4.0,27.0,3,6.75,9.0,8.0,10,40.0,4,0
577,1,23.0,4,4,71,11.0,86.0,3,7.82,28.67,22.0,29,40.85,8,4
580,1,23.0,1,1,25,4.0,21.0,4,5.25,5.25,6.0,14,56.0,4,0
586,1,23.0,1,1,26,4.0,18.0,2,4.5,9.0,12.0,11,42.31,0,1
590,1,23.0,1,1,25,4.0,25.0,2,6.25,12.5,12.0,7,28.0,0,1
597,1,23.0,1,1,18,3.0,15.0,0,5.0,0.0,inf,8,44.44,1,0
654,1,23.0,1,1,12,2.0,14.0,1,7.0,14.0,12.0,3,25.0,0,1
670,1,23.0,1,1,12,2.0,23.0,1,11.5,23.0,12.0,4,33.33,0,3
676,1,23.0,2,2,33,5.0,25.0,4,5.0,6.25,7.5,19,57.58,3,0
684,1,23.0,2,2,43,7.0,71.0,1,10.14,71.0,42.0,14,32.56,2,7
689,1,23.0,1,1,24,4.0,22.0,2,5.5,11.0,12.0,14,58.33,4,0
692,1,23.0,1,1,18,3.0,15.0,1,5.0,15.0,18.0,9,50.0,2,0
699,1,23.0,1,1,28,4.0,34.0,2,8.5,17.0,12.0,8,28.57,3,1
714,1,23.0,1,1,18,3.0,26.0,1,8.67,26.0,18.0,7,38.89,3,1
718,1,23.0,1,1,26,4.0,36.0,1,9.0,36.0,24.0,3,11.54,4,0
761,1,23.0,2,2,32,5.0,24.0,1,4.8,24.0,30.0,15,46.88,2,0
768,1,23.0,1,1,24,4.0,41.0,0,10.25,0.0,inf,6,25.0,3,3
21,1,27.0,2,2,48,8.0,53.0,1,6.62,53.0,43.0,19,39.58,5,1
55,1,27.0,3,3,54,9.0,68.0,3,7.56,22.67,18.0,25,46.3,5,4
64,1,27.0,3,3,54,9.0,57.0,6,6.33,9.5,9.0,27,50.0,8,1
65,1,27.0,3,3,30,5.0,50.0,0,10.0,0.0,inf,5,16.67,3,3
66,1,27.0,1,1,6,1.0,2.0,1,2.0,2.0,6.0,4,66.67,0,0
74,1,27.0,2,2,51,8.0,55.0,3,6.88,18.33,16.0,19,37.25,5,1
150,1,27.0,2,2,31,5.0,32.0,2,6.4,16.0,15.0,9,29.03,3,0
156,1,27.0,1,1,25,4.0,21.0,1,5.25,21.0,24.0,9,36.0,0,1
174,1,27.0,1,1,24,4.0,30.0,1,7.5,30.0,24.0,8,33.33,3,0
223,1,27.0,1,1,29,4.0,25.0,2,6.25,12.5,12.0,9,31.03,1,0
259,1,27.0,3,3,42,7.0,47.0,4,6.71,11.75,10.25,22,52.38,5,2
273,1,27.0,1,1,24,4.0,26.0,0,6.5,0.0,inf,10,41.67,4,0
286,1,27.0,1,1,24,4.0,34.0,2,8.5,17.0,12.0,8,33.33,4,1
291,1,27.0,1,1,12,2.0,15.0,1,7.5,15.0,12.0,3,25.0,2,0
317,1,27.0,1,1,7,1.0,22.0,0,22.0,0.0,inf,0,0.0,0,3
449,1,27.0,3,3,51,8.0,70.0,3,8.75,23.33,15.0,13,25.49,3,4
534,1,27.0,1,1,26,4.0,30.0,1,7.5,30.0,24.0,11,42.31,3,1
536,1,27.0,2,2,39,6.0,53.0,1,8.83,53.0,36.0,12,30.77,2,3
562,1,27.0,1,1,12,2.0,23.0,0,11.5,0.0,inf,2,16.67,2,1
580,1,27.0,1,1,24,4.0,21.0,0,5.25,0.0,inf,11,45.83,3,0
586,1,27.0,1,1,12,2.0,14.0,0,7.0,0.0,inf,4,33.33,2,0
615,1,27.0,1,1,27,4.0,46.0,1,11.5,46.0,24.0,9,33.33,4,3
654,1,27.0,1,1,24,4.0,22.0,3,5.5,7.33,8.0,10,41.67,1,1
668,1,27.0,1,1,6,1.0,6.0,1,6.0,6.0,6.0,3,50.0,1,0
689,1,27.0,2,2,31,5.0,35.0,0,7.0,0.0,inf,11,35.48,1,1
692,1,27.0,1,1,26,4.0,15.0,2,3.75,7.5,12.0,14,53.85,2,0
699,1,27.0,1,1,24,4.0,33.0,3,8.25,11.0,8.0,10,41.67,5,1
700,1,27.0,1,1,25,4.0,32.0,2,8.0,16.0,12.0,10,40.0,1,2
714,1,27.0,2,2,30,5.0,44.0,0,8.8,0.0,inf,10,33.33,2,3
718,1,27.0,1,1,25,4.0,42.0,0,10.5,0.0,inf,7,28.0,5,1
756,1,27.0,1,1,12,2.0,22.0,1,11.0,22.0,12.0,5,41.67,0,3
768,1,27.0,1,1,24,4.0,39.0,2,9.75,19.5,12.0,8,33.33,0,4
774,1,27.0,1,1,13,2.0,20.0,0,10.0,0.0,inf,3,23.08,2,1
4,1,28.0,1,1,20,3.0,43.0,0,14.33,0.0,inf,2,10.0,7,1
6,1,28.0,1,1,1,0.0,0.0,0,,0.0,inf,1,100.0,0,0
21,1,28.0,1,1,14,2.0,16.0,0,8.0,0.0,inf,1,7.14,1,0
55,1,28.0,4,4,91,15.0,52.0,5,3.47,10.4,18.0,54,59.34,3,0
64,1,28.0,4,4,91,15.0,127.0,1,8.47,127.0,84.0,37,40.66,16,5
65,1,28.0,1,1,24,4.0,39.0,1,9.75,39.0,24.0,3,12.5,2,2
74,1,28.0,1,1,19,3.0,10.0,3,3.33,3.33,6.0,12,63.16,1,0
111,1,28.0,1,1,12,2.0,12.0,2,6.0,6.0,6.0,3,25.0,1,0
118,1,28.0,2,2,37,6.0,70.0,0,11.67,0.0,inf,10,27.03,7,4
129,1,28.0,1,1,24,4.0,17.0,2,4.25,8.5,12.0,13,54.17,2,0
147,1,28.0,1,1,18,3.0,17.0,2,5.67,8.5,9.0,6,33.33,2,0
150,1,28.0,2,2,33,5.0,49.0,2,9.8,24.5,16.0,10,30.3,7,1
174,1,28.0,2,2,46,7.0,45.0,2,6.43,22.5,21.0,26,56.52,2,3
210,1,28.0,2,2,34,5.0,42.0,2,8.4,21.0,15.0,14,41.18,3,1
212,1,28.0,2,2,51,8.0,61.0,1,7.62,61.0,48.0,21,41.18,5,3
223,1,28.0,2,2,44,7.0,71.0,2,10.14,35.5,21.0,19,43.18,6,6
234,1,28.0,1,1,25,4.0,37.0,2,9.25,18.5,12.0,8,32.0,0,4
251,1,28.0,2,2,41,6.0,45.0,1,7.5,45.0,41.0,17,41.46,5,1
254,1,28.0,1,1,19,3.0,28.0,0,9.33,0.0,inf,6,31.58,5,0
259,1,28.0,2,2,46,7.0,52.0,4,7.43,13.0,10.0,21,45.65,8,0
273,1,28.0,1,1,25,4.0,38.0,0,9.5,0.0,inf,12,48.0,6,1
289,1,28.0,1,1,12,2.0,10.0,0,5.0,0.0,inf,5,41.67,1,0
290,1,28.0,1,1,5,0.0,26.0,0,inf,0.0,inf,0,0.0,2,3
291,1,28.0,2,2,26,4.0,17.0,2,4.25,8.5,12.0,15,57.69,2,0
293,1,28.0,1,1,25,4.0,36.0,2,9.0,18.0,12.0,6,24.0,2,2
294,1,28.0,1,1,20,3.0,24.0,1,8.0,24.0,18.0,8,40.0,2,1
317,1,28.0,1,1,6,1.0,10.0,0,10.0,0.0,inf,2,33.33,2,0
383,1,28.0,1,1,17,2.0,29.0,1,14.5,29.0,15.0,7,41.18,5,1
410,1,28.0,1,1,24,4.0,36.0,1,9.0,36.0,24.0,9,37.5,5,1
449,1,28.0,2,2,43,7.0,50.0,4,7.14,12.5,10.5,21,48.84,6,2
477,1,28.0,1,1,25,4.0,29.0,1,7.25,29.0,24.0,11,44.0,3,1
536,1,28.0,1,1,24,4.0,21.0,2,5.25,10.5,12.0,11,45.83,2,0
577,1,28.0,1,1,8,1.0,5.0,0,5.0,0.0,inf,3,37.5,0,0
580,1,28.0,1,1,24,4.0,23.0,2,5.75,11.5,12.0,14,58.33,2,1
590,1,28.0,1,1,24,4.0,34.0,3,8.5,11.33,8.0,9,37.5,4,1
597,1,28.0,1,1,24,4.0,41.0,0,10.25,0.0,inf,8,33.33,3,3
615,1,28.0,1,1,24,4.0,32.0,1,8.0,32.0,24.0,9,37.5,5,0
634,1,28.0,1,1,13,2.0,19.0,0,9.5,0.0,inf,4,30.77,1,1
641,1,28.0,1,1,25,4.0,43.0,0,10.75,0.0,inf,5,20.0,5,2
670,1,28.0,2,2,24,4.0,33.0,0,8.25,0.0,inf,7,29.17,4,1
676,1,28.0,1,1,13,2.0,29.0,1,14.5,29.0,12.0,4,30.77,3,2
689,1,28.0,1,1,24,4.0,17.0,3,4.25,5.67,8.0,16,66.67,3,0
699,1,28.0,1,1,25,4.0,50.0,2,12.5,25.0,12.0,8,32.0,4,4
714,1,28.0,1,1,18,3.0,20.0,1,6.67,20.0,18.0,8,44.44,2,1
718,1,28.0,2,2,39,6.0,36.0,0,6.0,0.0,inf,17,43.59,5,0
768,1,28.0,2,2,38,6.0,39.0,1,6.5,39.0,36.0,15,39.47,4,0
774,1,28.0,1,1,25,4.0,40.0,2,10.0,20.0,12.0,6,24.0,2,2
6,2,4.0,1,1,12,2.0,13.0,0,6.5,0.0,inf,2,16.67,1,0
64,2,4.0,2,2,43,7.0,14.0,2,2.0,7.0,21.0,32,74.42,0,0
111,2,4.0,1,1,6,1.0,14.0,0,14.0,0.0,inf,0,0.0,0,1
149,2,4.0,1,1,25,4.0,19.0,2,4.75,9.5,12.0,12,48.0,2,0
156,2,4.0,1,1,24,4.0,42.0,1,10.5,42.0,24.0,12,50.0,4,3
208,2,4.0,1,1,6,1.0,6.0,1,6.0,6.0,6.0,1,16.67,0,0
210,2,4.0,1,1,26,4.0,20.0,2,5.0,10.0,12.0,14,53.85,2,0
212,2,4.0,1,1,24,4.0,22.0,2,5.5,11.0,12.0,8,33.33,0,0
234,2,4.0,1,1,26,4.0,33.0,3,8.25,11.0,8.0,7,26.92,0,1
250,2,4.0,1,1,25,4.0,23.0,1,5.75,23.0,24.0,8,32.0,1,0
251,2,4.0,1,1,19,3.0,16.0,0,5.33,0.0,inf,8,42.11,1,0
254,2,4.0,1,1,20,3.0,20.0,0,6.67,0.0,inf,6,30.0,1,0
353,2,4.0,1,1,19,3.0,15.0,0,5.0,0.0,inf,10,52.63,2,0
368,2,4.0,1,1,18,3.0,23.0,0,7.67,0.0,inf,6,33.33,2,0
463,2,4.0,1,1,26,4.0,15.0,3,3.75,5.0,8.0,16,61.54,2,0
536,2,4.0,1,1,24,4.0,28.0,0,7.0,0.0,inf,4,16.67,0,0
590,2,4.0,2,2,54,9.0,56.0,4,6.22,14.0,12.0,22,40.74,5,1
609,2,4.0,1,1,27,4.0,33.0,1,8.25,33.0,24.0,10,37.04,6,0
654,2,4.0,1,1,6,1.0,4.0,0,4.0,0.0,inf,2,33.33,0,0
669,2,4.0,1,1,6,1.0,10.0,0,10.0,0.0,inf,1,16.67,2,0
689,2,4.0,1,1,27,4.0,39.0,2,9.75,19.5,12.0,11,40.74,3,2
714,2,4.0,1,1,6,1.0,9.0,0,9.0,0.0,inf,3,50.0,2,0
735,2,4.0,2,2,12,2.0,17.0,0,8.5,0.0,inf,3,25.0,3,0
756,2,4.0,1,1,19,3.0,22.0,0,7.33,0.0,inf,7,36.84,3,0
4,2,5.0,1,1,12,2.0,19.0,0,9.5,0.0,inf,2,16.67,2,1
6,2,5.0,1,1,6,1.0,7.0,0,7.0,0.0,inf,2,33.33,1,0
39,2,5.0,2,2,43,7.0,44.0,5,6.29,8.8,8.6,19,44.19,0,4
42,2,5.0,1,1,24,4.0,44.0,1,11.0,44.0,24.0,5,20.83,3,3
65,2,5.0,1,1,24,4.0,34.0,2,8.5,17.0,12.0,6,25.0,2,2
111,2,5.0,1,1,12,2.0,9.0,0,4.5,0.0,inf,6,50.0,0,0
118,2,5.0,2,2,30,5.0,24.0,0,4.8,0.0,inf,11,36.67,1,0
129,2,5.0,1,1,24,4.0,34.0,0,8.5,0.0,inf,7,29.17,3,1
134,2,5.0,1,1,18,3.0,24.0,1,8.0,24.0,18.0,9,50.0,4,0
140,2,5.0,1,1,24,4.0,31.0,2,7.75,15.5,12.0,6,25.0,0,2
149,2,5.0,1,1,12,2.0,17.0,1,8.5,17.0,12.0,4,33.33,2,0
150,2,5.0,1,1,6,1.0,15.0,0,15.0,0.0,inf,0,0.0,3,0
156,2,5.0,1,1,12,2.0,19.0,0,9.5,0.0,inf,3,25.0,0,2
174,2,5.0,1,1,25,4.0,32.0,2,8.0,16.0,12.0,7,28.0,4,0
192,2,5.0,1,1,24,4.0,30.0,1,7.5,30.0,24.0,9,37.5,4,0
203,2,5.0,2,2,24,4.0,31.0,0,7.75,0.0,inf,3,12.5,2,0
207,2,5.0,2,2,44,7.0,43.0,3,6.14,14.33,14.0,22,50.0,1,3
212,2,5.0,2,2,34,5.0,35.0,2,7.0,17.5,15.0,15,44.12,5,0
241,2,5.0,3,3,72,12.0,78.0,4,6.5,19.5,18.0,37,51.39,8,3
246,2,5.0,2,2,49,8.0,64.0,5,8.0,12.8,9.6,21,42.86,8,2
251,2,5.0,2,2,30,5.0,34.0,2,6.8,17.0,14.5,10,33.33,2,1
254,2,5.0,1,1,13,2.0,10.0,0,5.0,0.0,inf,2,15.38,0,0
260,2,5.0,1,1,26,4.0,35.0,2,8.75,17.5,12.0,14,53.85,2,3
269,2,5.0,1,1,1,0.0,4.0,0,inf,0.0,inf,0,0.0,1,0
293,2,5.0,1,1,18,3.0,15.0,1,5.0,15.0,18.0,7,38.89,0,1
294,2,5.0,1,1,24,4.0,25.0,1,6.25,25.0,24.0,6,25.0,2,0
326,2,5.0,1,1,24,4.0,23.0,0,5.75,0.0,inf,10,41.67,1,1
345,2,5.0,2,2,53,8.0,67.0,1,8.38,67.0,48.0,17,32.08,4,3
353,2,5.0,1,1,18,3.0,15.0,3,5.0,5.0,6.0,11,61.11,1,1
378,2,5.0,2,2,49,8.0,45.0,1,5.62,45.0,48.0,27,55.1,6,1
383,2,5.0,2,2,42,7.0,49.0,2,7.0,24.5,21.0,24,57.14,5,3
386,2,5.0,1,1,26,4.0,15.0,3,3.75,5.0,8.0,13,50.0,1,0
425,2,5.0,1,2,29,4.0,37.0,2,9.25,18.5,14.0,9,31.03,2,2
449,2,5.0,1,1,25,4.0,27.0,1,6.75,27.0,24.0,13,52.0,1,2
460,2,5.0,2,2,32,5.0,40.0,3,8.0,13.33,10.0,16,50.0,6,1
477,2,5.0,2,2,45,7.0,44.0,3,6.29,14.67,14.0,23,51.11,4,1
497,2,5.0,1,1,24,4.0,30.0,1,7.5,30.0,24.0,9,37.5,5,0
536,2,5.0,3,3,74,12.0,80.0,4,6.67,20.0,18.0,30,40.54,6,3
548,2,5.0,1,1,6,1.0,11.0,0,11.0,0.0,inf,1,16.67,1,1
559,2,5.0,2,2,33,5.0,27.0,1,5.4,27.0,30.0,18,54.55,2,1
577,2,5.0,2,2,14,2.0,31.0,0,15.5,0.0,inf,3,21.43,5,1
586,2,5.0,2,2,48,8.0,41.0,3,5.12,13.67,16.0,22,45.83,3,0
597,2,5.0,1,1,19,3.0,25.0,0,8.33,0.0,inf,8,42.11,1,2
609,2,5.0,1,1,21,3.0,24.0,0,8.0,0.0,inf,7,33.33,2,1
624,2,5.0,2,2,32,5.0,34.0,0,6.8,0.0,inf,9,28.12,1,1
654,2,5.0,3,3,69,11.0,74.0,0,6.73,0.0,inf,25,36.23,5,2
689,2,5.0,3,3,63,10.0,85.0,5,8.5,17.0,12.0,25,39.68,8,3
692,2,5.0,2,2,46,7.0,39.0,6,5.57,6.5,7.67,27,58.7,3,2
699,2,5.0,1,1,13,2.0,25.0,1,12.5,25.0,12.0,3,23.08,0,3
764,2,5.0,3,4,79,13.0,69.0,6,5.31,11.5,12.0,29,36.71,8,0
776,2,5.0,1,1,24,4.0,32.0,1,8.0,32.0,24.0,8,33.33,5,0
4,2,6.0,3,3,57,9.0,68.0,1,7.56,68.0,54.0,25,43.86,8,2
6,2,6.0,2,2,36,6.0,32.0,3,5.33,10.67,12.0,12,33.33,2,0
39,2,6.0,3,3,60,10.0,63.0,3,6.3,21.0,20.0,28,46.67,7,1
64,2,6.0,3,3,76,12.0,91.0,4,7.58,22.75,18.0,28,36.84,8,3
65,2,6.0,3,3,44,7.0,59.0,1,8.43,59.0,42.0,10,22.73,3,2
66,2,6.0,1,1,7,1.0,25.0,0,25.0,0.0,inf,1,14.29,1,3
105,2,6.0,2,2,32,5.0,43.0,1,8.6,43.0,30.0,7,21.88,1,3
111,2,6.0,1,1,12,2.0,14.0,0,7.0,0.0,inf,5,41.67,0,1
118,2,6.0,1,1,12,2.0,36.0,0,18.0,0.0,inf,3,25.0,3,3
134,2,6.0,1,1,24,4.0,29.0,1,7.25,29.0,24.0,13,54.17,4,1
147,2,6.0,2,2,45,7.0,50.0,3,7.14,16.67,14.0,11,24.44,1,2
149,2,6.0,1,1,26,4.0,27.0,1,6.75,27.0,24.0,10,38.46,2,1
150,2,6.0,2,2,25,4.0,35.0,1,8.75,35.0,24.0,8,32.0,1,2
151,2,6.0,1,1,20,3.0,25.0,0,8.33,0.0,inf,3,15.0,0,1
156,2,6.0,4,4,94,15.0,101.0,3,6.73,33.67,29.33,36,38.3,10,2
174,2,6.0,1,1,6,1.0,19.0,0,19.0,0.0,inf,2,33.33,0,3
177,2,6.0,2,2,36,6.0,39.0,2,6.5,19.5,18.0,16,44.44,6,0
202,2,6.0,3,3,43,7.0,47.0,0,6.71,0.0,inf,22,51.16,7,1
206,2,6.0,1,1,6,1.0,11.0,0,11.0,0.0,inf,1,16.67,2,0
207,2,6.0,1,1,24,4.0,25.0,0,6.25,0.0,inf,4,16.67,2,0
209,2,6.0,1,1,13,2.0,20.0,0,10.0,0.0,inf,5,38.46,2,1
210,2,6.0,2,2,31,5.0,58.0,1,11.6,58.0,30.0,10,32.26,4,5
212,2,6.0,2,2,44,7.0,52.0,1,7.43,52.0,44.0,16,36.36,6,1
223,2,6.0,3,3,62,10.0,96.0,3,9.6,32.0,20.0,20,32.26,12,2
230,2,6.0,3,3,42,7.0,44.0,1,6.29,44.0,42.0,11,26.19,3,0
231,2,6.0,1,1,18,3.0,24.0,1,8.0,24.0,18.0,6,33.33,3,0
234,2,6.0,4,4,99,16.0,127.0,7,7.94,18.14,13.86,31,31.31,9,5
241,2,6.0,2,2,44,7.0,54.0,2,7.71,27.0,22.0,21,47.73,5,2
251,2,6.0,2,2,42,7.0,60.0,2,8.57,30.0,21.0,21,50.0,7,3
259,2,6.0,3,3,62,10.0,81.0,3,8.1,27.0,20.0,25,40.32,11,2
260,2,6.0,1,1,8,1.0,12.0,0,12.0,0.0,inf,2,25.0,2,0
274,2,6.0,1,1,6,1.0,10.0,0,10.0,0.0,inf,1,16.67,1,0
293,2,6.0,3,3,61,10.0,49.0,5,4.9,9.8,12.0,30,49.18,1,3
317,2,6.0,1,1,12,2.0,25.0,0,12.5,0.0,inf,3,25.0,3,1
321,2,6.0,3,3,74,12.0,77.0,3,6.42,25.67,24.0,36,48.65,6,2
326,2,6.0,2,2,45,7.0,55.0,2,7.86,27.5,21.0,13,28.89,3,2
328,2,6.0,1,1,7,1.0,6.0,1,6.0,6.0,6.0,4,57.14,1,0
345,2,6.0,2,2,36,6.0,43.0,0,7.17,0.0,inf,11,30.56,5,0
353,2,6.0,2,2,32,5.0,55.0,1,11.0,55.0,30.0,7,21.88,4,3
368,2,6.0,1,1,26,4.0,19.0,4,4.75,4.75,6.0,14,53.85,0,1
378,2,6.0,1,1,26,4.0,44.0,0,11.0,0.0,inf,6,23.08,6,1
383,2,6.0,1,1,28,4.0,40.0,0,10.0,0.0,inf,11,39.29,5,1
386,2,6.0,3,3,83,13.0,94.0,3,7.23,31.33,24.0,33,39.76,10,2
396,2,6.0,2,2,30,5.0,32.0,2,6.4,16.0,15.0,12,40.0,0,2
403,2,6.0,2,2,42,7.0,35.0,2,5.0,17.5,21.0,19,45.24,3,0
423,2,6.0,1,1,12,2.0,12.0,0,6.0,0.0,inf,3,25.0,1,0
425,2,6.0,2,2,49,8.0,59.0,1,7.38,59.0,48.0,13,26.53,3,2
429,2,6.0,1,1,19,3.0,32.0,0,10.67,0.0,inf,8,42.11,4,1
449,2,6.0,2,2,32,5.0,33.0,1,6.6,33.0,30.0,15,46.88,2,2
460,2,6.0,1,1,12,2.0,18.0,0,9.0,0.0,inf,3,25.0,3,0
463,2,6.0,1,1,30,5.0,25.0,1,5.0,25.0,24.0,15,50.0,3,0
477,2,6.0,2,2,50,8.0,76.0,0,9.5,0.0,inf,19,38.0,8,3
479,2,6.0,1,1,15,2.0,31.0,0,15.5,0.0,inf,2,13.33,4,1
490,2,6.0,1,1,6,1.0,5.0,1,5.0,5.0,6.0,2,33.33,0,0
497,2,6.0,1,1,24,4.0,27.0,2,6.75,13.5,12.0,8,33.33,2,1
536,2,6.0,3,3,73,12.0,79.0,3,6.58,26.33,24.0,28,38.36,7,2
542,2,6.0,2,2,36,6.0,56.0,2,9.33,28.0,18.0,10,27.78,2,4
573,2,6.0,2,2,33,5.0,29.0,2,5.8,14.5,16.5,17,51.52,2,1
577,2,6.0,2,2,53,8.0,90.0,1,11.25,90.0,48.0,14,26.42,7,5
586,2,6.0,3,3,67,11.0,83.0,3,7.55,27.67,22.0,19,28.36,7,2
597,2,6.0,2,2,31,5.0,42.0,2,8.4,21.0,15.0,14,45.16,6,1
609,2,6.0,4,4,95,15.0,104.0,5,6.93,20.8,17.4,46,48.42,18,0
634,2,6.0,2,2,12,2.0,21.0,0,10.5,0.0,inf,6,50.0,0,3
654,2,6.0,2,2,30,5.0,31.0,2,6.2,15.5,15.0,12,40.0,1,2
669,2,6.0,1,1,6,1.0,6.0,0,6.0,0.0,inf,1,16.67,0,0
684,2,6.0,2,2,19,3.0,28.0,0,9.33,0.0,inf,6,31.58,2,1
689,2,6.0,3,3,62,10.0,55.0,5,5.5,11.0,12.0,30,48.39,5,2
692,2,6.0,4,4,95,15.0,119.0,6,7.93,19.83,15.0,42,44.21,13,4
695,2,6.0,1,1,25,4.0,20.0,0,5.0,0.0,inf,12,48.0,2,0
705,2,6.0,3,3,37,6.0,42.0,4,7.0,10.5,9.0,7,18.92,0,2
714,2,6.0,1,1,19,3.0,35.0,0,11.67,0.0,inf,3,15.79,5,0
718,2,6.0,3,3,65,10.0,102.0,5,10.2,20.4,12.6,13,20.0,7,4
722,2,6.0,2,2,30,5.0,39.0,0,7.8,0.0,inf,11,36.67,5,0
735,2,6.0,3,3,30,5.0,32.0,0,6.4,0.0,inf,11,36.67,2,1
756,2,6.0,1,1,25,4.0,29.0,1,7.25,29.0,24.0,8,32.0,3,0
764,2,6.0,2,2,42,7.0,70.0,1,10.0,70.0,40.0,11,26.19,7,3
768,2,6.0,3,3,74,12.0,86.0,1,7.17,86.0,72.0,28,37.84,7,3
4,2,13.0,3,3,68,11.0,88.0,3,8.0,29.33,22.0,23,33.82,8,2
6,2,13.0,3,3,25,4.0,37.0,0,9.25,0.0,inf,6,24.0,4,0
39,2,13.0,4,4,96,16.0,72.0,7,4.5,10.29,13.71,45,46.88,1,2
42,2,13.0,1,1,24,4.0,50.0,0,12.5,0.0,inf,5,20.83,3,4
64,2,13.0,3,3,76,12.0,103.0,3,8.58,34.33,24.0,22,28.95,13,1
65,2,13.0,3,3,31,5.0,37.0,4,7.4,9.25,7.5,9,29.03,1,2
105,2,13.0,3,3,67,11.0,79.0,4,7.18,19.75,16.5,18,26.87,4,3
111,2,13.0,3,3,49,8.0,59.0,3,7.38,19.67,16.0,18,36.73,6,1
118,2,13.0,1,1,12,2.0,22.0,1,11.0,22.0,12.0,2,16.67,4,0
129,2,13.0,2,2,50,8.0,51.0,1,6.38,51.0,48.0,13,26.0,3,1
132,2,13.0,1,1,7,1.0,7.0,0,7.0,0.0,inf,0,0.0,0,0
134,2,13.0,3,3,62,10.0,63.0,1,6.3,63.0,60.0,31,50.0,6,2
137,2,13.0,1,1,24,4.0,13.0,2,3.25,6.5,12.0,11,45.83,0,0
140,2,13.0,2,2,38,6.0,40.0,1,6.67,40.0,36.0,13,34.21,2,1
147,2,13.0,1,1,6,1.0,2.0,0,2.0,0.0,inf,4,66.67,0,0
149,2,13.0,1,1,19,3.0,41.0,0,13.67,0.0,inf,1,5.26,1,3
152,2,13.0,1,1,27,4.0,52.0,2,13.0,26.0,12.0,10,37.04,4,3
155,2,13.0,1,1,6,1.0,11.0,0,11.0,0.0,inf,0,0.0,0,1
156,2,13.0,3,3,79,13.0,75.0,8,5.77,9.38,9.0,33,41.77,7,1
174,2,13.0,3,3,43,7.0,74.0,1,10.57,74.0,42.0,14,32.56,7,4
177,2,13.0,2,2,25,4.0,55.0,0,13.75,0.0,inf,5,20.0,6,3
192,2,13.0,1,1,12,2.0,10.0,0,5.0,0.0,inf,5,41.67,1,0
202,2,13.0,1,1,13,2.0,21.0,1,10.5,21.0,12.0,4,30.77,4,0
203,2,13.0,2,2,36,6.0,41.0,2,6.83,20.5,18.0,11,30.56,3,1
207,2,13.0,2,2,36,6.0,47.0,0,7.83,0.0,inf,14,38.89,3,3
208,2,13.0,2,2,18,3.0,11.0,1,3.67,11.0,18.0,8,44.44,0,0
209,2,13.0,2,2,49,8.0,68.0,1,8.5,68.0,48.0,11,22.45,3,4
210,2,13.0,2,2,52,8.0,67.0,2,8.38,33.5,24.0,20,38.46,7,1
212,2,13.0,6,6,143,23.0,173.0,10,7.52,17.3,13.8,59,41.26,18,6
223,2,13.0,3,3,68,11.0,83.0,3,7.55,27.67,22.0,26,38.24,8,2
230,2,13.0,2,2,49,8.0,35.0,4,4.38,8.75,12.0,21,42.86,2,0
234,2,13.0,2,2,42,7.0,57.0,0,8.14,0.0,inf,18,42.86,2,4
250,2,13.0,2,2,50,8.0,51.0,2,6.38,25.5,24.0,22,44.0,3,2
251,2,13.0,6,6,115,19.0,125.0,5,6.58,25.0,22.8,44,38.26,7,5
254,2,13.0,4,4,73,12.0,83.0,3,6.92,27.67,24.0,28,38.36,6,3
259,2,13.0,2,2,31,5.0,47.0,0,9.4,0.0,inf,12,38.71,5,2
269,2,13.0,2,2,49,8.0,68.0,1,8.5,68.0,48.0,17,34.69,10,0
274,2,13.0,2,2,30,5.0,40.0,1,8.0,40.0,30.0,7,23.33,4,1
276,2,13.0,1,1,30,5.0,26.0,1,5.2,26.0,24.0,15,50.0,0,1
293,2,13.0,3,3,73,12.0,81.0,3,6.75,27.0,24.0,22,30.14,8,1
294,2,13.0,2,2,12,2.0,22.0,0,11.0,0.0,inf,1,8.33,2,1
326,2,13.0,3,3,55,9.0,51.0,0,5.67,0.0,inf,20,36.36,4,0
340,2,13.0,2,2,20,3.0,34.0,0,11.33,0.0,inf,5,25.0,4,1
345,2,13.0,1,1,6,1.0,19.0,0,19.0,0.0,inf,1,16.67,3,1
348,2,13.0,2,2,8,1.0,5.0,0,5.0,0.0,inf,3,37.5,0,0
353,2,13.0,1,1,24,4.0,29.0,2,7.25,14.5,12.0,8,33.33,3,1
368,2,13.0,2,2,45,7.0,28.0,4,4.0,7.0,11.25,26,57.78,4,0
378,2,13.0,2,2,52,8.0,48.0,3,6.0,16.0,16.0,25,48.08,6,0
383,2,13.0,3,3,73,12.0,82.0,3,6.83,27.33,24.0,37,50.68,9,2
386,2,13.0,3,3,75,12.0,59.0,6,4.92,9.83,12.0,37,49.33,5,1
393,2,13.0,1,1,25,4.0,15.0,3,3.75,5.0,8.0,16,64.0,2,0
403,2,13.0,1,1,19,3.0,19.0,1,6.33,19.0,18.0,10,52.63,1,1
423,2,13.0,3,3,44,7.0,69.0,3,9.86,23.0,14.0,10,22.73,1,5
449,2,13.0,3,3,65,10.0,88.0,5,8.8,17.6,12.0,21,32.31,9,3
460,2,13.0,5,5,112,18.0,150.0,10,8.33,15.0,10.2,48,42.86,12,8
463,2,13.0,1,1,24,4.0,16.0,0,4.0,0.0,inf,14,58.33,2,0
471,2,13.0,1,1,12,2.0,24.0,0,12.0,0.0,inf,5,41.67,5,0
477,2,13.0,4,4,98,16.0,123.0,4,7.69,30.75,23.5,35,35.71,14,3
484,2,13.0,2,2,39,6.0,42.0,0,7.0,0.0,inf,17,43.59,4,1
486,2,13.0,1,1,18,3.0,15.0,1,5.0,15.0,18.0,4,22.22,0,0
497,2,13.0,2,2,28,4.0,40.0,2,10.0,20.0,14.0,5,17.86,3,1
519,2,13.0,1,1,6,1.0,4.0,1,4.0,4.0,6.0,2,33.33,0,0
536,2,13.0,3,3,72,12.0,86.0,5,7.17,17.2,13.2,24,33.33,5,4
542,2,13.0,1,1,24,4.0,25.0,0,6.25,0.0,inf,8,33.33,1,1
548,2,13.0,3,3,44,7.0,64.0,2,9.14,32.0,21.0,17,38.64,5,3
573,2,13.0,2,2,37,6.0,40.0,1,6.67,40.0,36.0,13,35.14,1,2
577,2,13.0,3,3,58,9.0,62.0,3,6.89,20.67,18.0,24,41.38,9,0
586,2,13.0,3,3,62,10.0,58.0,7,5.8,8.29,8.57,20,32.26,4,1
597,2,13.0,2,2,25,4.0,34.0,2,8.5,17.0,12.0,6,24.0,5,0
609,2,13.0,3,3,74,12.0,112.0,1,9.33,112.0,72.0,23,31.08,11,4
624,2,13.0,2,2,32,5.0,45.0,0,9.0,0.0,inf,8,25.0,3,1
634,2,13.0,3,3,42,7.0,57.0,1,8.14,57.0,42.0,11,26.19,7,1
654,2,13.0,2,2,43,7.0,53.0,1,7.57,53.0,42.0,12,27.91,5,1
689,2,13.0,2,2,48,8.0,36.0,4,4.5,9.0,11.75,32,66.67,5,0
692,2,13.0,3,3,74,12.0,85.0,3,7.08,28.33,22.0,30,40.54,6,4
705,2,13.0,2,2,24,4.0,26.0,1,6.5,26.0,24.0,9,37.5,2,1
714,2,13.0,2,2,49,8.0,39.0,3,4.88,13.0,16.0,23,46.94,3,0
718,2,13.0,4,4,84,14.0,106.0,5,7.57,21.2,16.2,33,39.29,8,5
722,2,13.0,2,2,19,3.0,22.0,0,7.33,0.0,inf,5,26.32,3,0
735,2,13.0,1,1,12,2.0,8.0,0,4.0,0.0,inf,4,33.33,0,0
756,2,13.0,2,2,40,6.0,50.0,4,8.33,12.5,10.0,10,25.0,4,1
768,2,13.0,4,4,91,15.0,75.0,4,5.0,18.75,22.5,44,48.35,6,1
776,2,13.0,1,1,26,4.0,28.0,2,7.0,14.0,12.0,11,42.31,1,1
64,2,14.0,1,1,28,4.0,27.0,2,6.75,13.5,12.0,12,42.86,3,0
65,2,14.0,1,1,8,1.0,13.0,0,13.0,0.0,inf,0,0.0,0,1
129,2,14.0,1,1,26,4.0,31.0,3,7.75,10.33,8.0,10,38.46,3,1
132,2,14.0,1,1,6,1.0,19.0,0,19.0,0.0,inf,1,16.67,3,1
134,2,14.0,1,1,19,3.0,27.0,1,9.0,27.0,18.0,5,26.32,1,2
150,2,14.0,1,1,11,1.0,22.0,0,22.0,0.0,inf,3,27.27,4,0
156,2,14.0,1,1,25,4.0,18.0,0,4.5,0.0,inf,9,36.0,0,0
177,2,14.0,1,1,12,2.0,14.0,1,7.0,14.0,12.0,4,33.33,2,0
202,2,14.0,1,1,13,2.0,9.0,1,4.5,9.0,12.0,9,69.23,0,1
223,2,14.0,1,1,19,3.0,24.0,2,8.0,12.0,9.0,10,52.63,1,2
230,2,14.0,1,1,10,1.0,12.0,1,12.0,12.0,10.0,5,50.0,2,0
234,2,14.0,1,1,26,4.0,20.0,0,5.0,0.0,inf,12,46.15,0,1
259,2,14.0,1,1,18,3.0,9.0,0,3.0,0.0,inf,9,50.0,0,0
277,2,14.0,1,1,24,4.0,27.0,1,6.75,27.0,24.0,8,33.33,2,1
293,2,14.0,2,2,48,8.0,45.0,1,5.62,45.0,48.0,21,43.75,5,0
317,2,14.0,1,1,19,3.0,20.0,1,6.67,20.0,18.0,5,26.32,1,0
321,2,14.0,1,1,24,4.0,39.0,0,9.75,0.0,inf,7,29.17,7,0
326,2,14.0,1,1,18,3.0,20.0,1,6.67,20.0,18.0,7,38.89,1,1
383,2,14.0,1,1,27,4.0,24.0,1,6.0,24.0,24.0,9,33.33,2,0
386,2,14.0,2,2,53,8.0,53.0,1,6.62,53.0,48.0,19,35.85,3,1
396,2,14.0,1,1,18,3.0,29.0,1,9.67,29.0,18.0,3,16.67,1,2
423,2,14.0,1,1,12,2.0,13.0,1,6.5,13.0,12.0,2,16.67,1,0
449,2,14.0,1,1,6,1.0,2.0,0,2.0,0.0,inf,4,66.67,0,0
484,2,14.0,1,1,18,3.0,25.0,0,8.33,0.0,inf,7,38.89,1,2
542,2,14.0,1,1,24,4.0,22.0,4,5.5,5.5,6.0,9,37.5,1,1
573,2,14.0,1,1,25,4.0,15.0,1,3.75,15.0,24.0,11,44.0,0,0
577,2,14.0,1,1,7,1.0,12.0,1,12.0,12.0,6.0,3,42.86,1,1
586,2,14.0,1,1,25,4.0,26.0,0,6.5,0.0,inf,5,20.0,0,1
609,2,14.0,1,1,26,4.0,33.0,2,8.25,16.5,12.0,12,46.15,3,2
624,2,14.0,1,1,25,4.0,21.0,1,5.25,21.0,24.0,9,36.0,1,0
634,2,14.0,1,1,13,2.0,21.0,0,10.5,0.0,inf,4,30.77,0,2
692,2,14.0,1,1,26,4.0,36.0,1,9.0,36.0,24.0,9,34.62,4,1
705,2,14.0,1,1,6,1.0,8.0,0,8.0,0.0,inf,3,50.0,0,1
718,2,14.0,1,1,6,1.0,18.0,0,18.0,0.0,inf,1,16.67,1,2
756,2,14.0,1,1,25,4.0,15.0,3,3.75,5.0,8.0,11,44.0,1,0
768,2,14.0,1,1,19,3.0,11.0,2,3.67,5.5,9.0,9,47.37,1,0
4,2,19.0,4,4,98,16.0,90.0,2,5.62,45.0,48.0,45,45.92,11,0
39,2,19.0,4,4,86,14.0,88.0,6,6.29,14.67,14.0,27,31.4,5,1
64,2,19.0,3,3,77,12.0,77.0,6,6.42,12.83,12.0,35,45.45,4,3
65,2,19.0,1,1,12,2.0,20.0,0,10.0,0.0,inf,3,25.0,1,1
105,2,19.0,4,4,92,15.0,109.0,3,7.27,36.33,30.0,21,22.83,4,3
111,2,19.0,1,1,24,4.0,13.0,3,3.25,4.33,8.0,15,62.5,0,0
129,2,19.0,1,1,14,2.0,12.0,1,6.0,12.0,12.0,9,64.29,2,0
132,2,19.0,1,1,12,2.0,21.0,0,10.5,0.0,inf,2,16.67,3,0
147,2,19.0,1,1,12,2.0,20.0,0,10.0,0.0,inf,2,16.67,3,0
149,2,19.0,1,1,24,4.0,30.0,0,7.5,0.0,inf,13,54.17,3,2
151,2,19.0,1,1,13,2.0,12.0,0,6.0,0.0,inf,4,30.77,0,0
156,2,19.0,2,2,38,6.0,73.0,2,12.17,36.5,18.0,10,26.32,9,3
174,2,19.0,1,1,13,2.0,23.0,1,11.5,23.0,12.0,6,46.15,5,0
202,2,19.0,1,1,19,3.0,18.0,2,6.0,9.0,9.0,10,52.63,1,1
208,2,19.0,1,1,6,1.0,18.0,0,18.0,0.0,inf,1,16.67,1,2
209,2,19.0,1,1,12,2.0,8.0,1,4.0,8.0,12.0,4,33.33,0,0
210,2,19.0,1,1,12,2.0,10.0,0,5.0,0.0,inf,8,66.67,2,0
212,2,19.0,1,1,19,3.0,29.0,2,9.67,14.5,9.0,9,47.37,4,1
223,2,19.0,2,2,42,7.0,58.0,2,8.29,29.0,21.0,17,40.48,9,0
230,2,19.0,2,2,24,4.0,30.0,0,7.5,0.0,inf,8,33.33,1,2
231,2,19.0,1,1,25,4.0,32.0,3,8.0,10.67,8.0,12,48.0,3,1
234,2,19.0,2,2,43,7.0,38.0,3,5.43,12.67,14.0,21,48.84,2,2
251,2,19.0,1,1,24,4.0,20.0,0,5.0,0.0,inf,11,45.83,1,0
254,2,19.0,1,1,13,2.0,11.0,2,5.5,5.5,6.0,7,53.85,1,0
269,2,19.0,1,1,26,4.0,35.0,1,8.75,35.0,24.0,7,26.92,5,0
293,2,19.0,1,1,12,2.0,14.0,0,7.0,0.0,inf,5,41.67,2,0
317,2,19.0,1,1,28,4.0,26.0,0,6.5,0.0,inf,11,39.29,2,0
321,2,19.0,3,3,75,12.0,85.0,3,7.08,28.33,24.0,37,49.33,7,5
326,2,19.0,2,2,48,8.0,32.0,1,4.0,32.0,48.0,21,43.75,1,0
345,2,19.0,2,2,47,7.0,63.0,2,9.0,31.5,23.5,17,36.17,7,2
353,2,19.0,1,1,24,4.0,32.0,0,8.0,0.0,inf,5,20.83,2,1
383,2,19.0,2,2,50,8.0,46.0,2,5.75,23.0,24.0,23,46.0,6,0
386,2,19.0,1,1,19,3.0,24.0,0,8.0,0.0,inf,9,47.37,1,2
396,2,19.0,1,1,25,4.0,23.0,1,5.75,23.0,24.0,10,40.0,2,0
403,2,19.0,3,3,55,9.0,56.0,4,6.22,14.0,13.5,27,49.09,1,4
423,2,19.0,2,2,24,4.0,25.0,1,6.25,25.0,24.0,11,45.83,2,1
446,2,19.0,1,1,13,2.0,20.0,2,10.0,10.0,6.0,3,23.08,0,2
449,2,19.0,1,1,19,3.0,32.0,0,10.67,0.0,inf,4,21.05,3,1
463,2,19.0,1,1,26,4.0,31.0,0,7.75,0.0,inf,11,42.31,3,1
477,2,19.0,4,4,95,15.0,114.0,4,7.6,28.5,22.5,37,38.95,6,5
486,2,19.0,1,1,7,1.0,19.0,0,19.0,0.0,inf,0,0.0,4,0
497,2,19.0,2,2,12,2.0,28.0,0,14.0,0.0,inf,3,25.0,1,3
515,2,19.0,1,1,18,3.0,22.0,0,7.33,0.0,inf,2,11.11,1,0
542,2,19.0,2,2,48,8.0,53.0,5,6.62,10.6,9.6,21,43.75,7,0
577,2,19.0,2,2,43,7.0,60.0,0,8.57,0.0,inf,14,32.56,5,2
586,2,19.0,3,3,54,9.0,64.0,3,7.11,21.33,18.0,17,31.48,5,2
590,2,19.0,1,1,12,2.0,9.0,0,4.5,0.0,inf,5,41.67,0,0
597,2,19.0,3,3,73,12.0,100.0,4,8.33,25.0,18.0,22,30.14,9,2
609,2,19.0,2,2,52,8.0,42.0,5,5.25,8.4,9.6,27,51.92,5,0
642,2,19.0,1,1,28,4.0,58.0,0,14.5,0.0,inf,6,21.43,4,4
684,2,19.0,1,1,6,1.0,6.0,0,6.0,0.0,inf,1,16.67,0,0
692,2,19.0,3,3,73,12.0,72.0,4,6.0,18.0,16.75,28,38.36,5,1
705,2,19.0,3,3,30,5.0,47.0,1,9.4,47.0,30.0,6,20.0,4,0
718,2,19.0,2,2,30,5.0,42.0,0,8.4,0.0,inf,10,33.33,5,1
735,2,19.0,2,2,42,7.0,41.0,0,5.86,0.0,inf,15,35.71,2,1
756,2,19.0,2,2,24,4.0,30.0,2,7.5,15.0,12.0,6,25.0,1,1
768,2,19.0,2,2,48,8.0,37.0,2,4.62,18.5,24.0,23,47.92,2,1
6,2,21.0,2,2,38,6.0,40.0,2,6.67,20.0,19.0,12,31.58,2,1
111,2,21.0,1,1,6,1.0,11.0,0,11.0,0.0,inf,2,33.33,0,1
152,2,21.0,1,1,25,4.0,19.0,2,4.75,9.5,12.0,14,56.0,2,0
177,2,21.0,1,1,18,3.0,25.0,2,8.33,12.5,9.0,5,27.78,0,2
202,2,21.0,1,1,12,2.0,12.0,0,6.0,0.0,inf,5,41.67,1,0
208,2,21.0,1,1,25,4.0,26.0,1,6.5,26.0,24.0,11,44.0,1,1
209,2,21.0,1,1,6,1.0,3.0,0,3.0,0.0,inf,3,50.0,0,0
210,2,21.0,1,1,24,4.0,37.0,1,9.25,37.0,24.0,10,41.67,2,3
212,2,21.0,1,1,25,4.0,42.0,0,10.5,0.0,inf,5,20.0,3,2
223,2,21.0,1,1,19,3.0,24.0,1,8.0,24.0,18.0,8,42.11,4,0
230,2,21.0,1,1,18,3.0,21.0,0,7.0,0.0,inf,5,27.78,1,1
251,2,21.0,1,1,18,3.0,26.0,1,8.67,26.0,18.0,6,33.33,1,2
276,2,21.0,1,1,13,2.0,22.0,0,11.0,0.0,inf,6,46.15,3,1
321,2,21.0,1,1,19,3.0,29.0,0,9.67,0.0,inf,4,21.05,3,1
368,2,21.0,1,1,18,3.0,25.0,1,8.33,25.0,18.0,10,55.56,3,1
396,2,21.0,1,1,18,3.0,24.0,1,8.0,24.0,18.0,6,33.33,0,2
403,2,21.0,2,2,31,5.0,50.0,0,10.0,0.0,inf,9,29.03,4,3
463,2,21.0,1,1,27,4.0,24.0,1,6.0,24.0,24.0,13,48.15,2,0
497,2,21.0,1,1,6,1.0,8.0,0,8.0,0.0,inf,3,50.0,0,1
536,2,21.0,2,2,51,8.0,63.0,2,7.88,31.5,24.0,19,37.25,3,3
542,2,21.0,1,1,25,4.0,35.0,2,8.75,17.5,12.0,10,40.0,1,3
586,2,21.0,2,2,46,7.0,49.0,1,7.0,49.0,45.0,11,23.91,3,0
634,2,21.0,1,1,6,1.0,4.0,0,4.0,0.0,inf,2,33.33,0,0
654,2,21.0,2,2,49,8.0,62.0,3,7.75,20.67,16.0,17,34.69,4,2
669,2,21.0,1,1,6,1.0,13.0,0,13.0,0.0,inf,0,0.0,0,1
689,2,21.0,1,1,6,1.0,3.0,0,3.0,0.0,inf,4,66.67,0,0
692,2,21.0,2,2,43,7.0,48.0,1,6.86,48.0,41.0,18,41.86,7,0
695,2,21.0,1,1,19,3.0,20.0,0,6.67,0.0,inf,8,42.11,1,1
705,2,21.0,2,2,30,5.0,24.0,5,4.8,4.8,6.0,10,33.33,1,0
714,2,21.0,2,2,37,6.0,56.0,2,9.33,28.0,18.0,10,27.03,6,2
718,2,21.0,1,1,18,3.0,13.0,1,4.33,13.0,18.0,6,33.33,1,0
768,2,21.0,1,1,24,4.0,22.0,2,5.5,11.0,12.0,12,50.0,3,0
4,2,30.0,3,3,54,9.0,88.0,0,9.78,0.0,inf,16,29.63,9,3
6,2,30.0,1,1,27,4.0,22.0,1,5.5,22.0,24.0,8,29.63,1,0
39,2,30.0,3,3,73,12.0,80.0,0,6.67,0.0,inf,19,26.03,5,0
42,2,30.0,1,1,18,3.0,11.0,1,3.67,11.0,18.0,10,55.56,1,0
64,2,30.0,1,1,26,4.0,34.0,2,8.5,17.0,12.0,10,38.46,2,2
105,2,30.0,1,1,18,3.0,17.0,1,5.67,17.0,18.0,7,38.89,0,1
111,2,30.0,1,1,12,2.0,22.0,0,11.0,0.0,inf,2,16.67,3,0
129,2,30.0,1,1,18,3.0,14.0,1,4.67,14.0,18.0,10,55.56,1,0
132,2,30.0,1,1,12,2.0,11.0,0,5.5,0.0,inf,1,8.33,0,0
134,2,30.0,2,2,27,4.0,50.0,0,12.5,0.0,inf,9,33.33,3,4
140,2,30.0,1,1,18,3.0,14.0,1,4.67,14.0,18.0,7,38.89,1,0
147,2,30.0,1,1,6,1.0,8.0,1,8.0,8.0,6.0,2,33.33,1,0
151,2,30.0,1,1,6,1.0,9.0,0,9.0,0.0,inf,3,50.0,2,0
156,2,30.0,1,1,25,4.0,32.0,1,8.0,32.0,24.0,9,36.0,2,2
174,2,30.0,1,1,20,3.0,24.0,1,8.0,24.0,18.0,7,35.0,4,0
177,2,30.0,1,1,12,2.0,19.0,0,9.5,0.0,inf,3,25.0,0,2
202,2,30.0,1,1,18,3.0,29.0,1,9.67,29.0,18.0,9,50.0,5,1
203,2,30.0,2,2,13,2.0,25.0,0,12.5,0.0,inf,3,23.08,1,2
209,2,30.0,1,1,12,2.0,23.0,2,11.5,11.5,6.0,4,33.33,1,2
212,2,30.0,1,1,25,4.0,37.0,0,9.25,0.0,inf,9,36.0,5,1
223,2,30.0,2,2,39,6.0,43.0,2,7.17,21.5,18.0,18,46.15,2,2
230,2,30.0,1,1,24,4.0,22.0,1,5.5,22.0,24.0,7,29.17,0,1
234,2,30.0,1,1,26,4.0,19.0,1,4.75,19.0,24.0,9,34.62,0,0
251,2,30.0,1,1,25,4.0,27.0,2,6.75,13.5,12.0,11,44.0,2,1
254,2,30.0,1,1,13,2.0,8.0,0,4.0,0.0,inf,6,46.15,0,0
259,2,30.0,2,2,49,8.0,69.0,2,8.62,34.5,24.0,19,38.78,7,2
274,2,30.0,2,2,36,6.0,37.0,1,6.17,37.0,36.0,10,27.78,2,0
276,2,30.0,1,1,24,4.0,25.0,2,6.25,12.5,12.0,12,50.0,3,0
293,2,30.0,3,3,56,9.0,52.0,2,5.78,26.0,27.0,18,32.14,3,1
294,2,30.0,1,1,7,1.0,10.0,1,10.0,10.0,6.0,2,28.57,0,1
317,2,30.0,1,1,18,3.0,13.0,3,4.33,4.33,6.0,8,44.44,1,0
326,2,30.0,1,1,20,3.0,20.0,0,6.67,0.0,inf,6,30.0,1,0
340,2,30.0,1,1,25,4.0,31.0,2,7.75,15.5,12.0,7,28.0,1,1
353,2,30.0,1,1,24,4.0,35.0,1,8.75,35.0,24.0,7,29.17,3,1
378,2,30.0,1,1,23,3.0,17.0,1,5.67,17.0,22.0,12,52.17,2,0
383,2,30.0,2,2,50,8.0,56.0,3,7.0,18.67,16.0,26,52.0,6,1
386,2,30.0,3,3,70,11.0,67.0,5,6.09,13.4,12.4,29,41.43,5,1
423,2,30.0,2,2,31,5.0,42.0,2,8.4,21.0,15.0,8,25.81,2,2
425,2,30.0,1,1,24,4.0,39.0,0,9.75,0.0,inf,4,16.67,0,3
449,2,30.0,3,3,64,10.0,77.0,4,7.7,19.25,15.25,32,50.0,9,3
460,2,30.0,1,1,24,4.0,33.0,1,8.25,33.0,24.0,8,33.33,4,1
477,2,30.0,1,1,24,4.0,37.0,2,9.25,18.5,12.0,7,29.17,3,2
484,2,30.0,2,2,31,5.0,33.0,3,6.6,11.0,10.0,14,45.16,5,0
510,2,30.0,1,1,7,1.0,13.0,0,13.0,0.0,inf,0,0.0,0,1
519,2,30.0,2,2,44,7.0,53.0,1,7.57,53.0,42.0,11,25.0,1,2
536,2,30.0,1,1,19,3.0,29.0,0,9.67,0.0,inf,4,21.05,1,2
542,2,30.0,1,1,18,3.0,26.0,0,8.67,0.0,inf,3,16.67,1,1
548,2,30.0,1,1,24,4.0,23.0,0,5.75,0.0,inf,10,41.67,2,0
559,2,30.0,1,1,26,4.0,35.0,1,8.75,35.0,24.0,9,34.62,2,2
573,2,30.0,1,1,12,2.0,9.0,0,4.5,0.0,inf,3,25.0,0,0
577,2,30.0,1,1,24,4.0,29.0,1,7.25,29.0,24.0,7,29.17,4,0
586,2,30.0,1,1,25,4.0,27.0,1,6.75,27.0,24.0,9,36.0,2,1
597,2,30.0,3,3,51,8.0,70.0,1,8.75,70.0,50.0,15,29.41,6,2
609,2,30.0,1,1,25,4.0,24.0,1,6.0,24.0,24.0,10,40.0,1,0
624,2,30.0,2,2,30,5.0,44.0,0,8.8,0.0,inf,6,20.0,2,2
634,2,30.0,1,1,12,2.0,21.0,0,10.5,0.0,inf,3,25.0,4,0
654,2,30.0,1,1,24,4.0,19.0,1,4.75,19.0,24.0,15,62.5,3,0
669,2,30.0,1,1,6,1.0,7.0,0,7.0,0.0,inf,2,33.33,1,0
689,2,30.0,1,1,12,2.0,23.0,0,11.5,0.0,inf,6,50.0,2,2
692,2,30.0,1,1,25,4.0,18.0,2,4.5,9.0,12.0,15,60.0,2,0
705,2,30.0,1,1,13,2.0,14.0,0,7.0,0.0,inf,3,23.08,1,0
714,2,30.0,1,1,12,2.0,13.0,1,6.5,13.0,12.0,4,33.33,0,1
718,2,30.0,2,2,26,4.0,35.0,2,8.75,17.5,13.0,7,26.92,5,0
739,2,30.0,1,1,27,4.0,42.0,0,10.5,0.0,inf,7,25.93,3,2
768,2,30.0,2,2,48,8.0,30.0,3,3.75,10.0,16.0,28,58.33,0,1
7,3,2.0,2,2,43,7.0,84.0,2,12.0,42.0,21.0,12,27.91,8,5
117,3,2.0,1,1,25,4.0,28.0,0,7.0,0.0,inf,11,44.0,1,2
134,3,2.0,1,1,24,4.0,28.0,2,7.0,14.0,12.0,10,41.67,4,0
152,3,2.0,1,1,18,3.0,29.0,0,9.67,0.0,inf,5,27.78,2,2
156,3,2.0,1,1,26,4.0,20.0,1,5.0,20.0,24.0,13,50.0,2,0
223,3,2.0,1,1,24,4.0,46.0,2,11.5,23.0,12.0,7,29.17,5,2
230,3,2.0,1,1,12,2.0,15.0,0,7.5,0.0,inf,2,16.67,0,1
234,3,2.0,1,1,24,4.0,34.0,1,8.5,34.0,24.0,9,37.5,2,2
241,3,2.0,1,1,24,4.0,31.0,2,7.75,15.5,12.0,9,37.5,3,1
257,3,2.0,2,2,9,1.0,18.0,0,18.0,0.0,inf,2,22.22,0,2
294,3,2.0,1,1,12,2.0,23.0,0,11.5,0.0,inf,1,8.33,3,0
326,3,2.0,1,1,25,4.0,25.0,0,6.25,0.0,inf,8,32.0,2,0
343,3,2.0,1,1,22,3.0,30.0,0,10.0,0.0,inf,8,36.36,0,3
383,3,2.0,1,1,26,4.0,33.0,2,8.25,16.5,12.0,7,26.92,2,2
403,3,2.0,1,1,12,2.0,9.0,0,4.5,0.0,inf,7,58.33,1,0
423,3,2.0,1,1,6,1.0,12.0,0,12.0,0.0,inf,0,0.0,2,0
443,3,2.0,1,1,12,2.0,25.0,0,12.5,0.0,inf,2,16.67,2,2
479,3,2.0,1,1,18,3.0,33.0,0,11.0,0.0,inf,3,16.67,6,0
536,3,2.0,4,4,96,16.0,98.0,3,6.12,32.67,32.0,26,27.08,2,3
541,3,2.0,4,4,104,17.0,99.0,5,5.82,19.8,19.2,41,39.42,10,1
542,3,2.0,1,1,24,4.0,30.0,2,7.5,15.0,12.0,8,33.33,1,2
586,3,2.0,1,1,21,3.0,40.0,1,13.33,40.0,18.0,7,33.33,2,3
590,3,2.0,1,1,25,4.0,32.0,1,8.0,32.0,24.0,10,40.0,5,0
609,3,2.0,1,1,25,4.0,27.0,1,6.75,27.0,24.0,11,44.0,4,0
613,3,2.0,3,3,24,4.0,22.0,0,5.5,0.0,inf,6,25.0,1,0
649,3,2.0,1,1,24,4.0,32.0,2,8.0,16.0,12.0,6,25.0,4,0
654,3,2.0,3,3,64,10.0,61.0,3,6.1,20.33,20.0,18,28.12,5,0
689,3,2.0,2,2,36,6.0,52.0,2,8.67,26.0,18.0,15,41.67,5,3
692,3,2.0,1,1,12,2.0,22.0,0,11.0,0.0,inf,4,33.33,5,0
705,3,2.0,1,1,12,2.0,17.0,0,8.5,0.0,inf,4,33.33,1,1
714,3,2.0,3,3,66,11.0,79.0,1,7.18,79.0,66.0,21,31.82,7,2
768,3,2.0,1,1,25,4.0,34.0,0,8.5,0.0,inf,7,28.0,1,2
776,3,2.0,1,1,25,4.0,28.0,2,7.0,14.0,12.0,11,44.0,5,0
4,3,3.0,7,7,174,29.0,228.0,7,7.86,32.57,24.0,58,33.33,19,10
7,3,3.0,1,1,19,3.0,24.0,0,8.0,0.0,inf,7,36.84,2,1
39,3,3.0,7,7,171,28.0,187.0,7,6.68,26.71,23.86,60,35.09,11,7
111,3,3.0,1,1,12,2.0,18.0,0,9.0,0.0,inf,5,41.67,0,2
129,3,3.0,1,1,24,4.0,30.0,1,7.5,30.0,24.0,7,29.17,2,1
134,3,3.0,1,1,19,3.0,15.0,2,5.0,7.5,9.5,10,52.63,1,0
137,3,3.0,1,1,24,4.0,40.0,0,10.0,0.0,inf,2,8.33,1,3
140,3,3.0,1,1,6,1.0,10.0,1,10.0,10.0,6.0,1,16.67,0,1
151,3,3.0,1,1,13,2.0,23.0,0,11.5,0.0,inf,1,7.69,3,0
156,3,3.0,1,1,28,4.0,32.0,1,8.0,32.0,24.0,4,14.29,3,0
202,3,3.0,1,1,25,4.0,19.0,0,4.75,0.0,inf,13,52.0,2,0
210,3,3.0,1,1,22,3.0,42.0,0,14.0,0.0,inf,6,27.27,2,3
212,3,3.0,1,1,18,3.0,33.0,0,11.0,0.0,inf,7,38.89,4,2
223,3,3.0,1,1,24,4.0,28.0,1,7.0,28.0,24.0,11,45.83,3,1
234,3,3.0,1,1,24,4.0,23.0,2,5.75,11.5,12.0,6,25.0,2,0
251,3,3.0,1,1,18,3.0,20.0,1,6.67,20.0,18.0,5,27.78,2,0
293,3,3.0,1,1,24,4.0,28.0,2,7.0,14.0,12.0,6,25.0,2,1
297,3,3.0,1,1,27,4.0,37.0,1,9.25,37.0,24.0,10,37.04,5,1
314,3,3.0,1,1,12,2.0,24.0,0,12.0,0.0,inf,2,16.67,3,1
321,3,3.0,1,1,27,4.0,37.0,2,9.25,18.5,12.0,11,40.74,2,2
340,3,3.0,1,1,27,4.0,54.0,0,13.5,0.0,inf,9,33.33,2,5
345,3,3.0,1,1,8,1.0,13.0,0,13.0,0.0,inf,3,37.5,1,1
348,3,3.0,1,1,12,2.0,17.0,0,8.5,0.0,inf,4,33.33,1,1
383,3,3.0,1,1,26,4.0,46.0,0,11.5,0.0,inf,7,26.92,6,1
403,3,3.0,1,1,19,3.0,34.0,1,11.33,34.0,18.0,5,26.32,3,2
410,3,3.0,1,1,24,4.0,24.0,2,6.0,12.0,12.0,13,54.17,3,1
425,3,3.0,1,1,25,4.0,44.0,0,11.0,0.0,inf,6,24.0,2,3
426,3,3.0,1,1,24,4.0,21.0,1,5.25,21.0,24.0,8,33.33,1,0
448,3,3.0,1,1,18,3.0,37.0,1,12.33,37.0,18.0,5,27.78,2,3
460,3,3.0,1,1,18,3.0,36.0,0,12.0,0.0,inf,4,22.22,4,2
477,3,3.0,6,6,152,25.0,201.0,6,8.04,33.5,23.0,57,37.5,21,7
479,3,3.0,1,1,18,3.0,25.0,1,8.33,25.0,18.0,4,22.22,2,1
515,3,3.0,1,1,24,4.0,42.0,2,10.5,21.0,12.0,6,25.0,3,3
536,3,3.0,1,1,12,2.0,12.0,0,6.0,0.0,inf,6,50.0,2,0
559,3,3.0,7,7,181,30.0,204.0,3,6.8,68.0,56.0,70,38.67,22,2
564,3,3.0,1,1,25,4.0,27.0,1,6.75,27.0,24.0,10,40.0,4,0
577,3,3.0,1,1,18,3.0,29.0,0,9.67,0.0,inf,4,22.22,2,2
586,3,3.0,1,1,24,4.0,24.0,2,6.0,12.0,12.0,9,37.5,1,0
597,3,3.0,7,7,144,24.0,201.0,9,8.38,22.33,15.56,53,36.81,17,10
609,3,3.0,1,1,24,4.0,31.0,0,7.75,0.0,inf,5,20.83,3,0
665,3,3.0,1,1,26,4.0,28.0,3,7.0,9.33,8.0,5,19.23,2,0
689,3,3.0,1,1,18,3.0,23.0,0,7.67,0.0,inf,8,44.44,4,0
692,3,3.0,1,1,25,4.0,38.0,0,9.5,0.0,inf,8,32.0,3,2
695,3,3.0,1,1,22,3.0,34.0,0,11.33,0.0,inf,6,27.27,6,0
718,3,3.0,1,1,26,4.0,49.0,1,12.25,49.0,24.0,7,26.92,5,3
768,3,3.0,1,1,25,4.0,25.0,3,6.25,8.33,8.0,13,52.0,3,1
4,3,7.0,1,1,25,4.0,45.0,1,11.25,45.0,24.0,7,28.0,5,1
19,3,7.0,3,3,61,10.0,93.0,4,9.3,23.25,13.5,14,22.95,12,1
39,3,7.0,1,1,25,4.0,33.0,1,8.25,33.0,24.0,7,28.0,2,1
90,3,7.0,1,1,13,2.0,14.0,0,7.0,0.0,inf,3,23.08,1,0
111,3,7.0,4,4,48,8.0,52.0,0,6.5,0.0,inf,9,18.75,4,0
112,3,7.0,1,1,25,4.0,25.0,0,6.25,0.0,inf,9,36.0,3,0
129,3,7.0,1,1,20,3.0,36.0,0,12.0,0.0,inf,6,30.0,7,0
134,3,7.0,1,1,14,2.0,19.0,0,9.5,0.0,inf,7,50.0,4,0
140,3,7.0,1,1,6,1.0,8.0,0,8.0,0.0,inf,1,16.67,1,0
156,3,7.0,1,1,24,4.0,32.0,1,8.0,32.0,24.0,10,41.67,5,0
210,3,7.0,3,3,58,9.0,58.0,3,6.44,19.33,18.0,27,46.55,8,0
212,3,7.0,5,5,119,19.0,179.0,7,9.42,25.57,16.29,40,33.61,25,3
234,3,7.0,1,1,24,4.0,23.0,1,5.75,23.0,24.0,10,41.67,3,0
251,3,7.0,5,5,109,18.0,143.0,5,7.94,28.6,21.6,27,24.77,11,3
254,3,7.0,2,2,30,5.0,44.0,0,8.8,0.0,inf,5,16.67,3,1
293,3,7.0,1,1,25,4.0,34.0,0,8.5,0.0,inf,6,24.0,3,1
348,3,7.0,1,1,12,2.0,18.0,0,9.0,0.0,inf,2,16.67,2,0
352,3,7.0,1,1,13,2.0,17.0,2,8.5,8.5,6.0,4,30.77,3,0
381,3,7.0,1,1,12,2.0,12.0,0,6.0,0.0,inf,4,33.33,1,0
386,3,7.0,1,1,24,4.0,36.0,2,9.0,18.0,12.0,12,50.0,6,1
426,3,7.0,1,1,12,2.0,13.0,0,6.5,0.0,inf,5,41.67,2,0
448,3,7.0,1,1,24,4.0,26.0,1,6.5,26.0,24.0,7,29.17,0,1
460,3,7.0,1,1,24,4.0,30.0,1,7.5,30.0,24.0,9,37.5,3,1
463,3,7.0,3,3,74,12.0,125.0,0,10.42,0.0,inf,15,20.27,13,3
477,3,7.0,1,1,25,4.0,37.0,0,9.25,0.0,inf,8,32.0,5,1
479,3,7.0,1,1,24,4.0,26.0,1,6.5,26.0,24.0,6,25.0,1,1
536,3,7.0,1,1,25,4.0,39.0,1,9.75,39.0,24.0,6,24.0,3,2
541,3,7.0,1,1,20,3.0,22.0,3,7.33,7.33,6.33,8,40.0,3,0
548,3,7.0,1,1,20,3.0,18.0,0,6.0,0.0,inf,9,45.0,2,0
559,3,7.0,1,1,25,4.0,31.0,1,7.75,31.0,24.0,8,32.0,4,0
573,3,7.0,1,1,18,3.0,15.0,1,5.0,15.0,18.0,8,44.44,0,1
577,3,7.0,1,1,24,4.0,32.0,2,8.0,16.0,12.0,9,37.5,3,1
590,3,7.0,1,1,26,4.0,37.0,2,9.25,18.5,12.0,11,42.31,2,2
597,3,7.0,1,1,18,3.0,24.0,1,8.0,24.0,18.0,5,27.78,3,0
609,3,7.0,1,1,26,4.0,12.0,2,3.0,6.0,12.0,14,53.85,1,0
613,3,7.0,1,1,12,2.0,12.0,0,6.0,0.0,inf,3,25.0,1,0
624,3,7.0,1,1,20,3.0,23.0,1,7.67,23.0,18.0,5,25.0,2,0
649,3,7.0,1,1,25,4.0,24.0,2,6.0,12.0,12.0,13,52.0,2,1
654,3,7.0,1,1,12,2.0,9.0,2,4.5,4.5,6.0,3,25.0,0,0
665,3,7.0,1,1,7,1.0,9.0,1,9.0,9.0,6.0,2,28.57,1,0
684,3,7.0,1,1,6,1.0,7.0,0,7.0,0.0,inf,1,16.67,0,0
689,3,7.0,1,1,24,4.0,43.0,1,10.75,43.0,24.0,8,33.33,6,1
699,3,7.0,1,1,19,3.0,23.0,1,7.67,23.0,18.0,5,26.32,2,0
714,3,7.0,1,1,26,4.0,25.0,2,6.25,12.5,12.0,10,38.46,0,1
735,3,7.0,1,1,6,1.0,7.0,1,7.0,7.0,6.0,2,33.33,1,0
4,3,8.0,1,1,18,3.0,21.0,1,7.0,21.0,18.0,4,22.22,1,1
7,3,8.0,1,1,12,2.0,41.0,0,20.5,0.0,inf,2,16.67,2,5
13,3,8.0,1,1,6,1.0,16.0,1,16.0,16.0,6.0,2,33.33,4,0
19,3,8.0,1,1,20,3.0,25.0,0,8.33,0.0,inf,6,30.0,2,1
25,3,8.0,1,1,14,2.0,26.0,0,13.0,0.0,inf,3,21.43,3,0
39,3,8.0,1,1,24,4.0,16.0,1,4.0,16.0,24.0,11,45.83,1,0
64,3,8.0,1,1,24,4.0,26.0,3,6.5,8.67,8.0,13,54.17,4,0
66,3,8.0,1,1,24,4.0,18.0,2,4.5,9.0,12.0,13,54.17,2,0
74,3,8.0,1,1,25,4.0,47.0,2,11.75,23.5,12.0,8,32.0,4,3
90,3,8.0,1,1,6,1.0,5.0,0,5.0,0.0,inf,2,33.33,0,0
111,3,8.0,1,1,13,2.0,18.0,1,9.0,18.0,12.0,4,30.77,1,1
112,3,8.0,1,2,32,5.0,26.0,4,5.2,6.5,7.25,14,43.75,1,1
134,3,8.0,1,1,13,2.0,25.0,0,12.5,0.0,inf,4,30.77,5,0
137,3,8.0,5,5,125,20.0,120.0,7,6.0,17.14,17.14,51,40.8,10,3
140,3,8.0,1,1,12,2.0,26.0,1,13.0,26.0,12.0,2,16.67,0,3
152,3,8.0,1,1,24,4.0,21.0,3,5.25,7.0,8.0,13,54.17,1,1
174,3,8.0,2,2,33,5.0,59.0,0,11.8,0.0,inf,10,30.3,8,2
202,3,8.0,3,3,58,9.0,104.0,1,11.56,104.0,53.0,13,22.41,11,5
212,3,8.0,1,1,19,3.0,22.0,1,7.33,22.0,18.0,8,42.11,2,1
223,3,8.0,6,6,127,21.0,190.0,4,9.05,47.5,31.0,34,26.77,21,4
230,3,8.0,5,5,63,10.0,66.0,2,6.6,33.0,31.0,19,30.16,4,2
234,3,8.0,1,1,25,4.0,13.0,1,3.25,13.0,24.0,13,52.0,0,0
251,3,8.0,1,1,24,4.0,27.0,1,6.75,27.0,24.0,6,25.0,1,1
254,3,8.0,1,1,25,4.0,22.0,1,5.5,22.0,24.0,14,56.0,2,1
257,3,8.0,1,1,12,2.0,18.0,0,9.0,0.0,inf,4,33.33,0,1
293,3,8.0,1,1,26,4.0,23.0,1,5.75,23.0,24.0,11,42.31,2,0
357,3,8.0,4,4,100,16.0,93.0,7,5.81,13.29,13.71,54,54.0,9,3
381,3,8.0,1,1,15,2.0,21.0,0,10.5,0.0,inf,7,46.67,1,2
386,3,8.0,1,1,26,4.0,36.0,0,9.0,0.0,inf,7,26.92,3,1
396,3,8.0,1,1,6,1.0,8.0,0,8.0,0.0,inf,1,16.67,1,0
403,3,8.0,1,1,18,3.0,29.0,2,9.67,14.5,9.0,4,22.22,0,3
426,3,8.0,1,1,19,3.0,25.0,0,8.33,0.0,inf,5,26.32,3,0
429,3,8.0,1,1,7,1.0,16.0,0,16.0,0.0,inf,2,28.57,3,0
449,3,8.0,1,1,13,2.0,21.0,1,10.5,21.0,12.0,3,23.08,1,1
477,3,8.0,1,1,19,3.0,42.0,0,14.0,0.0,inf,5,26.32,3,3
479,3,8.0,1,1,7,1.0,15.0,0,15.0,0.0,inf,1,14.29,1,1
484,3,8.0,1,1,6,1.0,9.0,0,9.0,0.0,inf,1,16.67,0,1
487,3,8.0,2,2,16,2.0,16.0,0,8.0,0.0,inf,7,43.75,2,0
536,3,8.0,1,1,18,3.0,32.0,1,10.67,32.0,18.0,5,27.78,1,3
541,3,8.0,1,1,25,4.0,44.0,0,11.0,0.0,inf,7,28.0,5,2
542,3,8.0,5,5,110,18.0,118.0,5,6.56,23.6,21.6,44,40.0,8,4
559,3,8.0,1,1,25,4.0,20.0,1,5.0,20.0,24.0,8,32.0,1,0
561,3,8.0,1,1,6,1.0,13.0,0,13.0,0.0,inf,1,16.67,1,1
564,3,8.0,1,1,7,1.0,11.0,0,11.0,0.0,inf,4,57.14,2,0
577,3,8.0,1,1,13,2.0,14.0,0,7.0,0.0,inf,5,38.46,2,0
586,3,8.0,1,1,24,4.0,28.0,2,7.0,14.0,12.0,8,33.33,0,2
597,3,8.0,1,1,19,3.0,31.0,1,10.33,31.0,17.0,5,26.32,3,1
609,3,8.0,1,1,22,3.0,25.0,1,8.33,25.0,19.0,8,36.36,2,0
624,3,8.0,1,1,20,3.0,35.0,1,11.67,35.0,18.0,8,40.0,4,0
654,3,8.0,1,1,24,4.0,44.0,0,11.0,0.0,inf,5,20.83,3,3
665,3,8.0,1,1,24,4.0,27.0,2,6.75,13.5,12.0,4,16.67,2,0
684,3,8.0,1,1,12,2.0,22.0,0,11.0,0.0,inf,1,8.33,2,1
692,3,8.0,1,1,20,3.0,30.0,1,10.0,30.0,18.0,6,30.0,2,2
705,3,8.0,1,1,24,4.0,27.0,1,6.75,27.0,24.0,10,41.67,0,2
718,3,8.0,3,3,64,10.0,81.0,1,8.1,81.0,60.0,20,31.25,7,2
735,3,8.0,1,1,24,4.0,19.0,1,4.75,19.0,24.0,11,45.83,0,1
768,3,8.0,5,6,132,22.0,174.0,6,7.91,29.0,20.67,53,40.15,13,10
776,3,8.0,2,2,43,7.0,46.0,3,6.57,15.33,13.0,17,39.53,3,2
19,3,9.0,1,1,24,4.0,39.0,1,9.75,39.0,24.0,6,25.0,5,1
111,3,9.0,1,1,24,4.0,21.0,2,5.25,10.5,12.0,11,45.83,1,1
117,3,9.0,1,1,12,2.0,20.0,1,10.0,20.0,12.0,5,41.67,1,2
152,3,9.0,2,2,49,8.0,48.0,3,6.0,16.0,16.0,26,53.06,7,1
210,3,9.0,1,1,25,4.0,51.0,0,12.75,0.0,inf,5,20.0,4,3
212,3,9.0,1,1,18,3.0,16.0,1,5.33,16.0,18.0,7,38.89,1,0
234,3,9.0,1,1,19,3.0,12.0,1,4.0,12.0,18.0,10,52.63,1,0
251,3,9.0,1,1,18,3.0,24.0,0,8.0,0.0,inf,4,22.22,1,1
269,3,9.0,1,1,24,4.0,35.0,1,8.75,35.0,24.0,10,41.67,3,2
343,3,9.0,1,1,24,4.0,42.0,2,10.5,21.0,12.0,4,16.67,4,2
403,3,9.0,2,2,49,8.0,43.0,4,5.38,10.75,12.0,18,36.73,3,0
429,3,9.0,1,1,6,1.0,12.0,1,12.0,12.0,6.0,3,50.0,3,0
446,3,9.0,1,1,18,3.0,28.0,1,9.33,28.0,18.0,7,38.89,4,1
448,3,9.0,1,1,12,2.0,19.0,1,9.5,19.0,12.0,2,16.67,1,1
564,3,9.0,1,1,24,4.0,36.0,0,9.0,0.0,inf,6,25.0,2,2
586,3,9.0,2,2,48,8.0,67.0,2,8.38,33.5,24.0,11,22.92,5,2
609,3,9.0,1,1,24,4.0,39.0,1,9.75,39.0,24.0,8,33.33,4,2
692,3,9.0,2,2,43,7.0,74.0,1,10.57,74.0,42.0,17,39.53,7,5
705,3,9.0,2,2,24,4.0,26.0,1,6.5,26.0,24.0,9,37.5,2,1
4,3,10.0,1,1,18,3.0,26.0,0,8.67,0.0,inf,7,38.89,3,1
7,3,10.0,1,1,25,4.0,36.0,3,9.0,12.0,8.0,10,40.0,2,2
39,3,10.0,1,1,24,4.0,33.0,1,8.25,33.0,24.0,12,50.0,3,2
64,3,10.0,2,2,36,6.0,40.0,2,6.67,20.0,18.0,15,41.67,4,1
65,3,10.0,1,1,25,4.0,17.0,2,4.25,8.5,12.0,16,64.0,1,0
66,3,10.0,2,2,10,1.0,5.0,1,5.0,5.0,10.0,5,50.0,0,0
111,3,10.0,1,1,24,4.0,14.0,1,3.5,14.0,24.0,11,45.83,0,0
112,3,10.0,1,1,12,2.0,11.0,1,5.5,11.0,12.0,2,16.67,0,0
117,3,10.0,2,2,49,8.0,81.0,3,10.12,27.0,16.0,17,34.69,5,6
129,3,10.0,1,1,12,2.0,20.0,0,10.0,0.0,inf,1,8.33,3,0
137,3,10.0,1,1,25,4.0,40.0,1,10.0,40.0,24.0,4,16.0,5,1
140,3,10.0,1,1,6,1.0,3.0,0,3.0,0.0,inf,4,66.67,0,0
152,3,10.0,1,1,24,4.0,19.0,1,4.75,19.0,24.0,9,37.5,2,0
156,3,10.0,3,3,74,12.0,109.0,4,9.08,27.25,18.0,24,32.43,7,6
212,3,10.0,1,1,25,4.0,24.0,3,6.0,8.0,7.33,11,44.0,3,0
223,3,10.0,1,1,19,3.0,26.0,0,8.67,0.0,inf,6,31.58,4,0
230,3,10.0,1,1,6,1.0,12.0,0,12.0,0.0,inf,0,0.0,2,0
234,3,10.0,7,7,169,28.0,187.0,11,6.68,17.0,14.73,68,40.24,8,12
251,3,10.0,1,1,24,4.0,16.0,2,4.0,8.0,12.0,14,58.33,2,0
254,3,10.0,1,1,27,4.0,25.0,0,6.25,0.0,inf,17,62.96,1,0
274,3,10.0,1,1,24,4.0,24.0,1,6.0,24.0,24.0,10,41.67,0,2
293,3,10.0,1,1,16,2.0,23.0,2,11.5,11.5,7.5,6,37.5,1,2
294,3,10.0,1,1,25,4.0,43.0,1,10.75,43.0,24.0,9,36.0,5,2
297,3,10.0,1,1,13,2.0,19.0,1,9.5,19.0,12.0,5,38.46,3,0
326,3,10.0,1,1,24,4.0,26.0,0,6.5,0.0,inf,7,29.17,1,1
330,3,10.0,1,1,7,1.0,19.0,0,19.0,0.0,inf,2,28.57,1,2
343,3,10.0,1,1,25,4.0,29.0,0,7.25,0.0,inf,8,32.0,0,2
345,3,10.0,1,1,25,4.0,41.0,2,10.25,20.5,12.0,8,32.0,4,2
352,3,10.0,1,1,14,2.0,19.0,1,9.5,19.0,12.0,3,21.43,2,0
353,3,10.0,2,2,47,7.0,67.0,1,9.57,67.0,46.0,15,31.91,6,3
383,3,10.0,1,1,8,1.0,17.0,1,17.0,17.0,6.0,2,25.0,2,1
386,3,10.0,1,1,13,2.0,22.0,1,11.0,22.0,12.0,3,23.08,4,0
393,3,10.0,1,1,19,3.0,35.0,2,11.67,17.5,9.0,6,31.58,4,2
403,3,10.0,1,1,12,2.0,8.0,0,4.0,0.0,inf,5,41.67,0,0
449,3,10.0,1,1,12,2.0,11.0,2,5.5,5.5,6.0,6,50.0,2,0
479,3,10.0,1,1,12,2.0,11.0,0,5.5,0.0,inf,4,33.33,1,0
487,3,10.0,1,1,6,1.0,14.0,0,14.0,0.0,inf,0,0.0,1,1
515,3,10.0,2,2,37,6.0,54.0,2,9.0,27.0,18.0,10,27.03,5,2
536,3,10.0,1,1,24,4.0,26.0,1,6.5,26.0,24.0,8,33.33,2,0
541,3,10.0,1,1,26,4.0,53.0,1,13.25,53.0,24.0,5,19.23,6,2
564,3,10.0,4,4,96,16.0,110.0,5,6.88,22.0,18.0,35,36.46,17,0
577,3,10.0,1,1,13,2.0,26.0,0,13.0,0.0,inf,3,23.08,3,1
586,3,10.0,1,1,24,4.0,16.0,2,4.0,8.0,12.0,11,45.83,1,0
590,3,10.0,4,4,80,13.0,107.0,5,8.23,21.4,15.6,28,35.0,14,2
597,3,10.0,1,1,24,4.0,35.0,0,8.75,0.0,inf,8,33.33,5,1
609,3,10.0,4,4,97,16.0,90.0,2,5.62,45.0,45.5,43,44.33,9,1
613,3,10.0,1,1,7,1.0,9.0,0,9.0,0.0,inf,4,57.14,2,0
624,3,10.0,1,1,24,4.0,38.0,1,9.5,38.0,24.0,6,25.0,3,2
626,3,10.0,4,4,53,8.0,55.0,5,6.88,11.0,10.6,17,32.08,3,1
654,3,10.0,1,1,18,3.0,25.0,0,8.33,0.0,inf,4,22.22,2,1
665,3,10.0,1,1,25,4.0,24.0,1,6.0,24.0,24.0,10,40.0,3,0
684,3,10.0,1,1,24,4.0,24.0,0,6.0,0.0,inf,6,25.0,1,0
714,3,10.0,1,1,24,4.0,35.0,0,8.75,0.0,inf,2,8.33,3,1
718,3,10.0,1,1,18,3.0,21.0,2,7.0,10.5,9.0,8,44.44,2,1
735,3,10.0,2,2,19,3.0,44.0,1,14.67,44.0,19.0,5,26.32,0,6
739,3,10.0,1,1,20,3.0,39.0,1,13.0,39.0,18.0,2,10.0,2,3
756,3,10.0,4,4,73,12.0,102.0,2,8.5,51.0,36.0,17,23.29,10,3
768,3,10.0,1,1,26,4.0,25.0,2,6.25,12.5,12.0,7,26.92,2,0
19,3,11.0,1,1,26,4.0,36.0,0,9.0,0.0,inf,9,34.62,3,2
111,3,11.0,2,2,18,3.0,29.0,1,9.67,29.0,18.0,5,27.78,2,2
112,3,11.0,2,2,52,8.0,75.0,2,9.38,37.5,24.0,11,21.15,8,2
118,3,11.0,1,1,21,3.0,40.0,0,13.33,0.0,inf,4,19.05,4,2
137,3,11.0,1,1,24,4.0,20.0,1,5.0,20.0,24.0,11,45.83,2,0
202,3,11.0,1,1,13,2.0,24.0,0,12.0,0.0,inf,5,38.46,2,2
212,3,11.0,2,2,41,6.0,79.0,1,13.17,79.0,40.0,12,29.27,9,4
223,3,11.0,1,1,25,4.0,48.0,1,12.0,48.0,24.0,5,20.0,6,2
230,3,11.0,1,1,24,4.0,33.0,1,8.25,33.0,24.0,6,25.0,3,1
251,3,11.0,2,2,48,8.0,52.0,2,6.5,26.0,24.0,18,37.5,5,1
254,3,11.0,1,1,25,4.0,28.0,2,7.0,14.0,12.0,11,44.0,3,1
297,3,11.0,1,1,24,4.0,32.0,0,8.0,0.0,inf,9,37.5,5,0
321,3,11.0,1,1,26,4.0,27.0,1,6.75,27.0,24.0,12,46.15,3,1
343,3,11.0,1,1,19,3.0,18.0,1,6.0,18.0,18.0,8,42.11,1,1
357,3,11.0,1,1,25,4.0,39.0,0,9.75,0.0,inf,9,36.0,3,2
403,3,11.0,1,1,12,2.0,16.0,0,8.0,0.0,inf,5,41.67,1,1
487,3,11.0,1,1,6,1.0,12.0,0,12.0,0.0,inf,0,0.0,2,0
542,3,11.0,1,1,6,1.0,14.0,0,14.0,0.0,inf,0,0.0,1,1
548,3,11.0,1,1,14,2.0,23.0,1,11.5,23.0,13.0,5,35.71,5,0
586,3,11.0,1,1,13,2.0,19.0,0,9.5,0.0,inf,5,38.46,3,0
692,3,11.0,1,1,25,4.0,51.0,1,12.75,51.0,24.0,8,32.0,9,1
705,3,11.0,1,1,6,1.0,8.0,0,8.0,0.0,inf,1,16.67,1,0
4,3,18.0,1,1,25,4.0,19.0,1,4.75,19.0,24.0,11,44.0,0,0
39,3,18.0,1,1,25,4.0,28.0,0,7.0,0.0,inf,7,28.0,3,0
65,3,18.0,1,1,12,2.0,16.0,0,8.0,0.0,inf,1,8.33,1,0
74,3,18.0,3,3,74,12.0,80.0,4,6.67,20.0,18.0,36,48.65,12,0
112,3,18.0,1,1,12,2.0,23.0,0,11.5,0.0,inf,3,25.0,3,1
129,3,18.0,1,1,24,4.0,17.0,2,4.25,8.5,12.0,14,58.33,1,1
204,3,18.0,1,1,6,1.0,6.0,0,6.0,0.0,inf,0,0.0,0,0
210,3,18.0,1,1,23,3.0,40.0,0,13.33,0.0,inf,6,26.09,5,1
212,3,18.0,1,1,6,1.0,17.0,0,17.0,0.0,inf,1,16.67,4,0
251,3,18.0,1,1,24,4.0,27.0,0,6.75,0.0,inf,12,50.0,1,2
254,3,18.0,1,1,12,2.0,18.0,0,9.0,0.0,inf,5,41.67,4,0
257,3,18.0,1,1,6,1.0,6.0,0,6.0,0.0,inf,3,50.0,1,0
259,3,18.0,1,1,25,4.0,40.0,1,10.0,40.0,24.0,10,40.0,3,2
293,3,18.0,1,1,26,4.0,21.0,1,5.25,21.0,24.0,8,30.77,0,0
340,3,18.0,1,1,24,4.0,27.0,2,6.75,13.5,12.0,12,50.0,5,0
348,3,18.0,1,1,14,2.0,18.0,1,9.0,18.0,12.0,3,21.43,1,1
386,3,18.0,1,1,24,4.0,23.0,0,5.75,0.0,inf,10,41.67,1,1
448,3,18.0,1,1,6,1.0,12.0,0,12.0,0.0,inf,0,0.0,2,0
536,3,18.0,3,3,68,11.0,104.0,1,9.45,104.0,66.0,21,30.88,9,5
559,3,18.0,1,1,25,4.0,15.0,1,3.75,15.0,24.0,16,64.0,2,0
597,3,18.0,1,1,24,4.0,36.0,1,9.0,36.0,24.0,10,41.67,4,1
613,3,18.0,1,1,6,1.0,17.0,0,17.0,0.0,inf,1,16.67,4,0
654,3,18.0,2,2,51,8.0,50.0,0,6.25,0.0,inf,15,29.41,6,0
665,3,18.0,1,1,12,2.0,19.0,1,9.5,19.0,12.0,3,25.0,1,1
714,3,18.0,3,3,72,12.0,89.0,5,7.42,17.8,14.0,23,31.94,6,3
728,3,18.0,2,2,47,7.0,70.0,3,10.0,23.33,14.0,13,27.66,8,2
764,3,18.0,1,1,18,3.0,30.0,1,10.0,30.0,18.0,8,44.44,5,1
4,3,23.0,1,1,18,3.0,34.0,0,11.33,0.0,inf,5,27.78,4,1
19,3,23.0,1,1,20,3.0,35.0,0,11.67,0.0,inf,7,35.0,5,1
39,3,23.0,1,1,24,4.0,19.0,0,4.75,0.0,inf,14,58.33,3,0
58,3,23.0,3,3,62,10.0,85.0,4,8.5,21.25,15.5,20,32.26,10,2
74,3,23.0,1,1,18,3.0,17.0,0,5.67,0.0,inf,13,72.22,4,0
90,3,23.0,1,1,13,2.0,11.0,1,5.5,11.0,12.0,6,46.15,1,0
105,3,23.0,1,1,27,4.0,27.0,2,6.75,13.5,12.0,8,29.63,2,0
112,3,23.0,1,1,25,4.0,36.0,1,9.0,36.0,24.0,7,28.0,4,1
134,3,23.0,3,3,74,12.0,65.0,5,5.42,13.0,14.4,33,44.59,8,0
137,3,23.0,1,1,24,4.0,22.0,1,5.5,22.0,24.0,11,45.83,3,0
151,3,23.0,1,1,2,0.0,1.0,0,inf,0.0,inf,1,50.0,0,0
155,3,23.0,1,1,7,1.0,11.0,1,11.0,11.0,6.0,2,28.57,0,1
156,3,23.0,1,1,19,3.0,30.0,0,10.0,0.0,inf,8,42.11,4,1
174,3,23.0,1,1,18,3.0,33.0,1,11.0,33.0,18.0,7,38.89,7,0
203,3,23.0,3,3,25,4.0,43.0,0,10.75,0.0,inf,2,8.0,3,2
204,3,23.0,1,1,6,1.0,14.0,0,14.0,0.0,inf,1,16.67,1,1
209,3,23.0,1,1,6,1.0,10.0,0,10.0,0.0,inf,1,16.67,1,0
212,3,23.0,1,1,25,4.0,36.0,1,9.0,36.0,24.0,7,28.0,4,1
221,3,23.0,1,1,7,1.0,5.0,0,5.0,0.0,inf,3,42.86,0,0
223,3,23.0,1,1,13,2.0,6.0,1,3.0,6.0,12.0,9,69.23,1,0
230,3,23.0,1,1,6,1.0,6.0,0,6.0,0.0,inf,2,33.33,0,0
234,3,23.0,1,1,26,4.0,41.0,0,10.25,0.0,inf,11,42.31,5,2
251,3,23.0,1,1,12,2.0,26.0,0,13.0,0.0,inf,1,8.33,2,2
254,3,23.0,1,1,25,4.0,23.0,0,5.75,0.0,inf,10,40.0,1,1
284,3,23.0,1,1,19,3.0,33.0,0,11.0,0.0,inf,4,21.05,6,0
326,3,23.0,6,6,147,24.0,164.0,7,6.83,23.43,20.57,46,31.29,16,2
345,3,23.0,1,1,13,2.0,21.0,0,10.5,0.0,inf,6,46.15,3,0
348,3,23.0,1,1,20,3.0,43.0,1,14.33,43.0,18.0,4,20.0,0,4
353,3,23.0,1,1,25,4.0,30.0,1,7.5,30.0,24.0,6,24.0,3,0
381,3,23.0,1,1,24,4.0,28.0,1,7.0,28.0,24.0,7,29.17,3,0
383,3,23.0,2,2,49,8.0,65.0,1,8.12,65.0,48.0,19,38.78,7,2
393,3,23.0,1,1,24,4.0,27.0,1,6.75,27.0,24.0,10,41.67,4,0
403,3,23.0,1,1,24,4.0,26.0,2,6.5,13.0,12.0,11,45.83,3,1
410,3,23.0,1,1,20,3.0,31.0,0,10.33,0.0,inf,8,40.0,3,1
412,3,23.0,1,1,6,1.0,8.0,0,8.0,0.0,inf,2,33.33,1,0
423,3,23.0,2,2,12,2.0,15.0,1,7.5,15.0,12.0,4,33.33,0,1
425,3,23.0,1,1,25,4.0,22.0,2,5.5,11.0,12.0,6,24.0,0,0
426,3,23.0,1,1,19,3.0,26.0,0,8.67,0.0,inf,6,31.58,3,1
429,3,23.0,1,1,18,3.0,18.0,2,6.0,9.0,9.0,8,44.44,3,0
449,3,23.0,1,1,13,2.0,7.0,0,3.5,0.0,inf,6,46.15,0,0
477,3,23.0,1,1,24,4.0,16.0,1,4.0,16.0,24.0,12,50.0,1,0
479,3,23.0,5,5,103,17.0,148.0,5,8.71,29.6,20.4,26,25.24,13,5
484,3,23.0,2,2,48,8.0,67.0,2,8.38,33.5,24.0,13,27.08,6,2
487,3,23.0,1,1,19,3.0,12.0,3,4.0,4.0,6.0,8,42.11,1,0
536,3,23.0,1,1,19,3.0,20.0,0,6.67,0.0,inf,6,31.58,2,0
559,3,23.0,1,1,26,4.0,38.0,0,9.5,0.0,inf,10,38.46,4,2
573,3,23.0,1,1,15,2.0,22.0,0,11.0,0.0,inf,5,33.33,4,0
577,3,23.0,3,3,68,11.0,102.0,2,9.27,51.0,33.0,19,27.94,14,2
586,3,23.0,1,1,26,4.0,38.0,2,9.5,19.0,12.0,10,38.46,1,4
587,3,23.0,1,1,26,4.0,48.0,0,12.0,0.0,inf,6,23.08,5,2
590,3,23.0,1,1,18,3.0,30.0,0,10.0,0.0,inf,5,27.78,3,1
613,3,23.0,1,1,7,1.0,16.0,0,16.0,0.0,inf,1,14.29,0,2
624,3,23.0,2,2,12,2.0,25.0,1,12.5,25.0,12.0,2,16.67,2,2
626,3,23.0,1,1,13,2.0,19.0,0,9.5,0.0,inf,2,15.38,1,1
643,3,23.0,1,1,25,4.0,27.0,0,6.75,0.0,inf,11,44.0,1,1
649,3,23.0,5,5,124,20.0,137.0,5,6.85,27.4,24.0,50,40.32,15,2
654,3,23.0,1,1,21,3.0,32.0,0,10.67,0.0,inf,4,19.05,5,0
684,3,23.0,2,2,18,3.0,27.0,0,9.0,0.0,inf,5,27.78,2,1
705,3,23.0,1,1,13,2.0,16.0,0,8.0,0.0,inf,1,7.69,1,0
714,3,23.0,1,1,12,2.0,16.0,0,8.0,0.0,inf,5,41.67,3,0
718,3,23.0,1,1,14,2.0,9.0,2,4.5,4.5,7.0,8,57.14,1,0
756,3,23.0,1,1,25,4.0,30.0,1,7.5,30.0,24.0,6,24.0,1,1
757,3,23.0,1,1,6,1.0,9.0,0,9.0,0.0,inf,0,0.0,1,0
764,3,23.0,1,1,14,2.0,13.0,2,6.5,6.5,6.0,7,50.0,2,0
768,3,23.0,1,1,25,4.0,16.0,1,4.0,16.0,24.0,12,48.0,1,0
4,3,26.0,1,1,24,4.0,35.0,1,8.75,35.0,24.0,7,29.17,5,0
19,3,26.0,1,1,27,4.0,27.0,1,6.75,27.0,24.0,12,44.44,2,1
39,3,26.0,1,1,24,4.0,18.0,1,4.5,18.0,24.0,11,45.83,1,0
64,3,26.0,1,1,25,4.0,30.0,1,7.5,30.0,24.0,9,36.0,3,1
65,3,26.0,2,2,18,3.0,35.0,0,11.67,0.0,inf,2,11.11,3,2
90,3,26.0,1,1,19,3.0,51.0,1,17.0,51.0,18.0,3,15.79,5,4
117,3,26.0,1,1,6,1.0,14.0,0,14.0,0.0,inf,1,16.67,1,1
129,3,26.0,7,7,148,24.0,184.0,8,7.67,23.0,18.0,52,35.14,24,2
156,3,26.0,1,1,28,4.0,35.0,2,8.75,17.5,12.0,11,39.29,3,1
212,3,26.0,1,1,19,3.0,20.0,1,6.67,20.0,18.0,5,26.32,2,0
223,3,26.0,1,1,26,4.0,26.0,0,6.5,0.0,inf,8,30.77,2,0
234,3,26.0,1,1,18,3.0,30.0,0,10.0,0.0,inf,4,22.22,5,0
240,3,26.0,1,1,6,1.0,19.0,0,19.0,0.0,inf,0,0.0,4,0
241,3,26.0,1,1,24,4.0,34.0,2,8.5,17.0,12.0,7,29.17,5,0
251,3,26.0,1,1,19,3.0,32.0,1,10.67,32.0,18.0,7,36.84,2,2
257,3,26.0,1,1,12,2.0,27.0,0,13.5,0.0,inf,3,25.0,4,1
293,3,26.0,6,6,140,23.0,143.0,6,6.22,23.83,23.0,45,32.14,6,3
294,3,26.0,1,1,14,2.0,23.0,1,11.5,23.0,12.0,4,28.57,4,0
321,3,26.0,1,1,24,4.0,40.0,1,10.0,40.0,24.0,7,29.17,6,0
326,3,26.0,1,1,24,4.0,21.0,1,5.25,21.0,24.0,8,33.33,1,0
343,3,26.0,1,1,18,3.0,24.0,1,8.0,24.0,18.0,8,44.44,1,2
348,3,26.0,1,1,24,4.0,31.0,3,7.75,10.33,8.0,8,33.33,3,1
383,3,26.0,1,1,25,4.0,44.0,2,11.0,22.0,12.0,10,40.0,9,0
386,3,26.0,6,6,150,25.0,158.0,7,6.32,22.57,20.0,51,34.0,14,2
403,3,26.0,1,1,25,4.0,32.0,0,8.0,0.0,inf,5,20.0,1,1
410,3,26.0,1,1,25,4.0,32.0,2,8.0,16.0,12.0,6,24.0,4,0
426,3,26.0,5,5,122,20.0,161.0,3,8.05,53.67,38.0,37,30.33,21,1
429,3,26.0,1,1,13,2.0,28.0,0,14.0,0.0,inf,1,7.69,3,1
443,3,26.0,1,1,26,4.0,41.0,2,10.25,20.5,12.0,6,23.08,4,1
449,3,26.0,6,6,112,18.0,173.0,1,9.61,173.0,109.0,26,23.21,16,6
463,3,26.0,1,1,17,2.0,24.0,0,12.0,0.0,inf,5,29.41,2,0
477,3,26.0,1,1,25,4.0,37.0,1,9.25,37.0,24.0,7,28.0,3,2
479,3,26.0,1,1,22,3.0,29.0,0,9.67,0.0,inf,5,22.73,1,1
515,3,26.0,1,1,24,4.0,42.0,1,10.5,42.0,24.0,5,20.83,2,3
536,3,26.0,1,1,19,3.0,29.0,0,9.67,0.0,inf,3,15.79,3,1
541,3,26.0,1,1,30,5.0,46.0,1,9.2,46.0,24.0,9,30.0,7,0
542,3,26.0,1,1,24,4.0,30.0,1,7.5,30.0,24.0,7,29.17,3,1
548,3,26.0,1,1,12,2.0,21.0,0,10.5,0.0,inf,2,16.67,3,0
559,3,26.0,1,1,27,4.0,26.0,3,6.5,8.67,8.0,14,51.85,4,0
586,3,26.0,1,1,24,4.0,26.0,3,6.5,8.67,8.0,11,45.83,3,1
597,3,26.0,1,1,24,4.0,25.0,3,6.25,8.33,8.0,9,37.5,3,0
624,3,26.0,1,1,26,4.0,31.0,0,7.75,0.0,inf,8,30.77,4,0
626,3,26.0,1,1,24,4.0,27.0,0,6.75,0.0,inf,5,20.83,0,1
643,3,26.0,2,2,48,8.0,64.0,3,8.0,21.33,16.0,12,25.0,2,4
649,3,26.0,1,1,18,3.0,31.0,0,10.33,0.0,inf,6,33.33,6,0
654,3,26.0,1,1,12,2.0,22.0,0,11.0,0.0,inf,2,16.67,0,2
665,3,26.0,4,4,77,12.0,85.0,2,7.08,42.5,36.0,18,23.38,4,1
705,3,26.0,1,1,20,3.0,26.0,0,8.67,0.0,inf,3,15.0,2,0
718,3,26.0,1,1,25,4.0,47.0,1,11.75,47.0,24.0,7,28.0,3,3
722,3,26.0,1,1,6,1.0,7.0,0,7.0,0.0,inf,1,16.67,0,0
764,3,26.0,1,1,6,1.0,10.0,0,10.0,0.0,inf,3,50.0,0,1
768,3,26.0,1,1,25,4.0,32.0,2,8.0,16.0,12.0,9,36.0,0,2
4,3,27.0,2,2,24,4.0,28.0,2,7.0,14.0,12.0,10,41.67,3,1
39,3,27.0,2,2,47,7.0,46.0,5,6.57,9.2,9.0,20,42.55,2,2
129,3,27.0,3,3,67,11.0,89.0,4,8.09,22.25,16.5,27,40.3,8,4
137,3,27.0,2,2,50,8.0,38.0,1,4.75,38.0,48.0,28,56.0,3,1
140,3,27.0,2,2,30,5.0,30.0,1,6.0,30.0,30.0,10,33.33,3,0
147,3,27.0,1,1,6,1.0,6.0,0,6.0,0.0,inf,3,50.0,1,0
151,3,27.0,1,1,6,1.0,10.0,0,10.0,0.0,inf,2,33.33,0,1
152,3,27.0,1,1,18,3.0,22.0,2,7.33,11.0,9.0,10,55.56,2,2
166,3,27.0,1,1,25,4.0,17.0,1,4.25,17.0,24.0,14,56.0,0,1
223,3,27.0,2,2,37,6.0,35.0,2,5.83,17.5,18.0,17,45.95,5,0
230,3,27.0,2,2,16,2.0,21.0,2,10.5,10.5,7.0,6,37.5,2,1
293,3,27.0,3,3,77,12.0,105.0,5,8.75,21.0,14.4,20,25.97,7,5
321,3,27.0,2,2,44,7.0,43.0,3,6.14,14.33,14.0,21,47.73,5,1
326,3,27.0,1,1,18,3.0,17.0,1,5.67,17.0,18.0,8,44.44,2,0
343,3,27.0,1,1,18,3.0,24.0,1,8.0,24.0,18.0,4,22.22,2,1
345,3,27.0,2,2,30,5.0,29.0,1,5.8,29.0,30.0,11,36.67,4,0
357,3,27.0,2,2,48,8.0,44.0,5,5.5,8.8,9.6,27,56.25,4,2
383,3,27.0,1,1,26,4.0,31.0,1,7.75,31.0,24.0,9,34.62,4,0
386,3,27.0,3,3,73,12.0,69.0,5,5.75,13.8,14.0,33,45.21,6,0
393,3,27.0,1,1,27,4.0,26.0,2,6.5,13.0,12.0,10,37.04,1,1
396,3,27.0,1,1,7,1.0,16.0,0,16.0,0.0,inf,1,14.29,1,1
403,3,27.0,4,4,94,15.0,101.0,1,6.73,101.0,90.0,29,30.85,9,2
410,3,27.0,2,2,52,8.0,51.0,3,6.38,17.0,16.0,23,44.23,5,1
423,3,27.0,1,1,12,2.0,14.0,1,7.0,14.0,12.0,4,33.33,0,1
426,3,27.0,1,1,19,3.0,24.0,0,8.0,0.0,inf,8,42.11,3,1
429,3,27.0,2,2,48,8.0,65.0,3,8.12,21.67,14.0,17,35.42,7,2
449,3,27.0,1,1,12,2.0,16.0,0,8.0,0.0,inf,7,58.33,0,2
477,3,27.0,2,2,43,7.0,47.0,2,6.71,23.5,21.0,20,46.51,6,0
479,3,27.0,1,1,26,4.0,27.0,1,6.75,27.0,24.0,9,34.62,3,0
484,3,27.0,1,1,18,3.0,30.0,1,10.0,30.0,18.0,5,27.78,1,2
542,3,27.0,2,2,44,7.0,70.0,4,10.0,17.5,10.5,12,27.27,5,3
559,3,27.0,2,2,47,7.0,54.0,3,7.71,18.0,14.0,25,53.19,6,2
586,3,27.0,4,4,95,15.0,92.0,3,6.13,30.67,31.67,43,45.26,7,3
587,3,27.0,1,1,26,4.0,32.0,0,8.0,0.0,inf,14,53.85,5,1
597,3,27.0,1,1,13,2.0,25.0,0,12.5,0.0,inf,4,30.77,1,2
665,3,27.0,3,3,62,10.0,82.0,5,8.2,16.4,12.0,16,25.81,3,4
692,3,27.0,3,3,77,12.0,99.0,4,8.25,24.75,18.0,30,38.96,10,4
705,3,27.0,1,1,6,1.0,14.0,0,14.0,0.0,inf,1,16.67,3,0
768,3,27.0,2,2,48,8.0,33.0,2,4.12,16.5,24.0,22,45.83,2,0
4,3,29.0,1,1,24,4.0,40.0,0,10.0,0.0,inf,9,37.5,6,1
39,3,29.0,1,1,25,4.0,27.0,1,6.75,27.0,24.0,9,36.0,1,1
74,3,29.0,1,1,22,3.0,40.0,0,13.33,0.0,inf,4,18.18,5,1
137,3,29.0,1,1,25,4.0,13.0,2,3.25,6.5,12.0,17,68.0,1,0
151,3,29.0,1,1,12,2.0,16.0,0,8.0,0.0,inf,3,25.0,0,1
202,3,29.0,1,1,6,1.0,12.0,0,12.0,0.0,inf,3,50.0,1,1
230,3,29.0,1,1,20,3.0,25.0,1,8.33,25.0,19.0,5,25.0,1,1
274,3,29.0,1,1,19,3.0,27.0,0,9.0,0.0,inf,5,26.32,2,1
321,3,29.0,3,3,74,12.0,86.0,7,7.17,12.29,10.0,30,40.54,6,3
345,3,29.0,3,3,75,12.0,70.0,5,5.83,14.0,14.4,31,41.33,4,2
357,3,29.0,1,1,20,3.0,31.0,0,10.33,0.0,inf,4,20.0,3,1
403,3,29.0,3,3,60,10.0,74.0,2,7.4,37.0,30.0,17,28.33,4,3
536,3,29.0,1,1,24,4.0,21.0,4,5.25,5.25,6.0,12,50.0,1,1
542,3,29.0,1,1,24,4.0,29.0,1,7.25,29.0,24.0,11,45.83,1,2
559,3,29.0,1,1,26,4.0,18.0,3,4.5,6.0,8.0,13,50.0,2,0
586,3,29.0,3,3,61,10.0,79.0,4,7.9,19.75,15.0,18,29.51,6,2
597,3,29.0,1,1,18,3.0,19.0,1,6.33,19.0,18.0,7,38.89,0,1
634,3,29.0,2,2,23,3.0,36.0,1,12.0,36.0,23.0,6,26.09,6,0
654,3,29.0,1,1,12,2.0,3.0,0,1.5,0.0,inf,9,75.0,0,0
692,3,29.0,3,3,64,10.0,56.0,6,5.6,9.33,10.0,25,39.06,4,0
695,3,29.0,1,1,24,4.0,32.0,0,8.0,0.0,inf,9,37.5,4,1
705,3,29.0,1,1,14,2.0,19.0,0,9.5,0.0,inf,3,21.43,2,0
714,3,29.0,1,1,18,3.0,16.0,3,5.33,5.33,5.67,8,44.44,2,0
728,3,29.0,1,1,26,4.0,42.0,2,10.5,21.0,12.0,7,26.92,3,2
776,3,29.0,1,1,26,4.0,27.0,0,6.75,0.0,inf,10,38.46,1,1
4,4,3.0,1,1,19,3.0,16.0,2,5.33,8.0,9.0,8,42.11,1,0
6,4,3.0,1,1,24,4.0,24.0,0,6.0,0.0,inf,11,45.83,3,0
11,4,3.0,1,1,14,2.0,44.0,0,22.0,0.0,inf,3,21.43,4,4
58,4,3.0,1,1,12,2.0,30.0,1,15.0,30.0,12.0,3,25.0,3,2
97,4,3.0,1,1,13,2.0,26.0,1,13.0,26.0,12.0,3,23.08,2,2
111,4,3.0,1,1,12,2.0,10.0,0,5.0,0.0,inf,3,25.0,0,0
129,4,3.0,6,6,145,24.0,166.0,5,6.92,33.2,27.6,59,40.69,18,3
137,4,3.0,1,1,24,4.0,18.0,1,4.5,18.0,24.0,12,50.0,2,0
151,4,3.0,4,4,32,5.0,44.0,1,8.8,44.0,30.0,6,18.75,3,1
207,4,3.0,1,1,12,2.0,20.0,0,10.0,0.0,inf,3,25.0,2,1
223,4,3.0,1,1,14,2.0,16.0,1,8.0,16.0,12.0,4,28.57,0,1
230,4,3.0,1,1,28,4.0,38.0,0,9.5,0.0,inf,10,35.71,4,2
251,4,3.0,1,1,24,4.0,37.0,2,9.25,18.5,12.0,11,45.83,3,3
254,4,3.0,1,1,12,2.0,27.0,0,13.5,0.0,inf,3,25.0,4,1
293,4,3.0,1,1,26,4.0,27.0,0,6.75,0.0,inf,7,26.92,3,0
317,4,3.0,1,1,6,1.0,9.0,0,9.0,0.0,inf,2,33.33,0,1
321,4,3.0,1,1,24,4.0,38.0,3,9.5,12.67,8.0,9,37.5,5,2
333,4,3.0,1,1,21,3.0,30.0,0,10.0,0.0,inf,4,19.05,4,0
343,4,3.0,1,1,24,4.0,27.0,2,6.75,13.5,12.0,8,33.33,2,1
352,4,3.0,1,1,18,3.0,39.0,0,13.0,0.0,inf,3,16.67,6,1
353,4,3.0,5,5,120,20.0,94.0,6,4.7,15.67,20.0,55,45.83,7,1
357,4,3.0,1,1,25,4.0,34.0,0,8.5,0.0,inf,10,40.0,3,2
381,4,3.0,1,1,18,3.0,18.0,1,6.0,18.0,18.0,8,44.44,2,0
386,4,3.0,1,1,25,4.0,32.0,2,8.0,16.0,12.0,11,44.0,4,1
393,4,3.0,1,1,18,3.0,10.0,2,3.33,5.0,9.0,9,50.0,1,0
414,4,3.0,1,1,25,4.0,44.0,1,11.0,44.0,24.0,9,36.0,3,3
426,4,3.0,1,1,25,4.0,40.0,1,10.0,40.0,24.0,8,32.0,4,2
449,4,3.0,1,1,25,4.0,21.0,0,5.25,0.0,inf,12,48.0,1,1
463,4,3.0,1,1,19,3.0,31.0,1,10.33,31.0,18.0,7,36.84,6,0
477,4,3.0,1,1,24,4.0,37.0,0,9.25,0.0,inf,12,50.0,5,2
517,4,3.0,1,1,6,1.0,9.0,0,9.0,0.0,inf,1,16.67,1,0
558,4,3.0,5,5,120,20.0,107.0,10,5.35,10.7,11.4,58,48.33,10,2
597,4,3.0,1,1,18,3.0,18.0,1,6.0,18.0,18.0,10,55.56,3,0
608,4,3.0,1,1,6,1.0,9.0,0,9.0,0.0,inf,0,0.0,1,0
609,4,3.0,1,1,6,1.0,0.0,1,0.0,0.0,6.0,6,100.0,0,0
624,4,3.0,5,5,89,14.0,93.0,5,6.64,18.6,16.8,32,35.96,4,4
643,4,3.0,1,1,24,4.0,26.0,0,6.5,0.0,inf,7,29.17,2,1
665,4,3.0,1,1,25,4.0,25.0,2,6.25,12.5,12.0,8,32.0,2,1
689,4,3.0,1,1,18,3.0,10.0,0,3.33,0.0,inf,7,38.89,0,0
692,4,3.0,1,1,14,2.0,13.0,0,6.5,0.0,inf,6,42.86,0,1
718,4,3.0,1,1,11,1.0,10.0,0,10.0,0.0,inf,5,45.45,1,0
735,4,3.0,2,2,13,2.0,20.0,0,10.0,0.0,inf,4,30.77,3,0
739,4,3.0,6,6,121,20.0,156.0,2,7.8,78.0,57.0,39,32.23,14,6
764,4,3.0,1,1,18,3.0,47.0,0,15.67,0.0,inf,5,27.78,3,5
770,4,3.0,1,1,24,4.0,23.0,2,5.75,11.5,12.0,11,45.83,2,0
13,4,7.0,1,1,12,2.0,18.0,0,9.0,0.0,inf,6,50.0,4,0
19,4,7.0,2,2,33,5.0,37.0,3,7.4,12.33,10.0,16,48.48,6,0
74,4,7.0,1,1,24,4.0,24.0,2,6.0,12.0,12.0,10,41.67,3,0
111,4,7.0,1,1,12,2.0,17.0,0,8.5,0.0,inf,2,16.67,0,1
137,4,7.0,1,1,25,4.0,37.0,0,9.25,0.0,inf,5,20.0,5,0
176,4,7.0,1,1,24,4.0,32.0,1,8.0,32.0,24.0,6,25.0,4,0
223,4,7.0,1,1,18,3.0,38.0,1,12.67,38.0,18.0,2,11.11,5,1
230,4,7.0,1,1,6,1.0,12.0,0,12.0,0.0,inf,2,33.33,1,1
246,4,7.0,1,1,6,1.0,13.0,0,13.0,0.0,inf,1,16.67,1,1
251,4,7.0,2,2,42,7.0,57.0,2,8.14,28.5,21.0,16,38.1,5,2
257,4,7.0,1,1,6,1.0,11.0,0,11.0,0.0,inf,0,0.0,1,0
259,4,7.0,1,1,13,2.0,25.0,0,12.5,0.0,inf,3,23.08,2,2
262,4,7.0,1,1,6,1.0,7.0,0,7.0,0.0,inf,2,33.33,1,0
293,4,7.0,1,1,18,3.0,20.0,0,6.67,0.0,inf,9,50.0,3,0
297,4,7.0,1,1,24,4.0,26.0,2,6.5,13.0,12.0,8,33.33,3,0
317,4,7.0,2,2,18,3.0,27.0,0,9.0,0.0,inf,4,22.22,2,1
321,4,7.0,4,4,88,14.0,98.0,4,7.0,24.5,21.0,38,43.18,13,0
343,4,7.0,1,1,24,4.0,17.0,2,4.25,8.5,12.0,12,50.0,2,0
386,4,7.0,1,1,25,4.0,24.0,2,6.0,12.0,12.0,9,36.0,2,0
396,4,7.0,1,1,18,3.0,23.0,0,7.67,0.0,inf,5,27.78,3,0
426,4,7.0,2,2,37,6.0,55.0,1,9.17,55.0,36.0,9,24.32,7,0
439,4,7.0,1,1,24,4.0,33.0,1,8.25,33.0,24.0,10,41.67,6,0
448,4,7.0,1,1,14,2.0,15.0,1,7.5,15.0,12.0,3,21.43,1,0
477,4,7.0,4,4,96,16.0,95.0,7,5.94,13.57,13.71,55,57.29,13,3
500,4,7.0,2,2,25,4.0,36.0,0,9.0,0.0,inf,5,20.0,3,1
536,4,7.0,1,1,24,4.0,50.0,1,12.5,50.0,24.0,8,33.33,2,5
541,4,7.0,1,1,27,4.0,22.0,3,5.5,7.33,8.0,11,40.74,3,0
542,4,7.0,1,1,13,2.0,28.0,0,14.0,0.0,inf,0,0.0,3,1
545,4,7.0,1,1,18,3.0,14.0,2,4.67,7.0,9.0,9,50.0,2,0
660,4,7.0,1,1,24,4.0,12.0,2,3.0,6.0,12.0,13,54.17,0,0
665,4,7.0,1,1,12,2.0,11.0,0,5.5,0.0,inf,2,16.67,1,0
669,4,7.0,1,1,6,1.0,8.0,0,8.0,0.0,inf,2,33.33,1,0
689,4,7.0,1,1,24,4.0,21.0,5,5.25,4.2,4.8,13,54.17,3,0
705,4,7.0,1,1,13,2.0,24.0,0,12.0,0.0,inf,3,23.08,1,1
714,4,7.0,1,1,28,4.0,59.0,0,14.75,0.0,inf,8,28.57,8,2
731,4,7.0,4,4,80,13.0,112.0,7,8.62,16.0,11.0,23,28.75,8,5
757,4,7.0,1,1,13,2.0,18.0,0,9.0,0.0,inf,1,7.69,1,0
4,4,8.0,1,1,18,3.0,34.0,2,11.33,17.0,9.0,5,27.78,5,1
6,4,8.0,1,1,25,4.0,26.0,2,6.5,13.0,12.0,9,36.0,1,1
25,4,8.0,1,1,30,5.0,56.0,1,11.2,56.0,24.0,5,16.67,3,3
74,4,8.0,1,1,24,4.0,27.0,0,6.75,0.0,inf,6,25.0,2,0
83,4,8.0,1,1,25,4.0,49.0,2,12.25,24.5,12.0,5,20.0,7,1
86,4,8.0,1,1,25,4.0,20.0,1,5.0,20.0,24.0,11,44.0,2,0
97,4,8.0,2,2,42,7.0,64.0,3,9.14,21.33,14.0,12,28.57,2,4
111,4,8.0,1,1,12,2.0,14.0,0,7.0,0.0,inf,3,25.0,0,1
117,4,8.0,1,1,18,3.0,29.0,0,9.67,0.0,inf,7,38.89,1,3
129,4,8.0,3,3,73,12.0,95.0,2,7.92,47.5,36.0,24,32.88,8,3
137,4,8.0,8,8,195,32.0,178.0,11,5.56,16.18,17.45,80,41.03,13,3
151,4,8.0,1,1,18,3.0,23.0,0,7.67,0.0,inf,3,16.67,2,0
161,4,8.0,1,1,18,3.0,31.0,2,10.33,15.5,9.0,5,27.78,2,2
166,4,8.0,1,1,12,2.0,24.0,0,12.0,0.0,inf,4,33.33,2,2
176,4,8.0,5,5,122,20.0,146.0,4,7.3,36.5,30.0,44,36.07,11,4
210,4,8.0,1,1,18,3.0,23.0,1,7.67,23.0,18.0,8,44.44,1,2
212,4,8.0,1,1,25,4.0,40.0,1,10.0,40.0,24.0,5,20.0,2,2
223,4,8.0,7,7,156,26.0,217.0,11,8.35,19.73,13.64,55,35.26,25,5
230,4,8.0,6,6,100,16.0,105.0,2,6.56,52.5,48.0,36,36.0,7,3
234,4,8.0,1,1,18,3.0,34.0,0,11.33,0.0,inf,6,33.33,4,2
250,4,8.0,1,1,24,4.0,22.0,1,5.5,22.0,24.0,9,37.5,0,0
262,4,8.0,1,1,7,1.0,13.0,0,13.0,0.0,inf,1,14.29,2,0
293,4,8.0,1,1,25,4.0,40.0,0,10.0,0.0,inf,9,36.0,3,3
326,4,8.0,1,1,24,4.0,29.0,0,7.25,0.0,inf,8,33.33,2,1
343,4,8.0,1,1,24,4.0,27.0,1,6.75,27.0,24.0,9,37.5,3,0
345,4,8.0,1,1,19,3.0,26.0,1,8.67,26.0,18.0,4,21.05,3,0
353,4,8.0,3,3,72,12.0,76.0,3,6.33,25.33,24.0,24,33.33,5,2
357,4,8.0,6,6,144,24.0,178.0,7,7.42,25.43,19.71,44,30.56,17,3
381,4,8.0,1,1,24,4.0,26.0,1,6.5,26.0,24.0,7,29.17,3,0
383,4,8.0,1,1,25,4.0,41.0,0,10.25,0.0,inf,9,36.0,3,3
386,4,8.0,1,1,24,4.0,24.0,0,6.0,0.0,inf,9,37.5,2,0
414,4,8.0,1,1,26,4.0,30.0,3,7.5,10.0,8.0,11,42.31,3,1
423,4,8.0,1,1,18,3.0,24.0,1,8.0,24.0,18.0,4,22.22,1,1
439,4,8.0,2,2,49,8.0,62.0,2,7.75,31.0,24.0,17,34.69,7,1
449,4,8.0,3,3,58,9.0,72.0,4,8.0,18.0,13.5,16,27.59,4,3
451,4,8.0,1,1,24,4.0,26.0,0,6.5,0.0,inf,9,37.5,3,0
515,4,8.0,1,1,12,2.0,23.0,0,11.5,0.0,inf,5,41.67,2,2
536,4,8.0,1,1,18,3.0,14.0,0,4.67,0.0,inf,8,44.44,1,0
542,4,8.0,8,8,165,27.0,182.0,9,6.74,20.22,18.0,55,33.33,9,6
558,4,8.0,2,2,39,6.0,66.0,4,11.0,16.5,9.0,13,33.33,5,4
573,4,8.0,1,1,19,3.0,21.0,0,7.0,0.0,inf,5,26.32,2,0
577,4,8.0,1,1,24,4.0,49.0,1,12.25,49.0,24.0,7,29.17,4,4
586,4,8.0,1,1,25,4.0,26.0,3,6.5,8.67,8.0,8,32.0,1,1
597,4,8.0,1,1,13,2.0,17.0,0,8.5,0.0,inf,2,15.38,2,0
624,4,8.0,2,2,42,7.0,45.0,2,6.43,22.5,21.0,18,42.86,1,4
654,4,8.0,1,1,19,3.0,19.0,1,6.33,19.0,18.0,7,36.84,2,0
665,4,8.0,1,1,20,3.0,24.0,1,8.0,24.0,18.0,5,25.0,1,1
670,4,8.0,1,1,12,2.0,16.0,0,8.0,0.0,inf,2,16.67,2,0
687,4,8.0,1,1,12,2.0,12.0,0,6.0,0.0,inf,6,50.0,0,1
689,4,8.0,1,1,24,4.0,27.0,2,6.75,13.5,12.0,7,29.17,3,0
692,4,8.0,1,1,24,4.0,34.0,1,8.5,34.0,24.0,6,25.0,3,1
705,4,8.0,1,1,6,1.0,14.0,0,14.0,0.0,inf,1,16.67,1,1
714,4,8.0,1,1,25,4.0,37.0,1,9.25,37.0,22.0,3,12.0,3,0
718,4,8.0,1,1,24,4.0,25.0,0,6.25,0.0,inf,7,29.17,2,0
735,4,8.0,1,1,12,2.0,21.0,0,10.5,0.0,inf,0,0.0,3,0
739,4,8.0,2,2,24,4.0,48.0,0,12.0,0.0,inf,5,20.83,5,2
748,4,8.0,1,1,18,3.0,12.0,0,4.0,0.0,inf,8,44.44,0,0
756,4,8.0,1,1,18,3.0,19.0,0,6.33,0.0,inf,2,11.11,1,0
757,4,8.0,1,1,6,1.0,12.0,0,12.0,0.0,inf,0,0.0,2,0
768,4,8.0,1,1,24,4.0,26.0,0,6.5,0.0,inf,9,37.5,2,1
770,4,8.0,1,1,25,4.0,29.0,2,7.25,14.5,12.0,7,28.0,2,0
4,4,10.0,1,1,12,2.0,11.0,0,5.5,0.0,inf,6,50.0,0,1
6,4,10.0,1,1,14,2.0,16.0,0,8.0,0.0,inf,2,14.29,1,0
11,4,10.0,1,1,24,4.0,29.0,2,7.25,14.5,12.0,14,58.33,3,2
19,4,10.0,1,1,26,4.0,46.0,0,11.5,0.0,inf,7,26.92,2,3
58,4,10.0,1,1,24,4.0,24.0,1,6.0,24.0,24.0,13,54.17,2,1
86,4,10.0,1,1,24,4.0,36.0,1,9.0,36.0,24.0,6,25.0,4,1
97,4,10.0,1,1,12,2.0,17.0,0,8.5,0.0,inf,2,16.67,2,0
105,4,10.0,2,2,44,7.0,31.0,1,4.43,31.0,42.0,22,50.0,1,1
111,4,10.0,1,1,7,1.0,8.0,0,8.0,0.0,inf,3,42.86,1,0
124,4,10.0,1,1,7,1.0,6.0,1,6.0,6.0,6.0,4,57.14,1,0
129,4,10.0,1,1,26,4.0,27.0,1,6.75,27.0,24.0,12,46.15,3,1
134,4,10.0,3,3,59,9.0,76.0,2,8.44,38.0,28.5,22,37.29,10,1
210,4,10.0,1,1,25,4.0,24.0,1,6.0,24.0,24.0,11,44.0,3,0
212,4,10.0,6,6,132,22.0,148.0,3,6.73,49.33,41.67,61,46.21,20,3
221,4,10.0,1,1,13,2.0,13.0,0,6.5,0.0,inf,5,38.46,1,0
234,4,10.0,1,1,24,4.0,28.0,1,7.0,28.0,24.0,5,20.83,1,1
251,4,10.0,1,1,24,4.0,36.0,1,9.0,36.0,24.0,6,25.0,4,1
293,4,10.0,1,1,19,3.0,14.0,2,4.67,7.0,9.0,11,57.89,0,1
297,4,10.0,1,1,13,2.0,11.0,1,5.5,11.0,13.0,3,23.08,0,0
303,4,10.0,1,1,12,2.0,9.0,1,4.5,9.0,12.0,7,58.33,0,1
317,4,10.0,1,1,12,2.0,22.0,1,11.0,22.0,12.0,1,8.33,2,1
321,4,10.0,1,1,25,4.0,48.0,0,12.0,0.0,inf,9,36.0,4,3
343,4,10.0,1,1,6,1.0,4.0,0,4.0,0.0,inf,3,50.0,0,0
345,4,10.0,1,1,25,4.0,27.0,2,6.75,13.5,12.0,13,52.0,3,0
353,4,10.0,1,1,25,4.0,25.0,1,6.25,25.0,24.0,8,32.0,1,1
381,4,10.0,1,1,25,4.0,25.0,3,6.25,8.33,8.0,9,36.0,1,1
386,4,10.0,1,1,23,3.0,13.0,5,4.33,2.6,4.4,16,69.57,2,0
446,4,10.0,4,4,25,4.0,47.0,1,11.75,47.0,24.0,4,16.0,5,2
451,4,10.0,1,1,18,3.0,24.0,1,8.0,24.0,18.0,5,27.78,2,1
461,4,10.0,1,1,12,2.0,16.0,0,8.0,0.0,inf,3,25.0,2,0
463,4,10.0,1,1,27,4.0,24.0,0,6.0,0.0,inf,11,40.74,2,0
477,4,10.0,1,1,27,4.0,45.0,1,11.25,45.0,24.0,6,22.22,7,0
500,4,10.0,1,1,6,1.0,13.0,0,13.0,0.0,inf,1,16.67,1,1
504,4,10.0,1,1,6,1.0,7.0,1,7.0,7.0,6.0,3,50.0,0,1
558,4,10.0,1,1,25,4.0,30.0,1,7.5,30.0,24.0,9,36.0,2,1
559,4,10.0,1,1,25,4.0,24.0,0,6.0,0.0,inf,12,48.0,2,1
564,4,10.0,4,4,69,11.0,105.0,2,9.55,52.5,33.0,20,28.99,11,4
577,4,10.0,3,3,68,11.0,99.0,3,9.0,33.0,22.0,19,27.94,11,2
586,4,10.0,1,1,18,3.0,21.0,1,7.0,21.0,18.0,5,27.78,1,1
597,4,10.0,1,1,25,4.0,25.0,2,6.25,12.5,12.0,8,32.0,3,0
608,4,10.0,1,1,6,1.0,9.0,0,9.0,0.0,inf,0,0.0,1,0
624,4,10.0,1,1,12,2.0,20.0,0,10.0,0.0,inf,2,16.67,3,0
643,4,10.0,1,1,25,4.0,21.0,1,5.25,21.0,24.0,13,52.0,3,0
654,4,10.0,1,1,12,2.0,6.0,1,3.0,6.0,12.0,6,50.0,0,0
665,4,10.0,1,1,19,3.0,18.0,0,6.0,0.0,inf,5,26.32,1,0
670,4,10.0,4,4,100,16.0,129.0,4,8.06,32.25,24.0,22,22.0,8,5
684,4,10.0,1,1,6,1.0,19.0,1,19.0,19.0,6.0,2,33.33,0,3
689,4,10.0,1,1,18,3.0,20.0,0,6.67,0.0,inf,10,55.56,2,1
692,4,10.0,1,1,25,4.0,28.0,1,7.0,28.0,24.0,9,36.0,4,0
695,4,10.0,6,6,150,25.0,188.0,7,7.52,26.86,19.71,63,42.0,22,7
718,4,10.0,1,1,24,4.0,38.0,2,9.5,19.0,12.0,8,33.33,4,2
739,4,10.0,1,1,29,4.0,37.0,2,9.25,18.5,12.0,10,34.48,2,2
748,4,10.0,1,1,24,4.0,38.0,2,9.5,19.0,12.0,9,37.5,5,1
770,4,10.0,1,1,18,3.0,15.0,0,5.0,0.0,inf,9,50.0,1,1
19,4,11.0,2,2,43,7.0,69.0,4,9.86,17.25,10.5,18,41.86,9,3
83,4,11.0,1,1,24,4.0,50.0,0,12.5,0.0,inf,10,41.67,6,4
86,4,11.0,1,1,28,4.0,26.0,0,6.5,0.0,inf,14,50.0,4,0
122,4,11.0,1,1,13,2.0,23.0,0,11.5,0.0,inf,8,61.54,1,3
149,4,11.0,1,1,25,4.0,40.0,2,10.0,20.0,12.0,7,28.0,5,1
151,4,11.0,1,1,7,1.0,13.0,0,13.0,0.0,inf,1,14.29,1,1
212,4,11.0,1,1,25,4.0,28.0,3,7.0,9.33,8.0,12,48.0,5,0
234,4,11.0,1,1,24,4.0,9.0,4,2.25,2.25,6.0,16,66.67,0,0
251,4,11.0,3,3,73,12.0,81.0,7,6.75,11.57,10.29,32,43.84,6,4
314,4,11.0,1,1,6,1.0,25.0,0,25.0,0.0,inf,0,0.0,1,3
321,4,11.0,3,3,71,11.0,79.0,5,7.18,15.8,13.2,30,42.25,9,2
393,4,11.0,1,1,27,4.0,48.0,2,12.0,24.0,12.0,7,25.93,3,4
426,4,11.0,1,1,12,2.0,24.0,0,12.0,0.0,inf,0,0.0,4,0
477,4,11.0,3,3,63,10.0,69.0,1,6.9,69.0,60.0,34,53.97,7,2
500,4,11.0,3,3,73,12.0,88.0,3,7.33,29.33,24.0,22,30.14,5,2
558,4,11.0,1,1,24,4.0,36.0,0,9.0,0.0,inf,11,45.83,3,3
559,4,11.0,1,1,18,3.0,13.0,1,4.33,13.0,18.0,11,61.11,2,0
573,4,11.0,1,1,24,4.0,23.0,1,5.75,23.0,24.0,11,45.83,3,0
586,4,11.0,1,1,18,3.0,25.0,1,8.33,25.0,18.0,7,38.89,3,1
624,4,11.0,1,1,24,4.0,35.0,0,8.75,0.0,inf,5,20.83,2,2
670,4,11.0,1,1,18,3.0,27.0,0,9.0,0.0,inf,8,44.44,2,2
695,4,11.0,1,1,25,4.0,22.0,1,5.5,22.0,24.0,11,44.0,3,0
731,4,11.0,1,1,18,3.0,33.0,0,11.0,0.0,inf,3,16.67,4,1
739,4,11.0,1,1,20,3.0,29.0,0,9.67,0.0,inf,5,25.0,2,1
748,4,11.0,1,1,19,3.0,21.0,2,7.0,10.5,9.0,9,47.37,3,0
4,4,16.0,1,1,13,2.0,12.0,1,6.0,12.0,12.0,3,23.08,0,0
13,4,16.0,1,1,6,1.0,8.0,0,8.0,0.0,inf,4,66.67,2,0
25,4,16.0,1,1,25,4.0,27.0,0,6.75,0.0,inf,8,32.0,1,1
83,4,16.0,1,1,27,4.0,30.0,1,7.5,30.0,24.0,14,51.85,4,1
90,4,16.0,1,1,12,2.0,12.0,0,6.0,0.0,inf,4,33.33,1,0
111,4,16.0,1,1,24,4.0,17.0,2,4.25,8.5,12.0,9,37.5,0,0
129,4,16.0,1,1,25,4.0,32.0,3,8.0,10.67,8.0,9,36.0,5,0
149,4,16.0,1,1,25,4.0,26.0,1,6.5,26.0,24.0,10,40.0,3,0
161,4,16.0,1,1,18,3.0,34.0,1,11.33,34.0,18.0,3,16.67,1,3
174,4,16.0,2,2,37,6.0,66.0,3,11.0,22.0,12.0,9,24.32,7,3
209,4,16.0,1,1,6,1.0,12.0,0,12.0,0.0,inf,0,0.0,2,0
212,4,16.0,1,1,18,3.0,18.0,0,6.0,0.0,inf,6,33.33,2,0
234,4,16.0,7,7,161,26.0,212.0,8,8.15,26.5,19.75,63,39.13,17,10
250,4,16.0,1,1,24,4.0,31.0,0,7.75,0.0,inf,6,25.0,2,1
251,4,16.0,1,1,12,2.0,17.0,1,8.5,17.0,12.0,2,16.67,2,0
262,4,16.0,1,1,6,1.0,8.0,0,8.0,0.0,inf,1,16.67,1,0
293,4,16.0,1,1,24,4.0,27.0,0,6.75,0.0,inf,8,33.33,3,0
297,4,16.0,1,1,24,4.0,25.0,4,6.25,6.25,6.0,8,33.33,3,0
317,4,16.0,1,1,6,1.0,10.0,0,10.0,0.0,inf,0,0.0,1,0
321,4,16.0,1,1,24,4.0,31.0,1,7.75,31.0,24.0,6,25.0,4,0
343,4,16.0,1,1,24,4.0,24.0,1,6.0,24.0,24.0,5,20.83,0,1
353,4,16.0,1,1,24,4.0,29.0,0,7.25,0.0,inf,7,29.17,3,0
368,4,16.0,1,1,24,4.0,35.0,3,8.75,11.67,8.0,11,45.83,4,2
381,4,16.0,1,1,24,4.0,34.0,2,8.5,17.0,12.0,6,25.0,3,0
383,4,16.0,7,7,170,28.0,185.0,4,6.61,46.25,40.5,74,43.53,23,3
386,4,16.0,1,1,24,4.0,9.0,3,2.25,3.0,8.0,13,54.17,0,0
426,4,16.0,1,1,19,3.0,33.0,2,11.0,16.5,9.0,5,26.32,4,1
441,4,16.0,1,1,6,1.0,20.0,0,20.0,0.0,inf,1,16.67,1,2
446,4,16.0,1,1,9,1.0,20.0,0,20.0,0.0,inf,1,11.11,1,1
463,4,16.0,1,1,24,4.0,30.0,1,7.5,30.0,24.0,9,37.5,4,0
474,4,16.0,1,1,6,1.0,23.0,0,23.0,0.0,inf,0,0.0,2,2
477,4,16.0,1,1,24,4.0,29.0,0,7.25,0.0,inf,9,37.5,4,0
497,4,16.0,1,1,12,2.0,13.0,0,6.5,0.0,inf,6,50.0,1,0
500,4,16.0,1,1,25,4.0,29.0,4,7.25,7.25,6.0,9,36.0,2,1
504,4,16.0,1,1,6,1.0,4.0,0,4.0,0.0,inf,2,33.33,0,0
536,4,16.0,1,1,25,4.0,21.0,2,5.25,10.5,12.0,13,52.0,0,1
545,4,16.0,1,1,18,3.0,24.0,0,8.0,0.0,inf,3,16.67,3,0
548,4,16.0,1,1,12,2.0,13.0,0,6.5,0.0,inf,3,25.0,0,1
558,4,16.0,1,1,19,3.0,26.0,0,8.67,0.0,inf,4,21.05,4,0
559,4,16.0,7,7,170,28.0,190.0,8,6.79,23.75,20.25,75,44.12,26,2
573,4,16.0,3,3,32,5.0,54.0,0,10.8,0.0,inf,9,28.12,2,5
577,4,16.0,1,1,24,4.0,29.0,2,7.25,14.5,12.0,6,25.0,1,1
586,4,16.0,4,4,90,15.0,118.0,3,7.87,39.33,29.67,27,30.0,9,3
654,4,16.0,1,1,19,3.0,19.0,0,6.33,0.0,inf,4,21.05,1,0
660,4,16.0,1,1,25,4.0,38.0,1,9.5,38.0,24.0,5,20.0,3,1
665,4,16.0,1,1,14,2.0,20.0,1,10.0,20.0,12.0,4,28.57,2,0
670,4,16.0,1,1,19,3.0,29.0,1,9.67,29.0,18.0,5,26.32,3,1
689,4,16.0,1,1,24,4.0,35.0,1,8.75,35.0,24.0,10,41.67,7,0
695,4,16.0,1,1,24,4.0,37.0,0,9.25,0.0,inf,9,37.5,6,1
714,4,16.0,1,1,24,4.0,15.0,3,3.75,5.0,8.0,13,54.17,1,0
718,4,16.0,1,1,19,3.0,27.0,0,9.0,0.0,inf,6,31.58,4,0
735,4,16.0,1,1,12,2.0,22.0,0,11.0,0.0,inf,2,16.67,0,2
748,4,16.0,7,7,159,26.0,214.0,5,8.23,42.8,29.6,48,30.19,20,7
756,4,16.0,1,1,24,4.0,26.0,2,6.5,13.0,12.0,7,29.17,1,1
757,4,16.0,1,1,6,1.0,14.0,0,14.0,0.0,inf,0,0.0,1,1
1,4,17.0,1,1,6,1.0,7.0,0,7.0,0.0,inf,3,50.0,1,0
6,4,17.0,2,2,25,4.0,32.0,0,8.0,0.0,inf,6,24.0,0,2
11,4,17.0,2,2,35,5.0,43.0,2,8.6,21.5,16.5,15,42.86,6,1
19,4,17.0,1,1,26,4.0,34.0,1,8.5,34.0,24.0,8,30.77,4,0
22,4,17.0,1,1,6,1.0,18.0,0,18.0,0.0,inf,3,50.0,0,3
166,4,17.0,1,1,8,1.0,15.0,1,15.0,15.0,8.0,4,50.0,2,1
210,4,17.0,2,2,48,8.0,54.0,2,6.75,27.0,23.5,23,47.92,6,2
251,4,17.0,1,1,26,4.0,30.0,1,7.5,30.0,24.0,10,38.46,0,2
321,4,17.0,1,1,26,4.0,42.0,1,10.5,42.0,24.0,6,23.08,3,2
423,4,17.0,2,2,36,6.0,39.0,4,6.5,9.75,9.0,18,50.0,3,2
448,4,17.0,1,1,25,4.0,32.0,2,8.0,16.0,12.0,8,32.0,3,1
461,4,17.0,1,1,6,1.0,12.0,0,12.0,0.0,inf,2,33.33,1,1
497,4,17.0,1,1,12,2.0,32.0,1,16.0,32.0,12.0,2,16.67,2,3
541,4,17.0,1,1,22,3.0,36.0,0,12.0,0.0,inf,9,40.91,4,2
597,4,17.0,1,1,19,3.0,28.0,0,9.33,0.0,inf,8,42.11,4,1
607,4,17.0,1,1,6,1.0,10.0,0,10.0,0.0,inf,3,50.0,1,1
692,4,17.0,2,2,50,8.0,42.0,5,5.25,8.4,9.6,33,66.0,5,2
731,4,17.0,1,1,26,4.0,36.0,0,9.0,0.0,inf,9,34.62,2,2
4,4,18.0,1,1,26,4.0,31.0,0,7.75,0.0,inf,8,30.77,3,0
6,4,18.0,1,1,18,3.0,24.0,1,8.0,24.0,18.0,9,50.0,3,1
74,4,18.0,6,6,128,21.0,151.0,1,7.19,151.0,120.0,38,29.69,12,3
90,4,18.0,1,1,7,1.0,5.0,0,5.0,0.0,inf,3,42.86,0,0
105,4,18.0,1,1,24,4.0,41.0,1,10.25,41.0,24.0,5,20.83,5,1
111,4,18.0,1,1,6,1.0,9.0,0,9.0,0.0,inf,2,33.33,1,0
129,4,18.0,1,1,25,4.0,23.0,0,5.75,0.0,inf,10,40.0,3,0
134,4,18.0,1,1,23,3.0,34.0,1,11.33,34.0,21.0,9,39.13,5,1
137,4,18.0,1,1,24,4.0,24.0,2,6.0,12.0,12.0,10,41.67,3,0
151,4,18.0,1,1,18,3.0,17.0,0,5.67,0.0,inf,6,33.33,1,0
166,4,18.0,1,1,12,2.0,23.0,0,11.5,0.0,inf,2,16.67,1,2
212,4,18.0,1,1,19,3.0,32.0,1,10.67,32.0,18.0,8,42.11,2,3
223,4,18.0,1,1,19,3.0,21.0,1,7.0,21.0,18.0,6,31.58,2,0
230,4,18.0,1,1,3,0.0,0.0,2,,0.0,1.5,3,100.0,0,0
240,4,18.0,1,1,12,2.0,11.0,0,5.5,0.0,inf,4,33.33,1,0
250,4,18.0,7,7,146,24.0,162.0,6,6.75,27.0,24.0,59,40.41,14,5
262,4,18.0,5,5,68,11.0,81.0,2,7.36,40.5,33.0,25,36.76,8,2
293,4,18.0,1,1,18,3.0,20.0,0,6.67,0.0,inf,8,44.44,0,1
326,4,18.0,1,1,25,4.0,41.0,0,10.25,0.0,inf,4,16.0,3,2
340,4,18.0,1,1,12,2.0,23.0,0,11.5,0.0,inf,3,25.0,3,1
343,4,18.0,1,1,24,4.0,13.0,3,3.25,4.33,8.0,17,70.83,0,1
357,4,18.0,1,1,25,4.0,22.0,3,5.5,7.33,8.0,12,48.0,1,0
368,4,18.0,6,6,133,22.0,153.0,5,6.95,30.6,25.8,56,42.11,22,1
381,4,18.0,1,1,12,2.0,14.0,0,7.0,0.0,inf,3,25.0,0,1
386,4,18.0,1,1,24,4.0,20.0,1,5.0,20.0,24.0,14,58.33,3,0
393,4,18.0,1,1,25,4.0,26.0,1,6.5,26.0,24.0,11,44.0,2,1
414,4,18.0,1,1,21,3.0,22.0,0,7.33,0.0,inf,8,38.1,2,1
449,4,18.0,1,1,25,4.0,36.0,1,9.0,36.0,24.0,7,28.0,3,1
451,4,18.0,1,1,24,4.0,25.0,0,6.25,0.0,inf,9,37.5,1,1
461,4,18.0,1,1,6,1.0,9.0,0,9.0,0.0,inf,1,16.67,1,0
463,4,18.0,1,1,26,4.0,29.0,0,7.25,0.0,inf,8,30.77,2,0
510,4,18.0,1,1,6,1.0,11.0,0,11.0,0.0,inf,0,0.0,0,1
521,4,18.0,1,1,13,2.0,21.0,0,10.5,0.0,inf,2,15.38,1,1
536,4,18.0,7,7,171,28.0,165.0,8,5.89,20.62,21.0,75,43.86,16,2
541,4,18.0,1,1,25,4.0,40.0,2,10.0,20.0,12.0,9,36.0,6,1
542,4,18.0,1,1,25,4.0,30.0,0,7.5,0.0,inf,6,24.0,2,0
558,4,18.0,1,1,24,4.0,34.0,3,8.5,11.33,8.0,9,37.5,4,1
597,4,18.0,1,1,18,3.0,27.0,0,9.0,0.0,inf,5,27.78,4,0
624,4,18.0,1,1,20,3.0,23.0,1,7.67,23.0,18.0,8,40.0,1,0
643,4,18.0,1,1,24,4.0,15.0,0,3.75,0.0,inf,14,58.33,1,0
654,4,18.0,1,1,6,1.0,4.0,2,4.0,2.0,3.0,3,50.0,0,0
665,4,18.0,1,1,13,2.0,16.0,0,8.0,0.0,inf,4,30.77,0,1
687,4,18.0,1,1,18,3.0,22.0,0,7.33,0.0,inf,4,22.22,1,1
689,4,18.0,1,1,24,4.0,18.0,2,4.5,9.0,12.0,17,70.83,3,0
692,4,18.0,1,1,12,2.0,11.0,0,5.5,0.0,inf,4,33.33,1,0
695,4,18.0,1,1,24,4.0,11.0,1,2.75,11.0,24.0,13,54.17,0,0
714,4,18.0,7,7,135,22.0,175.0,6,7.95,29.17,22.0,40,29.63,14,6
718,4,18.0,1,1,26,4.0,31.0,0,7.75,0.0,inf,10,38.46,2,2
743,4,18.0,1,1,26,4.0,31.0,2,7.75,15.5,12.0,7,26.92,1,2
756,4,18.0,1,1,6,1.0,12.0,0,12.0,0.0,inf,0,0.0,2,0
768,4,18.0,1,1,20,3.0,28.0,0,9.33,0.0,inf,10,50.0,2,2
770,4,18.0,1,1,25,4.0,28.0,1,7.0,28.0,24.0,10,40.0,2,1
4,4,22.0,1,1,19,3.0,21.0,0,7.0,0.0,inf,6,31.58,2,0
6,4,22.0,5,5,80,13.0,101.0,2,7.77,50.5,39.0,28,35.0,4,6
11,4,22.0,1,1,24,4.0,21.0,0,5.25,0.0,inf,9,37.5,1,0
58,4,22.0,1,1,25,4.0,25.0,2,6.25,12.5,12.0,12,48.0,3,0
105,4,22.0,1,1,23,3.0,20.0,3,6.67,6.67,7.67,9,39.13,0,1
117,4,22.0,1,1,7,1.0,13.0,0,13.0,0.0,inf,1,14.29,0,1
129,4,22.0,1,1,24,4.0,28.0,1,7.0,28.0,24.0,7,29.17,2,1
137,4,22.0,1,1,24,4.0,31.0,2,7.75,15.5,12.0,10,41.67,2,2
147,4,22.0,1,1,13,2.0,22.0,0,11.0,0.0,inf,4,30.77,2,1
151,4,22.0,1,1,12,2.0,14.0,1,7.0,14.0,12.0,4,33.33,2,0
174,4,22.0,1,1,18,3.0,19.0,1,6.33,19.0,18.0,8,44.44,3,0
210,4,22.0,4,4,93,15.0,84.0,3,5.6,28.0,28.0,44,47.31,9,2
212,4,22.0,1,1,25,4.0,27.0,2,6.75,13.5,12.0,10,40.0,3,0
223,4,22.0,1,1,12,2.0,17.0,0,8.5,0.0,inf,8,66.67,1,2
234,4,22.0,1,1,24,4.0,12.0,1,3.0,12.0,24.0,11,45.83,0,0
240,4,22.0,2,2,49,8.0,62.0,2,7.75,31.0,24.0,13,26.53,8,0
254,4,22.0,2,2,30,5.0,44.0,1,8.8,44.0,30.0,9,30.0,3,2
333,4,22.0,1,1,14,2.0,19.0,0,9.5,0.0,inf,3,21.43,1,0
353,4,22.0,1,1,24,4.0,17.0,1,4.25,17.0,24.0,11,45.83,1,0
357,4,22.0,1,1,18,3.0,18.0,1,6.0,18.0,18.0,8,44.44,3,0
381,4,22.0,1,1,12,2.0,16.0,0,8.0,0.0,inf,3,25.0,2,0
383,4,22.0,1,1,19,3.0,12.0,5,4.0,2.4,3.6,12,63.16,2,0
439,4,22.0,1,1,20,3.0,38.0,0,12.67,0.0,inf,5,25.0,5,1
461,4,22.0,4,4,48,8.0,58.0,4,7.25,14.5,12.0,21,43.75,3,4
463,4,22.0,1,1,25,4.0,42.0,0,10.5,0.0,inf,9,36.0,5,2
542,4,22.0,1,1,18,3.0,30.0,0,10.0,0.0,inf,4,22.22,1,2
559,4,22.0,1,1,23,3.0,16.0,3,5.33,5.33,7.0,16,69.57,3,0
564,4,22.0,1,1,18,3.0,28.0,0,9.33,0.0,inf,8,44.44,4,1
577,4,22.0,1,1,24,4.0,23.0,2,5.75,11.5,12.0,7,29.17,0,1
597,4,22.0,5,5,113,18.0,136.0,7,7.56,19.43,16.0,45,39.82,18,2
609,4,22.0,1,1,19,3.0,31.0,1,10.33,31.0,18.0,5,26.32,4,1
654,4,22.0,1,1,19,3.0,16.0,1,5.33,16.0,18.0,6,31.58,1,0
692,4,22.0,5,5,123,20.0,147.0,4,7.35,36.75,28.5,50,40.65,19,1
695,4,22.0,1,1,24,4.0,18.0,3,4.5,6.0,8.0,12,50.0,2,0
735,4,22.0,1,1,24,4.0,30.0,1,7.5,30.0,24.0,7,29.17,2,1
739,4,22.0,1,1,7,1.0,19.0,0,19.0,0.0,inf,2,28.57,1,2
748,4,22.0,1,1,19,3.0,12.0,0,4.0,0.0,inf,11,57.89,1,0
756,4,22.0,1,1,18,3.0,22.0,1,7.33,22.0,18.0,2,11.11,0,1
768,4,22.0,1,1,24,4.0,27.0,0,6.75,0.0,inf,10,41.67,0,2
4,4,23.0,1,1,6,1.0,9.0,0,9.0,0.0,inf,1,16.67,1,0
6,4,23.0,1,1,25,4.0,25.0,2,6.25,12.5,12.0,10,40.0,1,1
25,4,23.0,1,1,24,4.0,32.0,2,8.0,16.0,12.0,12,50.0,5,1
58,4,23.0,3,3,50,8.0,71.0,2,8.88,35.5,24.0,12,24.0,5,3
74,4,23.0,1,1,25,4.0,20.0,0,5.0,0.0,inf,12,48.0,2,0
97,4,23.0,1,1,24,4.0,20.0,1,5.0,20.0,24.0,12,50.0,1,1
129,4,23.0,1,1,29,4.0,53.0,0,13.25,0.0,inf,5,17.24,7,0
137,4,23.0,1,1,19,3.0,12.0,2,4.0,6.0,9.0,12,63.16,1,0
151,4,23.0,1,1,6,1.0,9.0,0,9.0,0.0,inf,0,0.0,1,0
155,4,23.0,2,2,13,2.0,23.0,0,11.5,0.0,inf,4,30.77,1,2
176,4,23.0,1,1,13,2.0,14.0,0,7.0,0.0,inf,2,15.38,1,0
223,4,23.0,1,1,13,2.0,14.0,0,7.0,0.0,inf,5,38.46,2,0
234,4,23.0,1,1,24,4.0,19.0,2,4.75,9.5,12.0,11,45.83,2,0
251,4,23.0,1,1,22,3.0,29.0,0,9.67,0.0,inf,7,31.82,2,1
254,4,23.0,1,1,24,4.0,29.0,1,7.25,29.0,24.0,8,33.33,0,2
293,4,23.0,1,1,19,3.0,26.0,0,8.67,0.0,inf,5,26.32,2,1
321,4,23.0,1,1,13,2.0,13.0,0,6.5,0.0,inf,6,46.15,1,0
353,4,23.0,1,1,25,4.0,28.0,1,7.0,28.0,24.0,10,40.0,2,1
357,4,23.0,1,1,6,1.0,6.0,0,6.0,0.0,inf,3,50.0,1,0
368,4,23.0,1,1,6,1.0,7.0,0,7.0,0.0,inf,3,50.0,1,0
381,4,23.0,7,7,153,25.0,137.0,8,5.48,17.12,18.75,77,50.33,15,3
383,4,23.0,1,1,18,3.0,27.0,0,9.0,0.0,inf,5,27.78,5,0
386,4,23.0,1,1,25,4.0,23.0,0,5.75,0.0,inf,9,36.0,1,1
448,4,23.0,1,1,14,2.0,9.0,0,4.5,0.0,inf,5,35.71,0,0
463,4,23.0,5,5,115,19.0,117.0,2,6.16,58.5,55.0,46,40.0,12,2
477,4,23.0,1,1,12,2.0,14.0,0,7.0,0.0,inf,7,58.33,3,0
500,4,23.0,1,1,12,2.0,13.0,0,6.5,0.0,inf,5,41.67,2,0
536,4,23.0,1,1,24,4.0,17.0,1,4.25,17.0,24.0,9,37.5,0,0
541,4,23.0,1,1,28,4.0,29.0,1,7.25,29.0,23.0,13,46.43,3,1
542,4,23.0,1,1,12,2.0,14.0,0,7.0,0.0,inf,4,33.33,2,0
558,4,23.0,1,1,19,3.0,37.0,2,12.33,18.5,9.0,4,21.05,3,2
559,4,23.0,1,1,25,4.0,33.0,1,8.25,33.0,24.0,11,44.0,6,0
573,4,23.0,1,1,12,2.0,23.0,1,11.5,23.0,12.0,5,41.67,0,3
586,4,23.0,1,1,25,4.0,26.0,0,6.5,0.0,inf,9,36.0,3,0
593,4,23.0,1,1,6,1.0,9.0,0,9.0,0.0,inf,1,16.67,1,0
595,4,23.0,1,1,18,3.0,33.0,0,11.0,0.0,inf,1,5.56,2,2
597,4,23.0,1,1,24,4.0,21.0,1,5.25,21.0,24.0,10,41.67,1,0
604,4,23.0,1,1,7,1.0,7.0,0,7.0,0.0,inf,0,0.0,0,0
608,4,23.0,1,1,24,4.0,35.0,2,8.75,17.5,12.0,7,29.17,2,2
624,4,23.0,1,1,13,2.0,9.0,0,4.5,0.0,inf,5,38.46,0,0
654,4,23.0,7,7,130,21.0,133.0,6,6.33,22.17,21.0,55,42.31,12,4
665,4,23.0,1,1,12,2.0,23.0,0,11.5,0.0,inf,1,8.33,4,0
684,4,23.0,1,1,12,2.0,19.0,0,9.5,0.0,inf,2,16.67,3,0
692,4,23.0,1,1,24,4.0,25.0,2,6.25,12.5,12.0,10,41.67,4,0
714,4,23.0,1,1,6,1.0,8.0,0,8.0,0.0,inf,1,16.67,1,0
718,4,23.0,7,7,159,26.0,217.0,6,8.35,36.17,25.0,47,29.56,22,6
731,4,23.0,1,1,24,4.0,22.0,2,5.5,11.0,12.0,11,45.83,2,0
735,4,23.0,1,1,13,2.0,15.0,0,7.5,0.0,inf,3,23.08,1,0
743,4,23.0,4,4,87,14.0,104.0,5,7.43,20.8,17.0,31,35.63,8,4
748,4,23.0,1,1,13,2.0,19.0,0,9.5,0.0,inf,3,23.08,3,0
756,4,23.0,6,6,109,18.0,111.0,5,6.17,22.2,21.6,36,33.03,10,1
768,4,23.0,1,1,25,4.0,18.0,1,4.5,18.0,24.0,10,40.0,1,0
4,4,27.0,1,1,12,2.0,18.0,0,9.0,0.0,inf,3,25.0,3,0
6,4,27.0,1,1,25,4.0,28.0,1,7.0,28.0,24.0,8,32.0,1,1
13,4,27.0,4,4,72,12.0,86.0,3,7.17,28.67,22.0,28,38.89,10,2
111,4,27.0,6,6,96,16.0,112.0,7,7.0,16.0,13.71,37,38.54,7,5
134,4,27.0,1,1,25,4.0,42.0,2,10.5,21.0,12.0,10,40.0,4,3
137,4,27.0,1,1,24,4.0,29.0,1,7.25,29.0,24.0,11,45.83,0,3
207,4,27.0,5,5,70,11.0,83.0,4,7.55,20.75,17.0,25,35.71,6,3
209,4,27.0,1,1,6,1.0,14.0,0,14.0,0.0,inf,3,50.0,0,2
210,4,27.0,1,1,22,3.0,21.0,0,7.0,0.0,inf,8,36.36,2,0
212,4,27.0,1,1,19,3.0,28.0,0,9.33,0.0,inf,7,36.84,1,2
230,4,27.0,1,1,18,3.0,16.0,0,5.33,0.0,inf,8,44.44,2,0
234,4,27.0,1,1,25,4.0,26.0,2,6.5,13.0,12.0,8,32.0,1,1
251,4,27.0,1,1,6,1.0,12.0,0,12.0,0.0,inf,3,50.0,1,1
257,4,27.0,1,1,7,1.0,11.0,0,11.0,0.0,inf,1,14.29,0,1
259,4,27.0,1,1,25,4.0,20.0,0,5.0,0.0,inf,12,48.0,2,0
293,4,27.0,1,1,18,3.0,17.0,1,5.67,17.0,18.0,10,55.56,1,1
297,4,27.0,2,2,25,4.0,37.0,0,9.25,0.0,inf,6,24.0,5,1
313,4,27.0,1,1,19,3.0,26.0,1,8.67,26.0,18.0,7,36.84,4,0
317,4,27.0,1,1,21,3.0,27.0,1,9.0,27.0,19.0,8,38.1,3,1
326,4,27.0,3,3,56,9.0,67.0,1,7.44,67.0,53.0,22,39.29,4,3
343,4,27.0,7,7,158,26.0,147.0,6,5.65,24.5,26.0,66,41.77,10,3
357,4,27.0,1,1,25,4.0,21.0,3,5.25,7.0,8.0,14,56.0,1,1
381,4,27.0,1,1,19,3.0,12.0,1,4.0,12.0,18.0,11,57.89,0,1
383,4,27.0,1,1,18,3.0,19.0,0,6.33,0.0,inf,10,55.56,3,0
386,4,27.0,1,1,27,4.0,25.0,3,6.25,8.33,8.0,13,48.15,1,1
403,4,27.0,1,1,6,1.0,7.0,0,7.0,0.0,inf,4,66.67,0,1
414,4,27.0,2,2,50,8.0,61.0,2,7.62,30.5,24.0,20,40.0,2,4
423,4,27.0,1,1,13,2.0,14.0,2,7.0,7.0,6.0,6,46.15,2,0
426,4,27.0,1,1,18,3.0,26.0,1,8.67,26.0,18.0,8,44.44,5,0
439,4,27.0,1,1,26,4.0,33.0,1,8.25,33.0,24.0,11,42.31,2,2
451,4,27.0,1,1,25,4.0,39.0,2,9.75,19.5,12.0,9,36.0,2,3
463,4,27.0,1,1,24,4.0,28.0,0,7.0,0.0,inf,10,41.67,4,0
477,4,27.0,1,1,19,3.0,28.0,1,9.33,28.0,18.0,8,42.11,2,2
517,4,27.0,2,2,36,6.0,33.0,0,5.5,0.0,inf,14,38.89,1,1
542,4,27.0,1,1,12,2.0,15.0,0,7.5,0.0,inf,5,41.67,2,0
545,4,27.0,2,2,31,5.0,29.0,1,5.8,29.0,30.0,16,51.61,2,1
559,4,27.0,1,1,25,4.0,23.0,1,5.75,23.0,24.0,9,36.0,2,0
564,4,27.0,1,1,26,4.0,36.0,0,9.0,0.0,inf,8,30.77,5,0
573,4,27.0,1,1,12,2.0,19.0,1,9.5,19.0,12.0,5,41.67,2,1
586,4,27.0,1,1,24,4.0,35.0,2,8.75,17.5,12.0,14,58.33,1,4
597,4,27.0,1,1,21,3.0,15.0,1,5.0,15.0,18.0,9,42.86,1,0
654,4,27.0,1,1,24,4.0,23.0,2,5.75,11.5,12.0,8,33.33,2,0
660,4,27.0,5,5,111,18.0,135.0,6,7.5,22.5,17.33,49,44.14,17,1
665,4,27.0,1,1,24,4.0,36.0,1,9.0,36.0,24.0,8,33.33,1,3
670,4,27.0,1,1,25,4.0,26.0,1,6.5,26.0,24.0,9,36.0,1,1
677,4,27.0,1,1,4,0.0,2.0,0,inf,0.0,inf,2,50.0,0,0
678,4,27.0,1,1,18,3.0,19.0,0,6.33,0.0,inf,9,50.0,3,0
689,4,27.0,1,1,24,4.0,30.0,1,7.5,30.0,24.0,8,33.33,3,1
692,4,27.0,1,1,18,3.0,30.0,0,10.0,0.0,inf,7,38.89,3,1
718,4,27.0,1,1,7,1.0,7.0,2,7.0,3.5,3.0,2,28.57,0,0
743,4,27.0,1,1,25,4.0,16.0,2,4.0,8.0,12.0,13,52.0,1,0
748,4,27.0,1,1,18,3.0,13.0,2,4.33,6.5,9.0,14,77.78,1,1
756,4,27.0,1,1,13,2.0,11.0,0,5.5,0.0,inf,7,53.85,0,0
768,4,27.0,1,1,24,4.0,42.0,1,10.5,42.0,23.0,7,29.17,3,3
770,4,27.0,6,6,124,20.0,186.0,5,9.3,37.2,23.4,45,36.29,20,7
4,4,28.0,1,1,25,4.0,18.0,2,4.5,9.0,12.0,14,56.0,2,0
6,4,28.0,1,1,25,4.0,29.0,0,7.25,0.0,inf,7,28.0,3,0
13,4,28.0,1,1,12,2.0,9.0,1,4.5,9.0,12.0,5,41.67,1,0
25,4,28.0,3,3,49,8.0,54.0,2,6.75,27.0,24.0,15,30.61,7,1
74,4,28.0,1,1,25,4.0,19.0,3,4.75,6.33,8.0,12,48.0,2,0
90,4,28.0,2,2,12,2.0,24.0,0,12.0,0.0,inf,0,0.0,3,0
111,4,28.0,1,1,6,1.0,5.0,0,5.0,0.0,inf,2,33.33,0,0
122,4,28.0,1,1,22,3.0,27.0,3,9.0,9.0,6.0,7,31.82,2,1
129,4,28.0,1,1,26,4.0,31.0,2,7.75,15.5,12.0,15,57.69,2,3
137,4,28.0,2,2,50,8.0,59.0,1,7.38,59.0,48.0,17,34.0,3,3
151,4,28.0,1,1,13,2.0,19.0,0,9.5,0.0,inf,3,23.08,3,0
176,4,28.0,1,1,21,3.0,31.0,1,10.33,31.0,18.0,8,38.1,4,1
207,4,28.0,1,1,12,2.0,15.0,0,7.5,0.0,inf,1,8.33,1,0
212,4,28.0,1,1,25,4.0,23.0,1,5.75,23.0,24.0,15,60.0,4,0
223,4,28.0,2,2,48,8.0,59.0,1,7.38,59.0,48.0,22,45.83,7,2
230,4,28.0,2,2,18,3.0,30.0,0,10.0,0.0,inf,3,16.67,1,2
234,4,28.0,1,1,24,4.0,18.0,1,4.5,18.0,24.0,10,41.67,1,0
240,4,28.0,1,1,25,4.0,38.0,0,9.5,0.0,inf,7,28.0,3,2
250,4,28.0,1,1,25,4.0,24.0,0,6.0,0.0,inf,7,28.0,2,0
251,4,28.0,1,1,24,4.0,37.0,2,9.25,18.5,12.0,6,25.0,4,1
254,4,28.0,1,1,6,1.0,12.0,0,12.0,0.0,inf,2,33.33,1,1
259,4,28.0,4,4,88,14.0,104.0,5,7.43,20.8,16.8,27,30.68,10,1
262,4,28.0,1,1,6,1.0,12.0,0,12.0,0.0,inf,1,16.67,2,0
293,4,28.0,7,7,161,26.0,179.0,11,6.88,16.27,14.18,60,37.27,17,4
294,4,28.0,1,1,20,3.0,34.0,0,11.33,0.0,inf,5,25.0,3,2
321,4,28.0,1,1,24,4.0,33.0,2,8.25,16.5,12.0,7,29.17,5,0
326,4,28.0,1,1,25,4.0,29.0,0,7.25,0.0,inf,6,24.0,1,1
343,4,28.0,1,1,18,3.0,14.0,1,4.67,14.0,18.0,8,44.44,1,0
353,4,28.0,1,1,22,3.0,42.0,0,14.0,0.0,inf,4,18.18,4,2
357,4,28.0,2,2,51,8.0,50.0,3,6.25,16.67,16.0,23,45.1,5,1
368,4,28.0,1,1,12,2.0,20.0,1,10.0,20.0,12.0,5,41.67,2,1
381,4,28.0,1,1,18,3.0,23.0,0,7.67,0.0,inf,7,38.89,4,0
383,4,28.0,1,1,25,4.0,30.0,2,7.5,15.0,12.0,11,44.0,3,1
386,4,28.0,8,8,200,33.0,205.0,12,6.21,17.08,15.67,89,44.5,24,3
396,4,28.0,2,2,18,3.0,27.0,0,9.0,0.0,inf,2,11.11,0,2
403,4,28.0,2,2,18,3.0,34.0,1,11.33,34.0,18.0,6,33.33,4,2
448,4,28.0,1,1,25,4.0,22.0,1,5.5,22.0,24.0,11,44.0,2,0
449,4,28.0,1,1,21,3.0,28.0,1,9.33,28.0,18.0,5,23.81,2,1
451,4,28.0,1,1,24,4.0,28.0,1,7.0,28.0,24.0,5,20.83,1,1
461,4,28.0,1,1,19,3.0,29.0,1,9.67,29.0,18.0,6,31.58,2,2
463,4,28.0,1,1,24,4.0,37.0,1,9.25,37.0,24.0,8,33.33,4,1
477,4,28.0,1,1,18,3.0,28.0,0,9.33,0.0,inf,6,33.33,4,1
500,4,28.0,1,1,6,1.0,10.0,0,10.0,0.0,inf,1,16.67,0,1
536,4,28.0,1,1,24,4.0,30.0,1,7.5,30.0,24.0,4,16.67,2,0
542,4,28.0,1,1,24,4.0,37.0,1,9.25,37.0,24.0,6,25.0,2,2
558,4,28.0,1,1,18,3.0,32.0,1,10.67,32.0,18.0,7,38.89,2,3
573,4,28.0,1,1,12,2.0,3.0,1,1.5,3.0,12.0,9,75.0,0,0
577,4,28.0,1,1,24,4.0,31.0,0,7.75,0.0,inf,7,29.17,2,1
586,4,28.0,1,1,24,4.0,16.0,0,4.0,0.0,inf,16,66.67,1,1
597,4,28.0,1,1,27,4.0,48.0,0,12.0,0.0,inf,6,22.22,6,2
607,4,28.0,1,1,24,4.0,17.0,0,4.25,0.0,inf,14,58.33,2,0
608,4,28.0,3,3,27,4.0,46.0,1,11.5,46.0,25.0,7,25.93,4,2
624,4,28.0,1,1,25,4.0,19.0,0,4.75,0.0,inf,10,40.0,1,0
643,4,28.0,2,2,49,8.0,55.0,2,6.88,27.5,24.0,22,44.9,5,2
654,4,28.0,1,1,12,2.0,18.0,0,9.0,0.0,inf,4,33.33,4,0
660,4,28.0,1,1,24,4.0,28.0,0,7.0,0.0,inf,8,33.33,4,0
665,4,28.0,8,8,131,21.0,188.0,5,8.95,37.6,24.6,36,27.48,20,5
670,4,28.0,1,1,24,4.0,45.0,1,11.25,45.0,24.0,7,29.17,6,2
689,4,28.0,8,8,173,28.0,197.0,11,7.04,17.91,15.45,73,42.2,27,3
692,4,28.0,1,1,24,4.0,15.0,0,3.75,0.0,inf,10,41.67,1,0
695,4,28.0,1,1,27,4.0,49.0,1,12.25,49.0,24.0,7,25.93,8,1
705,4,28.0,1,1,6,1.0,15.0,0,15.0,0.0,inf,0,0.0,1,1
714,4,28.0,1,1,6,1.0,9.0,0,9.0,0.0,inf,1,16.67,1,0
718,4,28.0,1,1,12,2.0,16.0,0,8.0,0.0,inf,4,33.33,2,0
731,4,28.0,1,1,24,4.0,26.0,0,6.5,0.0,inf,9,37.5,2,1
739,4,28.0,1,1,20,3.0,32.0,1,10.67,32.0,18.0,6,30.0,2,2
743,4,28.0,1,1,20,3.0,24.0,2,8.0,12.0,10.0,8,40.0,2,1
748,4,28.0,1,1,21,3.0,21.0,0,7.0,0.0,inf,7,33.33,1,1
756,4,28.0,1,1,6,1.0,9.0,0,9.0,0.0,inf,2,33.33,0,1
770,4,28.0,1,1,24,4.0,16.0,1,4.0,16.0,24.0,14,58.33,2,0
4,5,3.0,1,1,12,2.0,7.0,2,3.5,3.5,6.0,8,66.67,1,0
6,5,3.0,1,1,12,2.0,15.0,1,7.5,15.0,12.0,3,25.0,2,0
11,5,3.0,1,1,25,4.0,45.0,1,11.25,45.0,24.0,5,20.0,5,2
14,5,3.0,1,1,25,4.0,20.0,3,5.0,6.67,8.0,10,40.0,1,0
63,5,3.0,1,1,12,2.0,10.0,1,5.0,10.0,12.0,5,41.67,1,0
64,5,3.0,1,1,25,4.0,54.0,1,13.5,54.0,24.0,8,32.0,2,6
97,5,3.0,1,1,18,3.0,27.0,0,9.0,0.0,inf,4,22.22,0,2
104,5,3.0,1,1,25,4.0,36.0,1,9.0,36.0,24.0,11,44.0,3,2
122,5,3.0,1,1,25,4.0,44.0,1,11.0,44.0,23.0,6,24.0,5,2
129,5,3.0,7,7,174,29.0,213.0,5,7.34,42.6,33.6,71,40.8,25,6
134,5,3.0,1,1,27,4.0,28.0,1,7.0,28.0,24.0,6,22.22,0,1
137,5,3.0,1,1,18,3.0,18.0,1,6.0,18.0,18.0,5,27.78,2,0
151,5,3.0,1,1,6,1.0,13.0,0,13.0,0.0,inf,1,16.67,1,1
212,5,3.0,1,1,24,4.0,47.0,0,11.75,0.0,inf,5,20.83,6,2
223,5,3.0,1,1,24,4.0,31.0,2,7.75,15.5,12.0,7,29.17,2,2
224,5,3.0,4,4,85,14.0,110.0,3,7.86,36.67,28.0,31,36.47,10,4
234,5,3.0,1,1,24,4.0,28.0,2,7.0,14.0,12.0,7,29.17,1,1
250,5,3.0,1,1,24,4.0,30.0,1,7.5,30.0,24.0,12,50.0,1,3
251,5,3.0,1,1,19,3.0,35.0,1,11.67,35.0,18.0,7,36.84,2,3
259,5,3.0,1,1,26,4.0,46.0,3,11.5,15.33,8.0,8,30.77,5,2
274,5,3.0,3,3,37,6.0,72.0,1,12.0,72.0,36.0,7,18.92,3,6
293,5,3.0,2,2,37,6.0,53.0,1,8.83,53.0,36.0,15,40.54,3,4
317,5,3.0,1,1,6,1.0,16.0,0,16.0,0.0,inf,0,0.0,0,2
321,5,3.0,1,1,12,2.0,21.0,1,10.5,21.0,12.0,5,41.67,3,1
333,5,3.0,1,1,6,1.0,14.0,0,14.0,0.0,inf,2,33.33,0,2
340,5,3.0,1,1,24,4.0,18.0,2,4.5,9.0,12.0,14,58.33,2,0
343,5,3.0,1,1,12,2.0,35.0,0,17.5,0.0,inf,1,8.33,0,5
353,5,3.0,5,5,115,19.0,133.0,4,7.0,33.25,28.5,30,26.09,9,2
364,5,3.0,1,1,12,2.0,5.0,1,2.5,5.0,12.0,7,58.33,0,0
368,5,3.0,1,1,23,3.0,43.0,2,14.33,21.5,11.5,8,34.78,6,1
380,5,3.0,1,1,26,4.0,48.0,0,12.0,0.0,inf,4,15.38,5,2
386,5,3.0,2,2,51,8.0,70.0,0,8.75,0.0,inf,14,27.45,6,2
400,5,3.0,1,1,19,3.0,34.0,1,11.33,34.0,18.0,3,15.79,3,2
449,5,3.0,1,1,18,3.0,10.0,2,3.33,5.0,9.0,10,55.56,1,0
451,5,3.0,1,1,24,4.0,26.0,1,6.5,26.0,24.0,8,33.33,2,0
463,5,3.0,1,1,24,4.0,21.0,0,5.25,0.0,inf,17,70.83,1,2
477,5,3.0,1,1,24,4.0,8.0,0,2.0,0.0,inf,16,66.67,0,0
479,5,3.0,1,1,24,4.0,35.0,1,8.75,35.0,24.0,6,25.0,2,2
504,5,3.0,1,1,6,1.0,11.0,0,11.0,0.0,inf,1,16.67,2,0
515,5,3.0,2,2,36,6.0,36.0,3,6.0,12.0,12.0,14,38.89,4,0
538,5,3.0,1,1,29,4.0,45.0,1,11.25,45.0,24.0,12,41.38,4,3
542,5,3.0,1,1,25,4.0,25.0,1,6.25,25.0,24.0,11,44.0,3,0
545,5,3.0,1,1,24,4.0,27.0,0,6.75,0.0,inf,10,41.67,4,0
558,5,3.0,1,1,18,3.0,48.0,0,16.0,0.0,inf,5,27.78,10,1
559,5,3.0,1,1,18,3.0,30.0,0,10.0,0.0,inf,9,50.0,3,2
564,5,3.0,1,1,12,2.0,8.0,0,4.0,0.0,inf,5,41.67,1,0
597,5,3.0,6,6,146,24.0,196.0,5,8.17,39.2,28.6,54,36.99,18,9
604,5,3.0,1,1,21,3.0,24.0,1,8.0,24.0,18.0,2,9.52,1,0
608,5,3.0,1,1,6,1.0,12.0,1,12.0,12.0,6.0,2,33.33,1,1
624,5,3.0,3,3,30,5.0,66.0,0,13.2,0.0,inf,5,16.67,7,4
634,5,3.0,2,2,18,3.0,16.0,0,5.33,0.0,inf,9,50.0,2,0
665,5,3.0,2,2,39,6.0,46.0,2,7.67,23.0,18.0,12,30.77,6,0
684,5,3.0,1,1,12,2.0,9.0,0,4.5,0.0,inf,2,16.67,0,0
689,5,3.0,1,1,28,4.0,54.0,1,13.5,54.0,24.0,11,39.29,4,4
692,5,3.0,2,2,49,8.0,57.0,1,7.12,57.0,48.0,20,40.82,8,1
695,5,3.0,1,1,25,4.0,30.0,2,7.5,15.0,12.0,9,36.0,2,1
703,5,3.0,1,1,24,4.0,19.0,1,4.75,19.0,24.0,8,33.33,1,0
714,5,3.0,1,1,25,4.0,25.0,4,6.25,6.25,6.0,8,32.0,0,1
718,5,3.0,1,1,25,4.0,18.0,4,4.5,4.5,6.0,13,52.0,2,0
735,5,3.0,2,2,18,3.0,41.0,0,13.67,0.0,inf,4,22.22,4,3
737,5,3.0,1,1,25,4.0,32.0,3,8.0,10.67,8.0,10,40.0,2,2
739,5,3.0,1,1,19,3.0,33.0,0,11.0,0.0,inf,5,26.32,5,1
743,5,3.0,1,1,21,3.0,21.0,2,7.0,10.5,9.0,3,14.29,1,0
756,5,3.0,1,1,24,4.0,30.0,0,7.5,0.0,inf,6,25.0,2,1
768,5,3.0,5,5,123,20.0,125.0,6,6.25,20.83,20.0,41,33.33,6,4
4,5,7.0,1,1,18,3.0,23.0,0,7.67,0.0,inf,3,16.67,2,0
14,5,7.0,4,4,95,15.0,129.0,4,8.6,32.25,23.0,28,29.47,15,1
64,5,7.0,1,1,18,3.0,22.0,0,7.33,0.0,inf,7,38.89,3,0
74,5,7.0,1,1,26,4.0,22.0,2,5.5,11.0,12.0,15,57.69,4,0
119,5,7.0,1,1,6,1.0,3.0,0,3.0,0.0,inf,3,50.0,0,0
129,5,7.0,1,1,24,4.0,25.0,2,6.25,12.5,12.0,10,41.67,1,0
134,5,7.0,1,1,18,3.0,18.0,1,6.0,18.0,18.0,10,55.56,2,0
174,5,7.0,1,1,25,4.0,40.0,1,10.0,40.0,24.0,8,32.0,5,1
207,5,7.0,1,1,12,2.0,12.0,0,6.0,0.0,inf,5,41.67,1,0
224,5,7.0,1,1,25,4.0,44.0,1,11.0,44.0,24.0,5,20.0,6,1
234,5,7.0,1,1,18,3.0,31.0,1,10.33,31.0,18.0,5,27.78,2,2
241,5,7.0,2,2,49,8.0,48.0,5,6.0,9.6,9.6,19,38.78,4,1
250,5,7.0,1,1,25,4.0,21.0,2,5.25,10.5,12.0,9,36.0,2,0
251,5,7.0,6,6,139,23.0,174.0,7,7.57,24.86,19.71,47,33.81,7,9
255,5,7.0,1,1,24,4.0,24.0,2,6.0,12.0,12.0,11,45.83,2,1
257,5,7.0,1,1,6,1.0,13.0,0,13.0,0.0,inf,2,33.33,3,0
293,5,7.0,1,1,21,3.0,29.0,0,9.67,0.0,inf,2,9.52,0,1
321,5,7.0,2,2,48,8.0,66.0,4,8.25,16.5,12.0,17,35.42,8,2
343,5,7.0,1,1,18,3.0,17.0,1,5.67,17.0,18.0,6,33.33,0,1
345,5,7.0,3,3,57,9.0,95.0,2,10.56,47.5,27.0,15,26.32,8,4
353,5,7.0,1,1,25,4.0,24.0,0,6.0,0.0,inf,6,24.0,1,0
364,5,7.0,1,1,22,3.0,27.0,0,9.0,0.0,inf,11,50.0,5,0
380,5,7.0,5,5,126,21.0,166.0,8,7.9,20.75,15.0,44,34.92,13,7
422,5,7.0,1,1,24,4.0,36.0,1,9.0,36.0,24.0,9,37.5,5,1
463,5,7.0,1,1,25,4.0,26.0,2,6.5,13.0,12.0,9,36.0,3,0
477,5,7.0,6,6,147,24.0,165.0,1,6.88,165.0,138.0,58,39.46,21,1
479,5,7.0,1,1,18,3.0,20.0,1,6.67,20.0,18.0,9,50.0,3,0
515,5,7.0,1,1,25,4.0,25.0,2,6.25,12.5,12.0,4,16.0,0,1
541,5,7.0,1,1,28,4.0,18.0,2,4.5,9.0,12.0,13,46.43,1,0
559,5,7.0,1,1,24,4.0,26.0,2,6.5,13.0,12.0,10,41.67,4,0
597,5,7.0,1,1,24,4.0,40.0,1,10.0,40.0,24.0,8,33.33,5,1
607,5,7.0,1,1,18,3.0,32.0,0,10.67,0.0,inf,6,33.33,3,2
608,5,7.0,1,1,7,1.0,5.0,1,5.0,5.0,6.0,3,42.86,0,0
618,5,7.0,1,1,25,4.0,47.0,0,11.75,0.0,inf,5,20.0,3,3
654,5,7.0,1,1,6,1.0,7.0,0,7.0,0.0,inf,2,33.33,1,0
665,5,7.0,1,1,18,3.0,27.0,0,9.0,0.0,inf,5,27.78,2,1
684,5,7.0,1,1,7,1.0,14.0,0,14.0,0.0,inf,0,0.0,1,1
689,5,7.0,1,1,25,4.0,41.0,0,10.25,0.0,inf,10,40.0,1,4
692,5,7.0,1,1,25,4.0,27.0,1,6.75,27.0,24.0,11,44.0,4,0
714,5,7.0,1,1,24,4.0,28.0,1,7.0,28.0,24.0,8,33.33,2,1
718,5,7.0,1,1,24,4.0,20.0,1,5.0,20.0,24.0,9,37.5,1,0
731,5,7.0,2,2,46,7.0,66.0,0,9.43,0.0,inf,7,15.22,7,1
748,5,7.0,1,1,24,4.0,31.0,2,7.75,15.5,12.0,8,33.33,3,1
756,5,7.0,1,1,25,4.0,23.0,1,5.75,23.0,24.0,5,20.0,0,0
757,5,7.0,1,1,6,1.0,8.0,1,8.0,8.0,6.0,2,33.33,1,0
4,5,8.0,2,2,51,8.0,55.0,3,6.88,18.33,16.0,17,33.33,5,1
6,5,8.0,8,8,108,18.0,151.0,2,8.39,75.5,51.0,23,21.3,6,7
14,5,8.0,1,1,24,4.0,25.0,3,6.25,8.33,8.0,8,33.33,2,0
25,5,8.0,1,1,13,2.0,17.0,0,8.5,0.0,inf,5,38.46,1,1
44,5,8.0,1,1,19,3.0,47.0,0,15.67,0.0,inf,0,0.0,4,3
64,5,8.0,1,1,24,4.0,23.0,2,5.75,11.5,12.0,8,33.33,2,0
66,5,8.0,1,1,6,1.0,21.0,0,21.0,0.0,inf,1,16.67,2,2
86,5,8.0,2,2,46,7.0,91.0,2,13.0,45.5,22.0,17,36.96,11,4
104,5,8.0,1,1,13,2.0,16.0,1,8.0,16.0,12.0,3,23.08,1,0
105,5,8.0,1,1,18,3.0,17.0,0,5.67,0.0,inf,7,38.89,1,0
116,5,8.0,1,1,24,4.0,30.0,0,7.5,0.0,inf,8,33.33,4,0
129,5,8.0,1,1,25,4.0,32.0,1,8.0,32.0,24.0,7,28.0,4,0
137,5,8.0,10,10,237,39.0,267.0,9,6.85,29.67,25.67,90,37.97,14,11
151,5,8.0,1,1,12,2.0,36.0,0,18.0,0.0,inf,1,8.33,3,3
168,5,8.0,1,1,24,4.0,23.0,2,5.75,11.5,12.0,9,37.5,1,0
212,5,8.0,1,1,12,2.0,15.0,1,7.5,15.0,12.0,5,41.67,1,1
223,5,8.0,8,8,193,32.0,207.0,10,6.47,20.7,18.0,69,35.75,18,4
230,5,8.0,4,4,37,6.0,56.0,1,9.33,56.0,36.0,9,24.32,4,3
234,5,8.0,1,1,12,2.0,18.0,1,9.0,18.0,12.0,2,16.67,0,1
245,5,8.0,1,1,24,4.0,33.0,1,8.25,33.0,24.0,6,25.0,1,2
251,5,8.0,1,1,25,4.0,20.0,2,5.0,10.0,12.0,11,44.0,1,0
255,5,8.0,2,2,48,8.0,61.0,1,7.62,61.0,48.0,13,27.08,2,2
257,5,8.0,1,1,18,3.0,13.0,1,4.33,13.0,18.0,8,44.44,0,0
262,5,8.0,1,1,12,2.0,10.0,0,5.0,0.0,inf,7,58.33,0,1
293,5,8.0,1,1,26,4.0,24.0,0,6.0,0.0,inf,6,23.08,1,0
313,5,8.0,3,3,63,10.0,56.0,4,5.6,14.0,15.0,32,50.79,7,0
326,5,8.0,1,1,24,4.0,24.0,0,6.0,0.0,inf,9,37.5,1,1
343,5,8.0,1,1,24,4.0,28.0,0,7.0,0.0,inf,9,37.5,1,1
353,5,8.0,1,1,24,4.0,30.0,0,7.5,0.0,inf,9,37.5,1,2
356,5,8.0,1,1,12,2.0,13.0,0,6.5,0.0,inf,3,25.0,1,0
357,5,8.0,4,4,86,14.0,119.0,6,8.5,19.83,13.83,37,43.02,16,4
364,5,8.0,1,1,24,4.0,39.0,3,9.75,13.0,8.0,8,33.33,4,2
368,5,8.0,1,1,25,4.0,45.0,0,11.25,0.0,inf,2,8.0,6,0
380,5,8.0,1,1,25,4.0,34.0,0,8.5,0.0,inf,5,20.0,4,0
381,5,8.0,2,2,24,4.0,27.0,0,6.75,0.0,inf,10,41.67,2,1
386,5,8.0,1,1,25,4.0,16.0,2,4.0,8.0,11.5,13,52.0,0,0
400,5,8.0,1,1,19,3.0,35.0,2,11.67,17.5,9.0,5,26.32,3,2
448,5,8.0,1,1,6,1.0,11.0,0,11.0,0.0,inf,3,50.0,1,1
449,5,8.0,10,10,231,38.0,289.0,9,7.61,32.11,24.44,66,28.57,23,8
463,5,8.0,2,2,49,8.0,76.0,1,9.5,76.0,48.0,15,30.61,5,4
477,5,8.0,1,1,25,4.0,40.0,1,10.0,40.0,24.0,8,32.0,2,3
479,5,8.0,1,1,6,1.0,12.0,0,12.0,0.0,inf,1,16.67,2,0
484,5,8.0,1,1,6,1.0,7.0,0,7.0,0.0,inf,1,16.67,0,0
538,5,8.0,4,4,96,16.0,100.0,7,6.25,14.29,12.86,40,41.67,9,2
542,5,8.0,10,10,151,25.0,221.0,4,8.84,55.25,37.5,39,25.83,15,10
545,5,8.0,1,1,19,3.0,37.0,0,12.33,0.0,inf,6,31.58,5,1
559,5,8.0,1,1,24,4.0,25.0,0,6.25,0.0,inf,10,41.67,2,0
564,5,8.0,2,2,43,7.0,51.0,1,7.29,51.0,42.0,15,34.88,7,0
586,5,8.0,1,1,24,4.0,17.0,2,4.25,8.5,12.0,9,37.5,1,0
597,5,8.0,1,1,27,4.0,53.0,1,13.25,53.0,24.0,6,22.22,4,3
608,5,8.0,1,1,12,2.0,18.0,1,9.0,18.0,12.0,2,16.67,3,0
654,5,8.0,2,2,13,2.0,27.0,0,13.5,0.0,inf,2,15.38,3,1
662,5,8.0,1,1,12,2.0,35.0,0,17.5,0.0,inf,0,0.0,2,3
665,5,8.0,1,1,26,4.0,15.0,2,3.75,7.5,12.0,11,42.31,0,0
684,5,8.0,1,1,6,1.0,3.0,1,3.0,3.0,6.0,2,33.33,0,0
695,5,8.0,1,1,24,4.0,31.0,0,7.75,0.0,inf,12,50.0,4,1
699,5,8.0,1,1,8,1.0,11.0,0,11.0,0.0,inf,0,0.0,1,0
703,5,8.0,1,1,24,4.0,18.0,1,4.5,18.0,24.0,9,37.5,1,0
714,5,8.0,1,1,24,4.0,30.0,0,7.5,0.0,inf,2,8.33,1,1
731,5,8.0,1,1,12,2.0,13.0,0,6.5,0.0,inf,8,66.67,1,1
743,5,8.0,1,1,19,3.0,25.0,1,8.33,25.0,18.0,5,26.32,1,1
748,5,8.0,1,1,25,4.0,35.0,1,8.75,35.0,24.0,5,20.0,2,1
756,5,8.0,2,2,37,6.0,45.0,1,7.5,45.0,36.0,6,16.22,3,0
757,5,8.0,1,1,12,2.0,20.0,0,10.0,0.0,inf,3,25.0,3,0
768,5,8.0,1,1,24,4.0,21.0,3,5.25,7.0,8.0,10,41.67,1,0
4,5,9.0,1,1,12,2.0,16.0,0,8.0,0.0,inf,2,16.67,2,0
64,5,9.0,1,1,25,4.0,41.0,1,10.25,41.0,24.0,3,12.0,3,2
104,5,9.0,1,1,19,3.0,32.0,1,10.67,32.0,18.0,3,15.79,0,2
122,5,9.0,1,1,13,2.0,11.0,1,5.5,11.0,12.0,4,30.77,0,0
203,5,9.0,1,1,18,3.0,39.0,0,13.0,0.0,inf,1,5.56,2,3
234,5,9.0,2,2,43,7.0,47.0,1,6.71,47.0,42.0,16,37.21,4,1
255,5,9.0,1,1,24,4.0,26.0,2,6.5,13.0,12.0,10,41.67,2,1
326,5,9.0,1,1,12,2.0,16.0,0,8.0,0.0,inf,4,33.33,1,1
330,5,9.0,1,1,8,1.0,8.0,0,8.0,0.0,inf,0,0.0,0,0
356,5,9.0,2,2,36,6.0,28.0,2,4.67,14.0,18.0,16,44.44,0,1
364,5,9.0,1,1,18,3.0,33.0,1,11.0,33.0,18.0,5,27.78,6,0
400,5,9.0,2,2,49,8.0,66.0,1,8.25,66.0,48.0,18,36.73,9,1
463,5,9.0,1,1,24,4.0,15.0,1,3.75,15.0,24.0,15,62.5,2,0
504,5,9.0,1,1,6,1.0,9.0,1,9.0,9.0,6.0,3,50.0,2,0
545,5,9.0,1,1,24,4.0,22.0,1,5.5,22.0,24.0,6,25.0,1,0
559,5,9.0,2,2,50,8.0,70.0,2,8.75,35.0,24.0,20,40.0,12,0
573,5,9.0,2,2,22,3.0,26.0,0,8.67,0.0,inf,5,22.73,1,1
654,5,9.0,1,1,12,2.0,19.0,0,9.5,0.0,inf,1,8.33,1,1
660,5,9.0,1,1,24,4.0,25.0,1,6.25,25.0,24.0,11,45.83,3,0
718,5,9.0,1,1,24,4.0,22.0,2,5.5,11.0,12.0,8,33.33,1,0
756,5,9.0,1,1,25,4.0,26.0,1,6.5,26.0,24.0,5,20.0,1,0
4,5,10.0,1,1,24,4.0,20.0,2,5.0,10.0,12.0,11,45.83,2,0
6,5,10.0,1,1,12,2.0,19.0,0,9.5,0.0,inf,2,16.67,1,1
11,5,10.0,1,1,19,3.0,30.0,3,10.0,10.0,6.0,7,36.84,3,1
14,5,10.0,1,1,25,4.0,34.0,0,8.5,0.0,inf,9,36.0,6,0
34,5,10.0,1,1,19,3.0,31.0,0,10.33,0.0,inf,5,26.32,4,1
64,5,10.0,1,1,24,4.0,26.0,0,6.5,0.0,inf,9,37.5,2,1
66,5,10.0,1,1,6,1.0,9.0,0,9.0,0.0,inf,3,50.0,2,0
86,5,10.0,3,3,73,12.0,77.0,4,6.42,19.25,17.5,28,38.36,8,1
105,5,10.0,1,1,24,4.0,15.0,0,3.75,0.0,inf,11,45.83,0,0
116,5,10.0,1,1,25,4.0,41.0,0,10.25,0.0,inf,7,28.0,4,2
119,5,10.0,1,1,24,4.0,37.0,3,9.25,12.33,8.0,11,45.83,3,3
129,5,10.0,1,1,24,4.0,38.0,3,9.5,12.67,8.0,8,33.33,3,2
137,5,10.0,1,1,20,3.0,21.0,1,7.0,21.0,20.0,5,25.0,0,1
140,5,10.0,3,3,40,6.0,53.0,0,8.83,0.0,inf,10,25.0,3,2
156,5,10.0,1,1,25,4.0,42.0,1,10.5,42.0,24.0,5,20.0,4,1
168,5,10.0,1,1,25,4.0,19.0,0,4.75,0.0,inf,11,44.0,0,1
203,5,10.0,1,1,24,4.0,27.0,2,6.75,13.5,12.0,5,20.83,1,1
207,5,10.0,1,1,6,1.0,18.0,0,18.0,0.0,inf,1,16.67,1,2
209,5,10.0,2,2,12,2.0,26.0,0,13.0,0.0,inf,3,25.0,4,1
212,5,10.0,8,8,191,31.0,246.0,4,7.94,61.5,46.5,71,37.17,30,6
223,5,10.0,1,1,12,2.0,24.0,0,12.0,0.0,inf,6,50.0,4,1
224,5,10.0,1,1,24,4.0,33.0,0,8.25,0.0,inf,6,25.0,3,1
234,5,10.0,1,1,13,2.0,26.0,0,13.0,0.0,inf,5,38.46,1,3
245,5,10.0,2,2,36,6.0,61.0,1,10.17,61.0,36.0,11,30.56,5,4
251,5,10.0,1,1,24,4.0,33.0,1,8.25,33.0,24.0,10,41.67,3,2
255,5,10.0,1,1,25,4.0,23.0,2,5.75,11.5,12.0,14,56.0,1,1
293,5,10.0,1,1,24,4.0,42.0,0,10.5,0.0,inf,7,29.17,4,2
326,5,10.0,1,1,19,3.0,25.0,1,8.33,25.0,18.0,5,26.32,2,1
340,5,10.0,1,1,24,4.0,25.0,2,6.25,12.5,12.0,11,45.83,4,0
343,5,10.0,1,1,12,2.0,20.0,0,10.0,0.0,inf,3,25.0,2,1
345,5,10.0,1,1,18,3.0,22.0,0,7.33,0.0,inf,4,22.22,2,0
356,5,10.0,1,1,14,2.0,18.0,0,9.0,0.0,inf,6,42.86,1,1
357,5,10.0,1,1,12,2.0,18.0,0,9.0,0.0,inf,3,25.0,3,0
368,5,10.0,1,1,25,4.0,41.0,2,10.25,20.5,12.0,6,24.0,4,2
380,5,10.0,1,1,24,4.0,22.0,3,5.5,7.33,8.0,14,58.33,4,0
386,5,10.0,1,1,26,4.0,31.0,2,7.75,15.5,12.0,10,38.46,4,0
400,5,10.0,1,1,24,4.0,31.0,1,7.75,31.0,24.0,9,37.5,3,1
446,5,10.0,1,1,7,1.0,10.0,0,10.0,0.0,inf,1,14.29,1,0
449,5,10.0,1,1,6,1.0,5.0,0,5.0,0.0,inf,3,50.0,0,0
451,5,10.0,6,6,141,23.0,166.0,5,7.22,33.2,27.6,44,31.21,11,6
463,5,10.0,1,1,25,4.0,39.0,1,9.75,39.0,24.0,8,32.0,5,1
477,5,10.0,1,1,24,4.0,28.0,1,7.0,28.0,24.0,10,41.67,3,1
479,5,10.0,1,1,13,2.0,32.0,0,16.0,0.0,inf,1,7.69,1,3
542,5,10.0,1,1,18,3.0,23.0,0,7.67,0.0,inf,6,33.33,3,0
559,5,10.0,1,1,24,4.0,19.0,2,4.75,9.5,12.0,12,50.0,2,0
564,5,10.0,8,8,193,32.0,250.0,9,7.81,27.78,20.0,74,38.34,24,9
573,5,10.0,1,1,18,3.0,33.0,0,11.0,0.0,inf,5,27.78,1,3
577,5,10.0,3,3,69,11.0,107.0,1,9.73,107.0,66.0,12,17.39,10,3
597,5,10.0,1,1,25,4.0,35.0,2,8.75,17.5,12.0,9,36.0,3,2
607,5,10.0,1,1,25,4.0,31.0,1,7.75,31.0,24.0,8,32.0,4,0
665,5,10.0,1,1,7,1.0,23.0,0,23.0,0.0,inf,0,0.0,2,2
692,5,10.0,1,1,25,4.0,41.0,0,10.25,0.0,inf,6,24.0,5,1
695,5,10.0,7,7,175,29.0,206.0,11,7.1,18.73,15.27,64,36.57,24,2
703,5,10.0,1,1,24,4.0,31.0,1,7.75,31.0,24.0,7,29.17,1,2
735,5,10.0,1,1,7,1.0,11.0,0,11.0,0.0,inf,2,28.57,2,0
748,5,10.0,1,1,26,4.0,35.0,1,8.75,35.0,24.0,8,30.77,4,1
756,5,10.0,1,1,24,4.0,26.0,0,6.5,0.0,inf,7,29.17,1,1
768,5,10.0,1,1,25,4.0,44.0,1,11.0,44.0,24.0,2,8.0,4,2
770,5,10.0,1,1,24,4.0,22.0,3,5.5,7.33,8.0,13,54.17,3,0
14,5,11.0,2,2,45,7.0,51.0,4,7.29,12.75,11.0,27,60.0,5,3
86,5,11.0,1,1,25,4.0,25.0,0,6.25,0.0,inf,11,44.0,2,1
116,5,11.0,1,1,25,4.0,51.0,1,12.75,51.0,24.0,5,20.0,10,0
137,5,11.0,1,1,24,4.0,27.0,0,6.75,0.0,inf,10,41.67,4,0
212,5,11.0,1,1,24,4.0,25.0,0,6.25,0.0,inf,12,50.0,1,2
223,5,11.0,1,1,23,3.0,28.0,1,9.33,28.0,21.0,10,43.48,5,0
251,5,11.0,2,2,31,5.0,40.0,0,8.0,0.0,inf,12,38.71,5,1
321,5,11.0,2,2,49,8.0,43.0,3,5.38,14.33,16.0,26,53.06,6,0
380,5,11.0,2,2,42,7.0,52.0,2,7.43,26.0,21.0,24,57.14,3,5
449,5,11.0,1,1,18,3.0,18.0,2,6.0,9.0,9.0,9,50.0,3,0
477,5,11.0,2,2,49,8.0,51.0,2,6.38,25.5,24.0,28,57.14,5,2
538,5,11.0,1,1,24,4.0,20.0,1,5.0,20.0,24.0,15,62.5,4,0
564,5,11.0,1,1,24,4.0,19.0,3,4.75,6.33,8.0,14,58.33,1,1
684,5,11.0,1,1,18,3.0,23.0,0,7.67,0.0,inf,6,33.33,0,2
695,5,11.0,1,1,25,4.0,20.0,4,5.0,5.0,6.0,16,64.0,2,0
699,5,11.0,1,1,12,2.0,27.0,0,13.5,0.0,inf,2,16.67,2,2
11,5,16.0,1,1,18,3.0,12.0,1,4.0,12.0,18.0,11,61.11,1,0
14,5,16.0,1,1,26,4.0,31.0,0,7.75,0.0,inf,8,30.77,3,0
74,5,16.0,1,1,12,2.0,14.0,0,7.0,0.0,inf,5,41.67,2,0
86,5,16.0,1,1,24,4.0,30.0,2,7.5,15.0,12.0,12,50.0,6,0
104,5,16.0,4,4,74,12.0,110.0,5,9.17,22.0,14.4,24,32.43,8,6
112,5,16.0,1,1,24,4.0,29.0,0,7.25,0.0,inf,9,37.5,4,0
116,5,16.0,1,1,24,4.0,39.0,0,9.75,0.0,inf,8,33.33,6,1
129,5,16.0,1,1,24,4.0,30.0,2,7.5,15.0,12.0,9,37.5,3,1
174,5,16.0,3,3,76,12.0,86.0,1,7.17,86.0,72.0,32,42.11,7,4
191,5,16.0,1,1,24,4.0,20.0,1,5.0,20.0,24.0,12,50.0,1,1
212,5,16.0,1,1,24,4.0,46.0,0,11.5,0.0,inf,9,37.5,7,2
224,5,16.0,1,1,24,4.0,26.0,0,6.5,0.0,inf,7,29.17,3,0
234,5,16.0,4,4,86,14.0,110.0,4,7.86,27.5,21.0,28,32.56,5,5
250,5,16.0,1,1,25,4.0,30.0,1,7.5,30.0,24.0,8,32.0,1,1
251,5,16.0,1,1,24,4.0,33.0,1,8.25,33.0,24.0,7,29.17,1,2
254,5,16.0,1,1,18,3.0,32.0,0,10.67,0.0,inf,3,16.67,3,1
257,5,16.0,1,1,12,2.0,12.0,0,6.0,0.0,inf,4,33.33,1,0
356,5,16.0,1,1,6,1.0,16.0,0,16.0,0.0,inf,1,16.67,0,2
380,5,16.0,1,1,25,4.0,27.0,2,6.75,13.5,12.0,10,40.0,2,1
400,5,16.0,3,3,75,12.0,102.0,4,8.5,25.5,18.0,25,33.33,11,3
451,5,16.0,1,1,24,4.0,39.0,0,9.75,0.0,inf,5,20.83,1,3
477,5,16.0,1,1,24,4.0,15.0,2,3.75,7.5,12.0,12,50.0,1,0
504,5,16.0,2,2,25,4.0,35.0,2,8.75,17.5,12.0,8,32.0,3,2
541,5,16.0,1,1,26,4.0,35.0,0,8.75,0.0,inf,10,38.46,4,1
559,5,16.0,2,2,48,8.0,24.0,5,3.0,4.8,9.6,30,62.5,1,0
573,5,16.0,1,1,13,2.0,13.0,0,6.5,0.0,inf,4,30.77,1,0
597,5,16.0,1,1,26,4.0,22.0,3,5.5,7.33,8.0,11,42.31,0,1
618,5,16.0,1,1,23,3.0,43.0,0,14.33,0.0,inf,10,43.48,4,3
684,5,16.0,1,1,6,1.0,2.0,2,2.0,1.0,3.0,4,66.67,0,0
695,5,16.0,1,1,25,4.0,32.0,1,8.0,32.0,24.0,8,32.0,3,1
714,5,16.0,1,1,26,4.0,20.0,2,5.0,10.0,12.0,12,46.15,1,0
735,5,16.0,1,1,7,1.0,6.0,0,6.0,0.0,inf,1,14.29,0,0
757,5,16.0,1,1,6,1.0,8.0,1,8.0,8.0,6.0,1,16.67,1,0
768,5,16.0,1,1,25,4.0,30.0,1,7.5,30.0,24.0,10,40.0,0,3
771,5,16.0,1,1,12,2.0,15.0,0,7.5,0.0,inf,4,33.33,2,0
4,5,18.0,1,1,25,4.0,35.0,0,8.75,0.0,inf,9,36.0,6,0
6,5,18.0,1,1,24,4.0,21.0,1,5.25,21.0,24.0,9,37.5,2,0
64,5,18.0,1,1,24,4.0,23.0,3,5.75,7.67,8.0,13,54.17,3,0
66,5,18.0,1,1,12,2.0,15.0,0,7.5,0.0,inf,3,25.0,2,0
74,5,18.0,4,4,81,13.0,97.0,4,7.46,24.25,19.5,38,46.91,15,2
122,5,18.0,1,1,26,4.0,45.0,1,11.25,45.0,24.0,4,15.38,6,1
129,5,18.0,1,1,26,4.0,30.0,1,7.5,30.0,24.0,8,30.77,4,0
137,5,18.0,1,1,12,2.0,13.0,1,6.5,13.0,12.0,5,41.67,0,1
168,5,18.0,3,3,76,12.0,89.0,7,7.42,12.71,10.29,25,32.89,8,3
191,5,18.0,3,3,60,10.0,66.0,4,6.6,16.5,15.0,27,45.0,2,5
207,5,18.0,1,1,6,1.0,15.0,0,15.0,0.0,inf,2,33.33,2,1
212,5,18.0,1,1,12,2.0,22.0,0,11.0,0.0,inf,4,33.33,5,0
223,5,18.0,1,1,19,3.0,19.0,0,6.33,0.0,inf,12,63.16,4,0
224,5,18.0,1,1,25,4.0,32.0,2,8.0,16.0,12.0,9,36.0,3,1
234,5,18.0,1,1,25,4.0,32.0,3,8.0,10.67,8.0,6,24.0,1,2
245,5,18.0,1,1,25,4.0,18.0,4,4.5,4.5,6.0,13,52.0,1,0
250,5,18.0,5,5,122,20.0,147.0,3,7.35,49.0,40.0,34,27.87,14,2
251,5,18.0,1,1,24,4.0,33.0,1,8.25,33.0,24.0,8,33.33,6,0
255,5,18.0,1,1,24,4.0,29.0,0,7.25,0.0,inf,8,33.33,1,1
259,5,18.0,1,1,27,4.0,18.0,3,4.5,6.0,8.0,15,55.56,1,0
262,5,18.0,1,1,2,0.0,10.0,0,inf,0.0,inf,0,0.0,1,1
274,5,18.0,1,1,25,4.0,19.0,4,4.75,4.75,6.0,14,56.0,2,0
293,5,18.0,1,1,19,3.0,31.0,0,10.33,0.0,inf,8,42.11,3,2
303,5,18.0,1,1,25,4.0,41.0,2,10.25,20.5,12.0,6,24.0,4,2
326,5,18.0,1,1,26,4.0,39.0,0,9.75,0.0,inf,7,26.92,1,2
340,5,18.0,4,4,79,13.0,127.0,3,9.77,42.33,26.0,32,40.51,19,4
343,5,18.0,1,1,18,3.0,31.0,0,10.33,0.0,inf,3,16.67,5,0
345,5,18.0,1,1,20,3.0,23.0,1,7.67,23.0,18.0,7,35.0,3,0
353,5,18.0,1,1,24,4.0,20.0,0,5.0,0.0,inf,9,37.5,1,0
356,5,18.0,1,1,25,4.0,33.0,0,8.25,0.0,inf,6,24.0,2,1
368,5,18.0,4,4,83,13.0,123.0,3,9.46,41.0,26.0,25,30.12,9,5
381,5,18.0,1,1,12,2.0,16.0,0,8.0,0.0,inf,2,16.67,1,0
386,5,18.0,1,1,25,4.0,32.0,1,8.0,32.0,24.0,6,24.0,3,0
423,5,18.0,2,2,12,2.0,21.0,1,10.5,21.0,12.0,2,16.67,2,1
448,5,18.0,1,1,26,4.0,28.0,0,7.0,0.0,inf,7,26.92,1,0
449,5,18.0,1,1,20,3.0,38.0,0,12.67,0.0,inf,3,15.0,5,1
451,5,18.0,1,1,25,4.0,33.0,0,8.25,0.0,inf,6,24.0,3,1
463,5,18.0,1,1,25,4.0,29.0,2,7.25,14.5,12.0,14,56.0,2,2
477,5,18.0,1,1,26,4.0,42.0,0,10.5,0.0,inf,6,23.08,7,0
479,5,18.0,1,1,24,4.0,29.0,1,7.25,29.0,24.0,9,37.5,3,0
500,5,18.0,1,1,6,1.0,16.0,0,16.0,0.0,inf,1,16.67,2,1
538,5,18.0,1,1,24,4.0,8.0,2,2.0,4.0,12.0,15,62.5,0,0
541,5,18.0,3,3,79,13.0,85.0,1,6.54,85.0,67.0,28,35.44,6,1
545,5,18.0,1,1,24,4.0,33.0,0,8.25,0.0,inf,8,33.33,4,1
559,5,18.0,1,1,22,3.0,44.0,0,14.67,0.0,inf,6,27.27,9,0
564,5,18.0,1,1,25,4.0,28.0,1,7.0,28.0,24.0,5,20.0,2,0
597,5,18.0,1,1,24,4.0,37.0,0,9.25,0.0,inf,6,25.0,5,0
607,5,18.0,3,3,67,11.0,80.0,5,7.27,16.0,13.2,23,34.33,9,2
608,5,18.0,1,1,6,1.0,6.0,0,6.0,0.0,inf,1,16.67,0,0
634,5,18.0,1,1,12,2.0,13.0,0,6.5,0.0,inf,5,41.67,0,1
654,5,18.0,1,1,13,2.0,28.0,0,14.0,0.0,inf,3,23.08,1,3
665,5,18.0,1,1,21,3.0,29.0,1,9.67,29.0,18.0,7,33.33,2,2
692,5,18.0,1,1,22,3.0,32.0,0,10.67,0.0,inf,8,36.36,4,1
695,5,18.0,1,1,24,4.0,23.0,1,5.75,23.0,24.0,10,41.67,3,0
699,5,18.0,1,1,27,4.0,21.0,2,5.25,10.5,12.0,10,37.04,1,0
703,5,18.0,4,4,99,16.0,134.0,4,8.38,33.5,24.0,28,28.28,10,2
714,5,18.0,7,7,169,28.0,207.0,6,7.39,34.5,27.0,58,34.32,18,5
748,5,18.0,1,1,26,4.0,43.0,1,10.75,43.0,24.0,7,26.92,4,2
756,5,18.0,1,1,24,4.0,27.0,1,6.75,27.0,24.0,6,25.0,2,0
757,5,18.0,2,2,18,3.0,30.0,0,10.0,0.0,inf,2,11.11,3,0
4,5,23.0,7,7,143,23.0,191.0,4,8.3,47.75,34.5,39,27.27,21,4
6,5,23.0,1,1,24,4.0,39.0,1,9.75,39.0,24.0,7,29.17,4,2
37,5,23.0,1,1,12,2.0,14.0,0,7.0,0.0,inf,4,33.33,2,0
58,5,23.0,1,1,18,3.0,32.0,0,10.67,0.0,inf,2,11.11,1,2
63,5,23.0,1,1,7,1.0,12.0,0,12.0,0.0,inf,1,14.29,0,1
105,5,23.0,1,1,19,3.0,28.0,2,9.33,14.0,9.0,8,42.11,2,2
129,5,23.0,1,1,25,4.0,48.0,1,12.0,48.0,24.0,8,32.0,5,3
134,5,23.0,1,1,13,2.0,28.0,0,14.0,0.0,inf,3,23.08,2,2
137,5,23.0,1,1,24,4.0,26.0,1,6.5,26.0,24.0,5,20.83,2,0
212,5,23.0,1,1,6,1.0,9.0,0,9.0,0.0,inf,3,50.0,2,0
224,5,23.0,1,1,18,3.0,35.0,0,11.67,0.0,inf,3,16.67,1,3
230,5,23.0,1,1,12,2.0,17.0,0,8.5,0.0,inf,3,25.0,1,1
241,5,23.0,1,1,24,4.0,34.0,1,8.5,34.0,24.0,7,29.17,3,1
250,5,23.0,1,1,25,4.0,22.0,1,5.5,22.0,24.0,15,60.0,3,0
251,5,23.0,1,1,24,4.0,18.0,3,4.5,6.0,8.0,11,45.83,0,1
255,5,23.0,6,6,145,24.0,107.0,10,4.46,10.7,14.4,73,50.34,7,2
262,5,23.0,1,1,6,1.0,3.0,1,3.0,3.0,6.0,3,50.0,0,0
274,5,23.0,1,1,20,3.0,27.0,0,9.0,0.0,inf,6,30.0,2,1
293,5,23.0,1,1,6,1.0,7.0,0,7.0,0.0,inf,3,50.0,0,1
326,5,23.0,1,1,26,4.0,22.0,1,5.5,22.0,24.0,11,42.31,2,0
345,5,23.0,1,1,24,4.0,27.0,1,6.75,27.0,24.0,5,20.83,3,0
353,5,23.0,1,1,24,4.0,29.0,1,7.25,29.0,24.0,12,50.0,4,1
368,5,23.0,1,1,24,4.0,29.0,1,7.25,29.0,24.0,8,33.33,3,1
381,5,23.0,2,2,31,5.0,34.0,1,6.8,34.0,30.0,11,35.48,2,1
386,5,23.0,1,1,24,4.0,27.0,0,6.75,0.0,inf,4,16.67,2,0
449,5,23.0,1,1,19,3.0,22.0,0,7.33,0.0,inf,4,21.05,1,1
451,5,23.0,1,1,12,2.0,16.0,0,8.0,0.0,inf,2,16.67,0,1
463,5,23.0,3,3,62,10.0,93.0,0,9.3,0.0,inf,21,33.87,12,3
477,5,23.0,1,1,26,4.0,22.0,0,5.5,0.0,inf,10,38.46,2,0
479,5,23.0,1,1,24,4.0,17.0,2,4.25,8.5,12.0,9,37.5,1,0
484,5,23.0,1,1,6,1.0,5.0,1,5.0,5.0,6.0,4,66.67,1,0
538,5,23.0,1,1,18,3.0,26.0,1,8.67,26.0,18.0,8,44.44,2,2
542,5,23.0,1,1,24,4.0,26.0,2,6.5,13.0,12.0,12,50.0,3,1
545,5,23.0,1,1,28,4.0,26.0,2,6.5,13.0,12.0,12,42.86,0,1
564,5,23.0,1,1,12,2.0,9.0,2,4.5,4.5,6.0,5,41.67,1,0
586,5,23.0,1,1,18,3.0,26.0,1,8.67,26.0,18.0,6,33.33,1,2
597,5,23.0,1,1,25,4.0,31.0,2,7.75,15.5,12.0,9,36.0,3,1
607,5,23.0,1,1,22,3.0,32.0,0,10.67,0.0,inf,7,31.82,1,2
630,5,23.0,3,3,64,10.0,107.0,3,10.7,35.67,20.0,17,26.56,13,4
634,5,23.0,1,1,25,4.0,32.0,1,8.0,32.0,24.0,6,24.0,4,0
654,5,23.0,6,6,80,13.0,89.0,1,6.85,89.0,78.0,35,43.75,7,4
660,5,23.0,1,1,26,4.0,37.0,0,9.25,0.0,inf,4,15.38,2,1
665,5,23.0,1,1,25,4.0,29.0,1,7.25,29.0,24.0,6,24.0,3,0
689,5,23.0,1,1,24,4.0,32.0,1,8.0,32.0,24.0,10,41.67,4,1
695,5,23.0,1,1,18,3.0,18.0,3,6.0,6.0,6.0,8,44.44,1,1
703,5,23.0,1,1,25,4.0,20.0,1,5.0,20.0,24.0,12,48.0,2,0
714,5,23.0,1,1,19,3.0,25.0,0,8.33,0.0,inf,1,5.26,2,0
718,5,23.0,2,2,52,8.0,60.0,0,7.5,0.0,inf,24,46.15,6,3
731,5,23.0,1,1,24,4.0,24.0,2,6.0,12.0,12.0,7,29.17,2,0
735,5,23.0,1,1,12,2.0,19.0,0,9.5,0.0,inf,2,16.67,3,0
743,5,23.0,3,3,72,12.0,70.0,5,5.83,14.0,14.4,31,43.06,4,2
756,5,23.0,7,7,134,22.0,182.0,7,8.27,26.0,19.0,37,27.61,9,11
4,5,28.0,1,1,24,4.0,32.0,2,8.0,16.0,12.0,11,45.83,4,1
6,5,28.0,1,1,12,2.0,12.0,2,6.0,6.0,6.0,4,33.33,1,0
14,5,28.0,1,1,25,4.0,39.0,0,9.75,0.0,inf,5,20.0,6,0
97,5,28.0,1,1,25,4.0,38.0,0,9.5,0.0,inf,4,16.0,3,1
104,5,28.0,1,1,14,2.0,11.0,1,5.5,11.0,13.0,8,57.14,1,0
119,5,28.0,2,2,18,3.0,30.0,0,10.0,0.0,inf,7,38.89,2,2
129,5,28.0,1,1,24,4.0,16.0,0,4.0,0.0,inf,14,58.33,2,0
134,5,28.0,1,1,26,4.0,18.0,4,4.5,4.5,6.0,15,57.69,2,0
137,5,28.0,1,1,25,4.0,28.0,1,7.0,28.0,24.0,5,20.0,2,0
168,5,28.0,1,1,24,4.0,43.0,1,10.75,43.0,24.0,7,29.17,3,3
212,5,28.0,1,1,24,4.0,12.0,1,3.0,12.0,24.0,13,54.17,1,0
223,5,28.0,1,1,18,3.0,34.0,0,11.33,0.0,inf,8,44.44,6,1
224,5,28.0,1,1,24,4.0,24.0,2,6.0,12.0,12.0,10,41.67,3,0
234,5,28.0,1,1,25,4.0,29.0,0,7.25,0.0,inf,7,28.0,2,0
240,5,28.0,1,1,9,1.0,19.0,0,19.0,0.0,inf,0,0.0,1,1
250,5,28.0,1,1,6,1.0,22.0,0,22.0,0.0,inf,0,0.0,2,2
251,5,28.0,1,1,24,4.0,19.0,0,4.75,0.0,inf,8,33.33,0,0
255,5,28.0,1,1,19,3.0,15.0,4,5.0,3.75,4.75,12,63.16,1,1
293,5,28.0,7,7,153,25.0,162.0,3,6.48,54.0,50.0,51,33.33,13,3
326,5,28.0,1,1,18,3.0,14.0,2,4.67,7.0,9.0,8,44.44,1,0
343,5,28.0,1,1,25,4.0,16.0,1,4.0,16.0,24.0,12,48.0,1,0
364,5,28.0,1,1,25,4.0,21.0,1,5.25,21.0,24.0,12,48.0,1,1
368,5,28.0,1,1,24,4.0,29.0,2,7.25,14.5,12.0,9,37.5,1,2
380,5,28.0,1,1,28,4.0,23.0,2,5.75,11.5,12.0,11,39.29,2,0
381,5,28.0,1,1,24,4.0,23.0,1,5.75,23.0,24.0,9,37.5,1,1
386,5,28.0,6,6,149,24.0,122.0,12,5.08,10.17,11.83,74,49.66,12,1
400,5,28.0,1,1,25,4.0,28.0,1,7.0,28.0,24.0,11,44.0,2,1
422,5,28.0,1,1,18,3.0,24.0,0,8.0,0.0,inf,5,27.78,3,0
449,5,28.0,1,1,26,4.0,39.0,2,9.75,19.5,12.0,7,26.92,5,1
451,5,28.0,1,1,25,4.0,16.0,2,4.0,8.0,12.0,15,60.0,2,0
477,5,28.0,1,1,24,4.0,36.0,2,9.0,18.0,12.0,10,41.67,3,2
538,5,28.0,1,1,24,4.0,34.0,2,8.5,17.0,12.0,13,54.17,4,2
542,5,28.0,1,1,18,3.0,27.0,0,9.0,0.0,inf,5,27.78,3,1
545,5,28.0,1,1,12,2.0,13.0,0,6.5,0.0,inf,5,41.67,0,1
559,5,28.0,1,1,27,4.0,10.0,2,2.5,5.0,12.0,17,62.96,0,0
564,5,28.0,1,1,25,4.0,11.0,2,2.75,5.5,12.0,15,60.0,0,0
573,5,28.0,1,1,6,1.0,8.0,1,8.0,8.0,6.0,1,16.67,1,0
577,5,28.0,1,1,21,3.0,27.0,2,9.0,13.5,10.0,8,38.1,3,1
586,5,28.0,5,5,94,15.0,114.0,5,7.6,22.8,18.0,36,38.3,3,7
597,5,28.0,1,1,25,4.0,34.0,2,8.5,17.0,12.0,12,48.0,3,2
607,5,28.0,1,1,24,4.0,41.0,1,10.25,41.0,24.0,8,33.33,4,3
608,5,28.0,4,4,43,7.0,60.0,3,8.57,20.0,14.0,12,27.91,7,1
634,5,28.0,2,2,24,4.0,34.0,1,8.5,34.0,24.0,8,33.33,3,2
660,5,28.0,1,1,18,3.0,18.0,1,6.0,18.0,18.0,9,50.0,3,0
665,5,28.0,6,6,124,20.0,148.0,8,7.4,18.5,14.12,37,29.84,9,5
684,5,28.0,1,1,6,1.0,12.0,0,12.0,0.0,inf,0,0.0,2,0
689,5,28.0,7,7,162,27.0,196.0,8,7.26,24.5,20.0,67,41.36,18,8
692,5,28.0,6,6,139,23.0,161.0,8,7.0,20.12,16.5,58,41.73,16,5
695,5,28.0,1,1,25,4.0,22.0,2,5.5,11.0,12.0,14,56.0,4,0
703,5,28.0,1,1,24,4.0,31.0,2,7.75,15.5,12.0,9,37.5,3,1
705,5,28.0,1,1,6,1.0,16.0,0,16.0,0.0,inf,1,16.67,0,2
714,5,28.0,1,1,18,3.0,25.0,0,8.33,0.0,inf,0,0.0,1,1
718,5,28.0,1,1,25,4.0,11.0,2,2.75,5.5,12.0,15,60.0,1,0
731,5,28.0,1,1,18,3.0,33.0,0,11.0,0.0,inf,4,22.22,3,2
743,5,28.0,1,1,25,4.0,25.0,1,6.25,25.0,24.0,12,48.0,2,0
748,5,28.0,1,1,20,3.0,14.0,0,4.67,0.0,inf,10,50.0,1,0
768,5,28.0,1,1,24,4.0,24.0,2,6.0,12.0,12.0,8,33.33,1,0
4,5,31.0,1,1,27,4.0,24.0,2,6.0,12.0,12.0,12,44.44,3,0
37,5,31.0,4,4,54,9.0,53.0,2,5.89,26.5,27.0,18,33.33,2,2
64,5,31.0,7,7,151,25.0,213.0,4,8.52,53.25,37.5,51,33.77,28,5
74,5,31.0,1,1,25,4.0,28.0,0,7.0,0.0,inf,4,16.0,2,0
86,5,31.0,1,1,24,4.0,48.0,0,12.0,0.0,inf,5,20.83,5,2
104,5,31.0,1,1,24,4.0,32.0,2,8.0,16.0,12.0,6,25.0,1,2
112,5,31.0,1,1,27,4.0,37.0,2,9.25,18.5,12.0,9,33.33,1,3
129,5,31.0,1,1,24,4.0,21.0,2,5.25,10.5,12.0,11,45.83,2,0
134,5,31.0,3,3,70,11.0,77.0,3,7.0,25.67,22.0,27,38.57,8,2
137,5,31.0,1,1,24,4.0,19.0,0,4.75,0.0,inf,6,25.0,0,0
163,5,31.0,1,1,24,4.0,33.0,0,8.25,0.0,inf,10,41.67,3,2
167,5,31.0,1,1,12,2.0,24.0,0,12.0,0.0,inf,2,16.67,1,2
174,5,31.0,1,1,25,4.0,27.0,1,6.75,27.0,24.0,11,44.0,1,2
203,5,31.0,2,2,19,3.0,29.0,0,9.67,0.0,inf,4,21.05,4,0
207,5,31.0,1,1,19,3.0,25.0,1,8.33,25.0,18.0,2,10.53,2,0
212,5,31.0,2,2,49,8.0,43.0,2,5.38,21.5,24.0,23,46.94,3,1
223,5,31.0,1,1,13,2.0,22.0,0,11.0,0.0,inf,3,23.08,2,1
224,5,31.0,1,1,24,4.0,36.0,1,9.0,36.0,24.0,7,29.17,4,1
230,5,31.0,1,1,24,4.0,22.0,0,5.5,0.0,inf,7,29.17,0,1
234,5,31.0,1,1,19,3.0,25.0,0,8.33,0.0,inf,4,21.05,2,1
240,5,31.0,1,1,6,1.0,8.0,0,8.0,0.0,inf,2,33.33,1,0
241,5,31.0,1,1,24,4.0,23.0,1,5.75,23.0,24.0,9,37.5,1,0
245,5,31.0,2,2,48,8.0,40.0,1,5.0,40.0,48.0,19,39.58,2,1
250,5,31.0,1,1,24,4.0,25.0,1,6.25,25.0,24.0,9,37.5,3,0
251,5,31.0,1,1,12,2.0,14.0,0,7.0,0.0,inf,3,25.0,0,1
255,5,31.0,2,2,48,8.0,39.0,3,4.88,13.0,16.0,23,47.92,1,1
274,5,31.0,1,1,25,4.0,30.0,1,7.5,30.0,24.0,8,32.0,4,0
293,5,31.0,1,1,25,4.0,18.0,2,4.5,9.0,12.0,13,52.0,2,0
303,5,31.0,1,1,24,4.0,31.0,1,7.75,31.0,24.0,8,33.33,3,1
313,5,31.0,1,1,25,4.0,38.0,0,9.5,0.0,inf,6,24.0,5,0
326,5,31.0,5,5,100,16.0,126.0,0,7.88,0.0,inf,32,32.0,9,4
343,5,31.0,5,5,115,19.0,153.0,7,8.05,21.86,16.29,38,33.04,11,8
345,5,31.0,1,1,22,3.0,24.0,3,8.0,8.0,6.67,9,40.91,2,1
356,5,31.0,1,1,12,2.0,11.0,1,5.5,11.0,12.0,7,58.33,2,0
364,5,31.0,3,3,75,12.0,91.0,2,7.58,45.5,36.0,23,30.67,3,5
381,5,31.0,2,2,43,7.0,44.0,2,6.29,22.0,21.0,14,32.56,3,1
386,5,31.0,1,1,27,4.0,25.0,2,6.25,12.5,12.0,13,48.15,3,0
448,5,31.0,1,1,16,2.0,40.0,0,20.0,0.0,inf,3,18.75,1,5
449,5,31.0,1,1,19,3.0,31.0,0,10.33,0.0,inf,6,31.58,2,2
451,5,31.0,1,1,24,4.0,22.0,0,5.5,0.0,inf,8,33.33,2,0
477,5,31.0,1,1,26,4.0,27.0,0,6.75,0.0,inf,10,38.46,3,0
479,5,31.0,3,3,49,8.0,47.0,2,5.88,23.5,24.0,15,30.61,4,0
530,5,31.0,1,1,2,0.0,5.0,0,inf,0.0,inf,0,0.0,1,0
541,5,31.0,1,1,24,4.0,13.0,3,3.25,4.33,8.0,14,58.33,0,0
545,5,31.0,5,5,109,18.0,123.0,5,6.83,24.6,21.6,39,35.78,8,6
564,5,31.0,2,2,49,8.0,77.0,1,9.62,77.0,48.0,12,24.49,9,2
573,5,31.0,1,1,19,3.0,24.0,0,8.0,0.0,inf,7,36.84,2,1
586,5,31.0,1,1,25,4.0,24.0,1,6.0,24.0,24.0,9,36.0,2,0
597,5,31.0,1,1,24,4.0,32.0,3,8.0,10.67,8.0,8,33.33,3,1
607,5,31.0,1,1,13,2.0,20.0,0,10.0,0.0,inf,3,23.08,0,2
608,5,31.0,1,1,18,3.0,20.0,0,6.67,0.0,inf,5,27.78,2,0
643,5,31.0,1,1,12,2.0,11.0,0,5.5,0.0,inf,5,41.67,1,0
654,5,31.0,1,1,13,2.0,12.0,2,6.0,6.0,6.0,3,23.08,0,0
660,5,31.0,3,3,62,10.0,48.0,3,4.8,16.0,20.0,27,43.55,3,0
689,5,31.0,1,1,25,4.0,24.0,1,6.0,24.0,24.0,13,52.0,2,1
695,5,31.0,2,2,48,8.0,71.0,1,8.88,71.0,48.0,13,27.08,6,3
699,5,31.0,1,1,14,2.0,22.0,1,11.0,22.0,14.0,6,42.86,3,1
714,5,31.0,1,1,19,3.0,20.0,0,6.67,0.0,inf,1,5.26,0,0
718,5,31.0,2,2,39,6.0,31.0,2,5.17,15.5,18.0,14,35.9,2,0
743,5,31.0,2,2,48,8.0,54.0,3,6.75,18.0,16.0,17,35.42,3,3
756,5,31.0,2,2,30,5.0,30.0,2,6.0,15.0,15.0,10,33.33,3,0
757,5,31.0,1,1,18,3.0,12.0,1,4.0,12.0,18.0,7,38.89,0,0
768,5,31.0,1,1,24,4.0,16.0,2,4.0,8.0,12.0,11,45.83,1,0
770,5,31.0,3,3,63,10.0,87.0,0,8.7,0.0,inf,17,26.98,9,2
6,5,37.0,1,1,24,4.0,16.0,5,4.0,3.2,4.8,17,70.83,1,1
122,5,37.0,1,1,12,2.0,9.0,0,4.5,0.0,inf,4,33.33,1,0
137,5,37.0,1,1,18,3.0,12.0,0,4.0,0.0,inf,10,55.56,1,0
174,5,37.0,1,1,25,4.0,54.0,0,13.5,0.0,inf,7,28.0,3,5
223,5,37.0,1,1,13,2.0,20.0,0,10.0,0.0,inf,3,23.08,3,0
230,5,37.0,1,1,12,2.0,10.0,1,5.0,10.0,12.0,2,16.67,0,0
234,5,37.0,1,1,24,4.0,31.0,1,7.75,31.0,24.0,9,37.5,0,3
293,5,37.0,1,1,24,4.0,18.0,0,4.5,0.0,inf,12,50.0,0,1
330,5,37.0,1,1,12,2.0,19.0,0,9.5,0.0,inf,1,8.33,1,1
356,5,37.0,2,2,42,7.0,46.0,1,6.57,46.0,42.0,23,54.76,2,4
357,5,37.0,1,1,15,2.0,20.0,2,10.0,10.0,6.5,6,40.0,4,0
386,5,37.0,1,1,24,4.0,27.0,3,6.75,9.0,8.0,11,45.83,1,2
415,5,37.0,1,1,6,1.0,16.0,0,16.0,0.0,inf,0,0.0,0,2
449,5,37.0,1,1,6,1.0,10.0,0,10.0,0.0,inf,2,33.33,2,0
542,5,37.0,1,1,12,2.0,14.0,2,7.0,7.0,6.0,3,25.0,0,1
559,5,37.0,2,2,52,8.0,37.0,5,4.62,7.4,9.6,24,46.15,2,0
586,5,37.0,1,1,25,4.0,39.0,0,9.75,0.0,inf,6,24.0,1,3
618,5,37.0,1,1,26,4.0,46.0,1,11.5,46.0,24.0,3,11.54,2,3
665,5,37.0,1,1,26,4.0,33.0,2,8.25,16.5,12.0,7,26.92,3,1
689,5,37.0,1,1,24,4.0,20.0,4,5.0,5.0,6.0,12,50.0,1,1
748,5,37.0,2,2,48,8.0,75.0,3,9.38,25.0,16.0,13,27.08,7,3
771,5,37.0,1,1,6,1.0,11.0,0,11.0,0.0,inf,0,0.0,0,1
4,6,3.0,1,1,26,4.0,30.0,0,7.5,0.0,inf,14,53.85,2,2
14,6,3.0,1,1,25,4.0,24.0,2,6.0,12.0,12.0,11,44.0,3,0
58,6,3.0,8,8,183,30.0,232.0,6,7.73,38.67,30.0,57,31.15,24,5
64,6,3.0,1,1,25,4.0,31.0,1,7.75,31.0,24.0,12,48.0,4,1
74,6,3.0,1,1,12,2.0,11.0,2,5.5,5.5,6.0,8,66.67,2,0
97,6,3.0,1,1,12,2.0,13.0,0,6.5,0.0,inf,3,25.0,1,0
104,6,3.0,1,1,6,1.0,12.0,0,12.0,0.0,inf,1,16.67,1,1
129,6,3.0,2,2,38,6.0,47.0,5,7.83,9.4,7.2,18,47.37,5,2
134,6,3.0,1,1,26,4.0,48.0,2,12.0,24.0,12.0,9,34.62,3,4
137,6,3.0,1,1,12,2.0,21.0,0,10.5,0.0,inf,4,33.33,3,1
144,6,3.0,1,1,20,3.0,15.0,1,5.0,15.0,18.0,11,55.0,2,0
156,6,3.0,1,1,14,2.0,34.0,0,17.0,0.0,inf,3,21.43,2,3
158,6,3.0,1,1,13,2.0,22.0,0,11.0,0.0,inf,3,23.08,1,2
167,6,3.0,1,1,26,4.0,26.0,1,6.5,26.0,24.0,7,26.92,1,1
174,6,3.0,1,1,27,4.0,47.0,0,11.75,0.0,inf,7,25.93,2,4
178,6,3.0,1,1,7,1.0,14.0,1,14.0,14.0,6.0,2,28.57,3,0
191,6,3.0,1,1,24,4.0,21.0,0,5.25,0.0,inf,10,41.67,0,1
210,6,3.0,1,1,6,1.0,9.0,0,9.0,0.0,inf,3,50.0,2,0
212,6,3.0,1,1,24,4.0,39.0,0,9.75,0.0,inf,5,20.83,4,1
221,6,3.0,1,1,6,1.0,29.0,0,29.0,0.0,inf,0,0.0,1,4
234,6,3.0,1,1,26,4.0,42.0,0,10.5,0.0,inf,7,26.92,4,2
240,6,3.0,1,1,20,3.0,35.0,1,11.67,35.0,18.0,5,25.0,4,1
251,6,3.0,1,1,24,4.0,27.0,0,6.75,0.0,inf,9,37.5,2,1
255,6,3.0,1,1,24,4.0,17.0,0,4.25,0.0,inf,13,54.17,2,0
263,6,3.0,1,1,24,4.0,32.0,3,8.0,10.67,8.0,11,45.83,5,1
269,6,3.0,3,3,45,7.0,71.0,2,10.14,35.5,21.5,16,35.56,10,2
293,6,3.0,1,1,25,4.0,21.0,1,5.25,21.0,24.0,15,60.0,2,1
297,6,3.0,1,1,19,3.0,56.0,1,18.67,56.0,18.0,3,15.79,2,7
303,6,3.0,1,1,25,4.0,21.0,1,5.25,21.0,24.0,10,40.0,2,0
326,6,3.0,4,4,88,14.0,105.0,4,7.5,26.25,21.0,30,34.09,9,2
330,6,3.0,1,1,6,1.0,14.0,1,14.0,14.0,6.0,1,16.67,1,1
361,6,3.0,4,5,91,15.0,99.0,7,6.6,14.14,12.57,45,49.45,7,5
371,6,3.0,1,1,25,4.0,36.0,0,9.0,0.0,inf,10,40.0,5,1
380,6,3.0,1,1,25,4.0,39.0,3,9.75,13.0,8.0,12,48.0,3,3
383,6,3.0,1,1,22,3.0,30.0,1,10.0,30.0,22.0,13,59.09,5,1
426,6,3.0,1,1,20,3.0,34.0,1,11.33,34.0,18.0,10,50.0,3,3
449,6,3.0,1,1,12,2.0,26.0,1,13.0,26.0,12.0,5,41.67,3,2
451,6,3.0,1,1,24,4.0,26.0,1,6.5,26.0,24.0,11,45.83,2,1
497,6,3.0,1,1,26,4.0,22.0,0,5.5,0.0,inf,11,42.31,3,0
515,6,3.0,1,1,12,2.0,17.0,1,8.5,17.0,12.0,4,33.33,3,0
541,6,3.0,1,1,22,3.0,30.0,0,10.0,0.0,inf,7,31.82,4,0
545,6,3.0,1,1,25,4.0,23.0,0,5.75,0.0,inf,15,60.0,4,0
559,6,3.0,1,1,24,4.0,16.0,0,4.0,0.0,inf,13,54.17,1,0
564,6,3.0,1,2,30,5.0,37.0,2,7.4,18.5,15.0,10,33.33,1,2
597,6,3.0,8,8,177,29.0,214.0,12,7.38,17.83,14.5,64,36.16,20,5
622,6,3.0,1,1,13,2.0,33.0,0,16.5,0.0,inf,2,15.38,7,0
624,6,3.0,1,1,6,1.0,5.0,2,5.0,2.5,3.0,4,66.67,1,0
643,6,3.0,1,1,13,2.0,45.0,0,22.5,0.0,inf,1,7.69,3,5
665,6,3.0,1,1,6,1.0,15.0,0,15.0,0.0,inf,2,33.33,2,1
689,6,3.0,1,1,24,4.0,40.0,0,10.0,0.0,inf,10,41.67,4,3
692,6,3.0,6,6,130,21.0,154.0,10,7.33,15.4,12.6,55,42.31,18,3
695,6,3.0,1,1,25,4.0,32.0,1,8.0,32.0,24.0,9,36.0,1,2
714,6,3.0,1,1,25,4.0,26.0,0,6.5,0.0,inf,10,40.0,2,1
718,6,3.0,1,1,23,3.0,33.0,1,11.0,33.0,21.0,11,47.83,2,3
726,6,3.0,1,1,6,1.0,12.0,0,12.0,0.0,inf,2,33.33,1,1
748,6,3.0,1,1,25,4.0,42.0,0,10.5,0.0,inf,8,32.0,1,4
755,6,3.0,1,1,6,1.0,20.0,0,20.0,0.0,inf,1,16.67,0,3
756,6,3.0,1,1,7,1.0,10.0,0,10.0,0.0,inf,2,28.57,0,1
768,6,3.0,4,4,97,16.0,127.0,2,7.94,63.5,48.0,27,27.84,13,4
4,6,7.0,1,1,24,4.0,24.0,3,6.0,8.0,8.0,8,33.33,3,0
6,6,7.0,1,1,24,4.0,29.0,1,7.25,29.0,24.0,6,25.0,3,0
14,6,7.0,3,3,74,12.0,97.0,5,8.08,19.4,14.4,23,31.08,10,2
50,6,7.0,1,1,24,4.0,22.0,4,5.5,5.5,6.0,11,45.83,1,1
74,6,7.0,1,1,24,4.0,19.0,1,4.75,19.0,24.0,7,29.17,1,0
90,6,7.0,2,2,12,2.0,25.0,0,12.5,0.0,inf,0,0.0,2,1
108,6,7.0,1,1,24,4.0,28.0,2,7.0,14.0,12.0,8,33.33,3,0
111,6,7.0,1,1,12,2.0,15.0,1,7.5,15.0,12.0,4,33.33,0,1
134,6,7.0,1,1,25,4.0,37.0,0,9.25,0.0,inf,5,20.0,4,0
137,6,7.0,1,1,18,3.0,22.0,1,7.33,22.0,18.0,3,16.67,2,0
158,6,7.0,1,1,24,4.0,27.0,2,6.75,13.5,12.0,10,41.67,4,0
167,6,7.0,1,1,17,2.0,35.0,0,17.5,0.0,inf,2,11.76,1,3
168,6,7.0,1,1,26,4.0,23.0,3,5.75,7.67,8.0,6,23.08,0,0
174,6,7.0,4,4,86,14.0,113.0,4,8.07,28.25,21.0,37,43.02,14,4
191,6,7.0,1,1,24,4.0,24.0,1,6.0,24.0,24.0,11,45.83,1,1
210,6,7.0,1,1,12,2.0,18.0,0,9.0,0.0,inf,6,50.0,4,0
234,6,7.0,1,1,12,2.0,20.0,0,10.0,0.0,inf,5,41.67,1,2
240,6,7.0,1,1,24,4.0,19.0,1,4.75,19.0,24.0,10,41.67,2,0
251,6,7.0,6,6,139,23.0,155.0,2,6.74,77.5,69.0,40,28.78,12,2
255,6,7.0,1,1,25,4.0,33.0,3,8.25,11.0,8.0,12,48.0,3,2
269,6,7.0,1,1,19,3.0,29.0,0,9.67,0.0,inf,6,31.58,4,0
303,6,7.0,1,1,25,4.0,37.0,1,9.25,37.0,24.0,8,32.0,4,1
321,6,7.0,1,1,24,4.0,30.0,0,7.5,0.0,inf,10,41.67,5,0
326,6,7.0,1,1,19,3.0,24.0,2,8.0,12.0,9.0,5,26.32,1,1
343,6,7.0,1,1,18,3.0,28.0,0,9.33,0.0,inf,2,11.11,3,0
345,6,7.0,1,1,24,4.0,39.0,1,9.75,39.0,24.0,8,33.33,4,2
361,6,7.0,1,1,24,4.0,27.0,1,6.75,27.0,24.0,10,41.67,2,1
371,6,7.0,1,1,24,4.0,21.0,3,5.25,7.0,8.0,12,50.0,3,0
376,6,7.0,1,1,25,4.0,62.0,0,15.5,0.0,inf,5,20.0,6,4
380,6,7.0,6,6,136,22.0,199.0,5,9.05,39.8,26.4,48,35.29,20,7
383,6,7.0,1,1,18,3.0,22.0,0,7.33,0.0,inf,10,55.56,4,0
425,6,7.0,1,1,24,4.0,38.0,1,9.5,38.0,24.0,7,29.17,4,1
448,6,7.0,1,1,24,4.0,21.0,1,5.25,21.0,24.0,11,45.83,1,1
449,6,7.0,1,1,26,4.0,27.0,3,6.75,9.0,8.0,11,42.31,2,1
466,6,7.0,1,1,6,1.0,10.0,0,10.0,0.0,inf,1,16.67,2,0
477,6,7.0,6,6,144,24.0,167.0,2,6.96,83.5,67.0,54,37.5,18,4
485,6,7.0,1,1,6,1.0,6.0,0,6.0,0.0,inf,3,50.0,0,0
545,6,7.0,1,1,24,4.0,31.0,1,7.75,31.0,24.0,8,33.33,4,0
559,6,7.0,1,1,25,4.0,20.0,2,5.0,10.0,12.0,13,52.0,2,0
597,6,7.0,1,1,25,4.0,48.0,1,12.0,48.0,24.0,4,16.0,5,2
609,6,7.0,1,1,23,3.0,17.0,2,5.67,8.5,11.5,14,60.87,2,0
624,6,7.0,1,1,7,1.0,22.0,0,22.0,0.0,inf,1,14.29,2,2
684,6,7.0,1,1,6,1.0,14.0,0,14.0,0.0,inf,1,16.67,3,0
692,6,7.0,1,1,19,3.0,38.0,0,12.67,0.0,inf,5,26.32,4,2
714,6,7.0,1,1,12,2.0,18.0,0,9.0,0.0,inf,2,16.67,2,0
718,6,7.0,1,1,26,4.0,39.0,1,9.75,39.0,24.0,10,38.46,5,1
726,6,7.0,1,1,13,2.0,5.0,0,2.5,0.0,inf,8,61.54,0,0
756,6,7.0,1,1,24,4.0,30.0,0,7.5,0.0,inf,1,4.17,2,0
4,6,8.0,1,1,24,4.0,50.0,0,12.5,0.0,inf,2,8.33,5,2
6,6,8.0,6,6,86,14.0,125.0,1,8.93,125.0,84.0,27,31.4,6,8
34,6,8.0,1,1,12,2.0,24.0,0,12.0,0.0,inf,2,16.67,5,0
50,6,8.0,1,1,19,3.0,31.0,0,10.33,0.0,inf,4,21.05,3,1
64,6,8.0,1,1,24,4.0,37.0,0,9.25,0.0,inf,9,37.5,3,2
74,6,8.0,1,1,11,1.0,21.0,0,21.0,0.0,inf,1,9.09,0,2
90,6,8.0,1,1,12,2.0,26.0,0,13.0,0.0,inf,1,8.33,3,1
97,6,8.0,1,1,19,3.0,15.0,2,5.0,7.5,9.0,6,31.58,1,0
104,6,8.0,1,1,5,0.0,15.0,0,inf,0.0,inf,1,20.0,2,1
105,6,8.0,1,1,19,3.0,19.0,1,6.33,19.0,18.0,5,26.32,1,0
134,6,8.0,1,1,24,4.0,34.0,2,8.5,17.0,12.0,7,29.17,5,0
137,6,8.0,8,8,189,31.0,192.0,8,6.19,24.0,23.25,61,32.28,8,7
144,6,8.0,1,1,26,4.0,22.0,1,5.5,22.0,24.0,15,57.69,1,1
148,6,8.0,1,1,13,2.0,20.0,0,10.0,0.0,inf,7,53.85,3,1
158,6,8.0,6,6,121,20.0,181.0,6,9.05,30.17,20.0,39,32.23,19,6
168,6,8.0,1,1,24,4.0,49.0,0,12.25,0.0,inf,3,12.5,7,1
174,6,8.0,1,1,12,2.0,29.0,0,14.5,0.0,inf,0,0.0,2,2
178,6,8.0,6,6,121,20.0,141.0,7,7.05,20.14,17.14,58,47.93,20,3
191,6,8.0,1,1,18,3.0,16.0,1,5.33,16.0,18.0,7,38.89,0,1
212,6,8.0,1,1,19,3.0,24.0,0,8.0,0.0,inf,8,42.11,2,1
221,6,8.0,1,1,6,1.0,9.0,0,9.0,0.0,inf,0,0.0,1,0
223,6,8.0,2,2,50,8.0,52.0,3,6.5,17.33,16.0,17,34.0,2,2
230,6,8.0,1,1,6,1.0,19.0,0,19.0,0.0,inf,0,0.0,1,2
234,6,8.0,1,1,24,4.0,26.0,3,6.5,8.67,8.0,11,45.83,2,1
250,6,8.0,1,1,13,2.0,23.0,0,11.5,0.0,inf,1,7.69,2,1
251,6,8.0,1,1,24,4.0,32.0,1,8.0,32.0,24.0,6,25.0,2,1
255,6,8.0,1,1,24,4.0,35.0,1,8.75,35.0,24.0,8,33.33,4,1
293,6,8.0,1,1,24,4.0,31.0,2,7.75,15.5,12.0,10,41.67,2,2
297,6,8.0,1,1,25,4.0,35.0,2,8.75,17.5,12.0,7,28.0,2,2
303,6,8.0,1,1,24,4.0,20.0,3,5.0,6.67,8.0,8,33.33,1,0
317,6,8.0,1,1,18,3.0,21.0,1,7.0,21.0,18.0,6,33.33,2,0
326,6,8.0,1,1,18,3.0,29.0,0,9.67,0.0,inf,2,11.11,3,0
343,6,8.0,1,1,24,4.0,24.0,1,6.0,24.0,24.0,9,37.5,0,1
361,6,8.0,1,1,26,4.0,31.0,3,7.75,10.33,8.0,12,46.15,1,2
380,6,8.0,1,1,25,4.0,29.0,2,7.25,14.5,12.0,10,40.0,4,0
383,6,8.0,1,1,26,4.0,34.0,1,8.5,34.0,24.0,8,30.77,4,0
449,6,8.0,8,8,204,34.0,274.0,15,8.06,18.27,12.8,58,28.43,25,7
466,6,8.0,1,1,19,3.0,25.0,1,8.33,25.0,18.0,7,36.84,3,1
477,6,8.0,1,1,24,4.0,38.0,0,9.5,0.0,inf,9,37.5,1,3
485,6,8.0,1,1,24,4.0,8.0,0,2.0,0.0,inf,16,66.67,0,0
545,6,8.0,1,1,25,4.0,12.0,2,3.0,6.0,12.0,15,60.0,0,0
559,6,8.0,1,1,25,4.0,45.0,1,11.25,45.0,24.0,9,36.0,4,3
564,6,8.0,1,1,24,4.0,26.0,2,6.5,13.0,12.0,7,29.17,1,0
586,6,8.0,1,1,24,4.0,16.0,2,4.0,8.0,12.0,9,37.5,0,0
597,6,8.0,1,1,25,4.0,36.0,1,9.0,36.0,24.0,7,28.0,4,0
609,6,8.0,4,4,103,17.0,141.0,2,8.29,70.5,48.0,36,34.95,14,4
610,6,8.0,1,1,25,4.0,37.0,0,9.25,0.0,inf,7,28.0,2,1
654,6,8.0,1,1,12,2.0,18.0,0,9.0,0.0,inf,2,16.67,0,1
665,6,8.0,1,1,27,4.0,40.0,1,10.0,40.0,24.0,8,29.63,5,1
671,6,8.0,1,1,21,3.0,25.0,1,8.33,25.0,18.0,4,19.05,3,0
684,6,8.0,1,1,25,4.0,31.0,0,7.75,0.0,inf,6,24.0,2,1
689,6,8.0,1,1,25,4.0,29.0,3,7.25,9.67,8.0,12,48.0,3,0
692,6,8.0,1,1,25,4.0,41.0,0,10.25,0.0,inf,6,24.0,2,2
714,6,8.0,1,1,19,3.0,32.0,0,10.67,0.0,inf,0,0.0,3,0
718,6,8.0,1,1,25,4.0,45.0,0,11.25,0.0,inf,4,16.0,5,1
748,6,8.0,1,1,13,2.0,13.0,0,6.5,0.0,inf,6,46.15,2,0
755,6,8.0,3,3,76,12.0,100.0,0,8.33,0.0,inf,24,31.58,13,1
756,6,8.0,1,1,24,4.0,31.0,1,7.75,31.0,24.0,4,16.67,3,0
757,6,8.0,1,1,13,2.0,20.0,0,10.0,0.0,inf,0,0.0,2,0
6,6,10.0,2,2,48,8.0,52.0,4,6.5,13.0,12.0,15,31.25,2,2
34,6,10.0,1,1,21,3.0,27.0,1,9.0,27.0,18.0,5,23.81,3,0
45,6,10.0,1,1,25,4.0,34.0,0,8.5,0.0,inf,7,28.0,3,1
50,6,10.0,1,1,20,3.0,27.0,2,9.0,13.5,10.0,7,35.0,1,2
58,6,10.0,1,1,25,4.0,25.0,5,6.25,5.0,4.8,13,52.0,4,0
64,6,10.0,2,2,43,7.0,63.0,3,9.0,21.0,14.0,15,34.88,6,2
66,6,10.0,1,1,6,1.0,9.0,0,9.0,0.0,inf,0,0.0,1,0
74,6,10.0,1,1,25,4.0,32.0,1,8.0,32.0,24.0,10,40.0,2,2
97,6,10.0,1,1,7,1.0,20.0,0,20.0,0.0,inf,0,0.0,4,0
105,6,10.0,2,2,48,8.0,52.0,2,6.5,26.0,24.0,20,41.67,4,2
116,6,10.0,2,2,25,4.0,44.0,0,11.0,0.0,inf,5,20.0,4,2
122,6,10.0,1,1,25,4.0,20.0,1,5.0,20.0,24.0,11,44.0,1,0
137,6,10.0,2,2,36,6.0,35.0,2,5.83,17.5,18.0,15,41.67,2,1
144,6,10.0,1,1,24,4.0,40.0,0,10.0,0.0,inf,5,20.83,4,1
158,6,10.0,2,2,32,5.0,39.0,2,7.8,19.5,15.0,13,40.62,2,2
168,6,10.0,2,2,52,8.0,66.0,3,8.25,22.0,16.0,13,25.0,4,2
178,6,10.0,2,2,42,7.0,42.0,5,6.0,8.4,8.0,23,54.76,4,2
210,6,10.0,1,1,24,4.0,18.0,1,4.5,18.0,24.0,14,58.33,3,0
212,6,10.0,6,6,131,21.0,154.0,4,7.33,38.5,32.0,54,41.22,22,1
223,6,10.0,2,2,38,6.0,39.0,2,6.5,19.5,18.0,17,44.74,4,1
234,6,10.0,2,2,48,8.0,31.0,2,3.88,15.5,24.0,25,52.08,0,1
240,6,10.0,2,2,42,7.0,45.0,2,6.43,22.5,21.0,16,38.1,4,1
250,6,10.0,3,3,48,8.0,53.0,2,6.62,26.5,24.0,19,39.58,4,2
251,6,10.0,1,1,12,2.0,17.0,0,8.5,0.0,inf,6,50.0,2,1
263,6,10.0,1,1,21,3.0,38.0,0,12.67,0.0,inf,5,23.81,5,1
269,6,10.0,1,1,12,2.0,21.0,1,10.5,21.0,12.0,5,41.67,3,1
293,6,10.0,2,2,42,7.0,56.0,0,8.0,0.0,inf,7,16.67,5,1
303,6,10.0,1,1,25,4.0,28.0,1,7.0,28.0,24.0,11,44.0,4,0
326,6,10.0,1,1,24,4.0,21.0,0,5.25,0.0,inf,7,29.17,1,0
345,6,10.0,1,1,26,4.0,24.0,3,6.0,8.0,8.0,11,42.31,1,1
361,6,10.0,1,1,26,4.0,35.0,0,8.75,0.0,inf,10,38.46,3,2
380,6,10.0,1,1,24,4.0,21.0,1,5.25,21.0,24.0,11,45.83,2,0
383,6,10.0,2,2,45,7.0,66.0,3,9.43,22.0,14.0,18,40.0,7,3
386,6,10.0,2,2,48,8.0,71.0,1,8.88,71.0,48.0,14,29.17,9,2
449,6,10.0,2,2,27,4.0,17.0,4,4.25,4.25,6.75,13,48.15,1,0
451,6,10.0,5,5,116,19.0,104.0,4,5.47,26.0,28.5,38,32.76,4,2
477,6,10.0,1,1,25,4.0,29.0,2,7.25,14.5,12.0,8,32.0,4,0
485,6,10.0,1,1,12,2.0,24.0,1,12.0,24.0,12.0,4,33.33,2,2
548,6,10.0,1,1,18,3.0,14.0,2,4.67,7.0,9.0,12,66.67,2,0
559,6,10.0,2,2,51,8.0,34.0,3,4.25,11.33,16.0,30,58.82,4,0
564,6,10.0,6,6,135,22.0,204.0,7,9.27,29.14,18.86,45,33.33,25,6
577,6,10.0,3,3,51,8.0,70.0,0,8.75,0.0,inf,14,27.45,2,5
586,6,10.0,1,1,12,2.0,20.0,0,10.0,0.0,inf,1,8.33,1,1
597,6,10.0,1,1,25,4.0,43.0,1,10.75,43.0,24.0,5,20.0,7,0
610,6,10.0,2,2,36,6.0,44.0,1,7.33,44.0,36.0,15,41.67,7,0
624,6,10.0,1,1,6,1.0,8.0,0,8.0,0.0,inf,2,33.33,1,0
634,6,10.0,1,1,13,2.0,24.0,0,12.0,0.0,inf,2,15.38,1,2
665,6,10.0,2,2,24,4.0,39.0,1,9.75,39.0,24.0,6,25.0,3,2
684,6,10.0,1,1,24,4.0,14.0,0,3.5,0.0,inf,9,37.5,0,0
689,6,10.0,2,2,42,7.0,68.0,0,9.71,0.0,inf,10,23.81,11,0
695,6,10.0,3,3,75,12.0,104.0,3,8.67,34.67,24.0,27,36.0,12,2
714,6,10.0,2,2,48,8.0,53.0,1,6.62,53.0,48.0,12,25.0,3,1
731,6,10.0,1,1,12,2.0,11.0,1,5.5,11.0,12.0,4,33.33,1,0
757,6,10.0,2,2,12,2.0,13.0,0,6.5,0.0,inf,5,41.67,0,1
14,6,11.0,2,2,48,8.0,64.0,2,8.0,32.0,24.0,17,35.42,6,3
63,6,11.0,1,1,6,1.0,18.0,0,18.0,0.0,inf,1,16.67,1,2
64,6,11.0,1,1,24,4.0,38.0,2,9.5,19.0,12.0,12,50.0,5,2
110,6,11.0,1,1,1,0.0,0.0,1,,0.0,1.0,1,100.0,0,0
189,6,11.0,1,1,26,4.0,26.0,1,6.5,26.0,24.0,11,42.31,3,0
212,6,11.0,1,1,26,4.0,28.0,1,7.0,28.0,24.0,10,38.46,4,0
249,6,11.0,1,1,25,4.0,29.0,1,7.25,29.0,24.0,11,44.0,5,0
251,6,11.0,2,2,49,8.0,64.0,4,8.0,16.0,12.0,21,42.86,4,4
259,6,11.0,1,1,4,0.0,12.0,0,inf,0.0,inf,1,25.0,3,0
293,6,11.0,1,1,24,4.0,33.0,1,8.25,33.0,24.0,5,20.83,3,1
371,6,11.0,2,2,49,8.0,62.0,5,7.75,12.4,9.6,19,38.78,6,3
380,6,11.0,2,2,49,8.0,57.0,2,7.12,28.5,24.0,20,40.82,6,1
386,6,11.0,1,1,25,4.0,39.0,3,9.75,13.0,8.0,10,40.0,5,2
477,6,11.0,2,2,43,7.0,34.0,2,4.86,17.0,21.0,23,53.49,3,1
564,6,11.0,1,1,24,4.0,38.0,0,9.5,0.0,inf,8,33.33,5,2
610,6,11.0,1,1,25,4.0,39.0,0,9.75,0.0,inf,4,16.0,3,2
665,6,11.0,1,1,12,2.0,22.0,1,11.0,22.0,12.0,3,25.0,4,0
695,6,11.0,1,1,24,4.0,22.0,1,5.5,22.0,24.0,12,50.0,1,1
705,6,11.0,1,1,2,0.0,1.0,0,inf,0.0,inf,1,50.0,0,0
4,6,16.0,1,1,6,1.0,13.0,0,13.0,0.0,inf,1,16.67,1,1
6,6,16.0,1,1,12,2.0,14.0,0,7.0,0.0,inf,6,50.0,1,1
14,6,16.0,1,1,24,4.0,36.0,1,9.0,36.0,23.0,7,29.17,1,3
50,6,16.0,4,4,44,7.0,56.0,2,8.0,28.0,21.0,17,38.64,6,1
58,6,16.0,1,1,25,4.0,24.0,2,6.0,12.0,12.0,9,36.0,2,0
64,6,16.0,1,1,13,2.0,14.0,1,7.0,14.0,12.0,5,38.46,2,0
74,6,16.0,1,1,18,3.0,19.0,1,6.33,19.0,18.0,7,38.89,1,1
104,6,16.0,2,2,18,3.0,28.0,2,9.33,14.0,9.0,4,22.22,2,1
111,6,16.0,1,1,12,2.0,8.0,1,4.0,8.0,12.0,6,50.0,0,0
122,6,16.0,1,1,26,4.0,22.0,1,5.5,22.0,24.0,13,50.0,1,1
134,6,16.0,1,1,25,4.0,29.0,2,7.25,14.5,12.0,10,40.0,4,0
137,6,16.0,1,1,25,4.0,23.0,1,5.75,23.0,24.0,8,32.0,2,0
144,6,16.0,1,1,18,3.0,21.0,1,7.0,21.0,18.0,8,44.44,3,0
148,6,16.0,1,1,26,4.0,32.0,1,8.0,32.0,24.0,8,30.77,3,0
156,6,16.0,1,1,12,2.0,17.0,0,8.5,0.0,inf,4,33.33,3,0
158,6,16.0,1,1,13,2.0,24.0,1,12.0,24.0,12.0,3,23.08,1,2
168,6,16.0,1,1,24,4.0,39.0,0,9.75,0.0,inf,3,12.5,3,1
174,6,16.0,1,1,24,4.0,24.0,2,6.0,12.0,12.0,10,41.67,4,0
178,6,16.0,1,1,25,4.0,28.0,2,7.0,14.0,12.0,12,48.0,3,1
212,6,16.0,1,1,6,1.0,6.0,0,6.0,0.0,inf,3,50.0,1,0
230,6,16.0,1,1,6,1.0,4.0,1,4.0,4.0,6.0,2,33.33,0,0
234,6,16.0,8,8,193,32.0,172.0,12,5.38,14.33,16.0,81,41.97,9,3
240,6,16.0,8,8,187,31.0,226.0,11,7.29,20.55,16.45,73,39.04,27,3
241,6,16.0,1,1,24,4.0,25.0,0,6.25,0.0,inf,7,29.17,2,0
250,6,16.0,1,1,19,3.0,11.0,2,3.67,5.5,9.0,10,52.63,0,0
251,6,16.0,1,1,24,4.0,25.0,1,6.25,25.0,24.0,9,37.5,3,0
255,6,16.0,1,1,25,4.0,11.0,0,2.75,0.0,inf,17,68.0,1,0
259,6,16.0,1,1,13,2.0,13.0,1,6.5,13.0,12.0,6,46.15,2,0
269,6,16.0,1,1,19,3.0,14.0,2,4.67,7.0,9.0,9,47.37,1,0
293,6,16.0,1,1,25,4.0,35.0,1,8.75,35.0,24.0,9,36.0,3,1
303,6,16.0,1,1,26,4.0,16.0,5,4.0,3.2,4.8,12,46.15,0,0
326,6,16.0,1,1,26,4.0,27.0,0,6.75,0.0,inf,4,15.38,1,0
330,6,16.0,1,1,6,1.0,2.0,0,2.0,0.0,inf,4,66.67,0,0
343,6,16.0,1,1,24,4.0,21.0,1,5.25,21.0,24.0,9,37.5,2,0
356,6,16.0,1,1,12,2.0,17.0,0,8.5,0.0,inf,5,41.67,2,0
364,6,16.0,1,1,25,4.0,34.0,1,8.5,34.0,24.0,8,32.0,3,1
381,6,16.0,1,1,23,3.0,29.0,3,9.67,9.67,7.67,8,34.78,1,2
383,6,16.0,7,7,171,28.0,192.0,8,6.86,24.0,20.25,75,43.86,11,10
386,6,16.0,1,1,18,3.0,23.0,0,7.67,0.0,inf,7,38.89,3,0
423,6,16.0,1,1,6,1.0,3.0,0,3.0,0.0,inf,3,50.0,0,0
449,6,16.0,1,1,24,4.0,25.0,1,6.25,25.0,24.0,9,37.5,1,1
451,6,16.0,1,1,12,2.0,7.0,0,3.5,0.0,inf,6,50.0,0,0
477,6,16.0,1,1,18,3.0,12.0,1,4.0,12.0,18.0,11,61.11,0,0
479,6,16.0,1,1,12,2.0,16.0,0,8.0,0.0,inf,2,16.67,2,0
485,6,16.0,6,6,109,18.0,120.0,6,6.67,20.0,18.0,43,39.45,6,6
545,6,16.0,1,1,24,4.0,17.0,1,4.25,17.0,24.0,11,45.83,1,0
559,6,16.0,8,9,202,33.0,183.0,11,5.55,16.64,17.91,99,49.01,16,3
564,6,16.0,1,1,18,3.0,27.0,0,9.0,0.0,inf,7,38.89,5,0
586,6,16.0,1,1,24,4.0,18.0,0,4.5,0.0,inf,10,41.67,1,0
597,6,16.0,1,2,31,5.0,47.0,1,9.4,47.0,30.0,7,22.58,1,3
634,6,16.0,1,1,6,1.0,15.0,0,15.0,0.0,inf,0,0.0,3,0
654,6,16.0,1,1,25,4.0,29.0,0,7.25,0.0,inf,8,32.0,2,1
672,6,16.0,1,1,18,3.0,16.0,1,5.33,16.0,18.0,8,44.44,0,1
705,6,16.0,1,1,7,1.0,5.0,0,5.0,0.0,inf,2,28.57,0,0
714,6,16.0,1,1,24,4.0,20.0,1,5.0,20.0,24.0,6,25.0,0,0
726,6,16.0,2,2,12,2.0,7.0,1,3.5,7.0,12.0,6,50.0,0,0
732,6,16.0,1,1,20,3.0,20.0,0,6.67,0.0,inf,6,30.0,2,0
735,6,16.0,1,1,6,1.0,10.0,0,10.0,0.0,inf,0,0.0,1,0
755,6,16.0,1,1,19,3.0,28.0,0,9.33,0.0,inf,8,42.11,3,1
757,6,16.0,1,1,6,1.0,9.0,0,9.0,0.0,inf,2,33.33,1,0
768,6,16.0,1,1,25,4.0,18.0,1,4.5,18.0,24.0,8,32.0,1,0
4,6,18.0,1,1,25,4.0,28.0,0,7.0,0.0,inf,5,20.0,3,0
6,6,18.0,1,1,7,1.0,9.0,0,9.0,0.0,inf,3,42.86,0,1
14,6,18.0,1,1,24,4.0,23.0,0,5.75,0.0,inf,9,37.5,2,0
34,6,18.0,1,1,20,3.0,28.0,2,9.33,14.0,9.0,8,40.0,2,1
50,6,18.0,1,1,18,3.0,17.0,0,5.67,0.0,inf,8,44.44,2,0
58,6,18.0,1,1,18,3.0,30.0,0,10.0,0.0,inf,4,22.22,4,0
74,6,18.0,5,5,105,17.0,111.0,4,6.53,27.75,25.5,48,45.71,14,1
111,6,18.0,1,1,12,2.0,16.0,0,8.0,0.0,inf,1,8.33,1,0
137,6,18.0,1,1,7,1.0,23.0,0,23.0,0.0,inf,0,0.0,0,3
144,6,18.0,1,1,26,4.0,41.0,0,10.25,0.0,inf,8,30.77,5,1
148,6,18.0,1,1,18,3.0,26.0,0,8.67,0.0,inf,6,33.33,3,1
158,6,18.0,1,1,24,4.0,36.0,1,9.0,36.0,24.0,9,37.5,6,0
163,6,18.0,1,1,19,3.0,29.0,0,9.67,0.0,inf,7,36.84,4,1
168,6,18.0,6,6,141,23.0,186.0,10,8.09,18.6,13.2,46,32.62,16,4
178,6,18.0,1,1,24,4.0,21.0,1,5.25,21.0,24.0,14,58.33,3,0
189,6,18.0,1,1,15,2.0,20.0,0,10.0,0.0,inf,6,40.0,1,1
191,6,18.0,5,5,84,14.0,95.0,4,6.79,23.75,21.0,36,42.86,13,1
210,6,18.0,3,3,77,12.0,80.0,4,6.67,20.0,18.0,37,48.05,9,2
234,6,18.0,1,1,12,2.0,20.0,0,10.0,0.0,inf,3,25.0,0,2
240,6,18.0,1,1,24,4.0,34.0,1,8.5,34.0,24.0,9,37.5,5,1
245,6,18.0,1,1,26,4.0,28.0,0,7.0,0.0,inf,3,11.54,1,0
251,6,18.0,1,1,20,3.0,22.0,1,7.33,22.0,20.0,5,25.0,1,0
255,6,18.0,1,1,24,4.0,28.0,2,7.0,14.0,12.0,11,45.83,3,1
269,6,18.0,1,1,13,2.0,6.0,1,3.0,6.0,12.0,7,53.85,0,0
293,6,18.0,1,1,25,4.0,26.0,1,6.5,26.0,24.0,7,28.0,1,1
303,6,18.0,7,7,170,28.0,204.0,12,7.29,17.0,13.58,68,40.0,20,5
321,6,18.0,1,1,26,4.0,30.0,0,7.5,0.0,inf,13,50.0,6,0
326,6,18.0,1,1,18,3.0,32.0,0,10.67,0.0,inf,1,5.56,1,2
343,6,18.0,1,1,25,4.0,38.0,0,9.5,0.0,inf,6,24.0,2,2
361,6,18.0,1,1,24,4.0,28.0,2,7.0,14.0,12.0,12,50.0,2,2
380,6,18.0,1,1,24,4.0,35.0,1,8.75,35.0,24.0,9,37.5,7,0
383,6,18.0,1,1,18,3.0,35.0,0,11.67,0.0,inf,6,33.33,6,1
386,6,18.0,1,1,24,4.0,30.0,0,7.5,0.0,inf,8,33.33,5,0
387,6,18.0,1,1,7,1.0,12.0,0,12.0,0.0,inf,1,14.29,2,0
449,6,18.0,1,1,18,3.0,35.0,1,11.67,35.0,18.0,7,38.89,1,4
463,6,18.0,1,1,25,4.0,20.0,1,5.0,20.0,24.0,14,56.0,3,0
477,6,18.0,1,1,25,4.0,10.0,2,2.5,5.0,12.0,17,68.0,1,0
479,6,18.0,1,1,18,3.0,34.0,1,11.33,34.0,18.0,2,11.11,4,1
484,6,18.0,1,1,12,2.0,14.0,1,7.0,14.0,12.0,5,41.67,2,0
485,6,18.0,1,1,11,1.0,24.0,0,24.0,0.0,inf,1,9.09,3,1
541,6,18.0,2,2,48,8.0,68.0,1,8.5,68.0,42.0,16,33.33,9,1
545,6,18.0,1,1,25,4.0,38.0,1,9.5,38.0,24.0,11,44.0,5,1
548,6,18.0,1,1,18,3.0,19.0,0,6.33,0.0,inf,9,50.0,3,0
559,6,18.0,1,1,25,4.0,15.0,1,3.75,15.0,24.0,16,64.0,2,0
564,6,18.0,1,1,20,3.0,28.0,0,9.33,0.0,inf,7,35.0,3,0
577,6,18.0,1,1,12,2.0,22.0,0,11.0,0.0,inf,3,25.0,4,0
586,6,18.0,1,1,24,4.0,31.0,0,7.75,0.0,inf,4,16.67,2,1
597,6,18.0,1,1,23,3.0,39.0,1,13.0,39.0,23.0,7,30.43,5,1
607,6,18.0,1,1,19,3.0,10.0,0,3.33,0.0,inf,12,63.16,1,0
610,6,18.0,1,1,23,3.0,23.0,1,7.67,23.0,23.0,9,39.13,3,0
660,6,18.0,1,1,23,3.0,27.0,3,9.0,9.0,7.67,9,39.13,4,0
665,6,18.0,1,1,14,2.0,24.0,1,12.0,24.0,12.0,5,35.71,3,1
692,6,18.0,1,1,25,4.0,35.0,1,8.75,35.0,24.0,5,20.0,4,0
695,6,18.0,1,1,24,4.0,40.0,0,10.0,0.0,inf,6,25.0,2,2
714,6,18.0,8,8,172,28.0,183.0,9,6.54,20.33,18.67,71,41.28,17,3
732,6,18.0,1,1,24,4.0,30.0,0,7.5,0.0,inf,8,33.33,4,0
755,6,18.0,1,1,24,4.0,20.0,2,5.0,10.0,12.0,14,58.33,1,1
756,6,18.0,1,1,18,3.0,21.0,1,7.0,21.0,18.0,6,33.33,3,0
757,6,18.0,7,7,100,16.0,90.0,5,5.62,18.0,19.2,45,45.0,6,2
4,6,23.0,5,5,113,18.0,107.0,7,5.94,15.29,15.43,45,39.82,11,1
6,6,23.0,2,2,36,6.0,39.0,3,6.5,13.0,12.0,12,33.33,3,1
7,6,23.0,1,1,14,2.0,17.0,0,8.5,0.0,inf,6,42.86,3,0
14,6,23.0,1,1,24,4.0,35.0,3,8.75,11.67,8.0,13,54.17,3,3
64,6,23.0,1,1,18,3.0,20.0,1,6.67,20.0,18.0,10,55.56,4,0
74,6,23.0,2,2,36,6.0,55.0,2,9.17,27.5,17.5,12,33.33,8,1
104,6,23.0,1,1,12,2.0,15.0,1,7.5,15.0,12.0,4,33.33,2,0
108,6,23.0,5,5,123,20.0,141.0,5,7.05,28.2,24.0,48,39.02,12,5
116,6,23.0,1,1,19,3.0,24.0,0,8.0,0.0,inf,5,26.32,1,1
117,6,23.0,1,1,12,2.0,18.0,1,9.0,18.0,12.0,3,25.0,1,1
137,6,23.0,2,2,43,7.0,43.0,2,6.14,21.5,21.0,19,44.19,1,3
144,6,23.0,3,3,70,11.0,68.0,4,6.18,17.0,16.5,37,52.86,9,1
158,6,23.0,2,2,43,7.0,37.0,2,5.29,18.5,21.0,18,41.86,3,0
168,6,23.0,1,1,25,4.0,33.0,2,8.25,16.5,12.0,9,36.0,4,1
178,6,23.0,2,2,42,7.0,39.0,1,5.57,39.0,42.0,25,59.52,7,0
179,6,23.0,1,1,24,4.0,34.0,0,8.5,0.0,inf,8,33.33,3,1
189,6,23.0,2,2,30,5.0,36.0,1,7.2,36.0,30.0,9,30.0,5,0
212,6,23.0,1,1,12,2.0,15.0,0,7.5,0.0,inf,8,66.67,2,1
223,6,23.0,2,2,43,7.0,48.0,2,6.86,24.0,21.0,17,39.53,8,0
234,6,23.0,1,1,18,3.0,28.0,0,9.33,0.0,inf,7,38.89,4,1
240,6,23.0,1,1,26,4.0,44.0,0,11.0,0.0,inf,4,15.38,6,1
250,6,23.0,1,1,22,3.0,22.0,1,7.33,22.0,22.0,7,31.82,2,0
251,6,23.0,1,1,24,4.0,33.0,0,8.25,0.0,inf,6,25.0,4,1
255,6,23.0,6,6,144,24.0,123.0,10,5.12,12.3,14.4,58,40.28,7,2
293,6,23.0,3,3,56,9.0,72.0,5,8.0,14.4,10.8,23,41.07,6,3
303,6,23.0,2,2,50,8.0,52.0,1,6.5,52.0,48.0,23,46.0,5,2
345,6,23.0,1,1,21,3.0,24.0,1,8.0,24.0,20.0,8,38.1,2,1
381,6,23.0,2,2,42,7.0,57.0,1,8.14,57.0,42.0,14,33.33,1,5
383,6,23.0,1,1,25,4.0,33.0,0,8.25,0.0,inf,8,32.0,5,0
386,6,23.0,3,3,77,12.0,90.0,5,7.5,18.0,14.4,28,36.36,12,0
449,6,23.0,2,2,37,6.0,56.0,5,9.33,11.2,7.2,15,40.54,6,3
451,6,23.0,1,1,24,4.0,22.0,2,5.5,11.0,12.0,9,37.5,2,0
463,6,23.0,1,1,25,4.0,40.0,2,10.0,20.0,12.0,9,36.0,6,1
477,6,23.0,1,1,25,4.0,28.0,0,7.0,0.0,inf,13,52.0,2,2
484,6,23.0,1,1,6,1.0,8.0,0,8.0,0.0,inf,2,33.33,1,0
485,6,23.0,1,1,12,2.0,13.0,1,6.5,13.0,12.0,5,41.67,0,1
548,6,23.0,1,1,25,4.0,26.0,0,6.5,0.0,inf,9,36.0,3,0
559,6,23.0,1,1,25,4.0,29.0,0,7.25,0.0,inf,10,40.0,2,1
564,6,23.0,1,1,20,3.0,23.0,0,7.67,0.0,inf,6,30.0,3,0
586,6,23.0,3,3,72,12.0,85.0,3,7.08,28.33,24.0,29,40.28,8,3
607,6,23.0,1,1,19,3.0,28.0,1,9.33,28.0,18.0,6,31.58,1,2
654,6,23.0,1,1,7,1.0,9.0,1,9.0,9.0,7.0,3,42.86,0,1
665,6,23.0,3,3,45,7.0,54.0,3,7.71,18.0,14.0,18,40.0,3,3
703,6,23.0,1,1,21,3.0,31.0,0,10.33,0.0,inf,5,23.81,1,2
714,6,23.0,2,2,43,7.0,47.0,1,6.71,47.0,42.0,14,32.56,3,1
718,6,23.0,5,5,121,20.0,146.0,3,7.3,48.67,40.0,39,32.23,13,5
726,6,23.0,1,1,6,1.0,14.0,0,14.0,0.0,inf,1,16.67,3,0
731,6,23.0,1,1,19,3.0,21.0,0,7.0,0.0,inf,8,42.11,3,0
756,6,23.0,6,6,121,20.0,138.0,7,6.9,19.71,17.0,29,23.97,10,2
757,6,23.0,2,2,12,2.0,19.0,1,9.5,19.0,12.0,4,33.33,0,2
4,6,28.0,1,1,19,3.0,21.0,0,7.0,0.0,inf,5,26.32,2,0
6,6,28.0,1,1,24,4.0,29.0,3,7.25,9.67,8.0,12,50.0,2,2
14,6,28.0,1,1,24,4.0,32.0,0,8.0,0.0,inf,9,37.5,3,1
25,6,28.0,1,1,18,3.0,18.0,1,6.0,18.0,18.0,11,61.11,2,1
50,6,28.0,1,1,13,2.0,15.0,0,7.5,0.0,inf,3,23.08,1,0
58,6,28.0,1,1,24,4.0,32.0,0,8.0,0.0,inf,9,37.5,2,2
64,6,28.0,1,1,24,4.0,49.0,2,12.25,24.5,12.0,6,25.0,3,4
74,6,28.0,1,1,25,4.0,30.0,2,7.5,15.0,12.0,8,32.0,3,1
97,6,28.0,1,1,24,4.0,43.0,1,10.75,43.0,24.0,1,4.17,2,2
111,6,28.0,1,1,12,2.0,13.0,1,6.5,13.0,12.0,5,41.67,2,0
134,6,28.0,1,1,26,4.0,63.0,0,15.75,0.0,inf,4,15.38,5,4
137,6,28.0,1,1,12,2.0,11.0,1,5.5,11.0,12.0,6,50.0,0,1
144,6,28.0,8,8,195,32.0,244.0,15,7.62,16.27,12.4,88,45.13,35,5
158,6,28.0,1,1,20,3.0,14.0,0,4.67,0.0,inf,11,55.0,1,0
168,6,28.0,1,1,25,4.0,27.0,1,6.75,27.0,24.0,10,40.0,1,1
171,6,28.0,1,1,19,3.0,21.0,1,7.0,21.0,18.0,9,47.37,2,1
174,6,28.0,1,1,26,4.0,43.0,1,10.75,43.0,24.0,8,30.77,5,2
178,6,28.0,1,1,25,4.0,20.0,0,5.0,0.0,inf,16,64.0,2,1
189,6,28.0,1,1,24,4.0,27.0,0,6.75,0.0,inf,8,33.33,1,1
212,6,28.0,1,1,24,4.0,37.0,1,9.25,37.0,24.0,8,33.33,4,2
221,6,28.0,1,1,12,2.0,11.0,1,5.5,11.0,12.0,5,41.67,1,0
234,6,28.0,1,1,19,3.0,36.0,0,12.0,0.0,inf,2,10.53,1,3
240,6,28.0,1,1,22,3.0,55.0,0,18.33,0.0,inf,6,27.27,3,6
251,6,28.0,1,1,12,2.0,24.0,1,12.0,24.0,12.0,4,33.33,2,2
255,6,28.0,1,1,25,4.0,29.0,0,7.25,0.0,inf,10,40.0,2,1
259,6,28.0,4,4,102,17.0,126.0,7,7.41,18.0,13.71,46,45.1,10,6
293,6,28.0,8,8,185,30.0,168.0,12,5.6,14.0,15.0,77,41.62,7,5
297,6,28.0,1,1,13,2.0,24.0,1,12.0,24.0,12.0,5,38.46,2,2
303,6,28.0,1,1,25,4.0,32.0,2,8.0,16.0,12.0,8,32.0,3,1
343,6,28.0,1,1,24,4.0,27.0,0,6.75,0.0,inf,11,45.83,3,1
361,6,28.0,1,1,24,4.0,35.0,1,8.75,35.0,24.0,10,41.67,5,1
380,6,28.0,1,1,25,4.0,16.0,0,4.0,0.0,inf,9,36.0,0,0
381,6,28.0,1,1,24,4.0,30.0,1,7.5,30.0,24.0,10,41.67,5,0
383,6,28.0,1,1,25,4.0,32.0,1,8.0,32.0,24.0,9,36.0,3,1
386,6,28.0,8,8,185,30.0,188.0,9,6.27,20.89,20.22,75,40.54,16,5
426,6,28.0,1,1,26,4.0,60.0,2,15.0,30.0,12.0,7,26.92,9,2
449,6,28.0,1,1,19,3.0,19.0,1,6.33,19.0,18.0,7,36.84,2,0
451,6,28.0,1,1,18,3.0,26.0,0,8.67,0.0,inf,3,16.67,2,1
477,6,28.0,1,1,25,4.0,24.0,1,6.0,24.0,24.0,11,44.0,2,1
479,6,28.0,1,1,24,4.0,29.0,0,7.25,0.0,inf,6,25.0,1,1
485,6,28.0,1,1,19,3.0,22.0,2,7.33,11.0,9.0,8,42.11,2,1
545,6,28.0,1,1,12,2.0,16.0,0,8.0,0.0,inf,5,41.67,3,0
559,6,28.0,1,1,24,4.0,23.0,0,5.75,0.0,inf,11,45.83,3,0
564,6,28.0,1,1,21,3.0,28.0,0,9.33,0.0,inf,7,33.33,3,1
586,6,28.0,7,7,144,24.0,183.0,11,7.62,16.64,12.73,49,34.03,15,7
597,6,28.0,1,1,25,4.0,38.0,1,9.5,38.0,24.0,10,40.0,4,2
607,6,28.0,1,1,18,3.0,25.0,0,8.33,0.0,inf,10,55.56,2,2
634,6,28.0,1,1,13,2.0,20.0,2,10.0,10.0,6.0,5,38.46,3,0
665,6,28.0,5,5,69,11.0,98.0,3,8.91,32.67,22.0,18,26.09,5,5
671,6,28.0,1,1,24,4.0,46.0,0,11.5,0.0,inf,5,20.83,4,2
672,6,28.0,1,1,12,2.0,20.0,0,10.0,0.0,inf,3,25.0,2,1
684,6,28.0,1,1,13,2.0,32.0,0,16.0,0.0,inf,3,23.08,2,3
692,6,28.0,1,1,26,4.0,40.0,1,10.0,40.0,24.0,7,26.92,5,1
695,6,28.0,1,1,25,4.0,43.0,1,10.75,43.0,24.0,8,32.0,7,1
718,6,28.0,1,1,20,3.0,7.0,0,2.33,0.0,inf,13,65.0,0,0
732,6,28.0,1,1,25,4.0,38.0,1,9.5,38.0,24.0,6,24.0,4,1
756,6,28.0,1,1,12,2.0,22.0,1,11.0,22.0,12.0,2,16.67,2,1
757,6,28.0,1,1,6,1.0,11.0,0,11.0,0.0,inf,1,16.67,2,0
4,6,31.0,1,1,25,4.0,27.0,2,6.75,13.5,12.0,8,32.0,0,2
6,6,31.0,1,1,25,4.0,26.0,1,6.5,26.0,24.0,14,56.0,1,2
14,6,31.0,1,1,24,4.0,19.0,2,4.75,9.5,12.0,10,41.67,2,0
25,6,31.0,1,1,24,4.0,27.0,2,6.75,13.5,12.0,10,41.67,3,0
47,6,31.0,2,2,48,8.0,63.0,2,7.88,31.5,23.5,18,37.5,5,3
63,6,31.0,1,1,6,1.0,5.0,0,5.0,0.0,inf,1,16.67,0,0
111,6,31.0,4,4,67,11.0,80.0,3,7.27,26.67,22.0,19,28.36,8,1
134,6,31.0,6,6,128,21.0,198.0,6,9.43,33.0,21.0,45,35.16,26,6
137,6,31.0,1,1,12,2.0,20.0,0,10.0,0.0,inf,5,41.67,2,1
144,6,31.0,1,1,24,4.0,8.0,2,2.0,4.0,12.0,16,66.67,0,0
158,6,31.0,1,1,19,3.0,21.0,1,7.0,21.0,18.0,7,36.84,2,0
163,6,31.0,1,1,13,2.0,19.0,0,9.5,0.0,inf,3,23.08,2,0
167,6,31.0,1,1,6,1.0,12.0,1,12.0,12.0,6.0,2,33.33,1,1
168,6,31.0,1,1,24,4.0,26.0,0,6.5,0.0,inf,8,33.33,2,1
178,6,31.0,1,1,25,4.0,21.0,3,5.25,7.0,8.0,11,44.0,2,0
210,6,31.0,1,1,17,2.0,38.0,0,19.0,0.0,inf,7,41.18,2,4
212,6,31.0,1,1,24,4.0,34.0,1,8.5,34.0,24.0,11,45.83,3,2
223,6,31.0,1,1,18,3.0,20.0,0,6.67,0.0,inf,8,44.44,2,1
251,6,31.0,1,1,24,4.0,19.0,1,4.75,19.0,24.0,11,45.83,1,0
255,6,31.0,1,1,24,4.0,12.0,2,3.0,6.0,12.0,15,62.5,1,0
269,6,31.0,1,1,24,4.0,44.0,1,11.0,44.0,24.0,7,29.17,4,3
293,6,31.0,1,1,24,4.0,14.0,1,3.5,14.0,24.0,10,41.67,0,0
297,6,31.0,3,3,40,6.0,41.0,2,6.83,20.5,19.0,14,35.0,4,0
303,6,31.0,1,1,25,4.0,17.0,2,4.25,8.5,12.0,13,52.0,2,0
317,6,31.0,1,1,19,3.0,23.0,0,7.67,0.0,inf,3,15.79,1,0
321,6,31.0,1,1,24,4.0,12.0,1,3.0,12.0,24.0,17,70.83,2,0
326,6,31.0,1,1,24,4.0,29.0,2,7.25,14.5,12.0,7,29.17,1,1
343,6,31.0,4,4,90,15.0,99.0,4,6.6,24.75,22.5,29,32.22,8,1
345,6,31.0,1,1,25,4.0,34.0,1,8.5,34.0,24.0,12,48.0,3,2
380,6,31.0,1,1,24,4.0,16.0,1,4.0,16.0,24.0,14,58.33,2,0
381,6,31.0,1,1,24,4.0,26.0,2,6.5,13.0,12.0,9,37.5,1,1
386,6,31.0,1,1,25,4.0,27.0,2,6.75,13.5,12.0,5,20.0,2,0
396,6,31.0,1,1,12,2.0,15.0,1,7.5,15.0,12.0,3,25.0,0,1
425,6,31.0,2,2,48,8.0,40.0,1,5.0,40.0,48.0,22,45.83,3,1
449,6,31.0,1,1,25,4.0,18.0,1,4.5,18.0,24.0,10,40.0,0,0
451,6,31.0,1,1,25,4.0,21.0,1,5.25,21.0,24.0,8,32.0,1,0
477,6,31.0,1,1,25,4.0,31.0,2,7.75,15.5,12.0,9,36.0,3,1
479,6,31.0,5,5,92,15.0,107.0,4,7.13,26.75,22.5,31,33.7,8,1
545,6,31.0,7,7,145,24.0,164.0,4,6.83,41.0,34.5,62,42.76,21,3
550,6,31.0,2,2,30,5.0,28.0,1,5.6,28.0,30.0,12,40.0,3,0
564,6,31.0,1,1,26,4.0,52.0,1,13.0,52.0,24.0,6,23.08,4,4
586,6,31.0,1,1,18,3.0,28.0,0,9.33,0.0,inf,6,33.33,0,3
597,6,31.0,1,1,25,4.0,31.0,3,7.75,10.33,8.0,9,36.0,1,2
604,6,31.0,1,1,6,1.0,3.0,0,3.0,0.0,inf,3,50.0,0,0
610,6,31.0,1,1,24,4.0,27.0,2,6.75,13.5,12.0,9,37.5,2,1
624,6,31.0,1,1,6,1.0,5.0,1,5.0,5.0,6.0,3,50.0,1,0
643,6,31.0,1,1,25,4.0,15.0,3,3.75,5.0,8.0,12,48.0,1,0
660,6,31.0,2,2,48,8.0,76.0,1,9.5,76.0,42.0,11,22.92,8,2
692,6,31.0,1,1,26,4.0,27.0,1,6.75,27.0,24.0,10,38.46,2,1
695,6,31.0,1,1,24,4.0,36.0,0,9.0,0.0,inf,7,29.17,4,1
714,6,31.0,1,1,25,4.0,31.0,0,7.75,0.0,inf,7,28.0,2,1
718,6,31.0,1,1,23,3.0,19.0,3,6.33,6.33,7.0,11,47.83,2,0
756,6,31.0,1,1,18,3.0,19.0,1,6.33,19.0,18.0,4,22.22,0,1
768,6,31.0,1,1,19,3.0,32.0,0,10.67,0.0,inf,7,36.84,0,4
134,6,32.0,1,1,26,4.0,25.0,1,6.25,25.0,24.0,11,42.31,3,0
234,6,32.0,1,1,24,4.0,19.0,4,4.75,4.75,6.0,10,41.67,0,1
240,6,32.0,1,1,24,4.0,20.0,3,5.0,6.67,8.0,13,54.17,2,0
297,6,32.0,1,1,25,4.0,26.0,1,6.5,26.0,24.0,6,24.0,2,0
343,6,32.0,1,1,24,4.0,21.0,2,5.25,10.5,12.0,12,50.0,1,1
383,6,32.0,1,1,24,4.0,22.0,1,5.5,22.0,24.0,13,54.17,3,0
479,6,32.0,1,1,24,4.0,29.0,0,7.25,0.0,inf,5,20.83,1,1
485,6,32.0,1,1,18,3.0,13.0,1,4.33,13.0,18.0,8,44.44,1,0
545,6,32.0,1,1,26,4.0,18.0,3,4.5,6.0,8.0,16,61.54,2,0
559,6,32.0,1,1,24,4.0,34.0,1,8.5,34.0,24.0,10,41.67,5,0
4,6,33.0,1,1,18,3.0,29.0,1,9.67,29.0,18.0,6,33.33,4,1
47,6,33.0,1,1,25,4.0,38.0,0,9.5,0.0,inf,10,40.0,1,4
64,6,33.0,2,2,50,8.0,64.0,1,8.0,64.0,48.0,15,30.0,6,2
111,6,33.0,1,1,12,2.0,9.0,0,4.5,0.0,inf,3,25.0,0,0
134,6,33.0,1,1,24,4.0,31.0,3,7.75,10.33,8.0,14,58.33,5,1
167,6,33.0,1,1,8,1.0,16.0,0,16.0,0.0,inf,0,0.0,1,1
212,6,33.0,2,2,49,8.0,45.0,3,5.62,15.0,16.0,27,55.1,7,0
255,6,33.0,1,1,24,4.0,14.0,0,3.5,0.0,inf,14,58.33,1,0
317,6,33.0,1,1,13,2.0,15.0,1,7.5,15.0,12.0,4,30.77,1,0
343,6,33.0,1,1,18,3.0,23.0,1,7.67,23.0,18.0,7,38.89,2,1
451,6,33.0,2,2,48,8.0,53.0,1,6.62,53.0,48.0,20,41.67,5,2
463,6,33.0,1,1,25,4.0,26.0,1,6.5,26.0,24.0,11,44.0,2,1
545,6,33.0,1,1,28,4.0,30.0,0,7.5,0.0,inf,13,46.43,2,1
564,6,33.0,2,2,51,8.0,60.0,4,7.5,15.0,12.0,24,47.06,8,0
654,6,33.0,1,1,5,0.0,11.0,0,inf,0.0,inf,1,20.0,0,1
695,6,33.0,2,2,50,8.0,58.0,1,7.25,58.0,48.0,22,44.0,6,1
718,6,33.0,1,1,24,4.0,35.0,1,8.75,35.0,24.0,5,20.83,4,0
756,6,33.0,1,1,12,2.0,21.0,0,10.5,0.0,inf,5,41.67,2,1
4,6,35.0,2,2,49,8.0,65.0,3,8.12,21.67,16.0,18,36.73,5,3
58,6,35.0,1,1,24,4.0,27.0,0,6.75,0.0,inf,10,41.67,4,0
108,6,35.0,2,2,48,8.0,40.0,2,5.0,20.0,24.0,17,35.42,2,0
111,6,35.0,1,1,6,1.0,11.0,0,11.0,0.0,inf,1,16.67,0,1
167,6,35.0,1,1,6,1.0,11.0,0,11.0,0.0,inf,1,16.67,0,1
255,6,35.0,2,2,48,8.0,48.0,4,6.0,12.0,12.0,22,45.83,4,1
326,6,35.0,1,1,24,4.0,17.0,1,4.25,17.0,24.0,15,62.5,1,1
361,6,35.0,1,1,26,4.0,17.0,1,4.25,17.0,24.0,13,50.0,1,0
461,6,35.0,1,1,6,1.0,5.0,0,5.0,0.0,inf,4,66.67,1,0
479,6,35.0,1,1,18,3.0,25.0,0,8.33,0.0,inf,4,22.22,3,0
545,6,35.0,1,1,25,4.0,22.0,1,5.5,22.0,24.0,11,44.0,1,0
597,6,35.0,1,1,21,3.0,17.0,2,5.67,8.5,10.0,11,52.38,1,0
604,6,35.0,2,2,12,2.0,21.0,0,10.5,0.0,inf,1,8.33,1,1
622,6,35.0,1,1,12,2.0,17.0,1,8.5,17.0,12.0,5,41.67,3,0
643,6,35.0,1,1,24,4.0,34.0,0,8.5,0.0,inf,4,16.67,3,1
654,6,35.0,1,1,6,1.0,6.0,0,6.0,0.0,inf,0,0.0,0,0
660,6,35.0,1,1,26,4.0,34.0,2,8.5,17.0,12.0,13,50.0,4,1
718,6,35.0,2,2,49,8.0,63.0,3,7.88,21.0,16.0,20,40.82,3,4
739,6,35.0,1,1,25,4.0,37.0,1,9.25,37.0,24.0,9,36.0,6,0
756,6,35.0,2,2,30,5.0,40.0,0,8.0,0.0,inf,6,20.0,1,2
4,7,1.0,3,3,49,8.0,59.0,1,7.38,59.0,48.0,12,24.49,5,0
6,7,1.0,2,2,40,6.0,61.0,2,10.17,30.5,20.0,12,30.0,6,2
47,7,1.0,3,3,75,12.0,71.0,5,5.92,14.2,14.4,30,40.0,6,0
50,7,1.0,1,1,13,2.0,19.0,0,9.5,0.0,inf,3,23.08,1,1
58,7,1.0,1,1,24,4.0,32.0,3,8.0,10.67,8.0,8,33.33,2,2
63,7,1.0,1,1,12,2.0,23.0,0,11.5,0.0,inf,3,25.0,1,2
64,7,1.0,1,1,18,3.0,24.0,1,8.0,24.0,18.0,6,33.33,4,0
74,7,1.0,2,2,33,5.0,31.0,1,6.2,31.0,30.0,15,45.45,3,1
129,7,1.0,1,1,27,4.0,23.0,1,5.75,23.0,24.0,11,40.74,0,1
134,7,1.0,1,1,12,2.0,8.0,0,4.0,0.0,inf,7,58.33,0,0
137,7,1.0,2,2,41,6.0,44.0,4,7.33,11.0,9.0,16,39.02,5,0
144,7,1.0,2,2,46,7.0,69.0,2,9.86,34.5,22.0,17,36.96,5,4
148,7,1.0,1,1,25,4.0,45.0,1,11.25,45.0,24.0,8,32.0,4,2
178,7,1.0,2,2,35,5.0,52.0,1,10.4,52.0,35.0,11,31.43,8,0
179,7,1.0,1,1,18,3.0,17.0,1,5.67,17.0,18.0,13,72.22,0,2
189,7,1.0,2,2,44,7.0,45.0,1,6.43,45.0,42.0,12,27.27,2,1
229,7,1.0,1,1,18,3.0,33.0,0,11.0,0.0,inf,5,27.78,5,1
234,7,1.0,1,1,24,4.0,26.0,2,6.5,13.0,12.0,8,33.33,2,0
245,7,1.0,1,1,19,3.0,37.0,0,12.33,0.0,inf,5,26.32,3,2
251,7,1.0,3,3,61,10.0,61.0,4,6.1,15.25,15.0,23,37.7,5,0
255,7,1.0,3,4,78,13.0,83.0,7,6.38,11.86,11.14,33,42.31,6,2
259,7,1.0,1,1,25,4.0,23.0,2,5.75,11.5,12.0,11,44.0,1,1
293,7,1.0,1,1,18,3.0,25.0,0,8.33,0.0,inf,5,27.78,3,0
303,7,1.0,2,3,39,6.0,48.0,3,8.0,16.0,12.0,9,23.08,3,1
342,7,1.0,1,1,25,4.0,29.0,2,7.25,14.5,12.0,14,56.0,5,0
361,7,1.0,1,1,25,4.0,16.0,0,4.0,0.0,inf,13,52.0,1,0
371,7,1.0,1,1,25,4.0,21.0,3,5.25,7.0,8.0,16,64.0,3,0
380,7,1.0,1,1,20,3.0,35.0,1,11.67,35.0,18.0,5,25.0,4,1
381,7,1.0,1,1,12,2.0,17.0,0,8.5,0.0,inf,2,16.67,2,0
383,7,1.0,1,1,25,4.0,29.0,1,7.25,29.0,24.0,9,36.0,3,0
386,7,1.0,1,1,25,4.0,23.0,4,5.75,5.75,6.0,10,40.0,1,1
439,7,1.0,1,1,18,3.0,16.0,0,5.33,0.0,inf,9,50.0,2,0
451,7,1.0,1,1,18,3.0,29.0,1,9.67,29.0,18.0,2,11.11,1,1
485,7,1.0,1,1,12,2.0,8.0,0,4.0,0.0,inf,5,41.67,0,0
538,7,1.0,1,1,12,2.0,9.0,1,4.5,9.0,12.0,7,58.33,1,0
545,7,1.0,1,1,21,3.0,21.0,1,7.0,21.0,21.0,9,42.86,3,0
559,7,1.0,1,1,24,4.0,29.0,2,7.25,14.5,12.0,11,45.83,5,0
563,7,1.0,1,1,6,1.0,13.0,0,13.0,0.0,inf,2,33.33,3,0
564,7,1.0,1,1,24,4.0,28.0,0,7.0,0.0,inf,9,37.5,4,0
573,7,1.0,1,1,25,4.0,26.0,0,6.5,0.0,inf,6,24.0,1,0
586,7,1.0,1,1,24,4.0,36.0,0,9.0,0.0,inf,7,29.17,2,2
597,7,1.0,2,2,36,6.0,45.0,2,7.5,22.5,18.0,14,38.89,4,1
622,7,1.0,1,1,24,4.0,23.0,2,5.75,11.5,12.0,13,54.17,2,0
634,7,1.0,2,2,25,4.0,39.0,2,9.75,19.5,12.0,6,24.0,4,1
656,7,1.0,2,2,51,8.0,50.0,3,6.25,16.67,16.0,20,39.22,3,1
665,7,1.0,1,1,12,2.0,19.0,0,9.5,0.0,inf,4,33.33,3,0
695,7,1.0,3,3,76,12.0,82.0,3,6.83,27.33,24.0,39,51.32,9,2
718,7,1.0,2,2,45,7.0,64.0,3,9.14,21.33,14.0,13,28.89,7,2
732,7,1.0,3,3,74,12.0,74.0,6,6.17,12.33,12.0,29,39.19,3,3
743,7,1.0,2,2,48,8.0,52.0,2,6.5,26.0,24.0,15,31.25,4,0
756,7,1.0,3,3,55,9.0,58.0,4,6.44,14.5,13.5,15,27.27,3,0
757,7,1.0,3,3,18,3.0,15.0,1,5.0,15.0,18.0,8,44.44,1,0
766,7,1.0,1,1,25,4.0,29.0,1,7.25,29.0,24.0,7,28.0,3,0
34,7,2.0,1,1,25,4.0,44.0,0,11.0,0.0,inf,8,32.0,6,2
47,7,2.0,1,1,24,4.0,28.0,0,7.0,0.0,inf,8,33.33,4,0
74,7,2.0,2,2,37,6.0,34.0,6,5.67,5.67,6.0,19,51.35,6,0
116,7,2.0,1,1,19,3.0,27.0,0,9.0,0.0,inf,4,21.05,3,0
155,7,2.0,1,1,12,2.0,28.0,0,14.0,0.0,inf,3,25.0,1,3
168,7,2.0,2,2,38,6.0,46.0,1,7.67,46.0,36.0,15,39.47,4,2
173,7,2.0,1,1,24,4.0,31.0,1,7.75,31.0,24.0,9,37.5,5,0
212,7,2.0,1,1,11,1.0,8.0,1,8.0,8.0,11.0,4,36.36,0,0
234,7,2.0,1,1,25,4.0,13.0,0,3.25,0.0,inf,13,52.0,0,0
235,7,2.0,1,1,24,4.0,25.0,2,6.25,12.5,12.0,7,29.17,3,0
255,7,2.0,1,1,24,4.0,28.0,2,7.0,14.0,12.0,9,37.5,2,1
259,7,2.0,3,3,63,10.0,70.0,1,7.0,70.0,60.0,24,38.1,7,2
263,7,2.0,1,1,20,3.0,23.0,0,7.67,0.0,inf,6,30.0,1,1
269,7,2.0,1,1,12,2.0,11.0,1,5.5,11.0,12.0,5,41.67,1,0
293,7,2.0,1,1,25,4.0,13.0,2,3.25,6.5,12.0,17,68.0,1,0
303,7,2.0,4,4,81,13.0,100.0,1,7.69,100.0,78.0,27,33.33,10,3
320,7,2.0,1,1,27,4.0,50.0,2,12.5,25.0,12.0,6,22.22,2,4
356,7,2.0,1,1,24,4.0,23.0,2,5.75,11.5,12.0,10,41.67,0,1
439,7,2.0,1,1,20,3.0,33.0,0,11.0,0.0,inf,6,30.0,4,1
451,7,2.0,1,1,26,4.0,35.0,2,8.75,17.5,12.0,8,30.77,1,3
462,7,2.0,1,1,25,4.0,25.0,2,6.25,12.5,12.0,9,36.0,0,1
485,7,2.0,1,1,24,4.0,20.0,1,5.0,20.0,24.0,6,25.0,0,0
545,7,2.0,1,1,26,4.0,14.0,4,3.5,3.5,6.0,17,65.38,1,0
559,7,2.0,1,1,26,4.0,31.0,2,7.75,15.5,12.0,11,42.31,4,1
564,7,2.0,1,1,18,3.0,31.0,0,10.33,0.0,inf,5,27.78,2,2
573,7,2.0,1,1,20,3.0,25.0,1,8.33,25.0,18.0,3,15.0,1,1
586,7,2.0,1,1,24,4.0,30.0,2,7.5,15.0,12.0,9,37.5,2,1
597,7,2.0,1,1,24,4.0,42.0,2,10.5,21.0,12.0,8,33.33,2,3
604,7,2.0,1,1,12,2.0,14.0,0,7.0,0.0,inf,3,25.0,1,0
610,7,2.0,1,1,18,3.0,34.0,0,11.33,0.0,inf,5,27.78,1,3
665,7,2.0,1,1,6,1.0,11.0,0,11.0,0.0,inf,3,50.0,1,1
679,7,2.0,1,1,12,2.0,18.0,0,9.0,0.0,inf,2,16.67,1,1
732,7,2.0,3,3,70,11.0,71.0,5,6.45,14.2,13.2,16,22.86,3,1
743,7,2.0,1,1,27,4.0,25.0,1,6.25,25.0,24.0,8,29.63,2,0
756,7,2.0,4,4,85,14.0,110.0,5,7.86,22.0,16.8,18,21.18,3,6
757,7,2.0,2,2,18,3.0,26.0,1,8.67,26.0,18.0,5,27.78,4,0
6,7,3.0,1,1,14,2.0,14.0,1,7.0,14.0,12.0,2,14.29,0,0
25,7,3.0,1,1,27,4.0,40.0,1,10.0,40.0,24.0,5,18.52,4,1
34,7,3.0,1,1,27,4.0,41.0,1,10.25,41.0,24.0,9,33.33,0,4
45,7,3.0,1,1,18,3.0,29.0,0,9.67,0.0,inf,8,44.44,4,1
47,7,3.0,1,1,24,4.0,43.0,2,10.75,21.5,12.0,11,45.83,3,4
50,7,3.0,1,1,12,2.0,25.0,0,12.5,0.0,inf,3,25.0,2,2
63,7,3.0,1,1,8,1.0,24.0,0,24.0,0.0,inf,0,0.0,0,3
64,7,3.0,1,1,25,4.0,33.0,3,8.25,11.0,8.0,8,32.0,2,2
74,7,3.0,1,1,27,4.0,35.0,0,8.75,0.0,inf,10,37.04,4,1
86,7,3.0,3,3,71,11.0,109.0,3,9.91,36.33,21.67,23,32.39,12,4
111,7,3.0,4,4,79,13.0,112.0,5,8.62,22.4,15.6,20,25.32,6,7
134,7,3.0,2,2,44,7.0,76.0,1,10.86,76.0,42.0,16,36.36,6,5
137,7,3.0,1,1,24,4.0,33.0,1,8.25,33.0,24.0,8,33.33,2,2
144,7,3.0,2,2,50,8.0,66.0,3,8.25,22.0,16.0,20,40.0,9,1
148,7,3.0,1,1,25,4.0,31.0,1,7.75,31.0,24.0,10,40.0,2,2
178,7,3.0,1,1,18,3.0,16.0,1,5.33,16.0,18.0,9,50.0,0,1
179,7,3.0,5,5,122,20.0,146.0,4,7.3,36.5,30.0,36,29.51,7,6
212,7,3.0,1,1,18,3.0,25.0,0,8.33,0.0,inf,7,38.89,1,2
223,7,3.0,2,2,36,6.0,40.0,1,6.67,40.0,36.0,17,47.22,6,0
224,7,3.0,2,2,47,7.0,85.0,3,12.14,28.33,14.0,12,25.53,6,5
230,7,3.0,1,1,25,4.0,27.0,0,6.75,0.0,inf,8,32.0,2,0
235,7,3.0,1,1,24,4.0,48.0,0,12.0,0.0,inf,5,20.83,3,3
251,7,3.0,1,1,24,4.0,44.0,2,11.0,22.0,12.0,7,29.17,3,3
255,7,3.0,1,1,25,4.0,46.0,1,11.5,46.0,24.0,9,36.0,5,3
303,7,3.0,1,1,25,4.0,42.0,1,10.5,42.0,24.0,9,36.0,1,4
342,7,3.0,5,5,117,19.0,156.0,6,8.21,26.0,18.0,40,34.19,20,3
361,7,3.0,1,1,12,2.0,21.0,1,10.5,21.0,12.0,5,41.67,3,1
371,7,3.0,1,1,24,4.0,25.0,3,6.25,8.33,8.0,15,62.5,3,1
380,7,3.0,1,1,21,3.0,43.0,0,14.33,0.0,inf,3,14.29,3,2
383,7,3.0,1,1,19,3.0,35.0,0,11.67,0.0,inf,6,31.58,2,3
431,7,3.0,1,1,27,4.0,54.0,4,13.5,13.5,6.0,9,33.33,2,6
485,7,3.0,1,1,24,4.0,17.0,3,4.25,5.67,8.0,14,58.33,0,1
542,7,3.0,1,1,22,3.0,41.0,0,13.67,0.0,inf,4,18.18,2,3
545,7,3.0,1,1,25,4.0,16.0,2,4.0,8.0,12.0,18,72.0,3,0
559,7,3.0,1,1,25,4.0,39.0,0,9.75,0.0,inf,10,40.0,3,3
564,7,3.0,1,1,25,4.0,39.0,1,9.75,39.0,24.0,9,36.0,5,1
573,7,3.0,1,1,24,4.0,25.0,0,6.25,0.0,inf,10,41.67,2,1
610,7,3.0,1,1,25,4.0,37.0,1,9.25,37.0,24.0,11,44.0,4,2
651,7,3.0,1,1,24,4.0,26.0,2,6.5,13.0,12.0,12,50.0,1,2
656,7,3.0,2,2,49,8.0,43.0,1,5.38,43.0,48.0,17,34.69,3,0
677,7,3.0,1,1,6,1.0,7.0,0,7.0,0.0,inf,2,33.33,1,0
679,7,3.0,1,1,18,3.0,17.0,1,5.67,17.0,18.0,9,50.0,1,1
695,7,3.0,1,1,24,4.0,40.0,0,10.0,0.0,inf,8,33.33,3,2
718,7,3.0,2,2,44,7.0,84.0,2,12.0,42.0,21.0,12,27.27,7,5
732,7,3.0,1,1,25,4.0,38.0,1,9.5,38.0,24.0,7,28.0,5,1
743,7,3.0,1,1,24,4.0,26.0,0,6.5,0.0,inf,7,29.17,1,1
756,7,3.0,1,1,6,1.0,13.0,0,13.0,0.0,inf,0,0.0,1,1
768,7,3.0,1,1,24,4.0,25.0,2,6.25,12.5,12.0,8,33.33,1,1
58,7,7.0,1,1,12,2.0,3.0,1,1.5,3.0,12.0,10,83.33,0,0
74,7,7.0,1,1,13,2.0,16.0,0,8.0,0.0,inf,8,61.54,2,1
144,7,7.0,1,1,19,3.0,27.0,2,9.0,13.5,9.5,9,47.37,5,0
148,7,7.0,1,1,20,3.0,26.0,1,8.67,26.0,18.0,8,40.0,3,1
168,7,7.0,1,1,24,4.0,25.0,0,6.25,0.0,inf,4,16.67,2,0
189,7,7.0,3,3,76,12.0,77.0,4,6.42,19.25,18.0,27,35.53,7,0
235,7,7.0,1,1,25,4.0,32.0,1,8.0,32.0,23.0,8,32.0,3,1
263,7,7.0,1,1,24,4.0,31.0,2,7.75,15.5,12.0,9,37.5,3,1
303,7,7.0,1,1,19,3.0,39.0,1,13.0,39.0,18.0,5,26.32,4,2
320,7,7.0,1,1,24,4.0,40.0,1,10.0,40.0,24.0,9,37.5,4,2
371,7,7.0,1,1,19,3.0,37.0,0,12.33,0.0,inf,5,26.32,5,1
380,7,7.0,1,1,18,3.0,15.0,2,5.0,7.5,9.0,11,61.11,3,0
431,7,7.0,2,2,49,8.0,38.0,4,4.75,9.5,12.0,20,40.82,1,0
451,7,7.0,1,1,13,2.0,24.0,0,12.0,0.0,inf,2,15.38,1,1
462,7,7.0,1,1,24,4.0,32.0,2,8.0,16.0,12.0,9,37.5,2,1
477,7,7.0,1,1,25,4.0,20.0,1,5.0,20.0,24.0,16,64.0,2,1
478,7,7.0,2,2,51,8.0,90.0,1,11.25,90.0,48.0,16,31.37,6,5
548,7,7.0,1,1,19,3.0,29.0,1,9.67,29.0,18.0,7,36.84,4,1
573,7,7.0,1,1,13,2.0,15.0,0,7.5,0.0,inf,5,38.46,1,0
586,7,7.0,1,1,26,4.0,28.0,0,7.0,0.0,inf,11,42.31,1,2
651,7,7.0,1,1,24,4.0,32.0,0,8.0,0.0,inf,6,25.0,1,2
656,7,7.0,3,3,73,12.0,79.0,6,6.58,13.17,12.0,29,39.73,9,1
679,7,7.0,1,1,25,4.0,24.0,1,6.0,24.0,24.0,10,40.0,1,1
718,7,7.0,1,1,25,4.0,37.0,1,9.25,37.0,24.0,9,36.0,3,2
732,7,7.0,1,1,24,4.0,36.0,0,9.0,0.0,inf,4,16.67,3,1
766,7,7.0,1,1,6,1.0,14.0,0,14.0,0.0,inf,2,33.33,2,1
4,7,9.0,1,1,19,3.0,38.0,0,12.67,0.0,inf,4,21.05,6,1
6,7,9.0,1,1,18,3.0,37.0,0,12.33,0.0,inf,2,11.11,3,2
63,7,9.0,2,2,20,3.0,32.0,1,10.67,32.0,18.0,3,15.0,4,0
137,7,9.0,1,1,14,2.0,38.0,0,19.0,0.0,inf,2,14.29,2,4
144,7,9.0,2,2,42,7.0,70.0,2,10.0,35.0,21.0,14,33.33,8,3
178,7,9.0,1,1,24,4.0,38.0,2,9.5,19.0,12.0,11,45.83,5,2
189,7,9.0,2,2,37,6.0,55.0,1,9.17,55.0,36.0,4,10.81,4,1
251,7,9.0,2,2,48,8.0,51.0,4,6.38,12.75,12.0,15,31.25,3,1
255,7,9.0,2,2,48,8.0,48.0,2,6.0,24.0,24.0,18,37.5,2,1
263,7,9.0,1,1,18,3.0,23.0,0,7.67,0.0,inf,6,33.33,4,0
293,7,9.0,1,1,25,4.0,22.0,2,5.5,11.0,12.0,10,40.0,2,0
326,7,9.0,1,1,24,4.0,40.0,0,10.0,0.0,inf,5,20.83,5,0
371,7,9.0,2,2,50,8.0,69.0,1,8.62,69.0,48.0,19,38.0,9,1
380,7,9.0,1,1,13,2.0,20.0,1,10.0,20.0,12.0,3,23.08,3,0
386,7,9.0,1,1,25,4.0,30.0,1,7.5,30.0,22.0,11,44.0,5,0
538,7,9.0,1,1,26,4.0,36.0,1,9.0,36.0,24.0,10,38.46,5,1
564,7,9.0,2,2,43,7.0,58.0,1,8.29,58.0,42.0,9,20.93,7,0
586,7,9.0,1,1,24,4.0,25.0,0,6.25,0.0,inf,10,41.67,1,1
604,7,9.0,1,1,6,1.0,6.0,0,6.0,0.0,inf,3,50.0,1,0
622,7,9.0,1,1,24,4.0,41.0,0,10.25,0.0,inf,7,29.17,7,1
634,7,9.0,1,1,19,3.0,36.0,1,12.0,36.0,18.0,4,21.05,2,3
654,7,9.0,1,1,6,1.0,10.0,0,10.0,0.0,inf,1,16.67,1,0
656,7,9.0,2,2,48,8.0,48.0,0,6.0,0.0,inf,16,33.33,4,0
665,7,9.0,1,1,6,1.0,7.0,0,7.0,0.0,inf,1,16.67,0,0
694,7,9.0,1,1,18,3.0,34.0,1,11.33,34.0,18.0,2,11.11,2,2
695,7,9.0,2,2,53,8.0,55.0,4,6.88,13.75,12.0,30,56.6,5,3
743,7,9.0,1,1,24,4.0,21.0,1,5.25,21.0,24.0,13,54.17,3,0
4,7,10.0,1,1,24,4.0,38.0,1,9.5,38.0,24.0,8,33.33,4,2
6,7,10.0,1,1,24,4.0,23.0,1,5.75,23.0,24.0,10,41.67,1,1
34,7,10.0,1,1,6,1.0,13.0,1,13.0,13.0,6.0,1,16.67,1,1
47,7,10.0,1,1,25,4.0,39.0,1,9.75,39.0,24.0,8,32.0,4,2
58,7,10.0,3,3,69,11.0,114.0,0,10.36,0.0,inf,24,34.78,7,7
74,7,10.0,1,1,6,1.0,11.0,0,11.0,0.0,inf,2,33.33,0,1
137,7,10.0,1,1,27,4.0,29.0,1,7.25,29.0,24.0,4,14.81,0,1
148,7,10.0,5,5,107,17.0,132.0,2,7.76,66.0,51.0,40,37.38,15,4
178,7,10.0,1,1,24,4.0,51.0,1,12.75,51.0,24.0,7,29.17,6,3
189,7,10.0,1,1,24,4.0,42.0,0,10.5,0.0,inf,6,25.0,6,1
212,7,10.0,1,1,18,3.0,18.0,0,6.0,0.0,inf,2,11.11,0,0
234,7,10.0,1,1,18,3.0,23.0,2,7.67,11.5,9.0,6,33.33,2,1
235,7,10.0,2,2,33,5.0,29.0,3,5.8,9.67,10.0,12,36.36,0,1
255,7,10.0,1,1,24,4.0,38.0,1,9.5,38.0,24.0,6,25.0,3,2
259,7,10.0,1,1,18,3.0,18.0,0,6.0,0.0,inf,6,33.33,2,0
269,7,10.0,1,1,18,3.0,26.0,2,8.67,13.0,9.0,7,38.89,3,1
303,7,10.0,1,1,24,4.0,26.0,2,6.5,13.0,12.0,8,33.33,2,1
343,7,10.0,1,1,18,3.0,32.0,0,10.67,0.0,inf,4,22.22,3,1
371,7,10.0,1,1,27,4.0,35.0,3,8.75,11.67,8.0,11,40.74,3,2
451,7,10.0,3,3,68,11.0,91.0,1,8.27,91.0,68.0,20,29.41,6,4
478,7,10.0,1,1,24,4.0,36.0,3,9.0,12.0,8.0,9,37.5,4,1
484,7,10.0,3,3,40,6.0,57.0,1,9.5,57.0,38.0,13,32.5,5,3
485,7,10.0,1,1,19,3.0,29.0,0,9.67,0.0,inf,7,36.84,2,2
538,7,10.0,1,1,25,4.0,34.0,1,8.5,34.0,24.0,13,52.0,6,1
545,7,10.0,1,1,24,4.0,23.0,1,5.75,23.0,24.0,10,41.67,2,0
559,7,10.0,1,1,24,4.0,20.0,2,5.0,10.0,12.0,11,45.83,1,1
564,7,10.0,1,1,26,4.0,26.0,1,6.5,26.0,24.0,9,34.62,3,0
573,7,10.0,2,2,38,6.0,51.0,2,8.5,25.5,18.0,8,21.05,2,3
597,7,10.0,1,1,18,3.0,31.0,0,10.33,0.0,inf,3,16.67,2,2
610,7,10.0,2,2,26,4.0,34.0,1,8.5,34.0,24.0,5,19.23,3,0
622,7,10.0,1,1,18,3.0,26.0,0,8.67,0.0,inf,10,55.56,2,2
631,7,10.0,1,1,6,1.0,8.0,0,8.0,0.0,inf,2,33.33,1,0
634,7,10.0,1,1,6,1.0,9.0,0,9.0,0.0,inf,1,16.67,1,0
651,7,10.0,1,1,24,4.0,32.0,0,8.0,0.0,inf,5,20.83,2,1
656,7,10.0,1,1,25,4.0,18.0,1,4.5,18.0,24.0,12,48.0,1,0
660,7,10.0,4,4,99,16.0,123.0,4,7.69,30.75,23.5,40,40.4,15,4
732,7,10.0,1,1,24,4.0,25.0,2,6.25,12.5,12.0,8,33.33,3,0
743,7,10.0,1,1,24,4.0,13.0,1,3.25,13.0,24.0,12,50.0,0,0
756,7,10.0,1,1,18,3.0,21.0,0,7.0,0.0,inf,4,22.22,2,0
757,7,10.0,1,1,6,1.0,9.0,0,9.0,0.0,inf,1,16.67,1,0
4,7,12.0,1,1,12,2.0,15.0,1,7.5,15.0,12.0,4,33.33,1,1
6,7,12.0,2,2,30,5.0,47.0,4,9.4,11.75,7.5,9,30.0,4,2
50,7,12.0,2,2,30,5.0,54.0,2,10.8,27.0,15.0,7,23.33,8,1
58,7,12.0,2,2,48,8.0,68.0,1,8.5,68.0,48.0,8,16.67,5,2
63,7,12.0,1,1,18,3.0,39.0,0,13.0,0.0,inf,4,22.22,3,3
74,7,12.0,1,1,6,1.0,5.0,0,5.0,0.0,inf,1,16.67,0,0
86,7,12.0,2,2,50,8.0,59.0,4,7.38,14.75,11.75,15,30.0,7,0
111,7,12.0,2,2,19,3.0,19.0,0,6.33,0.0,inf,4,21.05,1,0
129,7,12.0,3,3,73,12.0,78.0,4,6.5,19.5,18.0,29,39.73,8,2
134,7,12.0,2,2,42,7.0,33.0,2,4.71,16.5,21.0,20,47.62,3,0
137,7,12.0,2,2,48,8.0,47.0,1,5.88,47.0,47.0,18,37.5,1,2
144,7,12.0,1,1,25,4.0,19.0,2,4.75,9.5,12.0,12,48.0,1,0
148,7,12.0,2,2,54,9.0,69.0,1,7.67,69.0,48.0,15,27.78,6,1
178,7,12.0,2,2,36,6.0,27.0,5,4.5,5.4,7.2,18,50.0,1,0
179,7,12.0,2,2,48,8.0,40.0,4,5.0,10.0,12.0,17,35.42,1,0
189,7,12.0,1,1,24,4.0,14.0,2,3.5,7.0,12.0,11,45.83,0,0
209,7,12.0,1,1,6,1.0,9.0,0,9.0,0.0,inf,1,16.67,1,0
212,7,12.0,1,1,13,2.0,10.0,2,5.0,5.0,6.0,4,30.77,1,0
223,7,12.0,2,2,34,5.0,47.0,1,9.4,47.0,30.0,12,35.29,7,0
229,7,12.0,2,2,20,3.0,41.0,2,13.67,20.5,9.0,5,25.0,5,2
230,7,12.0,2,2,30,5.0,38.0,0,7.6,0.0,inf,9,30.0,2,2
234,7,12.0,2,2,50,8.0,92.0,0,11.5,0.0,inf,11,22.0,2,8
249,7,12.0,1,1,26,4.0,27.0,2,6.75,13.5,12.0,12,46.15,4,0
251,7,12.0,1,1,15,2.0,27.0,1,13.5,27.0,15.0,6,40.0,1,3
255,7,12.0,1,1,24,4.0,18.0,1,4.5,18.0,24.0,9,37.5,1,0
259,7,12.0,1,1,22,3.0,18.0,0,6.0,0.0,inf,11,50.0,2,0
263,7,12.0,1,1,12,2.0,14.0,0,7.0,0.0,inf,4,33.33,0,1
293,7,12.0,3,3,73,12.0,57.0,2,4.75,28.5,36.0,31,42.47,1,1
303,7,12.0,1,1,19,3.0,38.0,1,12.67,38.0,18.0,2,10.53,5,1
342,7,12.0,2,2,50,8.0,36.0,2,4.5,18.0,24.0,27,54.0,2,0
371,7,12.0,1,1,18,3.0,15.0,3,5.0,5.0,6.0,12,66.67,3,0
386,7,12.0,3,3,71,11.0,79.0,2,7.18,39.5,34.5,27,38.03,8,1
439,7,12.0,1,1,25,4.0,27.0,0,6.75,0.0,inf,10,40.0,1,1
451,7,12.0,2,2,43,7.0,53.0,2,7.57,26.5,21.0,17,39.53,4,2
484,7,12.0,1,1,12,2.0,21.0,0,10.5,0.0,inf,5,41.67,2,1
485,7,12.0,2,2,49,8.0,56.0,1,7.0,56.0,48.0,18,36.73,6,1
538,7,12.0,2,2,49,8.0,71.0,3,8.88,23.67,16.0,15,30.61,5,4
545,7,12.0,2,2,52,8.0,57.0,2,7.12,28.5,24.0,22,42.31,7,1
559,7,12.0,2,2,49,8.0,53.0,4,6.62,13.25,12.0,22,44.9,7,1
573,7,12.0,2,2,30,5.0,44.0,0,8.8,0.0,inf,6,20.0,3,2
586,7,12.0,3,3,68,11.0,105.0,1,9.55,105.0,66.0,22,32.35,7,5
597,7,12.0,1,1,24,4.0,35.0,0,8.75,0.0,inf,6,25.0,4,0
622,7,12.0,2,2,48,8.0,43.0,1,5.38,43.0,48.0,26,54.17,6,0
656,7,12.0,1,1,12,2.0,11.0,0,5.5,0.0,inf,5,41.67,0,1
660,7,12.0,1,1,24,4.0,38.0,0,9.5,0.0,inf,7,29.17,5,1
665,7,12.0,2,2,31,5.0,46.0,0,9.2,0.0,inf,3,9.68,3,1
695,7,12.0,1,1,26,4.0,41.0,2,10.25,20.5,12.0,10,38.46,3,2
718,7,12.0,1,1,24,4.0,17.0,1,4.25,17.0,24.0,11,45.83,1,0
732,7,12.0,1,1,25,4.0,27.0,1,6.75,27.0,24.0,12,48.0,2,0
743,7,12.0,1,1,19,3.0,25.0,0,8.33,0.0,inf,5,26.32,3,0
756,7,12.0,1,1,24,4.0,13.0,2,3.25,6.5,12.0,11,45.83,0,0
757,7,12.0,1,1,6,1.0,10.0,1,10.0,10.0,6.0,1,16.67,0,1
766,7,12.0,1,1,14,2.0,26.0,0,13.0,0.0,inf,2,14.29,3,1
25,7,16.0,1,1,14,2.0,22.0,0,11.0,0.0,inf,4,28.57,2,1
50,7,16.0,2,2,13,2.0,26.0,0,13.0,0.0,inf,2,15.38,1,2
86,7,16.0,1,1,25,4.0,36.0,2,9.0,18.0,12.0,9,36.0,2,3
111,7,16.0,1,1,11,1.0,10.0,0,10.0,0.0,inf,3,27.27,0,0
144,7,16.0,1,1,27,4.0,26.0,0,6.5,0.0,inf,11,40.74,3,0
179,7,16.0,1,1,24,4.0,32.0,0,8.0,0.0,inf,9,37.5,0,3
189,7,16.0,1,1,26,4.0,42.0,2,10.5,21.0,12.0,5,19.23,0,3
209,7,16.0,1,1,6,1.0,7.0,0,7.0,0.0,inf,2,33.33,1,0
212,7,16.0,4,4,54,9.0,82.0,1,9.11,82.0,54.0,16,29.63,8,4
229,7,16.0,1,1,14,2.0,17.0,0,8.5,0.0,inf,7,50.0,3,0
234,7,16.0,3,3,67,11.0,103.0,1,9.36,103.0,66.0,17,25.37,9,4
251,7,16.0,1,1,24,4.0,24.0,1,6.0,24.0,24.0,10,41.67,3,0
255,7,16.0,1,1,24,4.0,21.0,1,5.25,21.0,24.0,13,54.17,1,1
263,7,16.0,1,1,24,4.0,24.0,0,6.0,0.0,inf,9,37.5,2,0
269,7,16.0,2,2,33,5.0,59.0,1,11.8,59.0,30.0,8,24.24,8,2
293,7,16.0,1,1,25,4.0,27.0,0,6.75,0.0,inf,12,48.0,4,0
342,7,16.0,1,1,23,3.0,31.0,0,10.33,0.0,inf,5,21.74,4,0
371,7,16.0,1,1,28,4.0,65.0,1,16.25,65.0,24.0,6,21.43,8,3
386,7,16.0,1,1,24,4.0,35.0,2,8.75,17.5,12.0,6,25.0,2,2
485,7,16.0,4,4,82,13.0,117.0,3,9.0,39.0,27.33,30,36.59,7,8
545,7,16.0,4,4,92,15.0,123.0,5,8.2,24.6,18.4,37,40.22,16,3
550,7,16.0,1,1,26,4.0,26.0,1,6.5,26.0,24.0,9,34.62,1,1
559,7,16.0,4,4,96,16.0,127.0,1,7.94,127.0,96.0,35,36.46,9,5
564,7,16.0,1,1,26,4.0,26.0,3,6.5,8.67,8.0,10,38.46,3,0
586,7,16.0,1,1,24,4.0,32.0,0,8.0,0.0,inf,11,45.83,3,2
604,7,16.0,1,1,6,1.0,8.0,0,8.0,0.0,inf,3,50.0,0,1
651,7,16.0,1,1,24,4.0,31.0,1,7.75,31.0,24.0,11,45.83,0,3
656,7,16.0,1,1,24,4.0,40.0,0,10.0,0.0,inf,8,33.33,3,3
665,7,16.0,1,1,13,2.0,21.0,0,10.5,0.0,inf,4,30.77,2,1
695,7,16.0,1,1,27,4.0,39.0,0,9.75,0.0,inf,8,29.63,6,0
743,7,16.0,1,1,19,3.0,22.0,2,7.33,11.0,9.0,8,42.11,0,2
768,7,16.0,1,1,24,4.0,26.0,0,6.5,0.0,inf,13,54.17,3,1
6,7,23.0,1,1,18,3.0,23.0,1,7.67,23.0,18.0,5,27.78,1,1
25,7,23.0,1,1,24,4.0,33.0,1,8.25,33.0,24.0,9,37.5,4,1
111,7,23.0,1,1,12,2.0,21.0,0,10.5,0.0,inf,3,25.0,1,1
134,7,23.0,1,1,27,4.0,38.0,1,9.5,38.0,24.0,9,33.33,5,0
137,7,23.0,1,1,24,4.0,24.0,0,6.0,0.0,inf,9,37.5,2,1
144,7,23.0,1,1,26,4.0,31.0,2,7.75,15.5,12.0,10,38.46,3,1
178,7,23.0,1,1,18,3.0,28.0,0,9.33,0.0,inf,5,27.78,5,0
179,7,23.0,1,1,24,4.0,50.0,0,12.5,0.0,inf,7,29.17,4,4
189,7,23.0,1,1,24,4.0,44.0,0,11.0,0.0,inf,6,25.0,3,3
230,7,23.0,1,1,6,1.0,9.0,0,9.0,0.0,inf,0,0.0,1,0
251,7,23.0,2,2,48,8.0,65.0,2,8.12,32.5,24.0,12,25.0,2,4
255,7,23.0,4,4,96,16.0,93.0,5,5.81,18.6,19.2,39,40.62,6,3
342,7,23.0,1,1,25,4.0,32.0,1,8.0,32.0,24.0,8,32.0,5,0
380,7,23.0,1,1,24,4.0,33.0,0,8.25,0.0,inf,9,37.5,6,0
431,7,23.0,1,1,25,4.0,40.0,3,10.0,13.33,8.0,7,28.0,4,2
485,7,23.0,1,1,24,4.0,38.0,4,9.5,9.5,6.0,9,37.5,1,4
538,7,23.0,1,1,19,3.0,38.0,0,12.67,0.0,inf,4,21.05,5,1
545,7,23.0,1,1,15,2.0,22.0,0,11.0,0.0,inf,7,46.67,3,1
550,7,23.0,1,1,6,1.0,22.0,0,22.0,0.0,inf,0,0.0,2,2
559,7,23.0,1,1,25,4.0,43.0,0,10.75,0.0,inf,11,44.0,6,2
564,7,23.0,4,4,95,15.0,119.0,4,7.93,29.75,22.5,35,36.84,11,4
597,7,23.0,2,2,49,8.0,76.0,1,9.5,76.0,48.0,14,28.57,10,2
604,7,23.0,1,1,6,1.0,7.0,1,7.0,7.0,6.0,4,66.67,0,1
622,7,23.0,1,1,24,4.0,31.0,1,7.75,31.0,24.0,9,37.5,5,0
656,7,23.0,1,1,24,4.0,11.0,2,2.75,5.5,12.0,13,54.17,1,0
695,7,23.0,3,3,75,12.0,76.0,3,6.33,25.33,24.0,43,57.33,10,2
743,7,23.0,4,4,98,16.0,125.0,2,7.81,62.5,48.0,33,33.67,4,9
755,7,23.0,1,1,20,3.0,35.0,1,11.67,35.0,18.0,6,30.0,2,2
768,7,23.0,1,1,13,2.0,19.0,0,9.5,0.0,inf,3,23.08,1,1
777,7,23.0,1,1,24,4.0,29.0,1,7.25,29.0,24.0,12,50.0,2,2
6,7,26.0,1,1,24,4.0,31.0,2,7.75,15.5,12.0,6,25.0,0,2
64,7,26.0,1,1,24,4.0,34.0,2,8.5,17.0,12.0,9,37.5,3,2
137,7,26.0,1,1,24,4.0,26.0,1,6.5,26.0,24.0,12,50.0,0,2
178,7,26.0,1,1,24,4.0,42.0,3,10.5,14.0,8.0,7,29.17,5,2
229,7,26.0,1,1,19,3.0,35.0,0,11.67,0.0,inf,4,21.05,5,1
230,7,26.0,1,1,6,1.0,13.0,0,13.0,0.0,inf,1,16.67,1,1
263,7,26.0,1,1,23,3.0,40.0,0,13.33,0.0,inf,8,34.78,8,0
293,7,26.0,1,1,26,4.0,27.0,2,6.75,13.5,12.0,10,38.46,0,2
477,7,26.0,1,1,24,4.0,27.0,0,6.75,0.0,inf,6,25.0,1,1
586,7,26.0,1,1,18,3.0,34.0,1,11.33,34.0,18.0,6,33.33,0,4
622,7,26.0,1,1,18,3.0,25.0,0,8.33,0.0,inf,6,33.33,5,0
665,7,26.0,1,1,8,1.0,10.0,0,10.0,0.0,inf,1,12.5,1,0
6,7,28.0,2,2,49,8.0,81.0,0,10.12,0.0,inf,12,24.49,5,5
45,7,28.0,1,1,25,4.0,34.0,1,8.5,34.0,24.0,10,40.0,3,2
58,7,28.0,1,1,12,2.0,24.0,2,12.0,12.0,6.0,2,16.67,5,0
63,7,28.0,1,1,6,1.0,4.0,0,4.0,0.0,inf,3,50.0,0,0
64,7,28.0,1,1,26,4.0,51.0,2,12.75,25.5,12.0,7,26.92,7,2
74,7,28.0,1,1,12,2.0,33.0,0,16.5,0.0,inf,2,16.67,6,1
86,7,28.0,1,1,28,4.0,41.0,1,10.25,41.0,24.0,11,39.29,1,4
111,7,28.0,1,1,7,1.0,9.0,0,9.0,0.0,inf,2,28.57,1,0
129,7,28.0,1,1,21,3.0,28.0,0,9.33,0.0,inf,9,42.86,4,1
134,7,28.0,1,1,20,3.0,38.0,1,12.67,38.0,18.0,6,30.0,3,2
137,7,28.0,2,2,53,8.0,74.0,4,9.25,18.5,12.0,13,24.53,3,4
144,7,28.0,2,2,54,9.0,81.0,1,9.0,81.0,48.0,19,35.19,5,5
168,7,28.0,1,1,24,4.0,38.0,2,9.5,19.0,12.0,7,29.17,3,2
171,7,28.0,1,1,21,3.0,35.0,1,11.67,35.0,18.0,8,38.1,4,2
178,7,28.0,2,2,49,8.0,72.0,2,9.0,36.0,24.0,14,28.57,6,3
179,7,28.0,1,1,24,4.0,30.0,1,7.5,30.0,24.0,6,25.0,3,1
189,7,28.0,1,1,24,4.0,23.0,2,5.75,11.5,12.0,12,50.0,0,2
224,7,28.0,1,1,24,4.0,28.0,1,7.0,28.0,24.0,10,41.67,3,1
229,7,28.0,3,3,31,5.0,42.0,1,8.4,42.0,30.0,12,38.71,6,1
235,7,28.0,1,1,25,4.0,37.0,3,9.25,12.33,8.0,6,24.0,4,1
259,7,28.0,1,1,20,3.0,42.0,2,14.0,21.0,9.0,7,35.0,2,4
263,7,28.0,5,5,125,20.0,146.0,3,7.3,48.67,40.0,50,40.0,14,5
293,7,28.0,5,5,120,20.0,162.0,6,8.1,27.0,20.0,43,35.83,12,9
303,7,28.0,1,1,23,3.0,54.0,0,18.0,0.0,inf,4,17.39,5,4
342,7,28.0,1,1,25,4.0,29.0,0,7.25,0.0,inf,6,24.0,3,0
371,7,28.0,2,2,39,6.0,61.0,3,10.17,20.33,12.33,15,38.46,5,5
380,7,28.0,1,1,25,4.0,59.0,2,14.75,29.5,12.0,8,32.0,9,3
386,7,28.0,3,3,73,12.0,69.0,5,5.75,13.8,14.4,31,42.47,5,2
431,7,28.0,1,1,25,4.0,32.0,0,8.0,0.0,inf,6,24.0,2,1
451,7,28.0,1,1,24,4.0,28.0,1,7.0,28.0,24.0,4,16.67,1,1
462,7,28.0,2,2,36,6.0,56.0,2,9.33,28.0,18.0,12,33.33,5,3
477,7,28.0,1,1,24,4.0,31.0,2,7.75,15.5,12.0,11,45.83,4,1
573,7,28.0,1,1,24,4.0,31.0,0,7.75,0.0,inf,7,29.17,2,1
586,7,28.0,2,2,50,8.0,64.0,0,8.0,0.0,inf,16,32.0,3,4
610,7,28.0,1,1,13,2.0,21.0,0,10.5,0.0,inf,3,23.08,4,0
622,7,28.0,2,2,51,8.0,69.0,2,8.62,34.5,24.0,25,49.02,5,5
630,7,28.0,1,1,26,4.0,32.0,2,8.0,16.0,12.0,7,26.92,4,0
656,7,28.0,2,2,49,8.0,63.0,1,7.88,63.0,48.0,13,26.53,6,2
660,7,28.0,1,1,22,3.0,26.0,1,8.67,26.0,21.0,9,40.91,4,0
665,7,28.0,5,5,84,14.0,148.0,2,10.57,74.0,39.0,17,20.24,13,7
705,7,28.0,1,1,6,1.0,6.0,0,6.0,0.0,inf,0,0.0,0,0
718,7,28.0,1,1,24,4.0,38.0,1,9.5,38.0,24.0,8,33.33,5,1
732,7,28.0,1,1,13,2.0,25.0,0,12.5,0.0,inf,2,15.38,3,1
4,7,35.0,1,1,6,1.0,10.0,0,10.0,0.0,inf,1,16.67,0,1
6,7,35.0,4,4,97,16.0,103.0,8,6.44,12.88,11.75,41,42.27,5,5
25,7,35.0,1,1,24,4.0,18.0,1,4.5,18.0,24.0,7,29.17,0,0
45,7,35.0,2,2,44,7.0,34.0,1,4.86,34.0,42.0,22,50.0,0,2
50,7,35.0,1,1,7,1.0,11.0,0,11.0,0.0,inf,1,14.29,2,0
73,7,35.0,1,1,19,3.0,29.0,1,9.67,29.0,18.0,9,47.37,6,0
86,7,35.0,1,1,19,3.0,29.0,2,9.67,14.5,9.0,7,36.84,4,1
116,7,35.0,1,1,12,2.0,25.0,1,12.5,25.0,12.0,2,16.67,2,2
137,7,35.0,4,4,98,16.0,105.0,4,6.56,26.25,24.0,39,39.8,6,5
168,7,35.0,1,1,24,4.0,25.0,1,6.25,25.0,24.0,8,33.33,1,1
178,7,35.0,4,4,72,12.0,99.0,6,8.25,16.5,12.0,30,41.67,13,2
179,7,35.0,1,1,24,4.0,27.0,0,6.75,0.0,inf,9,37.5,1,2
212,7,35.0,1,1,18,3.0,34.0,0,11.33,0.0,inf,5,27.78,2,3
230,7,35.0,3,3,42,7.0,47.0,1,6.71,47.0,42.0,16,38.1,3,2
245,7,35.0,1,1,24,4.0,38.0,0,9.5,0.0,inf,3,12.5,2,2
251,7,35.0,1,1,18,3.0,31.0,0,10.33,0.0,inf,6,33.33,4,1
255,7,35.0,1,1,25,4.0,26.0,0,6.5,0.0,inf,7,28.0,2,0
303,7,35.0,1,1,25,4.0,37.0,1,9.25,37.0,22.0,6,24.0,0,3
342,7,35.0,1,1,24,4.0,23.0,0,5.75,0.0,inf,9,37.5,2,0
356,7,35.0,1,1,24,4.0,20.0,2,5.0,10.0,12.0,12,50.0,1,1
485,7,35.0,1,1,24,4.0,19.0,2,4.75,9.5,12.0,12,50.0,1,1
538,7,35.0,1,1,19,3.0,26.0,0,8.67,0.0,inf,10,52.63,0,3
545,7,35.0,1,1,24,4.0,36.0,0,9.0,0.0,inf,7,29.17,4,1
550,7,35.0,1,1,24,4.0,35.0,0,8.75,0.0,inf,5,20.83,0,3
559,7,35.0,1,1,24,4.0,43.0,0,10.75,0.0,inf,11,45.83,6,2
597,7,35.0,1,1,18,3.0,26.0,0,8.67,0.0,inf,5,27.78,2,1
622,7,35.0,2,2,30,5.0,38.0,0,7.6,0.0,inf,12,40.0,5,1
677,7,35.0,1,1,6,1.0,9.0,0,9.0,0.0,inf,1,16.67,1,0
684,7,35.0,1,1,18,3.0,38.0,2,12.67,19.0,8.5,5,27.78,2,3
732,7,35.0,1,1,25,4.0,34.0,0,8.5,0.0,inf,5,20.0,4,0
743,7,35.0,1,1,24,4.0,25.0,2,6.25,12.5,12.0,12,50.0,3,1
756,7,35.0,1,1,25,4.0,30.0,1,7.5,30.0,24.0,6,24.0,3,0
767,7,35.0,1,1,6,1.0,19.0,0,19.0,0.0,inf,1,16.67,1,2
768,7,35.0,1,1,26,4.0,29.0,1,7.25,29.0,24.0,10,38.46,2,1
4,7,36.0,1,1,24,4.0,26.0,1,6.5,26.0,24.0,10,41.67,4,0
6,7,36.0,1,1,18,3.0,23.0,0,7.67,0.0,inf,3,16.67,1,1
47,7,36.0,1,1,19,3.0,25.0,1,8.33,25.0,18.0,5,26.32,2,1
50,7,36.0,1,1,13,2.0,22.0,1,11.0,22.0,12.0,4,30.77,2,1
58,7,36.0,1,1,24,4.0,29.0,2,7.25,14.5,12.0,7,29.17,3,1
63,7,36.0,1,1,6,1.0,10.0,0,10.0,0.0,inf,1,16.67,0,1
86,7,36.0,2,2,45,7.0,25.0,4,3.57,6.25,10.5,25,55.56,1,0
111,7,36.0,1,1,12,2.0,16.0,0,8.0,0.0,inf,1,8.33,0,1
129,7,36.0,1,1,17,2.0,17.0,0,8.5,0.0,inf,7,41.18,2,0
134,7,36.0,2,2,50,8.0,77.0,0,9.62,0.0,inf,6,12.0,5,2
137,7,36.0,1,1,26,4.0,17.0,0,4.25,0.0,inf,9,34.62,0,0
144,7,36.0,2,2,51,8.0,55.0,3,6.88,18.33,16.0,23,45.1,5,2
148,7,36.0,2,2,50,8.0,66.0,1,8.25,66.0,48.0,21,42.0,7,3
178,7,36.0,1,1,24,4.0,27.0,2,6.75,13.5,12.0,6,25.0,1,1
179,7,36.0,2,2,49,8.0,44.0,2,5.5,22.0,24.0,18,36.73,0,1
189,7,36.0,1,1,15,2.0,23.0,1,11.5,23.0,14.0,2,13.33,3,0
212,7,36.0,1,1,12,2.0,28.0,0,14.0,0.0,inf,3,25.0,3,2
223,7,36.0,2,2,31,5.0,39.0,2,7.8,19.5,15.0,11,35.48,6,0
229,7,36.0,1,1,12,2.0,16.0,1,8.0,16.0,12.0,2,16.67,2,0
234,7,36.0,2,2,46,7.0,83.0,2,11.86,41.5,22.5,11,23.91,2,8
255,7,36.0,1,1,24,4.0,17.0,1,4.25,17.0,24.0,14,58.33,1,0
259,7,36.0,1,1,25,4.0,50.0,1,12.5,50.0,24.0,11,44.0,5,4
293,7,36.0,1,1,24,4.0,23.0,0,5.75,0.0,inf,10,41.67,2,0
303,7,36.0,1,1,23,3.0,45.0,1,15.0,45.0,22.0,2,8.7,1,3
326,7,36.0,1,1,25,4.0,51.0,1,12.75,51.0,24.0,5,20.0,2,4
342,7,36.0,2,2,51,8.0,66.0,3,8.25,22.0,16.0,18,35.29,4,3
343,7,36.0,1,1,18,3.0,33.0,1,11.0,33.0,18.0,5,27.78,0,4
371,7,36.0,1,1,25,4.0,26.0,1,6.5,26.0,24.0,10,40.0,1,1
380,7,36.0,1,1,25,4.0,40.0,1,10.0,40.0,24.0,9,36.0,2,3
383,7,36.0,1,1,24,4.0,37.0,2,9.25,18.5,12.0,11,45.83,2,3
386,7,36.0,1,1,25,4.0,17.0,2,4.25,8.5,12.0,14,56.0,1,0
451,7,36.0,2,2,43,7.0,51.0,1,7.29,51.0,40.0,13,30.23,2,2
484,7,36.0,1,1,6,1.0,5.0,0,5.0,0.0,inf,4,66.67,1,0
485,7,36.0,2,2,49,8.0,72.0,1,9.0,72.0,48.0,13,26.53,6,4
538,7,36.0,1,1,25,4.0,32.0,2,8.0,16.0,12.0,11,44.0,3,2
545,7,36.0,2,2,48,8.0,42.0,5,5.25,8.4,9.6,25,52.08,3,2
559,7,36.0,2,2,49,8.0,46.0,0,5.75,0.0,inf,23,46.94,5,1
564,7,36.0,1,1,26,4.0,40.0,1,10.0,40.0,24.0,9,34.62,5,1
573,7,36.0,2,2,30,5.0,23.0,0,4.6,0.0,inf,15,50.0,2,0
586,7,36.0,1,1,24,4.0,26.0,0,6.5,0.0,inf,8,33.33,1,1
597,7,36.0,1,1,25,4.0,26.0,2,6.5,13.0,12.0,6,24.0,2,0
622,7,36.0,1,1,18,3.0,22.0,0,7.33,0.0,inf,4,22.22,3,0
634,7,36.0,1,1,12,2.0,11.0,1,5.5,11.0,12.0,4,33.33,1,0
656,7,36.0,2,2,48,8.0,42.0,3,5.25,14.0,16.0,24,50.0,4,1
660,7,36.0,2,2,45,7.0,36.0,1,5.14,36.0,42.0,26,57.78,5,0
695,7,36.0,1,1,24,4.0,34.0,0,8.5,0.0,inf,10,41.67,6,0
705,7,36.0,1,1,12,2.0,20.0,1,10.0,20.0,12.0,4,33.33,2,1
718,7,36.0,2,2,49,8.0,59.0,4,7.38,14.75,12.0,19,38.78,6,2
732,7,36.0,1,1,24,4.0,26.0,0,6.5,0.0,inf,6,25.0,0,2
756,7,36.0,1,1,19,3.0,38.0,0,12.67,0.0,inf,2,10.53,3,2
757,7,36.0,1,1,6,1.0,4.0,0,4.0,0.0,inf,3,50.0,0,0
766,7,36.0,1,1,12,2.0,22.0,0,11.0,0.0,inf,3,25.0,1,2
768,7,36.0,1,1,12,2.0,25.0,0,12.5,0.0,inf,2,16.67,0,3
6,8,2.0,1,1,24,4.0,29.0,1,7.25,29.0,24.0,7,29.17,0,2
63,8,2.0,1,1,6,1.0,15.0,0,15.0,0.0,inf,1,16.67,0,2
64,8,2.0,1,1,25,4.0,32.0,0,8.0,0.0,inf,7,28.0,4,0
74,8,2.0,3,3,37,6.0,56.0,1,9.33,56.0,36.0,10,27.03,5,2
137,8,2.0,1,1,12,2.0,21.0,0,10.5,0.0,inf,0,0.0,1,1
144,8,2.0,1,2,30,5.0,39.0,2,7.8,19.5,13.5,11,36.67,6,0
151,8,2.0,1,1,5,0.0,4.0,0,inf,0.0,inf,1,20.0,0,0
158,8,2.0,4,5,98,16.0,124.0,4,7.75,31.0,24.0,43,43.88,16,3
171,8,2.0,1,1,27,4.0,45.0,0,11.25,0.0,inf,6,22.22,4,1
178,8,2.0,1,1,24,4.0,33.0,0,8.25,0.0,inf,7,29.17,2,1
179,8,2.0,1,1,19,3.0,25.0,2,8.33,12.5,9.5,7,36.84,2,1
224,8,2.0,1,1,24,4.0,23.0,2,5.75,11.5,12.0,7,29.17,2,0
229,8,2.0,1,1,12,2.0,12.0,0,6.0,0.0,inf,5,41.67,1,0
259,8,2.0,2,2,43,7.0,41.0,1,5.86,41.0,42.0,16,37.21,4,0
260,8,2.0,1,1,24,4.0,41.0,1,10.25,41.0,24.0,6,25.0,4,2
264,8,2.0,4,4,38,6.0,64.0,1,10.67,64.0,37.0,8,21.05,5,3
303,8,2.0,4,4,79,13.0,113.0,1,8.69,113.0,78.0,29,36.71,8,6
342,8,2.0,1,1,26,4.0,22.0,3,5.5,7.33,8.0,13,50.0,3,0
356,8,2.0,1,1,18,3.0,26.0,1,8.67,26.0,18.0,8,44.44,3,1
371,8,2.0,1,1,27,4.0,25.0,1,6.25,25.0,24.0,10,37.04,1,1
381,8,2.0,1,1,25,4.0,28.0,1,7.0,28.0,24.0,10,40.0,1,2
386,8,2.0,1,1,25,4.0,41.0,1,10.25,41.0,24.0,7,28.0,6,0
404,8,2.0,1,1,24,4.0,31.0,0,7.75,0.0,inf,4,16.67,2,0
439,8,2.0,1,1,24,4.0,46.0,1,11.5,46.0,24.0,11,45.83,6,3
449,8,2.0,1,1,14,2.0,30.0,1,15.0,30.0,14.0,3,21.43,3,2
462,8,2.0,1,1,13,2.0,23.0,1,11.5,23.0,13.0,2,15.38,0,2
597,8,2.0,1,1,18,3.0,13.0,1,4.33,13.0,18.0,11,61.11,2,0
622,8,2.0,1,1,12,2.0,12.0,0,6.0,0.0,inf,6,50.0,2,0
651,8,2.0,1,1,18,3.0,44.0,1,14.67,44.0,18.0,3,16.67,5,2
656,8,2.0,1,1,25,4.0,30.0,2,7.5,15.0,12.0,7,28.0,1,1
679,8,2.0,1,1,18,3.0,31.0,1,10.33,31.0,18.0,6,33.33,2,2
732,8,2.0,4,4,84,14.0,117.0,3,8.36,39.0,28.0,21,25.0,8,4
757,8,2.0,3,3,30,5.0,26.0,1,5.2,26.0,30.0,19,63.33,3,1
779,8,2.0,1,1,24,4.0,27.0,0,6.75,0.0,inf,5,20.83,2,0
6,8,3.0,1,1,24,4.0,37.0,1,9.25,37.0,24.0,7,29.17,1,3
25,8,3.0,2,2,52,8.0,100.0,0,12.5,0.0,inf,18,34.62,6,8
50,8,3.0,1,1,12,2.0,18.0,0,9.0,0.0,inf,1,8.33,2,0
63,8,3.0,1,1,13,2.0,23.0,0,11.5,0.0,inf,3,23.08,1,2
64,8,3.0,1,1,24,4.0,10.0,4,2.5,2.5,6.0,14,58.33,0,0
74,8,3.0,1,1,22,3.0,27.0,0,9.0,0.0,inf,6,27.27,3,0
86,8,3.0,3,3,60,10.0,115.0,0,11.5,0.0,inf,22,36.67,14,6
104,8,3.0,1,1,6,1.0,11.0,1,11.0,11.0,6.0,2,33.33,0,1
116,8,3.0,1,1,11,1.0,22.0,1,22.0,22.0,10.0,1,9.09,0,2
129,8,3.0,1,1,1,0.0,0.0,0,,0.0,inf,1,100.0,0,0
134,8,3.0,1,1,19,3.0,39.0,0,13.0,0.0,inf,3,15.79,4,2
137,8,3.0,1,1,7,1.0,17.0,0,17.0,0.0,inf,1,14.29,2,1
144,8,3.0,1,1,26,4.0,43.0,0,10.75,0.0,inf,11,42.31,4,3
178,8,3.0,1,1,24,4.0,39.0,0,9.75,0.0,inf,8,33.33,3,2
179,8,3.0,6,6,119,19.0,168.0,11,8.84,15.27,10.73,41,34.45,12,10
180,8,3.0,1,1,6,1.0,2.0,0,2.0,0.0,inf,4,66.67,0,0
224,8,3.0,5,5,86,14.0,116.0,4,8.29,29.0,21.0,36,41.86,15,5
251,8,3.0,1,1,12,2.0,21.0,1,10.5,21.0,12.0,3,25.0,2,1
259,8,3.0,1,1,26,4.0,36.0,1,9.0,36.0,24.0,11,42.31,7,0
260,8,3.0,1,1,24,4.0,25.0,0,6.25,0.0,inf,6,25.0,3,0
263,8,3.0,1,1,29,4.0,39.0,1,9.75,39.0,24.0,9,31.03,4,1
292,8,3.0,1,1,29,4.0,36.0,3,9.0,12.0,8.0,15,51.72,3,2
293,8,3.0,1,1,24,4.0,27.0,3,6.75,9.0,8.0,13,54.17,2,2
303,8,3.0,1,1,13,2.0,26.0,0,13.0,0.0,inf,2,15.38,5,0
342,8,3.0,4,4,91,15.0,89.0,6,5.93,14.83,14.0,37,40.66,8,1
348,8,3.0,1,1,19,3.0,31.0,2,10.33,15.5,9.0,5,26.32,3,1
371,8,3.0,1,1,25,4.0,41.0,2,10.25,20.5,12.0,8,32.0,2,3
381,8,3.0,2,2,52,8.0,71.0,2,8.88,35.5,24.0,20,38.46,5,4
386,8,3.0,1,1,26,4.0,35.0,1,8.75,35.0,24.0,12,46.15,3,2
399,8,3.0,1,1,20,3.0,37.0,0,12.33,0.0,inf,3,15.0,3,2
431,8,3.0,1,1,14,2.0,41.0,0,20.5,0.0,inf,1,7.14,1,5
439,8,3.0,1,1,25,4.0,32.0,2,8.0,16.0,12.0,9,36.0,2,2
449,8,3.0,1,1,18,3.0,25.0,1,8.33,25.0,18.0,5,27.78,4,0
477,8,3.0,1,1,24,4.0,34.0,1,8.5,34.0,24.0,11,45.83,4,2
485,8,3.0,1,1,24,4.0,20.0,1,5.0,20.0,24.0,7,29.17,1,0
514,8,3.0,1,1,29,4.0,43.0,1,10.75,43.0,24.0,12,41.38,7,1
545,8,3.0,1,1,24,4.0,30.0,2,7.5,15.0,11.5,11,45.83,4,1
558,8,3.0,1,1,24,4.0,27.0,4,6.75,6.75,6.0,14,58.33,4,1
564,8,3.0,1,1,13,2.0,31.0,0,15.5,0.0,inf,2,15.38,3,2
622,8,3.0,1,1,24,4.0,21.0,1,5.25,21.0,24.0,14,58.33,2,1
624,8,3.0,1,1,13,2.0,15.0,0,7.5,0.0,inf,3,23.08,0,1
656,8,3.0,1,1,26,4.0,50.0,1,12.5,50.0,24.0,9,34.62,3,5
663,8,3.0,1,1,14,2.0,21.0,0,10.5,0.0,inf,3,21.43,3,0
665,8,3.0,1,1,6,1.0,9.0,0,9.0,0.0,inf,1,16.67,1,0
703,8,3.0,1,1,12,2.0,23.0,1,11.5,23.0,12.0,4,33.33,0,3
732,8,3.0,1,1,18,3.0,39.0,0,13.0,0.0,inf,2,11.11,5,1
757,8,3.0,1,1,24,4.0,32.0,1,8.0,32.0,24.0,12,50.0,3,2
777,8,3.0,1,1,14,2.0,18.0,0,9.0,0.0,inf,4,28.57,1,1
779,8,3.0,5,5,92,15.0,142.0,6,9.47,23.67,15.0,22,23.91,14,6
6,8,7.0,1,1,18,3.0,18.0,1,6.0,18.0,18.0,6,33.33,2,0
63,8,7.0,2,2,13,2.0,16.0,0,8.0,0.0,inf,6,46.15,1,1
64,8,7.0,1,1,18,3.0,17.0,1,5.67,17.0,18.0,12,66.67,2,1
137,8,7.0,1,1,25,4.0,14.0,1,3.5,14.0,24.0,14,56.0,1,0
144,8,7.0,2,2,48,8.0,80.0,3,10.0,26.67,16.0,16,33.33,9,3
179,8,7.0,1,1,13,2.0,25.0,2,12.5,12.5,6.0,2,15.38,0,3
189,8,7.0,3,3,32,5.0,37.0,1,7.4,37.0,30.0,9,28.12,3,0
224,8,7.0,1,1,12,2.0,12.0,2,6.0,6.0,6.0,4,33.33,1,0
230,8,7.0,1,1,7,1.0,8.0,0,8.0,0.0,inf,2,28.57,1,0
245,8,7.0,1,1,25,4.0,25.0,2,6.25,12.5,12.0,10,40.0,3,0
260,8,7.0,4,4,80,13.0,108.0,4,8.31,27.0,19.25,26,32.5,12,3
269,8,7.0,1,1,24,4.0,30.0,1,7.5,30.0,24.0,4,16.67,0,1
292,8,7.0,1,1,26,4.0,19.0,3,4.75,6.33,8.0,14,53.85,1,0
293,8,7.0,1,1,24,4.0,27.0,1,6.75,27.0,24.0,8,33.33,3,0
342,8,7.0,1,1,13,2.0,20.0,1,10.0,20.0,12.0,1,7.69,2,0
371,8,7.0,4,4,68,11.0,88.0,3,8.0,29.33,22.0,32,47.06,12,3
386,8,7.0,1,1,25,4.0,31.0,2,7.75,15.5,12.0,6,24.0,3,0
404,8,7.0,1,1,25,4.0,33.0,1,8.25,33.0,24.0,5,20.0,1,2
405,8,7.0,1,1,18,3.0,22.0,0,7.33,0.0,inf,5,27.78,2,0
431,8,7.0,1,1,24,4.0,30.0,1,7.5,30.0,24.0,7,29.17,3,0
449,8,7.0,1,1,12,2.0,20.0,1,10.0,20.0,12.0,2,16.67,0,2
477,8,7.0,1,1,26,4.0,34.0,1,8.5,34.0,24.0,6,23.08,4,0
478,8,7.0,2,2,31,5.0,34.0,2,6.8,17.0,15.0,11,35.48,3,0
485,8,7.0,1,1,24,4.0,22.0,1,5.5,22.0,24.0,6,25.0,1,0
514,8,7.0,1,1,25,4.0,25.0,0,6.25,0.0,inf,7,28.0,2,0
545,8,7.0,1,1,25,4.0,23.0,2,5.75,11.5,12.0,11,44.0,1,1
558,8,7.0,1,1,13,2.0,31.0,0,15.5,0.0,inf,2,15.38,3,2
563,8,7.0,2,2,24,4.0,28.0,0,7.0,0.0,inf,4,16.67,2,0
597,8,7.0,1,1,18,3.0,17.0,0,5.67,0.0,inf,9,50.0,1,1
622,8,7.0,1,1,18,3.0,22.0,1,7.33,22.0,18.0,8,44.44,2,1
656,8,7.0,4,4,73,12.0,88.0,4,7.33,22.0,18.0,16,21.92,5,2
665,8,7.0,1,1,6,1.0,7.0,0,7.0,0.0,inf,1,16.67,0,0
779,8,7.0,1,1,12,2.0,17.0,1,8.5,17.0,12.0,4,33.33,2,0
6,8,8.0,6,6,108,18.0,99.0,7,5.5,14.14,15.43,40,37.04,5,3
64,8,8.0,7,7,166,27.0,203.0,9,7.52,22.56,18.0,67,40.36,24,4
74,8,8.0,1,1,13,2.0,19.0,0,9.5,0.0,inf,5,38.46,2,1
114,8,8.0,1,1,18,3.0,18.0,1,6.0,18.0,18.0,9,50.0,3,0
116,8,8.0,1,1,28,4.0,26.0,2,6.5,13.0,12.0,11,39.29,2,0
137,8,8.0,5,5,111,18.0,83.0,8,4.61,10.38,13.5,53,47.75,2,2
144,8,8.0,1,1,26,4.0,40.0,0,10.0,0.0,inf,10,38.46,5,1
151,8,8.0,1,1,6,1.0,6.0,0,6.0,0.0,inf,1,16.67,0,0
158,8,8.0,1,1,25,4.0,19.0,3,4.75,6.33,8.0,12,48.0,2,0
178,8,8.0,7,7,148,24.0,176.0,9,7.33,19.56,16.0,55,37.16,17,3
179,8,8.0,1,1,24,4.0,36.0,1,9.0,36.0,24.0,7,29.17,1,3
223,8,8.0,1,1,19,3.0,28.0,0,9.33,0.0,inf,6,31.58,5,0
224,8,8.0,1,1,27,4.0,19.0,2,4.75,9.5,12.0,13,48.15,1,0
230,8,8.0,1,1,19,3.0,12.0,0,4.0,0.0,inf,8,42.11,0,0
234,8,8.0,1,1,24,4.0,21.0,1,5.25,21.0,24.0,10,41.67,0,1
235,8,8.0,1,1,24,4.0,27.0,1,6.75,27.0,24.0,8,33.33,2,0
245,8,8.0,3,3,61,10.0,88.0,0,8.8,0.0,inf,20,32.79,5,5
249,8,8.0,1,1,25,4.0,30.0,3,7.5,10.0,8.0,11,44.0,2,2
251,8,8.0,1,1,24,4.0,26.0,2,6.5,13.0,12.0,9,37.5,1,1
260,8,8.0,1,1,26,4.0,40.0,1,10.0,40.0,24.0,5,19.23,3,1
292,8,8.0,1,1,25,4.0,34.0,1,8.5,34.0,24.0,11,44.0,5,1
293,8,8.0,1,1,24,4.0,36.0,1,9.0,36.0,24.0,6,25.0,2,2
303,8,8.0,1,1,24,4.0,40.0,0,10.0,0.0,inf,7,29.17,5,1
342,8,8.0,1,1,25,4.0,24.0,3,6.0,8.0,8.0,13,52.0,3,0
348,8,8.0,1,1,24,4.0,29.0,0,7.25,0.0,inf,7,29.17,4,0
356,8,8.0,1,1,25,4.0,31.0,1,7.75,31.0,24.0,10,40.0,3,0
371,8,8.0,1,1,24,4.0,32.0,0,8.0,0.0,inf,11,45.83,4,1
381,8,8.0,1,1,19,3.0,34.0,0,11.33,0.0,inf,4,21.05,3,2
383,8,8.0,1,1,22,3.0,46.0,0,15.33,0.0,inf,6,27.27,4,3
399,8,8.0,1,1,6,1.0,4.0,0,4.0,0.0,inf,2,33.33,0,0
404,8,8.0,1,1,24,4.0,21.0,1,5.25,21.0,24.0,10,41.67,2,0
431,8,8.0,1,1,25,4.0,43.0,0,10.75,0.0,inf,10,40.0,3,3
449,8,8.0,7,7,149,24.0,172.0,12,7.17,14.33,12.0,40,26.85,9,5
485,8,8.0,1,1,24,4.0,51.0,0,12.75,0.0,inf,7,29.17,0,7
514,8,8.0,1,1,24,4.0,34.0,1,8.5,34.0,24.0,9,37.5,2,2
545,8,8.0,1,1,27,4.0,31.0,0,7.75,0.0,inf,12,44.44,2,2
550,8,8.0,1,1,6,1.0,11.0,0,11.0,0.0,inf,3,50.0,1,1
564,8,8.0,1,1,25,4.0,36.0,0,9.0,0.0,inf,11,44.0,6,1
573,8,8.0,1,1,13,2.0,15.0,1,7.5,15.0,12.0,4,30.77,1,0
597,8,8.0,1,1,18,3.0,33.0,1,11.0,33.0,18.0,4,22.22,4,1
622,8,8.0,5,5,92,15.0,119.0,6,7.93,19.83,15.0,39,42.39,14,4
630,8,8.0,1,1,26,4.0,30.0,0,7.5,0.0,inf,15,57.69,4,0
656,8,8.0,1,1,25,4.0,35.0,1,8.75,35.0,24.0,8,32.0,4,1
703,8,8.0,1,1,24,4.0,18.0,1,4.5,18.0,24.0,9,37.5,1,0
732,8,8.0,1,1,18,3.0,24.0,0,8.0,0.0,inf,8,44.44,1,2
756,8,8.0,1,1,18,3.0,23.0,0,7.67,0.0,inf,4,22.22,1,1
777,8,8.0,1,1,26,4.0,25.0,0,6.25,0.0,inf,12,46.15,2,1
779,8,8.0,1,1,24,4.0,29.0,2,7.25,14.5,12.0,9,37.5,4,0
58,8,10.0,1,1,18,3.0,30.0,0,10.0,0.0,inf,7,38.89,1,3
86,8,10.0,1,1,27,4.0,24.0,2,6.0,12.0,12.0,13,48.15,2,1
111,8,10.0,1,1,6,1.0,11.0,0,11.0,0.0,inf,0,0.0,0,1
114,8,10.0,3,3,36,6.0,39.0,3,6.5,13.0,12.0,23,63.89,6,1
116,8,10.0,1,1,18,3.0,21.0,0,7.0,0.0,inf,8,44.44,2,1
129,8,10.0,1,1,24,4.0,17.0,2,4.25,8.5,12.0,13,54.17,2,0
158,8,10.0,1,1,26,4.0,35.0,2,8.75,17.5,12.0,9,34.62,1,3
224,8,10.0,1,1,18,3.0,14.0,1,4.67,14.0,18.0,7,38.89,1,0
234,8,10.0,5,5,95,15.0,121.0,5,8.07,24.2,18.2,28,29.47,11,2
235,8,10.0,5,5,106,17.0,136.0,8,8.0,17.0,12.75,35,33.02,6,8
240,8,10.0,1,1,12,2.0,22.0,0,11.0,0.0,inf,0,0.0,3,0
249,8,10.0,5,5,124,20.0,158.0,6,7.9,26.33,19.5,52,41.94,23,3
251,8,10.0,1,1,25,4.0,27.0,2,6.75,13.5,12.0,8,32.0,2,0
255,8,10.0,1,1,24,4.0,38.0,1,9.5,38.0,24.0,10,41.67,3,3
259,8,10.0,1,1,6,1.0,18.0,0,18.0,0.0,inf,1,16.67,4,0
260,8,10.0,1,1,21,3.0,24.0,0,8.0,0.0,inf,6,28.57,3,0
263,8,10.0,1,1,24,4.0,55.0,1,13.75,55.0,24.0,5,20.83,3,5
264,8,10.0,1,1,27,4.0,20.0,0,5.0,0.0,inf,8,29.63,0,0
293,8,10.0,1,1,24,4.0,34.0,0,8.5,0.0,inf,5,20.83,1,2
303,8,10.0,1,1,25,4.0,55.0,0,13.75,0.0,inf,7,28.0,3,5
342,8,10.0,1,1,25,4.0,20.0,3,5.0,6.67,8.0,14,56.0,3,0
371,8,10.0,1,1,18,3.0,10.0,0,3.33,0.0,inf,12,66.67,0,1
381,8,10.0,1,1,25,4.0,17.0,1,4.25,17.0,24.0,12,48.0,1,0
386,8,10.0,1,1,27,4.0,23.0,1,5.75,23.0,24.0,11,40.74,2,0
399,8,10.0,1,1,12,2.0,14.0,0,7.0,0.0,inf,4,33.33,2,0
439,8,10.0,1,1,25,4.0,36.0,0,9.0,0.0,inf,4,16.0,3,1
451,8,10.0,1,1,20,3.0,25.0,0,8.33,0.0,inf,6,30.0,0,2
479,8,10.0,5,5,82,13.0,112.0,3,8.62,37.33,26.0,24,29.27,14,2
514,8,10.0,1,1,27,4.0,38.0,2,9.5,19.0,12.0,13,48.15,4,2
564,8,10.0,1,1,27,4.0,18.0,2,4.5,9.0,12.0,11,40.74,1,0
573,8,10.0,4,4,42,7.0,46.0,1,6.57,46.0,42.0,15,35.71,4,1
625,8,10.0,1,1,20,3.0,38.0,1,12.67,38.0,18.0,5,25.0,4,2
654,8,10.0,1,1,6,1.0,9.0,0,9.0,0.0,inf,0,0.0,1,0
656,8,10.0,1,1,18,3.0,23.0,0,7.67,0.0,inf,3,16.67,1,1
665,8,10.0,1,1,13,2.0,25.0,0,12.5,0.0,inf,1,7.69,1,2
695,8,10.0,1,1,26,4.0,30.0,2,7.5,15.0,12.0,14,53.85,4,1
732,8,10.0,1,1,18,3.0,18.0,1,6.0,18.0,18.0,8,44.44,1,1
779,8,10.0,1,1,21,3.0,18.0,2,6.0,9.0,10.0,8,38.1,1,0
63,8,16.0,1,1,19,3.0,28.0,1,9.33,28.0,18.0,7,36.84,2,2
64,8,16.0,1,1,24,4.0,31.0,1,7.75,31.0,24.0,8,33.33,4,0
88,8,16.0,1,1,13,2.0,28.0,0,14.0,0.0,inf,2,15.38,4,1
104,8,16.0,1,1,12,2.0,19.0,1,9.5,19.0,12.0,2,16.67,1,1
134,8,16.0,1,1,14,2.0,23.0,0,11.5,0.0,inf,1,7.14,1,1
178,8,16.0,1,1,25,4.0,58.0,0,14.5,0.0,inf,4,16.0,8,2
179,8,16.0,1,1,12,2.0,34.0,0,17.0,0.0,inf,1,8.33,2,3
224,8,16.0,1,1,13,2.0,30.0,0,15.0,0.0,inf,3,23.08,4,1
230,8,16.0,1,1,26,4.0,29.0,1,7.25,29.0,24.0,10,38.46,1,2
245,8,16.0,1,1,12,2.0,20.0,1,10.0,20.0,12.0,3,25.0,2,1
260,8,16.0,1,1,24,4.0,37.0,0,9.25,0.0,inf,9,37.5,4,2
269,8,16.0,4,4,77,12.0,56.0,7,4.67,8.0,10.29,34,44.16,4,0
292,8,16.0,2,2,49,8.0,89.0,1,11.12,89.0,48.0,13,26.53,12,3
293,8,16.0,1,1,18,3.0,18.0,1,6.0,18.0,18.0,6,33.33,0,1
342,8,16.0,1,1,18,3.0,26.0,1,8.67,26.0,18.0,3,16.67,1,1
371,8,16.0,1,1,24,4.0,33.0,0,8.25,0.0,inf,9,37.5,3,1
383,8,16.0,1,1,25,4.0,49.0,0,12.25,0.0,inf,7,28.0,4,4
386,8,16.0,1,1,25,4.0,17.0,2,4.25,8.5,12.0,12,48.0,1,0
399,8,16.0,1,1,8,1.0,11.0,0,11.0,0.0,inf,2,25.0,1,0
404,8,16.0,1,1,18,3.0,14.0,2,4.67,7.0,9.0,8,44.44,1,0
405,8,16.0,1,1,18,3.0,27.0,1,9.0,27.0,18.0,6,33.33,3,1
448,8,16.0,1,1,12,2.0,13.0,2,6.5,6.5,6.0,7,58.33,1,1
449,8,16.0,1,1,24,4.0,25.0,3,6.25,8.33,8.0,11,45.83,4,0
477,8,16.0,3,3,46,7.0,56.0,1,8.0,56.0,42.0,12,26.09,4,2
478,8,16.0,1,1,27,4.0,40.0,2,10.0,20.0,12.0,7,25.93,4,1
485,8,16.0,4,4,47,7.0,91.0,1,13.0,91.0,47.0,6,12.77,4,7
514,8,16.0,1,1,25,4.0,16.0,3,4.0,5.33,8.0,13,52.0,1,0
545,8,16.0,4,4,79,13.0,121.0,3,9.31,40.33,25.67,31,39.24,11,7
559,8,16.0,2,2,25,4.0,44.0,0,11.0,0.0,inf,6,24.0,6,1
597,8,16.0,1,1,18,3.0,21.0,0,7.0,0.0,inf,5,27.78,3,0
656,8,16.0,1,1,12,2.0,19.0,0,9.5,0.0,inf,3,25.0,0,2
665,8,16.0,1,1,12,2.0,14.0,1,7.0,14.0,12.0,3,25.0,1,0
779,8,16.0,1,1,13,2.0,20.0,2,10.0,10.0,6.0,3,23.08,3,0
6,8,23.0,2,2,24,4.0,51.0,0,12.75,0.0,inf,4,16.67,7,2
25,8,23.0,1,1,24,4.0,28.0,1,7.0,28.0,24.0,8,33.33,2,1
50,8,23.0,1,1,6,1.0,7.0,0,7.0,0.0,inf,1,16.67,1,0
63,8,23.0,1,1,6,1.0,5.0,1,5.0,5.0,6.0,1,16.67,0,0
64,8,23.0,2,2,51,8.0,77.0,0,9.62,0.0,inf,20,39.22,7,5
86,8,23.0,1,1,26,4.0,38.0,1,9.5,38.0,24.0,9,34.62,7,0
88,8,23.0,1,1,24,4.0,31.0,1,7.75,31.0,23.0,2,8.33,1,0
94,8,23.0,1,1,12,2.0,28.0,1,14.0,28.0,12.0,3,25.0,3,2
111,8,23.0,1,1,12,2.0,14.0,1,7.0,14.0,12.0,3,25.0,0,1
116,8,23.0,6,6,116,19.0,141.0,5,7.42,28.2,22.8,48,41.38,12,7
129,8,23.0,1,1,26,4.0,34.0,1,8.5,34.0,24.0,10,38.46,6,0
137,8,23.0,1,1,13,2.0,21.0,0,10.5,0.0,inf,6,46.15,1,2
178,8,23.0,2,2,48,8.0,60.0,2,7.5,30.0,24.0,23,47.92,5,3
179,8,23.0,1,1,24,4.0,28.0,1,7.0,28.0,24.0,8,33.33,3,0
223,8,23.0,1,1,19,3.0,25.0,1,8.33,25.0,18.0,7,36.84,4,0
224,8,23.0,1,1,25,4.0,37.0,1,9.25,37.0,24.0,8,32.0,5,1
229,8,23.0,1,1,12,2.0,21.0,1,10.5,21.0,12.0,5,41.67,1,2
234,8,23.0,1,1,24,4.0,20.0,1,5.0,20.0,24.0,14,58.33,1,1
235,8,23.0,1,1,26,4.0,46.0,2,11.5,23.0,12.0,5,19.23,2,2
245,8,23.0,2,2,37,6.0,41.0,1,6.83,41.0,36.0,9,24.32,1,2
250,8,23.0,3,3,37,6.0,55.0,1,9.17,55.0,36.0,11,29.73,1,5
251,8,23.0,6,6,108,18.0,130.0,6,7.22,21.67,18.0,35,32.41,9,5
255,8,23.0,4,4,97,16.0,103.0,4,6.44,25.75,24.0,40,41.24,9,4
260,8,23.0,1,1,23,3.0,56.0,2,18.67,28.0,11.5,4,17.39,6,4
263,8,23.0,1,1,19,3.0,38.0,1,12.67,38.0,18.0,7,36.84,2,4
269,8,23.0,1,1,18,3.0,20.0,1,6.67,20.0,18.0,5,27.78,2,0
293,8,23.0,2,2,49,8.0,72.0,3,9.0,24.0,16.0,11,22.45,8,1
371,8,23.0,1,1,25,4.0,35.0,0,8.75,0.0,inf,8,32.0,6,0
386,8,23.0,2,2,51,8.0,52.0,2,6.5,26.0,24.0,21,41.18,2,3
399,8,23.0,1,1,25,4.0,36.0,0,9.0,0.0,inf,8,32.0,6,0
405,8,23.0,1,1,20,3.0,17.0,2,5.67,8.5,9.0,8,40.0,0,1
448,8,23.0,1,1,24,4.0,23.0,1,5.75,23.0,24.0,8,33.33,0,1
449,8,23.0,2,2,36,6.0,63.0,2,10.5,31.5,18.0,9,25.0,5,4
477,8,23.0,1,1,6,1.0,10.0,0,10.0,0.0,inf,1,16.67,2,0
478,8,23.0,1,1,24,4.0,35.0,1,8.75,35.0,24.0,9,37.5,7,0
479,8,23.0,1,1,12,2.0,13.0,0,6.5,0.0,inf,5,41.67,1,1
485,8,23.0,1,1,24,4.0,29.0,2,7.25,14.5,12.0,7,29.17,1,1
514,8,23.0,1,1,24,4.0,25.0,3,6.25,8.33,8.0,15,62.5,2,2
545,8,23.0,1,1,24,4.0,42.0,2,10.5,21.0,12.0,8,33.33,5,1
559,8,23.0,1,1,25,4.0,37.0,0,9.25,0.0,inf,8,32.0,6,0
564,8,23.0,5,5,108,18.0,151.0,3,8.39,50.33,34.0,42,38.89,23,3
573,8,23.0,1,1,6,1.0,16.0,0,16.0,0.0,inf,1,16.67,2,1
586,8,23.0,1,1,12,2.0,23.0,0,11.5,0.0,inf,1,8.33,0,2
597,8,23.0,2,2,46,7.0,60.0,1,8.57,60.0,45.0,20,43.48,6,3
604,8,23.0,1,1,7,1.0,4.0,0,4.0,0.0,inf,3,42.86,0,0
634,8,23.0,1,1,12,2.0,17.0,1,8.5,17.0,12.0,4,33.33,0,1
654,8,23.0,3,3,42,7.0,70.0,2,10.0,35.0,21.0,10,23.81,3,6
656,8,23.0,1,1,25,4.0,33.0,1,8.25,33.0,24.0,10,40.0,1,3
663,8,23.0,1,1,18,3.0,36.0,0,12.0,0.0,inf,3,16.67,5,1
695,8,23.0,2,2,48,8.0,53.0,3,6.62,17.67,16.0,26,54.17,6,2
703,8,23.0,4,4,91,15.0,103.0,7,6.87,14.71,12.86,37,40.66,7,6
743,8,23.0,2,2,39,6.0,65.0,2,10.83,32.5,18.0,13,33.33,4,5
777,8,23.0,1,1,26,4.0,54.0,1,13.5,54.0,24.0,6,23.08,5,3
14,8,26.0,1,1,20,3.0,41.0,0,13.67,0.0,inf,5,25.0,5,2
43,8,26.0,1,1,24,4.0,49.0,0,12.25,0.0,inf,5,20.83,6,1
74,8,26.0,3,3,74,12.0,99.0,5,8.25,19.8,13.2,30,40.54,10,4
116,8,26.0,1,1,24,4.0,32.0,3,8.0,10.67,8.0,8,33.33,5,0
129,8,26.0,1,1,27,4.0,31.0,0,7.75,0.0,inf,13,48.15,5,0
158,8,26.0,2,2,53,8.0,61.0,4,7.62,15.25,12.0,18,33.96,5,1
234,8,26.0,1,1,25,4.0,41.0,0,10.25,0.0,inf,6,24.0,4,1
249,8,26.0,1,1,24,4.0,38.0,1,9.5,38.0,24.0,7,29.17,2,3
251,8,26.0,1,1,7,1.0,12.0,0,12.0,0.0,inf,1,14.29,0,1
259,8,26.0,3,3,65,10.0,98.0,4,9.8,24.5,15.0,23,35.38,15,1
264,8,26.0,1,1,19,3.0,34.0,0,11.33,0.0,inf,3,15.79,4,1
269,8,26.0,1,1,19,3.0,29.0,1,9.67,29.0,18.0,6,31.58,5,0
303,8,26.0,3,3,78,13.0,104.0,4,8.0,26.0,18.0,24,30.77,11,2
348,8,26.0,1,1,18,3.0,22.0,1,7.33,22.0,18.0,4,22.22,1,1
383,8,26.0,1,1,18,3.0,25.0,1,8.33,25.0,18.0,8,44.44,2,2
439,8,26.0,1,1,25,4.0,31.0,0,7.75,0.0,inf,10,40.0,1,2
477,8,26.0,1,1,24,4.0,40.0,0,10.0,0.0,inf,9,37.5,3,3
479,8,26.0,1,1,24,4.0,27.0,1,6.75,27.0,24.0,8,33.33,3,0
485,8,26.0,1,1,18,3.0,28.0,1,9.33,28.0,18.0,5,27.78,1,2
545,8,26.0,1,1,24,4.0,44.0,3,11.0,14.67,8.0,9,37.5,6,2
564,8,26.0,1,1,24,4.0,36.0,1,9.0,36.0,24.0,4,16.67,5,0
695,8,26.0,1,1,25,4.0,38.0,0,9.5,0.0,inf,6,24.0,2,2
711,8,26.0,1,1,20,3.0,35.0,0,11.67,0.0,inf,5,25.0,4,1
732,8,26.0,1,1,24,4.0,32.0,1,8.0,32.0,24.0,11,45.83,1,3
743,8,26.0,1,1,25,4.0,36.0,0,9.0,0.0,inf,9,36.0,2,2
756,8,26.0,1,1,12,2.0,23.0,0,11.5,0.0,inf,3,25.0,1,2
757,8,26.0,2,2,21,3.0,37.0,2,12.33,18.5,9.0,8,38.1,4,2
6,8,28.0,2,2,38,6.0,67.0,1,11.17,67.0,36.0,13,34.21,2,7
64,8,28.0,2,2,52,8.0,51.0,4,6.38,12.75,12.0,28,53.85,5,1
74,8,28.0,1,1,19,3.0,36.0,0,12.0,0.0,inf,4,21.05,3,2
111,8,28.0,1,1,6,1.0,5.0,0,5.0,0.0,inf,2,33.33,0,0
112,8,28.0,1,1,26,4.0,40.0,1,10.0,40.0,24.0,4,15.38,4,1
116,8,28.0,1,1,25,4.0,37.0,0,9.25,0.0,inf,7,28.0,4,1
129,8,28.0,1,1,27,4.0,32.0,1,8.0,32.0,24.0,8,29.63,2,1
137,8,28.0,2,2,24,4.0,35.0,0,8.75,0.0,inf,11,45.83,2,3
144,8,28.0,1,1,24,4.0,23.0,2,5.75,11.5,12.0,17,70.83,2,2
171,8,28.0,2,2,40,6.0,50.0,0,8.33,0.0,inf,13,32.5,6,1
178,8,28.0,2,2,45,7.0,76.0,2,10.86,38.0,21.0,11,24.44,6,4
179,8,28.0,1,1,24,4.0,51.0,2,12.75,25.5,12.0,6,25.0,0,6
189,8,28.0,1,1,27,4.0,50.0,0,12.5,0.0,inf,6,22.22,6,2
224,8,28.0,1,1,25,4.0,36.0,2,9.0,18.0,12.0,7,28.0,1,3
234,8,28.0,1,1,26,4.0,25.0,1,6.25,25.0,24.0,7,26.92,0,1
235,8,28.0,1,1,16,2.0,27.0,0,13.5,0.0,inf,4,25.0,1,2
245,8,28.0,1,1,24,4.0,46.0,0,11.5,0.0,inf,3,12.5,3,3
249,8,28.0,1,1,24,4.0,30.0,2,7.5,15.0,12.0,12,50.0,2,2
251,8,28.0,1,1,6,1.0,9.0,0,9.0,0.0,inf,3,50.0,2,0
255,8,28.0,1,1,27,4.0,38.0,1,9.5,38.0,24.0,5,18.52,2,2
259,8,28.0,1,1,19,3.0,26.0,2,8.67,13.0,9.0,9,47.37,3,1
260,8,28.0,1,1,26,4.0,41.0,2,10.25,20.5,12.0,13,50.0,2,4
263,8,28.0,1,1,26,4.0,52.0,0,13.0,0.0,inf,3,11.54,3,3
292,8,28.0,1,1,26,4.0,27.0,0,6.75,0.0,inf,8,30.77,2,0
293,8,28.0,8,8,186,31.0,232.0,9,7.48,25.78,20.0,68,36.56,21,7
342,8,28.0,1,1,25,4.0,41.0,1,10.25,41.0,24.0,5,20.0,6,0
356,8,28.0,1,1,25,4.0,29.0,1,7.25,29.0,24.0,5,20.0,2,0
371,8,28.0,1,1,24,4.0,12.0,1,3.0,12.0,24.0,14,58.33,1,0
386,8,28.0,8,8,199,33.0,245.0,15,7.42,16.33,12.8,71,35.68,30,4
399,8,28.0,3,3,36,6.0,74.0,1,12.33,74.0,36.0,10,27.78,10,3
404,8,28.0,8,8,148,24.0,238.0,6,9.92,39.67,24.0,43,29.05,21,11
439,8,28.0,1,1,24,4.0,36.0,1,9.0,36.0,24.0,10,41.67,5,1
449,8,28.0,2,2,51,8.0,70.0,5,8.75,14.0,9.6,10,19.61,4,3
477,8,28.0,1,1,27,4.0,35.0,2,8.75,17.5,12.0,8,29.63,2,2
479,8,28.0,1,1,24,4.0,33.0,1,8.25,33.0,24.0,8,33.33,4,1
485,8,28.0,1,1,24,4.0,30.0,1,7.5,30.0,24.0,5,20.83,2,1
514,8,28.0,6,6,151,25.0,205.0,8,8.2,25.62,17.25,49,32.45,20,8
545,8,28.0,1,1,28,4.0,26.0,3,6.5,8.67,8.0,13,46.43,3,0
558,8,28.0,1,1,24,4.0,29.0,1,7.25,29.0,24.0,9,37.5,4,0
559,8,28.0,1,1,24,4.0,38.0,2,9.5,19.0,12.0,8,33.33,7,0
564,8,28.0,1,1,19,3.0,37.0,0,12.33,0.0,inf,3,15.79,6,0
597,8,28.0,7,7,147,24.0,224.0,4,9.33,56.0,36.0,44,29.93,24,7
622,8,28.0,1,1,19,3.0,22.0,1,7.33,22.0,18.0,12,63.16,3,1
656,8,28.0,1,1,24,4.0,30.0,2,7.5,15.0,12.0,8,33.33,3,1
665,8,28.0,4,4,44,7.0,65.0,2,9.29,32.5,20.0,8,18.18,7,1
695,8,28.0,1,1,27,4.0,27.0,1,6.75,27.0,24.0,11,40.74,1,1
743,8,28.0,1,1,25,4.0,22.0,2,5.5,11.0,12.0,12,48.0,3,0
757,8,28.0,1,1,12,2.0,17.0,0,8.5,0.0,inf,2,16.67,1,1
779,8,28.0,1,1,25,4.0,38.0,0,9.5,0.0,inf,9,36.0,4,2
63,8,32.0,1,1,6,1.0,10.0,0,10.0,0.0,inf,1,16.67,0,1
74,8,32.0,1,1,28,4.0,32.0,0,8.0,0.0,inf,7,25.0,3,0
111,8,32.0,1,1,7,1.0,9.0,0,9.0,0.0,inf,0,0.0,0,0
114,8,32.0,1,1,18,3.0,24.0,0,8.0,0.0,inf,7,38.89,1,2
116,8,32.0,1,1,26,4.0,39.0,2,9.75,19.5,12.0,7,26.92,3,2
144,8,32.0,3,3,77,12.0,117.0,3,9.75,39.0,23.67,27,35.06,13,5
158,8,32.0,2,2,50,8.0,63.0,1,7.88,63.0,48.0,23,46.0,4,4
179,8,32.0,1,1,24,4.0,20.0,2,5.0,10.0,12.0,9,37.5,1,0
189,8,32.0,1,1,20,3.0,23.0,0,7.67,0.0,inf,5,25.0,2,0
224,8,32.0,1,1,18,3.0,15.0,2,5.0,7.5,9.0,8,44.44,1,0
234,8,32.0,1,1,25,4.0,34.0,1,8.5,34.0,24.0,5,20.0,1,2
235,8,32.0,1,1,24,4.0,43.0,3,10.75,14.33,8.0,6,25.0,2,3
240,8,32.0,1,1,25,4.0,33.0,1,8.25,33.0,24.0,9,36.0,4,1
249,8,32.0,1,1,19,3.0,14.0,0,4.67,0.0,inf,13,68.42,1,1
251,8,32.0,1,1,24,4.0,29.0,0,7.25,0.0,inf,6,25.0,0,2
255,8,32.0,1,1,24,4.0,17.0,1,4.25,17.0,24.0,11,45.83,1,0
259,8,32.0,2,2,43,7.0,49.0,3,7.0,16.33,14.0,22,51.16,6,2
260,8,32.0,3,3,74,12.0,93.0,5,7.75,18.6,14.4,30,40.54,11,2
303,8,32.0,2,2,48,8.0,68.0,3,8.5,22.67,16.0,14,29.17,7,2
342,8,32.0,1,1,25,4.0,22.0,1,5.5,22.0,24.0,13,52.0,3,0
356,8,32.0,1,1,18,3.0,28.0,0,9.33,0.0,inf,6,33.33,2,2
371,8,32.0,3,3,76,12.0,74.0,6,6.17,12.33,12.0,38,50.0,10,0
431,8,32.0,1,1,24,4.0,43.0,0,10.75,0.0,inf,4,16.67,3,2
439,8,32.0,1,1,27,4.0,36.0,2,9.0,18.0,12.0,12,44.44,4,1
479,8,32.0,1,1,19,3.0,23.0,1,7.67,23.0,18.0,7,36.84,2,1
558,8,32.0,1,1,25,4.0,20.0,2,5.0,10.0,12.0,13,52.0,2,0
564,8,32.0,1,1,25,4.0,33.0,3,8.25,11.0,8.0,11,44.0,4,1
573,8,32.0,1,1,14,2.0,16.0,2,8.0,8.0,6.0,4,28.57,0,1
656,8,32.0,3,3,61,10.0,84.0,2,8.4,42.0,29.5,19,31.15,5,5
695,8,32.0,1,1,24,4.0,27.0,2,6.75,13.5,12.0,11,45.83,2,2
732,8,32.0,1,1,18,3.0,15.0,0,5.0,0.0,inf,7,38.89,1,0
757,8,32.0,2,2,20,3.0,16.0,0,5.33,0.0,inf,11,55.0,2,0
779,8,32.0,1,1,25,4.0,32.0,2,8.0,16.0,12.0,8,32.0,4,0
6,8,33.0,1,1,16,2.0,16.0,0,8.0,0.0,inf,6,37.5,2,0
43,8,33.0,1,1,24,4.0,33.0,1,8.25,33.0,24.0,4,16.67,2,1
111,8,33.0,1,1,18,3.0,23.0,0,7.67,0.0,inf,5,27.78,2,1
129,8,33.0,2,2,50,8.0,42.0,3,5.25,14.0,16.0,28,56.0,4,1
137,8,33.0,1,1,24,4.0,24.0,0,6.0,0.0,inf,13,54.17,2,1
178,8,33.0,1,1,12,2.0,17.0,0,8.5,0.0,inf,4,33.33,3,0
180,8,33.0,2,2,36,6.0,27.0,2,4.5,13.5,18.0,17,47.22,2,0
223,8,33.0,2,2,36,6.0,56.0,2,9.33,28.0,18.0,9,25.0,4,2
230,8,33.0,1,1,6,1.0,8.0,0,8.0,0.0,inf,1,16.67,1,0
234,8,33.0,1,1,18,3.0,34.0,0,11.33,0.0,inf,2,11.11,1,2
245,8,33.0,1,1,18,3.0,28.0,2,9.33,14.0,9.0,5,27.78,3,1
249,8,33.0,1,1,24,4.0,25.0,2,6.25,12.5,12.0,12,50.0,2,1
269,8,33.0,1,1,12,2.0,14.0,0,7.0,0.0,inf,5,41.67,2,0
348,8,33.0,1,1,6,1.0,15.0,0,15.0,0.0,inf,1,16.67,3,0
383,8,33.0,1,1,24,4.0,39.0,0,9.75,0.0,inf,9,37.5,6,1
451,8,33.0,1,1,24,4.0,18.0,0,4.5,0.0,inf,15,62.5,1,1
477,8,33.0,1,1,13,2.0,34.0,0,17.0,0.0,inf,2,15.38,4,2
485,8,33.0,1,1,18,3.0,12.0,2,4.0,6.0,9.0,11,61.11,0,1
545,8,33.0,1,1,24,4.0,20.0,1,5.0,20.0,24.0,11,45.83,3,0
550,8,33.0,1,1,24,4.0,20.0,1,5.0,20.0,24.0,9,37.5,1,0
573,8,33.0,1,1,13,2.0,16.0,0,8.0,0.0,inf,3,23.08,1,0
622,8,33.0,1,1,24,4.0,27.0,2,6.75,13.5,12.0,14,58.33,4,1
6,8,35.0,1,1,6,1.0,13.0,0,13.0,0.0,inf,1,16.67,2,0
64,8,35.0,1,1,25,4.0,28.0,3,7.0,9.33,8.0,14,56.0,2,2
137,8,35.0,1,1,24,4.0,13.0,1,3.25,13.0,24.0,16,66.67,1,0
178,8,35.0,1,1,24,4.0,22.0,1,5.5,22.0,24.0,9,37.5,2,0
179,8,35.0,1,1,24,4.0,28.0,2,7.0,14.0,12.0,9,37.5,0,2
224,8,35.0,1,1,24,4.0,26.0,1,6.5,26.0,23.0,10,41.67,1,1
230,8,35.0,1,1,20,3.0,36.0,1,12.0,36.0,18.0,3,15.0,3,2
245,8,35.0,1,1,6,1.0,4.0,0,4.0,0.0,inf,3,50.0,0,0
342,8,35.0,1,1,24,4.0,27.0,1,6.75,27.0,24.0,6,25.0,3,0
449,8,35.0,1,1,20,3.0,21.0,1,7.0,21.0,18.0,8,40.0,1,1
558,8,35.0,1,1,24,4.0,25.0,1,6.25,25.0,24.0,9,37.5,2,0
779,8,35.0,1,1,26,4.0,30.0,1,7.5,30.0,24.0,5,19.23,3,0
104,8,37.0,2,2,19,3.0,20.0,1,6.67,20.0,18.0,5,26.32,0,1
111,8,37.0,1,1,6,1.0,10.0,0,10.0,0.0,inf,1,16.67,0,1
114,8,37.0,1,1,12,2.0,20.0,0,10.0,0.0,inf,5,41.67,4,0
116,8,37.0,1,1,6,1.0,6.0,1,6.0,6.0,6.0,4,66.67,1,0
158,8,37.0,1,1,18,3.0,23.0,0,7.67,0.0,inf,10,55.56,5,0
234,8,37.0,1,1,12,2.0,14.0,0,7.0,0.0,inf,3,25.0,0,1
235,8,37.0,1,1,24,4.0,35.0,1,8.75,35.0,24.0,6,25.0,0,3
249,8,37.0,1,1,24,4.0,26.0,1,6.5,26.0,24.0,10,41.67,1,1
250,8,37.0,1,1,25,4.0,26.0,0,6.5,0.0,inf,8,32.0,3,0
251,8,37.0,1,1,6,1.0,15.0,0,15.0,0.0,inf,0,0.0,1,1
255,8,37.0,1,1,24,4.0,38.0,0,9.5,0.0,inf,8,33.33,2,2
259,8,37.0,1,1,19,3.0,9.0,2,3.0,4.5,9.0,13,68.42,1,0
264,8,37.0,1,1,13,2.0,11.0,0,5.5,0.0,inf,6,46.15,1,0
269,8,37.0,1,1,7,1.0,9.0,1,9.0,9.0,6.0,3,42.86,0,1
292,8,37.0,1,1,26,4.0,31.0,1,7.75,31.0,24.0,10,38.46,5,0
303,8,37.0,1,1,14,2.0,20.0,0,10.0,0.0,inf,5,35.71,2,1
348,8,37.0,3,3,56,9.0,63.0,3,7.0,21.0,18.0,20,35.71,7,1
439,8,37.0,1,1,25,4.0,30.0,0,7.5,0.0,inf,10,40.0,1,2
448,8,37.0,1,1,6,1.0,14.0,0,14.0,0.0,inf,2,33.33,0,2
477,8,37.0,3,3,64,10.0,86.0,2,8.6,43.0,30.0,22,34.38,6,4
479,8,37.0,1,1,24,4.0,38.0,1,9.5,38.0,24.0,9,37.5,5,1
485,8,37.0,3,3,36,6.0,49.0,1,8.17,49.0,36.0,11,30.56,2,3
545,8,37.0,3,3,68,11.0,70.0,2,6.36,35.0,33.0,20,29.41,6,0
559,8,37.0,2,2,42,7.0,51.0,1,7.29,51.0,42.0,16,38.1,4,2
564,8,37.0,1,1,25,4.0,40.0,1,10.0,40.0,24.0,8,32.0,2,3
573,8,37.0,1,1,19,3.0,17.0,4,5.67,4.25,4.5,6,31.58,0,1
654,8,37.0,1,1,12,2.0,18.0,0,9.0,0.0,inf,2,16.67,1,1
695,8,37.0,1,1,24,4.0,31.0,2,7.75,15.5,12.0,8,33.33,5,0
732,8,37.0,1,1,24,4.0,21.0,2,5.25,10.5,12.0,12,50.0,0,1
757,8,37.0,1,1,12,2.0,12.0,0,6.0,0.0,inf,4,33.33,1,0
6,9,3.0,2,2,48,8.0,55.0,2,6.88,27.5,24.0,18,37.5,3,3
64,9,3.0,1,1,14,2.0,21.0,0,10.5,0.0,inf,7,50.0,3,1
68,9,3.0,1,1,24,4.0,51.0,0,12.75,0.0,inf,5,20.83,4,4
74,9,3.0,9,9,188,31.0,255.0,14,8.23,18.21,12.43,69,36.7,23,12
86,9,3.0,5,5,93,15.0,138.0,2,9.2,69.0,41.0,27,29.03,11,7
94,9,3.0,1,1,19,3.0,55.0,0,18.33,0.0,inf,6,31.58,2,7
104,9,3.0,1,1,11,1.0,25.0,0,25.0,0.0,inf,1,9.09,2,2
116,9,3.0,1,1,25,4.0,24.0,1,6.0,24.0,24.0,11,44.0,3,0
129,9,3.0,1,1,24,4.0,50.0,1,12.5,50.0,24.0,6,25.0,7,2
134,9,3.0,1,1,21,3.0,26.0,0,8.67,0.0,inf,6,28.57,2,0
137,9,3.0,1,1,6,1.0,7.0,0,7.0,0.0,inf,2,33.33,1,0
148,9,3.0,1,1,25,4.0,34.0,2,8.5,17.0,12.0,6,24.0,2,2
151,9,3.0,1,1,8,1.0,13.0,0,13.0,0.0,inf,1,12.5,0,1
158,9,3.0,1,1,24,4.0,29.0,0,7.25,0.0,inf,8,33.33,4,0
173,9,3.0,1,1,25,4.0,35.0,2,8.75,17.5,12.0,7,28.0,2,2
178,9,3.0,1,1,18,3.0,33.0,0,11.0,0.0,inf,4,22.22,6,0
179,9,3.0,9,9,207,34.0,268.0,15,7.88,17.87,13.27,71,34.3,21,12
205,9,3.0,1,1,12,2.0,18.0,1,9.0,18.0,12.0,4,33.33,2,1
224,9,3.0,2,2,43,7.0,65.0,0,9.29,0.0,inf,14,32.56,5,3
234,9,3.0,1,1,18,3.0,26.0,0,8.67,0.0,inf,3,16.67,2,1
240,9,3.0,1,1,18,3.0,40.0,0,13.33,0.0,inf,3,16.67,5,2
243,9,3.0,1,1,24,4.0,35.0,2,8.75,17.5,12.0,7,29.17,3,2
245,9,3.0,1,1,18,3.0,26.0,0,8.67,0.0,inf,3,16.67,2,1
251,9,3.0,1,1,24,4.0,32.0,2,8.0,16.0,12.0,6,25.0,2,1
255,9,3.0,1,1,24,4.0,45.0,0,11.25,0.0,inf,7,29.17,6,2
259,9,3.0,2,2,42,7.0,47.0,5,6.71,9.4,8.4,20,47.62,5,2
263,9,3.0,1,1,24,4.0,28.0,0,7.0,0.0,inf,9,37.5,1,2
269,9,3.0,2,2,42,7.0,81.0,0,11.57,0.0,inf,10,23.81,5,6
293,9,3.0,1,1,18,3.0,19.0,0,6.33,0.0,inf,5,27.78,0,1
307,9,3.0,2,2,10,1.0,8.0,2,8.0,4.0,5.0,5,50.0,1,0
371,9,3.0,1,1,18,3.0,29.0,1,9.67,29.0,18.0,8,44.44,4,1
381,9,3.0,2,2,31,5.0,48.0,2,9.6,24.0,15.0,11,35.48,6,2
391,9,3.0,1,1,19,3.0,50.0,0,16.67,0.0,inf,4,21.05,3,5
439,9,3.0,1,1,25,4.0,27.0,1,6.75,27.0,24.0,12,48.0,3,1
440,9,3.0,1,1,21,3.0,48.0,1,16.0,48.0,18.0,5,23.81,5,3
448,9,3.0,1,1,12,2.0,17.0,1,8.5,17.0,12.0,1,8.33,2,0
449,9,3.0,2,2,38,6.0,72.0,0,12.0,0.0,inf,5,13.16,7,3
453,9,3.0,1,1,25,4.0,43.0,1,10.75,43.0,24.0,7,28.0,4,2
477,9,3.0,2,2,46,7.0,77.0,2,11.0,38.5,22.0,19,41.3,4,7
482,9,3.0,6,6,124,20.0,174.0,10,8.7,17.4,11.4,36,29.03,14,7
485,9,3.0,1,1,25,4.0,57.0,0,14.25,0.0,inf,4,16.0,2,6
514,9,3.0,1,1,25,4.0,35.0,1,8.75,35.0,24.0,8,32.0,3,2
542,9,3.0,1,1,20,3.0,45.0,0,15.0,0.0,inf,4,20.0,2,4
545,9,3.0,2,2,52,8.0,80.0,2,10.0,40.0,24.0,16,30.77,12,2
546,9,3.0,1,1,24,4.0,15.0,1,3.75,15.0,24.0,11,45.83,0,0
550,9,3.0,3,3,60,10.0,96.0,1,9.6,96.0,60.0,17,28.33,11,3
558,9,3.0,7,7,134,22.0,147.0,8,6.68,18.38,15.88,53,39.55,14,4
564,9,3.0,1,1,27,4.0,56.0,1,14.0,56.0,24.0,5,18.52,6,3
624,9,3.0,3,3,51,8.0,52.0,0,6.5,0.0,inf,18,35.29,3,2
634,9,3.0,2,2,12,2.0,27.0,0,13.5,0.0,inf,1,8.33,3,1
656,9,3.0,1,1,21,3.0,46.0,1,15.33,46.0,18.0,6,28.57,2,5
665,9,3.0,1,1,6,1.0,22.0,0,22.0,0.0,inf,1,16.67,1,3
692,9,3.0,1,1,25,4.0,37.0,1,9.25,37.0,24.0,8,32.0,0,4
695,9,3.0,1,1,24,4.0,28.0,2,7.0,14.0,12.0,8,33.33,1,1
711,9,3.0,1,1,20,3.0,41.0,1,13.67,41.0,18.0,6,30.0,1,4
732,9,3.0,1,1,12,2.0,25.0,0,12.5,0.0,inf,3,25.0,2,2
756,9,3.0,1,1,24,4.0,45.0,0,11.25,0.0,inf,2,8.33,3,3
757,9,3.0,6,6,54,9.0,64.0,1,7.11,64.0,54.0,20,37.04,8,1
772,9,3.0,2,2,48,8.0,63.0,3,7.88,21.0,16.0,19,39.58,3,4
779,9,3.0,1,1,27,4.0,49.0,0,12.25,0.0,inf,6,22.22,7,1
6,9,7.0,1,1,25,4.0,30.0,2,7.5,15.0,12.0,8,32.0,1,2
63,9,7.0,4,4,30,5.0,42.0,0,8.4,0.0,inf,8,26.67,4,1
64,9,7.0,1,1,17,2.0,35.0,0,17.5,0.0,inf,3,17.65,5,1
74,9,7.0,1,1,24,4.0,22.0,2,5.5,11.0,12.0,10,41.67,2,0
86,9,7.0,1,1,18,3.0,25.0,0,8.33,0.0,inf,6,33.33,2,1
94,9,7.0,2,2,43,7.0,53.0,3,7.57,17.67,14.0,11,25.58,3,1
111,9,7.0,1,1,6,1.0,11.0,0,11.0,0.0,inf,1,16.67,2,0
116,9,7.0,1,1,6,1.0,18.0,0,18.0,0.0,inf,0,0.0,0,2
117,9,7.0,1,1,12,2.0,21.0,0,10.5,0.0,inf,3,25.0,2,1
129,9,7.0,1,1,18,3.0,25.0,1,8.33,25.0,18.0,5,27.78,3,0
137,9,7.0,1,1,24,4.0,27.0,0,6.75,0.0,inf,8,33.33,2,1
144,9,7.0,2,2,51,8.0,78.0,2,9.75,39.0,24.0,17,33.33,14,0
148,9,7.0,1,1,19,3.0,34.0,1,11.33,34.0,18.0,5,26.32,4,1
156,9,7.0,1,1,12,2.0,21.0,0,10.5,0.0,inf,6,50.0,3,1
158,9,7.0,1,1,25,4.0,30.0,2,7.5,15.0,12.0,7,28.0,2,1
173,9,7.0,1,1,7,1.0,11.0,0,11.0,0.0,inf,2,28.57,2,0
178,9,7.0,7,7,154,25.0,208.0,6,8.32,34.67,24.5,45,29.22,24,3
179,9,7.0,1,1,24,4.0,30.0,1,7.5,30.0,24.0,6,25.0,4,0
195,9,7.0,4,4,91,15.0,119.0,3,7.93,39.67,30.0,21,23.08,10,3
205,9,7.0,1,1,12,2.0,20.0,0,10.0,0.0,inf,1,8.33,1,1
212,9,7.0,1,1,6,1.0,7.0,0,7.0,0.0,inf,3,50.0,1,0
234,9,7.0,1,1,25,4.0,37.0,0,9.25,0.0,inf,6,24.0,3,1
240,9,7.0,1,1,16,2.0,30.0,0,15.0,0.0,inf,2,12.5,4,0
251,9,7.0,1,1,19,3.0,18.0,1,6.0,18.0,18.0,8,42.11,2,0
255,9,7.0,1,1,25,4.0,22.0,2,5.5,11.0,12.0,9,36.0,1,0
260,9,7.0,2,2,38,6.0,43.0,0,7.17,0.0,inf,12,31.58,4,0
263,9,7.0,1,1,24,4.0,26.0,3,6.5,8.67,8.0,6,25.0,0,1
269,9,7.0,1,1,18,3.0,29.0,1,9.67,29.0,18.0,4,22.22,3,1
293,9,7.0,1,1,24,4.0,31.0,0,7.75,0.0,inf,8,33.33,3,1
303,9,7.0,1,1,26,4.0,39.0,0,9.75,0.0,inf,6,23.08,5,0
356,9,7.0,1,1,26,4.0,27.0,1,6.75,27.0,24.0,8,30.77,2,0
371,9,7.0,7,7,153,25.0,205.0,8,8.2,25.62,18.75,51,33.33,18,7
381,9,7.0,1,1,18,3.0,26.0,0,8.67,0.0,inf,3,16.67,3,0
383,9,7.0,1,1,18,3.0,26.0,0,8.67,0.0,inf,10,55.56,4,1
439,9,7.0,1,1,24,4.0,28.0,2,7.0,14.0,12.0,11,45.83,1,2
440,9,7.0,2,2,45,7.0,70.0,1,10.0,70.0,42.0,11,24.44,11,0
449,9,7.0,1,1,25,4.0,22.0,4,5.5,5.5,6.0,9,36.0,1,0
451,9,7.0,1,1,24,4.0,30.0,0,7.5,0.0,inf,8,33.33,2,1
477,9,7.0,1,1,24,4.0,25.0,0,6.25,0.0,inf,7,29.17,2,0
482,9,7.0,1,1,25,4.0,52.0,0,13.0,0.0,inf,2,8.0,7,1
485,9,7.0,1,1,24,4.0,26.0,0,6.5,0.0,inf,6,25.0,2,0
514,9,7.0,1,1,27,4.0,32.0,2,8.0,16.0,12.0,7,25.93,3,0
545,9,7.0,1,1,24,4.0,32.0,2,8.0,16.0,12.0,9,37.5,4,1
546,9,7.0,1,1,12,2.0,20.0,0,10.0,0.0,inf,1,8.33,2,0
563,9,7.0,1,1,7,1.0,8.0,0,8.0,0.0,inf,2,28.57,1,0
564,9,7.0,1,1,18,3.0,17.0,1,5.67,17.0,18.0,5,27.78,0,0
611,9,7.0,1,1,24,4.0,36.0,3,9.0,12.0,8.0,5,20.83,2,2
644,9,7.0,4,4,74,12.0,130.0,4,10.83,32.5,18.0,15,20.27,16,4
654,9,7.0,1,1,8,1.0,6.0,1,6.0,6.0,6.0,2,25.0,0,0
656,9,7.0,7,7,145,24.0,188.0,5,7.83,37.6,28.8,37,25.52,14,5
665,9,7.0,1,1,12,2.0,25.0,0,12.5,0.0,inf,0,0.0,2,1
695,9,7.0,1,1,24,4.0,27.0,2,6.75,13.5,12.0,11,45.83,4,0
743,9,7.0,1,1,25,4.0,28.0,0,7.0,0.0,inf,8,32.0,3,0
757,9,7.0,1,1,13,2.0,16.0,0,8.0,0.0,inf,1,7.69,1,0
772,9,7.0,1,1,24,4.0,32.0,1,8.0,32.0,24.0,9,37.5,5,0
6,9,10.0,1,1,6,1.0,14.0,0,14.0,0.0,inf,0,0.0,1,1
63,9,10.0,1,1,7,1.0,11.0,0,11.0,0.0,inf,3,42.86,2,0
90,9,10.0,1,1,6,1.0,9.0,0,9.0,0.0,inf,1,16.67,1,0
116,9,10.0,1,1,24,4.0,26.0,3,6.5,8.67,8.0,11,45.83,2,1
129,9,10.0,4,4,95,15.0,113.0,5,7.53,22.6,18.6,42,44.21,12,3
134,9,10.0,1,1,26,4.0,34.0,1,8.5,34.0,24.0,12,46.15,4,1
137,9,10.0,1,1,27,4.0,34.0,0,8.5,0.0,inf,4,14.81,0,2
144,9,10.0,1,1,18,3.0,28.0,0,9.33,0.0,inf,4,22.22,3,1
148,9,10.0,3,3,64,10.0,107.0,0,10.7,0.0,inf,17,26.56,14,2
158,9,10.0,4,4,93,15.0,100.0,5,6.67,20.0,18.0,30,32.26,6,2
173,9,10.0,2,2,36,6.0,34.0,3,5.67,11.33,12.0,14,38.89,3,0
178,9,10.0,1,1,13,2.0,10.0,0,5.0,0.0,inf,6,46.15,1,0
180,9,10.0,2,2,49,8.0,48.0,1,6.0,48.0,48.0,20,40.82,2,2
195,9,10.0,1,1,16,2.0,27.0,0,13.5,0.0,inf,3,18.75,1,2
205,9,10.0,3,3,62,10.0,97.0,3,9.7,32.33,20.0,15,24.19,10,2
230,9,10.0,2,2,24,4.0,32.0,0,8.0,0.0,inf,6,25.0,3,1
234,9,10.0,5,5,114,19.0,126.0,8,6.63,15.75,13.5,42,36.84,8,5
235,9,10.0,3,3,73,12.0,79.0,5,6.58,15.8,14.4,23,31.51,3,4
240,9,10.0,1,1,6,1.0,9.0,0,9.0,0.0,inf,3,50.0,2,0
245,9,10.0,3,3,18,3.0,39.0,0,13.0,0.0,inf,4,22.22,6,1
251,9,10.0,1,1,13,2.0,24.0,0,12.0,0.0,inf,1,7.69,3,0
255,9,10.0,2,2,45,7.0,57.0,1,8.14,57.0,42.0,20,44.44,8,1
259,9,10.0,2,2,48,8.0,51.0,3,6.38,17.0,16.0,22,45.83,6,1
263,9,10.0,1,1,26,4.0,42.0,0,10.5,0.0,inf,5,19.23,4,1
264,9,10.0,1,1,6,1.0,8.0,0,8.0,0.0,inf,3,50.0,0,1
269,9,10.0,2,2,36,6.0,44.0,2,7.33,22.0,18.0,11,30.56,4,1
292,9,10.0,1,1,26,4.0,39.0,1,9.75,39.0,24.0,11,42.31,8,0
293,9,10.0,1,1,18,3.0,24.0,1,8.0,24.0,18.0,5,27.78,2,1
303,9,10.0,1,1,12,2.0,23.0,1,11.5,23.0,12.0,3,25.0,1,2
362,9,10.0,1,1,24,4.0,31.0,2,7.75,15.5,12.0,8,33.33,3,1
371,9,10.0,1,1,12,2.0,6.0,1,3.0,6.0,12.0,9,75.0,1,0
391,9,10.0,1,1,24,4.0,22.0,2,5.5,11.0,12.0,11,45.83,1,1
399,9,10.0,1,1,6,1.0,7.0,1,7.0,7.0,6.0,2,33.33,1,0
439,9,10.0,1,1,21,3.0,21.0,0,7.0,0.0,inf,5,23.81,2,0
448,9,10.0,2,2,30,5.0,37.0,1,7.4,37.0,30.0,9,30.0,2,2
449,9,10.0,2,2,49,8.0,72.0,3,9.0,24.0,16.0,16,32.65,7,2
451,9,10.0,1,1,24,4.0,32.0,0,8.0,0.0,inf,8,33.33,2,2
472,9,10.0,1,1,24,4.0,35.0,3,8.75,11.67,8.0,9,37.5,3,2
477,9,10.0,2,2,45,7.0,45.0,0,6.43,0.0,inf,19,42.22,4,1
514,9,10.0,1,1,27,4.0,31.0,2,7.75,15.5,12.0,12,44.44,2,2
545,9,10.0,2,2,50,8.0,46.0,5,5.75,9.2,9.6,19,38.0,3,0
546,9,10.0,1,1,25,4.0,25.0,0,6.25,0.0,inf,3,12.0,1,0
564,9,10.0,1,1,18,3.0,33.0,3,11.0,11.0,6.0,5,27.78,4,2
573,9,10.0,2,2,12,2.0,13.0,1,6.5,13.0,12.0,2,16.67,1,0
611,9,10.0,1,1,18,3.0,31.0,0,10.33,0.0,inf,5,27.78,2,2
634,9,10.0,2,2,24,4.0,55.0,1,13.75,55.0,24.0,3,12.5,3,5
654,9,10.0,1,1,18,3.0,17.0,0,5.67,0.0,inf,6,33.33,0,1
656,9,10.0,1,1,18,3.0,25.0,1,8.33,25.0,18.0,6,33.33,4,0
665,9,10.0,1,1,6,1.0,11.0,0,11.0,0.0,inf,1,16.67,0,1
695,9,10.0,1,1,24,4.0,31.0,2,7.75,15.5,12.0,11,45.83,3,2
703,9,10.0,1,1,24,4.0,39.0,0,9.75,0.0,inf,1,4.17,0,2
711,9,10.0,2,2,37,6.0,57.0,1,9.5,57.0,36.0,13,35.14,6,2
732,9,10.0,1,1,6,1.0,17.0,0,17.0,0.0,inf,1,16.67,0,2
755,9,10.0,2,2,51,8.0,68.0,2,8.5,34.0,24.0,15,29.41,7,2
756,9,10.0,1,1,26,4.0,22.0,2,5.5,11.0,12.0,6,23.08,0,0
772,9,10.0,1,1,24,4.0,28.0,0,7.0,0.0,inf,7,29.17,4,0
6,9,16.0,1,1,12,2.0,14.0,0,7.0,0.0,inf,4,33.33,1,0
47,9,16.0,1,1,24,4.0,45.0,2,11.25,22.5,12.0,10,41.67,3,4
63,9,16.0,1,1,12,2.0,16.0,0,8.0,0.0,inf,4,33.33,1,1
64,9,16.0,4,4,88,14.0,99.0,3,7.07,33.0,28.0,38,43.18,10,3
68,9,16.0,1,1,24,4.0,39.0,1,9.75,39.0,24.0,6,25.0,3,2
74,9,16.0,1,1,25,4.0,33.0,1,8.25,33.0,24.0,5,20.0,4,0
86,9,16.0,1,1,19,3.0,27.0,0,9.0,0.0,inf,6,31.58,4,0
104,9,16.0,1,1,12,2.0,14.0,1,7.0,14.0,12.0,4,33.33,2,0
111,9,16.0,2,2,20,3.0,24.0,0,8.0,0.0,inf,4,20.0,0,1
116,9,16.0,1,1,24,4.0,19.0,1,4.75,19.0,24.0,10,41.67,1,0
134,9,16.0,1,1,26,4.0,23.0,3,5.75,7.67,8.0,15,57.69,2,1
137,9,16.0,1,1,24,4.0,14.0,1,3.5,14.0,24.0,11,45.83,0,0
148,9,16.0,1,1,18,3.0,26.0,1,8.67,26.0,18.0,2,11.11,4,0
156,9,16.0,1,1,13,2.0,28.0,0,14.0,0.0,inf,3,23.08,2,2
158,9,16.0,1,1,25,4.0,19.0,1,4.75,19.0,24.0,10,40.0,1,0
178,9,16.0,1,1,21,3.0,20.0,1,6.67,20.0,18.0,8,38.1,2,0
180,9,16.0,1,1,25,4.0,32.0,1,8.0,32.0,24.0,8,32.0,3,1
189,9,16.0,1,1,26,4.0,35.0,1,8.75,35.0,24.0,7,26.92,3,1
224,9,16.0,1,1,8,1.0,16.0,0,16.0,0.0,inf,4,50.0,2,1
234,9,16.0,1,1,18,3.0,19.0,2,6.33,9.5,9.0,7,38.89,1,1
240,9,16.0,1,1,24,4.0,32.0,1,8.0,32.0,24.0,8,33.33,2,1
249,9,16.0,1,1,26,4.0,25.0,2,6.25,12.5,12.0,9,34.62,2,0
251,9,16.0,1,1,6,1.0,13.0,0,13.0,0.0,inf,2,33.33,2,0
255,9,16.0,1,1,24,4.0,26.0,0,6.5,0.0,inf,10,41.67,2,1
259,9,16.0,1,1,24,4.0,17.0,2,4.25,8.5,12.0,16,66.67,3,0
263,9,16.0,1,1,19,3.0,19.0,0,6.33,0.0,inf,6,31.58,0,1
264,9,16.0,2,2,32,5.0,35.0,0,7.0,0.0,inf,12,37.5,1,2
269,9,16.0,7,7,137,22.0,174.0,7,7.91,24.86,18.86,44,32.12,13,7
293,9,16.0,1,1,25,4.0,38.0,0,9.5,0.0,inf,6,24.0,4,1
297,9,16.0,1,1,24,4.0,14.0,2,3.5,7.0,12.0,15,62.5,1,0
371,9,16.0,1,1,24,4.0,30.0,1,7.5,30.0,24.0,12,50.0,2,2
391,9,16.0,1,1,25,4.0,25.0,0,6.25,0.0,inf,9,36.0,3,0
399,9,16.0,1,1,18,3.0,29.0,0,9.67,0.0,inf,3,16.67,3,0
439,9,16.0,1,1,25,4.0,24.0,3,6.0,8.0,8.0,10,40.0,2,0
440,9,16.0,1,1,18,3.0,34.0,0,11.33,0.0,inf,4,22.22,5,0
448,9,16.0,2,2,30,5.0,57.0,0,11.4,0.0,inf,6,20.0,2,5
449,9,16.0,1,1,18,3.0,14.0,2,4.67,7.0,9.0,6,33.33,0,0
477,9,16.0,1,1,25,4.0,28.0,1,7.0,28.0,24.0,11,44.0,4,0
485,9,16.0,1,1,14,2.0,24.0,0,12.0,0.0,inf,3,21.43,4,0
514,9,16.0,1,1,21,3.0,33.0,0,11.0,0.0,inf,10,47.62,2,3
545,9,16.0,7,7,167,27.0,196.0,6,7.26,32.67,27.0,64,38.32,17,4
550,9,16.0,1,1,24,4.0,33.0,0,8.25,0.0,inf,5,20.83,3,1
564,9,16.0,1,1,25,4.0,28.0,3,7.0,9.33,8.0,10,40.0,2,1
573,9,16.0,1,1,13,2.0,19.0,0,9.5,0.0,inf,5,38.46,3,0
611,9,16.0,1,1,6,1.0,6.0,0,6.0,0.0,inf,1,16.67,0,0
656,9,16.0,1,1,11,1.0,11.0,0,11.0,0.0,inf,4,36.36,1,0
695,9,16.0,1,1,28,4.0,35.0,2,8.75,17.5,12.0,11,39.29,2,2
711,9,16.0,6,6,135,22.0,170.0,5,7.73,34.0,25.2,45,33.33,18,3
743,9,16.0,1,1,18,3.0,18.0,0,6.0,0.0,inf,5,27.78,0,1
756,9,16.0,1,1,19,3.0,24.0,0,8.0,0.0,inf,4,21.05,1,1
772,9,16.0,7,7,161,26.0,181.0,7,6.96,25.86,22.29,61,37.89,12,6
6,9,20.0,2,2,18,3.0,32.0,0,10.67,0.0,inf,3,16.67,2,2
255,9,20.0,1,1,26,4.0,30.0,1,7.5,30.0,24.0,10,38.46,1,1
259,9,20.0,2,2,49,8.0,75.0,3,9.38,25.0,16.0,22,44.9,7,5
263,9,20.0,1,1,27,4.0,42.0,1,10.5,42.0,24.0,9,33.33,6,1
293,9,20.0,1,1,24,4.0,36.0,1,9.0,36.0,24.0,7,29.17,3,2
399,9,20.0,1,1,7,1.0,10.0,0,10.0,0.0,inf,3,42.86,2,0
449,9,20.0,2,2,51,8.0,51.0,3,6.38,17.0,16.0,18,35.29,5,1
466,9,20.0,1,1,22,3.0,35.0,1,11.67,35.0,18.0,6,27.27,3,1
477,9,20.0,2,2,38,6.0,36.0,2,6.0,18.0,18.0,20,52.63,6,0
514,9,20.0,1,1,23,3.0,38.0,0,12.67,0.0,inf,7,30.43,6,1
542,9,20.0,2,2,42,7.0,52.0,1,7.43,52.0,42.0,8,19.05,3,2
546,9,20.0,1,1,12,2.0,28.0,0,14.0,0.0,inf,2,16.67,4,1
597,9,20.0,1,1,18,3.0,17.0,2,5.67,8.5,9.0,9,50.0,3,0
634,9,20.0,2,2,52,8.0,45.0,6,5.62,7.5,8.0,27,51.92,4,1
654,9,20.0,1,1,6,1.0,6.0,0,6.0,0.0,inf,3,50.0,1,0
695,9,20.0,1,1,22,3.0,39.0,1,13.0,39.0,21.0,6,27.27,4,2
755,9,20.0,1,1,13,2.0,14.0,0,7.0,0.0,inf,5,38.46,2,0
6,9,23.0,1,1,18,3.0,25.0,0,8.33,0.0,inf,2,11.11,3,0
63,9,23.0,1,1,6,1.0,11.0,0,11.0,0.0,inf,1,16.67,2,0
73,9,23.0,2,2,42,7.0,37.0,2,5.29,18.5,20.0,22,52.38,5,0
74,9,23.0,1,1,25,4.0,46.0,0,11.5,0.0,inf,5,20.0,3,3
116,9,23.0,6,6,115,19.0,160.0,10,8.42,16.0,11.1,50,43.48,15,8
129,9,23.0,1,1,15,2.0,24.0,0,12.0,0.0,inf,4,26.67,4,0
134,9,23.0,1,1,6,1.0,13.0,0,13.0,0.0,inf,1,16.67,2,0
137,9,23.0,1,1,13,2.0,30.0,2,15.0,15.0,6.0,3,23.08,3,2
158,9,23.0,1,1,25,4.0,21.0,0,5.25,0.0,inf,13,52.0,3,0
178,9,23.0,1,1,24,4.0,39.0,0,9.75,0.0,inf,4,16.67,3,2
179,9,23.0,1,1,26,4.0,38.0,1,9.5,38.0,24.0,8,30.77,4,1
205,9,23.0,1,1,13,2.0,9.0,0,4.5,0.0,inf,6,46.15,1,0
234,9,23.0,1,1,13,2.0,11.0,1,5.5,11.0,12.0,6,46.15,0,0
243,9,23.0,1,1,7,1.0,8.0,0,8.0,0.0,inf,2,28.57,0,0
249,9,23.0,1,1,24,4.0,32.0,0,8.0,0.0,inf,13,54.17,7,0
251,9,23.0,6,6,136,22.0,160.0,8,7.27,20.0,16.75,60,44.12,6,10
255,9,23.0,3,3,70,11.0,70.0,4,6.36,17.5,17.5,35,50.0,4,4
259,9,23.0,1,1,25,4.0,30.0,1,7.5,30.0,24.0,10,40.0,4,0
263,9,23.0,1,1,24,4.0,32.0,0,8.0,0.0,inf,7,29.17,2,1
264,9,23.0,1,1,12,2.0,16.0,2,8.0,8.0,6.0,3,25.0,2,0
269,9,23.0,1,1,12,2.0,14.0,0,7.0,0.0,inf,1,8.33,0,0
293,9,23.0,1,1,24,4.0,31.0,1,7.75,31.0,24.0,6,25.0,1,2
371,9,23.0,1,1,27,4.0,25.0,0,6.25,0.0,inf,9,33.33,2,0
381,9,23.0,1,1,25,4.0,22.0,1,5.5,22.0,24.0,8,32.0,2,0
391,9,23.0,1,1,6,1.0,14.0,0,14.0,0.0,inf,0,0.0,1,1
399,9,23.0,1,1,13,2.0,22.0,1,11.0,22.0,12.0,1,7.69,1,1
404,9,23.0,1,1,14,2.0,31.0,0,15.5,0.0,inf,0,0.0,1,2
405,9,23.0,1,1,6,1.0,8.0,0,8.0,0.0,inf,1,16.67,1,0
439,9,23.0,1,1,27,4.0,43.0,0,10.75,0.0,inf,7,25.93,4,2
449,9,23.0,1,1,25,4.0,39.0,0,9.75,0.0,inf,8,32.0,0,4
466,9,23.0,3,3,50,8.0,63.0,2,7.88,31.5,24.0,12,24.0,7,0
472,9,23.0,2,2,50,8.0,65.0,3,8.12,21.67,16.0,19,38.0,2,4
477,9,23.0,1,1,24,4.0,19.0,2,4.75,9.5,12.0,14,58.33,2,0
482,9,23.0,1,1,19,3.0,22.0,0,7.33,0.0,inf,4,21.05,0,1
485,9,23.0,1,1,19,3.0,39.0,0,13.0,0.0,inf,4,21.05,1,4
489,9,23.0,1,1,18,3.0,29.0,0,9.67,0.0,inf,3,16.67,1,2
512,9,23.0,2,2,12,2.0,15.0,0,7.5,0.0,inf,5,41.67,1,1
514,9,23.0,1,1,25,4.0,25.0,2,6.25,12.5,12.0,8,32.0,2,0
545,9,23.0,1,1,24,4.0,31.0,2,7.75,15.5,12.0,6,25.0,4,0
558,9,23.0,1,1,24,4.0,41.0,2,10.25,20.5,12.0,5,20.83,6,1
564,9,23.0,3,3,49,8.0,65.0,0,8.12,0.0,inf,16,32.65,6,2
611,9,23.0,1,1,8,1.0,13.0,0,13.0,0.0,inf,3,37.5,1,1
614,9,23.0,1,1,6,1.0,7.0,0,7.0,0.0,inf,2,33.33,1,0
634,9,23.0,1,1,13,2.0,14.0,1,7.0,14.0,12.0,5,38.46,2,0
644,9,23.0,1,1,18,3.0,26.0,0,8.67,0.0,inf,4,22.22,4,0
654,9,23.0,1,1,6,1.0,4.0,0,4.0,0.0,inf,3,50.0,0,0
656,9,23.0,1,1,24,4.0,24.0,0,6.0,0.0,inf,7,29.17,0,1
695,9,23.0,4,4,80,13.0,107.0,1,8.23,107.0,78.0,34,42.5,15,3
703,9,23.0,4,4,74,12.0,103.0,4,8.58,25.75,18.0,30,40.54,13,3
711,9,23.0,1,1,25,4.0,31.0,1,7.75,31.0,24.0,6,24.0,2,1
732,9,23.0,1,1,12,2.0,15.0,0,7.5,0.0,inf,4,33.33,2,0
743,9,23.0,5,5,105,17.0,153.0,3,9.0,51.0,34.0,29,27.62,12,7
755,9,23.0,1,1,19,3.0,21.0,0,7.0,0.0,inf,7,36.84,1,1
757,9,23.0,1,1,6,1.0,8.0,0,8.0,0.0,inf,2,33.33,1,0
772,9,23.0,1,1,25,4.0,32.0,1,8.0,32.0,24.0,6,24.0,3,0
47,9,28.0,1,1,18,3.0,25.0,1,8.33,25.0,18.0,8,44.44,2,2
58,9,28.0,1,1,19,3.0,49.0,0,16.33,0.0,inf,5,26.32,3,5
74,9,28.0,1,1,25,4.0,40.0,0,10.0,0.0,inf,8,32.0,6,1
86,9,28.0,1,1,25,4.0,37.0,0,9.25,0.0,inf,9,36.0,3,1
90,9,28.0,1,1,14,2.0,30.0,0,15.0,0.0,inf,3,21.43,1,3
116,9,28.0,1,1,18,3.0,28.0,0,9.33,0.0,inf,5,27.78,5,0
137,9,28.0,1,1,6,1.0,7.0,1,7.0,7.0,6.0,2,33.33,1,0
224,9,28.0,1,1,12,2.0,20.0,0,10.0,0.0,inf,4,33.33,2,1
255,9,28.0,1,1,24,4.0,22.0,2,5.5,11.0,12.0,11,45.83,3,0
259,9,28.0,1,1,24,4.0,19.0,2,4.75,9.5,12.0,16,66.67,2,1
263,9,28.0,4,4,93,15.0,127.0,5,8.47,25.4,18.0,34,36.56,12,4
293,9,28.0,4,4,68,11.0,96.0,2,8.73,48.0,33.0,17,25.0,7,4
297,9,28.0,1,1,25,4.0,21.0,2,5.25,10.5,12.0,13,52.0,1,1
303,9,28.0,1,1,28,4.0,40.0,1,10.0,40.0,24.0,6,21.43,3,1
381,9,28.0,1,1,25,4.0,40.0,3,10.0,13.33,8.0,6,24.0,2,3
383,9,28.0,1,1,28,4.0,36.0,2,9.0,18.0,12.0,14,50.0,4,1
399,9,28.0,4,4,42,7.0,61.0,1,8.71,61.0,40.0,13,30.95,3,5
439,9,28.0,3,3,72,12.0,94.0,2,7.83,47.0,36.0,29,40.28,12,1
449,9,28.0,1,1,25,4.0,39.0,1,9.75,39.0,24.0,6,24.0,3,1
462,9,28.0,1,1,18,3.0,18.0,0,6.0,0.0,inf,4,22.22,1,0
477,9,28.0,1,1,19,3.0,18.0,0,6.0,0.0,inf,9,47.37,3,0
514,9,28.0,4,4,90,15.0,127.0,6,8.47,21.17,15.0,36,40.0,13,6
542,9,28.0,1,1,19,3.0,13.0,1,4.33,13.0,18.0,12,63.16,0,1
546,9,28.0,3,3,64,10.0,68.0,3,6.8,22.67,20.0,17,26.56,2,1
564,9,28.0,1,1,14,2.0,19.0,1,9.5,19.0,12.0,4,28.57,3,0
597,9,28.0,1,1,15,2.0,14.0,0,7.0,0.0,inf,6,40.0,1,0
611,9,28.0,1,1,24,4.0,16.0,1,4.0,16.0,24.0,13,54.17,1,0
692,9,28.0,1,1,19,3.0,30.0,1,10.0,30.0,18.0,7,36.84,4,1
732,9,28.0,1,1,12,2.0,12.0,2,6.0,6.0,6.0,6,50.0,0,1
743,9,28.0,1,1,24,4.0,30.0,1,7.5,30.0,24.0,9,37.5,3,1
756,9,28.0,1,1,24,4.0,10.0,1,2.5,10.0,24.0,17,70.83,1,0
757,9,28.0,1,1,6,1.0,8.0,0,8.0,0.0,inf,1,16.67,1,0
6,9,32.0,1,1,26,4.0,37.0,0,9.25,0.0,inf,6,23.08,0,3
47,9,32.0,1,1,18,3.0,13.0,3,4.33,4.33,6.0,11,61.11,1,0
68,9,32.0,1,1,24,4.0,36.0,1,9.0,36.0,24.0,6,25.0,4,1
74,9,32.0,1,1,26,4.0,31.0,2,7.75,15.5,12.0,9,34.62,2,1
90,9,32.0,1,1,18,3.0,20.0,1,6.67,20.0,18.0,4,22.22,0,1
116,9,32.0,1,1,12,2.0,16.0,0,8.0,0.0,inf,3,25.0,2,0
134,9,32.0,2,2,46,7.0,73.0,3,10.43,24.33,14.0,15,32.61,12,0
137,9,32.0,4,4,78,13.0,101.0,1,7.77,101.0,72.0,19,24.36,7,3
223,9,32.0,2,2,34,5.0,66.0,2,13.2,33.0,15.0,9,26.47,9,2
224,9,32.0,1,1,27,4.0,46.0,1,11.5,46.0,24.0,6,22.22,5,2
240,9,32.0,4,4,96,16.0,138.0,7,8.62,19.71,13.29,29,30.21,16,3
251,9,32.0,1,1,18,3.0,26.0,0,8.67,0.0,inf,4,22.22,1,1
255,9,32.0,1,1,24,4.0,32.0,1,8.0,32.0,24.0,7,29.17,1,2
259,9,32.0,1,1,19,3.0,25.0,0,8.33,0.0,inf,4,21.05,3,0
263,9,32.0,1,1,24,4.0,29.0,3,7.25,9.67,8.0,9,37.5,2,1
293,9,32.0,1,1,26,4.0,25.0,1,6.25,25.0,24.0,5,19.23,1,0
303,9,32.0,1,1,12,2.0,22.0,0,11.0,0.0,inf,0,0.0,1,1
356,9,32.0,2,2,44,7.0,57.0,0,8.14,0.0,inf,9,20.45,1,3
362,9,32.0,1,1,19,3.0,23.0,0,7.67,0.0,inf,6,31.58,3,0
381,9,32.0,1,1,19,3.0,22.0,0,7.33,0.0,inf,0,0.0,0,0
383,9,32.0,1,1,27,4.0,47.0,0,11.75,0.0,inf,8,29.63,6,2
391,9,32.0,1,1,19,3.0,32.0,0,10.67,0.0,inf,5,26.32,2,2
399,9,32.0,1,1,14,2.0,14.0,0,7.0,0.0,inf,5,35.71,0,1
439,9,32.0,1,1,25,4.0,35.0,0,8.75,0.0,inf,7,28.0,4,0
449,9,32.0,1,1,25,4.0,40.0,1,10.0,40.0,24.0,4,16.0,3,1
477,9,32.0,1,1,24,4.0,37.0,0,9.25,0.0,inf,8,33.33,6,0
514,9,32.0,1,1,25,4.0,27.0,1,6.75,27.0,24.0,12,48.0,2,1
546,9,32.0,1,1,13,2.0,28.0,0,14.0,0.0,inf,4,30.77,1,3
564,9,32.0,1,1,12,2.0,16.0,1,8.0,16.0,12.0,1,8.33,0,1
611,9,32.0,4,4,70,11.0,108.0,1,9.82,108.0,69.0,20,28.57,5,7
695,9,32.0,1,1,18,3.0,30.0,0,10.0,0.0,inf,8,44.44,3,2
743,9,32.0,1,1,18,3.0,14.0,1,4.67,14.0,18.0,7,38.89,1,0
756,9,32.0,4,4,78,13.0,87.0,3,6.69,29.0,26.0,15,19.23,3,2
757,9,32.0,1,1,12,2.0,23.0,0,11.5,0.0,inf,2,16.67,4,0
74,9,33.0,1,1,24,4.0,27.0,0,6.75,0.0,inf,9,37.5,1,1
111,9,33.0,1,1,6,1.0,7.0,0,7.0,0.0,inf,1,16.67,0,0
129,9,33.0,2,2,49,8.0,56.0,1,7.0,56.0,48.0,22,44.9,6,1
158,9,33.0,1,1,19,3.0,31.0,1,10.33,31.0,18.0,9,47.37,3,1
179,9,33.0,1,1,25,4.0,32.0,3,8.0,10.67,8.0,9,36.0,3,1
180,9,33.0,2,2,30,5.0,45.0,0,9.0,0.0,inf,10,33.33,7,0
205,9,33.0,2,2,44,7.0,45.0,3,6.43,15.0,14.33,15,34.09,2,1
234,9,33.0,2,2,42,7.0,54.0,0,7.71,0.0,inf,11,26.19,4,1
245,9,33.0,1,1,18,3.0,19.0,1,6.33,19.0,18.0,4,22.22,1,0
249,9,33.0,1,1,24,4.0,36.0,1,9.0,36.0,24.0,7,29.17,4,1
264,9,33.0,1,1,12,2.0,16.0,0,8.0,0.0,inf,0,0.0,1,0
269,9,33.0,1,1,12,2.0,18.0,0,9.0,0.0,inf,3,25.0,1,1
381,9,33.0,1,1,12,2.0,14.0,0,7.0,0.0,inf,2,16.67,1,0
482,9,33.0,1,1,13,2.0,10.0,1,5.0,10.0,12.0,7,53.85,1,0
485,9,33.0,1,1,18,3.0,25.0,0,8.33,0.0,inf,2,11.11,2,0
545,9,33.0,1,1,27,4.0,33.0,0,8.25,0.0,inf,11,40.74,5,0
558,9,33.0,1,1,24,4.0,28.0,1,7.0,28.0,24.0,7,29.17,2,1
573,9,33.0,1,1,6,1.0,9.0,1,9.0,9.0,6.0,1,16.67,1,0
624,9,33.0,1,1,14,2.0,11.0,2,5.5,5.5,6.0,3,21.43,0,0
711,9,33.0,1,1,25,4.0,34.0,2,8.5,17.0,12.0,10,40.0,3,2
757,9,33.0,1,1,13,2.0,15.0,0,7.5,0.0,inf,2,15.38,1,0
772,9,33.0,1,1,26,4.0,24.0,1,6.0,24.0,24.0,11,42.31,2,0
6,9,34.0,5,5,94,15.0,104.0,4,6.93,26.0,22.75,30,31.91,5,3
47,9,34.0,1,1,26,4.0,53.0,1,13.25,53.0,24.0,5,19.23,4,3
68,9,34.0,1,1,24,4.0,21.0,1,5.25,21.0,24.0,9,37.5,2,0
74,9,34.0,1,1,23,3.0,31.0,1,10.33,31.0,21.0,6,26.09,4,0
94,9,34.0,1,1,18,3.0,15.0,0,5.0,0.0,inf,7,38.89,1,0
129,9,34.0,1,1,25,4.0,27.0,1,6.75,27.0,24.0,12,48.0,3,0
137,9,34.0,1,1,25,4.0,26.0,0,6.5,0.0,inf,13,52.0,1,1
148,9,34.0,1,1,24,4.0,31.0,1,7.75,31.0,24.0,8,33.33,2,2
158,9,34.0,1,1,25,4.0,32.0,1,8.0,32.0,24.0,8,32.0,4,0
178,9,34.0,1,1,24,4.0,32.0,3,8.0,10.67,8.0,7,29.17,2,1
179,9,34.0,1,1,26,4.0,33.0,1,8.25,33.0,24.0,6,23.08,1,1
230,9,34.0,2,2,37,6.0,50.0,0,8.33,0.0,inf,9,24.32,5,1
234,9,34.0,1,1,18,3.0,19.0,1,6.33,19.0,18.0,4,22.22,1,0
259,9,34.0,4,4,66,11.0,100.0,2,9.09,50.0,33.0,20,30.3,11,2
264,9,34.0,1,1,18,3.0,22.0,1,7.33,22.0,18.0,3,16.67,2,0
269,9,34.0,1,1,19,3.0,17.0,0,5.67,0.0,inf,3,15.79,0,0
297,9,34.0,1,1,6,1.0,10.0,0,10.0,0.0,inf,0,0.0,1,0
303,9,34.0,3,3,30,5.0,43.0,0,8.6,0.0,inf,6,20.0,3,1
371,9,34.0,1,1,25,4.0,31.0,1,7.75,31.0,24.0,11,44.0,3,1
381,9,34.0,1,1,25,4.0,41.0,0,10.25,0.0,inf,5,20.0,4,1
383,9,34.0,1,1,24,4.0,39.0,1,9.75,39.0,24.0,5,20.83,7,0
391,9,34.0,2,2,49,8.0,49.0,4,6.12,12.25,12.0,19,38.78,5,0
405,9,34.0,1,1,7,1.0,8.0,0,8.0,0.0,inf,2,28.57,0,0
448,9,34.0,1,1,12,2.0,10.0,1,5.0,10.0,12.0,5,41.67,1,0
449,9,34.0,4,4,92,15.0,145.0,3,9.67,48.33,30.0,21,22.83,14,4
451,9,34.0,1,1,19,3.0,23.0,2,7.67,11.5,9.0,7,36.84,3,0
477,9,34.0,5,5,74,12.0,116.0,2,9.67,58.0,35.5,25,33.78,16,1
542,9,34.0,2,2,42,7.0,68.0,0,9.71,0.0,inf,6,14.29,7,2
545,9,34.0,1,1,26,4.0,29.0,4,7.25,7.25,6.0,10,38.46,4,0
559,9,34.0,1,1,13,2.0,17.0,0,8.5,0.0,inf,5,38.46,2,0
573,9,34.0,1,1,12,2.0,14.0,0,7.0,0.0,inf,4,33.33,1,0
611,9,34.0,1,1,26,4.0,31.0,2,7.75,15.5,12.0,8,30.77,4,0
634,9,34.0,1,1,12,2.0,12.0,0,6.0,0.0,inf,4,33.33,1,0
644,9,34.0,1,1,24,4.0,23.0,0,5.75,0.0,inf,9,37.5,3,0
656,9,34.0,1,1,25,4.0,21.0,4,5.25,5.25,6.0,12,48.0,2,0
692,9,34.0,1,1,13,2.0,21.0,0,10.5,0.0,inf,4,30.77,1,2
711,9,34.0,1,1,24,4.0,36.0,1,9.0,36.0,24.0,5,20.83,3,1
732,9,34.0,3,3,55,9.0,74.0,3,8.22,24.67,18.0,12,21.82,7,1
756,9,34.0,1,1,19,3.0,30.0,0,10.0,0.0,inf,5,26.32,0,3
772,9,34.0,1,1,24,4.0,19.0,1,4.75,19.0,24.0,10,41.67,1,0
60,9,37.0,1,1,6,1.0,3.0,0,3.0,0.0,inf,3,50.0,0,0
64,9,37.0,2,2,42,7.0,44.0,6,6.29,7.33,7.0,24,57.14,5,2
94,9,37.0,1,1,25,4.0,36.0,0,9.0,0.0,inf,11,44.0,0,4
111,9,37.0,1,1,6,1.0,10.0,0,10.0,0.0,inf,1,16.67,0,1
129,9,37.0,2,2,45,7.0,42.0,1,6.0,42.0,42.0,20,44.44,4,1
134,9,37.0,3,3,67,11.0,62.0,4,5.64,15.5,16.5,35,52.24,7,1
137,9,37.0,3,3,75,12.0,73.0,5,6.08,14.6,14.4,31,41.33,7,1
148,9,37.0,1,1,6,1.0,12.0,0,12.0,0.0,inf,1,16.67,1,1
158,9,37.0,2,2,38,6.0,46.0,3,7.67,15.33,12.0,17,44.74,4,3
178,9,37.0,2,2,50,8.0,65.0,3,8.12,21.67,16.0,23,46.0,7,3
189,9,37.0,1,1,19,3.0,21.0,1,7.0,21.0,18.0,5,26.32,2,0
212,9,37.0,2,2,42,7.0,54.0,0,7.71,0.0,inf,15,35.71,4,2
217,9,37.0,2,2,33,5.0,41.0,0,8.2,0.0,inf,13,39.39,5,1
234,9,37.0,2,2,36,6.0,52.0,1,8.67,52.0,36.0,14,38.89,5,3
235,9,37.0,1,1,24,4.0,59.0,0,14.75,0.0,inf,2,8.33,4,4
240,9,37.0,3,3,42,7.0,77.0,1,11.0,77.0,42.0,11,26.19,6,5
243,9,37.0,3,3,72,12.0,72.0,10,6.0,7.2,7.2,23,31.94,1,3
249,9,37.0,1,1,19,3.0,21.0,0,7.0,0.0,inf,8,42.11,3,0
263,9,37.0,3,3,61,10.0,61.0,3,6.1,20.33,20.0,23,37.7,6,1
269,9,37.0,2,2,42,7.0,38.0,2,5.43,19.0,21.0,13,30.95,3,0
293,9,37.0,3,3,73,12.0,92.0,3,7.67,30.67,24.0,24,32.88,7,4
371,9,37.0,2,2,50,8.0,40.0,3,5.0,13.33,16.0,27,54.0,4,1
399,9,37.0,1,1,6,1.0,10.0,0,10.0,0.0,inf,2,33.33,1,0
405,9,37.0,1,1,13,2.0,15.0,2,7.5,7.5,6.0,4,30.77,0,1
439,9,37.0,2,2,49,8.0,57.0,1,7.12,57.0,48.0,18,36.73,5,1
440,9,37.0,1,1,18,3.0,25.0,0,8.33,0.0,inf,8,44.44,3,1
451,9,37.0,1,1,24,4.0,42.0,0,10.5,0.0,inf,8,33.33,2,3
514,9,37.0,3,3,69,11.0,88.0,3,8.0,29.33,22.0,28,40.58,14,1
545,9,37.0,2,2,44,7.0,43.0,2,6.14,21.5,21.0,21,47.73,5,1
546,9,37.0,3,3,44,7.0,52.0,2,7.43,26.0,21.5,15,34.09,5,1
597,9,37.0,1,1,24,4.0,33.0,1,8.25,33.0,24.0,10,41.67,3,2
644,9,37.0,1,1,24,4.0,15.0,4,3.75,3.75,6.0,11,45.83,1,0
656,9,37.0,2,2,50,8.0,73.0,2,9.12,36.5,24.0,19,38.0,2,6
665,9,37.0,1,1,13,2.0,23.0,0,11.5,0.0,inf,2,15.38,2,1
692,9,37.0,1,1,19,3.0,23.0,1,7.67,23.0,18.0,10,52.63,1,2
711,9,37.0,2,2,46,7.0,44.0,3,6.29,14.67,15.0,22,47.83,5,1
756,9,37.0,1,1,18,3.0,26.0,0,8.67,0.0,inf,5,27.78,1,2
772,9,37.0,2,2,44,7.0,42.0,3,6.0,14.0,14.0,14,31.82,2,0
6,10,3.0,1,1,24,4.0,28.0,2,7.0,14.0,12.0,7,29.17,3,0
32,10,3.0,1,1,24,4.0,12.0,3,3.0,4.0,8.0,12,50.0,0,0
45,10,3.0,5,5,103,17.0,124.0,7,7.29,17.71,14.57,44,42.72,11,6
58,10,3.0,1,1,25,4.0,25.0,2,6.25,12.5,12.0,12,48.0,0,2
63,10,3.0,1,1,19,3.0,15.0,2,5.0,7.5,9.0,5,26.32,0,0
74,10,3.0,3,3,75,12.0,108.0,3,9.0,36.0,24.0,26,34.67,13,3
78,10,3.0,1,1,25,4.0,18.0,3,4.5,6.0,8.0,11,44.0,2,0
86,10,3.0,1,1,26,4.0,28.0,0,7.0,0.0,inf,13,50.0,5,0
113,10,3.0,2,2,48,8.0,69.0,1,8.62,69.0,47.0,14,29.17,8,2
129,10,3.0,1,1,25,4.0,31.0,2,7.75,15.5,12.0,9,36.0,3,1
144,10,3.0,1,1,26,4.0,28.0,2,7.0,14.0,12.0,13,50.0,2,1
158,10,3.0,1,1,24,4.0,21.0,3,5.25,7.0,8.0,16,66.67,3,1
169,10,3.0,1,1,6,1.0,15.0,0,15.0,0.0,inf,2,33.33,2,1
178,10,3.0,1,1,24,4.0,24.0,2,6.0,12.0,12.0,8,33.33,1,1
179,10,3.0,6,6,120,20.0,150.0,5,7.5,30.0,22.8,45,37.5,7,10
205,10,3.0,1,1,13,2.0,29.0,0,14.5,0.0,inf,1,7.69,2,2
234,10,3.0,1,1,12,2.0,32.0,0,16.0,0.0,inf,3,25.0,2,3
235,10,3.0,1,1,25,4.0,27.0,1,6.75,27.0,24.0,6,24.0,0,1
245,10,3.0,6,6,89,14.0,109.0,7,7.79,15.57,12.14,24,26.97,2,7
249,10,3.0,2,2,42,7.0,35.0,4,5.0,8.75,10.5,16,38.1,1,1
251,10,3.0,3,3,55,9.0,74.0,3,8.22,24.67,18.0,17,30.91,6,3
255,10,3.0,3,3,72,12.0,70.0,2,5.83,35.0,36.0,34,47.22,6,2
263,10,3.0,2,2,43,7.0,46.0,3,6.57,15.33,14.0,19,44.19,2,2
292,10,3.0,1,1,25,4.0,30.0,1,7.5,30.0,24.0,7,28.0,2,1
293,10,3.0,1,1,24,4.0,23.0,0,5.75,0.0,inf,11,45.83,2,1
295,10,3.0,1,1,13,2.0,8.0,0,4.0,0.0,inf,6,46.15,1,0
303,10,3.0,1,1,18,3.0,15.0,1,5.0,15.0,18.0,4,22.22,1,0
308,10,3.0,1,1,25,4.0,34.0,1,8.5,34.0,24.0,10,40.0,4,1
311,10,3.0,1,1,19,3.0,28.0,1,9.33,28.0,18.0,6,31.58,0,3
315,10,3.0,3,3,55,9.0,57.0,3,6.33,19.0,17.67,28,50.91,5,2
363,10,3.0,1,1,14,2.0,11.0,0,5.5,0.0,inf,5,35.71,0,0
371,10,3.0,1,1,24,4.0,22.0,3,5.5,7.33,8.0,15,62.5,2,1
381,10,3.0,1,1,21,3.0,36.0,2,12.0,18.0,9.0,3,14.29,2,2
386,10,3.0,1,1,23,3.0,24.0,1,8.0,24.0,23.0,9,39.13,2,1
399,10,3.0,2,2,18,3.0,13.0,1,4.33,13.0,18.0,6,33.33,0,0
439,10,3.0,1,1,14,2.0,23.0,0,11.5,0.0,inf,3,21.43,2,1
448,10,3.0,1,1,2,0.0,2.0,0,inf,0.0,inf,0,0.0,0,0
451,10,3.0,1,1,25,4.0,13.0,1,3.25,13.0,24.0,12,48.0,0,0
453,10,3.0,1,1,24,4.0,27.0,2,6.75,13.5,12.0,9,37.5,3,1
466,10,3.0,2,2,32,5.0,39.0,0,7.8,0.0,inf,6,18.75,3,1
482,10,3.0,1,1,7,1.0,9.0,1,9.0,9.0,6.0,2,28.57,0,1
485,10,3.0,1,1,25,4.0,16.0,4,4.0,4.0,6.0,11,44.0,1,0
498,10,3.0,1,1,12,2.0,15.0,0,7.5,0.0,inf,2,16.67,1,0
514,10,3.0,1,1,25,4.0,20.0,2,5.0,10.0,12.0,11,44.0,1,0
524,10,3.0,1,1,25,4.0,29.0,2,7.25,14.5,12.0,12,48.0,4,0
545,10,3.0,1,1,6,1.0,11.0,1,11.0,11.0,6.0,3,50.0,1,1
546,10,3.0,2,2,42,7.0,46.0,1,6.57,46.0,42.0,13,30.95,3,1
558,10,3.0,5,5,90,15.0,108.0,3,7.2,36.0,28.0,34,37.78,12,2
564,10,3.0,3,3,66,11.0,80.0,6,7.27,13.33,10.5,29,43.94,10,2
567,10,3.0,2,2,12,2.0,22.0,0,11.0,0.0,inf,1,8.33,2,1
610,10,3.0,1,1,6,1.0,14.0,0,14.0,0.0,inf,0,0.0,1,1
625,10,3.0,1,1,24,4.0,35.0,3,8.75,11.67,8.0,10,41.67,4,1
654,10,3.0,1,1,6,1.0,7.0,0,7.0,0.0,inf,2,33.33,1,0
656,10,3.0,1,1,18,3.0,11.0,3,3.67,3.67,6.0,7,38.89,0,0
741,10,3.0,1,1,25,4.0,39.0,1,9.75,39.0,24.0,8,32.0,3,2
748,10,3.0,1,1,25,4.0,26.0,0,6.5,0.0,inf,7,28.0,1,1
757,10,3.0,1,1,13,2.0,14.0,1,7.0,14.0,12.0,3,23.08,1,0
777,10,3.0,1,1,25,4.0,29.0,1,7.25,29.0,24.0,9,36.0,4,0
6,10,7.0,1,1,13,2.0,19.0,0,9.5,0.0,inf,1,7.69,2,0
63,10,7.0,3,3,60,10.0,62.0,4,6.2,15.5,15.0,24,40.0,3,2
64,10,7.0,1,1,24,4.0,42.0,3,10.5,14.0,8.0,9,37.5,7,1
86,10,7.0,2,2,36,6.0,46.0,2,7.67,23.0,18.0,14,38.89,5,1
94,10,7.0,1,1,26,4.0,42.0,0,10.5,0.0,inf,3,11.54,4,1
148,10,7.0,1,1,13,2.0,19.0,0,9.5,0.0,inf,6,46.15,4,0
156,10,7.0,1,1,18,3.0,28.0,1,9.33,28.0,18.0,8,44.44,2,2
158,10,7.0,1,1,12,2.0,13.0,0,6.5,0.0,inf,6,50.0,0,1
169,10,7.0,2,2,31,5.0,39.0,1,7.8,39.0,28.0,12,38.71,4,1
178,10,7.0,4,4,67,11.0,96.0,4,8.73,24.0,16.75,19,28.36,11,2
234,10,7.0,1,1,6,1.0,9.0,0,9.0,0.0,inf,2,33.33,0,1
255,10,7.0,1,1,24,4.0,27.0,1,6.75,27.0,24.0,8,33.33,3,0
259,10,7.0,1,1,26,4.0,24.0,1,6.0,24.0,24.0,9,34.62,0,1
260,10,7.0,1,1,12,2.0,26.0,0,13.0,0.0,inf,2,16.67,5,0
264,10,7.0,1,1,6,1.0,17.0,0,17.0,0.0,inf,1,16.67,2,1
269,10,7.0,1,1,18,3.0,39.0,0,13.0,0.0,inf,2,11.11,6,1
271,10,7.0,1,1,18,3.0,31.0,1,10.33,31.0,18.0,5,27.78,4,1
303,10,7.0,1,1,24,4.0,43.0,0,10.75,0.0,inf,2,8.33,4,1
308,10,7.0,1,1,24,4.0,48.0,1,12.0,48.0,24.0,2,8.33,5,2
311,10,7.0,1,1,18,3.0,27.0,0,9.0,0.0,inf,3,16.67,1,1
363,10,7.0,1,1,24,4.0,16.0,1,4.0,16.0,24.0,12,50.0,2,0
371,10,7.0,3,3,75,12.0,80.0,6,6.67,13.33,12.0,28,37.33,9,1
383,10,7.0,1,1,24,4.0,41.0,0,10.25,0.0,inf,7,29.17,3,2
451,10,7.0,1,1,5,0.0,9.0,0,inf,0.0,inf,1,20.0,0,1
466,10,7.0,1,1,12,2.0,17.0,0,8.5,0.0,inf,1,8.33,3,0
472,10,7.0,1,1,19,3.0,34.0,2,11.33,17.0,9.0,3,15.79,0,3
489,10,7.0,1,1,13,2.0,19.0,0,9.5,0.0,inf,2,15.38,0,1
498,10,7.0,1,1,26,4.0,37.0,0,9.25,0.0,inf,8,30.77,2,2
545,10,7.0,1,1,24,4.0,27.0,2,6.75,13.5,12.0,7,29.17,4,0
564,10,7.0,1,1,20,3.0,26.0,1,8.67,26.0,18.0,6,30.0,3,0
610,10,7.0,1,1,25,4.0,36.0,3,9.0,12.0,8.0,7,28.0,4,1
656,10,7.0,4,4,86,14.0,113.0,2,8.07,56.5,42.0,25,29.07,4,7
679,10,7.0,1,1,25,4.0,18.0,2,4.5,9.0,12.0,8,32.0,1,0
685,10,7.0,1,1,13,2.0,18.0,0,9.0,0.0,inf,5,38.46,3,0
741,10,7.0,1,1,25,4.0,20.0,2,5.0,10.0,12.0,11,44.0,2,0
6,10,10.0,1,1,12,2.0,28.0,1,14.0,28.0,12.0,4,33.33,1,3
18,10,10.0,1,1,24,4.0,23.0,1,5.75,23.0,24.0,11,45.83,2,1
38,10,10.0,1,1,24,4.0,41.0,2,10.25,20.5,12.0,7,29.17,3,3
58,10,10.0,1,1,24,4.0,29.0,2,7.25,14.5,12.0,10,41.67,2,1
63,10,10.0,1,1,6,1.0,7.0,0,7.0,0.0,inf,2,33.33,1,0
74,10,10.0,1,1,24,4.0,16.0,1,4.0,16.0,24.0,11,45.83,1,0
78,10,10.0,1,1,27,4.0,31.0,2,7.75,15.5,12.0,9,33.33,3,1
86,10,10.0,1,1,29,4.0,45.0,2,11.25,22.5,12.0,9,31.03,8,0
94,10,10.0,1,1,19,3.0,23.0,1,7.67,23.0,18.0,6,31.58,3,0
111,10,10.0,1,1,6,1.0,16.0,0,16.0,0.0,inf,0,0.0,0,2
129,10,10.0,5,5,122,20.0,151.0,5,7.55,30.2,24.0,35,28.69,12,5
148,10,10.0,6,6,126,21.0,188.0,4,8.95,47.0,30.0,39,30.95,19,6
156,10,10.0,1,1,25,4.0,43.0,1,10.75,43.0,24.0,9,36.0,3,4
158,10,10.0,3,3,73,12.0,89.0,4,7.42,22.25,18.0,21,28.77,8,1
178,10,10.0,1,1,25,4.0,37.0,1,9.25,37.0,24.0,9,36.0,3,2
179,10,10.0,1,1,19,3.0,24.0,0,8.0,0.0,inf,7,36.84,2,1
180,10,10.0,1,1,24,4.0,26.0,0,6.5,0.0,inf,11,45.83,1,2
224,10,10.0,1,1,25,4.0,43.0,3,10.75,14.33,8.0,8,32.0,7,1
229,10,10.0,5,5,85,14.0,130.0,3,9.29,43.33,26.0,12,14.12,6,7
230,10,10.0,1,1,12,2.0,24.0,0,12.0,0.0,inf,3,25.0,1,2
234,10,10.0,7,7,128,21.0,177.0,4,8.43,44.25,31.25,41,32.03,9,11
243,10,10.0,1,1,25,4.0,29.0,1,7.25,29.0,24.0,9,36.0,2,1
245,10,10.0,1,1,12,2.0,10.0,3,5.0,3.33,4.0,7,58.33,0,1
249,10,10.0,1,1,25,4.0,22.0,3,5.5,7.33,8.0,12,48.0,3,0
255,10,10.0,1,1,25,4.0,20.0,1,5.0,20.0,24.0,8,32.0,1,0
263,10,10.0,1,1,6,1.0,6.0,1,6.0,6.0,6.0,3,50.0,1,0
269,10,10.0,1,1,14,2.0,36.0,0,18.0,0.0,inf,1,7.14,6,1
293,10,10.0,1,1,24,4.0,22.0,3,5.5,7.33,8.0,15,62.5,1,2
303,10,10.0,1,1,16,2.0,35.0,0,17.5,0.0,inf,2,12.5,1,4
308,10,10.0,1,1,27,4.0,40.0,1,10.0,40.0,24.0,8,29.63,0,4
311,10,10.0,1,1,12,2.0,26.0,0,13.0,0.0,inf,2,16.67,0,3
363,10,10.0,1,1,24,4.0,24.0,0,6.0,0.0,inf,7,29.17,2,0
364,10,10.0,2,2,18,3.0,34.0,0,11.33,0.0,inf,5,27.78,1,3
371,10,10.0,1,1,24,4.0,41.0,1,10.25,41.0,24.0,10,41.67,7,1
386,10,10.0,1,1,12,2.0,5.0,2,2.5,2.5,6.0,9,75.0,1,0
399,10,10.0,1,1,6,1.0,2.0,0,2.0,0.0,inf,4,66.67,0,0
451,10,10.0,4,4,55,9.0,74.0,4,8.22,18.5,13.5,24,43.64,9,3
472,10,10.0,1,1,18,3.0,29.0,0,9.67,0.0,inf,4,22.22,2,1
479,10,10.0,1,1,12,2.0,15.0,0,7.5,0.0,inf,2,16.67,0,1
485,10,10.0,1,1,23,3.0,11.0,3,3.67,3.67,7.33,13,56.52,0,0
498,10,10.0,1,1,6,1.0,12.0,0,12.0,0.0,inf,0,0.0,2,0
514,10,10.0,1,1,12,2.0,18.0,1,9.0,18.0,12.0,5,41.67,2,1
545,10,10.0,1,1,24,4.0,33.0,1,8.25,33.0,24.0,9,37.5,3,1
564,10,10.0,1,1,24,4.0,53.0,1,13.25,53.0,24.0,7,29.17,7,3
567,10,10.0,1,1,18,3.0,30.0,2,10.0,15.0,9.0,5,27.78,1,2
610,10,10.0,1,1,25,4.0,38.0,1,9.5,38.0,24.0,7,28.0,1,3
625,10,10.0,1,1,18,3.0,35.0,0,11.67,0.0,inf,6,33.33,3,2
634,10,10.0,1,1,6,1.0,11.0,0,11.0,0.0,inf,0,0.0,2,0
638,10,10.0,1,1,18,3.0,23.0,1,7.67,23.0,18.0,7,38.89,2,1
656,10,10.0,1,1,24,4.0,33.0,1,8.25,33.0,24.0,5,20.83,1,2
685,10,10.0,3,3,76,12.0,120.0,3,10.0,40.0,24.0,23,30.26,14,3
741,10,10.0,1,1,24,4.0,31.0,1,7.75,31.0,24.0,4,16.67,4,0
748,10,10.0,1,1,12,2.0,18.0,1,9.0,18.0,12.0,1,8.33,2,0
777,10,10.0,6,6,152,25.0,203.0,9,8.12,22.56,16.0,45,29.61,22,5
38,10,16.0,3,3,69,11.0,97.0,4,8.82,24.25,16.5,26,37.68,11,3
58,10,16.0,2,2,48,8.0,49.0,7,6.12,7.0,6.86,22,45.83,2,3
64,10,16.0,3,3,57,9.0,74.0,3,8.22,24.67,18.33,20,35.09,8,2
74,10,16.0,1,1,18,3.0,41.0,0,13.67,0.0,inf,3,16.67,5,2
78,10,16.0,1,1,25,4.0,30.0,3,7.5,10.0,8.0,11,44.0,2,1
94,10,16.0,1,1,25,4.0,38.0,1,9.5,38.0,24.0,5,20.0,3,1
111,10,16.0,1,1,6,1.0,6.0,1,6.0,6.0,6.0,2,33.33,1,0
113,10,16.0,1,1,25,4.0,31.0,1,7.75,31.0,24.0,10,40.0,3,1
129,10,16.0,1,1,24,4.0,37.0,0,9.25,0.0,inf,4,16.67,4,1
144,10,16.0,1,1,24,4.0,26.0,3,6.5,8.67,8.0,8,33.33,3,0
158,10,16.0,1,1,24,4.0,26.0,4,6.5,6.5,6.0,10,41.67,4,0
173,10,16.0,2,2,42,7.0,64.0,0,9.14,0.0,inf,12,28.57,4,4
178,10,16.0,1,1,24,4.0,25.0,2,6.25,12.5,12.0,10,41.67,3,0
179,10,16.0,1,1,24,4.0,22.0,1,5.5,22.0,24.0,5,20.83,0,0
180,10,16.0,1,1,13,2.0,16.0,0,8.0,0.0,inf,2,15.38,1,0
230,10,16.0,1,1,12,2.0,24.0,0,12.0,0.0,inf,4,33.33,0,3
234,10,16.0,1,1,18,3.0,33.0,0,11.0,0.0,inf,2,11.11,1,2
235,10,16.0,1,1,25,4.0,24.0,1,6.0,24.0,24.0,11,44.0,1,1
243,10,16.0,1,1,25,4.0,32.0,2,8.0,16.0,12.0,7,28.0,1,2
249,10,16.0,1,1,25,4.0,34.0,0,8.5,0.0,inf,6,24.0,2,1
255,10,16.0,1,1,19,3.0,37.0,0,12.33,0.0,inf,2,10.53,4,1
259,10,16.0,1,1,12,2.0,17.0,0,8.5,0.0,inf,2,16.67,2,0
263,10,16.0,2,2,44,7.0,49.0,3,7.0,16.33,14.67,15,34.09,3,1
264,10,16.0,1,1,6,1.0,7.0,1,7.0,7.0,6.0,4,66.67,0,1
269,10,16.0,7,7,91,15.0,131.0,1,8.73,131.0,89.0,19,20.88,11,4
272,10,16.0,1,1,21,3.0,33.0,0,11.0,0.0,inf,6,28.57,2,2
293,10,16.0,1,1,24,4.0,23.0,0,5.75,0.0,inf,8,33.33,2,0
308,10,16.0,1,1,14,2.0,21.0,0,10.5,0.0,inf,3,21.43,3,0
315,10,16.0,1,1,28,4.0,55.0,1,13.75,55.0,24.0,5,17.86,5,3
363,10,16.0,7,7,170,28.0,208.0,10,7.43,20.8,16.8,59,34.71,14,9
371,10,16.0,1,1,24,4.0,35.0,1,8.75,35.0,24.0,7,29.17,2,2
383,10,16.0,1,1,27,4.0,23.0,0,5.75,0.0,inf,9,33.33,1,0
386,10,16.0,2,2,50,8.0,55.0,1,6.88,55.0,48.0,16,32.0,5,0
391,10,16.0,1,1,25,4.0,29.0,0,7.25,0.0,inf,7,28.0,3,0
394,10,16.0,2,2,48,8.0,41.0,2,5.12,20.5,24.0,26,54.17,3,1
399,10,16.0,1,1,6,1.0,13.0,0,13.0,0.0,inf,1,16.67,2,0
448,10,16.0,4,4,61,10.0,77.0,2,7.7,38.5,30.0,13,21.31,2,3
472,10,16.0,1,1,26,4.0,43.0,0,10.75,0.0,inf,5,19.23,3,2
477,10,16.0,1,1,12,2.0,16.0,1,8.0,16.0,12.0,5,41.67,2,0
479,10,16.0,1,1,19,3.0,41.0,0,13.67,0.0,inf,1,5.26,2,3
485,10,16.0,2,2,38,6.0,37.0,0,6.17,0.0,inf,17,44.74,2,2
494,10,16.0,1,1,13,2.0,21.0,0,10.5,0.0,inf,5,38.46,4,0
514,10,16.0,1,1,25,4.0,26.0,1,6.5,26.0,24.0,8,32.0,2,0
545,10,16.0,7,7,176,29.0,193.0,13,6.66,14.85,12.92,59,33.52,15,5
546,10,16.0,1,1,24,4.0,31.0,0,7.75,0.0,inf,8,33.33,3,1
558,10,16.0,1,1,18,3.0,36.0,0,12.0,0.0,inf,2,11.11,3,2
564,10,16.0,1,1,24,4.0,30.0,0,7.5,0.0,inf,10,41.67,1,2
567,10,16.0,1,1,6,1.0,11.0,0,11.0,0.0,inf,0,0.0,0,1
610,10,16.0,5,5,122,20.0,137.0,11,6.85,12.45,10.73,43,35.25,10,3
625,10,16.0,2,2,25,4.0,19.0,0,4.75,0.0,inf,12,48.0,2,0
638,10,16.0,2,2,42,7.0,32.0,0,4.57,0.0,inf,24,57.14,4,0
654,10,16.0,1,1,6,1.0,17.0,0,17.0,0.0,inf,1,16.67,2,1
656,10,16.0,1,1,25,4.0,33.0,2,8.25,16.5,12.0,7,28.0,2,1
711,10,16.0,1,1,13,2.0,29.0,0,14.5,0.0,inf,4,30.77,3,2
741,10,16.0,1,1,25,4.0,46.0,1,11.5,46.0,24.0,8,32.0,5,2
748,10,16.0,2,2,44,7.0,55.0,2,7.86,27.5,21.0,15,34.09,3,3
757,10,16.0,1,1,6,1.0,10.0,1,10.0,10.0,6.0,1,16.67,1,0
777,10,16.0,1,1,25,4.0,37.0,0,9.25,0.0,inf,5,20.0,3,1
74,10,17.0,1,1,12,2.0,28.0,0,14.0,0.0,inf,0,0.0,5,0
78,10,17.0,1,1,25,4.0,32.0,0,8.0,0.0,inf,10,40.0,4,1
86,10,17.0,1,1,24,4.0,21.0,2,5.25,10.5,12.0,11,45.83,1,1
113,10,17.0,1,1,12,2.0,22.0,1,11.0,22.0,12.0,4,33.33,2,2
134,10,17.0,1,1,18,3.0,26.0,1,8.67,26.0,18.0,7,38.89,1,2
162,10,17.0,1,1,28,4.0,32.0,1,8.0,32.0,24.0,8,28.57,1,2
169,10,17.0,2,2,25,4.0,39.0,1,9.75,39.0,24.0,6,24.0,3,2
178,10,17.0,3,3,64,10.0,110.0,1,11.0,110.0,63.0,21,32.81,8,8
179,10,17.0,1,1,21,3.0,29.0,1,9.67,29.0,21.0,8,38.1,0,3
235,10,17.0,1,1,24,4.0,29.0,2,7.25,14.5,12.0,8,33.33,1,2
245,10,17.0,1,1,6,1.0,7.0,0,7.0,0.0,inf,1,16.67,1,0
263,10,17.0,1,1,26,4.0,30.0,1,7.5,30.0,24.0,8,30.77,3,0
293,10,17.0,1,1,12,2.0,12.0,0,6.0,0.0,inf,4,33.33,1,0
371,10,17.0,3,3,69,11.0,98.0,3,8.91,32.67,22.0,27,39.13,7,7
381,10,17.0,1,1,13,2.0,19.0,0,9.5,0.0,inf,3,23.08,1,1
383,10,17.0,1,1,24,4.0,58.0,0,14.5,0.0,inf,2,8.33,6,4
386,10,17.0,1,1,26,4.0,58.0,0,14.5,0.0,inf,6,23.08,4,5
399,10,17.0,1,1,12,2.0,18.0,0,9.0,0.0,inf,3,25.0,3,0
489,10,17.0,2,2,24,4.0,36.0,1,9.0,36.0,24.0,4,16.67,0,3
514,10,17.0,1,1,25,4.0,46.0,2,11.5,23.0,12.0,10,40.0,5,3
524,10,17.0,1,1,25,4.0,41.0,0,10.25,0.0,inf,5,20.0,2,3
546,10,17.0,1,1,26,4.0,29.0,1,7.25,29.0,24.0,4,15.38,1,1
644,10,17.0,3,3,53,8.0,84.0,2,10.5,42.0,24.0,8,15.09,4,5
656,10,17.0,3,3,63,10.0,59.0,2,5.9,29.5,30.0,22,34.92,1,3
748,10,17.0,1,1,14,2.0,24.0,0,12.0,0.0,inf,4,28.57,3,1
756,10,17.0,1,1,13,2.0,20.0,0,10.0,0.0,inf,3,23.08,1,1
6,10,20.0,2,2,42,7.0,50.0,0,7.14,0.0,inf,14,33.33,5,1
38,10,20.0,1,1,24,4.0,32.0,4,8.0,8.0,6.0,10,41.67,4,1
129,10,20.0,1,1,24,4.0,30.0,0,7.5,0.0,inf,7,29.17,3,1
148,10,20.0,1,1,26,4.0,36.0,1,9.0,36.0,24.0,10,38.46,3,2
156,10,20.0,2,2,42,7.0,72.0,1,10.29,72.0,42.0,17,40.48,15,0
205,10,20.0,1,1,25,4.0,38.0,1,9.5,38.0,24.0,5,20.0,4,1
229,10,20.0,1,1,13,2.0,19.0,0,9.5,0.0,inf,3,23.08,3,0
234,10,20.0,1,1,12,2.0,27.0,1,13.5,27.0,12.0,2,16.67,2,2
259,10,20.0,1,1,24,4.0,30.0,1,7.5,30.0,24.0,10,41.67,5,0
269,10,20.0,1,1,6,1.0,12.0,0,12.0,0.0,inf,1,16.67,2,0
303,10,20.0,2,2,36,6.0,63.0,2,10.5,31.5,18.0,10,27.78,7,2
308,10,20.0,1,1,23,3.0,43.0,1,14.33,43.0,22.0,4,17.39,6,1
311,10,20.0,1,1,13,2.0,31.0,0,15.5,0.0,inf,1,7.69,6,0
363,10,20.0,1,1,24,4.0,34.0,3,8.5,11.33,8.0,10,41.67,3,2
394,10,20.0,1,1,18,3.0,17.0,0,5.67,0.0,inf,8,44.44,1,1
477,10,20.0,1,1,25,4.0,22.0,2,5.5,11.0,12.0,13,52.0,4,0
545,10,20.0,1,1,21,3.0,25.0,2,8.33,12.5,10.0,8,38.1,4,0
610,10,20.0,1,1,25,4.0,30.0,1,7.5,30.0,24.0,7,28.0,1,2
634,10,20.0,1,1,6,1.0,17.0,0,17.0,0.0,inf,1,16.67,4,0
689,10,20.0,1,1,18,3.0,22.0,0,7.33,0.0,inf,3,16.67,2,0
777,10,20.0,1,1,24,4.0,38.0,1,9.5,38.0,24.0,3,12.5,5,0
6,10,23.0,1,1,24,4.0,31.0,0,7.75,0.0,inf,4,16.67,2,1
45,10,23.0,1,1,24,4.0,33.0,1,8.25,33.0,24.0,10,41.67,4,1
58,10,23.0,1,1,24,4.0,28.0,2,7.0,14.0,12.0,15,62.5,3,2
63,10,23.0,1,1,6,1.0,18.0,0,18.0,0.0,inf,0,0.0,4,0
64,10,23.0,1,1,27,4.0,35.0,1,8.75,35.0,24.0,11,40.74,6,0
78,10,23.0,1,1,24,4.0,24.0,1,6.0,24.0,24.0,9,37.5,3,0
86,10,23.0,1,1,14,2.0,23.0,1,11.5,23.0,12.0,4,28.57,1,2
113,10,23.0,1,1,26,4.0,31.0,2,7.75,15.5,12.0,13,50.0,2,1
129,10,23.0,1,1,7,1.0,8.0,0,8.0,0.0,inf,2,28.57,1,0
144,10,23.0,1,1,25,4.0,30.0,1,7.5,30.0,24.0,11,44.0,4,1
158,10,23.0,1,1,18,3.0,39.0,0,13.0,0.0,inf,3,16.67,4,2
173,10,23.0,1,1,25,4.0,41.0,1,10.25,41.0,24.0,3,12.0,4,1
178,10,23.0,1,1,18,3.0,30.0,0,10.0,0.0,inf,3,16.67,3,1
179,10,23.0,1,1,25,4.0,16.0,3,4.0,5.33,8.0,10,40.0,0,0
229,10,23.0,1,1,17,2.0,27.0,0,13.5,0.0,inf,3,17.65,4,0
230,10,23.0,1,1,12,2.0,11.0,1,5.5,11.0,12.0,4,33.33,1,0
234,10,23.0,1,1,18,3.0,36.0,0,12.0,0.0,inf,5,27.78,6,1
235,10,23.0,1,1,24,4.0,36.0,1,9.0,36.0,24.0,6,25.0,1,3
245,10,23.0,1,1,19,3.0,15.0,2,5.0,7.5,9.0,10,52.63,2,0
249,10,23.0,4,4,86,14.0,137.0,8,9.79,17.12,10.0,36,41.86,22,4
251,10,23.0,1,1,18,3.0,36.0,1,12.0,36.0,18.0,6,33.33,3,3
255,10,23.0,6,6,149,24.0,169.0,4,7.04,42.25,36.0,56,37.58,16,2
259,10,23.0,1,1,12,2.0,23.0,0,11.5,0.0,inf,3,25.0,3,1
269,10,23.0,1,1,13,2.0,26.0,0,13.0,0.0,inf,2,15.38,0,2
292,10,23.0,3,3,74,12.0,99.0,3,8.25,33.0,24.0,32,43.24,15,2
303,10,23.0,1,1,24,4.0,38.0,1,9.5,38.0,24.0,6,25.0,6,0
308,10,23.0,1,1,24,4.0,44.0,1,11.0,44.0,24.0,7,29.17,5,2
363,10,23.0,1,1,24,4.0,29.0,1,7.25,29.0,24.0,7,29.17,2,1
371,10,23.0,1,1,19,3.0,28.0,0,9.33,0.0,inf,8,42.11,4,1
383,10,23.0,1,1,14,2.0,16.0,0,8.0,0.0,inf,6,42.86,3,0
399,10,23.0,1,1,24,4.0,22.0,2,5.5,11.0,12.0,9,37.5,0,1
439,10,23.0,1,1,26,4.0,39.0,2,9.75,19.5,12.0,10,38.46,4,2
448,10,23.0,1,1,13,2.0,20.0,0,10.0,0.0,inf,6,46.15,1,2
466,10,23.0,1,1,18,3.0,14.0,1,4.67,14.0,18.0,7,38.89,1,0
472,10,23.0,5,5,114,19.0,143.0,5,7.53,28.6,22.8,37,32.46,7,8
477,10,23.0,1,1,12,2.0,24.0,1,12.0,24.0,12.0,4,33.33,5,0
485,10,23.0,1,1,18,3.0,26.0,1,8.67,26.0,18.0,8,44.44,2,2
498,10,23.0,5,5,46,7.0,57.0,4,8.14,14.25,10.5,21,45.65,5,3
545,10,23.0,1,1,24,4.0,20.0,3,5.0,6.67,8.0,11,45.83,0,1
546,10,23.0,1,1,12,2.0,14.0,0,7.0,0.0,inf,2,16.67,1,0
558,10,23.0,1,1,21,3.0,27.0,1,9.0,27.0,21.0,7,33.33,4,0
564,10,23.0,7,7,149,24.0,193.0,8,8.04,24.12,18.0,58,38.93,20,9
597,10,23.0,1,1,20,3.0,31.0,2,10.33,15.5,9.0,6,30.0,3,1
625,10,23.0,1,1,18,3.0,21.0,0,7.0,0.0,inf,6,33.33,3,0
634,10,23.0,1,1,13,2.0,14.0,0,7.0,0.0,inf,2,15.38,1,0
638,10,23.0,1,1,12,2.0,18.0,2,9.0,9.0,6.0,5,41.67,2,1
644,10,23.0,1,1,9,1.0,14.0,0,14.0,0.0,inf,2,22.22,1,1
654,10,23.0,1,1,6,1.0,2.0,1,2.0,2.0,6.0,4,66.67,0,0
656,10,23.0,1,1,24,4.0,36.0,1,9.0,36.0,24.0,2,8.33,4,0
685,10,23.0,1,1,21,3.0,20.0,2,6.67,10.0,10.0,8,38.1,3,0
741,10,23.0,6,6,114,19.0,143.0,11,7.53,13.0,9.82,41,35.96,14,5
743,10,23.0,1,1,18,3.0,31.0,0,10.33,0.0,inf,5,27.78,5,1
748,10,23.0,1,1,18,3.0,23.0,1,7.67,23.0,18.0,6,33.33,2,1
757,10,23.0,1,1,6,1.0,9.0,1,9.0,9.0,6.0,3,50.0,2,0
777,10,23.0,1,1,18,3.0,22.0,0,7.33,0.0,inf,7,38.89,2,1
6,10,28.0,1,1,24,4.0,34.0,0,8.5,0.0,inf,6,25.0,1,2
32,10,28.0,1,1,25,4.0,34.0,2,8.5,17.0,12.0,6,24.0,2,2
58,10,28.0,2,2,49,8.0,64.0,3,8.0,21.33,16.0,17,34.69,4,4
63,10,28.0,1,1,12,2.0,8.0,1,4.0,8.0,12.0,4,33.33,0,0
64,10,28.0,1,1,24,4.0,46.0,1,11.5,46.0,24.0,7,29.17,7,1
74,10,28.0,1,1,24,4.0,28.0,1,7.0,28.0,23.0,6,25.0,3,0
78,10,28.0,1,1,25,4.0,21.0,2,5.25,10.5,12.0,8,32.0,2,0
129,10,28.0,1,1,25,4.0,36.0,0,9.0,0.0,inf,7,28.0,6,0
144,10,28.0,2,2,50,8.0,57.0,1,7.12,57.0,48.0,23,46.0,7,1
158,10,28.0,1,1,25,4.0,33.0,0,8.25,0.0,inf,10,40.0,2,2
173,10,28.0,1,1,12,2.0,18.0,0,9.0,0.0,inf,5,41.67,2,1
178,10,28.0,1,1,24,4.0,57.0,2,14.25,28.5,12.0,6,25.0,6,4
179,10,28.0,1,1,25,4.0,36.0,1,9.0,36.0,24.0,8,32.0,4,1
234,10,28.0,1,1,25,4.0,18.0,2,4.5,9.0,12.0,13,52.0,2,0
235,10,28.0,1,1,24,4.0,32.0,1,8.0,32.0,24.0,12,50.0,3,2
243,10,28.0,1,1,6,1.0,9.0,0,9.0,0.0,inf,2,33.33,0,1
245,10,28.0,1,1,24,4.0,17.0,2,4.25,8.5,12.0,9,37.5,0,0
255,10,28.0,1,1,24,4.0,22.0,1,5.5,22.0,24.0,12,50.0,1,1
263,10,28.0,8,8,196,32.0,248.0,10,7.75,24.8,19.2,61,31.12,20,6
264,10,28.0,1,1,12,2.0,18.0,1,9.0,18.0,12.0,2,16.67,1,1
271,10,28.0,1,1,13,2.0,40.0,0,20.0,0.0,inf,2,15.38,3,4
292,10,28.0,1,1,24,4.0,47.0,0,11.75,0.0,inf,6,25.0,6,2
293,10,28.0,6,6,138,23.0,163.0,4,7.09,40.75,34.5,47,34.06,11,7
308,10,28.0,1,1,25,4.0,34.0,0,8.5,0.0,inf,4,16.0,1,2
315,10,28.0,1,1,25,4.0,32.0,1,8.0,32.0,24.0,9,36.0,3,1
363,10,28.0,1,1,24,4.0,19.0,1,4.75,19.0,24.0,11,45.83,0,1
371,10,28.0,1,1,28,4.0,42.0,1,10.5,42.0,24.0,8,28.57,4,1
383,10,28.0,1,1,19,3.0,29.0,0,9.67,0.0,inf,7,36.84,5,0
386,10,28.0,6,6,148,24.0,207.0,5,8.62,41.4,27.6,40,27.03,13,9
399,10,28.0,6,6,72,12.0,109.0,2,9.08,54.5,33.0,18,25.0,8,5
453,10,28.0,1,1,13,2.0,29.0,0,14.5,0.0,inf,1,7.69,5,0
466,10,28.0,1,1,25,4.0,37.0,3,9.25,12.33,8.0,13,52.0,3,3
472,10,28.0,1,1,25,4.0,35.0,1,8.75,35.0,24.0,9,36.0,2,2
477,10,28.0,1,1,20,3.0,25.0,1,8.33,25.0,15.0,7,35.0,2,0
485,10,28.0,4,4,85,14.0,124.0,5,8.86,24.8,16.8,26,30.59,7,7
494,10,28.0,1,1,23,3.0,21.0,1,7.0,21.0,18.0,9,39.13,1,1
514,10,28.0,8,8,209,34.0,311.0,12,9.15,25.92,16.0,69,33.01,35,11
545,10,28.0,1,1,24,4.0,21.0,3,5.25,7.0,8.0,11,45.83,3,0
546,10,28.0,6,6,105,17.0,118.0,5,6.94,23.6,20.4,29,27.62,9,2
558,10,28.0,1,1,12,2.0,21.0,0,10.5,0.0,inf,1,8.33,2,1
625,10,28.0,2,2,44,7.0,66.0,3,9.43,22.0,14.0,13,29.55,7,2
634,10,28.0,1,1,7,1.0,12.0,0,12.0,0.0,inf,2,28.57,1,1
638,10,28.0,2,2,48,8.0,42.0,4,5.25,10.5,12.0,21,43.75,3,1
656,10,28.0,1,1,18,3.0,28.0,1,9.33,28.0,18.0,6,33.33,0,3
679,10,28.0,1,1,12,2.0,17.0,1,8.5,17.0,12.0,5,41.67,0,2
685,10,28.0,1,1,27,4.0,30.0,1,7.5,30.0,24.0,12,44.44,0,2
689,10,28.0,1,1,24,4.0,35.0,1,8.75,35.0,24.0,7,29.17,4,1
741,10,28.0,1,1,28,4.0,34.0,1,8.5,34.0,24.0,8,28.57,3,1
748,10,28.0,2,2,31,5.0,39.0,1,7.8,39.0,30.0,8,25.81,3,1
772,10,28.0,1,1,17,2.0,34.0,0,17.0,0.0,inf,3,17.65,3,2
777,10,28.0,1,1,25,4.0,20.0,2,5.0,10.0,12.0,9,36.0,1,0
6,10,32.0,1,1,12,2.0,19.0,0,9.5,0.0,inf,7,58.33,1,2
38,10,32.0,1,1,24,4.0,42.0,0,10.5,0.0,inf,5,20.83,4,2
45,10,32.0,1,1,24,4.0,31.0,1,7.75,31.0,24.0,8,33.33,3,1
58,10,32.0,5,5,109,18.0,127.0,8,7.06,15.88,13.38,43,39.45,12,5
63,10,32.0,1,1,12,2.0,15.0,0,7.5,0.0,inf,3,25.0,0,1
78,10,32.0,5,5,104,17.0,142.0,1,8.35,142.0,102.0,42,40.38,12,8
129,10,32.0,1,1,19,3.0,20.0,3,6.67,6.67,6.0,8,42.11,2,0
134,10,32.0,2,2,47,7.0,93.0,0,13.29,0.0,inf,14,29.79,9,6
141,10,32.0,1,1,6,1.0,12.0,0,12.0,0.0,inf,0,0.0,2,0
156,10,32.0,1,1,25,4.0,38.0,2,9.5,19.0,12.0,10,40.0,5,1
158,10,32.0,1,1,13,2.0,19.0,1,9.5,19.0,12.0,5,38.46,3,0
178,10,32.0,1,1,6,1.0,6.0,0,6.0,0.0,inf,3,50.0,1,0
179,10,32.0,1,1,12,2.0,25.0,0,12.5,0.0,inf,1,8.33,2,1
217,10,32.0,3,3,44,7.0,74.0,1,10.57,74.0,42.0,12,27.27,12,1
229,10,32.0,1,1,6,1.0,10.0,0,10.0,0.0,inf,2,33.33,0,1
234,10,32.0,1,1,18,3.0,11.0,3,3.67,3.67,6.0,10,55.56,1,0
235,10,32.0,6,6,140,23.0,168.0,11,7.3,15.27,12.55,45,32.14,6,9
243,10,32.0,3,3,66,11.0,93.0,4,8.45,23.25,16.25,20,30.3,5,5
245,10,32.0,1,1,25,4.0,18.0,1,4.5,18.0,24.0,12,48.0,1,0
251,10,32.0,1,1,24,4.0,36.0,1,9.0,36.0,24.0,6,25.0,3,1
255,10,32.0,1,1,25,4.0,34.0,1,8.5,34.0,24.0,6,24.0,5,0
263,10,32.0,1,1,24,4.0,29.0,0,7.25,0.0,inf,6,25.0,3,0
269,10,32.0,1,1,6,1.0,4.0,0,4.0,0.0,inf,2,33.33,0,0
303,10,32.0,1,1,17,2.0,30.0,0,15.0,0.0,inf,3,17.65,2,2
308,10,32.0,1,1,25,4.0,35.0,2,8.75,17.5,12.0,7,28.0,2,2
311,10,32.0,1,1,25,4.0,16.0,0,4.0,0.0,inf,12,48.0,0,0
363,10,32.0,1,1,24,4.0,17.0,1,4.25,17.0,24.0,10,41.67,1,0
371,10,32.0,1,1,13,2.0,12.0,0,6.0,0.0,inf,5,38.46,1,0
383,10,32.0,1,1,6,1.0,12.0,0,12.0,0.0,inf,1,16.67,2,0
399,10,32.0,1,1,24,4.0,36.0,1,9.0,36.0,24.0,4,16.67,5,0
439,10,32.0,1,1,26,4.0,34.0,1,8.5,34.0,24.0,8,30.77,3,1
448,10,32.0,1,1,24,4.0,30.0,1,7.5,30.0,24.0,9,37.5,2,2
451,10,32.0,1,1,25,4.0,23.0,1,5.75,23.0,24.0,10,40.0,1,1
453,10,32.0,1,1,26,4.0,35.0,0,8.75,0.0,inf,10,38.46,5,0
472,10,32.0,1,1,24,4.0,31.0,2,7.75,15.5,12.0,8,33.33,2,1
489,10,32.0,1,1,6,1.0,6.0,0,6.0,0.0,inf,1,16.67,0,0
494,10,32.0,1,1,25,4.0,7.0,2,1.75,3.5,12.0,17,68.0,0,0
498,10,32.0,1,1,12,2.0,14.0,0,7.0,0.0,inf,2,16.67,1,0
514,10,32.0,1,1,24,4.0,36.0,1,9.0,36.0,24.0,9,37.5,5,1
545,10,32.0,1,1,25,4.0,39.0,1,9.75,39.0,24.0,9,36.0,5,1
546,10,32.0,1,1,12,2.0,21.0,0,10.5,0.0,inf,2,16.67,1,1
558,10,32.0,1,1,24,4.0,30.0,0,7.5,0.0,inf,7,29.17,1,2
564,10,32.0,1,1,21,3.0,28.0,1,9.33,28.0,18.0,7,33.33,3,1
610,10,32.0,1,1,18,3.0,45.0,0,15.0,0.0,inf,1,5.56,4,3
625,10,32.0,4,4,91,15.0,125.0,4,8.33,31.25,21.25,29,31.87,19,0
634,10,32.0,1,1,19,3.0,26.0,0,8.67,0.0,inf,4,21.05,2,1
638,10,32.0,4,4,62,10.0,70.0,1,7.0,70.0,60.0,24,38.71,6,3
656,10,32.0,1,1,12,2.0,13.0,1,6.5,13.0,12.0,2,16.67,1,0
665,10,32.0,1,1,12,2.0,30.0,0,15.0,0.0,inf,0,0.0,1,3
679,10,32.0,1,1,18,3.0,14.0,0,4.67,0.0,inf,10,55.56,0,1
741,10,32.0,1,1,19,3.0,38.0,0,12.67,0.0,inf,3,15.79,2,3
748,10,32.0,5,5,105,17.0,113.0,6,6.65,18.83,17.0,33,31.43,6,2
756,10,32.0,2,2,30,5.0,35.0,2,7.0,17.5,15.0,6,20.0,0,2
757,10,32.0,1,1,12,2.0,17.0,1,8.5,17.0,12.0,2,16.67,2,0
777,10,32.0,1,1,20,3.0,24.0,2,8.0,12.0,9.5,6,30.0,0,2
6,10,34.0,4,4,78,13.0,140.0,2,10.77,70.0,39.0,14,17.95,14,6
32,10,34.0,4,4,79,13.0,95.0,7,7.31,13.57,11.14,26,32.91,9,2
74,10,34.0,1,1,12,2.0,24.0,0,12.0,0.0,inf,1,8.33,1,2
78,10,34.0,1,1,19,3.0,18.0,0,6.0,0.0,inf,8,42.11,2,0
94,10,34.0,1,1,24,4.0,24.0,2,6.0,12.0,12.0,8,33.33,2,0
162,10,34.0,1,1,18,3.0,26.0,1,8.67,26.0,18.0,8,44.44,3,1
169,10,34.0,1,1,20,3.0,22.0,0,7.33,0.0,inf,4,20.0,0,1
174,10,34.0,1,1,15,2.0,32.0,0,16.0,0.0,inf,4,26.67,5,1
178,10,34.0,1,1,25,4.0,25.0,1,6.25,25.0,24.0,8,32.0,2,0
179,10,34.0,1,1,25,4.0,31.0,3,7.75,10.33,8.0,8,32.0,1,2
212,10,34.0,1,1,12,2.0,26.0,0,13.0,0.0,inf,4,33.33,2,2
230,10,34.0,3,3,36,6.0,43.0,0,7.17,0.0,inf,9,25.0,3,1
235,10,34.0,1,1,24,4.0,53.0,1,13.25,53.0,24.0,6,25.0,8,2
245,10,34.0,1,1,25,4.0,21.0,1,5.25,21.0,24.0,17,68.0,1,2
251,10,34.0,1,1,25,4.0,33.0,1,8.25,33.0,24.0,7,28.0,1,2
255,10,34.0,1,1,24,4.0,33.0,0,8.25,0.0,inf,7,29.17,5,0
259,10,34.0,2,2,44,7.0,79.0,1,11.29,79.0,41.0,11,25.0,9,3
263,10,34.0,1,2,34,5.0,36.0,2,7.2,18.0,15.0,12,35.29,4,0
292,10,34.0,1,1,25,4.0,40.0,1,10.0,40.0,24.0,8,32.0,8,0
293,10,34.0,1,1,25,4.0,23.0,1,5.75,23.0,24.0,11,44.0,3,0
295,10,34.0,1,1,12,2.0,7.0,1,3.5,7.0,12.0,7,58.33,1,0
303,10,34.0,1,2,29,4.0,45.0,4,11.25,11.25,7.25,9,31.03,6,1
308,10,34.0,4,4,91,15.0,125.0,4,8.33,31.25,22.5,31,34.07,14,3
311,10,34.0,1,1,25,4.0,16.0,1,4.0,16.0,24.0,13,52.0,1,0
344,10,34.0,1,1,24,4.0,42.0,1,10.5,42.0,24.0,7,29.17,3,3
356,10,34.0,1,1,6,1.0,16.0,0,16.0,0.0,inf,1,16.67,2,1
371,10,34.0,1,1,24,4.0,40.0,2,10.0,20.0,12.0,7,29.17,7,0
386,10,34.0,1,1,28,4.0,33.0,2,8.25,16.5,12.0,10,35.71,2,1
391,10,34.0,2,2,43,7.0,76.0,0,10.86,0.0,inf,13,30.23,7,5
453,10,34.0,1,1,27,4.0,43.0,1,10.75,43.0,24.0,5,18.52,4,2
472,10,34.0,1,1,24,4.0,25.0,2,6.25,12.5,12.0,8,33.33,1,1
477,10,34.0,2,2,39,6.0,64.0,1,10.67,64.0,36.0,11,28.21,6,3
494,10,34.0,1,1,26,4.0,44.0,0,11.0,0.0,inf,9,34.62,4,3
514,10,34.0,1,1,25,4.0,50.0,0,12.5,0.0,inf,7,28.0,4,4
542,10,34.0,2,2,32,5.0,52.0,0,10.4,0.0,inf,4,12.5,3,1
546,10,34.0,1,1,25,4.0,14.0,3,3.5,4.67,8.0,15,60.0,0,1
558,10,34.0,1,1,25,4.0,53.0,1,13.25,53.0,24.0,7,28.0,3,5
567,10,34.0,1,1,12,2.0,18.0,0,9.0,0.0,inf,1,8.33,0,1
625,10,34.0,1,1,19,3.0,14.0,1,4.67,14.0,18.0,9,47.37,1,0
634,10,34.0,4,4,31,5.0,68.0,2,13.6,34.0,15.0,8,25.81,3,7
644,10,34.0,1,1,7,1.0,12.0,0,12.0,0.0,inf,0,0.0,1,0
654,10,34.0,1,1,6,1.0,15.0,0,15.0,0.0,inf,1,16.67,0,2
656,10,34.0,1,1,24,4.0,36.0,2,9.0,18.0,12.0,6,25.0,4,1
741,10,34.0,1,1,18,3.0,35.0,0,11.67,0.0,inf,4,22.22,5,1
6,11,3.0,1,1,12,2.0,22.0,0,11.0,0.0,inf,3,25.0,1,2
31,11,3.0,2,2,43,7.0,73.0,2,10.43,36.5,21.0,11,25.58,5,5
32,11,3.0,1,1,25,4.0,27.0,1,6.75,27.0,24.0,6,24.0,2,0
38,11,3.0,5,5,134,22.0,194.0,5,8.82,38.8,24.0,35,26.12,13,10
58,11,3.0,1,1,18,3.0,35.0,0,11.67,0.0,inf,2,11.11,4,1
63,11,3.0,1,1,13,2.0,13.0,1,6.5,13.0,12.0,6,46.15,0,1
74,11,3.0,1,1,13,2.0,21.0,0,10.5,0.0,inf,2,15.38,1,1
78,11,3.0,1,1,20,3.0,32.0,1,10.67,32.0,18.0,6,30.0,3,1
116,11,3.0,1,1,20,3.0,31.0,3,10.33,10.33,6.0,4,20.0,1,2
137,11,3.0,1,1,24,4.0,30.0,2,7.5,15.0,12.0,11,45.83,4,1
144,11,3.0,1,1,19,3.0,38.0,0,12.67,0.0,inf,2,10.53,2,3
158,11,3.0,1,1,26,4.0,43.0,0,10.75,0.0,inf,7,26.92,3,3
178,11,3.0,1,1,21,3.0,45.0,0,15.0,0.0,inf,3,14.29,5,2
179,11,3.0,7,7,171,28.0,188.0,8,6.71,23.5,20.25,65,38.01,15,6
217,11,3.0,1,1,12,2.0,20.0,0,10.0,0.0,inf,4,33.33,2,1
224,11,3.0,1,1,18,3.0,33.0,1,11.0,33.0,18.0,2,11.11,2,2
229,11,3.0,2,2,30,5.0,68.0,1,13.6,68.0,28.0,4,13.33,3,7
235,11,3.0,1,1,24,4.0,35.0,2,8.75,17.5,12.0,5,20.83,1,2
245,11,3.0,2,2,24,4.0,49.0,1,12.25,49.0,24.0,9,37.5,1,6
251,11,3.0,1,1,18,3.0,22.0,0,7.33,0.0,inf,10,55.56,3,1
255,11,3.0,1,1,24,4.0,38.0,0,9.5,0.0,inf,9,37.5,4,2
259,11,3.0,1,1,6,1.0,14.0,0,14.0,0.0,inf,1,16.67,3,0
263,11,3.0,1,1,24,4.0,22.0,1,5.5,22.0,24.0,9,37.5,0,1
288,11,3.0,1,1,6,1.0,10.0,1,10.0,10.0,6.0,1,16.67,0,1
292,11,3.0,1,1,24,4.0,33.0,1,8.25,33.0,24.0,6,25.0,3,1
293,11,3.0,1,1,12,2.0,24.0,0,12.0,0.0,inf,6,50.0,1,3
308,11,3.0,1,1,25,4.0,70.0,0,17.5,0.0,inf,2,8.0,5,6
327,11,3.0,1,1,12,2.0,21.0,1,10.5,21.0,12.0,2,16.67,2,1
363,11,3.0,1,1,24,4.0,27.0,3,6.75,9.0,8.0,12,50.0,3,1
371,11,3.0,1,1,25,4.0,40.0,1,10.0,40.0,24.0,8,32.0,4,2
399,11,3.0,1,1,19,3.0,28.0,3,9.33,9.33,6.0,8,42.11,2,2
439,11,3.0,3,3,76,12.0,104.0,2,8.67,52.0,36.0,27,35.53,12,3
449,11,3.0,1,1,25,4.0,33.0,2,8.25,16.5,12.0,12,48.0,2,2
451,11,3.0,1,1,12,2.0,27.0,0,13.5,0.0,inf,3,25.0,6,0
462,11,3.0,1,1,24,4.0,22.0,2,5.5,11.0,12.0,9,37.5,1,1
472,11,3.0,1,1,24,4.0,20.0,1,5.0,20.0,24.0,9,37.5,0,1
483,11,3.0,1,1,24,4.0,29.0,1,7.25,29.0,24.0,10,41.67,2,2
498,11,3.0,2,2,31,5.0,62.0,0,12.4,0.0,inf,6,19.35,4,4
508,11,3.0,1,1,24,4.0,36.0,1,9.0,36.0,24.0,8,33.33,5,1
514,11,3.0,1,1,26,4.0,34.0,1,8.5,34.0,24.0,12,46.15,1,3
546,11,3.0,1,1,24,4.0,24.0,0,6.0,0.0,inf,10,41.67,1,1
564,11,3.0,7,7,169,28.0,228.0,7,8.14,32.57,23.29,67,39.64,20,11
573,11,3.0,1,1,12,2.0,28.0,0,14.0,0.0,inf,5,41.67,2,3
610,11,3.0,1,1,24,4.0,44.0,2,11.0,22.0,12.0,6,25.0,5,2
611,11,3.0,1,1,25,4.0,36.0,2,9.0,18.0,12.0,7,28.0,4,1
625,11,3.0,1,1,26,4.0,46.0,2,11.5,23.0,12.0,10,38.46,1,5
638,11,3.0,5,5,84,14.0,112.0,3,8.0,37.33,28.0,21,25.0,3,8
656,11,3.0,1,1,24,4.0,25.0,1,6.25,25.0,24.0,9,37.5,3,0
671,11,3.0,1,1,25,4.0,46.0,1,11.5,46.0,24.0,5,20.0,4,2
679,11,3.0,1,1,18,3.0,26.0,0,8.67,0.0,inf,2,11.11,0,2
696,11,3.0,1,1,19,3.0,21.0,0,7.0,0.0,inf,6,31.58,2,0
734,11,3.0,1,1,18,3.0,28.0,1,9.33,28.0,18.0,6,33.33,4,1
741,11,3.0,3,3,73,12.0,123.0,4,10.25,30.75,17.0,20,27.4,13,6
743,11,3.0,1,1,24,4.0,35.0,0,8.75,0.0,inf,5,20.83,3,1
32,11,7.0,3,3,75,12.0,108.0,4,9.0,27.0,18.0,20,26.67,10,4
74,11,7.0,1,1,12,2.0,15.0,1,7.5,15.0,12.0,3,25.0,0,1
111,11,7.0,1,1,7,1.0,10.0,0,10.0,0.0,inf,0,0.0,1,0
137,11,7.0,3,3,79,13.0,108.0,2,8.31,54.0,36.0,10,12.66,3,5
148,11,7.0,1,1,12,2.0,26.0,0,13.0,0.0,inf,3,25.0,4,1
158,11,7.0,1,1,18,3.0,25.0,1,8.33,25.0,18.0,8,44.44,3,1
178,11,7.0,3,3,74,12.0,131.0,5,10.92,26.2,14.4,15,20.27,13,5
217,11,7.0,1,1,19,3.0,37.0,0,12.33,0.0,inf,8,42.11,5,2
234,11,7.0,1,1,24,4.0,46.0,0,11.5,0.0,inf,4,16.67,4,2
235,11,7.0,1,1,24,4.0,34.0,2,8.5,17.0,12.0,11,45.83,3,2
264,11,7.0,1,1,13,2.0,16.0,0,8.0,0.0,inf,4,30.77,1,1
292,11,7.0,1,1,24,4.0,34.0,1,8.5,34.0,23.0,11,45.83,3,2
293,11,7.0,1,1,24,4.0,41.0,1,10.25,41.0,24.0,8,33.33,5,2
363,11,7.0,1,1,24,4.0,55.0,1,13.75,55.0,24.0,8,33.33,1,7
449,11,7.0,1,1,24,4.0,37.0,1,9.25,37.0,24.0,4,16.67,3,1
482,11,7.0,1,1,25,4.0,31.0,0,7.75,0.0,inf,10,40.0,2,2
483,11,7.0,3,3,68,11.0,73.0,2,6.64,36.5,33.0,19,27.94,5,0
545,11,7.0,1,1,25,4.0,25.0,1,6.25,25.0,24.0,10,40.0,1,1
610,11,7.0,1,1,24,4.0,33.0,1,8.25,33.0,24.0,4,16.67,4,0
625,11,7.0,1,1,18,3.0,33.0,2,11.0,16.5,9.0,4,22.22,3,1
644,11,7.0,1,1,6,1.0,7.0,0,7.0,0.0,inf,0,0.0,0,0
656,11,7.0,1,1,18,3.0,35.0,1,11.67,35.0,18.0,3,16.67,3,2
679,11,7.0,1,1,24,4.0,24.0,1,6.0,24.0,24.0,9,37.5,2,0
711,11,7.0,2,2,56,9.0,59.0,0,6.56,0.0,inf,20,35.71,2,2
743,11,7.0,1,1,12,2.0,28.0,0,14.0,0.0,inf,2,16.67,1,3
748,11,7.0,1,1,12,2.0,12.0,1,6.0,12.0,12.0,6,50.0,0,1
6,11,8.0,1,1,12,2.0,19.0,1,9.5,19.0,12.0,6,50.0,1,2
74,11,8.0,1,1,26,4.0,39.0,2,9.75,19.5,12.0,7,26.92,5,1
116,11,8.0,1,1,24,4.0,35.0,0,8.75,0.0,inf,7,29.17,2,2
217,11,8.0,1,1,7,1.0,18.0,0,18.0,0.0,inf,2,28.57,1,2
235,11,8.0,1,1,24,4.0,26.0,0,6.5,0.0,inf,10,41.67,2,1
237,11,8.0,1,1,18,3.0,39.0,2,13.0,19.5,9.0,3,16.67,1,4
251,11,8.0,1,1,25,4.0,49.0,1,12.25,49.0,24.0,5,20.0,3,3
255,11,8.0,1,1,24,4.0,17.0,1,4.25,17.0,24.0,8,33.33,0,0
293,11,8.0,1,1,12,2.0,11.0,1,5.5,11.0,12.0,5,41.67,1,0
449,11,8.0,1,1,18,3.0,50.0,0,16.67,0.0,inf,3,16.67,0,7
472,11,8.0,1,1,19,3.0,27.0,1,9.0,27.0,18.0,4,21.05,1,2
597,11,8.0,1,1,13,2.0,35.0,0,17.5,0.0,inf,2,15.38,2,3
625,11,8.0,1,1,24,4.0,37.0,1,9.25,37.0,24.0,10,41.67,1,4
6,11,10.0,1,1,24,4.0,19.0,1,4.75,19.0,24.0,10,41.67,1,0
18,11,10.0,4,4,73,12.0,129.0,4,10.75,32.25,18.0,28,38.36,11,10
27,11,10.0,1,1,19,3.0,34.0,0,11.33,0.0,inf,7,36.84,3,2
32,11,10.0,1,1,26,4.0,25.0,2,6.25,12.5,12.0,9,34.62,0,1
38,11,10.0,1,1,24,4.0,46.0,1,11.5,46.0,24.0,7,29.17,3,4
58,11,10.0,1,1,24,4.0,46.0,3,11.5,15.33,8.0,7,29.17,4,2
63,11,10.0,6,6,54,9.0,89.0,3,9.89,29.67,18.0,17,31.48,6,6
78,11,10.0,1,1,20,3.0,28.0,0,9.33,0.0,inf,3,15.0,2,1
116,11,10.0,1,1,19,3.0,28.0,1,9.33,28.0,18.0,6,31.58,3,1
137,11,10.0,1,1,24,4.0,19.0,0,4.75,0.0,inf,8,33.33,1,0
144,11,10.0,1,1,24,4.0,42.0,0,10.5,0.0,inf,9,37.5,4,3
173,11,10.0,1,1,25,4.0,36.0,0,9.0,0.0,inf,4,16.0,2,2
179,11,10.0,1,1,24,4.0,28.0,2,7.0,14.0,12.0,9,37.5,2,1
217,11,10.0,1,1,20,3.0,23.0,1,7.67,23.0,18.0,11,55.0,3,1
224,11,10.0,4,4,91,15.0,134.0,6,8.93,22.33,14.5,32,35.16,14,5
227,11,10.0,3,3,73,12.0,82.0,5,6.83,16.4,14.4,29,39.73,5,4
234,11,10.0,7,7,153,25.0,169.0,9,6.76,18.78,16.67,56,36.6,8,7
251,11,10.0,1,1,24,4.0,33.0,1,8.25,33.0,24.0,10,41.67,4,1
255,11,10.0,1,1,18,3.0,35.0,0,11.67,0.0,inf,3,16.67,1,3
259,11,10.0,1,1,21,3.0,37.0,1,12.33,37.0,18.0,9,42.86,3,3
263,11,10.0,1,1,27,4.0,29.0,1,7.25,29.0,24.0,8,29.63,3,0
292,11,10.0,7,7,162,27.0,227.0,11,8.41,20.64,14.09,50,30.86,20,9
293,11,10.0,1,1,12,2.0,24.0,0,12.0,0.0,inf,4,33.33,2,2
327,11,10.0,1,1,26,4.0,25.0,1,6.25,25.0,24.0,9,34.62,1,1
363,11,10.0,1,1,24,4.0,35.0,0,8.75,0.0,inf,6,25.0,4,1
371,11,10.0,1,1,24,4.0,24.0,0,6.0,0.0,inf,11,45.83,2,1
399,11,10.0,1,1,25,4.0,36.0,0,9.0,0.0,inf,7,28.0,3,2
439,11,10.0,1,1,27,4.0,41.0,0,10.25,0.0,inf,7,25.93,2,2
449,11,10.0,1,1,26,4.0,52.0,0,13.0,0.0,inf,3,11.54,1,5
451,11,10.0,2,2,18,3.0,35.0,0,11.67,0.0,inf,2,11.11,1,3
462,11,10.0,1,1,12,2.0,26.0,1,13.0,26.0,12.0,6,50.0,0,4
466,11,10.0,1,1,26,4.0,23.0,2,5.75,11.5,12.0,15,57.69,4,0
472,11,10.0,1,1,12,2.0,22.0,0,11.0,0.0,inf,2,16.67,0,2
483,11,10.0,1,1,24,4.0,25.0,2,6.25,12.5,12.0,12,50.0,2,1
493,11,10.0,1,1,20,3.0,31.0,1,10.33,31.0,19.0,9,45.0,3,2
498,11,10.0,1,1,6,1.0,12.0,0,12.0,0.0,inf,0,0.0,2,0
508,11,10.0,1,1,12,2.0,27.0,0,13.5,0.0,inf,2,16.67,4,1
545,11,10.0,1,1,25,4.0,51.0,1,12.75,51.0,24.0,10,40.0,5,4
546,11,10.0,1,1,12,2.0,11.0,1,5.5,11.0,12.0,4,33.33,1,0
564,11,10.0,1,1,19,3.0,28.0,0,9.33,0.0,inf,7,36.84,4,1
610,11,10.0,1,1,24,4.0,48.0,0,12.0,0.0,inf,5,20.83,6,2
625,11,10.0,1,1,24,4.0,27.0,1,6.75,27.0,24.0,10,41.67,2,1
679,11,10.0,2,2,12,2.0,17.0,0,8.5,0.0,inf,4,33.33,1,1
696,11,10.0,1,1,26,4.0,58.0,1,14.5,58.0,24.0,8,30.77,3,6
711,11,10.0,1,1,27,4.0,45.0,1,11.25,45.0,24.0,5,18.52,4,1
716,11,10.0,5,5,111,18.0,146.0,3,8.11,48.67,36.0,31,27.93,11,6
721,11,10.0,1,1,20,3.0,14.0,2,4.67,7.0,9.0,9,45.0,1,0
734,11,10.0,1,1,12,2.0,21.0,1,10.5,21.0,12.0,2,16.67,2,1
743,11,10.0,1,1,24,4.0,27.0,2,6.75,13.5,12.0,8,33.33,2,1
748,11,10.0,1,1,18,3.0,17.0,1,5.67,17.0,18.0,6,33.33,2,0
767,11,10.0,2,2,13,2.0,24.0,0,12.0,0.0,inf,2,15.38,1,2
772,11,10.0,1,1,24,4.0,34.0,0,8.5,0.0,inf,9,37.5,2,2
6,11,16.0,1,1,25,4.0,28.0,0,7.0,0.0,inf,6,24.0,1,1
18,11,16.0,1,1,19,3.0,47.0,0,15.67,0.0,inf,5,26.32,2,5
32,11,16.0,1,1,24,4.0,28.0,0,7.0,0.0,inf,8,33.33,3,0
38,11,16.0,1,1,25,4.0,25.0,3,6.25,8.33,8.0,11,44.0,2,1
58,11,16.0,1,1,19,3.0,28.0,1,9.33,28.0,18.0,8,42.11,3,1
60,11,16.0,1,1,6,1.0,5.0,0,5.0,0.0,inf,4,66.67,1,0
63,11,16.0,1,1,6,1.0,4.0,0,4.0,0.0,inf,2,33.33,0,0
74,11,16.0,1,1,12,2.0,23.0,0,11.5,0.0,inf,2,16.67,2,1
78,11,16.0,1,1,13,2.0,21.0,0,10.5,0.0,inf,4,30.77,4,0
116,11,16.0,1,1,20,3.0,31.0,1,10.33,31.0,18.0,9,45.0,5,1
137,11,16.0,1,1,24,4.0,34.0,0,8.5,0.0,inf,8,33.33,1,2
155,11,16.0,1,1,7,1.0,10.0,0,10.0,0.0,inf,0,0.0,0,0
156,11,16.0,1,1,12,2.0,19.0,0,9.5,0.0,inf,4,33.33,4,0
173,11,16.0,1,1,25,4.0,40.0,0,10.0,0.0,inf,4,16.0,4,1
179,11,16.0,1,1,25,4.0,25.0,1,6.25,25.0,24.0,9,36.0,1,1
205,11,16.0,1,1,17,2.0,21.0,2,10.5,10.5,8.0,6,35.29,2,1
217,11,16.0,1,1,24,4.0,15.0,3,3.75,5.0,8.0,17,70.83,1,1
234,11,16.0,1,1,25,4.0,19.0,2,4.75,9.5,12.0,9,36.0,1,0
251,11,16.0,1,1,12,2.0,19.0,0,9.5,0.0,inf,2,16.67,2,0
255,11,16.0,1,1,26,4.0,23.0,1,5.75,23.0,24.0,9,34.62,0,1
259,11,16.0,1,1,18,3.0,18.0,0,6.0,0.0,inf,12,66.67,2,1
263,11,16.0,1,1,24,4.0,32.0,2,8.0,16.0,12.0,6,25.0,4,0
264,11,16.0,1,1,6,1.0,8.0,0,8.0,0.0,inf,1,16.67,1,0
288,11,16.0,1,1,12,2.0,9.0,0,4.5,0.0,inf,6,50.0,1,0
292,11,16.0,1,1,26,4.0,30.0,0,7.5,0.0,inf,8,30.77,1,1
308,11,16.0,1,1,14,2.0,14.0,2,7.0,7.0,7.0,5,35.71,0,1
327,11,16.0,1,1,18,3.0,19.0,0,6.33,0.0,inf,5,27.78,2,0
363,11,16.0,7,7,171,28.0,189.0,9,6.75,21.0,18.67,68,39.77,16,7
371,11,16.0,5,5,112,18.0,127.0,5,7.06,25.4,21.6,46,41.07,11,4
394,11,16.0,1,1,12,2.0,24.0,0,12.0,0.0,inf,4,33.33,2,2
439,11,16.0,1,1,25,4.0,30.0,3,7.5,10.0,8.0,7,28.0,4,0
449,11,16.0,1,1,18,3.0,37.0,1,12.33,37.0,18.0,5,27.78,2,3
462,11,16.0,1,1,18,3.0,18.0,0,6.0,0.0,inf,6,33.33,2,0
466,11,16.0,1,1,24,4.0,14.0,5,3.5,2.8,4.8,16,66.67,2,0
472,11,16.0,1,1,24,4.0,35.0,1,8.75,35.0,24.0,4,16.67,3,1
483,11,16.0,1,1,25,4.0,17.0,1,4.25,17.0,24.0,11,44.0,0,0
485,11,16.0,1,1,18,3.0,30.0,1,10.0,30.0,18.0,5,27.78,0,3
498,11,16.0,1,1,7,1.0,8.0,0,8.0,0.0,inf,2,28.57,1,0
508,11,16.0,1,1,6,1.0,9.0,0,9.0,0.0,inf,3,50.0,2,0
524,11,16.0,3,3,76,12.0,109.0,3,9.08,36.33,24.0,32,42.11,11,5
545,11,16.0,5,5,118,19.0,145.0,3,7.63,48.33,38.0,44,37.29,14,4
546,11,16.0,1,1,12,2.0,10.0,0,5.0,0.0,inf,3,25.0,0,0
564,11,16.0,1,1,26,4.0,36.0,1,9.0,36.0,24.0,8,30.77,4,1
610,11,16.0,7,7,173,28.0,192.0,8,6.86,24.0,21.0,56,32.37,22,2
625,11,16.0,1,1,25,4.0,45.0,1,11.25,45.0,24.0,9,36.0,4,3
635,11,16.0,1,1,26,4.0,30.0,4,7.5,7.5,6.0,10,38.46,3,1
671,11,16.0,1,1,14,2.0,20.0,0,10.0,0.0,inf,4,28.57,3,0
688,11,16.0,1,1,12,2.0,24.0,1,12.0,24.0,12.0,2,16.67,0,2
711,11,16.0,1,1,19,3.0,27.0,0,9.0,0.0,inf,8,42.11,5,0
716,11,16.0,1,1,25,4.0,27.0,1,6.75,27.0,24.0,6,24.0,2,0
734,11,16.0,1,1,24,4.0,23.0,4,5.75,5.75,6.0,10,41.67,3,0
743,11,16.0,7,7,158,26.0,207.0,8,7.96,25.88,19.5,46,29.11,13,9
748,11,16.0,1,1,23,3.0,37.0,0,12.33,0.0,inf,3,13.04,3,1
772,11,16.0,1,1,24,4.0,24.0,3,6.0,8.0,8.0,10,41.67,3,0
32,11,17.0,4,4,99,16.0,133.0,7,8.31,19.0,13.71,28,28.28,14,4
38,11,17.0,1,1,19,3.0,17.0,1,5.67,17.0,18.0,10,52.63,1,1
58,11,17.0,1,1,25,4.0,26.0,0,6.5,0.0,inf,12,48.0,2,1
78,11,17.0,1,1,18,3.0,22.0,1,7.33,22.0,18.0,4,22.22,2,0
116,11,17.0,1,1,24,4.0,41.0,3,10.25,13.67,8.0,9,37.5,2,4
137,11,17.0,4,4,71,11.0,98.0,1,8.91,98.0,70.0,20,28.17,8,4
173,11,17.0,1,1,18,3.0,28.0,1,9.33,28.0,18.0,4,22.22,1,2
178,11,17.0,2,2,31,5.0,55.0,1,11.0,55.0,30.0,8,25.81,7,2
179,11,17.0,1,1,12,2.0,6.0,1,3.0,6.0,12.0,5,41.67,0,0
251,11,17.0,1,1,12,2.0,16.0,0,8.0,0.0,inf,1,8.33,1,0
255,11,17.0,1,1,24,4.0,44.0,1,11.0,44.0,24.0,6,25.0,2,4
260,11,17.0,1,1,12,2.0,20.0,1,10.0,20.0,12.0,3,25.0,1,1
263,11,17.0,1,1,24,4.0,19.0,1,4.75,19.0,24.0,10,41.67,0,1
327,11,17.0,1,1,13,2.0,13.0,1,6.5,13.0,13.0,5,38.46,0,1
399,11,17.0,1,1,27,4.0,44.0,1,11.0,44.0,24.0,7,25.93,5,2
439,11,17.0,1,1,12,2.0,19.0,0,9.5,0.0,inf,6,50.0,3,1
462,11,17.0,1,1,18,3.0,26.0,0,8.67,0.0,inf,5,27.78,1,2
466,11,17.0,3,3,45,7.0,89.0,1,12.71,89.0,43.0,13,28.89,12,4
472,11,17.0,1,1,13,2.0,29.0,1,14.5,29.0,12.0,2,15.38,1,3
483,11,17.0,3,3,64,10.0,92.0,5,9.2,18.4,12.4,22,34.38,6,6
493,11,17.0,1,1,23,3.0,43.0,1,14.33,43.0,22.0,7,30.43,4,2
498,11,17.0,1,1,14,2.0,8.0,1,4.0,8.0,12.0,6,42.86,0,0
508,11,17.0,1,1,19,3.0,18.0,1,6.0,18.0,18.0,11,57.89,3,0
514,11,17.0,1,1,25,4.0,31.0,1,7.75,31.0,24.0,12,48.0,1,3
546,11,17.0,1,1,6,1.0,10.0,0,10.0,0.0,inf,1,16.67,0,1
564,11,17.0,1,1,24,4.0,23.0,3,5.75,7.67,8.0,15,62.5,1,2
573,11,17.0,1,1,6,1.0,8.0,0,8.0,0.0,inf,1,16.67,1,0
635,11,17.0,1,1,26,4.0,31.0,2,7.75,15.5,12.0,10,38.46,3,1
644,11,17.0,3,3,30,5.0,55.0,1,11.0,55.0,30.0,7,23.33,7,2
656,11,17.0,3,3,55,9.0,82.0,1,9.11,82.0,54.0,11,20.0,7,3
688,11,17.0,1,1,27,4.0,52.0,1,13.0,52.0,24.0,4,14.81,3,4
711,11,17.0,1,1,18,3.0,48.0,1,16.0,48.0,18.0,5,27.78,5,4
734,11,17.0,1,1,19,3.0,29.0,1,9.67,29.0,18.0,6,31.58,2,2
6,11,18.0,1,1,24,4.0,28.0,1,7.0,28.0,24.0,8,33.33,3,0
32,11,18.0,1,1,24,4.0,34.0,4,8.5,8.5,6.0,7,29.17,3,1
38,11,18.0,1,1,24,4.0,33.0,1,8.25,33.0,24.0,6,25.0,3,1
58,11,18.0,7,7,145,24.0,219.0,6,9.12,36.5,23.33,44,30.34,21,8
60,11,18.0,1,1,12,2.0,11.0,2,5.5,5.5,6.0,4,33.33,1,0
74,11,18.0,1,1,6,1.0,9.0,0,9.0,0.0,inf,0,0.0,1,0
78,11,18.0,5,5,93,15.0,120.0,1,8.0,120.0,90.0,29,31.18,13,1
137,11,18.0,1,1,24,4.0,34.0,0,8.5,0.0,inf,4,16.67,2,1
148,11,18.0,1,1,24,4.0,29.0,1,7.25,29.0,23.0,10,41.67,3,1
158,11,18.0,1,1,18,3.0,34.0,0,11.33,0.0,inf,4,22.22,1,3
178,11,18.0,1,1,20,3.0,29.0,0,9.67,0.0,inf,7,35.0,3,1
179,11,18.0,1,1,24,4.0,26.0,0,6.5,0.0,inf,10,41.67,3,0
186,11,18.0,4,4,90,15.0,99.0,4,6.6,24.75,22.5,27,30.0,6,2
237,11,18.0,1,1,13,2.0,19.0,2,9.5,9.5,6.0,3,23.08,2,0
251,11,18.0,1,1,24,4.0,18.0,1,4.5,18.0,24.0,10,41.67,1,0
255,11,18.0,1,1,24,4.0,48.0,0,12.0,0.0,inf,6,25.0,7,1
259,11,18.0,4,4,57,9.0,76.0,2,8.44,38.0,27.0,23,40.35,9,3
260,11,18.0,1,1,6,1.0,12.0,0,12.0,0.0,inf,1,16.67,2,0
263,11,18.0,1,1,25,4.0,28.0,2,7.0,14.0,12.0,10,40.0,3,0
292,11,18.0,1,1,18,3.0,26.0,1,8.67,26.0,18.0,9,50.0,3,1
293,11,18.0,1,1,12,2.0,29.0,1,14.5,29.0,12.0,5,41.67,4,2
308,11,18.0,1,1,12,2.0,26.0,1,13.0,26.0,12.0,2,16.67,3,1
327,11,18.0,1,1,12,2.0,19.0,0,9.5,0.0,inf,5,41.67,0,2
346,11,18.0,1,1,25,4.0,47.0,1,11.75,47.0,24.0,5,20.0,5,2
356,11,18.0,1,1,6,1.0,11.0,0,11.0,0.0,inf,1,16.67,2,0
363,11,18.0,1,1,24,4.0,31.0,1,7.75,31.0,24.0,4,16.67,1,1
371,11,18.0,1,1,24,4.0,15.0,1,3.75,15.0,24.0,14,58.33,1,0
399,11,18.0,1,1,17,2.0,25.0,2,12.5,12.5,8.0,4,23.53,2,1
439,11,18.0,1,1,25,4.0,37.0,0,9.25,0.0,inf,4,16.0,1,2
449,11,18.0,1,1,23,3.0,31.0,1,10.33,31.0,23.0,10,43.48,1,2
451,11,18.0,1,1,24,4.0,34.0,2,8.5,17.0,12.0,4,16.67,2,1
462,11,18.0,3,3,55,9.0,69.0,4,7.67,17.25,13.5,17,30.91,2,4
472,11,18.0,1,1,24,4.0,23.0,1,5.75,23.0,24.0,8,33.33,1,1
483,11,18.0,1,1,24,4.0,21.0,2,5.25,10.5,12.0,7,29.17,1,0
485,11,18.0,1,1,6,1.0,10.0,0,10.0,0.0,inf,1,16.67,1,0
493,11,18.0,5,5,127,21.0,159.0,9,7.57,17.67,13.33,42,33.07,16,4
498,11,18.0,1,1,15,2.0,23.0,0,11.5,0.0,inf,0,0.0,0,1
508,11,18.0,7,7,121,20.0,117.0,7,5.85,16.71,17.14,45,37.19,12,0
514,11,18.0,1,1,19,3.0,32.0,1,10.67,32.0,18.0,5,26.32,3,1
546,11,18.0,1,1,26,4.0,33.0,1,8.25,33.0,24.0,5,19.23,2,0
564,11,18.0,1,1,24,4.0,25.0,3,6.25,8.33,8.0,12,50.0,4,0
610,11,18.0,1,1,24,4.0,23.0,2,5.75,11.5,12.0,7,29.17,1,0
625,11,18.0,1,1,25,4.0,22.0,1,5.5,22.0,24.0,14,56.0,3,0
644,11,18.0,1,1,12,2.0,15.0,1,7.5,15.0,12.0,4,33.33,2,0
654,11,18.0,1,1,12,2.0,14.0,1,7.0,14.0,12.0,2,16.67,1,0
656,11,18.0,1,1,18,3.0,24.0,0,8.0,0.0,inf,7,38.89,2,1
671,11,18.0,3,3,48,8.0,72.0,4,9.0,18.0,11.75,14,29.17,6,3
679,11,18.0,1,1,25,4.0,29.0,0,7.25,0.0,inf,6,24.0,2,0
696,11,18.0,1,1,27,4.0,40.0,1,10.0,40.0,24.0,9,33.33,3,2
734,11,18.0,1,1,12,2.0,15.0,0,7.5,0.0,inf,3,25.0,1,0
743,11,18.0,1,1,24,4.0,30.0,0,7.5,0.0,inf,4,16.67,2,0
749,11,18.0,2,2,18,3.0,27.0,0,9.0,0.0,inf,2,11.11,3,0
772,11,18.0,1,1,25,4.0,35.0,1,8.75,35.0,24.0,6,24.0,3,1
6,11,23.0,1,1,26,4.0,39.0,1,9.75,39.0,24.0,7,26.92,2,1
31,11,23.0,1,1,27,4.0,34.0,0,8.5,0.0,inf,4,14.81,2,1
32,11,23.0,1,1,26,4.0,30.0,2,7.5,15.0,12.0,9,34.62,2,1
58,11,23.0,2,2,30,5.0,56.0,0,11.2,0.0,inf,8,26.67,8,2
60,11,23.0,2,2,7,1.0,11.0,2,11.0,5.5,3.5,4,57.14,1,1
71,11,23.0,1,1,19,3.0,38.0,0,12.67,0.0,inf,6,31.58,2,4
74,11,23.0,1,1,13,2.0,19.0,0,9.5,0.0,inf,6,46.15,4,0
78,11,23.0,1,1,25,4.0,15.0,3,3.75,5.0,8.0,13,52.0,1,0
111,11,23.0,1,1,6,1.0,13.0,0,13.0,0.0,inf,0,0.0,2,0
116,11,23.0,9,9,119,19.0,177.0,3,9.32,59.0,37.67,34,28.57,20,5
137,11,23.0,1,1,25,4.0,33.0,1,8.25,33.0,24.0,5,20.0,3,0
144,11,23.0,3,3,70,11.0,111.0,2,10.09,55.5,33.0,27,38.57,13,5
148,11,23.0,1,1,25,4.0,53.0,1,13.25,53.0,24.0,5,20.0,0,6
158,11,23.0,1,1,25,4.0,41.0,2,10.25,20.5,12.0,10,40.0,4,3
173,11,23.0,1,1,12,2.0,12.0,1,6.0,12.0,12.0,6,50.0,2,0
179,11,23.0,1,1,19,3.0,29.0,0,9.67,0.0,inf,6,31.58,3,1
186,11,23.0,2,2,48,8.0,36.0,1,4.5,36.0,48.0,22,45.83,2,0
205,11,23.0,1,1,12,2.0,15.0,2,7.5,7.5,6.0,6,50.0,3,0
237,11,23.0,3,3,33,5.0,60.0,2,12.0,30.0,15.5,9,27.27,3,5
251,11,23.0,8,8,163,27.0,220.0,11,8.15,20.0,14.73,62,38.04,26,8
255,11,23.0,9,9,207,34.0,227.0,12,6.68,18.92,17.0,82,39.61,20,7
260,11,23.0,1,1,6,1.0,10.0,0,10.0,0.0,inf,0,0.0,1,0
263,11,23.0,1,1,18,3.0,17.0,1,5.67,17.0,18.0,10,55.56,1,1
292,11,23.0,1,1,24,4.0,29.0,2,7.25,14.5,12.0,13,54.17,6,0
293,11,23.0,1,1,18,3.0,20.0,1,6.67,20.0,18.0,10,55.56,4,0
350,11,23.0,1,1,19,3.0,32.0,1,10.67,32.0,18.0,11,57.89,1,4
363,11,23.0,2,2,48,8.0,50.0,3,6.25,16.67,16.0,17,35.42,4,1
399,11,23.0,1,1,18,3.0,16.0,2,5.33,8.0,9.0,11,61.11,3,0
449,11,23.0,1,1,12,2.0,22.0,0,11.0,0.0,inf,2,16.67,4,0
451,11,23.0,1,1,24,4.0,43.0,1,10.75,43.0,24.0,7,29.17,3,3
462,11,23.0,1,1,24,4.0,34.0,1,8.5,34.0,24.0,8,33.33,2,2
466,11,23.0,1,1,20,3.0,32.0,0,10.67,0.0,inf,5,25.0,4,1
472,11,23.0,9,9,184,30.0,245.0,12,8.17,20.42,15.17,57,30.98,13,13
483,11,23.0,1,1,25,4.0,32.0,1,8.0,32.0,24.0,9,36.0,5,0
485,11,23.0,1,1,6,1.0,11.0,0,11.0,0.0,inf,0,0.0,1,0
493,11,23.0,2,2,52,8.0,76.0,2,9.5,38.0,24.0,22,42.31,8,4
508,11,23.0,2,2,30,5.0,47.0,2,9.4,23.5,15.0,10,33.33,4,3
514,11,23.0,1,1,18,3.0,24.0,1,8.0,24.0,18.0,11,61.11,4,1
524,11,23.0,1,1,24,4.0,21.0,2,5.25,10.5,12.0,15,62.5,2,1
545,11,23.0,2,2,50,8.0,64.0,3,8.0,21.33,16.0,21,42.0,8,2
546,11,23.0,1,1,19,3.0,12.0,2,4.0,6.0,9.5,12,63.16,0,1
564,11,23.0,1,1,26,4.0,27.0,2,6.75,13.5,12.0,12,46.15,3,1
597,11,23.0,1,1,12,2.0,30.0,2,15.0,15.0,6.0,6,50.0,3,3
610,11,23.0,2,2,48,8.0,69.0,3,8.62,23.0,16.0,16,33.33,6,3
635,11,23.0,4,4,100,16.0,160.0,4,10.0,40.0,24.0,32,32.0,17,7
638,11,23.0,1,1,25,4.0,48.0,1,12.0,48.0,24.0,4,16.0,2,4
671,11,23.0,1,1,20,3.0,35.0,2,11.67,17.5,9.0,5,25.0,3,2
679,11,23.0,1,1,18,3.0,18.0,3,6.0,6.0,6.0,10,55.56,0,2
688,11,23.0,1,1,6,1.0,13.0,0,13.0,0.0,inf,1,16.67,1,1
696,11,23.0,6,6,107,17.0,151.0,3,8.88,50.33,34.0,38,35.51,14,8
711,11,23.0,1,1,26,4.0,50.0,2,12.5,25.0,12.0,7,26.92,5,3
721,11,23.0,1,1,19,3.0,36.0,1,12.0,36.0,18.0,5,26.32,4,2
734,11,23.0,1,1,24,4.0,26.0,1,6.5,26.0,24.0,9,37.5,2,1
741,11,23.0,1,1,26,4.0,36.0,3,9.0,12.0,8.0,15,57.69,5,2
743,11,23.0,2,2,43,7.0,37.0,3,5.29,12.33,14.0,16,37.21,2,0
767,11,23.0,1,1,6,1.0,12.0,0,12.0,0.0,inf,2,33.33,1,1
6,11,28.0,3,3,42,7.0,46.0,2,6.57,23.0,21.0,18,42.86,6,1
8,11,28.0,1,1,25,4.0,47.0,0,11.75,0.0,inf,6,24.0,2,4
32,11,28.0,1,1,25,4.0,16.0,4,4.0,4.0,6.0,15,60.0,1,0
38,11,28.0,1,1,26,4.0,34.0,0,8.5,0.0,inf,11,42.31,1,2
58,11,28.0,1,1,25,4.0,37.0,1,9.25,37.0,24.0,8,32.0,3,2
60,11,28.0,1,1,13,2.0,17.0,0,8.5,0.0,inf,5,38.46,3,0
63,11,28.0,1,1,19,3.0,21.0,0,7.0,0.0,inf,5,26.32,2,0
74,11,28.0,1,1,25,4.0,29.0,2,7.25,14.5,12.0,12,48.0,1,2
78,11,28.0,1,1,25,4.0,26.0,2,6.5,13.0,12.0,10,40.0,2,1
116,11,28.0,1,1,13,2.0,12.0,2,6.0,6.0,6.0,5,38.46,1,0
137,11,28.0,1,1,18,3.0,18.0,2,6.0,9.0,9.0,5,27.78,0,1
144,11,28.0,1,1,20,3.0,25.0,0,8.33,0.0,inf,6,30.0,2,1
148,11,28.0,1,1,24,4.0,36.0,1,9.0,36.0,24.0,10,41.67,5,1
173,11,28.0,2,2,18,3.0,38.0,0,12.67,0.0,inf,4,22.22,8,0
178,11,28.0,1,1,20,3.0,34.0,0,11.33,0.0,inf,4,20.0,2,3
179,11,28.0,1,1,18,3.0,32.0,0,10.67,0.0,inf,7,38.89,0,4
205,11,28.0,2,2,35,5.0,58.0,1,11.6,58.0,33.0,9,25.71,6,3
217,11,28.0,3,3,70,11.0,70.0,2,6.36,35.0,33.0,34,48.57,8,1
229,11,28.0,1,1,26,4.0,47.0,2,11.75,23.5,12.0,10,38.46,8,1
235,11,28.0,1,1,12,2.0,23.0,1,11.5,23.0,12.0,4,33.33,3,1
251,11,28.0,1,1,18,3.0,35.0,0,11.67,0.0,inf,6,33.33,4,2
255,11,28.0,1,1,24,4.0,35.0,2,8.75,17.5,12.0,8,33.33,2,2
259,11,28.0,1,1,24,4.0,43.0,1,10.75,43.0,24.0,8,33.33,7,1
263,11,28.0,7,7,166,27.0,200.0,9,7.41,22.22,18.0,64,38.55,18,7
292,11,28.0,1,1,25,4.0,39.0,2,9.75,19.5,12.0,5,20.0,4,1
293,11,28.0,1,1,12,2.0,14.0,0,7.0,0.0,inf,3,25.0,1,0
308,11,28.0,1,1,11,1.0,4.0,2,4.0,2.0,5.5,7,63.64,0,0
363,11,28.0,3,3,72,12.0,46.0,4,3.83,11.5,18.0,37,51.39,4,0
371,11,28.0,3,3,63,10.0,91.0,4,9.1,22.75,15.0,28,44.44,10,5
372,11,28.0,1,1,25,4.0,49.0,0,12.25,0.0,inf,5,20.0,6,2
394,11,28.0,1,1,18,3.0,23.0,1,7.67,23.0,18.0,8,44.44,4,0
399,11,28.0,7,7,140,23.0,193.0,9,8.39,21.44,14.67,50,35.71,17,9
449,11,28.0,3,3,78,13.0,96.0,3,7.38,32.0,24.0,22,28.21,9,2
451,11,28.0,1,1,14,2.0,22.0,0,11.0,0.0,inf,4,28.57,2,1
462,11,28.0,1,1,12,2.0,21.0,0,10.5,0.0,inf,2,16.67,0,2
466,11,28.0,1,1,26,4.0,46.0,1,11.5,46.0,24.0,9,34.62,5,3
472,11,28.0,1,1,12,2.0,17.0,0,8.5,0.0,inf,4,33.33,1,1
485,11,28.0,1,1,19,3.0,25.0,1,8.33,25.0,18.0,7,36.84,2,1
493,11,28.0,1,1,27,4.0,16.0,2,4.0,8.0,12.0,13,48.15,0,0
508,11,28.0,1,1,14,2.0,23.0,0,11.5,0.0,inf,5,35.71,3,1
514,11,28.0,6,6,138,23.0,185.0,8,8.04,23.12,16.5,48,34.78,19,6
545,11,28.0,2,2,44,7.0,31.0,1,4.43,31.0,43.0,28,63.64,0,2
546,11,28.0,6,6,122,20.0,152.0,6,7.6,25.33,20.0,38,31.15,16,3
564,11,28.0,1,1,25,4.0,36.0,2,9.0,18.0,12.0,9,36.0,3,2
610,11,28.0,3,3,67,11.0,98.0,5,8.91,19.6,13.2,23,34.33,14,2
625,11,28.0,2,2,47,7.0,81.0,2,11.57,40.5,21.0,13,27.66,4,6
635,11,28.0,1,1,25,4.0,39.0,0,9.75,0.0,inf,7,28.0,5,1
638,11,28.0,1,1,13,2.0,32.0,0,16.0,0.0,inf,2,15.38,4,1
644,11,28.0,1,1,18,3.0,43.0,1,14.33,43.0,18.0,3,16.67,4,3
656,11,28.0,1,1,19,3.0,24.0,0,8.0,0.0,inf,2,10.53,0,1
679,11,28.0,1,1,25,4.0,36.0,2,9.0,18.0,12.0,8,32.0,1,3
721,11,28.0,2,2,48,8.0,46.0,2,5.75,23.0,24.0,21,43.75,3,2
734,11,28.0,7,7,140,23.0,196.0,7,8.52,28.0,19.71,40,28.57,14,10
741,11,28.0,1,1,19,3.0,31.0,1,10.33,31.0,18.0,9,47.37,2,3
743,11,28.0,3,3,36,6.0,51.0,1,8.5,51.0,36.0,10,27.78,1,4
748,11,28.0,1,1,18,3.0,35.0,2,11.67,17.5,9.0,5,27.78,5,1
772,11,28.0,4,4,94,15.0,137.0,3,9.13,45.67,31.0,32,34.04,13,7
6,11,32.0,5,5,85,14.0,102.0,5,7.29,20.4,16.8,20,23.53,3,5
18,11,32.0,1,1,25,4.0,28.0,0,7.0,0.0,inf,10,40.0,1,2
32,11,32.0,1,1,29,4.0,47.0,0,11.75,0.0,inf,6,20.69,4,2
38,11,32.0,1,1,12,2.0,18.0,0,9.0,0.0,inf,5,41.67,0,2
58,11,32.0,1,1,24,4.0,39.0,0,9.75,0.0,inf,8,33.33,4,2
63,11,32.0,1,1,6,1.0,5.0,1,5.0,5.0,6.0,2,33.33,0,0
74,11,32.0,4,4,69,11.0,96.0,1,8.73,96.0,66.0,24,34.78,6,6
78,11,32.0,1,1,18,3.0,39.0,0,13.0,0.0,inf,4,22.22,8,0
137,11,32.0,1,1,25,4.0,36.0,2,9.0,18.0,12.0,5,20.0,1,2
173,11,32.0,1,1,7,1.0,14.0,0,14.0,0.0,inf,1,14.29,1,1
178,11,32.0,1,1,20,3.0,28.0,1,9.33,28.0,19.0,7,35.0,3,1
179,11,32.0,1,1,20,3.0,29.0,0,9.67,0.0,inf,9,45.0,1,3
217,11,32.0,4,4,96,16.0,95.0,4,5.94,23.75,21.25,38,39.58,8,2
234,11,32.0,1,1,24,4.0,30.0,1,7.5,30.0,24.0,4,16.67,1,1
235,11,32.0,2,2,42,7.0,70.0,1,10.0,70.0,40.0,8,19.05,4,4
263,11,32.0,1,1,25,4.0,25.0,0,6.25,0.0,inf,11,44.0,2,1
292,11,32.0,1,1,24,4.0,48.0,0,12.0,0.0,inf,9,37.5,6,3
293,11,32.0,5,5,91,15.0,107.0,3,7.13,35.67,29.67,27,29.67,7,4
346,11,32.0,2,2,36,6.0,48.0,1,8.0,48.0,36.0,14,38.89,7,1
350,11,32.0,1,1,19,3.0,43.0,2,14.33,21.5,9.0,5,26.32,6,2
363,11,32.0,1,1,24,4.0,25.0,0,6.25,0.0,inf,10,41.67,2,1
371,11,32.0,1,1,25,4.0,36.0,1,9.0,36.0,24.0,8,32.0,2,2
399,11,32.0,1,1,24,4.0,39.0,1,9.75,39.0,24.0,7,29.17,4,2
439,11,32.0,1,1,18,3.0,30.0,0,10.0,0.0,inf,6,33.33,4,1
449,11,32.0,6,6,114,19.0,175.0,6,9.21,29.17,18.0,24,21.05,13,7
462,11,32.0,1,1,25,4.0,20.0,3,5.0,6.67,8.0,12,48.0,2,0
466,11,32.0,1,1,25,4.0,19.0,2,4.75,9.5,12.0,18,72.0,2,1
485,11,32.0,1,1,9,1.0,13.0,2,13.0,6.5,4.5,2,22.22,2,0
498,11,32.0,1,1,24,4.0,16.0,1,4.0,16.0,24.0,9,37.5,1,0
508,11,32.0,1,1,18,3.0,35.0,0,11.67,0.0,inf,3,16.67,1,3
514,11,32.0,1,1,24,4.0,26.0,2,6.5,13.0,12.0,10,41.67,2,1
545,11,32.0,1,1,24,4.0,38.0,0,9.5,0.0,inf,8,33.33,2,3
546,11,32.0,1,1,25,4.0,32.0,2,8.0,16.0,12.0,9,36.0,1,2
564,11,32.0,1,1,18,3.0,15.0,2,5.0,7.5,9.0,12,66.67,1,1
610,11,32.0,1,1,18,3.0,40.0,0,13.33,0.0,inf,3,16.67,3,3
611,11,32.0,1,1,20,3.0,17.0,1,5.67,17.0,18.0,12,60.0,1,1
625,11,32.0,5,5,106,17.0,140.0,6,8.24,23.33,16.67,41,38.68,15,4
656,11,32.0,1,1,24,4.0,28.0,0,7.0,0.0,inf,6,25.0,1,1
671,11,32.0,1,1,27,4.0,38.0,2,9.5,19.0,12.0,5,18.52,3,1
679,11,32.0,1,1,12,2.0,23.0,0,11.5,0.0,inf,1,8.33,1,2
716,11,32.0,1,1,18,3.0,52.0,0,17.33,0.0,inf,2,11.11,2,6
721,11,32.0,3,3,76,12.0,60.0,6,5.0,10.0,12.0,39,51.32,5,2
734,11,32.0,1,1,19,3.0,30.0,0,10.0,0.0,inf,4,21.05,2,2
743,11,32.0,1,1,24,4.0,41.0,0,10.25,0.0,inf,5,20.83,4,2
757,11,32.0,1,1,14,2.0,33.0,0,16.5,0.0,inf,2,14.29,7,0
767,11,32.0,1,1,15,2.0,22.0,1,11.0,22.0,12.0,4,26.67,3,0
6,12,3.0,1,1,24,4.0,29.0,2,7.25,14.5,12.0,8,33.33,0,2
31,12,3.0,2,2,31,5.0,46.0,1,9.2,46.0,30.0,10,32.26,2,4
38,12,3.0,3,3,53,8.0,88.0,3,11.0,29.33,16.33,19,35.85,9,5
58,12,3.0,1,1,6,1.0,9.0,1,9.0,9.0,6.0,2,33.33,1,0
60,12,3.0,1,1,14,2.0,22.0,1,11.0,22.0,12.0,6,42.86,1,2
71,12,3.0,1,1,28,4.0,37.0,3,9.25,12.33,8.0,8,28.57,4,1
86,12,3.0,1,1,6,1.0,23.0,0,23.0,0.0,inf,0,0.0,2,2
116,12,3.0,1,1,6,1.0,16.0,0,16.0,0.0,inf,0,0.0,0,2
137,12,3.0,1,1,24,4.0,15.0,1,3.75,15.0,24.0,10,41.67,0,0
148,12,3.0,1,1,25,4.0,53.0,1,13.25,53.0,24.0,6,24.0,6,4
158,12,3.0,1,1,26,4.0,28.0,2,7.0,14.0,12.0,10,38.46,2,1
179,12,3.0,7,7,138,23.0,173.0,8,7.52,21.62,16.75,44,31.88,9,9
217,12,3.0,1,1,25,4.0,25.0,2,6.25,12.5,12.0,15,60.0,3,1
227,12,3.0,1,1,24,4.0,46.0,1,11.5,46.0,24.0,4,16.67,2,4
235,12,3.0,1,1,24,4.0,31.0,1,7.75,31.0,24.0,7,29.17,1,2
245,12,3.0,3,3,44,7.0,55.0,3,7.86,18.33,14.33,16,36.36,5,2
251,12,3.0,1,1,24,4.0,32.0,0,8.0,0.0,inf,4,16.67,3,0
255,12,3.0,1,1,25,4.0,30.0,1,7.5,30.0,24.0,7,28.0,3,0
263,12,3.0,1,1,25,4.0,20.0,3,5.0,6.67,8.0,13,52.0,3,0
308,12,3.0,1,1,24,4.0,29.0,0,7.25,0.0,inf,5,20.83,3,0
327,12,3.0,3,3,48,8.0,57.0,2,7.12,28.5,24.0,17,35.42,3,3
363,12,3.0,1,1,25,4.0,44.0,1,11.0,44.0,24.0,8,32.0,1,5
383,12,3.0,1,1,25,4.0,31.0,0,7.75,0.0,inf,10,40.0,3,1
386,12,3.0,1,1,26,4.0,47.0,0,11.75,0.0,inf,5,19.23,1,4
394,12,3.0,1,1,14,2.0,26.0,0,13.0,0.0,inf,2,14.29,3,1
399,12,3.0,1,1,18,3.0,37.0,0,12.33,0.0,inf,5,27.78,5,2
406,12,3.0,1,1,26,4.0,51.0,1,12.75,51.0,24.0,5,19.23,3,4
420,12,3.0,1,1,6,1.0,10.0,1,10.0,10.0,6.0,1,16.67,1,0
439,12,3.0,3,3,58,9.0,118.0,1,13.11,118.0,54.0,17,29.31,18,4
449,12,3.0,1,1,24,4.0,34.0,2,8.5,17.0,12.0,7,29.17,5,0
462,12,3.0,1,1,6,1.0,12.0,3,12.0,4.0,2.0,3,50.0,1,1
466,12,3.0,1,1,26,4.0,46.0,0,11.5,0.0,inf,7,26.92,5,2
472,12,3.0,1,1,24,4.0,31.0,1,7.75,31.0,24.0,6,25.0,2,0
494,12,3.0,1,1,12,2.0,32.0,0,16.0,0.0,inf,3,25.0,4,2
498,12,3.0,2,2,25,4.0,39.0,0,9.75,0.0,inf,2,8.0,3,1
514,12,3.0,1,1,12,2.0,24.0,0,12.0,0.0,inf,2,16.67,3,1
545,12,3.0,1,1,25,4.0,24.0,2,6.0,12.0,12.0,11,44.0,2,1
546,12,3.0,1,1,24,4.0,28.0,0,7.0,0.0,inf,5,20.83,1,1
557,12,3.0,7,7,156,26.0,206.0,9,7.92,22.89,16.67,71,45.51,26,6
559,12,3.0,1,1,24,4.0,29.0,2,7.25,14.5,12.0,7,29.17,2,1
564,12,3.0,5,5,108,18.0,165.0,7,9.17,23.57,14.57,44,40.74,16,10
611,12,3.0,1,1,24,4.0,31.0,1,7.75,31.0,24.0,7,29.17,1,2
625,12,3.0,1,1,25,4.0,40.0,0,10.0,0.0,inf,7,28.0,4,2
635,12,3.0,1,1,19,3.0,41.0,0,13.67,0.0,inf,5,26.32,7,1
638,12,3.0,2,2,30,5.0,45.0,3,9.0,15.0,10.0,14,46.67,1,5
644,12,3.0,3,3,42,7.0,61.0,1,8.71,61.0,40.0,11,26.19,2,4
647,12,3.0,1,1,7,1.0,6.0,2,6.0,3.0,3.0,2,28.57,1,0
656,12,3.0,1,1,24,4.0,22.0,1,5.5,22.0,24.0,8,33.33,0,1
685,12,3.0,1,1,25,4.0,21.0,4,5.25,5.25,6.0,9,36.0,1,0
734,12,3.0,1,1,18,3.0,23.0,1,7.67,23.0,18.0,6,33.33,2,1
767,12,3.0,1,1,7,1.0,16.0,0,16.0,0.0,inf,0,0.0,3,0
6,12,7.0,1,1,12,2.0,16.0,1,8.0,16.0,12.0,5,41.67,1,1
18,12,7.0,1,1,19,3.0,30.0,0,10.0,0.0,inf,7,36.84,6,0
32,12,7.0,4,4,88,14.0,158.0,2,11.29,79.0,42.0,16,18.18,17,5
38,12,7.0,1,1,24,4.0,54.0,1,13.5,54.0,24.0,5,20.83,5,4
52,12,7.0,1,1,18,3.0,24.0,0,8.0,0.0,inf,7,38.89,1,2
58,12,7.0,1,1,24,4.0,48.0,1,12.0,48.0,24.0,6,25.0,3,4
60,12,7.0,1,1,6,1.0,8.0,1,8.0,8.0,6.0,3,50.0,0,1
106,12,7.0,5,5,108,18.0,148.0,7,8.22,21.14,14.86,30,27.78,14,3
116,12,7.0,1,1,19,3.0,29.0,1,9.67,29.0,18.0,7,36.84,4,1
136,12,7.0,1,1,24,4.0,31.0,2,7.75,15.5,12.0,9,37.5,5,0
137,12,7.0,7,7,175,29.0,202.0,7,6.97,28.86,24.0,48,27.43,14,4
148,12,7.0,7,7,157,26.0,220.0,11,8.46,20.0,14.18,55,35.03,25,7
158,12,7.0,1,1,25,4.0,30.0,3,7.5,10.0,8.0,9,36.0,3,1
179,12,7.0,1,1,25,4.0,33.0,2,8.25,16.5,12.0,8,32.0,2,2
186,12,7.0,1,1,25,4.0,41.0,1,10.25,41.0,24.0,4,16.0,0,3
217,12,7.0,1,1,24,4.0,28.0,0,7.0,0.0,inf,14,58.33,4,1
218,12,7.0,1,1,2,0.0,6.0,0,inf,0.0,inf,0,0.0,1,0
224,12,7.0,1,1,26,4.0,37.0,0,9.25,0.0,inf,8,30.77,3,1
225,12,7.0,1,1,6,1.0,8.0,0,8.0,0.0,inf,0,0.0,0,0
227,12,7.0,1,1,24,4.0,27.0,2,6.75,13.5,12.0,7,29.17,0,2
235,12,7.0,1,1,24,4.0,36.0,0,9.0,0.0,inf,8,33.33,2,3
251,12,7.0,1,1,24,4.0,43.0,0,10.75,0.0,inf,4,16.67,2,3
255,12,7.0,1,1,24,4.0,29.0,0,7.25,0.0,inf,6,25.0,1,1
259,12,7.0,1,1,24,4.0,37.0,1,9.25,37.0,24.0,10,41.67,3,3
263,12,7.0,1,1,22,3.0,23.0,0,7.67,0.0,inf,12,54.55,4,0
293,12,7.0,1,1,25,4.0,57.0,3,14.25,19.0,8.0,7,28.0,5,5
319,12,7.0,2,2,38,6.0,67.0,2,11.17,33.5,18.0,11,28.95,6,4
327,12,7.0,1,1,25,4.0,19.0,1,4.75,19.0,24.0,10,40.0,1,0
363,12,7.0,1,1,24,4.0,20.0,1,5.0,20.0,24.0,9,37.5,1,0
371,12,7.0,1,1,24,4.0,21.0,2,5.25,10.5,12.0,9,37.5,1,0
386,12,7.0,1,1,19,3.0,24.0,0,8.0,0.0,inf,6,31.58,3,0
394,12,7.0,1,1,23,3.0,42.0,0,14.0,0.0,inf,5,21.74,4,2
399,12,7.0,1,1,21,3.0,39.0,0,13.0,0.0,inf,4,19.05,2,3
406,12,7.0,2,2,42,7.0,62.0,3,8.86,20.67,14.0,15,35.71,10,0
449,12,7.0,1,1,28,4.0,27.0,0,6.75,0.0,inf,7,25.0,2,0
462,12,7.0,1,1,24,4.0,31.0,0,7.75,0.0,inf,4,16.67,2,1
466,12,7.0,1,1,25,4.0,21.0,0,5.25,0.0,inf,9,36.0,1,0
483,12,7.0,3,3,71,11.0,94.0,1,8.55,94.0,66.0,21,29.58,6,3
493,12,7.0,1,1,25,4.0,15.0,3,3.75,5.0,8.0,14,56.0,1,0
514,12,7.0,1,1,25,4.0,35.0,0,8.75,0.0,inf,8,32.0,2,2
527,12,7.0,1,1,24,4.0,41.0,1,10.25,41.0,24.0,7,29.17,3,2
545,12,7.0,1,1,24,4.0,25.0,0,6.25,0.0,inf,11,45.83,1,1
546,12,7.0,1,1,25,4.0,43.0,2,10.75,21.5,12.0,2,8.0,2,2
557,12,7.0,1,1,25,4.0,23.0,0,5.75,0.0,inf,13,52.0,3,0
564,12,7.0,1,1,26,4.0,42.0,0,10.5,0.0,inf,7,26.92,4,2
610,12,7.0,1,1,24,4.0,42.0,1,10.5,42.0,24.0,5,20.83,4,2
611,12,7.0,6,6,115,19.0,149.0,3,7.84,49.67,38.0,32,27.83,17,2
685,12,7.0,1,1,24,4.0,32.0,2,8.0,16.0,12.0,11,45.83,4,1
726,12,7.0,1,1,6,1.0,9.0,0,9.0,0.0,inf,0,0.0,1,0
734,12,7.0,1,1,7,1.0,12.0,0,12.0,0.0,inf,1,14.29,2,0
6,12,8.0,7,7,151,25.0,139.0,6,5.56,23.17,25.0,64,42.38,10,2
32,12,8.0,1,1,25,4.0,38.0,0,9.5,0.0,inf,7,28.0,3,2
38,12,8.0,1,1,12,2.0,5.0,1,2.5,5.0,12.0,8,66.67,0,0
53,12,8.0,2,2,50,8.0,71.0,2,8.88,35.5,24.0,17,34.0,6,3
58,12,8.0,1,1,27,4.0,54.0,1,13.5,54.0,24.0,5,18.52,3,4
71,12,8.0,1,1,24,4.0,26.0,0,6.5,0.0,inf,11,45.83,1,2
78,12,8.0,1,1,18,3.0,30.0,1,10.0,30.0,18.0,7,38.89,4,1
106,12,8.0,1,1,25,4.0,35.0,0,8.75,0.0,inf,6,24.0,3,1
137,12,8.0,1,1,25,4.0,23.0,3,5.75,7.67,8.0,10,40.0,1,1
148,12,8.0,1,1,25,4.0,41.0,0,10.25,0.0,inf,6,24.0,4,2
158,12,8.0,1,1,26,4.0,47.0,1,11.75,47.0,24.0,9,34.62,8,1
162,12,8.0,2,2,48,8.0,35.0,2,4.38,17.5,24.0,20,41.67,2,0
179,12,8.0,1,1,24,4.0,6.0,1,1.5,6.0,24.0,18,75.0,0,0
180,12,8.0,1,1,19,3.0,25.0,1,8.33,25.0,18.0,8,42.11,1,2
187,12,8.0,1,1,15,2.0,11.0,1,5.5,11.0,12.0,4,26.67,0,0
213,12,8.0,2,2,37,6.0,39.0,2,6.5,19.5,18.0,18,48.65,4,1
217,12,8.0,8,8,192,32.0,234.0,10,7.31,23.4,18.3,85,44.27,29,4
230,12,8.0,1,1,6,1.0,6.0,0,6.0,0.0,inf,1,16.67,0,0
234,12,8.0,1,1,18,3.0,16.0,0,5.33,0.0,inf,6,33.33,1,0
235,12,8.0,8,8,189,31.0,193.0,14,6.23,13.79,13.43,78,41.27,12,7
251,12,8.0,1,1,24,4.0,28.0,1,7.0,28.0,24.0,10,41.67,2,1
255,12,8.0,1,1,22,3.0,24.0,2,8.0,12.0,10.0,10,45.45,1,1
259,12,8.0,1,1,26,4.0,37.0,1,9.25,37.0,24.0,12,46.15,3,2
263,12,8.0,2,2,44,7.0,41.0,2,5.86,20.5,21.0,17,38.64,4,0
292,12,8.0,1,1,25,4.0,37.0,0,9.25,0.0,inf,11,44.0,2,3
293,12,8.0,7,7,169,28.0,167.0,11,5.96,15.18,15.27,82,48.52,7,8
327,12,8.0,1,1,24,4.0,19.0,1,4.75,19.0,24.0,15,62.5,3,0
363,12,8.0,1,1,25,4.0,44.0,1,11.0,44.0,24.0,6,24.0,5,2
371,12,8.0,1,1,24,4.0,54.0,1,13.5,54.0,23.0,3,12.5,6,3
386,12,8.0,2,2,42,7.0,63.0,4,9.0,15.75,10.0,14,33.33,4,4
399,12,8.0,2,2,26,4.0,35.0,1,8.75,35.0,24.0,8,30.77,3,1
404,12,8.0,1,1,24,4.0,28.0,2,7.0,14.0,12.0,11,45.83,3,1
449,12,8.0,6,6,114,19.0,144.0,3,7.58,48.0,36.33,26,22.81,10,3
462,12,8.0,1,1,18,3.0,23.0,0,7.67,0.0,inf,5,27.78,1,1
472,12,8.0,1,1,24,4.0,16.0,0,4.0,0.0,inf,12,50.0,1,0
493,12,8.0,1,1,24,4.0,17.0,2,4.25,8.5,12.0,13,54.17,2,0
508,12,8.0,1,1,13,2.0,13.0,0,6.5,0.0,inf,3,23.08,1,0
527,12,8.0,1,1,13,2.0,20.0,0,10.0,0.0,inf,3,23.08,3,0
545,12,8.0,1,1,24,4.0,18.0,1,4.5,18.0,24.0,14,58.33,3,0
546,12,8.0,2,2,42,7.0,28.0,3,4.0,9.33,14.0,25,59.52,3,0
557,12,8.0,1,1,26,4.0,24.0,0,6.0,0.0,inf,15,57.69,2,1
564,12,8.0,1,1,19,3.0,13.0,0,4.33,0.0,inf,9,47.37,1,0
611,12,8.0,1,1,25,4.0,23.0,0,5.75,0.0,inf,8,32.0,0,1
625,12,8.0,1,1,25,4.0,42.0,2,10.5,21.0,12.0,7,28.0,4,2
635,12,8.0,1,1,25,4.0,23.0,0,5.75,0.0,inf,12,48.0,2,0
656,12,8.0,1,1,18,3.0,31.0,1,10.33,31.0,18.0,6,33.33,3,2
697,12,8.0,1,1,5,0.0,3.0,0,inf,0.0,inf,2,40.0,0,0
719,12,8.0,1,1,14,2.0,19.0,0,9.5,0.0,inf,0,0.0,0,1
743,12,8.0,1,1,24,4.0,27.0,0,6.75,0.0,inf,7,29.17,1,1
6,12,10.0,1,1,24,4.0,23.0,1,5.75,23.0,24.0,7,29.17,1,0
52,12,10.0,1,1,12,2.0,24.0,0,12.0,0.0,inf,0,0.0,2,1
60,12,10.0,1,1,6,1.0,8.0,0,8.0,0.0,inf,1,16.67,1,0
86,12,10.0,1,1,13,2.0,21.0,0,10.5,0.0,inf,1,7.69,1,1
106,12,10.0,1,1,24,4.0,34.0,0,8.5,0.0,inf,8,33.33,5,0
116,12,10.0,1,1,18,3.0,28.0,1,9.33,28.0,18.0,7,38.89,4,1
137,12,10.0,1,1,20,3.0,26.0,0,8.67,0.0,inf,6,30.0,2,1
148,12,10.0,1,1,24,4.0,21.0,1,5.25,21.0,24.0,10,41.67,1,1
158,12,10.0,3,3,61,10.0,100.0,1,10.0,100.0,60.0,18,29.51,14,3
162,12,10.0,1,1,26,4.0,19.0,3,4.75,6.33,8.0,15,57.69,2,0
179,12,10.0,1,1,24,4.0,41.0,2,10.25,20.5,12.0,10,41.67,2,4
180,12,10.0,1,1,24,4.0,25.0,0,6.25,0.0,inf,9,37.5,1,1
186,12,10.0,1,1,19,3.0,26.0,3,8.67,8.67,6.33,11,57.89,1,3
217,12,10.0,1,1,25,4.0,20.0,1,5.0,20.0,24.0,12,48.0,2,0
224,12,10.0,1,1,26,4.0,40.0,2,10.0,20.0,12.0,7,26.92,2,3
227,12,10.0,4,4,90,15.0,137.0,5,9.13,27.4,18.0,35,38.89,14,7
234,12,10.0,6,6,141,23.0,176.0,9,7.65,19.56,15.33,46,32.62,8,10
235,12,10.0,1,1,12,2.0,20.0,1,10.0,20.0,12.0,3,25.0,2,1
251,12,10.0,1,1,24,4.0,36.0,1,9.0,36.0,24.0,5,20.83,2,2
263,12,10.0,1,1,24,4.0,18.0,2,4.5,9.0,12.0,12,50.0,0,1
292,12,10.0,1,1,27,4.0,27.0,2,6.75,13.5,12.0,10,37.04,0,2
293,12,10.0,1,1,26,4.0,30.0,0,7.5,0.0,inf,10,38.46,3,1
363,12,10.0,1,1,24,4.0,18.0,1,4.5,18.0,24.0,12,50.0,2,0
371,12,10.0,1,1,24,4.0,25.0,1,6.25,25.0,24.0,10,41.67,2,1
383,12,10.0,6,6,119,19.0,157.0,6,8.26,26.17,19.0,41,34.45,19,4
386,12,10.0,1,1,25,4.0,37.0,1,9.25,37.0,24.0,4,16.0,3,1
394,12,10.0,1,1,24,4.0,21.0,2,5.25,10.5,12.0,5,20.83,1,0
399,12,10.0,1,1,12,2.0,17.0,1,8.5,17.0,12.0,7,58.33,2,1
406,12,10.0,1,1,25,4.0,39.0,2,9.75,19.5,12.0,7,28.0,7,0
420,12,10.0,1,1,6,1.0,14.0,0,14.0,0.0,inf,2,33.33,0,2
449,12,10.0,1,1,26,4.0,33.0,3,8.25,11.0,8.0,8,30.77,4,0
462,12,10.0,1,1,24,4.0,21.0,2,5.25,10.5,12.0,13,54.17,0,2
472,12,10.0,1,1,24,4.0,41.0,2,10.25,20.5,12.0,6,25.0,2,3
494,12,10.0,1,1,26,4.0,38.0,1,9.5,38.0,24.0,7,26.92,6,0
508,12,10.0,1,1,24,4.0,16.0,0,4.0,0.0,inf,9,37.5,0,0
545,12,10.0,1,1,25,4.0,27.0,2,6.75,13.5,12.0,11,44.0,3,0
546,12,10.0,1,1,12,2.0,7.0,1,3.5,7.0,12.0,6,50.0,0,0
557,12,10.0,1,1,24,4.0,44.0,1,11.0,44.0,24.0,9,37.5,5,3
564,12,10.0,1,1,24,4.0,39.0,1,9.75,39.0,24.0,8,33.33,6,1
610,12,10.0,1,1,25,4.0,35.0,2,8.75,17.5,12.0,9,36.0,1,3
611,12,10.0,1,1,21,3.0,20.0,0,6.67,0.0,inf,5,23.81,1,0
625,12,10.0,1,1,12,2.0,19.0,0,9.5,0.0,inf,4,33.33,4,0
635,12,10.0,1,2,31,5.0,43.0,1,8.6,43.0,30.0,9,29.03,6,0
638,12,10.0,1,1,24,4.0,29.0,1,7.25,29.0,24.0,6,25.0,3,0
644,12,10.0,1,1,18,3.0,24.0,0,8.0,0.0,inf,3,16.67,1,1
647,12,10.0,1,1,6,1.0,13.0,0,13.0,0.0,inf,2,33.33,3,0
656,12,10.0,6,6,139,23.0,115.0,5,5.0,23.0,27.6,56,40.29,5,3
658,12,10.0,3,3,59,9.0,72.0,0,8.0,0.0,inf,18,30.51,4,3
679,12,10.0,2,2,31,5.0,30.0,1,6.0,30.0,30.0,15,48.39,3,1
685,12,10.0,6,7,149,24.0,198.0,10,8.25,19.8,14.5,51,34.23,24,5
697,12,10.0,1,1,6,1.0,5.0,0,5.0,0.0,inf,1,16.67,0,0
719,12,10.0,3,3,17,2.0,13.0,1,6.5,13.0,17.0,5,29.41,0,0
757,12,10.0,1,1,6,1.0,6.0,0,6.0,0.0,inf,0,0.0,0,0
6,12,16.0,2,2,36,6.0,34.0,0,5.67,0.0,inf,11,30.56,2,0
38,12,16.0,1,1,24,4.0,38.0,0,9.5,0.0,inf,7,29.17,5,1
58,12,16.0,1,1,20,3.0,26.0,1,8.67,26.0,18.0,5,25.0,1,1
71,12,16.0,4,4,104,17.0,125.0,10,7.35,12.5,9.6,42,40.38,11,6
78,12,16.0,1,1,18,3.0,40.0,1,13.33,40.0,18.0,2,11.11,8,0
94,12,16.0,1,1,13,2.0,34.0,0,17.0,0.0,inf,1,7.69,2,3
116,12,16.0,1,1,6,1.0,8.0,0,8.0,0.0,inf,1,16.67,1,0
137,12,16.0,1,1,25,4.0,30.0,2,7.5,15.0,12.0,5,20.0,1,1
148,12,16.0,1,1,25,4.0,36.0,2,9.0,18.0,12.0,4,16.0,2,1
158,12,16.0,1,1,18,3.0,22.0,3,7.33,7.33,6.0,8,44.44,2,1
162,12,16.0,2,2,49,8.0,35.0,3,4.38,11.67,16.0,25,51.02,4,0
172,12,16.0,1,1,24,4.0,12.0,6,3.0,2.0,3.67,14,58.33,1,0
179,12,16.0,1,1,25,4.0,44.0,1,11.0,44.0,24.0,3,12.0,2,2
201,12,16.0,1,1,24,4.0,56.0,0,14.0,0.0,inf,2,8.33,3,4
217,12,16.0,2,2,43,7.0,57.0,4,8.14,14.25,10.5,22,51.16,6,3
234,12,16.0,1,1,18,3.0,13.0,0,4.33,0.0,inf,8,44.44,0,0
235,12,16.0,2,2,42,7.0,43.0,4,6.14,10.75,10.5,20,47.62,3,2
251,12,16.0,1,1,18,3.0,38.0,0,12.67,0.0,inf,5,27.78,3,3
255,12,16.0,1,1,24,4.0,34.0,0,8.5,0.0,inf,5,20.83,1,2
259,12,16.0,1,1,19,3.0,40.0,0,13.33,0.0,inf,3,15.79,2,3
263,12,16.0,2,2,42,7.0,30.0,3,4.29,10.0,14.0,20,47.62,0,1
264,12,16.0,1,1,6,1.0,8.0,0,8.0,0.0,inf,1,16.67,1,0
282,12,16.0,1,1,24,4.0,28.0,1,7.0,28.0,24.0,11,45.83,4,0
285,12,16.0,1,1,20,3.0,29.0,1,9.67,29.0,18.0,5,25.0,2,1
293,12,16.0,1,1,25,4.0,27.0,0,6.75,0.0,inf,7,28.0,3,0
319,12,16.0,1,1,27,4.0,42.0,1,10.5,42.0,24.0,4,14.81,6,0
327,12,16.0,1,1,18,3.0,29.0,0,9.67,0.0,inf,5,27.78,3,1
363,12,16.0,7,7,169,28.0,159.0,9,5.68,17.67,18.67,80,47.34,14,4
371,12,16.0,7,7,167,27.0,210.0,7,7.78,30.0,23.0,50,29.94,16,6
383,12,16.0,1,1,19,3.0,19.0,0,6.33,0.0,inf,8,42.11,2,0
386,12,16.0,1,1,25,4.0,49.0,1,12.25,49.0,24.0,7,28.0,5,2
394,12,16.0,3,3,66,11.0,52.0,5,4.73,10.4,13.2,34,51.52,1,3
399,12,16.0,2,2,13,2.0,10.0,0,5.0,0.0,inf,4,30.77,0,0
449,12,16.0,1,1,19,3.0,24.0,0,8.0,0.0,inf,7,36.84,4,0
451,12,16.0,3,3,54,9.0,90.0,2,10.0,45.0,27.0,9,16.67,3,7
462,12,16.0,1,1,24,4.0,27.0,3,6.75,9.0,8.0,8,33.33,1,1
483,12,16.0,1,1,27,4.0,66.0,0,16.5,0.0,inf,4,14.81,5,4
485,12,16.0,1,1,17,2.0,33.0,1,16.5,33.0,17.0,4,23.53,1,3
493,12,16.0,1,1,26,4.0,42.0,0,10.5,0.0,inf,9,34.62,4,2
498,12,16.0,1,1,6,1.0,16.0,0,16.0,0.0,inf,0,0.0,0,2
508,12,16.0,1,1,12,2.0,25.0,0,12.5,0.0,inf,1,8.33,3,1
514,12,16.0,1,1,26,4.0,24.0,0,6.0,0.0,inf,12,46.15,2,0
527,12,16.0,1,1,13,2.0,16.0,0,8.0,0.0,inf,2,15.38,1,0
545,12,16.0,7,7,169,28.0,237.0,5,8.46,47.4,32.4,71,42.01,25,9
546,12,16.0,2,2,30,5.0,48.0,1,9.6,48.0,30.0,12,40.0,3,4
564,12,16.0,1,1,24,4.0,47.0,0,11.75,0.0,inf,7,29.17,4,3
610,12,16.0,3,3,70,11.0,82.0,2,7.45,41.0,33.0,28,40.0,4,5
611,12,16.0,1,1,26,4.0,32.0,1,8.0,32.0,24.0,5,19.23,1,1
625,12,16.0,2,2,45,7.0,68.0,2,9.71,34.0,21.0,14,31.11,4,4
654,12,16.0,1,1,6,1.0,8.0,0,8.0,0.0,inf,1,16.67,1,0
656,12,16.0,1,1,12,2.0,23.0,0,11.5,0.0,inf,2,16.67,2,1
658,12,16.0,1,1,26,4.0,17.0,3,4.25,5.67,8.0,10,38.46,0,0
685,12,16.0,1,1,24,4.0,22.0,4,5.5,5.5,5.75,11,45.83,2,0
733,12,16.0,2,2,13,2.0,21.0,1,10.5,21.0,12.0,1,7.69,1,1
767,12,16.0,4,4,45,7.0,54.0,1,7.71,54.0,42.0,14,31.11,5,1
6,12,18.0,1,1,24,4.0,20.0,2,5.0,10.0,12.0,9,37.5,1,0
38,12,18.0,1,1,25,4.0,25.0,1,6.25,25.0,24.0,11,44.0,1,1
58,12,18.0,5,5,108,18.0,175.0,4,9.72,43.75,26.0,24,22.22,14,8
71,12,18.0,1,1,24,4.0,33.0,1,8.25,33.0,24.0,7,29.17,4,0
78,12,18.0,4,4,73,12.0,119.0,4,9.92,29.75,16.25,17,23.29,9,6
86,12,18.0,2,2,31,5.0,52.0,2,10.4,26.0,15.0,8,25.81,5,1
106,12,18.0,1,1,25,4.0,52.0,2,13.0,26.0,12.0,7,28.0,7,2
107,12,18.0,1,1,13,2.0,27.0,0,13.5,0.0,inf,3,23.08,2,2
137,12,18.0,1,1,24,4.0,20.0,1,5.0,20.0,24.0,6,25.0,0,0
148,12,18.0,1,1,24,4.0,33.0,0,8.25,0.0,inf,8,33.33,3,1
158,12,18.0,1,1,25,4.0,41.0,1,10.25,41.0,24.0,6,24.0,5,1
162,12,18.0,1,1,24,4.0,29.0,3,7.25,9.67,8.0,10,41.67,3,1
179,12,18.0,1,1,26,4.0,17.0,2,4.25,8.5,12.0,11,42.31,0,0
213,12,18.0,1,1,25,4.0,25.0,1,6.25,25.0,24.0,11,44.0,2,0
217,12,18.0,1,1,24,4.0,33.0,2,8.25,16.5,12.0,10,41.67,5,1
234,12,18.0,1,1,18,3.0,28.0,0,9.33,0.0,inf,3,16.67,3,0
235,12,18.0,1,1,24,4.0,28.0,0,7.0,0.0,inf,6,25.0,3,0
251,12,18.0,1,1,24,4.0,19.0,0,4.75,0.0,inf,13,54.17,2,0
255,12,18.0,1,1,25,4.0,22.0,0,5.5,0.0,inf,9,36.0,1,1
259,12,18.0,6,6,126,21.0,183.0,3,8.71,61.0,40.0,45,35.71,24,4
263,12,18.0,1,1,24,4.0,21.0,1,5.25,21.0,24.0,7,29.17,1,0
327,12,18.0,1,1,6,1.0,14.0,0,14.0,0.0,inf,1,16.67,1,1
363,12,18.0,1,1,24,4.0,30.0,1,7.5,30.0,24.0,10,41.67,1,2
383,12,18.0,1,1,24,4.0,29.0,1,7.25,29.0,24.0,11,45.83,4,0
386,12,18.0,1,1,19,3.0,27.0,0,9.0,0.0,inf,4,21.05,4,0
399,12,18.0,1,1,24,4.0,31.0,0,7.75,0.0,inf,10,41.67,5,0
420,12,18.0,4,4,66,11.0,90.0,1,8.18,90.0,66.0,13,19.7,6,2
462,12,18.0,7,7,151,25.0,181.0,11,7.24,16.45,13.64,53,35.1,12,8
466,12,18.0,1,1,26,4.0,33.0,2,8.25,16.5,12.0,8,30.77,4,0
472,12,18.0,1,1,24,4.0,33.0,0,8.25,0.0,inf,5,20.83,4,0
483,12,18.0,1,1,25,4.0,31.0,2,7.75,15.5,12.0,11,44.0,2,2
493,12,18.0,6,6,139,23.0,150.0,3,6.52,50.0,46.0,59,42.45,11,7
508,12,18.0,3,3,55,9.0,73.0,1,8.11,73.0,54.0,18,32.73,7,3
527,12,18.0,1,1,25,4.0,25.0,2,6.25,12.5,12.0,9,36.0,1,1
545,12,18.0,1,1,25,4.0,22.0,0,5.5,0.0,inf,13,52.0,3,0
546,12,18.0,1,1,12,2.0,24.0,0,12.0,0.0,inf,1,8.33,4,0
557,12,18.0,1,1,25,4.0,35.0,0,8.75,0.0,inf,10,40.0,7,0
564,12,18.0,1,1,24,4.0,40.0,0,10.0,0.0,inf,6,25.0,4,1
610,12,18.0,1,1,26,4.0,48.0,0,12.0,0.0,inf,7,26.92,4,3
625,12,18.0,1,1,25,4.0,44.0,2,11.0,22.0,12.0,5,20.0,5,1
635,12,18.0,1,1,27,4.0,35.0,1,8.75,35.0,24.0,9,33.33,5,0
644,12,18.0,1,1,18,3.0,28.0,0,9.33,0.0,inf,3,16.67,4,0
647,12,18.0,1,1,25,4.0,28.0,2,7.0,14.0,12.0,7,28.0,2,0
656,12,18.0,1,1,24,4.0,39.0,1,9.75,39.0,24.0,5,20.83,4,1
685,12,18.0,1,1,25,4.0,37.0,2,9.25,18.5,12.0,8,32.0,4,1
719,12,18.0,1,1,8,1.0,16.0,0,16.0,0.0,inf,1,12.5,3,0
734,12,18.0,1,1,12,2.0,24.0,0,12.0,0.0,inf,4,33.33,2,2
743,12,18.0,1,1,19,3.0,26.0,1,8.67,26.0,19.0,5,26.32,3,0
757,12,18.0,4,4,37,6.0,38.0,1,6.33,38.0,36.0,13,35.14,3,0
6,12,23.0,1,1,25,4.0,49.0,0,12.25,0.0,inf,6,24.0,5,3
32,12,23.0,1,1,24,4.0,37.0,1,9.25,37.0,24.0,7,29.17,3,2
38,12,23.0,1,1,27,4.0,38.0,0,9.5,0.0,inf,13,48.15,5,1
58,12,23.0,1,1,25,4.0,50.0,1,12.5,50.0,24.0,7,28.0,4,4
60,12,23.0,3,3,24,4.0,34.0,1,8.5,34.0,24.0,4,16.67,4,0
86,12,23.0,1,1,24,4.0,20.0,2,5.0,10.0,12.0,16,66.67,2,1
116,12,23.0,7,7,120,20.0,172.0,9,8.6,19.11,13.33,42,35.0,16,7
136,12,23.0,1,1,24,4.0,29.0,0,7.25,0.0,inf,10,41.67,2,2
137,12,23.0,1,1,25,4.0,47.0,0,11.75,0.0,inf,5,20.0,0,5
148,12,23.0,1,1,25,4.0,44.0,1,11.0,44.0,24.0,9,36.0,4,3
158,12,23.0,1,1,25,4.0,38.0,2,9.5,19.0,12.0,6,24.0,3,2
162,12,23.0,1,1,25,4.0,54.0,1,13.5,54.0,24.0,7,28.0,2,6
179,12,23.0,1,1,22,3.0,45.0,0,15.0,0.0,inf,6,27.27,3,4
205,12,23.0,2,2,21,3.0,29.0,0,9.67,0.0,inf,6,28.57,4,0
213,12,23.0,1,1,26,4.0,30.0,1,7.5,30.0,24.0,8,30.77,1,1
217,12,23.0,1,1,24,4.0,36.0,0,9.0,0.0,inf,10,41.67,4,2
225,12,23.0,1,1,6,1.0,18.0,0,18.0,0.0,inf,1,16.67,1,2
235,12,23.0,1,1,25,4.0,27.0,4,6.75,6.75,6.0,9,36.0,1,1
251,12,23.0,7,7,129,21.0,203.0,8,9.67,25.38,16.12,43,33.33,17,12
255,12,23.0,6,6,128,21.0,175.0,7,8.33,25.0,18.0,44,34.38,16,7
263,12,23.0,1,1,26,4.0,44.0,0,11.0,0.0,inf,5,19.23,4,2
285,12,23.0,1,1,13,2.0,28.0,0,14.0,0.0,inf,3,23.08,4,1
312,12,23.0,1,1,18,3.0,35.0,1,11.67,35.0,18.0,8,44.44,3,3
327,12,23.0,1,1,6,1.0,13.0,0,13.0,0.0,inf,3,50.0,0,2
363,12,23.0,1,1,24,4.0,26.0,1,6.5,26.0,24.0,9,37.5,4,0
371,12,23.0,1,1,26,4.0,42.0,1,10.5,42.0,24.0,7,26.92,4,2
383,12,23.0,1,1,26,4.0,21.0,1,5.25,21.0,24.0,13,50.0,3,0
386,12,23.0,1,1,24,4.0,48.0,0,12.0,0.0,inf,7,29.17,7,2
399,12,23.0,1,1,21,3.0,31.0,1,10.33,31.0,18.0,8,38.1,1,3
406,12,23.0,1,1,26,4.0,36.0,1,9.0,36.0,24.0,10,38.46,3,2
420,12,23.0,1,1,6,1.0,7.0,0,7.0,0.0,inf,2,33.33,1,0
462,12,23.0,1,1,18,3.0,31.0,1,10.33,31.0,18.0,8,44.44,4,2
472,12,23.0,5,5,106,17.0,165.0,1,9.71,165.0,102.0,25,23.58,10,10
493,12,23.0,1,1,25,4.0,28.0,0,7.0,0.0,inf,12,48.0,0,3
494,12,23.0,3,3,69,11.0,113.0,1,10.27,113.0,66.0,18,26.09,10,5
527,12,23.0,3,3,75,12.0,116.0,4,9.67,29.0,18.0,22,29.33,13,4
545,12,23.0,1,1,24,4.0,37.0,0,9.25,0.0,inf,10,41.67,4,2
546,12,23.0,1,1,18,3.0,27.0,0,9.0,0.0,inf,5,27.78,3,1
557,12,23.0,1,1,24,4.0,31.0,1,7.75,31.0,24.0,12,50.0,3,2
559,12,23.0,1,1,24,4.0,40.0,2,10.0,20.0,12.0,11,45.83,5,2
610,12,23.0,1,1,24,4.0,35.0,1,8.75,35.0,24.0,6,25.0,2,2
625,12,23.0,1,1,25,4.0,18.0,2,4.5,9.0,12.0,13,52.0,2,0
635,12,23.0,6,6,140,23.0,223.0,2,9.7,111.5,67.0,46,32.86,26,9
644,12,23.0,1,1,25,4.0,32.0,1,8.0,32.0,24.0,13,52.0,1,3
647,12,23.0,1,1,25,4.0,32.0,1,8.0,32.0,24.0,6,24.0,3,1
656,12,23.0,1,1,24,4.0,30.0,0,7.5,0.0,inf,10,41.67,2,2
658,12,23.0,1,1,25,4.0,46.0,2,11.5,23.0,12.0,3,12.0,4,1
685,12,23.0,1,1,24,4.0,42.0,2,10.5,21.0,12.0,10,41.67,4,3
711,12,23.0,1,1,12,2.0,27.0,0,13.5,0.0,inf,4,33.33,4,1
743,12,23.0,1,1,23,3.0,42.0,1,14.0,42.0,22.0,10,43.48,1,5
6,12,28.0,1,1,12,2.0,10.0,1,5.0,10.0,12.0,6,50.0,1,0
38,12,28.0,1,1,14,2.0,21.0,1,10.5,21.0,12.0,4,28.57,2,1
58,12,28.0,1,1,26,4.0,36.0,1,9.0,36.0,24.0,6,23.08,3,1
71,12,28.0,1,1,24,4.0,42.0,3,10.5,14.0,8.0,9,37.5,5,2
106,12,28.0,1,1,25,4.0,54.0,1,13.5,54.0,24.0,7,28.0,2,6
116,12,28.0,1,1,13,2.0,34.0,0,17.0,0.0,inf,3,23.08,3,3
136,12,28.0,1,1,25,4.0,25.0,0,6.25,0.0,inf,10,40.0,1,1
137,12,28.0,1,1,24,4.0,37.0,1,9.25,37.0,24.0,10,41.67,2,3
148,12,28.0,1,1,26,4.0,21.0,3,5.25,7.0,8.0,13,50.0,2,0
162,12,28.0,6,6,115,19.0,136.0,1,7.16,136.0,114.0,46,40.0,6,9
172,12,28.0,2,2,31,5.0,75.0,0,15.0,0.0,inf,9,29.03,9,5
173,12,28.0,1,1,12,2.0,27.0,1,13.5,27.0,12.0,2,16.67,4,1
178,12,28.0,1,1,18,3.0,27.0,1,9.0,27.0,18.0,8,44.44,4,1
179,12,28.0,1,1,24,4.0,27.0,2,6.75,13.5,12.0,13,54.17,3,1
217,12,28.0,1,1,18,3.0,21.0,1,7.0,21.0,18.0,8,44.44,4,0
235,12,28.0,1,1,24,4.0,25.0,1,6.25,25.0,24.0,9,37.5,1,1
245,12,28.0,1,1,26,4.0,47.0,0,11.75,0.0,inf,8,30.77,3,4
255,12,28.0,1,1,25,4.0,33.0,0,8.25,0.0,inf,9,36.0,4,1
259,12,28.0,1,1,24,4.0,38.0,1,9.5,38.0,24.0,6,25.0,4,1
263,12,28.0,7,8,175,29.0,220.0,9,7.59,24.44,19.11,71,40.57,25,7
282,12,28.0,4,4,93,15.0,137.0,4,9.13,34.25,22.5,40,43.01,15,8
292,12,28.0,1,1,25,4.0,42.0,1,10.5,42.0,24.0,7,28.0,6,1
308,12,28.0,1,1,25,4.0,40.0,0,10.0,0.0,inf,5,20.0,4,2
327,12,28.0,1,1,24,4.0,18.0,2,4.5,9.0,12.0,12,50.0,0,1
363,12,28.0,1,2,27,4.0,30.0,0,7.5,0.0,inf,10,37.04,1,2
383,12,28.0,1,1,24,4.0,34.0,2,8.5,17.0,12.0,12,50.0,6,1
386,12,28.0,4,4,100,16.0,143.0,10,8.94,14.3,9.6,37,37.0,10,10
394,12,28.0,1,1,24,4.0,24.0,1,6.0,24.0,24.0,9,37.5,1,1
399,12,28.0,7,7,134,22.0,190.0,11,8.64,17.27,11.73,44,32.84,10,13
406,12,28.0,1,1,27,4.0,34.0,0,8.5,0.0,inf,6,22.22,2,0
449,12,28.0,1,1,26,4.0,49.0,1,12.25,49.0,24.0,5,19.23,3,3
462,12,28.0,1,1,24,4.0,21.0,0,5.25,0.0,inf,10,41.67,0,1
466,12,28.0,1,1,25,4.0,52.0,1,13.0,52.0,24.0,8,32.0,7,2
493,12,28.0,1,1,25,4.0,39.0,3,9.75,13.0,8.0,6,24.0,3,2
508,12,28.0,1,1,18,3.0,39.0,0,13.0,0.0,inf,3,16.67,4,2
514,12,28.0,2,2,51,8.0,59.0,3,7.38,19.67,16.0,22,43.14,5,3
527,12,28.0,1,1,19,3.0,20.0,0,6.67,0.0,inf,7,36.84,2,0
545,12,28.0,1,1,25,4.0,29.0,1,7.25,29.0,24.0,10,40.0,4,0
546,12,28.0,7,7,119,19.0,130.0,5,6.84,26.0,22.8,36,30.25,8,4
557,12,28.0,1,1,19,3.0,34.0,0,11.33,0.0,inf,5,26.32,3,2
564,12,28.0,1,1,13,2.0,25.0,0,12.5,0.0,inf,6,46.15,4,1
625,12,28.0,1,1,27,4.0,37.0,0,9.25,0.0,inf,9,33.33,3,2
635,12,28.0,1,1,18,3.0,22.0,1,7.33,22.0,18.0,8,44.44,4,0
656,12,28.0,1,1,18,3.0,42.0,1,14.0,42.0,18.0,2,11.11,3,3
658,12,28.0,1,1,20,3.0,21.0,1,7.0,21.0,18.0,8,40.0,3,0
675,12,28.0,1,1,27,4.0,42.0,0,10.5,0.0,inf,8,29.63,3,2
679,12,28.0,1,1,8,1.0,12.0,1,12.0,12.0,8.0,4,50.0,1,1
685,12,28.0,1,1,27,4.0,23.0,2,5.75,11.5,12.0,9,33.33,1,0
711,12,28.0,1,1,13,2.0,24.0,0,12.0,0.0,inf,3,23.08,3,1
717,12,28.0,1,1,6,1.0,13.0,0,13.0,0.0,inf,3,50.0,0,2
6,12,37.0,1,1,18,3.0,23.0,2,7.67,11.5,9.0,8,44.44,1,2
71,12,37.0,1,1,18,3.0,24.0,2,8.0,12.0,8.5,6,33.33,4,0
217,12,37.0,1,1,25,4.0,28.0,2,7.0,14.0,12.0,10,40.0,3,0
234,12,37.0,2,2,48,8.0,37.0,2,4.62,18.5,24.0,19,39.58,2,0
235,12,37.0,1,1,24,4.0,28.0,1,7.0,28.0,24.0,6,25.0,2,1
264,12,37.0,1,1,7,1.0,13.0,1,13.0,13.0,6.0,0,0.0,0,1
292,12,37.0,2,2,43,7.0,57.0,2,8.14,28.5,21.0,16,37.21,4,3
293,12,37.0,1,1,24,4.0,31.0,2,7.75,15.5,12.0,8,33.33,3,1
308,12,37.0,1,1,24,4.0,41.0,0,10.25,0.0,inf,7,29.17,3,3
363,12,37.0,1,1,25,4.0,15.0,2,3.75,7.5,12.0,16,64.0,2,0
383,12,37.0,2,2,48,8.0,58.0,3,7.25,19.33,16.0,18,37.5,8,1
394,12,37.0,1,1,24,4.0,29.0,0,7.25,0.0,inf,10,41.67,1,2
449,12,37.0,1,1,26,4.0,19.0,2,4.75,9.5,12.0,11,42.31,1,0
545,12,37.0,1,1,26,4.0,42.0,2,10.5,21.0,12.0,12,46.15,4,3
625,12,37.0,1,1,6,1.0,13.0,0,13.0,0.0,inf,2,33.33,3,0
656,12,37.0,2,2,48,8.0,62.0,1,7.75,62.0,48.0,20,41.67,4,4
658,12,37.0,2,2,50,8.0,81.0,3,10.12,27.0,14.0,13,26.0,7,4
719,12,37.0,1,1,7,1.0,11.0,0,11.0,0.0,inf,1,14.29,1,0
6,13,1.0,3,3,51,8.0,70.0,3,8.75,23.33,17.0,12,23.53,3,3
38,13,1.0,4,4,91,15.0,93.0,8,6.2,11.62,10.62,44,48.35,12,2
58,13,1.0,1,1,18,3.0,31.0,0,10.33,0.0,inf,3,16.67,2,1
60,13,1.0,1,1,6,1.0,7.0,0,7.0,0.0,inf,0,0.0,0,0
71,13,1.0,2,2,43,7.0,71.0,2,10.14,35.5,21.0,18,41.86,7,4
78,13,1.0,2,2,45,7.0,59.0,2,8.43,29.5,21.0,7,15.56,4,2
86,13,1.0,1,1,29,4.0,47.0,0,11.75,0.0,inf,12,41.38,2,4
106,13,1.0,4,4,66,11.0,75.0,3,6.82,25.0,22.0,20,30.3,9,0
116,13,1.0,5,5,62,10.0,95.0,3,9.5,31.67,20.0,18,29.03,12,3
136,13,1.0,1,1,21,3.0,34.0,0,11.33,0.0,inf,8,38.1,5,1
137,13,1.0,4,4,86,14.0,131.0,2,9.36,65.5,42.0,19,22.09,10,6
148,13,1.0,4,4,93,15.0,131.0,2,8.73,65.5,45.0,34,36.56,20,1
158,13,1.0,3,3,62,10.0,71.0,1,7.1,71.0,60.0,27,43.55,7,2
162,13,1.0,8,8,184,30.0,236.0,9,7.87,26.22,20.0,53,28.8,15,9
169,13,1.0,5,5,120,20.0,157.0,6,7.85,26.17,19.0,30,25.0,14,4
179,13,1.0,5,5,120,20.0,129.0,8,6.45,16.12,15.0,41,34.17,6,5
200,13,1.0,1,1,25,4.0,26.0,2,6.5,13.0,12.0,5,20.0,0,1
217,13,1.0,4,4,93,15.0,127.0,4,8.47,31.75,22.5,32,34.41,14,3
224,13,1.0,1,1,12,2.0,20.0,0,10.0,0.0,inf,1,8.33,3,0
234,13,1.0,1,1,24,4.0,35.0,2,8.75,17.5,12.0,6,25.0,3,1
235,13,1.0,1,1,24,4.0,24.0,1,6.0,24.0,24.0,6,25.0,0,1
237,13,1.0,2,2,38,6.0,73.0,0,12.17,0.0,inf,7,18.42,11,1
243,13,1.0,2,2,43,7.0,39.0,1,5.57,39.0,42.0,17,39.53,2,1
247,13,1.0,1,1,12,2.0,14.0,0,7.0,0.0,inf,3,25.0,0,1
249,13,1.0,1,1,27,4.0,51.0,1,12.75,51.0,24.0,8,29.63,5,3
251,13,1.0,2,2,43,7.0,53.0,1,7.57,53.0,42.0,16,37.21,4,2
255,13,1.0,5,5,121,20.0,149.0,4,7.45,37.25,30.0,31,25.62,9,4
263,13,1.0,8,8,198,33.0,213.0,13,6.45,16.38,14.77,88,44.44,17,7
292,13,1.0,8,8,192,32.0,269.0,9,8.41,29.89,20.89,78,40.62,41,4
308,13,1.0,1,1,24,4.0,46.0,1,11.5,46.0,24.0,5,20.83,6,1
312,13,1.0,7,7,169,28.0,183.0,9,6.54,20.33,18.67,58,34.32,16,2
319,13,1.0,2,2,44,7.0,59.0,1,8.43,59.0,42.0,18,40.91,8,1
327,13,1.0,1,1,6,1.0,4.0,0,4.0,0.0,inf,3,50.0,0,0
363,13,1.0,5,6,124,20.0,116.0,6,5.8,19.33,20.67,46,37.1,7,3
367,13,1.0,4,4,99,16.0,128.0,1,8.0,128.0,96.0,30,30.3,9,5
371,13,1.0,3,3,72,12.0,78.0,1,6.5,78.0,72.0,22,30.56,6,1
383,13,1.0,1,1,20,3.0,26.0,0,8.67,0.0,inf,4,20.0,0,1
394,13,1.0,1,1,26,4.0,23.0,0,5.75,0.0,inf,4,15.38,0,0
420,13,1.0,1,1,7,1.0,13.0,0,13.0,0.0,inf,3,42.86,1,1
427,13,1.0,1,1,24,4.0,19.0,1,4.75,19.0,24.0,13,54.17,2,0
449,13,1.0,1,1,26,4.0,37.0,3,9.25,12.33,8.0,8,30.77,3,1
451,13,1.0,2,2,52,8.0,78.0,1,9.75,78.0,48.0,7,13.46,5,2
462,13,1.0,5,5,102,17.0,109.0,6,6.41,18.17,17.0,36,35.29,8,3
466,13,1.0,3,3,54,9.0,110.0,0,12.22,0.0,inf,13,24.07,9,8
472,13,1.0,3,3,57,9.0,72.0,0,8.0,0.0,inf,9,15.79,0,4
482,13,1.0,3,3,66,11.0,112.0,2,10.18,56.0,31.5,16,24.24,9,5
483,13,1.0,1,1,25,4.0,44.0,0,11.0,0.0,inf,6,24.0,3,2
485,13,1.0,1,1,24,4.0,25.0,2,6.25,12.5,12.0,5,20.83,0,1
491,13,1.0,3,3,43,7.0,71.0,2,10.14,35.5,21.0,12,27.91,9,2
493,13,1.0,5,5,122,20.0,129.0,7,6.45,18.43,17.14,60,49.18,13,5
494,13,1.0,3,4,76,12.0,64.0,7,5.33,9.14,10.71,36,47.37,6,0
508,13,1.0,1,1,24,4.0,45.0,1,11.25,45.0,24.0,6,25.0,2,4
516,13,1.0,4,4,101,16.0,163.0,3,10.19,54.33,32.0,32,31.68,17,8
528,13,1.0,1,1,27,4.0,40.0,0,10.0,0.0,inf,8,29.63,4,1
545,13,1.0,2,2,44,7.0,54.0,2,7.71,27.0,21.0,19,43.18,7,1
546,13,1.0,8,8,154,25.0,192.0,4,7.68,48.0,37.5,45,29.22,13,7
557,13,1.0,3,3,65,10.0,91.0,2,9.1,45.5,32.0,28,43.08,9,5
559,13,1.0,1,1,27,4.0,43.0,0,10.75,0.0,inf,9,33.33,3,3
611,13,1.0,2,2,48,8.0,60.0,1,7.5,60.0,48.0,15,31.25,2,4
624,13,1.0,1,1,5,0.0,5.0,0,inf,0.0,inf,0,0.0,0,0
625,13,1.0,3,3,75,12.0,89.0,3,7.42,29.67,24.0,27,36.0,9,2
628,13,1.0,7,7,155,25.0,211.0,9,8.44,23.44,16.33,57,36.77,25,5
635,13,1.0,4,4,67,11.0,98.0,3,8.91,32.67,21.0,23,34.33,11,3
638,13,1.0,5,5,110,18.0,99.0,2,5.5,49.5,54.0,43,39.09,6,1
644,13,1.0,4,4,79,13.0,120.0,6,9.23,20.0,12.67,18,22.78,14,3
656,13,1.0,5,5,85,14.0,108.0,2,7.71,54.0,42.0,21,24.71,8,2
657,13,1.0,4,4,61,10.0,89.0,1,8.9,89.0,60.0,16,26.23,11,1
665,13,1.0,5,5,58,9.0,78.0,3,8.67,26.0,18.0,12,20.69,6,2
679,13,1.0,5,5,103,17.0,106.0,1,6.24,106.0,102.0,36,34.95,3,4
685,13,1.0,5,5,127,21.0,141.0,12,6.71,11.75,10.0,53,41.73,9,6
696,13,1.0,5,5,95,15.0,137.0,5,9.13,27.4,18.0,33,34.74,15,4
697,13,1.0,2,2,12,2.0,11.0,0,5.5,0.0,inf,4,33.33,1,0
707,13,1.0,1,1,25,4.0,20.0,1,5.0,20.0,24.0,14,56.0,3,0
712,13,1.0,1,1,25,4.0,40.0,0,10.0,0.0,inf,10,40.0,6,1
721,13,1.0,2,2,51,8.0,77.0,6,9.62,12.83,8.0,18,35.29,9,3
733,13,1.0,2,2,31,5.0,45.0,0,9.0,0.0,inf,4,12.9,0,3
744,13,1.0,5,5,121,20.0,164.0,5,8.2,32.8,24.0,45,37.19,17,7
755,13,1.0,2,2,50,8.0,75.0,4,9.38,18.75,12.0,16,32.0,10,1
766,13,1.0,2,2,44,7.0,78.0,0,11.14,0.0,inf,11,25.0,7,4
767,13,1.0,1,1,24,4.0,20.0,1,5.0,20.0,24.0,13,54.17,3,0
777,13,1.0,8,8,180,30.0,213.0,5,7.1,42.6,34.8,74,41.11,24,6
778,13,1.0,1,1,17,2.0,24.0,0,12.0,0.0,inf,6,35.29,4,0
6,13,12.0,7,7,126,21.0,158.0,3,7.52,52.67,42.0,37,29.37,10,5
18,13,12.0,1,1,25,4.0,42.0,0,10.5,0.0,inf,7,28.0,6,1
38,13,12.0,2,2,38,6.0,63.0,2,10.5,31.5,18.0,14,36.84,7,3
52,13,12.0,1,1,25,4.0,41.0,0,10.25,0.0,inf,6,24.0,5,1
58,13,12.0,4,4,80,13.0,123.0,4,9.46,30.75,19.5,23,28.75,6,8
60,13,12.0,1,1,7,1.0,16.0,0,16.0,0.0,inf,0,0.0,3,0
63,13,12.0,4,4,72,12.0,91.0,2,7.58,45.5,36.0,21,29.17,7,3
71,13,12.0,5,5,115,19.0,171.0,6,9.0,28.5,18.67,41,35.65,15,7
78,13,12.0,4,4,51,8.0,95.0,0,11.88,0.0,inf,12,23.53,6,7
86,13,12.0,1,1,12,2.0,22.0,0,11.0,0.0,inf,3,25.0,5,0
106,13,12.0,7,7,149,24.0,201.0,6,8.38,33.5,23.0,48,32.21,19,6
137,13,12.0,8,8,170,28.0,182.0,9,6.5,20.22,18.67,65,38.24,13,5
148,13,12.0,7,9,176,29.0,204.0,10,7.03,20.4,16.8,75,42.61,22,3
158,13,12.0,3,3,75,12.0,81.0,8,6.75,10.12,8.75,36,48.0,7,3
162,13,12.0,4,4,85,14.0,123.0,4,8.79,30.75,21.0,27,31.76,11,5
169,13,12.0,8,8,197,32.0,269.0,9,8.41,29.89,21.22,62,31.47,25,10
178,13,12.0,1,1,25,4.0,45.0,1,11.25,45.0,24.0,7,28.0,1,4
179,13,12.0,7,7,166,27.0,210.0,9,7.78,23.33,18.0,44,26.51,14,7
180,13,12.0,2,2,42,7.0,43.0,1,6.14,43.0,42.0,13,30.95,1,1
200,13,12.0,1,1,12,2.0,18.0,0,9.0,0.0,inf,3,25.0,1,1
213,13,12.0,2,2,42,7.0,53.0,2,7.57,26.5,21.0,12,28.57,6,1
217,13,12.0,7,7,156,26.0,186.0,5,7.15,37.2,30.0,54,34.62,22,1
224,13,12.0,2,2,33,5.0,51.0,0,10.2,0.0,inf,6,18.18,5,1
234,13,12.0,1,1,24,4.0,23.0,0,5.75,0.0,inf,6,25.0,1,0
235,13,12.0,1,1,24,4.0,30.0,0,7.5,0.0,inf,7,29.17,3,0
237,13,12.0,1,1,28,4.0,37.0,1,9.25,37.0,24.0,7,25.0,2,1
243,13,12.0,1,1,24,4.0,53.0,1,13.25,53.0,24.0,3,12.5,1,5
247,13,12.0,2,2,36,6.0,58.0,0,9.67,0.0,inf,9,25.0,5,3
249,13,12.0,4,4,86,14.0,103.0,3,7.36,34.33,28.0,35,40.7,8,4
251,13,12.0,4,4,60,10.0,83.0,4,8.3,20.75,15.0,17,28.33,8,2
255,13,12.0,3,3,73,12.0,100.0,1,8.33,100.0,72.0,21,28.77,5,6
263,13,12.0,5,7,136,22.0,141.0,12,6.41,11.75,11.0,61,44.85,14,4
264,13,12.0,1,1,6,1.0,9.0,0,9.0,0.0,inf,1,16.67,0,1
292,13,12.0,5,6,113,18.0,157.0,10,8.72,15.7,11.2,50,44.25,20,6
297,13,12.0,1,1,4,0.0,6.0,0,inf,0.0,inf,1,25.0,1,0
312,13,12.0,3,3,72,12.0,65.0,6,5.42,10.83,12.0,29,40.28,2,2
319,13,12.0,4,4,88,14.0,121.0,7,8.64,17.29,11.86,29,32.95,8,6
327,13,12.0,2,2,26,4.0,38.0,1,9.5,38.0,24.0,5,19.23,2,2
363,13,12.0,8,8,192,32.0,151.0,11,4.72,13.73,17.45,90,46.88,5,5
367,13,12.0,7,7,149,24.0,165.0,9,6.88,18.33,16.0,61,40.94,14,6
371,13,12.0,7,7,172,28.0,201.0,6,7.18,33.5,28.0,65,37.79,17,5
392,13,12.0,1,1,2,0.0,2.0,0,inf,0.0,inf,0,0.0,0,0
401,13,12.0,1,1,16,2.0,20.0,0,10.0,0.0,inf,4,25.0,2,0
420,13,12.0,1,1,6,1.0,14.0,0,14.0,0.0,inf,0,0.0,0,1
427,13,12.0,1,1,25,4.0,28.0,0,7.0,0.0,inf,9,36.0,4,0
449,13,12.0,4,4,90,15.0,120.0,2,8.0,60.0,42.0,23,25.56,10,2
451,13,12.0,3,3,37,6.0,46.0,1,7.67,46.0,36.0,9,24.32,4,1
462,13,12.0,6,6,142,23.0,213.0,3,9.26,71.0,46.0,34,23.94,15,9
466,13,12.0,2,2,35,5.0,50.0,1,10.0,50.0,30.0,11,31.43,4,3
472,13,12.0,1,1,18,3.0,20.0,1,6.67,20.0,18.0,7,38.89,1,1
482,13,12.0,4,5,98,16.0,158.0,4,9.88,39.5,22.5,29,29.59,16,6
483,13,12.0,1,1,24,4.0,39.0,0,9.75,0.0,inf,6,25.0,1,3
485,13,12.0,3,3,76,12.0,106.0,3,8.83,35.33,24.0,19,25.0,4,7
488,13,12.0,2,2,31,5.0,69.0,1,13.8,69.0,30.0,8,25.81,3,6
491,13,12.0,4,4,96,16.0,158.0,4,9.88,39.5,22.5,18,18.75,14,6
493,13,12.0,6,6,148,24.0,140.0,9,5.83,15.56,15.78,78,52.7,6,9
494,13,12.0,1,1,27,4.0,54.0,0,13.5,0.0,inf,4,14.81,6,2
508,13,12.0,1,1,24,4.0,39.0,0,9.75,0.0,inf,5,20.83,1,3
516,13,12.0,5,5,115,19.0,169.0,5,8.89,33.8,21.8,38,33.04,10,10
528,13,12.0,2,2,50,8.0,74.0,0,9.25,0.0,inf,14,28.0,5,4
545,13,12.0,2,2,44,7.0,45.0,1,6.43,45.0,43.0,20,45.45,6,0
546,13,12.0,5,5,94,15.0,100.0,1,6.67,100.0,90.0,32,34.04,8,2
557,13,12.0,7,8,171,28.0,226.0,3,8.07,75.33,54.0,61,35.67,21,8
559,13,12.0,2,2,48,8.0,90.0,1,11.25,90.0,46.0,14,29.17,10,4
564,13,12.0,2,2,46,7.0,83.0,0,11.86,0.0,inf,13,28.26,11,3
611,13,12.0,4,4,86,14.0,109.0,5,7.79,21.8,16.8,31,36.05,14,2
625,13,12.0,4,4,90,15.0,121.0,6,8.07,20.17,14.0,29,32.22,12,2
628,13,12.0,1,1,24,4.0,51.0,0,12.75,0.0,inf,9,37.5,2,5
638,13,12.0,7,7,126,21.0,120.0,3,5.71,40.0,42.0,50,39.68,8,2
644,13,12.0,6,6,61,10.0,90.0,4,9.0,22.5,15.0,16,26.23,5,5
656,13,12.0,8,8,187,31.0,188.0,6,6.06,31.33,31.0,66,35.29,11,5
657,13,12.0,3,3,55,9.0,71.0,3,7.89,23.67,18.0,23,41.82,3,5
665,13,12.0,4,4,54,9.0,88.0,1,9.78,88.0,48.0,13,24.07,6,5
679,13,12.0,6,6,128,21.0,144.0,5,6.86,28.8,24.0,41,32.03,8,5
685,13,12.0,9,10,212,35.0,290.0,15,8.29,19.33,13.8,71,33.49,32,7
696,13,12.0,2,2,49,8.0,35.0,4,4.38,8.75,12.0,26,53.06,3,0
697,13,12.0,3,3,43,7.0,62.0,4,8.86,15.5,10.5,9,20.93,5,2
707,13,12.0,4,4,85,14.0,104.0,4,7.43,26.0,19.5,36,42.35,13,2
712,13,12.0,3,3,59,9.0,113.0,2,12.56,56.5,27.0,9,15.25,13,4
721,13,12.0,1,1,25,4.0,34.0,2,8.5,17.0,12.0,8,32.0,5,0
733,13,12.0,4,4,30,5.0,46.0,2,9.2,23.0,15.0,6,20.0,3,2
744,13,12.0,8,8,181,30.0,246.0,11,8.2,22.36,15.82,73,40.33,31,8
755,13,12.0,3,3,77,12.0,106.0,6,8.83,17.67,12.0,21,27.27,10,3
766,13,12.0,2,2,25,4.0,30.0,1,7.5,30.0,24.0,9,36.0,1,2
767,13,12.0,4,4,60,10.0,62.0,3,6.2,20.67,18.33,18,30.0,3,1
777,13,12.0,3,3,68,11.0,78.0,7,7.09,11.14,9.43,34,50.0,7,3
6,13,36.0,3,3,44,7.0,90.0,0,12.86,0.0,inf,7,15.91,2,9
32,13,36.0,1,1,27,4.0,50.0,1,12.5,50.0,24.0,5,18.52,4,3
38,13,36.0,3,3,43,7.0,80.0,1,11.43,80.0,42.0,14,32.56,6,6
58,13,36.0,2,2,46,7.0,74.0,0,10.57,0.0,inf,8,17.39,4,4
63,13,36.0,3,3,54,9.0,78.0,1,8.67,78.0,54.0,14,25.93,2,6
86,13,36.0,1,1,13,2.0,25.0,0,12.5,0.0,inf,4,30.77,3,1
106,13,36.0,2,2,50,8.0,68.0,4,8.5,17.0,12.0,19,38.0,8,2
116,13,36.0,2,2,52,8.0,80.0,3,10.0,26.67,16.0,18,34.62,5,5
137,13,36.0,3,3,56,9.0,78.0,2,8.67,39.0,27.0,15,26.79,6,3
148,13,36.0,3,3,73,12.0,133.0,8,11.08,16.62,9.0,25,34.25,9,11
158,13,36.0,3,3,67,11.0,58.0,2,5.27,29.0,30.0,26,38.81,3,1
162,13,36.0,3,3,54,9.0,74.0,2,8.22,37.0,27.0,20,37.04,4,5
169,13,36.0,3,3,72,12.0,78.0,1,6.5,78.0,72.0,31,43.06,5,5
179,13,36.0,3,3,62,10.0,66.0,4,6.6,16.5,15.25,27,43.55,3,4
217,13,36.0,3,3,72,12.0,83.0,3,6.92,27.67,24.0,27,37.5,9,2
224,13,36.0,2,2,53,8.0,63.0,3,7.88,21.0,16.0,15,28.3,2,3
234,13,36.0,1,1,13,2.0,14.0,1,7.0,14.0,12.0,5,38.46,0,1
235,13,36.0,1,1,18,3.0,22.0,0,7.33,0.0,inf,5,27.78,0,2
237,13,36.0,2,2,50,8.0,98.0,2,12.25,49.0,24.0,9,18.0,5,8
249,13,36.0,2,2,52,8.0,52.0,1,6.5,52.0,48.0,26,50.0,4,2
251,13,36.0,1,1,25,4.0,55.0,1,13.75,55.0,24.0,4,16.0,1,6
255,13,36.0,2,2,36,6.0,53.0,0,8.83,0.0,inf,10,27.78,0,5
259,13,36.0,1,1,20,3.0,22.0,0,7.33,0.0,inf,6,30.0,2,0
263,13,36.0,2,2,50,8.0,66.0,4,8.25,16.5,12.0,19,38.0,8,2
292,13,36.0,2,2,49,8.0,46.0,6,5.75,7.67,8.0,28,57.14,6,1
312,13,36.0,3,3,72,12.0,108.0,2,9.0,54.0,36.0,23,31.94,9,5
319,13,36.0,2,2,26,4.0,38.0,1,9.5,38.0,24.0,8,30.77,6,0
363,13,36.0,3,3,75,12.0,78.0,3,6.5,26.0,24.0,28,37.33,5,2
367,13,36.0,3,3,70,11.0,83.0,2,7.55,41.5,33.0,28,40.0,2,6
371,13,36.0,3,3,73,12.0,95.0,7,7.92,13.57,10.29,32,43.84,6,7
427,13,36.0,1,1,12,2.0,17.0,0,8.5,0.0,inf,7,58.33,4,0
449,13,36.0,1,1,19,3.0,23.0,1,7.67,23.0,18.0,4,21.05,2,0
451,13,36.0,2,2,48,8.0,54.0,3,6.75,18.0,16.0,14,29.17,4,1
462,13,36.0,3,3,61,10.0,105.0,1,10.5,105.0,60.0,14,22.95,7,7
466,13,36.0,1,1,26,4.0,39.0,1,9.75,39.0,24.0,7,26.92,5,1
482,13,36.0,2,2,46,7.0,45.0,3,6.43,15.0,14.0,14,30.43,3,1
485,13,36.0,1,1,18,3.0,34.0,0,11.33,0.0,inf,3,16.67,4,1
488,13,36.0,1,1,12,2.0,27.0,0,13.5,0.0,inf,1,8.33,1,2
491,13,36.0,3,3,43,7.0,53.0,2,7.57,26.5,21.0,15,34.88,3,3
493,13,36.0,3,3,75,12.0,96.0,4,8.0,24.0,18.0,33,44.0,10,4
494,13,36.0,1,1,24,4.0,32.0,1,8.0,32.0,23.0,7,29.17,4,1
516,13,36.0,1,1,25,4.0,35.0,1,8.75,35.0,24.0,8,32.0,1,3
546,13,36.0,3,3,67,11.0,88.0,1,8.0,88.0,61.0,18,26.87,6,2
557,13,36.0,3,3,58,9.0,68.0,2,7.56,34.0,27.0,26,44.83,5,4
610,13,36.0,1,1,26,4.0,64.0,2,16.0,32.0,12.0,6,23.08,9,3
611,13,36.0,3,3,57,9.0,66.0,4,7.33,16.5,14.25,22,38.6,4,3
614,13,36.0,1,1,12,2.0,24.0,0,12.0,0.0,inf,0,0.0,0,2
625,13,36.0,2,2,38,6.0,65.0,1,10.83,65.0,38.0,9,23.68,5,4
628,13,36.0,2,2,43,7.0,58.0,2,8.29,29.0,21.0,11,25.58,7,0
635,13,36.0,2,2,42,7.0,66.0,1,9.43,66.0,42.0,12,28.57,9,1
638,13,36.0,3,3,66,11.0,79.0,3,7.18,26.33,22.0,19,28.79,2,5
644,13,36.0,3,3,44,7.0,73.0,3,10.43,24.33,14.0,12,27.27,4,6
656,13,36.0,2,2,36,6.0,31.0,1,5.17,31.0,36.0,11,30.56,1,0
657,13,36.0,2,2,44,7.0,71.0,1,10.14,71.0,42.0,5,11.36,1,5
665,13,36.0,2,2,26,4.0,24.0,0,6.0,0.0,inf,8,30.77,1,0
679,13,36.0,3,3,55,9.0,76.0,4,8.44,19.0,13.5,17,30.91,1,7
685,13,36.0,3,3,75,12.0,119.0,5,9.92,23.8,14.0,27,36.0,10,8
696,13,36.0,1,1,18,3.0,40.0,0,13.33,0.0,inf,2,11.11,6,1
707,13,36.0,1,1,21,3.0,52.0,1,17.33,52.0,18.0,8,38.1,3,6
712,13,36.0,1,1,26,4.0,39.0,1,9.75,39.0,24.0,9,34.62,3,2
721,13,36.0,1,1,28,4.0,56.0,1,14.0,56.0,24.0,7,25.0,2,5
744,13,36.0,3,3,74,12.0,102.0,6,8.5,17.0,12.0,31,41.89,7,7
755,13,36.0,2,2,49,8.0,52.0,4,6.5,13.0,12.0,18,36.73,4,1
766,13,36.0,1,1,24,4.0,40.0,1,10.0,40.0,24.0,5,20.83,5,1
777,13,36.0,3,3,73,12.0,118.0,0,9.83,0.0,inf,25,34.25,12,6
6,14,1.0,2,2,30,5.0,30.0,1,6.0,30.0,30.0,8,26.67,0,1
18,14,1.0,1,1,25,4.0,29.0,1,7.25,29.0,24.0,6,24.0,0,1
38,14,1.0,2,2,32,5.0,29.0,0,5.8,0.0,inf,19,59.38,5,0
52,14,1.0,1,1,6,1.0,11.0,0,11.0,0.0,inf,1,16.67,0,1
60,14,1.0,1,1,6,1.0,5.0,0,5.0,0.0,inf,4,66.67,1,0
68,14,1.0,1,1,24,4.0,34.0,0,8.5,0.0,inf,2,8.33,1,1
76,14,1.0,2,2,49,8.0,69.0,2,8.62,34.5,24.0,18,36.73,10,1
106,14,1.0,2,2,54,9.0,111.0,0,12.33,0.0,inf,9,16.67,11,6
116,14,1.0,3,3,56,9.0,74.0,4,8.22,18.5,13.5,16,28.57,5,3
137,14,1.0,1,1,25,4.0,20.0,1,5.0,20.0,24.0,13,52.0,1,1
148,14,1.0,1,1,24,4.0,42.0,1,10.5,42.0,24.0,9,37.5,5,2
162,14,1.0,2,2,42,7.0,61.0,1,8.71,61.0,42.0,12,28.57,5,2
179,14,1.0,2,2,36,6.0,50.0,2,8.33,25.0,18.0,14,38.89,6,1
200,14,1.0,1,1,24,4.0,21.0,0,5.25,0.0,inf,7,29.17,1,0
217,14,1.0,1,1,25,4.0,32.0,0,8.0,0.0,inf,8,32.0,5,0
224,14,1.0,2,2,38,6.0,46.0,3,7.67,15.33,12.0,11,28.95,5,0
249,14,1.0,2,2,48,8.0,59.0,2,7.38,29.5,24.0,16,33.33,7,1
251,14,1.0,1,1,24,4.0,38.0,1,9.5,38.0,24.0,3,12.5,3,1
255,14,1.0,3,3,72,12.0,81.0,4,6.75,20.25,18.0,27,37.5,7,2
263,14,1.0,3,3,76,12.0,106.0,7,8.83,15.14,10.29,25,32.89,11,1
292,14,1.0,3,3,55,9.0,83.0,1,9.22,83.0,54.0,19,34.55,9,3
312,14,1.0,3,3,73,12.0,57.0,4,4.75,14.25,18.0,32,43.84,4,0
318,14,1.0,1,1,24,4.0,39.0,0,9.75,0.0,inf,7,29.17,5,1
319,14,1.0,1,1,25,4.0,29.0,0,7.25,0.0,inf,9,36.0,2,1
327,14,1.0,1,1,14,2.0,23.0,0,11.5,0.0,inf,4,28.57,1,2
350,14,1.0,1,1,14,2.0,18.0,1,9.0,18.0,13.0,2,14.29,1,0
360,14,1.0,1,1,12,2.0,20.0,0,10.0,0.0,inf,4,33.33,2,1
363,14,1.0,2,2,48,8.0,79.0,3,9.88,26.33,16.0,11,22.92,5,5
367,14,1.0,1,1,24,4.0,25.0,2,6.25,12.5,12.0,11,45.83,2,1
394,14,1.0,1,1,18,3.0,33.0,0,11.0,0.0,inf,3,16.67,4,1
427,14,1.0,2,2,50,8.0,94.0,2,11.75,47.0,24.0,13,26.0,12,4
430,14,1.0,1,1,14,2.0,29.0,1,14.5,29.0,12.0,3,21.43,4,1
444,14,1.0,1,1,19,3.0,18.0,0,6.0,0.0,inf,5,26.32,1,0
453,14,1.0,1,1,19,3.0,29.0,0,9.67,0.0,inf,6,31.58,3,1
454,14,1.0,1,1,6,1.0,5.0,0,5.0,0.0,inf,2,33.33,0,0
470,14,1.0,1,1,18,3.0,12.0,1,4.0,12.0,18.0,10,55.56,1,0
494,14,1.0,3,3,75,12.0,84.0,5,7.0,16.8,14.4,29,38.67,8,2
516,14,1.0,1,1,29,4.0,40.0,1,10.0,40.0,24.0,8,27.59,6,0
545,14,1.0,1,1,24,4.0,25.0,1,6.25,25.0,24.0,11,45.83,2,1
546,14,1.0,3,3,50,8.0,65.0,1,8.12,65.0,48.0,13,26.0,3,3
610,14,1.0,2,2,48,8.0,80.0,1,10.0,80.0,48.0,17,35.42,12,2
621,14,1.0,1,1,15,2.0,26.0,0,13.0,0.0,inf,4,26.67,3,1
625,14,1.0,2,2,50,8.0,50.0,4,6.25,12.5,12.0,21,42.0,4,1
635,14,1.0,3,3,81,13.0,108.0,4,8.31,27.0,18.0,33,40.74,9,5
656,14,1.0,1,1,25,4.0,27.0,1,6.75,27.0,24.0,5,20.0,2,0
665,14,1.0,1,1,7,1.0,8.0,2,8.0,4.0,3.0,2,28.57,1,0
679,14,1.0,2,2,44,7.0,56.0,4,8.0,14.0,10.5,11,25.0,2,3
681,14,1.0,2,2,51,8.0,64.0,3,8.0,21.33,16.0,17,33.33,6,1
685,14,1.0,1,1,26,4.0,26.0,1,6.5,26.0,24.0,13,50.0,4,0
702,14,1.0,1,1,6,1.0,3.0,0,3.0,0.0,inf,3,50.0,0,0
705,14,1.0,1,1,1,0.0,4.0,0,inf,0.0,inf,0,0.0,1,0
733,14,1.0,1,1,7,1.0,4.0,2,4.0,2.0,3.0,3,42.86,0,0
734,14,1.0,1,1,18,3.0,26.0,0,8.67,0.0,inf,4,22.22,2,1
744,14,1.0,1,1,24,4.0,18.0,2,4.5,9.0,12.0,12,50.0,1,0
748,14,1.0,1,1,18,3.0,14.0,2,4.67,7.0,9.0,8,44.44,1,0
749,14,1.0,1,1,6,1.0,5.0,0,5.0,0.0,inf,4,66.67,1,0
755,14,1.0,2,2,53,8.0,79.0,5,9.88,15.8,9.6,19,35.85,9,2
766,14,1.0,1,1,18,3.0,28.0,2,9.33,14.0,9.0,3,16.67,3,1
772,14,1.0,2,2,49,8.0,73.0,2,9.12,36.5,24.0,9,18.37,3,4
18,14,2.0,3,3,75,12.0,94.0,3,7.83,31.33,24.0,25,33.33,11,2
38,14,2.0,2,2,43,7.0,68.0,1,9.71,68.0,42.0,10,23.26,8,2
52,14,2.0,2,2,42,7.0,38.0,4,5.43,9.5,10.5,18,42.86,1,1
116,14,2.0,1,1,6,1.0,2.0,0,2.0,0.0,inf,4,66.67,0,0
148,14,2.0,3,3,65,10.0,90.0,2,9.0,45.0,32.0,29,44.62,12,4
179,14,2.0,2,2,36,6.0,44.0,1,7.33,44.0,36.0,14,38.89,2,3
200,14,2.0,1,1,12,2.0,11.0,1,5.5,11.0,12.0,2,16.67,0,0
224,14,2.0,2,2,50,8.0,90.0,2,11.25,45.0,24.0,10,20.0,10,3
234,14,2.0,1,1,18,3.0,27.0,1,9.0,27.0,18.0,2,11.11,0,2
255,14,2.0,2,2,49,8.0,58.0,2,7.25,29.0,24.0,16,32.65,3,3
264,14,2.0,3,3,30,5.0,44.0,1,8.8,44.0,30.0,7,23.33,3,2
269,14,2.0,1,1,6,1.0,5.0,1,5.0,5.0,6.0,4,66.67,1,0
312,14,2.0,2,2,50,8.0,58.0,1,7.25,58.0,48.0,15,30.0,3,2
319,14,2.0,1,1,16,2.0,27.0,1,13.5,27.0,16.0,4,25.0,5,0
367,14,2.0,3,3,73,12.0,78.0,2,6.5,39.0,36.0,24,32.88,4,3
383,14,2.0,3,3,72,12.0,97.0,1,8.08,97.0,72.0,25,34.72,7,5
389,14,2.0,2,2,36,6.0,38.0,2,6.33,19.0,18.0,8,22.22,2,0
482,14,2.0,3,3,55,9.0,76.0,2,8.44,38.0,27.0,17,30.91,9,2
528,14,2.0,2,2,38,6.0,39.0,1,6.5,39.0,36.0,15,39.47,3,1
621,14,2.0,2,2,43,7.0,64.0,3,9.14,21.33,14.0,18,41.86,6,4
635,14,2.0,2,2,48,8.0,66.0,3,8.25,22.0,15.0,21,43.75,5,4
638,14,2.0,1,1,24,4.0,28.0,0,7.0,0.0,inf,5,20.83,2,0
639,14,2.0,2,2,45,7.0,64.0,2,9.14,32.0,21.0,13,28.89,4,4
644,14,2.0,3,3,19,3.0,36.0,1,12.0,36.0,18.0,3,15.79,1,3
656,14,2.0,3,3,72,12.0,86.0,4,7.17,21.5,18.0,26,36.11,3,5
685,14,2.0,3,3,73,12.0,105.0,4,8.75,26.25,18.0,22,30.14,6,6
696,14,2.0,2,2,32,5.0,38.0,1,7.6,38.0,30.0,14,43.75,7,0
777,14,2.0,2,2,43,7.0,55.0,5,7.86,11.0,8.4,24,55.81,5,4
16,14,8.0,2,2,40,6.0,45.0,2,7.5,22.5,18.0,12,30.0,5,0
18,14,8.0,2,2,39,6.0,49.0,5,8.17,9.8,7.2,13,33.33,4,2
38,14,8.0,3,3,69,11.0,64.0,2,5.82,32.0,33.0,36,52.17,7,1
63,14,8.0,1,1,12,2.0,24.0,0,12.0,0.0,inf,3,25.0,0,3
71,14,8.0,3,3,74,12.0,87.0,4,7.25,21.75,18.0,25,33.78,11,1
75,14,8.0,2,2,43,7.0,52.0,1,7.43,52.0,42.0,15,34.88,4,2
116,14,8.0,3,3,46,7.0,85.0,6,12.14,14.17,7.0,14,30.43,9,4
137,14,8.0,2,2,49,8.0,58.0,0,7.25,0.0,inf,23,46.94,5,3
148,14,8.0,2,2,36,6.0,37.0,2,6.17,18.5,18.0,12,33.33,4,0
162,14,8.0,5,5,122,20.0,137.0,9,6.85,15.22,13.33,42,34.43,8,5
169,14,8.0,2,2,50,8.0,69.0,2,8.62,34.5,24.0,13,26.0,7,2
179,14,8.0,3,3,73,12.0,104.0,2,8.67,52.0,36.0,27,36.99,11,4
180,14,8.0,2,2,48,8.0,45.0,1,5.62,45.0,48.0,25,52.08,5,1
200,14,8.0,2,2,18,3.0,21.0,3,7.0,7.0,6.0,6,33.33,1,1
224,14,8.0,3,3,75,12.0,69.0,9,5.75,7.67,8.0,29,38.67,4,1
234,14,8.0,2,2,48,8.0,55.0,5,6.88,11.0,9.6,19,39.58,6,0
263,14,8.0,5,5,119,19.0,121.0,4,6.37,30.25,28.5,45,37.82,10,1
264,14,8.0,2,2,42,7.0,37.0,1,5.29,37.0,42.0,21,50.0,1,2
269,14,8.0,2,2,24,4.0,19.0,0,4.75,0.0,inf,13,54.17,1,1
292,14,8.0,5,5,113,18.0,144.0,6,8.0,24.0,18.33,55,48.67,18,5
293,14,8.0,3,3,45,7.0,63.0,0,9.0,0.0,inf,19,42.22,7,3
312,14,8.0,3,3,74,12.0,102.0,3,8.5,34.0,24.0,19,25.68,7,4
319,14,8.0,2,2,44,7.0,59.0,1,8.43,59.0,40.0,12,27.27,2,3
363,14,8.0,5,6,129,21.0,117.0,6,5.57,19.5,21.0,46,35.66,10,0
367,14,8.0,1,1,24,4.0,21.0,2,5.25,10.5,12.0,9,37.5,2,0
371,14,8.0,1,1,18,3.0,35.0,0,11.67,0.0,inf,5,27.78,5,1
389,14,8.0,1,1,24,4.0,17.0,1,4.25,17.0,24.0,7,29.17,0,0
394,14,8.0,1,1,24,4.0,32.0,2,8.0,16.0,12.0,9,37.5,2,2
404,14,8.0,1,1,24,4.0,21.0,0,5.25,0.0,inf,9,37.5,2,0
451,14,8.0,1,1,24,4.0,36.0,1,9.0,36.0,24.0,9,37.5,2,3
453,14,8.0,1,1,19,3.0,33.0,0,11.0,0.0,inf,3,15.79,1,3
483,14,8.0,1,1,26,4.0,29.0,2,7.25,14.5,12.0,9,34.62,1,2
545,14,8.0,4,4,92,15.0,136.0,3,9.07,45.33,30.0,32,34.78,15,5
546,14,8.0,5,5,100,16.0,116.0,3,7.25,38.67,32.0,39,39.0,8,5
610,14,8.0,2,2,47,7.0,58.0,3,8.29,19.33,15.33,15,31.91,3,3
611,14,8.0,1,1,25,4.0,22.0,0,5.5,0.0,inf,6,24.0,0,0
621,14,8.0,3,3,63,10.0,98.0,5,9.8,19.6,12.0,28,44.44,9,7
635,14,8.0,3,3,77,12.0,108.0,4,9.0,27.0,18.0,28,36.36,13,2
638,14,8.0,3,3,44,7.0,54.0,2,7.71,27.0,21.0,16,36.36,5,2
644,14,8.0,2,2,24,4.0,32.0,1,8.0,32.0,24.0,8,33.33,3,1
656,14,8.0,1,2,30,5.0,32.0,2,6.4,16.0,15.0,12,40.0,3,1
665,14,8.0,4,4,32,5.0,42.0,1,8.4,42.0,31.0,11,34.38,3,2
685,14,8.0,2,2,37,6.0,50.0,1,8.33,50.0,36.0,11,29.73,4,2
705,14,8.0,1,1,6,1.0,9.0,0,9.0,0.0,inf,0,0.0,1,0
733,14,8.0,3,3,38,6.0,43.0,2,7.17,21.5,18.0,14,36.84,3,1
743,14,8.0,3,3,60,10.0,81.0,2,8.1,40.5,30.0,14,23.33,5,4
748,14,8.0,2,2,19,3.0,28.0,0,9.33,0.0,inf,4,21.05,3,0
755,14,8.0,1,1,28,4.0,30.0,3,7.5,10.0,8.0,13,46.43,2,1
767,14,8.0,4,4,50,8.0,58.0,2,7.25,29.0,24.0,18,36.0,4,2
777,14,8.0,3,3,74,12.0,88.0,4,7.33,22.0,18.0,27,36.49,6,3
6,14,10.0,2,2,37,6.0,52.0,1,8.67,52.0,36.0,11,29.73,1,4
58,14,10.0,1,1,24,4.0,33.0,0,8.25,0.0,inf,7,29.17,3,1
71,14,10.0,2,2,49,8.0,77.0,0,9.62,0.0,inf,15,30.61,9,2
106,14,10.0,2,2,50,8.0,64.0,4,8.0,16.0,12.0,19,38.0,5,3
158,14,10.0,2,2,51,8.0,62.0,5,7.75,12.4,9.6,14,27.45,5,2
162,14,10.0,2,2,49,8.0,65.0,2,8.12,32.5,24.0,15,30.61,2,5
180,14,10.0,1,1,21,3.0,37.0,0,12.33,0.0,inf,3,14.29,1,3
217,14,10.0,2,2,45,7.0,58.0,0,8.29,0.0,inf,15,33.33,7,1
249,14,10.0,1,1,25,4.0,35.0,0,8.75,0.0,inf,7,28.0,4,1
259,14,10.0,1,1,26,4.0,48.0,0,12.0,0.0,inf,7,26.92,3,4
263,14,10.0,2,2,51,8.0,71.0,2,8.88,35.5,24.0,15,29.41,5,4
292,14,10.0,2,2,49,8.0,79.0,2,9.88,39.5,24.0,16,32.65,8,4
327,14,10.0,2,2,18,3.0,17.0,1,5.67,17.0,18.0,7,38.89,0,1
363,14,10.0,2,2,49,8.0,60.0,4,7.5,15.0,12.0,15,30.61,9,0
371,14,10.0,2,2,49,8.0,74.0,1,9.25,74.0,45.0,15,30.61,5,4
394,14,10.0,1,1,6,1.0,21.0,0,21.0,0.0,inf,1,16.67,2,2
404,14,10.0,1,1,18,3.0,45.0,0,15.0,0.0,inf,2,11.11,7,1
516,14,10.0,1,1,25,4.0,32.0,1,8.0,32.0,24.0,13,52.0,3,2
545,14,10.0,1,1,25,4.0,37.0,0,9.25,0.0,inf,7,28.0,4,1
546,14,10.0,1,1,6,1.0,12.0,0,12.0,0.0,inf,0,0.0,2,0
610,14,10.0,1,1,24,4.0,32.0,0,8.0,0.0,inf,8,33.33,4,0
625,14,10.0,2,2,54,9.0,100.0,1,11.11,100.0,48.0,8,14.81,9,4
665,14,10.0,1,1,13,2.0,12.0,2,6.0,6.0,6.0,4,30.77,1,0
679,14,10.0,2,2,43,7.0,75.0,1,10.71,75.0,42.0,5,11.63,5,4
681,14,10.0,2,2,43,7.0,56.0,0,8.0,0.0,inf,12,27.91,4,2
697,14,10.0,1,1,7,1.0,6.0,0,6.0,0.0,inf,2,28.57,0,0
721,14,10.0,2,2,50,8.0,97.0,2,12.12,48.5,24.0,10,20.0,8,6
766,14,10.0,1,1,12,2.0,26.0,0,13.0,0.0,inf,3,25.0,2,2
767,14,10.0,1,1,22,3.0,42.0,1,14.0,42.0,18.0,4,18.18,2,3
772,14,10.0,2,2,47,7.0,57.0,4,8.14,14.25,11.25,17,36.17,6,2
6,14,12.0,5,5,80,13.0,110.0,5,8.46,22.0,15.6,25,31.25,10,4
18,14,12.0,4,4,104,17.0,140.0,2,8.24,70.0,48.0,40,38.46,14,6
38,14,12.0,3,3,61,10.0,58.0,3,5.8,19.33,20.0,27,44.26,9,0
52,14,12.0,2,2,44,7.0,39.0,1,5.57,39.0,42.0,16,36.36,3,0
58,14,12.0,1,1,13,2.0,20.0,0,10.0,0.0,inf,4,30.77,2,1
60,14,12.0,1,1,6,1.0,7.0,0,7.0,0.0,inf,1,16.67,0,0
63,14,12.0,3,3,57,9.0,69.0,2,7.67,34.5,27.0,15,26.32,3,3
71,14,12.0,1,1,26,4.0,33.0,1,8.25,33.0,24.0,9,34.62,3,1
75,14,12.0,1,1,24,4.0,38.0,0,9.5,0.0,inf,5,20.83,3,2
76,14,12.0,1,1,26,4.0,27.0,0,6.75,0.0,inf,13,50.0,4,0
91,14,12.0,1,1,18,3.0,35.0,0,11.67,0.0,inf,6,33.33,1,4
137,14,12.0,4,4,63,10.0,72.0,1,7.2,72.0,59.0,13,20.63,4,1
148,14,12.0,3,3,74,12.0,66.0,5,5.5,13.2,14.4,36,48.65,7,1
158,14,12.0,3,3,71,11.0,124.0,0,11.27,0.0,inf,15,21.13,12,5
162,14,12.0,2,2,48,8.0,55.0,1,6.88,55.0,48.0,21,43.75,2,3
179,14,12.0,3,3,72,12.0,63.0,6,5.25,10.5,12.0,31,43.06,2,3
200,14,12.0,1,1,12,2.0,10.0,2,5.0,5.0,6.0,2,16.67,0,0
217,14,12.0,5,5,115,19.0,159.0,5,8.37,31.8,21.6,42,36.52,17,6
224,14,12.0,3,3,74,12.0,85.0,8,7.08,10.62,8.38,27,36.49,6,3
237,14,12.0,1,1,24,4.0,29.0,3,7.25,9.67,7.33,6,25.0,3,0
255,14,12.0,3,3,75,12.0,72.0,3,6.0,24.0,24.0,23,30.67,0,3
263,14,12.0,2,2,52,8.0,69.0,5,8.62,13.8,9.6,21,40.38,5,4
264,14,12.0,1,1,12,2.0,37.0,0,18.5,0.0,inf,2,16.67,5,2
269,14,12.0,1,1,7,1.0,9.0,0,9.0,0.0,inf,1,14.29,1,0
292,14,12.0,2,2,49,8.0,52.0,3,6.5,17.33,16.0,28,57.14,4,4
312,14,12.0,3,3,73,12.0,88.0,4,7.33,22.0,18.0,24,32.88,3,6
319,14,12.0,3,3,78,13.0,99.0,10,7.62,9.9,7.2,23,29.49,7,3
327,14,12.0,3,3,61,10.0,59.0,1,5.9,59.0,60.0,17,27.87,0,2
363,14,12.0,3,3,74,12.0,80.0,3,6.67,26.67,24.0,28,37.84,5,3
367,14,12.0,2,2,49,8.0,47.0,3,5.88,15.67,16.0,19,38.78,5,0
371,14,12.0,2,2,36,6.0,56.0,1,9.33,56.0,36.0,13,36.11,8,1
420,14,12.0,2,2,7,1.0,20.0,0,20.0,0.0,inf,0,0.0,2,1
427,14,12.0,5,5,116,19.0,141.0,6,7.42,23.5,19.0,51,43.97,15,5
430,14,12.0,2,2,38,6.0,50.0,1,8.33,50.0,36.0,14,36.84,3,3
439,14,12.0,2,2,49,8.0,66.0,2,8.25,33.0,24.0,14,28.57,6,2
449,14,12.0,5,5,97,16.0,137.0,6,8.56,22.83,14.67,28,28.87,10,6
453,14,12.0,2,2,49,8.0,69.0,3,8.62,23.0,16.0,19,38.78,8,3
454,14,12.0,2,2,22,3.0,35.0,1,11.67,35.0,21.0,3,13.64,0,3
470,14,12.0,1,1,25,4.0,46.0,0,11.5,0.0,inf,4,16.0,6,1
482,14,12.0,1,1,19,3.0,20.0,2,6.67,10.0,9.0,6,31.58,2,0
494,14,12.0,1,1,26,4.0,56.0,0,14.0,0.0,inf,4,15.38,7,2
516,14,12.0,2,2,39,6.0,52.0,2,8.67,26.0,18.0,15,38.46,8,0
526,14,12.0,1,1,20,3.0,22.0,0,7.33,0.0,inf,5,25.0,2,0
539,14,12.0,1,1,26,4.0,39.0,1,9.75,39.0,24.0,7,26.92,6,1
545,14,12.0,3,3,67,11.0,69.0,1,6.27,69.0,66.0,30,44.78,8,1
546,14,12.0,2,2,41,6.0,54.0,0,9.0,0.0,inf,9,21.95,2,2
610,14,12.0,2,2,46,7.0,53.0,3,7.57,17.67,15.33,19,41.3,5,2
621,14,12.0,1,1,13,2.0,22.0,0,11.0,0.0,inf,3,23.08,3,0
625,14,12.0,5,5,117,19.0,144.0,9,7.58,16.0,12.0,47,40.17,9,7
644,14,12.0,1,1,7,1.0,8.0,0,8.0,0.0,inf,0,0.0,0,0
656,14,12.0,4,4,90,15.0,101.0,5,6.73,20.2,18.0,30,33.33,8,3
665,14,12.0,1,1,13,2.0,15.0,0,7.5,0.0,inf,4,30.77,2,0
679,14,12.0,3,3,57,9.0,78.0,1,8.67,78.0,54.0,10,17.54,8,1
681,14,12.0,3,3,66,11.0,81.0,2,7.36,40.5,30.0,20,30.3,5,3
685,14,12.0,4,4,91,15.0,118.0,3,7.87,39.33,30.0,34,37.36,10,5
696,14,12.0,3,3,73,12.0,92.0,4,7.67,23.0,18.0,31,42.47,10,3
733,14,12.0,1,1,6,1.0,8.0,0,8.0,0.0,inf,0,0.0,1,0
743,14,12.0,2,2,42,7.0,53.0,1,7.57,53.0,42.0,15,35.71,2,4
744,14,12.0,4,4,99,16.0,104.0,6,6.5,17.33,16.0,34,34.34,8,1
748,14,12.0,3,3,36,6.0,61.0,2,10.17,30.5,18.0,10,27.78,7,2
749,14,12.0,3,3,37,6.0,42.0,1,7.0,42.0,36.0,9,24.32,2,1
755,14,12.0,3,3,73,12.0,92.0,2,7.67,46.0,35.5,24,32.88,10,2
772,14,12.0,3,3,64,10.0,76.0,3,7.6,25.33,21.0,24,37.5,9,1
6,14,28.0,5,5,111,18.0,109.0,5,6.06,21.8,21.6,47,42.34,7,4
15,14,28.0,1,1,18,3.0,27.0,0,9.0,0.0,inf,5,27.78,4,0
18,14,28.0,3,3,73,12.0,88.0,6,7.33,14.67,12.0,29,39.73,8,4
38,14,28.0,2,2,49,8.0,59.0,3,7.38,19.67,16.0,25,51.02,7,2
47,14,28.0,1,1,19,3.0,29.0,1,9.67,29.0,18.0,5,26.32,5,0
58,14,28.0,3,3,72,12.0,80.0,4,6.67,20.0,18.0,33,45.83,10,2
78,14,28.0,1,1,6,1.0,12.0,0,12.0,0.0,inf,2,33.33,1,1
106,14,28.0,5,5,105,17.0,153.0,5,9.0,30.6,20.4,44,41.9,11,11
116,14,28.0,1,1,14,2.0,27.0,1,13.5,27.0,12.0,4,28.57,4,1
137,14,28.0,3,3,66,11.0,89.0,1,8.09,89.0,66.0,20,30.3,6,5
148,14,28.0,3,3,76,12.0,107.0,4,8.92,26.75,18.0,32,42.11,13,4
158,14,28.0,5,5,113,18.0,162.0,9,9.0,18.0,12.0,45,39.82,15,8
179,14,28.0,2,2,31,5.0,42.0,1,8.4,42.0,30.0,12,38.71,1,4
217,14,28.0,5,5,106,17.0,135.0,8,7.94,16.88,12.75,49,46.23,19,4
224,14,28.0,2,2,53,8.0,98.0,6,12.25,16.33,8.0,17,32.08,8,7
234,14,28.0,1,1,18,3.0,27.0,0,9.0,0.0,inf,4,22.22,0,2
235,14,28.0,1,1,26,4.0,16.0,2,4.0,8.0,12.0,14,53.85,1,0
237,14,28.0,2,2,48,8.0,75.0,1,9.38,75.0,46.0,13,27.08,6,4
248,14,28.0,1,1,19,3.0,32.0,1,10.67,32.0,18.0,6,31.58,4,1
255,14,28.0,2,2,50,8.0,54.0,1,6.75,54.0,48.0,19,38.0,4,2
264,14,28.0,1,1,12,2.0,18.0,0,9.0,0.0,inf,1,8.33,2,0
312,14,28.0,2,2,48,8.0,59.0,3,7.38,19.67,16.0,16,33.33,7,1
319,14,28.0,3,3,54,9.0,64.0,5,7.11,12.8,10.8,19,35.19,7,1
327,14,28.0,3,3,55,9.0,57.0,4,6.33,14.25,13.5,18,32.73,2,3
389,14,28.0,1,1,6,1.0,11.0,0,11.0,0.0,inf,1,16.67,2,0
420,14,28.0,4,4,32,5.0,53.0,1,10.6,53.0,30.0,7,21.88,4,3
449,14,28.0,4,4,72,12.0,85.0,3,7.08,28.33,22.0,24,33.33,4,4
462,14,28.0,2,2,36,6.0,75.0,0,12.5,0.0,inf,9,25.0,7,5
557,14,28.0,1,1,13,2.0,27.0,0,13.5,0.0,inf,1,7.69,3,1
584,14,28.0,3,3,69,11.0,117.0,3,10.64,39.0,22.0,22,31.88,10,7
611,14,28.0,2,2,46,7.0,75.0,1,10.71,75.0,42.0,10,21.74,5,4
621,14,28.0,2,2,45,7.0,59.0,1,8.43,59.0,42.0,16,35.56,6,2
625,14,28.0,5,5,117,19.0,167.0,4,8.79,41.75,26.75,44,37.61,24,3
635,14,28.0,2,2,47,7.0,69.0,1,9.86,69.0,42.0,17,36.17,6,3
638,14,28.0,2,2,30,5.0,36.0,1,7.2,36.0,30.0,10,33.33,2,2
639,14,28.0,3,3,63,10.0,105.0,2,10.5,52.5,30.0,23,36.51,15,3
644,14,28.0,2,2,19,3.0,41.0,0,13.67,0.0,inf,2,10.53,5,2
657,14,28.0,1,1,12,2.0,25.0,0,12.5,0.0,inf,2,16.67,1,2
679,14,28.0,5,5,78,13.0,120.0,1,9.23,120.0,78.0,21,26.92,7,7
681,14,28.0,5,5,130,21.0,166.0,7,7.9,23.71,17.14,39,30.0,18,3
685,14,28.0,2,2,48,8.0,73.0,3,9.12,24.33,16.0,19,39.58,4,6
696,14,28.0,1,1,27,4.0,19.0,1,4.75,19.0,24.0,15,55.56,3,0
697,14,28.0,2,2,12,2.0,25.0,0,12.5,0.0,inf,3,25.0,0,3
721,14,28.0,1,1,25,4.0,28.0,3,7.0,9.33,8.0,14,56.0,2,2
741,14,28.0,3,3,67,11.0,82.0,5,7.45,16.4,13.2,30,44.78,10,3
748,14,28.0,1,1,13,2.0,12.0,0,6.0,0.0,inf,4,30.77,1,0
772,14,28.0,5,5,127,21.0,167.0,4,7.95,41.75,29.25,43,33.86,14,5
777,14,28.0,2,2,51,8.0,94.0,0,11.75,0.0,inf,9,17.65,7,5
6,14,36.0,2,2,42,7.0,45.0,1,6.43,45.0,42.0,12,28.57,2,1
18,14,36.0,3,3,67,11.0,50.0,7,4.55,7.14,9.43,33,49.25,4,0
38,14,36.0,3,3,67,11.0,75.0,2,6.82,37.5,33.0,23,34.33,8,1
52,14,36.0,2,2,49,8.0,51.0,0,6.38,0.0,inf,19,38.78,0,3
58,14,36.0,1,1,25,4.0,35.0,0,8.75,0.0,inf,8,32.0,2,2
63,14,36.0,2,2,30,5.0,42.0,1,8.4,42.0,30.0,7,23.33,3,2
71,14,36.0,1,1,19,3.0,22.0,0,7.33,0.0,inf,4,21.05,2,0
136,14,36.0,1,1,12,2.0,15.0,0,7.5,0.0,inf,6,50.0,3,0
137,14,36.0,3,3,75,12.0,92.0,4,7.67,23.0,17.75,23,30.67,4,5
148,14,36.0,2,2,48,8.0,53.0,5,6.62,10.6,9.6,23,47.92,3,3
158,14,36.0,1,1,27,4.0,28.0,1,7.0,28.0,24.0,9,33.33,2,1
179,14,36.0,3,3,75,12.0,71.0,6,5.92,11.83,12.0,25,33.33,4,2
180,14,36.0,2,2,37,6.0,48.0,1,8.0,48.0,36.0,15,40.54,4,2
200,14,36.0,1,1,18,3.0,29.0,1,9.67,29.0,18.0,4,22.22,1,2
217,14,36.0,2,2,48,8.0,67.0,1,8.38,67.0,48.0,16,33.33,8,2
224,14,36.0,3,3,71,11.0,71.0,4,6.45,17.75,16.75,26,36.62,4,2
242,14,36.0,1,1,12,2.0,16.0,0,8.0,0.0,inf,4,33.33,3,0
249,14,36.0,2,2,48,8.0,33.0,5,4.12,6.6,9.6,26,54.17,4,0
255,14,36.0,4,4,98,16.0,96.0,6,6.0,16.0,16.0,40,40.82,4,5
263,14,36.0,2,2,49,8.0,43.0,3,5.38,14.33,16.0,28,57.14,5,1
269,14,36.0,1,1,24,4.0,12.0,3,3.0,4.0,8.0,11,45.83,0,0
292,14,36.0,2,2,51,8.0,48.0,1,6.0,48.0,48.0,17,33.33,2,1
312,14,36.0,4,4,98,16.0,84.0,3,5.25,28.0,32.0,36,36.73,4,1
319,14,36.0,2,2,46,7.0,64.0,1,9.14,64.0,42.0,15,32.61,4,3
327,14,36.0,1,1,6,1.0,5.0,0,5.0,0.0,inf,2,33.33,0,0
360,14,36.0,1,1,24,4.0,40.0,0,10.0,0.0,inf,7,29.17,2,3
363,14,36.0,2,2,49,8.0,44.0,2,5.5,22.0,24.0,22,44.9,4,1
367,14,36.0,2,2,50,8.0,59.0,3,7.38,19.67,16.0,18,36.0,4,3
371,14,36.0,2,2,42,7.0,38.0,1,5.43,38.0,42.0,18,42.86,2,1
389,14,36.0,1,1,18,3.0,35.0,1,11.67,35.0,18.0,5,27.78,1,3
427,14,36.0,2,2,49,8.0,58.0,3,7.25,19.33,16.0,17,34.69,2,4
430,14,36.0,2,2,45,7.0,56.0,1,8.0,56.0,42.0,14,31.11,4,2
439,14,36.0,1,1,25,4.0,29.0,1,7.25,29.0,24.0,9,36.0,4,0
444,14,36.0,1,1,6,1.0,5.0,0,5.0,0.0,inf,4,66.67,1,0
449,14,36.0,2,2,52,8.0,41.0,5,5.12,8.2,9.6,20,38.46,1,1
454,14,36.0,1,1,26,4.0,29.0,2,7.25,14.5,12.0,7,26.92,3,0
462,14,36.0,1,1,6,1.0,9.0,0,9.0,0.0,inf,2,33.33,0,1
470,14,36.0,1,1,25,4.0,32.0,0,8.0,0.0,inf,9,36.0,0,3
488,14,36.0,1,1,6,1.0,9.0,1,9.0,9.0,6.0,1,16.67,1,0
494,14,36.0,4,4,85,14.0,84.0,8,6.0,10.5,10.5,41,48.24,9,2
545,14,36.0,2,2,51,8.0,68.0,1,8.5,68.0,48.0,21,41.18,4,4
546,14,36.0,1,1,13,2.0,18.0,1,9.0,18.0,13.0,5,38.46,0,2
557,14,36.0,1,1,12,2.0,25.0,0,12.5,0.0,inf,3,25.0,2,2
610,14,36.0,1,1,16,2.0,24.0,0,12.0,0.0,inf,8,50.0,2,2
625,14,36.0,2,2,50,8.0,66.0,3,8.25,22.0,16.0,14,28.0,5,2
656,14,36.0,3,3,68,11.0,66.0,3,6.0,22.0,22.0,26,38.24,1,4
665,14,36.0,2,2,20,3.0,18.0,0,6.0,0.0,inf,5,25.0,1,0
679,14,36.0,1,1,7,1.0,11.0,1,11.0,11.0,6.0,1,14.29,0,1
681,14,36.0,2,2,44,7.0,59.0,2,8.43,29.5,21.0,20,45.45,5,3
685,14,36.0,3,3,71,11.0,84.0,3,7.64,28.0,22.0,31,43.66,4,5
696,14,36.0,3,3,72,12.0,84.0,5,7.0,16.8,13.4,25,34.72,8,1
697,14,36.0,1,1,12,2.0,18.0,0,9.0,0.0,inf,1,8.33,2,0
702,14,36.0,1,1,7,1.0,17.0,1,17.0,17.0,6.0,1,14.29,2,1
733,14,36.0,1,1,12,2.0,9.0,0,4.5,0.0,inf,6,50.0,1,0
743,14,36.0,3,3,55,9.0,53.0,1,5.89,53.0,54.0,20,36.36,4,1
744,14,36.0,3,3,64,10.0,65.0,4,6.5,16.25,15.5,33,51.56,8,1
748,14,36.0,2,2,18,3.0,40.0,0,13.33,0.0,inf,2,11.11,3,3
755,14,36.0,2,2,49,8.0,46.0,6,5.75,7.67,8.0,18,36.73,3,0
766,14,36.0,1,1,24,4.0,12.0,3,3.0,4.0,8.0,13,54.17,0,0
772,14,36.0,2,2,40,6.0,63.0,1,10.5,63.0,38.0,13,32.5,5,3
20,15,2.0,1,1,18,3.0,18.0,1,6.0,18.0,18.0,9,50.0,1,1
38,15,2.0,1,1,12,2.0,31.0,0,15.5,0.0,inf,5,41.67,3,3
63,15,2.0,1,1,18,3.0,17.0,0,5.67,0.0,inf,5,27.78,0,0
137,15,2.0,2,2,43,7.0,63.0,1,9.0,63.0,42.0,7,16.28,1,4
148,15,2.0,1,1,24,4.0,33.0,1,8.25,33.0,24.0,11,45.83,4,1
179,15,2.0,2,2,52,8.0,65.0,1,8.12,65.0,48.0,12,23.08,2,3
200,15,2.0,1,1,12,2.0,35.0,0,17.5,0.0,inf,2,16.67,3,3
224,15,2.0,1,1,19,3.0,29.0,0,9.67,0.0,inf,6,31.58,2,2
292,15,2.0,2,2,50,8.0,42.0,2,5.25,21.0,24.0,29,58.0,4,1
360,15,2.0,1,1,24,4.0,26.0,1,6.5,26.0,24.0,11,45.83,1,2
363,15,2.0,1,1,24,4.0,18.0,1,4.5,18.0,24.0,9,37.5,1,0
399,15,2.0,1,1,24,4.0,17.0,3,4.25,5.67,8.0,13,54.17,2,0
427,15,2.0,1,1,24,4.0,23.0,2,5.75,11.5,12.0,12,50.0,3,0
494,15,2.0,1,1,18,3.0,22.0,0,7.33,0.0,inf,5,27.78,3,0
555,15,2.0,2,2,44,7.0,49.0,3,7.0,16.33,14.33,15,34.09,4,1
576,15,2.0,1,1,12,2.0,20.0,2,10.0,10.0,6.0,3,25.0,0,2
635,15,2.0,2,2,51,8.0,62.0,4,7.75,15.5,12.0,28,54.9,8,2
18,15,23.0,1,1,26,4.0,44.0,1,11.0,44.0,24.0,10,38.46,6,1
20,15,23.0,1,1,27,4.0,46.0,1,11.5,46.0,24.0,11,40.74,5,2
38,15,23.0,1,1,26,4.0,41.0,1,10.25,41.0,24.0,9,34.62,1,4
137,15,23.0,1,1,27,4.0,40.0,0,10.0,0.0,inf,5,18.52,4,1
148,15,23.0,1,1,26,4.0,43.0,1,10.75,43.0,24.0,11,42.31,6,1
172,15,23.0,1,1,12,2.0,27.0,0,13.5,0.0,inf,4,33.33,3,2
179,15,23.0,1,1,24,4.0,32.0,0,8.0,0.0,inf,5,20.83,1,2
200,15,23.0,1,1,26,4.0,35.0,0,8.75,0.0,inf,5,19.23,1,2
224,15,23.0,1,1,27,4.0,25.0,1,6.25,25.0,24.0,10,37.04,0,1
292,15,23.0,1,1,24,4.0,38.0,1,9.5,38.0,24.0,8,33.33,6,0
360,15,23.0,1,1,24,4.0,42.0,1,10.5,42.0,24.0,5,20.83,1,4
363,15,23.0,1,1,24,4.0,15.0,0,3.75,0.0,inf,10,41.67,0,0
367,15,23.0,1,1,25,4.0,45.0,1,11.25,45.0,24.0,8,32.0,2,4
399,15,23.0,1,1,13,2.0,14.0,1,7.0,14.0,12.0,4,30.77,1,0
427,15,23.0,1,1,27,4.0,43.0,3,10.75,14.33,8.0,10,37.04,3,3
532,15,23.0,1,1,25,4.0,25.0,1,6.25,25.0,24.0,13,52.0,1,1
546,15,23.0,1,1,25,4.0,39.0,1,9.75,39.0,24.0,4,16.0,4,1
555,15,23.0,1,1,28,4.0,40.0,1,10.0,40.0,24.0,4,14.29,5,0
576,15,23.0,1,1,25,4.0,43.0,1,10.75,43.0,24.0,4,16.0,4,2
635,15,23.0,1,1,22,3.0,40.0,0,13.33,0.0,inf,9,40.91,3,3
680,15,23.0,1,1,25,4.0,54.0,0,13.5,0.0,inf,7,28.0,8,2
6,15,26.0,2,2,39,6.0,55.0,1,9.17,55.0,36.0,13,33.33,4,3
16,15,26.0,2,2,52,8.0,51.0,4,6.38,12.75,12.0,25,48.08,6,1
18,15,26.0,3,3,67,11.0,88.0,6,8.0,14.67,11.0,33,49.25,14,2
32,15,26.0,1,1,25,4.0,40.0,2,10.0,20.0,12.0,8,32.0,6,1
38,15,26.0,3,3,52,8.0,86.0,0,10.75,0.0,inf,19,36.54,9,5
52,15,26.0,1,1,26,4.0,33.0,1,8.25,33.0,24.0,11,42.31,3,2
58,15,26.0,1,1,25,4.0,32.0,2,8.0,16.0,12.0,8,32.0,3,1
63,15,26.0,2,2,18,3.0,27.0,1,9.0,27.0,18.0,7,38.89,2,2
69,15,26.0,1,1,6,1.0,7.0,0,7.0,0.0,inf,2,33.33,1,0
71,15,26.0,4,4,97,16.0,103.0,10,6.44,10.3,9.6,53,54.64,14,2
75,15,26.0,1,1,24,4.0,46.0,1,11.5,46.0,24.0,6,25.0,4,3
76,15,26.0,3,3,76,12.0,92.0,3,7.67,30.67,24.0,40,52.63,8,4
113,15,26.0,2,2,39,6.0,80.0,1,13.33,80.0,36.0,7,17.95,11,3
115,15,26.0,1,1,19,3.0,37.0,2,12.33,18.5,9.0,4,21.05,4,2
116,15,26.0,3,3,38,6.0,65.0,4,10.83,16.25,9.0,11,28.95,4,5
137,15,26.0,3,3,75,12.0,90.0,3,7.5,30.0,24.0,24,32.0,4,4
148,15,26.0,3,3,75,12.0,117.0,2,9.75,58.5,36.0,26,34.67,9,7
156,15,26.0,2,2,44,7.0,42.0,3,6.0,14.0,14.0,17,38.64,4,0
162,15,26.0,4,4,91,15.0,124.0,7,8.27,17.71,12.43,29,31.87,10,4
169,15,26.0,2,2,43,7.0,47.0,6,6.71,7.83,7.0,24,55.81,4,2
172,15,26.0,2,2,49,8.0,83.0,2,10.38,41.5,24.0,16,32.65,10,4
179,15,26.0,3,3,78,13.0,108.0,8,8.31,13.5,9.0,22,28.21,9,4
189,15,26.0,1,1,24,4.0,36.0,2,9.0,18.0,12.0,4,16.67,2,1
199,15,26.0,1,1,7,1.0,17.0,0,17.0,0.0,inf,0,0.0,1,1
200,15,26.0,2,2,43,7.0,66.0,3,9.43,22.0,14.0,9,20.93,5,3
213,15,26.0,1,1,18,3.0,15.0,1,5.0,15.0,18.0,7,38.89,1,0
224,15,26.0,3,3,62,10.0,87.0,5,8.7,17.4,12.0,16,25.81,7,4
255,15,26.0,3,3,74,12.0,65.0,4,5.42,16.25,18.0,29,39.19,3,2
258,15,26.0,1,1,7,1.0,10.0,0,10.0,0.0,inf,1,14.29,1,0
263,15,26.0,3,3,70,11.0,115.0,0,10.45,0.0,inf,19,27.14,13,4
264,15,26.0,1,1,6,1.0,12.0,0,12.0,0.0,inf,2,33.33,1,1
281,15,26.0,1,1,18,3.0,18.0,1,6.0,18.0,18.0,8,44.44,3,0
292,15,26.0,3,3,72,12.0,110.0,3,9.17,36.67,24.0,30,41.67,13,5
297,15,26.0,1,1,25,4.0,36.0,1,9.0,36.0,24.0,9,36.0,6,0
308,15,26.0,1,1,27,4.0,35.0,3,8.75,11.67,8.0,10,37.04,2,2
312,15,26.0,3,3,57,9.0,119.0,1,13.22,119.0,54.0,11,19.3,7,9
319,15,26.0,4,4,71,11.0,88.0,2,8.0,44.0,33.0,24,33.8,13,0
327,15,26.0,3,3,36,6.0,43.0,1,7.17,43.0,36.0,12,33.33,1,3
335,15,26.0,2,2,55,9.0,61.0,4,6.78,15.25,12.0,18,32.73,3,2
360,15,26.0,3,3,54,9.0,50.0,4,5.56,12.5,13.5,23,42.59,4,1
363,15,26.0,3,3,72,12.0,75.0,6,6.25,12.5,12.0,24,33.33,3,2
367,15,26.0,3,3,74,12.0,89.0,5,7.42,17.8,14.4,23,31.08,11,0
382,15,26.0,1,1,12,2.0,20.0,2,10.0,10.0,6.0,5,41.67,1,2
389,15,26.0,3,3,30,5.0,34.0,3,6.8,11.33,10.0,13,43.33,3,1
390,15,26.0,1,1,26,4.0,28.0,0,7.0,0.0,inf,10,38.46,3,0
399,15,26.0,1,1,25,4.0,36.0,1,9.0,36.0,24.0,9,36.0,4,1
404,15,26.0,2,2,38,6.0,44.0,3,7.33,14.67,12.0,18,47.37,3,2
427,15,26.0,3,3,66,11.0,131.0,0,11.91,0.0,inf,16,24.24,17,5
444,15,26.0,1,1,6,1.0,11.0,0,11.0,0.0,inf,0,0.0,0,1
449,15,26.0,2,2,47,7.0,67.0,2,9.57,33.5,21.0,13,27.66,5,3
454,15,26.0,1,1,6,1.0,14.0,0,14.0,0.0,inf,0,0.0,1,1
455,15,26.0,1,1,18,3.0,29.0,0,9.67,0.0,inf,4,22.22,3,1
462,15,26.0,1,1,18,3.0,34.0,1,11.33,34.0,18.0,7,38.89,1,4
464,15,26.0,1,1,6,1.0,13.0,0,13.0,0.0,inf,1,16.67,1,1
470,15,26.0,1,1,14,2.0,15.0,0,7.5,0.0,inf,5,35.71,2,0
472,15,26.0,4,4,98,16.0,117.0,10,7.31,11.7,9.6,35,35.71,7,6
482,15,26.0,1,1,25,4.0,23.0,2,5.75,11.5,12.0,12,48.0,0,1
494,15,26.0,3,3,74,12.0,103.0,3,8.58,34.33,24.0,30,40.54,13,3
516,15,26.0,1,1,26,4.0,37.0,0,9.25,0.0,inf,10,38.46,3,2
518,15,26.0,3,3,75,12.0,132.0,1,11.0,132.0,69.0,27,36.0,15,7
528,15,26.0,2,2,44,7.0,75.0,0,10.71,0.0,inf,13,29.55,9,3
532,15,26.0,1,1,25,4.0,43.0,0,10.75,0.0,inf,9,36.0,6,1
545,15,26.0,3,3,62,10.0,70.0,3,7.0,23.33,20.33,32,51.61,8,3
546,15,26.0,3,3,43,7.0,68.0,0,9.71,0.0,inf,7,16.28,6,3
555,15,26.0,3,3,80,13.0,96.0,6,7.38,16.0,11.67,23,28.75,5,3
564,15,26.0,3,3,75,12.0,123.0,1,10.25,123.0,72.0,27,36.0,14,6
611,15,26.0,3,3,72,12.0,76.0,5,6.33,15.2,14.4,30,41.67,5,3
625,15,26.0,4,4,79,13.0,141.0,4,10.85,35.25,19.0,25,31.65,14,8
629,15,26.0,1,1,6,1.0,5.0,1,5.0,5.0,6.0,2,33.33,0,0
635,15,26.0,3,3,79,13.0,107.0,3,8.23,35.67,24.0,30,37.97,11,4
639,15,26.0,1,1,25,4.0,32.0,0,8.0,0.0,inf,7,28.0,5,0
644,15,26.0,2,2,18,3.0,28.0,1,9.33,28.0,18.0,6,33.33,3,1
656,15,26.0,3,3,66,11.0,82.0,2,7.45,41.0,33.0,20,30.3,6,3
657,15,26.0,1,1,13,2.0,29.0,0,14.5,0.0,inf,4,30.77,5,1
663,15,26.0,1,1,27,4.0,47.0,1,11.75,47.0,24.0,7,25.93,5,2
665,15,26.0,1,1,12,2.0,13.0,1,6.5,13.0,12.0,3,25.0,0,1
675,15,26.0,1,1,6,1.0,10.0,0,10.0,0.0,inf,2,33.33,2,0
679,15,26.0,2,2,12,2.0,35.0,0,17.5,0.0,inf,0,0.0,1,4
680,15,26.0,3,3,69,11.0,132.0,1,12.0,132.0,66.0,24,34.78,14,7
683,15,26.0,2,2,31,5.0,49.0,1,9.8,49.0,30.0,11,35.48,3,4
685,15,26.0,4,4,90,15.0,119.0,6,7.93,19.83,14.0,37,41.11,14,3
693,15,26.0,3,3,61,10.0,86.0,2,8.6,43.0,30.0,21,34.43,13,1
696,15,26.0,1,1,24,4.0,34.0,1,8.5,34.0,24.0,8,33.33,4,1
697,15,26.0,1,1,8,1.0,25.0,0,25.0,0.0,inf,0,0.0,2,2
712,15,26.0,1,1,25,4.0,40.0,1,10.0,40.0,24.0,8,32.0,6,1
717,15,26.0,2,2,25,4.0,37.0,2,9.25,18.5,12.0,8,32.0,4,1
744,15,26.0,1,1,27,4.0,35.0,1,8.75,35.0,24.0,10,37.04,1,3
755,15,26.0,2,2,38,6.0,46.0,2,7.67,23.0,18.0,9,23.68,3,1
772,15,26.0,2,2,48,8.0,49.0,1,6.12,49.0,48.0,27,56.25,6,1
777,15,26.0,3,3,77,12.0,141.0,2,11.75,70.5,35.5,14,18.18,14,6
6,15,27.0,3,3,66,11.0,90.0,3,8.18,30.0,22.0,22,33.33,7,3
16,15,27.0,3,3,75,12.0,92.0,2,7.67,46.0,36.0,30,40.0,12,1
18,15,27.0,4,4,96,16.0,149.0,4,9.31,37.25,22.5,33,34.38,17,5
20,15,27.0,2,2,51,8.0,82.0,5,10.25,16.4,9.6,23,45.1,9,5
32,15,27.0,2,2,44,7.0,67.0,0,9.57,0.0,inf,13,29.55,7,3
38,15,27.0,4,4,104,17.0,152.0,4,8.94,38.0,24.0,41,39.42,17,6
52,15,27.0,2,2,37,6.0,67.0,0,11.17,0.0,inf,10,27.03,4,5
58,15,27.0,1,1,25,4.0,48.0,2,12.0,24.0,12.0,5,20.0,4,3
60,15,27.0,1,1,6,1.0,9.0,0,9.0,0.0,inf,0,0.0,1,0
63,15,27.0,2,2,31,5.0,40.0,1,8.0,40.0,30.0,15,48.39,1,4
71,15,27.0,2,2,51,8.0,71.0,2,8.88,35.5,24.0,18,35.29,5,4
76,15,27.0,4,4,85,14.0,135.0,5,9.64,27.0,16.8,35,41.18,17,5
113,15,27.0,1,1,24,4.0,35.0,3,8.75,11.67,8.0,10,41.67,3,2
115,15,27.0,1,1,14,2.0,22.0,0,11.0,0.0,inf,4,28.57,1,1
116,15,27.0,4,4,55,9.0,108.0,6,12.0,18.0,8.83,17,30.91,12,5
137,15,27.0,4,4,99,16.0,116.0,2,7.25,58.0,48.0,30,30.3,2,7
139,15,27.0,2,2,43,7.0,70.0,2,10.0,35.0,21.0,19,44.19,3,7
148,15,27.0,4,4,97,16.0,134.0,4,8.38,33.5,24.0,42,43.3,14,6
156,15,27.0,1,1,12,2.0,23.0,0,11.5,0.0,inf,4,33.33,5,0
162,15,27.0,4,4,83,13.0,80.0,3,6.15,26.67,27.0,31,37.35,3,1
169,15,27.0,4,4,102,17.0,128.0,7,7.53,18.29,13.71,27,26.47,10,3
172,15,27.0,2,2,44,7.0,56.0,1,8.0,56.0,42.0,16,36.36,3,3
179,15,27.0,4,4,99,16.0,134.0,5,8.38,26.8,19.2,30,30.3,4,10
189,15,27.0,2,2,39,6.0,43.0,1,7.17,43.0,36.0,8,20.51,3,0
200,15,27.0,4,4,49,8.0,65.0,0,8.12,0.0,inf,15,30.61,2,4
213,15,27.0,1,1,18,3.0,16.0,1,5.33,16.0,18.0,9,50.0,2,0
224,15,27.0,3,3,80,13.0,94.0,5,7.23,18.8,14.4,36,45.0,7,4
255,15,27.0,4,4,97,16.0,91.0,1,5.69,91.0,96.0,36,37.11,1,5
263,15,27.0,4,4,99,16.0,83.0,8,5.19,10.38,12.0,52,52.53,9,1
281,15,27.0,1,1,25,4.0,27.0,2,6.75,13.5,12.0,13,52.0,3,1
283,15,27.0,3,3,64,10.0,112.0,2,11.2,56.0,31.5,17,26.56,14,4
292,15,27.0,3,3,71,11.0,87.0,3,7.91,29.0,22.0,30,42.25,9,3
297,15,27.0,2,2,39,6.0,59.0,3,9.83,19.67,12.0,8,20.51,7,1
308,15,27.0,1,1,6,1.0,26.0,0,26.0,0.0,inf,1,16.67,2,3
312,15,27.0,4,4,88,14.0,119.0,2,8.5,59.5,42.0,29,32.95,8,6
319,15,27.0,4,4,104,17.0,136.0,5,8.0,27.2,19.2,26,25.0,8,4
327,15,27.0,3,3,48,8.0,42.0,3,5.25,14.0,16.0,25,52.08,3,2
335,15,27.0,1,1,12,2.0,17.0,0,8.5,0.0,inf,4,33.33,0,1
341,15,27.0,3,3,70,11.0,141.0,4,12.82,35.25,16.25,19,27.14,12,10
346,15,27.0,2,2,30,5.0,35.0,0,7.0,0.0,inf,10,33.33,3,1
360,15,27.0,4,4,80,13.0,115.0,7,8.85,16.43,11.14,32,40.0,4,11
363,15,27.0,4,4,96,16.0,95.0,3,5.94,31.67,32.0,34,35.42,7,1
367,15,27.0,4,4,100,16.0,132.0,3,8.25,44.0,32.0,26,26.0,11,4
371,15,27.0,2,2,49,8.0,54.0,0,6.75,0.0,inf,24,48.98,6,2
389,15,27.0,2,2,31,5.0,27.0,1,5.4,27.0,30.0,13,41.94,2,0
399,15,27.0,2,2,41,6.0,45.0,2,7.5,22.5,19.5,14,34.15,1,2
404,15,27.0,1,1,25,4.0,28.0,1,7.0,28.0,24.0,10,40.0,1,2
419,15,27.0,1,1,6,1.0,20.0,0,20.0,0.0,inf,0,0.0,3,1
420,15,27.0,2,2,12,2.0,23.0,1,11.5,23.0,12.0,3,25.0,1,2
427,15,27.0,2,2,51,8.0,58.0,5,7.25,11.6,9.6,22,43.14,2,4
438,15,27.0,1,1,25,4.0,42.0,2,10.5,21.0,12.0,10,40.0,3,3
439,15,27.0,4,4,95,15.0,111.0,7,7.4,15.86,12.86,41,43.16,7,6
444,15,27.0,2,2,12,2.0,17.0,1,8.5,17.0,12.0,5,41.67,0,2
449,15,27.0,4,4,93,15.0,131.0,6,8.73,21.83,13.33,22,23.66,16,1
454,15,27.0,2,2,12,2.0,18.0,0,9.0,0.0,inf,3,25.0,3,0
455,15,27.0,2,2,42,7.0,51.0,3,7.29,17.0,14.0,17,40.48,3,3
472,15,27.0,4,4,78,13.0,108.0,4,8.31,27.0,19.0,22,28.21,8,5
482,15,27.0,2,2,31,5.0,54.0,0,10.8,0.0,inf,7,22.58,6,2
488,15,27.0,1,1,6,1.0,8.0,0,8.0,0.0,inf,1,16.67,1,0
494,15,27.0,4,4,96,16.0,131.0,5,8.19,26.2,18.0,40,41.67,10,8
508,15,27.0,2,2,36,6.0,46.0,2,7.67,23.0,18.0,19,52.78,6,2
518,15,27.0,4,4,81,13.0,111.0,7,8.54,15.86,11.14,37,45.68,8,6
528,15,27.0,4,4,104,17.0,120.0,6,7.06,20.0,16.0,45,43.27,8,6
532,15,27.0,1,1,25,4.0,20.0,3,5.0,6.67,8.0,16,64.0,2,1
545,15,27.0,4,4,104,17.0,120.0,6,7.06,20.0,16.0,37,35.58,8,1
546,15,27.0,3,3,60,10.0,68.0,3,6.8,22.67,20.0,16,26.67,2,3
557,15,27.0,1,1,20,3.0,36.0,2,12.0,18.0,9.0,8,40.0,4,2
564,15,27.0,3,3,72,12.0,81.0,3,6.75,27.0,24.0,29,40.28,7,3
611,15,27.0,2,2,46,7.0,67.0,1,9.57,67.0,42.0,16,34.78,5,4
625,15,27.0,4,4,94,15.0,130.0,5,8.67,26.0,17.6,35,37.23,14,5
635,15,27.0,4,4,99,16.0,121.0,2,7.56,60.5,45.0,46,46.46,15,3
638,15,27.0,3,3,66,11.0,63.0,4,5.73,15.75,16.5,24,36.36,5,1
639,15,27.0,3,3,73,12.0,84.0,3,7.0,28.0,22.0,32,43.84,7,3
644,15,27.0,2,2,19,3.0,37.0,3,12.33,12.33,6.0,4,21.05,3,2
656,15,27.0,4,4,66,11.0,73.0,2,6.64,36.5,33.0,29,43.94,3,5
665,15,27.0,3,3,44,7.0,80.0,1,11.43,80.0,42.0,8,18.18,8,4
674,15,27.0,4,4,96,16.0,128.0,6,8.0,21.33,16.0,34,35.42,9,7
679,15,27.0,2,2,12,2.0,19.0,0,9.5,0.0,inf,3,25.0,0,2
680,15,27.0,1,1,19,3.0,31.0,2,10.33,15.5,9.0,6,31.58,4,1
681,15,27.0,1,1,27,4.0,23.0,2,5.75,11.5,12.0,9,33.33,1,0
683,15,27.0,2,2,31,5.0,60.0,0,12.0,0.0,inf,11,35.48,5,5
685,15,27.0,3,3,69,11.0,86.0,6,7.82,14.33,11.0,28,40.58,8,3
693,15,27.0,1,1,23,3.0,35.0,0,11.67,0.0,inf,8,34.78,5,1
696,15,27.0,1,1,27,4.0,36.0,1,9.0,36.0,24.0,6,22.22,2,1
717,15,27.0,4,4,60,10.0,75.0,4,7.5,18.75,14.25,17,28.33,2,4
744,15,27.0,4,4,92,15.0,145.0,6,9.67,24.17,14.33,27,29.35,16,5
755,15,27.0,4,4,105,17.0,134.0,5,7.88,26.8,19.2,31,29.52,9,6
766,15,27.0,1,1,18,3.0,29.0,0,9.67,0.0,inf,5,27.78,5,0
767,15,27.0,1,1,3,0.0,1.0,0,inf,0.0,inf,2,66.67,0,0
772,15,27.0,1,1,26,4.0,26.0,0,6.5,0.0,inf,8,30.77,0,1
777,15,27.0,1,1,25,4.0,22.0,3,5.5,7.33,8.0,10,40.0,2,0
6,15,28.0,2,2,38,6.0,43.0,0,7.17,0.0,inf,9,23.68,1,2
16,15,28.0,1,1,26,4.0,63.0,0,15.75,0.0,inf,4,15.38,4,5
18,15,28.0,2,2,47,7.0,64.0,3,9.14,21.33,15.33,18,38.3,6,3
20,15,28.0,3,3,71,11.0,86.0,1,7.82,86.0,66.0,20,28.17,9,1
38,15,28.0,3,3,69,11.0,101.0,2,9.18,50.5,33.0,24,34.78,3,8
40,15,28.0,1,1,14,2.0,23.0,0,11.5,0.0,inf,6,42.86,3,1
51,15,28.0,3,3,76,12.0,110.0,2,9.17,55.0,36.0,24,31.58,10,4
52,15,28.0,2,2,37,6.0,46.0,3,7.67,15.33,12.0,15,40.54,2,3
58,15,28.0,1,1,24,4.0,36.0,0,9.0,0.0,inf,5,20.83,4,1
60,15,28.0,1,1,6,1.0,14.0,0,14.0,0.0,inf,1,16.67,3,0
63,15,28.0,3,3,49,8.0,55.0,2,6.88,27.5,24.0,25,51.02,1,5
71,15,28.0,3,3,70,11.0,107.0,2,9.73,53.5,33.5,32,45.71,10,7
76,15,28.0,4,4,73,12.0,97.0,9,8.08,10.78,7.44,29,39.73,12,4
86,15,28.0,1,1,27,4.0,45.0,2,11.25,22.5,12.0,5,18.52,6,1
103,15,28.0,3,3,41,6.0,54.0,6,9.0,9.0,6.0,12,29.27,5,2
116,15,28.0,3,3,32,5.0,52.0,2,10.4,26.0,16.0,10,31.25,6,2
137,15,28.0,5,5,126,21.0,156.0,3,7.43,52.0,40.0,31,24.6,14,3
139,15,28.0,3,3,51,8.0,57.0,0,7.12,0.0,inf,22,43.14,4,3
145,15,28.0,1,1,19,3.0,24.0,1,8.0,24.0,18.0,8,42.11,2,1
148,15,28.0,4,4,87,14.0,106.0,8,7.57,13.25,10.5,42,48.28,11,2
162,15,28.0,3,3,68,11.0,82.0,2,7.45,41.0,32.0,21,30.88,5,3
169,15,28.0,2,2,51,8.0,103.0,0,12.88,0.0,inf,11,21.57,10,6
172,15,28.0,2,2,43,7.0,50.0,2,7.14,25.0,21.0,17,39.53,5,1
179,15,28.0,5,5,127,21.0,143.0,10,6.81,14.3,12.0,39,30.71,6,7
187,15,28.0,1,1,24,4.0,28.0,1,7.0,28.0,24.0,7,29.17,0,2
189,15,28.0,2,2,44,7.0,64.0,3,9.14,21.33,14.0,14,31.82,6,3
200,15,28.0,3,3,40,6.0,54.0,0,9.0,0.0,inf,11,27.5,5,2
213,15,28.0,3,3,60,10.0,63.0,1,6.3,63.0,60.0,21,35.0,5,1
224,15,28.0,4,4,78,13.0,84.0,2,6.46,42.0,37.0,26,33.33,5,3
255,15,28.0,4,4,99,16.0,76.0,2,4.75,38.0,48.0,48,48.48,5,1
263,15,28.0,4,4,90,15.0,100.0,6,6.67,16.67,15.0,44,48.89,9,4
264,15,28.0,1,1,18,3.0,31.0,1,10.33,31.0,18.0,3,16.67,2,2
281,15,28.0,2,2,44,7.0,48.0,1,6.86,48.0,42.0,24,54.55,6,1
283,15,28.0,3,3,72,12.0,105.0,2,8.75,52.5,33.5,28,38.89,9,6
292,15,28.0,5,5,125,20.0,172.0,5,8.6,34.4,24.0,50,40.0,19,6
297,15,28.0,1,1,12,2.0,7.0,0,3.5,0.0,inf,8,66.67,1,0
312,15,28.0,2,2,51,8.0,37.0,1,4.62,37.0,48.0,25,49.02,1,1
319,15,28.0,4,4,93,15.0,109.0,3,7.27,36.33,30.0,34,36.56,14,1
327,15,28.0,2,2,23,3.0,28.0,2,9.33,14.0,11.5,8,34.78,1,2
335,15,28.0,1,1,26,4.0,50.0,0,12.5,0.0,inf,4,15.38,4,3
341,15,28.0,1,1,25,4.0,44.0,0,11.0,0.0,inf,6,24.0,0,4
346,15,28.0,1,1,24,4.0,29.0,1,7.25,29.0,24.0,6,25.0,2,1
360,15,28.0,4,4,97,16.0,115.0,8,7.19,14.38,12.0,38,39.18,8,6
363,15,28.0,4,4,96,16.0,135.0,4,8.44,33.75,24.0,21,21.88,3,9
367,15,28.0,4,4,96,16.0,119.0,2,7.44,59.5,45.0,35,36.46,9,5
371,15,28.0,2,2,51,8.0,81.0,1,10.12,81.0,48.0,20,39.22,10,4
373,15,28.0,1,1,1,0.0,6.0,0,inf,0.0,inf,0,0.0,0,1
382,15,28.0,1,1,24,4.0,18.0,0,4.5,0.0,inf,6,25.0,0,0
389,15,28.0,3,3,49,8.0,89.0,0,11.12,0.0,inf,11,22.45,5,7
390,15,28.0,1,1,22,3.0,24.0,2,8.0,12.0,9.5,6,27.27,3,0
399,15,28.0,3,3,56,9.0,80.0,0,8.89,0.0,inf,21,37.5,10,3
404,15,28.0,2,2,52,8.0,68.0,3,8.5,22.67,16.0,20,38.46,3,5
420,15,28.0,1,1,8,1.0,22.0,0,22.0,0.0,inf,0,0.0,1,2
427,15,28.0,3,3,73,12.0,84.0,7,7.0,12.0,10.29,34,46.58,8,4
438,15,28.0,1,1,7,1.0,23.0,0,23.0,0.0,inf,1,14.29,2,2
439,15,28.0,3,3,77,12.0,113.0,4,9.42,28.25,18.0,23,29.87,10,6
449,15,28.0,3,3,65,10.0,78.0,5,7.8,15.6,12.0,19,29.23,7,1
453,15,28.0,1,1,15,2.0,19.0,0,9.5,0.0,inf,9,60.0,2,1
454,15,28.0,1,1,6,1.0,14.0,0,14.0,0.0,inf,0,0.0,1,1
455,15,28.0,1,1,18,3.0,22.0,2,7.33,11.0,9.0,8,44.44,2,1
470,15,28.0,1,1,26,4.0,40.0,3,10.0,13.33,8.0,9,34.62,3,3
472,15,28.0,5,5,106,17.0,162.0,6,9.53,27.0,17.0,29,27.36,11,10
494,15,28.0,3,3,61,10.0,97.0,0,9.7,0.0,inf,19,31.15,7,6
508,15,28.0,2,2,36,6.0,53.0,3,8.83,17.67,12.0,12,33.33,1,5
516,15,28.0,1,1,28,4.0,42.0,1,10.5,42.0,24.0,10,35.71,4,2
518,15,28.0,3,3,72,12.0,87.0,3,7.25,29.0,22.0,27,37.5,13,0
528,15,28.0,4,4,107,17.0,125.0,6,7.35,20.83,16.0,43,40.19,8,6
532,15,28.0,3,3,63,10.0,61.0,5,6.1,12.2,12.0,30,47.62,5,1
545,15,28.0,4,4,84,14.0,115.0,1,8.21,115.0,84.0,29,34.52,9,6
546,15,28.0,3,3,55,9.0,55.0,4,6.11,13.75,13.5,22,40.0,5,1
555,15,28.0,1,1,21,3.0,52.0,1,17.33,52.0,18.0,5,23.81,5,4
557,15,28.0,1,1,19,3.0,36.0,1,12.0,36.0,18.0,1,5.26,4,1
564,15,28.0,4,4,102,17.0,91.0,10,5.35,9.1,9.6,55,53.92,11,2
576,15,28.0,2,2,49,8.0,51.0,1,6.38,51.0,48.0,14,28.57,3,1
610,15,28.0,1,1,24,4.0,43.0,0,10.75,0.0,inf,6,25.0,5,2
625,15,28.0,5,5,115,19.0,160.0,6,8.42,26.67,17.0,35,30.43,10,9
629,15,28.0,1,1,6,1.0,6.0,1,6.0,6.0,6.0,1,16.67,0,0
635,15,28.0,5,5,130,21.0,182.0,6,8.67,30.33,20.0,48,36.92,26,4
638,15,28.0,3,3,61,10.0,89.0,2,8.9,44.5,30.0,12,19.67,7,3
639,15,28.0,4,4,83,13.0,120.0,5,9.23,24.0,15.6,32,38.55,8,7
644,15,28.0,1,1,7,1.0,14.0,0,14.0,0.0,inf,3,42.86,0,2
656,15,28.0,5,5,105,17.0,129.0,2,7.59,64.5,51.0,29,27.62,10,4
665,15,28.0,1,1,12,2.0,8.0,2,4.0,4.0,6.0,5,41.67,0,0
674,15,28.0,2,2,44,7.0,56.0,1,8.0,56.0,42.0,11,25.0,5,1
680,15,28.0,4,4,95,15.0,102.0,3,6.8,34.0,30.0,42,44.21,13,2
681,15,28.0,2,2,44,7.0,61.0,1,8.71,61.0,42.0,9,20.45,4,3
683,15,28.0,1,1,13,2.0,39.0,1,19.5,39.0,12.0,4,30.77,3,4
685,15,28.0,4,4,95,15.0,134.0,5,8.93,26.8,18.0,36,37.89,18,3
696,15,28.0,3,3,66,11.0,107.0,2,9.73,53.5,30.0,23,34.85,9,6
697,15,28.0,1,1,6,1.0,11.0,0,11.0,0.0,inf,0,0.0,2,0
712,15,28.0,1,1,18,3.0,23.0,0,7.67,0.0,inf,9,50.0,4,0
717,15,28.0,4,4,40,6.0,56.0,0,9.33,0.0,inf,11,27.5,2,4
733,15,28.0,2,2,18,3.0,23.0,0,7.67,0.0,inf,2,11.11,1,1
734,15,28.0,2,2,42,7.0,57.0,1,8.14,57.0,42.0,10,23.81,4,2
744,15,28.0,1,1,24,4.0,37.0,2,9.25,18.5,12.0,10,41.67,4,2
749,15,28.0,2,2,12,2.0,18.0,0,9.0,0.0,inf,3,25.0,1,1
755,15,28.0,3,3,75,12.0,131.0,3,10.92,43.67,24.0,23,30.67,11,8
760,15,28.0,1,1,6,1.0,7.0,0,7.0,0.0,inf,4,66.67,0,1
772,15,28.0,4,4,100,16.0,146.0,4,9.12,36.5,24.0,33,33.0,18,4
6,15,32.0,3,3,60,10.0,60.0,1,6.0,60.0,60.0,20,33.33,2,3
16,15,32.0,2,2,48,8.0,68.0,1,8.5,68.0,48.0,20,41.67,1,7
18,15,32.0,3,3,64,10.0,71.0,5,7.1,14.2,12.0,28,43.75,8,2
20,15,32.0,2,2,38,6.0,64.0,3,10.67,21.33,12.0,13,34.21,7,3
38,15,32.0,3,3,62,10.0,103.0,2,10.3,51.5,30.0,24,38.71,11,5
58,15,32.0,2,2,49,8.0,74.0,2,9.25,37.0,24.0,17,34.69,3,6
63,15,32.0,2,2,30,5.0,26.0,2,5.2,13.0,15.0,10,33.33,2,0
69,15,32.0,1,1,6,1.0,6.0,0,6.0,0.0,inf,3,50.0,1,0
71,15,32.0,1,1,24,4.0,34.0,2,8.5,17.0,12.0,7,29.17,5,0
76,15,32.0,3,3,79,13.0,120.0,5,9.23,24.0,14.4,27,34.18,15,4
86,15,32.0,1,1,6,1.0,7.0,0,7.0,0.0,inf,1,16.67,1,0
113,15,32.0,2,2,44,7.0,75.0,2,10.71,37.5,21.0,11,25.0,8,3
116,15,32.0,3,3,51,8.0,53.0,5,6.62,10.6,9.6,19,37.25,5,0
137,15,32.0,2,2,49,8.0,38.0,3,4.75,12.67,16.0,22,44.9,1,1
145,15,32.0,1,1,12,2.0,27.0,0,13.5,0.0,inf,3,25.0,3,2
148,15,32.0,3,3,69,11.0,55.0,4,5.0,13.75,16.5,37,53.62,7,0
162,15,32.0,2,2,48,8.0,74.0,2,9.25,37.0,24.0,16,33.33,4,6
169,15,32.0,3,3,76,12.0,128.0,5,10.67,25.6,14.4,16,21.05,10,7
172,15,32.0,2,2,37,6.0,48.0,2,8.0,24.0,18.0,14,37.84,3,3
179,15,32.0,2,2,49,8.0,45.0,3,5.62,15.0,16.0,20,40.82,3,1
187,15,32.0,1,1,18,3.0,27.0,0,9.0,0.0,inf,4,22.22,2,1
189,15,32.0,1,1,12,2.0,13.0,0,6.5,0.0,inf,5,41.67,0,1
200,15,32.0,3,3,50,8.0,81.0,1,10.12,81.0,48.0,14,28.0,6,5
213,15,32.0,1,1,18,3.0,36.0,1,12.0,36.0,18.0,4,22.22,2,3
224,15,32.0,3,3,72,12.0,91.0,6,7.58,15.17,12.0,29,40.28,5,6
249,15,32.0,1,1,20,3.0,48.0,0,16.0,0.0,inf,3,15.0,5,3
255,15,32.0,3,3,72,12.0,80.0,2,6.67,40.0,36.0,25,34.72,2,4
258,15,32.0,1,1,6,1.0,10.0,0,10.0,0.0,inf,0,0.0,1,0
263,15,32.0,3,3,68,11.0,85.0,1,7.73,85.0,66.0,18,26.47,6,2
281,15,32.0,2,2,26,4.0,45.0,0,11.25,0.0,inf,10,38.46,5,2
283,15,32.0,1,1,21,3.0,20.0,4,6.67,5.0,5.25,11,52.38,1,1
292,15,32.0,2,2,45,7.0,43.0,2,6.14,21.5,21.0,23,51.11,6,1
308,15,32.0,3,3,69,11.0,91.0,2,8.27,45.5,33.0,27,39.13,7,5
312,15,32.0,2,2,49,8.0,57.0,2,7.12,28.5,24.0,21,42.86,3,4
319,15,32.0,2,2,49,8.0,52.0,0,6.5,0.0,inf,18,36.73,4,1
327,15,32.0,2,2,39,6.0,45.0,2,7.5,22.5,18.0,10,25.64,2,2
331,15,32.0,1,1,3,0.0,8.0,1,inf,8.0,3.0,1,33.33,2,0
335,15,32.0,2,2,45,7.0,82.0,2,11.71,41.0,21.0,8,17.78,4,5
341,15,32.0,1,1,24,4.0,20.0,1,5.0,20.0,24.0,14,58.33,3,0
346,15,32.0,1,1,12,2.0,8.0,0,4.0,0.0,inf,8,66.67,1,0
360,15,32.0,3,3,67,11.0,82.0,5,7.45,16.4,13.2,28,41.79,4,6
363,15,32.0,3,3,74,12.0,83.0,5,6.92,16.6,14.2,25,33.78,2,4
367,15,32.0,2,2,45,7.0,71.0,2,10.14,35.5,21.0,18,40.0,7,4
371,15,32.0,1,1,26,4.0,18.0,1,4.5,18.0,24.0,14,53.85,2,0
399,15,32.0,2,2,30,5.0,30.0,1,6.0,30.0,30.0,11,36.67,3,0
419,15,32.0,1,1,7,1.0,7.0,0,7.0,0.0,inf,1,14.29,0,0
420,15,32.0,1,1,6,1.0,14.0,0,14.0,0.0,inf,0,0.0,1,1
427,15,32.0,2,2,48,8.0,38.0,3,4.75,12.67,16.0,26,54.17,3,1
438,15,32.0,1,1,25,4.0,33.0,1,8.25,33.0,24.0,12,48.0,3,2
439,15,32.0,2,2,48,8.0,51.0,3,6.38,17.0,16.0,20,41.67,5,1
444,15,32.0,1,1,18,3.0,36.0,0,12.0,0.0,inf,3,16.67,2,3
449,15,32.0,1,1,24,4.0,23.0,3,5.75,7.67,8.0,12,50.0,1,1
472,15,32.0,1,1,24,4.0,32.0,1,8.0,32.0,24.0,10,41.67,3,1
482,15,32.0,1,1,24,4.0,58.0,0,14.5,0.0,inf,3,12.5,5,4
494,15,32.0,2,2,49,8.0,74.0,4,9.25,18.5,12.0,16,32.65,9,3
518,15,32.0,3,3,63,10.0,94.0,5,9.4,18.8,12.0,27,42.86,11,4
528,15,32.0,1,1,19,3.0,50.0,1,16.67,50.0,18.0,4,21.05,4,4
532,15,32.0,3,3,68,11.0,48.0,5,4.36,9.6,13.2,37,54.41,4,1
545,15,32.0,3,3,80,13.0,78.0,2,6.0,39.0,36.0,31,38.75,6,2
546,15,32.0,2,2,49,8.0,35.0,2,4.38,17.5,24.0,19,38.78,1,0
564,15,32.0,2,2,48,8.0,44.0,2,5.5,22.0,24.0,24,50.0,3,2
576,15,32.0,1,1,12,2.0,7.0,2,3.5,3.5,6.0,5,41.67,0,0
611,15,32.0,3,3,61,10.0,85.0,3,8.5,28.33,20.0,19,31.15,5,6
625,15,32.0,1,1,27,4.0,42.0,0,10.5,0.0,inf,6,22.22,4,1
635,15,32.0,2,2,51,8.0,39.0,4,4.88,9.75,12.0,32,62.75,3,2
638,15,32.0,2,2,43,7.0,87.0,0,12.43,0.0,inf,11,25.58,2,9
656,15,32.0,1,1,24,4.0,37.0,0,9.25,0.0,inf,7,29.17,1,3
665,15,32.0,1,1,19,3.0,24.0,0,8.0,0.0,inf,3,15.79,1,1
674,15,32.0,3,3,72,12.0,77.0,5,6.42,15.4,14.4,20,27.78,3,3
675,15,32.0,1,1,18,3.0,18.0,0,6.0,0.0,inf,6,33.33,2,0
679,15,32.0,1,1,12,2.0,22.0,0,11.0,0.0,inf,3,25.0,1,2
680,15,32.0,3,3,70,11.0,65.0,3,5.91,21.67,22.0,38,54.29,9,1
683,15,32.0,1,1,20,3.0,30.0,4,10.0,7.5,4.5,9,45.0,1,3
685,15,32.0,2,2,49,8.0,67.0,6,8.38,11.17,8.0,27,55.1,4,6
693,15,32.0,1,1,26,4.0,43.0,1,10.75,43.0,24.0,9,34.62,2,4
696,15,32.0,1,1,25,4.0,50.0,1,12.5,50.0,24.0,10,40.0,3,5
717,15,32.0,2,2,19,3.0,34.0,0,11.33,0.0,inf,2,10.53,3,1
733,15,32.0,1,1,6,1.0,15.0,0,15.0,0.0,inf,1,16.67,1,1
755,15,32.0,3,3,48,8.0,80.0,4,10.0,20.0,11.25,9,18.75,6,4
767,15,32.0,1,1,7,1.0,14.0,0,14.0,0.0,inf,2,28.57,3,0
772,15,32.0,1,1,25,4.0,23.0,3,5.75,7.67,8.0,4,16.0,1,0
777,15,32.0,1,1,25,4.0,49.0,2,12.25,24.5,12.0,9,36.0,2,5
6,16,2.0,2,2,48,8.0,66.0,2,8.25,33.0,24.0,11,22.92,4,2
9,16,2.0,1,1,12,2.0,9.0,1,4.5,9.0,12.0,7,58.33,0,0
16,16,2.0,1,1,30,5.0,39.0,1,7.8,39.0,24.0,11,36.67,3,1
18,16,2.0,1,1,24,4.0,34.0,1,8.5,34.0,24.0,7,29.17,2,2
20,16,2.0,3,3,58,9.0,114.0,1,12.67,114.0,54.0,17,29.31,7,10
51,16,2.0,1,1,19,3.0,31.0,1,10.33,31.0,18.0,3,15.79,4,0
71,16,2.0,1,1,24,4.0,24.0,2,6.0,12.0,12.0,12,50.0,4,0
85,16,2.0,1,1,25,4.0,48.0,0,12.0,0.0,inf,4,16.0,2,4
137,16,2.0,1,1,24,4.0,37.0,0,9.25,0.0,inf,4,16.67,4,1
148,16,2.0,9,9,208,34.0,239.0,17,7.03,14.06,12.0,103,49.52,22,11
169,16,2.0,1,1,24,4.0,34.0,1,8.5,34.0,24.0,4,16.67,4,0
172,16,2.0,4,4,72,12.0,112.0,4,9.33,28.0,18.0,27,37.5,6,9
178,16,2.0,7,7,141,23.0,181.0,20,7.87,9.05,7.0,52,36.88,8,12
179,16,2.0,1,1,25,4.0,36.0,1,9.0,36.0,24.0,3,12.0,0,2
213,16,2.0,1,1,24,4.0,32.0,0,8.0,0.0,inf,7,29.17,5,0
217,16,2.0,2,2,48,8.0,67.0,1,8.38,67.0,48.0,13,27.08,4,3
243,16,2.0,1,1,24,4.0,32.0,1,8.0,32.0,24.0,9,37.5,2,2
251,16,2.0,2,2,44,7.0,79.0,3,11.29,26.33,14.0,7,15.91,5,4
255,16,2.0,1,1,25,4.0,33.0,3,8.25,11.0,8.0,8,32.0,3,1
265,16,2.0,1,1,7,1.0,16.0,0,16.0,0.0,inf,1,14.29,3,0
282,16,2.0,2,2,50,8.0,65.0,1,8.12,65.0,48.0,16,32.0,6,2
292,16,2.0,1,1,26,4.0,46.0,1,11.5,46.0,24.0,6,23.08,4,2
312,16,2.0,1,1,13,2.0,27.0,0,13.5,0.0,inf,1,7.69,2,1
363,16,2.0,9,9,212,35.0,303.0,13,8.66,23.31,16.15,63,29.72,20,17
367,16,2.0,1,1,13,2.0,21.0,0,10.5,0.0,inf,2,15.38,0,2
371,16,2.0,1,1,25,4.0,25.0,2,6.25,12.5,12.0,10,40.0,3,0
383,16,2.0,1,1,25,4.0,23.0,2,5.75,11.5,12.0,12,48.0,2,0
390,16,2.0,1,1,26,4.0,44.0,2,11.0,22.0,12.0,5,19.23,4,2
399,16,2.0,7,7,101,16.0,147.0,2,9.19,73.5,48.0,40,39.6,17,7
421,16,2.0,2,2,30,5.0,74.0,0,14.8,0.0,inf,3,10.0,5,6
444,16,2.0,1,1,6,1.0,13.0,0,13.0,0.0,inf,0,0.0,2,0
455,16,2.0,2,2,36,6.0,54.0,1,9.0,54.0,36.0,8,22.22,3,3
472,16,2.0,1,1,24,4.0,15.0,1,3.75,15.0,24.0,9,37.5,0,0
482,16,2.0,1,1,28,4.0,56.0,0,14.0,0.0,inf,6,21.43,6,3
489,16,2.0,1,1,6,1.0,7.0,0,7.0,0.0,inf,1,16.67,0,0
494,16,2.0,1,1,26,4.0,40.0,0,10.0,0.0,inf,6,23.08,3,2
495,16,2.0,7,7,155,25.0,199.0,7,7.96,28.43,20.71,50,32.26,13,9
532,16,2.0,1,1,20,3.0,42.0,1,14.0,42.0,18.0,4,20.0,5,2
540,16,2.0,1,1,28,4.0,36.0,3,9.0,12.0,8.0,10,35.71,4,1
545,16,2.0,1,1,24,4.0,30.0,5,7.5,6.0,4.8,10,41.67,4,0
546,16,2.0,1,1,24,4.0,38.0,0,9.5,0.0,inf,5,20.83,2,2
564,16,2.0,1,1,19,3.0,24.0,0,8.0,0.0,inf,6,31.58,4,0
623,16,2.0,1,1,25,4.0,35.0,1,8.75,35.0,24.0,6,24.0,3,0
625,16,2.0,1,1,19,3.0,40.0,0,13.33,0.0,inf,2,10.53,3,3
639,16,2.0,1,1,26,4.0,49.0,1,12.25,49.0,24.0,6,23.08,4,3
644,16,2.0,1,1,6,1.0,20.0,0,20.0,0.0,inf,0,0.0,1,2
656,16,2.0,1,1,25,4.0,24.0,0,6.0,0.0,inf,10,40.0,1,1
674,16,2.0,1,1,24,4.0,36.0,0,9.0,0.0,inf,8,33.33,3,2
679,16,2.0,1,1,7,1.0,7.0,0,7.0,0.0,inf,3,42.86,1,0
682,16,2.0,1,1,26,4.0,52.0,2,13.0,26.0,12.0,7,26.92,3,4
712,16,2.0,2,2,46,7.0,107.0,1,15.29,107.0,44.0,8,17.39,11,7
729,16,2.0,6,6,112,18.0,187.0,3,10.39,62.33,36.0,33,29.46,15,11
733,16,2.0,1,1,7,1.0,13.0,0,13.0,0.0,inf,2,28.57,1,1
734,16,2.0,1,1,18,3.0,27.0,0,9.0,0.0,inf,3,16.67,4,0
744,16,2.0,1,1,26,4.0,39.0,1,9.75,39.0,24.0,11,42.31,2,3
6,16,3.0,1,1,24,4.0,37.0,0,9.25,0.0,inf,3,12.5,0,3
18,16,3.0,1,1,24,4.0,53.0,0,13.25,0.0,inf,7,29.17,5,4
20,16,3.0,1,1,24,4.0,39.0,1,9.75,39.0,24.0,7,29.17,5,1
38,16,3.0,7,7,184,30.0,200.0,11,6.67,18.18,15.27,83,45.11,21,6
58,16,3.0,1,1,13,2.0,27.0,0,13.5,0.0,inf,3,23.08,2,2
60,16,3.0,1,1,6,1.0,8.0,0,8.0,0.0,inf,1,16.67,1,0
63,16,3.0,3,3,36,6.0,69.0,1,11.5,69.0,34.0,7,19.44,3,6
116,16,3.0,1,1,24,4.0,29.0,2,7.25,14.5,12.0,11,45.83,1,2
123,16,3.0,5,5,114,19.0,187.0,7,9.84,26.71,15.43,27,23.68,16,9
137,16,3.0,1,1,25,4.0,36.0,1,9.0,36.0,24.0,6,24.0,2,2
139,16,3.0,1,1,6,1.0,17.0,0,17.0,0.0,inf,0,0.0,0,2
148,16,3.0,1,1,25,4.0,39.0,1,9.75,39.0,24.0,8,32.0,7,0
178,16,3.0,1,1,26,4.0,54.0,0,13.5,0.0,inf,2,7.69,8,1
179,16,3.0,1,1,26,4.0,28.0,1,7.0,28.0,24.0,7,26.92,0,1
200,16,3.0,3,3,18,3.0,51.0,0,17.0,0.0,inf,2,11.11,1,6
215,16,3.0,2,2,18,3.0,32.0,1,10.67,32.0,18.0,8,44.44,3,2
224,16,3.0,7,7,177,29.0,264.0,9,9.1,29.33,18.22,45,25.42,19,13
234,16,3.0,1,1,12,2.0,18.0,1,9.0,18.0,12.0,2,16.67,1,1
251,16,3.0,1,1,24,4.0,26.0,0,6.5,0.0,inf,11,45.83,2,1
255,16,3.0,1,1,24,4.0,41.0,0,10.25,0.0,inf,1,4.17,1,2
282,16,3.0,1,1,18,3.0,37.0,0,12.33,0.0,inf,6,33.33,3,3
292,16,3.0,1,1,25,4.0,41.0,2,10.25,20.5,12.0,8,32.0,6,0
297,16,3.0,1,1,12,2.0,18.0,2,9.0,9.0,6.0,4,33.33,2,1
312,16,3.0,1,1,24,4.0,27.0,3,6.75,9.0,8.0,9,37.5,2,1
318,16,3.0,1,1,18,3.0,35.0,1,11.67,35.0,18.0,9,50.0,3,3
327,16,3.0,1,1,6,1.0,13.0,1,13.0,13.0,6.0,3,50.0,0,2
341,16,3.0,1,1,18,3.0,29.0,1,9.67,29.0,18.0,7,38.89,2,2
346,16,3.0,3,3,69,11.0,89.0,1,8.09,89.0,66.0,21,30.43,8,3
354,16,3.0,1,1,12,2.0,14.0,1,7.0,14.0,12.0,7,58.33,3,0
360,16,3.0,4,4,78,13.0,114.0,4,8.77,28.5,19.5,19,24.36,11,3
363,16,3.0,1,1,24,4.0,24.0,1,6.0,24.0,24.0,5,20.83,1,0
367,16,3.0,1,1,25,4.0,39.0,0,9.75,0.0,inf,5,20.0,1,3
371,16,3.0,1,1,25,4.0,49.0,2,12.25,24.5,12.0,9,36.0,7,2
372,16,3.0,1,1,26,4.0,32.0,1,8.0,32.0,24.0,10,38.46,1,3
389,16,3.0,1,1,25,4.0,29.0,1,7.25,29.0,24.0,6,24.0,0,2
390,16,3.0,1,1,26,4.0,42.0,2,10.5,21.0,12.0,9,34.62,3,3
411,16,3.0,1,1,18,3.0,28.0,1,9.33,28.0,14.0,6,33.33,2,2
421,16,3.0,1,1,12,2.0,30.0,1,15.0,30.0,12.0,4,33.33,2,3
472,16,3.0,1,1,24,4.0,23.0,2,5.75,11.5,12.0,9,37.5,3,0
485,16,3.0,2,2,44,7.0,80.0,3,11.43,26.67,14.0,11,25.0,4,7
493,16,3.0,1,1,24,4.0,33.0,0,8.25,0.0,inf,10,41.67,2,2
495,16,3.0,1,1,26,4.0,39.0,2,9.75,19.5,12.0,5,19.23,4,1
546,16,3.0,1,1,24,4.0,35.0,0,8.75,0.0,inf,4,16.67,2,2
564,16,3.0,1,1,6,1.0,19.0,0,19.0,0.0,inf,0,0.0,1,2
623,16,3.0,1,1,25,4.0,30.0,2,7.5,15.0,12.0,5,20.0,3,0
656,16,3.0,1,1,18,3.0,25.0,1,8.33,25.0,18.0,9,50.0,0,3
660,16,3.0,4,4,96,16.0,159.0,5,9.94,31.8,18.2,30,31.25,17,8
674,16,3.0,1,1,25,4.0,41.0,1,10.25,41.0,24.0,3,12.0,1,3
693,16,3.0,1,1,13,2.0,22.0,0,11.0,0.0,inf,1,7.69,3,0
712,16,3.0,1,1,27,4.0,45.0,3,11.25,15.0,8.0,8,29.63,5,2
742,16,3.0,1,1,18,3.0,28.0,0,9.33,0.0,inf,2,11.11,3,1
744,16,3.0,1,1,27,4.0,31.0,0,7.75,0.0,inf,6,22.22,3,0
755,16,3.0,1,1,24,4.0,32.0,0,8.0,0.0,inf,4,16.67,3,1
772,16,3.0,1,1,18,3.0,41.0,0,13.67,0.0,inf,2,11.11,5,2
18,16,7.0,1,1,12,2.0,28.0,0,14.0,0.0,inf,1,8.33,3,1
38,16,7.0,1,1,24,4.0,21.0,4,5.25,5.25,6.0,12,50.0,3,0
52,16,7.0,4,4,60,10.0,79.0,3,7.9,26.33,20.0,18,30.0,4,4
63,16,7.0,1,1,6,1.0,5.0,0,5.0,0.0,inf,1,16.67,0,0
84,16,7.0,2,2,25,4.0,42.0,1,10.5,42.0,24.0,6,24.0,4,2
85,16,7.0,1,1,24,4.0,37.0,4,9.25,9.25,5.75,8,33.33,3,2
106,16,7.0,5,5,103,17.0,169.0,3,9.94,56.33,33.67,21,20.39,15,7
123,16,7.0,1,1,19,3.0,29.0,0,9.67,0.0,inf,6,31.58,2,2
148,16,7.0,1,1,25,4.0,44.0,1,11.0,44.0,24.0,9,36.0,7,1
162,16,7.0,5,5,96,16.0,119.0,1,7.44,119.0,96.0,27,28.12,12,2
172,16,7.0,1,1,29,4.0,32.0,1,8.0,32.0,24.0,11,37.93,1,2
178,16,7.0,1,1,24,4.0,18.0,2,4.5,9.0,12.0,12,50.0,2,0
189,16,7.0,2,2,24,4.0,35.0,1,8.75,35.0,24.0,12,50.0,3,3
224,16,7.0,1,1,22,3.0,22.0,1,7.33,22.0,20.0,9,40.91,1,1
234,16,7.0,1,1,12,2.0,23.0,0,11.5,0.0,inf,1,8.33,2,1
251,16,7.0,1,1,24,4.0,29.0,2,7.25,14.5,12.0,7,29.17,4,0
255,16,7.0,1,1,25,4.0,40.0,1,10.0,40.0,24.0,8,32.0,3,2
265,16,7.0,1,1,6,1.0,4.0,0,4.0,0.0,inf,5,83.33,1,0
312,16,7.0,1,1,25,4.0,26.0,1,6.5,26.0,24.0,9,36.0,2,1
319,16,7.0,5,5,118,19.0,206.0,7,10.84,29.43,16.14,32,27.12,30,5
360,16,7.0,1,1,24,4.0,39.0,2,9.75,19.5,12.0,7,29.17,2,3
363,16,7.0,1,1,24,4.0,26.0,1,6.5,26.0,24.0,12,50.0,3,1
367,16,7.0,1,1,25,4.0,41.0,2,10.25,20.5,12.0,8,32.0,4,2
411,16,7.0,1,1,25,4.0,48.0,1,12.0,48.0,24.0,9,36.0,7,2
421,16,7.0,1,1,12,2.0,15.0,0,7.5,0.0,inf,7,58.33,2,0
439,16,7.0,1,1,24,4.0,54.0,2,13.5,27.0,12.0,7,29.17,6,3
455,16,7.0,1,1,21,3.0,24.0,0,8.0,0.0,inf,2,9.52,0,1
470,16,7.0,3,3,69,11.0,102.0,4,9.27,25.5,16.5,18,26.09,7,4
493,16,7.0,1,1,27,4.0,56.0,0,14.0,0.0,inf,3,11.11,4,3
546,16,7.0,1,1,7,1.0,13.0,0,13.0,0.0,inf,2,28.57,1,1
564,16,7.0,1,1,24,4.0,27.0,1,6.75,27.0,24.0,11,45.83,2,1
625,16,7.0,1,1,25,4.0,43.0,0,10.75,0.0,inf,7,28.0,4,2
629,16,7.0,1,1,1,0.0,0.0,0,,0.0,inf,1,100.0,0,0
644,16,7.0,1,1,15,2.0,21.0,1,10.5,21.0,11.0,4,26.67,2,1
660,16,7.0,1,1,18,3.0,32.0,1,10.67,32.0,18.0,9,50.0,1,4
682,16,7.0,1,1,19,3.0,37.0,0,12.33,0.0,inf,1,5.26,3,1
685,16,7.0,2,2,52,8.0,88.0,3,11.0,29.33,16.0,20,38.46,8,6
690,16,7.0,1,1,26,4.0,30.0,3,7.5,10.0,8.0,10,38.46,2,0
717,16,7.0,2,2,12,2.0,28.0,1,14.0,28.0,12.0,1,8.33,4,1
729,16,7.0,1,1,27,4.0,31.0,1,7.75,31.0,24.0,10,37.04,3,1
747,16,7.0,1,1,6,1.0,8.0,0,8.0,0.0,inf,1,16.67,1,0
763,16,7.0,1,1,21,3.0,42.0,0,14.0,0.0,inf,7,33.33,4,3
6,16,8.0,8,8,166,27.0,181.0,11,6.7,16.45,14.73,60,36.14,10,6
16,16,8.0,1,1,18,3.0,37.0,0,12.33,0.0,inf,4,22.22,6,1
18,16,8.0,1,1,19,3.0,39.0,1,13.0,39.0,18.0,4,21.05,6,0
71,16,8.0,1,1,26,4.0,32.0,1,8.0,32.0,24.0,8,30.77,1,2
76,16,8.0,1,1,18,3.0,18.0,0,6.0,0.0,inf,8,44.44,2,0
78,16,8.0,1,1,6,1.0,18.0,0,18.0,0.0,inf,0,0.0,2,1
84,16,8.0,1,1,18,3.0,31.0,1,10.33,31.0,18.0,6,33.33,4,1
85,16,8.0,2,2,51,8.0,70.0,3,8.75,23.33,16.0,14,27.45,6,3
106,16,8.0,1,1,27,4.0,46.0,1,11.5,46.0,24.0,7,25.93,5,2
115,16,8.0,1,1,25,4.0,44.0,1,11.0,44.0,24.0,8,32.0,4,2
137,16,8.0,1,1,26,4.0,25.0,2,6.25,12.5,12.0,10,38.46,1,1
139,16,8.0,1,1,7,1.0,18.0,0,18.0,0.0,inf,1,14.29,2,1
145,16,8.0,1,1,12,2.0,19.0,0,9.5,0.0,inf,5,41.67,2,1
148,16,8.0,1,1,25,4.0,28.0,2,7.0,14.0,12.0,9,36.0,2,1
162,16,8.0,1,1,24,4.0,35.0,1,8.75,35.0,24.0,7,29.17,2,2
178,16,8.0,1,1,24,4.0,31.0,2,7.75,15.5,12.0,4,16.67,3,0
179,16,8.0,1,1,25,4.0,27.0,2,6.75,13.5,12.0,8,32.0,2,0
213,16,8.0,1,1,24,4.0,21.0,1,5.25,21.0,24.0,8,33.33,0,1
217,16,8.0,5,5,113,18.0,157.0,9,8.72,17.44,11.33,42,37.17,18,5
243,16,8.0,1,1,25,4.0,43.0,1,10.75,43.0,24.0,5,20.0,4,1
251,16,8.0,2,2,50,8.0,53.0,3,6.62,17.67,16.0,16,32.0,3,2
255,16,8.0,1,1,24,4.0,15.0,2,3.75,7.5,12.0,10,41.67,0,0
265,16,8.0,1,1,13,2.0,16.0,0,8.0,0.0,inf,1,7.69,1,0
282,16,8.0,1,1,18,3.0,21.0,0,7.0,0.0,inf,6,33.33,3,0
283,16,8.0,1,1,12,2.0,8.0,0,4.0,0.0,inf,3,25.0,0,0
297,16,8.0,1,1,21,3.0,18.0,3,6.0,6.0,6.0,6,28.57,1,0
312,16,8.0,1,1,25,4.0,36.0,2,9.0,18.0,12.0,5,20.0,2,1
318,16,8.0,3,3,62,10.0,92.0,3,9.2,30.67,20.0,21,33.87,6,6
319,16,8.0,1,1,27,4.0,37.0,1,9.25,37.0,24.0,8,29.63,5,0
327,16,8.0,7,7,109,18.0,132.0,5,7.33,26.4,21.6,37,33.94,8,6
363,16,8.0,1,1,24,4.0,37.0,1,9.25,37.0,24.0,5,20.83,2,1
367,16,8.0,2,2,50,8.0,58.0,3,7.25,19.33,16.0,17,34.0,2,3
371,16,8.0,1,1,20,3.0,30.0,1,10.0,30.0,18.0,6,30.0,1,2
372,16,8.0,1,1,24,4.0,49.0,3,12.25,16.33,8.0,6,25.0,3,5
383,16,8.0,1,1,14,2.0,23.0,0,11.5,0.0,inf,3,21.43,4,0
389,16,8.0,1,1,18,3.0,34.0,1,11.33,34.0,18.0,5,27.78,2,3
390,16,8.0,6,6,154,25.0,166.0,10,6.64,16.6,13.8,50,32.47,12,2
411,16,8.0,1,1,10,1.0,28.0,0,28.0,0.0,inf,3,30.0,2,3
421,16,8.0,2,2,26,4.0,25.0,0,6.25,0.0,inf,11,42.31,3,0
444,16,8.0,1,1,6,1.0,11.0,0,11.0,0.0,inf,2,33.33,2,0
472,16,8.0,1,1,27,4.0,28.0,1,7.0,28.0,24.0,5,18.52,0,1
482,16,8.0,1,1,12,2.0,7.0,1,3.5,7.0,12.0,9,75.0,1,0
493,16,8.0,1,1,25,4.0,24.0,0,6.0,0.0,inf,10,40.0,3,0
495,16,8.0,1,1,24,4.0,29.0,1,7.25,29.0,24.0,6,25.0,3,0
508,16,8.0,2,2,12,2.0,28.0,0,14.0,0.0,inf,6,50.0,2,3
532,16,8.0,1,1,18,3.0,24.0,1,8.0,24.0,18.0,8,44.44,1,2
540,16,8.0,1,1,15,2.0,24.0,0,12.0,0.0,inf,4,26.67,2,1
545,16,8.0,1,1,12,2.0,10.0,0,5.0,0.0,inf,6,50.0,1,0
546,16,8.0,2,2,36,6.0,59.0,0,9.83,0.0,inf,9,25.0,6,3
556,16,8.0,1,1,13,2.0,14.0,0,7.0,0.0,inf,2,15.38,0,0
602,16,8.0,1,1,18,3.0,21.0,0,7.0,0.0,inf,5,27.78,2,0
623,16,8.0,1,1,19,3.0,29.0,0,9.67,0.0,inf,6,31.58,0,3
625,16,8.0,1,1,19,3.0,15.0,1,5.0,15.0,18.0,7,36.84,1,0
638,16,8.0,1,1,16,2.0,16.0,0,8.0,0.0,inf,4,25.0,1,0
656,16,8.0,1,1,24,4.0,27.0,2,6.75,13.5,12.0,8,33.33,2,1
664,16,8.0,1,1,12,2.0,14.0,1,7.0,14.0,12.0,3,25.0,0,1
674,16,8.0,7,7,151,25.0,199.0,3,7.96,66.33,50.0,36,23.84,17,4
682,16,8.0,2,2,27,4.0,9.0,6,2.25,1.5,4.5,18,66.67,0,0
685,16,8.0,1,1,25,4.0,34.0,0,8.5,0.0,inf,7,28.0,4,1
690,16,8.0,1,1,27,4.0,38.0,4,9.5,9.5,6.0,9,33.33,3,2
693,16,8.0,1,1,26,4.0,30.0,1,7.5,30.0,24.0,7,26.92,2,0
712,16,8.0,8,8,193,32.0,269.0,10,8.41,26.9,17.7,68,35.23,24,11
717,16,8.0,1,1,6,1.0,16.0,0,16.0,0.0,inf,0,0.0,3,0
724,16,8.0,1,1,24,4.0,33.0,0,8.25,0.0,inf,6,25.0,1,2
734,16,8.0,1,1,24,4.0,23.0,2,5.75,11.5,12.0,8,33.33,2,0
755,16,8.0,1,1,19,3.0,37.0,0,12.33,0.0,inf,3,15.79,4,2
6,16,10.0,1,1,25,4.0,50.0,1,12.5,50.0,24.0,4,16.0,3,4
20,16,10.0,1,1,6,1.0,12.0,0,12.0,0.0,inf,0,0.0,0,1
31,16,10.0,1,1,9,1.0,20.0,0,20.0,0.0,inf,2,22.22,3,0
38,16,10.0,1,1,13,2.0,28.0,0,14.0,0.0,inf,3,23.08,3,2
52,16,10.0,1,1,25,4.0,30.0,4,7.5,7.5,6.0,11,44.0,5,0
60,16,10.0,1,1,24,4.0,17.0,2,4.25,8.5,12.0,10,41.67,1,0
63,16,10.0,1,1,10,1.0,14.0,0,14.0,0.0,inf,3,30.0,1,1
69,16,10.0,1,1,7,1.0,7.0,0,7.0,0.0,inf,3,42.86,1,0
71,16,10.0,4,4,104,17.0,164.0,3,9.65,54.67,32.0,33,31.73,16,8
76,16,10.0,1,1,6,1.0,22.0,0,22.0,0.0,inf,0,0.0,2,2
84,16,10.0,1,1,6,1.0,3.0,0,3.0,0.0,inf,3,50.0,0,0
106,16,10.0,1,1,12,2.0,18.0,0,9.0,0.0,inf,4,33.33,3,0
116,16,10.0,1,1,7,1.0,12.0,0,12.0,0.0,inf,3,42.86,2,0
139,16,10.0,1,1,26,4.0,43.0,1,10.75,43.0,24.0,10,38.46,4,2
148,16,10.0,1,1,28,4.0,41.0,3,10.25,13.67,8.0,15,53.57,5,1
162,16,10.0,1,1,25,4.0,16.0,2,4.0,8.0,12.0,17,68.0,3,0
169,16,10.0,1,1,24,4.0,34.0,1,8.5,34.0,24.0,4,16.67,2,1
172,16,10.0,1,1,25,4.0,29.0,2,7.25,14.5,12.0,13,52.0,3,1
187,16,10.0,1,1,26,4.0,19.0,2,4.75,9.5,12.0,13,50.0,2,0
189,16,10.0,1,1,6,1.0,10.0,0,10.0,0.0,inf,2,33.33,2,0
217,16,10.0,1,1,24,4.0,22.0,3,5.5,7.33,8.0,14,58.33,2,1
224,16,10.0,1,1,13,2.0,32.0,1,16.0,32.0,12.0,4,30.77,2,3
247,16,10.0,1,1,19,3.0,19.0,1,6.33,19.0,18.0,8,42.11,1,1
251,16,10.0,1,1,24,4.0,22.0,3,5.5,7.33,8.0,9,37.5,2,0
255,16,10.0,1,1,25,4.0,36.0,0,9.0,0.0,inf,6,24.0,6,0
282,16,10.0,1,1,18,3.0,23.0,3,7.67,7.67,6.0,8,44.44,1,2
297,16,10.0,5,5,86,14.0,118.0,7,8.43,16.86,11.29,21,24.42,4,7
312,16,10.0,1,1,24,4.0,16.0,2,4.0,8.0,12.0,13,54.17,2,0
319,16,10.0,1,1,24,4.0,32.0,0,8.0,0.0,inf,8,33.33,2,2
334,16,10.0,6,6,105,17.0,177.0,5,10.41,35.4,19.2,40,38.1,19,10
360,16,10.0,1,1,24,4.0,32.0,0,8.0,0.0,inf,9,37.5,2,2
363,16,10.0,1,1,24,4.0,31.0,3,7.75,10.33,8.0,9,37.5,2,2
383,16,10.0,4,4,81,13.0,106.0,5,8.15,21.2,15.6,33,40.74,17,1
389,16,10.0,2,2,39,6.0,55.0,0,9.17,0.0,inf,11,28.21,4,3
390,16,10.0,1,1,29,4.0,22.0,2,5.5,11.0,12.0,10,34.48,1,0
399,16,10.0,1,1,18,3.0,18.0,0,6.0,0.0,inf,5,27.78,2,0
411,16,10.0,1,1,7,1.0,12.0,0,12.0,0.0,inf,1,14.29,2,0
421,16,10.0,1,1,19,3.0,30.0,0,10.0,0.0,inf,4,21.05,5,0
427,16,10.0,1,1,19,3.0,29.0,1,9.67,29.0,18.0,9,47.37,2,2
470,16,10.0,1,1,25,4.0,26.0,2,6.5,13.0,12.0,6,24.0,2,0
472,16,10.0,7,7,134,22.0,186.0,3,8.45,62.0,44.0,36,26.87,8,12
485,16,10.0,1,1,18,3.0,33.0,1,11.0,33.0,18.0,3,16.67,4,1
545,16,10.0,1,1,27,4.0,45.0,1,11.25,45.0,24.0,5,18.52,3,2
564,16,10.0,1,1,6,1.0,6.0,0,6.0,0.0,inf,3,50.0,1,0
639,16,10.0,1,1,23,3.0,34.0,2,11.33,17.0,11.0,9,39.13,5,1
656,16,10.0,6,6,131,21.0,138.0,4,6.57,34.5,31.5,50,38.17,7,6
674,16,10.0,1,1,24,4.0,23.0,2,5.75,11.5,12.0,11,45.83,1,1
681,16,10.0,1,1,28,4.0,36.0,1,9.0,36.0,24.0,9,32.14,5,0
712,16,10.0,1,1,25,4.0,26.0,1,6.5,26.0,24.0,10,40.0,4,0
729,16,10.0,1,1,24,4.0,27.0,0,6.75,0.0,inf,11,45.83,2,1
733,16,10.0,1,1,18,3.0,26.0,1,8.67,26.0,18.0,5,27.78,2,1
734,16,10.0,1,1,24,4.0,20.0,2,5.0,10.0,12.0,7,29.17,1,0
740,16,10.0,1,1,24,4.0,40.0,1,10.0,40.0,24.0,5,20.83,4,2
744,16,10.0,5,5,126,21.0,181.0,5,8.62,36.2,24.0,43,34.13,16,8
749,16,10.0,1,1,6,1.0,13.0,0,13.0,0.0,inf,1,16.67,1,1
772,16,10.0,1,1,24,4.0,38.0,1,9.5,38.0,24.0,11,45.83,5,2
52,16,11.0,1,1,20,3.0,39.0,0,13.0,0.0,inf,2,10.0,3,2
71,16,11.0,1,1,19,3.0,20.0,1,6.67,20.0,18.0,11,57.89,1,2
106,16,11.0,2,2,51,8.0,82.0,3,10.25,27.33,16.0,18,35.29,12,2
162,16,11.0,2,2,46,7.0,63.0,1,9.0,63.0,46.0,12,26.09,5,2
179,16,11.0,1,1,25,4.0,40.0,0,10.0,0.0,inf,9,36.0,3,3
243,16,11.0,1,1,24,4.0,26.0,1,6.5,26.0,24.0,6,25.0,2,0
292,16,11.0,1,1,25,4.0,35.0,1,8.75,35.0,24.0,12,48.0,3,2
319,16,11.0,2,2,41,6.0,61.0,1,10.17,61.0,36.0,14,34.15,6,3
334,16,11.0,1,1,25,4.0,52.0,1,13.0,52.0,24.0,7,28.0,3,5
371,16,11.0,1,1,27,4.0,46.0,0,11.5,0.0,inf,6,22.22,3,3
383,16,11.0,1,1,19,3.0,36.0,2,12.0,18.0,9.0,9,47.37,5,2
470,16,11.0,2,2,49,8.0,80.0,1,10.0,80.0,48.0,14,28.57,8,3
472,16,11.0,1,1,19,3.0,21.0,0,7.0,0.0,inf,4,21.05,0,1
557,16,11.0,1,1,25,4.0,40.0,3,10.0,13.33,8.0,9,36.0,6,1
656,16,11.0,1,1,18,3.0,27.0,1,9.0,27.0,18.0,3,16.67,4,0
685,16,11.0,2,2,44,7.0,76.0,2,10.86,38.0,21.0,20,45.45,4,8
744,16,11.0,1,1,24,4.0,36.0,2,9.0,18.0,12.0,10,41.67,2,3
52,16,15.0,1,1,12,2.0,15.0,0,7.5,0.0,inf,5,41.67,2,0
71,16,15.0,1,1,14,2.0,31.0,0,15.5,0.0,inf,3,21.43,6,0
84,16,15.0,1,1,14,2.0,24.0,0,12.0,0.0,inf,2,14.29,1,1
106,16,15.0,1,1,24,4.0,44.0,0,11.0,0.0,inf,6,25.0,3,3
137,16,15.0,2,2,52,8.0,50.0,3,6.25,16.67,16.0,17,32.69,4,0
162,16,15.0,1,1,24,4.0,31.0,0,7.75,0.0,inf,5,20.83,1,1
179,16,15.0,2,2,51,8.0,77.0,4,9.62,19.25,12.0,12,23.53,9,1
199,16,15.0,1,1,14,2.0,18.0,1,9.0,18.0,12.0,4,28.57,1,1
292,16,15.0,2,2,49,8.0,67.0,3,8.38,22.33,16.0,19,38.78,8,2
319,16,15.0,1,1,27,4.0,47.0,2,11.75,23.5,12.0,10,37.04,4,3
334,16,15.0,1,1,24,4.0,36.0,2,9.0,18.0,12.0,7,29.17,3,2
350,16,15.0,1,1,28,4.0,54.0,0,13.5,0.0,inf,7,25.0,5,3
371,16,15.0,1,1,25,4.0,20.0,1,5.0,20.0,24.0,11,44.0,2,0
470,16,15.0,1,1,24,4.0,30.0,4,7.5,7.5,6.0,11,45.83,2,2
472,16,15.0,1,1,24,4.0,31.0,1,7.75,31.0,24.0,8,33.33,2,1
611,16,15.0,1,1,7,1.0,11.0,0,11.0,0.0,inf,0,0.0,0,0
656,16,15.0,1,1,24,4.0,38.0,0,9.5,0.0,inf,6,25.0,5,1
744,16,15.0,1,1,24,4.0,44.0,0,11.0,0.0,inf,10,41.67,6,2
755,16,15.0,2,2,43,7.0,57.0,2,8.14,28.5,21.0,10,23.26,6,1
9,16,16.0,1,1,20,3.0,18.0,1,6.0,18.0,17.0,7,35.0,2,0
16,16,16.0,4,4,75,12.0,110.0,6,9.17,18.33,12.0,36,48.0,12,6
18,16,16.0,1,1,12,2.0,30.0,1,15.0,30.0,12.0,2,16.67,5,1
38,16,16.0,1,1,26,4.0,17.0,1,4.25,17.0,24.0,15,57.69,2,0
51,16,16.0,2,2,48,8.0,73.0,2,9.12,36.5,22.0,18,37.5,12,0
52,16,16.0,1,1,19,3.0,26.0,0,8.67,0.0,inf,8,42.11,5,0
76,16,16.0,3,3,56,9.0,78.0,3,8.67,26.0,18.0,21,37.5,9,3
85,16,16.0,1,1,24,4.0,28.0,1,7.0,28.0,24.0,11,45.83,1,2
91,16,16.0,1,1,24,4.0,33.0,0,8.25,0.0,inf,6,25.0,1,2
93,16,16.0,1,1,15,2.0,34.0,0,17.0,0.0,inf,2,13.33,3,2
106,16,16.0,1,1,18,3.0,14.0,0,4.67,0.0,inf,8,44.44,1,0
116,16,16.0,1,1,7,1.0,15.0,1,15.0,15.0,6.0,4,57.14,2,1
137,16,16.0,1,1,26,4.0,27.0,1,6.75,27.0,24.0,10,38.46,1,1
139,16,16.0,1,1,6,1.0,12.0,0,12.0,0.0,inf,1,16.67,0,1
145,16,16.0,1,1,26,4.0,27.0,1,6.75,27.0,24.0,11,42.31,1,2
162,16,16.0,1,1,18,3.0,28.0,1,9.33,28.0,18.0,8,44.44,4,1
169,16,16.0,7,7,159,26.0,229.0,7,8.81,32.71,22.29,45,28.3,21,8
179,16,16.0,1,1,24,4.0,17.0,4,4.25,4.25,6.0,11,45.83,0,0
184,16,16.0,1,1,19,3.0,24.0,1,8.0,24.0,18.0,7,36.84,4,0
187,16,16.0,1,1,19,3.0,26.0,1,8.67,26.0,18.0,6,31.58,1,2
200,16,16.0,1,1,18,3.0,38.0,1,12.67,38.0,18.0,4,22.22,4,2
215,16,16.0,1,1,12,2.0,13.0,2,6.5,6.5,6.0,5,41.67,2,0
224,16,16.0,1,1,25,4.0,37.0,1,9.25,37.0,24.0,4,16.0,3,1
234,16,16.0,1,1,25,4.0,40.0,1,10.0,40.0,24.0,8,32.0,2,3
251,16,16.0,1,1,24,4.0,43.0,2,10.75,21.5,12.0,5,20.83,4,2
255,16,16.0,1,1,12,2.0,16.0,0,8.0,0.0,inf,1,8.33,1,0
265,16,16.0,1,1,7,1.0,11.0,0,11.0,0.0,inf,3,42.86,2,0
282,16,16.0,1,1,25,4.0,37.0,2,9.25,18.5,12.0,7,28.0,5,0
292,16,16.0,1,1,24,4.0,21.0,2,5.25,10.5,12.0,15,62.5,2,1
297,16,16.0,1,1,13,2.0,16.0,0,8.0,0.0,inf,3,23.08,1,0
312,16,16.0,1,1,24,4.0,20.0,1,5.0,20.0,24.0,9,37.5,2,0
319,16,16.0,1,1,18,3.0,20.0,1,6.67,20.0,18.0,10,55.56,4,0
334,16,16.0,1,1,18,3.0,27.0,0,9.0,0.0,inf,4,22.22,4,0
350,16,16.0,1,1,19,3.0,15.0,0,5.0,0.0,inf,9,47.37,1,0
367,16,16.0,1,1,12,2.0,23.0,0,11.5,0.0,inf,1,8.33,2,1
383,16,16.0,1,1,18,3.0,18.0,1,6.0,18.0,18.0,8,44.44,2,0
421,16,16.0,1,1,25,4.0,29.0,1,7.25,29.0,24.0,6,24.0,4,0
424,16,16.0,1,1,13,2.0,19.0,0,9.5,0.0,inf,3,23.08,1,1
444,16,16.0,2,2,24,4.0,31.0,1,7.75,31.0,24.0,4,16.67,2,1
470,16,16.0,1,1,18,3.0,28.0,0,9.33,0.0,inf,5,27.78,5,0
472,16,16.0,1,1,24,4.0,22.0,1,5.5,22.0,24.0,6,25.0,1,0
485,16,16.0,1,1,19,3.0,45.0,0,15.0,0.0,inf,0,0.0,1,4
516,16,16.0,2,2,24,4.0,51.0,1,12.75,51.0,20.0,6,25.0,7,2
545,16,16.0,7,7,168,28.0,222.0,6,7.93,37.0,27.0,69,41.07,28,7
546,16,16.0,1,1,24,4.0,24.0,2,6.0,12.0,12.0,12,50.0,2,1
566,16,16.0,1,1,12,2.0,29.0,0,14.5,0.0,inf,3,25.0,3,2
602,16,16.0,1,1,24,4.0,25.0,0,6.25,0.0,inf,8,33.33,1,1
625,16,16.0,1,1,18,3.0,23.0,2,7.67,11.5,9.0,6,33.33,3,0
638,16,16.0,4,4,72,12.0,99.0,3,8.25,33.0,24.0,28,38.89,8,5
639,16,16.0,1,1,27,4.0,33.0,2,8.25,16.5,12.0,9,33.33,3,1
656,16,16.0,1,1,24,4.0,21.0,2,5.25,10.5,12.0,8,33.33,1,0
660,16,16.0,1,1,24,4.0,35.0,0,8.75,0.0,inf,5,20.83,3,1
693,16,16.0,1,1,21,3.0,32.0,2,10.67,16.0,9.0,5,23.81,5,0
702,16,16.0,2,2,18,3.0,20.0,1,6.67,20.0,18.0,6,33.33,2,0
733,16,16.0,2,2,38,6.0,70.0,1,11.67,70.0,36.0,10,26.32,4,6
734,16,16.0,5,5,116,19.0,152.0,6,8.0,25.33,19.0,41,35.34,15,5
744,16,16.0,1,1,24,4.0,33.0,2,8.25,16.5,12.0,10,41.67,4,1
755,16,16.0,1,1,18,3.0,16.0,1,5.33,16.0,18.0,10,55.56,1,1
6,16,18.0,1,1,25,4.0,32.0,1,8.0,32.0,24.0,6,24.0,2,1
16,16,18.0,1,1,25,4.0,44.0,1,11.0,44.0,24.0,4,16.0,6,1
18,16,18.0,1,1,24,4.0,25.0,3,6.25,8.33,8.0,11,45.83,4,0
38,16,18.0,1,1,13,2.0,10.0,1,5.0,10.0,12.0,9,69.23,2,0
63,16,18.0,1,1,6,1.0,3.0,1,3.0,3.0,6.0,4,66.67,0,0
137,16,18.0,5,5,107,17.0,134.0,5,7.88,26.8,20.4,27,25.23,7,5
148,16,18.0,1,1,26,4.0,27.0,1,6.75,27.0,24.0,13,50.0,2,1
169,16,18.0,1,1,25,4.0,36.0,0,9.0,0.0,inf,7,28.0,4,1
178,16,18.0,1,1,5,0.0,5.0,0,inf,0.0,inf,0,0.0,0,0
179,16,18.0,5,5,108,18.0,150.0,5,8.33,30.0,21.4,30,27.78,12,5
184,16,18.0,1,1,13,2.0,27.0,0,13.5,0.0,inf,6,46.15,2,2
215,16,18.0,1,1,18,3.0,16.0,2,5.33,8.0,9.0,10,55.56,1,1
228,16,18.0,1,1,13,2.0,18.0,0,9.0,0.0,inf,4,30.77,1,1
234,16,18.0,1,1,12,2.0,15.0,0,7.5,0.0,inf,2,16.67,2,0
242,16,18.0,2,2,42,7.0,68.0,2,9.71,34.0,21.0,9,21.43,3,4
243,16,18.0,3,3,60,10.0,87.0,5,8.7,17.4,12.0,19,31.67,7,5
292,16,18.0,2,2,42,7.0,44.0,1,6.29,44.0,42.0,24,57.14,7,1
318,16,18.0,1,1,12,2.0,32.0,0,16.0,0.0,inf,3,25.0,6,1
327,16,18.0,1,1,12,2.0,17.0,0,8.5,0.0,inf,2,16.67,0,1
350,16,18.0,1,1,25,4.0,42.0,2,10.5,21.0,12.0,8,32.0,2,3
363,16,18.0,1,1,26,4.0,14.0,3,3.5,4.67,8.0,13,50.0,0,0
367,16,18.0,1,1,25,4.0,25.0,0,6.25,0.0,inf,6,24.0,2,0
371,16,18.0,5,5,118,19.0,157.0,2,8.26,78.5,57.0,35,29.66,19,2
390,16,18.0,1,1,26,4.0,48.0,0,12.0,0.0,inf,4,15.38,5,1
399,16,18.0,1,1,12,2.0,22.0,1,11.0,22.0,12.0,3,25.0,3,1
485,16,18.0,1,1,9,1.0,19.0,2,19.0,9.5,4.5,5,55.56,0,3
495,16,18.0,1,1,21,3.0,25.0,2,8.33,12.5,9.0,7,33.33,2,1
545,16,18.0,1,1,26,4.0,44.0,1,11.0,44.0,24.0,7,26.92,6,1
555,16,18.0,1,1,7,1.0,13.0,0,13.0,0.0,inf,2,28.57,1,1
611,16,18.0,1,1,18,3.0,42.0,0,14.0,0.0,inf,3,16.67,2,4
644,16,18.0,1,1,24,4.0,28.0,2,7.0,14.0,12.0,11,45.83,3,1
660,16,18.0,1,1,19,3.0,10.0,3,3.33,3.33,6.0,11,57.89,1,0
674,16,18.0,1,1,25,4.0,24.0,1,6.0,24.0,24.0,8,32.0,3,0
690,16,18.0,1,1,25,4.0,19.0,0,4.75,0.0,inf,10,40.0,0,1
712,16,18.0,1,1,24,4.0,42.0,2,10.5,21.0,12.0,10,41.67,5,2
729,16,18.0,1,1,24,4.0,24.0,1,6.0,24.0,24.0,7,29.17,2,0
733,16,18.0,1,1,12,2.0,15.0,0,7.5,0.0,inf,4,33.33,1,1
734,16,18.0,1,1,24,4.0,51.0,0,12.75,0.0,inf,7,29.17,1,6
755,16,18.0,2,2,49,8.0,87.0,1,10.88,87.0,48.0,9,18.37,7,5
6,16,23.0,1,1,18,3.0,34.0,1,11.33,34.0,18.0,5,27.78,2,3
16,16,23.0,1,1,30,5.0,37.0,2,7.4,18.5,12.0,12,40.0,1,3
31,16,23.0,1,1,19,3.0,44.0,2,14.67,22.0,9.0,5,26.32,2,4
38,16,23.0,1,1,28,4.0,44.0,1,11.0,44.0,24.0,10,35.71,6,1
52,16,23.0,1,1,6,1.0,4.0,1,4.0,4.0,6.0,2,33.33,0,0
60,16,23.0,4,4,24,4.0,50.0,1,12.5,50.0,23.0,7,29.17,5,3
76,16,23.0,1,1,12,2.0,36.0,1,18.0,36.0,12.0,3,25.0,4,3
85,16,23.0,1,1,21,3.0,31.0,2,10.33,15.5,9.0,7,33.33,1,3
106,16,23.0,1,1,19,3.0,44.0,0,14.67,0.0,inf,5,26.32,5,3
116,16,23.0,5,5,55,9.0,99.0,4,11.0,24.75,12.25,12,21.82,11,4
137,16,23.0,1,1,24,4.0,32.0,0,8.0,0.0,inf,6,25.0,1,2
145,16,23.0,4,4,70,11.0,101.0,4,9.18,25.25,16.5,28,40.0,14,4
148,16,23.0,1,1,24,4.0,33.0,3,8.25,11.0,8.0,12,50.0,3,2
162,16,23.0,1,1,25,4.0,23.0,2,5.75,11.5,12.0,8,32.0,1,0
169,16,23.0,1,1,25,4.0,54.0,1,13.5,54.0,24.0,6,24.0,6,3
178,16,23.0,1,1,6,1.0,12.0,0,12.0,0.0,inf,1,16.67,0,1
179,16,23.0,1,1,24,4.0,25.0,4,6.25,6.25,6.0,11,45.83,2,1
187,16,23.0,1,1,6,1.0,20.0,0,20.0,0.0,inf,1,16.67,0,3
189,16,23.0,1,1,12,2.0,15.0,0,7.5,0.0,inf,5,41.67,2,0
200,16,23.0,1,1,6,1.0,6.0,0,6.0,0.0,inf,3,50.0,1,0
215,16,23.0,1,1,18,3.0,34.0,1,11.33,34.0,18.0,3,16.67,1,3
224,16,23.0,1,1,19,3.0,38.0,1,12.67,38.0,18.0,5,26.32,4,2
255,16,23.0,7,7,142,23.0,161.0,5,7.0,32.2,27.6,46,32.39,8,7
292,16,23.0,1,1,18,3.0,15.0,2,5.0,7.5,9.0,12,66.67,2,0
312,16,23.0,7,7,163,27.0,239.0,10,8.85,23.9,16.0,59,36.2,19,15
318,16,23.0,1,1,25,4.0,29.0,1,7.25,29.0,24.0,13,52.0,4,1
319,16,23.0,1,1,25,4.0,39.0,0,9.75,0.0,inf,10,40.0,6,1
327,16,23.0,1,1,6,1.0,20.0,1,20.0,20.0,6.0,1,16.67,0,3
341,16,23.0,1,1,15,2.0,30.0,0,15.0,0.0,inf,3,20.0,2,2
346,16,23.0,1,1,25,4.0,16.0,2,4.0,8.0,12.0,15,60.0,2,0
350,16,23.0,1,1,19,3.0,27.0,1,9.0,27.0,18.0,4,21.05,0,2
363,16,23.0,1,1,25,4.0,54.0,0,13.5,0.0,inf,3,12.0,3,4
367,16,23.0,1,1,24,4.0,23.0,2,5.75,11.5,12.0,10,41.67,1,1
371,16,23.0,1,1,24,4.0,34.0,1,8.5,34.0,24.0,12,50.0,2,3
390,16,23.0,1,1,27,4.0,27.0,1,6.75,27.0,24.0,11,40.74,2,1
399,16,23.0,1,1,19,3.0,34.0,0,11.33,0.0,inf,9,47.37,3,3
439,16,23.0,1,1,12,2.0,25.0,0,12.5,0.0,inf,5,41.67,2,2
470,16,23.0,1,1,24,4.0,29.0,1,7.25,29.0,24.0,6,25.0,2,1
485,16,23.0,1,1,18,3.0,26.0,2,8.67,13.0,9.0,6,33.33,2,1
494,16,23.0,1,1,14,2.0,37.0,0,18.5,0.0,inf,4,28.57,5,1
495,16,23.0,1,1,25,4.0,21.0,2,5.25,10.5,12.0,12,48.0,1,1
508,16,23.0,1,1,26,4.0,26.0,1,6.5,26.0,24.0,9,34.62,2,0
532,16,23.0,1,1,6,1.0,15.0,0,15.0,0.0,inf,2,33.33,2,1
545,16,23.0,1,1,25,4.0,29.0,1,7.25,29.0,24.0,9,36.0,4,0
546,16,23.0,1,1,24,4.0,30.0,1,7.5,30.0,24.0,8,33.33,5,0
564,16,23.0,3,3,49,8.0,94.0,0,11.75,0.0,inf,15,30.61,9,6
623,16,23.0,7,7,146,24.0,200.0,5,8.33,40.0,28.8,52,35.62,15,12
625,16,23.0,4,4,38,6.0,74.0,3,12.33,24.67,12.0,8,21.05,9,3
638,16,23.0,1,1,12,2.0,20.0,0,10.0,0.0,inf,2,16.67,1,1
645,16,23.0,1,1,12,2.0,14.0,0,7.0,0.0,inf,1,8.33,1,0
674,16,23.0,1,1,25,4.0,32.0,2,8.0,16.0,12.0,8,32.0,3,1
690,16,23.0,1,1,24,4.0,46.0,0,11.5,0.0,inf,8,33.33,6,2
693,16,23.0,2,2,47,7.0,62.0,2,8.86,31.0,21.0,17,36.17,8,1
712,16,23.0,1,1,28,4.0,43.0,2,10.75,21.5,12.0,11,39.29,3,3
717,16,23.0,1,1,12,2.0,27.0,0,13.5,0.0,inf,2,16.67,4,1
729,16,23.0,1,1,24,4.0,25.0,2,6.25,12.5,12.0,12,50.0,2,1
734,16,23.0,1,1,24,4.0,27.0,2,6.75,13.5,12.0,10,41.67,2,1
779,16,23.0,1,1,18,3.0,38.0,0,12.67,0.0,inf,3,16.67,3,2
6,16,24.0,1,1,18,3.0,11.0,1,3.67,11.0,18.0,8,44.44,0,0
18,16,24.0,3,3,61,10.0,74.0,2,7.4,37.0,30.0,26,42.62,9,1
38,16,24.0,1,1,22,3.0,24.0,1,8.0,24.0,18.0,10,45.45,4,0
51,16,24.0,1,1,19,3.0,13.0,1,4.33,13.0,18.0,11,57.89,2,0
52,16,24.0,1,1,12,2.0,10.0,1,5.0,10.0,12.0,6,50.0,1,0
58,16,24.0,2,2,39,6.0,65.0,0,10.83,0.0,inf,12,30.77,5,3
63,16,24.0,1,1,6,1.0,3.0,1,3.0,3.0,6.0,3,50.0,0,0
71,16,24.0,1,1,25,4.0,30.0,2,7.5,15.0,12.0,14,56.0,3,2
76,16,24.0,1,1,14,2.0,22.0,1,11.0,22.0,12.0,7,50.0,3,0
84,16,24.0,1,1,13,2.0,19.0,1,9.5,19.0,12.0,2,15.38,2,0
85,16,24.0,3,3,62,10.0,75.0,3,7.5,25.0,18.0,19,30.65,6,2
91,16,24.0,1,1,18,3.0,23.0,2,7.67,11.5,9.0,8,44.44,2,1
106,16,24.0,1,1,26,4.0,31.0,3,7.75,10.33,8.0,9,34.62,2,1
139,16,24.0,1,1,18,3.0,20.0,0,6.67,0.0,inf,8,44.44,1,1
148,16,24.0,1,1,18,3.0,18.0,0,6.0,0.0,inf,8,44.44,3,0
162,16,24.0,1,1,19,3.0,28.0,0,9.33,0.0,inf,5,26.32,1,2
169,16,24.0,1,1,19,3.0,23.0,0,7.67,0.0,inf,6,31.58,1,1
178,16,24.0,1,1,18,3.0,17.0,2,5.67,8.5,9.0,5,27.78,1,0
180,16,24.0,1,1,24,4.0,26.0,0,6.5,0.0,inf,8,33.33,2,0
184,16,24.0,1,1,18,3.0,19.0,2,6.33,9.5,9.0,10,55.56,4,0
217,16,24.0,1,1,24,4.0,41.0,0,10.25,0.0,inf,9,37.5,4,2
224,16,24.0,1,1,23,3.0,20.0,1,6.67,20.0,23.0,8,34.78,2,0
234,16,24.0,3,3,54,9.0,53.0,5,5.89,10.6,10.8,17,31.48,3,1
251,16,24.0,1,1,18,3.0,26.0,1,8.67,26.0,18.0,5,27.78,0,2
264,16,24.0,1,1,6,1.0,8.0,0,8.0,0.0,inf,1,16.67,1,0
265,16,24.0,2,2,13,2.0,12.0,0,6.0,0.0,inf,4,30.77,1,0
282,16,24.0,1,1,25,4.0,30.0,2,7.5,15.0,12.0,7,28.0,0,2
319,16,24.0,1,1,19,3.0,22.0,1,7.33,22.0,18.0,6,31.58,3,0
327,16,24.0,1,1,24,4.0,13.0,2,3.25,6.5,12.0,11,45.83,0,0
334,16,24.0,1,1,25,4.0,34.0,0,8.5,0.0,inf,5,20.0,0,2
360,16,24.0,1,1,24,4.0,20.0,1,5.0,20.0,24.0,14,58.33,0,2
363,16,24.0,1,1,24,4.0,33.0,1,8.25,33.0,24.0,9,37.5,4,1
367,16,24.0,6,6,138,23.0,161.0,9,7.0,17.89,15.0,45,32.61,11,4
372,16,24.0,2,2,52,8.0,49.0,7,6.12,7.0,6.86,26,50.0,3,2
390,16,24.0,1,1,22,3.0,22.0,2,7.33,11.0,10.0,6,27.27,0,0
399,16,24.0,1,1,6,1.0,7.0,0,7.0,0.0,inf,2,33.33,1,0
421,16,24.0,1,1,12,2.0,16.0,0,8.0,0.0,inf,4,33.33,1,1
427,16,24.0,1,1,19,3.0,15.0,2,5.0,7.5,9.0,13,68.42,1,1
444,16,24.0,1,1,12,2.0,14.0,0,7.0,0.0,inf,5,41.67,2,0
472,16,24.0,1,1,24,4.0,35.0,1,8.75,35.0,24.0,5,20.83,0,3
482,16,24.0,1,1,26,4.0,50.0,0,12.5,0.0,inf,7,26.92,3,4
485,16,24.0,1,1,24,4.0,20.0,2,5.0,10.0,12.0,12,50.0,1,1
489,16,24.0,1,1,6,1.0,11.0,0,11.0,0.0,inf,1,16.67,2,0
495,16,24.0,1,1,24,4.0,18.0,2,4.5,9.0,12.0,13,54.17,1,0
508,16,24.0,3,3,62,10.0,64.0,2,6.4,32.0,30.0,24,38.71,3,2
532,16,24.0,1,1,20,3.0,26.0,1,8.67,26.0,18.0,8,40.0,1,2
545,16,24.0,1,1,13,2.0,19.0,1,9.5,19.0,12.0,7,53.85,1,1
546,16,24.0,5,5,114,19.0,114.0,6,6.0,19.0,19.0,52,45.61,12,2
638,16,24.0,1,1,6,1.0,11.0,0,11.0,0.0,inf,1,16.67,2,0
644,16,24.0,2,2,24,4.0,31.0,2,7.75,15.5,12.0,7,29.17,2,1
656,16,24.0,1,1,24,4.0,38.0,1,9.5,38.0,24.0,8,33.33,1,3
674,16,24.0,1,1,24,4.0,37.0,2,9.25,18.5,12.0,7,29.17,2,2
679,16,24.0,1,1,7,1.0,8.0,0,8.0,0.0,inf,4,57.14,0,1
681,16,24.0,1,1,27,4.0,53.0,2,13.25,26.5,12.0,8,29.63,1,6
682,16,24.0,1,1,26,4.0,30.0,0,7.5,0.0,inf,6,23.08,1,1
685,16,24.0,1,1,26,4.0,34.0,2,8.5,17.0,12.0,11,42.31,2,2
690,16,24.0,3,3,73,12.0,86.0,4,7.17,21.5,18.0,27,36.99,5,4
712,16,24.0,1,1,6,1.0,1.0,0,1.0,0.0,inf,5,83.33,0,0
747,16,24.0,1,1,12,2.0,10.0,0,5.0,0.0,inf,7,58.33,0,1
749,16,24.0,1,1,6,1.0,4.0,0,4.0,0.0,inf,2,33.33,0,0
6,16,28.0,1,1,24,4.0,20.0,3,5.0,6.67,8.0,9,37.5,0,1
9,16,28.0,2,2,36,6.0,65.0,1,10.83,65.0,30.0,9,25.0,7,3
38,16,28.0,1,1,19,3.0,31.0,0,10.33,0.0,inf,9,47.37,2,3
52,16,28.0,1,1,12,2.0,15.0,0,7.5,0.0,inf,5,41.67,1,1
76,16,28.0,1,1,18,3.0,41.0,0,13.67,0.0,inf,2,11.11,7,1
106,16,28.0,1,1,19,3.0,41.0,0,13.67,0.0,inf,2,10.53,3,3
116,16,28.0,1,1,6,1.0,17.0,0,17.0,0.0,inf,1,16.67,2,1
123,16,28.0,1,1,20,3.0,37.0,2,12.33,18.5,9.0,7,35.0,2,3
133,16,28.0,1,1,28,4.0,53.0,1,13.25,53.0,24.0,6,21.43,3,4
137,16,28.0,1,1,25,4.0,27.0,2,6.75,13.5,12.0,8,32.0,0,2
139,16,28.0,3,3,56,9.0,77.0,2,8.56,38.5,27.0,17,30.36,6,3
148,16,28.0,1,1,24,4.0,53.0,0,13.25,0.0,inf,7,29.17,5,4
162,16,28.0,1,1,24,4.0,42.0,0,10.5,0.0,inf,4,16.67,4,2
172,16,28.0,1,1,24,4.0,52.0,0,13.0,0.0,inf,5,20.83,2,5
178,16,28.0,1,1,24,4.0,43.0,1,10.75,43.0,24.0,10,41.67,6,2
179,16,28.0,1,1,18,3.0,32.0,0,10.67,0.0,inf,4,22.22,3,2
213,16,28.0,1,1,24,4.0,28.0,2,7.0,14.0,12.0,6,25.0,3,0
217,16,28.0,1,1,6,1.0,10.0,0,10.0,0.0,inf,2,33.33,2,0
224,16,28.0,1,1,23,3.0,41.0,0,13.67,0.0,inf,2,8.7,5,1
228,16,28.0,1,1,8,1.0,19.0,0,19.0,0.0,inf,1,12.5,0,2
251,16,28.0,7,7,163,27.0,217.0,8,8.04,27.12,20.25,60,36.81,22,8
255,16,28.0,1,1,19,3.0,41.0,0,13.67,0.0,inf,4,21.05,3,3
282,16,28.0,5,5,108,18.0,174.0,6,9.67,29.0,17.0,38,35.19,18,9
283,16,28.0,1,1,7,1.0,20.0,0,20.0,0.0,inf,2,28.57,3,1
292,16,28.0,1,1,26,4.0,43.0,1,10.75,43.0,24.0,7,26.92,7,0
312,16,28.0,1,1,25,4.0,38.0,1,9.5,38.0,24.0,10,40.0,2,3
319,16,28.0,1,1,25,4.0,29.0,4,7.25,7.25,6.0,12,48.0,2,2
335,16,28.0,1,1,28,4.0,28.0,0,7.0,0.0,inf,8,28.57,3,0
360,16,28.0,1,1,25,4.0,53.0,2,13.25,26.5,12.0,5,20.0,2,5
363,16,28.0,1,1,24,4.0,30.0,4,7.5,7.5,6.0,10,41.67,5,0
371,16,28.0,1,1,26,4.0,35.0,1,8.75,35.0,24.0,5,19.23,3,1
411,16,28.0,2,2,37,6.0,74.0,3,12.33,24.67,10.33,6,16.22,9,3
421,16,28.0,7,7,103,17.0,142.0,4,8.35,35.5,24.0,40,38.83,8,10
424,16,28.0,1,1,18,3.0,35.0,0,11.67,0.0,inf,7,38.89,1,4
427,16,28.0,1,1,19,3.0,32.0,0,10.67,0.0,inf,7,36.84,5,1
444,16,28.0,1,1,1,0.0,1.0,0,inf,0.0,inf,0,0.0,0,0
455,16,28.0,5,5,106,17.0,149.0,4,8.76,37.25,25.5,30,28.3,8,9
470,16,28.0,1,1,24,4.0,44.0,1,11.0,44.0,24.0,5,20.83,2,3
482,16,28.0,3,3,74,12.0,124.0,2,10.33,62.0,36.0,19,25.68,12,6
493,16,28.0,2,2,53,8.0,77.0,2,9.62,38.5,24.0,20,37.74,5,6
494,16,28.0,1,1,10,1.0,19.0,1,19.0,19.0,10.0,4,40.0,1,2
495,16,28.0,1,1,24,4.0,38.0,0,9.5,0.0,inf,7,29.17,4,1
516,16,28.0,1,1,20,3.0,41.0,0,13.67,0.0,inf,4,20.0,6,1
545,16,28.0,1,1,24,4.0,26.0,1,6.5,26.0,24.0,8,33.33,3,0
556,16,28.0,1,1,24,4.0,37.0,1,9.25,37.0,24.0,3,12.5,5,0
564,16,28.0,1,1,12,2.0,19.0,0,9.5,0.0,inf,6,50.0,1,2
602,16,28.0,1,1,24,4.0,37.0,1,9.25,37.0,24.0,9,37.5,4,2
623,16,28.0,1,1,24,4.0,27.0,2,6.75,13.5,12.0,11,45.83,3,1
625,16,28.0,1,1,13,2.0,25.0,1,12.5,25.0,12.0,2,15.38,3,1
639,16,28.0,2,2,50,8.0,91.0,2,11.38,45.5,24.0,16,32.0,12,4
682,16,28.0,3,3,62,10.0,91.0,7,9.1,13.0,8.57,18,29.03,9,3
712,16,28.0,1,1,19,3.0,31.0,2,10.33,15.5,9.0,8,42.11,2,3
717,16,28.0,1,1,12,2.0,23.0,1,11.5,23.0,12.0,2,16.67,4,0
747,16,28.0,1,1,7,1.0,7.0,0,7.0,0.0,inf,3,42.86,1,0
755,16,28.0,1,1,23,3.0,55.0,0,18.33,0.0,inf,4,17.39,5,4
6,17,2.0,1,1,12,2.0,29.0,0,14.5,0.0,inf,0,0.0,2,2
18,17,2.0,1,1,24,4.0,44.0,3,11.0,14.67,8.0,6,25.0,5,2
20,17,2.0,2,2,46,7.0,71.0,0,10.14,0.0,inf,13,28.26,10,1
33,17,2.0,4,4,76,12.0,110.0,4,9.17,27.5,18.0,29,38.16,16,3
38,17,2.0,2,2,55,9.0,67.0,3,7.44,22.33,16.0,15,27.27,7,1
52,17,2.0,1,1,24,4.0,33.0,1,8.25,33.0,24.0,10,41.67,3,1
58,17,2.0,1,1,19,3.0,33.0,0,11.0,0.0,inf,5,26.32,3,2
63,17,2.0,1,1,18,3.0,28.0,1,9.33,28.0,18.0,5,27.78,1,2
71,17,2.0,1,1,25,4.0,18.0,1,4.5,18.0,24.0,14,56.0,3,0
84,17,2.0,1,1,12,2.0,22.0,0,11.0,0.0,inf,2,16.67,4,0
92,17,2.0,1,1,14,2.0,25.0,0,12.5,0.0,inf,3,21.43,3,1
106,17,2.0,1,1,12,2.0,18.0,0,9.0,0.0,inf,3,25.0,3,0
115,17,2.0,2,2,19,3.0,24.0,1,8.0,24.0,17.0,4,21.05,1,1
116,17,2.0,1,1,9,1.0,15.0,1,15.0,15.0,9.0,2,22.22,2,0
136,17,2.0,3,3,44,7.0,83.0,3,11.86,27.67,14.0,15,34.09,5,8
137,17,2.0,1,1,26,4.0,19.0,2,4.75,9.5,12.0,9,34.62,0,0
145,17,2.0,1,1,25,4.0,27.0,1,6.75,27.0,24.0,9,36.0,2,1
169,17,2.0,1,1,19,3.0,22.0,1,7.33,22.0,18.0,10,52.63,3,1
178,17,2.0,5,5,112,18.0,167.0,9,9.28,18.56,12.0,31,27.68,11,8
179,17,2.0,1,1,24,4.0,43.0,1,10.75,43.0,24.0,7,29.17,2,4
183,17,2.0,1,1,12,2.0,22.0,0,11.0,0.0,inf,1,8.33,0,2
200,17,2.0,1,1,12,2.0,20.0,1,10.0,20.0,12.0,2,16.67,0,2
213,17,2.0,1,1,12,2.0,31.0,0,15.5,0.0,inf,2,16.67,3,2
224,17,2.0,1,1,27,4.0,44.0,1,11.0,44.0,24.0,3,11.11,2,2
251,17,2.0,1,1,19,3.0,31.0,1,10.33,31.0,18.0,4,21.05,0,2
255,17,2.0,1,1,24,4.0,40.0,1,10.0,40.0,24.0,7,29.17,2,3
263,17,2.0,1,1,24,4.0,14.0,3,3.5,4.67,8.0,13,54.17,1,0
281,17,2.0,1,1,26,4.0,60.0,0,15.0,0.0,inf,4,15.38,3,5
292,17,2.0,1,1,24,4.0,16.0,1,4.0,16.0,24.0,12,50.0,1,0
312,17,2.0,1,1,26,4.0,26.0,2,6.5,13.0,12.0,9,34.62,1,1
319,17,2.0,1,1,24,4.0,33.0,0,8.25,0.0,inf,5,20.83,4,0
324,17,2.0,1,1,19,3.0,24.0,0,8.0,0.0,inf,6,31.58,1,1
334,17,2.0,1,1,18,3.0,14.0,3,4.67,4.67,5.0,8,44.44,1,0
342,17,2.0,1,1,25,4.0,34.0,3,8.5,11.33,8.0,11,44.0,5,1
363,17,2.0,6,6,132,22.0,197.0,5,8.95,39.4,26.4,41,31.06,10,14
371,17,2.0,1,1,24,4.0,48.0,1,12.0,48.0,24.0,3,12.5,5,2
383,17,2.0,1,1,13,2.0,8.0,2,4.0,4.0,6.0,9,69.23,1,0
399,17,2.0,1,1,18,3.0,30.0,0,10.0,0.0,inf,5,27.78,5,0
416,17,2.0,1,1,24,4.0,27.0,2,6.75,13.5,12.0,5,20.83,2,0
419,17,2.0,1,1,25,4.0,52.0,0,13.0,0.0,inf,2,8.0,4,3
421,17,2.0,2,2,43,7.0,70.0,1,10.0,70.0,42.0,11,25.58,6,4
424,17,2.0,1,1,6,1.0,13.0,0,13.0,0.0,inf,1,16.67,1,1
472,17,2.0,1,1,24,4.0,16.0,0,4.0,0.0,inf,12,50.0,0,1
485,17,2.0,2,2,33,5.0,57.0,1,11.4,57.0,30.0,5,15.15,3,4
489,17,2.0,2,2,30,5.0,42.0,1,8.4,42.0,30.0,9,30.0,5,1
494,17,2.0,1,1,24,4.0,37.0,1,9.25,37.0,24.0,9,37.5,3,2
495,17,2.0,5,5,98,16.0,146.0,3,9.12,48.67,31.67,32,32.65,11,8
516,17,2.0,1,1,26,4.0,51.0,0,12.75,0.0,inf,4,15.38,6,2
545,17,2.0,2,2,43,7.0,55.0,0,7.86,0.0,inf,17,39.53,7,1
564,17,2.0,4,4,72,12.0,114.0,5,9.5,22.8,14.4,30,41.67,16,4
567,17,2.0,1,1,10,1.0,32.0,0,32.0,0.0,inf,2,20.0,3,3
576,17,2.0,2,2,42,7.0,54.0,2,7.71,27.0,21.0,13,30.95,1,4
600,17,2.0,2,2,26,4.0,47.0,3,11.75,15.67,8.0,9,34.62,5,3
619,17,2.0,1,1,6,1.0,13.0,0,13.0,0.0,inf,0,0.0,2,0
625,17,2.0,1,1,24,4.0,25.0,0,6.25,0.0,inf,9,37.5,1,1
638,17,2.0,1,1,18,3.0,27.0,0,9.0,0.0,inf,1,5.56,2,0
656,17,2.0,1,1,25,4.0,17.0,1,4.25,17.0,24.0,13,52.0,1,0
664,17,2.0,1,1,7,1.0,11.0,2,11.0,5.5,3.0,3,42.86,2,0
685,17,2.0,1,1,25,4.0,44.0,2,11.0,22.0,12.0,6,24.0,5,2
693,17,2.0,1,1,15,2.0,17.0,1,8.5,17.0,12.0,5,33.33,1,0
712,17,2.0,1,1,26,4.0,33.0,2,8.25,16.5,12.0,6,23.08,2,1
734,17,2.0,1,1,20,3.0,33.0,1,11.0,33.0,18.0,4,20.0,2,2
777,17,2.0,2,2,44,7.0,66.0,2,9.43,33.0,21.0,12,27.27,8,2
6,17,3.0,1,1,18,3.0,40.0,0,13.33,0.0,inf,2,11.11,2,3
20,17,3.0,7,7,172,28.0,227.0,10,8.11,22.7,16.3,66,38.37,22,9
24,17,3.0,2,2,25,4.0,48.0,0,12.0,0.0,inf,5,20.0,2,4
38,17,3.0,6,6,149,24.0,216.0,7,9.0,30.86,19.71,57,38.26,19,12
52,17,3.0,1,1,24,4.0,13.0,2,3.25,6.5,12.0,9,37.5,0,0
58,17,3.0,1,1,13,2.0,37.0,0,18.5,0.0,inf,1,7.69,5,2
63,17,3.0,3,3,68,11.0,77.0,5,7.0,15.4,13.2,25,36.76,3,4
71,17,3.0,1,1,24,4.0,31.0,2,7.75,15.5,12.0,8,33.33,3,1
85,17,3.0,1,1,24,4.0,38.0,1,9.5,38.0,24.0,6,25.0,2,3
106,17,3.0,1,1,18,3.0,30.0,1,10.0,30.0,18.0,7,38.89,6,0
116,17,3.0,1,1,25,4.0,29.0,2,7.25,14.5,12.0,11,44.0,0,3
123,17,3.0,3,3,72,12.0,110.0,3,9.17,36.67,23.0,17,23.61,9,5
145,17,3.0,1,1,25,4.0,39.0,2,9.75,19.5,12.0,6,24.0,2,2
162,17,3.0,1,1,6,1.0,16.0,0,16.0,0.0,inf,1,16.67,0,2
169,17,3.0,1,1,28,4.0,47.0,1,11.75,47.0,24.0,5,17.86,2,3
172,17,3.0,2,2,38,6.0,77.0,1,12.83,77.0,36.0,13,34.21,6,6
178,17,3.0,1,1,12,2.0,32.0,0,16.0,0.0,inf,2,16.67,4,2
187,17,3.0,1,1,12,2.0,6.0,0,3.0,0.0,inf,7,58.33,0,0
200,17,3.0,1,1,6,1.0,18.0,0,18.0,0.0,inf,1,16.67,1,2
213,17,3.0,1,1,24,4.0,23.0,1,5.75,23.0,24.0,10,41.67,1,1
224,17,3.0,1,1,27,4.0,45.0,1,11.25,45.0,24.0,6,22.22,4,2
255,17,3.0,1,1,24,4.0,40.0,1,10.0,40.0,24.0,6,25.0,3,2
281,17,3.0,1,1,8,1.0,19.0,0,19.0,0.0,inf,0,0.0,2,1
312,17,3.0,1,1,12,2.0,20.0,0,10.0,0.0,inf,3,25.0,2,1
319,17,3.0,1,1,23,3.0,40.0,0,13.33,0.0,inf,7,30.43,5,2
334,17,3.0,1,1,18,3.0,23.0,1,7.67,23.0,18.0,8,44.44,4,0
342,17,3.0,1,1,25,4.0,47.0,0,11.75,0.0,inf,7,28.0,4,3
354,17,3.0,2,2,51,8.0,107.0,2,13.38,53.5,24.0,14,27.45,9,8
363,17,3.0,1,1,10,1.0,25.0,0,25.0,0.0,inf,1,10.0,3,1
367,17,3.0,1,1,20,3.0,33.0,0,11.0,0.0,inf,6,30.0,1,3
383,17,3.0,1,1,21,3.0,31.0,1,10.33,31.0,18.0,5,23.81,1,2
421,17,3.0,6,6,94,15.0,116.0,3,7.73,38.67,30.0,33,35.11,10,4
472,17,3.0,1,1,25,4.0,52.0,1,13.0,52.0,24.0,5,20.0,0,6
485,17,3.0,3,3,36,6.0,75.0,1,12.5,75.0,36.0,7,19.44,7,5
489,17,3.0,3,3,25,4.0,23.0,1,5.75,23.0,24.0,8,32.0,0,1
494,17,3.0,3,3,68,11.0,114.0,5,10.36,22.8,13.2,20,29.41,7,9
495,17,3.0,1,1,24,4.0,23.0,2,5.75,11.5,12.0,12,50.0,4,0
509,17,3.0,1,1,12,2.0,26.0,0,13.0,0.0,inf,4,33.33,1,3
545,17,3.0,1,1,28,4.0,60.0,0,15.0,0.0,inf,5,17.86,9,2
546,17,3.0,1,1,6,1.0,10.0,0,10.0,0.0,inf,0,0.0,1,0
602,17,3.0,3,3,48,8.0,80.0,1,10.0,80.0,47.0,11,22.92,2,6
625,17,3.0,1,1,24,4.0,61.0,2,15.25,30.5,12.0,4,16.67,5,5
644,17,3.0,1,1,7,1.0,9.0,1,9.0,9.0,6.0,3,42.86,0,0
656,17,3.0,1,1,18,3.0,24.0,0,8.0,0.0,inf,5,27.78,0,2
674,17,3.0,1,1,25,4.0,25.0,0,6.25,0.0,inf,11,44.0,2,1
675,17,3.0,1,1,21,3.0,23.0,2,7.67,11.5,9.0,5,23.81,2,0
685,17,3.0,1,1,25,4.0,23.0,2,5.75,11.5,12.0,11,44.0,3,0
690,17,3.0,1,1,23,3.0,25.0,2,8.33,12.5,11.0,13,56.52,2,2
704,17,3.0,1,1,24,4.0,14.0,3,3.5,4.67,8.0,16,66.67,2,0
712,17,3.0,1,1,28,4.0,49.0,1,12.25,49.0,24.0,10,35.71,2,5
727,17,3.0,1,1,18,3.0,21.0,1,7.0,21.0,18.0,7,38.89,3,0
729,17,3.0,1,1,25,4.0,45.0,4,11.25,11.25,6.0,9,36.0,6,2
733,17,3.0,1,1,6,1.0,10.0,0,10.0,0.0,inf,2,33.33,2,0
734,17,3.0,1,1,27,4.0,46.0,2,11.5,23.0,12.0,5,18.52,1,4
749,17,3.0,1,1,9,1.0,18.0,0,18.0,0.0,inf,1,11.11,0,2
777,17,3.0,1,1,25,4.0,43.0,3,10.75,14.33,8.0,10,40.0,4,3
6,17,8.0,7,7,140,23.0,138.0,4,6.0,34.5,34.5,43,30.71,6,3
18,17,8.0,2,2,39,6.0,39.0,3,6.5,13.0,12.0,14,35.9,2,1
20,17,8.0,1,1,18,3.0,28.0,1,9.33,28.0,18.0,8,44.44,3,1
33,17,8.0,1,1,19,3.0,30.0,0,10.0,0.0,inf,6,31.58,4,1
38,17,8.0,1,1,25,4.0,38.0,0,9.5,0.0,inf,9,36.0,5,1
52,17,8.0,1,1,25,4.0,17.0,2,4.25,8.5,12.0,10,40.0,0,0
58,17,8.0,3,3,38,6.0,52.0,1,8.67,52.0,36.0,6,15.79,3,1
63,17,8.0,1,1,6,1.0,7.0,0,7.0,0.0,inf,4,66.67,0,1
85,17,8.0,1,1,25,4.0,47.0,1,11.75,47.0,24.0,9,36.0,3,4
106,17,8.0,1,1,19,3.0,37.0,0,12.33,0.0,inf,5,26.32,4,2
116,17,8.0,2,2,23,3.0,27.0,3,9.0,9.0,7.0,9,39.13,2,1
137,17,8.0,2,2,49,8.0,78.0,2,9.75,39.0,24.0,12,24.49,7,3
145,17,8.0,1,1,25,4.0,24.0,2,6.0,12.0,12.0,13,52.0,2,1
162,17,8.0,1,1,24,4.0,16.0,2,4.0,8.0,12.0,9,37.5,0,0
169,17,8.0,3,3,60,10.0,85.0,2,8.5,42.5,27.0,22,36.67,9,4
172,17,8.0,1,1,26,4.0,38.0,0,9.5,0.0,inf,3,11.54,1,2
178,17,8.0,1,1,25,4.0,36.0,1,9.0,36.0,24.0,4,16.0,2,1
179,17,8.0,2,2,51,8.0,56.0,1,7.0,56.0,48.0,17,33.33,1,3
187,17,8.0,1,1,10,1.0,18.0,0,18.0,0.0,inf,4,40.0,4,0
200,17,8.0,3,3,57,9.0,78.0,4,8.67,19.5,14.25,20,35.09,8,3
217,17,8.0,5,5,85,14.0,102.0,4,7.29,25.5,20.0,34,40.0,15,1
224,17,8.0,1,1,7,1.0,12.0,0,12.0,0.0,inf,0,0.0,0,0
255,17,8.0,2,2,48,8.0,46.0,2,5.75,23.0,24.0,13,27.08,1,1
271,17,8.0,1,1,24,4.0,28.0,1,7.0,28.0,24.0,9,37.5,3,0
281,17,8.0,1,1,28,4.0,26.0,3,6.5,8.67,8.0,13,46.43,2,1
292,17,8.0,2,2,41,6.0,69.0,3,11.5,23.0,12.67,13,31.71,6,4
310,17,8.0,1,1,6,1.0,4.0,0,4.0,0.0,inf,2,33.33,0,0
312,17,8.0,2,2,36,6.0,35.0,1,5.83,35.0,36.0,16,44.44,1,2
319,17,8.0,1,1,29,4.0,52.0,1,13.0,52.0,24.0,8,27.59,7,2
327,17,8.0,2,2,24,4.0,43.0,0,10.75,0.0,inf,5,20.83,2,3
342,17,8.0,2,2,38,6.0,43.0,2,7.17,21.5,18.0,18,47.37,7,0
363,17,8.0,1,1,24,4.0,49.0,2,12.25,24.5,12.0,4,16.67,4,3
367,17,8.0,1,1,12,2.0,19.0,0,9.5,0.0,inf,2,16.67,3,0
371,17,8.0,2,2,44,7.0,55.0,2,7.86,27.5,21.0,13,29.55,6,1
390,17,8.0,3,3,68,11.0,81.0,5,7.36,16.2,12.0,23,33.82,7,2
419,17,8.0,1,1,13,2.0,18.0,1,9.0,18.0,12.0,2,15.38,2,0
421,17,8.0,1,1,21,3.0,27.0,2,9.0,13.5,9.0,5,23.81,1,1
424,17,8.0,1,1,7,1.0,8.0,0,8.0,0.0,inf,1,14.29,1,0
444,17,8.0,2,2,13,2.0,15.0,0,7.5,0.0,inf,4,30.77,0,1
485,17,8.0,1,1,12,2.0,24.0,1,12.0,24.0,12.0,4,33.33,0,3
525,17,8.0,1,1,18,3.0,21.0,1,7.0,21.0,18.0,7,38.89,0,2
532,17,8.0,1,1,24,4.0,50.0,1,12.5,50.0,24.0,6,25.0,5,3
545,17,8.0,3,3,55,9.0,96.0,1,10.67,96.0,54.0,18,32.73,11,5
546,17,8.0,1,1,12,2.0,15.0,0,7.5,0.0,inf,2,16.67,2,0
564,17,8.0,1,1,13,2.0,27.0,0,13.5,0.0,inf,5,38.46,3,2
576,17,8.0,1,1,20,3.0,28.0,1,9.33,28.0,18.0,6,30.0,1,2
600,17,8.0,1,1,24,4.0,35.0,1,8.75,35.0,24.0,8,33.33,3,2
602,17,8.0,1,1,12,2.0,6.0,0,3.0,0.0,inf,6,50.0,0,0
625,17,8.0,5,5,112,18.0,176.0,2,9.78,88.0,53.0,20,17.86,17,5
644,17,8.0,1,1,25,4.0,49.0,0,12.25,0.0,inf,4,16.0,3,3
674,17,8.0,3,3,72,12.0,92.0,1,7.67,92.0,72.0,25,34.72,3,6
685,17,8.0,1,1,25,4.0,23.0,1,5.75,23.0,24.0,8,32.0,2,0
693,17,8.0,2,2,46,7.0,52.0,3,7.43,17.33,14.0,19,41.3,5,2
697,17,8.0,1,1,6,1.0,14.0,1,14.0,14.0,6.0,1,16.67,1,1
712,17,8.0,6,6,140,23.0,192.0,11,8.35,17.45,12.0,52,37.14,13,11
733,17,8.0,1,1,24,4.0,24.0,2,6.0,12.0,12.0,8,33.33,2,0
772,17,8.0,6,6,145,24.0,173.0,11,7.21,15.73,12.18,63,43.45,20,5
773,17,8.0,1,1,25,4.0,30.0,1,7.5,30.0,23.0,9,36.0,4,0
777,17,8.0,3,3,63,10.0,97.0,2,9.7,48.5,30.0,20,31.75,9,5
18,17,10.0,1,1,12,2.0,42.0,0,21.0,0.0,inf,0,0.0,5,3
33,17,10.0,1,1,24,4.0,33.0,0,8.25,0.0,inf,10,41.67,5,1
71,17,10.0,5,5,99,16.0,191.0,5,11.94,38.2,18.0,25,25.25,18,13
72,17,10.0,1,1,26,4.0,56.0,0,14.0,0.0,inf,3,11.54,6,3
92,17,10.0,1,1,24,4.0,68.0,1,17.0,68.0,24.0,5,20.83,9,4
136,17,10.0,1,1,19,3.0,15.0,3,5.0,5.0,6.0,12,63.16,1,1
137,17,10.0,1,1,24,4.0,24.0,3,6.0,8.0,8.0,6,25.0,0,1
169,17,10.0,1,1,25,4.0,19.0,4,4.75,4.75,6.0,14,56.0,2,0
178,17,10.0,1,1,25,4.0,73.0,0,18.25,0.0,inf,2,8.0,4,7
179,17,10.0,1,1,24,4.0,48.0,1,12.0,48.0,24.0,5,20.83,4,3
184,17,10.0,1,1,12,2.0,28.0,0,14.0,0.0,inf,3,25.0,3,1
200,17,10.0,1,1,6,1.0,22.0,0,22.0,0.0,inf,0,0.0,3,1
251,17,10.0,1,1,26,4.0,36.0,1,9.0,36.0,24.0,7,26.92,2,2
263,17,10.0,1,1,27,4.0,35.0,1,8.75,35.0,24.0,9,33.33,2,2
264,17,10.0,1,1,7,1.0,9.0,0,9.0,0.0,inf,1,14.29,1,0
292,17,10.0,1,1,24,4.0,48.0,1,12.0,48.0,24.0,8,33.33,7,2
334,17,10.0,5,5,118,19.0,220.0,8,11.58,27.5,14.25,30,25.42,25,11
363,17,10.0,1,1,24,4.0,35.0,0,8.75,0.0,inf,8,33.33,4,1
367,17,10.0,1,1,24,4.0,26.0,1,6.5,26.0,24.0,9,37.5,1,1
371,17,10.0,1,1,24,4.0,42.0,1,10.5,42.0,24.0,7,29.17,5,2
383,17,10.0,2,2,45,7.0,68.0,3,9.71,22.67,14.0,17,37.78,8,3
389,17,10.0,1,1,12,2.0,41.0,0,20.5,0.0,inf,1,8.33,2,5
394,17,10.0,1,1,12,2.0,20.0,1,10.0,20.0,12.0,2,16.67,0,2
399,17,10.0,1,1,12,2.0,41.0,0,20.5,0.0,inf,4,33.33,3,4
411,17,10.0,1,1,23,3.0,45.0,1,15.0,45.0,18.0,5,21.74,5,2
420,17,10.0,1,1,13,2.0,17.0,0,8.5,0.0,inf,4,30.77,1,1
424,17,10.0,1,1,14,2.0,17.0,2,8.5,8.5,6.5,3,21.43,0,1
467,17,10.0,1,1,6,1.0,12.0,0,12.0,0.0,inf,1,16.67,2,0
472,17,10.0,5,5,119,19.0,189.0,9,9.95,21.0,12.67,34,28.57,9,14
495,17,10.0,1,1,19,3.0,36.0,1,12.0,36.0,18.0,4,21.05,2,3
520,17,10.0,1,1,6,1.0,8.0,0,8.0,0.0,inf,2,33.33,0,1
532,17,10.0,1,1,24,4.0,29.0,0,7.25,0.0,inf,11,45.83,2,2
545,17,10.0,1,1,27,4.0,33.0,1,8.25,33.0,24.0,9,33.33,5,0
546,17,10.0,1,1,13,2.0,20.0,0,10.0,0.0,inf,3,23.08,3,0
570,17,10.0,1,1,22,3.0,34.0,0,11.33,0.0,inf,6,27.27,4,0
576,17,10.0,1,1,6,1.0,22.0,0,22.0,0.0,inf,0,0.0,2,2
638,17,10.0,1,1,12,2.0,46.0,1,23.0,46.0,12.0,2,16.67,7,3
656,17,10.0,5,5,78,13.0,126.0,4,9.69,31.5,19.5,20,25.64,8,8
664,17,10.0,1,1,6,1.0,4.0,1,4.0,4.0,6.0,3,50.0,0,0
675,17,10.0,4,4,89,14.0,144.0,7,10.29,20.57,12.0,26,29.21,7,11
690,17,10.0,1,1,25,4.0,51.0,2,12.75,25.5,12.0,6,24.0,3,4
734,17,10.0,1,1,14,2.0,26.0,2,13.0,13.0,6.0,3,21.43,0,3
744,17,10.0,2,2,37,6.0,79.0,1,13.17,79.0,36.0,12,32.43,9,5
777,17,10.0,1,1,24,4.0,35.0,0,8.75,0.0,inf,9,37.5,5,1
6,17,11.0,1,1,24,4.0,20.0,3,5.0,6.67,8.0,9,37.5,1,0
20,17,11.0,1,1,13,2.0,22.0,0,11.0,0.0,inf,5,38.46,3,1
24,17,11.0,1,1,6,1.0,5.0,0,5.0,0.0,inf,1,16.67,0,0
38,17,11.0,1,1,26,4.0,43.0,3,10.75,14.33,8.0,9,34.62,5,2
52,17,11.0,1,1,6,1.0,19.0,0,19.0,0.0,inf,1,16.67,3,1
106,17,11.0,2,2,44,7.0,84.0,2,12.0,42.0,21.0,5,11.36,6,5
162,17,11.0,2,2,44,7.0,70.0,3,10.0,23.33,14.0,15,34.09,4,5
213,17,11.0,1,1,18,3.0,10.0,1,3.33,10.0,18.0,11,61.11,1,0
224,17,11.0,2,2,51,8.0,62.0,6,7.75,10.33,8.0,16,31.37,7,1
281,17,11.0,1,1,18,3.0,16.0,2,5.33,8.0,9.0,10,55.56,1,1
300,17,11.0,1,1,24,4.0,36.0,2,9.0,18.0,12.0,11,45.83,2,3
319,17,11.0,2,2,45,7.0,83.0,3,11.86,27.67,14.0,11,24.44,7,5
421,17,11.0,1,1,6,1.0,16.0,0,16.0,0.0,inf,1,16.67,2,1
485,17,11.0,1,1,18,3.0,36.0,2,12.0,18.0,9.0,7,38.89,3,3
489,17,11.0,1,1,18,3.0,28.0,2,9.33,14.0,9.0,7,38.89,5,0
494,17,11.0,1,1,18,3.0,29.0,2,9.67,14.5,9.0,4,22.22,5,0
625,17,11.0,1,1,13,2.0,12.0,1,6.0,12.0,12.0,3,23.08,1,0
685,17,11.0,1,1,19,3.0,24.0,0,8.0,0.0,inf,7,36.84,3,0
712,17,11.0,1,1,25,4.0,35.0,2,8.75,17.5,12.0,11,44.0,5,1
717,17,11.0,1,1,19,3.0,28.0,0,9.33,0.0,inf,4,21.05,2,1
773,17,11.0,1,1,26,4.0,41.0,0,10.25,0.0,inf,10,38.46,3,3
18,17,15.0,1,1,23,3.0,28.0,2,9.33,14.0,11.5,9,39.13,1,2
52,17,15.0,1,1,6,1.0,10.0,0,10.0,0.0,inf,1,16.67,1,0
106,17,15.0,1,1,18,3.0,24.0,2,8.0,12.0,9.0,11,61.11,4,1
137,17,15.0,1,1,24,4.0,31.0,0,7.75,0.0,inf,11,45.83,1,3
162,17,15.0,1,1,24,4.0,26.0,2,6.5,13.0,12.0,9,37.5,2,1
179,17,15.0,1,1,25,4.0,31.0,2,7.75,15.5,12.0,5,20.0,3,0
224,17,15.0,1,1,25,4.0,28.0,2,7.0,14.0,12.0,8,32.0,2,0
292,17,15.0,1,1,18,3.0,27.0,1,9.0,27.0,18.0,7,38.89,5,0
319,17,15.0,1,1,24,4.0,31.0,1,7.75,31.0,24.0,11,45.83,6,0
371,17,15.0,1,1,24,4.0,28.0,0,7.0,0.0,inf,11,45.83,3,1
470,17,15.0,1,1,24,4.0,24.0,1,6.0,24.0,24.0,10,41.67,3,0
6,17,16.0,1,1,24,4.0,30.0,0,7.5,0.0,inf,5,20.83,1,1
16,17,16.0,1,1,29,4.0,44.0,0,11.0,0.0,inf,10,34.48,7,0
18,17,16.0,1,1,27,4.0,39.0,2,9.75,19.5,12.0,12,44.44,3,3
20,17,16.0,1,1,21,3.0,18.0,1,6.0,18.0,18.0,8,38.1,1,0
24,17,16.0,1,1,12,2.0,23.0,1,11.5,23.0,12.0,3,25.0,1,2
38,17,16.0,1,1,26,4.0,20.0,0,5.0,0.0,inf,10,38.46,1,0
52,17,16.0,1,1,19,3.0,36.0,1,12.0,36.0,18.0,6,31.58,0,4
58,17,16.0,5,5,103,17.0,148.0,6,8.71,24.67,16.0,23,22.33,10,6
76,17,16.0,1,1,7,1.0,15.0,0,15.0,0.0,inf,2,28.57,0,2
85,17,16.0,1,1,17,2.0,47.0,0,23.5,0.0,inf,4,23.53,6,3
100,17,16.0,1,1,27,4.0,66.0,0,16.5,0.0,inf,6,22.22,7,5
137,17,16.0,1,1,25,4.0,36.0,0,9.0,0.0,inf,10,40.0,0,4
162,17,16.0,1,1,25,4.0,43.0,0,10.75,0.0,inf,6,24.0,1,4
169,17,16.0,5,5,129,21.0,196.0,7,9.33,28.0,17.14,32,24.81,19,7
179,17,16.0,1,1,25,4.0,62.0,0,15.5,0.0,inf,6,24.0,4,6
183,17,16.0,2,2,48,8.0,64.0,1,8.0,64.0,48.0,15,31.25,4,4
189,17,16.0,1,1,19,3.0,35.0,0,11.67,0.0,inf,4,21.05,2,3
200,17,16.0,6,6,66,11.0,97.0,2,8.82,48.5,33.0,21,31.82,6,6
217,17,16.0,1,1,19,3.0,32.0,1,10.67,32.0,19.0,9,47.37,2,3
224,17,16.0,1,1,27,4.0,49.0,2,12.25,24.5,12.0,6,22.22,5,2
251,17,16.0,1,1,12,2.0,34.0,1,17.0,34.0,12.0,1,8.33,0,4
258,17,16.0,1,1,6,1.0,5.0,1,5.0,5.0,6.0,1,16.67,0,0
263,17,16.0,1,1,26,4.0,36.0,0,9.0,0.0,inf,4,15.38,2,1
292,17,16.0,1,1,25,4.0,33.0,0,8.25,0.0,inf,8,32.0,5,0
310,17,16.0,1,1,6,1.0,3.0,0,3.0,0.0,inf,3,50.0,0,0
319,17,16.0,1,1,25,4.0,37.0,2,9.25,18.5,12.0,9,36.0,5,1
324,17,16.0,1,1,14,2.0,33.0,0,16.5,0.0,inf,1,7.14,1,3
327,17,16.0,1,1,19,3.0,23.0,2,7.67,11.5,9.0,5,26.32,0,1
367,17,16.0,1,1,12,2.0,34.0,0,17.0,0.0,inf,4,33.33,2,4
371,17,16.0,1,1,26,4.0,31.0,1,7.75,31.0,24.0,10,38.46,1,2
399,17,16.0,1,1,24,4.0,46.0,1,11.5,46.0,24.0,5,20.83,5,2
416,17,16.0,1,1,27,4.0,57.0,1,14.25,57.0,24.0,2,7.41,4,3
421,17,16.0,1,1,13,2.0,12.0,2,6.0,6.0,6.0,7,53.85,2,0
424,17,16.0,2,2,29,4.0,66.0,0,16.5,0.0,inf,3,10.34,4,5
485,17,16.0,1,1,26,4.0,29.0,2,7.25,14.5,12.0,10,38.46,2,1
489,17,16.0,1,1,19,3.0,40.0,2,13.33,20.0,9.0,3,15.79,1,4
494,17,16.0,1,1,12,2.0,28.0,0,14.0,0.0,inf,2,16.67,2,2
508,17,16.0,1,1,13,2.0,29.0,0,14.5,0.0,inf,4,30.77,2,3
518,17,16.0,1,1,7,1.0,27.0,0,27.0,0.0,inf,2,28.57,2,3
545,17,16.0,6,6,126,21.0,184.0,6,8.76,30.67,21.0,44,34.92,17,9
581,17,16.0,1,1,1,0.0,4.0,0,inf,0.0,inf,0,0.0,1,0
629,17,16.0,1,1,6,1.0,19.0,0,19.0,0.0,inf,0,0.0,1,2
674,17,16.0,1,1,24,4.0,27.0,1,6.75,27.0,24.0,8,33.33,3,0
690,17,16.0,1,1,12,2.0,37.0,0,18.5,0.0,inf,1,8.33,5,2
712,17,16.0,1,1,12,2.0,20.0,0,10.0,0.0,inf,3,25.0,4,0
733,17,16.0,2,2,12,2.0,17.0,0,8.5,0.0,inf,2,16.67,2,0
734,17,16.0,3,3,57,9.0,115.0,1,12.78,115.0,54.0,7,12.28,4,10
777,17,16.0,6,6,146,24.0,236.0,8,9.83,29.5,18.0,41,28.08,23,9
18,17,18.0,5,5,121,20.0,193.0,3,9.65,64.33,38.0,25,20.66,20,6
20,17,18.0,1,1,24,4.0,37.0,1,9.25,37.0,24.0,10,41.67,5,1
38,17,18.0,1,1,25,4.0,35.0,1,8.75,35.0,24.0,5,20.0,3,1
69,17,18.0,1,1,4,0.0,8.0,0,inf,0.0,inf,0,0.0,1,0
71,17,18.0,1,1,26,4.0,24.0,1,6.0,24.0,24.0,14,53.85,2,1
72,17,18.0,1,1,18,3.0,28.0,0,9.33,0.0,inf,2,11.11,4,0
85,17,18.0,1,1,20,3.0,43.0,0,14.33,0.0,inf,3,15.0,1,4
137,17,18.0,5,5,118,19.0,164.0,1,8.63,164.0,114.0,20,16.95,7,6
178,17,18.0,1,1,28,4.0,51.0,1,12.75,51.0,24.0,3,10.71,4,2
179,17,18.0,5,5,112,18.0,169.0,8,9.39,21.12,13.5,30,26.79,11,8
251,17,18.0,1,1,24,4.0,33.0,1,8.25,33.0,24.0,8,33.33,2,2
263,17,18.0,1,1,26,4.0,37.0,0,9.25,0.0,inf,10,38.46,5,1
283,17,18.0,1,1,29,4.0,41.0,3,10.25,13.67,8.0,6,20.69,5,0
292,17,18.0,5,5,100,16.0,134.0,4,8.38,33.5,24.0,40,40.0,13,7
334,17,18.0,1,1,25,4.0,49.0,1,12.25,49.0,24.0,8,32.0,7,2
354,17,18.0,1,1,25,4.0,27.0,2,6.75,13.5,12.0,9,36.0,3,0
363,17,18.0,1,1,24,4.0,18.0,1,4.5,18.0,24.0,10,41.67,1,0
367,17,18.0,1,1,24,4.0,38.0,1,9.5,38.0,24.0,5,20.83,1,3
371,17,18.0,3,3,69,11.0,76.0,6,6.91,12.67,11.0,21,30.43,7,1
384,17,18.0,1,1,12,2.0,16.0,0,8.0,0.0,inf,3,25.0,0,1
394,17,18.0,1,1,18,3.0,30.0,0,10.0,0.0,inf,5,27.78,1,3
399,17,18.0,1,1,12,2.0,21.0,0,10.5,0.0,inf,3,25.0,2,1
416,17,18.0,1,1,15,2.0,25.0,0,12.5,0.0,inf,7,46.67,2,2
420,17,18.0,1,1,6,1.0,10.0,0,10.0,0.0,inf,1,16.67,0,1
421,17,18.0,1,1,20,3.0,27.0,0,9.0,0.0,inf,5,25.0,1,1
472,17,18.0,1,1,26,4.0,41.0,1,10.25,41.0,24.0,5,19.23,1,3
495,17,18.0,1,1,25,4.0,43.0,0,10.75,0.0,inf,6,24.0,1,3
525,17,18.0,3,3,62,10.0,92.0,4,9.2,23.0,15.0,25,40.32,11,4
532,17,18.0,1,1,25,4.0,45.0,1,11.25,45.0,24.0,8,32.0,4,3
546,17,18.0,1,1,24,4.0,19.0,0,4.75,0.0,inf,5,20.83,0,0
564,17,18.0,1,1,26,4.0,47.0,1,11.75,47.0,24.0,9,34.62,6,2
600,17,18.0,1,1,24,4.0,37.0,0,9.25,0.0,inf,6,25.0,4,1
602,17,18.0,1,1,12,2.0,34.0,0,17.0,0.0,inf,4,33.33,5,2
629,17,18.0,1,1,6,1.0,6.0,0,6.0,0.0,inf,1,16.67,0,0
656,17,18.0,1,1,24,4.0,21.0,1,5.25,21.0,24.0,6,25.0,1,0
690,17,18.0,1,1,28,4.0,41.0,2,10.25,20.5,12.0,8,28.57,4,1
742,17,18.0,1,1,12,2.0,29.0,0,14.5,0.0,inf,0,0.0,3,1
744,17,18.0,1,1,24,4.0,48.0,1,12.0,48.0,24.0,6,25.0,4,4
16,17,23.0,1,1,19,3.0,40.0,0,13.33,0.0,inf,5,26.32,1,4
18,17,23.0,1,1,25,4.0,35.0,2,8.75,17.5,12.0,9,36.0,5,1
20,17,23.0,1,1,28,4.0,56.0,2,14.0,28.0,12.0,6,21.43,9,1
38,17,23.0,1,1,26,4.0,40.0,1,10.0,40.0,24.0,9,34.62,4,3
52,17,23.0,1,1,12,2.0,21.0,0,10.5,0.0,inf,3,25.0,0,2
71,17,23.0,1,1,18,3.0,28.0,0,9.33,0.0,inf,9,50.0,4,1
72,17,23.0,1,1,20,3.0,31.0,1,10.33,31.0,18.0,6,30.0,2,2
85,17,23.0,1,1,13,2.0,25.0,0,12.5,0.0,inf,3,23.08,5,0
103,17,23.0,1,1,4,0.0,9.0,0,inf,0.0,inf,0,0.0,0,1
106,17,23.0,1,1,24,4.0,60.0,1,15.0,60.0,24.0,6,25.0,5,5
116,17,23.0,7,7,83,13.0,163.0,8,12.54,20.38,9.75,22,26.51,15,11
137,17,23.0,1,1,29,4.0,49.0,0,12.25,0.0,inf,8,27.59,4,2
145,17,23.0,7,7,169,28.0,269.0,11,9.61,24.45,14.73,57,33.73,22,17
162,17,23.0,1,1,24,4.0,33.0,1,8.25,33.0,24.0,8,33.33,4,1
169,17,23.0,1,1,27,4.0,32.0,3,8.0,10.67,8.0,9,33.33,3,1
179,17,23.0,1,1,25,4.0,54.0,1,13.5,54.0,24.0,4,16.0,4,4
187,17,23.0,1,1,12,2.0,36.0,0,18.0,0.0,inf,2,16.67,5,2
200,17,23.0,1,1,7,1.0,14.0,0,14.0,0.0,inf,2,28.57,1,1
224,17,23.0,1,1,20,3.0,48.0,1,16.0,48.0,18.0,5,25.0,3,5
251,17,23.0,1,1,18,3.0,28.0,2,9.33,14.0,9.0,7,38.89,2,2
255,17,23.0,7,7,164,27.0,169.0,9,6.26,18.78,18.0,66,40.24,8,8
263,17,23.0,1,1,24,4.0,39.0,2,9.75,19.5,12.0,9,37.5,5,2
283,17,23.0,1,1,26,4.0,46.0,2,11.5,23.0,12.0,7,26.92,6,2
292,17,23.0,1,1,24,4.0,31.0,1,7.75,31.0,24.0,11,45.83,5,0
301,17,23.0,1,1,19,3.0,24.0,1,8.0,24.0,18.0,7,36.84,2,1
312,17,23.0,7,7,166,27.0,236.0,10,8.74,23.6,16.2,65,39.16,15,16
319,17,23.0,1,1,29,4.0,45.0,2,11.25,22.5,12.0,10,34.48,3,3
339,17,23.0,1,1,13,2.0,24.0,0,12.0,0.0,inf,4,30.77,5,0
342,17,23.0,6,6,125,20.0,240.0,5,12.0,48.0,22.8,40,32.0,23,14
367,17,23.0,1,1,18,3.0,17.0,0,5.67,0.0,inf,6,33.33,2,0
399,17,23.0,1,1,18,3.0,32.0,0,10.67,0.0,inf,4,22.22,3,2
421,17,23.0,1,1,26,4.0,35.0,2,8.75,17.5,12.0,8,30.77,6,0
433,17,23.0,1,1,30,5.0,47.0,0,9.4,0.0,inf,9,30.0,4,2
472,17,23.0,1,1,24,4.0,34.0,0,8.5,0.0,inf,8,33.33,2,2
485,17,23.0,1,1,24,4.0,33.0,0,8.25,0.0,inf,6,25.0,3,1
494,17,23.0,1,1,25,4.0,47.0,1,11.75,47.0,24.0,3,12.0,5,2
532,17,23.0,1,1,25,4.0,29.0,2,7.25,14.5,12.0,12,48.0,2,2
545,17,23.0,1,1,27,4.0,51.0,0,12.75,0.0,inf,7,25.93,4,3
546,17,23.0,1,1,6,1.0,14.0,0,14.0,0.0,inf,1,16.67,3,0
570,17,23.0,1,1,20,3.0,38.0,1,12.67,38.0,18.0,6,30.0,3,3
623,17,23.0,2,2,25,4.0,51.0,0,12.75,0.0,inf,5,20.0,3,4
656,17,23.0,1,1,24,4.0,25.0,2,6.25,12.5,12.0,10,41.67,3,0
675,17,23.0,1,1,15,2.0,30.0,0,15.0,0.0,inf,3,20.0,4,1
680,17,23.0,1,1,19,3.0,48.0,0,16.0,0.0,inf,5,26.32,3,5
685,17,23.0,1,1,22,3.0,52.0,0,17.33,0.0,inf,2,9.09,7,2
693,17,23.0,4,4,80,13.0,124.0,4,9.54,31.0,18.0,30,37.5,11,8
734,17,23.0,1,1,24,4.0,39.0,2,9.75,19.5,12.0,10,41.67,1,4
777,17,23.0,1,1,24,4.0,32.0,1,8.0,32.0,24.0,8,33.33,3,1
6,17,24.0,1,1,19,3.0,32.0,0,10.67,0.0,inf,1,5.26,4,0
18,17,24.0,1,1,26,4.0,42.0,1,10.5,42.0,24.0,6,23.08,2,2
52,17,24.0,1,1,12,2.0,14.0,0,7.0,0.0,inf,4,33.33,0,1
71,17,24.0,1,1,25,4.0,41.0,2,10.25,20.5,12.0,10,40.0,5,2
72,17,24.0,1,1,26,4.0,30.0,1,7.5,30.0,24.0,11,42.31,3,1
85,17,24.0,5,5,126,21.0,202.0,9,9.62,22.44,13.22,40,31.75,20,9
106,17,24.0,1,1,24,4.0,28.0,3,7.0,9.33,8.0,10,41.67,2,1
115,17,24.0,1,1,12,2.0,21.0,2,10.5,10.5,6.0,2,16.67,0,2
116,17,24.0,1,1,15,2.0,17.0,2,8.5,8.5,6.0,3,20.0,0,1
137,17,24.0,1,1,26,4.0,39.0,1,9.75,39.0,24.0,5,19.23,4,0
145,17,24.0,1,1,20,3.0,24.0,3,8.0,8.0,6.33,8,40.0,2,1
162,17,24.0,1,1,18,3.0,42.0,1,14.0,42.0,18.0,1,5.56,1,4
178,17,24.0,1,1,18,3.0,34.0,0,11.33,0.0,inf,2,11.11,4,1
179,17,24.0,1,1,25,4.0,41.0,0,10.25,0.0,inf,3,12.0,5,0
184,17,24.0,1,1,12,2.0,24.0,1,12.0,24.0,12.0,2,16.67,1,2
217,17,24.0,1,1,18,3.0,26.0,0,8.67,0.0,inf,8,44.44,2,2
224,17,24.0,1,1,28,4.0,45.0,0,11.25,0.0,inf,5,17.86,5,1
234,17,24.0,1,1,12,2.0,20.0,1,10.0,20.0,12.0,5,41.67,1,2
251,17,24.0,1,1,18,3.0,23.0,0,7.67,0.0,inf,5,27.78,3,0
255,17,24.0,1,1,25,4.0,22.0,1,5.5,22.0,24.0,8,32.0,1,0
263,17,24.0,1,1,24,4.0,17.0,0,4.25,0.0,inf,16,66.67,1,1
264,17,24.0,1,1,12,2.0,13.0,0,6.5,0.0,inf,3,25.0,1,0
271,17,24.0,2,2,36,6.0,58.0,0,9.67,0.0,inf,11,30.56,5,3
292,17,24.0,1,1,26,4.0,41.0,1,10.25,41.0,24.0,9,34.62,6,0
312,17,24.0,1,1,18,3.0,30.0,3,10.0,10.0,6.0,8,44.44,0,4
319,17,24.0,1,1,19,3.0,30.0,2,10.0,15.0,9.0,5,26.32,3,1
327,17,24.0,1,1,6,1.0,5.0,0,5.0,0.0,inf,2,33.33,0,0
334,17,24.0,1,1,25,4.0,41.0,1,10.25,41.0,24.0,5,20.0,6,0
342,17,24.0,1,1,12,2.0,22.0,1,11.0,22.0,12.0,5,41.67,5,0
363,17,24.0,1,1,24,4.0,28.0,1,7.0,28.0,24.0,4,16.67,0,1
367,17,24.0,7,7,136,22.0,179.0,6,8.14,29.83,22.0,47,34.56,14,8
371,17,24.0,1,1,25,4.0,31.0,2,7.75,15.5,12.0,7,28.0,3,0
383,17,24.0,1,1,28,4.0,36.0,1,9.0,36.0,24.0,6,21.43,4,0
390,17,24.0,1,1,26,4.0,29.0,1,7.25,29.0,24.0,7,26.92,0,2
394,17,24.0,1,1,8,1.0,16.0,1,16.0,16.0,8.0,1,12.5,1,1
399,17,24.0,1,1,25,4.0,26.0,2,6.5,13.0,12.0,8,32.0,2,0
411,17,24.0,1,1,19,3.0,34.0,0,11.33,0.0,inf,7,36.84,4,2
416,17,24.0,1,1,21,3.0,29.0,1,9.67,29.0,18.0,5,23.81,4,0
472,17,24.0,1,1,25,4.0,20.0,3,5.0,6.67,8.0,10,40.0,0,0
495,17,24.0,1,1,24,4.0,22.0,0,5.5,0.0,inf,7,29.17,1,0
532,17,24.0,5,5,113,18.0,187.0,5,10.39,37.4,21.6,36,31.86,17,10
546,17,24.0,6,6,119,19.0,148.0,5,7.79,29.6,22.8,34,28.57,5,7
564,17,24.0,1,1,18,3.0,22.0,2,7.33,11.0,9.0,11,61.11,2,1
600,17,24.0,1,1,25,4.0,32.0,0,8.0,0.0,inf,11,44.0,4,1
644,17,24.0,5,5,55,9.0,68.0,3,7.56,22.67,18.0,25,45.45,5,4
656,17,24.0,1,1,24,4.0,26.0,0,6.5,0.0,inf,6,25.0,2,0
685,17,24.0,1,1,24,4.0,38.0,1,9.5,38.0,24.0,9,37.5,4,2
690,17,24.0,5,5,118,19.0,168.0,6,8.84,28.0,18.83,33,27.97,19,3
693,17,24.0,1,1,13,2.0,21.0,0,10.5,0.0,inf,4,30.77,2,1
704,17,24.0,3,3,52,8.0,71.0,4,8.88,17.75,12.25,23,44.23,9,3
712,17,24.0,1,1,29,4.0,42.0,0,10.5,0.0,inf,8,27.59,5,1
727,17,24.0,2,2,40,6.0,50.0,0,8.33,0.0,inf,15,37.5,3,2
772,17,24.0,1,1,26,4.0,43.0,1,10.75,43.0,24.0,5,19.23,7,0
18,17,25.0,1,1,24,4.0,34.0,2,8.5,17.0,12.0,7,29.17,2,2
33,17,25.0,1,1,12,2.0,13.0,0,6.5,0.0,inf,7,58.33,1,1
52,17,25.0,5,5,102,17.0,140.0,1,8.24,140.0,102.0,25,24.51,11,4
58,17,25.0,1,1,27,4.0,49.0,1,12.25,49.0,24.0,7,25.93,0,5
71,17,25.0,1,1,24,4.0,43.0,2,10.75,21.5,12.0,7,29.17,8,0
106,17,25.0,5,5,95,15.0,135.0,7,9.0,19.29,12.86,34,35.79,13,6
136,17,25.0,1,1,7,1.0,21.0,0,21.0,0.0,inf,2,28.57,3,1
162,17,25.0,1,1,24,4.0,33.0,1,8.25,33.0,24.0,6,25.0,3,1
169,17,25.0,1,1,24,4.0,33.0,1,8.25,33.0,24.0,8,33.33,5,0
178,17,25.0,1,1,25,4.0,32.0,2,8.0,16.0,12.0,9,36.0,4,1
179,17,25.0,1,1,27,4.0,31.0,1,7.75,31.0,24.0,5,18.52,0,2
200,17,25.0,1,1,6,1.0,10.0,0,10.0,0.0,inf,1,16.67,0,1
224,17,25.0,5,5,105,17.0,144.0,11,8.47,13.09,9.27,31,29.52,13,5
263,17,25.0,1,1,26,4.0,21.0,3,5.25,7.0,8.0,13,50.0,1,1
283,17,25.0,1,1,24,4.0,35.0,1,8.75,35.0,24.0,9,37.5,3,2
292,17,25.0,1,1,26,4.0,22.0,1,5.5,22.0,24.0,11,42.31,2,0
297,17,25.0,1,1,25,4.0,52.0,0,13.0,0.0,inf,5,20.0,5,3
319,17,25.0,5,5,108,18.0,154.0,8,8.56,19.25,12.75,42,38.89,15,7
332,17,25.0,1,1,10,1.0,19.0,0,19.0,0.0,inf,2,20.0,2,1
363,17,25.0,1,1,24,4.0,15.0,1,3.75,15.0,24.0,11,45.83,0,0
383,17,25.0,1,1,15,2.0,16.0,1,8.0,16.0,12.0,8,53.33,3,0
384,17,25.0,1,1,24,4.0,23.0,2,5.75,11.5,12.0,8,33.33,2,0
399,17,25.0,1,1,27,4.0,33.0,1,8.25,33.0,24.0,9,33.33,1,2
416,17,25.0,1,1,26,4.0,32.0,3,8.0,10.67,8.0,11,42.31,5,0
424,17,25.0,1,1,19,3.0,33.0,1,11.0,33.0,18.0,6,31.58,3,2
438,17,25.0,1,1,12,2.0,20.0,0,10.0,0.0,inf,5,41.67,1,2
462,17,25.0,1,1,12,2.0,26.0,1,13.0,26.0,12.0,1,8.33,0,3
472,17,25.0,1,1,24,4.0,20.0,2,5.0,10.0,12.0,6,25.0,1,0
495,17,25.0,1,1,24,4.0,20.0,2,5.0,10.0,12.0,10,41.67,2,0
520,17,25.0,1,1,6,1.0,7.0,0,7.0,0.0,inf,1,16.67,0,0
545,17,25.0,1,1,26,4.0,32.0,2,8.0,16.0,12.0,12,46.15,6,0
576,17,25.0,1,1,25,4.0,33.0,4,8.25,8.25,6.0,11,44.0,2,2
656,17,25.0,1,1,24,4.0,25.0,0,6.25,0.0,inf,4,16.67,1,0
682,17,25.0,1,1,24,4.0,46.0,1,11.5,46.0,19.0,5,20.83,2,4
685,17,25.0,5,5,122,20.0,168.0,5,8.4,33.6,24.0,50,40.98,16,9
717,17,25.0,3,3,56,9.0,56.0,3,6.22,18.67,18.0,21,37.5,4,2
777,17,25.0,1,1,24,4.0,22.0,1,5.5,22.0,24.0,11,45.83,3,0
6,17,28.0,1,1,24,4.0,37.0,0,9.25,0.0,inf,8,33.33,5,1
9,17,28.0,1,1,15,2.0,22.0,0,11.0,0.0,inf,7,46.67,1,2
16,17,28.0,1,1,20,3.0,45.0,1,15.0,45.0,18.0,3,15.0,5,2
18,17,28.0,1,1,25,4.0,30.0,1,7.5,30.0,24.0,9,36.0,2,1
24,17,28.0,1,1,12,2.0,24.0,1,12.0,24.0,12.0,2,16.67,3,1
38,17,28.0,1,1,18,3.0,37.0,0,12.33,0.0,inf,7,38.89,2,4
63,17,28.0,1,1,6,1.0,17.0,0,17.0,0.0,inf,0,0.0,2,1
71,17,28.0,1,1,24,4.0,39.0,1,9.75,39.0,24.0,8,33.33,3,2
72,17,28.0,3,3,82,13.0,112.0,6,8.62,18.67,12.0,27,32.93,10,4
79,17,28.0,1,1,12,2.0,13.0,0,6.5,0.0,inf,2,16.67,1,0
100,17,28.0,1,1,12,2.0,23.0,1,11.5,23.0,12.0,5,41.67,5,0
116,17,28.0,1,1,25,4.0,30.0,2,7.5,15.0,12.0,9,36.0,1,2
123,17,28.0,1,1,18,3.0,32.0,1,10.67,32.0,18.0,6,33.33,3,2
137,17,28.0,1,1,25,4.0,27.0,0,6.75,0.0,inf,6,24.0,1,0
169,17,28.0,1,1,20,3.0,31.0,0,10.33,0.0,inf,8,40.0,4,1
179,17,28.0,1,1,24,4.0,11.0,3,2.75,3.67,8.0,16,66.67,1,0
200,17,28.0,1,1,6,1.0,11.0,0,11.0,0.0,inf,1,16.67,2,0
251,17,28.0,5,5,98,16.0,127.0,7,7.94,18.14,13.71,33,33.67,4,9
255,17,28.0,1,1,25,4.0,22.0,2,5.5,11.0,12.0,11,44.0,2,0
263,17,28.0,6,6,151,25.0,137.0,11,5.48,12.45,13.0,70,46.36,12,2
271,17,28.0,1,1,14,2.0,24.0,0,12.0,0.0,inf,4,28.57,1,2
292,17,28.0,1,1,25,4.0,22.0,3,5.5,7.33,8.0,13,52.0,1,1
301,17,28.0,2,2,49,8.0,90.0,1,11.25,90.0,42.0,12,24.49,8,5
312,17,28.0,1,1,24,4.0,22.0,2,5.5,11.0,12.0,11,45.83,2,0
341,17,28.0,1,1,23,3.0,55.0,1,18.33,55.0,21.0,6,26.09,2,6
342,17,28.0,1,1,24,4.0,33.0,4,8.25,8.25,5.75,12,50.0,1,3
354,17,28.0,1,1,19,3.0,34.0,0,11.33,0.0,inf,8,42.11,6,1
367,17,28.0,1,1,24,4.0,37.0,2,9.25,18.5,12.0,9,37.5,5,1
383,17,28.0,1,1,22,3.0,40.0,0,13.33,0.0,inf,5,22.73,4,1
389,17,28.0,1,1,6,1.0,15.0,0,15.0,0.0,inf,1,16.67,3,0
390,17,28.0,1,1,25,4.0,28.0,4,7.0,7.0,6.0,10,40.0,4,0
394,17,28.0,3,3,36,6.0,43.0,0,7.17,0.0,inf,10,27.78,2,2
399,17,28.0,5,5,90,15.0,158.0,7,10.53,22.57,12.0,25,27.78,11,10
411,17,28.0,1,1,14,2.0,11.0,0,5.5,0.0,inf,7,50.0,1,0
416,17,28.0,5,5,103,17.0,171.0,6,10.06,28.5,16.5,41,39.81,16,12
424,17,28.0,1,1,12,2.0,16.0,0,8.0,0.0,inf,5,41.67,3,0
438,17,28.0,4,4,64,10.0,139.0,1,13.9,139.0,60.0,10,15.62,13,8
462,17,28.0,2,2,30,5.0,41.0,2,8.2,20.5,15.0,9,30.0,0,3
525,17,28.0,1,1,25,4.0,32.0,2,8.0,16.0,12.0,14,56.0,5,1
532,17,28.0,1,1,26,4.0,45.0,1,11.25,45.0,24.0,9,34.62,4,3
545,17,28.0,1,1,25,4.0,22.0,1,5.5,22.0,24.0,14,56.0,3,1
546,17,28.0,1,1,25,4.0,29.0,1,7.25,29.0,24.0,10,40.0,1,2
584,17,28.0,1,1,25,4.0,40.0,0,10.0,0.0,inf,8,32.0,2,3
619,17,28.0,2,2,23,3.0,42.0,0,14.0,0.0,inf,3,13.04,3,2
625,17,28.0,1,1,24,4.0,35.0,0,8.75,0.0,inf,9,37.5,3,2
656,17,28.0,1,1,24,4.0,35.0,2,8.75,17.5,12.0,8,33.33,3,2
682,17,28.0,4,4,95,15.0,159.0,4,10.6,39.75,22.5,28,29.47,21,5
690,17,28.0,1,1,26,4.0,50.0,2,12.5,25.0,12.0,8,30.77,5,3
693,17,28.0,1,1,20,3.0,35.0,0,11.67,0.0,inf,5,25.0,5,1
712,17,28.0,1,1,24,4.0,29.0,1,7.25,29.0,24.0,9,37.5,3,1
744,17,28.0,1,1,28,4.0,65.0,2,16.25,32.5,12.0,7,25.0,4,6
772,17,28.0,1,1,27,4.0,55.0,1,13.75,55.0,24.0,5,18.52,4,4
777,17,28.0,1,1,25,4.0,35.0,1,8.75,35.0,24.0,12,48.0,4,2
6,17,37.0,1,1,24,4.0,43.0,1,10.75,43.0,24.0,5,20.83,1,4
71,17,37.0,2,2,59,9.0,64.0,3,7.11,21.33,16.0,25,42.37,4,3
116,17,37.0,1,1,8,1.0,14.0,1,14.0,14.0,8.0,4,50.0,0,2
217,17,37.0,1,1,24,4.0,42.0,0,10.5,0.0,inf,9,37.5,3,3
255,17,37.0,1,1,24,4.0,29.0,1,7.25,29.0,24.0,11,45.83,0,3
297,17,37.0,2,2,29,4.0,51.0,1,12.75,51.0,24.0,4,13.79,5,2
312,17,37.0,1,1,27,4.0,33.0,3,8.25,11.0,8.0,9,33.33,2,2
332,17,37.0,1,1,12,2.0,19.0,0,9.5,0.0,inf,2,16.67,1,1
334,17,37.0,1,1,19,3.0,21.0,3,7.0,7.0,6.0,8,42.11,3,0
342,17,37.0,1,1,18,3.0,25.0,2,8.33,12.5,9.0,9,50.0,2,2
383,17,37.0,2,2,38,6.0,66.0,2,11.0,33.0,18.0,12,31.58,8,3
390,17,37.0,1,1,26,4.0,31.0,3,7.75,10.33,8.0,9,34.62,3,1
454,17,37.0,1,1,6,1.0,28.0,0,28.0,0.0,inf,0,0.0,4,2
656,17,37.0,2,2,24,4.0,38.0,1,9.5,38.0,24.0,5,20.83,1,3
675,17,37.0,2,2,31,5.0,72.0,0,14.4,0.0,inf,6,19.35,5,6
693,17,37.0,1,1,27,4.0,27.0,3,6.75,9.0,8.0,13,48.15,4,0
712,17,37.0,1,1,26,4.0,24.0,0,6.0,0.0,inf,12,46.15,3,0
744,17,37.0,2,2,51,8.0,102.0,3,12.75,34.0,16.0,11,21.57,8,7
772,17,37.0,1,1,27,4.0,47.0,1,11.75,47.0,24.0,3,11.11,6,1
6,18,2.0,1,1,18,3.0,17.0,2,5.67,8.5,9.0,5,27.78,1,0
16,18,2.0,1,1,25,4.0,44.0,1,11.0,44.0,24.0,4,16.0,4,2
18,18,2.0,1,1,23,3.0,51.0,2,17.0,25.5,11.5,4,17.39,5,3
20,18,2.0,1,1,18,3.0,18.0,1,6.0,18.0,18.0,7,38.89,1,1
31,18,2.0,1,1,19,3.0,29.0,1,9.67,29.0,18.0,4,21.05,3,1
33,18,2.0,3,3,63,10.0,107.0,3,10.7,35.67,20.0,11,17.46,8,5
38,18,2.0,7,7,186,31.0,282.0,6,9.1,47.0,28.0,67,36.02,29,15
46,18,2.0,1,1,24,4.0,27.0,3,6.75,9.0,8.0,7,29.17,3,0
51,18,2.0,1,1,24,4.0,38.0,0,9.5,0.0,inf,8,33.33,5,1
58,18,2.0,1,1,25,4.0,35.0,3,8.75,11.67,8.0,8,32.0,2,2
63,18,2.0,1,1,13,2.0,26.0,1,13.0,26.0,12.0,2,15.38,1,2
71,18,2.0,1,1,19,3.0,17.0,1,5.67,17.0,18.0,11,57.89,3,0
123,18,2.0,3,3,68,11.0,88.0,2,8.0,44.0,30.0,18,26.47,5,3
148,18,2.0,1,1,18,3.0,48.0,0,16.0,0.0,inf,2,11.11,7,2
178,18,2.0,1,1,12,2.0,28.0,0,14.0,0.0,inf,1,8.33,2,2
179,18,2.0,3,3,67,11.0,110.0,2,10.0,55.0,33.0,13,19.4,6,7
200,18,2.0,1,1,28,4.0,41.0,1,10.25,41.0,24.0,6,21.43,2,2
213,18,2.0,2,2,30,5.0,40.0,0,8.0,0.0,inf,6,20.0,3,1
217,18,2.0,1,1,26,4.0,39.0,1,9.75,39.0,24.0,9,34.62,2,2
224,18,2.0,1,1,18,3.0,41.0,0,13.67,0.0,inf,1,5.56,6,1
263,18,2.0,1,1,24,4.0,40.0,0,10.0,0.0,inf,6,25.0,3,2
264,18,2.0,1,1,7,1.0,15.0,0,15.0,0.0,inf,1,14.29,1,1
279,18,2.0,1,1,27,4.0,55.0,2,13.75,27.5,12.0,9,33.33,2,6
292,18,2.0,2,2,49,8.0,72.0,2,9.0,36.0,24.0,15,30.61,10,1
298,18,2.0,1,1,25,4.0,34.0,0,8.5,0.0,inf,9,36.0,1,3
301,18,2.0,1,1,15,2.0,13.0,3,6.5,4.33,5.0,9,60.0,0,1
318,18,2.0,1,1,19,3.0,29.0,1,9.67,29.0,19.0,5,26.32,5,0
319,18,2.0,3,3,76,12.0,120.0,5,10.0,24.0,14.4,23,30.26,12,5
334,18,2.0,1,1,27,4.0,40.0,1,10.0,40.0,24.0,5,18.52,4,1
341,18,2.0,1,1,27,4.0,49.0,0,12.25,0.0,inf,8,29.63,5,3
342,18,2.0,1,1,20,3.0,49.0,0,16.33,0.0,inf,4,20.0,9,1
354,18,2.0,1,1,18,3.0,40.0,0,13.33,0.0,inf,6,33.33,2,4
363,18,2.0,7,7,142,23.0,261.0,4,11.35,65.25,34.5,28,19.72,10,22
371,18,2.0,1,1,27,4.0,41.0,1,10.25,41.0,24.0,6,22.22,3,2
383,18,2.0,3,3,55,9.0,71.0,2,7.89,35.5,25.0,13,23.64,5,3
390,18,2.0,1,1,20,3.0,29.0,1,9.67,29.0,18.0,9,45.0,2,2
399,18,2.0,2,2,39,6.0,48.0,3,8.0,16.0,12.0,12,30.77,3,2
411,18,2.0,5,5,79,13.0,164.0,3,12.62,54.67,24.0,17,21.52,16,10
416,18,2.0,2,2,43,7.0,70.0,1,10.0,70.0,42.0,8,18.6,7,2
427,18,2.0,1,1,26,4.0,54.0,1,13.5,54.0,24.0,6,23.08,3,5
438,18,2.0,1,1,19,3.0,30.0,1,10.0,30.0,18.0,5,26.32,2,2
472,18,2.0,1,1,25,4.0,30.0,1,7.5,30.0,24.0,7,28.0,2,1
483,18,2.0,1,1,13,2.0,28.0,1,14.0,28.0,12.0,4,30.77,3,1
493,18,2.0,1,1,26,4.0,30.0,1,7.5,30.0,24.0,9,34.62,2,1
495,18,2.0,1,1,25,4.0,21.0,3,5.25,7.0,8.0,11,44.0,1,1
520,18,2.0,1,1,6,1.0,13.0,1,13.0,13.0,6.0,1,16.67,1,1
545,18,2.0,1,1,24,4.0,38.0,2,9.5,19.0,12.0,9,37.5,2,3
546,18,2.0,1,1,24,4.0,17.0,2,4.25,8.5,12.0,12,50.0,0,1
549,18,2.0,1,1,22,3.0,40.0,1,13.33,40.0,18.0,3,13.64,2,3
576,18,2.0,7,7,105,17.0,154.0,9,9.06,17.11,11.33,34,32.38,6,12
621,18,2.0,2,2,52,8.0,78.0,4,9.75,19.5,12.0,17,32.69,5,5
623,18,2.0,1,1,12,2.0,19.0,0,9.5,0.0,inf,3,25.0,0,2
629,18,2.0,1,1,6,1.0,4.0,2,4.0,2.0,3.0,2,33.33,0,0
635,18,2.0,7,7,168,28.0,209.0,13,7.46,16.08,12.46,66,39.29,18,10
638,18,2.0,1,1,7,1.0,6.0,0,6.0,0.0,inf,1,14.29,0,0
644,18,2.0,2,2,19,3.0,45.0,1,15.0,45.0,18.0,5,26.32,3,4
656,18,2.0,1,1,12,2.0,18.0,0,9.0,0.0,inf,3,25.0,1,1
674,18,2.0,1,1,27,4.0,54.0,2,13.5,27.0,12.0,5,18.52,6,2
685,18,2.0,3,3,76,12.0,128.0,2,10.67,64.0,36.0,20,26.32,11,7
697,18,2.0,1,1,13,2.0,33.0,0,16.5,0.0,inf,1,7.69,2,2
712,18,2.0,1,1,31,5.0,53.0,2,10.6,26.5,12.0,7,22.58,4,3
720,18,2.0,1,1,12,2.0,18.0,0,9.0,0.0,inf,1,8.33,2,0
725,18,2.0,1,1,25,4.0,42.0,1,10.5,42.0,24.0,4,16.0,2,2
777,18,2.0,1,1,25,4.0,40.0,1,10.0,40.0,24.0,6,24.0,3,2
6,18,3.0,1,1,19,3.0,26.0,0,8.67,0.0,inf,7,36.84,3,1
16,18,3.0,1,1,18,3.0,10.0,2,3.33,5.0,9.0,11,61.11,1,0
20,18,3.0,5,5,102,17.0,157.0,3,9.24,52.33,32.0,25,24.51,13,6
38,18,3.0,1,1,25,4.0,19.0,3,4.75,6.33,8.0,12,48.0,1,1
51,18,3.0,1,1,19,3.0,30.0,0,10.0,0.0,inf,3,15.79,4,0
52,18,3.0,1,1,13,2.0,25.0,2,12.5,12.5,6.0,8,61.54,1,3
71,18,3.0,1,1,19,3.0,65.0,0,21.67,0.0,inf,5,26.32,5,7
106,18,3.0,1,1,18,3.0,34.0,1,11.33,34.0,18.0,3,16.67,3,2
164,18,3.0,1,1,18,3.0,26.0,1,8.67,26.0,18.0,9,50.0,3,1
178,18,3.0,1,1,12,2.0,10.0,1,5.0,10.0,12.0,5,41.67,1,0
179,18,3.0,1,1,18,3.0,11.0,2,3.67,5.5,9.0,7,38.89,0,0
298,18,3.0,1,1,24,4.0,18.0,2,4.5,9.0,12.0,12,50.0,0,1
301,18,3.0,1,1,18,3.0,25.0,0,8.33,0.0,inf,7,38.89,3,1
319,18,3.0,1,1,18,3.0,23.0,2,7.67,11.5,9.0,8,44.44,4,0
334,18,3.0,1,1,21,3.0,26.0,1,8.67,26.0,18.0,10,47.62,1,2
342,18,3.0,1,1,20,3.0,35.0,0,11.67,0.0,inf,7,35.0,3,2
360,18,3.0,1,1,25,4.0,30.0,1,7.5,30.0,24.0,4,16.0,2,0
363,18,3.0,1,1,24,4.0,54.0,0,13.5,0.0,inf,6,25.0,3,5
371,18,3.0,1,1,28,4.0,45.0,2,11.25,22.5,12.0,5,17.86,6,1
383,18,3.0,1,1,12,2.0,27.0,1,13.5,27.0,12.0,4,33.33,4,1
390,18,3.0,1,1,27,4.0,36.0,3,9.0,12.0,8.0,10,37.04,3,2
411,18,3.0,1,1,13,2.0,17.0,1,8.5,17.0,12.0,5,38.46,3,0
420,18,3.0,1,1,18,3.0,30.0,0,10.0,0.0,inf,5,27.78,2,2
427,18,3.0,4,4,85,14.0,130.0,8,9.29,16.25,10.38,36,42.35,13,8
438,18,3.0,2,2,12,2.0,33.0,0,16.5,0.0,inf,3,25.0,3,3
472,18,3.0,1,1,24,4.0,17.0,2,4.25,8.5,12.0,11,45.83,1,0
493,18,3.0,1,1,26,4.0,33.0,1,8.25,33.0,24.0,12,46.15,5,0
495,18,3.0,1,1,24,4.0,26.0,1,6.5,26.0,24.0,12,50.0,3,1
545,18,3.0,5,5,115,19.0,180.0,6,9.47,30.0,19.0,45,39.13,16,12
546,18,3.0,5,5,79,13.0,118.0,3,9.08,39.33,26.0,18,22.78,10,5
576,18,3.0,1,1,25,4.0,22.0,2,5.5,11.0,12.0,11,44.0,1,1
623,18,3.0,4,4,90,15.0,124.0,1,8.27,124.0,90.0,30,33.33,9,6
635,18,3.0,1,1,24,4.0,26.0,1,6.5,26.0,24.0,12,50.0,3,1
656,18,3.0,1,1,25,4.0,52.0,0,13.0,0.0,inf,8,32.0,3,5
675,18,3.0,1,1,18,3.0,35.0,0,11.67,0.0,inf,5,27.78,4,2
712,18,3.0,1,1,14,2.0,36.0,0,18.0,0.0,inf,2,14.29,3,3
717,18,3.0,2,2,12,2.0,26.0,0,13.0,0.0,inf,2,16.67,2,2
721,18,3.0,1,1,24,4.0,30.0,3,7.5,10.0,8.0,9,37.5,3,1
6,18,8.0,6,6,92,15.0,140.0,3,9.33,46.67,29.67,31,33.7,9,9
16,18,8.0,1,1,26,4.0,30.0,2,7.5,15.0,12.0,10,38.46,4,1
20,18,8.0,1,1,18,3.0,18.0,2,6.0,9.0,9.0,6,33.33,2,0
24,18,8.0,1,1,25,4.0,32.0,1,8.0,32.0,24.0,7,28.0,0,2
33,18,8.0,1,1,26,4.0,39.0,1,9.75,39.0,24.0,6,23.08,5,0
52,18,8.0,1,1,12,2.0,21.0,1,10.5,21.0,12.0,5,41.67,3,1
58,18,8.0,1,1,18,3.0,21.0,2,7.0,10.5,8.5,7,38.89,3,0
71,18,8.0,6,6,135,22.0,171.0,9,7.77,19.0,14.44,65,48.15,19,8
106,18,8.0,4,4,56,9.0,99.0,0,11.0,0.0,inf,13,23.21,8,6
131,18,8.0,1,1,19,3.0,40.0,0,13.33,0.0,inf,1,5.26,3,2
137,18,8.0,4,4,73,12.0,104.0,2,8.67,52.0,36.0,19,26.03,9,4
145,18,8.0,1,1,25,4.0,16.0,2,4.0,8.0,12.0,17,68.0,2,0
148,18,8.0,1,1,19,3.0,28.0,1,9.33,28.0,18.0,7,36.84,5,0
178,18,8.0,1,1,22,3.0,27.0,0,9.0,0.0,inf,3,13.64,2,0
179,18,8.0,1,1,19,3.0,32.0,4,10.67,8.0,4.5,5,26.32,2,2
213,18,8.0,1,1,13,2.0,24.0,0,12.0,0.0,inf,5,38.46,2,2
217,18,8.0,1,1,12,2.0,18.0,1,9.0,18.0,12.0,5,41.67,2,1
224,18,8.0,1,1,26,4.0,28.0,4,7.0,7.0,6.0,13,50.0,1,2
255,18,8.0,1,1,24,4.0,13.0,3,3.25,4.33,8.0,11,45.83,0,0
292,18,8.0,1,1,19,3.0,27.0,0,9.0,0.0,inf,4,21.05,3,0
298,18,8.0,1,1,24,4.0,27.0,2,6.75,13.5,12.0,9,37.5,2,1
301,18,8.0,3,3,43,7.0,55.0,2,7.86,27.5,21.0,18,41.86,6,2
312,18,8.0,1,1,24,4.0,22.0,2,5.5,11.0,12.0,11,45.83,2,0
319,18,8.0,1,1,26,4.0,25.0,2,6.25,12.5,10.0,12,46.15,2,1
327,18,8.0,1,1,25,4.0,20.0,1,5.0,20.0,24.0,11,44.0,0,1
334,18,8.0,1,1,25,4.0,36.0,1,9.0,36.0,24.0,3,12.0,1,2
342,18,8.0,1,1,27,4.0,27.0,1,6.75,27.0,24.0,11,40.74,2,0
390,18,8.0,4,4,102,17.0,139.0,5,8.18,27.8,18.0,27,26.47,11,5
427,18,8.0,1,1,24,4.0,21.0,3,5.25,7.0,8.0,15,62.5,4,0
470,18,8.0,1,1,25,4.0,38.0,1,9.5,38.0,24.0,5,20.0,3,1
472,18,8.0,1,1,24,4.0,30.0,1,7.5,30.0,24.0,4,16.67,2,0
495,18,8.0,6,6,133,22.0,179.0,12,8.14,14.92,10.5,39,29.32,9,9
518,18,8.0,1,1,24,4.0,50.0,0,12.5,0.0,inf,6,25.0,7,2
545,18,8.0,1,1,19,3.0,20.0,1,6.67,20.0,18.0,9,47.37,3,0
546,18,8.0,1,1,12,2.0,26.0,0,13.0,0.0,inf,4,33.33,2,2
549,18,8.0,1,1,7,1.0,13.0,0,13.0,0.0,inf,0,0.0,2,0
560,18,8.0,1,1,24,4.0,32.0,3,8.0,10.67,8.0,9,37.5,0,3
619,18,8.0,1,1,18,3.0,12.0,0,4.0,0.0,inf,7,38.89,0,0
623,18,8.0,1,1,25,4.0,32.0,0,8.0,0.0,inf,9,36.0,2,2
656,18,8.0,1,1,6,1.0,5.0,0,5.0,0.0,inf,1,16.67,0,0
693,18,8.0,1,1,26,4.0,31.0,1,7.75,31.0,24.0,10,38.46,4,0
717,18,8.0,1,1,24,4.0,28.0,2,7.0,14.0,12.0,5,20.83,2,0
720,18,8.0,1,1,18,3.0,26.0,1,8.67,26.0,18.0,7,38.89,0,3
725,18,8.0,1,1,18,3.0,27.0,0,9.0,0.0,inf,4,22.22,2,1
777,18,8.0,1,1,24,4.0,21.0,2,5.25,10.5,12.0,8,33.33,2,0
6,18,10.0,1,1,12,2.0,27.0,0,13.5,0.0,inf,3,25.0,1,3
20,18,10.0,1,1,26,4.0,42.0,1,10.5,42.0,24.0,10,38.46,6,1
38,18,10.0,1,1,25,4.0,37.0,0,9.25,0.0,inf,11,44.0,6,1
58,18,10.0,1,1,24,4.0,24.0,3,6.0,8.0,8.0,11,45.83,4,0
71,18,10.0,1,1,18,3.0,35.0,0,11.67,0.0,inf,6,33.33,6,1
100,18,10.0,1,1,14,2.0,22.0,0,11.0,0.0,inf,4,28.57,2,1
116,18,10.0,2,2,27,4.0,56.0,1,14.0,56.0,24.0,6,22.22,8,2
137,18,10.0,1,1,24,4.0,41.0,2,10.25,20.5,12.0,6,25.0,1,4
145,18,10.0,2,2,42,7.0,89.0,0,12.71,0.0,inf,11,26.19,11,5
169,18,10.0,1,1,18,3.0,49.0,0,16.33,0.0,inf,1,5.56,5,3
178,18,10.0,2,2,44,7.0,78.0,0,11.14,0.0,inf,7,15.91,4,5
184,18,10.0,1,1,25,4.0,47.0,3,11.75,15.67,8.0,9,36.0,5,3
187,18,10.0,1,1,25,4.0,27.0,1,6.75,27.0,24.0,8,32.0,3,0
190,18,10.0,1,1,24,4.0,34.0,3,8.5,11.33,8.0,10,41.67,1,3
213,18,10.0,1,1,27,4.0,43.0,2,10.75,21.5,12.0,2,7.41,4,1
217,18,10.0,1,1,18,3.0,24.0,1,8.0,24.0,18.0,5,27.78,4,0
224,18,10.0,1,1,13,2.0,21.0,0,10.5,0.0,inf,5,38.46,2,1
255,18,10.0,2,2,48,8.0,71.0,5,8.88,14.2,9.6,18,37.5,1,7
263,18,10.0,1,1,24,4.0,44.0,1,11.0,44.0,24.0,10,41.67,6,2
292,18,10.0,1,1,13,2.0,21.0,0,10.5,0.0,inf,5,38.46,3,0
298,18,10.0,5,5,90,15.0,144.0,4,9.6,36.0,21.0,25,27.78,8,9
301,18,10.0,1,1,18,3.0,21.0,1,7.0,21.0,18.0,8,44.44,2,1
312,18,10.0,2,2,46,7.0,93.0,2,13.29,46.5,21.0,9,19.57,7,7
334,18,10.0,4,4,79,13.0,137.0,1,10.54,137.0,75.0,27,34.18,14,8
342,18,10.0,4,5,94,15.0,164.0,4,10.93,41.0,22.25,28,29.79,22,6
360,18,10.0,2,2,50,8.0,65.0,2,8.12,32.5,24.0,17,34.0,3,4
363,18,10.0,1,1,25,4.0,32.0,0,8.0,0.0,inf,3,12.0,3,0
371,18,10.0,1,2,34,5.0,46.0,0,9.2,0.0,inf,7,20.59,2,2
390,18,10.0,1,1,14,2.0,22.0,0,11.0,0.0,inf,3,21.43,2,1
399,18,10.0,1,1,12,2.0,21.0,0,10.5,0.0,inf,4,33.33,1,2
411,18,10.0,1,1,14,2.0,7.0,1,3.5,7.0,12.0,8,57.14,0,0
420,18,10.0,2,2,21,3.0,32.0,0,10.67,0.0,inf,4,19.05,1,2
424,18,10.0,1,1,7,1.0,6.0,0,6.0,0.0,inf,1,14.29,0,0
427,18,10.0,1,1,25,4.0,36.0,2,9.0,18.0,12.0,10,40.0,5,1
472,18,10.0,5,5,115,19.0,148.0,3,7.79,49.33,38.0,36,31.3,10,6
485,18,10.0,1,1,25,4.0,36.0,3,9.0,12.0,8.0,7,28.0,3,2
493,18,10.0,1,1,26,4.0,32.0,2,8.0,16.0,12.0,9,34.62,5,0
495,18,10.0,1,1,21,3.0,42.0,1,14.0,42.0,18.0,4,19.05,3,2
499,18,10.0,1,1,23,3.0,31.0,3,10.33,10.33,7.33,10,43.48,1,3
545,18,10.0,1,1,24,4.0,33.0,3,8.25,11.0,8.0,9,37.5,2,2
546,18,10.0,1,1,24,4.0,28.0,1,7.0,28.0,24.0,5,20.83,0,1
576,18,10.0,1,1,24,4.0,47.0,1,11.75,47.0,24.0,6,25.0,4,3
623,18,10.0,1,1,24,4.0,22.0,0,5.5,0.0,inf,8,33.33,2,0
635,18,10.0,1,1,24,4.0,40.0,1,10.0,40.0,24.0,5,20.83,3,2
656,18,10.0,5,5,98,16.0,123.0,5,7.69,24.6,19.2,32,32.65,12,4
664,18,10.0,1,1,6,1.0,12.0,0,12.0,0.0,inf,2,33.33,1,1
674,18,10.0,1,1,24,4.0,40.0,1,10.0,40.0,24.0,7,29.17,4,2
680,18,10.0,3,3,56,9.0,92.0,2,10.22,46.0,24.0,10,17.86,8,4
682,18,10.0,1,1,25,4.0,29.0,3,7.25,9.67,8.0,7,28.0,2,0
685,18,10.0,1,1,12,2.0,34.0,0,17.0,0.0,inf,2,16.67,1,4
693,18,10.0,2,2,41,6.0,58.0,2,9.67,29.0,18.0,14,34.15,5,3
712,18,10.0,2,2,42,7.0,71.0,1,10.14,71.0,42.0,11,26.19,10,2
733,18,10.0,1,1,12,2.0,25.0,0,12.5,0.0,inf,3,25.0,2,2
744,18,10.0,1,1,27,4.0,60.0,0,15.0,0.0,inf,5,18.52,7,3
772,18,10.0,1,1,18,3.0,24.0,0,8.0,0.0,inf,5,27.78,3,0
777,18,10.0,1,1,13,2.0,25.0,0,12.5,0.0,inf,6,46.15,1,3
16,18,11.0,1,1,25,4.0,31.0,1,7.75,31.0,24.0,13,52.0,3,2
18,18,11.0,1,1,26,4.0,57.0,0,14.25,0.0,inf,3,11.54,5,3
30,18,11.0,1,1,25,4.0,43.0,1,10.75,43.0,24.0,7,28.0,3,3
33,18,11.0,1,1,26,4.0,33.0,2,8.25,16.5,12.0,11,42.31,2,2
102,18,11.0,1,1,25,4.0,46.0,2,11.5,23.0,12.0,6,24.0,4,3
123,18,11.0,1,1,18,3.0,49.0,0,16.33,0.0,inf,3,16.67,4,4
169,18,11.0,1,1,7,1.0,4.0,1,4.0,4.0,7.0,4,57.14,0,0
179,18,11.0,1,1,26,4.0,50.0,1,12.5,50.0,24.0,7,26.92,3,4
318,18,11.0,1,1,24,4.0,30.0,2,7.5,15.0,12.0,9,37.5,3,1
319,18,11.0,1,1,25,4.0,16.0,3,4.0,5.33,8.0,14,56.0,1,0
342,18,11.0,1,1,12,2.0,23.0,0,11.5,0.0,inf,4,33.33,5,0
472,18,11.0,1,1,13,2.0,29.0,0,14.5,0.0,inf,1,7.69,2,2
496,18,11.0,1,1,6,1.0,14.0,0,14.0,0.0,inf,0,0.0,2,0
644,18,11.0,1,1,8,1.0,17.0,0,17.0,0.0,inf,0,0.0,1,1
656,18,11.0,1,1,12,2.0,25.0,0,12.5,0.0,inf,2,16.67,1,2
680,18,11.0,1,1,13,2.0,27.0,0,13.5,0.0,inf,4,30.77,2,2
704,18,11.0,1,1,25,4.0,60.0,0,15.0,0.0,inf,6,24.0,3,6
6,18,15.0,1,1,12,2.0,10.0,1,5.0,10.0,12.0,3,25.0,0,0
60,18,15.0,1,1,6,1.0,9.0,0,9.0,0.0,inf,0,0.0,1,0
71,18,15.0,1,1,25,4.0,38.0,2,9.5,19.0,12.0,11,44.0,5,2
130,18,15.0,1,1,12,2.0,30.0,0,15.0,0.0,inf,2,16.67,3,2
137,18,15.0,1,1,25,4.0,46.0,1,11.5,46.0,24.0,6,24.0,4,3
145,18,15.0,1,1,24,4.0,36.0,2,9.0,18.0,12.0,11,45.83,4,2
312,18,15.0,1,1,24,4.0,17.0,2,4.25,8.5,12.0,13,54.17,0,1
327,18,15.0,1,1,24,4.0,23.0,2,5.75,11.5,12.0,5,20.83,1,0
360,18,15.0,2,2,42,7.0,69.0,5,9.86,13.8,8.4,13,30.95,5,5
371,18,15.0,2,2,37,6.0,53.0,1,8.83,53.0,36.0,6,16.22,5,1
390,18,15.0,1,1,28,4.0,28.0,2,7.0,14.0,12.0,10,35.71,1,1
420,18,15.0,1,1,24,4.0,25.0,0,6.25,0.0,inf,6,25.0,1,1
455,18,15.0,1,1,6,1.0,10.0,0,10.0,0.0,inf,2,33.33,2,0
493,18,15.0,2,2,37,6.0,46.0,1,7.67,46.0,33.0,20,54.05,3,4
495,18,15.0,1,1,25,4.0,28.0,2,7.0,14.0,12.0,9,36.0,2,1
600,18,15.0,1,1,27,4.0,42.0,1,10.5,42.0,24.0,9,33.33,4,2
674,18,15.0,2,2,49,8.0,62.0,0,7.75,0.0,inf,14,28.57,3,2
693,18,15.0,1,1,25,4.0,33.0,2,8.25,16.5,12.0,9,36.0,2,2
712,18,15.0,2,2,32,5.0,52.0,0,10.4,0.0,inf,10,31.25,5,2
16,18,16.0,1,1,12,2.0,39.0,0,19.5,0.0,inf,2,16.67,6,2
18,18,16.0,1,1,24,4.0,45.0,1,11.25,45.0,24.0,5,20.83,3,3
30,18,16.0,1,1,28,4.0,29.0,1,7.25,29.0,24.0,7,25.0,2,0
35,18,16.0,1,1,1,0.0,4.0,0,inf,0.0,inf,0,0.0,1,0
38,18,16.0,1,1,24,4.0,17.0,4,4.25,4.25,6.0,17,70.83,3,0
51,18,16.0,1,1,18,3.0,49.0,0,16.33,0.0,inf,3,16.67,6,3
58,18,16.0,3,3,54,9.0,54.0,2,6.0,27.0,27.0,20,37.04,5,1
60,18,16.0,1,1,6,1.0,9.0,0,9.0,0.0,inf,0,0.0,1,0
63,18,16.0,1,1,21,3.0,40.0,0,13.33,0.0,inf,3,14.29,2,3
85,18,16.0,1,1,18,3.0,40.0,0,13.33,0.0,inf,3,16.67,3,3
102,18,16.0,1,1,25,4.0,40.0,1,10.0,40.0,24.0,8,32.0,1,3
148,18,16.0,4,4,88,14.0,173.0,4,12.36,43.25,21.0,25,28.41,18,10
179,18,16.0,1,1,25,4.0,56.0,1,14.0,56.0,24.0,3,12.0,4,4
213,18,16.0,1,1,24,4.0,19.0,0,4.75,0.0,inf,9,37.5,1,0
217,18,16.0,1,1,25,4.0,12.0,2,3.0,6.0,12.0,16,64.0,1,0
224,18,16.0,5,5,112,18.0,161.0,8,8.94,20.12,12.75,30,26.79,12,7
243,18,16.0,2,2,50,8.0,94.0,2,11.75,47.0,24.0,10,20.0,6,7
258,18,16.0,1,1,12,2.0,27.0,0,13.5,0.0,inf,3,25.0,4,1
263,18,16.0,1,1,24,4.0,39.0,1,9.75,39.0,24.0,8,33.33,3,2
281,18,16.0,3,3,39,6.0,94.0,2,15.67,47.0,18.0,14,35.9,8,9
292,18,16.0,1,1,25,4.0,26.0,4,6.5,6.5,6.0,12,48.0,1,2
319,18,16.0,1,1,25,4.0,37.0,1,9.25,37.0,24.0,10,40.0,6,1
363,18,16.0,1,1,24,4.0,31.0,0,7.75,0.0,inf,9,37.5,3,1
367,18,16.0,1,1,24,4.0,42.0,1,10.5,42.0,24.0,8,33.33,1,4
371,18,16.0,1,1,24,4.0,51.0,1,12.75,51.0,24.0,5,20.83,4,3
383,18,16.0,1,1,24,4.0,53.0,0,13.25,0.0,inf,5,20.83,9,1
399,18,16.0,1,1,19,3.0,31.0,1,10.33,31.0,18.0,6,31.58,4,1
493,18,16.0,1,1,27,4.0,76.0,0,19.0,0.0,inf,1,3.7,10,4
494,18,16.0,1,1,2,0.0,1.0,0,inf,0.0,inf,1,50.0,0,0
499,18,16.0,3,3,69,11.0,106.0,4,9.64,26.5,16.5,17,24.64,11,4
560,18,16.0,1,1,6,1.0,15.0,0,15.0,0.0,inf,2,33.33,2,1
576,18,16.0,1,1,24,4.0,24.0,2,6.0,12.0,12.0,6,25.0,2,0
625,18,16.0,1,1,26,4.0,34.0,4,8.5,8.5,6.0,11,42.31,3,2
635,18,16.0,1,1,26,4.0,25.0,2,6.25,12.5,12.0,8,30.77,2,0
644,18,16.0,1,1,5,0.0,6.0,0,inf,0.0,inf,2,40.0,1,0
674,18,16.0,1,1,29,4.0,52.0,2,13.0,26.0,12.0,8,27.59,8,1
712,18,16.0,1,1,29,4.0,44.0,3,11.0,14.67,8.0,7,24.14,5,1
720,18,16.0,1,1,6,1.0,12.0,0,12.0,0.0,inf,1,16.67,2,0
725,18,16.0,4,4,90,15.0,140.0,1,9.33,140.0,88.0,20,22.22,11,7
733,18,16.0,4,4,37,6.0,60.0,0,10.0,0.0,inf,14,37.84,7,3
777,18,16.0,6,6,138,23.0,205.0,6,8.91,34.17,21.67,50,36.23,19,10
16,18,18.0,3,3,74,12.0,116.0,5,9.67,23.2,13.2,26,35.14,11,7
18,18,18.0,1,1,24,4.0,37.0,3,9.25,12.33,8.0,6,25.0,2,2
20,18,18.0,1,1,24,4.0,36.0,1,9.0,36.0,24.0,8,33.33,3,2
24,18,18.0,1,1,7,1.0,11.0,0,11.0,0.0,inf,1,14.29,1,0
30,18,18.0,1,1,24,4.0,39.0,0,9.75,0.0,inf,9,37.5,4,2
33,18,18.0,2,2,48,8.0,90.0,2,11.25,45.0,24.0,12,25.0,8,5
38,18,18.0,1,1,14,2.0,24.0,0,12.0,0.0,inf,4,28.57,3,1
51,18,18.0,2,2,43,7.0,93.0,0,13.29,0.0,inf,10,23.26,12,4
52,18,18.0,3,3,73,12.0,99.0,6,8.25,16.5,12.0,19,26.03,7,4
100,18,18.0,1,1,18,3.0,32.0,1,10.67,32.0,18.0,7,38.89,4,2
102,18,18.0,1,1,24,4.0,30.0,0,7.5,0.0,inf,7,29.17,2,1
123,18,18.0,1,1,27,4.0,44.0,2,11.0,22.0,12.0,10,37.04,2,3
164,18,18.0,1,1,6,1.0,12.0,0,12.0,0.0,inf,3,50.0,3,0
178,18,18.0,1,1,26,4.0,47.0,0,11.75,0.0,inf,5,19.23,5,2
179,18,18.0,1,1,24,4.0,30.0,0,7.5,0.0,inf,8,33.33,1,2
184,18,18.0,1,1,18,3.0,38.0,0,12.67,0.0,inf,6,33.33,3,3
213,18,18.0,1,1,27,4.0,41.0,2,10.25,20.5,12.0,7,25.93,3,2
214,18,18.0,1,1,6,1.0,30.0,0,30.0,0.0,inf,0,0.0,3,3
217,18,18.0,2,2,33,5.0,41.0,1,8.2,41.0,30.0,19,57.58,4,2
247,18,18.0,1,1,12,2.0,20.0,1,10.0,20.0,12.0,3,25.0,4,0
263,18,18.0,2,2,48,8.0,38.0,3,4.75,12.67,16.0,28,58.33,5,1
279,18,18.0,1,1,7,1.0,16.0,0,16.0,0.0,inf,0,0.0,3,0
292,18,18.0,2,2,35,5.0,64.0,3,12.8,21.33,11.33,11,31.43,8,3
298,18,18.0,1,1,25,4.0,38.0,2,9.5,19.0,12.0,5,20.0,4,1
319,18,18.0,3,3,73,12.0,123.0,2,10.25,61.5,36.0,26,35.62,14,5
334,18,18.0,1,1,28,4.0,49.0,1,12.25,49.0,24.0,9,32.14,6,2
360,18,18.0,4,4,85,14.0,136.0,2,9.71,68.0,42.0,21,24.71,6,10
363,18,18.0,1,1,24,4.0,24.0,1,6.0,24.0,24.0,9,37.5,1,1
367,18,18.0,1,1,19,3.0,19.0,0,6.33,0.0,inf,7,36.84,2,0
371,18,18.0,3,3,68,11.0,117.0,2,10.64,58.5,31.5,15,22.06,8,6
383,18,18.0,1,1,14,2.0,36.0,0,18.0,0.0,inf,4,28.57,2,4
397,18,18.0,1,1,18,3.0,29.0,0,9.67,0.0,inf,9,50.0,2,3
399,18,18.0,2,2,19,3.0,31.0,1,10.33,31.0,18.0,5,26.32,2,2
420,18,18.0,4,4,46,7.0,62.0,2,8.86,31.0,21.0,11,23.91,4,2
427,18,18.0,1,1,18,3.0,26.0,1,8.67,26.0,18.0,7,38.89,3,1
444,18,18.0,1,1,12,2.0,18.0,1,9.0,18.0,12.0,4,33.33,0,2
455,18,18.0,2,2,31,5.0,47.0,1,9.4,47.0,30.0,10,32.26,3,3
472,18,18.0,1,1,25,4.0,39.0,2,9.75,19.5,12.0,7,28.0,1,3
485,18,18.0,1,1,24,4.0,23.0,3,5.75,7.67,8.0,9,37.5,1,1
493,18,18.0,4,4,100,16.0,159.0,2,9.94,79.5,48.0,30,30.0,15,7
545,18,18.0,1,1,25,4.0,32.0,1,8.0,32.0,24.0,7,28.0,5,0
546,18,18.0,1,1,24,4.0,29.0,1,7.25,29.0,24.0,6,25.0,2,1
576,18,18.0,1,1,6,1.0,16.0,0,16.0,0.0,inf,2,33.33,2,1
621,18,18.0,1,1,24,4.0,42.0,0,10.5,0.0,inf,8,33.33,5,2
623,18,18.0,1,1,25,4.0,39.0,0,9.75,0.0,inf,4,16.0,4,1
625,18,18.0,1,1,18,3.0,34.0,1,11.33,34.0,18.0,5,27.78,2,3
635,18,18.0,1,1,24,4.0,47.0,1,11.75,47.0,24.0,7,29.17,5,2
638,18,18.0,1,1,11,1.0,34.0,0,34.0,0.0,inf,1,9.09,3,3
644,18,18.0,1,1,10,1.0,21.0,0,21.0,0.0,inf,1,10.0,0,2
674,18,18.0,4,4,91,15.0,135.0,3,9.0,45.0,28.0,18,19.78,14,3
682,18,18.0,2,2,51,8.0,87.0,1,10.88,87.0,48.0,11,21.57,10,3
712,18,18.0,3,3,64,10.0,84.0,3,8.4,28.0,20.0,20,31.25,8,2
717,18,18.0,1,1,6,1.0,8.0,0,8.0,0.0,inf,1,16.67,1,0
772,18,18.0,1,1,24,4.0,33.0,3,8.25,11.0,8.0,8,33.33,1,2
6,18,23.0,1,1,24,4.0,34.0,1,8.5,34.0,24.0,8,33.33,2,2
16,18,23.0,1,1,7,1.0,6.0,0,6.0,0.0,inf,3,42.86,1,0
18,18,23.0,1,1,24,4.0,45.0,1,11.25,45.0,24.0,10,41.67,5,3
20,18,23.0,1,1,18,3.0,25.0,1,8.33,25.0,18.0,7,38.89,3,1
38,18,23.0,1,1,25,4.0,32.0,1,8.0,32.0,24.0,11,44.0,4,1
71,18,23.0,1,1,13,2.0,14.0,0,7.0,0.0,inf,7,53.85,3,0
102,18,23.0,1,1,26,4.0,33.0,1,8.25,33.0,24.0,6,23.08,4,0
116,18,23.0,6,6,69,11.0,126.0,5,11.45,25.2,13.6,18,26.09,11,8
137,18,23.0,1,1,18,3.0,19.0,0,6.33,0.0,inf,10,55.56,2,1
145,18,23.0,7,7,151,25.0,254.0,8,10.16,31.75,18.0,43,28.48,27,12
148,18,23.0,1,1,25,4.0,29.0,1,7.25,29.0,24.0,9,36.0,3,1
184,18,23.0,1,1,13,2.0,26.0,1,13.0,26.0,12.0,6,46.15,3,2
224,18,23.0,1,1,26,4.0,43.0,1,10.75,43.0,24.0,6,23.08,6,1
255,18,23.0,7,7,166,27.0,221.0,2,8.19,110.5,81.0,41,24.7,9,12
281,18,23.0,1,1,24,4.0,47.0,0,11.75,0.0,inf,6,25.0,3,4
301,18,23.0,1,1,18,3.0,38.0,1,12.67,38.0,18.0,4,22.22,4,2
312,18,23.0,7,7,172,28.0,218.0,9,7.79,24.22,18.67,62,36.05,21,7
327,18,23.0,3,3,50,8.0,93.0,3,11.62,31.0,16.0,13,26.0,4,8
341,18,23.0,1,1,27,4.0,55.0,2,13.75,27.5,12.0,9,33.33,6,3
360,18,23.0,1,1,25,4.0,35.0,0,8.75,0.0,inf,4,16.0,5,0
363,18,23.0,1,1,24,4.0,25.0,2,6.25,12.5,12.0,10,41.67,2,1
367,18,23.0,1,1,27,4.0,47.0,1,11.75,47.0,24.0,8,29.63,6,2
383,18,23.0,1,1,12,2.0,18.0,1,9.0,18.0,12.0,4,33.33,2,1
390,18,23.0,1,1,24,4.0,39.0,0,9.75,0.0,inf,2,8.33,2,2
420,18,23.0,1,1,19,3.0,21.0,1,7.0,21.0,18.0,3,15.79,1,0
427,18,23.0,1,1,24,4.0,22.0,2,5.5,11.0,12.0,15,62.5,3,1
493,18,23.0,1,1,25,4.0,30.0,1,7.5,30.0,24.0,10,40.0,2,2
495,18,23.0,1,1,25,4.0,31.0,4,7.75,7.75,6.0,8,32.0,3,1
546,18,23.0,1,1,25,4.0,29.0,3,7.25,9.67,8.0,8,32.0,2,1
576,18,23.0,1,1,20,3.0,19.0,1,6.33,19.0,18.0,4,20.0,0,0
600,18,23.0,2,2,34,5.0,77.0,0,15.4,0.0,inf,9,26.47,9,5
623,18,23.0,1,1,25,4.0,47.0,1,11.75,47.0,24.0,8,32.0,6,2
625,18,23.0,1,1,32,5.0,52.0,2,10.4,26.0,12.0,9,28.12,6,2
635,18,23.0,1,1,25,4.0,25.0,2,6.25,12.5,12.0,12,48.0,4,0
638,18,23.0,1,1,19,3.0,36.0,1,12.0,36.0,18.0,2,10.53,2,2
674,18,23.0,1,1,24,4.0,41.0,1,10.25,41.0,24.0,9,37.5,1,4
675,18,23.0,1,1,20,3.0,35.0,1,11.67,35.0,18.0,8,40.0,3,3
681,18,23.0,1,1,19,3.0,39.0,0,13.0,0.0,inf,3,15.79,4,2
682,18,23.0,1,1,21,3.0,50.0,0,16.67,0.0,inf,4,19.05,4,4
693,18,23.0,7,7,165,27.0,282.0,11,10.44,25.64,14.18,56,33.94,31,14
717,18,23.0,1,1,12,2.0,14.0,0,7.0,0.0,inf,2,16.67,1,0
720,18,23.0,1,1,6,1.0,4.0,1,4.0,4.0,6.0,2,33.33,0,0
725,18,23.0,1,1,18,3.0,25.0,1,8.33,25.0,18.0,6,33.33,2,1
777,18,23.0,1,1,24,4.0,44.0,1,11.0,44.0,24.0,9,37.5,3,4
6,18,24.0,1,1,18,3.0,24.0,2,8.0,12.0,9.0,6,33.33,4,0
16,18,24.0,1,1,25,4.0,28.0,1,7.0,28.0,24.0,9,36.0,0,2
18,18,24.0,7,7,149,24.0,210.0,4,8.75,52.5,35.25,43,28.86,24,5
20,18,24.0,2,2,38,6.0,80.0,0,13.33,0.0,inf,6,15.79,8,4
30,18,24.0,1,1,17,2.0,23.0,0,11.5,0.0,inf,6,35.29,2,1
38,18,24.0,1,1,25,4.0,50.0,0,12.5,0.0,inf,5,20.0,6,1
46,18,24.0,2,2,40,6.0,105.0,3,17.5,35.0,12.67,8,20.0,13,6
58,18,24.0,1,1,25,4.0,41.0,1,10.25,41.0,24.0,6,24.0,5,1
63,18,24.0,1,1,18,3.0,22.0,1,7.33,22.0,18.0,8,44.44,4,0
71,18,24.0,1,1,24,4.0,38.0,1,9.5,38.0,24.0,12,50.0,3,3
72,18,24.0,1,1,26,4.0,26.0,1,6.5,26.0,24.0,9,34.62,3,0
102,18,24.0,7,7,172,28.0,201.0,7,7.18,28.71,24.0,53,30.81,19,3
130,18,24.0,1,1,12,2.0,24.0,0,12.0,0.0,inf,3,25.0,0,3
179,18,24.0,1,1,24,4.0,36.0,1,9.0,36.0,24.0,8,33.33,3,2
190,18,24.0,2,2,37,6.0,64.0,2,10.67,32.0,18.0,8,21.62,3,5
200,18,24.0,1,1,18,3.0,39.0,0,13.0,0.0,inf,3,16.67,6,1
213,18,24.0,1,1,24,4.0,46.0,0,11.5,0.0,inf,5,20.83,7,1
217,18,24.0,1,1,13,2.0,23.0,0,11.5,0.0,inf,2,15.38,3,0
224,18,24.0,2,2,54,9.0,88.0,2,9.78,44.0,23.5,19,35.19,11,3
279,18,24.0,1,1,20,3.0,39.0,1,13.0,39.0,18.0,5,25.0,4,2
292,18,24.0,1,1,18,3.0,28.0,1,9.33,28.0,18.0,8,44.44,4,1
298,18,24.0,1,1,6,1.0,14.0,0,14.0,0.0,inf,0,0.0,1,1
301,18,24.0,1,1,18,3.0,20.0,1,6.67,20.0,18.0,9,50.0,2,1
318,18,24.0,1,1,24,4.0,40.0,1,10.0,40.0,24.0,6,25.0,7,0
319,18,24.0,1,1,26,4.0,43.0,3,10.75,14.33,8.0,8,30.77,6,1
334,18,24.0,1,1,24,4.0,33.0,4,8.25,8.25,6.0,11,45.83,5,1
341,18,24.0,4,4,73,12.0,125.0,1,10.42,125.0,66.0,17,23.29,16,3
342,18,24.0,1,1,24,4.0,25.0,1,6.25,25.0,24.0,9,37.5,1,1
363,18,24.0,1,1,25,4.0,35.0,1,8.75,35.0,24.0,7,28.0,3,1
367,18,24.0,6,6,115,19.0,199.0,4,10.47,49.75,27.0,29,25.22,16,11
390,18,24.0,1,1,31,5.0,45.0,2,9.0,22.5,12.0,9,29.03,2,3
399,18,24.0,1,1,28,4.0,36.0,5,9.0,7.2,4.8,10,35.71,2,2
411,18,24.0,1,1,12,2.0,11.0,0,5.5,0.0,inf,7,58.33,2,0
424,18,24.0,2,2,27,4.0,41.0,2,10.25,20.5,12.0,8,29.63,2,3
438,18,24.0,2,2,40,6.0,65.0,3,10.83,21.67,12.0,11,27.5,2,6
444,18,24.0,4,4,56,9.0,84.0,3,9.33,28.0,18.0,11,19.64,3,5
472,18,24.0,1,1,25,4.0,33.0,0,8.25,0.0,inf,4,16.0,3,0
488,18,24.0,1,1,2,0.0,6.0,0,inf,0.0,inf,1,50.0,0,1
494,18,24.0,1,1,19,3.0,26.0,1,8.67,26.0,18.0,6,31.58,1,2
495,18,24.0,1,1,25,4.0,13.0,0,3.25,0.0,inf,13,52.0,0,0
499,18,24.0,2,2,48,8.0,65.0,4,8.12,16.25,12.0,19,39.58,6,3
545,18,24.0,2,2,49,8.0,89.0,2,11.12,44.5,24.0,14,28.57,7,6
546,18,24.0,2,2,37,6.0,52.0,1,8.67,52.0,36.0,10,27.03,1,4
560,18,24.0,1,1,25,4.0,31.0,1,7.75,31.0,24.0,8,32.0,1,2
576,18,24.0,1,1,9,1.0,35.0,0,35.0,0.0,inf,0,0.0,2,4
623,18,24.0,2,2,36,6.0,84.0,1,14.0,84.0,36.0,5,13.89,8,6
625,18,24.0,6,6,137,22.0,236.0,5,10.73,47.2,25.2,30,21.9,25,9
629,18,24.0,1,1,4,0.0,9.0,0,inf,0.0,inf,1,25.0,0,1
635,18,24.0,1,1,25,4.0,26.0,2,6.5,13.0,12.0,11,44.0,2,1
638,18,24.0,1,1,24,4.0,28.0,1,7.0,28.0,24.0,9,37.5,1,2
644,18,24.0,1,1,12,2.0,15.0,0,7.5,0.0,inf,5,41.67,1,1
656,18,24.0,1,1,24,4.0,29.0,0,7.25,0.0,inf,6,25.0,3,0
680,18,24.0,1,1,18,3.0,25.0,1,8.33,25.0,18.0,4,22.22,1,1
721,18,24.0,1,1,24,4.0,51.0,1,12.75,51.0,24.0,4,16.67,4,3
725,18,24.0,1,1,13,2.0,22.0,0,11.0,0.0,inf,0,0.0,1,1
727,18,24.0,1,1,19,3.0,28.0,0,9.33,0.0,inf,2,10.53,2,1
777,18,24.0,2,2,51,8.0,62.0,3,7.75,20.67,16.0,17,33.33,6,2
6,18,25.0,1,1,19,3.0,18.0,0,6.0,0.0,inf,7,36.84,1,0
16,18,25.0,4,4,88,14.0,130.0,4,9.29,32.5,21.25,27,30.68,11,6
20,18,25.0,1,1,12,2.0,22.0,0,11.0,0.0,inf,3,25.0,2,1
52,18,25.0,1,1,24,4.0,27.0,1,6.75,27.0,24.0,6,25.0,3,0
63,18,25.0,3,3,30,5.0,22.0,2,4.4,11.0,15.0,14,46.67,2,0
71,18,25.0,1,1,25,4.0,45.0,2,11.25,22.5,12.0,8,32.0,3,3
79,18,25.0,1,1,5,0.0,9.0,0,inf,0.0,inf,1,20.0,0,1
85,18,25.0,1,1,25,4.0,39.0,1,9.75,39.0,24.0,7,28.0,5,1
137,18,25.0,1,1,25,4.0,48.0,2,12.0,24.0,12.0,7,28.0,1,5
145,18,25.0,1,1,20,3.0,25.0,3,8.33,8.33,6.0,12,60.0,1,3
164,18,25.0,2,2,36,6.0,58.0,1,9.67,58.0,36.0,16,44.44,5,4
179,18,25.0,4,4,74,12.0,105.0,5,8.75,21.0,14.4,21,28.38,5,5
184,18,25.0,1,1,15,2.0,20.0,0,10.0,0.0,inf,5,33.33,3,0
255,18,25.0,1,1,19,3.0,14.0,2,4.67,7.0,9.0,9,47.37,1,0
312,18,25.0,1,1,24,4.0,21.0,2,5.25,10.5,12.0,10,41.67,0,1
319,18,25.0,4,4,86,14.0,111.0,3,7.93,37.0,28.0,31,36.05,15,1
360,18,25.0,1,1,24,4.0,36.0,1,9.0,36.0,24.0,3,12.5,1,2
371,18,25.0,1,1,25,4.0,21.0,2,5.25,10.5,12.0,8,32.0,1,0
390,18,25.0,1,1,25,4.0,52.0,0,13.0,0.0,inf,4,16.0,1,5
427,18,25.0,1,1,24,4.0,39.0,0,9.75,0.0,inf,6,25.0,3,2
438,18,25.0,1,1,13,2.0,18.0,1,9.0,18.0,12.0,3,23.08,2,0
455,18,25.0,1,1,12,2.0,21.0,1,10.5,21.0,12.0,4,33.33,1,2
493,18,25.0,1,1,25,4.0,25.0,3,6.25,8.33,8.0,12,48.0,4,0
494,18,25.0,2,2,55,9.0,77.0,5,8.56,15.4,9.6,18,32.73,4,5
495,18,25.0,1,1,18,3.0,32.0,1,10.67,32.0,18.0,3,16.67,2,2
518,18,25.0,1,1,12,2.0,21.0,1,10.5,21.0,12.0,5,41.67,3,1
545,18,25.0,1,1,25,4.0,26.0,0,6.5,0.0,inf,9,36.0,3,0
546,18,25.0,1,1,25,4.0,25.0,2,6.25,12.5,12.0,10,40.0,1,1
623,18,25.0,1,1,24,4.0,26.0,2,6.5,13.0,12.0,6,25.0,1,1
644,18,25.0,3,3,37,6.0,71.0,0,11.83,0.0,inf,7,18.92,5,5
674,18,25.0,1,1,27,4.0,26.0,2,6.5,13.0,12.0,9,33.33,2,0
693,18,25.0,1,1,15,2.0,26.0,1,13.0,26.0,15.0,4,26.67,3,1
744,18,25.0,1,1,18,3.0,23.0,1,7.67,23.0,18.0,9,50.0,5,0
6,18,28.0,1,1,18,3.0,28.0,1,9.33,28.0,18.0,6,33.33,2,2
18,18,28.0,1,1,24,4.0,42.0,2,10.5,21.0,12.0,6,25.0,4,2
20,18,28.0,1,1,24,4.0,46.0,2,11.5,23.0,12.0,8,33.33,4,3
24,18,28.0,6,6,58,9.0,77.0,5,8.56,15.4,10.8,23,39.66,10,2
30,18,28.0,1,1,25,4.0,44.0,1,11.0,44.0,24.0,8,32.0,5,2
38,18,28.0,1,1,18,3.0,29.0,1,9.67,29.0,18.0,7,38.89,4,1
71,18,28.0,1,1,12,2.0,24.0,0,12.0,0.0,inf,6,50.0,4,1
102,18,28.0,1,1,24,4.0,48.0,1,12.0,48.0,24.0,5,20.83,3,4
116,18,28.0,1,1,18,3.0,35.0,2,11.67,17.5,8.5,4,22.22,2,3
130,18,28.0,1,1,17,2.0,29.0,0,14.5,0.0,inf,4,23.53,0,3
137,18,28.0,1,1,24,4.0,25.0,0,6.25,0.0,inf,6,25.0,1,1
145,18,28.0,1,1,14,2.0,28.0,0,14.0,0.0,inf,5,35.71,2,2
148,18,28.0,1,1,18,3.0,28.0,0,9.33,0.0,inf,6,33.33,1,2
162,18,28.0,1,1,6,1.0,9.0,0,9.0,0.0,inf,2,33.33,0,1
213,18,28.0,5,5,96,16.0,90.0,5,5.62,18.0,18.4,40,41.67,5,3
217,18,28.0,7,7,136,22.0,219.0,5,9.95,43.8,25.2,50,36.76,25,9
224,18,28.0,1,1,18,3.0,31.0,1,10.33,31.0,18.0,2,11.11,3,1
255,18,28.0,1,1,18,3.0,32.0,0,10.67,0.0,inf,5,27.78,1,3
263,18,28.0,6,6,144,24.0,128.0,12,5.33,10.67,11.67,63,43.75,7,4
279,18,28.0,3,3,56,9.0,94.0,7,10.44,13.43,7.71,16,28.57,6,7
292,18,28.0,7,7,173,28.0,223.0,10,7.96,22.3,16.8,63,36.42,19,9
298,18,28.0,1,1,24,4.0,25.0,0,6.25,0.0,inf,7,29.17,3,0
312,18,28.0,1,1,18,3.0,12.0,0,4.0,0.0,inf,9,50.0,1,0
334,18,28.0,1,1,24,4.0,48.0,2,12.0,24.0,12.0,7,29.17,5,3
363,18,28.0,1,1,24,4.0,21.0,1,5.25,21.0,24.0,8,33.33,1,0
367,18,28.0,1,1,24,4.0,41.0,1,10.25,41.0,24.0,7,29.17,3,3
390,18,28.0,1,1,13,2.0,34.0,0,17.0,0.0,inf,2,15.38,1,4
397,18,28.0,1,1,27,4.0,26.0,1,6.5,26.0,24.0,14,51.85,2,1
399,18,28.0,6,6,94,15.0,138.0,4,9.2,34.5,21.0,24,25.53,11,7
411,18,28.0,1,1,18,3.0,18.0,1,6.0,18.0,18.0,9,50.0,3,0
416,18,28.0,1,1,12,2.0,10.0,1,5.0,10.0,12.0,6,50.0,1,0
427,18,28.0,1,1,25,4.0,37.0,2,9.25,18.5,12.0,12,48.0,3,3
472,18,28.0,1,1,25,4.0,22.0,1,5.5,22.0,24.0,9,36.0,1,0
485,18,28.0,3,3,42,7.0,69.0,1,9.86,69.0,42.0,8,19.05,4,4
495,18,28.0,1,1,18,3.0,36.0,0,12.0,0.0,inf,3,16.67,5,1
499,18,28.0,1,1,25,4.0,36.0,2,9.0,18.0,12.0,7,28.0,6,0
545,18,28.0,1,1,25,4.0,48.0,1,12.0,48.0,24.0,9,36.0,5,3
546,18,28.0,1,1,27,4.0,45.0,4,11.25,11.25,6.0,8,29.63,5,2
560,18,28.0,2,2,18,3.0,31.0,2,10.33,15.5,9.0,5,27.78,1,3
576,18,28.0,1,1,25,4.0,34.0,2,8.5,17.0,12.0,5,20.0,1,2
600,18,28.0,1,1,12,2.0,14.0,0,7.0,0.0,inf,7,58.33,1,1
623,18,28.0,1,1,25,4.0,32.0,0,8.0,0.0,inf,10,40.0,4,1
635,18,28.0,1,1,24,4.0,37.0,1,9.25,37.0,24.0,9,37.5,4,2
680,18,28.0,1,1,24,4.0,54.0,1,13.5,54.0,24.0,6,25.0,3,5
704,18,28.0,1,1,28,4.0,40.0,2,10.0,20.0,12.0,12,42.86,3,3
725,18,28.0,1,1,21,3.0,35.0,0,11.67,0.0,inf,8,38.1,2,3
772,18,28.0,1,1,24,4.0,30.0,1,7.5,30.0,24.0,10,41.67,2,2
777,18,28.0,1,1,25,4.0,26.0,3,6.5,8.67,8.0,13,52.0,3,1
30,18,37.0,1,1,25,4.0,47.0,0,11.75,0.0,inf,5,20.0,5,2
102,18,37.0,1,1,25,4.0,31.0,2,7.75,15.5,12.0,10,40.0,4,0
148,18,37.0,1,1,19,3.0,31.0,0,10.33,0.0,inf,6,31.58,3,2
178,18,37.0,2,2,47,7.0,67.0,1,9.57,67.0,42.0,10,21.28,6,2
200,18,37.0,1,1,10,1.0,22.0,0,22.0,0.0,inf,1,10.0,1,2
224,18,37.0,1,1,19,3.0,17.0,0,5.67,0.0,inf,6,31.58,1,0
298,18,37.0,2,2,26,4.0,56.0,1,14.0,56.0,24.0,5,19.23,3,5
334,18,37.0,2,2,27,4.0,39.0,1,9.75,39.0,24.0,7,25.93,3,2
342,18,37.0,2,2,48,8.0,77.0,8,9.62,9.62,5.75,21,43.75,8,4
367,18,37.0,1,1,24,4.0,53.0,2,13.25,26.5,12.0,8,33.33,4,5
472,18,37.0,2,2,48,8.0,42.0,5,5.25,8.4,9.6,27,56.25,2,3
625,18,37.0,1,1,13,2.0,19.0,2,9.5,9.5,6.0,5,38.46,2,1
656,18,37.0,2,2,42,7.0,61.0,0,8.71,0.0,inf,14,33.33,4,4
664,18,37.0,1,1,6,1.0,28.0,0,28.0,0.0,inf,1,16.67,1,4
698,18,37.0,1,1,6,1.0,16.0,0,16.0,0.0,inf,1,16.67,2,1
725,18,37.0,1,1,24,4.0,42.0,3,10.5,14.0,8.0,5,20.83,4,2
727,18,37.0,1,1,24,4.0,39.0,2,9.75,19.5,12.0,9,37.5,3,3
733,18,37.0,1,1,18,3.0,27.0,0,9.0,0.0,inf,4,22.22,1,2
777,18,37.0,1,1,12,2.0,27.0,0,13.5,0.0,inf,2,16.67,3,1
