player_id,season_id,opposition_team_id,matches,innings,balls_bowled,overs,runs_conceded,wickets,economy,bowling_avg,bowling_strike_rate,dot_balls,dot_balls_pct,fours_conceded,sixes_conceded
4,1,2,2,2,36,6.0,55.0,2,9.17,27.5,18.0,9,25.0,5,2
4,1,5,1,1,20,3.0,43.0,0,14.33,0.0,inf,2,10.0,7,1
4,1,6,2,2,48,8.0,51.0,0,6.38,0.0,inf,17,35.42,3,1
4,1,9,1,1,25,4.0,48.0,1,12.0,48.0,24.0,8,32.0,5,3
4,1,11,2,2,31,5.0,46.0,0,9.2,0.0,inf,8,25.81,6,0
4,1,13,1,1,18,3.0,14.0,0,4.67,0.0,inf,5,27.78,1,0
4,1,16,2,2,33,5.0,54.0,1,10.8,54.0,32.0,6,18.18,6,2
6,1,2,1,1,1,0.0,0.0,0,,0.0,inf,1,100.0,0,0
6,1,17,1,1,12,2.0,21.0,0,10.5,0.0,inf,5,41.67,3,1
21,1,2,1,1,14,2.0,16.0,0,8.0,0.0,inf,1,7.14,1,0
21,1,5,2,2,48,8.0,27.0,4,3.38,6.75,10.75,27,56.25,2,0
21,1,6,3,3,75,12.0,87.0,10,7.25,8.7,7.2,33,44.0,10,2
21,1,9,2,2,51,8.0,56.0,5,7.0,11.2,9.6,19,37.25,4,2
21,1,16,1,1,25,4.0,39.0,0,9.75,0.0,inf,10,40.0,7,1
21,1,17,2,2,52,8.0,41.0,3,5.12,13.67,16.0,31,59.62,3,2
39,1,2,1,1,24,4.0,18.0,2,4.5,9.0,12.0,12,50.0,2,0
39,1,5,1,1,24,4.0,45.0,0,11.25,0.0,inf,5,20.83,5,2
39,1,6,1,1,24,4.0,14.0,3,3.5,4.67,8.0,13,54.17,1,0
39,1,9,1,1,18,3.0,21.0,0,7.0,0.0,inf,9,50.0,1,2
39,1,11,2,2,49,8.0,54.0,1,6.75,54.0,48.0,18,36.73,6,1
39,1,13,2,2,47,7.0,72.0,0,10.29,0.0,inf,16,34.04,7,4
39,1,16,2,2,50,8.0,80.0,1,10.0,80.0,48.0,12,24.0,5,5
55,1,2,2,2,42,7.0,49.0,2,7.0,24.5,21.0,22,52.38,4,3
55,1,6,2,2,43,7.0,41.0,1,5.86,41.0,42.0,24,55.81,5,1
55,1,9,2,2,49,8.0,39.0,5,4.88,7.8,9.6,28,57.14,4,1
55,1,11,2,2,43,7.0,45.0,1,6.43,45.0,42.0,16,37.21,5,0
55,1,13,2,2,43,7.0,54.0,2,7.71,27.0,21.0,18,41.86,6,1
55,1,16,1,1,12,2.0,33.0,0,16.5,0.0,inf,3,25.0,3,3
55,1,17,2,2,48,8.0,40.0,0,5.0,0.0,inf,19,39.58,3,0
62,1,2,1,1,7,1.0,11.0,0,11.0,0.0,inf,0,0.0,0,0
62,1,6,1,1,7,1.0,14.0,0,14.0,0.0,inf,0,0.0,2,0
62,1,13,2,2,31,5.0,44.0,1,8.8,44.0,29.0,11,35.48,4,2
62,1,16,1,1,6,1.0,9.0,0,9.0,0.0,inf,2,33.33,0,1
64,1,2,2,2,47,7.0,55.0,4,7.86,13.75,11.75,18,38.3,7,1
64,1,6,2,2,52,8.0,66.0,1,8.25,66.0,48.0,23,44.23,12,0
64,1,9,2,2,27,4.0,26.0,0,6.5,0.0,inf,14,51.85,3,1
64,1,11,2,2,37,6.0,31.0,3,5.17,10.33,12.0,21,56.76,5,0
64,1,13,2,2,37,6.0,56.0,2,9.33,28.0,18.0,15,40.54,6,2
64,1,16,2,2,36,6.0,48.0,0,8.0,0.0,inf,14,38.89,6,2
64,1,17,2,2,44,7.0,66.0,2,9.43,33.0,21.0,15,34.09,8,2
65,1,2,2,2,30,5.0,51.0,0,10.2,0.0,inf,4,13.33,2,3
65,1,9,1,1,25,4.0,14.0,3,3.5,4.67,8.0,14,56.0,1,0
65,1,11,2,2,24,4.0,25.0,0,6.25,0.0,inf,7,29.17,2,0
65,1,16,2,2,24,4.0,30.0,0,7.5,0.0,inf,8,33.33,3,1
65,1,17,1,1,24,4.0,39.0,1,9.75,39.0,24.0,3,12.5,2,2
66,1,5,1,1,6,1.0,2.0,1,2.0,2.0,6.0,4,66.67,0,0
66,1,6,2,2,24,4.0,51.0,1,12.75,51.0,24.0,8,33.33,3,5
66,1,9,1,1,6,1.0,7.0,0,7.0,0.0,inf,2,33.33,1,0
66,1,11,1,1,12,2.0,21.0,1,10.5,21.0,12.0,4,33.33,1,2
66,1,13,1,1,7,1.0,22.0,0,22.0,0.0,inf,0,0.0,3,1
66,1,17,1,1,12,2.0,30.0,0,15.0,0.0,inf,0,0.0,1,3
74,1,2,3,3,68,11.0,62.0,6,5.64,10.33,11.0,32,47.06,9,0
74,1,5,2,2,45,7.0,56.0,2,8.0,28.0,21.0,19,42.22,7,1
74,1,6,2,2,52,8.0,48.0,2,6.0,24.0,24.0,26,50.0,5,1
74,1,9,2,2,46,7.0,58.0,2,8.29,29.0,21.5,17,36.96,6,2
74,1,13,2,2,50,8.0,79.0,1,9.88,79.0,48.0,22,44.0,15,1
74,1,16,2,2,45,7.0,54.0,2,7.71,27.0,21.0,20,44.44,8,1
74,1,17,2,2,38,6.0,26.0,2,4.33,13.0,18.0,22,57.89,3,0
111,1,2,1,1,13,2.0,11.0,1,5.5,11.0,12.0,5,38.46,1,0
111,1,5,1,1,12,2.0,12.0,2,6.0,6.0,6.0,3,25.0,1,0
111,1,6,1,1,6,1.0,8.0,0,8.0,0.0,inf,1,16.67,1,0
111,1,11,1,1,6,1.0,20.0,0,20.0,0.0,inf,0,0.0,1,2
111,1,16,1,1,6,1.0,18.0,0,18.0,0.0,inf,0,0.0,0,2
111,1,17,1,1,13,2.0,14.0,0,7.0,0.0,inf,3,23.08,1,0
118,1,2,2,2,37,6.0,62.0,3,10.33,20.67,12.0,11,29.73,7,2
118,1,5,2,2,50,8.0,96.0,1,12.0,96.0,48.0,14,28.0,11,5
118,1,6,2,2,38,6.0,49.0,1,8.17,49.0,36.0,15,39.47,4,2
118,1,9,2,2,50,8.0,59.0,3,7.38,19.67,16.0,17,34.0,7,0
118,1,11,1,1,24,4.0,32.0,0,8.0,0.0,inf,7,29.17,4,0
118,1,16,2,2,48,8.0,74.0,1,9.25,74.0,48.0,10,20.83,9,1
118,1,17,2,2,49,8.0,48.0,2,6.0,24.0,24.0,20,40.82,4,1
129,1,2,2,2,43,7.0,79.0,1,11.29,79.0,42.0,12,27.91,13,1
129,1,5,1,1,24,4.0,17.0,2,4.25,8.5,12.0,13,54.17,2,0
129,1,6,1,1,24,4.0,38.0,3,9.5,12.67,8.0,11,45.83,7,1
129,1,9,2,2,43,7.0,65.0,2,9.29,32.5,21.0,15,34.88,6,2
129,1,11,2,2,49,8.0,70.0,1,8.75,70.0,48.0,18,36.73,11,1
129,1,13,2,2,51,8.0,64.0,2,8.0,32.0,24.0,22,43.14,8,2
129,1,16,1,1,24,4.0,24.0,2,6.0,12.0,12.0,9,37.5,3,0
134,1,2,1,1,25,4.0,29.0,1,7.25,29.0,24.0,10,40.0,5,0
134,1,5,1,1,24,4.0,12.0,1,3.0,12.0,24.0,15,62.5,1,0
134,1,6,2,2,32,5.0,35.0,0,7.0,0.0,inf,16,50.0,5,0
134,1,11,2,2,50,8.0,62.0,0,7.75,0.0,inf,20,40.0,10,0
134,1,13,2,2,31,5.0,42.0,1,8.4,42.0,30.0,15,48.39,7,1
134,1,16,2,2,44,7.0,51.0,4,7.29,12.75,10.5,21,47.73,7,0
134,1,17,2,2,39,6.0,29.0,2,4.83,14.5,18.0,19,48.72,3,0
147,1,2,1,1,20,3.0,21.0,0,7.0,0.0,inf,6,30.0,0,1
147,1,5,2,2,37,6.0,36.0,2,6.0,18.0,18.0,12,32.43,4,0
147,1,6,2,2,30,5.0,38.0,0,7.6,0.0,inf,11,36.67,1,3
147,1,16,1,1,18,3.0,39.0,0,13.0,0.0,inf,5,27.78,5,2
150,1,2,1,1,12,2.0,13.0,0,6.5,0.0,inf,3,25.0,1,0
150,1,6,1,1,19,3.0,33.0,0,11.0,0.0,inf,3,15.79,4,1
150,1,9,1,1,14,2.0,16.0,2,8.0,8.0,7.0,7,50.0,3,0
150,1,11,2,2,44,7.0,56.0,3,8.0,18.67,14.0,11,25.0,4,1
150,1,16,1,1,13,2.0,19.0,0,9.5,0.0,inf,4,30.77,3,0
151,1,2,1,1,6,1.0,11.0,0,11.0,0.0,inf,0,0.0,1,0
151,1,11,1,1,13,2.0,16.0,0,8.0,0.0,inf,1,7.69,1,0
151,1,13,1,1,6,1.0,9.0,0,9.0,0.0,inf,0,0.0,1,0
151,1,16,1,1,24,4.0,25.0,2,6.25,12.5,11.0,6,25.0,0,1
152,1,2,1,1,19,3.0,22.0,0,7.33,0.0,inf,7,36.84,3,0
152,1,9,2,2,36,6.0,45.0,3,7.5,15.0,12.0,16,44.44,5,2
152,1,11,1,1,24,4.0,42.0,1,10.5,42.0,24.0,8,33.33,5,2
152,1,17,1,1,24,4.0,36.0,1,9.0,36.0,24.0,10,41.67,7,0
156,1,5,1,1,25,4.0,21.0,1,5.25,21.0,24.0,9,36.0,0,1
156,1,6,2,2,51,8.0,69.0,2,8.62,34.5,24.0,14,27.45,7,2
156,1,9,1,1,27,4.0,29.0,1,7.25,29.0,24.0,11,40.74,4,0
156,1,11,1,1,24,4.0,33.0,0,8.25,0.0,inf,5,20.83,2,1
156,1,13,1,1,7,1.0,12.0,1,12.0,12.0,6.0,3,42.86,1,1
156,1,17,1,1,21,3.0,51.0,0,17.0,0.0,inf,5,23.81,5,3
174,1,2,2,2,50,8.0,75.0,2,9.38,37.5,24.0,13,26.0,6,3
174,1,5,2,2,46,7.0,49.0,1,7.0,49.0,42.0,22,47.83,3,3
174,1,9,2,2,49,8.0,57.0,2,7.12,28.5,24.0,22,44.9,6,2
174,1,11,3,3,60,10.0,87.0,1,8.7,87.0,60.0,20,33.33,12,1
174,1,13,3,3,75,12.0,94.0,4,7.83,23.5,18.0,33,44.0,6,6
174,1,16,2,2,42,7.0,36.0,2,5.14,18.0,21.0,21,50.0,5,0
174,1,17,2,2,49,8.0,45.0,5,5.62,9.0,9.6,23,46.94,4,1
203,1,2,1,1,24,4.0,23.0,0,5.75,0.0,inf,8,33.33,2,0
203,1,5,1,1,12,2.0,14.0,0,7.0,0.0,inf,1,8.33,1,0
203,1,11,2,2,18,3.0,38.0,1,12.67,38.0,18.0,6,33.33,5,2
203,1,16,1,1,24,4.0,25.0,2,6.25,12.5,12.0,10,41.67,0,2
203,1,17,2,2,43,7.0,28.0,3,4.0,9.33,14.0,21,48.84,1,1
208,1,6,1,1,14,2.0,24.0,1,12.0,24.0,12.0,2,14.29,2,1
208,1,11,1,1,6,1.0,12.0,0,12.0,0.0,inf,1,16.67,0,1
209,1,2,1,1,13,2.0,23.0,0,11.5,0.0,inf,1,7.69,3,0
209,1,5,1,1,19,3.0,25.0,2,8.33,12.5,9.0,6,31.58,2,1
209,1,9,1,1,25,4.0,24.0,0,6.0,0.0,inf,10,40.0,2,0
209,1,11,1,1,7,1.0,15.0,0,15.0,0.0,inf,0,0.0,2,0
209,1,13,2,2,18,3.0,32.0,0,10.67,0.0,inf,5,27.78,4,1
209,1,17,1,1,6,1.0,18.0,0,18.0,0.0,inf,0,0.0,2,1
210,1,2,2,2,34,5.0,58.0,0,11.6,0.0,inf,8,23.53,5,2
210,1,5,2,2,53,8.0,66.0,4,8.25,16.5,12.0,23,43.4,5,2
210,1,6,3,3,53,8.0,71.0,2,8.88,35.5,24.0,18,33.96,10,1
210,1,9,2,2,49,8.0,58.0,4,7.25,14.5,12.0,23,46.94,8,1
210,1,11,2,2,43,7.0,82.0,2,11.71,41.0,18.5,14,32.56,10,4
210,1,16,2,2,49,8.0,62.0,2,7.75,31.0,24.0,19,38.78,10,0
210,1,17,2,2,51,8.0,45.0,5,5.62,9.0,9.6,27,52.94,5,1
212,1,2,2,2,39,6.0,39.0,2,6.5,19.5,18.0,15,38.46,5,0
212,1,5,2,2,51,8.0,56.0,2,7.0,28.0,24.0,23,45.1,4,3
212,1,6,3,3,77,12.0,104.0,3,8.67,34.67,24.0,28,36.36,7,6
212,1,9,2,2,48,8.0,54.0,2,6.75,27.0,23.0,25,52.08,5,3
212,1,11,2,2,50,8.0,31.0,2,3.88,15.5,24.0,28,56.0,3,0
212,1,16,1,1,25,4.0,30.0,2,7.5,15.0,12.0,8,32.0,3,1
212,1,17,2,2,46,7.0,36.0,2,5.14,18.0,22.0,23,50.0,5,0
222,1,11,2,2,51,8.0,61.0,5,7.62,12.2,9.0,17,33.33,5,2
222,1,13,2,2,52,8.0,50.0,6,6.25,8.33,8.0,20,38.46,4,1
222,1,16,1,1,30,5.0,43.0,1,8.6,43.0,24.0,8,26.67,3,2
222,1,17,1,1,20,3.0,30.0,0,10.0,0.0,inf,6,30.0,5,0
223,1,2,2,2,51,8.0,75.0,2,9.38,37.5,24.0,13,25.49,11,0
223,1,5,1,1,20,3.0,44.0,0,14.67,0.0,inf,7,35.0,3,5
223,1,9,1,1,25,4.0,25.0,0,6.25,0.0,inf,9,36.0,2,0
223,1,11,3,3,63,10.0,70.0,4,7.0,17.5,13.5,18,28.57,6,0
223,1,13,2,2,48,8.0,52.0,3,6.5,17.33,16.0,22,45.83,4,2
223,1,16,2,2,52,8.0,63.0,3,7.88,21.0,16.0,17,32.69,6,2
223,1,17,2,2,51,8.0,70.0,5,8.75,14.0,9.6,14,27.45,6,2
230,1,11,2,2,20,3.0,30.0,1,10.0,30.0,20.0,4,20.0,1,2
234,1,5,1,1,24,4.0,23.0,1,5.75,23.0,24.0,8,33.33,0,1
234,1,9,1,1,18,3.0,13.0,0,4.33,0.0,inf,7,38.89,1,0
234,1,11,2,2,45,7.0,64.0,4,9.14,16.0,10.25,14,31.11,2,5
234,1,13,1,1,12,2.0,21.0,1,10.5,21.0,12.0,2,16.67,0,2
234,1,16,1,1,24,4.0,17.0,5,4.25,3.4,4.8,11,45.83,1,0
238,1,6,1,1,18,3.0,29.0,2,9.67,14.5,9.0,3,16.67,2,1
238,1,13,1,1,12,2.0,22.0,0,11.0,0.0,inf,2,16.67,2,1
241,1,2,1,1,25,4.0,29.0,2,7.25,14.5,12.0,8,32.0,3,0
246,1,2,1,1,25,4.0,33.0,0,8.25,0.0,inf,5,20.0,3,0
246,1,6,2,2,37,6.0,40.0,1,6.67,40.0,36.0,14,37.84,2,2
246,1,9,2,2,43,7.0,47.0,0,6.71,0.0,inf,23,53.49,4,3
246,1,11,1,1,13,2.0,14.0,0,7.0,0.0,inf,5,38.46,0,1
246,1,13,1,1,24,4.0,36.0,1,9.0,36.0,24.0,6,25.0,1,3
246,1,17,1,1,25,4.0,29.0,1,7.25,29.0,24.0,8,32.0,0,2
251,1,2,2,2,31,5.0,42.0,0,8.4,0.0,inf,13,41.94,4,2
251,1,5,2,2,49,8.0,38.0,3,4.75,12.67,16.0,26,53.06,5,0
251,1,6,3,3,42,7.0,78.0,1,11.14,78.0,41.0,12,28.57,5,6
251,1,9,2,2,30,5.0,52.0,2,10.4,26.0,15.0,10,33.33,3,4
251,1,11,2,2,36,6.0,62.0,3,10.33,20.67,12.0,11,30.56,3,5
251,1,16,2,2,48,8.0,59.0,3,7.38,19.67,16.0,20,41.67,3,4
251,1,17,2,2,50,8.0,58.0,5,7.25,11.6,9.6,18,36.0,5,0
254,1,2,1,1,14,2.0,22.0,2,11.0,11.0,6.0,4,28.57,1,2
254,1,6,1,1,19,3.0,28.0,0,9.33,0.0,inf,6,31.58,5,0
254,1,9,1,1,13,2.0,14.0,0,7.0,0.0,inf,7,53.85,1,1
254,1,11,1,1,6,1.0,7.0,0,7.0,0.0,inf,1,16.67,1,0
254,1,16,1,1,25,4.0,20.0,1,5.0,20.0,24.0,12,48.0,0,1
259,1,2,2,2,36,6.0,44.0,2,7.33,22.0,17.5,14,38.89,5,1
259,1,6,2,2,47,7.0,58.0,4,8.29,14.5,10.5,20,42.55,9,0
259,1,9,1,1,19,3.0,15.0,0,5.0,0.0,inf,7,36.84,1,0
259,1,11,1,1,18,3.0,21.0,2,7.0,10.5,9.0,10,55.56,1,2
259,1,13,1,1,26,4.0,37.0,2,9.25,18.5,12.0,9,34.62,3,2
259,1,16,1,1,6,1.0,8.0,0,8.0,0.0,inf,4,66.67,2,0
259,1,17,2,2,41,6.0,53.0,1,8.83,53.0,34.0,13,31.71,6,1
273,1,5,2,2,49,8.0,65.0,0,8.12,0.0,inf,18,36.73,11,0
273,1,6,2,2,48,8.0,44.0,1,5.5,44.0,48.0,19,39.58,4,0
273,1,9,1,1,24,4.0,22.0,0,5.5,0.0,inf,8,33.33,1,1
273,1,11,3,3,75,12.0,71.0,1,5.92,71.0,72.0,44,58.67,9,2
273,1,13,2,2,36,6.0,47.0,2,7.83,23.5,18.0,14,38.89,4,3
273,1,16,2,2,48,8.0,64.0,2,8.0,32.0,24.0,24,50.0,7,3
273,1,17,2,2,49,8.0,44.0,6,5.5,7.33,8.0,26,53.06,5,1
286,1,2,1,1,13,2.0,30.0,0,15.0,0.0,inf,3,23.08,3,2
286,1,5,1,1,24,4.0,34.0,2,8.5,17.0,12.0,8,33.33,4,1
286,1,6,1,1,24,4.0,36.0,1,9.0,36.0,24.0,9,37.5,2,2
286,1,9,2,2,26,4.0,29.0,0,7.25,0.0,inf,15,57.69,3,1
286,1,11,1,1,12,2.0,20.0,0,10.0,0.0,inf,2,16.67,3,0
286,1,13,1,1,24,4.0,26.0,0,6.5,0.0,inf,9,37.5,3,0
286,1,17,2,2,30,5.0,44.0,1,8.8,44.0,30.0,9,30.0,6,1
289,1,2,1,1,6,1.0,19.0,0,19.0,0.0,inf,0,0.0,1,2
289,1,5,1,1,12,2.0,10.0,0,5.0,0.0,inf,5,41.67,1,0
289,1,9,1,1,18,3.0,26.0,0,8.67,0.0,inf,4,22.22,0,2
289,1,11,1,1,19,3.0,27.0,1,9.0,27.0,19.0,9,47.37,4,1
290,1,2,1,1,6,1.0,15.0,0,15.0,0.0,inf,0,0.0,3,0
290,1,5,1,1,5,0.0,26.0,0,inf,0.0,inf,0,0.0,2,3
290,1,13,1,1,6,1.0,8.0,0,8.0,0.0,inf,0,0.0,0,0
291,1,2,1,1,12,2.0,15.0,1,7.5,15.0,12.0,3,25.0,2,0
291,1,6,1,1,7,1.0,10.0,0,10.0,0.0,inf,3,42.86,2,0
291,1,9,1,1,19,3.0,7.0,2,2.33,3.5,9.0,12,63.16,0,0
291,1,16,1,1,6,1.0,8.0,0,8.0,0.0,inf,1,16.67,1,0
293,1,6,1,1,12,2.0,14.0,0,7.0,0.0,inf,2,16.67,0,1
293,1,13,1,1,25,4.0,32.0,3,8.0,10.67,8.0,8,32.0,4,0
293,1,17,1,1,25,4.0,36.0,2,9.0,18.0,12.0,6,24.0,2,2
294,1,2,1,1,19,3.0,35.0,1,11.67,35.0,18.0,4,21.05,2,2
294,1,5,2,2,45,7.0,53.0,3,7.57,17.67,14.0,16,35.56,5,1
294,1,9,1,1,26,4.0,32.0,1,8.0,32.0,24.0,7,26.92,2,1
294,1,13,1,1,25,4.0,47.0,1,11.75,47.0,24.0,5,20.0,4,3
294,1,16,1,1,20,3.0,45.0,0,15.0,0.0,inf,7,35.0,5,3
294,1,17,1,1,23,3.0,27.0,2,9.0,13.5,11.0,4,17.39,1,1
317,1,6,1,1,6,1.0,14.0,0,14.0,0.0,inf,2,33.33,0,2
317,1,11,1,1,6,1.0,4.0,0,4.0,0.0,inf,2,33.33,0,0
317,1,16,2,2,25,4.0,40.0,1,10.0,40.0,24.0,8,32.0,1,4
317,1,17,1,1,6,1.0,10.0,0,10.0,0.0,inf,2,33.33,2,0
326,1,5,1,1,19,3.0,24.0,0,8.0,0.0,inf,8,42.11,3,1
326,1,6,1,1,18,3.0,33.0,0,11.0,0.0,inf,1,5.56,2,2
326,1,16,2,2,40,6.0,46.0,3,7.67,15.33,13.33,20,50.0,4,3
326,1,17,1,1,12,2.0,24.0,0,12.0,0.0,inf,2,16.67,3,1
330,1,9,1,1,7,1.0,24.0,0,24.0,0.0,inf,0,0.0,2,2
340,1,5,1,1,13,2.0,25.0,0,12.5,0.0,inf,2,15.38,3,0
340,1,6,1,1,25,4.0,30.0,0,7.5,0.0,inf,9,36.0,3,1
340,1,13,2,2,26,4.0,60.0,0,15.0,0.0,inf,3,11.54,6,3
340,1,16,1,1,12,2.0,14.0,0,7.0,0.0,inf,4,33.33,0,1
353,1,11,1,1,24,4.0,35.0,1,8.75,35.0,24.0,8,33.33,3,2
353,1,17,1,1,24,4.0,19.0,1,4.75,19.0,24.0,8,33.33,1,0
381,1,2,1,1,18,3.0,22.0,0,7.33,0.0,inf,6,33.33,3,0
383,1,2,1,1,18,3.0,18.0,0,6.0,0.0,inf,6,33.33,2,0
383,1,5,2,2,39,6.0,62.0,2,10.33,31.0,18.5,20,51.28,11,2
383,1,6,2,2,32,5.0,42.0,0,8.4,0.0,inf,13,40.62,4,1
383,1,11,2,2,43,7.0,49.0,2,7.0,24.5,21.0,17,39.53,7,0
383,1,13,2,2,52,8.0,90.0,0,11.25,0.0,inf,15,28.85,13,1
383,1,16,2,2,39,6.0,36.0,1,6.0,36.0,36.0,19,48.72,4,1
383,1,17,2,2,43,7.0,32.0,2,4.57,16.0,21.0,20,46.51,3,0
388,1,9,1,1,25,4.0,40.0,1,10.0,40.0,24.0,6,24.0,2,2
403,1,2,1,1,12,2.0,35.0,0,17.5,0.0,inf,4,33.33,4,3
403,1,9,1,1,15,2.0,20.0,0,10.0,0.0,inf,3,20.0,0,1
403,1,11,1,1,17,2.0,46.0,0,23.0,0.0,inf,2,11.76,2,5
410,1,9,1,1,26,4.0,41.0,1,10.25,41.0,24.0,7,26.92,6,1
410,1,11,1,1,27,4.0,27.0,2,6.75,13.5,12.0,9,33.33,1,1
410,1,13,1,1,24,4.0,36.0,1,9.0,36.0,24.0,9,37.5,5,1
410,1,16,1,1,26,4.0,38.0,2,9.5,19.0,12.0,8,30.77,2,2
410,1,17,1,1,25,4.0,18.0,4,4.5,4.5,6.0,16,64.0,1,1
425,1,13,1,1,24,4.0,24.0,1,6.0,24.0,24.0,9,37.5,3,0
435,1,2,1,1,18,3.0,31.0,1,10.33,31.0,18.0,7,38.89,3,2
449,1,2,1,1,18,3.0,27.0,1,9.0,27.0,18.0,4,22.22,2,1
449,1,6,2,2,43,7.0,73.0,2,10.43,36.5,21.0,12,27.91,9,3
449,1,9,2,2,44,7.0,38.0,3,5.43,12.67,14.0,23,52.27,4,1
449,1,11,1,1,18,3.0,12.0,2,4.0,6.0,7.0,6,33.33,0,0
449,1,13,1,1,18,3.0,27.0,0,9.0,0.0,inf,6,33.33,2,1
449,1,16,2,2,40,6.0,55.0,3,9.17,18.33,12.33,15,37.5,3,4
463,1,2,1,1,24,4.0,33.0,1,8.25,33.0,24.0,4,16.67,5,0
463,1,5,1,1,24,4.0,9.0,1,2.25,9.0,24.0,17,70.83,1,0
463,1,6,1,1,25,4.0,35.0,1,8.75,35.0,24.0,11,44.0,5,1
463,1,11,1,1,26,4.0,35.0,1,8.75,35.0,24.0,12,46.15,5,1
477,1,2,2,2,36,6.0,57.0,1,9.5,57.0,36.0,8,22.22,8,1
477,1,5,2,2,39,6.0,50.0,1,8.33,50.0,36.0,17,43.59,4,2
477,1,6,2,2,49,8.0,55.0,2,6.88,27.5,24.0,23,46.94,4,3
477,1,9,2,2,43,7.0,74.0,1,10.57,74.0,42.0,16,37.21,6,6
477,1,11,2,2,44,7.0,70.0,1,10.0,70.0,42.0,15,34.09,10,1
477,1,13,2,2,40,6.0,37.0,2,6.17,18.5,20.0,19,47.5,2,2
477,1,16,1,1,24,4.0,23.0,3,5.75,7.67,8.0,11,45.83,2,1
484,1,2,1,1,6,1.0,6.0,3,6.0,2.0,1.67,4,66.67,0,0
484,1,5,1,1,6,1.0,11.0,0,11.0,0.0,inf,1,16.67,2,0
484,1,6,1,1,12,2.0,18.0,0,9.0,0.0,inf,2,16.67,2,0
484,1,11,2,2,13,2.0,23.0,1,11.5,23.0,12.0,2,15.38,1,1
484,1,13,1,1,13,2.0,23.0,0,11.5,0.0,inf,1,7.69,2,1
484,1,16,1,1,13,2.0,16.0,1,8.0,16.0,12.0,5,38.46,2,0
484,1,17,2,2,15,2.0,27.0,1,13.5,27.0,13.0,3,20.0,1,2
497,1,5,1,1,26,4.0,53.0,0,13.25,0.0,inf,7,26.92,6,3
497,1,9,1,1,24,4.0,32.0,3,8.0,10.67,8.0,9,37.5,3,1
497,1,13,1,1,24,4.0,37.0,0,9.25,0.0,inf,6,25.0,6,0
497,1,17,1,1,26,4.0,27.0,0,6.75,0.0,inf,10,38.46,2,1
503,1,2,1,1,24,4.0,24.0,1,6.0,24.0,24.0,11,45.83,1,1
503,1,5,1,1,17,2.0,24.0,0,12.0,0.0,inf,4,23.53,2,1
503,1,6,2,2,39,6.0,49.0,2,8.17,24.5,19.0,18,46.15,7,1
503,1,9,1,1,19,3.0,21.0,1,7.0,21.0,18.0,8,42.11,2,0
503,1,11,1,1,6,1.0,10.0,0,10.0,0.0,inf,2,33.33,2,0
503,1,13,1,1,12,2.0,24.0,0,12.0,0.0,inf,5,41.67,3,1
503,1,17,2,2,42,7.0,47.0,0,6.71,0.0,inf,15,35.71,6,1
511,1,11,1,1,14,2.0,29.0,0,14.5,0.0,inf,5,35.71,3,1
534,1,5,2,2,45,7.0,67.0,1,9.57,67.0,42.0,15,33.33,8,2
534,1,13,1,1,24,4.0,32.0,1,8.0,32.0,24.0,9,37.5,4,1
536,1,2,3,3,60,10.0,84.0,2,8.4,42.0,30.0,19,31.67,5,4
536,1,5,2,2,39,6.0,49.0,2,8.17,24.5,18.0,12,30.77,5,0
536,1,6,3,3,68,11.0,98.0,3,8.91,32.67,22.0,20,29.41,5,6
536,1,9,2,2,31,5.0,41.0,1,8.2,41.0,30.0,10,32.26,1,3
536,1,13,1,1,24,4.0,19.0,3,4.75,6.33,8.0,11,45.83,0,1
536,1,16,2,2,49,8.0,67.0,4,8.38,16.75,12.0,12,24.49,4,3
536,1,17,2,2,48,8.0,46.0,4,5.75,11.5,12.0,23,47.92,3,2
559,1,2,2,2,50,8.0,55.0,2,6.88,27.5,24.0,20,40.0,6,1
559,1,5,1,1,27,4.0,14.0,1,3.5,14.0,24.0,17,62.96,0,1
559,1,6,2,2,55,9.0,68.0,2,7.56,34.0,24.0,29,52.73,10,1
559,1,9,1,1,25,4.0,27.0,3,6.75,9.0,8.0,10,40.0,4,0
559,1,13,2,2,40,6.0,49.0,0,8.17,0.0,inf,15,37.5,4,2
559,1,16,2,2,50,8.0,39.0,2,4.88,19.5,24.0,25,50.0,5,0
562,1,5,1,1,12,2.0,23.0,0,11.5,0.0,inf,2,16.67,2,1
562,1,11,1,1,18,3.0,30.0,1,10.0,30.0,18.0,4,22.22,2,2
562,1,13,1,1,20,3.0,34.0,1,11.33,34.0,18.0,4,20.0,4,1
574,1,11,1,1,13,2.0,22.0,1,11.0,22.0,12.0,5,38.46,1,2
577,1,5,2,2,36,6.0,28.0,1,4.67,28.0,30.0,16,44.44,2,0
577,1,6,2,2,31,5.0,33.0,1,6.6,33.0,30.0,12,38.71,5,0
577,1,11,2,2,42,7.0,76.0,1,10.86,76.0,42.0,12,28.57,7,5
577,1,13,1,1,19,3.0,26.0,0,8.67,0.0,inf,5,26.32,4,0
577,1,16,1,1,12,2.0,19.0,2,9.5,9.5,6.0,6,50.0,1,2
577,1,17,1,1,28,4.0,25.0,3,6.25,8.33,8.0,15,53.57,2,1
578,1,2,1,1,18,3.0,35.0,0,11.67,0.0,inf,3,16.67,5,1
578,1,5,1,1,24,4.0,57.0,1,14.25,57.0,24.0,6,25.0,6,3
578,1,9,1,1,24,4.0,29.0,2,7.25,14.5,12.0,10,41.67,5,0
578,1,13,2,2,42,7.0,77.0,2,11.0,38.5,21.0,5,11.9,8,3
578,1,17,1,1,24,4.0,38.0,2,9.5,19.0,12.0,5,20.83,5,0
580,1,2,1,1,24,4.0,29.0,0,7.25,0.0,inf,9,37.5,3,1
580,1,9,1,1,25,4.0,21.0,4,5.25,5.25,6.0,14,56.0,4,0
580,1,11,3,3,67,11.0,81.0,0,7.36,0.0,inf,28,41.79,11,2
580,1,13,1,1,24,4.0,23.0,2,5.75,11.5,12.0,14,58.33,2,1
580,1,16,2,2,49,8.0,61.0,1,7.62,61.0,48.0,22,44.9,4,4
580,1,17,1,1,24,4.0,27.0,0,6.75,0.0,inf,12,50.0,5,0
586,1,2,2,2,21,3.0,26.0,2,8.67,13.0,9.0,5,23.81,2,1
586,1,5,2,2,36,6.0,37.0,0,6.17,0.0,inf,12,33.33,5,0
586,1,6,2,2,51,8.0,50.0,2,6.25,25.0,24.0,18,35.29,1,2
586,1,9,2,2,39,6.0,43.0,2,7.17,21.5,18.0,14,35.9,2,3
586,1,11,2,2,38,6.0,70.0,1,11.67,70.0,36.0,9,23.68,8,2
586,1,13,1,1,27,4.0,30.0,2,7.5,15.0,12.0,8,29.63,0,2
586,1,17,1,1,24,4.0,28.0,2,7.0,14.0,12.0,4,16.67,1,1
590,1,5,1,1,29,4.0,27.0,1,6.75,27.0,24.0,11,37.93,1,1
590,1,9,1,1,25,4.0,25.0,2,6.25,12.5,12.0,7,28.0,0,1
590,1,11,3,3,74,12.0,67.0,6,5.58,11.17,12.0,32,43.24,7,1
590,1,13,2,2,25,4.0,42.0,0,10.5,0.0,inf,7,28.0,4,2
590,1,16,2,2,49,8.0,75.0,4,9.38,18.75,12.0,16,32.65,5,5
590,1,17,1,1,24,4.0,13.0,2,3.25,6.5,12.0,11,45.83,0,0
593,1,17,1,1,12,2.0,19.0,1,9.5,19.0,12.0,3,25.0,0,2
597,1,2,1,1,12,2.0,25.0,0,12.5,0.0,inf,1,8.33,4,0
597,1,5,2,2,42,7.0,66.0,0,9.43,0.0,inf,17,40.48,5,5
597,1,6,1,1,19,3.0,23.0,1,7.67,23.0,18.0,6,31.58,1,1
597,1,9,1,1,18,3.0,15.0,0,5.0,0.0,inf,8,44.44,1,0
597,1,11,1,1,13,2.0,15.0,0,7.5,0.0,inf,4,30.77,2,0
597,1,13,1,1,12,2.0,11.0,1,5.5,11.0,12.0,6,50.0,1,0
597,1,16,1,1,25,4.0,27.0,3,6.75,9.0,8.0,17,68.0,4,1
598,1,2,1,1,19,3.0,24.0,0,8.0,0.0,inf,5,26.32,3,0
598,1,6,1,1,12,2.0,18.0,1,9.0,18.0,12.0,6,50.0,4,0
615,1,5,1,1,27,4.0,46.0,1,11.5,46.0,24.0,9,33.33,4,3
615,1,6,2,2,49,8.0,67.0,2,8.38,33.5,24.0,12,24.49,9,0
615,1,11,1,1,24,4.0,32.0,1,8.0,32.0,24.0,9,37.5,5,0
615,1,13,1,1,25,4.0,39.0,2,9.75,19.5,12.0,10,40.0,7,0
615,1,16,2,2,50,8.0,70.0,2,8.75,35.0,24.0,19,38.0,7,3
615,1,17,1,1,24,4.0,42.0,0,10.5,0.0,inf,5,20.83,5,2
634,1,2,1,1,19,3.0,22.0,2,7.33,11.0,9.0,7,36.84,3,0
634,1,11,1,1,12,2.0,16.0,0,8.0,0.0,inf,3,25.0,2,0
634,1,13,1,1,13,2.0,19.0,0,9.5,0.0,inf,4,30.77,1,1
634,1,17,1,1,25,4.0,26.0,3,6.5,8.67,8.0,11,44.0,2,0
640,1,17,1,1,6,1.0,21.0,0,21.0,0.0,inf,0,0.0,0,3
641,1,6,1,1,7,1.0,16.0,0,16.0,0.0,inf,1,14.29,2,0
641,1,13,1,1,25,4.0,43.0,0,10.75,0.0,inf,5,20.0,5,2
654,1,2,1,1,14,2.0,17.0,0,8.5,0.0,inf,4,28.57,2,0
654,1,5,1,1,18,3.0,9.0,0,3.0,0.0,inf,9,50.0,0,0
654,1,6,3,3,54,9.0,62.0,3,6.89,20.67,18.0,21,38.89,5,3
654,1,9,2,2,24,4.0,28.0,1,7.0,28.0,24.0,6,25.0,1,1
654,1,13,2,2,18,3.0,37.0,1,12.33,37.0,18.0,5,27.78,1,4
654,1,16,2,2,24,4.0,39.0,3,9.75,13.0,8.0,8,33.33,2,3
654,1,17,2,2,18,3.0,38.0,0,12.67,0.0,inf,6,33.33,0,5
668,1,5,1,1,6,1.0,6.0,1,6.0,6.0,6.0,3,50.0,1,0
668,1,6,2,2,22,3.0,39.0,0,13.0,0.0,inf,3,13.64,4,1
668,1,13,1,1,24,4.0,32.0,1,8.0,32.0,21.0,8,33.33,2,1
668,1,17,1,1,6,1.0,8.0,0,8.0,0.0,inf,1,16.67,0,1
670,1,2,1,1,6,1.0,2.0,2,2.0,1.0,3.0,3,50.0,0,0
670,1,5,1,1,12,2.0,13.0,0,6.5,0.0,inf,4,33.33,2,0
670,1,6,3,3,62,10.0,109.0,1,10.9,109.0,60.0,16,25.81,7,8
670,1,9,2,2,30,5.0,58.0,1,11.6,58.0,30.0,8,26.67,0,6
670,1,11,2,2,43,7.0,62.0,3,8.86,20.67,14.0,16,37.21,8,2
670,1,17,2,2,18,3.0,32.0,0,10.67,0.0,inf,5,27.78,5,1
676,1,2,1,1,19,3.0,11.0,4,3.67,2.75,4.5,12,63.16,1,0
676,1,5,1,1,13,2.0,29.0,1,14.5,29.0,12.0,4,30.77,3,2
676,1,6,1,1,14,2.0,14.0,0,7.0,0.0,inf,7,50.0,2,0
684,1,6,1,1,6,1.0,10.0,0,10.0,0.0,inf,2,33.33,0,1
684,1,11,1,1,12,2.0,26.0,0,13.0,0.0,inf,1,8.33,4,0
684,1,13,2,2,42,7.0,59.0,1,8.43,59.0,42.0,14,33.33,3,4
684,1,16,1,1,19,3.0,35.0,1,11.67,35.0,18.0,7,36.84,1,4
689,1,2,3,3,67,11.0,66.0,3,6.0,22.0,22.0,34,50.75,9,1
689,1,5,1,1,19,3.0,21.0,0,7.0,0.0,inf,8,42.11,0,1
689,1,6,3,3,61,10.0,85.0,3,8.5,28.33,20.0,18,29.51,7,3
689,1,9,2,2,48,8.0,51.0,2,6.38,25.5,24.0,20,41.67,5,1
689,1,13,2,2,49,8.0,73.0,1,9.12,73.0,48.0,24,48.98,7,5
689,1,16,2,2,50,8.0,83.0,1,10.38,83.0,48.0,16,32.0,15,0
689,1,17,2,2,42,7.0,41.0,4,5.86,10.25,10.5,21,50.0,5,1
692,1,2,2,2,44,7.0,77.0,1,11.0,77.0,42.0,13,29.55,9,3
692,1,5,2,2,50,8.0,50.0,5,6.25,10.0,9.6,26,52.0,6,2
692,1,6,2,2,47,7.0,44.0,2,6.29,22.0,21.0,22,46.81,6,0
692,1,9,2,2,43,7.0,74.0,2,10.57,37.0,21.0,14,32.56,9,3
692,1,11,2,2,51,8.0,68.0,2,8.5,34.0,24.0,21,41.18,7,3
692,1,13,2,2,47,7.0,73.0,0,10.43,0.0,inf,9,19.15,9,1
692,1,17,2,2,43,7.0,56.0,3,8.0,18.67,14.0,17,39.53,10,0
699,1,5,2,2,48,8.0,69.0,7,8.62,9.86,6.86,21,43.75,6,5
699,1,6,2,2,51,8.0,71.0,3,8.88,23.67,16.0,20,39.22,10,1
699,1,9,1,1,28,4.0,34.0,2,8.5,17.0,12.0,8,28.57,3,1
699,1,11,2,2,40,6.0,85.0,2,14.17,42.5,18.5,11,27.5,8,6
699,1,13,1,1,24,4.0,23.0,1,5.75,23.0,24.0,9,37.5,2,0
699,1,16,1,1,25,4.0,35.0,1,8.75,35.0,24.0,6,24.0,3,1
699,1,17,2,2,50,8.0,53.0,0,6.62,0.0,inf,19,38.0,6,0
700,1,2,2,2,18,3.0,35.0,0,11.67,0.0,inf,3,16.67,2,2
700,1,5,2,2,50,8.0,55.0,4,6.88,13.75,12.0,19,38.0,2,3
700,1,6,2,2,38,6.0,46.0,1,7.67,46.0,36.0,12,31.58,6,1
700,1,11,2,2,37,6.0,38.0,3,6.33,12.67,12.0,14,37.84,3,1
700,1,13,1,1,18,3.0,28.0,0,9.33,0.0,inf,3,16.67,4,0
700,1,17,1,1,24,4.0,23.0,1,5.75,23.0,24.0,6,25.0,2,0
705,1,13,1,1,25,4.0,25.0,1,6.25,25.0,24.0,6,24.0,2,0
714,1,2,3,3,64,10.0,80.0,3,8.0,26.67,20.0,22,34.38,8,2
714,1,5,2,2,44,7.0,54.0,2,7.71,27.0,21.0,13,29.55,4,2
714,1,6,2,2,24,4.0,38.0,0,9.5,0.0,inf,6,25.0,3,1
714,1,9,2,2,44,7.0,57.0,3,8.14,19.0,14.0,15,34.09,4,3
714,1,13,2,2,48,8.0,73.0,2,9.12,36.5,24.0,19,39.58,5,5
714,1,16,2,2,37,6.0,45.0,1,7.5,45.0,36.0,12,32.43,3,2
714,1,17,2,2,39,6.0,52.0,2,8.67,26.0,18.0,15,38.46,5,2
718,1,2,1,1,24,4.0,35.0,2,8.75,17.5,12.0,5,20.83,4,1
718,1,5,1,1,15,2.0,9.0,0,4.5,0.0,inf,9,60.0,1,0
718,1,9,1,1,26,4.0,36.0,1,9.0,36.0,24.0,3,11.54,4,0
718,1,11,2,2,43,7.0,87.0,0,12.43,0.0,inf,9,20.93,9,4
718,1,13,2,2,49,8.0,51.0,5,6.38,10.2,9.6,20,40.82,4,2
718,1,16,1,1,24,4.0,34.0,2,8.5,17.0,12.0,7,29.17,4,1
718,1,17,1,1,24,4.0,34.0,1,8.5,34.0,24.0,7,29.17,4,1
722,1,6,1,1,12,2.0,25.0,0,12.5,0.0,inf,2,16.67,1,2
730,1,5,1,1,25,4.0,50.0,1,12.5,50.0,24.0,7,28.0,9,1
730,1,11,1,1,24,4.0,41.0,0,10.25,0.0,inf,8,33.33,8,0
735,1,17,1,1,6,1.0,3.0,1,3.0,3.0,6.0,3,50.0,0,0
754,1,9,1,1,24,4.0,43.0,1,10.75,43.0,24.0,6,25.0,2,3
754,1,16,2,2,42,7.0,70.0,2,10.0,35.0,21.0,15,35.71,8,3
754,1,17,1,1,18,3.0,28.0,0,9.33,0.0,inf,4,22.22,4,0
756,1,5,1,1,12,2.0,22.0,1,11.0,22.0,12.0,5,41.67,0,3
756,1,6,1,1,6,1.0,11.0,1,11.0,11.0,6.0,1,16.67,0,1
756,1,11,1,1,25,4.0,17.0,2,4.25,8.5,12.0,12,48.0,1,0
756,1,13,2,2,13,2.0,13.0,0,6.5,0.0,inf,4,30.77,0,1
756,1,16,2,2,48,8.0,59.0,2,7.38,29.5,24.0,19,39.58,4,3
756,1,17,2,2,30,5.0,61.0,0,12.2,0.0,inf,7,23.33,7,3
761,1,5,1,1,7,1.0,16.0,0,16.0,0.0,inf,1,14.29,2,0
761,1,6,1,1,13,2.0,16.0,0,8.0,0.0,inf,2,15.38,0,1
761,1,13,1,1,18,3.0,28.0,1,9.33,28.0,18.0,5,27.78,3,1
761,1,16,1,1,25,4.0,8.0,1,2.0,8.0,24.0,14,56.0,0,0
768,1,2,2,2,52,8.0,52.0,0,6.5,0.0,inf,15,28.85,4,0
768,1,5,2,2,41,6.0,60.0,2,10.0,30.0,18.0,8,19.51,5,2
768,1,9,2,2,51,8.0,53.0,0,6.62,0.0,inf,20,39.22,3,3
768,1,11,3,3,75,12.0,90.0,3,7.5,30.0,24.0,28,37.33,2,5
768,1,13,3,3,75,12.0,84.0,3,7.0,28.0,24.0,26,34.67,3,4
768,1,16,2,2,51,8.0,46.0,2,5.75,23.0,24.0,19,37.25,4,0
768,1,17,1,1,24,4.0,19.0,1,4.75,19.0,24.0,11,45.83,1,0
774,1,13,1,1,25,4.0,40.0,2,10.0,20.0,12.0,6,24.0,2,2
774,1,16,1,1,13,2.0,20.0,0,10.0,0.0,inf,3,23.08,2,1
4,2,2,2,2,45,7.0,54.0,1,7.71,54.0,42.0,17,37.78,4,2
4,2,5,2,2,46,7.0,46.0,0,6.57,0.0,inf,21,45.65,4,0
4,2,6,3,3,61,10.0,72.0,3,7.2,24.0,20.0,23,37.7,10,1
4,2,9,1,1,26,4.0,40.0,0,10.0,0.0,inf,11,42.31,5,2
4,2,11,1,1,25,4.0,20.0,1,5.0,20.0,24.0,12,48.0,2,0
4,2,13,2,2,44,7.0,70.0,1,10.0,70.0,42.0,11,25.0,6,2
4,2,16,3,3,42,7.0,51.0,0,7.29,0.0,inf,16,38.1,7,1
6,2,2,2,2,24,4.0,30.0,0,7.5,0.0,inf,4,16.67,3,0
6,2,5,1,1,7,1.0,18.0,0,18.0,0.0,inf,0,0.0,3,0
6,2,6,1,1,14,2.0,14.0,0,7.0,0.0,inf,4,28.57,1,0
6,2,9,2,2,18,3.0,20.0,0,6.67,0.0,inf,6,33.33,2,0
6,2,13,1,1,6,1.0,6.0,0,6.0,0.0,inf,2,33.33,0,0
6,2,16,2,2,51,8.0,48.0,3,6.0,16.0,16.0,16,31.37,2,1
6,2,17,1,1,24,4.0,15.0,3,3.75,5.0,8.0,10,41.67,0,0
39,2,2,2,2,50,8.0,46.0,2,5.75,23.0,24.0,14,28.0,2,0
39,2,5,2,2,36,6.0,50.0,0,8.33,0.0,inf,8,22.22,5,0
39,2,6,3,3,73,12.0,68.0,2,5.67,34.0,36.0,26,35.62,2,1
39,2,9,2,2,48,8.0,44.0,3,5.5,14.67,16.0,22,45.83,3,1
39,2,11,2,2,31,5.0,17.0,5,3.4,3.4,6.2,19,61.29,1,0
39,2,13,2,2,48,8.0,44.0,3,5.5,14.67,16.0,19,39.58,0,2
39,2,16,3,3,72,12.0,78.0,6,6.5,13.0,12.0,30,41.67,5,4
42,2,2,1,1,24,4.0,50.0,0,12.5,0.0,inf,5,20.83,3,4
42,2,5,1,1,24,4.0,44.0,1,11.0,44.0,24.0,5,20.83,3,3
42,2,17,1,1,18,3.0,11.0,1,3.67,11.0,18.0,10,55.56,1,0
64,2,5,1,1,28,4.0,27.0,2,6.75,13.5,12.0,12,42.86,3,0
64,2,6,2,2,51,8.0,60.0,4,7.5,15.0,12.0,16,31.37,6,1
64,2,9,2,2,52,8.0,52.0,3,6.5,17.33,16.0,22,42.31,2,2
64,2,11,2,2,44,7.0,31.0,2,4.43,15.5,21.0,28,63.64,1,2
64,2,13,1,1,24,4.0,6.0,1,1.5,6.0,24.0,19,79.17,0,0
64,2,16,3,3,76,12.0,115.0,4,9.58,28.75,18.0,19,25.0,14,2
64,2,17,2,2,51,8.0,55.0,3,6.88,18.33,16.0,23,45.1,4,2
65,2,2,1,1,14,2.0,25.0,0,12.5,0.0,inf,2,14.29,1,1
65,2,6,1,1,24,4.0,34.0,2,8.5,17.0,12.0,6,25.0,2,2
65,2,9,1,1,8,1.0,13.0,0,13.0,0.0,inf,0,0.0,0,1
65,2,11,1,1,6,1.0,3.0,2,3.0,1.5,3.0,3,50.0,0,0
65,2,13,2,2,12,2.0,8.0,1,4.0,8.0,12.0,3,25.0,0,0
65,2,16,2,2,43,7.0,60.0,2,8.57,30.0,21.0,11,25.58,3,3
65,2,17,1,1,12,2.0,20.0,0,10.0,0.0,inf,3,25.0,1,1
66,2,16,1,1,7,1.0,25.0,0,25.0,0.0,inf,1,14.29,1,3
105,2,2,1,1,24,4.0,31.0,1,7.75,31.0,24.0,3,12.5,2,0
105,2,5,2,2,36,6.0,44.0,2,7.33,22.0,18.0,12,33.33,0,3
105,2,6,2,2,50,8.0,52.0,2,6.5,26.0,24.0,11,22.0,0,2
105,2,9,1,1,24,4.0,28.0,1,7.0,28.0,24.0,5,20.83,2,0
105,2,11,1,1,6,1.0,11.0,0,11.0,0.0,inf,1,16.67,0,1
105,2,13,1,1,19,3.0,22.0,2,7.33,11.0,9.0,7,36.84,2,1
105,2,16,2,2,50,8.0,60.0,1,7.5,60.0,48.0,14,28.0,3,3
111,2,2,1,1,6,1.0,14.0,0,14.0,0.0,inf,0,0.0,0,1
111,2,5,1,1,12,2.0,14.0,0,7.0,0.0,inf,5,41.67,0,1
111,2,9,1,1,12,2.0,22.0,0,11.0,0.0,inf,2,16.67,3,0
111,2,11,2,2,18,3.0,18.0,0,6.0,0.0,inf,6,33.33,1,0
111,2,16,2,2,30,5.0,24.0,3,4.8,8.0,10.0,17,56.67,0,1
111,2,17,2,2,43,7.0,50.0,3,7.14,16.67,14.0,18,41.86,5,1
118,2,2,1,1,6,1.0,5.0,0,5.0,0.0,inf,2,33.33,0,0
118,2,6,1,1,12,2.0,36.0,0,18.0,0.0,inf,3,25.0,3,3
118,2,11,1,1,24,4.0,19.0,0,4.75,0.0,inf,9,37.5,1,0
118,2,17,1,1,12,2.0,22.0,1,11.0,22.0,12.0,2,16.67,4,0
129,2,6,1,1,24,4.0,34.0,0,8.5,0.0,inf,7,29.17,3,1
129,2,9,2,2,44,7.0,45.0,4,6.43,11.25,10.5,20,45.45,4,1
129,2,13,1,1,25,4.0,19.0,1,4.75,19.0,24.0,8,32.0,0,0
129,2,16,1,1,25,4.0,32.0,0,8.0,0.0,inf,5,20.0,3,1
129,2,17,1,1,14,2.0,12.0,1,6.0,12.0,12.0,9,64.29,2,0
132,2,2,1,1,6,1.0,19.0,0,19.0,0.0,inf,1,16.67,3,1
132,2,9,1,1,12,2.0,11.0,0,5.5,0.0,inf,1,8.33,0,0
132,2,13,1,1,7,1.0,7.0,0,7.0,0.0,inf,0,0.0,0,0
132,2,17,1,1,12,2.0,21.0,0,10.5,0.0,inf,2,16.67,3,0
134,2,2,1,1,12,2.0,17.0,0,8.5,0.0,inf,5,41.67,1,1
134,2,5,2,2,32,5.0,51.0,1,10.2,51.0,30.0,10,31.25,4,3
134,2,6,1,1,24,4.0,29.0,1,7.25,29.0,24.0,13,54.17,4,1
134,2,11,1,1,25,4.0,12.0,0,3.0,0.0,inf,17,68.0,1,0
134,2,13,2,2,39,6.0,60.0,1,10.0,60.0,36.0,13,33.33,4,4
134,2,16,1,1,18,3.0,24.0,1,8.0,24.0,18.0,9,50.0,4,0
137,2,13,1,1,24,4.0,13.0,2,3.25,6.5,12.0,11,45.83,0,0
140,2,6,1,1,18,3.0,14.0,1,4.67,14.0,18.0,7,38.89,1,0
140,2,9,1,1,26,4.0,24.0,1,6.0,24.0,24.0,10,38.46,1,0
140,2,13,1,1,12,2.0,16.0,0,8.0,0.0,inf,3,25.0,1,1
140,2,16,1,1,24,4.0,31.0,2,7.75,15.5,12.0,6,25.0,0,2
147,2,2,2,2,18,3.0,28.0,1,9.33,28.0,18.0,4,22.22,4,0
147,2,6,1,1,6,1.0,2.0,0,2.0,0.0,inf,4,66.67,0,0
147,2,9,1,1,20,3.0,32.0,1,10.67,32.0,18.0,3,15.0,1,2
147,2,16,1,1,25,4.0,18.0,2,4.5,9.0,12.0,8,32.0,0,0
149,2,5,1,1,26,4.0,27.0,1,6.75,27.0,24.0,10,38.46,2,1
149,2,6,1,1,19,3.0,41.0,0,13.67,0.0,inf,1,5.26,1,3
149,2,11,1,1,25,4.0,19.0,2,4.75,9.5,12.0,12,48.0,2,0
149,2,13,1,1,12,2.0,17.0,1,8.5,17.0,12.0,4,33.33,2,0
149,2,17,1,1,24,4.0,30.0,0,7.5,0.0,inf,13,54.17,3,2
150,2,2,1,1,11,1.0,22.0,0,22.0,0.0,inf,3,27.27,4,0
150,2,6,1,1,6,1.0,15.0,0,15.0,0.0,inf,0,0.0,3,0
150,2,13,1,1,7,1.0,10.0,0,10.0,0.0,inf,4,57.14,1,0
150,2,16,1,1,18,3.0,25.0,1,8.33,25.0,18.0,4,22.22,0,2
151,2,2,1,1,13,2.0,12.0,0,6.0,0.0,inf,4,30.77,0,0
151,2,6,1,1,6,1.0,9.0,0,9.0,0.0,inf,3,50.0,2,0
151,2,16,1,1,20,3.0,25.0,0,8.33,0.0,inf,3,15.0,0,1
152,2,2,1,1,27,4.0,52.0,2,13.0,26.0,12.0,10,37.04,4,3
152,2,11,1,1,25,4.0,19.0,2,4.75,9.5,12.0,14,56.0,2,0
155,2,6,1,1,6,1.0,11.0,0,11.0,0.0,inf,0,0.0,0,1
156,2,5,2,2,52,8.0,46.0,2,5.75,23.0,24.0,20,38.46,4,0
156,2,6,2,2,46,7.0,69.0,4,9.86,17.25,10.5,13,28.26,7,2
156,2,9,2,2,44,7.0,61.0,3,8.71,20.33,14.0,16,36.36,7,2
156,2,11,1,1,26,4.0,28.0,0,7.0,0.0,inf,8,30.77,2,1
156,2,13,2,2,36,6.0,61.0,1,10.17,61.0,36.0,15,41.67,4,5
156,2,16,3,3,68,11.0,63.0,4,5.73,15.75,16.0,31,45.59,6,1
156,2,17,1,1,25,4.0,32.0,1,8.0,32.0,24.0,9,36.0,2,2
174,2,2,1,1,24,4.0,45.0,1,11.25,45.0,24.0,7,29.17,3,3
174,2,5,1,1,25,4.0,32.0,2,8.0,16.0,12.0,7,28.0,4,0
174,2,13,2,2,18,3.0,28.0,0,9.33,0.0,inf,8,44.44,1,3
174,2,16,1,1,7,1.0,20.0,0,20.0,0.0,inf,1,14.29,3,1
174,2,17,2,2,33,5.0,47.0,2,9.4,23.5,15.0,13,39.39,9,0
177,2,2,2,2,30,5.0,44.0,2,8.8,22.0,15.0,12,40.0,7,1
177,2,5,1,1,12,2.0,19.0,0,9.5,0.0,inf,4,33.33,3,0
177,2,6,2,2,31,5.0,45.0,1,9.0,45.0,30.0,9,29.03,4,2
177,2,11,1,1,12,2.0,19.0,0,9.5,0.0,inf,3,25.0,0,2
177,2,13,1,1,18,3.0,25.0,2,8.33,12.5,9.0,5,27.78,0,2
192,2,9,1,1,12,2.0,10.0,0,5.0,0.0,inf,5,41.67,1,0
192,2,17,1,1,24,4.0,30.0,1,7.5,30.0,24.0,9,37.5,4,0
202,2,2,1,1,19,3.0,18.0,2,6.0,9.0,9.0,10,52.63,1,1
202,2,5,1,1,18,3.0,29.0,1,9.67,29.0,18.0,9,50.0,5,1
202,2,9,1,1,18,3.0,29.0,0,9.67,0.0,inf,9,50.0,5,1
202,2,11,2,2,25,4.0,20.0,0,5.0,0.0,inf,12,48.0,2,0
202,2,13,1,1,12,2.0,10.0,0,5.0,0.0,inf,6,50.0,1,0
202,2,16,1,1,13,2.0,9.0,1,4.5,9.0,12.0,9,69.23,0,1
202,2,17,1,1,13,2.0,21.0,1,10.5,21.0,12.0,4,30.77,4,0
203,2,5,1,1,7,1.0,16.0,0,16.0,0.0,inf,2,28.57,0,2
203,2,11,1,1,18,3.0,23.0,0,7.67,0.0,inf,2,11.11,1,0
203,2,13,2,2,30,5.0,33.0,2,6.6,16.5,15.0,10,33.33,2,1
203,2,16,1,1,6,1.0,8.0,0,8.0,0.0,inf,1,16.67,1,0
203,2,17,1,1,12,2.0,17.0,0,8.5,0.0,inf,2,16.67,2,0
206,2,2,1,1,6,1.0,11.0,0,11.0,0.0,inf,1,16.67,2,0
207,2,9,1,1,24,4.0,25.0,0,6.25,0.0,inf,4,16.67,2,0
207,2,11,1,1,25,4.0,14.0,2,3.5,7.0,12.0,14,56.0,0,0
207,2,13,2,2,36,6.0,47.0,0,7.83,0.0,inf,14,38.89,3,3
207,2,16,1,1,19,3.0,29.0,1,9.67,29.0,18.0,8,42.11,1,3
208,2,2,1,1,6,1.0,6.0,1,6.0,6.0,6.0,1,16.67,0,0
208,2,5,1,1,6,1.0,3.0,0,3.0,0.0,inf,4,66.67,0,0
208,2,6,1,1,12,2.0,8.0,1,4.0,8.0,12.0,4,33.33,0,0
208,2,16,2,2,31,5.0,44.0,1,8.8,44.0,30.0,12,38.71,2,3
209,2,2,1,1,13,2.0,20.0,0,10.0,0.0,inf,5,38.46,2,1
209,2,5,1,1,24,4.0,33.0,0,8.25,0.0,inf,5,20.83,1,2
209,2,6,1,1,25,4.0,35.0,1,8.75,35.0,24.0,6,24.0,2,2
209,2,11,1,1,12,2.0,23.0,2,11.5,11.5,6.0,4,33.33,1,2
209,2,13,2,2,18,3.0,11.0,1,3.67,11.0,18.0,7,38.89,0,0
210,2,2,1,1,26,4.0,20.0,2,5.0,10.0,12.0,14,53.85,2,0
210,2,5,1,1,6,1.0,21.0,0,21.0,0.0,inf,1,16.67,2,2
210,2,6,2,2,50,8.0,60.0,3,7.5,20.0,16.0,22,44.0,5,3
210,2,11,1,1,27,4.0,44.0,0,11.0,0.0,inf,7,25.93,4,1
210,2,16,2,2,36,6.0,47.0,1,7.83,47.0,36.0,18,50.0,4,3
212,2,2,2,2,31,5.0,31.0,2,6.2,15.5,15.0,12,38.71,2,0
212,2,5,2,2,46,7.0,34.0,2,4.86,17.0,22.0,20,43.48,2,0
212,2,6,2,2,49,8.0,70.0,3,8.75,23.33,16.0,14,28.57,9,2
212,2,9,2,2,45,7.0,64.0,0,9.14,0.0,inf,18,40.0,7,3
212,2,11,2,2,51,8.0,66.0,3,8.25,22.0,16.0,19,37.25,9,1
212,2,16,2,2,44,7.0,71.0,2,10.14,35.5,21.0,14,31.82,7,3
212,2,17,2,2,48,8.0,54.0,5,6.75,10.8,9.6,24,50.0,5,2
223,2,2,2,2,48,8.0,73.0,2,9.12,36.5,24.0,17,35.42,11,1
223,2,5,1,1,26,4.0,31.0,1,7.75,31.0,24.0,11,42.31,1,2
223,2,9,1,1,19,3.0,39.0,0,13.0,0.0,inf,5,26.32,6,1
223,2,11,2,2,43,7.0,45.0,3,6.43,15.0,14.0,18,41.86,6,0
223,2,13,1,1,19,3.0,36.0,1,12.0,36.0,18.0,5,26.32,4,1
223,2,16,2,2,38,6.0,53.0,2,8.83,26.5,18.0,13,34.21,2,3
223,2,17,3,3,56,9.0,51.0,4,5.67,12.75,13.5,30,53.57,6,0
230,2,2,1,1,6,1.0,7.0,0,7.0,0.0,inf,3,50.0,1,0
230,2,5,1,1,24,4.0,22.0,1,5.5,22.0,24.0,7,29.17,0,1
230,2,9,1,1,18,3.0,25.0,0,8.33,0.0,inf,4,22.22,2,0
230,2,11,2,2,30,5.0,32.0,1,6.4,32.0,30.0,10,33.33,2,1
230,2,13,2,2,37,6.0,25.0,2,4.17,12.5,18.0,13,35.14,1,0
230,2,16,2,2,34,5.0,30.0,3,6.0,10.0,11.33,15,44.12,3,0
230,2,17,1,1,18,3.0,23.0,0,7.67,0.0,inf,5,27.78,0,2
231,2,5,1,1,25,4.0,32.0,3,8.0,10.67,8.0,12,48.0,3,1
231,2,11,1,1,18,3.0,24.0,1,8.0,24.0,18.0,6,33.33,3,0
234,2,5,2,2,51,8.0,62.0,0,7.75,0.0,inf,16,31.37,5,2
234,2,6,1,1,18,3.0,24.0,0,8.0,0.0,inf,6,33.33,2,1
234,2,9,2,2,49,8.0,32.0,3,4.0,10.67,16.0,29,59.18,2,1
234,2,11,2,2,52,8.0,67.0,6,8.38,11.17,8.17,16,30.77,3,2
234,2,16,3,3,66,11.0,90.0,4,8.18,22.5,16.5,22,33.33,1,7
234,2,17,1,1,26,4.0,19.0,1,4.75,19.0,24.0,9,34.62,0,0
241,2,2,1,1,24,4.0,28.0,2,7.0,14.0,12.0,11,45.83,3,1
241,2,6,1,1,20,3.0,26.0,0,8.67,0.0,inf,10,50.0,2,1
241,2,9,1,1,24,4.0,29.0,1,7.25,29.0,24.0,14,58.33,1,3
241,2,13,1,1,24,4.0,29.0,0,7.25,0.0,inf,8,33.33,4,0
241,2,17,1,1,24,4.0,20.0,3,5.0,6.67,8.0,15,62.5,3,0
246,2,9,1,1,24,4.0,32.0,2,8.0,16.0,12.0,12,50.0,5,1
246,2,17,1,1,25,4.0,32.0,3,8.0,10.67,8.0,9,36.0,3,1
250,2,2,1,1,25,4.0,23.0,1,5.75,23.0,24.0,8,32.0,1,0
250,2,5,1,1,26,4.0,32.0,0,8.0,0.0,inf,9,34.62,2,1
250,2,9,1,1,24,4.0,19.0,2,4.75,9.5,12.0,13,54.17,1,1
251,2,2,2,2,25,4.0,28.0,0,7.0,0.0,inf,8,32.0,1,1
251,2,5,2,2,42,7.0,58.0,2,8.29,29.0,21.0,14,33.33,5,2
251,2,6,2,2,30,5.0,41.0,2,8.2,20.5,15.0,15,50.0,3,3
251,2,9,2,2,37,6.0,35.0,2,5.83,17.5,18.0,17,45.95,2,1
251,2,11,2,2,48,8.0,52.0,4,6.5,13.0,12.0,22,45.83,6,1
251,2,16,2,2,42,7.0,46.0,1,6.57,46.0,42.0,17,40.48,2,2
251,2,17,2,2,49,8.0,48.0,1,6.0,48.0,48.0,18,36.73,2,2
254,2,2,1,1,20,3.0,20.0,0,6.67,0.0,inf,6,30.0,1,0
254,2,5,1,1,25,4.0,23.0,1,5.75,23.0,24.0,11,44.0,1,0
254,2,6,1,1,24,4.0,19.0,1,4.75,19.0,24.0,9,37.5,2,0
254,2,9,1,1,13,2.0,8.0,0,4.0,0.0,inf,6,46.15,0,0
254,2,11,2,2,31,5.0,43.0,1,8.6,43.0,30.0,9,29.03,2,3
254,2,16,1,1,13,2.0,11.0,2,5.5,5.5,6.0,7,53.85,1,0
254,2,17,1,1,6,1.0,8.0,0,8.0,0.0,inf,1,16.67,1,0
259,2,2,2,2,36,6.0,45.0,1,7.5,45.0,36.0,14,38.89,6,1
259,2,6,1,1,25,4.0,45.0,1,11.25,45.0,24.0,8,32.0,4,2
259,2,11,1,1,25,4.0,29.0,0,7.25,0.0,inf,11,44.0,4,0
259,2,13,1,1,18,3.0,24.0,1,8.0,24.0,18.0,7,38.89,3,1
259,2,16,2,2,32,5.0,39.0,1,7.8,39.0,30.0,14,43.75,3,2
259,2,17,1,1,24,4.0,24.0,1,6.0,24.0,24.0,11,45.83,3,0
260,2,6,1,1,8,1.0,12.0,0,12.0,0.0,inf,2,25.0,2,0
260,2,11,1,1,26,4.0,35.0,2,8.75,17.5,12.0,14,53.85,2,3
269,2,2,2,2,50,8.0,71.0,1,8.88,71.0,48.0,15,30.0,10,0
269,2,13,1,1,25,4.0,32.0,1,8.0,32.0,24.0,9,36.0,5,0
269,2,16,1,1,1,0.0,4.0,0,inf,0.0,inf,0,0.0,1,0
274,2,2,1,1,24,4.0,24.0,1,6.0,24.0,24.0,8,33.33,2,0
274,2,5,1,1,12,2.0,13.0,0,6.5,0.0,inf,2,16.67,0,0
274,2,9,2,2,24,4.0,40.0,1,10.0,40.0,24.0,4,16.67,4,1
274,2,13,1,1,12,2.0,10.0,0,5.0,0.0,inf,4,33.33,1,0
276,2,6,1,1,13,2.0,22.0,0,11.0,0.0,inf,6,46.15,3,1
276,2,13,1,1,30,5.0,26.0,1,5.2,26.0,24.0,15,50.0,0,1
276,2,16,1,1,24,4.0,25.0,2,6.25,12.5,12.0,12,50.0,3,0
277,2,9,1,1,24,4.0,27.0,1,6.75,27.0,24.0,8,33.33,2,1
293,2,2,2,2,49,8.0,38.0,5,4.75,7.6,9.6,21,42.86,3,0
293,2,6,2,2,36,6.0,37.0,1,6.17,37.0,36.0,11,30.56,1,2
293,2,9,2,2,36,6.0,39.0,0,6.5,0.0,inf,16,44.44,5,0
293,2,11,1,1,24,4.0,31.0,1,7.75,31.0,24.0,8,33.33,5,0
293,2,13,2,2,48,8.0,32.0,2,4.0,16.0,24.0,23,47.92,1,1
293,2,16,2,2,37,6.0,50.0,1,8.33,50.0,36.0,9,24.32,2,3
293,2,17,2,2,38,6.0,29.0,2,4.83,14.5,18.0,15,39.47,2,0
294,2,2,1,1,6,1.0,8.0,0,8.0,0.0,inf,1,16.67,1,0
294,2,5,1,1,24,4.0,25.0,1,6.25,25.0,24.0,6,25.0,2,0
294,2,16,1,1,6,1.0,14.0,0,14.0,0.0,inf,0,0.0,1,1
294,2,17,1,1,7,1.0,10.0,1,10.0,10.0,6.0,2,28.57,0,1
317,2,2,1,1,12,2.0,25.0,0,12.5,0.0,inf,3,25.0,3,1
317,2,9,2,2,37,6.0,33.0,4,5.5,8.25,9.0,13,35.14,2,0
317,2,17,1,1,28,4.0,26.0,0,6.5,0.0,inf,11,39.29,2,0
321,2,2,1,1,26,4.0,27.0,3,6.75,9.0,8.0,15,57.69,2,1
321,2,5,1,1,24,4.0,25.0,0,6.25,0.0,inf,11,45.83,2,1
321,2,6,1,1,24,4.0,39.0,0,9.75,0.0,inf,7,29.17,7,0
321,2,9,1,1,24,4.0,20.0,2,5.0,10.0,12.0,12,50.0,2,0
321,2,13,2,2,45,7.0,60.0,0,8.57,0.0,inf,16,35.56,5,3
321,2,17,2,2,49,8.0,59.0,1,7.38,59.0,48.0,23,46.94,5,3
326,2,2,2,2,48,8.0,38.0,0,4.75,0.0,inf,15,31.25,1,0
326,2,5,1,1,18,3.0,20.0,1,6.67,20.0,18.0,7,38.89,1,1
326,2,6,1,1,19,3.0,27.0,0,9.0,0.0,inf,4,21.05,3,0
326,2,13,2,2,26,4.0,27.0,0,6.75,0.0,inf,8,30.77,2,0
326,2,16,2,2,48,8.0,35.0,1,4.38,35.0,48.0,24,50.0,1,1
326,2,17,2,2,51,8.0,54.0,2,6.75,27.0,24.0,19,37.25,3,2
328,2,17,1,1,7,1.0,6.0,1,6.0,6.0,6.0,4,57.14,1,0
340,2,2,1,1,25,4.0,31.0,2,7.75,15.5,12.0,7,28.0,1,1
340,2,9,1,1,6,1.0,14.0,0,14.0,0.0,inf,3,50.0,2,1
340,2,13,1,1,14,2.0,20.0,0,10.0,0.0,inf,2,14.29,2,0
345,2,2,1,1,18,3.0,15.0,0,5.0,0.0,inf,6,33.33,1,0
345,2,5,2,2,24,4.0,47.0,0,11.75,0.0,inf,6,25.0,7,1
345,2,9,2,2,48,8.0,63.0,1,7.88,63.0,47.0,15,31.25,4,3
345,2,17,2,2,52,8.0,67.0,2,8.38,33.5,24.0,19,36.54,7,2
348,2,9,1,1,2,0.0,1.0,0,inf,0.0,inf,1,50.0,0,0
348,2,17,1,1,6,1.0,4.0,0,4.0,0.0,inf,2,33.33,0,0
353,2,6,1,1,24,4.0,29.0,2,7.25,14.5,12.0,8,33.33,3,1
353,2,11,1,1,12,2.0,32.0,0,16.0,0.0,inf,1,8.33,1,3
353,2,13,2,2,37,6.0,30.0,3,5.0,10.0,12.33,21,56.76,3,1
353,2,16,1,1,20,3.0,23.0,1,7.67,23.0,18.0,6,30.0,3,0
353,2,17,2,2,48,8.0,67.0,1,8.38,67.0,48.0,12,25.0,5,2
368,2,2,1,1,18,3.0,23.0,0,7.67,0.0,inf,6,33.33,2,0
368,2,6,1,1,18,3.0,25.0,1,8.33,25.0,18.0,10,55.56,3,1
368,2,9,1,1,21,3.0,19.0,1,6.33,19.0,21.0,11,52.38,3,0
368,2,13,1,1,24,4.0,9.0,3,2.25,3.0,8.0,15,62.5,1,0
368,2,17,1,1,26,4.0,19.0,4,4.75,4.75,6.0,14,53.85,0,1
378,2,2,1,1,26,4.0,44.0,0,11.0,0.0,inf,6,23.08,6,1
378,2,5,1,1,28,4.0,27.0,2,6.75,13.5,12.0,10,35.71,3,0
378,2,6,1,1,24,4.0,21.0,1,5.25,21.0,24.0,15,62.5,3,0
378,2,9,1,1,24,4.0,6.0,0,1.5,0.0,inf,17,70.83,0,0
378,2,11,1,1,23,3.0,17.0,1,5.67,17.0,22.0,12,52.17,2,0
378,2,17,1,1,25,4.0,39.0,1,9.75,39.0,24.0,10,40.0,6,1
383,2,2,2,2,50,8.0,66.0,2,8.25,33.0,24.0,21,42.0,8,1
383,2,5,2,2,53,8.0,53.0,2,6.62,26.5,24.0,25,47.17,4,1
383,2,11,1,1,24,4.0,36.0,2,9.0,18.0,12.0,11,45.83,4,2
383,2,13,2,2,48,8.0,51.0,3,6.38,17.0,16.0,23,47.92,6,1
383,2,16,2,2,42,7.0,36.0,0,5.14,0.0,inf,25,59.52,5,1
383,2,17,2,2,53,8.0,55.0,2,6.88,27.5,24.0,25,47.17,6,1
386,2,2,2,2,53,8.0,68.0,2,8.5,34.0,24.0,20,37.74,5,3
386,2,6,2,2,51,8.0,34.0,4,4.25,8.5,12.0,26,50.98,3,0
386,2,9,2,2,42,7.0,34.0,3,4.86,11.33,12.67,17,40.48,2,0
386,2,11,1,1,25,4.0,28.0,1,7.0,28.0,24.0,11,44.0,4,0
386,2,13,2,2,56,9.0,44.0,3,4.89,14.67,16.0,26,46.43,5,0
386,2,16,2,2,51,8.0,43.0,4,5.38,10.75,12.0,24,47.06,3,1
386,2,17,2,2,48,8.0,61.0,1,7.62,61.0,43.0,16,33.33,3,3
393,2,11,1,1,25,4.0,15.0,3,3.75,5.0,8.0,16,64.0,2,0
396,2,5,1,1,24,4.0,14.0,2,3.5,7.0,12.0,11,45.83,0,0
396,2,6,1,1,18,3.0,29.0,1,9.67,29.0,18.0,3,16.67,1,2
396,2,13,2,2,43,7.0,47.0,2,6.71,23.5,21.0,16,37.21,2,2
396,2,17,1,1,6,1.0,18.0,0,18.0,0.0,inf,1,16.67,0,2
403,2,2,2,2,37,6.0,39.0,2,6.5,19.5,18.0,19,51.35,4,1
403,2,9,1,1,24,4.0,28.0,1,7.0,28.0,24.0,11,45.83,1,2
403,2,11,1,1,24,4.0,30.0,0,7.5,0.0,inf,9,37.5,3,1
403,2,13,2,2,20,3.0,30.0,1,10.0,30.0,18.0,8,40.0,1,3
403,2,17,2,2,42,7.0,33.0,3,4.71,11.0,14.0,18,42.86,0,1
423,2,2,2,2,20,3.0,20.0,0,6.67,0.0,inf,9,45.0,1,0
423,2,5,2,2,30,5.0,42.0,2,8.4,21.0,15.0,6,20.0,2,2
423,2,6,1,1,12,2.0,12.0,0,6.0,0.0,inf,3,25.0,1,0
423,2,11,1,1,6,1.0,22.0,0,22.0,0.0,inf,0,0.0,0,3
423,2,13,1,1,13,2.0,13.0,1,6.5,13.0,12.0,4,30.77,1,0
423,2,16,1,1,18,3.0,23.0,1,7.67,23.0,18.0,6,33.33,2,1
423,2,17,1,1,24,4.0,29.0,3,7.25,9.67,8.0,6,25.0,0,2
425,2,5,1,1,24,4.0,39.0,0,9.75,0.0,inf,4,16.67,0,3
425,2,6,1,1,24,4.0,38.0,0,9.5,0.0,inf,4,16.67,2,2
425,2,11,1,2,29,4.0,37.0,2,9.25,18.5,14.0,9,31.03,2,2
425,2,17,1,1,25,4.0,21.0,1,5.25,21.0,24.0,9,36.0,1,0
429,2,17,1,1,19,3.0,32.0,0,10.67,0.0,inf,8,42.11,4,1
446,2,17,1,1,13,2.0,20.0,2,10.0,10.0,6.0,3,23.08,0,2
449,2,2,1,1,6,1.0,2.0,0,2.0,0.0,inf,4,66.67,0,0
449,2,6,2,2,45,7.0,46.0,2,6.57,23.0,21.5,25,55.56,3,3
449,2,9,1,1,19,3.0,31.0,2,10.33,15.5,9.0,8,42.11,3,2
449,2,11,1,1,20,3.0,30.0,1,10.0,30.0,18.0,6,30.0,2,2
449,2,13,2,2,34,5.0,41.0,1,8.2,41.0,30.0,14,41.18,3,2
449,2,16,2,2,43,7.0,50.0,4,7.14,12.5,10.5,16,37.21,6,1
449,2,17,2,2,44,7.0,59.0,1,8.43,59.0,42.0,16,36.36,7,1
460,2,2,1,1,7,1.0,19.0,0,19.0,0.0,inf,2,28.57,3,1
460,2,5,1,1,27,4.0,19.0,2,4.75,9.5,12.0,15,55.56,1,0
460,2,6,1,1,12,2.0,18.0,0,9.0,0.0,inf,3,25.0,3,0
460,2,9,2,2,38,6.0,53.0,1,8.83,53.0,36.0,13,34.21,4,3
460,2,11,2,2,44,7.0,65.0,3,9.29,21.67,14.0,19,43.18,9,2
460,2,17,2,2,52,8.0,67.0,8,8.38,8.38,6.0,23,44.23,5,4
463,2,2,1,1,26,4.0,15.0,3,3.75,5.0,8.0,16,61.54,2,0
463,2,5,1,1,30,5.0,25.0,1,5.0,25.0,24.0,15,50.0,3,0
463,2,6,1,1,24,4.0,16.0,0,4.0,0.0,inf,14,58.33,2,0
463,2,16,2,2,53,8.0,55.0,1,6.88,55.0,48.0,24,45.28,5,1
471,2,17,1,1,12,2.0,24.0,0,12.0,0.0,inf,5,41.67,5,0
477,2,2,1,1,24,4.0,30.0,3,7.5,10.0,8.0,9,37.5,1,1
477,2,5,1,1,18,3.0,15.0,0,5.0,0.0,inf,10,55.56,2,0
477,2,6,3,3,70,11.0,98.0,4,8.91,24.5,17.5,24,34.29,10,4
477,2,9,1,1,25,4.0,25.0,1,6.25,25.0,24.0,10,40.0,3,0
477,2,11,2,2,46,7.0,38.0,2,5.43,19.0,21.0,28,60.87,4,1
477,2,13,2,2,51,8.0,63.0,2,7.88,31.5,24.0,18,35.29,6,2
477,2,16,3,3,78,13.0,125.0,1,9.62,125.0,72.0,22,28.21,9,6
479,2,17,1,1,15,2.0,31.0,0,15.5,0.0,inf,2,13.33,4,1
484,2,5,2,2,42,7.0,50.0,3,7.14,16.67,14.0,18,42.86,5,2
484,2,11,1,1,25,4.0,20.0,0,5.0,0.0,inf,13,52.0,2,0
484,2,13,2,2,21,3.0,30.0,0,10.0,0.0,inf,7,33.33,3,1
486,2,2,1,1,7,1.0,19.0,0,19.0,0.0,inf,0,0.0,4,0
486,2,11,1,1,18,3.0,15.0,1,5.0,15.0,18.0,4,22.22,0,0
490,2,13,1,1,6,1.0,5.0,1,5.0,5.0,6.0,2,33.33,0,0
497,2,2,1,1,6,1.0,14.0,0,14.0,0.0,inf,2,33.33,0,2
497,2,5,1,1,24,4.0,30.0,1,7.5,30.0,24.0,9,37.5,5,0
497,2,11,2,2,30,5.0,35.0,2,7.0,17.5,15.0,11,36.67,2,2
497,2,16,1,1,18,3.0,28.0,0,9.33,0.0,inf,3,16.67,2,1
497,2,17,2,2,16,2.0,26.0,2,13.0,13.0,7.5,3,18.75,2,1
510,2,6,1,1,7,1.0,13.0,0,13.0,0.0,inf,0,0.0,0,1
515,2,17,1,1,18,3.0,22.0,0,7.33,0.0,inf,2,11.11,1,0
519,2,6,1,1,20,3.0,21.0,0,7.0,0.0,inf,5,25.0,1,0
519,2,11,1,1,6,1.0,4.0,1,4.0,4.0,6.0,2,33.33,0,0
519,2,17,1,1,24,4.0,32.0,1,8.0,32.0,24.0,6,25.0,0,2
536,2,2,2,2,48,8.0,60.0,2,7.5,30.0,24.0,12,25.0,3,1
536,2,5,1,1,27,4.0,24.0,3,6.0,8.0,8.0,8,29.63,1,0
536,2,6,2,2,52,8.0,51.0,2,6.38,25.5,24.0,24,46.15,5,1
536,2,9,2,2,51,8.0,49.0,2,6.12,24.5,24.0,19,37.25,3,1
536,2,13,2,2,44,7.0,75.0,2,10.71,37.5,21.0,13,29.55,6,5
536,2,16,2,2,43,7.0,65.0,1,9.29,65.0,42.0,9,20.93,2,4
536,2,17,2,2,48,8.0,41.0,2,5.12,20.5,24.0,24,50.0,2,2
542,2,2,1,1,24,4.0,24.0,4,6.0,6.0,6.0,11,45.83,3,0
542,2,5,1,1,18,3.0,26.0,0,8.67,0.0,inf,3,16.67,1,1
542,2,9,1,1,24,4.0,36.0,1,9.0,36.0,24.0,6,25.0,0,3
542,2,11,1,1,25,4.0,35.0,2,8.75,17.5,12.0,10,40.0,1,3
542,2,13,1,1,12,2.0,20.0,1,10.0,20.0,12.0,4,33.33,2,1
542,2,16,1,1,24,4.0,22.0,4,5.5,5.5,6.0,9,37.5,1,1
542,2,17,2,2,48,8.0,54.0,1,6.75,54.0,48.0,18,37.5,5,1
548,2,2,1,1,6,1.0,11.0,0,11.0,0.0,inf,1,16.67,1,1
548,2,5,1,1,13,2.0,12.0,1,6.0,12.0,12.0,7,53.85,2,0
548,2,9,2,2,36,6.0,46.0,1,7.67,46.0,36.0,15,41.67,3,2
548,2,17,1,1,19,3.0,29.0,0,9.67,0.0,inf,5,26.32,2,1
559,2,6,1,1,26,4.0,35.0,1,8.75,35.0,24.0,9,34.62,2,2
559,2,11,1,1,15,2.0,6.0,0,3.0,0.0,inf,9,60.0,0,0
559,2,16,1,1,18,3.0,21.0,1,7.0,21.0,18.0,9,50.0,2,1
573,2,2,2,2,34,5.0,29.0,1,5.8,29.0,33.0,15,44.12,1,1
573,2,6,1,1,12,2.0,9.0,0,4.5,0.0,inf,3,25.0,0,0
573,2,11,1,1,18,3.0,17.0,0,5.67,0.0,inf,7,38.89,1,1
573,2,13,2,2,43,7.0,38.0,3,5.43,12.67,14.0,19,44.19,1,1
577,2,2,2,2,37,6.0,43.0,1,7.17,43.0,36.0,16,43.24,5,1
577,2,5,1,1,7,1.0,12.0,1,12.0,12.0,6.0,3,42.86,1,1
577,2,6,1,1,29,4.0,45.0,0,11.25,0.0,inf,5,17.24,4,2
577,2,11,2,2,31,5.0,29.0,2,5.8,14.5,15.0,17,54.84,5,0
577,2,13,1,1,24,4.0,29.0,1,7.25,29.0,24.0,7,29.17,4,0
577,2,16,2,2,31,5.0,58.0,0,11.6,0.0,inf,5,16.13,6,2
577,2,17,2,2,40,6.0,68.0,1,11.33,68.0,36.0,12,30.0,6,3
586,2,2,3,3,68,11.0,77.0,3,7.0,25.67,22.0,19,27.94,7,1
586,2,5,1,1,25,4.0,21.0,3,5.25,7.0,8.0,8,32.0,0,1
586,2,6,2,2,37,6.0,37.0,2,6.17,18.5,18.0,9,24.32,1,1
586,2,9,2,2,42,7.0,38.0,2,5.43,19.0,21.0,18,42.86,2,1
586,2,11,2,2,46,7.0,52.0,2,7.43,26.0,22.5,15,32.61,4,1
586,2,13,2,2,37,6.0,36.0,0,6.0,0.0,inf,8,21.62,2,0
586,2,17,3,3,72,12.0,87.0,6,7.25,14.5,12.0,26,36.11,8,2
590,2,11,1,1,24,4.0,27.0,2,6.75,13.5,12.0,9,37.5,3,0
590,2,13,1,1,30,5.0,29.0,2,5.8,14.5,12.0,13,43.33,2,1
590,2,17,1,1,12,2.0,9.0,0,4.5,0.0,inf,5,41.67,0,0
597,2,2,1,1,20,3.0,28.0,0,9.33,0.0,inf,5,25.0,2,1
597,2,5,2,2,49,8.0,62.0,1,7.75,62.0,48.0,15,30.61,6,1
597,2,6,3,3,49,8.0,80.0,4,10.0,20.0,12.0,15,30.61,11,2
597,2,9,1,1,24,4.0,33.0,2,8.25,16.5,12.0,11,45.83,6,0
597,2,11,2,2,26,4.0,34.0,0,8.5,0.0,inf,11,42.31,1,3
597,2,13,1,1,6,1.0,4.0,0,4.0,0.0,inf,1,16.67,0,0
597,2,16,1,1,25,4.0,30.0,2,7.5,15.0,12.0,7,28.0,1,0
609,2,5,2,2,54,9.0,60.0,5,6.67,12.0,9.6,24,44.44,7,2
609,2,6,2,2,50,8.0,59.0,3,7.38,19.67,16.0,21,42.0,8,0
609,2,9,2,2,51,8.0,64.0,2,8.0,32.0,24.0,19,37.25,4,3
609,2,11,2,2,50,8.0,56.0,1,7.0,56.0,45.0,22,44.0,10,0
609,2,13,1,1,21,3.0,24.0,0,8.0,0.0,inf,7,33.33,2,1
609,2,16,3,3,69,11.0,85.0,3,7.73,28.33,22.0,32,46.38,14,1
609,2,17,1,1,25,4.0,24.0,1,6.0,24.0,24.0,10,40.0,1,0
624,2,5,2,2,37,6.0,45.0,1,7.5,45.0,36.0,9,24.32,2,1
624,2,11,1,1,26,4.0,20.0,0,5.0,0.0,inf,7,26.92,0,0
624,2,13,2,2,27,4.0,34.0,0,8.5,0.0,inf,6,22.22,1,1
624,2,16,1,1,6,1.0,14.0,0,14.0,0.0,inf,2,33.33,1,1
624,2,17,1,1,23,3.0,31.0,0,10.33,0.0,inf,8,34.78,3,1
634,2,2,2,2,30,5.0,33.0,1,6.6,33.0,30.0,12,40.0,3,1
634,2,5,2,2,18,3.0,28.0,0,9.33,0.0,inf,5,27.78,2,2
634,2,6,2,2,19,3.0,38.0,0,12.67,0.0,inf,4,21.05,2,3
634,2,11,2,2,18,3.0,25.0,0,8.33,0.0,inf,5,27.78,4,0
642,2,16,1,1,28,4.0,58.0,0,14.5,0.0,inf,6,21.43,4,4
654,2,2,2,2,18,3.0,18.0,0,6.0,0.0,inf,5,27.78,0,1
654,2,5,1,1,19,3.0,25.0,0,8.33,0.0,inf,4,21.05,1,1
654,2,6,2,2,43,7.0,45.0,2,6.43,22.5,21.0,18,41.86,4,1
654,2,9,1,1,28,4.0,27.0,0,6.75,0.0,inf,12,42.86,2,1
654,2,13,2,2,52,8.0,58.0,1,7.25,58.0,48.0,16,30.77,5,1
654,2,16,2,2,48,8.0,53.0,4,6.62,13.25,12.0,23,47.92,4,2
654,2,17,1,1,13,2.0,17.0,0,8.5,0.0,inf,5,38.46,2,0
669,2,2,1,1,6,1.0,10.0,0,10.0,0.0,inf,1,16.67,2,0
669,2,16,2,2,12,2.0,20.0,0,10.0,0.0,inf,2,16.67,1,1
669,2,17,1,1,6,1.0,6.0,0,6.0,0.0,inf,1,16.67,0,0
684,2,6,1,1,13,2.0,18.0,0,9.0,0.0,inf,4,30.77,0,1
684,2,16,1,1,6,1.0,6.0,0,6.0,0.0,inf,1,16.67,0,0
684,2,17,1,1,6,1.0,10.0,0,10.0,0.0,inf,2,33.33,2,0
689,2,2,2,2,52,8.0,53.0,4,6.62,13.25,12.0,23,44.23,4,2
689,2,5,1,1,23,3.0,22.0,2,7.33,11.0,11.5,13,56.52,3,0
689,2,6,1,1,24,4.0,25.0,2,6.25,12.5,12.0,10,41.67,2,1
689,2,9,2,2,44,7.0,50.0,3,7.14,16.67,14.0,23,52.27,5,2
689,2,13,1,1,25,4.0,24.0,2,6.0,12.0,12.0,13,52.0,2,0
689,2,16,2,2,18,3.0,26.0,0,8.67,0.0,inf,10,55.56,2,2
689,2,17,2,2,32,5.0,41.0,3,8.2,13.67,10.0,16,50.0,5,2
692,2,2,3,3,71,11.0,79.0,3,7.18,26.33,22.0,30,42.25,8,2
692,2,5,2,2,51,8.0,46.0,4,5.75,11.5,12.0,25,49.02,3,2
692,2,6,2,2,49,8.0,68.0,2,8.5,34.0,21.0,18,36.73,8,2
692,2,9,2,2,45,7.0,52.0,4,7.43,13.0,10.25,22,48.89,3,3
692,2,11,2,2,51,8.0,40.0,3,5.0,13.33,16.0,29,56.86,5,0
692,2,13,2,2,43,7.0,52.0,3,7.43,17.33,13.67,13,30.23,6,0
692,2,17,3,3,72,12.0,80.0,4,6.67,20.0,18.0,32,44.44,7,3
695,2,16,1,1,19,3.0,20.0,0,6.67,0.0,inf,8,42.11,1,1
695,2,17,1,1,25,4.0,20.0,0,5.0,0.0,inf,12,48.0,2,0
699,2,13,1,1,13,2.0,25.0,1,12.5,25.0,12.0,3,23.08,0,3
705,2,2,2,2,25,4.0,36.0,0,9.0,0.0,inf,2,8.0,0,2
705,2,5,2,2,18,3.0,14.0,4,4.67,3.5,4.5,8,44.44,0,1
705,2,6,2,2,24,4.0,26.0,1,6.5,26.0,24.0,9,37.5,2,1
705,2,9,1,1,12,2.0,15.0,1,7.5,15.0,12.0,4,33.33,1,0
705,2,11,2,2,31,5.0,26.0,3,5.2,8.67,10.0,9,29.03,1,0
705,2,13,2,2,24,4.0,35.0,2,8.75,17.5,12.0,6,25.0,4,0
705,2,17,1,1,6,1.0,9.0,0,9.0,0.0,inf,0,0.0,0,0
714,2,2,1,1,6,1.0,9.0,0,9.0,0.0,inf,3,50.0,2,0
714,2,5,1,1,25,4.0,19.0,2,4.75,9.5,12.0,10,40.0,0,0
714,2,6,2,2,38,6.0,58.0,1,9.67,58.0,36.0,10,26.32,7,1
714,2,13,1,1,24,4.0,20.0,1,5.0,20.0,24.0,13,54.17,3,0
714,2,16,2,2,30,5.0,46.0,2,9.2,23.0,15.0,7,23.33,4,2
718,2,2,2,2,43,7.0,45.0,3,6.43,15.0,14.0,18,41.86,4,1
718,2,5,1,1,12,2.0,17.0,0,8.5,0.0,inf,1,8.33,2,0
718,2,9,1,1,18,3.0,40.0,0,13.33,0.0,inf,2,11.11,2,3
718,2,11,2,2,40,6.0,34.0,5,5.67,6.8,7.8,15,37.5,3,0
718,2,13,2,2,37,6.0,55.0,1,9.17,55.0,36.0,7,18.92,5,1
718,2,16,2,2,28,4.0,59.0,1,14.75,59.0,27.0,10,35.71,5,5
718,2,17,3,3,51,8.0,66.0,3,8.25,22.0,16.67,17,33.33,6,2
722,2,5,2,2,25,4.0,27.0,0,6.75,0.0,inf,9,36.0,3,0
722,2,6,1,1,18,3.0,23.0,0,7.67,0.0,inf,6,33.33,3,0
722,2,11,1,1,6,1.0,11.0,0,11.0,0.0,inf,1,16.67,2,0
735,2,6,1,1,18,3.0,23.0,0,7.67,0.0,inf,4,22.22,1,1
735,2,9,1,1,24,4.0,18.0,0,4.5,0.0,inf,11,45.83,1,0
735,2,11,2,2,12,2.0,14.0,0,7.0,0.0,inf,3,25.0,2,0
735,2,13,1,1,6,1.0,7.0,0,7.0,0.0,inf,2,33.33,1,0
735,2,16,3,3,36,6.0,36.0,0,6.0,0.0,inf,13,36.11,2,1
739,2,5,1,1,27,4.0,42.0,0,10.5,0.0,inf,7,25.93,3,2
756,2,5,2,2,50,8.0,44.0,4,5.5,11.0,12.0,19,38.0,4,0
756,2,6,1,1,18,3.0,17.0,2,5.67,8.5,9.0,6,33.33,1,0
756,2,9,2,2,30,5.0,48.0,0,9.6,0.0,inf,4,13.33,4,1
756,2,13,1,1,19,3.0,22.0,0,7.33,0.0,inf,7,36.84,3,0
756,2,16,1,1,16,2.0,15.0,4,7.5,3.75,4.0,6,37.5,0,1
764,2,2,1,1,25,4.0,35.0,1,8.75,35.0,24.0,8,32.0,5,0
764,2,6,1,1,17,2.0,35.0,0,17.5,0.0,inf,3,17.65,2,3
764,2,9,1,2,34,5.0,33.0,4,6.6,8.25,7.5,11,32.35,4,0
764,2,13,1,1,27,4.0,15.0,2,3.75,7.5,12.0,14,51.85,2,0
764,2,17,1,1,18,3.0,21.0,0,7.0,0.0,inf,4,22.22,2,0
768,2,2,2,2,42,7.0,48.0,1,6.86,48.0,42.0,13,30.95,4,0
768,2,5,1,1,24,4.0,19.0,0,4.75,0.0,inf,12,50.0,0,1
768,2,9,1,1,24,4.0,16.0,1,4.0,16.0,24.0,15,62.5,2,0
768,2,11,2,2,49,8.0,55.0,2,6.88,27.5,24.0,20,40.82,6,1
768,2,13,2,2,49,8.0,45.0,2,5.62,22.5,24.0,21,42.86,2,2
768,2,16,2,2,44,7.0,28.0,3,4.0,9.33,14.0,20,45.45,2,0
768,2,17,3,3,72,12.0,50.0,5,4.17,10.0,14.4,43,59.72,3,2
776,2,5,1,1,24,4.0,32.0,1,8.0,32.0,24.0,8,33.33,5,0
776,2,13,1,1,26,4.0,28.0,2,7.0,14.0,12.0,11,42.31,1,1
4,3,2,2,2,43,7.0,62.0,0,8.86,0.0,inf,12,27.91,6,2
4,3,5,3,3,61,10.0,101.0,3,10.1,33.67,20.0,16,26.23,12,3
4,3,6,2,2,42,7.0,50.0,1,7.14,50.0,42.0,14,33.33,6,1
4,3,9,2,2,43,7.0,65.0,2,9.29,32.5,21.0,14,32.56,4,4
4,3,11,2,2,51,8.0,39.0,3,4.88,13.0,16.0,20,39.22,1,0
4,3,13,2,2,50,8.0,84.0,2,10.5,42.0,24.0,16,32.0,9,3
4,3,16,3,3,60,10.0,75.0,2,7.5,37.5,30.0,26,43.33,8,3
7,3,2,1,1,25,4.0,36.0,3,9.0,12.0,8.0,10,40.0,2,2
7,3,6,2,2,31,5.0,90.0,0,18.0,0.0,inf,4,12.9,7,8
7,3,16,1,1,24,4.0,35.0,2,8.75,17.5,12.0,10,41.67,3,2
7,3,17,1,1,19,3.0,24.0,0,8.0,0.0,inf,7,36.84,2,1
13,3,6,1,1,6,1.0,16.0,1,16.0,16.0,6.0,2,33.33,4,0
19,3,5,1,1,27,4.0,27.0,1,6.75,27.0,24.0,12,44.44,2,1
19,3,6,1,1,20,3.0,25.0,0,8.33,0.0,inf,6,30.0,2,1
19,3,9,2,2,42,7.0,58.0,2,8.29,29.0,18.0,16,38.1,8,1
19,3,11,1,1,27,4.0,49.0,1,12.25,49.0,24.0,4,14.81,6,1
19,3,16,2,2,50,8.0,75.0,1,9.38,75.0,48.0,15,30.0,8,3
19,3,17,1,1,12,2.0,21.0,1,10.5,21.0,12.0,1,8.33,3,0
25,3,6,1,1,14,2.0,26.0,0,13.0,0.0,inf,3,21.43,3,0
39,3,2,2,2,48,8.0,63.0,1,7.88,63.0,48.0,15,31.25,5,2
39,3,5,3,3,75,12.0,86.0,3,7.17,28.67,24.0,22,29.33,4,3
39,3,6,2,2,48,8.0,31.0,2,3.88,15.5,24.0,22,45.83,2,0
39,3,9,2,2,49,8.0,36.0,1,4.5,36.0,48.0,28,57.14,4,0
39,3,11,2,2,48,8.0,37.0,3,4.62,12.33,15.67,20,41.67,3,0
39,3,13,2,2,50,8.0,73.0,1,9.12,73.0,48.0,14,28.0,4,4
39,3,16,3,3,71,11.0,81.0,6,7.36,13.5,11.5,30,42.25,5,4
58,3,5,1,1,24,4.0,27.0,1,6.75,27.0,24.0,8,33.33,3,0
58,3,11,1,1,24,4.0,26.0,3,6.5,8.67,8.0,10,41.67,2,1
58,3,13,1,1,14,2.0,32.0,0,16.0,0.0,inf,2,14.29,5,1
64,3,5,1,1,25,4.0,30.0,1,7.5,30.0,24.0,9,36.0,3,1
64,3,6,1,1,24,4.0,26.0,3,6.5,8.67,8.0,13,54.17,4,0
64,3,13,1,1,12,2.0,8.0,0,4.0,0.0,inf,6,50.0,1,0
64,3,16,1,1,24,4.0,32.0,2,8.0,16.0,12.0,9,37.5,3,1
65,3,2,1,1,25,4.0,17.0,2,4.25,8.5,12.0,16,64.0,1,0
65,3,11,2,2,18,3.0,35.0,0,11.67,0.0,inf,1,5.56,2,2
65,3,17,1,1,12,2.0,16.0,0,8.0,0.0,inf,2,16.67,2,0
66,3,6,1,1,24,4.0,18.0,2,4.5,9.0,12.0,13,54.17,2,0
66,3,11,1,1,4,0.0,2.0,1,inf,2.0,4.0,2,50.0,0,0
66,3,13,1,1,6,1.0,3.0,0,3.0,0.0,inf,3,50.0,0,0
74,3,5,1,1,25,4.0,37.0,3,9.25,12.33,8.0,10,40.0,7,0
74,3,6,1,1,25,4.0,47.0,2,11.75,23.5,12.0,8,32.0,4,3
74,3,9,1,1,18,3.0,17.0,0,5.67,0.0,inf,13,72.22,4,0
74,3,13,1,1,25,4.0,19.0,1,4.75,19.0,24.0,13,52.0,2,0
74,3,16,1,1,22,3.0,40.0,0,13.33,0.0,inf,4,18.18,5,1
74,3,17,1,1,24,4.0,24.0,0,6.0,0.0,inf,13,54.17,3,0
90,3,6,1,1,6,1.0,5.0,0,5.0,0.0,inf,2,33.33,0,0
90,3,9,1,1,13,2.0,11.0,1,5.5,11.0,12.0,6,46.15,1,0
90,3,11,1,1,19,3.0,51.0,1,17.0,51.0,18.0,3,15.79,5,4
90,3,13,1,1,13,2.0,14.0,0,7.0,0.0,inf,3,23.08,1,0
105,3,9,1,1,27,4.0,27.0,2,6.75,13.5,12.0,8,29.63,2,0
111,3,2,2,2,42,7.0,25.0,1,3.57,25.0,42.0,18,42.86,0,0
111,3,5,1,1,12,2.0,15.0,0,7.5,0.0,inf,1,8.33,1,0
111,3,6,2,2,19,3.0,25.0,1,8.33,25.0,18.0,6,31.58,2,1
111,3,11,1,1,6,1.0,12.0,0,12.0,0.0,inf,0,0.0,2,0
111,3,16,2,2,36,6.0,43.0,3,7.17,14.33,12.0,14,38.89,2,3
111,3,17,2,2,24,4.0,32.0,0,8.0,0.0,inf,6,25.0,1,2
112,3,2,1,1,12,2.0,11.0,1,5.5,11.0,12.0,2,16.67,0,0
112,3,6,2,3,57,9.0,69.0,5,7.67,13.8,10.6,16,28.07,6,2
112,3,9,1,1,25,4.0,36.0,1,9.0,36.0,24.0,7,28.0,4,1
112,3,11,2,2,37,6.0,48.0,0,8.0,0.0,inf,12,32.43,6,1
112,3,16,1,1,27,4.0,32.0,1,8.0,32.0,24.0,9,33.33,3,1
117,3,5,2,2,30,5.0,58.0,2,11.6,29.0,15.0,5,16.67,5,3
117,3,11,2,2,50,8.0,65.0,1,8.12,65.0,48.0,24,48.0,2,6
117,3,16,1,1,12,2.0,20.0,1,10.0,20.0,12.0,5,41.67,1,2
118,3,6,1,1,21,3.0,40.0,0,13.33,0.0,inf,4,19.05,4,2
129,3,2,2,2,24,4.0,43.0,0,10.75,0.0,inf,3,12.5,6,1
129,3,6,2,2,51,8.0,79.0,1,9.88,79.0,48.0,13,25.49,9,2
129,3,9,1,1,24,4.0,27.0,2,6.75,13.5,12.0,14,58.33,4,1
129,3,11,2,2,49,8.0,44.0,2,5.5,22.0,24.0,23,46.94,4,1
129,3,13,2,2,45,7.0,70.0,3,10.0,23.33,14.67,13,28.89,11,0
129,3,16,2,2,30,5.0,31.0,5,6.2,6.2,6.0,15,50.0,2,2
129,3,17,3,3,72,12.0,82.0,2,6.83,41.0,36.0,26,36.11,9,1
134,3,2,1,1,25,4.0,21.0,2,5.25,10.5,12.0,12,48.0,3,0
134,3,5,1,1,25,4.0,20.0,1,5.0,20.0,24.0,11,44.0,2,0
134,3,6,1,1,13,2.0,25.0,0,12.5,0.0,inf,4,30.77,5,0
134,3,11,2,2,48,8.0,52.0,4,6.5,13.0,12.0,20,41.67,7,0
134,3,13,1,1,14,2.0,19.0,0,9.5,0.0,inf,7,50.0,4,0
134,3,17,1,1,19,3.0,15.0,2,5.0,7.5,9.5,10,52.63,1,0
137,3,2,2,2,49,8.0,64.0,2,8.0,32.0,24.0,13,26.53,8,1
137,3,5,2,2,52,8.0,46.0,2,5.75,23.0,24.0,23,44.23,5,0
137,3,9,2,2,49,8.0,38.0,4,4.75,9.5,12.0,26,53.06,3,1
137,3,13,2,2,48,8.0,52.0,1,6.5,52.0,48.0,19,39.58,4,2
137,3,16,3,3,75,12.0,53.0,4,4.42,13.25,18.0,41,54.67,4,1
137,3,17,1,1,24,4.0,40.0,0,10.0,0.0,inf,2,8.33,1,3
140,3,2,1,1,6,1.0,3.0,0,3.0,0.0,inf,4,66.67,0,0
140,3,5,2,2,30,5.0,30.0,2,6.0,15.0,15.0,9,30.0,1,1
140,3,6,1,1,12,2.0,26.0,1,13.0,26.0,12.0,2,16.67,0,3
140,3,13,1,1,6,1.0,8.0,0,8.0,0.0,inf,1,16.67,1,0
140,3,16,1,1,6,1.0,10.0,0,10.0,0.0,inf,2,33.33,2,0
147,3,16,1,1,6,1.0,6.0,0,6.0,0.0,inf,3,50.0,1,0
151,3,5,1,1,6,1.0,10.0,0,10.0,0.0,inf,2,33.33,0,1
151,3,9,1,1,2,0.0,1.0,0,inf,0.0,inf,1,50.0,0,0
151,3,13,1,1,13,2.0,23.0,0,11.5,0.0,inf,1,7.69,3,0
151,3,16,1,1,12,2.0,16.0,0,8.0,0.0,inf,3,25.0,0,1
152,3,2,2,2,48,8.0,40.0,2,5.0,20.0,24.0,21,43.75,5,0
152,3,6,1,1,24,4.0,21.0,3,5.25,7.0,8.0,13,54.17,1,1
152,3,9,1,1,18,3.0,22.0,2,7.33,11.0,9.0,10,55.56,2,2
152,3,11,1,1,18,3.0,29.0,0,9.67,0.0,inf,5,27.78,2,2
152,3,13,1,1,25,4.0,27.0,2,6.75,13.5,12.0,14,56.0,4,1
155,3,5,1,1,7,1.0,11.0,1,11.0,11.0,6.0,2,28.57,0,1
156,3,5,2,2,54,9.0,76.0,3,8.44,25.33,16.0,19,35.19,4,4
156,3,6,1,1,24,4.0,46.0,0,11.5,0.0,inf,9,37.5,5,3
156,3,9,1,1,19,3.0,30.0,0,10.0,0.0,inf,8,42.11,4,1
156,3,11,1,1,26,4.0,20.0,1,5.0,20.0,24.0,13,50.0,2,0
156,3,13,1,1,24,4.0,32.0,1,8.0,32.0,24.0,10,41.67,5,0
156,3,17,2,2,52,8.0,54.0,4,6.75,13.5,12.0,11,21.15,4,0
166,3,16,1,1,25,4.0,17.0,1,4.25,17.0,24.0,14,56.0,0,1
174,3,9,1,1,18,3.0,33.0,1,11.0,33.0,18.0,7,38.89,7,0
174,3,13,1,1,12,2.0,20.0,0,10.0,0.0,inf,5,41.67,4,0
174,3,17,1,1,21,3.0,39.0,0,13.0,0.0,inf,5,23.81,4,2
202,3,5,1,1,19,3.0,20.0,1,6.67,20.0,18.0,6,31.58,2,0
202,3,11,1,1,26,4.0,45.0,0,11.25,0.0,inf,7,26.92,5,2
202,3,13,1,1,13,2.0,24.0,0,12.0,0.0,inf,5,38.46,2,2
202,3,16,2,2,19,3.0,51.0,0,17.0,0.0,inf,3,15.79,5,4
202,3,17,1,1,25,4.0,19.0,0,4.75,0.0,inf,13,52.0,2,0
203,3,2,1,1,7,1.0,12.0,0,12.0,0.0,inf,0,0.0,0,1
203,3,5,1,1,6,1.0,13.0,0,13.0,0.0,inf,1,16.67,1,1
203,3,17,1,1,12,2.0,18.0,0,9.0,0.0,inf,1,8.33,2,0
204,3,9,1,1,6,1.0,14.0,0,14.0,0.0,inf,1,16.67,1,1
204,3,13,1,1,6,1.0,6.0,0,6.0,0.0,inf,0,0.0,0,0
209,3,9,1,1,6,1.0,10.0,0,10.0,0.0,inf,1,16.67,1,0
210,3,2,1,1,24,4.0,24.0,2,6.0,12.0,12.0,10,41.67,3,0
210,3,11,2,2,44,7.0,60.0,1,8.57,60.0,36.0,16,36.36,8,1
210,3,16,1,1,25,4.0,51.0,0,12.75,0.0,inf,5,20.0,4,3
210,3,17,2,2,35,5.0,56.0,0,11.2,0.0,inf,13,37.14,4,3
212,3,2,2,2,50,8.0,51.0,4,6.38,12.75,11.25,22,44.0,7,0
212,3,5,2,2,43,7.0,49.0,4,7.0,12.25,10.5,14,32.56,6,0
212,3,6,2,2,41,6.0,66.0,1,11.0,66.0,40.0,14,34.15,8,3
212,3,9,2,2,51,8.0,78.0,3,9.75,26.0,16.0,17,33.33,9,3
212,3,11,2,2,30,5.0,62.0,0,12.4,0.0,inf,7,23.33,10,1
212,3,16,2,2,37,6.0,51.0,2,8.5,25.5,18.0,13,35.14,4,2
212,3,17,2,2,38,6.0,69.0,1,11.5,69.0,37.0,11,28.95,10,2
221,3,9,1,1,7,1.0,5.0,0,5.0,0.0,inf,3,42.86,0,0
223,3,2,2,2,36,6.0,42.0,0,7.0,0.0,inf,11,30.56,4,0
223,3,5,2,2,45,7.0,46.0,1,6.57,46.0,42.0,16,35.56,5,0
223,3,9,2,2,26,4.0,20.0,1,5.0,20.0,24.0,12,46.15,1,0
223,3,11,2,2,48,8.0,102.0,4,12.75,25.5,12.0,11,22.92,15,3
223,3,13,2,2,49,8.0,71.0,3,8.88,23.67,16.0,18,36.73,8,3
223,3,16,2,2,43,7.0,56.0,1,8.0,56.0,42.0,16,37.21,6,2
223,3,17,2,2,48,8.0,68.0,1,8.5,68.0,48.0,13,27.08,8,1
230,3,2,2,2,24,4.0,27.0,0,6.75,0.0,inf,9,37.5,4,0
230,3,5,2,2,30,5.0,33.0,2,6.6,16.5,13.5,9,30.0,2,1
230,3,9,2,2,18,3.0,24.0,1,8.0,24.0,18.0,6,33.33,0,2
230,3,11,2,2,18,3.0,23.0,0,7.67,0.0,inf,2,11.11,1,1
230,3,13,2,2,35,5.0,46.0,1,9.2,46.0,35.0,7,20.0,4,1
230,3,16,2,2,22,3.0,25.0,2,8.33,12.5,10.5,7,31.82,1,1
234,3,5,2,2,43,7.0,74.0,1,10.57,74.0,42.0,10,23.26,8,3
234,3,6,2,2,46,7.0,38.0,2,5.43,19.0,21.0,19,41.3,0,2
234,3,9,2,2,50,8.0,59.0,1,7.38,59.0,48.0,21,42.0,5,3
234,3,11,2,2,50,8.0,59.0,4,7.38,14.75,12.0,22,44.0,4,3
234,3,13,2,2,48,8.0,38.0,2,4.75,19.0,24.0,21,43.75,4,0
234,3,16,2,2,43,7.0,40.0,2,5.71,20.0,21.0,19,44.19,2,2
234,3,17,2,2,49,8.0,55.0,5,6.88,11.0,9.6,19,38.78,3,3
240,3,5,1,1,6,1.0,19.0,0,19.0,0.0,inf,0,0.0,4,0
241,3,2,1,1,24,4.0,31.0,2,7.75,15.5,12.0,9,37.5,3,1
241,3,5,1,1,24,4.0,34.0,2,8.5,17.0,12.0,7,29.17,5,0
251,3,2,2,2,48,8.0,49.0,2,6.12,24.5,24.0,21,43.75,6,0
251,3,5,2,2,43,7.0,56.0,4,8.0,14.0,10.5,16,37.21,4,2
251,3,6,2,2,48,8.0,55.0,2,6.88,27.5,24.0,17,35.42,4,2
251,3,9,2,2,37,6.0,61.0,1,10.17,61.0,36.0,4,10.81,4,3
251,3,11,2,2,48,8.0,56.0,1,7.0,56.0,48.0,18,37.5,2,3
251,3,16,2,2,42,7.0,48.0,1,6.86,48.0,42.0,11,26.19,3,1
251,3,17,2,2,30,5.0,42.0,1,8.4,42.0,30.0,7,23.33,4,1
254,3,2,2,2,33,5.0,41.0,0,8.2,0.0,inf,17,51.52,3,0
254,3,5,1,1,24,4.0,28.0,0,7.0,0.0,inf,5,20.83,1,1
254,3,6,2,2,50,8.0,50.0,3,6.25,16.67,16.0,25,50.0,5,2
254,3,9,1,1,25,4.0,23.0,0,5.75,0.0,inf,10,40.0,1,1
254,3,11,1,1,12,2.0,18.0,0,9.0,0.0,inf,5,41.67,4,0
257,3,2,1,1,1,0.0,2.0,0,inf,0.0,inf,0,0.0,0,0
257,3,5,2,2,18,3.0,33.0,0,11.0,0.0,inf,6,33.33,5,1
257,3,6,1,1,12,2.0,18.0,0,9.0,0.0,inf,4,33.33,0,1
257,3,16,1,1,8,1.0,16.0,0,16.0,0.0,inf,2,25.0,0,2
259,3,11,1,1,25,4.0,40.0,1,10.0,40.0,24.0,10,40.0,3,2
269,3,16,1,1,24,4.0,35.0,1,8.75,35.0,24.0,10,41.67,3,2
274,3,2,1,1,24,4.0,24.0,1,6.0,24.0,24.0,10,41.67,0,2
274,3,16,1,1,19,3.0,27.0,0,9.0,0.0,inf,5,26.32,2,1
284,3,16,1,1,19,3.0,33.0,0,11.0,0.0,inf,4,21.05,6,0
293,3,2,2,2,40,6.0,47.0,3,7.83,15.67,13.0,12,30.0,3,2
293,3,6,3,3,75,12.0,78.0,2,6.5,39.0,36.0,27,36.0,4,2
293,3,9,1,1,24,4.0,17.0,1,4.25,17.0,24.0,7,29.17,0,0
293,3,11,1,1,26,4.0,21.0,1,5.25,21.0,24.0,8,30.77,0,0
293,3,13,2,2,50,8.0,60.0,0,7.5,0.0,inf,13,26.0,3,1
293,3,16,2,2,44,7.0,47.0,5,6.71,9.4,8.4,15,34.09,6,0
293,3,17,3,3,75,12.0,107.0,5,8.92,21.4,14.4,20,26.67,5,7
294,3,2,1,1,25,4.0,43.0,1,10.75,43.0,24.0,9,36.0,5,2
294,3,5,1,1,14,2.0,23.0,1,11.5,23.0,12.0,4,28.57,4,0
294,3,11,1,1,12,2.0,23.0,0,11.5,0.0,inf,1,8.33,3,0
297,3,2,1,1,13,2.0,19.0,1,9.5,19.0,12.0,5,38.46,3,0
297,3,13,1,1,24,4.0,32.0,0,8.0,0.0,inf,9,37.5,5,0
297,3,17,1,1,27,4.0,37.0,1,9.25,37.0,24.0,10,37.04,5,1
314,3,9,1,1,12,2.0,24.0,0,12.0,0.0,inf,2,16.67,3,1
321,3,5,1,1,24,4.0,40.0,1,10.0,40.0,24.0,7,29.17,6,0
321,3,6,2,2,49,8.0,47.0,6,5.88,7.83,8.0,19,38.78,4,1
321,3,11,1,1,25,4.0,34.0,2,8.5,17.0,12.0,11,44.0,4,1
321,3,13,1,1,26,4.0,27.0,1,6.75,27.0,24.0,12,46.15,3,1
321,3,17,3,3,71,11.0,85.0,4,7.73,21.25,16.0,32,45.07,5,4
326,3,2,1,1,24,4.0,26.0,0,6.5,0.0,inf,7,29.17,1,1
326,3,5,2,2,48,8.0,41.0,3,5.12,13.67,16.0,17,35.42,3,0
326,3,6,1,1,25,4.0,21.0,0,5.25,0.0,inf,9,36.0,0,0
326,3,11,2,2,49,8.0,56.0,1,7.0,56.0,48.0,16,32.65,7,0
326,3,13,1,1,25,4.0,41.0,1,10.25,41.0,24.0,3,12.0,3,2
326,3,16,2,2,42,7.0,46.0,2,6.57,23.0,21.0,16,38.1,6,0
326,3,17,1,1,25,4.0,22.0,2,5.5,11.0,12.0,9,36.0,2,0
330,3,2,1,1,7,1.0,19.0,0,19.0,0.0,inf,2,28.57,1,2
340,3,5,1,1,27,4.0,54.0,0,13.5,0.0,inf,9,33.33,2,5
340,3,11,1,1,24,4.0,27.0,2,6.75,13.5,12.0,12,50.0,5,0
343,3,2,2,2,49,8.0,71.0,2,8.88,35.5,24.0,12,24.49,4,4
343,3,5,1,1,18,3.0,24.0,1,8.0,24.0,18.0,8,44.44,1,2
343,3,11,1,1,22,3.0,30.0,0,10.0,0.0,inf,8,36.36,0,3
343,3,13,1,1,19,3.0,18.0,1,6.0,18.0,18.0,8,42.11,1,1
343,3,17,1,1,18,3.0,24.0,1,8.0,24.0,18.0,4,22.22,2,1
345,3,2,1,1,25,4.0,41.0,2,10.25,20.5,12.0,8,32.0,4,2
345,3,6,2,2,48,8.0,43.0,2,5.38,21.5,24.0,18,37.5,3,1
345,3,9,1,1,13,2.0,21.0,0,10.5,0.0,inf,6,46.15,3,0
345,3,11,1,1,25,4.0,25.0,2,6.25,12.5,12.0,13,52.0,2,1
345,3,17,3,3,40,6.0,44.0,2,7.33,22.0,18.0,14,35.0,4,1
348,3,5,1,1,24,4.0,31.0,3,7.75,10.33,8.0,8,33.33,3,1
348,3,9,2,2,32,5.0,61.0,1,12.2,61.0,30.0,6,18.75,2,4
348,3,11,1,1,14,2.0,18.0,1,9.0,18.0,12.0,3,21.43,1,1
348,3,17,1,1,12,2.0,17.0,0,8.5,0.0,inf,4,33.33,1,1
352,3,2,1,1,14,2.0,19.0,1,9.5,19.0,12.0,3,21.43,2,0
352,3,5,1,1,13,2.0,17.0,2,8.5,8.5,6.0,4,30.77,3,0
353,3,9,1,1,25,4.0,30.0,1,7.5,30.0,24.0,6,24.0,3,0
353,3,13,1,1,23,3.0,27.0,0,9.0,0.0,inf,8,34.78,4,0
353,3,17,1,1,24,4.0,40.0,1,10.0,40.0,24.0,7,29.17,2,3
357,3,2,1,1,25,4.0,24.0,2,6.0,12.0,12.0,12,48.0,2,0
357,3,5,2,2,49,8.0,70.0,2,8.75,35.0,24.0,21,42.86,5,5
357,3,9,1,1,24,4.0,15.0,2,3.75,7.5,12.0,17,70.83,3,0
357,3,11,1,1,26,4.0,15.0,2,3.75,7.5,12.0,14,53.85,1,0
357,3,13,1,1,25,4.0,39.0,0,9.75,0.0,inf,9,36.0,3,2
357,3,16,2,2,44,7.0,44.0,4,6.29,11.0,10.5,21,47.73,5,1
381,3,2,1,1,24,4.0,28.0,1,7.0,28.0,24.0,7,29.17,3,0
381,3,6,1,1,15,2.0,21.0,0,10.5,0.0,inf,7,46.67,1,2
381,3,13,1,1,12,2.0,12.0,0,6.0,0.0,inf,4,33.33,1,0
383,3,2,1,1,8,1.0,17.0,1,17.0,17.0,6.0,2,25.0,2,1
383,3,5,1,1,25,4.0,44.0,2,11.0,22.0,12.0,10,40.0,9,0
383,3,6,1,1,24,4.0,38.0,1,9.5,38.0,24.0,8,33.33,5,1
383,3,11,1,1,26,4.0,33.0,2,8.25,16.5,12.0,7,26.92,2,2
383,3,16,1,1,26,4.0,31.0,1,7.75,31.0,24.0,9,34.62,4,0
383,3,17,2,2,51,8.0,73.0,0,9.12,0.0,inf,18,35.29,8,2
386,3,2,1,1,13,2.0,22.0,1,11.0,22.0,12.0,3,23.08,4,0
386,3,6,3,3,79,13.0,110.0,0,8.46,0.0,inf,22,27.85,11,2
386,3,9,1,1,26,4.0,28.0,0,7.0,0.0,inf,7,26.92,3,0
386,3,11,2,2,49,8.0,45.0,2,5.62,22.5,24.0,19,38.78,2,1
386,3,13,2,2,50,8.0,58.0,6,7.25,9.67,8.0,22,44.0,8,1
386,3,16,2,2,44,7.0,32.0,4,4.57,8.0,10.5,24,54.55,1,1
386,3,17,2,2,49,8.0,49.0,2,6.12,24.5,24.0,19,38.78,5,0
393,3,2,1,1,19,3.0,35.0,2,11.67,17.5,9.0,6,31.58,4,2
393,3,16,1,1,27,4.0,26.0,2,6.5,13.0,12.0,10,37.04,1,1
393,3,17,1,1,24,4.0,27.0,1,6.75,27.0,24.0,10,41.67,4,0
396,3,6,1,1,6,1.0,8.0,0,8.0,0.0,inf,1,16.67,1,0
396,3,9,1,1,7,1.0,16.0,0,16.0,0.0,inf,1,14.29,1,1
403,3,2,2,2,37,6.0,29.0,3,4.83,9.67,12.0,14,37.84,1,0
403,3,5,2,2,50,8.0,72.0,0,9.0,0.0,inf,11,22.0,6,2
403,3,6,3,3,67,11.0,70.0,4,6.36,17.5,16.5,23,34.33,3,4
403,3,9,2,2,50,8.0,52.0,2,6.5,26.0,24.0,17,34.0,3,2
403,3,11,2,2,24,4.0,27.0,0,6.75,0.0,inf,10,41.67,1,1
403,3,13,2,2,36,6.0,38.0,1,6.33,38.0,36.0,14,38.89,3,1
403,3,17,3,3,61,10.0,84.0,2,8.4,42.0,30.0,17,27.87,8,3
410,3,2,1,1,25,4.0,32.0,2,8.0,16.0,12.0,6,24.0,4,0
410,3,6,1,1,26,4.0,23.0,2,5.75,11.5,12.0,12,46.15,2,1
410,3,9,1,1,20,3.0,31.0,0,10.33,0.0,inf,8,40.0,3,1
410,3,17,2,2,50,8.0,52.0,3,6.5,17.33,16.0,24,48.0,6,1
412,3,17,1,1,6,1.0,8.0,0,8.0,0.0,inf,2,33.33,1,0
423,3,6,1,1,6,1.0,4.0,1,4.0,4.0,6.0,3,50.0,0,0
423,3,11,1,1,6,1.0,12.0,0,12.0,0.0,inf,0,0.0,2,0
423,3,16,1,1,12,2.0,14.0,1,7.0,14.0,12.0,4,33.33,0,1
423,3,17,1,1,6,1.0,11.0,0,11.0,0.0,inf,1,16.67,0,1
425,3,2,1,1,25,4.0,22.0,2,5.5,11.0,12.0,6,24.0,0,0
425,3,17,1,1,25,4.0,44.0,0,11.0,0.0,inf,6,24.0,2,3
426,3,6,2,2,46,7.0,48.0,1,6.86,48.0,42.0,16,34.78,5,0
426,3,9,2,2,45,7.0,64.0,0,9.14,0.0,inf,11,24.44,8,1
426,3,11,1,1,26,4.0,43.0,0,10.75,0.0,inf,7,26.92,6,1
426,3,13,2,2,31,5.0,42.0,0,8.4,0.0,inf,12,38.71,7,0
426,3,16,2,2,43,7.0,52.0,2,7.43,26.0,21.0,15,34.88,6,1
426,3,17,1,1,24,4.0,21.0,1,5.25,21.0,24.0,8,33.33,1,0
429,3,5,2,2,36,6.0,58.0,2,9.67,29.0,15.0,9,25.0,7,1
429,3,6,1,1,7,1.0,16.0,0,16.0,0.0,inf,2,28.57,3,0
429,3,9,2,2,43,7.0,53.0,3,7.57,17.67,14.0,17,39.53,6,2
429,3,13,1,1,6,1.0,12.0,1,12.0,12.0,6.0,3,50.0,3,0
443,3,2,1,1,12,2.0,25.0,0,12.5,0.0,inf,2,16.67,2,2
443,3,5,1,1,26,4.0,41.0,2,10.25,20.5,12.0,6,23.08,4,1
446,3,16,1,1,18,3.0,28.0,1,9.33,28.0,18.0,7,38.89,4,1
448,3,11,1,1,6,1.0,12.0,0,12.0,0.0,inf,0,0.0,2,0
448,3,16,1,1,12,2.0,19.0,1,9.5,19.0,12.0,2,16.67,1,1
448,3,17,2,2,42,7.0,63.0,2,9.0,31.5,21.0,12,28.57,2,4
449,3,2,2,2,25,4.0,37.0,2,9.25,18.5,12.0,7,28.0,4,1
449,3,6,2,2,37,6.0,63.0,1,10.5,63.0,36.0,7,18.92,5,3
449,3,9,2,2,39,6.0,43.0,0,7.17,0.0,inf,11,28.21,3,1
449,3,13,1,1,18,3.0,22.0,1,7.33,22.0,18.0,6,33.33,3,0
449,3,16,2,2,24,4.0,28.0,0,7.0,0.0,inf,12,50.0,1,2
449,3,17,1,1,19,3.0,35.0,0,11.67,0.0,inf,5,26.32,3,2
460,3,2,1,1,24,4.0,30.0,1,7.5,30.0,24.0,9,37.5,3,1
460,3,17,1,1,18,3.0,36.0,0,12.0,0.0,inf,4,22.22,4,2
463,3,5,2,2,41,6.0,62.0,0,10.33,0.0,inf,10,24.39,6,1
463,3,9,1,1,25,4.0,39.0,0,9.75,0.0,inf,7,28.0,6,0
463,3,17,1,1,25,4.0,48.0,0,12.0,0.0,inf,3,12.0,3,2
477,3,2,1,1,27,4.0,45.0,0,11.25,0.0,inf,7,25.93,3,2
477,3,5,2,2,44,7.0,66.0,1,9.43,66.0,42.0,15,34.09,7,2
477,3,6,2,2,45,7.0,63.0,1,9.0,63.0,42.0,16,35.56,5,3
477,3,9,2,2,44,7.0,53.0,1,7.57,53.0,42.0,17,38.64,5,2
477,3,11,1,1,26,4.0,18.0,3,4.5,6.0,8.0,15,57.69,2,0
477,3,13,2,2,53,8.0,80.0,1,10.0,80.0,48.0,17,32.08,11,2
477,3,16,2,2,49,8.0,55.0,3,6.88,18.33,16.0,22,44.9,6,2
479,3,2,2,2,30,5.0,54.0,0,10.8,0.0,inf,6,20.0,6,2
479,3,5,1,1,22,3.0,29.0,0,9.67,0.0,inf,5,22.73,1,1
479,3,6,2,2,25,4.0,44.0,0,11.0,0.0,inf,3,12.0,3,2
479,3,11,1,1,18,3.0,33.0,0,11.0,0.0,inf,3,16.67,6,0
479,3,13,2,2,42,7.0,58.0,1,8.29,58.0,42.0,9,21.43,3,3
479,3,16,2,2,51,8.0,52.0,2,6.5,26.0,24.0,18,35.29,5,0
479,3,17,2,2,42,7.0,44.0,5,6.29,8.8,8.4,14,33.33,4,1
484,3,6,2,2,30,5.0,46.0,1,9.2,46.0,30.0,9,30.0,5,2
484,3,11,1,1,24,4.0,30.0,1,7.5,30.0,24.0,5,20.83,1,1
484,3,16,1,1,18,3.0,30.0,1,10.0,30.0,18.0,5,27.78,1,2
487,3,2,1,1,6,1.0,14.0,0,14.0,0.0,inf,0,0.0,1,1
487,3,9,1,1,19,3.0,12.0,3,4.0,4.0,6.0,8,42.11,1,0
487,3,13,2,2,8,1.0,13.0,0,13.0,0.0,inf,1,12.5,2,0
487,3,16,1,1,14,2.0,15.0,0,7.5,0.0,inf,6,42.86,2,0
515,3,5,1,1,24,4.0,42.0,1,10.5,42.0,24.0,5,20.83,2,3
515,3,9,1,1,25,4.0,37.0,2,9.25,18.5,12.0,7,28.0,3,2
515,3,11,1,1,12,2.0,17.0,0,8.5,0.0,inf,3,25.0,2,0
515,3,17,1,1,24,4.0,42.0,2,10.5,21.0,12.0,6,25.0,3,3
536,3,2,2,2,48,8.0,48.0,2,6.0,24.0,24.0,14,29.17,3,0
536,3,5,2,2,44,7.0,63.0,0,9.0,0.0,inf,9,20.45,7,1
536,3,6,2,2,42,7.0,66.0,2,9.43,33.0,21.0,11,26.19,1,6
536,3,9,2,2,43,7.0,47.0,0,6.71,0.0,inf,9,20.93,3,0
536,3,13,2,2,44,7.0,81.0,1,11.57,81.0,42.0,8,18.18,6,5
536,3,16,2,2,48,8.0,36.0,5,4.5,7.2,9.6,23,47.92,1,1
536,3,17,2,2,36,6.0,40.0,1,6.67,40.0,36.0,19,52.78,4,2
541,3,2,2,2,54,9.0,79.0,1,8.78,79.0,48.0,16,29.63,9,2
541,3,5,1,1,30,5.0,46.0,1,9.2,46.0,24.0,9,30.0,7,0
541,3,6,2,2,49,8.0,66.0,2,8.25,33.0,24.0,18,36.73,7,2
541,3,9,1,1,25,4.0,29.0,0,7.25,0.0,inf,9,36.0,4,0
541,3,13,1,1,20,3.0,22.0,3,7.33,7.33,6.33,8,40.0,3,0
541,3,16,1,1,27,4.0,22.0,3,5.5,7.33,8.0,10,37.04,1,1
542,3,2,1,1,18,3.0,14.0,1,4.67,14.0,18.0,9,50.0,0,0
542,3,5,3,3,67,11.0,83.0,4,7.55,20.75,16.5,19,28.36,7,3
542,3,9,1,1,25,4.0,23.0,1,5.75,23.0,24.0,10,40.0,2,0
542,3,11,2,2,42,7.0,67.0,2,9.57,33.5,21.0,11,26.19,2,6
542,3,13,1,1,6,1.0,14.0,0,14.0,0.0,inf,0,0.0,1,1
542,3,16,2,2,50,8.0,73.0,3,9.12,24.33,16.0,19,38.0,5,3
542,3,17,1,1,24,4.0,17.0,2,4.25,8.5,12.0,14,58.33,2,0
548,3,5,1,1,12,2.0,21.0,0,10.5,0.0,inf,2,16.67,3,0
548,3,9,1,1,20,3.0,18.0,0,6.0,0.0,inf,9,45.0,2,0
548,3,16,1,1,14,2.0,23.0,1,11.5,23.0,13.0,5,35.71,5,0
559,3,2,1,1,26,4.0,42.0,1,10.5,42.0,24.0,8,30.77,5,1
559,3,5,3,3,79,13.0,87.0,5,6.69,17.4,14.4,34,43.04,9,2
559,3,6,2,2,52,8.0,45.0,1,5.62,45.0,48.0,20,38.46,4,0
559,3,9,2,2,51,8.0,65.0,1,8.12,65.0,48.0,23,45.1,7,3
559,3,11,2,2,50,8.0,33.0,1,4.12,33.0,48.0,30,60.0,3,0
559,3,13,2,2,51,8.0,67.0,2,8.38,33.5,24.0,15,29.41,8,0
559,3,16,3,3,73,12.0,67.0,4,5.58,16.75,16.5,34,46.58,9,0
561,3,17,1,1,6,1.0,13.0,0,13.0,0.0,inf,1,16.67,1,1
564,3,6,2,2,33,5.0,49.0,1,9.8,49.0,30.0,12,36.36,9,0
564,3,9,1,1,27,4.0,27.0,2,6.75,13.5,12.0,8,29.63,3,0
564,3,11,1,1,18,3.0,21.0,0,7.0,0.0,inf,7,38.89,3,0
564,3,16,2,2,49,8.0,60.0,2,7.5,30.0,24.0,18,36.73,6,2
564,3,17,1,1,25,4.0,27.0,1,6.75,27.0,24.0,10,40.0,4,0
573,3,9,1,1,15,2.0,22.0,0,11.0,0.0,inf,5,33.33,4,0
573,3,13,1,1,18,3.0,15.0,1,5.0,15.0,18.0,8,44.44,0,1
577,3,2,2,2,38,6.0,62.0,1,10.33,62.0,36.0,11,28.95,8,2
577,3,6,1,1,13,2.0,14.0,0,7.0,0.0,inf,5,38.46,2,0
577,3,13,2,2,42,7.0,67.0,2,9.57,33.5,21.0,13,30.95,8,2
577,3,16,1,1,25,4.0,31.0,1,7.75,31.0,24.0,7,28.0,4,0
577,3,17,1,1,18,3.0,29.0,0,9.67,0.0,inf,4,22.22,2,2
586,3,2,2,2,48,8.0,52.0,3,6.5,17.33,16.0,15,31.25,2,2
586,3,5,2,2,48,8.0,50.0,5,6.25,10.0,9.6,23,47.92,5,2
586,3,6,3,3,66,11.0,75.0,4,6.82,18.75,16.5,21,31.82,1,4
586,3,9,2,2,50,8.0,57.0,2,7.12,28.5,24.0,22,44.0,3,4
586,3,11,2,2,40,6.0,77.0,2,12.83,38.5,18.0,8,20.0,6,4
586,3,13,2,2,37,6.0,50.0,1,8.33,50.0,36.0,12,32.43,7,0
586,3,17,3,3,71,11.0,68.0,4,6.18,17.0,17.75,32,45.07,5,1
587,3,5,1,1,26,4.0,32.0,0,8.0,0.0,inf,14,53.85,5,1
587,3,9,1,1,26,4.0,48.0,0,12.0,0.0,inf,6,23.08,5,2
590,3,5,1,1,26,4.0,50.0,2,12.5,25.0,12.0,4,15.38,8,0
590,3,9,1,1,18,3.0,30.0,0,10.0,0.0,inf,5,27.78,3,1
590,3,11,2,2,43,7.0,45.0,3,6.43,15.0,14.0,23,53.49,6,1
590,3,13,2,2,38,6.0,53.0,2,8.83,26.5,18.0,14,36.84,3,3
590,3,17,1,1,24,4.0,28.0,1,7.0,28.0,24.0,8,33.33,4,0
597,3,2,2,2,49,8.0,64.0,1,8.0,64.0,48.0,16,32.65,7,2
597,3,5,3,3,55,9.0,76.0,3,8.44,25.33,18.0,21,38.18,9,2
597,3,6,2,2,44,7.0,71.0,5,10.14,14.2,8.2,15,34.09,6,4
597,3,9,1,1,19,3.0,23.0,3,7.67,7.67,6.0,9,47.37,2,1
597,3,11,2,2,48,8.0,61.0,1,7.62,61.0,48.0,23,47.92,5,3
597,3,13,2,2,31,5.0,43.0,1,8.6,43.0,30.0,8,25.81,4,1
597,3,16,2,2,38,6.0,58.0,2,9.67,29.0,19.0,9,23.68,3,3
609,3,5,1,1,26,4.0,35.0,0,8.75,0.0,inf,8,30.77,3,1
609,3,6,2,2,49,8.0,43.0,2,5.38,21.5,21.5,20,40.82,3,0
609,3,9,1,1,20,3.0,15.0,1,5.0,15.0,19.0,12,60.0,2,0
609,3,11,1,1,25,4.0,27.0,1,6.75,27.0,24.0,11,44.0,4,0
609,3,13,1,1,26,4.0,12.0,2,3.0,6.0,12.0,14,53.85,1,0
609,3,16,2,2,48,8.0,61.0,1,7.62,61.0,48.0,19,39.58,7,2
609,3,17,1,1,24,4.0,31.0,0,7.75,0.0,inf,5,20.83,3,0
613,3,2,1,1,7,1.0,9.0,0,9.0,0.0,inf,4,57.14,2,0
613,3,6,1,1,6,1.0,8.0,0,8.0,0.0,inf,1,16.67,1,0
613,3,9,2,2,13,2.0,21.0,0,10.5,0.0,inf,3,23.08,0,2
613,3,13,1,1,12,2.0,12.0,0,6.0,0.0,inf,3,25.0,1,0
613,3,16,1,1,12,2.0,9.0,0,4.5,0.0,inf,3,25.0,0,0
613,3,17,1,1,6,1.0,17.0,0,17.0,0.0,inf,1,16.67,4,0
624,3,2,1,1,24,4.0,38.0,1,9.5,38.0,24.0,6,25.0,3,2
624,3,5,1,1,26,4.0,31.0,0,7.75,0.0,inf,8,30.77,4,0
624,3,6,1,1,20,3.0,35.0,1,11.67,35.0,18.0,8,40.0,4,0
624,3,13,2,2,26,4.0,39.0,1,9.75,39.0,24.0,5,19.23,4,1
624,3,16,1,1,6,1.0,9.0,1,9.0,9.0,6.0,2,33.33,0,1
626,3,5,1,1,24,4.0,27.0,0,6.75,0.0,inf,5,20.83,0,1
626,3,9,2,2,18,3.0,26.0,1,8.67,26.0,17.0,3,16.67,1,1
626,3,11,1,1,6,1.0,6.0,1,6.0,6.0,6.0,1,16.67,0,0
626,3,13,1,1,24,4.0,19.0,2,4.75,9.5,12.0,11,45.83,2,0
626,3,16,1,1,18,3.0,23.0,1,7.67,23.0,18.0,4,22.22,1,1
634,3,6,1,1,6,1.0,14.0,0,14.0,0.0,inf,1,16.67,3,0
634,3,11,1,1,17,2.0,22.0,1,11.0,22.0,17.0,5,29.41,3,0
643,3,2,1,1,24,4.0,18.0,2,4.5,9.0,12.0,5,20.83,0,0
643,3,9,1,1,25,4.0,27.0,0,6.75,0.0,inf,11,44.0,1,1
643,3,11,1,1,24,4.0,46.0,1,11.5,46.0,24.0,7,29.17,2,4
649,3,5,2,2,42,7.0,55.0,2,7.86,27.5,21.0,14,33.33,8,0
649,3,6,1,1,24,4.0,33.0,0,8.25,0.0,inf,10,41.67,4,1
649,3,11,2,2,49,8.0,52.0,3,6.5,17.33,16.0,21,42.86,7,0
649,3,13,2,2,50,8.0,56.0,3,7.0,18.67,16.0,19,38.0,6,1
649,3,16,1,1,26,4.0,28.0,1,7.0,28.0,24.0,11,42.31,2,1
654,3,2,1,1,18,3.0,25.0,0,8.33,0.0,inf,4,22.22,2,1
654,3,5,2,2,38,6.0,46.0,0,7.67,0.0,inf,9,23.68,3,2
654,3,6,2,2,50,8.0,70.0,1,8.75,70.0,48.0,11,22.0,5,3
654,3,9,2,2,45,7.0,55.0,2,7.86,27.5,21.0,14,31.11,8,0
654,3,13,2,2,37,6.0,35.0,2,5.83,17.5,18.0,11,29.73,3,0
654,3,16,2,2,26,4.0,15.0,0,3.75,0.0,inf,11,42.31,0,0
665,3,2,2,2,49,8.0,39.0,1,4.88,39.0,48.0,20,40.82,3,0
665,3,6,2,2,48,8.0,72.0,3,9.0,24.0,16.0,7,14.58,4,3
665,3,11,1,1,12,2.0,19.0,1,9.5,19.0,12.0,3,25.0,1,1
665,3,13,2,2,21,3.0,29.0,1,9.67,29.0,18.0,2,9.52,1,1
665,3,16,2,2,39,6.0,46.0,3,7.67,15.33,12.0,9,23.08,1,1
665,3,17,3,3,64,10.0,69.0,6,6.9,11.5,10.0,17,26.56,6,0
684,3,2,1,1,24,4.0,24.0,0,6.0,0.0,inf,6,25.0,1,0
684,3,5,1,1,12,2.0,14.0,0,7.0,0.0,inf,5,41.67,2,0
684,3,6,1,1,12,2.0,22.0,0,11.0,0.0,inf,1,8.33,2,1
684,3,13,2,2,12,2.0,20.0,0,10.0,0.0,inf,1,8.33,0,1
689,3,2,1,1,18,3.0,32.0,1,10.67,32.0,18.0,6,33.33,3,2
689,3,9,1,1,18,3.0,20.0,1,6.67,20.0,18.0,9,50.0,2,1
689,3,13,1,1,24,4.0,43.0,1,10.75,43.0,24.0,8,33.33,6,1
689,3,17,1,1,18,3.0,23.0,0,7.67,0.0,inf,8,44.44,4,0
692,3,2,1,1,18,3.0,31.0,0,10.33,0.0,inf,6,33.33,3,2
692,3,5,1,1,25,4.0,31.0,3,7.75,10.33,8.0,9,36.0,5,0
692,3,6,3,3,58,9.0,81.0,2,9.0,40.5,27.0,18,31.03,6,4
692,3,9,1,1,27,4.0,35.0,1,8.75,35.0,24.0,12,44.44,3,2
692,3,11,2,2,37,6.0,39.0,3,6.5,13.0,12.0,16,43.24,6,0
692,3,13,2,2,50,8.0,94.0,2,11.75,47.0,24.0,19,38.0,13,4
692,3,17,2,2,51,8.0,59.0,2,7.38,29.5,24.0,18,35.29,4,2
695,3,16,1,1,24,4.0,32.0,0,8.0,0.0,inf,9,37.5,4,1
695,3,17,1,1,22,3.0,34.0,0,11.33,0.0,inf,6,27.27,6,0
699,3,13,1,1,19,3.0,23.0,1,7.67,23.0,18.0,5,26.32,2,0
705,3,2,1,1,6,1.0,7.0,0,7.0,0.0,inf,3,50.0,1,0
705,3,5,2,2,26,4.0,40.0,0,10.0,0.0,inf,4,15.38,5,0
705,3,6,2,2,38,6.0,46.0,1,7.67,46.0,36.0,13,34.21,2,2
705,3,9,1,1,13,2.0,16.0,0,8.0,0.0,inf,1,7.69,1,0
705,3,11,1,1,12,2.0,17.0,0,8.5,0.0,inf,4,33.33,1,1
705,3,13,2,2,24,4.0,27.0,1,6.75,27.0,24.0,7,29.17,2,1
714,3,2,1,1,24,4.0,35.0,0,8.75,0.0,inf,2,8.33,3,1
714,3,5,1,1,25,4.0,35.0,1,8.75,35.0,24.0,6,24.0,1,2
714,3,6,1,1,24,4.0,18.0,0,4.5,0.0,inf,10,41.67,1,0
714,3,9,2,2,36,6.0,42.0,1,7.0,42.0,36.0,14,38.89,5,1
714,3,13,2,2,51,8.0,47.0,4,5.88,11.75,12.0,19,37.25,1,1
714,3,16,2,2,36,6.0,51.0,3,8.5,17.0,11.67,10,27.78,6,1
714,3,17,1,1,22,3.0,32.0,2,10.67,16.0,11.0,8,36.36,4,1
718,3,2,2,2,32,5.0,37.0,2,7.4,18.5,15.0,13,40.62,3,1
718,3,5,1,1,25,4.0,47.0,1,11.75,47.0,24.0,7,28.0,3,3
718,3,9,1,1,14,2.0,9.0,2,4.5,4.5,7.0,8,57.14,1,0
718,3,13,1,1,25,4.0,29.0,1,7.25,29.0,24.0,7,28.0,3,0
718,3,16,1,1,25,4.0,36.0,0,9.0,0.0,inf,8,32.0,3,2
718,3,17,1,1,26,4.0,49.0,1,12.25,49.0,24.0,7,26.92,5,3
722,3,5,1,1,6,1.0,7.0,0,7.0,0.0,inf,1,16.67,0,0
728,3,5,1,1,21,3.0,34.0,1,11.33,34.0,18.0,6,28.57,4,1
728,3,13,1,1,26,4.0,36.0,2,9.0,18.0,12.0,7,26.92,4,1
728,3,16,1,1,26,4.0,42.0,2,10.5,21.0,12.0,7,26.92,3,2
735,3,6,2,2,37,6.0,49.0,2,8.17,24.5,18.5,14,37.84,0,5
735,3,13,1,1,6,1.0,7.0,1,7.0,7.0,6.0,2,33.33,1,0
735,3,16,1,1,6,1.0,14.0,0,14.0,0.0,inf,2,33.33,0,2
739,3,2,1,1,20,3.0,39.0,1,13.0,39.0,18.0,2,10.0,2,3
756,3,6,1,1,12,2.0,31.0,0,15.5,0.0,inf,3,25.0,4,2
756,3,9,2,2,50,8.0,58.0,2,7.25,29.0,24.0,12,24.0,4,1
756,3,13,1,1,12,2.0,19.0,0,9.5,0.0,inf,3,25.0,2,1
756,3,17,1,1,24,4.0,24.0,1,6.0,24.0,24.0,5,20.83,1,0
757,3,9,1,1,6,1.0,9.0,0,9.0,0.0,inf,0,0.0,1,0
764,3,5,1,1,6,1.0,10.0,0,10.0,0.0,inf,3,50.0,0,1
764,3,9,1,1,14,2.0,13.0,2,6.5,6.5,6.0,7,50.0,2,0
764,3,17,1,1,18,3.0,30.0,1,10.0,30.0,18.0,8,44.44,5,1
768,3,2,1,1,26,4.0,25.0,2,6.25,12.5,12.0,7,26.92,2,0
768,3,5,2,2,49,8.0,49.0,3,6.12,16.33,16.0,18,36.73,1,2
768,3,9,2,2,52,8.0,63.0,2,7.88,31.5,24.0,19,36.54,5,2
768,3,11,2,2,50,8.0,86.0,1,10.75,86.0,48.0,15,30.0,3,8
768,3,13,1,2,28,4.0,26.0,4,6.5,6.5,7.0,17,60.71,3,1
768,3,16,2,2,52,8.0,44.0,1,5.5,44.0,48.0,25,48.08,3,1
768,3,17,2,2,49,8.0,46.0,3,5.75,15.33,16.0,22,44.9,5,1
776,3,5,1,1,18,3.0,16.0,2,5.33,8.0,7.5,7,38.89,1,0
776,3,11,1,1,25,4.0,28.0,2,7.0,14.0,12.0,11,44.0,5,0
776,3,16,1,1,26,4.0,27.0,0,6.75,0.0,inf,10,38.46,1,1
776,3,17,1,1,25,4.0,30.0,1,7.5,30.0,24.0,10,40.0,2,2
1,4,11,1,1,6,1.0,7.0,0,7.0,0.0,inf,3,50.0,1,0
4,4,2,1,1,12,2.0,11.0,0,5.5,0.0,inf,6,50.0,0,1
4,4,4,1,1,19,3.0,21.0,0,7.0,0.0,inf,6,31.58,2,0
4,4,5,1,1,25,4.0,18.0,2,4.5,9.0,12.0,14,56.0,2,0
4,4,6,2,2,24,4.0,43.0,2,10.75,21.5,12.0,6,25.0,6,1
4,4,7,1,1,12,2.0,18.0,0,9.0,0.0,inf,3,25.0,3,0
4,4,11,1,1,26,4.0,31.0,0,7.75,0.0,inf,8,30.77,3,0
4,4,16,1,1,13,2.0,12.0,1,6.0,12.0,12.0,3,23.08,0,0
4,4,17,1,1,19,3.0,16.0,2,5.33,8.0,9.0,8,42.11,1,0
6,4,2,2,2,39,6.0,43.0,1,7.17,43.0,36.0,13,33.33,1,2
6,4,5,1,1,25,4.0,29.0,0,7.25,0.0,inf,7,28.0,3,0
6,4,6,2,2,31,5.0,40.0,2,8.0,20.0,15.0,11,35.48,1,3
6,4,7,1,1,25,4.0,28.0,1,7.0,28.0,24.0,8,32.0,1,1
6,4,9,2,2,31,5.0,32.0,2,6.4,16.0,15.0,12,38.71,2,1
6,4,11,2,2,25,4.0,29.0,1,7.25,29.0,24.0,11,44.0,3,1
6,4,13,1,1,18,3.0,27.0,0,9.0,0.0,inf,4,22.22,0,2
6,4,16,1,1,18,3.0,25.0,0,8.33,0.0,inf,5,27.78,1,1
6,4,17,2,2,49,8.0,52.0,1,6.5,52.0,48.0,19,38.78,5,1
11,4,2,1,1,24,4.0,29.0,2,7.25,14.5,12.0,14,58.33,3,2
11,4,9,1,1,24,4.0,21.0,0,5.25,0.0,inf,9,37.5,1,0
11,4,11,1,1,22,3.0,20.0,2,6.67,10.0,10.5,11,50.0,3,0
11,4,13,1,1,13,2.0,23.0,0,11.5,0.0,inf,4,30.77,3,1
11,4,17,1,1,14,2.0,44.0,0,22.0,0.0,inf,3,21.43,4,4
13,4,2,1,1,20,3.0,38.0,0,12.67,0.0,inf,4,20.0,3,2
13,4,4,1,1,12,2.0,10.0,0,5.0,0.0,inf,8,66.67,2,0
13,4,5,2,2,31,5.0,31.0,1,6.2,31.0,30.0,10,32.26,4,0
13,4,13,2,2,33,5.0,34.0,3,6.8,11.33,10.0,17,51.52,6,0
13,4,16,1,1,6,1.0,8.0,0,8.0,0.0,inf,4,66.67,2,0
19,4,2,2,2,51,8.0,85.0,2,10.62,42.5,24.0,18,35.29,5,6
19,4,4,1,1,26,4.0,34.0,1,8.5,34.0,24.0,8,30.77,4,0
19,4,5,1,1,13,2.0,17.0,1,8.5,17.0,12.0,4,30.77,2,0
19,4,7,1,1,20,3.0,20.0,2,6.67,10.0,9.0,12,60.0,4,0
19,4,17,1,1,18,3.0,30.0,2,10.0,15.0,9.0,7,38.89,6,0
22,4,11,1,1,6,1.0,18.0,0,18.0,0.0,inf,3,50.0,0,3
25,4,6,1,1,13,2.0,19.0,0,9.5,0.0,inf,4,30.77,2,1
25,4,7,1,1,18,3.0,13.0,2,4.33,6.5,9.0,8,44.44,2,0
25,4,9,1,1,24,4.0,32.0,2,8.0,16.0,12.0,12,50.0,5,1
25,4,13,1,1,18,3.0,22.0,0,7.33,0.0,inf,3,16.67,3,0
25,4,16,1,1,25,4.0,27.0,0,6.75,0.0,inf,8,32.0,1,1
25,4,17,1,1,30,5.0,56.0,1,11.2,56.0,24.0,5,16.67,3,3
58,4,2,1,1,24,4.0,24.0,1,6.0,24.0,24.0,13,54.17,2,1
58,4,4,1,1,25,4.0,25.0,2,6.25,12.5,12.0,12,48.0,3,0
58,4,6,1,1,6,1.0,11.0,0,11.0,0.0,inf,1,16.67,2,0
58,4,16,1,1,26,4.0,36.0,2,9.0,18.0,12.0,8,30.77,2,2
58,4,17,2,2,30,5.0,54.0,1,10.8,54.0,30.0,6,20.0,4,3
74,4,4,1,1,25,4.0,23.0,0,5.75,0.0,inf,9,36.0,2,0
74,4,5,2,2,51,8.0,44.0,3,5.5,14.67,16.0,22,43.14,2,2
74,4,6,2,2,49,8.0,74.0,0,9.25,0.0,inf,10,20.41,7,1
74,4,7,1,1,26,4.0,19.0,1,4.75,19.0,24.0,9,34.62,0,0
74,4,9,2,2,37,6.0,38.0,0,6.33,0.0,inf,14,37.84,4,0
74,4,13,1,1,24,4.0,24.0,2,6.0,12.0,12.0,10,41.67,3,0
74,4,17,1,1,14,2.0,19.0,0,9.5,0.0,inf,4,28.57,3,0
83,4,6,1,1,25,4.0,49.0,2,12.25,24.5,12.0,5,20.0,7,1
83,4,13,1,1,24,4.0,50.0,0,12.5,0.0,inf,10,41.67,6,4
83,4,16,1,1,27,4.0,30.0,1,7.5,30.0,24.0,14,51.85,4,1
86,4,6,1,1,25,4.0,20.0,1,5.0,20.0,24.0,11,44.0,2,0
86,4,13,2,2,52,8.0,62.0,1,7.75,62.0,48.0,20,38.46,8,1
90,4,4,1,1,6,1.0,11.0,0,11.0,0.0,inf,0,0.0,1,0
90,4,6,1,1,6,1.0,13.0,0,13.0,0.0,inf,0,0.0,2,0
90,4,11,1,1,7,1.0,5.0,0,5.0,0.0,inf,3,42.86,0,0
90,4,16,1,1,12,2.0,12.0,0,6.0,0.0,inf,4,33.33,1,0
97,4,2,1,1,12,2.0,17.0,0,8.5,0.0,inf,2,16.67,2,0
97,4,5,1,1,24,4.0,25.0,2,6.25,12.5,12.0,9,37.5,1,1
97,4,6,1,1,18,3.0,39.0,1,13.0,39.0,18.0,3,16.67,1,3
97,4,7,1,1,13,2.0,26.0,1,13.0,26.0,12.0,3,23.08,2,2
97,4,9,1,1,24,4.0,20.0,1,5.0,20.0,24.0,12,50.0,1,1
105,4,4,2,2,43,7.0,35.0,4,5.0,8.75,10.25,17,39.53,1,1
105,4,5,1,1,24,4.0,16.0,0,4.0,0.0,inf,14,58.33,0,1
105,4,11,1,1,24,4.0,41.0,1,10.25,41.0,24.0,5,20.83,5,1
111,4,2,2,2,31,5.0,37.0,4,7.4,9.25,7.5,15,48.39,3,2
111,4,4,1,1,6,1.0,12.0,0,12.0,0.0,inf,1,16.67,0,1
111,4,5,2,2,30,5.0,27.0,2,5.4,13.5,15.0,10,33.33,2,0
111,4,6,2,2,18,3.0,24.0,0,8.0,0.0,inf,4,22.22,0,2
111,4,9,1,1,12,2.0,12.0,0,6.0,0.0,inf,7,58.33,2,0
111,4,11,1,1,6,1.0,9.0,0,9.0,0.0,inf,2,33.33,1,0
111,4,13,1,1,12,2.0,17.0,0,8.5,0.0,inf,2,16.67,0,1
111,4,16,2,2,48,8.0,44.0,3,5.5,14.67,16.0,17,35.42,1,1
111,4,17,1,1,12,2.0,10.0,0,5.0,0.0,inf,3,25.0,0,0
117,4,4,1,1,7,1.0,13.0,0,13.0,0.0,inf,1,14.29,0,1
117,4,6,1,1,18,3.0,29.0,0,9.67,0.0,inf,7,38.89,1,3
122,4,5,1,1,22,3.0,27.0,3,9.0,9.0,6.0,7,31.82,2,1
122,4,13,1,1,13,2.0,23.0,0,11.5,0.0,inf,8,61.54,1,3
124,4,2,1,1,7,1.0,6.0,1,6.0,6.0,6.0,4,57.14,1,0
129,4,2,1,1,26,4.0,27.0,1,6.75,27.0,24.0,12,46.15,3,1
129,4,4,2,2,48,8.0,54.0,2,6.75,27.0,24.0,14,29.17,4,1
129,4,5,2,2,50,8.0,68.0,1,8.5,68.0,48.0,21,42.0,8,3
129,4,6,4,4,100,16.0,113.0,5,7.06,22.6,19.2,46,46.0,9,5
129,4,7,1,1,25,4.0,33.0,1,8.25,33.0,24.0,7,28.0,2,1
129,4,9,2,2,47,7.0,70.0,1,10.0,70.0,42.0,15,31.91,9,0
129,4,11,1,1,25,4.0,23.0,0,5.75,0.0,inf,10,40.0,3,0
129,4,13,1,1,27,4.0,35.0,0,8.75,0.0,inf,7,25.93,5,0
129,4,16,1,1,25,4.0,32.0,3,8.0,10.67,8.0,9,36.0,5,0
134,4,5,1,1,12,2.0,7.0,0,3.5,0.0,inf,7,58.33,1,0
134,4,7,1,1,25,4.0,42.0,2,10.5,21.0,12.0,10,40.0,4,3
134,4,11,1,1,23,3.0,34.0,1,11.33,34.0,21.0,9,39.13,5,1
134,4,16,1,1,24,4.0,33.0,1,8.25,33.0,24.0,8,33.33,5,0
134,4,17,1,1,23,3.0,36.0,1,12.0,36.0,21.0,7,30.43,4,1
137,4,2,1,1,24,4.0,19.0,2,4.75,9.5,12.0,12,50.0,1,1
137,4,4,2,2,48,8.0,47.0,3,5.88,15.67,16.0,19,39.58,2,2
137,4,5,1,1,25,4.0,26.0,0,6.5,0.0,inf,8,32.0,1,1
137,4,7,2,2,48,8.0,48.0,3,6.0,16.0,16.0,23,47.92,0,4
137,4,9,2,2,44,7.0,38.0,3,5.43,12.67,14.0,23,52.27,3,0
137,4,11,2,2,49,8.0,60.0,3,7.5,20.0,16.0,17,34.69,9,0
137,4,13,1,1,25,4.0,37.0,0,9.25,0.0,inf,5,20.0,5,0
137,4,16,1,1,24,4.0,23.0,0,5.75,0.0,inf,8,33.33,0,1
137,4,17,4,4,98,16.0,90.0,6,5.62,15.0,16.0,42,42.86,8,2
147,4,2,1,1,13,2.0,22.0,0,11.0,0.0,inf,4,30.77,2,1
149,4,13,1,1,25,4.0,40.0,2,10.0,20.0,12.0,7,28.0,5,1
149,4,16,1,1,25,4.0,26.0,1,6.5,26.0,24.0,10,40.0,3,0
151,4,4,1,1,12,2.0,14.0,1,7.0,14.0,12.0,4,33.33,2,0
151,4,5,1,1,12,2.0,15.0,0,7.5,0.0,inf,1,8.33,1,0
151,4,6,3,3,38,6.0,50.0,1,8.33,50.0,36.0,9,23.68,6,0
151,4,9,2,2,12,2.0,23.0,0,11.5,0.0,inf,0,0.0,2,1
151,4,11,1,1,18,3.0,17.0,0,5.67,0.0,inf,6,33.33,1,0
151,4,13,2,2,14,2.0,20.0,0,10.0,0.0,inf,3,21.43,1,1
155,4,13,1,1,7,1.0,9.0,0,9.0,0.0,inf,2,28.57,1,0
155,4,17,1,1,6,1.0,14.0,0,14.0,0.0,inf,2,33.33,0,2
161,4,6,1,1,18,3.0,31.0,2,10.33,15.5,9.0,5,27.78,2,2
161,4,16,1,1,18,3.0,34.0,1,11.33,34.0,18.0,3,16.67,1,3
166,4,4,1,1,8,1.0,15.0,1,15.0,15.0,8.0,4,50.0,2,1
166,4,6,1,1,12,2.0,24.0,0,12.0,0.0,inf,4,33.33,2,2
166,4,9,1,1,12,2.0,23.0,0,11.5,0.0,inf,2,16.67,1,2
174,4,4,1,1,18,3.0,19.0,1,6.33,19.0,18.0,8,44.44,3,0
174,4,13,1,1,13,2.0,35.0,0,17.5,0.0,inf,2,15.38,5,2
174,4,17,1,1,24,4.0,31.0,3,7.75,10.33,8.0,7,29.17,2,1
176,4,5,1,1,21,3.0,31.0,1,10.33,31.0,18.0,8,38.1,4,1
176,4,7,1,1,24,4.0,23.0,0,5.75,0.0,inf,11,45.83,1,1
176,4,9,2,2,38,6.0,47.0,1,7.83,47.0,36.0,11,28.95,3,2
176,4,11,1,1,24,4.0,32.0,1,8.0,32.0,24.0,9,37.5,5,0
176,4,13,1,1,24,4.0,32.0,1,8.0,32.0,24.0,6,25.0,4,0
176,4,16,1,1,25,4.0,34.0,0,8.5,0.0,inf,9,36.0,2,1
176,4,17,1,1,24,4.0,24.0,2,6.0,12.0,12.0,6,25.0,1,0
207,4,2,1,1,20,3.0,34.0,1,11.33,34.0,20.0,6,30.0,4,1
207,4,4,1,1,12,2.0,8.0,1,4.0,8.0,12.0,5,41.67,0,0
207,4,5,2,2,18,3.0,26.0,0,8.67,0.0,inf,1,5.56,1,1
207,4,6,1,1,13,2.0,21.0,1,10.5,21.0,12.0,3,23.08,2,1
207,4,13,1,1,19,3.0,9.0,1,3.0,9.0,18.0,11,57.89,0,0
207,4,17,1,1,12,2.0,20.0,0,10.0,0.0,inf,3,25.0,2,1
209,4,7,1,1,6,1.0,14.0,0,14.0,0.0,inf,3,50.0,0,2
209,4,16,1,1,6,1.0,12.0,0,12.0,0.0,inf,0,0.0,2,0
210,4,2,2,2,51,8.0,34.0,3,4.25,11.33,16.0,26,50.98,4,0
210,4,6,1,1,18,3.0,23.0,1,7.67,23.0,18.0,8,44.44,1,2
210,4,7,1,1,22,3.0,21.0,0,7.0,0.0,inf,8,36.36,2,0
210,4,9,1,1,19,3.0,24.0,0,8.0,0.0,inf,7,36.84,2,1
210,4,11,1,1,24,4.0,16.0,2,4.0,8.0,12.0,16,66.67,1,1
210,4,13,1,1,24,4.0,38.0,0,9.5,0.0,inf,7,29.17,5,1
210,4,16,1,1,27,4.0,22.0,0,5.5,0.0,inf,16,59.26,4,0
210,4,17,1,1,21,3.0,28.0,1,9.33,28.0,18.0,6,28.57,2,1
212,4,4,2,2,52,8.0,65.0,2,8.12,32.5,24.0,21,40.38,9,0
212,4,5,2,2,45,7.0,37.0,1,5.29,37.0,41.0,23,51.11,5,0
212,4,6,1,1,25,4.0,40.0,1,10.0,40.0,24.0,5,20.0,2,2
212,4,7,1,1,19,3.0,28.0,0,9.33,0.0,inf,7,36.84,1,2
212,4,9,1,1,24,4.0,16.0,1,4.0,16.0,24.0,11,45.83,1,0
212,4,11,1,1,19,3.0,32.0,1,10.67,32.0,18.0,8,42.11,2,3
212,4,13,2,2,43,7.0,54.0,4,7.71,13.5,10.5,24,55.81,8,2
212,4,16,2,2,43,7.0,46.0,1,6.57,46.0,42.0,18,41.86,7,0
212,4,17,1,1,18,3.0,26.0,0,8.67,0.0,inf,7,38.89,4,1
221,4,5,1,1,13,2.0,13.0,0,6.5,0.0,inf,5,38.46,1,0
223,4,2,1,1,18,3.0,36.0,1,12.0,36.0,18.0,7,38.89,4,2
223,4,4,1,1,12,2.0,17.0,0,8.5,0.0,inf,8,66.67,1,2
223,4,5,1,1,24,4.0,19.0,1,4.75,19.0,24.0,15,62.5,3,0
223,4,7,1,1,26,4.0,29.0,3,7.25,9.67,8.0,11,42.31,3,0
223,4,9,2,2,32,5.0,46.0,0,9.2,0.0,inf,7,21.88,7,0
223,4,11,2,2,43,7.0,45.0,3,6.43,15.0,14.0,17,39.53,5,0
223,4,13,1,1,18,3.0,38.0,1,12.67,38.0,18.0,2,11.11,5,1
223,4,16,1,1,26,4.0,38.0,3,9.5,12.67,8.0,8,30.77,5,1
223,4,17,4,4,81,13.0,114.0,3,8.77,38.0,26.0,27,33.33,9,5
230,4,2,1,1,25,4.0,16.0,0,4.0,0.0,inf,11,44.0,1,0
230,4,4,1,1,26,4.0,26.0,0,6.5,0.0,inf,8,30.77,2,0
230,4,5,1,1,12,2.0,22.0,0,11.0,0.0,inf,1,8.33,0,2
230,4,7,2,2,30,5.0,27.0,0,5.4,0.0,inf,12,40.0,3,0
230,4,9,1,1,6,1.0,3.0,1,3.0,3.0,6.0,3,50.0,0,0
230,4,11,1,1,3,0.0,0.0,2,,0.0,1.5,3,100.0,0,0
230,4,13,1,1,6,1.0,12.0,0,12.0,0.0,inf,2,33.33,1,1
230,4,17,4,4,65,10.0,95.0,1,9.5,95.0,60.0,22,33.85,8,5
234,4,2,2,2,48,8.0,81.0,2,10.12,40.5,24.0,8,16.67,7,3
234,4,4,1,1,24,4.0,12.0,1,3.0,12.0,24.0,11,45.83,0,0
234,4,5,2,2,48,8.0,32.0,3,4.0,10.67,16.0,24,50.0,2,0
234,4,6,1,1,18,3.0,34.0,0,11.33,0.0,inf,6,33.33,4,2
234,4,7,2,2,46,7.0,52.0,3,7.43,17.33,14.67,20,43.48,3,3
234,4,9,2,2,43,7.0,41.0,3,5.86,13.67,14.0,17,39.53,3,1
234,4,11,1,1,24,4.0,28.0,0,7.0,0.0,inf,9,37.5,2,1
234,4,13,2,2,48,8.0,37.0,6,4.62,6.17,8.0,28,58.33,2,2
234,4,17,1,1,25,4.0,41.0,1,10.25,41.0,24.0,7,28.0,3,2
240,4,5,1,1,25,4.0,38.0,0,9.5,0.0,inf,7,28.0,3,2
240,4,6,1,1,25,4.0,32.0,1,8.0,32.0,24.0,6,24.0,4,0
240,4,11,1,1,12,2.0,11.0,0,5.5,0.0,inf,4,33.33,1,0
240,4,16,1,1,24,4.0,30.0,1,7.5,30.0,24.0,7,29.17,4,0
246,4,13,1,1,6,1.0,13.0,0,13.0,0.0,inf,1,16.67,1,1
250,4,2,1,1,24,4.0,36.0,0,9.0,0.0,inf,9,37.5,1,3
250,4,4,1,1,25,4.0,19.0,1,4.75,19.0,24.0,10,40.0,1,0
250,4,5,2,2,37,6.0,30.0,3,5.0,10.0,12.0,14,37.84,2,0
250,4,6,2,2,49,8.0,45.0,2,5.62,22.5,24.0,21,42.86,1,1
250,4,7,1,1,24,4.0,23.0,1,5.75,23.0,24.0,12,50.0,3,0
250,4,9,1,1,12,2.0,13.0,0,6.5,0.0,inf,2,16.67,1,0
250,4,16,1,1,24,4.0,31.0,0,7.75,0.0,inf,6,25.0,2,1
250,4,17,1,1,24,4.0,42.0,0,10.5,0.0,inf,7,29.17,7,1
251,4,2,2,2,48,8.0,52.0,4,6.5,13.0,12.0,20,41.67,6,1
251,4,4,1,1,26,4.0,30.0,1,7.5,30.0,24.0,10,38.46,0,2
251,4,5,1,1,24,4.0,37.0,2,9.25,18.5,12.0,6,25.0,4,1
251,4,6,1,1,18,3.0,33.0,1,11.0,33.0,18.0,5,27.78,4,1
251,4,7,1,1,6,1.0,12.0,0,12.0,0.0,inf,3,50.0,1,1
251,4,9,1,1,22,3.0,29.0,0,9.67,0.0,inf,7,31.82,2,1
251,4,11,1,1,24,4.0,24.0,1,6.0,24.0,24.0,11,45.83,1,1
251,4,16,2,2,37,6.0,65.0,1,10.83,65.0,36.0,5,13.51,5,3
251,4,17,2,2,48,8.0,54.0,6,6.75,9.0,8.0,26,54.17,4,4
254,4,2,1,1,12,2.0,20.0,1,10.0,20.0,12.0,5,41.67,1,2
254,4,5,1,1,6,1.0,12.0,0,12.0,0.0,inf,2,33.33,1,1
254,4,6,1,1,18,3.0,24.0,0,8.0,0.0,inf,4,22.22,2,0
254,4,9,1,1,24,4.0,29.0,1,7.25,29.0,24.0,8,33.33,0,2
254,4,17,1,1,12,2.0,27.0,0,13.5,0.0,inf,3,25.0,4,1
257,4,2,1,1,7,1.0,11.0,0,11.0,0.0,inf,1,14.29,0,1
257,4,13,1,1,6,1.0,11.0,0,11.0,0.0,inf,0,0.0,1,0
259,4,2,1,1,25,4.0,27.0,1,6.75,27.0,24.0,10,40.0,3,0
259,4,7,1,1,25,4.0,20.0,0,5.0,0.0,inf,12,48.0,2,0
259,4,9,1,1,26,4.0,32.0,1,8.0,32.0,24.0,9,34.62,5,0
259,4,11,1,1,12,2.0,19.0,0,9.5,0.0,inf,3,25.0,1,1
259,4,13,1,1,13,2.0,25.0,0,12.5,0.0,inf,3,23.08,2,2
259,4,16,1,1,25,4.0,26.0,3,6.5,8.67,8.0,5,20.0,1,0
262,4,5,2,2,30,5.0,32.0,2,6.4,16.0,15.0,11,36.67,4,0
262,4,6,2,2,20,3.0,30.0,0,10.0,0.0,inf,4,20.0,4,0
262,4,7,1,1,6,1.0,10.0,0,10.0,0.0,inf,2,33.33,2,0
262,4,9,1,1,13,2.0,18.0,0,9.0,0.0,inf,5,38.46,1,1
262,4,13,1,1,6,1.0,7.0,0,7.0,0.0,inf,2,33.33,1,0
262,4,16,1,1,6,1.0,8.0,0,8.0,0.0,inf,1,16.67,1,0
262,4,17,1,1,12,2.0,16.0,0,8.0,0.0,inf,5,41.67,1,1
293,4,2,2,2,45,7.0,38.0,4,5.43,9.5,10.5,23,51.11,3,1
293,4,4,1,1,24,4.0,33.0,0,8.25,0.0,inf,6,25.0,2,1
293,4,6,1,1,25,4.0,18.0,5,4.5,3.6,4.8,10,40.0,1,0
293,4,7,1,1,18,3.0,17.0,1,5.67,17.0,18.0,10,55.56,1,1
293,4,9,2,2,44,7.0,52.0,1,7.43,52.0,42.0,14,31.82,5,1
293,4,11,2,2,31,5.0,47.0,0,9.4,0.0,inf,13,41.94,3,3
293,4,13,2,2,42,7.0,45.0,2,6.43,22.5,21.0,18,42.86,6,0
293,4,16,2,2,48,8.0,53.0,1,6.62,53.0,48.0,17,35.42,5,1
293,4,17,2,2,51,8.0,67.0,0,8.38,0.0,inf,16,31.37,6,3
294,4,5,1,1,20,3.0,34.0,0,11.33,0.0,inf,5,25.0,3,2
297,4,2,1,1,13,2.0,11.0,1,5.5,11.0,13.0,3,23.08,0,0
297,4,6,1,1,6,1.0,7.0,0,7.0,0.0,inf,0,0.0,1,0
297,4,13,1,1,24,4.0,26.0,2,6.5,13.0,12.0,8,33.33,3,0
297,4,16,2,2,43,7.0,55.0,4,7.86,13.75,10.5,14,32.56,7,1
303,4,2,1,1,12,2.0,9.0,1,4.5,9.0,12.0,7,58.33,0,1
313,4,7,1,1,19,3.0,26.0,1,8.67,26.0,18.0,7,36.84,4,0
314,4,13,1,1,6,1.0,25.0,0,25.0,0.0,inf,0,0.0,1,3
317,4,2,1,1,12,2.0,22.0,1,11.0,22.0,12.0,1,8.33,2,1
317,4,6,1,1,12,2.0,24.0,0,12.0,0.0,inf,1,8.33,2,1
317,4,7,1,1,21,3.0,27.0,1,9.0,27.0,19.0,8,38.1,3,1
317,4,11,1,1,6,1.0,3.0,0,3.0,0.0,inf,3,50.0,0,0
317,4,16,1,1,6,1.0,10.0,0,10.0,0.0,inf,0,0.0,1,0
317,4,17,1,1,6,1.0,9.0,0,9.0,0.0,inf,2,33.33,0,1
321,4,2,2,2,50,8.0,64.0,1,8.0,64.0,48.0,23,46.0,6,3
321,4,4,1,1,26,4.0,42.0,1,10.5,42.0,24.0,6,23.08,3,2
321,4,5,2,2,36,6.0,46.0,3,7.67,15.33,12.0,12,33.33,7,0
321,4,6,1,1,24,4.0,25.0,1,6.25,25.0,24.0,13,54.17,3,0
321,4,7,1,1,27,4.0,26.0,1,6.5,26.0,24.0,13,48.15,3,0
321,4,9,1,1,13,2.0,13.0,0,6.5,0.0,inf,6,46.15,1,0
321,4,11,1,1,25,4.0,34.0,1,8.5,34.0,24.0,7,28.0,5,0
321,4,16,2,2,48,8.0,66.0,2,8.25,33.0,24.0,12,25.0,9,0
321,4,17,2,2,46,7.0,66.0,6,9.43,11.0,7.0,19,41.3,7,4
326,4,4,1,1,26,4.0,30.0,0,7.5,0.0,inf,10,38.46,0,2
326,4,5,1,1,25,4.0,29.0,0,7.25,0.0,inf,6,24.0,1,1
326,4,6,2,2,48,8.0,56.0,1,7.0,56.0,48.0,17,35.42,4,2
326,4,11,1,1,25,4.0,41.0,0,10.25,0.0,inf,4,16.0,3,2
326,4,13,1,1,6,1.0,10.0,0,10.0,0.0,inf,3,50.0,2,0
333,4,4,1,1,14,2.0,19.0,0,9.5,0.0,inf,3,21.43,1,0
333,4,5,1,1,21,3.0,30.0,0,10.0,0.0,inf,4,19.05,4,0
340,4,17,1,1,12,2.0,23.0,0,11.5,0.0,inf,3,25.0,3,1
343,4,2,2,2,30,5.0,33.0,1,6.6,33.0,30.0,9,30.0,1,1
343,4,4,1,1,24,4.0,18.0,1,4.5,18.0,24.0,13,54.17,1,1
343,4,5,2,2,42,7.0,21.0,3,3.0,7.0,14.0,25,59.52,1,0
343,4,6,2,2,49,8.0,54.0,1,6.75,54.0,48.0,13,26.53,4,0
343,4,9,1,1,24,4.0,29.0,0,7.25,0.0,inf,11,45.83,5,0
343,4,11,1,1,24,4.0,13.0,3,3.25,4.33,8.0,17,70.83,0,1
343,4,13,2,2,36,6.0,29.0,2,4.83,14.5,18.0,17,47.22,3,0
343,4,16,2,2,49,8.0,49.0,3,6.12,16.33,16.0,15,30.61,1,2
343,4,17,1,1,24,4.0,27.0,2,6.75,13.5,12.0,8,33.33,2,1
345,4,2,1,1,25,4.0,27.0,2,6.75,13.5,12.0,13,52.0,3,0
345,4,6,1,1,19,3.0,26.0,1,8.67,26.0,18.0,4,21.05,3,0
352,4,17,1,1,18,3.0,39.0,0,13.0,0.0,inf,3,16.67,6,1
353,4,2,1,1,25,4.0,25.0,1,6.25,25.0,24.0,8,32.0,1,1
353,4,4,2,2,48,8.0,41.0,3,5.12,13.67,16.0,21,43.75,4,0
353,4,5,2,2,48,8.0,37.0,3,4.62,12.33,16.0,20,41.67,2,0
353,4,6,4,4,94,15.0,114.0,2,7.6,57.0,47.0,34,36.17,10,4
353,4,7,1,1,24,4.0,23.0,1,5.75,23.0,24.0,9,37.5,1,1
353,4,9,1,1,25,4.0,28.0,1,7.0,28.0,24.0,10,40.0,2,1
353,4,13,1,1,24,4.0,14.0,1,3.5,14.0,24.0,10,41.67,0,0
353,4,16,1,1,24,4.0,29.0,0,7.25,0.0,inf,7,29.17,3,0
357,4,2,1,1,24,4.0,38.0,1,9.5,38.0,24.0,7,29.17,4,1
357,4,4,2,2,45,7.0,56.0,2,8.0,28.0,21.0,13,28.89,6,1
357,4,5,1,1,26,4.0,30.0,2,7.5,15.0,12.0,12,46.15,3,1
357,4,7,2,2,50,8.0,41.0,5,5.12,8.2,9.6,22,44.0,2,1
357,4,9,1,1,6,1.0,6.0,0,6.0,0.0,inf,3,50.0,1,0
357,4,11,2,2,50,8.0,50.0,3,6.25,16.67,16.0,21,42.0,4,0
357,4,16,1,1,24,4.0,26.0,2,6.5,13.0,12.0,10,41.67,2,1
357,4,17,3,3,69,11.0,82.0,2,7.45,41.0,33.0,26,37.68,9,2
368,4,2,1,1,25,4.0,18.0,1,4.5,18.0,24.0,16,64.0,3,0
368,4,4,1,1,25,4.0,26.0,1,6.5,26.0,24.0,9,36.0,3,0
368,4,5,2,2,37,6.0,34.0,3,5.67,11.33,12.0,20,54.05,3,1
368,4,6,1,1,24,4.0,40.0,1,10.0,40.0,24.0,5,20.83,5,1
368,4,7,1,1,18,3.0,29.0,0,9.67,0.0,inf,4,22.22,5,0
368,4,9,2,2,22,3.0,33.0,0,11.0,0.0,inf,10,45.45,6,0
368,4,16,1,1,24,4.0,35.0,3,8.75,11.67,8.0,11,45.83,4,2
381,4,2,1,1,25,4.0,25.0,3,6.25,8.33,8.0,9,36.0,1,1
381,4,4,2,2,36,6.0,39.0,0,6.5,0.0,inf,12,33.33,5,0
381,4,5,2,2,42,7.0,49.0,1,7.0,49.0,42.0,19,45.24,7,1
381,4,6,2,2,49,8.0,41.0,2,5.12,20.5,24.0,20,40.82,4,0
381,4,7,1,1,19,3.0,12.0,1,4.0,12.0,18.0,11,57.89,0,1
381,4,11,2,2,31,5.0,32.0,1,6.4,32.0,30.0,13,41.94,1,2
381,4,13,1,1,24,4.0,19.0,2,4.75,9.5,12.0,14,58.33,3,0
381,4,16,2,2,48,8.0,58.0,5,7.25,11.6,9.6,18,37.5,5,1
381,4,17,2,2,31,5.0,30.0,1,6.0,30.0,30.0,15,48.39,4,0
383,4,2,1,1,26,4.0,16.0,2,4.0,8.0,12.0,16,61.54,2,0
383,4,4,1,1,19,3.0,12.0,5,4.0,2.4,3.6,12,63.16,2,0
383,4,5,2,2,50,8.0,69.0,3,8.62,23.0,16.0,16,32.0,10,1
383,4,6,1,1,25,4.0,41.0,0,10.25,0.0,inf,9,36.0,3,3
383,4,7,2,2,36,6.0,44.0,0,7.33,0.0,inf,17,47.22,7,0
383,4,9,2,2,43,7.0,64.0,0,9.14,0.0,inf,14,32.56,9,1
383,4,11,1,1,26,4.0,24.0,0,6.0,0.0,inf,11,42.31,2,1
383,4,13,1,1,26,4.0,23.0,0,5.75,0.0,inf,12,46.15,1,1
383,4,17,1,1,24,4.0,21.0,1,5.25,21.0,24.0,14,58.33,3,0
386,4,2,2,2,46,7.0,31.0,7,4.43,4.43,6.0,28,60.87,4,0
386,4,4,1,1,27,4.0,42.0,2,10.5,21.0,12.0,11,40.74,9,0
386,4,6,1,1,27,4.0,20.0,2,5.0,10.0,12.0,12,44.44,1,0
386,4,7,2,2,53,8.0,53.0,5,6.62,10.6,9.6,25,47.17,5,1
386,4,9,2,2,50,8.0,42.0,1,5.25,42.0,48.0,19,38.0,2,1
386,4,11,2,2,48,8.0,62.0,1,7.75,62.0,48.0,24,50.0,7,3
386,4,13,2,2,49,8.0,43.0,4,5.38,10.75,12.0,19,38.78,4,0
386,4,16,2,2,48,8.0,26.0,4,3.25,6.5,12.0,25,52.08,1,0
386,4,17,2,2,49,8.0,56.0,2,7.0,28.0,24.0,20,40.82,6,1
393,4,9,1,1,18,3.0,10.0,2,3.33,5.0,9.0,9,50.0,1,0
393,4,11,1,1,25,4.0,26.0,1,6.5,26.0,24.0,11,44.0,2,1
393,4,13,1,1,27,4.0,48.0,2,12.0,24.0,12.0,7,25.93,3,4
396,4,13,2,2,24,4.0,35.0,0,8.75,0.0,inf,5,20.83,3,1
396,4,16,1,1,12,2.0,15.0,0,7.5,0.0,inf,2,16.67,0,1
403,4,2,1,1,12,2.0,23.0,0,11.5,0.0,inf,3,25.0,3,1
403,4,7,1,1,6,1.0,7.0,0,7.0,0.0,inf,4,66.67,0,1
403,4,13,1,1,6,1.0,11.0,1,11.0,11.0,6.0,3,50.0,1,1
414,4,5,1,1,24,4.0,34.0,2,8.5,17.0,12.0,7,29.17,2,2
414,4,6,2,2,52,8.0,57.0,3,7.12,19.0,16.0,24,46.15,3,3
414,4,11,1,1,21,3.0,22.0,0,7.33,0.0,inf,8,38.1,2,1
414,4,17,1,1,25,4.0,44.0,1,11.0,44.0,24.0,9,36.0,3,3
423,4,6,1,1,18,3.0,24.0,1,8.0,24.0,18.0,4,22.22,1,1
423,4,7,1,1,13,2.0,14.0,2,7.0,7.0,6.0,6,46.15,2,0
423,4,11,1,1,24,4.0,13.0,4,3.25,3.25,6.0,16,66.67,1,0
423,4,13,1,1,12,2.0,26.0,0,13.0,0.0,inf,2,16.67,2,2
426,4,6,1,1,25,4.0,31.0,0,7.75,0.0,inf,5,20.0,3,0
426,4,7,1,1,18,3.0,26.0,1,8.67,26.0,18.0,8,44.44,5,0
426,4,11,1,1,12,2.0,24.0,1,12.0,24.0,12.0,4,33.33,4,0
426,4,16,2,2,31,5.0,57.0,2,11.4,28.5,15.0,5,16.13,8,1
426,4,17,1,1,25,4.0,40.0,1,10.0,40.0,24.0,8,32.0,4,2
439,4,4,1,1,20,3.0,38.0,0,12.67,0.0,inf,5,25.0,5,1
439,4,7,1,1,26,4.0,33.0,1,8.25,33.0,24.0,11,42.31,2,2
439,4,9,1,1,24,4.0,30.0,1,7.5,30.0,24.0,8,33.33,4,0
439,4,13,1,1,24,4.0,33.0,1,8.25,33.0,24.0,10,41.67,6,0
439,4,17,1,1,25,4.0,32.0,1,8.0,32.0,24.0,9,36.0,3,1
441,4,2,1,1,6,1.0,20.0,0,20.0,0.0,inf,1,16.67,1,2
446,4,4,1,1,7,1.0,15.0,0,15.0,0.0,inf,0,0.0,1,1
446,4,13,1,1,6,1.0,16.0,0,16.0,0.0,inf,1,16.67,2,1
446,4,16,2,2,15,2.0,33.0,0,16.5,0.0,inf,1,6.67,3,1
446,4,17,1,1,6,1.0,3.0,1,3.0,3.0,6.0,3,50.0,0,0
448,4,4,1,1,25,4.0,32.0,2,8.0,16.0,12.0,8,32.0,3,1
448,4,5,2,2,39,6.0,37.0,2,6.17,18.5,18.0,14,35.9,3,0
448,4,9,1,1,14,2.0,9.0,0,4.5,0.0,inf,5,35.71,0,0
449,4,2,1,1,20,3.0,21.0,2,7.0,10.5,9.0,4,20.0,1,0
449,4,4,1,1,26,4.0,36.0,1,9.0,36.0,24.0,9,34.62,3,2
449,4,11,1,1,25,4.0,36.0,1,9.0,36.0,24.0,7,28.0,3,1
449,4,17,3,3,58,9.0,64.0,2,7.11,32.0,27.0,20,34.48,3,3
451,4,5,1,1,24,4.0,28.0,1,7.0,28.0,24.0,5,20.83,1,1
451,4,6,1,1,24,4.0,26.0,0,6.5,0.0,inf,9,37.5,3,0
451,4,7,1,1,25,4.0,39.0,2,9.75,19.5,12.0,9,36.0,2,3
451,4,11,1,1,24,4.0,25.0,0,6.25,0.0,inf,9,37.5,1,1
451,4,16,1,1,18,3.0,24.0,1,8.0,24.0,18.0,5,27.78,2,1
461,4,2,1,1,12,2.0,16.0,0,8.0,0.0,inf,3,25.0,2,0
461,4,5,1,1,19,3.0,29.0,1,9.67,29.0,18.0,6,31.58,2,2
461,4,6,1,1,12,2.0,20.0,1,10.0,20.0,12.0,4,33.33,2,1
461,4,9,1,1,24,4.0,14.0,2,3.5,7.0,12.0,14,58.33,1,0
461,4,11,1,1,6,1.0,9.0,0,9.0,0.0,inf,1,16.67,1,0
461,4,13,1,1,6,1.0,12.0,0,12.0,0.0,inf,2,33.33,1,1
461,4,16,1,1,6,1.0,4.0,0,4.0,0.0,inf,2,33.33,0,0
461,4,17,1,1,6,1.0,20.0,1,20.0,20.0,6.0,1,16.67,0,3
463,4,2,1,1,27,4.0,24.0,0,6.0,0.0,inf,11,40.74,2,0
463,4,4,2,2,50,8.0,75.0,1,9.38,75.0,48.0,18,36.0,9,3
463,4,5,2,2,50,8.0,74.0,1,9.25,74.0,48.0,14,28.0,9,1
463,4,6,1,1,24,4.0,8.0,0,2.0,0.0,inf,15,62.5,0,0
463,4,7,1,1,24,4.0,28.0,0,7.0,0.0,inf,10,41.67,4,0
463,4,11,2,2,41,6.0,41.0,1,6.83,41.0,38.0,14,34.15,3,0
463,4,13,1,1,25,4.0,27.0,0,6.75,0.0,inf,10,40.0,2,1
463,4,16,1,1,24,4.0,30.0,1,7.5,30.0,24.0,9,37.5,4,0
463,4,17,1,1,19,3.0,31.0,1,10.33,31.0,18.0,7,36.84,6,0
474,4,2,1,1,6,1.0,23.0,0,23.0,0.0,inf,0,0.0,2,2
477,4,2,2,2,53,8.0,77.0,2,9.62,38.5,24.0,21,39.62,9,2
477,4,5,2,2,42,7.0,47.0,2,6.71,23.5,21.0,23,54.76,8,1
477,4,6,1,1,24,4.0,37.0,2,9.25,18.5,12.0,12,50.0,3,3
477,4,7,2,2,43,7.0,45.0,2,6.43,22.5,21.0,23,53.49,5,2
477,4,9,1,1,12,2.0,14.0,0,7.0,0.0,inf,7,58.33,3,0
477,4,11,1,1,24,4.0,22.0,2,5.5,11.0,12.0,11,45.83,3,0
477,4,16,2,2,43,7.0,55.0,0,7.86,0.0,inf,15,34.88,7,0
477,4,17,2,2,42,7.0,48.0,0,6.86,0.0,inf,25,59.52,7,2
497,4,4,1,1,12,2.0,32.0,1,16.0,32.0,12.0,2,16.67,2,3
497,4,16,1,1,12,2.0,13.0,0,6.5,0.0,inf,6,50.0,1,0
500,4,2,2,2,30,5.0,47.0,1,9.4,47.0,30.0,9,30.0,5,2
500,4,5,1,1,6,1.0,10.0,0,10.0,0.0,inf,1,16.67,0,1
500,4,7,1,1,13,2.0,17.0,0,8.5,0.0,inf,3,23.08,2,0
500,4,9,1,1,12,2.0,13.0,0,6.5,0.0,inf,5,41.67,2,0
500,4,11,1,1,12,2.0,19.0,0,9.5,0.0,inf,2,16.67,1,1
500,4,16,2,2,50,8.0,53.0,5,6.62,10.6,9.6,17,34.0,2,1
500,4,17,1,1,24,4.0,30.0,1,7.5,30.0,24.0,6,25.0,1,1
504,4,2,1,1,6,1.0,7.0,1,7.0,7.0,6.0,3,50.0,0,1
504,4,9,1,1,6,1.0,4.0,0,4.0,0.0,inf,2,33.33,0,0
510,4,17,1,1,6,1.0,11.0,0,11.0,0.0,inf,0,0.0,0,1
515,4,6,1,1,12,2.0,23.0,0,11.5,0.0,inf,5,41.67,2,2
517,4,13,1,1,18,3.0,14.0,0,4.67,0.0,inf,8,44.44,1,0
517,4,16,1,1,18,3.0,19.0,0,6.33,0.0,inf,6,33.33,0,1
517,4,17,1,1,6,1.0,9.0,0,9.0,0.0,inf,1,16.67,1,0
521,4,11,1,1,13,2.0,21.0,0,10.5,0.0,inf,2,15.38,1,1
536,4,2,1,1,24,4.0,17.0,2,4.25,8.5,12.0,15,62.5,2,0
536,4,4,1,1,24,4.0,16.0,3,4.0,5.33,8.0,11,45.83,0,0
536,4,5,2,2,49,8.0,43.0,2,5.38,21.5,24.0,17,34.69,2,0
536,4,6,2,2,44,7.0,48.0,0,6.86,0.0,inf,15,34.09,4,1
536,4,7,1,1,24,4.0,31.0,1,7.75,31.0,24.0,10,41.67,5,0
536,4,9,2,2,48,8.0,45.0,1,5.62,45.0,48.0,18,37.5,4,0
536,4,13,1,1,24,4.0,50.0,1,12.5,50.0,24.0,8,33.33,2,5
536,4,16,1,1,25,4.0,21.0,2,5.25,10.5,12.0,13,52.0,0,1
536,4,17,1,1,24,4.0,26.0,1,6.5,26.0,24.0,10,41.67,2,1
541,4,2,1,1,25,4.0,40.0,2,10.0,20.0,12.0,9,36.0,6,1
541,4,4,1,1,22,3.0,36.0,0,12.0,0.0,inf,9,40.91,4,2
541,4,9,1,1,28,4.0,29.0,1,7.25,29.0,23.0,13,46.43,3,1
541,4,13,1,1,27,4.0,22.0,3,5.5,7.33,8.0,11,40.74,3,0
542,4,2,1,1,13,2.0,19.0,0,9.5,0.0,inf,5,38.46,0,2
542,4,4,2,2,42,7.0,53.0,1,7.57,53.0,42.0,13,30.95,3,2
542,4,7,2,2,24,4.0,27.0,0,6.75,0.0,inf,9,37.5,2,0
542,4,9,2,2,36,6.0,40.0,1,6.67,40.0,36.0,11,30.56,3,1
542,4,11,2,2,49,8.0,52.0,2,6.5,26.0,24.0,14,28.57,3,0
542,4,13,1,1,13,2.0,28.0,0,14.0,0.0,inf,0,0.0,3,1
542,4,16,1,1,24,4.0,23.0,2,5.75,11.5,12.0,10,41.67,1,1
542,4,17,3,3,68,11.0,94.0,4,8.55,23.5,16.5,18,26.47,6,4
545,4,9,1,1,19,3.0,19.0,1,6.33,19.0,18.0,9,47.37,1,1
545,4,13,1,1,18,3.0,14.0,2,4.67,7.0,9.0,9,50.0,2,0
545,4,16,2,2,30,5.0,34.0,0,6.8,0.0,inf,10,33.33,4,0
548,4,16,1,1,12,2.0,13.0,0,6.5,0.0,inf,3,25.0,0,1
558,4,2,1,1,25,4.0,30.0,1,7.5,30.0,24.0,9,36.0,2,1
558,4,4,1,1,25,4.0,20.0,2,5.0,10.0,12.0,13,52.0,2,0
558,4,5,1,1,19,3.0,27.0,2,9.0,13.5,9.0,8,42.11,5,0
558,4,6,3,3,64,10.0,91.0,5,9.1,18.2,12.0,26,40.62,3,8
558,4,7,1,1,27,4.0,35.0,1,8.75,35.0,24.0,10,37.04,4,1
558,4,9,2,2,37,6.0,55.0,3,9.17,18.33,12.0,11,29.73,5,2
558,4,11,1,1,24,4.0,34.0,3,8.5,11.33,8.0,9,37.5,4,1
558,4,13,2,2,48,8.0,50.0,4,6.25,12.5,12.0,25,52.08,4,3
558,4,16,1,1,19,3.0,26.0,0,8.67,0.0,inf,4,21.05,4,0
559,4,2,2,2,51,8.0,48.0,2,6.0,24.0,24.0,23,45.1,5,1
559,4,4,1,1,23,3.0,16.0,3,5.33,5.33,7.0,16,69.57,3,0
559,4,5,1,1,24,4.0,39.0,0,9.75,0.0,inf,8,33.33,5,1
559,4,7,2,2,50,8.0,53.0,1,6.62,53.0,48.0,21,42.0,6,1
559,4,9,2,2,49,8.0,64.0,2,8.0,32.0,24.0,19,38.78,11,0
559,4,11,1,1,25,4.0,18.0,2,4.5,9.0,12.0,16,64.0,3,0
559,4,13,2,2,38,6.0,37.0,1,6.17,37.0,36.0,18,47.37,5,0
559,4,17,1,1,26,4.0,24.0,3,6.0,8.0,8.0,13,50.0,3,0
564,4,4,2,2,26,4.0,51.0,0,12.75,0.0,inf,10,38.46,6,3
564,4,5,1,1,12,2.0,16.0,0,8.0,0.0,inf,2,16.67,2,0
564,4,7,1,1,26,4.0,36.0,0,9.0,0.0,inf,8,30.77,5,0
564,4,9,1,1,25,4.0,29.0,2,7.25,14.5,12.0,10,40.0,2,1
564,4,17,1,1,24,4.0,37.0,0,9.25,0.0,inf,6,25.0,5,1
573,4,2,1,1,6,1.0,11.0,0,11.0,0.0,inf,1,16.67,0,1
573,4,5,1,1,12,2.0,3.0,1,1.5,3.0,12.0,9,75.0,0,0
573,4,6,1,1,19,3.0,21.0,0,7.0,0.0,inf,5,26.32,2,0
573,4,7,2,2,24,4.0,41.0,1,10.25,41.0,24.0,11,45.83,4,3
573,4,9,1,1,12,2.0,23.0,1,11.5,23.0,12.0,5,41.67,0,3
573,4,13,2,2,38,6.0,44.0,1,7.33,44.0,36.0,13,34.21,3,2
577,4,4,2,2,42,7.0,41.0,2,5.86,20.5,21.0,14,33.33,2,1
577,4,5,1,1,24,4.0,31.0,0,7.75,0.0,inf,7,29.17,2,1
577,4,6,1,1,24,4.0,49.0,1,12.25,49.0,24.0,7,29.17,4,4
577,4,9,1,1,25,4.0,34.0,1,8.5,34.0,24.0,7,28.0,2,1
577,4,13,1,1,25,4.0,47.0,2,11.75,23.5,12.0,5,20.0,7,1
577,4,16,1,1,24,4.0,29.0,2,7.25,14.5,12.0,6,25.0,1,1
586,4,2,1,1,18,3.0,21.0,1,7.0,21.0,18.0,5,27.78,1,1
586,4,5,2,2,49,8.0,45.0,1,5.62,45.0,48.0,24,48.98,2,2
586,4,6,1,1,25,4.0,26.0,3,6.5,8.67,8.0,8,32.0,1,1
586,4,7,2,2,42,7.0,48.0,3,6.86,16.0,14.0,23,54.76,2,4
586,4,9,2,2,49,8.0,58.0,1,7.25,58.0,48.0,16,32.65,5,1
586,4,11,1,1,23,3.0,44.0,0,14.67,0.0,inf,3,13.04,5,1
586,4,13,1,1,18,3.0,25.0,1,8.33,25.0,18.0,7,38.89,3,1
593,4,9,1,1,6,1.0,9.0,0,9.0,0.0,inf,1,16.67,1,0
595,4,9,1,1,18,3.0,33.0,0,11.0,0.0,inf,1,5.56,2,2
597,4,2,2,2,49,8.0,66.0,3,8.25,22.0,16.0,15,30.61,7,2
597,4,5,1,1,27,4.0,48.0,0,12.0,0.0,inf,6,22.22,6,2
597,4,6,2,2,31,5.0,33.0,0,6.6,0.0,inf,10,32.26,4,0
597,4,7,1,1,21,3.0,15.0,1,5.0,15.0,18.0,9,42.86,1,0
597,4,9,2,2,48,8.0,49.0,3,6.12,16.33,16.0,18,37.5,5,0
597,4,11,1,1,18,3.0,27.0,0,9.0,0.0,inf,5,27.78,4,0
597,4,13,1,1,19,3.0,28.0,0,9.33,0.0,inf,8,42.11,4,1
597,4,16,1,1,24,4.0,25.0,3,6.25,8.33,8.0,10,41.67,3,0
597,4,17,2,2,41,6.0,44.0,2,7.33,22.0,20.0,22,53.66,8,0
604,4,16,1,1,7,1.0,7.0,0,7.0,0.0,inf,0,0.0,0,0
607,4,4,1,1,6,1.0,10.0,0,10.0,0.0,inf,3,50.0,1,1
607,4,5,1,1,24,4.0,17.0,0,4.25,0.0,inf,14,58.33,2,0
608,4,2,1,1,6,1.0,9.0,0,9.0,0.0,inf,0,0.0,1,0
608,4,7,1,1,20,3.0,32.0,1,10.67,32.0,18.0,6,30.0,3,1
608,4,9,2,2,30,5.0,45.0,2,9.0,22.5,15.0,8,26.67,2,3
608,4,11,1,1,1,0.0,4.0,0,inf,0.0,inf,0,0.0,1,0
608,4,17,1,1,6,1.0,9.0,0,9.0,0.0,inf,0,0.0,1,0
609,4,4,1,1,19,3.0,31.0,1,10.33,31.0,18.0,5,26.32,4,1
609,4,5,1,1,6,1.0,0.0,1,0.0,0.0,6.0,6,100.0,0,0
624,4,2,1,1,12,2.0,20.0,0,10.0,0.0,inf,2,16.67,3,0
624,4,4,1,1,29,4.0,26.0,1,6.5,26.0,24.0,14,48.28,3,0
624,4,5,1,1,18,3.0,11.0,0,3.67,0.0,inf,10,55.56,1,0
624,4,6,3,3,67,11.0,80.0,2,7.27,40.0,33.0,24,35.82,1,7
624,4,7,1,1,12,2.0,8.0,1,4.0,8.0,12.0,4,33.33,0,0
624,4,9,2,2,19,3.0,20.0,0,6.67,0.0,inf,6,31.58,0,1
624,4,11,1,1,20,3.0,23.0,1,7.67,23.0,18.0,8,40.0,1,0
624,4,13,2,2,48,8.0,56.0,3,7.0,18.67,16.0,12,25.0,3,2
643,4,2,1,1,25,4.0,21.0,1,5.25,21.0,24.0,13,52.0,3,0
643,4,4,1,1,25,4.0,37.0,0,9.25,0.0,inf,9,36.0,3,2
643,4,7,1,1,24,4.0,18.0,2,4.5,9.0,12.0,13,54.17,2,0
643,4,11,1,1,24,4.0,15.0,0,3.75,0.0,inf,14,58.33,1,0
643,4,17,1,1,24,4.0,26.0,0,6.5,0.0,inf,7,29.17,2,1
654,4,2,1,1,12,2.0,6.0,1,3.0,6.0,12.0,6,50.0,0,0
654,4,4,2,2,43,7.0,36.0,4,5.14,9.0,10.5,18,41.86,2,1
654,4,5,2,2,18,3.0,25.0,0,8.33,0.0,inf,6,33.33,5,0
654,4,6,2,2,44,7.0,44.0,2,6.29,22.0,21.0,16,36.36,3,1
654,4,7,1,1,24,4.0,23.0,2,5.75,11.5,12.0,8,33.33,2,0
654,4,11,2,2,20,3.0,14.0,3,4.67,4.67,6.0,6,30.0,0,0
654,4,13,1,1,25,4.0,24.0,1,6.0,24.0,24.0,12,48.0,3,0
654,4,16,2,2,37,6.0,41.0,0,6.83,0.0,inf,11,29.73,3,1
654,4,17,1,1,18,3.0,25.0,0,8.33,0.0,inf,10,55.56,4,1
660,4,2,1,1,14,2.0,26.0,0,13.0,0.0,inf,4,28.57,4,0
660,4,4,1,1,25,4.0,35.0,3,8.75,11.67,8.0,10,40.0,3,1
660,4,5,1,1,24,4.0,28.0,0,7.0,0.0,inf,8,33.33,4,0
660,4,9,1,1,25,4.0,27.0,1,6.75,27.0,24.0,11,44.0,3,0
660,4,13,2,2,48,8.0,32.0,3,4.0,10.67,16.0,28,58.33,4,0
660,4,16,2,2,48,8.0,65.0,2,8.12,32.5,22.0,14,29.17,6,1
665,4,2,2,2,34,5.0,42.0,2,8.4,21.0,16.5,9,26.47,5,0
665,4,4,1,1,21,3.0,43.0,0,14.33,0.0,inf,4,19.05,6,1
665,4,6,1,1,27,4.0,30.0,1,7.5,30.0,24.0,9,33.33,2,1
665,4,7,2,2,31,5.0,49.0,1,9.8,49.0,30.0,10,32.26,2,4
665,4,9,2,2,30,5.0,54.0,0,10.8,0.0,inf,6,20.0,6,2
665,4,11,2,2,25,4.0,35.0,0,8.75,0.0,inf,7,28.0,3,1
665,4,13,2,2,31,5.0,29.0,1,5.8,29.0,30.0,6,19.35,2,0
665,4,16,2,2,26,4.0,30.0,2,7.5,15.0,12.0,9,34.62,3,0
665,4,17,2,2,45,7.0,49.0,3,7.0,16.33,14.0,13,28.89,3,2
669,4,13,1,1,6,1.0,8.0,0,8.0,0.0,inf,2,33.33,1,0
670,4,5,1,1,24,4.0,45.0,1,11.25,45.0,24.0,7,29.17,6,2
670,4,6,1,1,12,2.0,16.0,0,8.0,0.0,inf,2,16.67,2,0
670,4,7,1,1,25,4.0,26.0,1,6.5,26.0,24.0,9,36.0,1,1
670,4,9,1,1,27,4.0,25.0,1,6.25,25.0,24.0,5,18.52,1,0
670,4,13,2,2,42,7.0,70.0,1,10.0,70.0,42.0,12,28.57,3,6
670,4,16,2,2,43,7.0,65.0,2,9.29,32.5,21.0,10,23.26,6,2
670,4,17,1,1,25,4.0,25.0,1,6.25,25.0,24.0,8,32.0,3,0
677,4,9,1,1,4,0.0,2.0,0,inf,0.0,inf,2,50.0,0,0
678,4,7,1,1,18,3.0,19.0,0,6.33,0.0,inf,9,50.0,3,0
684,4,2,1,1,6,1.0,19.0,1,19.0,19.0,6.0,2,33.33,0,3
684,4,9,1,1,12,2.0,19.0,0,9.5,0.0,inf,2,16.67,3,0
687,4,6,1,1,12,2.0,12.0,0,6.0,0.0,inf,6,50.0,0,1
687,4,11,1,1,18,3.0,22.0,0,7.33,0.0,inf,4,22.22,1,1
689,4,2,2,2,43,7.0,49.0,2,7.0,24.5,21.0,21,48.84,7,1
689,4,4,1,1,18,3.0,15.0,0,5.0,0.0,inf,8,44.44,2,0
689,4,6,1,1,25,4.0,40.0,1,10.0,40.0,24.0,11,44.0,6,1
689,4,7,2,2,38,6.0,38.0,4,6.33,9.5,9.5,18,47.37,4,1
689,4,9,1,1,24,4.0,27.0,3,6.75,9.0,8.0,11,45.83,4,0
689,4,11,2,2,43,7.0,41.0,2,5.86,20.5,21.0,22,51.16,6,0
689,4,13,2,2,48,8.0,39.0,7,4.88,5.57,6.86,22,45.83,5,0
689,4,16,2,2,48,8.0,72.0,1,9.0,72.0,48.0,18,37.5,11,2
689,4,17,2,2,42,7.0,37.0,2,5.29,18.5,21.0,14,33.33,3,0
692,4,2,2,2,50,8.0,57.0,1,7.12,57.0,48.0,20,40.0,8,0
692,4,5,1,1,24,4.0,15.0,0,3.75,0.0,inf,10,41.67,1,0
692,4,6,2,2,49,8.0,58.0,2,7.25,29.0,24.0,21,42.86,8,1
692,4,7,1,1,18,3.0,30.0,0,10.0,0.0,inf,7,38.89,3,1
692,4,9,2,2,49,8.0,69.0,3,8.62,23.0,16.0,18,36.73,10,1
692,4,11,2,2,36,6.0,28.0,1,4.67,28.0,36.0,21,58.33,4,0
692,4,13,1,1,26,4.0,25.0,4,6.25,6.25,6.0,16,61.54,2,2
692,4,16,1,1,26,4.0,21.0,2,5.25,10.5,12.0,12,46.15,1,0
692,4,17,2,2,36,6.0,42.0,0,7.0,0.0,inf,10,27.78,3,1
695,4,4,2,2,45,7.0,47.0,4,6.71,11.75,10.5,19,42.22,7,0
695,4,5,2,2,54,9.0,78.0,2,8.67,39.0,24.0,14,25.93,11,1
695,4,9,1,1,25,4.0,42.0,1,10.5,42.0,24.0,11,44.0,6,2
695,4,11,1,1,24,4.0,11.0,1,2.75,11.0,24.0,13,54.17,0,0
695,4,13,2,2,51,8.0,54.0,2,6.75,27.0,24.0,29,56.86,7,2
695,4,16,2,2,49,8.0,68.0,0,8.5,0.0,inf,16,32.65,9,2
695,4,17,1,1,26,4.0,25.0,3,6.25,8.33,8.0,13,50.0,1,2
705,4,6,1,1,6,1.0,15.0,0,15.0,0.0,inf,0,0.0,1,1
705,4,13,1,1,13,2.0,24.0,0,12.0,0.0,inf,3,23.08,1,1
705,4,17,1,1,6,1.0,14.0,0,14.0,0.0,inf,1,16.67,1,1
714,4,2,1,1,26,4.0,36.0,1,9.0,36.0,24.0,7,26.92,2,2
714,4,4,1,1,24,4.0,19.0,3,4.75,6.33,8.0,11,45.83,2,0
714,4,5,2,2,18,3.0,22.0,0,7.33,0.0,inf,3,16.67,2,0
714,4,6,2,2,37,6.0,70.0,1,11.67,70.0,34.0,4,10.81,6,2
714,4,7,1,1,24,4.0,28.0,2,7.0,14.0,12.0,7,29.17,0,2
714,4,9,2,2,31,5.0,42.0,0,8.4,0.0,inf,7,22.58,5,0
714,4,13,1,1,28,4.0,59.0,0,14.75,0.0,inf,8,28.57,8,2
714,4,16,1,1,24,4.0,15.0,3,3.75,5.0,8.0,13,54.17,1,0
714,4,17,1,1,12,2.0,12.0,0,6.0,0.0,inf,6,50.0,2,0
718,4,2,1,1,24,4.0,38.0,2,9.5,19.0,12.0,8,33.33,4,2
718,4,4,1,1,26,4.0,23.0,0,5.75,0.0,inf,13,50.0,2,1
718,4,5,2,2,32,5.0,67.0,1,13.4,67.0,30.0,5,15.62,9,2
718,4,6,2,2,49,8.0,58.0,1,7.25,58.0,48.0,11,22.45,3,1
718,4,7,1,1,7,1.0,7.0,2,7.0,3.5,3.0,2,28.57,0,0
718,4,11,2,2,44,7.0,46.0,3,6.57,15.33,14.0,20,45.45,4,2
718,4,13,1,1,18,3.0,21.0,0,7.0,0.0,inf,4,22.22,1,0
718,4,16,2,2,44,7.0,58.0,0,8.29,0.0,inf,13,29.55,7,1
718,4,17,2,2,38,6.0,53.0,1,8.83,53.0,32.0,13,34.21,7,1
731,4,4,1,1,26,4.0,36.0,0,9.0,0.0,inf,9,34.62,2,2
731,4,5,2,2,42,7.0,48.0,4,6.86,12.0,10.25,18,42.86,3,3
731,4,6,1,1,19,3.0,35.0,0,11.67,0.0,inf,2,10.53,3,1
731,4,7,1,1,25,4.0,35.0,1,8.75,35.0,24.0,6,24.0,2,2
731,4,9,1,1,24,4.0,22.0,2,5.5,11.0,12.0,11,45.83,2,0
731,4,11,1,1,18,3.0,20.0,2,6.67,10.0,9.0,6,33.33,2,0
731,4,16,1,1,18,3.0,33.0,0,11.0,0.0,inf,3,16.67,4,1
735,4,4,2,2,31,5.0,38.0,1,7.6,38.0,30.0,10,32.26,3,1
735,4,5,1,1,6,1.0,12.0,0,12.0,0.0,inf,1,16.67,2,0
735,4,6,1,1,12,2.0,21.0,0,10.5,0.0,inf,0,0.0,3,0
735,4,9,1,1,13,2.0,15.0,0,7.5,0.0,inf,3,23.08,1,0
735,4,16,1,1,12,2.0,22.0,0,11.0,0.0,inf,2,16.67,0,2
739,4,2,1,1,29,4.0,37.0,2,9.25,18.5,12.0,10,34.48,2,2
739,4,4,2,2,27,4.0,40.0,1,10.0,40.0,24.0,6,22.22,2,2
739,4,5,2,2,31,5.0,57.0,0,11.4,0.0,inf,7,22.58,7,2
739,4,6,3,3,57,9.0,89.0,2,9.89,44.5,27.0,16,28.07,6,5
739,4,7,1,1,24,4.0,26.0,0,6.5,0.0,inf,8,33.33,2,1
739,4,9,1,1,14,2.0,14.0,0,7.0,0.0,inf,8,57.14,1,1
739,4,13,2,2,39,6.0,58.0,0,9.67,0.0,inf,12,30.77,6,2
743,4,4,1,1,24,4.0,28.0,3,7.0,9.33,8.0,9,37.5,1,2
743,4,5,2,2,46,7.0,50.0,2,7.14,25.0,22.0,17,36.96,4,1
743,4,7,1,1,25,4.0,16.0,2,4.0,8.0,12.0,13,52.0,1,0
743,4,11,2,2,50,8.0,52.0,4,6.5,13.0,12.0,17,34.0,3,2
743,4,17,1,1,13,2.0,29.0,0,14.5,0.0,inf,3,23.08,3,2
748,4,2,2,2,52,8.0,69.0,3,8.62,23.0,16.0,17,32.69,8,1
748,4,4,1,1,19,3.0,12.0,0,4.0,0.0,inf,11,57.89,1,0
748,4,5,2,2,45,7.0,69.0,0,9.86,0.0,inf,10,22.22,5,4
748,4,6,1,1,18,3.0,12.0,0,4.0,0.0,inf,8,44.44,0,0
748,4,7,2,2,37,6.0,34.0,4,5.67,8.5,9.0,24,64.86,5,1
748,4,9,2,2,41,6.0,58.0,1,9.67,58.0,36.0,11,26.83,4,3
748,4,11,1,1,18,3.0,25.0,0,8.33,0.0,inf,6,33.33,3,0
748,4,13,2,2,35,5.0,49.0,2,9.8,24.5,17.0,14,40.0,7,1
748,4,17,1,1,26,4.0,22.0,1,5.5,22.0,24.0,8,30.77,1,0
756,4,4,1,1,18,3.0,22.0,1,7.33,22.0,18.0,2,11.11,0,1
756,4,5,2,2,30,5.0,31.0,3,6.2,10.33,10.0,9,30.0,2,1
756,4,6,2,2,30,5.0,29.0,0,5.8,0.0,inf,5,16.67,1,0
756,4,7,1,1,13,2.0,11.0,0,5.5,0.0,inf,7,53.85,0,0
756,4,11,2,2,12,2.0,16.0,0,8.0,0.0,inf,2,16.67,2,0
756,4,13,1,1,25,4.0,18.0,0,4.5,0.0,inf,13,52.0,1,0
756,4,16,2,2,48,8.0,55.0,4,6.88,13.75,12.0,13,27.08,5,1
756,4,17,1,1,18,3.0,28.0,0,9.33,0.0,inf,5,27.78,3,1
757,4,6,1,1,6,1.0,12.0,0,12.0,0.0,inf,0,0.0,2,0
757,4,13,1,1,13,2.0,18.0,0,9.0,0.0,inf,1,7.69,1,0
757,4,16,1,1,6,1.0,14.0,0,14.0,0.0,inf,0,0.0,1,1
764,4,17,1,1,18,3.0,47.0,0,15.67,0.0,inf,5,27.78,3,5
768,4,6,1,1,24,4.0,26.0,0,6.5,0.0,inf,9,37.5,2,1
768,4,7,1,1,24,4.0,42.0,1,10.5,42.0,23.0,7,29.17,3,3
768,4,9,1,1,25,4.0,18.0,1,4.5,18.0,24.0,10,40.0,1,0
768,4,11,1,1,20,3.0,28.0,0,9.33,0.0,inf,10,50.0,2,2
768,4,17,1,1,24,4.0,27.0,0,6.75,0.0,inf,10,41.67,0,2
770,4,2,2,2,30,5.0,37.0,0,7.4,0.0,inf,15,50.0,3,3
770,4,4,1,1,18,3.0,31.0,1,10.33,31.0,18.0,6,33.33,6,0
770,4,5,2,2,51,8.0,69.0,2,8.62,34.5,24.0,23,45.1,8,3
770,4,6,2,2,48,8.0,53.0,2,6.62,26.5,22.5,16,33.33,5,0
770,4,9,1,1,19,3.0,29.0,1,9.67,29.0,18.0,4,21.05,1,1
770,4,11,1,1,25,4.0,28.0,1,7.0,28.0,24.0,10,40.0,2,1
770,4,13,1,1,25,4.0,27.0,2,6.75,13.5,12.0,11,44.0,2,1
770,4,17,1,1,24,4.0,23.0,2,5.75,11.5,12.0,11,45.83,2,0
4,5,2,3,3,69,11.0,67.0,5,6.09,13.4,13.2,28,40.58,6,1
4,5,5,2,2,50,8.0,72.0,2,9.0,36.0,24.0,15,30.0,8,2
4,5,6,3,3,69,11.0,80.0,3,7.27,26.67,22.0,21,30.43,7,2
4,5,7,1,1,13,2.0,16.0,1,8.0,16.0,12.0,3,23.08,2,0
4,5,11,2,2,43,7.0,61.0,0,8.71,0.0,inf,14,32.56,10,0
4,5,13,2,2,42,7.0,53.0,0,7.57,0.0,inf,11,26.19,5,1
4,5,16,1,1,12,2.0,16.0,0,8.0,0.0,inf,2,16.67,2,0
4,5,17,2,2,38,6.0,38.0,4,6.33,9.5,9.0,18,47.37,6,0
6,5,2,2,2,18,3.0,30.0,0,10.0,0.0,inf,2,11.11,1,2
6,5,5,3,3,30,5.0,43.0,3,8.6,14.33,10.0,8,26.67,5,1
6,5,7,1,1,25,4.0,21.0,0,5.25,0.0,inf,6,24.0,0,0
6,5,9,2,2,37,6.0,52.0,1,8.67,52.0,36.0,9,24.32,4,2
6,5,11,2,2,44,7.0,53.0,1,7.57,53.0,42.0,14,31.82,3,1
6,5,13,1,1,6,1.0,15.0,0,15.0,0.0,inf,1,16.67,0,2
6,5,16,2,2,42,7.0,41.0,5,5.86,8.2,8.4,22,52.38,2,3
6,5,17,1,1,14,2.0,18.0,2,9.0,9.0,6.0,3,21.43,2,0
11,5,2,1,1,19,3.0,30.0,3,10.0,10.0,6.0,7,36.84,3,1
11,5,16,2,2,43,7.0,57.0,2,8.14,28.5,21.0,16,37.21,6,2
14,5,2,2,2,46,7.0,57.0,2,8.14,28.5,22.0,21,45.65,10,0
14,5,5,2,2,48,8.0,62.0,2,7.75,31.0,23.5,13,27.08,8,0
14,5,6,2,2,48,8.0,53.0,5,6.62,10.6,9.6,23,47.92,3,3
14,5,11,1,1,25,4.0,37.0,0,9.25,0.0,inf,10,40.0,5,1
14,5,16,2,2,51,8.0,70.0,2,8.75,35.0,24.0,12,23.53,7,0
14,5,17,2,2,47,7.0,50.0,3,7.14,16.67,15.0,16,34.04,5,0
25,5,6,1,1,13,2.0,17.0,0,8.5,0.0,inf,5,38.46,1,1
34,5,2,1,1,19,3.0,31.0,0,10.33,0.0,inf,5,26.32,4,1
37,5,5,1,1,12,2.0,9.0,0,4.5,0.0,inf,3,25.0,0,0
37,5,9,2,2,36,6.0,41.0,1,6.83,41.0,36.0,11,30.56,2,2
37,5,11,1,1,12,2.0,12.0,1,6.0,12.0,12.0,4,33.33,1,0
37,5,17,1,1,6,1.0,5.0,0,5.0,0.0,inf,4,66.67,1,0
44,5,6,1,1,19,3.0,47.0,0,15.67,0.0,inf,0,0.0,4,3
58,5,13,1,1,18,3.0,32.0,0,10.67,0.0,inf,2,11.11,1,2
63,5,9,1,1,7,1.0,12.0,0,12.0,0.0,inf,1,14.29,0,1
63,5,17,1,1,12,2.0,10.0,1,5.0,10.0,12.0,5,41.67,1,0
64,5,2,2,2,42,7.0,60.0,0,8.57,0.0,inf,14,33.33,7,2
64,5,5,1,1,24,4.0,19.0,2,4.75,9.5,12.0,15,62.5,2,1
64,5,6,2,2,49,8.0,66.0,3,8.25,22.0,16.0,12,24.49,7,1
64,5,9,1,1,24,4.0,35.0,0,8.75,0.0,inf,8,33.33,6,0
64,5,11,2,2,42,7.0,56.0,3,8.0,18.67,14.0,19,45.24,8,1
64,5,13,2,2,36,6.0,42.0,1,7.0,42.0,36.0,16,44.44,5,1
64,5,16,2,2,49,8.0,70.0,1,8.75,70.0,48.0,7,14.29,6,2
64,5,17,1,1,25,4.0,54.0,1,13.5,54.0,24.0,8,32.0,2,6
66,5,6,1,1,6,1.0,21.0,0,21.0,0.0,inf,1,16.67,2,2
66,5,7,1,1,6,1.0,9.0,0,9.0,0.0,inf,3,50.0,2,0
66,5,11,1,1,12,2.0,15.0,0,7.5,0.0,inf,3,25.0,2,0
74,5,2,1,1,24,4.0,29.0,1,7.25,29.0,24.0,10,41.67,5,0
74,5,5,1,1,19,3.0,17.0,0,5.67,0.0,inf,11,57.89,3,0
74,5,6,1,1,19,3.0,32.0,1,10.67,32.0,18.0,9,47.37,4,2
74,5,7,2,2,44,7.0,47.0,2,6.71,23.5,21.0,12,27.27,5,0
74,5,13,1,1,26,4.0,22.0,2,5.5,11.0,12.0,15,57.69,4,0
74,5,16,1,1,12,2.0,14.0,0,7.0,0.0,inf,5,41.67,2,0
86,5,6,2,2,46,7.0,91.0,2,13.0,45.5,22.0,17,36.96,11,4
86,5,9,2,2,48,8.0,68.0,1,8.5,68.0,46.0,13,27.08,6,2
86,5,13,2,2,49,8.0,44.0,2,5.5,22.0,24.0,21,42.86,3,1
86,5,16,1,1,24,4.0,30.0,2,7.5,15.0,12.0,12,50.0,6,0
86,5,17,1,1,25,4.0,38.0,1,9.5,38.0,24.0,10,40.0,6,1
97,5,5,1,1,25,4.0,38.0,0,9.5,0.0,inf,4,16.0,3,1
97,5,16,1,1,18,3.0,27.0,0,9.0,0.0,inf,4,22.22,0,2
104,5,2,1,1,12,2.0,29.0,0,14.5,0.0,inf,3,25.0,3,2
104,5,5,1,1,14,2.0,11.0,1,5.5,11.0,13.0,8,57.14,1,0
104,5,6,1,1,13,2.0,16.0,1,8.0,16.0,12.0,3,23.08,1,0
104,5,7,2,2,43,7.0,64.0,3,9.14,21.33,14.0,9,20.93,1,4
104,5,11,1,1,12,2.0,17.0,0,8.5,0.0,inf,4,33.33,1,1
104,5,13,1,1,25,4.0,39.0,2,9.75,19.5,12.0,7,28.0,3,2
104,5,17,2,2,50,8.0,61.0,4,7.62,15.25,12.0,21,42.0,4,3
105,5,6,2,2,42,7.0,32.0,0,4.57,0.0,inf,18,42.86,1,0
105,5,9,1,1,19,3.0,28.0,2,9.33,14.0,9.0,8,42.11,2,2
112,5,7,1,1,27,4.0,37.0,2,9.25,18.5,12.0,9,33.33,1,3
112,5,13,1,1,24,4.0,29.0,0,7.25,0.0,inf,9,37.5,4,0
116,5,6,1,1,24,4.0,30.0,0,7.5,0.0,inf,8,33.33,4,0
116,5,13,1,1,25,4.0,51.0,1,12.75,51.0,24.0,5,20.0,10,0
116,5,16,1,1,24,4.0,39.0,0,9.75,0.0,inf,8,33.33,6,1
116,5,17,1,1,25,4.0,41.0,0,10.25,0.0,inf,7,28.0,4,2
119,5,2,1,1,24,4.0,37.0,3,9.25,12.33,8.0,11,45.83,3,3
119,5,6,1,1,12,2.0,22.0,0,11.0,0.0,inf,4,33.33,2,1
119,5,13,1,1,6,1.0,3.0,0,3.0,0.0,inf,3,50.0,0,0
119,5,16,1,1,6,1.0,8.0,0,8.0,0.0,inf,3,50.0,0,1
122,5,5,1,1,12,2.0,9.0,0,4.5,0.0,inf,4,33.33,1,0
122,5,9,1,1,13,2.0,11.0,1,5.5,11.0,12.0,4,30.77,0,0
122,5,11,1,1,26,4.0,45.0,1,11.25,45.0,24.0,4,15.38,6,1
122,5,17,1,1,25,4.0,44.0,1,11.0,44.0,23.0,6,24.0,5,2
129,5,2,2,2,49,8.0,74.0,4,9.25,18.5,12.0,16,32.65,9,2
129,5,5,2,2,50,8.0,50.0,1,6.25,50.0,48.0,23,46.0,6,1
129,5,6,1,1,25,4.0,32.0,1,8.0,32.0,24.0,7,28.0,4,0
129,5,7,2,2,49,8.0,55.0,2,6.88,27.5,24.0,15,30.61,4,1
129,5,9,2,2,49,8.0,79.0,3,9.88,26.33,16.0,20,40.82,11,3
129,5,11,2,2,50,8.0,45.0,2,5.62,22.5,24.0,25,50.0,5,1
129,5,13,2,2,49,8.0,56.0,2,7.0,28.0,24.0,21,42.86,5,1
129,5,16,2,2,49,8.0,62.0,2,7.75,31.0,24.0,19,38.78,5,3
134,5,5,2,2,51,8.0,52.0,5,6.5,10.4,9.6,26,50.98,7,1
134,5,6,1,1,26,4.0,30.0,1,7.5,30.0,24.0,8,30.77,2,1
134,5,9,1,1,13,2.0,28.0,0,14.0,0.0,inf,3,23.08,2,2
134,5,13,2,2,37,6.0,31.0,2,5.17,15.5,18.0,18,48.65,3,0
134,5,17,1,1,27,4.0,28.0,1,7.0,28.0,24.0,6,22.22,0,1
137,5,2,3,3,68,11.0,61.0,5,5.55,12.2,13.4,26,38.24,0,3
137,5,5,3,3,67,11.0,66.0,2,6.0,33.0,33.0,20,29.85,4,1
137,5,7,2,2,50,8.0,54.0,1,6.75,54.0,48.0,14,28.0,2,1
137,5,9,3,3,71,11.0,89.0,4,8.09,22.25,17.5,20,28.17,4,4
137,5,11,2,2,36,6.0,32.0,2,5.33,16.0,18.0,18,50.0,2,1
137,5,13,2,2,49,8.0,52.0,0,6.5,0.0,inf,18,36.73,4,1
137,5,16,2,2,37,6.0,31.0,0,5.17,0.0,inf,19,51.35,4,0
137,5,17,1,1,24,4.0,46.0,0,11.5,0.0,inf,6,25.0,5,2
140,5,6,1,1,12,2.0,16.0,0,8.0,0.0,inf,3,25.0,0,1
140,5,7,1,1,15,2.0,21.0,0,10.5,0.0,inf,2,13.33,1,1
140,5,16,1,1,13,2.0,16.0,0,8.0,0.0,inf,5,38.46,2,0
151,5,6,1,1,12,2.0,36.0,0,18.0,0.0,inf,1,8.33,3,3
151,5,9,1,1,6,1.0,13.0,0,13.0,0.0,inf,1,16.67,1,1
156,5,2,1,1,25,4.0,42.0,1,10.5,42.0,24.0,5,20.0,4,1
163,5,17,1,1,24,4.0,33.0,0,8.25,0.0,inf,10,41.67,3,2
167,5,2,1,1,12,2.0,24.0,0,12.0,0.0,inf,2,16.67,1,2
168,5,2,1,1,25,4.0,19.0,0,4.75,0.0,inf,11,44.0,0,1
168,5,5,1,1,24,4.0,43.0,1,10.75,43.0,24.0,7,29.17,3,3
168,5,6,1,1,24,4.0,23.0,2,5.75,11.5,12.0,9,37.5,1,0
168,5,9,1,1,26,4.0,28.0,3,7.0,9.33,8.0,7,26.92,3,0
168,5,13,1,1,24,4.0,26.0,4,6.5,6.5,6.0,12,50.0,1,2
168,5,17,1,1,26,4.0,35.0,0,8.75,0.0,inf,6,23.08,4,1
174,5,2,1,1,25,4.0,22.0,0,5.5,0.0,inf,11,44.0,1,1
174,5,6,1,1,25,4.0,54.0,0,13.5,0.0,inf,7,28.0,3,5
174,5,7,1,1,25,4.0,27.0,1,6.75,27.0,24.0,11,44.0,1,2
174,5,11,1,1,25,4.0,26.0,1,6.5,26.0,24.0,10,40.0,2,1
174,5,13,1,1,25,4.0,40.0,1,10.0,40.0,24.0,8,32.0,5,1
174,5,17,1,1,26,4.0,38.0,0,9.5,0.0,inf,11,42.31,4,2
191,5,5,1,1,12,2.0,24.0,0,12.0,0.0,inf,3,25.0,0,3
191,5,7,1,1,24,4.0,13.0,4,3.25,3.25,6.0,15,62.5,1,0
191,5,16,1,1,24,4.0,20.0,1,5.0,20.0,24.0,12,50.0,1,1
191,5,17,1,1,24,4.0,29.0,0,7.25,0.0,inf,9,37.5,1,2
203,5,2,2,2,30,5.0,39.0,2,7.8,19.5,15.0,6,20.0,3,1
203,5,9,1,1,13,2.0,17.0,0,8.5,0.0,inf,3,23.08,2,0
203,5,16,1,1,18,3.0,39.0,0,13.0,0.0,inf,1,5.56,2,3
207,5,2,1,1,6,1.0,18.0,0,18.0,0.0,inf,1,16.67,1,2
207,5,11,1,1,6,1.0,15.0,0,15.0,0.0,inf,2,33.33,2,1
207,5,13,2,2,31,5.0,37.0,1,7.4,37.0,30.0,7,22.58,3,0
209,5,13,1,1,6,1.0,13.0,0,13.0,0.0,inf,2,33.33,3,0
209,5,17,1,1,6,1.0,13.0,0,13.0,0.0,inf,1,16.67,1,1
212,5,5,2,2,49,8.0,58.0,3,7.25,19.33,16.0,21,42.86,7,2
212,5,6,2,2,36,6.0,40.0,2,6.67,20.0,18.0,17,47.22,4,2
212,5,7,2,2,49,8.0,48.0,1,6.0,48.0,48.0,22,44.9,4,1
212,5,9,3,3,50,8.0,57.0,1,7.12,57.0,48.0,19,38.0,8,0
212,5,11,2,2,38,6.0,49.0,1,8.17,49.0,36.0,14,36.84,8,0
212,5,13,2,2,48,8.0,49.0,0,6.12,0.0,inf,22,45.83,5,2
212,5,16,2,2,48,8.0,73.0,0,9.12,0.0,inf,19,39.58,11,2
212,5,17,2,2,48,8.0,91.0,0,11.38,0.0,inf,11,22.92,9,5
223,5,2,3,3,55,9.0,67.0,2,7.44,33.5,27.0,23,41.82,8,2
223,5,5,3,3,67,11.0,85.0,2,7.73,42.5,33.0,28,41.79,9,4
223,5,7,1,1,13,2.0,22.0,0,11.0,0.0,inf,3,23.08,2,1
223,5,9,2,2,55,9.0,62.0,2,6.89,31.0,24.0,16,29.09,7,0
223,5,11,1,1,19,3.0,19.0,0,6.33,0.0,inf,12,63.16,4,0
223,5,13,2,2,47,7.0,57.0,4,8.14,14.25,11.25,21,44.68,9,0
223,5,16,2,2,31,5.0,36.0,1,7.2,36.0,30.0,10,32.26,4,0
223,5,17,1,1,28,4.0,37.0,2,9.25,18.5,12.0,5,17.86,1,2
224,5,2,2,2,36,6.0,43.0,0,7.17,0.0,inf,12,33.33,4,1
224,5,5,2,2,49,8.0,49.0,3,6.12,16.33,16.0,21,42.86,6,0
224,5,7,2,2,48,8.0,65.0,2,8.12,32.5,24.0,15,31.25,7,2
224,5,9,2,2,42,7.0,81.0,1,11.57,81.0,42.0,9,21.43,4,6
224,5,11,1,1,25,4.0,32.0,2,8.0,16.0,12.0,9,36.0,3,1
224,5,13,1,1,25,4.0,44.0,1,11.0,44.0,24.0,5,20.0,6,1
224,5,16,1,1,24,4.0,26.0,0,6.5,0.0,inf,7,29.17,3,0
230,5,7,1,1,24,4.0,22.0,0,5.5,0.0,inf,7,29.17,0,1
230,5,9,2,2,30,5.0,39.0,0,7.8,0.0,inf,7,23.33,3,1
230,5,13,1,1,6,1.0,8.0,0,8.0,0.0,inf,1,16.67,1,0
230,5,16,2,2,18,3.0,15.0,2,5.0,7.5,9.0,5,27.78,1,0
230,5,17,1,1,7,1.0,21.0,0,21.0,0.0,inf,1,14.29,0,3
234,5,2,2,2,38,6.0,70.0,0,11.67,0.0,inf,9,23.68,3,5
234,5,5,2,2,49,8.0,60.0,1,7.5,60.0,48.0,16,32.65,2,3
234,5,6,1,1,12,2.0,18.0,1,9.0,18.0,12.0,2,16.67,0,1
234,5,7,2,2,37,6.0,45.0,0,7.5,0.0,inf,11,29.73,3,2
234,5,9,1,1,25,4.0,27.0,1,6.75,27.0,24.0,9,36.0,3,0
234,5,11,2,2,50,8.0,52.0,5,6.5,10.4,9.6,15,30.0,2,2
234,5,13,2,2,30,5.0,51.0,1,10.2,51.0,30.0,10,33.33,4,3
234,5,17,2,2,48,8.0,54.0,4,6.75,13.5,12.0,17,35.42,1,3
240,5,7,1,1,6,1.0,8.0,0,8.0,0.0,inf,2,33.33,1,0
240,5,13,1,1,9,1.0,19.0,0,19.0,0.0,inf,0,0.0,1,1
241,5,7,2,2,49,8.0,48.0,6,6.0,8.0,8.0,19,38.78,3,1
241,5,9,2,2,48,8.0,57.0,1,7.12,57.0,48.0,16,33.33,5,1
245,5,6,1,1,24,4.0,33.0,1,8.25,33.0,24.0,6,25.0,1,2
245,5,7,1,1,24,4.0,22.0,0,5.5,0.0,inf,8,33.33,2,0
245,5,9,1,1,24,4.0,18.0,1,4.5,18.0,24.0,11,45.83,0,1
245,5,11,1,1,25,4.0,18.0,4,4.5,4.5,6.0,13,52.0,1,0
245,5,13,1,1,18,3.0,24.0,1,8.0,24.0,18.0,6,33.33,4,0
245,5,17,1,1,18,3.0,37.0,0,12.33,0.0,inf,5,27.78,1,4
250,5,5,1,1,6,1.0,22.0,0,22.0,0.0,inf,0,0.0,2,2
250,5,6,1,1,24,4.0,23.0,0,5.75,0.0,inf,8,33.33,2,0
250,5,7,2,2,48,8.0,50.0,3,6.25,16.67,16.0,15,31.25,5,0
250,5,9,2,2,51,8.0,56.0,2,7.0,28.0,24.0,24,47.06,6,1
250,5,13,2,2,49,8.0,57.0,2,7.12,28.5,24.0,14,28.57,6,1
250,5,16,2,2,49,8.0,59.0,1,7.38,59.0,48.0,14,28.57,4,1
250,5,17,1,1,24,4.0,30.0,1,7.5,30.0,24.0,12,50.0,1,3
251,5,2,2,2,49,8.0,61.0,1,7.62,61.0,48.0,20,40.82,7,2
251,5,5,2,2,49,8.0,65.0,1,8.12,65.0,48.0,15,30.61,2,4
251,5,6,2,2,31,5.0,32.0,2,6.4,16.0,15.0,13,41.94,2,1
251,5,7,2,2,36,6.0,37.0,1,6.17,37.0,36.0,11,30.56,1,1
251,5,9,2,2,48,8.0,37.0,5,4.62,7.4,9.6,22,45.83,1,1
251,5,11,2,2,48,8.0,71.0,3,8.88,23.67,16.0,16,33.33,7,3
251,5,16,2,2,42,7.0,60.0,1,8.57,60.0,42.0,11,26.19,3,3
251,5,17,2,2,43,7.0,56.0,2,8.0,28.0,21.0,16,37.21,2,4
254,5,16,1,1,18,3.0,32.0,0,10.67,0.0,inf,3,16.67,3,1
255,5,2,2,2,49,8.0,47.0,4,5.88,11.75,12.0,25,51.02,2,2
255,5,5,2,2,43,7.0,43.0,4,6.14,10.75,10.75,22,51.16,4,2
255,5,6,3,3,72,12.0,75.0,3,6.25,25.0,24.0,26,36.11,2,2
255,5,7,2,2,48,8.0,28.0,2,3.5,14.0,24.0,26,54.17,1,0
255,5,11,2,2,48,8.0,51.0,1,6.38,51.0,48.0,18,37.5,3,1
255,5,13,2,2,49,8.0,43.0,7,5.38,6.14,6.86,24,48.98,3,2
255,5,16,1,1,24,4.0,26.0,2,6.5,13.0,12.0,10,41.67,2,1
255,5,17,1,1,24,4.0,11.0,1,2.75,11.0,24.0,13,54.17,0,0
257,5,6,1,1,18,3.0,13.0,1,4.33,13.0,18.0,8,44.44,0,0
257,5,13,2,2,18,3.0,25.0,0,8.33,0.0,inf,6,33.33,4,0
259,5,6,1,1,26,4.0,46.0,3,11.5,15.33,8.0,8,30.77,5,2
259,5,11,1,1,27,4.0,18.0,3,4.5,6.0,8.0,15,55.56,1,0
262,5,2,1,1,2,0.0,10.0,0,inf,0.0,inf,0,0.0,1,1
262,5,6,1,1,12,2.0,10.0,0,5.0,0.0,inf,7,58.33,0,1
262,5,9,1,1,6,1.0,3.0,1,3.0,3.0,6.0,3,50.0,0,0
274,5,5,1,1,6,1.0,19.0,0,19.0,0.0,inf,0,0.0,1,2
274,5,7,2,2,38,6.0,53.0,1,8.83,53.0,36.0,9,23.68,4,2
274,5,9,1,1,20,3.0,27.0,0,9.0,0.0,inf,6,30.0,2,1
274,5,11,1,1,25,4.0,19.0,4,4.75,4.75,6.0,14,56.0,2,0
274,5,13,1,1,18,3.0,30.0,1,10.0,30.0,18.0,6,33.33,2,2
293,5,2,1,1,24,4.0,42.0,0,10.5,0.0,inf,7,29.17,4,2
293,5,6,3,3,64,10.0,58.0,0,5.8,0.0,inf,24,37.5,2,2
293,5,7,2,2,43,7.0,34.0,3,4.86,11.33,14.0,20,46.51,4,0
293,5,9,2,2,24,4.0,31.0,0,7.75,0.0,inf,5,20.83,1,2
293,5,11,2,2,43,7.0,74.0,0,10.57,0.0,inf,13,30.23,7,4
293,5,13,2,2,46,7.0,63.0,0,9.0,0.0,inf,7,15.22,4,1
293,5,16,2,2,48,8.0,31.0,2,3.88,15.5,24.0,27,56.25,1,1
293,5,17,2,2,43,7.0,51.0,1,7.29,51.0,42.0,14,32.56,3,2
303,5,7,1,1,24,4.0,31.0,1,7.75,31.0,24.0,8,33.33,3,1
303,5,11,1,1,25,4.0,41.0,2,10.25,20.5,12.0,6,24.0,4,2
313,5,7,2,2,37,6.0,48.0,2,8.0,24.0,18.0,15,40.54,7,0
313,5,11,1,1,24,4.0,17.0,1,4.25,17.0,24.0,13,54.17,2,0
313,5,13,1,1,27,4.0,29.0,1,7.25,29.0,24.0,10,37.04,3,0
317,5,17,1,1,6,1.0,16.0,0,16.0,0.0,inf,0,0.0,0,2
321,5,2,1,1,24,4.0,19.0,2,4.75,9.5,12.0,15,62.5,3,0
321,5,6,1,1,25,4.0,24.0,1,6.0,24.0,24.0,11,44.0,3,0
321,5,11,1,1,24,4.0,34.0,4,8.5,8.5,6.0,11,45.83,5,1
321,5,16,1,1,24,4.0,32.0,0,8.0,0.0,inf,6,25.0,3,1
321,5,17,1,1,12,2.0,21.0,1,10.5,21.0,12.0,5,41.67,3,1
326,5,2,2,2,44,7.0,51.0,1,7.29,51.0,42.0,11,25.0,4,1
326,5,5,2,2,37,6.0,41.0,2,6.83,20.5,18.0,12,32.43,3,0
326,5,6,2,2,42,7.0,42.0,0,6.0,0.0,inf,19,45.24,2,2
326,5,9,1,1,26,4.0,22.0,1,5.5,22.0,24.0,11,42.31,2,0
326,5,11,2,2,44,7.0,71.0,0,10.14,0.0,inf,15,34.09,3,5
326,5,13,1,1,20,3.0,23.0,0,7.67,0.0,inf,4,20.0,2,0
326,5,16,1,1,12,2.0,16.0,0,8.0,0.0,inf,4,33.33,1,1
330,5,5,1,1,12,2.0,19.0,0,9.5,0.0,inf,1,8.33,1,1
330,5,9,1,1,8,1.0,8.0,0,8.0,0.0,inf,0,0.0,0,0
333,5,13,1,1,6,1.0,14.0,0,14.0,0.0,inf,2,33.33,0,2
340,5,2,2,2,36,6.0,49.0,2,8.17,24.5,18.0,16,44.44,8,1
340,5,6,1,1,25,4.0,34.0,2,8.5,17.0,12.0,12,48.0,5,1
340,5,16,1,1,18,3.0,37.0,0,12.33,0.0,inf,4,22.22,4,2
340,5,17,2,2,48,8.0,50.0,3,6.25,16.67,16.0,25,52.08,8,0
343,5,2,2,2,36,6.0,53.0,1,8.83,53.0,36.0,9,25.0,4,3
343,5,5,1,1,25,4.0,16.0,1,4.0,16.0,24.0,12,48.0,1,0
343,5,6,2,2,42,7.0,44.0,2,6.29,22.0,21.0,14,33.33,2,1
343,5,11,1,1,18,3.0,31.0,0,10.33,0.0,inf,3,16.67,5,0
343,5,13,2,2,42,7.0,51.0,3,7.29,17.0,14.0,16,38.1,2,3
343,5,16,1,1,24,4.0,39.0,1,9.75,39.0,24.0,9,37.5,3,3
343,5,17,2,2,37,6.0,66.0,1,11.0,66.0,36.0,9,24.32,3,6
345,5,2,1,1,18,3.0,22.0,0,7.33,0.0,inf,4,22.22,2,0
345,5,7,2,2,41,6.0,47.0,5,7.83,9.4,7.6,18,43.9,4,2
345,5,9,2,2,37,6.0,53.0,1,8.83,53.0,36.0,9,24.32,5,2
345,5,11,1,1,20,3.0,23.0,1,7.67,23.0,18.0,7,35.0,3,0
345,5,17,1,1,25,4.0,46.0,0,11.5,0.0,inf,2,8.0,4,1
353,5,2,1,1,25,4.0,28.0,1,7.0,28.0,24.0,7,28.0,2,0
353,5,6,1,1,24,4.0,30.0,0,7.5,0.0,inf,9,37.5,1,2
353,5,7,1,1,24,4.0,34.0,1,8.5,34.0,24.0,6,25.0,3,1
353,5,9,2,2,42,7.0,51.0,2,7.29,25.5,21.0,18,42.86,5,2
353,5,11,2,2,48,8.0,40.0,1,5.0,40.0,48.0,15,31.25,2,0
353,5,13,2,2,49,8.0,53.0,0,6.62,0.0,inf,11,22.45,3,0
356,5,2,2,2,20,3.0,34.0,0,11.33,0.0,inf,7,35.0,1,3
356,5,5,1,1,24,4.0,18.0,0,4.5,0.0,inf,14,58.33,1,1
356,5,6,2,2,30,5.0,41.0,1,8.2,41.0,30.0,12,40.0,2,3
356,5,7,2,2,24,4.0,20.0,2,5.0,10.0,12.0,12,50.0,2,0
356,5,9,1,1,24,4.0,19.0,1,4.75,19.0,24.0,11,45.83,0,1
356,5,11,1,1,25,4.0,33.0,0,8.25,0.0,inf,6,24.0,2,1
357,5,2,1,1,12,2.0,18.0,0,9.0,0.0,inf,3,25.0,3,0
357,5,5,1,1,24,4.0,34.0,1,8.5,34.0,23.0,9,37.5,5,1
357,5,7,1,1,18,3.0,30.0,1,10.0,30.0,18.0,6,33.33,5,0
357,5,11,1,1,25,4.0,31.0,1,7.75,31.0,24.0,11,44.0,4,1
357,5,16,1,1,15,2.0,20.0,2,10.0,10.0,6.5,6,40.0,4,0
357,5,17,1,1,19,3.0,24.0,3,8.0,8.0,6.0,11,57.89,2,2
364,5,5,1,1,25,4.0,21.0,1,5.25,21.0,24.0,12,48.0,1,1
364,5,6,2,2,49,8.0,68.0,3,8.5,22.67,16.0,14,28.57,5,3
364,5,13,2,2,46,7.0,50.0,1,7.14,50.0,46.0,23,50.0,7,1
364,5,16,2,2,44,7.0,72.0,2,10.29,36.0,21.0,10,22.73,6,3
364,5,17,1,1,12,2.0,5.0,1,2.5,5.0,12.0,7,58.33,0,0
368,5,2,2,2,31,5.0,53.0,2,10.6,26.5,15.0,7,22.58,6,2
368,5,5,1,1,24,4.0,29.0,2,7.25,14.5,12.0,9,37.5,1,2
368,5,6,1,1,25,4.0,45.0,0,11.25,0.0,inf,2,8.0,6,0
368,5,9,2,2,48,8.0,59.0,3,7.38,19.67,16.0,17,35.42,4,3
368,5,13,1,1,25,4.0,26.0,1,6.5,26.0,24.0,7,28.0,0,1
368,5,16,1,1,28,4.0,55.0,0,13.75,0.0,inf,8,28.57,6,2
368,5,17,1,1,23,3.0,43.0,2,14.33,21.5,11.5,8,34.78,6,1
380,5,2,2,2,42,7.0,62.0,3,8.86,20.67,14.0,23,54.76,6,5
380,5,5,2,2,53,8.0,62.0,5,7.75,12.4,9.6,19,35.85,5,2
380,5,6,2,2,49,8.0,46.0,2,5.75,23.0,24.0,20,40.82,5,0
380,5,7,1,1,24,4.0,18.0,0,4.5,0.0,inf,10,41.67,2,0
380,5,11,1,1,26,4.0,34.0,0,8.5,0.0,inf,6,23.08,2,1
380,5,16,2,2,50,8.0,68.0,3,8.5,22.67,16.0,16,32.0,3,4
380,5,17,2,2,52,8.0,82.0,4,10.25,20.5,12.0,18,34.62,10,3
381,5,2,2,2,30,5.0,32.0,1,6.4,32.0,30.0,10,33.33,3,1
381,5,5,1,1,24,4.0,23.0,1,5.75,23.0,24.0,9,37.5,1,1
381,5,6,2,2,24,4.0,27.0,0,6.75,0.0,inf,10,41.67,2,1
381,5,7,2,2,44,7.0,46.0,2,6.57,23.0,21.0,15,34.09,2,1
381,5,11,1,1,12,2.0,16.0,0,8.0,0.0,inf,2,16.67,1,0
386,5,2,1,1,26,4.0,31.0,2,7.75,15.5,12.0,10,38.46,4,0
386,5,6,3,3,75,12.0,82.0,5,6.83,16.4,14.2,30,40.0,8,1
386,5,7,2,2,52,8.0,41.0,4,5.12,10.25,12.0,25,48.08,4,0
386,5,9,2,2,50,8.0,59.0,1,7.38,59.0,48.0,12,24.0,5,1
386,5,11,2,2,49,8.0,45.0,3,5.62,15.0,16.0,23,46.94,4,0
386,5,16,2,2,48,8.0,43.0,7,5.38,6.14,6.57,23,47.92,2,2
386,5,17,2,2,51,8.0,49.0,0,6.12,0.0,inf,22,43.14,4,1
400,5,2,1,1,24,4.0,31.0,1,7.75,31.0,24.0,9,37.5,3,1
400,5,5,1,1,25,4.0,28.0,1,7.0,28.0,24.0,11,44.0,2,1
400,5,6,1,1,19,3.0,35.0,2,11.67,17.5,9.0,5,26.32,3,2
400,5,7,1,1,24,4.0,31.0,1,7.75,31.0,24.0,10,41.67,4,1
400,5,9,1,1,25,4.0,35.0,0,8.75,0.0,inf,8,32.0,5,0
400,5,11,1,1,25,4.0,31.0,2,7.75,15.5,12.0,8,32.0,4,0
400,5,13,1,1,26,4.0,45.0,1,11.25,45.0,24.0,8,30.77,5,2
400,5,17,2,2,43,7.0,60.0,2,8.57,30.0,21.0,12,27.91,5,3
415,5,16,1,1,6,1.0,16.0,0,16.0,0.0,inf,0,0.0,0,2
422,5,2,1,1,18,3.0,24.0,0,8.0,0.0,inf,5,27.78,3,0
422,5,13,1,1,24,4.0,36.0,1,9.0,36.0,24.0,9,37.5,5,1
423,5,13,1,1,6,1.0,8.0,0,8.0,0.0,inf,1,16.67,1,0
423,5,16,1,1,6,1.0,13.0,1,13.0,13.0,6.0,1,16.67,1,1
446,5,7,1,1,7,1.0,10.0,0,10.0,0.0,inf,1,14.29,1,0
448,5,6,1,1,6,1.0,11.0,0,11.0,0.0,inf,3,50.0,1,1
448,5,7,1,1,16,2.0,40.0,0,20.0,0.0,inf,3,18.75,1,5
448,5,11,1,1,26,4.0,28.0,0,7.0,0.0,inf,7,26.92,1,0
449,5,2,3,3,52,8.0,51.0,1,6.38,51.0,48.0,16,30.77,2,0
449,5,5,3,3,63,10.0,63.0,5,6.3,12.6,12.0,26,41.27,6,2
449,5,7,2,2,44,7.0,59.0,2,8.43,29.5,21.0,12,27.27,2,3
449,5,9,3,3,67,11.0,98.0,3,8.91,32.67,21.33,13,19.4,8,4
449,5,11,2,2,38,6.0,70.0,0,11.67,0.0,inf,10,26.32,8,3
449,5,13,2,2,43,7.0,46.0,4,6.57,11.5,10.5,17,39.53,6,0
449,5,16,2,2,31,5.0,45.0,0,9.0,0.0,inf,7,22.58,7,0
449,5,17,1,1,25,4.0,30.0,0,7.5,0.0,inf,9,36.0,3,1
451,5,5,2,2,49,8.0,51.0,4,6.38,12.75,12.0,23,46.94,3,3
451,5,6,1,1,18,3.0,9.0,0,3.0,0.0,inf,10,55.56,0,0
451,5,7,2,2,51,8.0,66.0,0,8.25,0.0,inf,13,25.49,6,2
451,5,9,2,2,36,6.0,48.0,0,8.0,0.0,inf,9,25.0,3,2
451,5,11,2,2,49,8.0,63.0,0,7.88,0.0,inf,11,22.45,6,1
451,5,16,2,2,48,8.0,55.0,3,6.88,18.33,16.0,14,29.17,1,3
451,5,17,1,1,24,4.0,26.0,1,6.5,26.0,24.0,8,33.33,2,0
463,5,2,2,2,37,6.0,54.0,1,9.0,54.0,36.0,12,32.43,7,1
463,5,5,1,1,25,4.0,44.0,0,11.0,0.0,inf,9,36.0,6,2
463,5,6,2,2,49,8.0,76.0,1,9.5,76.0,48.0,15,30.61,5,4
463,5,11,1,1,25,4.0,29.0,2,7.25,14.5,12.0,14,56.0,2,2
463,5,13,1,1,25,4.0,26.0,2,6.5,13.0,12.0,9,36.0,3,0
463,5,16,1,1,24,4.0,15.0,1,3.75,15.0,24.0,15,62.5,2,0
463,5,17,2,2,49,8.0,55.0,0,6.88,0.0,inf,25,51.02,5,3
477,5,2,2,2,49,8.0,61.0,1,7.62,61.0,48.0,24,48.98,5,3
477,5,5,2,2,49,8.0,61.0,2,7.62,30.5,24.0,18,36.73,5,2
477,5,6,2,2,49,8.0,58.0,3,7.25,19.33,16.0,22,44.9,5,3
477,5,7,2,2,53,8.0,46.0,0,5.75,0.0,inf,27,50.94,6,0
477,5,9,2,2,44,7.0,45.0,0,6.43,0.0,inf,18,40.91,6,0
477,5,11,2,2,51,8.0,74.0,0,9.25,0.0,inf,13,25.49,12,0
477,5,16,2,2,48,8.0,46.0,3,5.75,15.33,16.0,21,43.75,5,0
477,5,17,2,2,52,8.0,43.0,0,5.38,0.0,inf,25,48.08,3,1
479,5,2,1,1,13,2.0,32.0,0,16.0,0.0,inf,1,7.69,1,3
479,5,6,2,2,18,3.0,30.0,1,10.0,30.0,18.0,4,22.22,5,0
479,5,9,1,1,24,4.0,17.0,2,4.25,8.5,12.0,9,37.5,1,0
479,5,11,2,2,42,7.0,44.0,1,6.29,44.0,42.0,12,28.57,3,0
479,5,13,1,1,18,3.0,20.0,1,6.67,20.0,18.0,9,50.0,3,0
479,5,17,2,2,43,7.0,49.0,2,7.0,24.5,21.0,15,34.88,3,2
484,5,6,1,1,6,1.0,7.0,0,7.0,0.0,inf,1,16.67,0,0
484,5,17,1,1,6,1.0,5.0,1,5.0,5.0,6.0,4,66.67,1,0
500,5,11,1,1,6,1.0,16.0,0,16.0,0.0,inf,1,16.67,2,1
504,5,2,1,1,13,2.0,27.0,1,13.5,27.0,12.0,4,30.77,3,2
504,5,7,1,1,6,1.0,9.0,1,9.0,9.0,6.0,3,50.0,2,0
504,5,13,1,1,12,2.0,8.0,1,4.0,8.0,12.0,4,33.33,0,0
504,5,17,1,1,6,1.0,11.0,0,11.0,0.0,inf,1,16.67,2,0
515,5,2,1,1,12,2.0,11.0,1,5.5,11.0,12.0,5,41.67,1,0
515,5,13,2,2,49,8.0,50.0,4,6.25,12.5,12.0,13,26.53,3,1
530,5,11,1,1,2,0.0,5.0,0,inf,0.0,inf,0,0.0,1,0
538,5,2,2,2,46,7.0,44.0,4,6.29,11.0,10.5,22,47.83,5,1
538,5,5,2,2,53,8.0,79.0,3,9.88,26.33,16.0,25,47.17,8,5
538,5,9,2,2,44,7.0,51.0,3,7.29,17.0,14.0,18,40.91,4,2
538,5,11,1,1,24,4.0,8.0,2,2.0,4.0,12.0,15,62.5,0,0
538,5,13,1,1,24,4.0,20.0,1,5.0,20.0,24.0,15,62.5,4,0
538,5,16,1,1,24,4.0,31.0,1,7.75,31.0,24.0,8,33.33,2,1
541,5,5,1,1,30,5.0,40.0,0,8.0,0.0,inf,5,16.67,4,0
541,5,6,1,1,24,4.0,20.0,0,5.0,0.0,inf,14,58.33,0,1
541,5,7,2,2,49,8.0,38.0,4,4.75,9.5,12.0,23,46.94,2,0
541,5,13,1,1,28,4.0,18.0,2,4.5,9.0,12.0,13,46.43,1,0
541,5,16,1,1,26,4.0,35.0,0,8.75,0.0,inf,10,38.46,4,1
542,5,2,3,3,60,10.0,83.0,2,8.3,41.5,30.0,17,28.33,3,5
542,5,5,3,3,49,8.0,60.0,1,7.5,60.0,48.0,17,34.69,7,1
542,5,7,1,1,18,3.0,20.0,1,6.67,20.0,18.0,6,33.33,2,0
542,5,9,3,3,60,10.0,81.0,2,8.1,40.5,30.0,20,33.33,10,2
542,5,11,1,1,12,2.0,12.0,1,6.0,12.0,12.0,6,50.0,0,1
542,5,13,1,1,12,2.0,22.0,0,11.0,0.0,inf,4,33.33,3,1
542,5,16,2,2,24,4.0,31.0,2,7.75,15.5,12.0,3,12.5,1,1
542,5,17,1,1,13,2.0,27.0,0,13.5,0.0,inf,3,23.08,1,2
545,5,5,2,2,30,5.0,22.0,2,4.4,11.0,15.0,13,43.33,0,1
545,5,6,1,1,19,3.0,37.0,0,12.33,0.0,inf,6,31.58,5,1
545,5,9,2,2,52,8.0,49.0,3,6.12,16.33,16.0,22,42.31,3,1
545,5,11,2,2,42,7.0,50.0,1,7.14,50.0,42.0,16,38.1,6,1
545,5,16,2,2,48,8.0,56.0,2,7.0,28.0,24.0,12,25.0,3,2
545,5,17,2,2,49,8.0,67.0,0,8.38,0.0,inf,17,34.69,5,4
558,5,11,1,1,18,3.0,48.0,0,16.0,0.0,inf,5,27.78,10,1
559,5,2,1,1,24,4.0,19.0,2,4.75,9.5,12.0,12,50.0,2,0
559,5,5,2,2,51,8.0,22.0,5,2.75,4.4,9.6,31,60.78,1,0
559,5,6,2,2,52,8.0,50.0,2,6.25,25.0,24.0,20,38.46,3,0
559,5,7,1,1,25,4.0,46.0,0,11.5,0.0,inf,7,28.0,8,0
559,5,9,1,1,25,4.0,24.0,2,6.0,12.0,12.0,13,52.0,4,0
559,5,11,2,2,46,7.0,60.0,2,8.57,30.0,23.0,18,39.13,10,0
559,5,13,1,1,24,4.0,26.0,2,6.5,13.0,12.0,10,41.67,4,0
559,5,17,2,2,42,7.0,38.0,3,5.43,12.67,14.0,27,64.29,3,2
564,5,5,2,2,50,8.0,47.0,4,5.88,11.75,12.0,23,46.0,6,0
564,5,6,3,3,63,10.0,75.0,2,7.5,37.5,30.0,24,38.1,9,1
564,5,7,2,2,48,8.0,69.0,0,8.62,0.0,inf,18,37.5,6,4
564,5,9,3,3,64,10.0,76.0,5,7.6,15.2,12.0,20,31.25,8,1
564,5,11,2,2,50,8.0,63.0,1,7.88,63.0,48.0,13,26.0,6,1
564,5,13,2,2,49,8.0,40.0,6,5.0,6.67,8.0,28,57.14,3,1
564,5,16,1,1,21,3.0,33.0,1,11.0,33.0,18.0,4,19.05,3,1
564,5,17,2,2,38,6.0,50.0,0,8.33,0.0,inf,15,39.47,4,3
573,5,2,1,1,18,3.0,33.0,0,11.0,0.0,inf,5,27.78,1,3
573,5,5,1,1,6,1.0,8.0,1,8.0,8.0,6.0,1,16.67,1,0
573,5,7,2,2,40,6.0,49.0,0,8.17,0.0,inf,12,30.0,3,2
573,5,9,1,1,1,0.0,1.0,0,inf,0.0,0.0,0,0.0,0,0
573,5,11,1,1,13,2.0,13.0,0,6.5,0.0,inf,4,30.77,1,0
577,5,5,2,2,46,7.0,59.0,3,8.43,19.67,14.67,14,30.43,5,2
577,5,11,1,1,25,4.0,33.0,0,8.25,0.0,inf,3,12.0,3,0
577,5,16,1,1,19,3.0,42.0,0,14.0,0.0,inf,3,15.79,5,2
586,5,2,1,1,24,4.0,19.0,1,4.75,19.0,24.0,11,45.83,0,0
586,5,6,1,1,24,4.0,17.0,2,4.25,8.5,12.0,9,37.5,1,0
586,5,7,2,2,49,8.0,47.0,2,5.88,23.5,24.0,22,44.9,4,1
586,5,9,1,1,18,3.0,26.0,1,8.67,26.0,18.0,6,33.33,1,2
586,5,11,1,1,12,2.0,19.0,0,9.5,0.0,inf,3,25.0,0,2
586,5,13,1,1,21,3.0,28.0,2,9.33,14.0,9.0,4,19.05,1,1
586,5,16,1,1,25,4.0,39.0,0,9.75,0.0,inf,6,24.0,1,3
586,5,17,1,1,13,2.0,25.0,1,12.5,25.0,12.0,5,38.46,0,3
597,5,2,2,2,49,8.0,60.0,2,7.5,30.0,24.0,19,38.78,5,3
597,5,5,2,2,51,8.0,70.0,3,8.75,23.33,16.0,22,43.14,6,4
597,5,6,1,1,27,4.0,53.0,1,13.25,53.0,24.0,6,22.22,4,3
597,5,7,2,2,49,8.0,66.0,5,8.25,13.2,9.6,17,34.69,7,2
597,5,9,2,2,49,8.0,49.0,4,6.12,12.25,12.0,21,42.86,5,1
597,5,11,2,2,48,8.0,88.0,0,11.0,0.0,inf,11,22.92,9,4
597,5,13,2,2,47,7.0,72.0,1,10.29,72.0,47.0,16,34.04,8,2
597,5,16,1,1,26,4.0,22.0,3,5.5,7.33,8.0,11,42.31,0,1
604,5,17,1,1,21,3.0,24.0,1,8.0,24.0,18.0,2,9.52,1,0
607,5,2,2,2,49,8.0,60.0,2,7.5,30.0,24.0,16,32.65,9,0
607,5,5,1,1,24,4.0,41.0,1,10.25,41.0,24.0,8,33.33,4,3
607,5,7,1,1,13,2.0,20.0,0,10.0,0.0,inf,3,23.08,0,2
607,5,9,2,2,47,7.0,55.0,2,7.86,27.5,22.0,19,40.43,1,4
607,5,13,2,2,36,6.0,60.0,2,10.0,30.0,18.0,9,25.0,7,2
608,5,6,3,3,24,4.0,38.0,3,9.5,12.67,8.0,5,20.83,5,1
608,5,7,2,2,24,4.0,32.0,0,8.0,0.0,inf,5,20.83,4,0
608,5,11,2,2,19,3.0,28.0,0,9.33,0.0,inf,5,26.32,2,1
608,5,13,1,1,7,1.0,5.0,1,5.0,5.0,6.0,3,42.86,0,0
608,5,16,1,1,18,3.0,18.0,2,6.0,9.0,9.0,7,38.89,2,0
618,5,2,1,1,23,3.0,43.0,0,14.33,0.0,inf,10,43.48,4,3
618,5,6,1,1,26,4.0,46.0,1,11.5,46.0,24.0,3,11.54,2,3
618,5,13,1,1,25,4.0,47.0,0,11.75,0.0,inf,5,20.0,3,3
624,5,5,1,1,17,2.0,39.0,0,19.5,0.0,inf,2,11.76,5,2
624,5,11,1,1,7,1.0,21.0,0,21.0,0.0,inf,0,0.0,1,2
624,5,16,1,1,6,1.0,6.0,0,6.0,0.0,inf,3,50.0,1,0
630,5,2,1,1,19,3.0,36.0,0,12.0,0.0,inf,2,10.53,3,2
630,5,6,1,1,18,3.0,37.0,0,12.33,0.0,inf,7,38.89,5,2
630,5,7,1,1,27,4.0,34.0,3,8.5,11.33,8.0,8,29.63,5,0
634,5,6,2,2,18,3.0,32.0,0,10.67,0.0,inf,6,33.33,3,2
634,5,9,2,2,37,6.0,40.0,2,6.67,20.0,18.0,12,32.43,5,0
634,5,11,1,1,12,2.0,13.0,0,6.5,0.0,inf,5,41.67,0,1
634,5,17,1,1,12,2.0,10.0,0,5.0,0.0,inf,5,41.67,1,0
643,5,9,1,1,12,2.0,11.0,0,5.5,0.0,inf,5,41.67,1,0
654,5,2,1,1,6,1.0,7.0,0,7.0,0.0,inf,0,0.0,1,0
654,5,6,3,3,25,4.0,41.0,0,10.25,0.0,inf,6,24.0,5,1
654,5,7,2,2,26,4.0,35.0,2,8.75,17.5,12.0,8,30.77,0,3
654,5,11,2,2,32,5.0,47.0,0,9.4,0.0,inf,13,40.62,3,3
654,5,13,2,2,12,2.0,14.0,0,7.0,0.0,inf,4,33.33,2,0
654,5,16,1,1,12,2.0,19.0,0,9.5,0.0,inf,1,8.33,1,1
654,5,17,1,1,24,4.0,19.0,1,4.75,19.0,24.0,14,58.33,1,1
660,5,5,2,2,43,7.0,36.0,1,5.14,36.0,42.0,18,41.86,4,0
660,5,9,2,2,51,8.0,55.0,2,6.88,27.5,24.0,16,31.37,2,1
660,5,11,1,1,12,2.0,12.0,1,6.0,12.0,12.0,6,50.0,2,0
660,5,16,1,1,24,4.0,25.0,1,6.25,25.0,24.0,11,45.83,3,0
662,5,6,1,1,12,2.0,35.0,0,17.5,0.0,inf,0,0.0,2,3
665,5,2,2,2,15,2.0,29.0,0,14.5,0.0,inf,2,13.33,2,2
665,5,6,2,2,44,7.0,41.0,3,5.86,13.67,14.0,15,34.09,4,0
665,5,7,1,1,26,4.0,31.0,1,7.75,31.0,24.0,3,11.54,1,0
665,5,9,2,2,46,7.0,49.0,2,7.0,24.5,21.0,13,28.26,5,0
665,5,11,2,2,47,7.0,73.0,5,10.43,14.6,8.4,15,31.91,5,5
665,5,13,2,2,42,7.0,41.0,2,5.86,20.5,21.0,19,45.24,3,1
665,5,16,1,1,26,4.0,33.0,2,8.25,16.5,12.0,7,26.92,3,1
665,5,17,2,2,40,6.0,53.0,1,8.83,53.0,36.0,11,27.5,4,2
684,5,5,1,1,6,1.0,12.0,0,12.0,0.0,inf,0,0.0,2,0
684,5,6,2,2,24,4.0,26.0,1,6.5,26.0,24.0,8,33.33,0,2
684,5,16,2,2,13,2.0,16.0,2,8.0,8.0,6.0,4,30.77,1,1
684,5,17,1,1,12,2.0,9.0,0,4.5,0.0,inf,2,16.67,0,0
689,5,2,1,1,18,3.0,15.0,0,5.0,0.0,inf,10,55.56,1,1
689,5,6,1,1,25,4.0,46.0,0,11.5,0.0,inf,5,20.0,2,4
689,5,7,2,2,49,8.0,50.0,3,6.25,16.67,16.0,23,46.94,5,1
689,5,9,2,2,48,8.0,49.0,2,6.12,24.5,24.0,23,47.92,6,1
689,5,11,1,1,22,3.0,28.0,4,9.33,7.0,5.5,11,50.0,2,2
689,5,13,2,2,49,8.0,82.0,0,10.25,0.0,inf,16,32.65,6,5
689,5,16,2,2,49,8.0,43.0,5,5.38,8.6,9.6,24,48.98,4,1
689,5,17,1,1,28,4.0,54.0,1,13.5,54.0,24.0,11,39.29,4,4
692,5,2,2,2,52,8.0,65.0,2,8.12,32.5,24.0,18,34.62,8,1
692,5,6,2,2,49,8.0,62.0,3,7.75,20.67,16.0,20,40.82,9,1
692,5,9,1,1,27,4.0,33.0,2,8.25,16.5,12.0,11,40.74,3,1
692,5,11,1,1,22,3.0,32.0,0,10.67,0.0,inf,8,36.36,4,1
692,5,13,2,2,43,7.0,55.0,1,7.86,55.0,42.0,17,39.53,7,1
692,5,16,1,1,18,3.0,20.0,1,6.67,20.0,18.0,9,50.0,1,1
692,5,17,2,2,49,8.0,51.0,1,6.38,51.0,48.0,20,40.82,5,2
695,5,5,2,2,50,8.0,43.0,3,5.38,14.33,16.0,24,48.0,6,0
695,5,6,2,2,50,8.0,50.0,2,6.25,25.0,24.0,25,50.0,6,1
695,5,7,2,2,50,8.0,84.0,4,10.5,21.0,12.0,11,22.0,10,2
695,5,9,3,3,67,11.0,90.0,4,8.18,22.5,16.5,21,31.34,7,3
695,5,11,2,2,48,8.0,49.0,2,6.12,24.5,24.0,21,43.75,7,0
695,5,13,2,2,49,8.0,52.0,4,6.5,13.0,12.0,27,55.1,7,1
695,5,16,2,2,50,8.0,55.0,4,6.88,13.75,12.0,16,32.0,4,1
695,5,17,1,1,25,4.0,30.0,2,7.5,15.0,12.0,9,36.0,2,1
699,5,7,1,1,14,2.0,22.0,1,11.0,22.0,14.0,6,42.86,3,1
699,5,9,1,1,8,1.0,11.0,0,11.0,0.0,inf,0,0.0,1,0
699,5,11,1,1,27,4.0,21.0,2,5.25,10.5,12.0,10,37.04,1,0
699,5,13,1,1,12,2.0,27.0,0,13.5,0.0,inf,2,16.67,2,2
703,5,2,2,2,49,8.0,63.0,3,7.88,21.0,16.0,13,26.53,2,3
703,5,5,2,2,48,8.0,61.0,2,7.62,30.5,24.0,18,37.5,7,1
703,5,6,1,1,24,4.0,18.0,1,4.5,18.0,24.0,9,37.5,1,0
703,5,9,1,1,25,4.0,20.0,1,5.0,20.0,24.0,12,48.0,2,0
703,5,16,1,1,24,4.0,33.0,0,8.25,0.0,inf,6,25.0,2,1
703,5,17,2,2,50,8.0,58.0,3,7.25,19.33,16.0,15,30.0,4,0
705,5,17,1,1,6,1.0,16.0,0,16.0,0.0,inf,1,16.67,0,2
714,5,5,2,2,45,7.0,62.0,0,8.86,0.0,inf,7,15.56,4,1
714,5,6,2,2,49,8.0,48.0,2,6.0,24.0,24.0,15,30.61,1,2
714,5,7,2,2,37,6.0,44.0,0,7.33,0.0,inf,4,10.81,3,0
714,5,9,2,2,43,7.0,50.0,2,7.14,25.0,21.0,11,25.58,5,0
714,5,13,2,2,49,8.0,60.0,2,7.5,30.0,24.0,16,32.65,6,1
714,5,16,2,2,51,8.0,47.0,3,5.88,15.67,16.0,22,43.14,3,1
714,5,17,2,2,50,8.0,69.0,4,8.62,17.25,12.0,15,30.0,3,4
718,5,2,1,1,13,2.0,11.0,1,5.5,11.0,12.0,5,38.46,1,0
718,5,5,1,1,25,4.0,11.0,2,2.75,5.5,12.0,15,60.0,1,0
718,5,6,1,1,25,4.0,33.0,0,8.25,0.0,inf,11,44.0,3,2
718,5,7,1,1,26,4.0,20.0,1,5.0,20.0,24.0,9,34.62,1,0
718,5,11,1,1,27,4.0,27.0,0,6.75,0.0,inf,13,48.15,3,1
718,5,13,1,1,24,4.0,20.0,1,5.0,20.0,24.0,9,37.5,1,0
718,5,16,1,1,24,4.0,22.0,2,5.5,11.0,12.0,8,33.33,1,0
718,5,17,1,1,25,4.0,18.0,4,4.5,4.5,6.0,13,52.0,2,0
731,5,5,2,2,43,7.0,67.0,0,9.57,0.0,inf,7,16.28,7,2
731,5,6,1,1,12,2.0,13.0,0,6.5,0.0,inf,8,66.67,1,1
731,5,9,2,2,45,7.0,56.0,2,8.0,28.0,22.5,11,24.44,5,1
735,5,2,1,1,7,1.0,11.0,0,11.0,0.0,inf,2,28.57,2,0
735,5,7,1,1,12,2.0,24.0,0,12.0,0.0,inf,2,16.67,3,1
735,5,9,1,1,12,2.0,19.0,0,9.5,0.0,inf,2,16.67,3,0
735,5,16,2,2,13,2.0,23.0,0,11.5,0.0,inf,3,23.08,1,2
737,5,17,1,1,25,4.0,32.0,3,8.0,10.67,8.0,10,40.0,2,2
739,5,16,1,1,19,3.0,33.0,0,11.0,0.0,inf,5,26.32,5,1
743,5,2,1,1,24,4.0,36.0,1,9.0,36.0,24.0,6,25.0,3,2
743,5,5,2,2,49,8.0,52.0,2,6.5,26.0,24.0,24,48.98,4,1
743,5,6,1,1,19,3.0,25.0,1,8.33,25.0,18.0,5,26.32,1,1
743,5,7,1,1,24,4.0,18.0,2,4.5,9.0,12.0,11,45.83,0,1
743,5,11,1,1,24,4.0,17.0,3,4.25,5.67,8.0,11,45.83,1,0
743,5,13,1,1,24,4.0,26.0,1,6.5,26.0,24.0,8,33.33,1,1
743,5,17,1,1,21,3.0,21.0,2,7.0,10.5,9.0,3,14.29,1,0
748,5,2,1,1,26,4.0,35.0,1,8.75,35.0,24.0,8,30.77,4,1
748,5,5,2,2,44,7.0,63.0,1,9.0,63.0,42.0,14,31.82,5,3
748,5,6,2,2,49,8.0,61.0,3,7.62,20.33,16.0,14,28.57,5,1
748,5,11,1,1,26,4.0,43.0,1,10.75,43.0,24.0,7,26.92,4,2
748,5,13,1,1,24,4.0,31.0,2,7.75,15.5,12.0,8,33.33,3,1
756,5,2,3,3,43,7.0,49.0,2,7.0,24.5,21.5,15,34.88,5,1
756,5,5,1,1,24,4.0,41.0,0,10.25,0.0,inf,4,16.67,4,2
756,5,6,3,3,61,10.0,78.0,3,7.8,26.0,20.0,11,18.03,4,2
756,5,7,2,2,42,7.0,41.0,2,5.86,20.5,21.0,10,23.81,1,1
756,5,11,2,2,37,6.0,46.0,1,7.67,46.0,36.0,9,24.32,3,1
756,5,13,2,2,49,8.0,37.0,3,4.62,12.33,16.0,17,34.69,0,0
756,5,16,1,1,25,4.0,26.0,1,6.5,26.0,24.0,5,20.0,1,0
756,5,17,2,2,42,7.0,71.0,1,10.14,71.0,42.0,11,26.19,3,6
757,5,5,1,1,6,1.0,13.0,0,13.0,0.0,inf,0,0.0,2,0
757,5,6,1,1,12,2.0,20.0,0,10.0,0.0,inf,3,25.0,3,0
757,5,7,2,2,30,5.0,29.0,1,5.8,29.0,30.0,9,30.0,1,0
757,5,13,1,1,6,1.0,8.0,1,8.0,8.0,6.0,2,33.33,1,0
757,5,16,1,1,6,1.0,8.0,1,8.0,8.0,6.0,1,16.67,1,0
768,5,2,2,2,49,8.0,69.0,4,8.62,17.25,12.0,11,22.45,5,3
768,5,5,2,2,49,8.0,40.0,3,5.0,13.33,16.0,18,36.73,1,0
768,5,6,1,1,24,4.0,21.0,3,5.25,7.0,8.0,10,41.67,1,0
768,5,7,1,1,24,4.0,16.0,2,4.0,8.0,12.0,11,45.83,1,0
768,5,9,1,1,26,4.0,31.0,2,7.75,15.5,12.0,6,23.08,2,1
768,5,11,1,1,24,4.0,35.0,0,8.75,0.0,inf,6,25.0,2,2
768,5,16,2,2,49,8.0,48.0,1,6.0,48.0,48.0,20,40.82,1,3
770,5,2,2,2,37,6.0,36.0,3,6.0,12.0,12.0,18,48.65,5,0
770,5,16,1,1,24,4.0,27.0,0,6.75,0.0,inf,6,25.0,3,0
770,5,17,1,1,26,4.0,46.0,0,11.5,0.0,inf,6,23.08,4,2
771,5,6,1,1,6,1.0,11.0,0,11.0,0.0,inf,0,0.0,0,1
771,5,13,1,1,12,2.0,15.0,0,7.5,0.0,inf,4,33.33,2,0
4,6,2,2,2,38,6.0,52.0,1,8.67,52.0,36.0,16,42.11,8,1
4,6,5,1,1,19,3.0,21.0,0,7.0,0.0,inf,5,26.32,2,0
4,6,6,2,2,48,8.0,82.0,1,10.25,82.0,48.0,8,16.67,8,3
4,6,7,2,2,50,8.0,75.0,3,9.38,25.0,16.0,16,32.0,5,5
4,6,11,2,2,45,7.0,53.0,1,7.57,53.0,42.0,10,22.22,5,0
4,6,13,2,2,48,8.0,38.0,5,4.75,7.6,9.6,19,39.58,4,0
4,6,15,2,2,31,5.0,26.0,3,5.2,8.67,10.0,14,45.16,2,1
4,6,17,2,2,50,8.0,47.0,2,5.88,23.5,24.0,24,48.0,2,2
6,6,2,1,1,24,4.0,21.0,1,5.25,21.0,24.0,8,33.33,1,0
6,6,5,4,4,72,12.0,91.0,6,7.58,15.17,12.0,27,37.5,6,5
6,6,7,2,2,49,8.0,53.0,2,6.62,26.5,24.0,24,48.98,4,3
6,6,9,2,2,36,6.0,33.0,3,5.5,11.0,12.0,15,41.67,0,2
6,6,11,2,2,27,4.0,54.0,0,13.5,0.0,inf,4,14.81,2,4
6,6,13,1,1,24,4.0,29.0,1,7.25,29.0,24.0,6,25.0,3,0
6,6,15,2,2,18,3.0,22.0,0,7.33,0.0,inf,10,55.56,1,2
6,6,17,1,1,12,2.0,20.0,0,10.0,0.0,inf,1,8.33,1,1
7,6,11,1,1,14,2.0,17.0,0,8.5,0.0,inf,6,42.86,3,0
14,6,2,1,1,24,4.0,40.0,0,10.0,0.0,inf,6,25.0,4,2
14,6,5,2,2,48,8.0,56.0,2,7.0,28.0,24.0,20,41.67,5,2
14,6,6,1,1,25,4.0,34.0,0,8.5,0.0,inf,6,24.0,2,1
14,6,7,2,2,48,8.0,61.0,4,7.62,15.25,12.0,16,33.33,8,1
14,6,9,2,2,49,8.0,56.0,6,7.0,9.33,8.0,24,48.98,5,3
14,6,11,1,1,24,4.0,23.0,0,5.75,0.0,inf,9,37.5,2,0
14,6,15,1,1,24,4.0,36.0,1,9.0,36.0,23.0,7,29.17,1,3
14,6,17,1,1,25,4.0,24.0,2,6.0,12.0,12.0,11,44.0,3,0
25,6,7,1,1,24,4.0,27.0,2,6.75,13.5,12.0,10,41.67,3,0
25,6,9,1,1,18,3.0,18.0,1,6.0,18.0,18.0,11,61.11,2,1
34,6,2,1,1,21,3.0,27.0,1,9.0,27.0,18.0,5,23.81,3,0
34,6,6,1,1,12,2.0,24.0,0,12.0,0.0,inf,2,16.67,5,0
34,6,9,1,1,20,3.0,28.0,2,9.33,14.0,9.0,8,40.0,2,1
45,6,2,1,1,25,4.0,34.0,0,8.5,0.0,inf,7,28.0,3,1
47,6,2,1,1,25,4.0,38.0,0,9.5,0.0,inf,10,40.0,1,4
47,6,5,1,1,24,4.0,28.0,1,7.0,28.0,23.0,12,50.0,3,1
47,6,6,1,1,24,4.0,35.0,1,8.75,35.0,24.0,6,25.0,2,2
50,6,2,1,1,18,3.0,10.0,2,3.33,5.0,9.0,10,55.56,0,0
50,6,5,1,1,13,2.0,15.0,0,7.5,0.0,inf,3,23.08,1,0
50,6,6,2,2,33,5.0,64.0,0,12.8,0.0,inf,5,15.15,7,2
50,6,9,1,1,6,1.0,9.0,0,9.0,0.0,inf,3,50.0,2,0
50,6,11,3,3,44,7.0,48.0,2,6.86,24.0,22.0,18,40.91,3,2
50,6,13,1,1,24,4.0,22.0,4,5.5,5.5,6.0,11,45.83,1,1
58,6,2,2,2,51,8.0,49.0,7,6.12,7.0,6.86,25,49.02,7,0
58,6,5,2,2,48,8.0,58.0,0,7.25,0.0,inf,16,33.33,5,2
58,6,6,1,1,13,2.0,16.0,0,8.0,0.0,inf,4,30.77,2,0
58,6,7,1,1,24,4.0,37.0,2,9.25,18.5,12.0,6,25.0,3,2
58,6,9,2,2,48,8.0,61.0,0,7.62,0.0,inf,18,37.5,6,2
58,6,11,2,2,42,7.0,62.0,1,8.86,62.0,42.0,10,23.81,8,0
58,6,13,1,1,24,4.0,34.0,1,8.5,34.0,24.0,8,33.33,5,0
58,6,15,2,2,49,8.0,53.0,2,6.62,26.5,24.0,15,30.61,4,1
63,6,7,1,1,6,1.0,5.0,0,5.0,0.0,inf,1,16.67,0,0
63,6,13,1,1,6,1.0,18.0,0,18.0,0.0,inf,1,16.67,1,2
64,6,5,1,1,24,4.0,49.0,2,12.25,24.5,12.0,6,25.0,3,4
64,6,6,1,1,24,4.0,37.0,0,9.25,0.0,inf,9,37.5,3,2
64,6,7,1,1,25,4.0,27.0,0,6.75,0.0,inf,6,24.0,3,0
64,6,9,2,2,43,7.0,57.0,2,8.14,28.5,21.0,19,44.19,7,2
64,6,11,1,1,25,4.0,35.0,2,8.75,17.5,12.0,10,40.0,3,1
64,6,13,2,2,42,7.0,66.0,3,9.43,22.0,14.0,17,40.48,8,3
64,6,15,1,1,13,2.0,14.0,1,7.0,14.0,12.0,5,38.46,2,0
64,6,17,1,1,25,4.0,31.0,1,7.75,31.0,24.0,12,48.0,4,1
66,6,6,1,1,6,1.0,9.0,0,9.0,0.0,inf,0,0.0,1,0
74,6,2,1,1,18,3.0,21.0,1,7.0,21.0,18.0,8,44.44,3,0
74,6,5,2,2,42,7.0,64.0,3,9.14,21.33,13.67,11,26.19,8,2
74,6,6,2,2,36,6.0,44.0,0,7.33,0.0,inf,13,36.11,2,2
74,6,7,1,1,25,4.0,29.0,0,7.25,0.0,inf,12,48.0,5,0
74,6,9,1,1,19,3.0,21.0,1,7.0,21.0,18.0,9,47.37,3,0
74,6,13,1,1,24,4.0,19.0,1,4.75,19.0,24.0,7,29.17,1,0
74,6,15,3,3,56,9.0,67.0,2,7.44,33.5,27.0,22,39.29,6,3
74,6,17,2,2,36,6.0,33.0,5,5.5,6.6,7.2,19,52.78,3,1
90,6,6,2,2,18,3.0,41.0,0,13.67,0.0,inf,1,5.56,4,2
90,6,11,1,1,6,1.0,10.0,0,10.0,0.0,inf,0,0.0,1,0
97,6,2,2,2,19,3.0,33.0,0,11.0,0.0,inf,3,15.79,5,0
97,6,5,1,1,24,4.0,43.0,1,10.75,43.0,24.0,1,4.17,2,2
97,6,6,1,1,19,3.0,15.0,2,5.0,7.5,9.0,6,31.58,1,0
104,6,6,1,1,5,0.0,15.0,0,inf,0.0,inf,1,20.0,2,1
104,6,7,1,1,12,2.0,21.0,1,10.5,21.0,12.0,2,16.67,1,1
104,6,9,1,1,12,2.0,15.0,1,7.5,15.0,12.0,4,33.33,2,0
104,6,17,2,2,12,2.0,19.0,1,9.5,19.0,12.0,3,25.0,2,1
105,6,5,1,1,24,4.0,35.0,1,8.75,35.0,24.0,7,29.17,2,2
105,6,6,1,1,19,3.0,19.0,1,6.33,19.0,18.0,5,26.32,1,0
105,6,13,1,1,24,4.0,17.0,1,4.25,17.0,24.0,13,54.17,2,0
108,6,5,1,1,24,4.0,50.0,1,12.5,50.0,24.0,6,25.0,3,4
108,6,6,1,1,24,4.0,18.0,1,4.5,18.0,24.0,16,66.67,3,0
108,6,7,1,1,24,4.0,22.0,1,5.5,22.0,24.0,7,29.17,1,0
108,6,11,1,1,26,4.0,26.0,2,6.5,13.0,12.0,11,42.31,2,1
108,6,13,2,2,48,8.0,57.0,2,7.12,28.5,24.0,17,35.42,7,0
108,6,15,1,1,25,4.0,18.0,1,4.5,18.0,24.0,6,24.0,0,0
108,6,17,1,1,24,4.0,18.0,1,4.5,18.0,24.0,10,41.67,1,0
110,6,5,1,1,1,0.0,0.0,1,,0.0,1.0,1,100.0,0,0
111,6,2,2,2,24,4.0,26.0,0,6.5,0.0,inf,4,16.67,1,0
111,6,5,2,2,36,6.0,34.0,2,5.67,17.0,18.0,16,44.44,3,1
111,6,9,1,1,6,1.0,11.0,0,11.0,0.0,inf,1,16.67,0,1
111,6,11,2,2,37,6.0,43.0,2,7.17,21.5,18.0,8,21.62,4,0
111,6,13,1,1,12,2.0,15.0,1,7.5,15.0,12.0,4,33.33,0,1
111,6,15,1,1,12,2.0,8.0,1,4.0,8.0,12.0,6,50.0,0,0
111,6,17,1,1,6,1.0,15.0,0,15.0,0.0,inf,0,0.0,3,0
116,6,5,1,1,6,1.0,13.0,0,13.0,0.0,inf,1,16.67,1,1
116,6,9,1,1,19,3.0,24.0,0,8.0,0.0,inf,5,26.32,1,1
116,6,11,1,1,19,3.0,31.0,0,10.33,0.0,inf,4,21.05,3,1
117,6,13,1,1,12,2.0,18.0,1,9.0,18.0,12.0,3,25.0,1,1
122,6,2,1,1,25,4.0,20.0,1,5.0,20.0,24.0,11,44.0,1,0
122,6,9,1,1,26,4.0,22.0,1,5.5,22.0,24.0,13,50.0,1,1
129,6,6,1,1,12,2.0,17.0,4,8.5,4.25,3.0,7,58.33,2,1
129,6,13,1,1,26,4.0,30.0,1,7.5,30.0,24.0,11,42.31,3,1
134,6,2,2,2,49,8.0,52.0,5,6.5,10.4,9.6,27,55.1,8,1
134,6,5,2,2,50,8.0,98.0,2,12.25,49.0,24.0,14,28.0,10,5
134,6,6,2,2,48,8.0,75.0,2,9.38,37.5,24.0,12,25.0,8,2
134,6,11,1,1,18,3.0,21.0,0,7.0,0.0,inf,7,38.89,3,0
134,6,13,2,2,38,6.0,65.0,0,10.83,0.0,inf,8,21.05,10,0
134,6,15,2,2,51,8.0,54.0,3,6.75,18.0,16.0,21,41.18,7,0
134,6,17,2,2,50,8.0,100.0,4,12.5,25.0,12.0,16,32.0,9,7
137,6,2,2,2,49,8.0,37.0,4,4.62,9.25,12.0,19,38.78,1,0
137,6,5,4,4,67,11.0,71.0,2,6.45,35.5,33.0,29,43.28,2,5
137,6,7,2,2,36,6.0,44.0,0,7.33,0.0,inf,12,33.33,3,2
137,6,9,2,2,42,7.0,47.0,2,6.71,23.5,21.0,17,40.48,2,3
137,6,11,2,2,31,5.0,43.0,2,8.6,21.5,15.0,7,22.58,1,3
137,6,13,2,2,42,7.0,55.0,2,7.86,27.5,21.0,9,21.43,3,2
137,6,15,2,2,50,8.0,44.0,2,5.5,22.0,24.0,17,34.0,4,0
137,6,17,2,2,37,6.0,49.0,1,8.17,49.0,36.0,11,29.73,4,2
144,6,2,1,1,25,4.0,49.0,2,12.25,24.5,12.0,8,32.0,8,1
144,6,6,4,4,96,16.0,108.0,6,6.75,18.0,15.0,42,43.75,10,2
144,6,7,2,2,49,8.0,41.0,5,5.12,8.2,9.6,28,57.14,5,1
144,6,9,2,2,49,8.0,39.0,4,4.88,9.75,12.0,27,55.1,4,1
144,6,11,3,3,70,11.0,87.0,2,7.91,43.5,33.0,33,47.14,14,1
144,6,13,1,1,27,4.0,29.0,2,7.25,14.5,12.0,10,37.04,2,1
144,6,15,2,2,43,7.0,64.0,2,9.14,32.0,21.0,17,39.53,10,1
144,6,17,2,2,44,7.0,42.0,1,6.0,42.0,42.0,23,52.27,6,1
148,6,6,1,1,13,2.0,20.0,0,10.0,0.0,inf,7,53.85,3,1
148,6,11,1,1,18,3.0,26.0,0,8.67,0.0,inf,6,33.33,3,1
148,6,15,1,1,26,4.0,32.0,1,8.0,32.0,24.0,8,30.77,3,0
156,6,15,1,1,12,2.0,17.0,0,8.5,0.0,inf,4,33.33,3,0
156,6,17,1,1,14,2.0,34.0,0,17.0,0.0,inf,3,21.43,2,3
158,6,2,1,1,13,2.0,13.0,1,6.5,13.0,12.0,8,61.54,2,0
158,6,5,3,3,64,10.0,65.0,2,6.5,32.5,30.0,25,39.06,3,2
158,6,7,2,2,43,7.0,46.0,3,6.57,15.33,14.0,16,37.21,4,1
158,6,9,2,2,36,6.0,41.0,2,6.83,20.5,18.0,15,41.67,7,0
158,6,11,2,2,43,7.0,68.0,1,9.71,68.0,42.0,15,34.88,8,2
158,6,13,2,2,42,7.0,58.0,2,8.29,29.0,21.0,12,28.57,9,0
158,6,15,2,2,31,5.0,48.0,1,9.6,48.0,30.0,9,29.03,2,3
158,6,17,2,2,37,6.0,62.0,3,10.33,20.67,12.0,13,35.14,4,4
163,6,9,1,1,13,2.0,19.0,0,9.5,0.0,inf,3,23.08,2,0
163,6,11,1,1,19,3.0,29.0,0,9.67,0.0,inf,7,36.84,4,1
167,6,2,1,1,8,1.0,16.0,0,16.0,0.0,inf,0,0.0,1,1
167,6,6,1,1,6,1.0,12.0,1,12.0,12.0,6.0,2,33.33,1,1
167,6,9,1,1,6,1.0,11.0,0,11.0,0.0,inf,1,16.67,0,1
167,6,13,1,1,17,2.0,35.0,0,17.5,0.0,inf,2,11.76,1,3
167,6,17,1,1,26,4.0,26.0,1,6.5,26.0,24.0,7,26.92,1,1
168,6,2,1,1,26,4.0,30.0,3,7.5,10.0,8.0,6,23.08,2,0
168,6,5,3,3,69,11.0,85.0,4,7.73,21.25,16.5,22,31.88,7,2
168,6,6,2,2,48,8.0,81.0,2,10.12,40.5,24.0,11,22.92,11,1
168,6,7,2,2,50,8.0,65.0,1,8.12,65.0,48.0,17,34.0,4,3
168,6,9,1,1,25,4.0,15.0,3,3.75,5.0,8.0,11,44.0,0,0
168,6,13,2,2,45,7.0,56.0,5,8.0,11.2,8.4,13,28.89,3,1
168,6,15,3,3,78,13.0,117.0,1,9.0,117.0,72.0,18,23.08,10,4
171,6,6,1,1,19,3.0,21.0,1,7.0,21.0,18.0,9,47.37,2,1
174,6,5,1,1,26,4.0,43.0,1,10.75,43.0,24.0,8,30.77,5,2
174,6,6,1,1,12,2.0,29.0,0,14.5,0.0,inf,0,0.0,2,2
174,6,7,1,1,24,4.0,32.0,1,8.0,32.0,24.0,9,37.5,4,1
174,6,9,1,1,26,4.0,18.0,1,4.5,18.0,24.0,15,57.69,2,0
174,6,11,1,1,12,2.0,22.0,0,11.0,0.0,inf,4,33.33,1,2
174,6,15,1,1,24,4.0,24.0,2,6.0,12.0,12.0,10,41.67,4,0
174,6,17,2,2,51,8.0,88.0,2,11.0,44.0,24.0,16,31.37,9,5
178,6,2,2,2,45,7.0,32.0,5,4.57,6.4,8.4,26,57.78,2,1
178,6,5,3,3,71,11.0,78.0,3,7.09,26.0,23.33,41,57.75,11,3
178,6,7,1,1,25,4.0,21.0,3,5.25,7.0,8.0,11,44.0,2,0
178,6,9,2,2,42,7.0,36.0,1,5.14,36.0,42.0,22,52.38,5,0
178,6,11,2,2,36,6.0,40.0,1,6.67,40.0,36.0,19,52.78,5,1
178,6,13,1,1,24,4.0,31.0,2,7.75,15.5,12.0,11,45.83,6,0
178,6,15,2,2,49,8.0,61.0,4,7.62,15.25,12.0,24,48.98,8,2
178,6,17,2,2,19,3.0,27.0,1,9.0,27.0,18.0,7,36.84,5,0
179,6,9,1,1,24,4.0,34.0,0,8.5,0.0,inf,8,33.33,3,1
189,6,6,1,1,6,1.0,6.0,1,6.0,6.0,6.0,3,50.0,1,0
189,6,7,1,1,24,4.0,27.0,0,6.75,0.0,inf,8,33.33,1,1
189,6,11,2,2,39,6.0,50.0,0,8.33,0.0,inf,12,30.77,5,1
189,6,13,1,1,26,4.0,26.0,1,6.5,26.0,24.0,11,42.31,3,0
191,6,5,1,1,12,2.0,6.0,2,3.0,3.0,6.0,5,41.67,0,0
191,6,6,1,1,18,3.0,16.0,1,5.33,16.0,18.0,7,38.89,0,1
191,6,7,1,1,12,2.0,23.0,0,11.5,0.0,inf,1,8.33,4,0
191,6,13,2,2,42,7.0,38.0,1,5.43,38.0,42.0,23,54.76,2,2
191,6,15,1,1,18,3.0,13.0,2,4.33,6.5,9.0,13,72.22,2,0
191,6,17,2,2,48,8.0,60.0,0,7.5,0.0,inf,15,31.25,6,1
210,6,2,1,1,24,4.0,18.0,1,4.5,18.0,24.0,14,58.33,3,0
210,6,7,1,1,17,2.0,38.0,0,19.0,0.0,inf,7,41.18,2,4
210,6,9,1,1,25,4.0,25.0,1,6.25,25.0,24.0,13,52.0,3,1
210,6,13,2,2,38,6.0,38.0,2,6.33,19.0,18.0,19,50.0,6,0
210,6,17,2,2,32,5.0,44.0,1,8.8,44.0,30.0,14,43.75,6,1
212,6,5,2,2,48,8.0,61.0,1,7.62,61.0,48.0,19,39.58,8,2
212,6,6,2,2,43,7.0,54.0,1,7.71,54.0,42.0,18,41.86,7,1
212,6,7,2,2,48,8.0,63.0,3,7.88,21.0,16.0,23,47.92,8,2
212,6,9,2,2,37,6.0,31.0,1,5.17,31.0,36.0,23,62.16,4,1
212,6,11,1,1,24,4.0,31.0,0,7.75,0.0,inf,7,29.17,3,1
212,6,13,2,2,39,6.0,54.0,2,9.0,27.0,18.0,14,35.9,9,0
212,6,15,2,2,27,4.0,25.0,1,6.25,25.0,26.0,14,51.85,3,0
212,6,17,2,2,49,8.0,63.0,1,7.88,63.0,48.0,16,32.65,7,1
221,6,5,1,1,12,2.0,11.0,1,5.5,11.0,12.0,5,41.67,1,0
221,6,6,1,1,6,1.0,9.0,0,9.0,0.0,inf,0,0.0,1,0
221,6,17,1,1,6,1.0,29.0,0,29.0,0.0,inf,0,0.0,1,4
223,6,2,2,2,45,7.0,45.0,4,6.43,11.25,10.5,19,42.22,0,3
223,6,5,2,2,37,6.0,38.0,3,6.33,12.67,12.0,17,45.95,6,0
223,6,7,1,1,18,3.0,20.0,0,6.67,0.0,inf,8,44.44,2,1
223,6,9,1,1,25,4.0,36.0,0,9.0,0.0,inf,6,24.0,6,0
223,6,13,1,1,24,4.0,20.0,0,5.0,0.0,inf,9,37.5,2,0
230,6,13,1,1,6,1.0,19.0,0,19.0,0.0,inf,0,0.0,1,2
230,6,15,1,1,6,1.0,4.0,1,4.0,4.0,6.0,2,33.33,0,0
234,6,2,2,2,48,8.0,31.0,2,3.88,15.5,24.0,21,43.75,0,0
234,6,5,2,2,43,7.0,60.0,2,8.57,30.0,21.0,12,27.91,2,4
234,6,6,2,2,49,8.0,67.0,3,8.38,22.33,16.0,14,28.57,5,2
234,6,7,2,2,48,8.0,38.0,7,4.75,5.43,6.86,20,41.67,1,1
234,6,9,2,2,42,7.0,48.0,1,6.86,48.0,42.0,15,35.71,4,1
234,6,11,3,3,60,10.0,44.0,3,4.4,14.67,20.0,36,60.0,0,3
234,6,13,2,2,36,6.0,49.0,2,8.17,24.5,18.0,13,36.11,4,3
234,6,17,2,2,50,8.0,57.0,1,7.12,57.0,48.0,20,40.0,5,2
240,6,2,2,2,44,7.0,42.0,4,6.0,10.5,10.75,20,45.45,4,1
240,6,5,2,2,48,8.0,92.0,0,11.5,0.0,inf,15,31.25,9,6
240,6,6,1,1,25,4.0,45.0,3,11.25,15.0,8.0,7,28.0,6,1
240,6,7,2,2,49,8.0,49.0,5,6.12,9.8,9.6,24,48.98,6,0
240,6,9,2,2,50,8.0,77.0,1,9.62,77.0,48.0,9,18.0,9,2
240,6,11,3,3,60,10.0,73.0,3,7.3,24.33,20.0,24,40.0,8,2
240,6,13,2,2,48,8.0,44.0,1,5.5,44.0,48.0,20,41.67,5,0
240,6,17,2,2,45,7.0,56.0,2,8.0,28.0,21.0,17,37.78,6,1
241,6,15,1,1,24,4.0,25.0,0,6.25,0.0,inf,7,29.17,2,0
245,6,11,1,1,26,4.0,28.0,0,7.0,0.0,inf,3,11.54,1,0
249,6,13,1,1,25,4.0,29.0,1,7.25,29.0,24.0,11,44.0,5,0
250,6,6,1,1,13,2.0,23.0,0,11.5,0.0,inf,1,7.69,2,1
250,6,9,1,1,22,3.0,22.0,1,7.33,22.0,22.0,7,31.82,2,0
250,6,11,1,1,6,1.0,19.0,0,19.0,0.0,inf,0,0.0,1,2
250,6,13,1,1,24,4.0,23.0,1,5.75,23.0,24.0,9,37.5,2,0
250,6,15,2,2,37,6.0,22.0,3,3.67,7.33,12.0,20,54.05,1,0
251,6,2,2,2,36,6.0,61.0,2,10.17,30.5,18.0,12,33.33,5,4
251,6,5,2,2,37,6.0,44.0,3,7.33,14.67,12.0,19,51.35,3,3
251,6,6,2,2,48,8.0,53.0,1,6.62,53.0,48.0,13,27.08,3,1
251,6,7,2,2,48,8.0,52.0,1,6.5,52.0,48.0,16,33.33,4,1
251,6,9,2,2,42,7.0,61.0,0,8.71,0.0,inf,7,16.67,7,1
251,6,11,2,2,44,7.0,49.0,2,7.0,24.5,22.0,13,29.55,3,1
251,6,15,2,2,48,8.0,45.0,2,5.62,22.5,24.0,19,39.58,3,0
251,6,17,2,2,49,8.0,53.0,0,6.62,0.0,inf,18,36.73,5,1
255,6,2,2,2,48,8.0,27.0,4,3.38,6.75,12.0,28,58.33,1,0
255,6,5,2,2,49,8.0,46.0,3,5.75,15.33,16.0,21,42.86,3,1
255,6,6,2,2,48,8.0,55.0,2,6.88,27.5,24.0,16,33.33,4,2
255,6,7,2,2,48,8.0,38.0,2,4.75,19.0,24.0,26,54.17,3,1
255,6,11,2,2,48,8.0,48.0,3,6.0,16.0,16.0,21,43.75,5,1
255,6,13,2,2,49,8.0,55.0,3,6.88,18.33,16.0,21,42.86,5,2
255,6,15,2,2,49,8.0,42.0,1,5.25,42.0,48.0,23,46.94,3,1
255,6,17,2,2,48,8.0,39.0,4,4.88,9.75,12.0,24,50.0,4,0
259,6,11,1,1,24,4.0,21.0,2,5.25,10.5,12.0,12,50.0,2,0
259,6,13,2,2,30,5.0,56.0,2,11.2,28.0,14.0,12,40.0,6,3
259,6,15,2,2,38,6.0,55.0,1,9.17,55.0,36.0,14,36.84,7,2
259,6,17,1,1,27,4.0,19.0,3,4.75,6.33,8.0,15,55.56,0,1
263,6,2,1,1,21,3.0,38.0,0,12.67,0.0,inf,5,23.81,5,1
263,6,17,1,1,24,4.0,32.0,3,8.0,10.67,8.0,11,45.83,5,1
269,6,2,1,1,12,2.0,21.0,1,10.5,21.0,12.0,5,41.67,3,1
269,6,7,1,1,24,4.0,44.0,1,11.0,44.0,24.0,7,29.17,4,3
269,6,9,1,1,25,4.0,24.0,2,6.0,12.0,12.0,11,44.0,3,0
269,6,11,1,1,13,2.0,6.0,1,3.0,6.0,12.0,7,53.85,0,0
269,6,13,2,2,33,5.0,58.0,0,11.6,0.0,inf,10,30.3,10,0
269,6,15,2,2,25,4.0,32.0,2,8.0,16.0,12.0,10,40.0,2,2
293,6,2,2,2,42,7.0,55.0,1,7.86,55.0,42.0,9,21.43,5,1
293,6,6,4,4,90,15.0,84.0,5,5.6,16.8,18.0,40,44.44,3,4
293,6,7,2,2,42,7.0,34.0,2,4.86,17.0,21.0,19,45.24,2,1
293,6,9,2,2,37,6.0,62.0,3,10.33,20.67,12.0,12,32.43,5,4
293,6,11,3,3,76,12.0,78.0,5,6.5,15.6,14.4,27,35.53,5,1
293,6,13,2,2,48,8.0,47.0,4,5.88,11.75,12.0,15,31.25,3,1
293,6,15,2,2,46,7.0,54.0,1,7.71,54.0,42.0,16,34.78,4,1
293,6,17,2,2,49,8.0,42.0,3,5.25,14.0,16.0,25,51.02,2,2
297,6,5,1,1,13,2.0,24.0,1,12.0,24.0,12.0,5,38.46,2,2
297,6,6,1,1,25,4.0,35.0,2,8.75,17.5,12.0,7,28.0,2,2
297,6,9,1,1,12,2.0,7.0,2,3.5,3.5,6.0,6,50.0,0,0
297,6,11,1,1,6,1.0,10.0,0,10.0,0.0,inf,1,16.67,2,0
297,6,13,1,1,22,3.0,24.0,0,8.0,0.0,inf,7,31.82,2,0
297,6,15,1,1,25,4.0,26.0,1,6.5,26.0,24.0,6,24.0,2,0
297,6,17,1,1,19,3.0,56.0,1,18.67,56.0,18.0,3,15.79,2,7
303,6,2,1,1,25,4.0,38.0,1,9.5,38.0,24.0,7,28.0,4,1
303,6,5,3,3,72,12.0,84.0,6,7.0,14.0,11.33,29,40.28,8,3
303,6,6,2,2,48,8.0,43.0,3,5.38,14.33,16.0,17,35.42,3,0
303,6,7,2,2,51,8.0,52.0,3,6.5,17.33,16.0,24,47.06,6,1
303,6,9,1,1,24,4.0,16.0,0,4.0,0.0,inf,13,54.17,2,0
303,6,13,2,2,48,8.0,67.0,3,8.38,22.33,15.67,17,35.42,9,1
303,6,15,3,3,75,12.0,64.0,11,5.33,5.82,6.55,36,48.0,6,0
303,6,17,2,2,52,8.0,63.0,1,7.88,63.0,48.0,18,34.62,3,3
317,6,2,1,1,13,2.0,15.0,1,7.5,15.0,12.0,4,30.77,1,0
317,6,6,2,2,37,6.0,44.0,1,7.33,44.0,36.0,9,24.32,3,0
321,6,6,1,1,24,4.0,30.0,0,7.5,0.0,inf,10,41.67,5,0
321,6,7,1,1,24,4.0,12.0,1,3.0,12.0,24.0,17,70.83,2,0
321,6,11,1,1,26,4.0,30.0,0,7.5,0.0,inf,13,50.0,6,0
326,6,2,1,1,24,4.0,21.0,0,5.25,0.0,inf,7,29.17,1,0
326,6,5,1,1,25,4.0,24.0,1,6.0,24.0,24.0,9,36.0,1,0
326,6,6,1,1,18,3.0,29.0,0,9.67,0.0,inf,2,11.11,3,0
326,6,7,2,2,44,7.0,54.0,3,7.71,18.0,14.0,14,31.82,5,1
326,6,9,1,1,24,4.0,17.0,1,4.25,17.0,24.0,15,62.5,1,1
326,6,11,2,2,42,7.0,67.0,1,9.57,67.0,42.0,9,21.43,5,3
326,6,13,1,1,19,3.0,24.0,2,8.0,12.0,9.0,5,26.32,1,1
326,6,15,2,2,45,7.0,48.0,1,6.86,48.0,42.0,10,22.22,1,1
330,6,7,1,1,6,1.0,2.0,0,2.0,0.0,inf,4,66.67,0,0
330,6,17,1,1,6,1.0,14.0,1,14.0,14.0,6.0,1,16.67,1,1
343,6,2,1,1,18,3.0,23.0,1,7.67,23.0,18.0,7,38.89,2,1
343,6,5,1,1,24,4.0,27.0,0,6.75,0.0,inf,11,45.83,3,1
343,6,6,2,2,48,8.0,51.0,2,6.38,25.5,24.0,17,35.42,3,1
343,6,11,2,2,49,8.0,54.0,2,6.75,27.0,24.0,16,32.65,2,2
343,6,13,2,2,36,6.0,48.0,1,8.0,48.0,36.0,10,27.78,6,0
343,6,15,2,2,48,8.0,42.0,3,5.25,14.0,16.0,21,43.75,3,1
343,6,17,1,1,24,4.0,36.0,0,9.0,0.0,inf,3,12.5,2,1
345,6,2,1,1,26,4.0,24.0,3,6.0,8.0,8.0,11,42.31,1,1
345,6,7,1,1,25,4.0,34.0,1,8.5,34.0,24.0,12,48.0,3,2
345,6,9,1,1,21,3.0,24.0,1,8.0,24.0,20.0,8,38.1,2,1
345,6,15,1,1,24,4.0,39.0,1,9.75,39.0,24.0,8,33.33,4,2
356,6,17,1,1,12,2.0,17.0,0,8.5,0.0,inf,5,41.67,2,0
361,6,2,2,3,57,9.0,74.0,2,8.22,37.0,27.0,24,42.11,6,4
361,6,5,1,1,24,4.0,35.0,1,8.75,35.0,24.0,10,41.67,5,1
361,6,6,2,2,39,6.0,51.0,4,8.5,12.75,9.0,14,35.9,2,3
361,6,7,1,1,25,4.0,21.0,2,5.25,10.5,12.0,14,56.0,1,1
361,6,9,1,1,26,4.0,17.0,1,4.25,17.0,24.0,13,50.0,1,0
361,6,11,2,2,46,7.0,47.0,4,6.71,11.75,11.5,27,58.7,4,3
361,6,13,1,1,24,4.0,27.0,1,6.75,27.0,24.0,10,41.67,2,1
364,6,15,1,1,25,4.0,34.0,1,8.5,34.0,24.0,8,32.0,3,1
371,6,2,1,1,24,4.0,23.0,3,5.75,7.67,8.0,14,58.33,3,1
371,6,5,1,1,25,4.0,39.0,2,9.75,19.5,12.0,5,20.0,3,2
371,6,15,1,1,24,4.0,21.0,3,5.25,7.0,8.0,12,50.0,3,0
371,6,17,1,1,25,4.0,36.0,0,9.0,0.0,inf,10,40.0,5,1
376,6,17,1,1,25,4.0,62.0,0,15.5,0.0,inf,5,20.0,6,4
380,6,2,2,2,49,8.0,49.0,2,6.12,24.5,24.0,23,46.94,6,0
380,6,5,2,2,49,8.0,45.0,1,5.62,45.0,48.0,17,34.69,2,1
380,6,6,2,2,37,6.0,49.0,2,8.17,24.5,18.0,13,35.14,7,0
380,6,7,2,2,49,8.0,54.0,2,6.75,27.0,24.0,26,53.06,5,2
380,6,9,1,1,24,4.0,39.0,2,9.75,19.5,12.0,7,29.17,3,2
380,6,11,2,2,50,8.0,74.0,1,9.25,74.0,48.0,16,32.0,11,1
380,6,15,1,1,24,4.0,35.0,1,8.75,35.0,24.0,11,45.83,4,2
380,6,17,2,2,50,8.0,67.0,4,8.38,16.75,12.0,20,40.0,6,3
381,6,5,2,2,48,8.0,65.0,1,8.12,65.0,48.0,19,39.58,5,4
381,6,7,1,1,24,4.0,26.0,2,6.5,13.0,12.0,9,37.5,1,1
381,6,11,1,1,18,3.0,22.0,1,7.33,22.0,18.0,5,27.78,1,1
381,6,15,1,1,23,3.0,29.0,3,9.67,9.67,7.67,8,34.78,1,2
383,6,2,2,2,46,7.0,46.0,3,6.57,15.33,14.0,24,52.17,3,2
383,6,5,2,2,50,8.0,47.0,3,5.88,15.67,16.0,24,48.0,3,2
383,6,6,2,2,53,8.0,100.0,1,12.5,100.0,48.0,13,24.53,10,5
383,6,7,2,2,49,8.0,44.0,1,5.5,44.0,48.0,26,53.06,3,1
383,6,9,1,1,25,4.0,33.0,0,8.25,0.0,inf,8,32.0,5,0
383,6,11,3,3,61,10.0,88.0,1,8.8,88.0,60.0,25,40.98,12,3
383,6,13,2,2,44,7.0,51.0,2,7.29,25.5,21.0,20,45.45,6,1
383,6,17,2,2,46,7.0,57.0,4,8.14,14.25,11.5,20,43.48,6,2
386,6,2,2,2,48,8.0,46.0,2,5.75,23.0,24.0,22,45.83,7,0
386,6,6,3,3,68,11.0,73.0,4,6.64,18.25,16.5,29,42.65,8,2
386,6,7,2,2,49,8.0,49.0,3,6.12,16.33,16.0,13,26.53,4,0
386,6,9,2,2,44,7.0,40.0,3,5.71,13.33,14.67,18,40.91,5,0
386,6,11,3,3,76,12.0,108.0,2,9.0,54.0,36.0,22,28.95,11,3
386,6,13,2,2,50,8.0,78.0,4,9.75,19.5,12.0,18,36.0,9,4
386,6,15,2,2,43,7.0,49.0,2,7.0,24.5,21.0,14,32.56,5,0
386,6,17,1,1,24,4.0,25.0,0,6.25,0.0,inf,11,45.83,3,0
387,6,11,1,1,7,1.0,12.0,0,12.0,0.0,inf,1,14.29,2,0
396,6,17,1,1,12,2.0,15.0,1,7.5,15.0,12.0,3,25.0,0,1
423,6,15,1,1,6,1.0,3.0,0,3.0,0.0,inf,3,50.0,0,0
425,6,5,1,1,24,4.0,15.0,1,3.75,15.0,24.0,12,50.0,1,0
425,6,13,1,1,24,4.0,38.0,1,9.5,38.0,24.0,7,29.17,4,1
425,6,17,1,1,24,4.0,25.0,0,6.25,0.0,inf,10,41.67,2,1
426,6,5,1,1,26,4.0,60.0,2,15.0,30.0,12.0,7,26.92,9,2
426,6,17,1,1,20,3.0,34.0,1,11.33,34.0,18.0,10,50.0,3,3
448,6,11,1,1,24,4.0,21.0,1,5.25,21.0,24.0,11,45.83,1,1
449,6,2,2,2,33,5.0,27.0,3,5.4,9.0,11.0,12,36.36,1,0
449,6,5,4,4,88,14.0,114.0,10,8.14,11.4,8.4,35,39.77,11,5
449,6,7,2,2,50,8.0,53.0,3,6.62,17.67,16.0,18,36.0,4,1
449,6,9,2,2,39,6.0,51.0,2,8.5,25.5,18.0,12,30.77,6,1
449,6,11,2,2,44,7.0,71.0,3,10.14,23.67,14.0,12,27.27,3,5
449,6,13,2,2,50,8.0,61.0,6,7.62,10.17,8.0,17,34.0,5,2
449,6,15,2,2,48,8.0,62.0,3,7.75,20.67,16.0,18,37.5,6,2
449,6,17,2,2,40,6.0,58.0,2,9.67,29.0,18.0,11,27.5,5,2
451,6,5,2,2,42,7.0,46.0,0,6.57,0.0,inf,11,26.19,3,1
451,6,6,1,1,19,3.0,22.0,0,7.33,0.0,inf,4,21.05,0,1
451,6,7,2,2,49,8.0,51.0,1,6.38,51.0,48.0,17,34.69,4,1
451,6,9,2,2,48,8.0,45.0,3,5.62,15.0,16.0,20,41.67,4,1
451,6,11,1,1,24,4.0,22.0,1,5.5,22.0,24.0,5,20.83,1,0
451,6,15,2,2,36,6.0,24.0,2,4.0,12.0,18.0,17,47.22,0,1
451,6,17,2,2,49,8.0,49.0,2,6.12,24.5,24.0,21,42.86,4,1
461,6,9,1,1,6,1.0,5.0,0,5.0,0.0,inf,4,66.67,1,0
463,6,2,2,2,50,8.0,66.0,3,8.25,22.0,16.0,20,40.0,8,2
463,6,11,1,1,25,4.0,20.0,1,5.0,20.0,24.0,14,56.0,3,0
466,6,5,1,1,19,3.0,25.0,1,8.33,25.0,18.0,7,36.84,3,1
466,6,13,1,1,6,1.0,10.0,0,10.0,0.0,inf,1,16.67,2,0
477,6,2,2,2,49,8.0,48.0,3,6.0,16.0,16.0,21,42.86,5,1
477,6,5,2,2,44,7.0,39.0,2,5.57,19.5,21.0,21,47.73,4,1
477,6,6,2,2,39,6.0,56.0,0,9.33,0.0,inf,17,43.59,3,4
477,6,7,2,2,52,8.0,67.0,2,8.38,33.5,24.0,18,34.62,7,2
477,6,9,2,2,51,8.0,54.0,2,6.75,27.0,24.0,24,47.06,6,2
477,6,11,2,2,50,8.0,37.0,2,4.62,18.5,24.0,26,52.0,4,0
477,6,15,2,2,43,7.0,44.0,1,6.29,44.0,42.0,18,41.86,3,1
477,6,17,1,1,26,4.0,28.0,0,7.0,0.0,inf,10,38.46,2,1
479,6,2,1,1,18,3.0,14.0,3,4.67,4.67,6.0,9,50.0,1,0
479,6,5,1,1,24,4.0,29.0,0,7.25,0.0,inf,6,25.0,1,1
479,6,9,2,2,42,7.0,56.0,0,8.0,0.0,inf,12,28.57,5,1
479,6,11,2,2,42,7.0,61.0,1,8.71,61.0,42.0,9,21.43,7,1
479,6,13,1,1,12,2.0,12.0,1,6.0,12.0,12.0,4,33.33,1,0
479,6,15,2,2,36,6.0,45.0,0,7.5,0.0,inf,7,19.44,3,1
479,6,17,1,1,14,2.0,23.0,0,11.5,0.0,inf,3,21.43,1,0
484,6,2,1,1,6,1.0,8.0,0,8.0,0.0,inf,2,33.33,1,0
484,6,11,1,1,12,2.0,14.0,1,7.0,14.0,12.0,5,41.67,2,0
485,6,2,1,1,12,2.0,9.0,1,4.5,9.0,12.0,5,41.67,0,0
485,6,5,2,2,43,7.0,47.0,2,6.71,23.5,21.0,16,37.21,4,1
485,6,6,2,2,37,6.0,27.0,0,4.5,0.0,inf,20,54.05,0,2
485,6,7,1,1,18,3.0,13.0,1,4.33,13.0,18.0,8,44.44,1,0
485,6,9,2,2,30,5.0,28.0,2,5.6,14.0,15.0,15,50.0,2,1
485,6,11,3,3,47,7.0,81.0,3,11.57,27.0,15.67,12,25.53,7,5
485,6,13,2,2,24,4.0,25.0,2,6.25,12.5,12.0,12,50.0,0,2
497,6,17,1,1,26,4.0,22.0,0,5.5,0.0,inf,11,42.31,3,0
515,6,2,1,1,12,2.0,17.0,1,8.5,17.0,12.0,4,33.33,3,0
541,6,2,1,1,22,3.0,39.0,0,13.0,0.0,inf,5,22.73,7,0
541,6,9,1,1,26,4.0,29.0,1,7.25,29.0,24.0,11,42.31,2,1
541,6,17,1,1,22,3.0,30.0,0,10.0,0.0,inf,7,31.82,4,0
545,6,2,2,2,53,8.0,56.0,0,7.0,0.0,inf,24,45.28,4,2
545,6,5,2,2,26,4.0,28.0,0,7.0,0.0,inf,11,42.31,4,0
545,6,6,2,2,49,8.0,36.0,2,4.5,18.0,24.0,24,48.98,3,0
545,6,9,2,2,50,8.0,47.0,4,5.88,11.75,12.0,21,42.0,5,0
545,6,11,2,2,51,8.0,79.0,2,9.88,39.5,24.0,20,39.22,11,2
545,6,13,2,2,36,6.0,47.0,1,7.83,47.0,36.0,15,41.67,6,1
545,6,15,2,2,50,8.0,35.0,4,4.38,8.75,12.0,27,54.0,3,0
545,6,17,2,2,44,7.0,43.0,0,6.14,0.0,inf,25,56.82,7,0
548,6,5,1,1,25,4.0,26.0,0,6.5,0.0,inf,9,36.0,3,0
548,6,6,1,1,18,3.0,19.0,0,6.33,0.0,inf,9,50.0,3,0
548,6,15,1,1,18,3.0,14.0,2,4.67,7.0,9.0,12,66.67,2,0
550,6,5,1,1,6,1.0,5.0,0,5.0,0.0,inf,1,16.67,0,0
550,6,9,1,1,24,4.0,23.0,1,5.75,23.0,24.0,11,45.83,3,0
559,6,2,2,2,49,8.0,32.0,4,4.0,8.0,12.0,29,59.18,3,1
559,6,5,2,2,50,8.0,50.0,0,6.25,0.0,inf,21,42.0,6,0
559,6,6,2,2,49,8.0,62.0,1,7.75,62.0,48.0,22,44.9,6,3
559,6,7,2,2,47,7.0,45.0,4,6.43,11.25,11.75,24,51.06,5,0
559,6,9,2,2,50,8.0,53.0,2,6.62,26.5,24.0,23,46.0,3,2
559,6,11,3,3,75,12.0,55.0,4,4.58,13.75,18.0,43,57.33,7,0
559,6,13,2,2,49,8.0,34.0,3,4.25,11.33,16.0,27,55.1,3,0
559,6,17,2,3,56,9.0,68.0,1,7.56,68.0,54.0,22,39.29,6,1
564,6,5,2,2,46,7.0,59.0,2,8.43,29.5,21.0,17,36.96,6,2
564,6,6,2,2,49,8.0,59.0,3,7.38,19.67,16.0,15,30.61,6,0
564,6,7,2,2,51,8.0,76.0,3,9.5,25.33,16.0,19,37.25,6,4
564,6,9,2,2,46,7.0,59.0,2,8.43,29.5,21.0,17,36.96,9,0
564,6,11,2,2,44,7.0,52.0,4,7.43,13.0,10.5,18,40.91,6,0
564,6,13,2,2,42,7.0,57.0,0,8.14,0.0,inf,17,40.48,8,2
564,6,15,2,2,36,6.0,59.0,0,9.83,0.0,inf,12,33.33,11,0
564,6,17,2,3,55,9.0,102.0,2,11.33,51.0,27.0,12,21.82,6,7
577,6,5,1,1,19,3.0,37.0,0,12.33,0.0,inf,4,21.05,0,4
577,6,6,1,1,26,4.0,29.0,0,7.25,0.0,inf,8,30.77,2,1
577,6,11,1,1,12,2.0,22.0,0,11.0,0.0,inf,3,25.0,4,0
577,6,13,1,1,6,1.0,4.0,0,4.0,0.0,inf,2,33.33,0,0
586,6,2,1,1,25,4.0,34.0,2,8.5,17.0,12.0,5,20.0,1,1
586,6,6,4,4,75,12.0,75.0,6,6.25,12.5,12.33,29,38.67,3,3
586,6,7,2,2,32,5.0,48.0,1,9.6,48.0,30.0,10,31.25,1,4
586,6,9,2,2,48,8.0,44.0,4,5.5,11.0,12.0,20,41.67,4,1
586,6,11,3,3,72,12.0,103.0,1,8.58,103.0,72.0,23,31.94,13,3
586,6,13,1,1,18,3.0,22.0,2,7.33,11.0,9.0,7,38.89,2,1
586,6,15,2,2,48,8.0,55.0,0,6.88,0.0,inf,14,29.17,3,2
597,6,2,2,2,49,8.0,64.0,2,8.0,32.0,24.0,17,34.69,9,0
597,6,5,2,2,49,8.0,65.0,4,8.12,16.25,12.0,18,36.73,7,2
597,6,6,2,2,31,5.0,46.0,2,9.2,23.0,15.0,9,29.03,4,1
597,6,7,2,2,49,8.0,55.0,4,6.88,13.75,12.0,19,38.78,4,2
597,6,9,2,2,45,7.0,53.0,4,7.57,13.25,11.0,19,42.22,6,0
597,6,11,2,2,47,7.0,57.0,4,8.14,14.25,11.75,20,42.55,7,1
597,6,13,2,2,50,8.0,83.0,1,10.38,83.0,48.0,9,18.0,8,3
597,6,15,2,3,57,9.0,90.0,2,10.0,45.0,27.0,13,22.81,3,6
604,6,7,2,2,12,2.0,10.0,0,5.0,0.0,inf,3,25.0,0,0
604,6,17,1,1,6,1.0,14.0,0,14.0,0.0,inf,1,16.67,1,1
607,6,5,2,2,37,6.0,35.0,0,5.83,0.0,inf,22,59.46,3,2
607,6,9,1,1,19,3.0,28.0,1,9.33,28.0,18.0,6,31.58,1,2
609,6,5,1,1,24,4.0,18.0,1,4.5,18.0,24.0,8,33.33,0,0
609,6,7,1,1,25,4.0,42.0,0,10.5,0.0,inf,7,28.0,6,1
609,6,9,1,1,28,4.0,50.0,0,12.5,0.0,inf,8,28.57,4,3
609,6,13,1,1,23,3.0,17.0,2,5.67,8.5,11.5,14,60.87,2,0
609,6,17,1,1,26,4.0,31.0,1,7.75,31.0,24.0,13,50.0,4,0
610,6,6,1,1,25,4.0,37.0,0,9.25,0.0,inf,7,28.0,2,1
610,6,7,1,1,24,4.0,27.0,2,6.75,13.5,12.0,9,37.5,2,1
610,6,11,1,1,23,3.0,23.0,1,7.67,23.0,23.0,9,39.13,3,0
610,6,13,1,1,25,4.0,39.0,0,9.75,0.0,inf,4,16.0,3,2
610,6,15,1,1,12,2.0,8.0,0,4.0,0.0,inf,10,83.33,2,0
610,6,17,1,1,24,4.0,36.0,1,9.0,36.0,24.0,5,20.83,5,0
622,6,9,1,1,12,2.0,17.0,1,8.5,17.0,12.0,5,41.67,3,0
622,6,17,1,1,13,2.0,33.0,0,16.5,0.0,inf,2,15.38,7,0
624,6,2,1,1,6,1.0,8.0,0,8.0,0.0,inf,2,33.33,1,0
624,6,7,2,2,12,2.0,10.0,3,5.0,3.33,4.0,7,58.33,2,0
624,6,13,1,1,7,1.0,22.0,0,22.0,0.0,inf,1,14.29,2,2
634,6,2,1,1,13,2.0,24.0,0,12.0,0.0,inf,2,15.38,1,2
634,6,15,1,1,6,1.0,15.0,0,15.0,0.0,inf,0,0.0,3,0
634,6,17,1,1,13,2.0,20.0,2,10.0,10.0,6.0,5,38.46,3,0
643,6,2,1,1,25,4.0,15.0,3,3.75,5.0,8.0,12,48.0,1,0
643,6,9,1,1,24,4.0,34.0,0,8.5,0.0,inf,4,16.67,3,1
643,6,17,1,1,13,2.0,45.0,0,22.5,0.0,inf,1,7.69,3,5
654,6,2,1,1,5,0.0,11.0,0,inf,0.0,inf,1,20.0,0,1
654,6,6,2,2,19,3.0,27.0,1,9.0,27.0,19.0,5,26.32,0,2
654,6,15,1,1,25,4.0,29.0,0,7.25,0.0,inf,8,32.0,2,1
654,6,17,1,1,6,1.0,6.0,0,6.0,0.0,inf,0,0.0,0,0
660,6,2,1,1,22,3.0,36.0,1,12.0,36.0,18.0,6,27.27,4,1
660,6,9,2,2,52,8.0,74.0,2,9.25,37.0,24.0,18,34.62,8,2
660,6,11,1,1,23,3.0,27.0,3,9.0,9.0,7.67,9,39.13,4,0
665,6,2,2,2,32,5.0,46.0,2,9.2,23.0,15.0,8,25.0,4,2
665,6,6,3,3,72,12.0,102.0,3,8.5,34.0,22.0,24,33.33,7,6
665,6,7,1,1,19,3.0,19.0,1,6.33,19.0,18.0,8,42.11,0,1
665,6,9,1,1,12,2.0,14.0,0,7.0,0.0,inf,4,33.33,1,0
665,6,11,2,2,20,3.0,30.0,3,10.0,10.0,6.0,8,40.0,4,1
665,6,13,2,2,18,3.0,37.0,1,12.33,37.0,18.0,4,22.22,4,2
665,6,15,1,1,6,1.0,10.0,0,10.0,0.0,inf,0,0.0,1,0
665,6,17,2,2,18,3.0,34.0,0,11.33,0.0,inf,4,22.22,4,1
671,6,5,2,2,45,7.0,71.0,1,10.14,71.0,42.0,9,20.0,7,2
672,6,5,1,1,12,2.0,20.0,0,10.0,0.0,inf,3,25.0,2,1
672,6,15,1,1,18,3.0,16.0,1,5.33,16.0,18.0,8,44.44,0,1
684,6,2,1,1,24,4.0,14.0,0,3.5,0.0,inf,9,37.5,0,0
684,6,5,1,1,13,2.0,32.0,0,16.0,0.0,inf,3,23.08,2,3
684,6,6,1,1,25,4.0,31.0,0,7.75,0.0,inf,6,24.0,2,1
684,6,9,1,1,6,1.0,14.0,0,14.0,0.0,inf,1,16.67,3,0
689,6,2,1,1,24,4.0,36.0,0,9.0,0.0,inf,7,29.17,6,0
689,6,6,2,2,43,7.0,61.0,3,8.71,20.33,14.0,15,34.88,8,0
689,6,17,1,1,24,4.0,40.0,0,10.0,0.0,inf,10,41.67,4,3
692,6,2,1,1,25,4.0,48.0,0,12.0,0.0,inf,4,16.0,6,1
692,6,5,1,1,26,4.0,40.0,1,10.0,40.0,24.0,7,26.92,5,1
692,6,6,2,2,31,5.0,60.0,0,12.0,0.0,inf,6,19.35,3,4
692,6,7,2,2,50,8.0,47.0,2,5.88,23.5,24.0,24,48.0,5,1
692,6,9,1,1,25,4.0,27.0,3,6.75,9.0,8.0,10,40.0,3,0
692,6,11,2,2,49,8.0,48.0,4,6.0,12.0,12.0,22,44.9,6,0
692,6,13,1,1,19,3.0,38.0,0,12.67,0.0,inf,5,26.32,4,2
692,6,15,1,1,26,4.0,27.0,3,6.75,9.0,8.0,10,38.46,3,0
695,6,5,1,1,25,4.0,43.0,1,10.75,43.0,24.0,8,32.0,7,1
695,6,6,1,1,25,4.0,42.0,1,10.5,42.0,24.0,8,32.0,6,1
695,6,7,2,2,49,8.0,72.0,0,9.0,0.0,inf,15,30.61,9,1
695,6,9,1,1,25,4.0,22.0,1,5.5,22.0,24.0,14,56.0,1,1
695,6,11,1,1,24,4.0,40.0,0,10.0,0.0,inf,6,25.0,2,2
695,6,13,1,1,24,4.0,22.0,1,5.5,22.0,24.0,12,50.0,1,1
695,6,15,1,1,25,4.0,27.0,2,6.75,13.5,12.0,9,36.0,2,0
695,6,17,2,2,50,8.0,67.0,1,8.38,67.0,48.0,19,38.0,5,3
703,6,9,1,1,21,3.0,31.0,0,10.33,0.0,inf,5,23.81,1,2
705,6,13,1,1,2,0.0,1.0,0,inf,0.0,inf,1,50.0,0,0
705,6,15,1,1,7,1.0,5.0,0,5.0,0.0,inf,2,28.57,0,0
714,6,2,2,2,48,8.0,56.0,1,7.0,56.0,48.0,15,31.25,3,2
714,6,5,2,2,48,8.0,40.0,2,5.0,20.0,24.0,24,50.0,2,1
714,6,6,2,2,32,5.0,54.0,0,10.8,0.0,inf,4,12.5,7,0
714,6,7,2,2,50,8.0,64.0,1,8.0,64.0,48.0,17,34.0,6,1
714,6,9,2,2,43,7.0,47.0,3,6.71,15.67,14.0,16,37.21,4,1
714,6,13,2,2,36,6.0,39.0,2,6.5,19.5,18.0,11,30.56,3,0
714,6,15,3,3,68,11.0,64.0,2,5.82,32.0,33.0,22,32.35,3,1
714,6,17,2,2,43,7.0,46.0,1,6.57,46.0,41.0,13,30.23,4,1
718,6,2,2,2,48,8.0,55.0,2,6.88,27.5,24.0,15,31.25,6,0
718,6,5,2,2,44,7.0,31.0,0,4.43,0.0,inf,20,45.45,1,0
718,6,6,2,2,50,8.0,73.0,1,9.12,73.0,48.0,13,26.0,8,2
718,6,7,2,2,47,7.0,60.0,4,8.57,15.0,11.25,20,42.55,5,3
718,6,13,2,2,50,8.0,83.0,2,10.38,41.5,24.0,19,38.0,10,4
718,6,15,1,1,24,4.0,30.0,0,7.5,0.0,inf,4,16.67,2,1
718,6,17,2,2,48,8.0,55.0,3,6.88,18.33,15.0,22,45.83,2,4
726,6,9,1,1,6,1.0,14.0,0,14.0,0.0,inf,1,16.67,3,0
726,6,13,2,2,19,3.0,7.0,0,2.33,0.0,inf,12,63.16,0,0
726,6,17,2,2,12,2.0,17.0,1,8.5,17.0,12.0,4,33.33,1,1
731,6,2,1,1,12,2.0,11.0,1,5.5,11.0,12.0,4,33.33,1,0
731,6,9,1,1,19,3.0,21.0,0,7.0,0.0,inf,8,42.11,3,0
732,6,2,1,1,24,4.0,30.0,0,7.5,0.0,inf,8,33.33,4,0
732,6,5,1,1,25,4.0,38.0,1,9.5,38.0,24.0,6,24.0,4,1
732,6,15,1,1,20,3.0,20.0,0,6.67,0.0,inf,6,30.0,2,0
735,6,15,1,1,6,1.0,10.0,0,10.0,0.0,inf,0,0.0,1,0
739,6,9,1,1,25,4.0,37.0,1,9.25,37.0,24.0,9,36.0,6,0
748,6,5,1,1,25,4.0,42.0,0,10.5,0.0,inf,8,32.0,1,4
748,6,6,1,1,13,2.0,13.0,0,6.5,0.0,inf,6,46.15,2,0
755,6,2,1,1,24,4.0,39.0,0,9.75,0.0,inf,10,41.67,6,1
755,6,11,2,2,50,8.0,50.0,2,6.25,25.0,24.0,20,40.0,4,1
755,6,15,2,2,45,7.0,59.0,0,8.43,0.0,inf,16,35.56,7,1
755,6,17,1,1,6,1.0,20.0,0,20.0,0.0,inf,1,16.67,0,3
756,6,2,2,2,37,6.0,44.0,2,7.33,22.0,18.0,13,35.14,4,1
756,6,5,2,2,35,5.0,54.0,2,10.8,27.0,17.5,7,20.0,5,2
756,6,6,2,2,36,6.0,43.0,1,7.17,43.0,36.0,6,16.67,3,0
756,6,7,2,2,36,6.0,45.0,1,7.5,45.0,36.0,9,25.0,0,3
756,6,11,2,2,42,7.0,42.0,2,6.0,21.0,21.0,12,28.57,4,0
756,6,13,2,2,36,6.0,47.0,1,7.83,47.0,36.0,3,8.33,4,0
756,6,15,1,1,25,4.0,33.0,2,8.25,16.5,12.0,6,24.0,2,1
756,6,17,2,2,19,3.0,24.0,0,8.0,0.0,inf,3,15.79,1,1
757,6,2,2,2,18,3.0,14.0,1,4.67,14.0,18.0,10,55.56,0,1
757,6,5,3,3,30,5.0,36.0,3,7.2,12.0,10.0,10,33.33,3,1
757,6,6,2,2,32,5.0,37.0,1,7.4,37.0,30.0,7,21.88,3,0
757,6,7,1,1,13,2.0,19.0,0,9.5,0.0,inf,7,53.85,1,2
757,6,9,1,1,6,1.0,8.0,0,8.0,0.0,inf,3,50.0,0,1
757,6,13,1,1,6,1.0,4.0,0,4.0,0.0,inf,2,33.33,0,0
757,6,15,3,3,38,6.0,36.0,1,6.0,36.0,36.0,16,42.11,3,0
757,6,17,1,1,6,1.0,8.0,0,8.0,0.0,inf,2,33.33,1,0
768,6,5,1,1,24,4.0,30.0,0,7.5,0.0,inf,7,29.17,3,1
768,6,7,1,1,19,3.0,32.0,0,10.67,0.0,inf,7,36.84,0,4
768,6,9,1,1,25,4.0,30.0,0,7.5,0.0,inf,6,24.0,4,0
768,6,13,1,1,24,4.0,44.0,1,11.0,44.0,24.0,4,16.67,4,3
768,6,15,2,2,49,8.0,41.0,2,5.12,20.5,24.0,18,36.73,3,0
4,7,2,2,2,36,6.0,53.0,2,8.83,26.5,18.0,12,33.33,5,3
4,7,5,1,1,18,3.0,23.0,0,7.67,0.0,inf,4,22.22,1,0
4,7,6,1,1,6,1.0,10.0,0,10.0,0.0,inf,1,16.67,0,1
4,7,11,1,1,6,1.0,4.0,0,4.0,0.0,inf,3,50.0,0,0
4,7,13,2,2,44,7.0,70.0,1,10.0,70.0,42.0,9,20.45,10,1
4,7,17,1,1,24,4.0,26.0,1,6.5,26.0,24.0,10,41.67,4,0
6,7,2,2,2,40,6.0,41.0,3,6.83,13.67,13.33,16,40.0,3,1
6,7,5,3,3,54,9.0,78.0,2,8.67,39.0,27.0,14,25.93,3,4
6,7,9,2,2,42,7.0,35.0,5,5.0,7.0,8.4,19,45.24,1,1
6,7,11,2,2,48,8.0,51.0,6,6.38,8.5,8.0,19,39.58,2,3
6,7,13,3,3,67,11.0,128.0,0,11.64,0.0,inf,12,17.91,11,7
6,7,15,2,2,42,7.0,65.0,1,9.29,65.0,40.0,8,19.05,4,3
6,7,17,2,2,39,6.0,45.0,2,7.5,22.5,18.0,14,35.9,2,2
25,7,2,1,1,27,4.0,40.0,1,10.0,40.0,24.0,5,18.52,4,1
25,7,6,1,1,24,4.0,18.0,1,4.5,18.0,24.0,7,29.17,0,0
25,7,9,1,1,24,4.0,33.0,1,8.25,33.0,24.0,9,37.5,4,1
25,7,15,1,1,14,2.0,22.0,0,11.0,0.0,inf,4,28.57,2,1
34,7,11,1,1,25,4.0,44.0,0,11.0,0.0,inf,8,32.0,6,2
34,7,15,1,1,6,1.0,13.0,1,13.0,13.0,6.0,1,16.67,1,1
34,7,17,1,1,27,4.0,41.0,1,10.25,41.0,24.0,9,33.33,0,4
45,7,5,1,1,25,4.0,34.0,1,8.5,34.0,24.0,10,40.0,3,2
45,7,11,1,1,25,4.0,19.0,1,4.75,19.0,24.0,15,60.0,0,1
45,7,17,2,2,37,6.0,44.0,0,7.33,0.0,inf,15,40.54,4,2
47,7,2,1,1,25,4.0,39.0,1,9.75,39.0,24.0,8,32.0,4,2
47,7,9,1,1,25,4.0,28.0,1,7.0,28.0,24.0,11,44.0,4,0
47,7,13,1,1,19,3.0,25.0,1,8.33,25.0,18.0,5,26.32,2,1
47,7,15,2,2,50,8.0,53.0,2,6.62,26.5,24.0,16,32.0,5,0
47,7,17,2,2,48,8.0,61.0,4,7.62,15.25,12.0,22,45.83,4,4
50,7,2,1,1,18,3.0,34.0,1,11.33,34.0,18.0,5,27.78,5,1
50,7,5,1,1,12,2.0,20.0,1,10.0,20.0,12.0,2,16.67,3,0
50,7,6,1,1,7,1.0,11.0,0,11.0,0.0,inf,1,14.29,2,0
50,7,9,1,1,6,1.0,7.0,0,7.0,0.0,inf,2,33.33,1,0
50,7,11,1,1,13,2.0,19.0,0,9.5,0.0,inf,3,23.08,1,1
50,7,13,1,1,13,2.0,22.0,1,11.0,22.0,12.0,4,30.77,2,1
50,7,17,2,2,19,3.0,44.0,0,14.67,0.0,inf,3,15.79,2,4
58,7,5,2,2,36,6.0,53.0,4,8.83,13.25,9.0,9,25.0,8,1
58,7,6,2,2,46,7.0,79.0,3,11.29,26.33,15.33,15,32.61,5,6
58,7,9,1,1,24,4.0,25.0,1,6.25,25.0,24.0,4,16.67,1,0
58,7,11,1,1,22,3.0,36.0,0,12.0,0.0,inf,7,31.82,3,2
58,7,13,2,2,37,6.0,34.0,1,5.67,34.0,36.0,20,54.05,1,1
58,7,15,1,1,24,4.0,43.0,0,10.75,0.0,inf,4,16.67,4,2
63,7,6,3,3,31,5.0,48.0,1,9.6,48.0,30.0,8,25.81,4,2
63,7,9,1,1,7,1.0,11.0,0,11.0,0.0,inf,1,14.29,1,0
63,7,15,1,1,6,1.0,10.0,0,10.0,0.0,inf,1,16.67,0,1
63,7,17,2,2,26,4.0,63.0,0,15.75,0.0,inf,4,15.38,3,6
64,7,5,1,1,24,4.0,34.0,2,8.5,17.0,12.0,9,37.5,3,2
64,7,13,2,2,44,7.0,75.0,3,10.71,25.0,14.0,13,29.55,11,2
64,7,17,1,1,25,4.0,33.0,3,8.25,11.0,8.0,8,32.0,2,2
73,7,15,1,1,19,3.0,29.0,1,9.67,29.0,18.0,9,47.37,6,0
74,7,2,1,1,6,1.0,11.0,0,11.0,0.0,inf,2,33.33,0,1
74,7,5,1,1,12,2.0,33.0,0,16.5,0.0,inf,2,16.67,6,1
74,7,6,1,1,6,1.0,5.0,0,5.0,0.0,inf,1,16.67,0,0
74,7,9,2,2,45,7.0,47.0,3,6.71,15.67,14.0,18,40.0,5,1
74,7,13,1,1,13,2.0,16.0,0,8.0,0.0,inf,8,61.54,2,1
74,7,15,1,1,12,2.0,13.0,3,6.5,4.33,4.0,7,58.33,3,0
74,7,17,2,2,40,6.0,40.0,1,6.67,40.0,36.0,19,47.5,5,1
86,7,2,1,1,20,3.0,9.0,1,3.0,9.0,18.0,12,60.0,0,0
86,7,5,2,2,53,8.0,71.0,3,8.88,23.67,16.0,17,32.08,4,4
86,7,6,1,1,19,3.0,29.0,2,9.67,14.5,9.0,7,36.84,4,1
86,7,9,1,1,25,4.0,16.0,3,4.0,5.33,8.0,13,52.0,1,0
86,7,11,1,1,18,3.0,41.0,0,13.67,0.0,inf,5,27.78,4,3
86,7,13,2,2,50,8.0,64.0,3,8.0,21.33,15.67,17,34.0,9,0
86,7,15,2,2,53,8.0,69.0,4,8.62,17.25,12.0,19,35.85,5,4
111,7,2,2,2,36,6.0,44.0,0,7.33,0.0,inf,8,22.22,2,2
111,7,5,2,2,14,2.0,15.0,0,7.5,0.0,inf,3,21.43,1,0
111,7,6,1,1,24,4.0,30.0,1,7.5,30.0,24.0,6,25.0,1,2
111,7,9,1,1,12,2.0,21.0,0,10.5,0.0,inf,3,25.0,1,1
111,7,11,1,1,24,4.0,35.0,4,8.75,8.75,6.0,6,25.0,2,2
111,7,13,2,2,19,3.0,32.0,0,10.67,0.0,inf,4,21.05,2,2
111,7,15,1,1,11,1.0,10.0,0,10.0,0.0,inf,3,27.27,0,0
116,7,6,1,1,12,2.0,25.0,1,12.5,25.0,12.0,2,16.67,2,2
116,7,11,1,1,19,3.0,27.0,0,9.0,0.0,inf,4,21.05,3,0
129,7,2,1,1,17,2.0,17.0,0,8.5,0.0,inf,7,41.18,2,0
129,7,6,1,1,24,4.0,31.0,0,7.75,0.0,inf,9,37.5,2,2
129,7,9,1,1,27,4.0,23.0,1,5.75,23.0,24.0,11,40.74,0,1
129,7,13,1,1,21,3.0,28.0,0,9.33,0.0,inf,9,42.86,4,1
129,7,15,1,1,24,4.0,26.0,2,6.5,13.0,12.0,8,33.33,4,0
129,7,17,1,1,25,4.0,21.0,2,5.25,10.5,12.0,12,48.0,2,0
134,7,2,1,1,25,4.0,51.0,0,12.75,0.0,inf,2,8.0,4,2
134,7,5,2,2,44,7.0,52.0,2,7.43,26.0,21.0,18,40.91,3,2
134,7,9,2,2,52,8.0,64.0,1,8.0,64.0,48.0,13,25.0,6,0
134,7,11,2,2,32,5.0,45.0,0,9.0,0.0,inf,13,40.62,4,2
134,7,13,1,1,18,3.0,19.0,1,6.33,19.0,18.0,8,44.44,3,0
134,7,15,1,1,24,4.0,39.0,1,9.75,39.0,24.0,10,41.67,2,3
137,7,2,2,2,40,6.0,32.0,3,5.33,10.67,12.0,14,35.0,0,1
137,7,5,3,3,73,12.0,76.0,4,6.33,19.0,18.0,28,38.36,2,3
137,7,9,2,2,48,8.0,45.0,1,5.62,45.0,48.0,20,41.67,3,2
137,7,11,2,2,50,8.0,66.0,2,8.25,33.0,23.5,14,28.0,4,3
137,7,13,3,3,70,11.0,123.0,3,11.18,41.0,20.0,14,20.0,9,7
137,7,15,2,2,50,8.0,46.0,0,5.75,0.0,inf,15,30.0,1,1
137,7,17,2,2,48,8.0,49.0,3,6.12,16.33,16.0,25,52.08,2,4
144,7,2,1,1,19,3.0,27.0,2,9.0,13.5,9.5,9,47.37,5,0
144,7,5,1,1,26,4.0,37.0,0,9.25,0.0,inf,11,42.31,3,2
144,7,6,3,3,77,12.0,128.0,3,10.67,42.67,24.0,23,29.87,8,8
144,7,9,4,4,91,15.0,127.0,6,8.47,21.17,14.33,34,37.36,15,4
144,7,11,1,1,25,4.0,29.0,1,7.25,29.0,24.0,11,44.0,3,1
144,7,15,2,2,53,8.0,52.0,2,6.5,26.0,24.0,23,43.4,5,1
144,7,17,2,2,49,8.0,44.0,3,5.5,14.67,16.0,24,48.98,5,0
148,7,5,1,1,24,4.0,36.0,0,9.0,0.0,inf,7,29.17,3,2
148,7,6,2,2,50,8.0,87.0,1,10.88,87.0,48.0,16,32.0,9,4
148,7,9,2,2,53,8.0,56.0,1,7.0,56.0,48.0,17,32.08,4,0
148,7,11,1,1,24,4.0,22.0,1,5.5,22.0,24.0,10,41.67,2,0
148,7,13,2,2,47,7.0,65.0,2,9.29,32.5,21.0,19,40.43,8,3
148,7,15,2,2,32,5.0,42.0,0,8.4,0.0,inf,9,28.12,5,1
148,7,17,2,2,51,8.0,61.0,2,7.62,30.5,24.0,24,47.06,6,3
155,7,11,1,1,12,2.0,28.0,0,14.0,0.0,inf,3,25.0,1,3
168,7,2,1,1,19,3.0,19.0,1,6.33,19.0,18.0,8,42.11,3,0
168,7,5,2,2,43,7.0,65.0,2,9.29,32.5,21.0,14,32.56,4,4
168,7,6,1,1,24,4.0,25.0,1,6.25,25.0,24.0,8,33.33,1,1
168,7,13,1,1,24,4.0,25.0,0,6.25,0.0,inf,4,16.67,2,0
171,7,17,1,1,21,3.0,35.0,1,11.67,35.0,18.0,8,38.1,4,2
173,7,2,1,1,24,4.0,31.0,1,7.75,31.0,24.0,9,37.5,5,0
178,7,2,2,2,42,7.0,68.0,2,9.71,34.0,21.0,13,30.95,7,3
178,7,5,3,3,72,12.0,82.0,8,6.83,10.25,9.0,29,40.28,9,2
178,7,9,2,2,36,6.0,50.0,3,8.33,16.67,12.0,12,33.33,7,1
178,7,11,2,2,36,6.0,44.0,4,7.33,11.0,9.0,17,47.22,4,1
178,7,13,3,3,66,11.0,119.0,3,10.82,39.67,21.67,22,33.33,15,5
178,7,15,2,2,42,7.0,60.0,2,8.57,30.0,21.0,11,26.19,6,1
178,7,17,2,2,30,5.0,29.0,1,5.8,29.0,30.0,14,46.67,2,1
179,7,2,2,2,49,8.0,63.0,2,7.88,31.5,24.0,18,36.73,2,4
179,7,5,2,2,48,8.0,47.0,3,5.88,15.67,16.0,15,31.25,3,1
179,7,6,2,2,48,8.0,51.0,0,6.38,0.0,inf,17,35.42,3,2
179,7,9,2,2,48,8.0,76.0,1,9.5,76.0,48.0,14,29.17,4,5
179,7,11,2,2,42,7.0,41.0,2,5.86,20.5,21.0,21,50.0,2,2
179,7,13,2,2,48,8.0,46.0,4,5.75,11.5,12.0,15,31.25,1,1
179,7,15,2,2,50,8.0,62.0,0,7.75,0.0,inf,15,30.0,1,4
189,7,2,2,2,50,8.0,64.0,1,8.0,64.0,48.0,17,34.0,7,1
189,7,5,2,2,49,8.0,53.0,3,6.62,17.67,16.0,18,36.73,3,2
189,7,6,2,2,31,5.0,44.0,1,8.8,44.0,30.0,7,22.58,3,2
189,7,9,3,3,74,12.0,100.0,1,8.33,100.0,72.0,15,20.27,6,3
189,7,11,1,1,25,4.0,25.0,2,6.25,12.5,12.0,10,40.0,3,0
189,7,15,2,2,41,6.0,65.0,3,10.83,21.67,12.67,7,17.07,3,3
189,7,17,1,1,24,4.0,14.0,2,3.5,7.0,12.0,11,45.83,0,0
209,7,2,1,1,6,1.0,9.0,0,9.0,0.0,inf,1,16.67,1,0
209,7,17,1,1,6,1.0,7.0,0,7.0,0.0,inf,2,33.33,1,0
212,7,2,1,1,18,3.0,18.0,0,6.0,0.0,inf,2,11.11,0,0
212,7,5,2,2,25,4.0,39.0,2,9.75,19.5,12.0,8,32.0,3,3
212,7,6,1,1,18,3.0,34.0,0,11.33,0.0,inf,5,27.78,2,3
212,7,9,1,1,18,3.0,20.0,0,6.67,0.0,inf,4,22.22,2,0
212,7,11,1,1,11,1.0,8.0,1,8.0,8.0,11.0,4,36.36,0,0
212,7,13,2,2,18,3.0,33.0,0,11.0,0.0,inf,5,27.78,3,2
212,7,17,2,2,36,6.0,53.0,1,8.83,53.0,35.0,13,36.11,5,3
223,7,2,1,1,18,3.0,18.0,1,6.0,18.0,18.0,7,38.89,2,0
223,7,5,1,1,20,3.0,23.0,1,7.67,23.0,18.0,9,45.0,3,0
223,7,9,1,1,13,2.0,21.0,1,10.5,21.0,12.0,4,30.77,4,0
223,7,11,1,1,12,2.0,20.0,0,10.0,0.0,inf,5,41.67,4,0
223,7,13,2,2,38,6.0,44.0,1,7.33,44.0,36.0,15,39.47,6,0
224,7,5,1,1,24,4.0,28.0,1,7.0,28.0,24.0,10,41.67,3,1
224,7,13,1,1,22,3.0,56.0,2,18.67,28.0,9.0,3,13.64,3,4
224,7,15,1,1,25,4.0,29.0,1,7.25,29.0,24.0,9,36.0,3,1
229,7,2,1,1,12,2.0,16.0,1,8.0,16.0,12.0,2,16.67,2,0
229,7,6,3,3,37,6.0,69.0,0,11.5,0.0,inf,7,18.92,9,2
229,7,9,1,1,18,3.0,33.0,0,11.0,0.0,inf,5,27.78,5,1
229,7,11,1,1,12,2.0,14.0,0,7.0,0.0,inf,6,50.0,3,0
229,7,13,1,1,13,2.0,17.0,1,8.5,17.0,12.0,5,38.46,3,0
229,7,15,2,2,22,3.0,35.0,2,11.67,17.5,9.0,10,45.45,4,2
230,7,5,2,2,24,4.0,45.0,0,11.25,0.0,inf,4,16.67,3,3
230,7,9,2,2,12,2.0,19.0,0,9.5,0.0,inf,2,16.67,2,0
230,7,11,1,1,12,2.0,6.0,0,3.0,0.0,inf,6,50.0,0,0
230,7,15,1,1,12,2.0,17.0,1,8.5,17.0,12.0,5,41.67,0,2
230,7,17,2,2,49,8.0,47.0,0,5.88,0.0,inf,17,34.69,4,0
234,7,2,2,2,43,7.0,61.0,2,8.71,30.5,21.0,12,27.91,2,4
234,7,5,2,2,43,7.0,87.0,0,12.43,0.0,inf,8,18.6,4,7
234,7,6,1,1,21,3.0,27.0,0,9.0,0.0,inf,5,23.81,2,1
234,7,9,1,1,24,4.0,38.0,0,9.5,0.0,inf,8,33.33,4,2
234,7,11,2,2,49,8.0,39.0,2,4.88,19.5,24.0,21,42.86,2,0
234,7,13,2,2,50,8.0,88.0,3,11.0,29.33,16.0,12,24.0,3,7
235,7,5,1,1,25,4.0,37.0,3,9.25,12.33,8.0,6,24.0,4,1
235,7,11,1,1,24,4.0,25.0,2,6.25,12.5,12.0,7,29.17,3,0
235,7,13,2,2,51,8.0,54.0,4,6.75,13.5,11.75,19,37.25,3,2
235,7,15,1,1,7,1.0,7.0,0,7.0,0.0,inf,1,14.29,0,0
235,7,17,1,1,24,4.0,48.0,0,12.0,0.0,inf,5,20.83,3,3
245,7,13,1,1,19,3.0,37.0,0,12.33,0.0,inf,5,26.32,3,2
245,7,15,1,1,24,4.0,38.0,0,9.5,0.0,inf,3,12.5,2,2
249,7,9,1,1,26,4.0,27.0,2,6.75,13.5,12.0,12,46.15,4,0
251,7,2,1,1,15,2.0,27.0,1,13.5,27.0,15.0,6,40.0,1,3
251,7,5,2,2,43,7.0,47.0,2,6.71,23.5,21.0,15,34.88,3,1
251,7,6,2,2,42,7.0,73.0,1,10.43,73.0,42.0,11,26.19,6,4
251,7,11,1,1,18,3.0,27.0,0,9.0,0.0,inf,6,33.33,4,0
251,7,13,4,4,96,16.0,105.0,9,6.56,11.67,10.67,31,32.29,4,4
251,7,15,1,1,24,4.0,24.0,1,6.0,24.0,24.0,10,41.67,3,0
255,7,2,2,2,48,8.0,56.0,2,7.0,28.0,24.0,15,31.25,4,2
255,7,5,2,2,48,8.0,38.0,5,4.75,7.6,9.6,23,47.92,1,1
255,7,6,2,2,49,8.0,50.0,1,6.25,50.0,48.0,18,36.73,2,2
255,7,11,2,3,54,9.0,67.0,2,7.44,33.5,27.0,18,33.33,6,1
255,7,13,4,4,97,16.0,130.0,5,8.12,26.0,19.2,37,38.14,11,6
255,7,15,2,2,48,8.0,40.0,1,5.0,40.0,48.0,23,47.92,3,1
255,7,17,2,2,48,8.0,37.0,5,4.62,7.4,9.6,23,47.92,2,0
259,7,2,2,2,44,7.0,42.0,1,6.0,42.0,42.0,16,36.36,3,1
259,7,5,2,2,45,7.0,69.0,2,9.86,34.5,21.0,15,33.33,4,5
259,7,6,1,1,22,3.0,18.0,0,6.0,0.0,inf,11,50.0,2,0
259,7,13,1,1,25,4.0,50.0,1,12.5,50.0,24.0,11,44.0,5,4
259,7,15,2,2,37,6.0,42.0,2,7.0,21.0,18.0,17,45.95,5,1
263,7,2,1,1,24,4.0,36.0,0,9.0,0.0,inf,7,29.17,3,2
263,7,6,2,2,48,8.0,73.0,0,9.12,0.0,inf,15,31.25,11,1
263,7,9,1,1,18,3.0,23.0,0,7.67,0.0,inf,6,33.33,4,0
263,7,11,2,2,45,7.0,53.0,1,7.57,53.0,42.0,17,37.78,4,2
263,7,13,2,2,51,8.0,56.0,2,7.0,28.0,24.0,22,43.14,6,1
263,7,15,1,1,24,4.0,24.0,0,6.0,0.0,inf,9,37.5,2,0
263,7,17,2,2,36,6.0,36.0,2,6.0,18.0,18.0,16,44.44,2,2
269,7,2,1,1,18,3.0,26.0,2,8.67,13.0,9.0,7,38.89,3,1
269,7,5,1,1,21,3.0,23.0,1,7.67,23.0,18.0,7,33.33,3,0
269,7,11,1,1,12,2.0,11.0,1,5.5,11.0,12.0,5,41.67,1,0
269,7,13,1,1,12,2.0,36.0,0,18.0,0.0,inf,1,8.33,5,2
293,7,2,2,2,48,8.0,53.0,1,6.62,53.0,48.0,20,41.67,5,1
293,7,6,3,3,75,12.0,76.0,4,6.33,19.0,18.0,30,40.0,2,4
293,7,9,2,2,43,7.0,47.0,2,6.71,23.5,21.0,15,34.88,5,0
293,7,11,2,2,49,8.0,56.0,3,7.0,18.67,16.0,24,48.98,4,3
293,7,13,1,1,24,4.0,34.0,2,8.5,17.0,12.0,6,25.0,2,2
293,7,15,2,2,49,8.0,43.0,0,5.38,0.0,inf,21,42.86,4,0
293,7,17,2,2,48,8.0,47.0,2,5.88,23.5,24.0,22,45.83,3,2
303,7,2,2,2,30,5.0,32.0,3,6.4,10.67,10.0,11,36.67,3,1
303,7,5,2,2,48,8.0,101.0,0,12.62,0.0,inf,12,25.0,10,7
303,7,6,2,2,44,7.0,75.0,2,10.71,37.5,20.0,8,18.18,5,4
303,7,9,2,3,45,7.0,48.0,3,6.86,16.0,14.0,14,31.11,3,1
303,7,13,2,2,42,7.0,84.0,2,12.0,42.0,20.0,7,16.67,5,5
303,7,15,2,2,44,7.0,47.0,0,6.71,0.0,inf,11,25.0,4,0
303,7,17,1,1,25,4.0,42.0,1,10.5,42.0,24.0,9,36.0,1,4
320,7,11,1,1,27,4.0,50.0,2,12.5,25.0,12.0,6,22.22,2,4
320,7,13,1,1,24,4.0,40.0,1,10.0,40.0,24.0,9,37.5,4,2
326,7,6,1,1,24,4.0,40.0,0,10.0,0.0,inf,5,20.83,5,0
326,7,11,1,1,25,4.0,51.0,1,12.75,51.0,24.0,5,20.0,2,4
342,7,2,2,2,51,8.0,59.0,3,7.38,19.67,16.0,20,39.22,5,2
342,7,5,2,2,49,8.0,50.0,2,6.25,25.0,24.0,17,34.69,5,0
342,7,6,2,2,43,7.0,56.0,0,8.0,0.0,inf,14,32.56,6,1
342,7,9,2,2,50,8.0,65.0,3,8.12,21.67,16.0,16,32.0,6,2
342,7,11,2,2,45,7.0,62.0,2,8.86,31.0,21.0,19,42.22,8,1
342,7,13,2,2,55,9.0,58.0,2,6.44,29.0,24.0,25,45.45,8,0
342,7,15,2,2,47,7.0,52.0,2,7.43,26.0,23.0,16,34.04,7,0
343,7,11,1,1,18,3.0,32.0,0,10.67,0.0,inf,4,22.22,3,1
343,7,17,1,1,18,3.0,33.0,1,11.0,33.0,18.0,5,27.78,0,4
356,7,5,1,1,24,4.0,23.0,2,5.75,11.5,12.0,10,41.67,0,1
356,7,6,1,1,24,4.0,20.0,2,5.0,10.0,12.0,12,50.0,1,1
361,7,6,1,1,12,2.0,21.0,1,10.5,21.0,12.0,5,41.67,3,1
361,7,11,1,1,25,4.0,16.0,0,4.0,0.0,inf,13,52.0,1,0
371,7,2,1,1,27,4.0,35.0,3,8.75,11.67,8.0,11,40.74,3,2
371,7,5,2,2,39,6.0,66.0,2,11.0,33.0,18.5,16,41.03,7,4
371,7,6,2,2,44,7.0,69.0,2,9.86,34.5,21.0,12,27.27,7,3
371,7,9,2,2,50,8.0,53.0,3,6.62,17.67,16.0,27,54.0,8,0
371,7,15,2,2,53,8.0,91.0,2,11.38,45.5,24.0,16,30.19,9,4
371,7,17,2,2,42,7.0,40.0,6,5.71,6.67,7.0,27,64.29,6,1
380,7,2,1,1,18,3.0,15.0,2,5.0,7.5,9.0,11,61.11,3,0
380,7,6,2,2,45,7.0,94.0,3,13.43,31.33,14.0,13,28.89,13,4
380,7,9,3,3,58,9.0,96.0,1,10.67,96.0,57.0,15,25.86,12,2
380,7,11,1,1,25,4.0,40.0,1,10.0,40.0,24.0,9,36.0,2,3
381,7,9,1,1,12,2.0,17.0,0,8.5,0.0,inf,2,16.67,2,0
383,7,6,1,1,24,4.0,37.0,2,9.25,18.5,12.0,11,45.83,2,3
383,7,11,1,1,25,4.0,29.0,1,7.25,29.0,24.0,9,36.0,3,0
383,7,17,1,1,19,3.0,35.0,0,11.67,0.0,inf,6,31.58,2,3
386,7,2,1,1,25,4.0,17.0,2,4.25,8.5,12.0,14,56.0,1,0
386,7,6,2,2,51,8.0,37.0,2,4.62,18.5,24.0,21,41.18,1,1
386,7,9,2,2,50,8.0,53.0,5,6.62,10.6,9.2,21,42.0,6,1
386,7,13,1,1,24,4.0,25.0,1,6.25,25.0,24.0,11,45.83,2,1
386,7,15,2,2,48,8.0,63.0,3,7.88,21.0,16.0,13,27.08,4,2
386,7,17,2,2,45,7.0,58.0,3,8.29,19.33,15.0,19,42.22,8,1
431,7,2,1,1,24,4.0,22.0,2,5.5,11.0,12.0,8,33.33,1,0
431,7,6,1,1,25,4.0,32.0,0,8.0,0.0,inf,6,24.0,2,1
431,7,9,2,2,52,8.0,94.0,7,11.75,13.43,6.86,16,30.77,6,8
431,7,11,1,1,25,4.0,16.0,2,4.0,8.0,12.0,12,48.0,0,0
439,7,6,1,1,25,4.0,27.0,0,6.75,0.0,inf,10,40.0,1,1
439,7,9,1,1,20,3.0,33.0,0,11.0,0.0,inf,6,30.0,4,1
439,7,17,1,1,18,3.0,16.0,0,5.33,0.0,inf,9,50.0,2,0
451,7,5,2,2,49,8.0,47.0,2,5.88,23.5,24.0,13,26.53,1,1
451,7,6,2,2,42,7.0,56.0,1,8.0,56.0,42.0,12,28.57,2,3
451,7,9,2,2,38,6.0,63.0,1,10.5,63.0,38.0,6,15.79,7,1
451,7,11,2,2,50,8.0,65.0,3,8.12,21.67,16.0,17,34.0,2,5
451,7,13,1,1,13,2.0,24.0,0,12.0,0.0,inf,2,15.38,1,1
451,7,15,1,1,25,4.0,24.0,1,6.0,24.0,24.0,12,48.0,1,1
451,7,17,1,1,18,3.0,32.0,0,10.67,0.0,inf,4,22.22,2,2
462,7,2,1,1,18,3.0,20.0,1,6.67,20.0,18.0,9,50.0,2,1
462,7,11,2,2,43,7.0,61.0,3,8.71,20.33,14.0,12,27.91,3,3
462,7,13,1,1,24,4.0,32.0,2,8.0,16.0,12.0,9,37.5,2,1
477,7,6,2,2,48,8.0,58.0,2,7.25,29.0,24.0,17,35.42,5,2
477,7,13,1,1,25,4.0,20.0,1,5.0,20.0,24.0,16,64.0,2,1
478,7,2,1,1,24,4.0,36.0,3,9.0,12.0,8.0,9,37.5,4,1
478,7,5,1,1,27,4.0,33.0,1,8.25,33.0,24.0,10,37.04,3,0
478,7,11,1,1,24,4.0,57.0,0,14.25,0.0,inf,6,25.0,3,5
484,7,5,1,1,6,1.0,5.0,0,5.0,0.0,inf,4,66.67,1,0
484,7,6,1,1,25,4.0,31.0,1,7.75,31.0,24.0,11,44.0,4,1
484,7,9,1,1,13,2.0,19.0,0,9.5,0.0,inf,2,15.38,1,1
484,7,15,2,2,14,2.0,28.0,0,14.0,0.0,inf,5,35.71,2,2
485,7,2,2,2,44,7.0,52.0,1,7.43,52.0,42.0,17,38.64,5,2
485,7,5,2,2,40,6.0,58.0,0,9.67,0.0,inf,13,32.5,5,2
485,7,6,2,2,48,8.0,54.0,3,6.75,18.0,16.0,18,37.5,3,3
485,7,9,2,2,48,8.0,57.0,5,7.12,11.4,9.6,18,37.5,2,4
485,7,11,2,2,36,6.0,28.0,1,4.67,28.0,36.0,11,30.56,0,0
485,7,13,2,2,49,8.0,83.0,1,10.38,83.0,48.0,15,30.61,6,7
485,7,17,2,2,42,7.0,44.0,4,6.29,11.0,10.5,22,52.38,2,3
538,7,2,2,2,37,6.0,43.0,2,7.17,21.5,18.0,20,54.05,7,1
538,7,5,1,1,24,4.0,39.0,2,9.75,19.5,12.0,4,16.67,3,2
538,7,9,2,2,38,6.0,64.0,0,10.67,0.0,inf,14,36.84,5,4
538,7,11,1,1,25,4.0,32.0,1,8.0,32.0,24.0,11,44.0,2,2
538,7,13,1,1,26,4.0,36.0,1,9.0,36.0,24.0,10,38.46,5,1
538,7,15,1,1,25,4.0,32.0,2,8.0,16.0,12.0,11,44.0,3,2
542,7,6,1,1,22,3.0,41.0,0,13.67,0.0,inf,4,18.18,2,3
545,7,2,2,2,49,8.0,63.0,1,7.88,63.0,48.0,16,32.65,7,1
545,7,5,2,2,51,8.0,38.0,4,4.75,9.5,12.0,28,54.9,4,0
545,7,6,2,2,48,8.0,59.0,2,7.38,29.5,24.0,17,35.42,6,2
545,7,9,2,2,37,6.0,59.0,0,9.83,0.0,inf,15,40.54,7,3
545,7,11,2,2,47,7.0,35.0,5,5.0,7.0,9.0,26,55.32,4,0
545,7,13,2,2,46,7.0,57.0,4,8.14,14.25,11.5,23,50.0,7,2
545,7,17,2,2,49,8.0,43.0,4,5.38,10.75,12.0,27,55.1,7,0
548,7,13,1,1,19,3.0,29.0,1,9.67,29.0,18.0,7,36.84,4,1
550,7,6,1,1,24,4.0,35.0,0,8.75,0.0,inf,5,20.83,0,3
550,7,9,1,1,6,1.0,22.0,0,22.0,0.0,inf,0,0.0,2,2
550,7,17,1,1,26,4.0,26.0,1,6.5,26.0,24.0,9,34.62,1,1
559,7,2,2,2,48,8.0,53.0,4,6.62,13.25,12.0,18,37.5,5,2
559,7,5,2,2,49,8.0,49.0,2,6.12,24.5,24.0,25,51.02,7,0
559,7,6,2,2,48,8.0,63.0,0,7.88,0.0,inf,23,47.92,7,3
559,7,9,2,2,49,8.0,67.0,1,8.38,67.0,48.0,21,42.86,7,3
559,7,11,2,2,50,8.0,60.0,4,7.5,15.0,12.0,22,44.0,9,1
559,7,13,2,2,49,8.0,77.0,0,9.62,0.0,inf,17,34.69,7,4
559,7,17,2,2,49,8.0,62.0,0,7.75,0.0,inf,19,38.78,4,3
563,7,6,1,1,6,1.0,13.0,0,13.0,0.0,inf,2,33.33,3,0
564,7,2,1,1,26,4.0,26.0,1,6.5,26.0,24.0,9,34.62,3,0
564,7,5,1,1,18,3.0,24.0,0,8.0,0.0,inf,5,27.78,3,0
564,7,6,1,1,26,4.0,29.0,0,7.25,0.0,inf,7,26.92,1,1
564,7,11,1,1,18,3.0,31.0,0,10.33,0.0,inf,5,27.78,2,2
564,7,13,4,4,99,16.0,114.0,5,7.12,22.8,19.2,37,37.37,14,1
564,7,15,2,2,45,7.0,58.0,3,8.29,19.33,14.0,16,35.56,8,1
564,7,17,2,2,51,8.0,85.0,2,10.62,42.5,24.0,16,31.37,9,3
573,7,5,2,2,42,7.0,44.0,0,6.29,0.0,inf,16,38.1,3,1
573,7,6,1,1,25,4.0,26.0,0,6.5,0.0,inf,6,24.0,1,0
573,7,9,2,2,30,5.0,49.0,0,9.8,0.0,inf,4,13.33,4,2
573,7,11,1,1,20,3.0,25.0,1,8.33,25.0,18.0,3,15.0,1,1
573,7,13,2,2,39,6.0,42.0,2,7.0,21.0,18.0,12,30.77,2,1
573,7,15,1,1,12,2.0,19.0,0,9.5,0.0,inf,3,25.0,0,2
573,7,17,2,2,36,6.0,35.0,0,5.83,0.0,inf,16,44.44,3,1
586,7,2,2,2,49,8.0,59.0,0,7.38,0.0,inf,14,28.57,2,3
586,7,6,2,2,42,7.0,59.0,2,8.43,29.5,21.0,20,47.62,0,7
586,7,9,2,2,48,8.0,61.0,0,7.62,0.0,inf,17,35.42,3,3
586,7,11,2,2,49,8.0,61.0,2,7.62,30.5,24.0,19,38.78,4,3
586,7,13,1,1,26,4.0,28.0,0,7.0,0.0,inf,11,42.31,1,2
586,7,15,2,2,44,7.0,75.0,0,10.71,0.0,inf,14,31.82,5,4
586,7,17,1,1,24,4.0,37.0,0,9.25,0.0,inf,5,20.83,5,0
597,7,2,2,2,42,7.0,66.0,0,9.43,0.0,inf,9,21.43,6,2
597,7,5,1,1,12,2.0,15.0,0,7.5,0.0,inf,5,41.67,2,0
597,7,6,1,1,18,3.0,26.0,0,8.67,0.0,inf,5,27.78,2,1
597,7,11,2,2,48,8.0,72.0,4,9.0,18.0,12.0,17,35.42,4,4
597,7,15,1,1,25,4.0,32.0,1,8.0,32.0,24.0,12,48.0,5,1
597,7,17,2,2,49,8.0,70.0,2,8.75,35.0,24.0,8,16.33,7,1
604,7,11,1,1,12,2.0,14.0,0,7.0,0.0,inf,3,25.0,1,0
604,7,13,1,1,6,1.0,6.0,0,6.0,0.0,inf,3,50.0,1,0
604,7,15,2,2,12,2.0,15.0,1,7.5,15.0,12.0,7,58.33,0,2
610,7,5,1,1,13,2.0,21.0,0,10.5,0.0,inf,3,23.08,4,0
610,7,9,1,1,18,3.0,29.0,0,9.67,0.0,inf,2,11.11,3,0
610,7,11,1,1,18,3.0,34.0,0,11.33,0.0,inf,5,27.78,1,3
610,7,15,1,1,8,1.0,5.0,1,5.0,5.0,6.0,3,37.5,0,0
610,7,17,1,1,25,4.0,37.0,1,9.25,37.0,24.0,11,44.0,4,2
622,7,2,2,2,42,7.0,49.0,2,7.0,24.5,21.0,23,54.76,4,2
622,7,5,3,3,68,11.0,80.0,1,7.27,80.0,66.0,33,48.53,10,3
622,7,9,2,2,36,6.0,51.0,1,8.5,51.0,36.0,12,33.33,9,0
622,7,11,2,2,42,7.0,40.0,1,5.71,40.0,42.0,23,54.76,4,1
622,7,13,2,2,49,8.0,76.0,1,9.5,76.0,48.0,17,34.69,10,3
622,7,15,1,1,18,3.0,22.0,0,7.33,0.0,inf,4,22.22,3,0
630,7,2,1,1,26,4.0,32.0,2,8.0,16.0,12.0,7,26.92,4,0
631,7,2,1,1,6,1.0,8.0,0,8.0,0.0,inf,2,33.33,1,0
634,7,2,2,2,19,3.0,23.0,1,7.67,23.0,18.0,5,26.32,2,0
634,7,13,2,2,31,5.0,61.0,2,12.2,30.5,15.0,6,19.35,5,4
634,7,15,1,1,12,2.0,11.0,1,5.5,11.0,12.0,4,33.33,1,0
651,7,2,1,1,24,4.0,32.0,0,8.0,0.0,inf,5,20.83,2,1
651,7,5,1,1,24,4.0,32.0,0,8.0,0.0,inf,6,25.0,1,2
651,7,15,1,1,24,4.0,31.0,1,7.75,31.0,24.0,11,45.83,0,3
651,7,17,1,1,24,4.0,26.0,2,6.5,13.0,12.0,12,50.0,1,2
654,7,5,1,1,6,1.0,10.0,0,10.0,0.0,inf,1,16.67,1,0
656,7,2,2,2,49,8.0,46.0,3,5.75,15.33,16.0,24,48.98,6,0
656,7,5,2,2,49,8.0,67.0,1,8.38,67.0,48.0,16,32.65,9,1
656,7,6,3,3,76,12.0,85.0,2,7.08,42.5,36.0,21,27.63,5,2
656,7,9,4,4,97,16.0,68.0,4,4.25,17.0,24.0,46,47.42,6,0
656,7,11,2,2,48,8.0,46.0,4,5.75,11.5,12.0,20,41.67,4,1
656,7,15,2,2,48,8.0,60.0,2,7.5,30.0,24.0,18,37.5,3,4
656,7,17,2,2,36,6.0,33.0,1,5.5,33.0,36.0,12,33.33,1,1
660,7,5,2,2,49,8.0,43.0,2,5.38,21.5,22.5,26,53.06,6,0
660,7,6,1,1,24,4.0,25.0,1,6.25,25.0,24.0,11,45.83,3,1
660,7,9,1,1,24,4.0,21.0,2,5.25,10.5,12.0,11,45.83,3,0
660,7,11,1,1,26,4.0,35.0,1,8.75,35.0,24.0,10,38.46,3,2
660,7,13,1,1,25,4.0,42.0,0,10.5,0.0,inf,8,32.0,6,1
660,7,15,1,1,24,4.0,38.0,0,9.5,0.0,inf,7,29.17,5,1
660,7,17,1,1,18,3.0,19.0,0,6.33,0.0,inf,9,50.0,3,0
665,7,2,1,1,6,1.0,4.0,0,4.0,0.0,inf,2,33.33,0,0
665,7,6,3,3,32,5.0,62.0,1,12.4,62.0,27.0,4,12.5,7,2
665,7,9,2,2,18,3.0,26.0,0,8.67,0.0,inf,5,27.78,3,0
665,7,11,2,2,25,4.0,44.0,1,11.0,44.0,24.0,6,24.0,4,2
665,7,13,1,1,16,2.0,32.0,0,16.0,0.0,inf,1,6.25,2,2
665,7,15,2,2,38,6.0,57.0,0,9.5,0.0,inf,7,18.42,4,2
665,7,17,1,1,25,4.0,37.0,0,9.25,0.0,inf,8,32.0,3,2
677,7,6,2,2,12,2.0,16.0,0,8.0,0.0,inf,3,25.0,2,0
679,7,9,1,1,12,2.0,18.0,0,9.0,0.0,inf,2,16.67,1,1
679,7,13,1,1,25,4.0,24.0,1,6.0,24.0,24.0,10,40.0,1,1
679,7,17,1,1,18,3.0,17.0,1,5.67,17.0,18.0,9,50.0,1,1
684,7,17,1,1,18,3.0,38.0,2,12.67,19.0,8.5,5,27.78,2,3
694,7,9,1,1,18,3.0,34.0,1,11.33,34.0,18.0,2,11.11,2,2
695,7,2,1,1,26,4.0,41.0,2,10.25,20.5,12.0,10,38.46,3,2
695,7,5,2,2,53,8.0,51.0,3,6.38,17.0,16.0,30,56.6,2,4
695,7,11,1,1,27,4.0,40.0,1,10.0,40.0,24.0,10,37.04,6,0
695,7,13,4,4,98,16.0,109.0,5,6.81,21.8,19.2,51,52.04,9,5
695,7,15,2,2,53,8.0,71.0,1,8.88,71.0,48.0,23,43.4,12,0
695,7,17,2,2,48,8.0,55.0,0,6.88,0.0,inf,24,50.0,10,0
705,7,2,1,1,12,2.0,20.0,1,10.0,20.0,12.0,4,33.33,2,1
705,7,17,1,1,6,1.0,6.0,0,6.0,0.0,inf,0,0.0,0,0
718,7,5,1,1,24,4.0,38.0,1,9.5,38.0,24.0,8,33.33,5,1
718,7,6,1,1,26,4.0,43.0,2,10.75,21.5,12.0,6,23.08,4,2
718,7,9,2,2,43,7.0,62.0,1,8.86,62.0,42.0,13,30.23,6,2
718,7,11,2,2,49,8.0,83.0,1,10.38,83.0,48.0,16,32.65,9,4
718,7,15,1,1,25,4.0,13.0,4,3.25,3.25,6.0,12,48.0,0,0
718,7,17,2,2,44,7.0,60.0,3,8.57,20.0,14.0,17,38.64,5,3
732,7,2,2,2,44,7.0,49.0,3,7.0,16.33,14.0,10,22.73,3,1
732,7,5,1,1,13,2.0,25.0,0,12.5,0.0,inf,2,15.38,3,1
732,7,6,2,2,50,8.0,61.0,1,7.62,61.0,48.0,17,34.0,6,0
732,7,9,2,2,50,8.0,57.0,5,7.12,11.4,9.6,14,28.0,4,1
732,7,13,2,2,48,8.0,62.0,0,7.75,0.0,inf,10,20.83,3,3
732,7,15,2,2,50,8.0,44.0,1,5.5,44.0,48.0,15,30.0,1,1
732,7,17,2,2,49,8.0,58.0,5,7.25,11.6,9.6,21,42.86,6,2
743,7,2,2,2,43,7.0,38.0,1,5.43,38.0,42.0,17,39.53,3,0
743,7,5,2,2,48,8.0,50.0,2,6.25,25.0,24.0,20,41.67,5,0
743,7,6,2,2,49,8.0,55.0,2,6.88,27.5,24.0,21,42.86,6,2
743,7,11,2,2,51,8.0,48.0,2,6.0,24.0,24.0,16,31.37,4,0
743,7,13,2,2,48,8.0,69.0,1,8.62,69.0,48.0,14,29.17,1,6
743,7,15,2,2,43,7.0,47.0,3,6.71,15.67,14.0,20,46.51,1,4
743,7,17,1,1,25,4.0,27.0,0,6.75,0.0,inf,5,20.0,0,1
755,7,9,1,1,20,3.0,35.0,1,11.67,35.0,18.0,6,30.0,2,2
756,7,2,2,2,37,6.0,39.0,2,6.5,19.5,18.0,11,29.73,2,1
756,7,5,1,1,24,4.0,39.0,0,9.75,0.0,inf,4,16.67,2,2
756,7,6,2,2,49,8.0,43.0,3,5.38,14.33,16.0,17,34.69,3,0
756,7,9,2,2,43,7.0,59.0,1,8.43,59.0,42.0,7,16.28,1,3
756,7,13,1,1,19,3.0,38.0,0,12.67,0.0,inf,2,10.53,3,2
756,7,15,2,2,48,8.0,45.0,5,5.62,9.0,9.6,13,27.08,2,0
756,7,17,2,2,12,2.0,20.0,1,10.0,20.0,12.0,2,16.67,2,1
757,7,2,2,2,18,3.0,23.0,1,7.67,23.0,18.0,5,27.78,3,0
757,7,5,1,1,6,1.0,12.0,0,12.0,0.0,inf,1,16.67,2,0
757,7,6,1,1,6,1.0,10.0,1,10.0,10.0,6.0,1,16.67,0,1
757,7,9,1,1,6,1.0,7.0,0,7.0,0.0,inf,1,16.67,0,0
757,7,13,1,1,6,1.0,4.0,0,4.0,0.0,inf,3,50.0,0,0
757,7,15,1,1,6,1.0,7.0,0,7.0,0.0,inf,2,33.33,1,0
757,7,17,1,1,6,1.0,1.0,1,1.0,1.0,6.0,5,83.33,0,0
766,7,6,1,1,25,4.0,29.0,1,7.25,29.0,24.0,7,28.0,3,0
766,7,9,1,1,14,2.0,26.0,0,13.0,0.0,inf,2,14.29,3,1
766,7,13,1,1,6,1.0,14.0,0,14.0,0.0,inf,2,33.33,2,1
766,7,17,1,1,12,2.0,22.0,0,11.0,0.0,inf,3,25.0,1,2
767,7,11,1,1,6,1.0,19.0,0,19.0,0.0,inf,1,16.67,1,2
768,7,2,1,1,24,4.0,25.0,2,6.25,12.5,12.0,8,33.33,1,1
768,7,6,1,1,26,4.0,29.0,1,7.25,29.0,24.0,10,38.46,2,1
768,7,9,2,2,25,4.0,44.0,0,11.0,0.0,inf,5,20.0,1,4
768,7,15,1,1,24,4.0,26.0,0,6.5,0.0,inf,13,54.17,3,1
777,7,6,1,1,24,4.0,29.0,1,7.25,29.0,24.0,12,50.0,2,2
6,8,2,1,1,16,2.0,16.0,0,8.0,0.0,inf,6,37.5,2,0
6,8,5,4,4,74,12.0,120.0,1,10.0,120.0,72.0,21,28.38,8,8
6,8,9,2,2,30,5.0,36.0,0,7.2,0.0,inf,11,36.67,4,1
6,8,11,2,2,48,8.0,40.0,5,5.0,8.0,9.6,18,37.5,0,2
6,8,13,2,2,42,7.0,40.0,4,5.71,10.0,10.5,15,35.71,3,1
6,8,15,1,1,6,1.0,17.0,0,17.0,0.0,inf,0,0.0,0,2
6,8,17,3,3,42,7.0,61.0,1,8.71,61.0,42.0,13,30.95,4,3
14,8,11,1,1,20,3.0,41.0,0,13.67,0.0,inf,5,25.0,5,2
25,8,5,1,1,25,4.0,59.0,0,14.75,0.0,inf,7,28.0,5,5
25,8,9,1,1,24,4.0,28.0,1,7.0,28.0,24.0,8,33.33,2,1
25,8,15,1,1,27,4.0,41.0,0,10.25,0.0,inf,11,40.74,1,3
43,8,6,1,1,24,4.0,33.0,1,8.25,33.0,24.0,4,16.67,2,1
43,8,11,1,1,24,4.0,49.0,0,12.25,0.0,inf,5,20.83,6,1
50,8,9,1,1,6,1.0,7.0,0,7.0,0.0,inf,1,16.67,1,0
50,8,15,1,1,12,2.0,18.0,0,9.0,0.0,inf,1,8.33,2,0
58,8,11,1,1,18,3.0,30.0,0,10.0,0.0,inf,7,38.89,1,3
63,8,2,1,1,6,1.0,10.0,0,10.0,0.0,inf,1,16.67,0,1
63,8,5,1,1,6,1.0,8.0,0,8.0,0.0,inf,3,50.0,0,1
63,8,6,1,1,7,1.0,8.0,0,8.0,0.0,inf,3,42.86,1,0
63,8,9,1,1,6,1.0,5.0,1,5.0,5.0,6.0,1,16.67,0,0
63,8,11,1,1,6,1.0,15.0,0,15.0,0.0,inf,1,16.67,0,2
63,8,15,1,1,19,3.0,28.0,1,9.33,28.0,18.0,7,36.84,2,2
63,8,17,1,1,13,2.0,23.0,0,11.5,0.0,inf,3,23.08,1,2
64,8,2,1,1,25,4.0,25.0,3,6.25,8.33,8.0,12,48.0,3,0
64,8,5,4,4,94,15.0,137.0,4,9.13,34.25,22.5,40,42.55,13,7
64,8,9,2,2,51,8.0,74.0,1,9.25,74.0,48.0,17,33.33,7,3
64,8,11,2,2,49,8.0,61.0,0,7.62,0.0,inf,17,34.69,9,0
64,8,13,2,2,42,7.0,33.0,3,4.71,11.0,14.0,27,64.29,4,1
64,8,15,2,2,50,8.0,62.0,1,7.75,62.0,48.0,16,32.0,8,0
64,8,17,3,3,74,12.0,57.0,10,4.75,5.7,7.2,41,55.41,4,2
74,8,2,1,1,27,4.0,25.0,1,6.25,25.0,24.0,14,51.85,2,1
74,8,5,1,1,19,3.0,36.0,0,12.0,0.0,inf,4,21.05,3,2
74,8,6,2,2,26,4.0,39.0,0,9.75,0.0,inf,9,34.62,6,1
74,8,9,1,1,29,4.0,38.0,2,9.5,19.0,12.0,11,37.93,5,1
74,8,13,1,1,6,1.0,13.0,0,13.0,0.0,inf,0,0.0,0,1
74,8,15,1,1,18,3.0,36.0,2,12.0,18.0,9.0,5,27.78,3,2
74,8,17,3,3,68,11.0,82.0,1,7.45,82.0,60.0,19,27.94,7,1
86,8,2,1,1,27,4.0,24.0,2,6.0,12.0,12.0,13,48.15,2,1
86,8,5,1,1,27,4.0,50.0,0,12.5,0.0,inf,12,44.44,7,2
86,8,9,2,2,38,6.0,67.0,1,11.17,67.0,36.0,12,31.58,10,2
86,8,15,1,1,21,3.0,36.0,0,12.0,0.0,inf,7,33.33,4,2
88,8,9,1,1,24,4.0,31.0,1,7.75,31.0,23.0,2,8.33,1,0
88,8,15,1,1,13,2.0,28.0,0,14.0,0.0,inf,2,15.38,4,1
94,8,17,1,1,12,2.0,28.0,1,14.0,28.0,12.0,3,25.0,3,2
104,8,2,1,1,13,2.0,15.0,1,7.5,15.0,12.0,3,23.08,0,1
104,8,6,1,1,12,2.0,19.0,1,9.5,19.0,12.0,2,16.67,1,1
104,8,11,1,1,6,1.0,5.0,0,5.0,0.0,inf,2,33.33,0,0
104,8,17,1,1,6,1.0,11.0,1,11.0,11.0,6.0,2,33.33,0,1
111,8,5,1,1,6,1.0,5.0,0,5.0,0.0,inf,2,33.33,0,0
111,8,6,1,1,18,3.0,23.0,0,7.67,0.0,inf,5,27.78,2,1
111,8,9,1,1,12,2.0,14.0,1,7.0,14.0,12.0,3,25.0,0,1
111,8,11,1,1,6,1.0,11.0,0,11.0,0.0,inf,0,0.0,0,1
111,8,13,1,1,7,1.0,9.0,0,9.0,0.0,inf,0,0.0,0,0
111,8,15,1,1,6,1.0,10.0,0,10.0,0.0,inf,1,16.67,0,1
112,8,5,1,1,26,4.0,40.0,1,10.0,40.0,24.0,4,15.38,4,1
114,8,5,1,1,12,2.0,7.0,1,3.5,7.0,12.0,8,66.67,0,0
114,8,6,1,1,18,3.0,18.0,1,6.0,18.0,18.0,9,50.0,3,0
114,8,9,1,1,18,3.0,18.0,2,6.0,9.0,9.0,12,66.67,4,0
114,8,13,1,1,18,3.0,24.0,0,8.0,0.0,inf,7,38.89,1,2
114,8,15,1,1,12,2.0,20.0,0,10.0,0.0,inf,5,41.67,4,0
114,8,17,1,1,6,1.0,14.0,0,14.0,0.0,inf,3,50.0,2,1
116,8,2,2,2,43,7.0,45.0,1,6.43,45.0,42.0,21,48.84,4,2
116,8,5,2,2,43,7.0,58.0,0,8.29,0.0,inf,14,32.56,4,3
116,8,6,2,2,52,8.0,46.0,4,5.75,11.5,12.0,20,38.46,4,0
116,8,11,1,1,24,4.0,32.0,3,8.0,10.67,8.0,8,33.33,5,0
116,8,13,2,2,51,8.0,89.0,3,11.12,29.67,16.0,13,25.49,6,6
116,8,15,2,2,18,3.0,16.0,2,5.33,8.0,9.0,12,66.67,3,0
116,8,17,2,2,23,3.0,38.0,1,12.67,38.0,22.0,6,26.09,3,2
129,8,5,1,1,27,4.0,32.0,1,8.0,32.0,24.0,8,29.63,2,1
129,8,6,1,1,24,4.0,9.0,2,2.25,4.5,12.0,18,75.0,1,0
129,8,9,1,1,26,4.0,34.0,1,8.5,34.0,24.0,10,38.46,6,0
129,8,11,1,1,27,4.0,31.0,0,7.75,0.0,inf,13,48.15,5,0
129,8,13,1,1,24,4.0,17.0,2,4.25,8.5,12.0,13,54.17,2,0
129,8,15,1,1,26,4.0,33.0,1,8.25,33.0,24.0,10,38.46,3,1
129,8,17,1,1,1,0.0,0.0,0,,0.0,inf,1,100.0,0,0
134,8,2,1,1,19,3.0,39.0,0,13.0,0.0,inf,3,15.79,4,2
134,8,15,1,1,14,2.0,23.0,0,11.5,0.0,inf,1,7.14,1,1
137,8,2,2,2,49,8.0,49.0,1,6.12,49.0,48.0,21,42.86,4,1
137,8,5,4,4,62,10.0,73.0,2,7.3,36.5,30.0,32,51.61,3,6
137,8,9,1,1,12,2.0,5.0,2,2.5,2.5,6.0,8,66.67,0,0
137,8,11,1,1,12,2.0,21.0,0,10.5,0.0,inf,0,0.0,1,1
137,8,13,2,2,50,8.0,28.0,3,3.5,9.33,16.0,28,56.0,1,0
137,8,15,1,1,24,4.0,22.0,1,5.5,22.0,24.0,8,33.33,0,1
137,8,17,2,2,31,5.0,30.0,1,6.0,30.0,30.0,17,54.84,3,1
144,8,2,1,1,25,4.0,42.0,0,10.5,0.0,inf,5,20.0,6,1
144,8,5,2,2,48,8.0,64.0,3,8.0,21.33,16.0,26,54.17,6,4
144,8,6,1,1,26,4.0,40.0,0,10.0,0.0,inf,10,38.46,5,1
144,8,9,1,1,23,3.0,41.0,1,13.67,41.0,23.0,8,34.78,5,2
144,8,11,2,3,59,9.0,73.0,4,8.11,18.25,12.75,25,42.37,8,2
144,8,15,1,1,24,4.0,39.0,2,9.75,19.5,12.0,7,29.17,5,1
144,8,17,1,1,26,4.0,43.0,0,10.75,0.0,inf,11,42.31,4,3
151,8,6,1,1,6,1.0,6.0,0,6.0,0.0,inf,1,16.67,0,0
151,8,11,1,1,5,0.0,4.0,0,inf,0.0,inf,1,20.0,0,0
158,8,2,1,1,26,4.0,35.0,2,8.75,17.5,12.0,9,34.62,1,3
158,8,5,1,1,24,4.0,34.0,1,8.5,34.0,24.0,12,50.0,5,1
158,8,6,2,2,49,8.0,38.0,4,4.75,9.5,12.0,26,53.06,4,0
158,8,9,1,1,26,4.0,23.0,4,5.75,5.75,6.0,10,38.46,2,0
158,8,13,2,3,57,9.0,69.0,2,7.67,34.5,27.0,26,45.61,8,2
158,8,15,2,2,45,7.0,61.0,0,8.71,0.0,inf,18,40.0,8,1
158,8,17,2,2,43,7.0,65.0,1,9.29,65.0,42.0,14,32.56,5,4
171,8,6,1,1,21,3.0,28.0,0,9.33,0.0,inf,6,28.57,2,1
171,8,11,1,1,27,4.0,45.0,0,11.25,0.0,inf,6,22.22,4,1
171,8,13,1,1,19,3.0,22.0,0,7.33,0.0,inf,7,36.84,4,0
178,8,2,2,2,37,6.0,50.0,1,8.33,50.0,36.0,12,32.43,6,1
178,8,5,4,4,81,13.0,133.0,3,10.23,44.33,26.0,23,28.4,12,6
178,8,9,2,2,43,7.0,46.0,2,6.57,23.0,21.0,19,44.19,5,1
178,8,11,2,2,50,8.0,58.0,3,7.25,19.33,16.0,18,36.0,3,1
178,8,13,1,1,18,3.0,10.0,1,3.33,10.0,18.0,12,66.67,1,0
178,8,15,2,2,49,8.0,94.0,2,11.75,47.0,24.0,12,24.49,11,4
178,8,17,3,3,72,12.0,90.0,2,7.5,45.0,36.0,25,34.72,8,2
179,8,2,1,1,18,3.0,26.0,2,8.67,13.0,9.0,7,38.89,0,3
179,8,5,2,2,49,8.0,79.0,4,9.88,19.75,12.0,17,34.69,3,7
179,8,6,3,3,72,12.0,104.0,6,8.67,17.33,12.0,27,37.5,3,9
179,8,9,2,2,36,6.0,50.0,2,8.33,25.0,18.0,9,25.0,6,0
179,8,11,2,2,43,7.0,45.0,4,6.43,11.25,10.75,16,37.21,3,1
179,8,13,2,2,29,4.0,49.0,3,12.25,16.33,9.33,9,31.03,3,4
179,8,15,2,2,36,6.0,62.0,2,10.33,31.0,18.0,5,13.89,3,4
180,8,6,1,1,12,2.0,8.0,1,4.0,8.0,12.0,7,58.33,1,0
180,8,15,1,1,24,4.0,19.0,1,4.75,19.0,24.0,10,41.67,1,0
180,8,17,1,1,6,1.0,2.0,0,2.0,0.0,inf,4,66.67,0,0
189,8,2,1,1,20,3.0,23.0,0,7.67,0.0,inf,5,25.0,2,0
189,8,5,1,1,27,4.0,50.0,0,12.5,0.0,inf,6,22.22,6,2
189,8,6,1,1,14,2.0,12.0,1,6.0,12.0,12.0,7,50.0,1,0
189,8,15,1,1,6,1.0,7.0,0,7.0,0.0,inf,2,33.33,1,0
189,8,17,1,1,12,2.0,18.0,0,9.0,0.0,inf,0,0.0,1,0
223,8,6,2,2,37,6.0,49.0,2,8.17,24.5,18.0,13,35.14,8,0
223,8,9,1,1,19,3.0,25.0,1,8.33,25.0,18.0,7,36.84,4,0
223,8,15,1,1,18,3.0,35.0,0,11.67,0.0,inf,2,11.11,1,2
224,8,2,2,2,42,7.0,44.0,3,6.29,14.67,14.0,16,38.1,5,1
224,8,5,1,1,25,4.0,36.0,2,9.0,18.0,12.0,7,28.0,1,3
224,8,6,3,3,75,12.0,73.0,4,6.08,18.25,17.75,34,45.33,7,1
224,8,9,2,2,38,6.0,59.0,1,9.83,59.0,36.0,14,36.84,7,3
224,8,11,2,2,42,7.0,38.0,4,5.43,9.5,10.5,15,35.71,3,0
224,8,13,2,2,24,4.0,25.0,3,6.25,8.33,8.0,11,45.83,2,1
224,8,15,2,2,26,4.0,53.0,0,13.25,0.0,inf,6,23.08,7,2
229,8,9,1,1,12,2.0,21.0,1,10.5,21.0,12.0,5,41.67,1,2
229,8,11,1,1,12,2.0,12.0,0,6.0,0.0,inf,5,41.67,1,0
230,8,2,1,1,6,1.0,8.0,0,8.0,0.0,inf,1,16.67,1,0
230,8,9,1,1,19,3.0,12.0,0,4.0,0.0,inf,8,42.11,0,0
230,8,13,1,1,7,1.0,8.0,0,8.0,0.0,inf,2,28.57,1,0
230,8,15,1,1,26,4.0,29.0,1,7.25,29.0,24.0,10,38.46,1,2
230,8,17,1,1,20,3.0,36.0,1,12.0,36.0,18.0,3,15.0,3,2
234,8,5,2,2,51,8.0,57.0,3,7.12,19.0,16.0,14,27.45,2,2
234,8,6,1,1,24,4.0,21.0,1,5.25,21.0,24.0,10,41.67,0,1
234,8,9,2,2,43,7.0,42.0,1,6.0,42.0,43.0,20,46.51,3,1
234,8,11,2,2,51,8.0,73.0,2,9.12,36.5,24.0,14,27.45,7,1
234,8,13,2,2,37,6.0,44.0,2,7.33,22.0,18.0,10,27.03,2,2
234,8,15,2,2,30,5.0,48.0,0,9.6,0.0,inf,5,16.67,1,3
234,8,17,1,1,13,2.0,25.0,0,12.5,0.0,inf,2,15.38,3,1
235,8,5,2,2,42,7.0,49.0,3,7.0,16.33,13.0,17,40.48,2,3
235,8,6,1,1,24,4.0,27.0,1,6.75,27.0,24.0,8,33.33,2,0
235,8,9,2,2,50,8.0,76.0,3,9.5,25.33,16.0,10,20.0,4,3
235,8,11,1,1,25,4.0,28.0,4,7.0,7.0,6.0,9,36.0,0,2
235,8,13,2,2,43,7.0,79.0,3,11.29,26.33,14.0,11,25.58,3,6
235,8,15,1,1,24,4.0,35.0,1,8.75,35.0,24.0,6,25.0,0,3
235,8,17,1,1,12,2.0,20.0,0,10.0,0.0,inf,3,25.0,2,1
240,8,2,1,1,12,2.0,22.0,0,11.0,0.0,inf,0,0.0,3,0
240,8,9,1,1,25,4.0,33.0,1,8.25,33.0,24.0,9,36.0,4,1
245,8,2,1,1,18,3.0,28.0,2,9.33,14.0,9.0,5,27.78,3,1
245,8,5,3,3,60,10.0,98.0,0,9.8,0.0,inf,16,26.67,4,8
245,8,9,1,1,25,4.0,23.0,1,5.75,23.0,24.0,7,28.0,0,1
245,8,11,1,1,25,4.0,35.0,0,8.75,0.0,inf,5,20.0,4,0
245,8,13,1,1,25,4.0,25.0,2,6.25,12.5,12.0,10,40.0,3,0
245,8,15,1,1,12,2.0,20.0,1,10.0,20.0,12.0,3,25.0,2,1
245,8,17,2,2,18,3.0,23.0,0,7.67,0.0,inf,7,38.89,1,1
249,8,5,2,2,51,8.0,66.0,3,8.25,22.0,16.0,23,45.1,7,3
249,8,6,1,1,25,4.0,30.0,3,7.5,10.0,8.0,11,44.0,2,2
249,8,9,1,1,25,4.0,30.0,1,7.5,30.0,24.0,9,36.0,5,0
249,8,11,2,2,49,8.0,80.0,1,10.0,80.0,48.0,16,32.65,8,4
249,8,13,2,2,44,7.0,34.0,4,4.86,8.5,10.5,26,59.09,4,1
249,8,15,2,2,48,8.0,51.0,3,6.38,17.0,16.0,22,45.83,3,2
249,8,17,1,1,22,3.0,30.0,0,10.0,0.0,inf,10,45.45,4,1
250,8,2,1,1,6,1.0,14.0,0,14.0,0.0,inf,0,0.0,1,1
250,8,13,1,1,6,1.0,9.0,0,9.0,0.0,inf,2,33.33,0,1
250,8,15,2,2,50,8.0,58.0,1,7.25,58.0,48.0,17,34.0,3,3
251,8,2,2,2,49,8.0,59.0,6,7.38,9.83,8.0,16,32.65,4,2
251,8,5,2,2,18,3.0,25.0,0,8.33,0.0,inf,6,33.33,4,0
251,8,6,2,2,48,8.0,47.0,3,5.88,15.67,16.0,22,45.83,5,1
251,8,11,1,1,7,1.0,12.0,0,12.0,0.0,inf,1,14.29,0,1
251,8,13,2,2,42,7.0,64.0,0,9.14,0.0,inf,8,19.05,1,4
251,8,15,2,2,30,5.0,31.0,1,6.2,31.0,30.0,8,26.67,1,1
251,8,17,2,2,18,3.0,31.0,1,10.33,31.0,18.0,4,22.22,2,2
255,8,2,2,2,49,8.0,68.0,1,8.5,68.0,48.0,18,36.73,6,4
255,8,5,2,2,51,8.0,66.0,1,8.25,66.0,48.0,15,29.41,5,3
255,8,13,2,2,48,8.0,36.0,5,4.5,7.2,9.6,24,50.0,2,1
255,8,15,1,1,24,4.0,38.0,0,9.5,0.0,inf,8,33.33,2,2
255,8,17,1,1,24,4.0,26.0,0,6.5,0.0,inf,9,37.5,2,1
259,8,2,2,2,33,5.0,61.0,2,12.2,30.5,15.0,9,27.27,10,1
259,8,5,2,2,38,6.0,41.0,3,6.83,13.67,12.0,19,50.0,5,1
259,8,9,1,1,25,4.0,36.0,2,9.0,18.0,12.0,9,36.0,5,0
259,8,13,1,1,19,3.0,21.0,1,7.0,21.0,18.0,10,52.63,4,0
259,8,15,2,2,32,5.0,28.0,2,5.6,14.0,15.0,19,59.38,5,0
259,8,17,3,3,74,12.0,90.0,3,7.5,30.0,24.0,29,39.19,11,2
260,8,2,2,2,47,7.0,57.0,2,8.14,28.5,21.0,18,38.3,7,1
260,8,5,2,2,52,8.0,71.0,3,8.88,23.67,16.0,23,44.23,6,4
260,8,6,2,2,43,7.0,70.0,1,10.0,70.0,41.0,9,20.93,5,3
260,8,9,2,2,47,7.0,93.0,2,13.29,46.5,23.5,10,21.28,12,4
260,8,11,2,2,48,8.0,64.0,4,8.0,16.0,12.0,18,37.5,5,3
260,8,15,2,2,48,8.0,64.0,1,8.0,64.0,48.0,17,35.42,8,2
260,8,17,2,2,37,6.0,46.0,2,7.67,23.0,18.0,10,27.03,5,1
263,8,2,1,1,24,4.0,55.0,1,13.75,55.0,24.0,5,20.83,3,5
263,8,9,1,1,19,3.0,38.0,1,12.67,38.0,18.0,7,36.84,2,4
263,8,17,2,2,55,9.0,91.0,1,10.11,91.0,48.0,12,21.82,7,4
264,8,2,1,1,27,4.0,20.0,0,5.0,0.0,inf,8,29.63,0,0
264,8,5,1,1,6,1.0,3.0,0,3.0,0.0,inf,3,50.0,0,0
264,8,6,1,1,13,2.0,22.0,0,11.0,0.0,inf,2,15.38,3,0
264,8,13,1,1,18,3.0,35.0,1,11.67,35.0,18.0,3,16.67,1,3
264,8,15,2,2,32,5.0,45.0,0,9.0,0.0,inf,9,28.12,5,1
264,8,17,1,1,1,0.0,4.0,0,inf,0.0,inf,0,0.0,1,0
269,8,2,1,1,12,2.0,14.0,0,7.0,0.0,inf,5,41.67,2,0
269,8,5,1,1,19,3.0,17.0,0,5.67,0.0,inf,8,42.11,2,0
269,8,6,1,1,25,4.0,20.0,2,5.0,10.0,12.0,12,48.0,2,0
269,8,9,2,2,25,4.0,29.0,2,7.25,14.5,12.0,8,32.0,2,1
269,8,11,1,1,19,3.0,29.0,1,9.67,29.0,18.0,6,31.58,5,0
269,8,13,2,2,50,8.0,46.0,4,5.75,11.5,12.0,14,28.0,0,1
269,8,17,1,1,7,1.0,3.0,2,3.0,1.5,3.0,4,57.14,0,0
292,8,5,1,1,26,4.0,27.0,0,6.75,0.0,inf,8,30.77,2,0
292,8,6,2,2,49,8.0,78.0,1,9.75,78.0,48.0,17,34.69,13,1
292,8,11,1,1,26,4.0,31.0,1,7.75,31.0,24.0,10,38.46,5,0
292,8,13,2,2,51,8.0,64.0,4,8.0,16.0,12.0,21,41.18,5,3
292,8,17,1,1,29,4.0,36.0,3,9.0,12.0,8.0,15,51.72,3,2
293,8,2,2,2,48,8.0,45.0,2,5.62,22.5,24.0,20,41.67,1,2
293,8,6,4,4,98,16.0,140.0,7,8.75,20.0,13.71,30,30.61,12,6
293,8,9,2,2,51,8.0,69.0,2,8.62,34.5,24.0,14,27.45,8,1
293,8,11,1,1,25,4.0,34.0,0,8.5,0.0,inf,6,24.0,4,0
293,8,13,2,2,48,8.0,47.0,3,5.88,15.67,16.0,17,35.42,4,0
293,8,15,2,2,42,7.0,54.0,1,7.71,54.0,42.0,17,40.48,5,2
293,8,17,2,2,37,6.0,57.0,3,9.5,19.0,12.0,13,35.14,3,4
303,8,2,2,2,50,8.0,77.0,2,9.62,38.5,24.0,17,34.0,4,5
303,8,5,1,1,18,3.0,29.0,0,9.67,0.0,inf,9,50.0,2,3
303,8,6,2,2,49,8.0,66.0,1,8.25,66.0,48.0,18,36.73,6,2
303,8,9,1,1,28,4.0,45.0,1,11.25,45.0,24.0,6,21.43,4,2
303,8,13,2,2,48,8.0,67.0,3,8.38,22.33,16.0,16,33.33,5,3
303,8,15,2,2,39,6.0,57.0,1,9.5,57.0,36.0,13,33.33,8,1
303,8,17,3,3,49,8.0,85.0,0,10.62,0.0,inf,9,18.37,12,1
342,8,2,2,2,50,8.0,55.0,3,6.88,18.33,16.0,21,42.0,6,1
342,8,5,1,1,25,4.0,41.0,1,10.25,41.0,24.0,5,20.0,6,0
342,8,6,3,3,73,12.0,75.0,5,6.25,15.0,14.4,31,42.47,10,0
342,8,9,1,1,16,2.0,15.0,1,7.5,15.0,12.0,4,25.0,1,0
342,8,11,2,2,51,8.0,44.0,4,5.5,11.0,12.0,26,50.98,6,0
342,8,13,2,2,39,6.0,35.0,5,5.83,7.0,7.2,15,38.46,2,0
342,8,15,1,1,18,3.0,26.0,1,8.67,26.0,18.0,3,16.67,1,1
348,8,2,2,2,32,5.0,53.0,0,10.6,0.0,inf,7,21.88,7,1
348,8,6,1,1,24,4.0,29.0,0,7.25,0.0,inf,7,29.17,4,0
348,8,9,1,1,6,1.0,7.0,1,7.0,7.0,6.0,2,33.33,1,0
348,8,11,2,2,42,7.0,40.0,3,5.71,13.33,14.0,16,38.1,3,1
348,8,17,1,1,19,3.0,31.0,2,10.33,15.5,9.0,5,26.32,3,1
356,8,5,1,1,25,4.0,29.0,1,7.25,29.0,24.0,5,20.0,2,0
356,8,6,2,2,43,7.0,57.0,2,8.14,28.5,21.0,18,41.86,6,1
356,8,17,1,1,18,3.0,28.0,0,9.33,0.0,inf,6,33.33,2,2
371,8,2,2,2,45,7.0,40.0,1,5.71,40.0,42.0,24,53.33,4,1
371,8,5,2,2,42,7.0,36.0,1,5.14,36.0,42.0,20,47.62,5,0
371,8,6,2,2,36,6.0,41.0,1,6.83,41.0,36.0,18,50.0,5,1
371,8,9,2,2,49,8.0,60.0,4,7.5,15.0,12.0,23,46.94,10,0
371,8,11,2,2,52,8.0,44.0,2,5.5,22.0,24.0,21,40.38,3,1
371,8,15,2,2,48,8.0,68.0,1,8.5,68.0,48.0,23,47.92,8,3
371,8,17,2,2,39,6.0,61.0,3,10.17,20.33,12.0,13,33.33,4,4
381,8,2,1,1,25,4.0,17.0,1,4.25,17.0,24.0,12,48.0,1,0
381,8,5,1,1,26,4.0,35.0,0,8.75,0.0,inf,10,38.46,2,2
381,8,6,2,2,45,7.0,70.0,2,10.0,35.0,21.0,14,31.11,6,4
381,8,11,1,1,25,4.0,28.0,1,7.0,28.0,24.0,10,40.0,1,2
383,8,2,1,1,24,4.0,39.0,0,9.75,0.0,inf,9,37.5,6,1
383,8,6,1,1,22,3.0,46.0,0,15.33,0.0,inf,6,27.27,4,3
383,8,11,1,1,18,3.0,25.0,1,8.33,25.0,18.0,8,44.44,2,2
383,8,13,1,1,25,4.0,49.0,0,12.25,0.0,inf,7,28.0,4,4
386,8,2,2,2,51,8.0,56.0,3,7.0,18.67,16.0,22,43.14,9,0
386,8,6,3,3,78,13.0,88.0,6,6.77,14.67,12.0,27,34.62,8,2
386,8,9,2,2,49,8.0,58.0,1,7.25,58.0,48.0,20,40.82,4,3
386,8,11,2,2,49,8.0,75.0,2,9.38,37.5,24.0,10,20.41,8,1
386,8,13,2,2,50,8.0,65.0,4,8.12,16.25,12.0,13,26.0,7,1
386,8,15,2,2,50,8.0,40.0,6,5.0,6.67,8.0,25,50.0,4,0
386,8,17,2,2,51,8.0,62.0,2,7.75,31.0,24.0,23,45.1,7,2
399,8,2,2,2,24,4.0,27.0,1,6.75,27.0,24.0,11,45.83,3,1
399,8,6,2,2,31,5.0,40.0,0,8.0,0.0,inf,10,32.26,6,0
399,8,9,1,1,6,1.0,10.0,0,10.0,0.0,inf,1,16.67,1,0
399,8,15,1,1,8,1.0,11.0,0,11.0,0.0,inf,2,25.0,1,0
399,8,17,2,2,38,6.0,88.0,0,14.67,0.0,inf,5,13.16,11,4
404,8,2,1,1,18,3.0,24.0,1,8.0,24.0,18.0,6,33.33,2,1
404,8,6,3,3,49,8.0,72.0,2,9.0,36.0,24.0,19,38.78,7,4
404,8,9,1,1,12,2.0,23.0,1,11.5,23.0,12.0,2,16.67,2,1
404,8,11,2,2,50,8.0,70.0,1,8.75,70.0,48.0,12,24.0,4,2
404,8,13,2,2,50,8.0,74.0,2,9.25,37.0,24.0,10,20.0,5,3
404,8,15,2,2,42,7.0,39.0,3,5.57,13.0,14.0,17,40.48,2,1
404,8,17,1,1,18,3.0,35.0,0,11.67,0.0,inf,4,22.22,5,1
405,8,6,1,1,18,3.0,22.0,0,7.33,0.0,inf,5,27.78,2,0
405,8,9,1,1,20,3.0,17.0,2,5.67,8.5,9.0,8,40.0,0,1
405,8,15,1,1,18,3.0,27.0,1,9.0,27.0,18.0,6,33.33,3,1
431,8,5,1,1,24,4.0,30.0,1,7.5,30.0,24.0,7,29.17,3,0
431,8,6,1,1,25,4.0,43.0,0,10.75,0.0,inf,10,40.0,3,3
431,8,11,1,1,24,4.0,43.0,0,10.75,0.0,inf,4,16.67,3,2
431,8,17,1,1,14,2.0,41.0,0,20.5,0.0,inf,1,7.14,1,5
439,8,2,2,2,50,8.0,67.0,0,8.38,0.0,inf,14,28.0,4,3
439,8,5,2,2,48,8.0,82.0,2,10.25,41.0,24.0,21,43.75,11,4
439,8,13,1,1,27,4.0,36.0,2,9.0,18.0,12.0,12,44.44,4,1
439,8,15,1,1,25,4.0,30.0,0,7.5,0.0,inf,10,40.0,1,2
439,8,17,1,1,25,4.0,32.0,2,8.0,16.0,12.0,9,36.0,2,2
448,8,9,2,2,30,5.0,37.0,1,7.4,37.0,30.0,10,33.33,0,3
448,8,13,1,1,12,2.0,13.0,2,6.5,6.5,6.0,7,58.33,1,1
449,8,2,1,1,26,4.0,36.0,2,9.0,18.0,12.0,6,23.08,3,1
449,8,5,4,4,89,14.0,122.0,8,8.71,15.25,10.75,19,21.35,8,5
449,8,9,2,2,30,5.0,49.0,3,9.8,16.33,10.0,9,30.0,4,3
449,8,11,2,2,39,6.0,73.0,3,12.17,24.33,12.67,6,15.38,4,5
449,8,13,2,2,30,5.0,33.0,1,6.6,33.0,30.0,7,23.33,0,2
449,8,15,2,2,50,8.0,50.0,5,6.25,10.0,9.6,16,32.0,4,0
449,8,17,3,3,60,10.0,63.0,4,6.3,15.75,14.5,25,41.67,7,1
451,8,5,1,1,20,3.0,25.0,0,8.33,0.0,inf,6,30.0,0,2
451,8,6,1,1,24,4.0,18.0,0,4.5,0.0,inf,15,62.5,1,1
462,8,11,1,1,13,2.0,23.0,1,11.5,23.0,13.0,2,15.38,0,2
477,8,2,2,2,39,6.0,72.0,1,12.0,72.0,36.0,11,28.21,6,5
477,8,5,2,2,41,6.0,48.0,2,8.0,24.0,18.0,14,34.15,4,2
477,8,6,1,1,26,4.0,33.0,0,8.25,0.0,inf,4,15.38,2,1
477,8,9,2,2,18,3.0,28.0,1,9.33,28.0,18.0,6,33.33,3,1
477,8,11,2,2,50,8.0,70.0,0,8.75,0.0,inf,17,34.0,6,3
477,8,13,1,1,26,4.0,34.0,1,8.5,34.0,24.0,6,23.08,4,0
477,8,17,2,2,30,5.0,44.0,2,8.8,22.0,15.0,13,43.33,4,3
478,8,6,1,1,19,3.0,25.0,1,8.33,25.0,18.0,7,36.84,3,0
478,8,9,1,1,24,4.0,35.0,1,8.75,35.0,24.0,9,37.5,7,0
478,8,15,1,1,27,4.0,40.0,2,10.0,20.0,12.0,7,25.93,4,1
478,8,17,1,1,12,2.0,9.0,1,4.5,9.0,12.0,4,33.33,0,0
479,8,5,2,2,36,6.0,48.0,3,8.0,16.0,12.0,16,44.44,6,2
479,8,9,2,2,32,5.0,46.0,0,9.2,0.0,inf,7,21.88,6,1
479,8,11,2,2,49,8.0,69.0,2,8.62,34.5,24.0,13,26.53,8,1
479,8,13,2,2,38,6.0,42.0,1,7.0,42.0,36.0,13,34.21,4,1
479,8,15,1,1,24,4.0,38.0,1,9.5,38.0,24.0,9,37.5,5,1
479,8,17,1,1,6,1.0,3.0,0,3.0,0.0,inf,3,50.0,0,0
485,8,2,2,2,30,5.0,37.0,2,7.4,18.5,15.0,13,43.33,0,4
485,8,5,2,2,41,6.0,68.0,2,11.33,34.0,20.5,8,19.51,5,4
485,8,6,2,2,36,6.0,70.0,0,11.67,0.0,inf,8,22.22,1,8
485,8,9,2,2,30,5.0,34.0,2,6.8,17.0,15.0,9,30.0,1,1
485,8,11,2,2,36,6.0,47.0,2,7.83,23.5,18.0,12,33.33,3,2
485,8,13,2,2,36,6.0,42.0,1,7.0,42.0,36.0,8,22.22,1,2
485,8,17,2,2,30,5.0,34.0,1,6.8,34.0,30.0,7,23.33,1,1
514,8,2,2,2,52,8.0,75.0,2,9.38,37.5,24.0,20,38.46,7,4
514,8,6,3,3,69,11.0,105.0,5,9.55,21.0,13.2,29,42.03,9,7
514,8,9,1,1,27,4.0,31.0,1,7.75,31.0,24.0,8,29.63,4,0
514,8,11,1,1,28,4.0,31.0,3,7.75,10.33,8.0,9,32.14,1,2
514,8,13,1,1,25,4.0,25.0,0,6.25,0.0,inf,7,28.0,2,0
514,8,15,2,2,50,8.0,36.0,6,4.5,6.0,8.0,26,52.0,3,0
514,8,17,2,2,54,9.0,83.0,1,9.22,83.0,48.0,19,35.19,12,2
545,8,2,2,2,49,8.0,41.0,2,5.12,20.5,24.0,20,40.82,4,0
545,8,5,2,2,47,7.0,42.0,3,6.0,14.0,14.0,23,48.94,5,0
545,8,6,2,2,52,8.0,63.0,2,7.88,31.5,24.0,21,40.38,4,4
545,8,9,2,2,43,7.0,66.0,3,9.43,22.0,14.0,10,23.26,7,1
545,8,11,2,2,48,8.0,69.0,3,8.62,23.0,16.0,18,37.5,9,2
545,8,13,2,2,49,8.0,57.0,3,7.12,19.0,16.0,21,42.86,3,3
545,8,17,2,2,35,5.0,69.0,2,13.8,34.5,17.0,13,37.14,9,4
550,8,2,1,1,24,4.0,20.0,1,5.0,20.0,24.0,9,37.5,1,0
550,8,6,1,1,6,1.0,11.0,0,11.0,0.0,inf,3,50.0,1,1
558,8,5,1,1,24,4.0,29.0,1,7.25,29.0,24.0,9,37.5,4,0
558,8,6,1,1,24,4.0,25.0,1,6.25,25.0,24.0,9,37.5,2,0
558,8,11,1,1,25,4.0,20.0,2,5.0,10.0,12.0,13,52.0,2,0
558,8,13,2,2,37,6.0,58.0,4,9.67,14.5,9.0,16,43.24,7,3
559,8,2,1,1,24,4.0,27.0,1,6.75,27.0,24.0,10,41.67,2,1
559,8,5,2,2,43,7.0,65.0,2,9.29,32.5,21.0,13,30.23,11,0
559,8,9,2,2,43,7.0,61.0,0,8.71,0.0,inf,14,32.56,8,1
559,8,17,1,1,6,1.0,17.0,0,17.0,0.0,inf,1,16.67,2,1
563,8,5,1,1,6,1.0,12.0,0,12.0,0.0,inf,1,16.67,2,0
563,8,15,1,1,18,3.0,16.0,0,5.33,0.0,inf,3,16.67,0,0
564,8,2,2,2,54,9.0,47.0,2,5.22,23.5,24.0,23,42.59,6,0
564,8,5,2,2,37,6.0,73.0,0,12.17,0.0,inf,8,21.62,12,1
564,8,6,2,2,37,6.0,52.0,1,8.67,52.0,36.0,18,48.65,10,1
564,8,11,1,1,24,4.0,36.0,1,9.0,36.0,24.0,4,16.67,5,0
564,8,13,2,2,50,8.0,69.0,3,8.62,23.0,16.0,19,38.0,8,2
564,8,15,2,2,51,8.0,74.0,3,9.25,24.67,16.0,18,35.29,6,4
564,8,17,1,1,13,2.0,31.0,0,15.5,0.0,inf,2,15.38,3,2
573,8,5,1,1,6,1.0,14.0,0,14.0,0.0,inf,1,16.67,3,0
573,8,6,1,1,13,2.0,15.0,1,7.5,15.0,12.0,4,30.77,1,0
573,8,9,2,2,12,2.0,26.0,0,13.0,0.0,inf,3,25.0,2,2
573,8,13,2,2,38,6.0,31.0,3,5.17,10.33,12.0,14,36.84,0,1
573,8,15,2,2,32,5.0,33.0,4,6.6,8.25,7.5,9,28.12,1,1
573,8,17,1,1,6,1.0,7.0,0,7.0,0.0,inf,2,33.33,1,0
586,8,9,1,1,12,2.0,23.0,0,11.5,0.0,inf,1,8.33,0,2
597,8,2,1,1,18,3.0,31.0,0,10.33,0.0,inf,5,27.78,2,2
597,8,6,4,4,74,12.0,116.0,4,9.67,29.0,18.0,25,33.78,10,6
597,8,9,2,2,45,7.0,54.0,1,7.71,54.0,45.0,18,40.0,7,1
597,8,11,2,2,43,7.0,52.0,2,7.43,26.0,21.0,17,39.53,8,0
597,8,13,2,2,42,7.0,63.0,0,9.0,0.0,inf,17,40.48,7,3
597,8,15,2,2,43,7.0,52.0,0,7.43,0.0,inf,11,25.58,6,0
604,8,15,1,1,7,1.0,4.0,0,4.0,0.0,inf,3,42.86,0,0
622,8,2,2,2,48,8.0,57.0,3,7.12,19.0,16.0,23,47.92,8,1
622,8,5,1,1,19,3.0,22.0,1,7.33,22.0,18.0,12,63.16,3,1
622,8,9,1,1,13,2.0,18.0,1,9.0,18.0,12.0,6,46.15,2,1
622,8,11,1,1,12,2.0,12.0,0,6.0,0.0,inf,6,50.0,2,0
622,8,13,2,2,31,5.0,39.0,2,7.8,19.5,15.0,13,41.94,3,2
622,8,15,1,1,18,3.0,26.0,1,8.67,26.0,18.0,5,27.78,1,2
622,8,17,2,2,48,8.0,49.0,3,6.12,16.33,16.0,28,58.33,8,1
624,8,2,1,1,13,2.0,15.0,0,7.5,0.0,inf,3,23.08,0,1
625,8,2,1,1,20,3.0,38.0,1,12.67,38.0,18.0,5,25.0,4,2
630,8,6,1,1,26,4.0,30.0,0,7.5,0.0,inf,15,57.69,4,0
634,8,5,1,1,12,2.0,17.0,1,8.5,17.0,12.0,4,33.33,0,1
651,8,11,1,1,18,3.0,44.0,1,14.67,44.0,18.0,3,16.67,5,2
654,8,2,1,1,6,1.0,9.0,0,9.0,0.0,inf,0,0.0,1,0
654,8,6,1,1,12,2.0,11.0,0,5.5,0.0,inf,4,33.33,1,0
654,8,15,2,2,18,3.0,37.0,0,12.33,0.0,inf,3,16.67,2,3
654,8,17,1,1,24,4.0,40.0,2,10.0,20.0,12.0,5,20.83,1,4
656,8,2,2,2,41,6.0,51.0,1,8.5,51.0,40.0,10,24.39,2,3
656,8,5,2,2,42,7.0,54.0,2,7.71,27.0,21.0,11,26.19,3,2
656,8,6,2,2,44,7.0,63.0,1,9.0,63.0,42.0,11,25.0,6,2
656,8,9,2,2,37,6.0,55.0,1,9.17,55.0,36.0,14,37.84,3,4
656,8,11,2,2,51,8.0,64.0,3,8.0,21.33,16.0,15,29.41,3,3
656,8,15,2,2,36,6.0,44.0,2,7.33,22.0,18.0,11,30.56,2,2
656,8,17,2,2,38,6.0,61.0,3,10.17,20.33,12.0,11,28.95,4,5
663,8,9,1,1,18,3.0,36.0,0,12.0,0.0,inf,3,16.67,5,1
663,8,15,1,1,14,2.0,21.0,0,10.5,0.0,inf,3,21.43,3,0
665,8,2,1,1,13,2.0,25.0,0,12.5,0.0,inf,1,7.69,1,2
665,8,6,2,2,31,5.0,48.0,1,9.6,48.0,28.0,3,9.68,4,1
665,8,9,1,1,7,1.0,6.0,1,6.0,6.0,6.0,4,57.14,1,0
665,8,13,2,2,12,2.0,18.0,0,9.0,0.0,inf,2,16.67,2,0
665,8,15,1,1,12,2.0,14.0,1,7.0,14.0,12.0,3,25.0,1,0
665,8,17,1,1,6,1.0,9.0,0,9.0,0.0,inf,1,16.67,1,0
679,8,13,1,1,18,3.0,31.0,1,10.33,31.0,18.0,6,33.33,2,2
695,8,2,1,1,26,4.0,30.0,2,7.5,15.0,12.0,14,53.85,4,1
695,8,5,2,2,51,8.0,45.0,3,5.62,15.0,16.0,26,50.98,4,1
695,8,11,1,1,25,4.0,38.0,0,9.5,0.0,inf,6,24.0,2,2
695,8,13,1,1,24,4.0,27.0,2,6.75,13.5,12.0,11,45.83,2,2
695,8,15,1,1,24,4.0,31.0,2,7.75,15.5,12.0,8,33.33,5,0
695,8,17,1,1,24,4.0,35.0,1,8.75,35.0,24.0,11,45.83,3,2
703,8,2,1,1,18,3.0,27.0,1,9.0,27.0,18.0,5,27.78,1,2
703,8,6,2,2,48,8.0,47.0,5,5.88,9.4,9.6,22,45.83,4,2
703,8,13,1,1,25,4.0,30.0,0,7.5,0.0,inf,9,36.0,2,2
703,8,15,1,1,24,4.0,17.0,2,4.25,8.5,12.0,10,41.67,1,0
703,8,17,1,1,12,2.0,23.0,1,11.5,23.0,12.0,4,33.33,0,3
711,8,9,1,1,20,3.0,35.0,0,11.67,0.0,inf,5,25.0,4,1
732,8,2,1,1,18,3.0,18.0,1,6.0,18.0,18.0,8,44.44,1,1
732,8,5,1,1,18,3.0,25.0,1,8.33,25.0,18.0,5,27.78,1,1
732,8,6,2,2,42,7.0,60.0,1,8.57,60.0,42.0,14,33.33,5,3
732,8,13,2,2,36,6.0,35.0,1,5.83,35.0,36.0,11,30.56,2,0
732,8,15,2,2,48,8.0,53.0,3,6.62,17.67,16.0,23,47.92,1,4
732,8,17,2,2,42,7.0,75.0,0,10.71,0.0,inf,8,19.05,7,3
743,8,5,2,2,51,8.0,70.0,3,8.75,23.33,16.0,19,37.25,7,3
743,8,11,1,1,25,4.0,36.0,0,9.0,0.0,inf,9,36.0,2,2
743,8,17,1,1,13,2.0,17.0,1,8.5,17.0,12.0,6,46.15,0,2
756,8,2,1,1,12,2.0,23.0,0,11.5,0.0,inf,3,25.0,1,2
756,8,6,1,1,18,3.0,23.0,0,7.67,0.0,inf,4,22.22,1,1
757,8,2,1,1,15,2.0,27.0,2,13.5,13.5,6.0,6,40.0,2,2
757,8,5,2,2,24,4.0,25.0,1,6.25,25.0,24.0,10,41.67,2,1
757,8,6,1,1,6,1.0,5.0,0,5.0,0.0,inf,4,66.67,1,0
757,8,9,1,1,6,1.0,10.0,0,10.0,0.0,inf,2,33.33,2,0
757,8,13,2,2,26,4.0,28.0,0,7.0,0.0,inf,13,50.0,3,1
757,8,15,1,1,12,2.0,12.0,0,6.0,0.0,inf,4,33.33,1,0
757,8,17,2,2,30,5.0,33.0,1,6.6,33.0,30.0,17,56.67,3,2
777,8,6,2,2,52,8.0,79.0,1,9.88,79.0,48.0,18,34.62,7,4
777,8,17,1,1,14,2.0,18.0,0,9.0,0.0,inf,4,28.57,1,1
779,8,2,2,2,45,7.0,57.0,2,8.14,28.5,22.0,10,22.22,4,1
779,8,5,2,2,50,8.0,71.0,4,8.88,17.75,12.0,17,34.0,10,2
779,8,6,3,3,75,12.0,105.0,4,8.75,26.25,18.0,21,28.0,10,4
779,8,9,1,1,12,2.0,20.0,1,10.0,20.0,12.0,3,25.0,2,1
779,8,11,2,2,49,8.0,59.0,2,7.38,29.5,24.0,13,26.53,6,0
779,8,13,2,2,18,3.0,21.0,1,7.0,21.0,18.0,6,33.33,2,0
779,8,15,1,1,13,2.0,20.0,2,10.0,10.0,6.0,3,23.08,3,0
6,9,2,2,2,21,3.0,35.0,1,11.67,35.0,20.0,3,14.29,2,2
6,9,3,2,2,50,8.0,55.0,2,6.88,27.5,24.0,19,38.0,0,4
6,9,5,1,1,6,1.0,15.0,0,15.0,0.0,inf,0,0.0,1,1
6,9,9,2,2,30,5.0,42.0,0,8.4,0.0,inf,5,16.67,4,1
6,9,13,2,2,45,7.0,58.0,3,8.29,19.33,14.0,13,28.89,3,3
6,9,15,2,2,29,4.0,34.0,0,8.5,0.0,inf,9,31.03,2,0
6,9,17,3,3,66,11.0,72.0,2,6.55,36.0,33.0,22,33.33,4,3
47,9,3,1,1,18,3.0,13.0,3,4.33,4.33,6.0,11,61.11,1,0
47,9,5,1,1,18,3.0,25.0,1,8.33,25.0,18.0,8,44.44,2,2
47,9,14,1,1,26,4.0,53.0,1,13.25,53.0,24.0,5,19.23,4,3
47,9,15,1,1,24,4.0,45.0,2,11.25,22.5,12.0,10,41.67,3,4
58,9,5,1,1,19,3.0,49.0,0,16.33,0.0,inf,5,26.32,3,5
60,9,2,1,1,6,1.0,3.0,0,3.0,0.0,inf,3,50.0,0,0
63,9,2,1,1,7,1.0,11.0,0,11.0,0.0,inf,3,42.86,2,0
63,9,3,1,1,6,1.0,3.0,0,3.0,0.0,inf,3,50.0,0,0
63,9,5,1,1,6,1.0,11.0,0,11.0,0.0,inf,1,16.67,0,1
63,9,9,2,2,18,3.0,28.0,0,9.33,0.0,inf,3,16.67,4,0
63,9,15,2,2,18,3.0,27.0,0,9.0,0.0,inf,6,33.33,3,1
64,9,2,1,1,18,3.0,23.0,1,7.67,23.0,18.0,9,50.0,3,1
64,9,3,2,2,46,7.0,50.0,4,7.14,12.5,10.5,23,50.0,7,1
64,9,5,1,1,18,3.0,15.0,3,5.0,5.0,6.0,12,66.67,1,1
64,9,13,1,1,17,2.0,35.0,0,17.5,0.0,inf,3,17.65,5,1
64,9,14,1,1,24,4.0,23.0,0,5.75,0.0,inf,13,54.17,2,1
64,9,17,2,2,38,6.0,53.0,1,8.83,53.0,37.0,12,31.58,5,2
68,9,3,1,1,24,4.0,36.0,1,9.0,36.0,24.0,6,25.0,4,1
68,9,9,1,1,24,4.0,51.0,0,12.75,0.0,inf,5,20.83,4,4
68,9,14,1,1,24,4.0,21.0,1,5.25,21.0,24.0,9,37.5,2,0
68,9,15,1,1,24,4.0,39.0,1,9.75,39.0,24.0,6,25.0,3,2
73,9,2,1,1,16,2.0,6.0,2,3.0,3.0,8.0,13,81.25,1,0
73,9,5,1,1,26,4.0,31.0,0,7.75,0.0,inf,9,34.62,4,0
74,9,2,2,2,49,8.0,52.0,2,6.5,26.0,24.0,19,38.78,4,1
74,9,3,2,2,52,8.0,55.0,5,6.88,11.0,9.6,21,40.38,4,2
74,9,5,2,2,46,7.0,78.0,0,11.14,0.0,inf,14,30.43,10,3
74,9,9,2,2,43,7.0,84.0,1,12.0,84.0,42.0,7,16.28,8,4
74,9,13,2,2,38,6.0,29.0,4,4.83,7.25,9.0,17,44.74,2,0
74,9,14,3,3,56,9.0,63.0,5,7.0,12.6,10.2,22,39.29,6,2
74,9,15,3,3,76,12.0,124.0,3,10.33,41.33,24.0,21,27.63,11,6
86,9,3,1,1,18,3.0,31.0,0,10.33,0.0,inf,5,27.78,4,1
86,9,5,2,2,51,8.0,74.0,2,9.25,37.0,23.0,18,35.29,4,4
86,9,9,1,1,28,4.0,34.0,0,8.5,0.0,inf,8,28.57,1,2
86,9,13,2,2,25,4.0,42.0,0,10.5,0.0,inf,7,28.0,4,2
86,9,14,1,1,14,2.0,19.0,0,9.5,0.0,inf,4,28.57,3,0
86,9,15,1,1,19,3.0,27.0,0,9.0,0.0,inf,6,31.58,4,0
90,9,3,1,1,18,3.0,20.0,1,6.67,20.0,18.0,4,22.22,0,1
90,9,5,1,1,14,2.0,30.0,0,15.0,0.0,inf,3,21.43,1,3
90,9,15,1,1,6,1.0,9.0,0,9.0,0.0,inf,1,16.67,1,0
94,9,2,1,1,25,4.0,37.0,1,9.25,37.0,24.0,6,24.0,3,1
94,9,5,1,1,25,4.0,36.0,0,9.0,0.0,inf,11,44.0,0,4
94,9,14,1,1,18,3.0,15.0,0,5.0,0.0,inf,7,38.89,1,0
94,9,17,2,2,37,6.0,71.0,2,11.83,35.5,18.0,11,29.73,2,7
104,9,9,1,1,12,2.0,14.0,1,7.0,14.0,12.0,4,33.33,2,0
104,9,17,1,1,11,1.0,25.0,0,25.0,0.0,inf,1,9.09,2,2
111,9,2,2,2,13,2.0,18.0,0,9.0,0.0,inf,3,23.08,0,1
111,9,3,1,1,6,1.0,10.0,0,10.0,0.0,inf,1,16.67,0,1
111,9,13,1,1,6,1.0,11.0,0,11.0,0.0,inf,1,16.67,2,0
111,9,14,1,1,13,2.0,13.0,0,6.5,0.0,inf,2,15.38,0,0
116,9,2,2,2,44,7.0,50.0,6,7.14,8.33,7.0,19,43.18,4,1
116,9,3,2,2,24,4.0,27.0,1,6.75,27.0,24.0,9,37.5,3,0
116,9,5,2,2,42,7.0,80.0,1,11.43,80.0,42.0,13,30.95,12,3
116,9,13,2,2,31,5.0,38.0,4,7.6,9.5,7.5,13,41.94,0,4
116,9,14,1,1,19,3.0,21.0,1,7.0,21.0,18.0,11,57.89,3,0
116,9,15,1,1,24,4.0,19.0,1,4.75,19.0,24.0,10,41.67,1,0
116,9,17,2,2,40,6.0,56.0,1,9.33,56.0,39.0,15,37.5,5,3
117,9,13,1,1,12,2.0,21.0,0,10.5,0.0,inf,3,25.0,2,1
129,9,3,1,1,20,3.0,19.0,0,6.33,0.0,inf,10,50.0,3,0
129,9,5,2,2,50,8.0,53.0,2,6.62,26.5,24.0,20,40.0,4,2
129,9,9,2,2,37,6.0,45.0,3,7.5,15.0,11.33,13,35.14,6,0
129,9,13,2,2,42,7.0,39.0,2,5.57,19.5,21.0,22,52.38,5,0
129,9,14,2,2,49,8.0,75.0,1,9.38,75.0,48.0,18,36.73,8,2
129,9,15,1,1,24,4.0,26.0,0,6.5,0.0,inf,10,41.67,2,1
129,9,17,2,2,49,8.0,80.0,2,10.0,40.0,24.0,18,36.73,11,2
134,9,2,2,2,50,8.0,54.0,4,6.75,13.5,12.0,26,52.0,7,1
134,9,5,1,1,19,3.0,33.0,1,11.0,33.0,18.0,7,36.84,7,0
134,9,9,1,1,6,1.0,13.0,0,13.0,0.0,inf,1,16.67,2,0
134,9,13,1,1,18,3.0,16.0,1,5.33,16.0,18.0,9,50.0,2,0
134,9,14,1,1,27,4.0,40.0,2,10.0,20.0,12.0,8,29.63,5,0
134,9,15,2,2,51,8.0,49.0,3,6.12,16.33,16.0,27,52.94,4,2
134,9,17,1,1,21,3.0,26.0,0,8.67,0.0,inf,6,28.57,2,0
137,9,2,2,2,53,8.0,57.0,0,7.12,0.0,inf,13,24.53,2,2
137,9,5,2,2,24,4.0,28.0,2,7.0,14.0,12.0,8,33.33,2,1
137,9,9,2,2,28,4.0,51.0,2,12.75,25.5,12.0,7,25.0,3,4
137,9,13,2,2,48,8.0,61.0,4,7.62,15.25,12.0,16,33.33,6,2
137,9,14,2,2,50,8.0,63.0,0,7.88,0.0,inf,17,34.0,6,1
137,9,15,2,2,49,8.0,30.0,2,3.75,15.0,24.0,25,51.02,1,0
137,9,17,2,2,26,4.0,29.0,0,7.25,0.0,inf,7,26.92,2,0
144,9,2,1,1,18,3.0,28.0,0,9.33,0.0,inf,4,22.22,3,1
144,9,5,1,1,25,4.0,43.0,1,10.75,43.0,24.0,8,32.0,8,0
144,9,14,1,1,26,4.0,35.0,1,8.75,35.0,24.0,9,34.62,6,0
148,9,3,2,2,27,4.0,62.0,0,15.5,0.0,inf,3,11.11,7,2
148,9,5,1,1,18,3.0,24.0,0,8.0,0.0,inf,9,50.0,5,0
148,9,9,1,1,25,4.0,33.0,0,8.25,0.0,inf,6,24.0,3,1
148,9,13,1,1,19,3.0,34.0,1,11.33,34.0,18.0,5,26.32,4,1
148,9,14,1,1,24,4.0,31.0,1,7.75,31.0,24.0,8,33.33,2,2
148,9,15,1,1,18,3.0,26.0,1,8.67,26.0,18.0,2,11.11,4,0
148,9,17,1,1,25,4.0,34.0,2,8.5,17.0,12.0,6,24.0,2,2
151,9,14,1,1,8,1.0,13.0,0,13.0,0.0,inf,1,12.5,0,1
156,9,13,1,1,12,2.0,21.0,0,10.5,0.0,inf,6,50.0,3,1
156,9,15,1,1,13,2.0,28.0,0,14.0,0.0,inf,3,23.08,2,2
158,9,3,1,1,14,2.0,12.0,1,6.0,12.0,12.0,7,50.0,2,0
158,9,5,2,2,49,8.0,61.0,3,7.62,20.33,16.0,17,34.69,3,4
158,9,9,2,2,43,7.0,40.0,1,5.71,40.0,42.0,17,39.53,4,0
158,9,13,2,2,50,8.0,49.0,3,6.12,16.33,16.0,19,38.0,3,1
158,9,14,2,2,50,8.0,67.0,3,8.38,22.33,16.0,15,30.0,7,1
158,9,15,1,1,25,4.0,19.0,1,4.75,19.0,24.0,10,40.0,1,0
158,9,17,2,2,43,7.0,60.0,1,8.57,60.0,42.0,17,39.53,7,1
173,9,9,1,1,18,3.0,14.0,1,4.67,14.0,18.0,7,38.89,0,0
173,9,13,1,1,7,1.0,11.0,0,11.0,0.0,inf,2,28.57,2,0
173,9,14,1,1,18,3.0,20.0,2,6.67,10.0,9.0,7,38.89,3,0
173,9,17,1,1,25,4.0,35.0,2,8.75,17.5,12.0,7,28.0,2,2
178,9,2,2,2,37,6.0,31.0,0,5.17,0.0,inf,18,48.65,3,0
178,9,3,2,2,49,8.0,62.0,4,7.75,15.5,12.0,15,30.61,7,1
178,9,5,2,2,51,8.0,64.0,5,8.0,12.8,9.6,22,43.14,7,2
178,9,9,2,2,44,7.0,68.0,0,9.71,0.0,inf,11,25.0,8,2
178,9,14,2,2,40,6.0,56.0,3,9.33,18.67,13.33,12,30.0,6,1
178,9,15,2,2,44,7.0,60.0,1,8.57,60.0,40.0,11,25.0,4,3
178,9,17,2,2,39,6.0,66.0,0,11.0,0.0,inf,8,20.51,10,0
179,9,2,2,2,39,6.0,55.0,3,9.17,18.33,12.33,11,28.21,5,2
179,9,3,1,1,27,4.0,38.0,1,9.5,38.0,24.0,8,29.63,4,1
179,9,5,1,1,24,4.0,16.0,1,4.0,16.0,24.0,9,37.5,0,0
179,9,9,2,2,52,8.0,65.0,3,8.12,21.67,16.0,17,32.69,4,2
179,9,13,2,2,42,7.0,55.0,5,7.86,11.0,8.4,14,33.33,9,0
179,9,14,3,3,74,12.0,94.0,5,7.83,18.8,14.4,25,33.78,5,5
179,9,15,2,2,50,8.0,78.0,3,9.75,26.0,16.0,16,32.0,6,5
180,9,3,1,1,24,4.0,25.0,0,6.25,0.0,inf,8,33.33,1,1
180,9,13,1,1,25,4.0,23.0,1,5.75,23.0,24.0,12,48.0,1,1
180,9,15,2,2,49,8.0,69.0,1,8.62,69.0,48.0,16,32.65,9,1
180,9,17,1,1,6,1.0,8.0,0,8.0,0.0,inf,2,33.33,1,0
189,9,3,1,1,19,3.0,21.0,1,7.0,21.0,18.0,5,26.32,2,0
189,9,15,1,1,26,4.0,35.0,1,8.75,35.0,24.0,7,26.92,3,1
195,9,2,1,1,16,2.0,27.0,0,13.5,0.0,inf,3,18.75,1,2
195,9,3,1,1,25,4.0,31.0,0,7.75,0.0,inf,5,20.0,3,0
195,9,5,1,1,18,3.0,35.0,0,11.67,0.0,inf,1,5.56,1,3
195,9,9,1,1,24,4.0,18.0,2,4.5,9.0,12.0,10,41.67,1,0
195,9,14,1,1,24,4.0,35.0,1,8.75,35.0,24.0,5,20.83,5,0
205,9,3,1,1,12,2.0,17.0,0,8.5,0.0,inf,2,16.67,2,0
205,9,9,2,2,39,6.0,56.0,3,9.33,18.67,12.0,9,23.08,5,1
205,9,13,2,2,36,6.0,53.0,0,8.83,0.0,inf,11,30.56,5,2
205,9,15,1,1,25,4.0,27.0,2,6.75,13.5,12.0,9,36.0,1,1
205,9,17,2,2,31,5.0,36.0,2,7.2,18.0,15.5,10,32.26,3,1
212,9,2,1,1,18,3.0,17.0,0,5.67,0.0,inf,9,50.0,2,0
212,9,13,2,2,30,5.0,44.0,0,8.8,0.0,inf,9,30.0,3,2
217,9,2,1,1,12,2.0,13.0,0,6.5,0.0,inf,6,50.0,2,0
217,9,13,1,1,21,3.0,28.0,0,9.33,0.0,inf,7,33.33,3,1
223,9,9,1,1,20,3.0,36.0,2,12.0,18.0,9.0,5,25.0,5,1
223,9,14,1,1,14,2.0,30.0,0,15.0,0.0,inf,4,28.57,4,1
224,9,2,1,1,18,3.0,32.0,0,10.67,0.0,inf,4,22.22,2,2
224,9,3,1,1,27,4.0,46.0,1,11.5,46.0,24.0,6,22.22,5,2
224,9,5,1,1,12,2.0,20.0,0,10.0,0.0,inf,4,33.33,2,1
224,9,15,2,2,33,5.0,49.0,0,9.8,0.0,inf,14,42.42,5,2
230,9,2,2,2,36,6.0,51.0,0,8.5,0.0,inf,7,19.44,5,1
230,9,15,2,2,25,4.0,31.0,0,7.75,0.0,inf,8,32.0,3,1
234,9,3,2,2,39,6.0,38.0,1,6.33,38.0,36.0,13,33.33,2,1
234,9,5,2,2,48,8.0,66.0,3,8.25,22.0,16.0,16,33.33,4,4
234,9,9,2,2,39,6.0,47.0,2,7.83,23.5,18.0,15,38.46,3,2
234,9,13,2,2,44,7.0,48.0,4,6.86,12.0,10.5,19,43.18,4,1
234,9,14,2,2,36,6.0,46.0,1,7.67,46.0,36.0,9,25.0,4,1
234,9,15,2,2,36,6.0,40.0,2,6.67,20.0,18.0,10,27.78,2,1
234,9,17,2,2,42,7.0,59.0,0,8.43,0.0,inf,11,26.19,5,2
235,9,3,1,1,25,4.0,26.0,2,6.5,13.0,12.0,9,36.0,0,2
235,9,5,2,2,48,8.0,88.0,0,11.0,0.0,inf,9,18.75,6,5
235,9,14,1,1,24,4.0,24.0,3,6.0,8.0,8.0,7,29.17,1,1
240,9,2,2,2,24,4.0,36.0,0,9.0,0.0,inf,10,41.67,4,2
240,9,5,1,1,24,4.0,35.0,0,8.75,0.0,inf,8,33.33,4,1
240,9,9,1,1,21,3.0,28.0,2,9.33,14.0,10.5,8,38.1,3,1
240,9,13,2,2,28,4.0,54.0,1,13.5,54.0,28.0,5,17.86,5,2
240,9,14,1,1,25,4.0,41.0,2,10.25,20.5,12.0,5,20.0,6,0
240,9,15,2,2,36,6.0,58.0,1,9.67,58.0,36.0,9,25.0,5,2
240,9,17,2,2,44,7.0,74.0,3,10.57,24.67,14.0,11,25.0,8,3
243,9,2,1,1,24,4.0,21.0,3,5.25,7.0,8.0,7,29.17,0,0
243,9,9,1,1,7,1.0,8.0,0,8.0,0.0,inf,2,28.57,0,0
243,9,13,1,1,24,4.0,32.0,1,8.0,32.0,24.0,5,20.83,1,2
243,9,15,1,1,24,4.0,19.0,6,4.75,3.17,4.0,11,45.83,0,1
243,9,17,1,1,24,4.0,35.0,2,8.75,17.5,12.0,7,29.17,3,2
245,9,3,1,1,6,1.0,10.0,0,10.0,0.0,inf,1,16.67,0,1
245,9,5,1,1,6,1.0,19.0,0,19.0,0.0,inf,0,0.0,4,0
245,9,13,1,1,6,1.0,10.0,0,10.0,0.0,inf,3,50.0,2,0
245,9,17,2,2,36,6.0,45.0,1,7.5,45.0,36.0,7,19.44,3,1
249,9,3,1,1,19,3.0,21.0,0,7.0,0.0,inf,8,42.11,3,0
249,9,9,1,1,24,4.0,32.0,0,8.0,0.0,inf,13,54.17,7,0
249,9,15,2,2,50,8.0,61.0,3,7.62,20.33,16.0,16,32.0,6,1
251,9,2,2,2,38,6.0,45.0,2,7.5,22.5,18.0,17,44.74,4,1
251,9,3,2,2,42,7.0,47.0,2,6.71,23.5,21.0,17,40.48,1,2
251,9,5,1,1,19,3.0,29.0,1,9.67,29.0,19.0,5,26.32,0,3
251,9,13,2,2,44,7.0,45.0,3,6.43,15.0,14.0,19,43.18,4,1
251,9,14,1,1,24,4.0,30.0,1,7.5,30.0,24.0,11,45.83,2,2
251,9,15,1,1,6,1.0,13.0,0,13.0,0.0,inf,2,33.33,2,0
251,9,17,2,2,43,7.0,64.0,2,9.14,32.0,21.5,10,23.26,3,3
255,9,2,1,1,19,3.0,22.0,1,7.33,22.0,18.0,9,47.37,4,0
255,9,3,2,2,46,7.0,42.0,1,6.0,42.0,46.0,20,43.48,1,2
255,9,5,1,1,24,4.0,22.0,2,5.5,11.0,12.0,11,45.83,3,0
255,9,13,1,1,25,4.0,22.0,2,5.5,11.0,12.0,9,36.0,1,0
255,9,14,1,1,26,4.0,30.0,1,7.5,30.0,24.0,10,38.46,1,1
255,9,15,3,3,74,12.0,87.0,3,7.25,29.0,24.0,32,43.24,7,4
255,9,17,2,2,48,8.0,79.0,1,9.88,79.0,48.0,18,37.5,9,4
259,9,2,2,2,36,6.0,43.0,3,7.17,14.33,12.0,18,50.0,8,0
259,9,3,1,1,19,3.0,25.0,0,8.33,0.0,inf,4,21.05,3,0
259,9,5,2,2,48,8.0,60.0,4,7.5,15.0,12.0,26,54.17,4,5
259,9,9,2,2,50,8.0,64.0,2,8.0,32.0,24.0,22,44.0,9,1
259,9,13,1,1,24,4.0,28.0,1,7.0,28.0,24.0,9,37.5,2,0
259,9,15,3,3,54,9.0,58.0,2,6.44,29.0,27.0,25,46.3,7,1
259,9,17,3,3,66,11.0,86.0,6,7.82,14.33,11.0,26,39.39,8,4
260,9,15,1,1,20,3.0,28.0,0,9.33,0.0,inf,6,30.0,4,0
260,9,17,1,1,18,3.0,15.0,0,5.0,0.0,inf,6,33.33,0,0
263,9,2,2,2,50,8.0,55.0,3,6.88,18.33,16.0,17,34.0,4,1
263,9,3,2,2,43,7.0,59.0,3,8.43,19.67,14.0,19,44.19,5,3
263,9,9,2,2,48,8.0,66.0,0,8.25,0.0,inf,15,31.25,5,2
263,9,13,2,2,37,6.0,39.0,3,6.5,13.0,12.0,8,21.62,1,1
263,9,14,2,2,53,8.0,74.0,3,9.25,24.67,16.0,17,32.08,9,1
263,9,15,2,2,43,7.0,54.0,0,7.71,0.0,inf,15,34.88,5,2
263,9,17,2,2,48,8.0,59.0,3,7.38,19.67,16.0,17,35.42,4,3
264,9,2,2,2,18,3.0,21.0,0,7.0,0.0,inf,1,5.56,1,0
264,9,9,2,2,18,3.0,24.0,2,8.0,12.0,9.0,6,33.33,2,1
264,9,13,1,1,26,4.0,30.0,0,7.5,0.0,inf,11,42.31,1,2
264,9,14,1,1,18,3.0,22.0,1,7.33,22.0,18.0,3,16.67,2,0
269,9,2,2,2,30,5.0,37.0,2,7.4,18.5,15.0,12,40.0,2,2
269,9,3,2,2,30,5.0,36.0,2,7.2,18.0,15.0,9,30.0,3,1
269,9,5,2,2,49,8.0,41.0,1,5.12,41.0,48.0,19,38.78,2,1
269,9,9,3,3,43,7.0,50.0,2,7.14,25.0,21.0,9,20.93,2,1
269,9,13,2,2,43,7.0,62.0,3,8.86,20.67,14.0,11,25.58,6,2
269,9,14,3,3,57,9.0,68.0,1,7.56,68.0,54.0,14,24.56,6,1
269,9,17,3,3,66,11.0,121.0,1,11.0,121.0,66.0,15,22.73,8,8
292,9,14,1,1,26,4.0,39.0,1,9.75,39.0,24.0,11,42.31,8,0
293,9,2,2,2,42,7.0,58.0,2,8.29,29.0,21.0,11,26.19,4,3
293,9,3,2,2,44,7.0,49.0,2,7.0,24.5,21.0,11,25.0,1,2
293,9,9,2,2,48,8.0,63.0,2,7.88,31.5,24.0,10,20.83,3,3
293,9,13,2,2,48,8.0,60.0,0,7.5,0.0,inf,13,27.08,4,2
293,9,14,2,2,36,6.0,56.0,1,9.33,56.0,36.0,11,30.56,5,3
293,9,15,2,2,50,8.0,67.0,2,8.38,33.5,24.0,19,38.0,8,2
293,9,17,2,2,32,5.0,39.0,0,7.8,0.0,inf,8,25.0,3,1
297,9,5,1,1,25,4.0,21.0,2,5.25,10.5,12.0,13,52.0,1,1
297,9,14,1,1,6,1.0,10.0,0,10.0,0.0,inf,0,0.0,1,0
297,9,15,1,1,24,4.0,14.0,2,3.5,7.0,12.0,15,62.5,1,0
303,9,2,2,2,18,3.0,32.0,1,10.67,32.0,18.0,5,27.78,1,3
303,9,3,2,2,24,4.0,37.0,0,9.25,0.0,inf,3,12.5,2,1
303,9,5,1,1,28,4.0,40.0,1,10.0,40.0,24.0,6,21.43,3,1
303,9,13,2,2,38,6.0,58.0,0,9.67,0.0,inf,7,18.42,7,0
307,9,13,1,1,6,1.0,4.0,0,4.0,0.0,inf,2,33.33,0,0
307,9,14,1,1,4,0.0,4.0,2,inf,2.0,2.0,3,75.0,1,0
356,9,9,1,1,19,3.0,26.0,0,8.67,0.0,inf,5,26.32,0,2
356,9,13,1,1,26,4.0,27.0,1,6.75,27.0,24.0,8,30.77,2,0
356,9,17,1,1,25,4.0,31.0,0,7.75,0.0,inf,4,16.0,1,1
362,9,2,1,1,24,4.0,31.0,2,7.75,15.5,12.0,8,33.33,3,1
362,9,5,1,1,19,3.0,23.0,0,7.67,0.0,inf,6,31.58,3,0
371,9,2,2,2,36,6.0,42.0,2,7.0,21.0,18.0,15,41.67,3,2
371,9,3,2,2,51,8.0,52.0,3,6.5,17.33,16.0,22,43.14,6,1
371,9,5,2,2,49,8.0,31.0,3,3.88,10.33,16.0,29,59.18,3,0
371,9,9,2,2,39,6.0,46.0,0,7.67,0.0,inf,10,25.64,5,0
371,9,14,2,2,43,7.0,52.0,2,7.43,26.0,21.0,19,44.19,4,2
371,9,15,2,2,48,8.0,65.0,2,8.12,32.5,24.0,18,37.5,4,4
371,9,17,2,2,43,7.0,78.0,3,11.14,26.0,14.0,14,32.56,9,3
381,9,2,1,1,12,2.0,14.0,0,7.0,0.0,inf,2,16.67,1,0
381,9,3,1,1,19,3.0,22.0,0,7.33,0.0,inf,0,0.0,0,0
381,9,5,1,1,25,4.0,40.0,3,10.0,13.33,8.0,6,24.0,2,3
381,9,9,1,1,25,4.0,22.0,1,5.5,22.0,24.0,8,32.0,2,0
381,9,13,1,1,18,3.0,26.0,0,8.67,0.0,inf,3,16.67,3,0
381,9,14,2,2,50,8.0,79.0,2,9.88,39.5,24.0,15,30.0,10,2
381,9,15,1,1,6,1.0,10.0,0,10.0,0.0,inf,1,16.67,0,1
383,9,5,1,1,28,4.0,36.0,2,9.0,18.0,12.0,14,50.0,4,1
383,9,13,1,1,18,3.0,26.0,0,8.67,0.0,inf,10,55.56,4,1
383,9,14,1,1,24,4.0,39.0,1,9.75,39.0,24.0,5,20.83,7,0
383,9,17,1,1,27,4.0,47.0,0,11.75,0.0,inf,8,29.63,6,2
391,9,2,1,1,24,4.0,29.0,1,7.25,29.0,24.0,9,37.5,4,0
391,9,3,1,1,19,3.0,32.0,0,10.67,0.0,inf,5,26.32,2,2
391,9,9,1,1,6,1.0,14.0,0,14.0,0.0,inf,0,0.0,1,1
391,9,13,1,1,25,4.0,20.0,3,5.0,6.67,8.0,10,40.0,1,0
391,9,15,2,2,49,8.0,47.0,2,5.88,23.5,24.0,20,40.82,4,1
391,9,17,1,1,19,3.0,50.0,0,16.67,0.0,inf,4,21.05,3,5
399,9,2,1,1,6,1.0,7.0,1,7.0,7.0,6.0,2,33.33,1,0
399,9,3,2,2,18,3.0,26.0,0,8.67,0.0,inf,7,38.89,0,3
399,9,9,2,2,25,4.0,37.0,2,9.25,18.5,12.0,4,16.0,3,1
399,9,14,2,2,21,3.0,26.0,0,8.67,0.0,inf,8,38.1,3,1
399,9,15,2,2,24,4.0,39.0,0,9.75,0.0,inf,5,20.83,4,0
399,9,17,1,1,12,2.0,18.0,0,9.0,0.0,inf,3,25.0,0,2
404,9,9,1,1,14,2.0,31.0,0,15.5,0.0,inf,0,0.0,1,2
405,9,3,1,1,13,2.0,15.0,2,7.5,7.5,6.0,4,30.77,0,1
405,9,9,1,1,6,1.0,8.0,0,8.0,0.0,inf,1,16.67,1,0
405,9,14,1,1,7,1.0,8.0,0,8.0,0.0,inf,2,28.57,0,0
439,9,2,1,1,21,3.0,21.0,0,7.0,0.0,inf,5,23.81,2,0
439,9,3,1,1,25,4.0,35.0,0,8.75,0.0,inf,7,28.0,4,0
439,9,9,2,2,51,8.0,81.0,2,10.12,40.5,24.0,14,27.45,9,2
439,9,13,2,2,49,8.0,50.0,3,6.25,16.67,16.0,24,48.98,4,2
439,9,14,1,1,24,4.0,31.0,0,7.75,0.0,inf,11,45.83,4,1
439,9,15,2,2,49,8.0,59.0,3,7.38,19.67,16.0,15,30.61,4,1
439,9,17,2,2,49,8.0,52.0,1,6.5,52.0,48.0,23,46.94,6,1
440,9,3,2,2,43,7.0,63.0,1,9.0,63.0,42.0,15,34.88,9,1
440,9,9,1,1,20,3.0,32.0,0,10.67,0.0,inf,4,20.0,5,0
440,9,15,1,1,18,3.0,34.0,0,11.33,0.0,inf,4,22.22,5,0
440,9,17,1,1,21,3.0,48.0,1,16.0,48.0,18.0,5,23.81,5,3
448,9,3,1,1,6,1.0,17.0,0,17.0,0.0,inf,0,0.0,2,1
448,9,5,1,1,24,4.0,40.0,0,10.0,0.0,inf,6,25.0,0,4
448,9,9,1,1,12,2.0,16.0,0,8.0,0.0,inf,1,8.33,0,1
448,9,14,2,2,30,5.0,31.0,2,6.2,15.5,15.0,13,43.33,3,1
448,9,17,1,1,12,2.0,17.0,1,8.5,17.0,12.0,1,8.33,2,0
449,9,2,1,1,25,4.0,40.0,1,10.0,40.0,24.0,7,28.0,4,1
449,9,3,2,2,49,8.0,83.0,2,10.38,41.5,24.0,10,20.41,5,4
449,9,5,2,2,51,8.0,61.0,3,7.62,20.33,16.0,14,27.45,5,1
449,9,9,2,2,50,8.0,68.0,1,8.5,68.0,48.0,18,36.0,3,5
449,9,13,2,2,49,8.0,55.0,6,6.88,9.17,8.0,15,30.61,5,0
449,9,15,3,3,60,10.0,72.0,4,7.2,18.0,15.0,19,31.67,7,1
449,9,17,3,3,64,10.0,115.0,0,11.5,0.0,inf,10,15.62,11,4
451,9,5,1,1,24,4.0,42.0,0,10.5,0.0,inf,8,33.33,2,3
451,9,13,1,1,24,4.0,30.0,0,7.5,0.0,inf,8,33.33,2,1
451,9,14,2,2,43,7.0,55.0,2,7.86,27.5,21.0,15,34.88,5,2
453,9,15,1,1,25,4.0,43.0,1,10.75,43.0,24.0,7,28.0,4,2
462,9,3,1,1,18,3.0,18.0,0,6.0,0.0,inf,4,22.22,1,0
466,9,3,1,1,13,2.0,14.0,1,7.0,14.0,12.0,2,15.38,1,0
466,9,14,1,1,22,3.0,35.0,1,11.67,35.0,18.0,6,27.27,3,1
466,9,15,1,1,18,3.0,21.0,1,7.0,21.0,18.0,4,22.22,2,0
466,9,17,1,1,19,3.0,28.0,0,9.33,0.0,inf,6,31.58,4,0
472,9,5,1,1,25,4.0,37.0,1,9.25,37.0,24.0,8,32.0,1,2
472,9,15,2,2,49,8.0,63.0,5,7.88,12.6,9.6,20,40.82,4,4
477,9,2,2,2,37,6.0,33.0,0,5.5,0.0,inf,16,43.24,2,1
477,9,3,2,2,36,6.0,49.0,0,8.17,0.0,inf,14,38.89,8,0
477,9,5,2,2,43,7.0,42.0,2,6.0,21.0,21.0,24,55.81,8,0
477,9,9,2,2,38,6.0,31.0,2,5.17,15.5,18.0,19,50.0,3,0
477,9,13,2,2,41,6.0,50.0,2,8.33,25.0,20.5,14,34.15,6,0
477,9,15,3,3,60,10.0,91.0,1,9.1,91.0,56.0,20,33.33,11,1
477,9,17,3,3,64,10.0,105.0,2,10.5,52.5,31.0,25,39.06,9,7
482,9,2,1,1,13,2.0,10.0,1,5.0,10.0,12.0,7,53.85,1,0
482,9,3,1,1,25,4.0,43.0,1,10.75,43.0,24.0,7,28.0,2,3
482,9,5,1,1,21,3.0,37.0,0,12.33,0.0,inf,5,23.81,3,2
482,9,9,1,1,19,3.0,22.0,0,7.33,0.0,inf,4,21.05,0,1
482,9,13,2,2,31,5.0,64.0,0,12.8,0.0,inf,3,9.68,9,1
482,9,14,2,2,46,7.0,37.0,6,5.29,6.17,7.0,16,34.78,1,1
482,9,15,1,1,26,4.0,45.0,3,11.25,15.0,8.0,7,26.92,6,1
485,9,2,1,1,18,3.0,25.0,0,8.33,0.0,inf,2,11.11,2,0
485,9,9,2,2,33,5.0,63.0,0,12.6,0.0,inf,7,21.21,5,4
485,9,13,1,1,24,4.0,26.0,0,6.5,0.0,inf,6,25.0,2,0
485,9,17,1,1,25,4.0,57.0,0,14.25,0.0,inf,4,16.0,2,6
489,9,9,1,1,18,3.0,29.0,0,9.67,0.0,inf,3,16.67,1,2
512,9,2,1,1,6,1.0,7.0,0,7.0,0.0,inf,4,66.67,0,1
512,9,15,1,1,6,1.0,8.0,0,8.0,0.0,inf,1,16.67,1,0
514,9,2,2,2,51,8.0,57.0,2,7.12,28.5,24.0,26,50.98,6,3
514,9,3,2,2,43,7.0,54.0,1,7.71,54.0,42.0,22,51.16,5,3
514,9,9,2,2,49,8.0,58.0,3,7.25,19.33,16.0,15,30.61,6,0
514,9,13,2,2,47,7.0,56.0,4,8.0,14.0,10.5,16,34.04,7,0
514,9,14,2,2,47,7.0,59.0,4,8.43,14.75,11.75,18,38.3,9,1
514,9,15,2,2,46,7.0,71.0,1,10.14,71.0,45.0,15,32.61,8,3
514,9,17,2,2,49,8.0,81.0,2,10.12,40.5,24.0,16,32.65,6,6
542,9,3,1,1,24,4.0,40.0,0,10.0,0.0,inf,4,16.67,5,1
542,9,5,2,2,37,6.0,43.0,1,7.17,43.0,36.0,15,40.54,3,2
542,9,9,1,1,24,4.0,22.0,1,5.5,22.0,24.0,5,20.83,0,1
542,9,17,2,2,38,6.0,73.0,0,12.17,0.0,inf,6,15.79,4,5
545,9,2,2,2,53,8.0,65.0,0,8.12,0.0,inf,20,37.74,7,1
545,9,3,2,2,44,7.0,37.0,2,5.29,18.5,21.0,22,50.0,2,1
545,9,5,2,2,43,7.0,40.0,2,5.71,20.0,21.0,23,53.49,5,0
545,9,9,3,3,73,12.0,79.0,5,6.58,15.8,14.4,24,32.88,8,0
545,9,13,2,2,48,8.0,69.0,3,8.62,23.0,16.0,15,31.25,7,3
545,9,14,3,3,76,12.0,84.0,8,7.0,10.5,9.0,30,39.47,8,1
545,9,17,3,3,77,12.0,116.0,3,9.67,38.67,24.0,22,28.57,17,2
546,9,2,2,2,39,6.0,40.0,2,6.67,20.0,18.5,9,23.08,3,0
546,9,3,1,1,13,2.0,28.0,0,14.0,0.0,inf,4,30.77,1,3
546,9,9,1,1,12,2.0,21.0,0,10.5,0.0,inf,1,8.33,1,1
546,9,13,2,2,36,6.0,52.0,0,8.67,0.0,inf,9,25.0,5,1
546,9,14,2,2,36,6.0,48.0,1,8.0,48.0,36.0,10,27.78,5,1
546,9,15,1,1,6,1.0,5.0,0,5.0,0.0,inf,1,16.67,0,0
546,9,17,2,2,52,8.0,42.0,3,5.25,14.0,16.0,19,36.54,0,0
550,9,2,1,1,18,3.0,28.0,0,9.33,0.0,inf,5,27.78,4,0
550,9,3,1,1,18,3.0,37.0,0,12.33,0.0,inf,3,16.67,5,1
550,9,15,2,2,48,8.0,64.0,1,8.0,64.0,48.0,14,29.17,5,3
558,9,2,2,2,44,7.0,60.0,2,8.57,30.0,21.0,12,27.27,6,1
558,9,5,1,1,24,4.0,23.0,1,5.75,23.0,24.0,10,41.67,1,1
558,9,9,2,2,40,6.0,57.0,3,9.5,19.0,12.33,11,27.5,8,1
558,9,13,1,1,14,2.0,18.0,2,9.0,9.0,6.0,6,42.86,0,2
558,9,14,2,2,36,6.0,28.0,1,4.67,28.0,36.0,17,47.22,2,1
558,9,15,1,1,24,4.0,30.0,2,7.5,15.0,12.0,9,37.5,5,0
559,9,15,1,1,13,2.0,17.0,0,8.5,0.0,inf,5,38.46,2,0
563,9,15,1,1,7,1.0,8.0,0,8.0,0.0,inf,2,28.57,1,0
564,9,2,2,2,36,6.0,54.0,3,9.0,18.0,12.0,14,38.89,6,3
564,9,3,1,1,12,2.0,16.0,1,8.0,16.0,12.0,1,8.33,0,1
564,9,5,1,1,14,2.0,19.0,1,9.5,19.0,12.0,4,28.57,3,0
564,9,13,2,2,37,6.0,43.0,1,7.17,43.0,36.0,9,24.32,3,0
564,9,14,1,1,12,2.0,18.0,0,9.0,0.0,inf,3,25.0,1,1
564,9,15,1,1,25,4.0,28.0,3,7.0,9.33,8.0,10,40.0,2,1
564,9,17,1,1,27,4.0,56.0,1,14.0,56.0,24.0,5,18.52,6,3
573,9,3,1,1,6,1.0,9.0,0,9.0,0.0,inf,0,0.0,1,0
573,9,14,2,2,18,3.0,18.0,1,6.0,18.0,18.0,6,33.33,1,0
573,9,15,2,2,19,3.0,28.0,1,9.33,28.0,18.0,6,31.58,4,0
597,9,2,1,1,24,4.0,33.0,1,8.25,33.0,24.0,10,41.67,3,2
597,9,3,1,1,15,2.0,14.0,0,7.0,0.0,inf,6,40.0,1,0
597,9,14,1,1,18,3.0,17.0,2,5.67,8.5,9.0,9,50.0,3,0
611,9,2,1,1,18,3.0,31.0,0,10.33,0.0,inf,5,27.78,2,2
611,9,5,2,2,39,6.0,41.0,1,6.83,41.0,39.0,16,41.03,1,2
611,9,9,2,2,33,5.0,45.0,1,9.0,45.0,30.0,13,39.39,3,3
611,9,13,1,1,24,4.0,36.0,3,9.0,12.0,8.0,5,20.83,2,2
611,9,14,2,2,44,7.0,53.0,2,7.57,26.5,21.0,14,31.82,5,1
611,9,15,1,1,6,1.0,6.0,0,6.0,0.0,inf,1,16.67,0,0
611,9,17,1,1,12,2.0,29.0,0,14.5,0.0,inf,1,8.33,2,2
614,9,9,1,1,6,1.0,7.0,0,7.0,0.0,inf,2,33.33,1,0
624,9,2,1,1,14,2.0,11.0,2,5.5,5.5,6.0,3,21.43,0,0
624,9,13,1,1,18,3.0,25.0,0,8.33,0.0,inf,0,0.0,1,1
624,9,14,1,1,13,2.0,3.0,0,1.5,0.0,inf,10,76.92,0,0
624,9,15,1,1,20,3.0,24.0,0,8.0,0.0,inf,8,40.0,2,1
634,9,2,2,2,24,4.0,38.0,0,9.5,0.0,inf,5,20.83,1,3
634,9,5,1,1,27,4.0,37.0,2,9.25,18.5,12.0,9,33.33,4,1
634,9,9,2,2,38,6.0,22.0,5,3.67,4.4,7.2,23,60.53,2,0
634,9,15,1,1,12,2.0,29.0,1,14.5,29.0,12.0,2,16.67,3,2
634,9,17,2,2,12,2.0,27.0,0,13.5,0.0,inf,1,8.33,3,1
644,9,2,1,1,25,4.0,40.0,3,10.0,13.33,8.0,6,24.0,5,1
644,9,5,1,1,24,4.0,15.0,4,3.75,3.75,6.0,11,45.83,1,0
644,9,9,1,1,18,3.0,26.0,0,8.67,0.0,inf,4,22.22,4,0
644,9,14,2,2,36,6.0,50.0,1,8.33,50.0,36.0,11,30.56,7,1
644,9,15,1,1,19,3.0,28.0,0,9.33,0.0,inf,5,26.32,3,1
644,9,17,1,1,18,3.0,35.0,0,11.67,0.0,inf,2,11.11,4,1
654,9,13,1,1,8,1.0,6.0,1,6.0,6.0,6.0,2,25.0,0,0
654,9,14,1,1,6,1.0,6.0,0,6.0,0.0,inf,3,50.0,1,0
654,9,15,2,2,24,4.0,21.0,0,5.25,0.0,inf,9,37.5,0,1
656,9,2,2,2,42,7.0,57.0,1,8.14,57.0,42.0,10,23.81,5,1
656,9,3,2,2,44,7.0,69.0,1,9.86,69.0,42.0,15,34.09,5,4
656,9,5,2,2,48,8.0,71.0,2,8.88,35.5,24.0,12,25.0,3,5
656,9,9,2,2,42,7.0,43.0,2,6.14,21.5,21.0,13,30.95,2,1
656,9,14,2,2,38,6.0,38.0,4,6.33,9.5,9.0,14,36.84,4,0
656,9,15,2,2,35,5.0,37.0,1,7.4,37.0,35.0,13,37.14,2,1
656,9,17,2,2,45,7.0,73.0,2,10.43,36.5,21.0,14,31.11,4,5
665,9,2,1,1,6,1.0,11.0,0,11.0,0.0,inf,1,16.67,0,1
665,9,13,1,1,12,2.0,25.0,0,12.5,0.0,inf,0,0.0,2,1
665,9,15,1,1,13,2.0,23.0,0,11.5,0.0,inf,2,15.38,2,1
665,9,17,1,1,6,1.0,22.0,0,22.0,0.0,inf,1,16.67,1,3
692,9,5,1,1,19,3.0,30.0,1,10.0,30.0,18.0,7,36.84,4,1
692,9,14,1,1,13,2.0,21.0,0,10.5,0.0,inf,4,30.77,1,2
692,9,15,1,1,19,3.0,23.0,1,7.67,23.0,18.0,10,52.63,1,2
692,9,17,1,1,25,4.0,37.0,1,9.25,37.0,24.0,8,32.0,0,4
695,9,3,2,2,37,6.0,52.0,0,8.67,0.0,inf,17,45.95,7,2
695,9,13,2,2,49,8.0,54.0,3,6.75,18.0,16.0,22,44.9,8,0
695,9,14,2,2,46,7.0,77.0,1,11.0,77.0,45.0,14,30.43,8,4
695,9,15,2,2,52,8.0,66.0,4,8.25,16.5,12.0,22,42.31,5,4
695,9,17,2,2,36,6.0,48.0,2,8.0,24.0,18.0,14,38.89,4,2
703,9,2,2,2,49,8.0,58.0,3,7.25,19.33,16.0,17,34.69,2,2
703,9,5,1,1,25,4.0,37.0,0,9.25,0.0,inf,8,32.0,5,1
703,9,13,1,1,12,2.0,28.0,0,14.0,0.0,inf,1,8.33,2,2
703,9,14,1,1,12,2.0,19.0,1,9.5,19.0,12.0,5,41.67,4,0
711,9,2,2,2,37,6.0,55.0,2,9.17,27.5,18.0,15,40.54,6,3
711,9,3,1,1,24,4.0,26.0,1,6.5,26.0,24.0,9,37.5,2,1
711,9,5,2,2,50,8.0,46.0,5,5.75,9.2,9.0,25,50.0,7,0
711,9,9,3,3,69,11.0,91.0,2,8.27,45.5,33.0,22,31.88,9,2
711,9,13,1,1,24,4.0,33.0,0,8.25,0.0,inf,6,25.0,2,1
711,9,14,3,3,63,10.0,85.0,2,8.5,42.5,30.0,17,26.98,8,2
711,9,17,2,2,45,7.0,77.0,2,11.0,38.5,21.0,13,28.89,4,5
732,9,2,1,1,6,1.0,17.0,0,17.0,0.0,inf,1,16.67,0,2
732,9,3,1,1,24,4.0,33.0,2,8.25,16.5,12.0,7,29.17,3,1
732,9,5,1,1,12,2.0,12.0,2,6.0,6.0,6.0,6,50.0,0,1
732,9,9,1,1,12,2.0,15.0,0,7.5,0.0,inf,4,33.33,2,0
732,9,15,1,1,13,2.0,17.0,0,8.5,0.0,inf,1,7.69,1,0
732,9,17,2,2,30,5.0,49.0,1,9.8,49.0,30.0,7,23.33,5,2
743,9,3,2,2,36,6.0,35.0,2,5.83,17.5,18.0,12,33.33,2,1
743,9,5,1,1,24,4.0,30.0,1,7.5,30.0,24.0,9,37.5,3,1
743,9,13,2,2,43,7.0,49.0,0,7.0,0.0,inf,14,32.56,4,1
743,9,14,1,1,18,3.0,38.0,1,12.67,38.0,18.0,6,33.33,5,2
743,9,15,2,2,44,7.0,52.0,1,7.43,52.0,42.0,13,29.55,3,2
743,9,17,1,1,25,4.0,39.0,0,9.75,0.0,inf,4,16.0,2,2
755,9,2,1,1,25,4.0,35.0,0,8.75,0.0,inf,8,32.0,4,1
755,9,14,1,1,13,2.0,14.0,0,7.0,0.0,inf,5,38.46,2,0
755,9,15,2,2,45,7.0,54.0,2,7.71,27.0,21.0,14,31.11,4,2
756,9,2,1,1,26,4.0,22.0,2,5.5,11.0,12.0,6,23.08,0,0
756,9,5,2,2,42,7.0,30.0,1,4.29,30.0,42.0,20,47.62,1,1
756,9,9,1,1,24,4.0,19.0,2,4.75,9.5,12.0,8,33.33,1,0
756,9,14,2,2,37,6.0,56.0,1,9.33,56.0,36.0,8,21.62,1,4
756,9,15,2,2,37,6.0,50.0,0,8.33,0.0,inf,9,24.32,2,3
756,9,17,2,2,42,7.0,67.0,0,9.57,0.0,inf,3,7.14,4,3
757,9,2,1,1,13,2.0,15.0,0,7.5,0.0,inf,2,15.38,1,0
757,9,3,2,2,24,4.0,40.0,0,10.0,0.0,inf,6,25.0,7,0
757,9,5,2,2,12,2.0,10.0,0,5.0,0.0,inf,5,41.67,1,0
757,9,9,2,2,18,3.0,25.0,1,8.33,25.0,18.0,6,33.33,2,1
757,9,13,2,2,19,3.0,27.0,0,9.0,0.0,inf,2,10.53,3,0
757,9,14,2,2,18,3.0,17.0,0,5.67,0.0,inf,7,38.89,2,0
772,9,2,2,2,51,8.0,63.0,1,7.88,63.0,48.0,17,33.33,5,2
772,9,3,2,2,38,6.0,47.0,0,7.83,0.0,inf,11,28.95,5,0
772,9,5,2,2,45,7.0,48.0,4,6.86,12.0,10.5,13,28.89,4,0
772,9,9,3,3,74,12.0,89.0,2,7.42,44.5,36.0,20,27.03,8,1
772,9,13,2,2,48,8.0,41.0,3,5.12,13.67,16.0,26,54.17,5,0
772,9,14,2,2,48,8.0,36.0,3,4.5,12.0,16.0,24,50.0,1,1
772,9,17,3,3,72,12.0,97.0,4,8.08,24.25,18.0,26,36.11,4,6
779,9,2,1,1,27,4.0,49.0,0,12.25,0.0,inf,6,22.22,7,1
6,10,2,2,2,36,6.0,59.0,1,9.83,59.0,36.0,14,38.89,5,4
6,10,3,2,2,36,6.0,59.0,1,9.83,59.0,36.0,10,27.78,4,4
6,10,5,2,2,30,5.0,45.0,0,9.0,0.0,inf,7,23.33,3,2
6,10,9,1,1,24,4.0,31.0,0,7.75,0.0,inf,4,16.67,2,1
6,10,13,2,2,37,6.0,51.0,1,8.5,51.0,36.0,7,18.92,5,1
6,10,15,1,1,18,3.0,19.0,0,6.33,0.0,inf,4,22.22,1,0
6,10,17,2,2,48,8.0,85.0,2,10.62,42.5,24.0,11,22.92,9,3
18,10,2,1,1,24,4.0,23.0,1,5.75,23.0,24.0,11,45.83,2,1
32,10,3,1,1,25,4.0,17.0,5,4.25,3.4,4.8,10,40.0,0,0
32,10,5,2,2,31,5.0,43.0,2,8.6,21.5,15.0,8,25.81,3,2
32,10,13,1,1,24,4.0,35.0,2,8.75,17.5,12.0,6,25.0,4,1
32,10,17,2,2,48,8.0,46.0,3,5.75,15.33,16.0,20,41.67,4,1
38,10,2,2,2,48,8.0,80.0,4,10.0,20.0,12.0,16,33.33,9,4
38,10,3,1,1,24,4.0,42.0,0,10.5,0.0,inf,5,20.83,4,2
38,10,5,1,1,21,3.0,32.0,0,10.67,0.0,inf,5,23.81,3,1
38,10,9,1,1,24,4.0,26.0,2,6.5,13.0,12.0,12,50.0,2,1
38,10,14,1,1,24,4.0,32.0,4,8.0,8.0,6.0,10,41.67,4,1
45,10,3,2,2,48,8.0,63.0,2,7.88,31.5,24.0,15,31.25,8,1
45,10,5,1,1,25,4.0,9.0,4,2.25,2.25,6.0,16,64.0,0,0
45,10,9,2,2,42,7.0,73.0,1,10.43,73.0,42.0,14,33.33,6,5
45,10,13,1,1,18,3.0,14.0,0,4.67,0.0,inf,8,44.44,1,0
45,10,14,1,1,18,3.0,29.0,2,9.67,14.5,9.0,9,50.0,3,2
58,10,2,1,1,24,4.0,29.0,2,7.25,14.5,12.0,10,41.67,2,1
58,10,5,3,3,73,12.0,83.0,5,6.92,16.6,14.4,27,36.99,4,5
58,10,9,2,2,43,7.0,54.0,3,7.71,18.0,14.0,20,46.51,7,2
58,10,13,1,1,18,3.0,12.0,2,4.0,6.0,9.0,14,77.78,1,1
58,10,14,1,1,23,3.0,29.0,3,9.67,9.67,7.67,8,34.78,3,1
58,10,15,2,2,48,8.0,71.0,6,8.88,11.83,8.0,18,37.5,5,5
58,10,17,2,2,50,8.0,44.0,3,5.5,14.67,16.0,22,44.0,1,2
63,10,2,2,2,30,5.0,19.0,1,3.8,19.0,30.0,17,56.67,1,0
63,10,3,1,1,12,2.0,15.0,0,7.5,0.0,inf,3,25.0,0,1
63,10,5,1,1,12,2.0,8.0,1,4.0,8.0,12.0,4,33.33,0,0
63,10,9,1,1,6,1.0,18.0,0,18.0,0.0,inf,0,0.0,4,0
63,10,14,1,1,12,2.0,21.0,1,10.5,21.0,12.0,3,25.0,2,1
63,10,15,1,1,24,4.0,29.0,2,7.25,14.5,12.0,6,25.0,1,1
63,10,17,1,1,19,3.0,15.0,2,5.0,7.5,9.0,5,26.32,0,0
64,10,3,1,1,8,1.0,5.0,0,5.0,0.0,inf,4,50.0,0,0
64,10,5,1,1,24,4.0,46.0,1,11.5,46.0,24.0,7,29.17,7,1
64,10,9,1,1,27,4.0,35.0,1,8.75,35.0,24.0,11,40.74,6,0
64,10,13,1,1,24,4.0,42.0,3,10.5,14.0,8.0,9,37.5,7,1
64,10,14,1,1,24,4.0,27.0,1,6.75,27.0,24.0,8,33.33,2,1
64,10,17,1,1,25,4.0,42.0,2,10.5,21.0,12.0,8,32.0,6,1
74,10,2,2,2,48,8.0,37.0,2,4.62,18.5,24.0,23,47.92,2,1
74,10,3,1,1,26,4.0,44.0,1,11.0,44.0,24.0,9,34.62,7,1
74,10,5,1,1,24,4.0,28.0,1,7.0,28.0,23.0,6,25.0,3,0
74,10,13,2,2,37,6.0,71.0,1,11.83,71.0,36.0,5,13.51,10,1
74,10,14,1,1,12,2.0,24.0,0,12.0,0.0,inf,1,8.33,1,2
74,10,15,1,1,18,3.0,41.0,0,13.67,0.0,inf,3,16.67,5,2
78,10,2,2,2,51,8.0,72.0,2,9.0,36.0,24.0,16,31.37,7,3
78,10,5,2,2,50,8.0,57.0,3,7.12,19.0,16.0,18,36.0,2,4
78,10,9,1,1,24,4.0,24.0,1,6.0,24.0,24.0,9,37.5,3,0
78,10,13,2,2,44,7.0,42.0,0,6.0,0.0,inf,22,50.0,5,1
78,10,14,2,2,43,7.0,54.0,0,7.71,0.0,inf,17,39.53,7,1
78,10,15,2,2,37,6.0,49.0,3,8.17,16.33,12.0,15,40.54,4,2
78,10,17,1,1,25,4.0,18.0,3,4.5,6.0,8.0,11,44.0,2,0
86,10,2,2,2,41,6.0,48.0,4,8.0,12.0,9.0,18,43.9,8,0
86,10,9,1,1,14,2.0,23.0,1,11.5,23.0,12.0,4,28.57,1,2
86,10,14,1,1,24,4.0,43.0,0,10.75,0.0,inf,5,20.83,5,1
86,10,17,2,2,50,8.0,49.0,2,6.12,24.5,24.0,24,48.0,6,1
94,10,2,1,1,19,3.0,23.0,1,7.67,23.0,18.0,6,31.58,3,0
94,10,14,1,1,24,4.0,24.0,2,6.0,12.0,12.0,8,33.33,2,0
94,10,15,2,2,51,8.0,80.0,1,10.0,80.0,48.0,8,15.69,7,2
111,10,2,2,2,12,2.0,22.0,1,11.0,22.0,12.0,2,16.67,1,2
113,10,2,1,1,24,4.0,33.0,1,8.25,33.0,24.0,7,29.17,3,1
113,10,5,1,1,24,4.0,36.0,0,9.0,0.0,inf,7,29.17,5,1
113,10,9,1,1,26,4.0,31.0,2,7.75,15.5,12.0,13,50.0,2,1
113,10,13,1,1,12,2.0,22.0,1,11.0,22.0,12.0,4,33.33,2,2
113,10,15,1,1,25,4.0,31.0,1,7.75,31.0,24.0,10,40.0,3,1
129,10,3,2,2,44,7.0,45.0,5,6.43,9.0,8.4,15,34.09,4,0
129,10,5,2,2,49,8.0,65.0,0,8.12,0.0,inf,12,24.49,8,1
129,10,9,2,2,31,5.0,36.0,2,7.2,18.0,15.5,11,35.48,3,1
129,10,13,1,1,24,4.0,38.0,0,9.5,0.0,inf,5,20.83,4,1
129,10,14,1,1,24,4.0,30.0,0,7.5,0.0,inf,7,29.17,3,1
129,10,15,1,1,24,4.0,37.0,0,9.25,0.0,inf,4,16.67,4,1
129,10,17,2,2,50,8.0,62.0,3,7.75,20.67,16.0,18,36.0,5,3
134,10,2,1,1,20,3.0,36.0,0,12.0,0.0,inf,6,30.0,4,2
134,10,5,1,1,27,4.0,57.0,0,14.25,0.0,inf,8,29.63,5,4
134,10,13,1,1,18,3.0,26.0,1,8.67,26.0,18.0,7,38.89,1,2
141,10,9,1,1,6,1.0,12.0,0,12.0,0.0,inf,0,0.0,2,0
144,10,2,1,1,25,4.0,23.0,0,5.75,0.0,inf,14,56.0,3,0
144,10,3,2,2,49,8.0,60.0,4,7.5,15.0,12.0,17,34.69,7,1
144,10,9,2,2,51,8.0,58.0,3,7.25,19.33,16.0,24,47.06,6,2
148,10,3,1,1,26,4.0,37.0,2,9.25,18.5,12.0,7,26.92,3,1
148,10,5,1,1,12,2.0,16.0,0,8.0,0.0,inf,5,41.67,3,0
148,10,9,1,1,20,3.0,28.0,0,9.33,0.0,inf,5,25.0,1,1
148,10,13,1,1,13,2.0,19.0,0,9.5,0.0,inf,6,46.15,4,0
148,10,14,2,2,44,7.0,76.0,1,10.86,76.0,42.0,14,31.82,8,4
148,10,15,1,1,25,4.0,36.0,2,9.0,18.0,12.0,7,28.0,5,0
148,10,17,1,1,25,4.0,31.0,0,7.75,0.0,inf,11,44.0,2,2
156,10,2,2,2,43,7.0,78.0,2,11.14,39.0,21.0,16,37.21,11,4
156,10,3,1,1,25,4.0,38.0,2,9.5,19.0,12.0,10,40.0,5,1
156,10,13,1,1,18,3.0,28.0,1,9.33,28.0,18.0,8,44.44,2,2
156,10,15,1,1,24,4.0,37.0,0,9.25,0.0,inf,10,41.67,7,0
158,10,3,1,1,13,2.0,19.0,1,9.5,19.0,12.0,5,38.46,3,0
158,10,5,1,1,25,4.0,33.0,0,8.25,0.0,inf,10,40.0,2,2
158,10,9,2,2,42,7.0,69.0,1,9.86,69.0,42.0,9,21.43,7,2
158,10,13,2,2,37,6.0,36.0,3,6.0,12.0,12.0,14,37.84,1,1
158,10,15,2,2,48,8.0,62.0,4,7.75,15.5,12.0,17,35.42,8,1
158,10,17,1,1,24,4.0,21.0,3,5.25,7.0,8.0,16,66.67,3,1
162,10,13,1,1,28,4.0,32.0,1,8.0,32.0,24.0,8,28.57,1,2
162,10,14,1,1,18,3.0,26.0,1,8.67,26.0,18.0,8,44.44,3,1
169,10,2,1,1,13,2.0,7.0,0,3.5,0.0,inf,9,69.23,1,0
169,10,3,1,1,18,3.0,26.0,1,8.67,26.0,18.0,4,22.22,2,1
169,10,14,2,2,38,6.0,54.0,1,9.0,54.0,34.0,7,18.42,3,2
169,10,17,2,2,13,2.0,28.0,0,14.0,0.0,inf,4,30.77,3,2
173,10,5,1,1,12,2.0,18.0,0,9.0,0.0,inf,5,41.67,2,1
173,10,9,1,1,25,4.0,41.0,1,10.25,41.0,24.0,3,12.0,4,1
173,10,14,1,1,18,3.0,29.0,0,9.67,0.0,inf,2,11.11,2,1
173,10,17,1,1,24,4.0,35.0,0,8.75,0.0,inf,10,41.67,2,3
174,10,9,1,1,15,2.0,32.0,0,16.0,0.0,inf,4,26.67,5,1
178,10,2,2,2,32,5.0,40.0,2,8.0,20.0,15.5,14,43.75,3,2
178,10,3,2,2,30,5.0,40.0,0,8.0,0.0,inf,9,30.0,3,2
178,10,5,2,2,40,6.0,86.0,3,14.33,28.67,13.0,11,27.5,10,5
178,10,9,2,2,36,6.0,54.0,2,9.0,27.0,18.0,11,30.56,6,2
178,10,14,2,2,49,8.0,60.0,1,7.5,60.0,48.0,12,24.49,5,1
178,10,15,2,2,42,7.0,59.0,3,8.43,19.67,14.0,12,28.57,8,0
178,10,17,2,2,48,8.0,71.0,2,8.88,35.5,24.0,18,37.5,3,6
179,10,2,2,2,43,7.0,43.0,1,6.14,43.0,42.0,17,39.53,2,2
179,10,3,2,2,20,3.0,36.0,0,12.0,0.0,inf,4,20.0,2,2
179,10,5,2,2,43,7.0,67.0,2,9.57,33.5,21.0,12,27.91,4,4
179,10,9,2,2,50,8.0,55.0,4,6.88,13.75,12.0,22,44.0,3,3
179,10,13,2,2,47,7.0,50.0,3,7.14,16.67,15.0,20,42.55,1,4
179,10,14,2,2,44,7.0,60.0,3,8.57,20.0,14.0,12,27.27,4,3
179,10,15,1,1,24,4.0,22.0,1,5.5,22.0,24.0,5,20.83,0,0
180,10,15,2,2,37,6.0,42.0,0,7.0,0.0,inf,13,35.14,2,2
205,10,14,1,1,25,4.0,38.0,1,9.5,38.0,24.0,5,20.0,4,1
205,10,17,1,1,13,2.0,29.0,0,14.5,0.0,inf,1,7.69,2,2
212,10,5,1,1,12,2.0,26.0,0,13.0,0.0,inf,4,33.33,2,2
217,10,2,1,1,20,3.0,35.0,1,11.67,35.0,18.0,3,15.0,6,0
217,10,5,1,1,12,2.0,21.0,0,10.5,0.0,inf,6,50.0,3,1
217,10,17,1,1,12,2.0,18.0,0,9.0,0.0,inf,3,25.0,3,0
224,10,2,1,1,25,4.0,43.0,3,10.75,14.33,8.0,8,32.0,7,1
229,10,3,2,2,12,2.0,14.0,0,7.0,0.0,inf,4,33.33,0,1
229,10,5,1,1,13,2.0,29.0,1,14.5,29.0,12.0,1,7.69,2,2
229,10,9,1,1,17,2.0,27.0,0,13.5,0.0,inf,3,17.65,4,0
229,10,13,1,1,18,3.0,23.0,1,7.67,23.0,18.0,3,16.67,1,1
229,10,14,2,2,35,5.0,55.0,1,11.0,55.0,30.0,6,17.14,3,3
229,10,17,1,1,26,4.0,38.0,0,9.5,0.0,inf,3,11.54,3,1
230,10,2,1,1,12,2.0,24.0,0,12.0,0.0,inf,3,25.0,1,2
230,10,3,1,1,6,1.0,9.0,0,9.0,0.0,inf,0,0.0,1,0
230,10,5,1,1,24,4.0,28.0,0,7.0,0.0,inf,6,25.0,1,1
230,10,9,1,1,12,2.0,11.0,1,5.5,11.0,12.0,4,33.33,1,0
230,10,13,1,1,6,1.0,6.0,0,6.0,0.0,inf,3,50.0,1,0
230,10,15,1,1,12,2.0,24.0,0,12.0,0.0,inf,4,33.33,0,3
234,10,3,2,2,37,6.0,37.0,3,6.17,12.33,12.0,14,37.84,3,1
234,10,5,2,2,49,8.0,55.0,3,6.88,18.33,16.0,22,44.9,2,4
234,10,9,2,2,36,6.0,62.0,1,10.33,62.0,35.0,11,30.56,7,3
234,10,13,2,2,24,4.0,25.0,1,6.25,25.0,24.0,11,45.83,0,2
234,10,14,2,2,24,4.0,50.0,1,12.5,50.0,24.0,3,12.5,4,3
234,10,15,2,2,43,7.0,56.0,1,8.0,56.0,42.0,11,25.58,3,2
234,10,17,2,2,24,4.0,58.0,0,14.5,0.0,inf,6,25.0,4,5
235,10,2,1,1,25,4.0,24.0,1,6.0,24.0,24.0,7,28.0,0,1
235,10,5,2,2,48,8.0,60.0,4,7.5,15.0,12.0,20,41.67,5,3
235,10,9,2,2,48,8.0,84.0,1,10.5,84.0,48.0,10,20.83,3,7
235,10,13,1,1,24,4.0,29.0,2,7.25,14.5,12.0,8,33.33,1,2
235,10,14,2,2,48,8.0,80.0,4,10.0,20.0,12.0,15,31.25,10,3
235,10,15,2,2,44,7.0,47.0,2,6.71,23.5,21.0,16,36.36,1,2
235,10,17,2,2,49,8.0,45.0,4,5.62,11.25,12.0,18,36.73,0,2
243,10,2,2,2,49,8.0,74.0,2,9.25,37.0,24.0,17,34.69,5,4
243,10,5,3,3,50,8.0,67.0,3,8.38,22.33,16.0,13,26.0,3,4
243,10,13,1,1,23,3.0,22.0,2,7.33,11.0,11.5,8,34.78,0,1
245,10,2,2,2,18,3.0,13.0,5,4.33,2.6,3.6,10,55.56,0,1
245,10,3,2,2,44,7.0,30.0,2,4.29,15.0,21.0,18,40.91,1,0
245,10,5,2,2,38,6.0,45.0,2,7.5,22.5,18.0,10,26.32,0,3
245,10,9,2,2,38,6.0,36.0,4,6.0,9.0,9.25,14,36.84,3,0
245,10,13,2,2,24,4.0,28.0,1,7.0,28.0,24.0,7,29.17,2,1
245,10,14,2,2,38,6.0,45.0,2,7.5,22.5,18.0,21,55.26,1,5
249,10,2,2,2,49,8.0,56.0,6,7.0,9.33,8.0,23,46.94,10,0
249,10,3,1,1,20,3.0,41.0,0,13.67,0.0,inf,8,40.0,6,2
249,10,5,1,1,18,3.0,15.0,1,5.0,15.0,18.0,6,33.33,0,0
249,10,14,1,1,21,3.0,41.0,2,13.67,20.5,10.0,6,28.57,5,2
249,10,15,2,2,49,8.0,54.0,3,6.75,18.0,16.0,16,32.65,3,2
249,10,17,1,1,21,3.0,21.0,3,7.0,7.0,6.0,11,52.38,4,0
251,10,3,1,1,24,4.0,36.0,1,9.0,36.0,24.0,6,25.0,3,1
251,10,5,1,1,25,4.0,34.0,2,8.5,17.0,12.0,9,36.0,4,1
251,10,13,1,1,18,3.0,36.0,1,12.0,36.0,18.0,6,33.33,3,3
251,10,14,1,1,25,4.0,33.0,1,8.25,33.0,24.0,7,28.0,1,2
251,10,15,1,1,18,3.0,27.0,1,9.0,27.0,18.0,7,38.89,2,2
251,10,17,1,1,12,2.0,13.0,0,6.5,0.0,inf,1,8.33,0,0
255,10,2,2,2,50,8.0,45.0,2,5.62,22.5,24.0,16,32.0,2,0
255,10,3,2,2,49,8.0,62.0,2,7.75,31.0,24.0,15,30.61,9,0
255,10,5,3,3,73,12.0,80.0,1,6.67,80.0,72.0,33,45.21,10,1
255,10,13,2,2,51,8.0,46.0,2,5.75,23.0,24.0,22,43.14,3,0
255,10,14,2,2,48,8.0,75.0,0,9.38,0.0,inf,14,29.17,9,2
255,10,15,3,3,67,11.0,75.0,1,6.82,75.0,66.0,25,37.31,6,2
255,10,17,1,1,24,4.0,29.0,2,7.25,14.5,12.0,8,33.33,2,1
259,10,2,1,1,24,4.0,30.0,1,7.5,30.0,24.0,10,41.67,5,0
259,10,9,2,2,31,5.0,65.0,0,13.0,0.0,inf,6,19.35,6,4
259,10,13,1,1,26,4.0,24.0,1,6.0,24.0,24.0,9,34.62,0,1
259,10,15,1,1,12,2.0,17.0,0,8.5,0.0,inf,2,16.67,2,0
259,10,17,1,1,25,4.0,37.0,1,9.25,37.0,24.0,8,32.0,6,0
260,10,15,1,1,12,2.0,26.0,0,13.0,0.0,inf,2,16.67,5,0
263,10,2,2,2,31,5.0,27.0,3,5.4,9.0,10.0,14,45.16,3,0
263,10,3,4,4,96,16.0,117.0,4,7.31,29.25,24.0,27,28.12,7,3
263,10,9,2,2,44,7.0,46.0,4,6.57,11.5,10.5,21,47.73,4,1
263,10,13,2,2,50,8.0,54.0,2,6.75,27.0,24.0,17,34.0,6,0
263,10,14,2,3,59,9.0,81.0,2,9.0,40.5,27.0,16,27.12,9,1
263,10,15,2,2,44,7.0,47.0,4,6.71,11.75,11.0,17,38.64,5,0
263,10,17,2,2,49,8.0,72.0,1,9.0,72.0,48.0,12,24.49,2,4
264,10,5,1,1,12,2.0,18.0,1,9.0,18.0,12.0,2,16.67,1,1
264,10,13,1,1,6,1.0,17.0,0,17.0,0.0,inf,1,16.67,2,1
264,10,17,1,1,6,1.0,7.0,1,7.0,7.0,6.0,4,66.67,0,1
269,10,2,2,2,33,5.0,68.0,0,13.6,0.0,inf,4,12.12,9,2
269,10,3,2,2,23,3.0,19.0,0,6.33,0.0,inf,9,39.13,0,1
269,10,5,1,1,6,1.0,15.0,0,15.0,0.0,inf,0,0.0,3,0
269,10,9,2,2,31,5.0,57.0,0,11.4,0.0,inf,3,9.68,1,4
269,10,13,2,2,30,5.0,45.0,1,9.0,45.0,30.0,9,30.0,6,1
269,10,14,2,2,12,2.0,24.0,0,12.0,0.0,inf,1,8.33,4,0
269,10,17,1,1,13,2.0,20.0,0,10.0,0.0,inf,1,7.69,2,0
271,10,5,1,1,13,2.0,40.0,0,20.0,0.0,inf,2,15.38,3,4
271,10,9,1,1,18,3.0,31.0,1,10.33,31.0,18.0,5,27.78,4,1
272,10,15,1,1,21,3.0,33.0,0,11.0,0.0,inf,6,28.57,2,2
292,10,5,2,2,50,8.0,77.0,2,9.62,38.5,23.5,18,36.0,8,4
292,10,13,1,1,24,4.0,36.0,0,9.0,0.0,inf,10,41.67,7,0
292,10,14,1,1,25,4.0,40.0,1,10.0,40.0,24.0,8,32.0,8,0
292,10,15,2,2,49,8.0,63.0,2,7.88,31.5,24.0,17,34.69,8,1
293,10,2,2,2,48,8.0,48.0,3,6.0,16.0,16.0,24,50.0,3,3
293,10,3,1,1,24,4.0,20.0,1,5.0,20.0,24.0,7,29.17,0,0
293,10,9,1,1,24,4.0,27.0,0,6.75,0.0,inf,7,29.17,3,0
293,10,13,2,2,30,5.0,57.0,0,11.4,0.0,inf,5,16.67,2,5
293,10,14,2,2,49,8.0,45.0,2,5.62,22.5,24.0,20,40.82,5,0
293,10,15,2,2,48,8.0,46.0,2,5.75,23.0,24.0,22,45.83,5,1
293,10,17,1,1,24,4.0,23.0,0,5.75,0.0,inf,11,45.83,2,1
295,10,13,1,1,12,2.0,7.0,1,3.5,7.0,12.0,7,58.33,1,0
295,10,17,1,1,13,2.0,8.0,0,4.0,0.0,inf,6,46.15,1,0
303,10,2,2,2,40,6.0,74.0,2,12.33,37.0,19.5,12,30.0,5,6
303,10,3,1,1,17,2.0,30.0,0,15.0,0.0,inf,3,17.65,2,2
303,10,5,1,2,29,4.0,45.0,4,11.25,11.25,7.25,9,31.03,6,1
303,10,9,1,1,24,4.0,38.0,1,9.5,38.0,24.0,6,25.0,6,0
303,10,13,1,1,24,4.0,43.0,0,10.75,0.0,inf,2,8.33,4,1
303,10,15,1,1,12,2.0,24.0,0,12.0,0.0,inf,0,0.0,3,0
303,10,17,1,1,18,3.0,15.0,1,5.0,15.0,18.0,4,22.22,1,0
308,10,2,2,2,50,8.0,83.0,2,10.38,41.5,23.0,12,24.0,6,5
308,10,3,2,2,43,7.0,56.0,2,8.0,28.0,21.0,14,32.56,5,2
308,10,5,2,2,49,8.0,63.0,3,7.88,21.0,16.0,12,24.49,5,2
308,10,9,1,1,24,4.0,44.0,1,11.0,44.0,24.0,7,29.17,5,2
308,10,13,2,2,49,8.0,92.0,1,11.5,92.0,48.0,7,14.29,9,4
308,10,15,1,1,14,2.0,21.0,0,10.5,0.0,inf,3,21.43,3,0
308,10,17,2,2,49,8.0,65.0,2,8.12,32.5,24.0,21,42.86,7,2
311,10,2,1,1,12,2.0,26.0,0,13.0,0.0,inf,2,16.67,0,3
311,10,3,1,1,25,4.0,16.0,0,4.0,0.0,inf,12,48.0,0,0
311,10,5,1,1,25,4.0,16.0,1,4.0,16.0,24.0,13,52.0,1,0
311,10,13,1,1,18,3.0,27.0,0,9.0,0.0,inf,3,16.67,1,1
311,10,15,1,1,13,2.0,31.0,0,15.5,0.0,inf,1,7.69,6,0
311,10,17,1,1,19,3.0,28.0,1,9.33,28.0,18.0,6,31.58,0,3
315,10,5,1,1,25,4.0,32.0,1,8.0,32.0,24.0,9,36.0,3,1
315,10,9,1,1,17,2.0,19.0,1,9.5,19.0,17.0,10,58.82,2,1
315,10,13,1,1,24,4.0,17.0,2,4.25,8.5,12.0,13,54.17,1,0
315,10,14,1,1,14,2.0,21.0,0,10.5,0.0,inf,5,35.71,2,1
315,10,15,1,1,28,4.0,55.0,1,13.75,55.0,24.0,5,17.86,5,3
344,10,13,1,1,24,4.0,42.0,1,10.5,42.0,24.0,7,29.17,3,3
356,10,14,1,1,6,1.0,16.0,0,16.0,0.0,inf,1,16.67,2,1
363,10,2,2,2,48,8.0,57.0,0,7.12,0.0,inf,12,25.0,4,2
363,10,3,2,2,48,8.0,35.0,2,4.38,17.5,24.0,18,37.5,1,0
363,10,5,2,2,48,8.0,41.0,2,5.12,20.5,24.0,22,45.83,1,2
363,10,9,3,3,63,10.0,78.0,2,7.8,39.0,30.0,19,30.16,4,3
363,10,13,2,2,49,8.0,58.0,3,7.25,19.33,16.0,21,42.86,6,3
363,10,14,2,2,48,8.0,53.0,6,6.62,8.83,8.0,21,43.75,4,2
363,10,17,1,1,24,4.0,36.0,2,9.0,18.0,12.0,8,33.33,4,1
364,10,3,1,1,6,1.0,12.0,0,12.0,0.0,inf,2,33.33,1,1
364,10,14,1,1,12,2.0,22.0,0,11.0,0.0,inf,3,25.0,0,2
371,10,2,2,2,50,8.0,61.0,5,7.62,12.2,9.6,24,48.0,8,2
371,10,3,2,2,37,6.0,45.0,2,7.5,22.5,18.0,13,35.14,5,1
371,10,5,2,2,48,8.0,81.0,1,10.12,81.0,42.0,12,25.0,5,5
371,10,9,2,2,43,7.0,59.0,0,8.43,0.0,inf,14,32.56,8,1
371,10,14,2,2,49,8.0,69.0,4,8.62,17.25,12.0,15,30.61,11,0
371,10,15,1,1,24,4.0,35.0,1,8.75,35.0,24.0,7,29.17,2,2
371,10,17,2,2,49,8.0,48.0,4,6.0,12.0,12.0,30,61.22,4,3
381,10,2,1,1,21,3.0,36.0,2,12.0,18.0,9.0,3,14.29,2,2
381,10,13,1,1,13,2.0,19.0,0,9.5,0.0,inf,3,23.08,1,1
383,10,3,1,1,6,1.0,12.0,0,12.0,0.0,inf,1,16.67,2,0
383,10,5,2,2,43,7.0,87.0,0,12.43,0.0,inf,9,20.93,11,4
383,10,9,1,1,14,2.0,16.0,0,8.0,0.0,inf,6,42.86,3,0
383,10,15,2,2,51,8.0,64.0,0,8.0,0.0,inf,16,31.37,4,2
386,10,2,1,1,12,2.0,5.0,2,2.5,2.5,6.0,9,75.0,1,0
386,10,3,2,2,43,7.0,35.0,1,5.0,35.0,42.0,19,44.19,3,0
386,10,9,2,2,49,8.0,60.0,3,7.5,20.0,15.67,14,28.57,3,3
386,10,13,2,2,54,9.0,103.0,0,11.44,0.0,inf,11,20.37,6,7
386,10,14,2,2,55,9.0,84.0,3,9.33,28.0,16.0,16,29.09,5,4
386,10,15,2,2,50,8.0,64.0,2,8.0,32.0,24.0,12,24.0,7,0
386,10,17,1,1,24,4.0,31.0,0,7.75,0.0,inf,9,37.5,2,2
391,10,9,1,1,24,4.0,40.0,0,10.0,0.0,inf,9,37.5,7,1
391,10,15,1,1,25,4.0,29.0,0,7.25,0.0,inf,7,28.0,3,0
391,10,17,1,1,19,3.0,36.0,0,12.0,0.0,inf,4,21.05,0,4
394,10,5,1,1,24,4.0,13.0,1,3.25,13.0,24.0,15,62.5,1,0
394,10,13,1,1,24,4.0,28.0,1,7.0,28.0,24.0,11,45.83,2,1
394,10,14,1,1,18,3.0,17.0,0,5.67,0.0,inf,8,44.44,1,1
399,10,2,2,2,26,4.0,25.0,1,6.25,25.0,24.0,8,30.77,2,0
399,10,3,2,2,30,5.0,51.0,1,10.2,51.0,30.0,4,13.33,6,1
399,10,9,2,2,30,5.0,26.0,2,5.2,13.0,15.0,12,40.0,0,1
399,10,13,2,2,25,4.0,47.0,0,11.75,0.0,inf,6,24.0,6,2
399,10,14,1,1,6,1.0,15.0,0,15.0,0.0,inf,1,16.67,0,1
399,10,15,2,2,27,4.0,35.0,1,8.75,35.0,24.0,9,33.33,4,1
399,10,17,2,2,18,3.0,14.0,1,4.67,14.0,18.0,5,27.78,0,0
439,10,3,1,1,26,4.0,34.0,1,8.5,34.0,24.0,8,30.77,3,1
439,10,9,1,1,26,4.0,39.0,2,9.75,19.5,12.0,10,38.46,4,2
439,10,17,1,1,14,2.0,23.0,0,11.5,0.0,inf,3,21.43,2,1
448,10,3,2,2,48,8.0,69.0,2,8.62,34.5,24.0,13,27.08,2,5
448,10,9,3,3,22,3.0,32.0,0,10.67,0.0,inf,6,27.27,1,2
448,10,14,1,1,24,4.0,24.0,0,6.0,0.0,inf,7,29.17,2,0
448,10,17,1,1,6,1.0,4.0,1,4.0,4.0,6.0,2,33.33,0,0
451,10,3,2,2,43,7.0,44.0,2,6.29,22.0,21.0,21,48.84,4,2
451,10,13,2,2,17,2.0,22.0,2,11.0,11.0,8.5,7,41.18,2,1
451,10,14,1,1,12,2.0,28.0,0,14.0,0.0,inf,3,25.0,3,2
451,10,17,2,2,38,6.0,25.0,2,4.17,12.5,18.0,16,42.11,1,0
453,10,3,2,2,50,8.0,62.0,2,7.75,31.0,24.0,19,38.0,8,1
453,10,5,1,1,13,2.0,29.0,0,14.5,0.0,inf,1,7.69,5,0
453,10,14,1,1,27,4.0,43.0,1,10.75,43.0,24.0,5,18.52,4,2
466,10,5,3,3,51,8.0,65.0,4,8.12,16.25,12.0,20,39.22,6,3
466,10,13,1,1,12,2.0,17.0,0,8.5,0.0,inf,1,8.33,3,0
466,10,17,1,1,24,4.0,25.0,0,6.25,0.0,inf,6,25.0,1,1
472,10,2,2,2,42,7.0,56.0,0,8.0,0.0,inf,8,19.05,2,2
472,10,3,2,2,48,8.0,66.0,3,8.25,22.0,16.0,18,37.5,2,5
472,10,5,2,2,43,7.0,60.0,2,8.57,30.0,21.0,13,30.23,4,3
472,10,13,1,1,19,3.0,34.0,2,11.33,17.0,9.0,3,15.79,0,3
472,10,14,2,2,48,8.0,58.0,4,7.25,14.5,12.0,15,31.25,4,2
472,10,15,2,2,50,8.0,66.0,1,8.25,66.0,48.0,17,34.0,5,3
477,10,3,1,1,27,4.0,51.0,1,12.75,51.0,24.0,9,33.33,5,3
477,10,5,1,1,20,3.0,25.0,1,8.33,25.0,15.0,7,35.0,2,0
477,10,9,2,2,24,4.0,37.0,1,9.25,37.0,24.0,6,25.0,6,0
477,10,15,2,2,37,6.0,38.0,3,6.33,12.67,12.0,18,48.65,6,0
479,10,9,1,1,12,2.0,15.0,0,7.5,0.0,inf,2,16.67,0,1
479,10,15,1,1,19,3.0,41.0,0,13.67,0.0,inf,1,5.26,2,3
482,10,9,1,1,7,1.0,9.0,1,9.0,9.0,6.0,2,28.57,0,1
485,10,2,1,1,23,3.0,11.0,3,3.67,3.67,7.33,13,56.52,0,0
485,10,3,3,3,74,12.0,87.0,3,7.25,29.0,24.0,29,39.19,5,4
485,10,9,2,2,43,7.0,42.0,5,6.0,8.4,8.4,19,44.19,3,2
485,10,13,1,1,18,3.0,32.0,1,10.67,32.0,18.0,4,22.22,2,2
485,10,15,1,1,12,2.0,19.0,0,9.5,0.0,inf,5,41.67,1,2
485,10,17,1,1,19,3.0,23.0,1,7.67,23.0,18.0,5,26.32,1,1
489,10,3,2,2,18,3.0,20.0,1,6.67,20.0,18.0,4,22.22,0,1
489,10,5,1,1,12,2.0,22.0,0,11.0,0.0,inf,1,8.33,0,2
489,10,9,1,1,13,2.0,19.0,0,9.5,0.0,inf,2,15.38,0,1
494,10,5,2,2,36,6.0,42.0,1,7.0,42.0,30.0,14,38.89,5,1
494,10,14,1,1,26,4.0,44.0,0,11.0,0.0,inf,9,34.62,4,3
494,10,17,1,1,25,4.0,7.0,2,1.75,3.5,12.0,17,68.0,0,0
498,10,2,2,2,12,2.0,27.0,0,13.5,0.0,inf,0,0.0,3,1
498,10,3,2,2,14,2.0,21.0,0,10.5,0.0,inf,2,14.29,1,1
498,10,5,1,1,14,2.0,16.0,0,8.0,0.0,inf,7,50.0,3,0
498,10,13,2,2,40,6.0,52.0,1,8.67,52.0,36.0,15,37.5,3,3
498,10,17,2,2,22,3.0,19.0,3,6.33,6.33,7.33,9,40.91,1,0
514,10,2,2,2,37,6.0,42.0,4,7.0,10.5,9.0,16,43.24,4,2
514,10,3,3,3,78,13.0,118.0,2,9.08,59.0,36.0,27,34.62,15,4
514,10,9,1,1,28,4.0,51.0,1,12.75,51.0,24.0,8,28.57,5,3
514,10,13,2,2,53,8.0,100.0,3,12.5,33.33,16.0,14,26.42,12,4
514,10,14,2,2,51,8.0,74.0,2,9.25,37.0,24.0,19,37.25,5,5
514,10,15,2,2,49,8.0,68.0,2,8.5,34.0,24.0,15,30.61,8,1
514,10,17,2,2,49,8.0,54.0,5,6.75,10.8,9.6,20,40.82,5,1
524,10,2,1,1,25,4.0,29.0,2,7.25,14.5,12.0,12,48.0,4,0
524,10,13,1,1,25,4.0,41.0,0,10.25,0.0,inf,5,20.0,2,3
542,10,3,1,1,12,2.0,22.0,0,11.0,0.0,inf,2,16.67,2,1
542,10,9,1,1,20,3.0,30.0,0,10.0,0.0,inf,2,10.0,1,0
545,10,2,2,2,49,8.0,62.0,1,7.75,62.0,48.0,16,32.65,7,1
545,10,3,2,2,51,8.0,78.0,1,9.75,78.0,48.0,14,27.45,7,3
545,10,5,2,2,51,8.0,50.0,5,6.25,10.0,9.6,19,37.25,4,1
545,10,9,3,3,54,9.0,60.0,6,6.67,10.0,9.0,20,37.04,4,2
545,10,13,2,2,49,8.0,46.0,7,5.75,6.57,6.86,21,42.86,6,0
545,10,14,2,2,45,7.0,46.0,4,6.57,11.5,11.0,16,35.56,6,0
545,10,17,1,1,25,4.0,27.0,2,6.75,13.5,12.0,11,44.0,1,2
546,10,2,1,1,6,1.0,8.0,0,8.0,0.0,inf,1,16.67,1,0
546,10,3,3,3,60,10.0,74.0,0,7.4,0.0,inf,19,31.67,6,2
546,10,9,3,3,54,9.0,63.0,3,7.0,21.0,18.0,15,27.78,5,1
546,10,13,1,1,26,4.0,29.0,1,7.25,29.0,24.0,4,15.38,1,1
546,10,14,2,2,43,7.0,32.0,3,4.57,10.67,14.0,19,44.19,1,1
546,10,15,1,1,8,1.0,12.0,0,12.0,0.0,inf,0,0.0,1,0
546,10,17,2,2,49,8.0,55.0,3,6.88,18.33,16.0,15,30.61,3,2
558,10,3,2,2,49,8.0,59.0,2,7.38,29.5,24.0,16,32.65,3,3
558,10,5,2,2,37,6.0,42.0,0,7.0,0.0,inf,11,29.73,3,1
558,10,9,2,2,29,4.0,53.0,1,13.25,53.0,27.0,7,24.14,8,1
558,10,13,1,1,12,2.0,13.0,1,6.5,13.0,12.0,6,50.0,2,0
558,10,14,2,2,45,7.0,72.0,1,10.29,72.0,42.0,16,35.56,6,5
558,10,15,1,1,18,3.0,36.0,0,12.0,0.0,inf,2,11.11,3,2
564,10,2,2,2,49,8.0,91.0,2,11.38,45.5,24.0,15,30.61,10,5
564,10,3,2,2,45,7.0,51.0,2,7.29,25.5,21.0,17,37.78,5,2
564,10,5,2,2,40,6.0,63.0,1,10.5,63.0,39.0,13,32.5,9,2
564,10,13,2,2,47,7.0,59.0,5,8.43,11.8,8.4,17,36.17,5,2
564,10,14,1,1,12,2.0,17.0,1,8.5,17.0,12.0,2,16.67,1,1
564,10,15,3,3,68,11.0,78.0,2,7.09,39.0,33.0,30,44.12,7,3
564,10,17,2,2,43,7.0,51.0,4,7.29,12.75,10.5,23,53.49,7,2
567,10,2,1,1,18,3.0,30.0,2,10.0,15.0,9.0,5,27.78,1,2
567,10,9,1,1,7,1.0,11.0,0,11.0,0.0,inf,1,14.29,0,1
567,10,14,2,2,17,2.0,29.0,0,14.5,0.0,inf,1,5.88,2,1
567,10,15,1,1,6,1.0,11.0,0,11.0,0.0,inf,0,0.0,0,1
597,10,9,1,1,20,3.0,31.0,2,10.33,15.5,9.0,6,30.0,3,1
610,10,2,2,2,49,8.0,70.0,2,8.75,35.0,24.0,16,32.65,3,5
610,10,3,2,2,43,7.0,74.0,4,10.57,18.5,10.5,9,20.93,7,3
610,10,5,1,1,24,4.0,24.0,3,6.0,8.0,8.0,8,33.33,1,0
610,10,9,2,2,30,5.0,40.0,2,8.0,20.0,15.0,11,36.67,5,1
610,10,13,2,2,50,8.0,62.0,4,7.75,15.5,11.5,14,28.0,4,2
610,10,14,1,1,25,4.0,30.0,1,7.5,30.0,24.0,7,28.0,1,2
625,10,2,1,1,18,3.0,35.0,0,11.67,0.0,inf,6,33.33,3,2
625,10,5,3,3,57,9.0,73.0,3,8.11,24.33,18.0,19,33.33,7,2
625,10,9,2,2,39,6.0,52.0,0,8.67,0.0,inf,11,28.21,7,0
625,10,13,1,1,26,4.0,19.0,3,4.75,6.33,8.0,16,61.54,3,0
625,10,14,2,2,38,6.0,39.0,2,6.5,19.5,18.0,13,34.21,4,0
625,10,15,2,2,37,6.0,62.0,0,10.33,0.0,inf,10,27.03,11,0
625,10,17,1,1,24,4.0,35.0,3,8.75,11.67,8.0,10,41.67,4,1
634,10,2,2,2,12,2.0,28.0,0,14.0,0.0,inf,1,8.33,6,0
634,10,3,2,2,31,5.0,36.0,1,7.2,36.0,30.0,10,32.26,3,1
634,10,5,1,1,7,1.0,12.0,0,12.0,0.0,inf,2,28.57,1,1
634,10,9,2,2,19,3.0,37.0,0,12.33,0.0,inf,3,15.79,2,3
634,10,13,1,1,6,1.0,18.0,1,18.0,18.0,6.0,1,16.67,1,2
634,10,17,1,1,7,1.0,17.0,0,17.0,0.0,inf,0,0.0,0,2
638,10,2,1,1,18,3.0,23.0,1,7.67,23.0,18.0,7,38.89,2,1
638,10,5,3,3,72,12.0,55.0,4,4.58,13.75,18.0,36,50.0,4,1
638,10,9,2,2,30,5.0,50.0,2,10.0,25.0,15.0,11,36.67,5,3
638,10,14,1,1,12,2.0,12.0,0,6.0,0.0,inf,8,66.67,1,1
638,10,15,2,2,38,6.0,38.0,0,6.33,0.0,inf,14,36.84,5,0
638,10,17,1,1,12,2.0,7.0,1,3.5,7.0,12.0,5,41.67,0,0
644,10,3,1,1,21,3.0,28.0,1,9.33,28.0,18.0,5,23.81,2,1
644,10,5,1,1,13,2.0,28.0,1,14.0,28.0,12.0,1,7.69,2,2
644,10,9,1,1,9,1.0,14.0,0,14.0,0.0,inf,2,22.22,1,1
644,10,14,1,1,7,1.0,12.0,0,12.0,0.0,inf,0,0.0,1,0
644,10,17,1,1,19,3.0,28.0,0,9.33,0.0,inf,2,10.53,0,2
654,10,14,1,1,6,1.0,15.0,0,15.0,0.0,inf,1,16.67,0,2
654,10,15,3,3,18,3.0,26.0,1,8.67,26.0,18.0,7,38.89,3,1
656,10,2,2,2,50,8.0,55.0,3,6.88,18.33,16.0,17,34.0,2,3
656,10,3,2,2,38,6.0,40.0,2,6.67,20.0,18.0,8,21.05,2,1
656,10,5,2,2,31,5.0,48.0,1,9.6,48.0,30.0,9,29.03,0,5
656,10,9,2,2,48,8.0,64.0,1,8.0,64.0,48.0,11,22.92,6,1
656,10,14,2,2,42,7.0,65.0,2,9.29,32.5,21.0,7,16.67,4,3
656,10,15,2,2,43,7.0,67.0,2,9.57,33.5,21.0,10,23.26,3,4
656,10,17,2,2,42,7.0,23.0,4,3.29,5.75,10.5,20,47.62,0,0
665,10,3,1,1,12,2.0,30.0,0,15.0,0.0,inf,0,0.0,1,3
679,10,3,1,1,18,3.0,14.0,0,4.67,0.0,inf,10,55.56,0,1
679,10,5,1,1,12,2.0,17.0,1,8.5,17.0,12.0,5,41.67,0,2
679,10,9,1,1,25,4.0,18.0,2,4.5,9.0,12.0,8,32.0,1,0
685,10,5,2,2,54,9.0,63.0,2,7.0,31.5,24.0,20,37.04,2,3
685,10,9,1,1,21,3.0,20.0,2,6.67,10.0,10.0,8,38.1,3,0
685,10,13,1,1,13,2.0,18.0,0,9.0,0.0,inf,5,38.46,3,0
685,10,14,1,1,24,4.0,28.0,2,7.0,14.0,12.0,11,45.83,2,1
685,10,15,1,1,25,4.0,59.0,0,14.75,0.0,inf,4,16.0,10,1
689,10,5,1,1,24,4.0,35.0,1,8.75,35.0,24.0,7,29.17,4,1
689,10,15,1,1,18,3.0,22.0,0,7.33,0.0,inf,3,16.67,2,0
711,10,13,1,1,13,2.0,29.0,0,14.5,0.0,inf,4,30.77,3,2
741,10,2,2,2,42,7.0,51.0,1,7.29,51.0,42.0,9,21.43,6,0
741,10,3,2,2,43,7.0,56.0,3,8.0,18.67,14.0,16,37.21,3,4
741,10,5,1,1,28,4.0,34.0,1,8.5,34.0,24.0,8,28.57,3,1
741,10,13,2,2,45,7.0,50.0,4,7.14,12.5,10.5,17,37.78,7,0
741,10,14,2,2,30,5.0,55.0,1,11.0,55.0,30.0,7,23.33,7,2
741,10,15,2,2,52,8.0,95.0,3,11.88,31.67,16.0,12,23.08,8,5
741,10,17,2,2,38,6.0,45.0,4,7.5,11.25,9.0,18,47.37,4,2
743,10,14,1,1,18,3.0,31.0,0,10.33,0.0,inf,5,27.78,5,1
748,10,2,1,1,12,2.0,18.0,1,9.0,18.0,12.0,1,8.33,2,0
748,10,5,3,3,57,9.0,73.0,3,8.11,24.33,18.0,17,29.82,5,3
748,10,9,2,2,44,7.0,54.0,2,7.71,27.0,21.0,13,29.55,4,2
748,10,13,2,2,26,4.0,34.0,2,8.5,17.0,12.0,8,30.77,3,1
748,10,14,1,1,19,3.0,27.0,1,9.0,27.0,18.0,2,10.53,1,1
748,10,15,2,2,42,7.0,41.0,1,5.86,41.0,42.0,16,38.1,2,1
748,10,17,2,2,49,8.0,51.0,1,6.38,51.0,48.0,17,34.69,3,1
756,10,2,1,1,12,2.0,21.0,0,10.5,0.0,inf,1,8.33,0,2
756,10,5,1,1,18,3.0,14.0,2,4.67,7.0,9.0,5,27.78,0,0
756,10,13,1,1,13,2.0,20.0,0,10.0,0.0,inf,3,23.08,1,1
757,10,3,1,1,12,2.0,17.0,1,8.5,17.0,12.0,2,16.67,2,0
757,10,5,1,1,13,2.0,14.0,1,7.0,14.0,12.0,3,23.08,1,0
757,10,9,1,1,6,1.0,9.0,1,9.0,9.0,6.0,3,50.0,2,0
757,10,15,1,1,6,1.0,10.0,1,10.0,10.0,6.0,1,16.67,1,0
772,10,5,1,1,17,2.0,34.0,0,17.0,0.0,inf,3,17.65,3,2
777,10,3,2,2,45,7.0,55.0,3,7.86,18.33,14.33,17,37.78,2,4
777,10,5,2,2,53,8.0,79.0,2,9.88,39.5,24.0,12,22.64,7,3
777,10,9,2,2,43,7.0,61.0,2,8.71,30.5,21.0,12,27.91,8,1
777,10,13,1,1,24,4.0,23.0,2,5.75,11.5,12.0,9,37.5,3,0
777,10,14,2,2,48,8.0,68.0,3,8.5,22.67,16.0,11,22.92,9,0
777,10,15,1,1,25,4.0,37.0,0,9.25,0.0,inf,5,20.0,3,1
777,10,17,2,2,51,8.0,50.0,3,6.25,16.67,16.0,18,35.29,5,0
6,11,2,2,2,49,8.0,50.0,2,6.25,25.0,24.0,15,30.61,3,1
6,11,5,1,1,6,1.0,9.0,0,9.0,0.0,inf,3,50.0,2,0
6,11,9,2,2,38,6.0,58.0,2,9.67,29.0,18.0,13,34.21,3,3
6,11,11,2,2,30,5.0,34.0,1,6.8,34.0,30.0,9,30.0,3,0
6,11,13,1,1,18,3.0,23.0,1,7.67,23.0,18.0,4,22.22,0,2
6,11,15,4,4,73,12.0,89.0,2,7.42,44.5,36.0,23,31.51,6,4
6,11,17,2,2,36,6.0,40.0,3,6.67,13.33,12.0,11,30.56,1,2
8,11,2,1,1,25,4.0,47.0,0,11.75,0.0,inf,6,24.0,2,4
18,11,6,2,2,37,6.0,56.0,0,9.33,0.0,inf,15,40.54,3,5
18,11,9,1,1,25,4.0,29.0,2,7.25,14.5,12.0,12,48.0,2,2
18,11,11,1,1,12,2.0,36.0,0,18.0,0.0,inf,2,16.67,2,4
18,11,13,1,1,24,4.0,36.0,2,9.0,18.0,12.0,9,37.5,5,1
18,11,15,1,1,19,3.0,47.0,0,15.67,0.0,inf,5,26.32,2,5
27,11,17,1,1,19,3.0,34.0,0,11.33,0.0,inf,7,36.84,3,2
31,11,9,1,1,27,4.0,34.0,0,8.5,0.0,inf,4,14.81,2,1
31,11,11,1,1,19,3.0,40.0,0,13.33,0.0,inf,4,21.05,1,4
31,11,13,1,1,24,4.0,33.0,2,8.25,16.5,12.0,7,29.17,4,1
32,11,2,2,2,52,8.0,63.0,2,7.88,31.5,24.0,15,28.85,3,3
32,11,5,2,2,50,8.0,51.0,5,6.38,10.2,9.6,22,44.0,5,1
32,11,6,2,2,54,9.0,94.0,2,10.44,47.0,24.0,11,20.37,9,4
32,11,9,2,2,52,8.0,71.0,6,8.88,11.83,8.0,16,30.77,6,3
32,11,11,2,2,48,8.0,58.0,6,7.25,9.67,8.0,13,27.08,5,1
32,11,15,2,2,48,8.0,51.0,2,6.38,25.5,24.0,17,35.42,5,0
32,11,17,2,2,49,8.0,60.0,1,7.5,60.0,48.0,14,28.57,6,1
38,11,2,2,2,50,8.0,81.0,1,10.12,81.0,48.0,16,32.0,4,7
38,11,5,2,2,53,8.0,62.0,2,7.75,31.0,24.0,18,33.96,3,2
38,11,6,2,2,40,6.0,66.0,0,11.0,0.0,inf,9,22.5,4,4
38,11,9,1,1,28,4.0,40.0,2,10.0,20.0,12.0,8,28.57,4,1
38,11,11,1,1,24,4.0,33.0,1,8.25,33.0,24.0,6,25.0,3,1
38,11,13,1,1,19,3.0,17.0,1,5.67,17.0,18.0,10,52.63,1,1
38,11,15,2,2,50,8.0,68.0,4,8.5,17.0,12.0,18,36.0,4,5
58,11,2,2,2,36,6.0,70.0,4,11.67,17.5,9.0,12,33.33,8,3
58,11,5,2,2,49,8.0,68.0,2,8.5,34.0,24.0,17,34.69,6,3
58,11,6,2,2,52,8.0,73.0,0,9.12,0.0,inf,16,30.77,4,4
58,11,9,3,3,48,8.0,90.0,0,11.25,0.0,inf,12,25.0,11,4
58,11,13,2,2,50,8.0,62.0,1,7.75,62.0,48.0,18,36.0,5,2
58,11,15,2,2,37,6.0,61.0,2,10.17,30.5,18.0,12,32.43,6,2
58,11,17,2,2,38,6.0,62.0,2,10.33,31.0,19.0,10,26.32,9,1
60,11,5,1,1,13,2.0,17.0,0,8.5,0.0,inf,5,38.46,3,0
60,11,11,1,1,12,2.0,11.0,2,5.5,5.5,6.0,4,33.33,1,0
60,11,13,1,1,1,0.0,0.0,0,,0.0,inf,1,100.0,0,0
60,11,15,1,1,6,1.0,5.0,0,5.0,0.0,inf,4,66.67,1,0
60,11,17,1,1,6,1.0,11.0,2,11.0,5.5,3.0,3,50.0,1,1
63,11,5,2,2,31,5.0,40.0,0,8.0,0.0,inf,11,35.48,3,2
63,11,6,2,2,18,3.0,19.0,1,6.33,19.0,18.0,6,33.33,2,0
63,11,9,1,1,12,2.0,22.0,2,11.0,11.0,6.0,3,25.0,2,1
63,11,11,1,1,6,1.0,21.0,1,21.0,21.0,6.0,1,16.67,0,3
63,11,13,1,1,6,1.0,4.0,0,4.0,0.0,inf,2,33.33,0,0
63,11,15,2,2,12,2.0,13.0,0,6.5,0.0,inf,3,25.0,1,0
63,11,17,1,1,13,2.0,13.0,1,6.5,13.0,12.0,6,46.15,0,1
71,11,9,1,1,19,3.0,38.0,0,12.67,0.0,inf,6,31.58,2,4
74,11,2,1,1,12,2.0,27.0,0,13.5,0.0,inf,2,16.67,2,2
74,11,5,2,2,50,8.0,70.0,2,8.75,35.0,24.0,20,40.0,3,5
74,11,9,2,2,39,6.0,58.0,2,9.67,29.0,18.0,13,33.33,9,1
74,11,11,2,2,25,4.0,22.0,1,5.5,22.0,24.0,9,36.0,2,0
74,11,13,1,1,12,2.0,15.0,1,7.5,15.0,12.0,3,25.0,0,1
74,11,15,2,2,25,4.0,38.0,0,9.5,0.0,inf,7,28.0,3,2
74,11,17,1,1,13,2.0,21.0,0,10.5,0.0,inf,2,15.38,1,1
78,11,2,1,1,20,3.0,28.0,0,9.33,0.0,inf,3,15.0,2,1
78,11,5,2,2,44,7.0,57.0,2,8.14,28.5,21.0,15,34.09,4,2
78,11,6,2,2,43,7.0,70.0,0,10.0,0.0,inf,11,25.58,12,0
78,11,9,2,2,44,7.0,40.0,3,5.71,13.33,14.0,17,38.64,4,0
78,11,13,2,2,30,5.0,35.0,2,7.0,17.5,15.0,10,33.33,4,0
78,11,15,2,2,31,5.0,41.0,0,8.2,0.0,inf,11,35.48,6,0
78,11,17,1,1,20,3.0,32.0,1,10.67,32.0,18.0,6,30.0,3,1
111,11,6,1,1,7,1.0,10.0,0,10.0,0.0,inf,0,0.0,1,0
111,11,9,1,1,6,1.0,13.0,0,13.0,0.0,inf,0,0.0,2,0
116,11,2,2,2,34,5.0,53.0,2,10.6,26.5,15.0,11,32.35,8,1
116,11,5,2,2,27,4.0,28.0,2,7.0,14.0,12.0,9,33.33,3,0
116,11,6,2,2,31,5.0,47.0,0,9.4,0.0,inf,8,25.81,4,2
116,11,11,2,2,36,6.0,35.0,2,5.83,17.5,18.0,13,36.11,0,1
116,11,13,2,2,35,5.0,72.0,3,14.4,24.0,11.67,11,31.43,6,6
116,11,15,3,3,44,7.0,79.0,1,11.29,79.0,42.0,16,36.36,12,3
116,11,17,2,2,32,5.0,41.0,3,8.2,13.67,10.0,6,18.75,1,2
137,11,2,2,2,49,8.0,42.0,1,5.25,42.0,48.0,12,24.49,1,0
137,11,5,2,2,42,7.0,41.0,2,5.86,20.5,21.0,12,28.57,0,2
137,11,6,2,2,51,8.0,68.0,3,8.5,22.67,16.0,10,19.61,3,3
137,11,9,2,2,42,7.0,69.0,1,9.86,69.0,40.0,8,19.05,7,2
137,11,11,2,2,48,8.0,64.0,1,8.0,64.0,48.0,14,29.17,5,2
137,11,15,2,2,52,8.0,87.0,0,10.88,0.0,inf,9,17.31,2,6
137,11,17,2,2,30,5.0,39.0,2,7.8,19.5,15.0,11,36.67,5,1
144,11,2,1,1,24,4.0,42.0,0,10.5,0.0,inf,9,37.5,4,3
144,11,5,1,1,20,3.0,25.0,0,8.33,0.0,inf,6,30.0,2,1
144,11,6,1,1,24,4.0,51.0,0,12.75,0.0,inf,6,25.0,4,4
144,11,15,1,1,22,3.0,30.0,1,10.0,30.0,18.0,9,40.91,5,0
144,11,17,2,2,43,7.0,68.0,1,9.71,68.0,42.0,14,32.56,6,4
148,11,5,1,1,24,4.0,36.0,1,9.0,36.0,24.0,10,41.67,5,1
148,11,9,1,1,25,4.0,53.0,1,13.25,53.0,24.0,5,20.0,0,6
148,11,11,1,1,24,4.0,29.0,1,7.25,29.0,23.0,10,41.67,3,1
148,11,13,1,1,12,2.0,26.0,0,13.0,0.0,inf,3,25.0,4,1
155,11,15,1,1,7,1.0,10.0,0,10.0,0.0,inf,0,0.0,0,0
156,11,15,1,1,12,2.0,19.0,0,9.5,0.0,inf,4,33.33,4,0
158,11,9,1,1,25,4.0,41.0,2,10.25,20.5,12.0,10,40.0,4,3
158,11,11,1,1,18,3.0,34.0,0,11.33,0.0,inf,4,22.22,1,3
158,11,13,1,1,18,3.0,25.0,1,8.33,25.0,18.0,8,44.44,3,1
158,11,17,1,1,26,4.0,43.0,0,10.75,0.0,inf,7,26.92,3,3
173,11,2,1,1,25,4.0,36.0,0,9.0,0.0,inf,4,16.0,2,2
173,11,6,1,1,7,1.0,14.0,0,14.0,0.0,inf,1,14.29,1,1
173,11,9,2,2,24,4.0,35.0,1,8.75,35.0,24.0,10,41.67,7,0
173,11,13,2,2,24,4.0,43.0,1,10.75,43.0,24.0,4,16.67,4,2
173,11,15,1,1,25,4.0,40.0,0,10.0,0.0,inf,4,16.0,4,1
178,11,2,1,1,24,4.0,33.0,2,8.25,16.5,12.0,4,16.67,2,1
178,11,5,1,1,20,3.0,34.0,0,11.33,0.0,inf,4,20.0,2,3
178,11,6,2,2,45,7.0,75.0,2,10.71,37.5,21.5,15,33.33,8,4
178,11,9,1,1,25,4.0,40.0,1,10.0,40.0,24.0,8,32.0,4,2
178,11,11,1,1,20,3.0,29.0,0,9.67,0.0,inf,7,35.0,3,1
178,11,15,1,1,25,4.0,51.0,2,12.75,25.5,12.0,3,12.0,6,1
178,11,17,2,2,27,4.0,60.0,0,15.0,0.0,inf,3,11.11,8,2
179,11,2,2,2,43,7.0,50.0,4,7.14,12.5,10.5,18,41.86,3,3
179,11,5,2,2,45,7.0,55.0,0,7.86,0.0,inf,19,42.22,2,4
179,11,6,2,2,47,7.0,55.0,2,7.86,27.5,21.0,19,40.43,2,4
179,11,9,2,2,43,7.0,58.0,0,8.29,0.0,inf,16,37.21,6,2
179,11,11,2,2,49,8.0,48.0,2,6.0,24.0,24.0,20,40.82,6,0
179,11,13,2,2,36,6.0,44.0,2,7.33,22.0,18.0,10,27.78,2,2
179,11,15,2,2,50,8.0,53.0,2,6.62,26.5,24.0,18,36.0,4,1
186,11,6,1,1,24,4.0,29.0,1,7.25,29.0,24.0,7,29.17,0,2
186,11,9,2,2,48,8.0,36.0,1,4.5,36.0,48.0,22,45.83,2,0
186,11,13,1,1,24,4.0,14.0,1,3.5,14.0,24.0,11,45.83,0,0
186,11,15,1,1,18,3.0,25.0,1,8.33,25.0,18.0,3,16.67,3,0
186,11,17,1,1,24,4.0,31.0,1,7.75,31.0,24.0,6,25.0,3,0
205,11,6,2,2,35,5.0,58.0,1,11.6,58.0,33.0,9,25.71,6,3
205,11,9,2,2,29,4.0,36.0,4,9.0,9.0,7.0,12,41.38,5,1
217,11,2,1,1,20,3.0,23.0,1,7.67,23.0,18.0,11,55.0,3,1
217,11,5,2,2,32,5.0,33.0,1,6.6,33.0,31.0,18,56.25,5,0
217,11,9,1,1,7,1.0,18.0,0,18.0,0.0,inf,2,28.57,1,2
217,11,11,1,1,28,4.0,30.0,2,7.5,15.0,12.0,9,32.14,1,1
217,11,13,2,2,46,7.0,67.0,1,9.57,67.0,42.0,19,41.3,8,3
217,11,15,4,4,103,17.0,87.0,5,5.12,17.4,19.2,51,49.51,8,2
217,11,17,1,1,12,2.0,20.0,0,10.0,0.0,inf,4,33.33,2,1
224,11,5,1,1,16,2.0,28.0,3,14.0,9.33,5.0,6,37.5,2,2
224,11,6,1,1,24,4.0,23.0,1,5.75,23.0,24.0,9,37.5,1,1
224,11,15,1,1,24,4.0,32.0,1,8.0,32.0,24.0,9,37.5,5,0
224,11,17,2,2,45,7.0,84.0,2,12.0,42.0,21.0,10,22.22,8,4
227,11,5,1,1,25,4.0,36.0,3,9.0,12.0,8.0,10,40.0,3,2
227,11,6,1,1,24,4.0,21.0,1,5.25,21.0,24.0,10,41.67,0,1
227,11,17,1,1,24,4.0,25.0,1,6.25,25.0,24.0,9,37.5,2,1
229,11,2,1,1,6,1.0,10.0,1,10.0,10.0,6.0,3,50.0,1,1
229,11,5,1,1,26,4.0,47.0,2,11.75,23.5,12.0,10,38.46,8,1
229,11,6,1,1,24,4.0,58.0,0,14.5,0.0,inf,1,4.17,2,6
234,11,5,1,1,24,4.0,19.0,3,4.75,6.33,8.0,13,54.17,0,1
234,11,6,2,2,48,8.0,50.0,3,6.25,16.67,16.0,16,33.33,2,2
234,11,9,1,1,24,4.0,23.0,2,5.75,11.5,12.0,9,37.5,2,0
234,11,11,1,1,12,2.0,12.0,1,6.0,12.0,12.0,5,41.67,0,1
234,11,13,2,2,50,8.0,79.0,0,9.88,0.0,inf,11,22.0,5,3
234,11,15,2,2,43,7.0,48.0,2,6.86,24.0,21.0,12,27.91,4,1
234,11,17,1,1,25,4.0,33.0,1,8.25,33.0,24.0,7,28.0,1,2
235,11,5,2,2,29,4.0,49.0,1,12.25,49.0,28.0,8,27.59,4,3
235,11,9,1,1,24,4.0,26.0,0,6.5,0.0,inf,10,41.67,2,1
235,11,11,1,1,25,4.0,44.0,1,11.0,44.0,24.0,4,16.0,3,2
235,11,13,1,1,24,4.0,34.0,2,8.5,17.0,12.0,11,45.83,3,2
235,11,17,1,1,24,4.0,35.0,2,8.75,17.5,12.0,5,20.83,1,2
237,11,2,1,1,12,2.0,21.0,1,10.5,21.0,12.0,4,33.33,1,2
237,11,5,1,1,20,3.0,33.0,1,11.0,33.0,18.0,5,25.0,2,2
237,11,6,1,1,18,3.0,39.0,2,13.0,19.5,9.0,3,16.67,1,4
237,11,11,1,1,13,2.0,19.0,2,9.5,9.5,6.0,3,23.08,2,0
237,11,13,1,1,1,0.0,6.0,0,inf,0.0,inf,0,0.0,0,1
245,11,6,1,1,18,3.0,36.0,1,12.0,36.0,18.0,7,38.89,0,5
245,11,11,1,1,6,1.0,13.0,0,13.0,0.0,inf,2,33.33,1,1
251,11,2,2,2,37,6.0,49.0,2,8.17,24.5,18.0,14,37.84,5,2
251,11,5,2,2,42,7.0,83.0,3,11.86,27.67,14.0,15,35.71,10,5
251,11,6,2,2,49,8.0,84.0,3,10.5,28.0,16.0,16,32.65,10,3
251,11,11,2,2,48,8.0,42.0,3,5.25,14.0,16.0,17,35.42,3,0
251,11,13,2,2,24,4.0,40.0,0,10.0,0.0,inf,5,20.83,3,2
251,11,15,3,3,54,9.0,61.0,2,6.78,30.5,27.0,19,35.19,8,0
251,11,17,2,2,42,7.0,53.0,1,7.57,53.0,42.0,20,47.62,5,3
255,11,2,2,2,36,6.0,53.0,3,8.83,17.67,12.0,9,25.0,3,3
255,11,5,2,2,48,8.0,62.0,3,7.75,20.67,16.0,18,37.5,3,4
255,11,6,2,2,48,8.0,37.0,3,4.62,12.33,16.0,18,37.5,2,0
255,11,11,3,3,74,12.0,116.0,1,9.67,116.0,72.0,27,36.49,14,4
255,11,13,2,2,42,7.0,67.0,2,9.57,33.5,21.0,15,35.71,5,5
255,11,15,3,3,75,12.0,64.0,4,5.33,16.0,18.0,27,36.0,2,1
255,11,17,2,2,48,8.0,68.0,1,8.5,68.0,48.0,17,35.42,7,3
259,11,2,2,2,28,4.0,41.0,1,10.25,41.0,24.0,11,39.29,3,3
259,11,5,2,2,50,8.0,75.0,3,9.38,25.0,16.0,20,40.0,8,4
259,11,9,1,1,12,2.0,20.0,0,10.0,0.0,inf,5,41.67,4,0
259,11,15,2,2,30,5.0,38.0,0,7.6,0.0,inf,16,53.33,6,1
259,11,17,1,1,6,1.0,14.0,0,14.0,0.0,inf,1,16.67,3,0
260,11,9,1,1,6,1.0,10.0,0,10.0,0.0,inf,0,0.0,1,0
260,11,13,2,2,18,3.0,32.0,1,10.67,32.0,18.0,4,22.22,3,1
263,11,2,2,2,51,8.0,56.0,1,7.0,56.0,48.0,17,33.33,6,0
263,11,6,2,2,50,8.0,62.0,1,7.75,62.0,48.0,21,42.0,2,5
263,11,9,2,2,42,7.0,51.0,2,7.29,25.5,21.0,18,42.86,6,2
263,11,11,2,2,44,7.0,62.0,3,8.86,20.67,14.0,16,36.36,7,1
263,11,13,2,2,49,8.0,34.0,4,4.25,8.5,12.0,21,42.86,0,1
263,11,15,2,2,48,8.0,57.0,3,7.12,19.0,16.0,15,31.25,7,0
263,11,17,2,2,49,8.0,50.0,3,6.25,16.67,16.0,20,40.82,3,2
264,11,6,1,1,6,1.0,8.0,0,8.0,0.0,inf,1,16.67,1,0
264,11,13,1,1,13,2.0,16.0,0,8.0,0.0,inf,4,30.77,1,1
288,11,15,1,1,12,2.0,9.0,0,4.5,0.0,inf,6,50.0,1,0
288,11,17,1,1,6,1.0,10.0,1,10.0,10.0,6.0,1,16.67,0,1
292,11,5,2,2,50,8.0,72.0,3,9.0,24.0,16.0,13,26.0,6,2
292,11,6,2,2,48,8.0,68.0,2,8.5,34.0,24.0,20,41.67,6,4
292,11,9,2,2,50,8.0,73.0,4,9.12,18.25,12.0,22,44.0,10,3
292,11,11,2,2,39,6.0,52.0,3,8.67,17.33,12.0,14,35.9,6,1
292,11,13,2,2,43,7.0,55.0,3,7.86,18.33,13.67,18,41.86,6,2
292,11,15,2,2,49,8.0,73.0,0,9.12,0.0,inf,13,26.53,7,2
292,11,17,2,2,48,8.0,73.0,3,9.12,24.33,16.0,11,22.92,5,4
293,11,2,2,2,37,6.0,50.0,0,8.33,0.0,inf,12,32.43,3,3
293,11,5,2,2,35,5.0,34.0,1,6.8,34.0,35.0,10,28.57,2,0
293,11,9,2,2,30,5.0,31.0,2,6.2,15.5,15.0,15,50.0,5,0
293,11,11,1,1,12,2.0,29.0,1,14.5,29.0,12.0,5,41.67,4,2
293,11,13,2,2,30,5.0,54.0,1,10.8,54.0,30.0,9,30.0,6,3
293,11,15,1,1,13,2.0,26.0,0,13.0,0.0,inf,0,0.0,1,2
293,11,17,2,2,36,6.0,46.0,2,7.67,23.0,18.0,17,47.22,4,3
308,11,5,1,1,11,1.0,4.0,2,4.0,2.0,5.5,7,63.64,0,0
308,11,11,1,1,12,2.0,26.0,1,13.0,26.0,12.0,2,16.67,3,1
308,11,13,1,1,14,2.0,14.0,2,7.0,7.0,7.0,5,35.71,0,1
308,11,17,1,1,25,4.0,70.0,0,17.5,0.0,inf,2,8.0,5,6
327,11,2,1,1,26,4.0,25.0,1,6.25,25.0,24.0,9,34.62,1,1
327,11,11,1,1,12,2.0,19.0,0,9.5,0.0,inf,5,41.67,0,2
327,11,13,1,1,13,2.0,13.0,1,6.5,13.0,13.0,5,38.46,0,1
327,11,15,2,2,30,5.0,40.0,1,8.0,40.0,30.0,7,23.33,4,1
346,11,11,1,1,25,4.0,47.0,1,11.75,47.0,24.0,5,20.0,5,2
346,11,15,1,1,12,2.0,24.0,0,12.0,0.0,inf,3,25.0,5,0
346,11,17,1,1,24,4.0,24.0,1,6.0,24.0,24.0,11,45.83,2,1
350,11,2,1,1,19,3.0,43.0,2,14.33,21.5,9.0,5,26.32,6,2
350,11,9,1,1,19,3.0,32.0,1,10.67,32.0,18.0,11,57.89,1,4
356,11,6,1,1,6,1.0,11.0,0,11.0,0.0,inf,1,16.67,2,0
363,11,2,2,2,48,8.0,58.0,2,7.25,29.0,24.0,15,31.25,5,2
363,11,5,2,2,49,8.0,24.0,3,3.0,8.0,16.0,33,67.35,3,0
363,11,6,4,4,96,16.0,109.0,3,6.81,36.33,32.0,36,37.5,10,4
363,11,9,3,3,72,12.0,81.0,3,6.75,27.0,24.0,21,29.17,5,2
363,11,11,2,2,48,8.0,54.0,2,6.75,27.0,24.0,14,29.17,4,1
363,11,13,2,2,48,8.0,74.0,4,9.25,18.5,12.0,19,39.58,3,7
363,11,17,2,2,50,8.0,58.0,4,7.25,14.5,12.0,24,48.0,5,3
371,11,2,2,2,49,8.0,59.0,0,7.38,0.0,inf,17,34.69,5,2
371,11,5,2,2,43,7.0,34.0,3,4.86,11.33,14.0,27,62.79,3,1
371,11,6,3,3,69,11.0,118.0,4,10.73,29.5,16.5,22,31.88,11,7
371,11,9,1,1,14,2.0,30.0,0,15.0,0.0,inf,4,28.57,3,2
371,11,11,1,1,24,4.0,15.0,1,3.75,15.0,24.0,14,58.33,1,0
371,11,13,1,1,24,4.0,17.0,2,4.25,8.5,12.0,13,54.17,2,0
371,11,17,2,2,50,8.0,60.0,2,7.5,30.0,24.0,18,36.0,5,2
372,11,5,1,1,25,4.0,49.0,0,12.25,0.0,inf,5,20.0,6,2
394,11,5,1,1,18,3.0,23.0,1,7.67,23.0,18.0,8,44.44,4,0
394,11,13,1,1,12,2.0,24.0,0,12.0,0.0,inf,4,33.33,2,2
399,11,2,2,2,37,6.0,68.0,0,11.33,0.0,inf,9,24.32,7,4
399,11,6,2,2,51,8.0,63.0,4,7.88,15.75,12.0,19,37.25,5,3
399,11,9,2,2,43,7.0,35.0,4,5.0,8.75,10.5,24,55.81,5,0
399,11,11,2,2,41,6.0,77.0,4,12.83,19.25,10.0,11,26.83,6,5
399,11,13,2,2,53,8.0,86.0,1,10.75,86.0,48.0,12,22.64,8,4
399,11,15,1,1,20,3.0,20.0,2,6.67,10.0,9.0,9,45.0,3,0
399,11,17,2,2,25,4.0,32.0,3,8.0,10.67,8.0,10,40.0,2,2
439,11,2,1,1,27,4.0,41.0,0,10.25,0.0,inf,7,25.93,2,2
439,11,5,1,1,25,4.0,25.0,2,6.25,12.5,12.0,14,56.0,3,1
439,11,6,1,1,18,3.0,30.0,0,10.0,0.0,inf,6,33.33,4,1
439,11,9,1,1,26,4.0,34.0,0,8.5,0.0,inf,7,26.92,4,0
439,11,11,1,1,25,4.0,37.0,0,9.25,0.0,inf,4,16.0,1,2
439,11,13,1,1,12,2.0,19.0,0,9.5,0.0,inf,6,50.0,3,1
439,11,15,2,2,50,8.0,75.0,3,9.38,25.0,16.0,13,26.0,9,2
449,11,2,2,2,45,7.0,95.0,0,13.57,0.0,inf,6,13.33,3,9
449,11,5,2,2,43,7.0,46.0,1,6.57,46.0,42.0,12,27.91,5,0
449,11,9,2,2,30,5.0,72.0,0,14.4,0.0,inf,5,16.67,4,7
449,11,11,2,2,37,6.0,47.0,3,7.83,15.67,11.67,12,32.43,2,2
449,11,13,2,2,48,8.0,76.0,3,9.5,25.33,16.0,10,20.83,5,4
449,11,15,4,4,98,16.0,147.0,5,9.19,29.4,18.0,25,25.51,13,5
449,11,17,2,2,37,6.0,50.0,2,8.33,25.0,18.0,15,40.54,3,2
451,11,5,1,1,14,2.0,22.0,0,11.0,0.0,inf,4,28.57,2,1
451,11,9,1,1,24,4.0,43.0,1,10.75,43.0,24.0,7,29.17,3,3
451,11,11,2,2,30,5.0,47.0,2,9.4,23.5,15.0,4,13.33,3,2
451,11,15,1,1,12,2.0,22.0,0,11.0,0.0,inf,2,16.67,0,2
451,11,17,1,1,12,2.0,27.0,0,13.5,0.0,inf,3,25.0,6,0
462,11,2,1,1,12,2.0,26.0,1,13.0,26.0,12.0,6,50.0,0,4
462,11,5,2,2,25,4.0,51.0,0,12.75,0.0,inf,3,12.0,2,4
462,11,6,1,1,25,4.0,20.0,3,5.0,6.67,8.0,12,48.0,2,0
462,11,9,2,2,42,7.0,57.0,1,8.14,57.0,42.0,14,33.33,2,4
462,11,13,1,1,18,3.0,26.0,0,8.67,0.0,inf,5,27.78,1,2
462,11,15,1,1,18,3.0,18.0,0,6.0,0.0,inf,6,33.33,2,0
462,11,17,2,2,48,8.0,38.0,6,4.75,6.33,8.0,19,39.58,1,1
466,11,2,1,1,26,4.0,23.0,2,5.75,11.5,12.0,15,57.69,4,0
466,11,5,2,2,44,7.0,77.0,1,11.0,77.0,42.0,17,38.64,7,6
466,11,6,1,1,25,4.0,19.0,2,4.75,9.5,12.0,18,72.0,2,1
466,11,9,1,1,20,3.0,32.0,0,10.67,0.0,inf,5,25.0,4,1
466,11,11,1,1,18,3.0,37.0,1,12.33,37.0,18.0,3,16.67,7,0
466,11,15,1,1,24,4.0,14.0,5,3.5,2.8,4.8,16,66.67,2,0
466,11,17,1,1,9,1.0,21.0,0,21.0,0.0,inf,2,22.22,3,1
472,11,2,2,2,32,5.0,54.0,3,10.8,18.0,10.67,8,25.0,2,4
472,11,5,2,2,30,5.0,60.0,0,12.0,0.0,inf,9,30.0,2,6
472,11,6,2,2,44,7.0,61.0,2,8.71,30.5,21.0,9,20.45,2,4
472,11,11,3,3,72,12.0,61.0,6,5.08,10.17,12.0,29,40.28,4,1
472,11,13,2,2,19,3.0,42.0,1,14.0,42.0,18.0,3,15.79,2,4
472,11,15,3,3,72,12.0,87.0,4,7.25,21.75,18.0,19,26.39,7,2
472,11,17,2,2,43,7.0,53.0,1,7.57,53.0,42.0,13,30.23,1,3
482,11,13,1,1,25,4.0,31.0,0,7.75,0.0,inf,10,40.0,2,2
483,11,2,2,2,49,8.0,53.0,4,6.62,13.25,12.0,21,42.86,5,1
483,11,5,1,1,25,4.0,37.0,2,9.25,18.5,12.0,11,44.0,1,4
483,11,6,1,1,18,3.0,18.0,0,6.0,0.0,inf,5,27.78,1,0
483,11,9,2,2,39,6.0,60.0,1,10.0,60.0,38.0,13,33.33,7,2
483,11,11,2,2,49,8.0,48.0,5,6.0,9.6,9.6,14,28.57,4,0
483,11,15,2,2,50,8.0,44.0,1,5.5,44.0,48.0,16,32.0,1,0
483,11,17,1,1,24,4.0,29.0,1,7.25,29.0,24.0,10,41.67,2,2
485,11,9,1,1,6,1.0,11.0,0,11.0,0.0,inf,0,0.0,1,0
485,11,11,2,2,15,2.0,23.0,2,11.5,11.5,7.5,3,20.0,3,0
485,11,15,2,2,37,6.0,55.0,2,9.17,27.5,18.0,12,32.43,2,4
493,11,2,1,1,20,3.0,31.0,1,10.33,31.0,19.0,9,45.0,3,2
493,11,5,2,2,51,8.0,38.0,5,4.75,7.6,9.6,24,47.06,3,0
493,11,6,1,1,30,5.0,42.0,2,8.4,21.0,12.0,5,16.67,4,0
493,11,9,2,2,52,8.0,76.0,2,9.5,38.0,24.0,22,42.31,8,4
493,11,13,2,2,47,7.0,75.0,2,10.71,37.5,23.0,15,31.91,7,3
493,11,15,1,1,24,4.0,26.0,3,6.5,8.67,8.0,8,33.33,2,1
493,11,17,1,1,25,4.0,37.0,0,9.25,0.0,inf,10,40.0,4,2
498,11,2,1,1,6,1.0,12.0,0,12.0,0.0,inf,0,0.0,2,0
498,11,5,1,1,19,3.0,28.0,0,9.33,0.0,inf,6,31.58,2,1
498,11,6,1,1,24,4.0,16.0,1,4.0,16.0,24.0,9,37.5,1,0
498,11,11,1,1,15,2.0,23.0,0,11.5,0.0,inf,0,0.0,0,1
498,11,13,1,1,14,2.0,8.0,1,4.0,8.0,12.0,6,42.86,0,0
498,11,15,2,2,19,3.0,42.0,0,14.0,0.0,inf,2,10.53,3,3
508,11,2,2,2,18,3.0,37.0,0,12.33,0.0,inf,4,22.22,6,1
508,11,5,2,2,32,5.0,43.0,0,8.6,0.0,inf,10,31.25,5,1
508,11,6,2,2,36,6.0,63.0,0,10.5,0.0,inf,5,13.89,5,3
508,11,9,3,3,54,9.0,70.0,4,7.78,17.5,13.5,22,40.74,7,3
508,11,13,2,2,38,6.0,30.0,3,5.0,10.0,12.0,20,52.63,4,0
508,11,15,2,2,30,5.0,27.0,2,5.4,13.5,15.0,13,43.33,2,0
508,11,17,2,2,36,6.0,42.0,2,7.0,21.0,18.0,13,36.11,5,1
514,11,6,2,2,49,8.0,70.0,3,8.75,23.33,16.0,15,30.61,6,3
514,11,9,2,2,42,7.0,54.0,2,7.71,27.0,21.0,21,50.0,7,2
514,11,11,2,2,46,7.0,60.0,1,8.57,60.0,42.0,16,34.78,7,1
514,11,13,2,2,50,8.0,68.0,3,8.5,22.67,16.0,20,40.0,5,5
514,11,15,1,1,19,3.0,22.0,2,7.33,11.0,9.0,10,52.63,3,0
514,11,17,2,2,44,7.0,58.0,3,8.29,19.33,14.0,16,36.36,2,4
524,11,5,1,1,25,4.0,42.0,2,10.5,21.0,12.0,13,52.0,5,3
524,11,6,1,1,26,4.0,38.0,0,9.5,0.0,inf,12,46.15,4,2
524,11,9,1,1,24,4.0,21.0,2,5.25,10.5,12.0,15,62.5,2,1
524,11,11,1,1,25,4.0,29.0,1,7.25,29.0,24.0,7,28.0,2,0
545,11,2,2,2,49,8.0,84.0,1,10.5,84.0,48.0,17,34.69,7,5
545,11,6,4,4,86,14.0,91.0,2,6.5,45.5,42.5,45,52.33,3,7
545,11,9,3,3,75,12.0,97.0,3,8.08,32.33,24.0,30,40.0,11,3
545,11,11,1,1,27,4.0,30.0,1,7.5,30.0,24.0,10,37.04,4,0
545,11,13,1,1,25,4.0,25.0,1,6.25,25.0,24.0,10,40.0,1,1
545,11,17,1,1,24,4.0,27.0,1,6.75,27.0,24.0,9,37.5,4,0
546,11,2,2,2,30,5.0,32.0,3,6.4,10.67,10.0,12,40.0,3,1
546,11,6,1,1,25,4.0,32.0,2,8.0,16.0,12.0,9,36.0,1,2
546,11,9,2,2,37,6.0,41.0,3,6.83,13.67,12.33,19,51.35,4,2
546,11,11,2,2,50,8.0,57.0,1,7.12,57.0,48.0,13,26.0,3,1
546,11,13,2,2,30,5.0,46.0,0,9.2,0.0,inf,4,13.33,5,1
546,11,15,2,2,25,4.0,24.0,0,6.0,0.0,inf,6,24.0,1,0
546,11,17,2,2,49,8.0,52.0,3,6.5,17.33,16.0,19,38.78,4,1
564,11,2,2,2,43,7.0,55.0,1,7.86,55.0,42.0,18,41.86,7,2
564,11,5,2,2,51,8.0,65.0,4,8.12,16.25,12.0,18,35.29,6,2
564,11,6,2,2,42,7.0,38.0,3,5.43,12.67,14.0,24,57.14,3,2
564,11,9,2,2,45,7.0,63.0,2,9.0,31.5,21.5,19,42.22,6,4
564,11,11,2,2,52,8.0,84.0,3,10.5,28.0,16.0,17,32.69,8,4
564,11,13,2,2,48,8.0,46.0,6,5.75,7.67,8.0,28,58.33,4,2
564,11,15,2,2,50,8.0,67.0,1,8.38,67.0,48.0,18,36.0,6,3
573,11,13,1,1,6,1.0,8.0,0,8.0,0.0,inf,1,16.67,1,0
573,11,17,1,1,12,2.0,28.0,0,14.0,0.0,inf,5,41.67,2,3
597,11,6,1,1,13,2.0,35.0,0,17.5,0.0,inf,2,15.38,2,3
597,11,17,1,1,12,2.0,30.0,2,15.0,15.0,6.0,6,50.0,3,3
610,11,2,2,2,49,8.0,85.0,1,10.62,85.0,48.0,10,20.41,10,3
610,11,5,2,2,49,8.0,52.0,5,6.5,10.4,9.6,21,42.86,8,0
610,11,6,4,4,86,14.0,148.0,2,10.57,74.0,42.0,21,24.42,18,5
610,11,9,3,3,73,12.0,95.0,5,7.92,19.0,14.4,28,38.36,9,4
610,11,11,2,2,49,8.0,40.0,4,5.0,10.0,12.0,17,34.69,2,0
610,11,13,2,2,48,8.0,58.0,1,7.25,58.0,48.0,12,25.0,7,0
610,11,17,2,2,48,8.0,69.0,3,8.62,23.0,16.0,11,22.92,7,2
611,11,6,1,1,20,3.0,17.0,1,5.67,17.0,18.0,12,60.0,1,1
611,11,9,1,1,25,4.0,36.0,2,9.0,18.0,12.0,7,28.0,4,1
625,11,2,1,1,24,4.0,27.0,1,6.75,27.0,24.0,10,41.67,2,1
625,11,5,1,1,25,4.0,38.0,0,9.5,0.0,inf,9,36.0,5,1
625,11,9,1,1,24,4.0,37.0,1,9.25,37.0,24.0,10,41.67,1,4
625,11,11,2,2,43,7.0,40.0,3,5.71,13.33,14.0,23,53.49,5,0
625,11,13,2,2,42,7.0,66.0,4,9.43,16.5,10.0,12,28.57,6,2
625,11,15,4,4,99,16.0,158.0,5,9.88,31.6,18.0,32,32.32,11,10
625,11,17,2,2,38,6.0,65.0,2,10.83,32.5,18.0,15,39.47,3,6
635,11,5,2,2,50,8.0,80.0,1,10.0,80.0,48.0,15,30.0,9,3
635,11,11,2,2,48,8.0,63.0,3,7.88,21.0,16.0,19,39.58,9,1
635,11,13,1,1,26,4.0,31.0,2,7.75,15.5,12.0,10,38.46,3,1
635,11,15,2,2,53,8.0,86.0,4,10.75,21.5,12.0,15,28.3,7,5
638,11,2,1,1,24,4.0,31.0,1,7.75,31.0,24.0,5,20.83,1,2
638,11,5,2,2,19,3.0,47.0,0,15.67,0.0,inf,2,10.53,5,2
638,11,6,1,1,6,1.0,14.0,0,14.0,0.0,inf,2,33.33,0,2
638,11,9,1,1,25,4.0,48.0,1,12.0,48.0,24.0,4,16.0,2,4
638,11,11,1,1,24,4.0,30.0,0,7.5,0.0,inf,7,29.17,1,2
638,11,13,1,1,24,4.0,22.0,2,5.5,11.0,12.0,7,29.17,0,1
644,11,2,1,1,6,1.0,7.0,0,7.0,0.0,inf,0,0.0,0,0
644,11,5,2,2,36,6.0,80.0,2,13.33,40.0,18.0,9,25.0,9,5
644,11,11,2,2,18,3.0,21.0,1,7.0,21.0,18.0,5,27.78,2,0
644,11,17,1,1,6,1.0,12.0,0,12.0,0.0,inf,0,0.0,2,0
654,11,11,1,1,12,2.0,14.0,1,7.0,14.0,12.0,2,16.67,1,0
656,11,2,1,1,18,3.0,35.0,1,11.67,35.0,18.0,3,16.67,3,2
656,11,5,2,2,25,4.0,33.0,0,8.25,0.0,inf,3,12.0,1,1
656,11,6,1,1,24,4.0,28.0,0,7.0,0.0,inf,6,25.0,1,1
656,11,9,1,1,25,4.0,52.0,0,13.0,0.0,inf,4,16.0,5,3
656,11,11,2,2,42,7.0,45.0,1,6.43,45.0,42.0,13,30.95,3,1
656,11,17,1,1,24,4.0,25.0,1,6.25,25.0,24.0,9,37.5,3,0
671,11,2,1,1,12,2.0,20.0,2,10.0,10.0,6.0,3,25.0,1,1
671,11,6,1,1,27,4.0,38.0,2,9.5,19.0,12.0,5,18.52,3,1
671,11,9,2,2,44,7.0,72.0,2,10.29,36.0,20.5,10,22.73,5,4
671,11,15,1,1,14,2.0,20.0,0,10.0,0.0,inf,4,28.57,3,0
671,11,17,2,2,37,6.0,61.0,3,10.17,20.33,12.0,11,29.73,7,2
679,11,5,1,1,25,4.0,36.0,2,9.0,18.0,12.0,8,32.0,1,3
679,11,6,1,1,12,2.0,23.0,0,11.5,0.0,inf,1,8.33,1,2
679,11,9,2,2,24,4.0,29.0,3,7.25,9.67,8.0,13,54.17,1,3
679,11,11,1,1,25,4.0,29.0,0,7.25,0.0,inf,6,24.0,2,0
679,11,13,2,2,30,5.0,30.0,1,6.0,30.0,30.0,10,33.33,2,0
679,11,17,1,1,18,3.0,26.0,0,8.67,0.0,inf,2,11.11,0,2
688,11,11,1,1,6,1.0,13.0,0,13.0,0.0,inf,1,16.67,1,1
688,11,13,1,1,27,4.0,52.0,1,13.0,52.0,24.0,4,14.81,3,4
688,11,15,1,1,12,2.0,24.0,1,12.0,24.0,12.0,2,16.67,0,2
696,11,2,2,2,39,6.0,72.0,2,12.0,36.0,18.0,12,30.77,5,6
696,11,6,1,1,19,3.0,21.0,0,7.0,0.0,inf,6,31.58,1,1
696,11,11,2,2,51,8.0,84.0,2,10.5,42.0,24.0,19,37.25,8,5
696,11,13,1,1,20,3.0,29.0,0,9.67,0.0,inf,8,40.0,4,1
696,11,15,2,2,31,5.0,43.0,1,8.6,43.0,30.0,10,32.26,2,3
696,11,17,1,1,19,3.0,21.0,0,7.0,0.0,inf,6,31.58,2,0
711,11,2,1,1,27,4.0,45.0,1,11.25,45.0,24.0,5,18.52,4,1
711,11,6,1,1,28,4.0,37.0,0,9.25,0.0,inf,9,32.14,1,2
711,11,9,2,2,44,7.0,98.0,3,14.0,32.67,14.0,12,27.27,10,7
711,11,15,2,2,47,7.0,49.0,0,7.0,0.0,inf,19,40.43,6,0
716,11,5,1,1,20,3.0,27.0,0,9.0,0.0,inf,5,25.0,2,1
716,11,6,1,1,18,3.0,52.0,0,17.33,0.0,inf,2,11.11,2,6
716,11,9,1,1,24,4.0,24.0,0,6.0,0.0,inf,9,37.5,1,1
716,11,11,1,1,18,3.0,37.0,0,12.33,0.0,inf,5,27.78,3,3
716,11,13,1,1,25,4.0,17.0,3,4.25,5.67,8.0,10,40.0,1,0
716,11,15,2,2,49,8.0,68.0,1,8.5,68.0,48.0,8,16.33,6,1
721,11,2,2,2,46,7.0,40.0,3,5.71,13.33,14.0,20,43.48,3,1
721,11,9,1,1,19,3.0,36.0,1,12.0,36.0,18.0,5,26.32,4,2
721,11,13,1,1,25,4.0,10.0,4,2.5,2.5,6.0,15,60.0,0,0
721,11,15,2,2,48,8.0,46.0,2,5.75,23.0,24.0,21,43.75,3,2
721,11,17,1,1,25,4.0,24.0,1,6.0,24.0,24.0,13,52.0,3,1
734,11,2,2,2,30,5.0,63.0,1,12.6,63.0,30.0,4,13.33,7,3
734,11,6,2,2,43,7.0,53.0,3,7.57,17.67,14.0,14,32.56,2,4
734,11,9,2,2,42,7.0,51.0,2,7.29,25.5,21.0,18,42.86,4,3
734,11,11,2,2,30,5.0,47.0,0,9.4,0.0,inf,5,16.67,4,1
734,11,13,2,2,38,6.0,63.0,1,10.5,63.0,36.0,6,15.79,3,4
734,11,15,2,2,42,7.0,38.0,6,5.43,6.33,7.0,20,47.62,5,0
734,11,17,2,2,43,7.0,53.0,2,7.57,26.5,21.0,13,30.23,5,2
741,11,2,1,1,24,4.0,40.0,0,10.0,0.0,inf,7,29.17,6,1
741,11,5,1,1,19,3.0,31.0,1,10.33,31.0,18.0,9,47.37,2,3
741,11,9,1,1,26,4.0,36.0,3,9.0,12.0,8.0,15,57.69,5,2
741,11,11,1,1,26,4.0,47.0,2,11.75,23.5,12.0,6,23.08,4,3
741,11,13,1,1,23,3.0,36.0,2,12.0,18.0,10.0,7,30.43,3,2
743,11,2,2,2,48,8.0,61.0,2,7.62,30.5,24.0,14,29.17,3,3
743,11,5,2,2,43,7.0,50.0,2,7.14,25.0,21.0,17,39.53,2,3
743,11,6,4,4,67,11.0,108.0,0,9.82,0.0,inf,12,17.91,7,6
743,11,9,3,3,61,10.0,67.0,4,6.7,16.75,15.0,20,32.79,4,2
743,11,11,2,2,48,8.0,53.0,2,6.62,26.5,24.0,12,25.0,4,0
743,11,13,2,2,30,5.0,46.0,2,9.2,23.0,15.0,9,30.0,1,4
743,11,17,2,2,48,8.0,71.0,2,8.88,35.5,24.0,12,25.0,7,2
748,11,5,1,1,18,3.0,35.0,2,11.67,17.5,9.0,5,27.78,5,1
748,11,13,2,2,30,5.0,29.0,2,5.8,14.5,15.0,12,40.0,2,1
748,11,15,1,1,23,3.0,37.0,0,12.33,0.0,inf,3,13.04,3,1
749,11,13,1,1,12,2.0,19.0,0,9.5,0.0,inf,1,8.33,2,0
749,11,15,1,1,6,1.0,8.0,0,8.0,0.0,inf,1,16.67,1,0
757,11,6,1,1,14,2.0,33.0,0,16.5,0.0,inf,2,14.29,7,0
767,11,6,1,1,15,2.0,22.0,1,11.0,22.0,12.0,4,26.67,3,0
767,11,9,2,2,12,2.0,22.0,0,11.0,0.0,inf,3,25.0,1,2
767,11,15,1,1,7,1.0,14.0,0,14.0,0.0,inf,1,14.29,1,1
772,11,2,2,2,48,8.0,59.0,1,7.38,59.0,48.0,19,39.58,4,3
772,11,6,1,1,23,3.0,39.0,1,13.0,39.0,23.0,7,30.43,6,1
772,11,11,1,1,25,4.0,35.0,1,8.75,35.0,24.0,6,24.0,3,1
772,11,15,2,2,46,7.0,42.0,4,6.0,10.5,11.5,22,47.83,4,1
772,11,17,1,1,25,4.0,55.0,0,13.75,0.0,inf,3,12.0,4,4
6,12,5,3,3,48,8.0,40.0,1,5.0,40.0,48.0,22,45.83,4,0
6,12,9,2,2,50,8.0,66.0,1,8.25,66.0,48.0,21,42.0,7,3
6,12,10,3,3,60,10.0,55.0,6,5.5,9.17,10.0,24,40.0,2,2
6,12,11,2,2,36,6.0,43.0,2,7.17,21.5,18.0,10,27.78,2,1
6,12,13,2,2,36,6.0,40.0,1,6.67,40.0,36.0,12,33.33,3,1
6,12,15,2,2,48,8.0,55.0,0,6.88,0.0,inf,13,27.08,3,1
6,12,17,2,2,48,8.0,44.0,4,5.5,11.0,12.0,22,45.83,1,2
18,12,13,1,1,19,3.0,30.0,0,10.0,0.0,inf,7,36.84,6,0
31,12,11,1,1,6,1.0,17.0,0,17.0,0.0,inf,1,16.67,1,2
31,12,15,1,1,25,4.0,29.0,1,7.25,29.0,24.0,9,36.0,1,2
32,12,5,1,1,26,4.0,40.0,1,10.0,40.0,24.0,4,15.38,5,0
32,12,6,2,2,43,7.0,75.0,0,10.71,0.0,inf,9,20.93,8,3
32,12,9,2,2,44,7.0,78.0,2,11.14,39.0,21.0,11,25.0,6,5
32,12,17,1,1,24,4.0,40.0,0,10.0,0.0,inf,6,25.0,4,1
38,12,5,2,2,39,6.0,59.0,3,9.83,19.67,12.0,14,35.9,5,4
38,12,6,1,1,12,2.0,5.0,1,2.5,5.0,12.0,8,66.67,0,0
38,12,9,2,2,44,7.0,74.0,0,10.57,0.0,inf,18,40.91,9,3
38,12,10,1,1,11,1.0,14.0,1,14.0,14.0,11.0,4,36.36,2,0
38,12,11,1,1,25,4.0,25.0,1,6.25,25.0,24.0,11,44.0,1,1
38,12,13,1,1,24,4.0,54.0,1,13.5,54.0,24.0,5,20.83,5,4
38,12,15,1,1,24,4.0,38.0,0,9.5,0.0,inf,7,29.17,5,1
52,12,6,1,1,18,3.0,24.0,0,8.0,0.0,inf,7,38.89,1,2
52,12,10,1,1,12,2.0,24.0,0,12.0,0.0,inf,0,0.0,2,1
53,12,9,1,1,25,4.0,34.0,0,8.5,0.0,inf,10,40.0,4,1
53,12,13,1,1,25,4.0,37.0,2,9.25,18.5,12.0,7,28.0,2,2
58,12,5,2,2,53,8.0,82.0,2,10.25,41.0,24.0,10,18.87,5,4
58,12,6,2,2,45,7.0,77.0,2,11.0,38.5,21.0,13,28.89,5,5
58,12,9,1,1,25,4.0,50.0,1,12.5,50.0,24.0,7,28.0,4,4
58,12,10,1,1,20,3.0,36.0,0,12.0,0.0,inf,4,20.0,3,2
58,12,13,2,2,43,7.0,92.0,1,13.14,92.0,42.0,10,23.26,9,6
58,12,15,2,2,44,7.0,52.0,3,7.43,17.33,14.0,9,20.45,2,1
58,12,17,1,1,6,1.0,9.0,1,9.0,9.0,6.0,2,33.33,1,0
60,12,10,2,2,18,3.0,20.0,1,6.67,20.0,18.0,3,16.67,1,0
60,12,11,1,1,6,1.0,13.0,0,13.0,0.0,inf,2,33.33,3,0
60,12,13,1,1,6,1.0,8.0,1,8.0,8.0,6.0,3,50.0,0,1
60,12,15,1,1,6,1.0,9.0,0,9.0,0.0,inf,0,0.0,1,0
60,12,17,1,1,14,2.0,22.0,1,11.0,22.0,12.0,6,42.86,1,2
71,12,5,1,1,24,4.0,42.0,3,10.5,14.0,8.0,9,37.5,5,2
71,12,6,2,2,49,8.0,48.0,1,6.0,48.0,48.0,23,46.94,3,3
71,12,9,1,1,27,4.0,33.0,3,8.25,11.0,8.0,8,29.63,3,1
71,12,10,2,2,43,7.0,54.0,5,7.71,10.8,8.2,18,41.86,6,2
71,12,11,1,1,24,4.0,33.0,1,8.25,33.0,24.0,7,29.17,4,0
71,12,13,1,1,27,4.0,40.0,3,10.0,13.33,8.0,10,37.04,4,2
71,12,17,1,1,28,4.0,37.0,3,9.25,12.33,8.0,8,28.57,4,1
78,12,6,2,2,40,6.0,69.0,3,11.5,23.0,12.0,12,30.0,5,4
78,12,9,1,1,6,1.0,3.0,0,3.0,0.0,inf,2,33.33,0,0
78,12,13,1,1,27,4.0,48.0,2,12.0,24.0,12.0,6,22.22,5,2
78,12,15,1,1,18,3.0,40.0,1,13.33,40.0,18.0,2,11.11,8,0
78,12,17,1,1,18,3.0,29.0,0,9.67,0.0,inf,4,22.22,3,1
86,12,9,1,1,24,4.0,20.0,2,5.0,10.0,12.0,16,66.67,2,1
86,12,10,1,1,13,2.0,21.0,0,10.5,0.0,inf,1,7.69,1,1
86,12,15,1,1,25,4.0,36.0,2,9.0,18.0,12.0,8,32.0,2,1
86,12,17,2,2,12,2.0,39.0,0,19.5,0.0,inf,0,0.0,5,2
94,12,15,1,1,13,2.0,34.0,0,17.0,0.0,inf,1,7.69,2,3
106,12,5,1,1,25,4.0,54.0,1,13.5,54.0,24.0,7,28.0,2,6
106,12,6,2,2,50,8.0,70.0,3,8.75,23.33,16.0,14,28.0,5,3
106,12,9,1,1,26,4.0,41.0,0,10.25,0.0,inf,6,23.08,4,1
106,12,10,2,2,39,6.0,45.0,4,7.5,11.25,9.0,14,35.9,6,0
106,12,11,1,1,25,4.0,52.0,2,13.0,26.0,12.0,7,28.0,7,2
106,12,15,1,1,24,4.0,30.0,0,7.5,0.0,inf,6,25.0,2,0
106,12,17,1,1,18,3.0,31.0,0,10.33,0.0,inf,4,22.22,5,0
107,12,9,1,1,13,2.0,27.0,0,13.5,0.0,inf,3,23.08,2,2
116,12,5,2,2,37,6.0,59.0,2,9.83,29.5,18.5,13,35.14,4,4
116,12,6,1,1,6,1.0,16.0,0,16.0,0.0,inf,2,33.33,4,0
116,12,10,2,2,36,6.0,57.0,2,9.5,28.5,18.0,14,38.89,8,2
116,12,11,1,1,18,3.0,32.0,1,10.67,32.0,18.0,5,27.78,3,2
116,12,13,2,2,37,6.0,50.0,3,8.33,16.67,12.0,14,37.84,6,1
116,12,15,2,2,24,4.0,40.0,2,10.0,20.0,12.0,4,16.67,3,2
116,12,17,2,2,24,4.0,33.0,1,8.25,33.0,24.0,8,33.33,0,3
136,12,5,2,2,49,8.0,54.0,0,6.75,0.0,inf,20,40.82,3,3
136,12,13,1,1,24,4.0,31.0,2,7.75,15.5,12.0,9,37.5,5,0
137,12,5,2,2,49,8.0,63.0,1,7.88,63.0,48.0,18,36.73,5,3
137,12,6,2,2,49,8.0,46.0,3,5.75,15.33,16.0,17,34.69,3,1
137,12,9,2,2,50,8.0,85.0,1,10.62,85.0,48.0,14,28.0,2,8
137,12,10,2,2,47,7.0,57.0,2,8.14,28.5,21.0,14,29.79,4,2
137,12,11,2,2,49,8.0,44.0,3,5.5,14.67,16.0,12,24.49,0,0
137,12,15,2,2,49,8.0,60.0,3,7.5,20.0,16.0,12,24.49,4,1
137,12,17,2,2,49,8.0,45.0,2,5.62,22.5,24.0,13,26.53,2,0
148,12,5,2,2,51,8.0,63.0,5,7.88,12.6,9.6,19,37.25,4,3
148,12,6,2,2,43,7.0,58.0,2,8.29,29.0,21.0,13,30.23,6,2
148,12,9,2,2,43,7.0,59.0,2,8.43,29.5,21.0,17,39.53,6,3
148,12,10,2,2,48,8.0,48.0,3,6.0,16.0,16.0,22,45.83,4,2
148,12,11,2,2,48,8.0,79.0,2,9.88,39.5,24.0,13,27.08,9,2
148,12,15,2,2,49,8.0,66.0,3,8.25,22.0,16.0,16,32.65,6,2
148,12,17,2,2,49,8.0,96.0,2,12.0,48.0,24.0,11,22.45,12,5
158,12,5,1,1,19,3.0,39.0,0,13.0,0.0,inf,3,15.79,4,2
158,12,6,1,1,26,4.0,47.0,1,11.75,47.0,24.0,9,34.62,8,1
158,12,9,2,2,49,8.0,73.0,3,9.12,24.33,16.0,15,30.61,8,3
158,12,11,1,1,25,4.0,41.0,1,10.25,41.0,24.0,6,24.0,5,1
158,12,13,1,1,25,4.0,30.0,3,7.5,10.0,8.0,9,36.0,3,1
158,12,15,2,2,36,6.0,48.0,3,8.0,16.0,12.0,14,38.89,7,1
158,12,17,1,1,26,4.0,28.0,2,7.0,14.0,12.0,10,38.46,2,1
162,12,6,4,4,85,14.0,60.0,3,4.29,20.0,28.0,38,44.71,4,0
162,12,9,2,2,31,5.0,66.0,1,13.2,66.0,30.0,11,35.48,2,8
162,12,10,1,1,26,4.0,19.0,3,4.75,6.33,8.0,15,57.69,2,0
162,12,11,2,2,48,8.0,63.0,4,7.88,15.75,12.0,16,33.33,3,4
162,12,13,1,1,24,4.0,27.0,0,6.75,0.0,inf,12,50.0,1,2
162,12,15,2,2,49,8.0,42.0,2,5.25,21.0,24.0,22,44.9,5,0
162,12,17,1,1,24,4.0,31.0,0,7.75,0.0,inf,9,37.5,2,2
172,12,11,1,1,18,3.0,53.0,0,17.67,0.0,inf,5,27.78,8,3
172,12,13,1,1,13,2.0,22.0,0,11.0,0.0,inf,4,30.77,1,2
172,12,15,1,1,24,4.0,12.0,6,3.0,2.0,3.67,14,58.33,1,0
173,12,10,1,1,12,2.0,27.0,1,13.5,27.0,12.0,2,16.67,4,1
178,12,5,1,1,18,3.0,27.0,1,9.0,27.0,18.0,8,44.44,4,1
179,12,5,2,2,49,8.0,65.0,6,8.12,10.83,8.0,19,38.78,4,4
179,12,6,2,2,48,8.0,30.0,2,3.75,15.0,24.0,25,52.08,0,1
179,12,9,2,2,46,7.0,69.0,1,9.86,69.0,42.0,13,28.26,3,5
179,12,10,2,2,50,8.0,77.0,2,9.62,38.5,24.0,21,42.0,5,6
179,12,11,2,2,28,4.0,17.0,3,4.25,5.67,8.67,12,42.86,0,0
179,12,13,2,2,37,6.0,60.0,2,10.0,30.0,18.0,10,27.03,4,4
179,12,15,2,2,50,8.0,68.0,2,8.5,34.0,24.0,13,26.0,5,2
180,12,6,1,1,19,3.0,25.0,1,8.33,25.0,18.0,8,42.11,1,2
180,12,10,1,1,24,4.0,25.0,0,6.25,0.0,inf,9,37.5,1,1
186,12,10,1,1,19,3.0,26.0,3,8.67,8.67,6.33,11,57.89,1,3
186,12,13,1,1,25,4.0,41.0,1,10.25,41.0,24.0,4,16.0,0,3
187,12,6,1,1,15,2.0,11.0,1,5.5,11.0,12.0,4,26.67,0,0
201,12,15,1,1,24,4.0,56.0,0,14.0,0.0,inf,2,8.33,3,4
205,12,10,1,1,6,1.0,13.0,0,13.0,0.0,inf,0,0.0,2,0
205,12,11,1,1,15,2.0,16.0,0,8.0,0.0,inf,6,40.0,2,0
213,12,5,1,1,24,4.0,13.0,2,3.25,6.5,12.0,15,62.5,1,0
213,12,9,1,1,26,4.0,30.0,1,7.5,30.0,24.0,8,30.77,1,1
213,12,11,2,2,38,6.0,51.0,1,8.5,51.0,36.0,14,36.84,5,1
217,12,5,4,4,89,14.0,123.0,6,8.79,20.5,14.5,42,47.19,17,4
217,12,9,2,2,49,8.0,56.0,3,7.0,18.67,16.0,29,59.18,6,3
217,12,10,3,3,68,11.0,80.0,4,7.27,20.0,16.5,28,41.18,9,1
217,12,11,2,2,49,8.0,52.0,4,6.5,13.0,12.0,22,44.9,7,1
217,12,13,2,2,51,8.0,68.0,1,8.5,68.0,48.0,22,43.14,8,2
217,12,15,2,2,44,7.0,61.0,2,8.71,30.5,21.0,16,36.36,9,0
217,12,17,2,2,50,8.0,42.0,2,5.25,21.0,24.0,27,54.0,4,1
218,12,17,1,1,2,0.0,6.0,0,inf,0.0,inf,0,0.0,1,0
224,12,9,1,1,26,4.0,40.0,2,10.0,20.0,12.0,7,26.92,2,3
224,12,13,1,1,26,4.0,37.0,0,9.25,0.0,inf,8,30.77,3,1
225,12,9,1,1,6,1.0,18.0,0,18.0,0.0,inf,1,16.67,1,2
225,12,11,1,1,6,1.0,8.0,0,8.0,0.0,inf,0,0.0,0,0
227,12,9,1,1,24,4.0,29.0,1,7.25,29.0,24.0,12,50.0,2,2
227,12,13,2,2,48,8.0,67.0,5,8.38,13.4,9.6,19,39.58,6,4
227,12,15,1,1,24,4.0,32.0,1,8.0,32.0,24.0,10,41.67,3,1
227,12,17,2,2,42,7.0,82.0,1,11.71,82.0,42.0,5,11.9,5,6
230,12,17,1,1,6,1.0,6.0,0,6.0,0.0,inf,1,16.67,0,0
234,12,5,1,1,18,3.0,18.0,1,6.0,18.0,18.0,7,38.89,2,0
234,12,6,3,3,67,11.0,72.0,3,6.55,24.0,22.0,23,34.33,4,3
234,12,9,1,1,25,4.0,36.0,1,9.0,36.0,24.0,10,40.0,2,3
234,12,11,2,2,42,7.0,45.0,3,6.43,15.0,14.0,14,33.33,4,0
234,12,13,1,1,24,4.0,41.0,0,10.25,0.0,inf,2,8.33,1,3
234,12,15,2,2,42,7.0,29.0,1,4.14,29.0,42.0,18,42.86,0,0
234,12,17,1,1,25,4.0,29.0,2,7.25,14.5,12.0,8,32.0,1,1
235,12,5,4,4,91,15.0,118.0,6,7.87,19.67,15.0,29,31.87,8,5
235,12,9,2,2,49,8.0,48.0,6,6.0,8.0,8.0,24,48.98,3,2
235,12,10,3,3,56,9.0,60.0,6,6.67,10.0,9.33,21,37.5,5,2
235,12,11,2,2,48,8.0,51.0,2,6.38,25.5,24.0,14,29.17,3,1
235,12,13,2,2,48,8.0,56.0,0,7.0,0.0,inf,15,31.25,3,3
235,12,15,2,2,48,8.0,58.0,2,7.25,29.0,24.0,18,37.5,3,3
235,12,17,2,2,48,8.0,40.0,4,5.0,10.0,12.0,25,52.08,2,2
245,12,5,1,1,26,4.0,47.0,0,11.75,0.0,inf,8,30.77,3,4
245,12,6,1,1,6,1.0,7.0,0,7.0,0.0,inf,2,33.33,1,0
245,12,9,1,1,19,3.0,21.0,2,7.0,10.5,9.5,8,42.11,1,1
245,12,10,1,1,19,3.0,27.0,1,9.0,27.0,18.0,6,31.58,3,1
251,12,5,1,1,24,4.0,57.0,1,14.25,57.0,24.0,4,16.67,3,6
251,12,6,2,2,46,7.0,60.0,3,8.57,20.0,15.33,18,39.13,6,2
251,12,10,2,2,41,6.0,71.0,1,11.83,71.0,41.0,6,14.63,6,3
251,12,11,2,2,48,8.0,39.0,3,4.88,13.0,16.0,27,56.25,3,1
251,12,13,2,2,42,7.0,69.0,1,9.86,69.0,42.0,9,21.43,4,4
251,12,15,2,2,36,6.0,61.0,1,10.17,61.0,36.0,15,41.67,6,4
251,12,17,2,2,30,5.0,42.0,0,8.4,0.0,inf,5,16.67,3,1
255,12,5,2,2,49,8.0,77.0,2,9.62,38.5,24.0,17,34.69,8,4
255,12,6,2,2,47,7.0,43.0,4,6.14,10.75,11.0,22,46.81,3,1
255,12,11,2,2,49,8.0,47.0,2,5.88,23.5,24.0,19,38.78,2,2
255,12,13,2,2,36,6.0,55.0,0,9.17,0.0,inf,9,25.0,5,2
255,12,15,2,2,42,7.0,63.0,0,9.0,0.0,inf,10,23.81,4,3
255,12,17,2,2,50,8.0,62.0,2,7.75,31.0,24.0,13,26.0,5,1
259,12,5,2,2,43,7.0,69.0,1,9.86,69.0,42.0,12,27.91,8,2
259,12,6,2,2,44,7.0,51.0,2,7.29,25.5,21.0,23,52.27,3,3
259,12,9,1,1,19,3.0,31.0,0,10.33,0.0,inf,7,36.84,6,0
259,12,10,1,1,24,4.0,51.0,1,12.75,51.0,24.0,4,16.67,6,2
259,12,13,2,2,51,8.0,67.0,2,8.38,33.5,24.0,20,39.22,7,3
259,12,15,1,1,19,3.0,40.0,0,13.33,0.0,inf,3,15.79,2,3
259,12,17,1,1,19,3.0,26.0,0,8.67,0.0,inf,7,36.84,4,0
263,12,6,4,4,93,15.0,82.0,4,5.47,20.5,22.5,39,41.94,8,0
263,12,9,2,2,51,8.0,75.0,2,9.38,37.5,24.0,17,33.33,6,4
263,12,10,2,2,48,8.0,58.0,3,7.25,19.33,16.0,19,39.58,3,4
263,12,11,2,2,48,8.0,44.0,3,5.5,14.67,16.0,18,37.5,4,0
263,12,13,2,2,47,7.0,61.0,1,8.71,61.0,46.0,20,42.55,9,1
263,12,15,2,3,46,7.0,55.0,4,7.86,13.75,11.5,19,41.3,5,2
263,12,17,2,2,49,8.0,42.0,3,5.25,14.0,16.0,25,51.02,6,0
264,12,10,2,2,13,2.0,21.0,1,10.5,21.0,12.0,1,7.69,1,1
282,12,6,1,1,25,4.0,22.0,2,5.5,11.0,12.0,14,56.0,2,1
282,12,11,1,1,19,3.0,31.0,0,10.33,0.0,inf,8,42.11,5,1
282,12,13,1,1,24,4.0,35.0,1,8.75,35.0,24.0,10,41.67,2,3
282,12,15,1,1,24,4.0,28.0,1,7.0,28.0,24.0,11,45.83,4,0
282,12,17,1,1,25,4.0,49.0,1,12.25,49.0,24.0,8,32.0,6,3
285,12,11,1,1,13,2.0,28.0,0,14.0,0.0,inf,3,23.08,4,1
285,12,15,1,1,20,3.0,29.0,1,9.67,29.0,18.0,5,25.0,2,1
292,12,5,1,1,25,4.0,42.0,1,10.5,42.0,24.0,7,28.0,6,1
292,12,6,2,2,49,8.0,57.0,1,7.12,57.0,48.0,22,44.9,4,3
292,12,11,1,1,27,4.0,27.0,2,6.75,13.5,12.0,10,37.04,0,2
292,12,15,1,1,19,3.0,37.0,1,12.33,37.0,18.0,5,26.32,2,3
293,12,5,3,3,74,12.0,75.0,1,6.25,75.0,72.0,34,45.95,5,3
293,12,9,1,1,24,4.0,15.0,2,3.75,7.5,12.0,15,62.5,0,1
293,12,10,3,3,74,12.0,89.0,3,7.42,29.67,24.0,28,37.84,8,3
293,12,13,2,2,49,8.0,74.0,5,9.25,14.8,9.6,17,34.69,5,5
293,12,15,1,1,24,4.0,39.0,2,9.75,19.5,12.0,9,37.5,3,2
293,12,17,1,1,24,4.0,20.0,3,5.0,6.67,8.0,11,45.83,0,1
308,12,5,1,1,25,4.0,40.0,0,10.0,0.0,inf,5,20.0,4,2
308,12,10,1,1,24,4.0,41.0,0,10.25,0.0,inf,7,29.17,3,3
308,12,17,1,1,24,4.0,29.0,0,7.25,0.0,inf,5,20.83,3,0
312,12,9,1,1,18,3.0,35.0,1,11.67,35.0,18.0,8,44.44,3,3
319,12,9,1,1,12,2.0,24.0,0,12.0,0.0,inf,3,25.0,3,1
319,12,11,1,1,26,4.0,43.0,2,10.75,21.5,12.0,8,30.77,3,3
319,12,15,1,1,27,4.0,42.0,1,10.5,42.0,24.0,4,14.81,6,0
327,12,5,2,2,30,5.0,31.0,2,6.2,15.5,15.0,13,43.33,1,2
327,12,6,1,1,24,4.0,19.0,1,4.75,19.0,24.0,15,62.5,3,0
327,12,9,1,1,6,1.0,13.0,0,13.0,0.0,inf,3,50.0,0,2
327,12,10,1,1,24,4.0,22.0,1,5.5,22.0,24.0,10,41.67,2,0
327,12,11,1,1,6,1.0,14.0,0,14.0,0.0,inf,1,16.67,1,1
327,12,13,2,2,43,7.0,41.0,2,5.86,20.5,21.0,16,37.21,1,2
327,12,15,1,1,18,3.0,29.0,0,9.67,0.0,inf,5,27.78,3,1
363,12,5,2,3,52,8.0,57.0,1,7.12,57.0,51.0,23,44.23,3,3
363,12,6,2,2,49,8.0,61.0,3,7.62,20.33,16.0,19,38.78,7,2
363,12,9,2,2,48,8.0,49.0,2,6.12,24.5,24.0,21,43.75,5,1
363,12,10,3,3,73,12.0,55.0,4,4.58,13.75,18.0,38,52.05,7,0
363,12,11,2,2,48,8.0,54.0,2,6.75,27.0,24.0,20,41.67,4,2
363,12,13,2,2,48,8.0,41.0,4,5.12,10.25,12.0,21,43.75,2,1
363,12,17,2,2,49,8.0,69.0,1,8.62,69.0,48.0,18,36.73,3,6
371,12,5,1,1,19,3.0,20.0,1,6.67,20.0,18.0,8,42.11,1,1
371,12,6,2,2,50,8.0,87.0,1,10.88,87.0,47.0,9,18.0,9,3
371,12,9,2,2,50,8.0,79.0,2,9.88,39.5,24.0,13,26.0,6,4
371,12,10,2,2,49,8.0,55.0,1,6.88,55.0,48.0,16,32.65,6,1
371,12,11,1,1,24,4.0,38.0,0,9.5,0.0,inf,4,16.67,2,1
371,12,13,2,2,50,8.0,54.0,4,6.75,13.5,12.0,16,32.0,4,1
371,12,17,1,1,23,3.0,19.0,3,6.33,6.33,7.67,13,56.52,1,1
383,12,5,2,2,42,7.0,51.0,2,7.29,25.5,21.0,16,38.1,7,1
383,12,6,2,2,42,7.0,52.0,2,7.43,26.0,21.0,13,30.95,8,0
383,12,9,1,1,26,4.0,21.0,1,5.25,21.0,24.0,13,50.0,3,0
383,12,11,2,2,50,8.0,67.0,4,8.38,16.75,12.0,23,46.0,9,1
383,12,13,1,1,26,4.0,29.0,0,7.25,0.0,inf,11,42.31,3,1
383,12,15,3,3,50,8.0,58.0,3,7.25,19.33,16.0,19,38.0,7,1
383,12,17,2,2,49,8.0,71.0,1,8.88,71.0,48.0,18,36.73,8,3
386,12,6,4,4,92,15.0,146.0,8,9.73,18.25,11.0,34,36.96,13,8
386,12,9,2,2,51,8.0,83.0,3,10.38,27.67,16.0,17,33.33,8,5
386,12,10,1,1,25,4.0,37.0,1,9.25,37.0,24.0,4,16.0,3,1
386,12,11,1,1,19,3.0,27.0,0,9.0,0.0,inf,4,21.05,4,0
386,12,13,1,1,19,3.0,24.0,0,8.0,0.0,inf,6,31.58,3,0
386,12,15,1,1,24,4.0,43.0,0,10.75,0.0,inf,7,29.17,5,2
386,12,17,2,2,50,8.0,78.0,4,9.75,19.5,12.0,12,24.0,1,7
394,12,5,2,2,48,8.0,37.0,2,4.62,18.5,24.0,21,43.75,1,1
394,12,10,2,2,48,8.0,50.0,2,6.25,25.0,24.0,15,31.25,2,2
394,12,13,2,2,41,6.0,70.0,0,11.67,0.0,inf,12,29.27,4,5
394,12,17,2,2,38,6.0,37.0,4,6.17,9.25,9.5,17,44.74,4,1
399,12,6,4,4,58,9.0,58.0,4,6.44,14.5,13.5,25,43.1,4,2
399,12,9,2,2,39,6.0,51.0,3,8.5,17.0,12.0,17,43.59,1,5
399,12,10,2,2,37,6.0,58.0,2,9.67,29.0,18.0,14,37.84,5,4
399,12,11,2,2,33,5.0,42.0,0,8.4,0.0,inf,12,36.36,6,0
399,12,13,2,2,48,8.0,96.0,2,12.0,48.0,21.0,9,18.75,6,7
399,12,15,2,2,18,3.0,27.0,2,9.0,13.5,9.0,4,22.22,0,2
399,12,17,2,2,36,6.0,58.0,1,9.67,58.0,36.0,9,25.0,6,3
404,12,6,1,1,24,4.0,28.0,2,7.0,14.0,12.0,11,45.83,3,1
406,12,5,2,2,51,8.0,74.0,2,9.25,37.0,24.0,12,23.53,8,0
406,12,9,1,1,26,4.0,36.0,1,9.0,36.0,24.0,10,38.46,3,2
406,12,10,2,2,43,7.0,61.0,3,8.71,20.33,14.0,16,37.21,11,0
406,12,17,1,1,26,4.0,51.0,1,12.75,51.0,24.0,5,19.23,3,4
420,12,5,1,1,12,2.0,17.0,0,8.5,0.0,inf,2,16.67,0,1
420,12,6,1,1,18,3.0,24.0,0,8.0,0.0,inf,6,33.33,1,1
420,12,9,1,1,6,1.0,7.0,0,7.0,0.0,inf,2,33.33,1,0
420,12,10,2,2,24,4.0,39.0,1,9.75,39.0,24.0,6,25.0,3,2
420,12,15,1,1,18,3.0,24.0,0,8.0,0.0,inf,1,5.56,2,0
420,12,17,1,1,6,1.0,10.0,1,10.0,10.0,6.0,1,16.67,1,0
439,12,9,1,1,25,4.0,61.0,0,15.25,0.0,inf,6,24.0,6,4
439,12,10,1,1,14,2.0,24.0,1,12.0,24.0,12.0,4,28.57,5,0
439,12,13,1,1,19,3.0,33.0,0,11.0,0.0,inf,7,36.84,7,0
449,12,5,4,4,89,14.0,133.0,1,9.5,133.0,84.0,20,22.47,11,4
449,12,10,3,3,70,11.0,70.0,5,6.36,14.0,13.2,25,35.71,7,0
449,12,11,1,1,26,4.0,32.0,2,8.0,16.0,12.0,8,30.77,1,2
449,12,13,1,1,28,4.0,27.0,0,6.75,0.0,inf,7,25.0,2,0
449,12,15,1,1,25,4.0,34.0,0,8.5,0.0,inf,3,12.0,3,0
449,12,17,2,2,25,4.0,34.0,3,8.5,11.33,8.33,8,32.0,5,0
451,12,6,1,1,12,2.0,24.0,1,12.0,24.0,12.0,1,8.33,1,2
451,12,9,1,1,24,4.0,30.0,0,7.5,0.0,inf,6,25.0,1,2
451,12,11,1,1,18,3.0,36.0,1,12.0,36.0,18.0,2,11.11,1,3
462,12,5,2,2,48,8.0,42.0,2,5.25,21.0,24.0,18,37.5,1,1
462,12,6,2,2,42,7.0,54.0,0,7.71,0.0,inf,8,19.05,1,3
462,12,9,2,2,42,7.0,66.0,3,9.43,22.0,14.0,16,38.1,4,6
462,12,10,2,2,49,8.0,68.0,4,8.5,17.0,12.0,21,42.86,6,4
462,12,13,2,2,30,5.0,36.0,0,7.2,0.0,inf,6,20.0,2,1
462,12,15,2,2,48,8.0,57.0,5,7.12,11.4,9.6,16,33.33,5,1
462,12,17,2,2,30,5.0,24.0,6,4.8,4.0,5.0,19,63.33,2,1
466,12,5,1,1,25,4.0,52.0,1,13.0,52.0,24.0,8,32.0,7,2
466,12,11,1,1,26,4.0,33.0,2,8.25,16.5,12.0,8,30.77,4,0
466,12,15,1,1,25,4.0,21.0,0,5.25,0.0,inf,9,36.0,1,0
466,12,17,1,1,26,4.0,46.0,0,11.5,0.0,inf,7,26.92,5,2
472,12,6,2,2,42,7.0,44.0,0,6.29,0.0,inf,17,40.48,2,2
472,12,10,2,2,49,8.0,69.0,2,8.62,34.5,24.0,12,24.49,3,4
472,12,11,1,1,24,4.0,33.0,0,8.25,0.0,inf,5,20.83,4,0
472,12,13,1,1,26,4.0,32.0,0,8.0,0.0,inf,6,23.08,2,1
472,12,15,1,1,12,2.0,18.0,0,9.0,0.0,inf,2,16.67,1,1
472,12,17,2,2,49,8.0,90.0,2,11.25,45.0,24.0,12,24.49,7,5
483,12,10,1,1,25,4.0,36.0,0,9.0,0.0,inf,7,28.0,4,1
483,12,11,2,2,45,7.0,55.0,2,7.86,27.5,21.0,18,40.0,2,3
483,12,15,2,2,53,8.0,100.0,1,12.5,100.0,48.0,11,20.75,7,5
485,12,15,1,1,17,2.0,33.0,1,16.5,33.0,17.0,4,23.53,1,3
493,12,5,2,2,49,8.0,61.0,4,7.62,15.25,12.0,20,40.82,5,3
493,12,6,2,2,48,8.0,36.0,3,4.5,12.0,16.0,21,43.75,3,0
493,12,9,2,2,43,7.0,42.0,0,6.0,0.0,inf,23,53.49,1,4
493,12,10,1,1,24,4.0,31.0,0,7.75,0.0,inf,8,33.33,1,2
493,12,13,2,2,49,8.0,32.0,3,4.0,10.67,16.0,27,55.1,1,1
493,12,15,1,1,26,4.0,42.0,0,10.5,0.0,inf,9,34.62,4,2
493,12,17,1,1,25,4.0,47.0,1,11.75,47.0,24.0,5,20.0,6,2
494,12,10,2,2,45,7.0,75.0,1,10.71,75.0,42.0,12,26.67,10,2
494,12,13,1,1,26,4.0,42.0,1,10.5,42.0,24.0,10,38.46,3,3
494,12,15,1,1,24,4.0,34.0,0,8.5,0.0,inf,3,12.5,3,0
494,12,17,1,1,12,2.0,32.0,0,16.0,0.0,inf,3,25.0,4,2
498,12,5,1,1,19,3.0,27.0,0,9.0,0.0,inf,2,10.53,3,0
498,12,15,2,2,12,2.0,28.0,0,14.0,0.0,inf,0,0.0,0,3
508,12,5,1,1,18,3.0,39.0,0,13.0,0.0,inf,3,16.67,4,2
508,12,6,1,1,13,2.0,13.0,0,6.5,0.0,inf,3,23.08,1,0
508,12,9,1,1,6,1.0,22.0,0,22.0,0.0,inf,1,16.67,4,1
508,12,10,1,1,24,4.0,16.0,0,4.0,0.0,inf,9,37.5,0,0
508,12,13,1,1,25,4.0,32.0,1,8.0,32.0,24.0,8,32.0,2,2
508,12,15,1,1,12,2.0,25.0,0,12.5,0.0,inf,1,8.33,3,1
508,12,17,1,1,24,4.0,19.0,0,4.75,0.0,inf,9,37.5,1,0
514,12,6,1,1,26,4.0,24.0,0,6.0,0.0,inf,12,46.15,2,0
514,12,9,1,1,27,4.0,19.0,0,4.75,0.0,inf,12,44.44,0,1
514,12,10,1,1,24,4.0,40.0,3,10.0,13.33,8.0,10,41.67,5,2
514,12,13,1,1,25,4.0,35.0,0,8.75,0.0,inf,8,32.0,2,2
514,12,17,1,1,12,2.0,24.0,0,12.0,0.0,inf,2,16.67,3,1
527,12,5,2,2,43,7.0,57.0,2,8.14,28.5,21.0,16,37.21,6,2
527,12,6,2,2,37,6.0,57.0,1,9.5,57.0,36.0,8,21.62,8,0
527,12,11,1,1,25,4.0,25.0,2,6.25,12.5,12.0,9,36.0,1,1
527,12,13,1,1,24,4.0,41.0,1,10.25,41.0,24.0,7,29.17,3,2
527,12,15,1,1,13,2.0,16.0,0,8.0,0.0,inf,2,15.38,1,0
527,12,17,1,1,27,4.0,42.0,1,10.5,42.0,24.0,8,29.63,4,2
545,12,5,2,2,50,8.0,63.0,2,7.88,31.5,24.0,23,46.0,7,2
545,12,6,2,2,48,8.0,39.0,1,4.88,39.0,48.0,25,52.08,5,0
545,12,9,2,2,49,8.0,72.0,2,9.0,36.0,24.0,22,44.9,8,4
545,12,10,3,3,77,12.0,102.0,6,8.5,17.0,12.0,32,41.56,9,4
545,12,11,2,2,51,8.0,77.0,0,9.62,0.0,inf,20,39.22,12,1
545,12,13,2,2,49,8.0,59.0,0,7.38,0.0,inf,23,46.94,3,3
545,12,17,2,2,43,7.0,49.0,2,7.0,24.5,21.0,18,41.86,5,2
546,12,6,4,4,74,12.0,79.0,4,6.58,19.75,18.0,38,51.35,7,4
546,12,9,2,2,43,7.0,41.0,0,5.86,0.0,inf,16,37.21,3,1
546,12,10,2,2,24,4.0,28.0,1,7.0,28.0,24.0,9,37.5,4,0
546,12,11,2,2,37,6.0,58.0,3,9.67,19.33,12.0,9,24.32,6,2
546,12,13,2,2,37,6.0,60.0,2,10.0,30.0,18.0,4,10.81,2,3
546,12,15,2,2,37,6.0,31.0,2,5.17,15.5,18.0,10,27.03,1,0
546,12,17,2,2,30,5.0,38.0,0,7.6,0.0,inf,6,20.0,1,2
557,12,5,2,2,44,7.0,74.0,0,10.57,0.0,inf,17,38.64,8,4
557,12,6,2,2,51,8.0,48.0,1,6.0,48.0,48.0,29,56.86,4,2
557,12,9,2,2,50,8.0,65.0,3,8.12,21.67,16.0,24,48.0,7,3
557,12,10,2,2,50,8.0,68.0,3,8.5,22.67,16.0,22,44.0,8,3
557,12,11,2,2,31,5.0,47.0,0,9.4,0.0,inf,12,38.71,8,1
557,12,13,2,2,49,8.0,56.0,2,7.0,28.0,24.0,23,46.94,9,0
557,12,15,1,1,24,4.0,39.0,2,9.75,19.5,12.0,8,33.33,5,1
559,12,6,1,1,24,4.0,29.0,2,7.25,14.5,12.0,7,29.17,2,1
559,12,9,1,1,24,4.0,40.0,2,10.0,20.0,12.0,11,45.83,5,2
564,12,5,2,2,38,6.0,51.0,2,8.5,25.5,18.0,17,44.74,8,1
564,12,6,2,2,44,7.0,60.0,2,8.57,30.0,21.0,19,43.18,5,4
564,12,10,1,1,24,4.0,39.0,1,9.75,39.0,24.0,8,33.33,6,1
564,12,11,2,2,30,5.0,50.0,0,10.0,0.0,inf,10,33.33,5,2
564,12,13,2,2,53,8.0,78.0,3,9.75,26.0,16.0,18,33.96,7,4
564,12,15,2,2,49,8.0,93.0,0,11.62,0.0,inf,15,30.61,8,6
610,12,5,1,1,25,4.0,34.0,2,8.5,17.0,12.0,10,40.0,1,3
610,12,9,1,1,24,4.0,35.0,1,8.75,35.0,24.0,6,25.0,2,2
610,12,10,1,1,25,4.0,35.0,2,8.75,17.5,12.0,9,36.0,1,3
610,12,11,2,2,52,8.0,80.0,0,10.0,0.0,inf,14,26.92,6,4
610,12,13,1,1,24,4.0,42.0,1,10.5,42.0,24.0,5,20.83,4,2
610,12,17,1,1,19,3.0,16.0,0,5.33,0.0,inf,11,57.89,1,1
611,12,5,1,1,24,4.0,25.0,2,6.25,12.5,12.0,10,41.67,4,0
611,12,6,2,2,43,7.0,56.0,0,8.0,0.0,inf,11,25.58,4,2
611,12,9,1,1,12,2.0,24.0,0,12.0,0.0,inf,0,0.0,2,1
611,12,10,2,2,33,5.0,39.0,0,7.8,0.0,inf,8,24.24,4,0
611,12,11,1,1,25,4.0,24.0,1,6.0,24.0,24.0,6,24.0,1,0
611,12,15,1,1,26,4.0,32.0,1,8.0,32.0,24.0,5,19.23,1,1
611,12,17,2,2,48,8.0,55.0,1,6.88,55.0,48.0,17,35.42,4,2
625,12,5,2,2,51,8.0,74.0,2,9.25,37.0,24.0,19,37.25,3,6
625,12,9,1,1,25,4.0,18.0,2,4.5,9.0,12.0,13,52.0,2,0
625,12,10,2,2,18,3.0,32.0,0,10.67,0.0,inf,6,33.33,7,0
625,12,11,2,2,50,8.0,86.0,4,10.75,21.5,12.0,12,24.0,9,3
625,12,15,1,1,21,3.0,31.0,0,10.33,0.0,inf,4,19.05,4,0
625,12,17,1,1,25,4.0,40.0,0,10.0,0.0,inf,7,28.0,4,2
635,12,5,1,1,18,3.0,22.0,1,7.33,22.0,18.0,8,44.44,4,0
635,12,6,2,2,50,8.0,53.0,0,6.62,0.0,inf,23,46.0,7,0
635,12,10,2,3,49,8.0,68.0,2,8.5,34.0,24.0,18,36.73,8,2
635,12,11,2,2,48,8.0,78.0,2,9.75,39.0,22.0,14,29.17,9,3
635,12,13,1,1,25,4.0,42.0,0,10.5,0.0,inf,10,40.0,6,1
635,12,15,1,1,27,4.0,31.0,0,7.75,0.0,inf,7,25.93,2,1
635,12,17,2,2,43,7.0,93.0,0,13.29,0.0,inf,9,20.93,14,3
638,12,10,1,1,24,4.0,29.0,1,7.25,29.0,24.0,6,25.0,3,0
638,12,13,1,1,12,2.0,21.0,0,10.5,0.0,inf,6,50.0,0,3
638,12,15,1,1,18,3.0,24.0,3,8.0,8.0,6.0,8,44.44,1,2
644,12,6,1,1,19,3.0,20.0,0,6.67,0.0,inf,6,31.58,1,1
644,12,9,2,2,36,6.0,60.0,1,10.0,60.0,34.0,15,41.67,1,6
644,12,10,1,1,18,3.0,24.0,0,8.0,0.0,inf,3,16.67,1,1
644,12,11,1,1,18,3.0,28.0,0,9.33,0.0,inf,3,16.67,4,0
644,12,13,1,1,12,2.0,13.0,1,6.5,13.0,12.0,3,25.0,1,0
647,12,9,1,1,25,4.0,32.0,1,8.0,32.0,24.0,6,24.0,3,1
647,12,10,1,1,6,1.0,13.0,0,13.0,0.0,inf,2,33.33,3,0
647,12,15,1,1,25,4.0,28.0,2,7.0,14.0,12.0,7,28.0,2,0
647,12,17,1,1,7,1.0,6.0,2,6.0,3.0,3.0,2,28.57,1,0
654,12,5,1,1,6,1.0,8.0,0,8.0,0.0,inf,1,16.67,1,0
656,12,5,2,2,42,7.0,59.0,2,8.43,29.5,21.0,9,21.43,3,3
656,12,6,3,3,66,11.0,79.0,2,7.18,39.5,33.0,31,46.97,7,4
656,12,9,1,1,24,4.0,30.0,0,7.5,0.0,inf,10,41.67,2,2
656,12,11,2,2,48,8.0,55.0,1,6.88,55.0,48.0,17,35.42,5,1
656,12,13,1,1,18,3.0,22.0,2,7.33,11.0,9.0,5,27.78,1,1
656,12,15,3,3,61,10.0,71.0,1,7.1,71.0,60.0,21,34.43,5,3
656,12,17,2,2,48,8.0,48.0,2,6.0,24.0,24.0,16,33.33,0,3
658,12,5,2,2,39,6.0,58.0,1,9.67,58.0,36.0,12,30.77,5,3
658,12,6,2,2,40,6.0,69.0,0,11.5,0.0,inf,10,25.0,6,3
658,12,9,1,1,25,4.0,46.0,2,11.5,23.0,12.0,3,12.0,4,1
658,12,11,1,1,20,3.0,15.0,0,5.0,0.0,inf,8,40.0,1,0
658,12,15,2,2,56,9.0,49.0,6,5.44,8.17,8.0,19,33.93,2,1
675,12,10,1,1,27,4.0,42.0,0,10.5,0.0,inf,8,29.63,3,2
679,12,5,1,1,8,1.0,12.0,1,12.0,12.0,8.0,4,50.0,1,1
679,12,6,1,1,12,2.0,20.0,0,10.0,0.0,inf,3,25.0,2,1
679,12,15,1,1,19,3.0,10.0,1,3.33,10.0,18.0,12,63.16,1,0
685,12,5,2,2,53,8.0,61.0,4,7.62,15.25,12.0,16,30.19,6,1
685,12,6,1,1,22,3.0,26.0,1,8.67,26.0,22.0,10,45.45,3,1
685,12,9,2,3,55,9.0,90.0,4,10.0,22.5,13.5,18,32.73,11,3
685,12,11,1,1,25,4.0,37.0,2,9.25,18.5,12.0,8,32.0,4,1
685,12,13,2,2,48,8.0,55.0,4,6.88,13.75,12.0,22,45.83,6,2
685,12,15,2,2,45,7.0,54.0,5,7.71,10.8,8.8,18,40.0,6,1
685,12,17,2,2,50,8.0,52.0,6,6.5,8.67,8.0,17,34.0,4,1
697,12,6,1,1,5,0.0,3.0,0,inf,0.0,inf,2,40.0,0,0
697,12,10,1,1,6,1.0,5.0,0,5.0,0.0,inf,1,16.67,0,0
711,12,9,1,1,12,2.0,27.0,0,13.5,0.0,inf,4,33.33,4,1
711,12,15,1,1,13,2.0,24.0,0,12.0,0.0,inf,3,23.08,3,1
717,12,5,1,1,6,1.0,13.0,0,13.0,0.0,inf,3,50.0,0,2
719,12,6,1,1,14,2.0,19.0,0,9.5,0.0,inf,0,0.0,0,1
719,12,11,2,2,13,2.0,18.0,0,9.0,0.0,inf,4,30.77,3,0
719,12,13,1,1,6,1.0,5.0,0,5.0,0.0,inf,1,16.67,0,0
719,12,15,1,1,7,1.0,11.0,0,11.0,0.0,inf,1,14.29,1,0
719,12,17,1,1,6,1.0,6.0,1,6.0,6.0,6.0,1,16.67,0,0
726,12,13,1,1,6,1.0,9.0,0,9.0,0.0,inf,0,0.0,1,0
733,12,10,1,1,6,1.0,10.0,1,10.0,10.0,6.0,1,16.67,0,1
733,12,13,1,1,7,1.0,11.0,0,11.0,0.0,inf,0,0.0,1,0
734,12,11,1,1,12,2.0,24.0,0,12.0,0.0,inf,4,33.33,2,2
734,12,13,1,1,7,1.0,12.0,0,12.0,0.0,inf,1,14.29,2,0
734,12,17,1,1,18,3.0,23.0,1,7.67,23.0,18.0,6,33.33,2,1
743,12,6,1,1,24,4.0,27.0,0,6.75,0.0,inf,7,29.17,1,1
743,12,9,1,1,23,3.0,42.0,1,14.0,42.0,22.0,10,43.48,1,5
743,12,11,1,1,19,3.0,26.0,1,8.67,26.0,19.0,5,26.32,3,0
757,12,5,1,1,18,3.0,19.0,1,6.33,19.0,18.0,8,44.44,2,0
757,12,10,2,2,12,2.0,9.0,0,4.5,0.0,inf,3,25.0,0,0
757,12,15,1,1,7,1.0,10.0,0,10.0,0.0,inf,1,14.29,1,0
757,12,17,1,1,6,1.0,6.0,0,6.0,0.0,inf,1,16.67,0,0
767,12,6,1,1,12,2.0,11.0,1,5.5,11.0,12.0,5,41.67,1,0
767,12,10,1,1,12,2.0,17.0,0,8.5,0.0,inf,2,16.67,2,0
767,12,11,1,1,6,1.0,13.0,0,13.0,0.0,inf,1,16.67,1,1
767,12,17,2,2,22,3.0,29.0,0,9.67,0.0,inf,6,27.27,4,0
6,13,5,2,2,30,5.0,57.0,2,11.4,28.5,15.0,6,20.0,2,5
6,13,9,1,1,18,3.0,20.0,1,6.67,20.0,18.0,6,33.33,2,0
6,13,10,2,2,36,6.0,79.0,0,13.17,0.0,inf,4,11.11,6,5
6,13,11,2,2,35,5.0,51.0,0,10.2,0.0,inf,8,22.86,1,4
6,13,13,2,2,42,7.0,47.0,2,6.71,23.5,21.0,12,28.57,1,1
6,13,15,2,2,30,5.0,37.0,1,7.4,37.0,30.0,10,33.33,3,1
6,13,17,2,2,30,5.0,27.0,0,5.4,0.0,inf,10,33.33,0,1
18,13,6,1,1,25,4.0,42.0,0,10.5,0.0,inf,7,28.0,6,1
32,13,10,1,1,27,4.0,50.0,1,12.5,50.0,24.0,5,18.52,4,3
38,13,5,1,1,20,3.0,28.0,2,9.33,14.0,9.5,9,45.0,5,0
38,13,6,1,1,12,2.0,29.0,0,14.5,0.0,inf,3,25.0,3,2
38,13,9,2,2,42,7.0,32.0,4,4.57,8.0,10.5,24,57.14,3,1
38,13,10,2,2,46,7.0,63.0,3,9.0,21.0,14.0,19,41.3,8,2
38,13,13,1,1,19,3.0,44.0,0,14.67,0.0,inf,2,10.53,2,4
38,13,15,2,2,33,5.0,40.0,2,8.0,20.0,15.0,15,45.45,4,2
52,13,6,1,1,25,4.0,41.0,0,10.25,0.0,inf,6,24.0,5,1
58,13,6,1,1,26,4.0,44.0,0,11.0,0.0,inf,3,11.54,2,3
58,13,9,1,1,12,2.0,14.0,1,7.0,14.0,12.0,5,41.67,1,1
58,13,10,1,1,18,3.0,32.0,2,10.67,16.0,9.0,5,27.78,2,2
58,13,13,1,1,20,3.0,30.0,0,10.0,0.0,inf,5,25.0,2,1
58,13,15,1,1,25,4.0,31.0,1,7.75,31.0,24.0,5,20.0,1,1
58,13,17,2,2,43,7.0,77.0,0,11.0,0.0,inf,11,25.58,4,5
60,13,6,1,1,7,1.0,16.0,0,16.0,0.0,inf,0,0.0,3,0
60,13,13,1,1,6,1.0,7.0,0,7.0,0.0,inf,0,0.0,0,0
63,13,5,1,1,24,4.0,24.0,0,6.0,0.0,inf,9,37.5,3,0
63,13,9,1,1,12,2.0,21.0,1,10.5,21.0,12.0,4,33.33,1,2
63,13,10,1,1,24,4.0,31.0,1,7.75,31.0,24.0,5,20.83,2,1
63,13,11,1,1,18,3.0,29.0,0,9.67,0.0,inf,4,22.22,0,3
63,13,15,1,1,12,2.0,26.0,0,13.0,0.0,inf,2,16.67,1,2
63,13,17,2,2,36,6.0,38.0,1,6.33,38.0,36.0,11,30.56,2,1
71,13,6,2,2,50,8.0,79.0,2,9.88,39.5,23.5,17,34.0,7,4
71,13,9,1,1,18,3.0,28.0,1,9.33,28.0,18.0,9,50.0,5,1
71,13,10,1,1,25,4.0,43.0,1,10.75,43.0,24.0,9,36.0,2,3
71,13,11,1,1,23,3.0,37.0,2,12.33,18.5,11.5,9,39.13,1,3
71,13,13,2,2,42,7.0,55.0,2,7.86,27.5,21.0,15,35.71,7,0
78,13,6,1,1,18,3.0,27.0,0,9.0,0.0,inf,2,11.11,2,1
78,13,9,1,1,18,3.0,40.0,0,13.33,0.0,inf,4,22.22,2,4
78,13,10,1,1,14,2.0,24.0,0,12.0,0.0,inf,2,14.29,3,0
78,13,13,1,1,27,4.0,32.0,2,8.0,16.0,12.0,5,18.52,2,1
78,13,15,2,2,19,3.0,31.0,0,10.33,0.0,inf,6,31.58,1,3
86,13,9,1,1,12,2.0,22.0,0,11.0,0.0,inf,3,25.0,5,0
86,13,10,1,1,13,2.0,25.0,0,12.5,0.0,inf,4,30.77,3,1
86,13,13,1,1,29,4.0,47.0,0,11.75,0.0,inf,12,41.38,2,4
106,13,5,1,1,24,4.0,28.0,1,7.0,28.0,24.0,8,33.33,4,0
106,13,9,2,2,42,7.0,47.0,2,6.71,23.5,21.0,16,38.1,6,0
106,13,10,2,2,50,8.0,62.0,2,7.75,31.0,24.0,19,38.0,8,1
106,13,11,2,2,31,5.0,39.0,3,7.8,13.0,10.0,10,32.26,3,1
106,13,13,2,2,30,5.0,46.0,0,9.2,0.0,inf,6,20.0,5,1
106,13,15,2,2,38,6.0,55.0,1,9.17,55.0,36.0,16,42.11,8,1
106,13,17,2,2,50,8.0,67.0,4,8.38,16.75,10.5,12,24.0,2,4
116,13,5,2,2,24,4.0,32.0,1,8.0,32.0,24.0,9,37.5,2,2
116,13,6,1,1,12,2.0,18.0,1,9.0,18.0,12.0,5,41.67,2,1
116,13,10,1,1,24,4.0,29.0,2,7.25,14.5,12.0,11,45.83,2,2
116,13,15,2,2,26,4.0,45.0,1,11.25,45.0,24.0,4,15.38,8,0
116,13,17,1,1,28,4.0,51.0,1,12.75,51.0,24.0,7,25.0,3,3
136,13,5,1,1,21,3.0,34.0,0,11.33,0.0,inf,8,38.1,5,1
137,13,5,4,4,96,16.0,110.0,4,6.88,27.5,24.0,34,35.42,8,4
137,13,6,1,1,18,3.0,30.0,0,10.0,0.0,inf,5,27.78,3,1
137,13,9,2,2,31,5.0,71.0,0,14.2,0.0,inf,3,9.68,5,5
137,13,11,2,2,49,8.0,39.0,3,4.88,13.0,16.0,19,38.78,3,0
137,13,13,2,2,31,5.0,29.0,3,5.8,9.67,10.0,12,38.71,2,0
137,13,15,2,2,38,6.0,68.0,1,11.33,68.0,36.0,7,18.42,6,3
137,13,17,2,2,49,8.0,44.0,2,5.5,22.0,24.0,19,38.78,2,1
148,13,5,2,3,56,9.0,71.0,3,7.89,23.67,18.0,22,39.29,10,0
148,13,6,2,2,49,8.0,64.0,0,8.0,0.0,inf,18,36.73,5,1
148,13,9,2,2,48,8.0,65.0,4,8.12,16.25,12.0,21,43.75,8,3
148,13,10,2,3,55,9.0,46.0,5,5.11,9.2,10.0,27,49.09,5,0
148,13,11,2,2,43,7.0,89.0,3,12.71,29.67,14.0,13,30.23,10,5
148,13,15,2,2,49,8.0,74.0,2,9.25,37.0,24.0,19,38.78,9,2
148,13,17,2,2,42,7.0,59.0,3,8.43,19.67,14.0,14,33.33,4,4
158,13,5,1,1,25,4.0,36.0,1,9.0,36.0,24.0,10,40.0,3,2
158,13,6,2,2,47,7.0,55.0,4,7.86,13.75,11.5,24,51.06,6,2
158,13,9,2,2,49,8.0,33.0,2,4.12,16.5,24.0,24,48.98,2,0
158,13,10,1,1,12,2.0,19.0,0,9.5,0.0,inf,3,25.0,3,0
158,13,11,1,1,28,4.0,26.0,4,6.5,6.5,6.0,12,42.86,1,1
158,13,13,1,1,27,4.0,22.0,0,5.5,0.0,inf,12,44.44,0,1
158,13,15,1,1,16,2.0,19.0,0,9.5,0.0,inf,4,25.0,2,0
162,13,6,2,2,48,8.0,58.0,3,7.25,19.33,16.0,14,29.17,3,3
162,13,9,2,2,48,8.0,44.0,4,5.5,11.0,12.0,23,47.92,3,1
162,13,10,3,3,60,10.0,86.0,1,8.6,86.0,60.0,14,23.33,6,3
162,13,11,2,2,38,6.0,60.0,1,10.0,60.0,36.0,9,23.68,2,5
162,13,13,2,2,49,8.0,59.0,4,7.38,14.75,12.0,17,34.69,2,3
162,13,15,2,2,30,5.0,52.0,0,10.4,0.0,inf,8,26.67,4,3
162,13,17,2,2,50,8.0,74.0,2,9.25,37.0,24.0,15,30.0,10,1
169,13,5,2,2,48,8.0,67.0,0,8.38,0.0,inf,17,35.42,4,5
169,13,6,2,2,50,8.0,84.0,4,10.5,21.0,12.0,13,26.0,9,4
169,13,9,2,2,44,7.0,67.0,3,9.57,22.33,14.0,13,29.55,7,3
169,13,10,3,3,76,12.0,83.0,3,6.92,27.67,24.0,22,28.95,5,2
169,13,11,2,2,49,8.0,78.0,0,9.75,0.0,inf,13,26.53,6,4
169,13,13,2,2,50,8.0,47.0,2,5.88,23.5,23.5,19,38.0,3,1
169,13,17,3,3,72,12.0,78.0,4,6.5,19.5,18.0,26,36.11,10,0
178,13,13,1,1,25,4.0,45.0,1,11.25,45.0,24.0,7,28.0,1,4
179,13,5,2,2,48,8.0,85.0,3,10.62,28.33,16.0,10,20.83,4,6
179,13,6,2,2,49,8.0,56.0,2,7.0,28.0,24.0,12,24.49,4,1
179,13,9,2,2,48,8.0,27.0,3,3.38,9.0,16.0,24,50.0,1,0
179,13,10,2,2,42,7.0,58.0,0,8.29,0.0,inf,8,19.05,5,1
179,13,11,2,2,51,8.0,58.0,5,7.25,11.6,9.6,17,33.33,3,3
179,13,13,2,2,43,7.0,60.0,2,8.57,30.0,21.0,16,37.21,4,3
179,13,15,3,3,67,11.0,61.0,6,5.55,10.17,11.17,25,37.31,2,2
180,13,10,2,2,42,7.0,43.0,1,6.14,43.0,42.0,13,30.95,1,1
200,13,10,1,1,25,4.0,26.0,2,6.5,13.0,12.0,5,20.0,0,1
200,13,11,1,1,12,2.0,18.0,0,9.0,0.0,inf,3,25.0,1,1
213,13,9,1,1,18,3.0,30.0,1,10.0,30.0,18.0,5,27.78,4,1
213,13,17,1,1,24,4.0,23.0,1,5.75,23.0,24.0,7,29.17,2,0
217,13,5,2,2,49,8.0,66.0,2,8.25,33.0,24.0,18,36.73,8,1
217,13,9,2,2,44,7.0,78.0,0,11.14,0.0,inf,9,20.45,11,2
217,13,10,2,2,49,8.0,56.0,2,7.0,28.0,24.0,13,26.53,5,0
217,13,11,2,2,48,8.0,49.0,3,6.12,16.33,16.0,23,47.92,5,1
217,13,13,2,2,36,6.0,47.0,0,7.83,0.0,inf,13,36.11,6,1
217,13,15,2,2,52,8.0,59.0,2,7.38,29.5,24.0,19,36.54,7,0
217,13,17,2,2,43,7.0,41.0,3,5.86,13.67,14.0,18,41.86,3,1
224,13,5,2,2,19,3.0,28.0,0,9.33,0.0,inf,3,15.79,4,0
224,13,9,1,1,28,4.0,34.0,2,8.5,17.0,12.0,7,25.0,2,1
224,13,11,1,1,25,4.0,29.0,1,7.25,29.0,24.0,8,32.0,0,2
224,13,17,1,1,26,4.0,43.0,0,10.75,0.0,inf,4,15.38,4,1
234,13,6,1,1,24,4.0,23.0,0,5.75,0.0,inf,6,25.0,1,0
234,13,9,1,1,13,2.0,14.0,1,7.0,14.0,12.0,5,38.46,0,1
234,13,15,1,1,24,4.0,35.0,2,8.75,17.5,12.0,6,25.0,3,1
235,13,5,1,1,18,3.0,22.0,0,7.33,0.0,inf,5,27.78,0,2
235,13,13,1,1,24,4.0,24.0,1,6.0,24.0,24.0,6,25.0,0,1
235,13,17,1,1,24,4.0,30.0,0,7.5,0.0,inf,7,29.17,3,0
237,13,5,1,1,19,3.0,33.0,0,11.0,0.0,inf,4,21.05,4,1
237,13,6,1,1,25,4.0,54.0,1,13.5,54.0,24.0,5,20.0,1,6
237,13,9,1,1,28,4.0,37.0,1,9.25,37.0,24.0,7,25.0,2,1
237,13,13,1,1,25,4.0,44.0,1,11.0,44.0,24.0,4,16.0,4,2
237,13,17,1,1,19,3.0,40.0,0,13.33,0.0,inf,3,15.79,7,0
243,13,5,1,1,24,4.0,53.0,1,13.25,53.0,24.0,3,12.5,1,5
243,13,11,1,1,18,3.0,27.0,0,9.0,0.0,inf,3,16.67,2,1
243,13,15,1,1,25,4.0,12.0,1,3.0,12.0,24.0,14,56.0,0,0
247,13,5,2,2,36,6.0,58.0,0,9.67,0.0,inf,9,25.0,5,3
247,13,15,1,1,12,2.0,14.0,0,7.0,0.0,inf,3,25.0,0,1
249,13,6,1,1,27,4.0,25.0,1,6.25,25.0,24.0,14,51.85,1,1
249,13,9,1,1,27,4.0,51.0,1,12.75,51.0,24.0,8,29.63,5,3
249,13,10,3,3,62,10.0,70.0,3,7.0,23.33,20.0,26,41.94,5,3
249,13,13,1,1,24,4.0,33.0,0,8.25,0.0,inf,9,37.5,3,1
249,13,15,1,1,25,4.0,27.0,0,6.75,0.0,inf,12,48.0,3,1
251,13,5,1,1,25,4.0,21.0,1,5.25,21.0,24.0,11,44.0,0,1
251,13,10,1,1,24,4.0,33.0,2,8.25,16.5,12.0,8,33.33,5,0
251,13,11,2,2,43,7.0,87.0,1,12.43,87.0,42.0,9,20.93,5,7
251,13,13,1,1,12,2.0,22.0,1,11.0,22.0,12.0,2,16.67,0,2
251,13,15,2,2,24,4.0,28.0,1,7.0,28.0,24.0,7,29.17,3,0
255,13,5,1,1,24,4.0,22.0,1,5.5,22.0,24.0,8,33.33,2,0
255,13,6,2,2,48,8.0,54.0,1,6.75,54.0,48.0,13,27.08,4,1
255,13,10,2,2,37,6.0,63.0,0,10.5,0.0,inf,5,13.51,0,5
255,13,11,2,2,49,8.0,77.0,1,9.62,77.0,48.0,16,32.65,4,6
255,13,13,2,2,48,8.0,55.0,2,6.88,27.5,24.0,16,33.33,3,2
255,13,15,1,1,24,4.0,31.0,0,7.75,0.0,inf,4,16.67,1,1
259,13,15,1,1,20,3.0,22.0,0,7.33,0.0,inf,6,30.0,2,0
263,13,6,2,2,50,8.0,68.0,3,8.5,22.67,16.0,22,44.0,8,2
263,13,9,2,2,50,8.0,54.0,3,6.75,18.0,16.0,25,50.0,2,4
263,13,10,4,4,98,16.0,85.0,7,5.31,12.14,13.71,46,46.94,8,0
263,13,11,2,2,49,8.0,58.0,4,7.25,14.5,12.0,19,38.78,7,1
263,13,13,2,3,55,9.0,47.0,7,5.22,6.71,7.71,26,47.27,3,1
263,13,15,1,1,26,4.0,41.0,2,10.25,20.5,12.0,7,26.92,4,2
263,13,17,2,3,56,9.0,67.0,3,7.44,22.33,18.0,23,41.07,7,3
264,13,5,1,1,6,1.0,9.0,0,9.0,0.0,inf,1,16.67,0,1
292,13,6,2,2,45,7.0,41.0,5,5.86,8.2,8.8,29,64.44,8,0
292,13,9,2,2,49,8.0,62.0,3,7.75,20.67,16.0,23,46.94,10,1
292,13,10,4,4,86,14.0,96.0,9,6.86,10.67,9.33,46,53.49,16,1
292,13,11,2,2,48,8.0,66.0,2,8.25,33.0,24.0,19,39.58,9,1
292,13,13,2,3,53,8.0,105.0,1,13.12,105.0,52.0,11,20.75,13,4
292,13,15,1,1,24,4.0,28.0,2,7.0,14.0,12.0,11,45.83,3,1
292,13,17,2,2,49,8.0,74.0,3,9.25,24.67,16.0,17,34.69,8,3
297,13,17,1,1,4,0.0,6.0,0,inf,0.0,inf,1,25.0,1,0
308,13,9,1,1,24,4.0,46.0,1,11.5,46.0,24.0,5,20.83,6,1
312,13,5,1,1,24,4.0,23.0,1,5.75,23.0,24.0,10,41.67,0,1
312,13,6,2,2,48,8.0,48.0,3,6.0,16.0,16.0,20,41.67,4,1
312,13,10,2,2,49,8.0,69.0,6,8.62,11.5,8.0,15,30.61,6,3
312,13,11,2,2,48,8.0,45.0,4,5.62,11.25,12.0,16,33.33,1,1
312,13,13,2,2,48,8.0,61.0,1,7.62,61.0,48.0,15,31.25,5,2
312,13,15,2,2,48,8.0,57.0,2,7.12,28.5,24.0,16,33.33,5,1
312,13,17,2,2,48,8.0,53.0,0,6.62,0.0,inf,18,37.5,6,0
319,13,5,1,1,19,3.0,35.0,2,11.67,17.5,9.0,7,36.84,3,3
319,13,9,2,2,39,6.0,43.0,1,7.17,43.0,36.0,20,51.28,7,0
319,13,10,1,1,18,3.0,30.0,0,10.0,0.0,inf,4,22.22,3,1
319,13,11,1,1,18,3.0,34.0,0,11.33,0.0,inf,3,16.67,4,1
319,13,15,2,2,51,8.0,56.0,5,7.0,11.2,9.4,18,35.29,2,2
319,13,17,1,1,13,2.0,20.0,1,10.0,20.0,12.0,3,23.08,3,0
327,13,6,1,1,12,2.0,17.0,0,8.5,0.0,inf,3,25.0,1,1
327,13,10,1,1,14,2.0,21.0,1,10.5,21.0,12.0,2,14.29,1,1
327,13,15,1,1,6,1.0,4.0,0,4.0,0.0,inf,3,50.0,0,0
363,13,5,2,2,49,8.0,54.0,2,6.75,27.0,24.0,15,30.61,3,2
363,13,6,2,2,48,8.0,42.0,0,5.25,0.0,inf,25,52.08,1,3
363,13,9,2,3,52,8.0,54.0,2,6.75,27.0,26.0,19,36.54,5,1
363,13,10,3,3,72,12.0,47.0,7,3.92,6.71,10.29,33,45.83,1,1
363,13,11,2,2,48,8.0,45.0,3,5.62,15.0,16.0,17,35.42,3,0
363,13,13,2,2,48,8.0,26.0,5,3.25,5.2,9.6,28,58.33,0,1
363,13,17,3,3,74,12.0,77.0,1,6.42,77.0,72.0,27,36.49,4,2
367,13,5,2,2,37,6.0,49.0,1,8.17,49.0,36.0,13,35.14,1,4
367,13,6,2,2,51,8.0,72.0,0,9.0,0.0,inf,15,29.41,9,2
367,13,9,2,2,48,8.0,45.0,3,5.62,15.0,16.0,18,37.5,1,1
367,13,10,2,2,43,7.0,46.0,1,6.57,46.0,42.0,13,30.23,4,1
367,13,11,2,2,51,8.0,61.0,0,7.62,0.0,inf,22,43.14,3,4
367,13,15,2,2,42,7.0,42.0,4,6.0,10.5,10.5,21,50.0,3,2
367,13,17,2,2,46,7.0,61.0,3,8.71,20.33,14.0,17,36.96,4,3
371,13,5,2,2,48,8.0,75.0,5,9.38,15.0,9.6,23,47.92,5,7
371,13,6,1,1,24,4.0,19.0,2,4.75,9.5,12.0,13,54.17,2,0
371,13,9,1,1,24,4.0,27.0,0,6.75,0.0,inf,6,25.0,1,1
371,13,10,2,2,50,8.0,57.0,3,7.12,19.0,16.0,18,36.0,8,0
371,13,11,2,2,48,8.0,63.0,0,7.88,0.0,inf,15,31.25,6,2
371,13,13,2,2,50,8.0,56.0,2,7.0,28.0,24.0,19,38.0,3,1
371,13,17,3,3,73,12.0,77.0,2,6.42,38.5,36.0,25,34.25,4,2
383,13,15,1,1,20,3.0,26.0,0,8.67,0.0,inf,4,20.0,0,1
392,13,10,1,1,2,0.0,2.0,0,inf,0.0,inf,0,0.0,0,0
394,13,9,1,1,26,4.0,23.0,0,5.75,0.0,inf,4,15.38,0,0
401,13,17,1,1,16,2.0,20.0,0,10.0,0.0,inf,4,25.0,2,0
420,13,9,1,1,6,1.0,14.0,0,14.0,0.0,inf,0,0.0,0,1
420,13,17,1,1,7,1.0,13.0,0,13.0,0.0,inf,3,42.86,1,1
427,13,5,1,1,12,2.0,17.0,0,8.5,0.0,inf,7,58.33,4,0
427,13,10,1,1,25,4.0,28.0,0,7.0,0.0,inf,9,36.0,4,0
427,13,11,1,1,24,4.0,19.0,1,4.75,19.0,24.0,13,54.17,2,0
449,13,9,1,1,26,4.0,37.0,3,9.25,12.33,8.0,8,30.77,3,1
449,13,10,1,1,19,3.0,23.0,1,7.67,23.0,18.0,4,21.05,2,0
449,13,13,1,1,26,4.0,38.0,0,9.5,0.0,inf,7,26.92,3,1
449,13,15,2,2,44,7.0,53.0,2,7.57,26.5,21.0,14,31.82,5,1
449,13,17,1,1,20,3.0,29.0,0,9.67,0.0,inf,2,10.0,2,0
451,13,5,1,1,24,4.0,19.0,2,4.75,9.5,12.0,11,45.83,2,0
451,13,6,1,1,24,4.0,29.0,0,7.25,0.0,inf,7,29.17,2,1
451,13,10,2,2,33,5.0,56.0,1,11.2,56.0,30.0,5,15.15,4,2
451,13,11,1,1,6,1.0,9.0,0,9.0,0.0,inf,0,0.0,1,0
451,13,17,2,2,50,8.0,65.0,2,8.12,32.5,24.0,7,14.0,4,1
462,13,5,2,2,48,8.0,58.0,4,7.25,14.5,12.0,18,37.5,6,2
462,13,6,2,2,48,8.0,52.0,2,6.5,26.0,24.0,18,37.5,5,1
462,13,9,2,2,43,7.0,87.0,1,12.43,87.0,42.0,11,25.58,10,4
462,13,10,2,2,38,6.0,54.0,1,9.0,54.0,36.0,8,21.05,1,4
462,13,13,2,2,31,5.0,54.0,0,10.8,0.0,inf,5,16.13,2,4
462,13,15,2,2,48,8.0,63.0,0,7.88,0.0,inf,15,31.25,4,3
462,13,17,2,2,49,8.0,59.0,2,7.38,29.5,24.0,9,18.37,2,1
466,13,5,2,2,48,8.0,102.0,0,12.75,0.0,inf,11,22.92,8,8
466,13,6,1,1,6,1.0,8.0,0,8.0,0.0,inf,2,33.33,1,0
466,13,9,1,1,28,4.0,39.0,1,9.75,39.0,24.0,7,25.0,3,2
466,13,13,1,1,26,4.0,39.0,1,9.75,39.0,24.0,7,26.92,5,1
466,13,15,1,1,7,1.0,11.0,0,11.0,0.0,inf,4,57.14,1,1
472,13,5,1,1,26,4.0,39.0,0,9.75,0.0,inf,2,7.69,0,3
472,13,11,1,1,18,3.0,20.0,1,6.67,20.0,18.0,7,38.89,1,1
472,13,15,2,2,31,5.0,33.0,0,6.6,0.0,inf,7,22.58,0,1
482,13,5,1,2,26,4.0,43.0,1,10.75,43.0,24.0,7,26.92,2,3
482,13,6,2,2,36,6.0,73.0,1,12.17,73.0,36.0,6,16.67,10,1
482,13,9,2,2,51,8.0,62.0,2,7.75,31.0,24.0,17,33.33,7,1
482,13,10,1,1,28,4.0,56.0,0,14.0,0.0,inf,8,28.57,5,3
482,13,11,1,1,23,3.0,44.0,1,14.67,44.0,21.0,5,21.74,3,3
482,13,15,1,1,26,4.0,17.0,3,4.25,5.67,8.0,12,46.15,1,0
482,13,17,1,1,20,3.0,20.0,1,6.67,20.0,18.0,4,20.0,0,1
483,13,9,1,1,25,4.0,44.0,0,11.0,0.0,inf,6,24.0,3,2
483,13,15,1,1,24,4.0,39.0,0,9.75,0.0,inf,6,25.0,1,3
485,13,9,2,2,48,8.0,60.0,3,7.5,20.0,16.0,14,29.17,0,5
485,13,10,1,1,18,3.0,34.0,0,11.33,0.0,inf,3,16.67,4,1
485,13,15,1,1,27,4.0,37.0,2,9.25,18.5,12.0,5,18.52,3,1
485,13,17,1,1,25,4.0,34.0,0,8.5,0.0,inf,5,20.0,1,2
488,13,5,1,1,12,2.0,27.0,0,13.5,0.0,inf,1,8.33,1,2
488,13,6,1,1,25,4.0,41.0,1,10.25,41.0,24.0,7,28.0,2,2
488,13,13,1,1,6,1.0,28.0,0,28.0,0.0,inf,1,16.67,1,4
491,13,5,1,1,27,4.0,45.0,2,11.25,22.5,12.0,7,25.93,3,3
491,13,6,1,1,24,4.0,30.0,1,7.5,30.0,24.0,5,20.83,2,0
491,13,9,2,2,18,3.0,25.0,1,8.33,25.0,18.0,7,38.89,3,1
491,13,10,2,2,37,6.0,64.0,1,10.67,64.0,36.0,3,8.11,8,1
491,13,11,2,2,45,7.0,84.0,2,12.0,42.0,21.0,12,26.67,9,4
491,13,13,1,1,13,2.0,14.0,0,7.0,0.0,inf,3,23.08,0,1
491,13,15,1,1,18,3.0,20.0,1,6.67,20.0,18.0,8,44.44,1,1
493,13,5,2,2,50,8.0,65.0,3,8.12,21.67,16.0,22,44.0,5,4
493,13,6,2,2,49,8.0,46.0,2,5.75,23.0,24.0,24,48.98,3,2
493,13,9,2,2,48,8.0,37.0,3,4.62,12.33,16.0,28,58.33,2,2
493,13,10,2,2,52,8.0,43.0,6,5.38,7.17,8.0,23,44.23,3,1
493,13,13,2,2,49,8.0,72.0,2,9.0,36.0,24.0,22,44.9,9,3
493,13,15,2,2,50,8.0,46.0,3,5.75,15.33,16.0,30,60.0,4,2
493,13,17,2,2,47,7.0,56.0,1,8.0,56.0,46.0,22,46.81,3,4
494,13,6,1,1,27,4.0,54.0,0,13.5,0.0,inf,4,14.81,6,2
494,13,10,1,1,24,4.0,30.0,1,7.5,30.0,24.0,8,33.33,4,0
494,13,13,1,1,24,4.0,32.0,1,8.0,32.0,23.0,7,29.17,4,1
494,13,15,1,2,27,4.0,17.0,5,4.25,3.4,5.4,14,51.85,0,0
494,13,17,1,1,25,4.0,17.0,1,4.25,17.0,24.0,14,56.0,2,0
508,13,5,1,1,24,4.0,45.0,1,11.25,45.0,24.0,6,25.0,2,4
508,13,10,1,1,24,4.0,39.0,0,9.75,0.0,inf,5,20.83,1,3
516,13,5,2,2,51,8.0,81.0,2,10.12,40.5,24.0,13,25.49,7,4
516,13,6,1,1,25,4.0,35.0,1,8.75,35.0,24.0,10,40.0,7,0
516,13,9,1,1,24,4.0,36.0,2,9.0,18.0,12.0,9,37.5,0,4
516,13,10,2,2,50,8.0,65.0,2,8.12,32.5,24.0,17,34.0,3,4
516,13,13,1,1,25,4.0,47.0,0,11.75,0.0,inf,9,36.0,3,4
516,13,15,2,2,39,6.0,71.0,1,11.83,71.0,37.0,12,30.77,5,5
516,13,17,1,1,27,4.0,32.0,1,8.0,32.0,24.0,8,29.63,3,0
528,13,5,1,1,24,4.0,44.0,0,11.0,0.0,inf,4,16.67,4,2
528,13,13,1,1,26,4.0,30.0,0,7.5,0.0,inf,10,38.46,1,2
528,13,17,1,1,27,4.0,40.0,0,10.0,0.0,inf,8,29.63,4,1
545,13,6,1,1,19,3.0,20.0,1,6.67,20.0,19.0,9,47.37,3,0
545,13,9,1,1,19,3.0,29.0,0,9.67,0.0,inf,7,36.84,3,1
545,13,10,1,1,25,4.0,25.0,2,6.25,12.5,12.0,12,48.0,4,0
545,13,17,1,1,25,4.0,25.0,0,6.25,0.0,inf,11,44.0,3,0
546,13,6,2,2,44,7.0,53.0,1,7.57,53.0,42.0,10,22.73,2,2
546,13,9,2,2,30,5.0,33.0,0,6.6,0.0,inf,12,40.0,3,1
546,13,10,4,4,87,14.0,91.0,3,6.5,30.33,28.0,29,33.33,5,3
546,13,11,2,2,24,4.0,42.0,0,10.5,0.0,inf,6,25.0,4,2
546,13,13,2,2,39,6.0,39.0,1,6.5,39.0,36.0,14,35.9,2,1
546,13,15,2,2,48,8.0,72.0,1,9.0,72.0,43.0,10,20.83,5,2
546,13,17,2,2,43,7.0,50.0,0,7.14,0.0,inf,14,32.56,6,0
557,13,5,1,2,32,5.0,49.0,1,9.8,49.0,30.0,10,31.25,2,4
557,13,6,2,2,45,7.0,37.0,0,5.29,0.0,inf,26,57.78,4,1
557,13,9,2,2,39,6.0,40.0,2,6.67,20.0,18.0,19,48.72,3,2
557,13,10,1,1,19,3.0,48.0,0,16.0,0.0,inf,3,15.79,5,3
557,13,11,2,2,49,8.0,67.0,1,8.38,67.0,48.0,16,32.65,5,3
557,13,13,2,2,50,8.0,58.0,0,7.25,0.0,inf,20,40.0,8,1
557,13,15,3,3,60,10.0,86.0,3,8.6,28.67,19.33,21,35.0,8,3
559,13,5,1,1,27,4.0,43.0,0,10.75,0.0,inf,9,33.33,3,3
559,13,13,1,1,25,4.0,57.0,0,14.25,0.0,inf,5,20.0,5,4
559,13,15,1,1,23,3.0,33.0,1,11.0,33.0,22.0,9,39.13,5,0
564,13,13,1,1,20,3.0,35.0,0,11.67,0.0,inf,6,30.0,5,1
564,13,15,1,1,26,4.0,48.0,0,12.0,0.0,inf,7,26.92,6,2
610,13,5,1,1,26,4.0,64.0,2,16.0,32.0,12.0,6,23.08,9,3
611,13,5,1,1,18,3.0,28.0,0,9.33,0.0,inf,6,33.33,4,1
611,13,6,1,1,24,4.0,17.0,0,4.25,0.0,inf,8,33.33,0,0
611,13,9,1,1,24,4.0,27.0,1,6.75,27.0,24.0,13,54.17,2,2
611,13,10,1,1,25,4.0,33.0,1,8.25,33.0,24.0,5,20.0,2,1
611,13,11,2,2,33,5.0,59.0,2,11.8,29.5,16.5,9,27.27,3,5
611,13,15,1,1,24,4.0,27.0,1,6.75,27.0,24.0,12,50.0,5,0
611,13,17,2,2,43,7.0,44.0,5,6.29,8.8,8.4,15,34.88,4,0
614,13,5,1,1,12,2.0,24.0,0,12.0,0.0,inf,0,0.0,0,2
624,13,6,1,1,5,0.0,5.0,0,inf,0.0,inf,0,0.0,0,0
625,13,5,1,1,14,2.0,26.0,0,13.0,0.0,inf,4,28.57,2,2
625,13,9,1,1,26,4.0,28.0,2,7.0,14.0,12.0,11,42.31,3,1
625,13,10,1,1,24,4.0,39.0,1,9.75,39.0,24.0,5,20.83,3,2
625,13,11,1,1,25,4.0,34.0,0,8.5,0.0,inf,8,32.0,3,1
625,13,13,2,2,49,8.0,66.0,3,8.25,22.0,16.0,16,32.65,8,1
625,13,15,2,2,39,6.0,42.0,2,7.0,21.0,18.0,13,33.33,3,0
625,13,17,1,1,26,4.0,40.0,2,10.0,20.0,12.0,8,30.77,4,1
628,13,6,1,1,25,4.0,27.0,1,6.75,27.0,24.0,10,40.0,3,0
628,13,9,1,1,25,4.0,25.0,2,6.25,12.5,12.0,13,52.0,1,2
628,13,10,1,1,21,3.0,37.0,0,12.33,0.0,inf,6,28.57,7,0
628,13,11,2,2,41,6.0,59.0,4,9.83,14.75,9.75,17,41.46,7,2
628,13,13,1,1,25,4.0,28.0,2,7.0,14.0,12.0,7,28.0,2,0
628,13,15,2,2,43,7.0,58.0,2,8.29,29.0,21.0,11,25.58,7,0
628,13,17,2,2,42,7.0,86.0,0,12.29,0.0,inf,13,30.95,7,6
635,13,5,1,1,12,2.0,30.0,0,15.0,0.0,inf,2,16.67,5,1
635,13,10,1,1,15,2.0,19.0,0,9.5,0.0,inf,4,26.67,1,1
635,13,13,2,2,42,7.0,53.0,3,7.57,17.67,14.0,19,45.24,7,1
635,13,17,2,2,40,6.0,62.0,1,10.33,62.0,39.0,10,25.0,7,1
638,13,5,2,2,49,8.0,32.0,1,4.0,32.0,48.0,23,46.94,1,0
638,13,6,2,2,42,7.0,43.0,2,6.14,21.5,21.0,15,35.71,2,1
638,13,9,2,2,48,8.0,34.0,3,4.25,11.33,16.0,21,43.75,2,0
638,13,10,2,2,48,8.0,44.0,1,5.5,44.0,48.0,16,33.33,2,0
638,13,11,2,2,42,7.0,45.0,0,6.43,0.0,inf,15,35.71,5,0
638,13,13,2,2,36,6.0,51.0,0,8.5,0.0,inf,7,19.44,1,4
638,13,15,3,3,37,6.0,49.0,1,8.17,49.0,36.0,15,40.54,3,3
644,13,5,4,4,40,6.0,63.0,3,10.5,21.0,13.33,9,22.5,5,3
644,13,6,1,1,6,1.0,10.0,0,10.0,0.0,inf,1,16.67,0,1
644,13,9,2,2,51,8.0,87.0,3,10.88,29.0,16.0,13,25.49,10,4
644,13,11,1,1,13,2.0,17.0,2,8.5,8.5,6.0,6,46.15,0,2
644,13,13,2,2,25,4.0,43.0,2,10.75,21.5,12.0,7,28.0,3,3
644,13,15,3,3,49,8.0,63.0,3,7.88,21.0,16.0,10,20.41,5,1
656,13,5,3,3,60,10.0,67.0,1,6.7,67.0,60.0,20,33.33,5,1
656,13,6,2,2,48,8.0,41.0,1,5.12,41.0,48.0,15,31.25,2,0
656,13,9,1,1,6,1.0,7.0,0,7.0,0.0,inf,3,50.0,1,0
656,13,11,2,2,36,6.0,40.0,2,6.67,20.0,18.0,14,38.89,2,2
656,13,13,2,2,48,8.0,41.0,2,5.12,20.5,24.0,19,39.58,2,1
656,13,15,3,3,62,10.0,83.0,1,8.3,83.0,60.0,14,22.58,7,2
656,13,17,2,2,48,8.0,48.0,2,6.0,24.0,24.0,13,27.08,1,1
657,13,6,2,2,36,6.0,55.0,1,9.17,55.0,36.0,12,33.33,3,4
657,13,10,2,2,32,5.0,46.0,1,9.2,46.0,30.0,8,25.0,2,3
657,13,11,2,2,37,6.0,37.0,3,6.17,12.33,12.0,17,45.95,3,1
657,13,13,1,1,18,3.0,40.0,0,13.33,0.0,inf,2,11.11,5,1
657,13,15,1,1,13,2.0,17.0,0,8.5,0.0,inf,1,7.69,1,0
657,13,17,1,1,24,4.0,36.0,0,9.0,0.0,inf,4,16.67,1,2
665,13,6,1,1,6,1.0,4.0,0,4.0,0.0,inf,2,33.33,0,0
665,13,9,1,1,19,3.0,21.0,1,7.0,21.0,18.0,4,21.05,2,0
665,13,10,3,3,40,6.0,59.0,1,9.83,59.0,36.0,10,25.0,4,3
665,13,11,2,2,27,4.0,42.0,1,10.5,42.0,24.0,6,22.22,3,2
665,13,13,1,1,14,2.0,26.0,0,13.0,0.0,inf,3,21.43,1,2
665,13,15,1,1,20,3.0,20.0,0,6.67,0.0,inf,6,30.0,1,0
665,13,17,2,2,12,2.0,18.0,1,9.0,18.0,12.0,2,16.67,2,0
679,13,5,2,2,36,6.0,38.0,0,6.33,0.0,inf,12,33.33,2,1
679,13,6,2,2,49,8.0,55.0,4,6.88,13.75,12.0,18,36.73,0,4
679,13,9,2,2,31,5.0,31.0,4,6.2,7.75,7.5,14,45.16,3,1
679,13,10,2,2,43,7.0,43.0,1,6.14,43.0,42.0,15,34.88,3,1
679,13,13,2,2,24,4.0,41.0,0,10.25,0.0,inf,6,25.0,1,4
679,13,15,2,2,49,8.0,60.0,0,7.5,0.0,inf,14,28.57,2,3
679,13,17,2,2,54,9.0,58.0,1,6.44,58.0,48.0,15,27.78,1,2
685,13,5,4,4,88,14.0,129.0,3,9.21,43.0,28.0,31,35.23,11,7
685,13,6,2,2,50,8.0,59.0,4,7.38,14.75,12.0,22,44.0,6,2
685,13,9,2,2,50,8.0,84.0,3,10.5,28.0,16.0,18,36.0,6,6
685,13,11,2,2,49,8.0,63.0,4,7.88,15.75,11.5,16,32.65,8,1
685,13,13,2,3,53,8.0,57.0,6,7.12,9.5,8.5,20,37.74,6,0
685,13,15,3,3,74,12.0,104.0,6,8.67,17.33,12.0,26,35.14,9,4
685,13,17,2,2,50,8.0,54.0,6,6.75,9.0,8.0,18,36.0,5,1
696,13,5,2,2,45,7.0,56.0,3,8.0,18.67,14.0,18,40.0,5,1
696,13,6,1,1,18,3.0,32.0,1,10.67,32.0,18.0,3,16.67,4,1
696,13,10,1,1,18,3.0,40.0,0,13.33,0.0,inf,2,11.11,6,1
696,13,11,2,2,49,8.0,35.0,4,4.38,8.75,12.0,26,53.06,3,0
696,13,15,2,2,32,5.0,49.0,1,9.8,49.0,30.0,12,37.5,6,2
697,13,6,1,1,7,1.0,14.0,0,14.0,0.0,inf,0,0.0,2,0
697,13,11,1,1,6,1.0,4.0,0,4.0,0.0,inf,2,33.33,0,0
697,13,13,1,1,18,3.0,33.0,2,11.0,16.5,9.0,3,16.67,2,2
697,13,15,2,2,24,4.0,22.0,2,5.5,11.0,12.0,8,33.33,2,0
707,13,5,1,1,25,4.0,20.0,1,5.0,20.0,24.0,14,56.0,3,0
707,13,6,1,1,20,3.0,30.0,0,10.0,0.0,inf,5,25.0,3,1
707,13,10,1,1,25,4.0,24.0,2,6.0,12.0,12.0,13,52.0,4,0
707,13,11,1,1,21,3.0,52.0,1,17.33,52.0,18.0,8,38.1,3,6
707,13,15,1,1,20,3.0,33.0,0,11.0,0.0,inf,6,30.0,5,0
707,13,17,1,1,20,3.0,17.0,2,5.67,8.5,9.0,12,60.0,1,1
712,13,6,1,1,26,4.0,39.0,1,9.75,39.0,24.0,9,34.62,3,2
712,13,9,1,1,25,4.0,40.0,0,10.0,0.0,inf,10,40.0,6,1
712,13,11,1,1,28,4.0,37.0,2,9.25,18.5,12.0,5,17.86,4,0
712,13,13,1,1,13,2.0,41.0,0,20.5,0.0,inf,2,15.38,5,3
712,13,15,1,1,18,3.0,35.0,0,11.67,0.0,inf,2,11.11,4,1
721,13,5,1,1,26,4.0,38.0,3,9.5,12.67,8.0,8,30.77,6,0
721,13,9,1,1,25,4.0,34.0,2,8.5,17.0,12.0,8,32.0,5,0
721,13,11,1,1,28,4.0,56.0,1,14.0,56.0,24.0,7,25.0,2,5
721,13,13,1,1,25,4.0,39.0,3,9.75,13.0,8.0,10,40.0,3,3
733,13,6,1,1,6,1.0,4.0,0,4.0,0.0,inf,2,33.33,0,0
733,13,9,1,1,6,1.0,11.0,0,11.0,0.0,inf,0,0.0,0,1
733,13,10,1,1,25,4.0,34.0,0,8.5,0.0,inf,4,16.0,0,2
733,13,11,1,1,6,1.0,11.0,0,11.0,0.0,inf,1,16.67,2,0
733,13,13,1,1,6,1.0,15.0,1,15.0,15.0,6.0,1,16.67,0,2
733,13,17,1,1,12,2.0,16.0,1,8.0,16.0,12.0,2,16.67,1,0
744,13,5,4,4,79,13.0,128.0,4,9.85,32.0,19.5,32,40.51,13,8
744,13,6,2,2,51,8.0,65.0,4,8.12,16.25,12.0,22,43.14,4,4
744,13,9,2,2,48,8.0,60.0,5,7.5,12.0,9.6,18,37.5,6,2
744,13,11,2,2,50,8.0,58.0,3,7.25,19.33,16.0,21,42.0,5,3
744,13,13,1,1,24,4.0,33.0,0,8.25,0.0,inf,10,41.67,6,0
744,13,15,3,3,75,12.0,113.0,1,9.42,113.0,72.0,25,33.33,14,4
744,13,17,2,2,49,8.0,55.0,5,6.88,11.0,9.6,21,42.86,7,1
755,13,5,1,1,24,4.0,25.0,2,6.25,12.5,12.0,10,41.67,1,1
755,13,10,2,2,49,8.0,96.0,2,12.0,48.0,24.0,11,22.45,13,3
755,13,11,1,1,26,4.0,33.0,3,8.25,11.0,8.0,11,42.31,3,1
755,13,13,1,1,26,4.0,27.0,2,6.75,13.5,12.0,5,19.23,2,0
755,13,17,2,2,51,8.0,52.0,5,6.5,10.4,9.6,18,35.29,5,0
766,13,5,1,1,25,4.0,52.0,0,13.0,0.0,inf,3,12.0,5,3
766,13,6,1,1,19,3.0,26.0,0,8.67,0.0,inf,8,42.11,2,1
766,13,10,1,1,12,2.0,17.0,1,8.5,17.0,12.0,4,33.33,1,1
766,13,11,1,1,24,4.0,40.0,1,10.0,40.0,24.0,5,20.83,5,1
766,13,17,1,1,13,2.0,13.0,0,6.5,0.0,inf,5,38.46,0,1
767,13,9,1,1,24,4.0,20.0,1,5.0,20.0,24.0,13,54.17,3,0
767,13,10,1,1,11,1.0,11.0,1,11.0,11.0,11.0,3,27.27,1,0
767,13,11,2,2,38,6.0,37.0,1,6.17,37.0,36.0,11,28.95,2,0
767,13,17,1,1,11,1.0,14.0,1,14.0,14.0,8.0,4,36.36,0,1
777,13,5,2,2,39,6.0,77.0,0,12.83,0.0,inf,11,28.21,8,5
777,13,6,2,2,51,8.0,56.0,2,7.0,28.0,24.0,20,39.22,7,0
777,13,10,2,2,48,8.0,66.0,3,8.25,22.0,16.0,18,37.5,8,2
777,13,11,2,2,43,7.0,47.0,5,6.71,9.4,8.4,24,55.81,3,3
777,13,13,2,2,48,8.0,60.0,0,7.5,0.0,inf,19,39.58,6,2
777,13,15,2,2,48,8.0,47.0,2,5.88,23.5,24.0,23,47.92,5,1
777,13,17,2,2,44,7.0,56.0,0,8.0,0.0,inf,18,40.91,6,2
778,13,5,1,1,17,2.0,24.0,0,12.0,0.0,inf,6,35.29,4,0
6,14,5,2,2,24,4.0,42.0,1,10.5,42.0,24.0,6,25.0,1,4
6,14,9,3,3,74,12.0,91.0,3,7.58,30.33,24.0,21,28.38,6,3
6,14,10,3,3,55,9.0,67.0,3,7.44,22.33,18.0,15,27.27,6,1
6,14,11,2,2,31,5.0,37.0,2,7.4,18.5,15.0,12,38.71,2,2
6,14,12,2,2,31,5.0,28.0,0,5.6,0.0,inf,16,51.61,1,2
6,14,15,2,2,37,6.0,37.0,1,6.17,37.0,36.0,11,29.73,1,1
6,14,17,2,2,48,8.0,44.0,3,5.5,14.67,16.0,22,45.83,3,1
15,14,10,1,1,18,3.0,27.0,0,9.0,0.0,inf,5,27.78,4,0
16,14,9,1,1,12,2.0,17.0,0,8.5,0.0,inf,5,41.67,3,0
16,14,17,1,1,28,4.0,28.0,2,7.0,14.0,12.0,7,25.0,2,0
18,14,5,2,2,37,6.0,30.0,5,5.0,6.0,7.2,20,54.05,3,1
18,14,6,3,3,76,12.0,105.0,4,8.75,26.25,18.0,29,38.16,13,4
18,14,9,3,3,66,11.0,66.0,5,6.0,13.2,13.2,24,36.36,5,1
18,14,11,2,2,49,8.0,61.0,4,7.62,15.25,12.0,16,32.65,3,3
18,14,12,2,2,50,8.0,72.0,2,9.0,36.0,24.0,15,30.0,7,3
18,14,15,2,2,54,9.0,61.0,3,6.78,20.33,16.0,21,38.89,5,2
18,14,17,2,2,51,8.0,55.0,1,6.88,55.0,48.0,21,41.18,5,1
38,14,5,2,2,43,7.0,37.0,1,5.29,37.0,42.0,23,53.49,5,0
38,14,6,2,2,42,7.0,55.0,0,7.86,0.0,inf,14,33.33,6,1
38,14,9,3,3,56,9.0,48.0,2,5.33,24.0,27.0,29,51.79,6,0
38,14,10,2,2,48,8.0,69.0,3,8.62,23.0,16.0,13,27.08,10,1
38,14,11,2,2,44,7.0,45.0,3,6.43,15.0,14.0,23,52.27,6,1
38,14,12,2,2,44,7.0,57.0,0,8.14,0.0,inf,14,31.82,6,2
38,14,15,2,2,44,7.0,42.0,2,6.0,21.0,21.0,24,54.55,5,1
47,14,11,1,1,19,3.0,29.0,1,9.67,29.0,18.0,5,26.32,5,0
52,14,5,1,1,6,1.0,11.0,0,11.0,0.0,inf,1,16.67,0,1
52,14,6,1,1,26,4.0,22.0,0,5.5,0.0,inf,12,46.15,2,0
52,14,10,1,1,18,3.0,19.0,1,6.33,19.0,18.0,4,22.22,0,0
52,14,11,1,1,18,3.0,17.0,1,5.67,17.0,18.0,4,22.22,1,0
52,14,15,1,1,25,4.0,25.0,0,6.25,0.0,inf,6,24.0,0,0
52,14,17,2,2,48,8.0,45.0,3,5.62,15.0,16.0,27,56.25,1,4
58,14,5,1,1,24,4.0,33.0,0,8.25,0.0,inf,7,29.17,3,1
58,14,6,1,1,24,4.0,40.0,0,10.0,0.0,inf,7,29.17,6,1
58,14,9,2,2,49,8.0,60.0,1,7.5,60.0,48.0,19,38.78,4,3
58,14,10,1,1,24,4.0,15.0,3,3.75,5.0,8.0,15,62.5,2,0
58,14,15,1,1,13,2.0,20.0,0,10.0,0.0,inf,4,30.77,2,1
60,14,5,1,1,6,1.0,5.0,0,5.0,0.0,inf,4,66.67,1,0
60,14,12,1,1,6,1.0,7.0,0,7.0,0.0,inf,1,16.67,0,0
63,14,5,1,1,25,4.0,23.0,2,5.75,11.5,12.0,8,32.0,0,1
63,14,6,1,1,12,2.0,17.0,1,8.5,17.0,12.0,3,25.0,1,1
63,14,9,2,2,30,5.0,49.0,0,9.8,0.0,inf,7,23.33,2,4
63,14,10,1,1,20,3.0,29.0,0,9.67,0.0,inf,3,15.0,2,1
63,14,11,1,1,12,2.0,17.0,0,8.5,0.0,inf,4,33.33,1,1
68,14,10,1,1,24,4.0,34.0,0,8.5,0.0,inf,2,8.33,1,1
71,14,5,1,1,26,4.0,24.0,1,6.0,24.0,24.0,11,42.31,3,0
71,14,6,1,1,25,4.0,36.0,0,9.0,0.0,inf,7,28.0,5,0
71,14,10,2,2,50,8.0,75.0,1,9.38,75.0,48.0,14,28.0,9,2
71,14,11,1,1,24,4.0,41.0,0,10.25,0.0,inf,8,33.33,4,2
71,14,12,2,2,43,7.0,43.0,3,6.14,14.33,14.0,13,30.23,4,0
75,14,5,1,1,18,3.0,30.0,0,10.0,0.0,inf,2,11.11,3,1
75,14,9,1,1,24,4.0,38.0,0,9.5,0.0,inf,5,20.83,3,2
75,14,15,1,1,25,4.0,22.0,1,5.5,22.0,24.0,13,52.0,1,1
76,14,5,1,1,25,4.0,48.0,1,12.0,48.0,24.0,7,28.0,8,1
76,14,9,1,1,26,4.0,27.0,0,6.75,0.0,inf,13,50.0,4,0
76,14,17,1,1,24,4.0,21.0,1,5.25,21.0,24.0,11,45.83,2,0
78,14,12,1,1,6,1.0,12.0,0,12.0,0.0,inf,2,33.33,1,1
91,14,11,1,1,18,3.0,35.0,0,11.67,0.0,inf,6,33.33,1,4
106,14,5,1,1,25,4.0,34.0,3,8.5,11.33,8.0,11,44.0,3,2
106,14,9,2,2,52,8.0,114.0,1,14.25,114.0,48.0,14,26.92,10,9
106,14,10,1,1,12,2.0,24.0,0,12.0,0.0,inf,2,16.67,3,1
106,14,11,2,2,51,8.0,79.0,2,9.88,39.5,24.0,16,31.37,6,5
106,14,12,1,1,19,3.0,12.0,1,4.0,12.0,18.0,12,63.16,1,0
106,14,15,1,1,25,4.0,30.0,1,7.5,30.0,24.0,8,32.0,2,1
106,14,17,1,1,25,4.0,35.0,1,8.75,35.0,24.0,9,36.0,2,2
116,14,5,2,2,32,5.0,52.0,5,10.4,10.4,6.0,10,31.25,5,2
116,14,6,2,2,33,5.0,55.0,2,11.0,27.5,15.0,7,21.21,6,2
116,14,12,1,1,6,1.0,2.0,0,2.0,0.0,inf,4,66.67,0,0
116,14,15,1,1,19,3.0,32.0,1,10.67,32.0,18.0,5,26.32,2,2
116,14,17,2,2,32,5.0,47.0,3,9.4,15.67,10.0,12,37.5,5,2
136,14,10,1,1,12,2.0,15.0,0,7.5,0.0,inf,6,50.0,3,0
137,14,5,2,2,50,8.0,72.0,1,9.0,72.0,48.0,17,34.0,4,5
137,14,6,3,3,62,10.0,86.0,2,8.6,43.0,30.0,16,25.81,6,4
137,14,9,2,2,49,8.0,51.0,3,6.38,17.0,15.67,17,34.69,2,2
137,14,11,2,2,43,7.0,34.0,1,4.86,34.0,42.0,18,41.86,1,1
137,14,12,1,1,24,4.0,28.0,0,7.0,0.0,inf,7,29.17,2,1
137,14,15,2,2,44,7.0,49.0,0,7.0,0.0,inf,16,36.36,5,1
137,14,17,1,1,6,1.0,11.0,0,11.0,0.0,inf,1,16.67,0,1
148,14,5,2,2,48,8.0,63.0,3,7.88,21.0,16.0,16,33.33,6,2
148,14,6,2,2,49,8.0,43.0,3,5.38,14.33,16.0,25,51.02,4,1
148,14,9,2,2,50,8.0,48.0,2,6.0,24.0,24.0,26,52.0,6,1
148,14,10,2,2,44,7.0,90.0,0,12.86,0.0,inf,13,29.55,11,5
148,14,11,2,2,50,8.0,54.0,5,6.75,10.8,9.6,26,52.0,8,1
148,14,15,2,2,36,6.0,30.0,2,5.0,15.0,18.0,22,61.11,3,1
148,14,17,2,2,46,7.0,67.0,4,9.57,16.75,11.5,13,28.26,6,3
158,14,5,1,1,24,4.0,33.0,2,8.25,16.5,12.0,6,25.0,2,2
158,14,6,1,1,26,4.0,33.0,2,8.25,16.5,12.0,10,38.46,4,1
158,14,9,2,2,52,8.0,51.0,5,6.38,10.2,9.6,27,51.92,2,4
158,14,10,1,1,19,3.0,27.0,1,9.0,27.0,18.0,7,36.84,4,0
158,14,12,2,2,54,9.0,88.0,2,9.78,44.0,24.0,13,24.07,4,6
158,14,15,2,2,45,7.0,56.0,3,8.0,18.67,14.0,13,28.89,7,0
158,14,17,2,2,42,7.0,88.0,0,12.57,0.0,inf,7,16.67,11,3
162,14,6,2,2,49,8.0,54.0,0,6.75,0.0,inf,18,36.73,1,3
162,14,9,2,2,42,7.0,61.0,4,8.71,15.25,10.5,16,38.1,5,3
162,14,10,1,1,25,4.0,29.0,1,7.25,29.0,24.0,8,32.0,2,1
162,14,11,1,1,24,4.0,33.0,2,8.25,16.5,12.0,7,29.17,2,2
162,14,12,2,2,48,8.0,46.0,2,5.75,23.0,24.0,14,29.17,3,0
162,14,15,1,1,25,4.0,19.0,3,4.75,6.33,8.0,12,48.0,0,1
162,14,17,2,2,48,8.0,76.0,1,9.5,76.0,48.0,15,31.25,4,5
169,14,9,1,1,25,4.0,37.0,1,9.25,37.0,24.0,7,28.0,3,2
169,14,17,1,1,25,4.0,32.0,1,8.0,32.0,24.0,6,24.0,4,0
179,14,5,2,2,48,8.0,52.0,3,6.5,17.33,16.0,24,50.0,4,3
179,14,6,2,2,43,7.0,50.0,2,7.14,25.0,21.0,18,41.86,3,3
179,14,9,3,3,60,10.0,73.0,5,7.3,14.6,12.0,22,36.67,10,1
179,14,10,2,2,36,6.0,44.0,1,7.33,44.0,36.0,10,27.78,2,2
179,14,11,2,2,37,6.0,36.0,2,6.0,18.0,18.0,14,37.84,0,3
179,14,12,2,2,50,8.0,63.0,4,7.88,15.75,12.0,17,34.0,3,4
179,14,15,2,2,49,8.0,56.0,1,7.0,56.0,48.0,18,36.73,4,1
180,14,10,2,2,49,8.0,56.0,2,7.0,28.0,24.0,18,36.73,5,1
180,14,11,2,2,33,5.0,54.0,0,10.8,0.0,inf,9,27.27,3,4
180,14,12,1,1,24,4.0,20.0,0,5.0,0.0,inf,16,66.67,2,1
200,14,5,1,1,6,1.0,14.0,0,14.0,0.0,inf,0,0.0,1,1
200,14,11,1,1,12,2.0,10.0,2,5.0,5.0,6.0,2,16.67,0,0
200,14,12,2,2,30,5.0,40.0,2,8.0,20.0,15.0,6,20.0,1,2
200,14,15,2,2,36,6.0,28.0,3,4.67,9.33,12.0,13,36.11,1,0
217,14,5,2,2,50,8.0,56.0,2,7.0,28.0,24.0,21,42.0,6,1
217,14,9,3,3,74,12.0,93.0,5,7.75,18.6,14.4,31,41.89,12,3
217,14,10,3,3,63,10.0,96.0,1,9.6,96.0,60.0,22,34.92,13,3
217,14,11,1,1,19,3.0,32.0,0,10.67,0.0,inf,7,36.84,4,1
217,14,12,2,2,52,8.0,61.0,5,7.62,12.2,9.6,23,44.23,5,3
217,14,15,2,2,43,7.0,53.0,0,7.57,0.0,inf,16,37.21,5,2
217,14,17,2,2,38,6.0,60.0,1,10.0,60.0,36.0,10,26.32,11,0
224,14,5,2,2,47,7.0,44.0,9,6.29,4.89,4.78,21,44.68,3,1
224,14,6,2,2,48,8.0,76.0,5,9.5,15.2,8.6,16,33.33,5,5
224,14,9,3,3,62,10.0,49.0,4,4.9,12.25,15.0,19,30.65,2,0
224,14,10,2,2,53,8.0,71.0,3,8.88,23.67,16.0,13,24.53,5,2
224,14,11,2,2,52,8.0,81.0,6,10.12,13.5,8.0,18,34.62,10,3
224,14,12,2,2,48,8.0,80.0,0,10.0,0.0,inf,15,31.25,6,5
224,14,15,2,2,51,8.0,58.0,5,7.25,11.6,9.6,18,35.29,6,0
234,14,5,1,1,24,4.0,24.0,4,6.0,6.0,6.0,11,45.83,3,0
234,14,6,1,1,18,3.0,27.0,0,9.0,0.0,inf,4,22.22,0,2
234,14,15,1,1,24,4.0,31.0,1,7.75,31.0,24.0,8,33.33,3,0
234,14,17,1,1,18,3.0,27.0,1,9.0,27.0,18.0,2,11.11,0,2
235,14,17,1,1,26,4.0,16.0,2,4.0,8.0,12.0,14,53.85,1,0
237,14,6,2,2,49,8.0,69.0,4,8.62,17.25,11.5,13,26.53,7,2
237,14,11,1,1,23,3.0,35.0,0,11.67,0.0,inf,6,26.09,2,2
242,14,5,1,1,12,2.0,16.0,0,8.0,0.0,inf,4,33.33,3,0
248,14,12,1,1,19,3.0,32.0,1,10.67,32.0,18.0,6,31.58,4,1
249,14,10,1,1,24,4.0,19.0,1,4.75,19.0,24.0,10,41.67,2,0
249,14,11,2,2,49,8.0,49.0,4,6.12,12.25,12.0,23,46.94,6,1
249,14,12,1,1,24,4.0,19.0,0,4.75,0.0,inf,9,37.5,1,0
249,14,15,1,1,24,4.0,40.0,2,10.0,20.0,12.0,7,29.17,6,1
251,14,15,1,1,24,4.0,38.0,1,9.5,38.0,24.0,3,12.5,3,1
255,14,5,1,1,24,4.0,20.0,1,5.0,20.0,24.0,9,37.5,2,0
255,14,6,3,3,74,12.0,101.0,6,8.42,16.83,12.0,23,31.08,7,4
255,14,10,3,3,74,12.0,81.0,2,6.75,40.5,36.0,24,32.43,3,4
255,14,11,2,2,49,8.0,50.0,0,6.25,0.0,inf,20,40.82,1,4
255,14,12,2,2,50,8.0,56.0,3,7.0,18.67,16.0,15,30.0,1,3
255,14,15,1,1,24,4.0,12.0,0,3.0,0.0,inf,12,50.0,0,0
255,14,17,2,2,49,8.0,41.0,4,5.12,10.25,12.0,22,44.9,4,0
259,14,6,1,1,26,4.0,48.0,0,12.0,0.0,inf,7,26.92,3,4
263,14,6,2,2,53,8.0,89.0,3,11.12,29.67,16.0,14,26.42,5,6
263,14,9,2,2,50,8.0,71.0,3,8.88,23.67,16.0,15,30.0,9,1
263,14,10,2,2,52,8.0,61.0,2,7.62,30.5,24.0,17,32.69,5,1
263,14,11,2,2,49,8.0,29.0,3,3.62,9.67,16.0,29,59.18,3,0
263,14,12,2,2,42,7.0,45.0,2,6.43,22.5,21.0,18,42.86,4,1
263,14,15,2,2,51,8.0,53.0,3,6.62,17.67,16.0,20,39.22,4,0
263,14,17,2,2,50,8.0,62.0,5,7.75,12.4,9.6,21,42.0,6,2
264,14,5,1,1,18,3.0,15.0,1,5.0,15.0,18.0,9,50.0,0,1
264,14,9,1,1,12,2.0,20.0,1,10.0,20.0,12.0,3,25.0,2,1
264,14,10,2,2,24,4.0,29.0,0,7.25,0.0,inf,4,16.67,2,0
264,14,11,1,1,12,2.0,37.0,0,18.5,0.0,inf,2,16.67,5,2
264,14,15,1,1,24,4.0,22.0,0,5.5,0.0,inf,12,50.0,1,1
264,14,17,1,1,6,1.0,13.0,0,13.0,0.0,inf,1,16.67,1,1
269,14,5,1,1,18,3.0,12.0,0,4.0,0.0,inf,9,50.0,1,0
269,14,6,1,1,7,1.0,9.0,0,9.0,0.0,inf,1,14.29,1,0
269,14,9,1,1,6,1.0,5.0,1,5.0,5.0,6.0,4,66.67,1,0
269,14,15,1,1,6,1.0,7.0,0,7.0,0.0,inf,4,66.67,0,1
269,14,17,1,1,24,4.0,12.0,3,3.0,4.0,8.0,11,45.83,0,0
292,14,6,2,2,49,8.0,77.0,3,9.62,25.67,16.0,21,42.86,7,6
292,14,9,2,2,36,6.0,50.0,2,8.33,25.0,18.0,16,44.44,4,3
292,14,10,2,2,49,8.0,47.0,1,5.88,47.0,48.0,19,38.78,5,0
292,14,11,2,2,50,8.0,61.0,1,7.62,61.0,48.0,17,34.0,5,2
292,14,12,2,2,36,6.0,60.0,0,10.0,0.0,inf,14,38.89,7,3
292,14,15,2,2,46,7.0,58.0,4,8.29,14.5,11.5,20,43.48,8,1
292,14,17,2,2,51,8.0,53.0,2,6.62,26.5,24.0,28,54.9,5,2
293,14,5,1,1,13,2.0,17.0,0,8.5,0.0,inf,6,46.15,3,0
293,14,15,1,1,6,1.0,8.0,0,8.0,0.0,inf,3,50.0,0,1
293,14,17,1,1,26,4.0,38.0,0,9.5,0.0,inf,10,38.46,4,2
312,14,5,2,2,50,8.0,49.0,1,6.12,49.0,48.0,18,36.0,5,0
312,14,6,3,3,73,12.0,87.0,2,7.25,43.5,36.0,21,28.77,6,3
312,14,10,3,3,76,12.0,84.0,2,7.0,42.0,36.0,19,25.0,6,1
312,14,11,2,2,48,8.0,46.0,3,5.75,15.33,16.0,24,50.0,5,1
312,14,12,2,2,48,8.0,48.0,3,6.0,16.0,16.0,17,35.42,2,2
312,14,15,2,2,48,8.0,62.0,2,7.75,31.0,24.0,16,33.33,1,5
312,14,17,3,3,73,12.0,72.0,5,6.0,14.4,14.4,27,36.99,3,2
318,14,6,1,1,24,4.0,39.0,0,9.75,0.0,inf,7,29.17,5,1
319,14,5,2,2,45,7.0,57.0,1,8.14,57.0,42.0,16,35.56,3,3
319,14,6,2,2,37,6.0,42.0,3,7.0,14.0,12.0,13,35.14,4,1
319,14,9,2,2,42,7.0,59.0,4,8.43,14.75,10.0,12,28.57,7,1
319,14,10,1,1,18,3.0,22.0,1,7.33,22.0,18.0,2,11.11,1,0
319,14,11,2,2,51,8.0,67.0,8,8.38,8.38,6.0,19,37.25,7,2
319,14,15,2,2,48,8.0,53.0,1,6.62,53.0,46.0,14,29.17,2,1
319,14,17,1,1,22,3.0,42.0,0,14.0,0.0,inf,6,27.27,3,3
327,14,5,2,2,24,4.0,17.0,1,4.25,17.0,24.0,9,37.5,0,0
327,14,10,3,3,62,10.0,76.0,1,7.6,76.0,60.0,15,24.19,2,4
327,14,11,2,2,32,5.0,30.0,3,6.0,10.0,10.67,14,43.75,1,2
327,14,12,1,1,18,3.0,17.0,1,5.67,17.0,18.0,6,33.33,0,1
327,14,15,2,2,18,3.0,21.0,0,7.0,0.0,inf,4,22.22,0,1
350,14,11,1,1,14,2.0,18.0,1,9.0,18.0,13.0,2,14.29,1,0
360,14,6,1,1,24,4.0,40.0,0,10.0,0.0,inf,7,29.17,2,3
360,14,9,1,1,12,2.0,20.0,0,10.0,0.0,inf,4,33.33,2,1
363,14,5,2,2,49,8.0,62.0,2,7.75,31.0,24.0,14,28.57,4,3
363,14,6,2,2,50,8.0,63.0,4,7.88,15.75,12.0,19,38.0,9,1
363,14,9,2,2,49,8.0,47.0,3,5.88,15.67,16.0,23,46.94,4,0
363,14,10,2,3,55,9.0,62.0,2,6.89,31.0,27.0,17,30.91,5,2
363,14,11,2,2,49,8.0,55.0,2,6.88,27.5,24.0,14,28.57,5,1
363,14,12,2,2,48,8.0,34.0,2,4.25,17.0,24.0,19,39.58,2,0
363,14,17,2,2,49,8.0,57.0,3,7.12,19.0,16.0,16,32.65,4,2
367,14,5,2,2,48,8.0,46.0,4,5.75,11.5,12.0,20,41.67,4,1
367,14,6,1,1,25,4.0,25.0,1,6.25,25.0,24.0,10,40.0,3,0
367,14,9,2,2,48,8.0,41.0,2,5.12,20.5,24.0,17,35.42,3,0
367,14,10,1,1,24,4.0,42.0,0,10.5,0.0,inf,7,29.17,3,3
367,14,15,1,1,25,4.0,24.0,3,6.0,8.0,8.0,9,36.0,1,1
367,14,17,2,2,50,8.0,52.0,2,6.5,26.0,24.0,18,36.0,3,2
371,14,6,2,2,40,6.0,42.0,0,7.0,0.0,inf,15,37.5,4,0
371,14,9,1,1,18,3.0,35.0,0,11.67,0.0,inf,5,27.78,5,1
371,14,10,1,1,18,3.0,26.0,0,8.67,0.0,inf,8,44.44,4,0
371,14,11,2,2,45,7.0,80.0,2,11.43,40.0,21.0,12,26.67,6,5
371,14,12,1,1,24,4.0,20.0,1,5.0,20.0,24.0,11,45.83,1,1
383,14,9,1,1,24,4.0,34.0,0,8.5,0.0,inf,5,20.83,3,1
383,14,12,1,1,24,4.0,37.0,0,9.25,0.0,inf,9,37.5,2,3
383,14,17,1,1,24,4.0,26.0,1,6.5,26.0,24.0,11,45.83,2,1
389,14,5,1,1,24,4.0,17.0,1,4.25,17.0,24.0,7,29.17,0,0
389,14,9,2,2,36,6.0,48.0,3,8.0,16.0,12.0,11,30.56,1,3
389,14,12,2,2,24,4.0,36.0,0,9.0,0.0,inf,3,12.5,4,0
394,14,5,1,1,18,3.0,33.0,0,11.0,0.0,inf,3,16.67,4,1
394,14,9,1,1,24,4.0,32.0,2,8.0,16.0,12.0,9,37.5,2,2
394,14,11,1,1,6,1.0,21.0,0,21.0,0.0,inf,1,16.67,2,2
404,14,6,1,1,18,3.0,45.0,0,15.0,0.0,inf,2,11.11,7,1
404,14,10,1,1,24,4.0,21.0,0,5.25,0.0,inf,9,37.5,2,0
420,14,6,1,1,7,1.0,16.0,0,16.0,0.0,inf,2,28.57,0,2
420,14,10,1,1,13,2.0,16.0,0,8.0,0.0,inf,3,23.08,2,0
420,14,12,2,2,12,2.0,23.0,1,11.5,23.0,12.0,2,16.67,2,1
420,14,17,2,2,7,1.0,18.0,0,18.0,0.0,inf,0,0.0,2,1
427,14,5,1,1,24,4.0,34.0,1,8.5,34.0,24.0,8,33.33,4,1
427,14,9,2,2,52,8.0,69.0,4,8.62,17.25,12.0,16,30.77,7,2
427,14,10,2,2,48,8.0,56.0,3,7.0,18.67,16.0,23,47.92,6,2
427,14,11,1,1,24,4.0,54.0,0,13.5,0.0,inf,7,29.17,7,3
427,14,12,1,1,18,3.0,22.0,0,7.33,0.0,inf,10,55.56,3,1
427,14,15,1,1,24,4.0,24.0,3,6.0,8.0,8.0,11,45.83,1,2
427,14,17,1,1,25,4.0,34.0,0,8.5,0.0,inf,6,24.0,1,2
430,14,9,1,1,18,3.0,29.0,0,9.67,0.0,inf,4,22.22,3,1
430,14,10,1,1,19,3.0,20.0,0,6.67,0.0,inf,5,26.32,2,0
430,14,11,1,1,19,3.0,30.0,1,10.0,30.0,18.0,9,47.37,1,3
430,14,12,1,1,27,4.0,27.0,1,6.75,27.0,24.0,10,37.04,1,1
430,14,15,1,1,14,2.0,29.0,1,14.5,29.0,12.0,3,21.43,4,1
439,14,10,1,1,25,4.0,29.0,1,7.25,29.0,24.0,9,36.0,4,0
439,14,12,1,1,25,4.0,40.0,0,10.0,0.0,inf,5,20.0,3,2
439,14,15,1,1,24,4.0,26.0,2,6.5,13.0,12.0,9,37.5,3,0
444,14,5,1,1,19,3.0,18.0,0,6.0,0.0,inf,5,26.32,1,0
444,14,17,1,1,6,1.0,5.0,0,5.0,0.0,inf,4,66.67,1,0
449,14,5,1,1,26,4.0,25.0,3,6.25,8.33,8.0,11,42.31,3,0
449,14,9,1,1,24,4.0,29.0,1,7.25,29.0,24.0,9,37.5,1,2
449,14,10,3,3,58,9.0,79.0,3,8.78,26.33,17.33,15,25.86,9,1
449,14,11,1,1,23,3.0,28.0,1,9.33,28.0,18.0,7,30.43,0,2
449,14,12,2,2,26,4.0,42.0,1,10.5,42.0,24.0,6,23.08,1,3
449,14,15,1,1,27,4.0,17.0,2,4.25,8.5,12.0,10,37.04,0,0
449,14,17,2,2,37,6.0,43.0,3,7.17,14.33,12.0,14,37.84,1,3
451,14,17,1,1,24,4.0,36.0,1,9.0,36.0,24.0,9,37.5,2,3
453,14,6,1,1,24,4.0,21.0,2,5.25,10.5,12.0,13,54.17,2,1
453,14,9,1,1,19,3.0,29.0,0,9.67,0.0,inf,6,31.58,3,1
453,14,15,1,1,19,3.0,33.0,0,11.0,0.0,inf,3,15.79,1,3
453,14,17,1,1,25,4.0,48.0,1,12.0,48.0,24.0,6,24.0,6,2
454,14,6,2,2,12,2.0,10.0,0,5.0,0.0,inf,3,25.0,0,0
454,14,10,1,1,26,4.0,29.0,2,7.25,14.5,12.0,7,26.92,3,0
454,14,12,1,1,16,2.0,30.0,1,15.0,30.0,15.0,2,12.5,0,3
462,14,5,1,1,6,1.0,9.0,0,9.0,0.0,inf,2,33.33,0,1
462,14,12,1,1,18,3.0,40.0,0,13.33,0.0,inf,3,16.67,3,3
462,14,17,1,1,18,3.0,35.0,0,11.67,0.0,inf,6,33.33,4,2
470,14,5,1,1,18,3.0,12.0,1,4.0,12.0,18.0,10,55.56,1,0
470,14,9,1,1,25,4.0,46.0,0,11.5,0.0,inf,4,16.0,6,1
470,14,15,1,1,25,4.0,32.0,0,8.0,0.0,inf,9,36.0,0,3
482,14,6,1,1,19,3.0,20.0,2,6.67,10.0,9.0,6,31.58,2,0
482,14,9,1,1,18,3.0,24.0,0,8.0,0.0,inf,7,38.89,4,0
482,14,10,1,1,12,2.0,21.0,1,10.5,21.0,12.0,4,33.33,2,1
482,14,17,1,1,25,4.0,31.0,1,7.75,31.0,24.0,6,24.0,3,1
483,14,5,1,1,26,4.0,29.0,2,7.25,14.5,12.0,9,34.62,1,2
488,14,12,1,1,6,1.0,9.0,1,9.0,9.0,6.0,1,16.67,1,0
494,14,5,1,1,24,4.0,27.0,2,6.75,13.5,12.0,9,37.5,2,1
494,14,6,2,2,52,8.0,89.0,1,11.12,89.0,48.0,13,25.0,10,3
494,14,10,2,2,36,6.0,36.0,3,6.0,12.0,12.0,17,47.22,2,2
494,14,11,1,1,24,4.0,18.0,3,4.5,6.0,8.0,17,70.83,3,0
494,14,17,2,2,50,8.0,54.0,4,6.75,13.5,12.0,18,36.0,7,0
516,14,10,1,1,29,4.0,40.0,1,10.0,40.0,24.0,8,27.59,6,0
516,14,12,1,1,25,4.0,29.0,2,7.25,14.5,12.0,12,48.0,5,0
516,14,15,1,1,25,4.0,32.0,1,8.0,32.0,24.0,13,52.0,3,2
516,14,17,1,1,14,2.0,23.0,0,11.5,0.0,inf,3,21.43,3,0
526,14,17,1,1,20,3.0,22.0,0,7.33,0.0,inf,5,25.0,2,0
528,14,10,1,1,12,2.0,15.0,0,7.5,0.0,inf,4,33.33,2,0
528,14,12,1,1,26,4.0,24.0,1,6.0,24.0,24.0,11,42.31,1,1
539,14,11,1,1,26,4.0,39.0,1,9.75,39.0,24.0,7,26.92,6,1
545,14,5,1,1,24,4.0,45.0,0,11.25,0.0,inf,6,25.0,3,3
545,14,6,1,1,26,4.0,34.0,0,8.5,0.0,inf,12,46.15,1,3
545,14,9,2,2,49,8.0,65.0,1,8.12,65.0,48.0,24,48.98,9,2
545,14,10,1,1,18,3.0,21.0,0,7.0,0.0,inf,8,44.44,2,1
545,14,11,2,2,50,8.0,65.0,1,8.12,65.0,48.0,15,30.0,7,1
545,14,12,2,2,43,7.0,50.0,2,7.14,25.0,21.0,16,37.21,4,1
545,14,17,2,2,49,8.0,55.0,2,6.88,27.5,24.0,20,40.82,7,1
546,14,6,1,1,14,2.0,27.0,0,13.5,0.0,inf,2,14.29,2,1
546,14,9,2,2,43,7.0,38.0,1,5.43,38.0,42.0,19,44.19,1,2
546,14,10,2,2,25,4.0,35.0,1,8.75,35.0,25.0,7,28.0,2,2
546,14,11,1,1,6,1.0,12.0,0,12.0,0.0,inf,0,0.0,2,0
546,14,12,2,2,46,7.0,55.0,1,7.86,55.0,42.0,13,28.26,5,1
546,14,15,2,2,25,4.0,46.0,1,11.5,46.0,24.0,9,36.0,2,4
546,14,17,2,2,51,8.0,52.0,1,6.5,52.0,48.0,16,31.37,1,2
557,14,6,2,2,25,4.0,52.0,0,13.0,0.0,inf,4,16.0,5,3
584,14,6,1,1,18,3.0,21.0,0,7.0,0.0,inf,9,50.0,3,1
584,14,10,1,1,25,4.0,41.0,2,10.25,20.5,12.0,8,32.0,2,3
584,14,11,1,1,26,4.0,55.0,1,13.75,55.0,24.0,5,19.23,5,3
610,14,5,1,1,24,4.0,56.0,0,14.0,0.0,inf,5,20.83,10,1
610,14,6,2,2,40,6.0,56.0,0,9.33,0.0,inf,16,40.0,6,2
610,14,9,1,1,22,3.0,17.0,1,5.67,17.0,22.0,11,50.0,2,0
610,14,10,1,1,24,4.0,31.0,2,7.75,15.5,12.0,8,33.33,1,2
610,14,11,1,1,24,4.0,36.0,2,9.0,18.0,12.0,8,33.33,3,2
610,14,12,1,1,23,3.0,27.0,1,9.0,27.0,22.0,7,30.43,2,1
610,14,17,1,1,24,4.0,24.0,1,6.0,24.0,24.0,12,50.0,2,1
611,14,6,1,1,19,3.0,32.0,1,10.67,32.0,18.0,5,26.32,3,1
611,14,11,1,1,27,4.0,43.0,0,10.75,0.0,inf,5,18.52,2,3
611,14,15,1,1,25,4.0,22.0,0,5.5,0.0,inf,6,24.0,0,0
621,14,5,2,2,38,6.0,49.0,1,8.17,49.0,36.0,16,42.11,6,1
621,14,6,1,1,19,3.0,31.0,0,10.33,0.0,inf,5,26.32,4,1
621,14,9,2,2,34,5.0,67.0,3,13.4,22.33,10.0,11,32.35,6,5
621,14,10,1,1,24,4.0,32.0,1,8.0,32.0,24.0,11,45.83,1,3
621,14,11,1,1,26,4.0,28.0,1,7.0,28.0,24.0,11,42.31,2,1
621,14,12,1,1,19,3.0,32.0,2,10.67,16.0,9.0,7,36.84,5,1
621,14,15,1,1,19,3.0,30.0,1,10.0,30.0,18.0,8,42.11,3,2
625,14,5,2,2,55,9.0,85.0,2,9.44,42.5,24.0,13,23.64,6,4
625,14,9,3,3,77,12.0,106.0,5,8.83,21.2,13.4,26,33.77,8,4
625,14,10,3,3,68,11.0,102.0,4,9.27,25.5,16.0,23,33.82,12,3
625,14,11,2,2,46,7.0,50.0,3,7.14,16.67,14.0,20,43.48,6,1
625,14,12,2,2,43,7.0,63.0,3,9.0,21.0,14.0,18,41.86,8,2
625,14,15,2,2,51,8.0,81.0,1,10.12,81.0,48.0,11,21.57,9,1
625,14,17,2,2,48,8.0,40.0,3,5.0,13.33,16.0,23,47.92,2,2
635,14,5,2,2,54,9.0,85.0,3,9.44,28.33,16.0,17,31.48,6,5
635,14,6,2,2,51,8.0,90.0,1,11.25,90.0,48.0,19,37.25,9,5
635,14,10,1,1,22,3.0,36.0,0,12.0,0.0,inf,9,40.91,5,1
635,14,11,1,1,20,3.0,20.0,1,6.67,20.0,18.0,7,35.0,2,0
635,14,12,1,1,26,4.0,30.0,3,7.5,10.0,8.0,12,46.15,0,3
635,14,15,1,1,28,4.0,35.0,2,8.75,17.5,12.0,11,39.29,4,0
635,14,17,2,2,52,8.0,55.0,2,6.88,27.5,24.0,24,46.15,7,0
638,14,5,1,1,6,1.0,7.0,1,7.0,7.0,6.0,2,33.33,1,0
638,14,6,1,1,12,2.0,13.0,0,6.5,0.0,inf,7,58.33,1,1
638,14,9,1,1,25,4.0,33.0,1,8.25,33.0,24.0,7,28.0,3,1
638,14,10,1,1,24,4.0,28.0,0,7.0,0.0,inf,5,20.83,2,0
638,14,11,1,1,18,3.0,23.0,1,7.67,23.0,18.0,3,16.67,1,1
638,14,15,1,1,13,2.0,14.0,0,7.0,0.0,inf,7,53.85,1,1
639,14,6,1,1,23,3.0,21.0,0,7.0,0.0,inf,14,60.87,4,0
639,14,10,2,2,41,6.0,70.0,2,11.67,35.0,18.0,9,21.95,8,2
639,14,11,1,1,24,4.0,49.0,1,12.25,49.0,24.0,6,25.0,5,3
639,14,17,1,1,20,3.0,29.0,1,9.67,29.0,20.0,7,35.0,2,2
644,14,5,1,1,18,3.0,20.0,1,6.67,20.0,18.0,6,33.33,2,0
644,14,6,1,1,13,2.0,26.0,0,13.0,0.0,inf,2,15.38,2,2
644,14,9,1,1,6,1.0,7.0,1,7.0,7.0,6.0,2,33.33,1,0
644,14,11,1,1,6,1.0,15.0,0,15.0,0.0,inf,0,0.0,3,0
644,14,12,1,1,6,1.0,6.0,0,6.0,0.0,inf,0,0.0,0,0
644,14,15,2,2,13,2.0,20.0,0,10.0,0.0,inf,2,15.38,1,1
644,14,17,1,1,7,1.0,23.0,0,23.0,0.0,inf,1,14.29,0,3
656,14,5,1,1,25,4.0,21.0,3,5.25,7.0,8.0,8,32.0,1,0
656,14,6,2,2,42,7.0,41.0,2,5.86,20.5,21.0,13,30.95,2,1
656,14,9,3,3,67,11.0,77.0,2,7.0,38.5,33.0,29,43.28,1,7
656,14,11,1,1,25,4.0,27.0,1,6.75,27.0,24.0,5,20.0,2,0
656,14,12,1,1,24,4.0,21.0,1,5.25,21.0,24.0,10,41.67,2,0
656,14,15,2,3,54,9.0,53.0,4,5.89,13.25,13.5,21,38.89,5,1
656,14,17,2,2,48,8.0,72.0,2,9.0,36.0,24.0,13,27.08,4,4
657,14,6,1,1,12,2.0,25.0,0,12.5,0.0,inf,2,16.67,1,2
665,14,6,2,2,26,4.0,27.0,2,6.75,13.5,12.0,8,30.77,3,0
665,14,9,1,1,6,1.0,12.0,0,12.0,0.0,inf,2,33.33,1,1
665,14,10,2,2,16,2.0,18.0,1,9.0,18.0,13.0,5,31.25,2,0
665,14,11,1,1,12,2.0,9.0,0,4.5,0.0,inf,3,25.0,0,0
665,14,12,2,2,13,2.0,19.0,2,9.5,9.5,6.0,3,23.08,1,1
665,14,15,1,1,12,2.0,10.0,0,5.0,0.0,inf,5,41.67,1,0
679,14,5,1,1,19,3.0,30.0,0,10.0,0.0,inf,3,15.79,3,1
679,14,6,2,2,44,7.0,60.0,4,8.57,15.0,10.5,13,29.55,2,4
679,14,9,2,2,25,4.0,35.0,1,8.75,35.0,24.0,4,16.0,1,2
679,14,10,2,2,36,6.0,44.0,1,7.33,44.0,36.0,12,33.33,4,1
679,14,12,2,2,31,5.0,48.0,1,9.6,48.0,30.0,5,16.13,3,2
679,14,15,2,2,44,7.0,77.0,1,11.0,77.0,42.0,5,11.36,5,4
679,14,17,2,2,30,5.0,46.0,0,9.2,0.0,inf,6,20.0,4,2
681,14,5,2,2,38,6.0,54.0,1,9.0,54.0,36.0,14,36.84,4,2
681,14,6,2,2,53,8.0,67.0,4,8.38,16.75,12.0,18,33.96,5,2
681,14,9,2,2,53,8.0,54.0,2,6.75,27.0,24.0,18,33.96,5,1
681,14,10,2,2,49,8.0,66.0,2,8.25,33.0,24.0,12,24.49,6,1
681,14,12,2,2,44,7.0,62.0,4,8.86,15.5,10.5,18,40.91,8,2
681,14,15,2,2,53,8.0,70.0,1,8.75,70.0,48.0,14,26.42,4,3
681,14,17,2,2,44,7.0,53.0,0,7.57,0.0,inf,14,31.82,6,1
685,14,5,2,2,44,7.0,58.0,1,8.29,58.0,42.0,16,36.36,3,3
685,14,6,2,2,42,7.0,44.0,0,6.29,0.0,inf,17,40.48,4,1
685,14,9,3,3,70,11.0,82.0,3,7.45,27.33,22.0,32,45.71,5,5
685,14,11,2,2,50,8.0,56.0,3,7.0,18.67,16.0,25,50.0,6,2
685,14,12,2,2,48,8.0,79.0,4,9.88,19.75,12.0,13,27.08,2,7
685,14,15,2,2,44,7.0,62.0,3,8.86,20.67,14.0,17,38.64,5,4
685,14,17,2,2,48,8.0,75.0,1,9.38,75.0,48.0,10,20.83,7,2
696,14,6,1,1,24,4.0,32.0,1,8.0,32.0,24.0,8,33.33,1,2
696,14,10,2,2,32,5.0,52.0,1,10.4,52.0,30.0,9,28.12,7,1
696,14,11,2,2,46,7.0,40.0,5,5.71,8.0,8.6,25,54.35,6,0
696,14,12,2,2,49,8.0,44.0,2,5.5,22.0,24.0,25,51.02,5,1
696,14,15,1,1,25,4.0,29.0,2,7.25,14.5,12.0,12,48.0,5,0
696,14,17,1,1,28,4.0,36.0,0,9.0,0.0,inf,6,21.43,4,0
697,14,5,1,1,7,1.0,6.0,0,6.0,0.0,inf,2,28.57,0,0
697,14,9,2,2,18,3.0,23.0,0,7.67,0.0,inf,3,16.67,2,0
697,14,12,1,1,6,1.0,20.0,0,20.0,0.0,inf,1,16.67,0,3
702,14,6,1,1,6,1.0,3.0,0,3.0,0.0,inf,3,50.0,0,0
702,14,9,1,1,7,1.0,17.0,1,17.0,17.0,6.0,1,14.29,2,1
705,14,9,2,2,7,1.0,13.0,0,13.0,0.0,inf,0,0.0,2,0
721,14,5,1,1,24,4.0,62.0,0,15.5,0.0,inf,3,12.5,5,5
721,14,9,1,1,25,4.0,28.0,3,7.0,9.33,8.0,14,56.0,2,2
721,14,15,1,1,26,4.0,35.0,2,8.75,17.5,12.0,7,26.92,3,1
733,14,5,2,2,13,2.0,9.0,2,4.5,4.5,6.0,5,38.46,0,0
733,14,6,1,1,12,2.0,9.0,0,4.5,0.0,inf,6,50.0,1,0
733,14,10,1,1,7,1.0,14.0,0,14.0,0.0,inf,2,28.57,3,0
733,14,11,1,1,6,1.0,8.0,0,8.0,0.0,inf,0,0.0,1,0
733,14,12,1,1,25,4.0,24.0,2,6.0,12.0,12.0,10,40.0,0,1
734,14,6,1,1,18,3.0,26.0,0,8.67,0.0,inf,4,22.22,2,1
741,14,6,1,1,18,3.0,18.0,2,6.0,9.0,9.0,10,55.56,3,0
741,14,11,1,1,24,4.0,22.0,2,5.5,11.0,12.0,12,50.0,2,1
741,14,12,1,1,25,4.0,42.0,1,10.5,42.0,24.0,8,32.0,5,2
743,14,5,1,1,24,4.0,23.0,1,5.75,23.0,24.0,4,16.67,1,0
743,14,6,1,1,18,3.0,33.0,0,11.0,0.0,inf,5,27.78,2,3
743,14,10,1,1,25,4.0,28.0,0,7.0,0.0,inf,9,36.0,2,1
743,14,11,1,1,6,1.0,1.0,1,1.0,1.0,6.0,5,83.33,0,0
743,14,15,2,2,48,8.0,54.0,2,6.75,27.0,24.0,18,37.5,1,4
743,14,17,2,2,36,6.0,48.0,0,8.0,0.0,inf,8,22.22,5,1
744,14,5,1,1,24,4.0,19.0,1,4.75,19.0,24.0,15,62.5,3,0
744,14,6,2,2,50,8.0,68.0,2,8.5,34.0,24.0,14,28.0,6,1
744,14,9,2,2,40,6.0,46.0,3,7.67,15.33,12.67,18,45.0,5,1
744,14,11,1,1,24,4.0,18.0,2,4.5,9.0,12.0,12,50.0,1,0
744,14,15,1,1,24,4.0,12.0,2,3.0,6.0,12.0,12,50.0,0,0
744,14,17,1,1,25,4.0,24.0,2,6.0,12.0,12.0,8,32.0,2,0
748,14,5,2,2,25,4.0,42.0,0,10.5,0.0,inf,5,20.0,6,0
748,14,6,1,1,13,2.0,12.0,0,6.0,0.0,inf,4,30.77,1,0
748,14,9,1,1,12,2.0,29.0,0,14.5,0.0,inf,1,8.33,1,3
748,14,10,1,1,12,2.0,19.0,1,9.5,19.0,12.0,5,41.67,2,1
748,14,11,1,1,12,2.0,21.0,1,10.5,21.0,12.0,3,25.0,2,1
748,14,12,1,1,6,1.0,11.0,0,11.0,0.0,inf,1,16.67,2,0
748,14,15,2,2,24,4.0,21.0,2,5.25,10.5,12.0,9,37.5,1,0
749,14,10,1,1,6,1.0,5.0,0,5.0,0.0,inf,4,66.67,1,0
749,14,12,1,1,6,1.0,7.0,0,7.0,0.0,inf,0,0.0,0,0
749,14,15,1,1,18,3.0,22.0,1,7.33,22.0,18.0,6,33.33,1,1
749,14,17,1,1,13,2.0,13.0,0,6.5,0.0,inf,3,23.08,1,0
755,14,5,1,1,27,4.0,52.0,4,13.0,13.0,6.0,9,33.33,6,2
755,14,6,1,1,24,4.0,27.0,3,6.75,9.0,8.0,9,37.5,3,0
755,14,9,1,1,24,4.0,32.0,2,8.0,16.0,12.0,8,33.33,5,0
755,14,10,1,1,24,4.0,33.0,0,8.25,0.0,inf,9,37.5,4,1
755,14,11,1,1,25,4.0,27.0,0,6.75,0.0,inf,7,28.0,1,1
755,14,12,1,1,25,4.0,19.0,3,4.75,6.33,8.0,9,36.0,0,0
755,14,17,2,2,54,9.0,57.0,4,6.33,14.25,12.0,23,42.59,5,1
766,14,6,1,1,12,2.0,26.0,0,13.0,0.0,inf,3,25.0,2,2
766,14,11,1,1,24,4.0,12.0,3,3.0,4.0,8.0,13,54.17,0,0
766,14,15,1,1,18,3.0,28.0,2,9.33,14.0,9.0,3,16.67,3,1
767,14,5,1,1,18,3.0,19.0,2,6.33,9.5,9.0,8,44.44,1,1
767,14,9,1,1,6,1.0,14.0,0,14.0,0.0,inf,0,0.0,1,1
767,14,10,1,1,20,3.0,19.0,0,6.33,0.0,inf,7,35.0,1,0
767,14,11,1,1,22,3.0,42.0,1,14.0,42.0,18.0,4,18.18,2,3
767,14,12,1,1,6,1.0,6.0,0,6.0,0.0,inf,3,50.0,1,0
772,14,5,2,2,36,6.0,69.0,2,11.5,34.5,17.5,12,33.33,7,4
772,14,6,2,2,52,8.0,88.0,1,11.0,88.0,48.0,13,25.0,4,6
772,14,9,2,2,49,8.0,53.0,1,6.62,53.0,48.0,19,38.78,5,1
772,14,10,2,2,50,8.0,51.0,4,6.38,12.75,12.0,16,32.0,4,0
772,14,12,2,2,52,8.0,75.0,0,9.38,0.0,inf,11,21.15,6,2
772,14,15,2,2,48,8.0,46.0,4,5.75,11.5,11.25,21,43.75,7,0
772,14,17,2,2,40,6.0,54.0,2,9.0,27.0,19.5,14,35.0,4,2
777,14,5,1,1,24,4.0,24.0,2,6.0,12.0,12.0,12,50.0,2,1
777,14,6,1,1,27,4.0,58.0,0,14.5,0.0,inf,5,18.52,4,4
777,14,10,1,1,24,4.0,24.0,3,6.0,8.0,8.0,15,62.5,3,1
777,14,11,1,1,24,4.0,36.0,0,9.0,0.0,inf,4,16.67,3,1
777,14,12,1,1,19,3.0,31.0,2,10.33,15.5,9.0,9,47.37,2,3
777,14,15,1,1,24,4.0,30.0,1,7.5,30.0,24.0,9,37.5,1,2
777,14,17,1,1,26,4.0,34.0,1,8.5,34.0,24.0,6,23.08,3,0
6,15,1,1,1,18,3.0,25.0,1,8.33,25.0,18.0,6,33.33,1,2
6,15,5,1,1,24,4.0,30.0,0,7.5,0.0,inf,8,33.33,2,1
6,15,9,1,1,24,4.0,25.0,0,6.25,0.0,inf,8,33.33,1,1
6,15,12,2,2,41,6.0,52.0,1,8.67,52.0,36.0,11,26.83,2,3
6,15,15,2,2,36,6.0,36.0,0,6.0,0.0,inf,12,33.33,1,1
6,15,17,2,2,48,8.0,59.0,3,7.38,19.67,16.0,16,33.33,5,2
6,15,18,1,1,12,2.0,21.0,0,10.5,0.0,inf,3,25.0,2,1
16,15,1,2,2,52,8.0,90.0,1,11.25,90.0,48.0,12,23.08,7,5
16,15,6,2,2,48,8.0,68.0,1,8.5,68.0,48.0,21,43.75,5,4
16,15,9,2,2,49,8.0,56.0,2,7.0,28.0,24.0,21,42.86,2,4
16,15,12,1,1,25,4.0,35.0,0,8.75,0.0,inf,11,44.0,5,1
16,15,17,1,1,27,4.0,25.0,3,6.25,8.33,8.0,14,51.85,4,0
18,15,1,2,2,47,7.0,59.0,3,8.43,19.67,15.33,17,36.17,8,1
18,15,5,1,1,25,4.0,30.0,3,7.5,10.0,8.0,13,52.0,6,0
18,15,6,1,1,24,4.0,38.0,2,9.5,19.0,12.0,11,45.83,5,2
18,15,9,2,2,48,8.0,79.0,3,9.88,26.33,14.0,17,35.42,8,4
18,15,10,1,1,18,3.0,32.0,0,10.67,0.0,inf,5,27.78,6,0
18,15,11,2,2,43,7.0,51.0,3,7.29,17.0,14.0,18,41.86,4,2
18,15,12,1,1,19,3.0,26.0,0,8.67,0.0,inf,9,47.37,4,1
18,15,15,1,1,25,4.0,24.0,4,6.0,6.0,6.0,15,60.0,2,1
18,15,17,2,2,51,8.0,77.0,1,9.62,77.0,48.0,17,33.33,8,2
20,15,6,2,2,47,7.0,67.0,1,9.57,67.0,42.0,14,29.79,5,3
20,15,9,1,1,27,4.0,42.0,2,10.5,21.0,12.0,10,37.04,3,3
20,15,11,3,3,69,11.0,104.0,5,9.45,20.8,13.2,33,47.83,12,5
20,15,15,1,1,25,4.0,24.0,1,6.0,24.0,24.0,8,32.0,2,0
20,15,17,1,1,25,4.0,35.0,0,8.75,0.0,inf,6,24.0,5,0
20,15,18,1,1,12,2.0,24.0,2,12.0,12.0,6.0,5,41.67,4,1
32,15,6,1,1,25,4.0,40.0,2,10.0,20.0,12.0,8,32.0,6,1
32,15,10,1,1,19,3.0,28.0,0,9.33,0.0,inf,8,42.11,2,2
32,15,15,1,1,25,4.0,39.0,0,9.75,0.0,inf,5,20.0,5,1
38,15,1,1,1,26,4.0,35.0,0,8.75,0.0,inf,10,38.46,6,0
38,15,5,1,1,26,4.0,51.0,0,12.75,0.0,inf,10,38.46,3,4
38,15,6,2,2,37,6.0,59.0,0,9.83,0.0,inf,13,35.14,8,2
38,15,9,1,1,24,4.0,25.0,1,6.25,25.0,24.0,11,45.83,4,0
38,15,10,1,1,24,4.0,31.0,2,7.75,15.5,12.0,10,41.67,1,2
38,15,11,3,3,62,10.0,104.0,2,10.4,52.0,30.0,25,40.32,8,8
38,15,12,2,2,43,7.0,95.0,2,13.57,47.5,18.0,11,25.58,5,8
38,15,15,2,2,32,5.0,42.0,0,8.4,0.0,inf,12,37.5,2,3
38,15,18,2,2,51,8.0,72.0,2,9.0,36.0,24.0,20,39.22,7,4
40,15,15,1,1,14,2.0,23.0,0,11.5,0.0,inf,6,42.86,3,1
51,15,5,1,1,27,4.0,31.0,0,7.75,0.0,inf,11,40.74,2,1
51,15,12,1,1,25,4.0,32.0,2,8.0,16.0,12.0,7,28.0,4,0
51,15,17,1,1,24,4.0,47.0,0,11.75,0.0,inf,6,25.0,4,3
52,15,9,1,1,13,2.0,20.0,0,10.0,0.0,inf,4,30.77,0,2
52,15,10,1,1,18,3.0,29.0,0,9.67,0.0,inf,5,27.78,4,1
52,15,15,1,1,24,4.0,26.0,3,6.5,8.67,8.0,11,45.83,2,1
52,15,17,2,2,45,7.0,71.0,1,10.14,71.0,42.0,16,35.56,3,6
58,15,6,1,1,25,4.0,48.0,2,12.0,24.0,12.0,5,20.0,4,3
58,15,12,1,1,25,4.0,44.0,1,11.0,44.0,24.0,8,32.0,3,3
58,15,17,1,1,24,4.0,30.0,1,7.5,30.0,24.0,9,37.5,0,3
58,15,18,2,2,49,8.0,68.0,2,8.5,34.0,24.0,13,26.53,7,2
60,15,10,1,1,6,1.0,14.0,0,14.0,0.0,inf,1,16.67,3,0
60,15,18,1,1,6,1.0,9.0,0,9.0,0.0,inf,0,0.0,1,0
63,15,1,2,2,31,5.0,38.0,1,7.6,38.0,30.0,16,51.61,2,3
63,15,6,2,2,42,7.0,51.0,2,7.29,25.5,21.0,17,40.48,2,4
63,15,10,1,1,12,2.0,14.0,0,7.0,0.0,inf,4,33.33,0,1
63,15,11,2,2,24,4.0,21.0,0,5.25,0.0,inf,7,29.17,0,0
63,15,12,1,1,12,2.0,17.0,1,8.5,17.0,12.0,5,41.67,0,2
63,15,15,1,1,12,2.0,13.0,1,6.5,13.0,12.0,7,58.33,1,1
63,15,18,1,1,13,2.0,11.0,1,5.5,11.0,12.0,6,46.15,1,0
69,15,9,1,1,6,1.0,6.0,0,6.0,0.0,inf,3,50.0,1,0
69,15,18,1,1,6,1.0,7.0,0,7.0,0.0,inf,2,33.33,1,0
71,15,1,1,1,24,4.0,34.0,2,8.5,17.0,12.0,7,29.17,5,0
71,15,5,2,2,45,7.0,51.0,2,7.29,25.5,21.5,24,53.33,8,1
71,15,6,1,1,27,4.0,28.0,2,7.0,14.0,12.0,10,37.04,2,1
71,15,9,1,1,24,4.0,25.0,3,6.25,8.33,8.0,13,54.17,4,0
71,15,11,1,1,25,4.0,47.0,1,11.75,47.0,24.0,12,48.0,4,4
71,15,12,2,2,49,8.0,64.0,2,8.0,32.0,24.0,21,42.86,5,3
71,15,15,1,1,24,4.0,30.0,3,7.5,10.0,8.0,14,58.33,3,2
71,15,17,1,1,24,4.0,36.0,1,9.0,36.0,24.0,9,37.5,3,2
75,15,18,1,1,24,4.0,46.0,1,11.5,46.0,24.0,6,25.0,4,3
76,15,1,2,2,50,8.0,64.0,6,8.0,10.67,8.0,19,38.0,9,0
76,15,5,1,1,23,3.0,23.0,3,7.67,7.67,6.0,10,43.48,2,1
76,15,6,2,2,44,7.0,77.0,0,11.0,0.0,inf,15,34.09,10,3
76,15,9,2,2,50,8.0,60.0,5,7.5,12.0,9.6,23,46.0,6,2
76,15,10,1,1,26,4.0,52.0,0,13.0,0.0,inf,8,30.77,6,2
76,15,11,1,1,27,4.0,39.0,2,9.75,19.5,12.0,10,37.04,4,2
76,15,12,2,2,37,6.0,52.0,5,8.67,10.4,7.4,19,51.35,5,4
76,15,17,2,2,38,6.0,38.0,1,6.33,38.0,36.0,23,60.53,5,1
76,15,18,1,1,18,3.0,39.0,0,13.0,0.0,inf,4,22.22,5,2
86,15,10,1,1,6,1.0,7.0,0,7.0,0.0,inf,1,16.67,1,0
86,15,18,1,1,27,4.0,45.0,2,11.25,22.5,12.0,5,18.52,6,1
103,15,6,1,1,6,1.0,5.0,1,5.0,5.0,6.0,4,66.67,1,0
103,15,10,1,1,16,2.0,29.0,2,14.5,14.5,6.0,3,18.75,2,2
103,15,15,1,1,19,3.0,20.0,3,6.67,6.67,6.0,5,26.32,2,0
113,15,9,1,1,18,3.0,38.0,2,12.67,19.0,9.0,5,27.78,4,2
113,15,10,1,1,20,3.0,26.0,1,8.67,26.0,18.0,6,30.0,2,1
113,15,11,1,1,24,4.0,35.0,3,8.75,11.67,8.0,10,41.67,3,2
113,15,12,1,1,26,4.0,37.0,0,9.25,0.0,inf,6,23.08,4,1
113,15,18,1,1,19,3.0,54.0,0,18.0,0.0,inf,1,5.26,9,2
115,15,12,1,1,19,3.0,37.0,2,12.33,18.5,9.0,4,21.05,4,2
115,15,15,1,1,14,2.0,22.0,0,11.0,0.0,inf,4,28.57,1,1
116,15,1,1,1,6,1.0,5.0,4,5.0,1.25,1.5,4,66.67,1,0
116,15,5,2,2,21,3.0,31.0,2,10.33,15.5,10.5,9,42.86,6,0
116,15,6,1,1,24,4.0,38.0,1,9.5,38.0,24.0,7,29.17,5,1
116,15,10,2,2,18,3.0,30.0,1,10.0,30.0,18.0,4,22.22,1,2
116,15,11,1,1,13,2.0,29.0,1,14.5,29.0,12.0,3,23.08,3,2
116,15,12,1,1,2,0.0,0.0,1,,0.0,2.0,2,100.0,0,0
116,15,15,2,2,39,6.0,42.0,5,7.0,8.4,7.2,19,48.72,4,2
116,15,17,1,1,16,2.0,36.0,0,18.0,0.0,inf,6,37.5,2,3
116,15,18,2,2,37,6.0,67.0,2,11.17,33.5,18.0,3,8.11,5,2
137,15,1,3,3,70,11.0,105.0,0,9.55,0.0,inf,16,22.86,6,5
137,15,5,2,2,48,8.0,51.0,2,6.38,25.5,24.0,15,31.25,0,3
137,15,6,1,1,26,4.0,28.0,1,7.0,28.0,24.0,9,34.62,2,1
137,15,9,2,2,48,8.0,71.0,1,8.88,71.0,48.0,13,27.08,4,4
137,15,10,2,2,51,8.0,64.0,2,8.0,32.0,24.0,10,19.61,4,2
137,15,12,1,1,25,4.0,32.0,1,8.0,32.0,24.0,8,32.0,3,1
137,15,15,1,1,24,4.0,21.0,0,5.25,0.0,inf,8,33.33,1,0
137,15,17,3,3,78,13.0,87.0,4,6.69,21.75,18.0,28,35.9,5,4
137,15,18,2,2,49,8.0,44.0,1,5.5,44.0,48.0,12,24.49,1,0
139,15,6,2,2,38,6.0,35.0,0,5.83,0.0,inf,17,44.74,1,2
139,15,10,1,1,26,4.0,34.0,0,8.5,0.0,inf,11,42.31,3,2
139,15,11,1,1,18,3.0,47.0,2,15.67,23.5,9.0,8,44.44,2,6
139,15,18,1,1,12,2.0,11.0,0,5.5,0.0,inf,5,41.67,1,0
145,15,10,1,1,19,3.0,24.0,1,8.0,24.0,18.0,8,42.11,2,1
145,15,18,1,1,12,2.0,27.0,0,13.5,0.0,inf,3,25.0,3,2
148,15,5,1,1,26,4.0,42.0,0,10.5,0.0,inf,8,30.77,2,3
148,15,6,2,2,50,8.0,39.0,3,4.88,13.0,16.0,22,44.0,2,0
148,15,9,1,1,25,4.0,20.0,2,5.0,10.0,12.0,16,64.0,2,1
148,15,10,1,1,24,4.0,30.0,2,7.5,15.0,12.0,10,41.67,5,0
148,15,11,3,3,74,12.0,115.0,3,9.58,38.33,24.0,28,37.84,14,3
148,15,12,2,2,48,8.0,79.0,2,9.88,39.5,24.0,23,47.92,9,5
148,15,15,2,2,50,8.0,71.0,3,8.88,23.67,16.0,22,44.0,6,3
148,15,17,2,2,38,6.0,62.0,1,10.33,62.0,36.0,13,34.21,7,2
148,15,18,2,2,43,7.0,30.0,4,4.29,7.5,10.5,27,62.79,4,0
156,15,5,1,1,20,3.0,23.0,1,7.67,23.0,18.0,5,25.0,2,0
156,15,12,1,1,12,2.0,23.0,0,11.5,0.0,inf,4,33.33,5,0
156,15,17,1,1,24,4.0,19.0,2,4.75,9.5,12.0,12,50.0,2,0
162,15,1,2,2,34,5.0,52.0,1,10.4,52.0,33.0,9,26.47,4,1
162,15,5,1,1,24,4.0,44.0,0,11.0,0.0,inf,6,25.0,2,4
162,15,6,2,2,43,7.0,55.0,3,7.86,18.33,14.0,12,27.91,4,2
162,15,9,1,1,25,4.0,13.0,2,3.25,6.5,12.0,13,52.0,0,0
162,15,10,2,2,39,6.0,40.0,1,6.67,40.0,39.0,18,46.15,4,1
162,15,11,1,1,24,4.0,39.0,0,9.75,0.0,inf,5,20.83,2,2
162,15,15,1,1,25,4.0,28.0,2,7.0,14.0,12.0,7,28.0,1,0
162,15,17,2,2,52,8.0,59.0,3,7.38,19.67,16.0,17,32.69,3,2
162,15,18,1,1,24,4.0,30.0,2,7.5,15.0,12.0,10,41.67,2,2
169,15,1,2,2,50,8.0,77.0,2,9.62,38.5,24.0,15,30.0,10,2
169,15,5,1,1,26,4.0,60.0,0,15.0,0.0,inf,4,15.38,4,5
169,15,6,2,2,50,8.0,72.0,4,9.0,18.0,12.0,9,18.0,6,2
169,15,9,2,2,49,8.0,80.0,4,10.0,20.0,12.0,17,34.69,5,6
169,15,11,1,1,26,4.0,43.0,2,10.75,21.5,12.0,7,26.92,5,2
169,15,12,1,1,28,4.0,38.0,1,9.5,38.0,24.0,8,28.57,3,1
169,15,17,1,1,19,3.0,10.0,3,3.33,3.33,6.0,13,68.42,0,0
169,15,18,1,1,24,4.0,26.0,2,6.5,13.0,12.0,5,20.83,1,0
172,15,5,1,1,24,4.0,41.0,1,10.25,41.0,24.0,9,37.5,5,2
172,15,6,2,2,43,7.0,49.0,3,7.0,16.33,14.0,19,44.19,3,3
172,15,9,1,1,25,4.0,31.0,1,7.75,31.0,24.0,12,48.0,2,2
172,15,11,1,1,12,2.0,27.0,0,13.5,0.0,inf,4,33.33,3,2
172,15,12,1,1,19,3.0,25.0,0,8.33,0.0,inf,4,21.05,1,1
172,15,15,1,1,25,4.0,35.0,1,8.75,35.0,24.0,8,32.0,3,1
172,15,17,1,1,25,4.0,42.0,1,10.5,42.0,24.0,7,28.0,5,2
172,15,18,1,1,12,2.0,14.0,0,7.0,0.0,inf,4,33.33,2,0
179,15,1,3,3,73,12.0,84.0,2,7.0,42.0,36.0,21,28.77,3,4
179,15,5,2,2,49,8.0,59.0,3,7.38,19.67,16.0,18,36.73,2,4
179,15,6,1,1,25,4.0,26.0,2,6.5,13.0,12.0,9,36.0,3,0
179,15,9,2,2,52,8.0,71.0,5,8.88,14.2,9.6,10,19.23,6,2
179,15,10,2,2,50,8.0,71.0,2,8.88,35.5,24.0,14,28.0,1,6
179,15,12,1,1,28,4.0,28.0,3,7.0,9.33,8.0,9,32.14,0,2
179,15,15,1,1,24,4.0,22.0,3,5.5,7.33,8.0,8,33.33,1,0
179,15,17,3,3,77,12.0,83.0,2,6.92,41.5,36.0,26,33.77,4,4
179,15,18,2,2,51,8.0,83.0,5,10.38,16.6,9.6,13,25.49,5,5
187,15,11,1,1,24,4.0,28.0,1,7.0,28.0,24.0,7,29.17,0,2
187,15,18,1,1,18,3.0,27.0,0,9.0,0.0,inf,4,22.22,2,1
189,15,1,1,1,27,4.0,26.0,1,6.5,26.0,24.0,6,22.22,1,0
189,15,6,1,1,26,4.0,39.0,2,9.75,19.5,12.0,9,34.62,2,3
189,15,10,1,1,12,2.0,17.0,0,8.5,0.0,inf,2,16.67,2,0
189,15,11,1,1,18,3.0,25.0,1,8.33,25.0,18.0,5,27.78,4,0
189,15,17,1,1,24,4.0,36.0,2,9.0,18.0,12.0,4,16.67,2,1
189,15,18,1,1,12,2.0,13.0,0,6.5,0.0,inf,5,41.67,0,1
199,15,9,1,1,7,1.0,17.0,0,17.0,0.0,inf,0,0.0,1,1
200,15,1,2,2,31,5.0,41.0,2,8.2,20.5,15.0,9,29.03,3,2
200,15,5,1,1,12,2.0,19.0,0,9.5,0.0,inf,4,33.33,2,1
200,15,6,2,2,30,5.0,45.0,1,9.0,45.0,30.0,7,23.33,3,2
200,15,9,1,1,7,1.0,16.0,0,16.0,0.0,inf,2,28.57,0,2
200,15,10,1,1,14,2.0,19.0,0,9.5,0.0,inf,3,21.43,1,1
200,15,11,2,2,32,5.0,70.0,0,14.0,0.0,inf,6,18.75,4,6
200,15,12,2,2,30,5.0,46.0,1,9.2,46.0,30.0,8,26.67,4,2
200,15,15,1,1,14,2.0,20.0,0,10.0,0.0,inf,3,21.43,3,0
200,15,18,2,2,50,8.0,60.0,0,7.5,0.0,inf,14,28.0,2,3
213,15,1,1,1,24,4.0,24.0,0,6.0,0.0,inf,10,41.67,3,0
213,15,5,1,1,18,3.0,16.0,1,5.33,16.0,18.0,9,50.0,2,0
213,15,9,1,1,24,4.0,31.0,1,7.75,31.0,24.0,5,20.83,1,1
213,15,11,1,1,18,3.0,15.0,1,5.0,15.0,18.0,7,38.89,1,0
213,15,12,1,1,12,2.0,8.0,0,4.0,0.0,inf,6,50.0,1,0
213,15,15,1,1,18,3.0,36.0,1,12.0,36.0,18.0,4,22.22,2,3
224,15,1,2,2,31,5.0,41.0,0,8.2,0.0,inf,6,19.35,2,1
224,15,5,1,1,24,4.0,23.0,2,5.75,11.5,12.0,13,54.17,2,1
224,15,6,1,1,24,4.0,35.0,3,8.75,11.67,8.0,10,41.67,2,3
224,15,9,1,1,24,4.0,11.0,2,2.75,5.5,12.0,19,79.17,2,0
224,15,10,1,1,25,4.0,40.0,0,10.0,0.0,inf,5,20.0,3,2
224,15,11,3,3,69,11.0,80.0,2,7.27,40.0,33.5,22,31.88,4,4
224,15,12,2,2,54,9.0,70.0,5,7.78,14.0,9.6,18,33.33,4,4
224,15,15,2,2,33,5.0,38.0,2,7.6,19.0,16.0,13,39.39,3,2
224,15,18,2,2,54,9.0,72.0,3,8.0,24.0,16.0,17,31.48,4,3
249,15,15,1,1,20,3.0,48.0,0,16.0,0.0,inf,3,15.0,5,3
255,15,1,1,1,24,4.0,31.0,0,7.75,0.0,inf,7,29.17,1,2
255,15,5,2,2,49,8.0,47.0,0,5.88,0.0,inf,15,30.61,1,2
255,15,6,1,1,24,4.0,15.0,0,3.75,0.0,inf,10,41.67,0,0
255,15,10,2,2,49,8.0,40.0,3,5.0,13.33,16.0,24,48.98,5,0
255,15,11,2,2,50,8.0,40.0,2,5.0,20.0,24.0,22,44.0,2,1
255,15,12,1,1,26,4.0,23.0,1,5.75,23.0,24.0,13,50.0,1,1
255,15,15,2,2,48,8.0,57.0,1,7.12,57.0,48.0,14,29.17,1,3
255,15,17,1,1,24,4.0,12.0,1,3.0,12.0,24.0,13,54.17,0,0
255,15,18,2,2,48,8.0,47.0,1,5.88,47.0,48.0,20,41.67,0,3
258,15,6,1,1,6,1.0,10.0,0,10.0,0.0,inf,0,0.0,1,0
258,15,9,1,1,7,1.0,10.0,0,10.0,0.0,inf,1,14.29,1,0
263,15,1,1,1,24,4.0,48.0,0,12.0,0.0,inf,7,29.17,5,3
263,15,6,2,2,44,7.0,41.0,1,5.86,41.0,42.0,21,47.73,4,1
263,15,9,2,2,42,7.0,36.0,5,5.14,7.2,8.4,25,59.52,4,1
263,15,10,2,2,44,7.0,68.0,3,9.71,22.67,14.67,15,34.09,7,3
263,15,11,2,2,49,8.0,44.0,3,5.5,14.67,16.0,26,53.06,6,0
263,15,12,1,1,26,4.0,28.0,1,7.0,28.0,24.0,5,19.23,2,0
263,15,15,1,1,24,4.0,32.0,1,8.0,32.0,24.0,11,45.83,4,1
263,15,17,1,1,24,4.0,31.0,0,7.75,0.0,inf,6,25.0,1,1
263,15,18,2,2,50,8.0,55.0,1,6.88,55.0,48.0,17,34.0,4,1
264,15,1,1,1,18,3.0,31.0,1,10.33,31.0,18.0,3,16.67,2,2
264,15,6,1,1,6,1.0,12.0,0,12.0,0.0,inf,2,33.33,1,1
281,15,1,1,1,19,3.0,26.0,0,8.67,0.0,inf,8,42.11,3,1
281,15,5,1,1,25,4.0,22.0,1,5.5,22.0,24.0,16,64.0,3,0
281,15,10,1,1,25,4.0,27.0,2,6.75,13.5,12.0,13,52.0,3,1
281,15,11,1,1,18,3.0,18.0,1,6.0,18.0,18.0,8,44.44,3,0
281,15,15,1,1,13,2.0,24.0,0,12.0,0.0,inf,4,30.77,3,1
281,15,17,1,1,13,2.0,21.0,0,10.5,0.0,inf,6,46.15,2,1
283,15,1,1,1,24,4.0,51.0,1,12.75,51.0,24.0,6,25.0,9,1
283,15,5,1,1,21,3.0,29.0,1,9.67,29.0,20.0,6,28.57,3,1
283,15,9,1,1,22,3.0,28.0,1,9.33,28.0,19.0,12,54.55,2,2
283,15,10,1,1,19,3.0,32.0,0,10.67,0.0,inf,5,26.32,2,2
283,15,12,1,1,26,4.0,42.0,0,10.5,0.0,inf,8,30.77,5,2
283,15,17,1,1,21,3.0,20.0,4,6.67,5.0,5.25,11,52.38,1,1
283,15,18,1,1,24,4.0,35.0,1,8.75,35.0,24.0,8,33.33,2,2
292,15,1,2,2,50,8.0,52.0,2,6.5,26.0,24.0,24,48.0,7,0
292,15,5,2,2,45,7.0,55.0,2,7.86,27.5,21.0,19,42.22,5,2
292,15,6,1,1,24,4.0,44.0,1,11.0,44.0,24.0,10,41.67,6,2
292,15,9,2,2,50,8.0,73.0,1,9.12,73.0,48.0,16,32.0,7,3
292,15,10,2,2,51,8.0,79.0,1,9.88,79.0,48.0,21,41.18,8,5
292,15,12,1,1,25,4.0,36.0,0,9.0,0.0,inf,10,40.0,5,1
292,15,15,1,1,27,4.0,23.0,2,5.75,11.5,12.0,15,55.56,2,1
292,15,17,3,3,66,11.0,82.0,3,7.45,27.33,22.0,30,45.45,11,2
292,15,18,2,2,49,8.0,48.0,4,6.0,12.0,12.0,25,51.02,6,0
297,15,5,1,1,12,2.0,7.0,0,3.5,0.0,inf,8,66.67,1,0
297,15,6,1,1,21,3.0,34.0,1,11.33,34.0,18.0,3,14.29,3,1
297,15,11,1,1,18,3.0,25.0,2,8.33,12.5,9.0,5,27.78,4,0
297,15,15,1,1,25,4.0,36.0,1,9.0,36.0,24.0,9,36.0,6,0
308,15,9,1,1,18,3.0,15.0,0,5.0,0.0,inf,11,61.11,1,1
308,15,10,1,1,27,4.0,35.0,3,8.75,11.67,8.0,10,37.04,2,2
308,15,11,1,1,6,1.0,26.0,0,26.0,0.0,inf,1,16.67,2,3
308,15,12,1,1,26,4.0,47.0,2,11.75,23.5,12.0,6,23.08,3,3
308,15,17,1,1,25,4.0,29.0,0,7.25,0.0,inf,10,40.0,3,1
312,15,1,1,1,20,3.0,26.0,0,8.67,0.0,inf,5,25.0,1,1
312,15,5,2,2,42,7.0,54.0,2,7.71,27.0,21.0,13,30.95,3,3
312,15,6,1,1,25,4.0,23.0,1,5.75,23.0,24.0,11,44.0,1,1
312,15,10,1,1,26,4.0,44.0,1,11.0,44.0,24.0,8,30.77,3,3
312,15,11,1,1,13,2.0,30.0,0,15.0,0.0,inf,1,7.69,1,2
312,15,12,1,1,26,4.0,14.0,0,3.5,0.0,inf,14,53.85,0,0
312,15,15,2,2,43,7.0,70.0,1,10.0,70.0,42.0,15,34.88,4,6
312,15,17,1,1,25,4.0,33.0,1,8.25,33.0,24.0,10,40.0,3,2
312,15,18,1,1,25,4.0,38.0,0,9.5,0.0,inf,9,36.0,3,2
319,15,1,2,2,51,8.0,67.0,1,8.38,67.0,48.0,14,27.45,7,1
319,15,5,1,1,25,4.0,29.0,0,7.25,0.0,inf,11,44.0,2,1
319,15,6,2,2,37,6.0,36.0,2,6.0,18.0,18.0,13,35.14,4,0
319,15,9,1,1,19,3.0,32.0,0,10.67,0.0,inf,8,42.11,5,1
319,15,10,2,2,34,5.0,54.0,3,10.8,18.0,10.0,6,17.65,6,1
319,15,11,1,1,25,4.0,29.0,2,7.25,14.5,12.0,8,32.0,4,0
319,15,15,2,2,50,8.0,57.0,0,7.12,0.0,inf,17,34.0,6,0
319,15,17,2,2,52,8.0,58.0,2,7.25,29.0,24.0,18,34.62,3,2
319,15,18,1,1,24,4.0,23.0,0,5.75,0.0,inf,7,29.17,2,0
327,15,1,2,2,24,4.0,28.0,1,7.0,28.0,24.0,7,29.17,2,1
327,15,5,1,1,11,1.0,17.0,1,17.0,17.0,11.0,4,36.36,0,2
327,15,10,1,1,24,4.0,13.0,3,3.25,4.33,8.0,16,66.67,0,1
327,15,11,1,1,24,4.0,21.0,1,5.25,21.0,24.0,8,33.33,0,1
327,15,12,1,1,6,1.0,8.0,0,8.0,0.0,inf,3,50.0,0,1
327,15,15,1,1,6,1.0,10.0,0,10.0,0.0,inf,1,16.67,0,1
327,15,17,2,2,45,7.0,47.0,2,6.71,23.5,21.0,15,33.33,4,1
327,15,18,1,1,6,1.0,14.0,0,14.0,0.0,inf,1,16.67,1,1
331,15,17,1,1,3,0.0,8.0,1,inf,8.0,3.0,1,33.33,2,0
335,15,5,1,1,12,2.0,17.0,0,8.5,0.0,inf,4,33.33,0,1
335,15,12,2,2,54,9.0,80.0,2,8.89,40.0,24.0,14,25.93,6,4
335,15,15,1,1,25,4.0,40.0,1,10.0,40.0,24.0,4,16.0,2,2
335,15,17,1,1,20,3.0,42.0,1,14.0,42.0,18.0,4,20.0,2,3
335,15,18,1,1,27,4.0,31.0,2,7.75,15.5,12.0,8,29.63,1,1
341,15,5,1,1,24,4.0,20.0,1,5.0,20.0,24.0,14,58.33,3,0
341,15,6,1,1,28,4.0,58.0,0,14.5,0.0,inf,5,17.86,5,4
341,15,9,1,1,24,4.0,45.0,3,11.25,15.0,7.67,10,41.67,5,3
341,15,11,1,1,25,4.0,44.0,0,11.0,0.0,inf,6,24.0,0,4
341,15,12,1,1,18,3.0,38.0,1,12.67,38.0,18.0,4,22.22,2,3
346,15,5,1,1,12,2.0,8.0,0,4.0,0.0,inf,8,66.67,1,0
346,15,9,1,1,12,2.0,7.0,0,3.5,0.0,inf,5,41.67,0,0
346,15,11,1,1,24,4.0,29.0,1,7.25,29.0,24.0,6,25.0,2,1
346,15,12,1,1,18,3.0,28.0,0,9.33,0.0,inf,5,27.78,3,1
360,15,1,2,2,49,8.0,53.0,3,6.62,17.67,16.0,16,32.65,4,1
360,15,5,1,1,24,4.0,28.0,2,7.0,14.0,12.0,10,41.67,3,1
360,15,6,2,2,37,6.0,66.0,3,11.0,22.0,12.0,11,29.73,2,7
360,15,9,1,1,24,4.0,20.0,4,5.0,5.0,6.0,15,62.5,0,2
360,15,10,1,1,24,4.0,40.0,1,10.0,40.0,24.0,8,33.33,3,3
360,15,11,3,3,73,12.0,81.0,4,6.75,20.25,18.0,32,43.84,4,5
360,15,12,2,2,49,8.0,55.0,3,6.88,18.33,16.0,22,44.9,2,4
360,15,15,2,2,30,5.0,25.0,5,5.0,5.0,6.0,15,50.0,2,1
360,15,18,2,2,36,6.0,62.0,1,10.33,62.0,36.0,8,22.22,2,6
363,15,5,1,1,24,4.0,24.0,2,6.0,12.0,12.0,10,41.67,2,0
363,15,6,2,2,48,8.0,60.0,1,7.5,60.0,48.0,11,22.92,1,3
363,15,9,1,1,24,4.0,22.0,2,5.5,11.0,12.0,11,45.83,2,0
363,15,10,1,1,25,4.0,30.0,1,7.5,30.0,24.0,9,36.0,1,1
363,15,11,3,3,72,12.0,57.0,1,4.75,57.0,72.0,29,40.28,2,1
363,15,12,2,2,48,8.0,43.0,3,5.38,14.33,16.0,18,37.5,2,1
363,15,15,2,2,48,8.0,73.0,1,9.12,73.0,48.0,7,14.58,4,3
363,15,17,2,2,48,8.0,61.0,3,7.62,20.33,16.0,9,18.75,2,3
363,15,18,2,2,49,8.0,51.0,5,6.38,10.2,9.4,19,38.78,0,4
367,15,1,1,1,26,4.0,34.0,0,8.5,0.0,inf,11,42.31,3,2
367,15,5,2,2,44,7.0,62.0,2,8.86,31.0,21.0,11,25.0,5,2
367,15,6,1,1,24,4.0,24.0,2,6.0,12.0,12.0,10,41.67,3,0
367,15,9,2,2,42,7.0,64.0,2,9.14,32.0,21.0,13,30.95,5,4
367,15,10,2,2,48,8.0,50.0,3,6.25,16.67,16.0,21,43.75,5,1
367,15,11,2,2,52,8.0,60.0,2,7.5,30.0,24.0,16,30.77,7,0
367,15,12,1,1,27,4.0,41.0,1,10.25,41.0,24.0,10,37.04,4,2
367,15,15,1,1,26,4.0,29.0,0,7.25,0.0,inf,5,19.23,2,0
367,15,17,2,2,51,8.0,92.0,1,11.5,92.0,48.0,13,25.49,6,6
371,15,1,1,1,25,4.0,17.0,0,4.25,0.0,inf,15,60.0,2,0
371,15,6,1,1,26,4.0,40.0,1,10.0,40.0,24.0,10,38.46,3,3
371,15,11,1,1,25,4.0,41.0,0,10.25,0.0,inf,10,40.0,7,1
371,15,17,1,1,24,4.0,37.0,0,9.25,0.0,inf,9,37.5,4,2
371,15,18,1,1,26,4.0,18.0,1,4.5,18.0,24.0,14,53.85,2,0
373,15,17,1,1,1,0.0,6.0,0,inf,0.0,inf,0,0.0,0,1
382,15,1,1,1,24,4.0,18.0,0,4.5,0.0,inf,6,25.0,0,0
382,15,11,1,1,12,2.0,20.0,2,10.0,10.0,6.0,5,41.67,1,2
389,15,5,1,1,12,2.0,15.0,0,7.5,0.0,inf,2,16.67,1,0
389,15,9,2,2,25,4.0,40.0,1,10.0,40.0,24.0,6,24.0,0,4
389,15,11,1,1,24,4.0,41.0,0,10.25,0.0,inf,7,29.17,3,3
389,15,12,2,2,19,3.0,17.0,2,5.67,8.5,9.0,12,63.16,3,0
389,15,18,2,2,30,5.0,37.0,1,7.4,37.0,30.0,10,33.33,3,1
390,15,1,1,1,22,3.0,24.0,2,8.0,12.0,9.5,6,27.27,3,0
390,15,11,1,1,26,4.0,28.0,0,7.0,0.0,inf,10,38.46,3,0
399,15,6,1,1,13,2.0,8.0,0,4.0,0.0,inf,5,38.46,0,0
399,15,10,1,1,24,4.0,22.0,1,5.5,22.0,24.0,9,37.5,2,0
399,15,11,3,3,54,9.0,49.0,5,5.44,9.8,10.2,21,38.89,4,0
399,15,12,1,1,25,4.0,36.0,1,9.0,36.0,24.0,9,36.0,4,1
399,15,15,1,1,24,4.0,27.0,1,6.75,27.0,24.0,10,41.67,0,2
399,15,17,1,1,19,3.0,35.0,0,11.67,0.0,inf,6,31.58,4,2
399,15,18,2,2,30,5.0,45.0,0,9.0,0.0,inf,12,40.0,7,1
404,15,9,1,1,18,3.0,32.0,1,10.67,32.0,18.0,6,33.33,3,2
404,15,12,2,2,51,8.0,66.0,2,8.25,33.0,24.0,18,35.29,3,5
404,15,17,2,2,46,7.0,42.0,4,6.0,10.5,10.5,24,52.17,1,2
419,15,5,1,1,6,1.0,20.0,0,20.0,0.0,inf,0,0.0,3,1
419,15,17,1,1,7,1.0,7.0,0,7.0,0.0,inf,1,14.29,0,0
420,15,1,1,1,6,1.0,12.0,1,12.0,12.0,6.0,2,33.33,1,1
420,15,5,1,1,6,1.0,11.0,0,11.0,0.0,inf,1,16.67,0,1
420,15,10,1,1,8,1.0,22.0,0,22.0,0.0,inf,0,0.0,1,2
420,15,15,1,1,6,1.0,14.0,0,14.0,0.0,inf,0,0.0,1,1
427,15,1,2,2,46,7.0,75.0,2,10.71,37.5,22.5,14,30.43,7,4
427,15,6,2,2,49,8.0,52.0,2,6.5,26.0,24.0,22,44.9,2,3
427,15,10,1,1,25,4.0,28.0,3,7.0,9.33,8.0,12,48.0,3,1
427,15,11,2,2,48,8.0,42.0,4,5.25,10.5,12.0,28,58.33,5,1
427,15,12,1,1,26,4.0,64.0,0,16.0,0.0,inf,5,19.23,7,4
427,15,15,2,2,42,7.0,48.0,2,6.86,24.0,21.0,19,45.24,8,0
427,15,18,2,2,53,8.0,68.0,7,8.5,9.71,6.86,20,37.74,4,4
438,15,11,1,1,25,4.0,33.0,1,8.25,33.0,24.0,12,48.0,3,2
438,15,12,1,1,7,1.0,23.0,0,23.0,0.0,inf,1,14.29,2,2
438,15,18,1,1,25,4.0,42.0,2,10.5,21.0,12.0,10,40.0,3,3
439,15,1,1,1,26,4.0,24.0,3,6.0,8.0,8.0,9,34.62,2,0
439,15,5,1,1,18,3.0,10.0,1,3.33,10.0,18.0,11,61.11,1,0
439,15,10,1,1,25,4.0,31.0,0,7.75,0.0,inf,5,20.0,2,1
439,15,11,1,1,27,4.0,46.0,2,11.5,23.0,12.0,5,18.52,3,3
439,15,12,1,1,25,4.0,36.0,2,9.0,18.0,12.0,13,52.0,5,2
439,15,15,1,1,24,4.0,23.0,2,5.75,11.5,12.0,9,37.5,2,0
439,15,17,1,1,26,4.0,20.0,3,5.0,6.67,8.0,16,61.54,2,0
439,15,18,2,2,49,8.0,85.0,1,10.62,85.0,48.0,16,32.65,5,7
444,15,1,1,1,6,1.0,9.0,0,9.0,0.0,inf,2,33.33,0,1
444,15,6,2,2,24,4.0,44.0,1,11.0,44.0,24.0,6,25.0,2,4
444,15,10,1,1,6,1.0,11.0,0,11.0,0.0,inf,0,0.0,0,1
449,15,1,1,1,24,4.0,23.0,3,5.75,7.67,8.0,12,50.0,1,1
449,15,5,2,2,39,6.0,52.0,2,8.67,26.0,18.0,10,25.64,5,1
449,15,9,1,1,24,4.0,20.0,3,5.0,6.67,8.0,11,45.83,2,0
449,15,10,1,1,17,2.0,24.0,2,12.0,12.0,8.0,5,29.41,4,0
449,15,12,2,2,48,8.0,74.0,3,9.25,24.67,14.0,13,27.08,7,3
449,15,15,1,1,19,3.0,29.0,1,9.67,29.0,16.0,4,21.05,4,0
449,15,17,1,1,31,5.0,42.0,1,8.4,42.0,24.0,6,19.35,4,0
449,15,18,1,1,27,4.0,35.0,1,8.75,35.0,24.0,5,18.52,2,1
453,15,9,1,1,15,2.0,19.0,0,9.5,0.0,inf,9,60.0,2,1
454,15,5,1,1,6,1.0,8.0,0,8.0,0.0,inf,1,16.67,1,0
454,15,10,2,2,12,2.0,28.0,0,14.0,0.0,inf,0,0.0,2,2
454,15,17,1,1,6,1.0,10.0,0,10.0,0.0,inf,2,33.33,2,0
455,15,1,1,1,18,3.0,29.0,0,9.67,0.0,inf,4,22.22,3,1
455,15,6,1,1,18,3.0,22.0,2,7.33,11.0,9.0,8,44.44,2,1
455,15,9,1,1,18,3.0,32.0,2,10.67,16.0,9.0,8,44.44,2,3
455,15,11,1,1,24,4.0,19.0,1,4.75,19.0,24.0,9,37.5,1,0
462,15,10,1,1,18,3.0,34.0,1,11.33,34.0,18.0,7,38.89,1,4
464,15,15,1,1,6,1.0,13.0,0,13.0,0.0,inf,1,16.67,1,1
470,15,10,1,1,14,2.0,15.0,0,7.5,0.0,inf,5,35.71,2,0
470,15,15,1,1,26,4.0,40.0,3,10.0,13.33,8.0,9,34.62,3,3
472,15,1,1,1,24,4.0,32.0,1,8.0,32.0,24.0,10,41.67,3,1
472,15,5,2,2,48,8.0,51.0,4,6.38,12.75,12.0,17,35.42,1,3
472,15,6,1,1,20,3.0,43.0,0,14.33,0.0,inf,4,20.0,4,3
472,15,9,2,2,44,7.0,49.0,8,7.0,6.12,5.25,15,34.09,3,2
472,15,11,2,2,37,6.0,60.0,0,10.0,0.0,inf,6,16.22,3,4
472,15,12,2,2,42,7.0,38.0,4,5.43,9.5,10.5,18,42.86,4,0
472,15,15,1,1,24,4.0,40.0,1,10.0,40.0,24.0,10,41.67,2,4
472,15,17,1,1,27,4.0,46.0,1,11.5,46.0,24.0,7,25.93,3,3
472,15,18,2,2,40,6.0,60.0,2,10.0,30.0,20.0,9,22.5,6,2
482,15,1,1,1,24,4.0,58.0,0,14.5,0.0,inf,3,12.5,5,4
482,15,12,1,1,25,4.0,23.0,2,5.75,11.5,12.0,12,48.0,0,1
482,15,15,1,1,19,3.0,34.0,0,11.33,0.0,inf,5,26.32,3,2
482,15,17,1,1,12,2.0,20.0,0,10.0,0.0,inf,2,16.67,3,0
488,15,18,1,1,6,1.0,8.0,0,8.0,0.0,inf,1,16.67,1,0
494,15,5,1,1,25,4.0,34.0,1,8.5,34.0,24.0,11,44.0,3,2
494,15,6,1,1,24,4.0,46.0,0,11.5,0.0,inf,5,20.83,4,3
494,15,9,1,1,25,4.0,33.0,1,8.25,33.0,24.0,13,52.0,2,3
494,15,10,1,1,25,4.0,28.0,4,7.0,7.0,6.0,11,44.0,5,0
494,15,11,2,2,42,7.0,45.0,3,6.43,15.0,14.0,17,40.48,3,2
494,15,12,2,2,46,7.0,62.0,2,8.86,31.0,21.0,18,39.13,7,1
494,15,15,2,2,52,8.0,98.0,0,12.25,0.0,inf,13,25.0,8,7
494,15,17,2,2,34,5.0,57.0,1,11.4,57.0,34.0,11,32.35,9,1
494,15,18,1,1,25,4.0,24.0,0,6.0,0.0,inf,11,44.0,1,1
508,15,9,1,1,12,2.0,23.0,1,11.5,23.0,12.0,4,33.33,3,1
508,15,10,2,2,36,6.0,46.0,2,7.67,23.0,18.0,18,50.0,4,3
508,15,11,1,1,24,4.0,30.0,2,7.5,15.0,12.0,9,37.5,0,3
516,15,10,1,1,26,4.0,37.0,0,9.25,0.0,inf,10,38.46,3,2
516,15,17,1,1,28,4.0,42.0,1,10.5,42.0,24.0,10,35.71,4,2
518,15,1,2,2,37,6.0,46.0,1,7.67,46.0,36.0,15,40.54,8,0
518,15,5,2,2,46,7.0,42.0,6,6.0,7.0,7.0,28,60.87,7,0
518,15,10,1,1,18,3.0,22.0,2,7.33,11.0,9.0,10,55.56,1,2
518,15,11,1,1,24,4.0,41.0,0,10.25,0.0,inf,8,33.33,6,1
518,15,12,2,2,54,9.0,88.0,1,9.78,88.0,48.0,17,31.48,9,4
518,15,15,2,2,49,8.0,76.0,5,9.5,15.2,9.6,20,40.82,6,5
518,15,17,2,2,39,6.0,70.0,1,11.67,70.0,36.0,12,30.77,6,3
518,15,18,1,1,24,4.0,39.0,0,9.75,0.0,inf,8,33.33,4,2
528,15,1,1,1,18,3.0,18.0,0,6.0,0.0,inf,9,50.0,3,0
528,15,6,2,2,55,9.0,46.0,7,5.11,6.57,6.86,30,54.55,3,2
528,15,9,2,2,46,7.0,76.0,2,10.86,38.0,21.0,17,36.96,4,6
528,15,10,2,2,51,8.0,87.0,1,10.88,87.0,48.0,13,25.49,7,5
528,15,11,2,2,52,8.0,64.0,1,8.0,64.0,48.0,20,38.46,6,2
528,15,15,1,1,24,4.0,39.0,1,9.75,39.0,24.0,7,29.17,4,2
528,15,18,1,1,28,4.0,40.0,1,10.0,40.0,24.0,9,32.14,2,2
532,15,1,2,2,36,6.0,36.0,1,6.0,36.0,36.0,14,38.89,4,0
532,15,5,1,1,26,4.0,27.0,1,6.75,27.0,24.0,11,42.31,1,1
532,15,9,2,2,43,7.0,26.0,4,3.71,6.5,10.5,30,69.77,3,1
532,15,10,1,1,25,4.0,16.0,4,4.0,4.0,6.0,15,60.0,1,0
532,15,11,1,1,25,4.0,43.0,0,10.75,0.0,inf,9,36.0,6,1
532,15,12,1,1,26,4.0,24.0,3,6.0,8.0,8.0,13,50.0,2,1
532,15,17,1,1,25,4.0,25.0,1,6.25,25.0,24.0,13,52.0,1,1
545,15,1,2,2,52,8.0,70.0,2,8.75,35.0,24.0,15,28.85,6,1
545,15,5,1,1,24,4.0,26.0,1,6.5,26.0,24.0,12,50.0,1,2
545,15,6,2,2,52,8.0,58.0,1,7.25,58.0,48.0,16,30.77,4,0
545,15,9,2,2,54,9.0,64.0,2,7.11,32.0,24.0,21,38.89,7,2
545,15,10,1,1,24,4.0,25.0,1,6.25,25.0,24.0,14,58.33,3,1
545,15,11,1,1,27,4.0,29.0,1,7.25,29.0,24.0,13,48.15,2,2
545,15,12,2,2,36,6.0,44.0,3,7.33,14.67,12.0,17,47.22,4,2
545,15,17,2,2,37,6.0,42.0,1,7.0,42.0,37.0,14,37.84,3,2
545,15,18,1,1,24,4.0,25.0,0,6.25,0.0,inf,7,29.17,1,0
546,15,1,2,2,48,8.0,41.0,1,5.12,41.0,48.0,16,33.33,2,0
546,15,5,2,2,37,6.0,35.0,3,5.83,11.67,12.0,11,29.73,3,0
546,15,6,1,1,19,3.0,36.0,0,12.0,0.0,inf,2,10.53,3,2
546,15,10,2,2,18,3.0,31.0,0,10.33,0.0,inf,3,16.67,3,1
546,15,11,1,1,12,2.0,16.0,0,8.0,0.0,inf,4,33.33,1,1
546,15,12,1,1,25,4.0,11.0,2,2.75,5.5,12.0,14,56.0,0,0
546,15,15,1,1,24,4.0,27.0,2,6.75,13.5,12.0,8,33.33,0,2
546,15,17,2,2,49,8.0,68.0,2,8.5,34.0,24.0,10,20.41,6,2
555,15,1,2,2,47,7.0,66.0,1,9.43,66.0,43.0,9,19.15,7,1
555,15,6,1,1,26,4.0,20.0,2,5.0,10.0,12.0,11,42.31,1,0
555,15,9,1,1,26,4.0,41.0,2,10.25,20.5,11.0,6,23.08,2,2
555,15,10,1,1,21,3.0,52.0,1,17.33,52.0,18.0,5,23.81,5,4
555,15,17,1,1,25,4.0,23.0,3,5.75,7.67,8.0,10,40.0,2,0
555,15,18,1,1,28,4.0,35.0,2,8.75,17.5,12.0,6,21.43,2,1
557,15,5,1,1,20,3.0,36.0,2,12.0,18.0,9.0,8,40.0,4,2
557,15,17,1,1,19,3.0,36.0,1,12.0,36.0,18.0,1,5.26,4,1
564,15,1,1,1,24,4.0,31.0,1,7.75,31.0,24.0,9,37.5,3,1
564,15,5,1,1,24,4.0,25.0,1,6.25,25.0,24.0,11,45.83,2,1
564,15,6,1,1,27,4.0,20.0,2,5.0,10.0,12.0,15,55.56,1,1
564,15,10,2,2,49,8.0,72.0,4,9.0,18.0,12.0,18,36.73,8,3
564,15,11,2,2,51,8.0,68.0,1,8.5,68.0,48.0,27,52.94,9,3
564,15,12,1,1,25,4.0,23.0,4,5.75,5.75,6.0,12,48.0,2,1
564,15,15,2,2,49,8.0,50.0,1,6.25,50.0,48.0,23,46.94,6,1
564,15,17,1,1,24,4.0,16.0,2,4.0,8.0,12.0,13,54.17,2,0
564,15,18,1,1,24,4.0,34.0,0,8.5,0.0,inf,7,29.17,2,2
576,15,6,1,1,25,4.0,31.0,1,7.75,31.0,24.0,7,28.0,3,1
576,15,11,2,2,37,6.0,63.0,3,10.5,21.0,12.0,7,18.92,4,4
576,15,17,1,1,24,4.0,20.0,0,5.0,0.0,inf,7,29.17,0,0
576,15,18,1,1,12,2.0,7.0,2,3.5,3.5,6.0,5,41.67,0,0
610,15,1,1,1,24,4.0,43.0,0,10.75,0.0,inf,6,25.0,5,2
611,15,1,1,1,24,4.0,29.0,2,7.25,14.5,12.0,8,33.33,2,1
611,15,9,2,2,43,7.0,60.0,3,8.57,20.0,14.0,17,39.53,3,5
611,15,10,1,1,24,4.0,14.0,2,3.5,7.0,12.0,14,58.33,1,0
611,15,11,1,1,21,3.0,32.0,0,10.67,0.0,inf,6,28.57,2,2
611,15,12,1,1,24,4.0,34.0,1,8.5,34.0,24.0,4,16.67,2,2
611,15,17,1,1,19,3.0,26.0,0,8.67,0.0,inf,8,42.11,3,1
611,15,18,1,1,24,4.0,33.0,1,8.25,33.0,24.0,8,33.33,2,2
625,15,1,1,1,27,4.0,42.0,0,10.5,0.0,inf,6,22.22,4,1
625,15,5,2,2,45,7.0,79.0,2,11.29,39.5,21.0,15,33.33,3,8
625,15,6,1,1,20,3.0,38.0,0,12.67,0.0,inf,5,25.0,4,2
625,15,9,2,2,36,6.0,62.0,2,10.33,31.0,17.0,6,16.67,5,3
625,15,11,2,2,45,7.0,56.0,0,8.0,0.0,inf,18,40.0,6,2
625,15,12,2,2,39,6.0,56.0,4,9.33,14.0,9.0,14,35.9,7,2
625,15,15,1,1,26,4.0,44.0,2,11.0,22.0,12.0,10,38.46,4,2
625,15,17,1,1,25,4.0,27.0,1,6.75,27.0,24.0,12,48.0,3,1
625,15,18,2,2,52,8.0,69.0,4,8.62,17.25,11.5,15,28.85,6,2
629,15,5,1,1,6,1.0,6.0,1,6.0,6.0,6.0,1,16.67,0,0
629,15,11,1,1,6,1.0,5.0,1,5.0,5.0,6.0,2,33.33,0,0
635,15,1,3,3,74,12.0,115.0,1,9.58,115.0,69.0,33,44.59,13,5
635,15,5,2,2,55,9.0,66.0,2,7.33,33.0,24.0,24,43.64,8,1
635,15,6,1,1,24,4.0,32.0,0,8.0,0.0,inf,12,50.0,3,2
635,15,9,2,2,57,9.0,80.0,2,8.89,40.0,24.0,14,24.56,11,0
635,15,10,2,2,42,7.0,42.0,3,6.0,14.0,14.0,25,59.52,6,1
635,15,12,1,1,27,4.0,48.0,1,12.0,48.0,24.0,5,18.52,7,1
635,15,15,1,1,24,4.0,16.0,2,4.0,8.0,12.0,16,66.67,1,1
635,15,17,3,3,78,13.0,85.0,5,6.54,17.0,14.4,39,50.0,11,3
635,15,18,2,2,51,8.0,67.0,3,8.38,22.33,16.0,25,49.02,6,4
638,15,1,2,2,43,7.0,48.0,0,6.86,0.0,inf,11,25.58,3,1
638,15,5,1,1,24,4.0,36.0,1,9.0,36.0,24.0,4,16.67,3,1
638,15,6,1,1,24,4.0,21.0,2,5.25,10.5,12.0,7,29.17,1,0
638,15,9,1,1,24,4.0,40.0,0,10.0,0.0,inf,8,33.33,1,4
638,15,11,1,1,19,3.0,47.0,0,15.67,0.0,inf,3,15.79,1,5
638,15,12,1,1,12,2.0,19.0,1,9.5,19.0,12.0,4,33.33,2,1
638,15,18,1,1,24,4.0,28.0,2,7.0,14.0,12.0,10,41.67,3,1
639,15,1,1,1,25,4.0,32.0,0,8.0,0.0,inf,7,28.0,5,0
639,15,6,2,2,45,7.0,52.0,3,7.43,17.33,14.0,25,55.56,5,2
639,15,9,1,1,19,3.0,35.0,0,11.67,0.0,inf,5,26.32,4,1
639,15,10,1,1,13,2.0,9.0,0,4.5,0.0,inf,7,53.85,1,0
639,15,11,1,1,28,4.0,24.0,2,6.0,12.0,12.0,13,46.43,1,1
639,15,15,1,1,26,4.0,44.0,1,11.0,44.0,24.0,6,23.08,1,3
639,15,18,1,1,25,4.0,40.0,2,10.0,20.0,12.0,8,32.0,3,3
644,15,5,1,1,12,2.0,13.0,1,6.5,13.0,12.0,4,33.33,1,0
644,15,9,1,1,12,2.0,23.0,3,11.5,7.67,4.0,4,33.33,1,2
644,15,10,1,1,7,1.0,14.0,0,14.0,0.0,inf,3,42.86,0,2
644,15,11,1,1,6,1.0,15.0,0,15.0,0.0,inf,2,33.33,2,1
644,15,17,1,1,7,1.0,14.0,0,14.0,0.0,inf,0,0.0,2,0
656,15,1,1,1,24,4.0,37.0,0,9.25,0.0,inf,7,29.17,1,3
656,15,5,2,2,42,7.0,66.0,0,9.43,0.0,inf,6,14.29,4,3
656,15,6,1,1,18,3.0,23.0,0,7.67,0.0,inf,5,27.78,0,2
656,15,9,2,2,42,7.0,60.0,1,8.57,60.0,42.0,8,19.05,5,2
656,15,11,2,2,24,4.0,46.0,0,11.5,0.0,inf,10,41.67,4,4
656,15,12,2,2,48,8.0,24.0,4,3.0,6.0,12.0,28,58.33,1,0
656,15,17,1,1,25,4.0,29.0,1,7.25,29.0,24.0,7,28.0,3,0
656,15,18,2,2,38,6.0,36.0,0,6.0,0.0,inf,14,36.84,2,1
657,15,5,1,1,13,2.0,29.0,0,14.5,0.0,inf,4,30.77,5,1
663,15,10,1,1,27,4.0,47.0,1,11.75,47.0,24.0,7,25.93,5,2
665,15,1,1,1,12,2.0,13.0,1,6.5,13.0,12.0,3,25.0,0,1
665,15,9,1,1,13,2.0,26.0,0,13.0,0.0,inf,3,23.08,2,2
665,15,11,2,2,31,5.0,54.0,1,10.8,54.0,30.0,5,16.13,6,2
665,15,17,1,1,19,3.0,24.0,0,8.0,0.0,inf,3,15.79,1,1
665,15,18,1,1,12,2.0,8.0,2,4.0,4.0,6.0,5,41.67,0,0
674,15,1,1,1,24,4.0,24.0,2,6.0,12.0,12.0,7,29.17,1,1
674,15,5,2,2,42,7.0,59.0,1,8.43,59.0,42.0,9,21.43,4,2
674,15,10,1,1,24,4.0,29.0,1,7.25,29.0,24.0,12,50.0,4,1
674,15,12,1,1,26,4.0,32.0,1,8.0,32.0,24.0,6,23.08,2,1
674,15,15,2,2,48,8.0,57.0,0,7.12,0.0,inf,13,27.08,3,2
674,15,17,2,2,48,8.0,60.0,7,7.5,8.57,6.86,18,37.5,3,4
675,15,5,1,1,18,3.0,18.0,0,6.0,0.0,inf,6,33.33,2,0
675,15,10,1,1,6,1.0,10.0,0,10.0,0.0,inf,2,33.33,2,0
679,15,5,1,1,6,1.0,11.0,0,11.0,0.0,inf,0,0.0,0,1
679,15,10,1,1,12,2.0,22.0,0,11.0,0.0,inf,3,25.0,1,2
679,15,11,1,1,6,1.0,9.0,0,9.0,0.0,inf,2,33.33,0,1
679,15,12,1,1,6,1.0,24.0,0,24.0,0.0,inf,0,0.0,1,3
679,15,15,1,1,6,1.0,10.0,0,10.0,0.0,inf,1,16.67,0,1
680,15,1,2,2,45,7.0,56.0,2,8.0,28.0,21.0,20,44.44,10,0
680,15,5,2,2,51,8.0,62.0,1,7.75,62.0,48.0,24,47.06,4,4
680,15,6,1,1,25,4.0,49.0,0,12.25,0.0,inf,6,24.0,6,2
680,15,9,1,1,18,3.0,14.0,1,4.67,14.0,18.0,11,61.11,2,0
680,15,10,1,1,24,4.0,44.0,1,11.0,44.0,24.0,6,25.0,5,2
680,15,11,2,2,45,7.0,57.0,0,8.14,0.0,inf,20,44.44,8,1
680,15,12,1,1,26,4.0,17.0,2,4.25,8.5,12.0,17,65.38,1,1
680,15,17,2,2,44,7.0,85.0,2,12.14,42.5,21.0,13,29.55,12,3
681,15,9,1,1,18,3.0,17.0,1,5.67,17.0,18.0,5,27.78,2,0
681,15,11,1,1,27,4.0,23.0,2,5.75,11.5,12.0,9,33.33,1,0
681,15,18,1,1,26,4.0,44.0,0,11.0,0.0,inf,4,15.38,2,3
683,15,1,1,1,19,3.0,35.0,0,11.67,0.0,inf,5,26.32,2,3
683,15,5,1,1,20,3.0,30.0,4,10.0,7.5,4.5,9,45.0,1,3
683,15,6,1,1,12,2.0,14.0,1,7.0,14.0,12.0,6,50.0,1,1
683,15,9,1,1,13,2.0,39.0,1,19.5,39.0,12.0,4,30.77,3,4
683,15,15,1,1,6,1.0,8.0,0,8.0,0.0,inf,3,50.0,0,1
683,15,17,1,1,25,4.0,52.0,0,13.0,0.0,inf,8,32.0,5,4
685,15,1,2,2,52,8.0,68.0,6,8.5,11.33,8.0,17,32.69,9,1
685,15,5,1,1,24,4.0,29.0,2,7.25,14.5,12.0,15,62.5,3,2
685,15,6,2,2,44,7.0,51.0,3,7.29,17.0,14.0,23,52.27,6,2
685,15,9,1,1,19,3.0,23.0,1,7.67,23.0,18.0,8,42.11,3,0
685,15,10,2,2,37,6.0,59.0,1,9.83,59.0,36.0,13,35.14,6,3
685,15,11,1,1,25,4.0,50.0,1,12.5,50.0,24.0,7,28.0,7,2
685,15,15,2,2,51,8.0,67.0,2,8.38,33.5,24.0,18,35.29,7,1
685,15,17,1,1,26,4.0,21.0,3,5.25,7.0,8.0,15,57.69,2,0
685,15,18,1,1,25,4.0,38.0,4,9.5,9.5,6.0,12,48.0,1,4
693,15,1,1,1,24,4.0,34.0,0,8.5,0.0,inf,5,20.83,5,0
693,15,5,1,1,26,4.0,43.0,1,10.75,43.0,24.0,9,34.62,2,4
693,15,6,1,1,25,4.0,21.0,2,5.25,10.5,12.0,14,56.0,3,0
693,15,10,1,1,12,2.0,31.0,0,15.5,0.0,inf,2,16.67,5,1
693,15,15,1,1,23,3.0,35.0,0,11.67,0.0,inf,8,34.78,5,1
696,15,1,1,1,27,4.0,36.0,1,9.0,36.0,24.0,6,22.22,2,1
696,15,6,1,1,26,4.0,35.0,0,8.75,0.0,inf,12,46.15,3,2
696,15,11,2,2,50,8.0,67.0,2,8.38,33.5,24.0,15,30.0,7,1
696,15,12,1,1,14,2.0,39.0,1,19.5,39.0,12.0,4,28.57,3,4
696,15,18,1,1,25,4.0,50.0,1,12.5,50.0,24.0,10,40.0,3,5
697,15,9,1,1,6,1.0,11.0,0,11.0,0.0,inf,0,0.0,2,0
697,15,18,1,1,8,1.0,25.0,0,25.0,0.0,inf,0,0.0,2,2
712,15,9,1,1,18,3.0,23.0,0,7.67,0.0,inf,9,50.0,4,0
712,15,18,1,1,25,4.0,40.0,1,10.0,40.0,24.0,8,32.0,6,1
717,15,1,2,2,21,3.0,27.0,1,9.0,27.0,21.0,6,28.57,3,0
717,15,5,1,1,6,1.0,11.0,0,11.0,0.0,inf,1,16.67,2,0
717,15,6,2,2,25,4.0,37.0,2,9.25,18.5,12.0,9,36.0,3,2
717,15,9,1,1,3,0.0,13.0,0,inf,0.0,inf,0,0.0,0,2
717,15,10,1,1,26,4.0,27.0,3,6.75,9.0,8.0,8,30.77,1,1
717,15,11,1,1,7,1.0,6.0,0,6.0,0.0,inf,1,14.29,0,0
717,15,15,2,2,36,6.0,44.0,0,7.33,0.0,inf,11,30.56,1,3
717,15,17,1,1,7,1.0,14.0,0,14.0,0.0,inf,1,14.29,0,1
717,15,18,1,1,13,2.0,23.0,0,11.5,0.0,inf,1,7.69,1,1
733,15,5,1,1,6,1.0,10.0,0,10.0,0.0,inf,0,0.0,0,1
733,15,11,1,1,6,1.0,15.0,0,15.0,0.0,inf,1,16.67,1,1
733,15,17,1,1,12,2.0,13.0,0,6.5,0.0,inf,2,16.67,1,0
734,15,10,1,1,24,4.0,26.0,1,6.5,26.0,24.0,8,33.33,1,1
734,15,15,1,1,18,3.0,31.0,0,10.33,0.0,inf,2,11.11,3,1
744,15,5,1,1,24,4.0,37.0,2,9.25,18.5,12.0,10,41.67,4,2
744,15,6,1,1,25,4.0,42.0,3,10.5,14.0,8.0,6,24.0,5,1
744,15,11,1,1,25,4.0,39.0,2,9.75,19.5,12.0,8,32.0,4,2
744,15,12,1,1,26,4.0,29.0,1,7.25,29.0,24.0,11,42.31,4,0
744,15,15,1,1,27,4.0,35.0,1,8.75,35.0,24.0,10,37.04,1,3
744,15,18,1,1,16,2.0,35.0,0,17.5,0.0,inf,2,12.5,3,2
749,15,1,1,1,6,1.0,11.0,0,11.0,0.0,inf,1,16.67,0,1
749,15,15,1,1,6,1.0,7.0,0,7.0,0.0,inf,2,33.33,1,0
755,15,1,1,1,27,4.0,41.0,1,10.25,41.0,24.0,4,14.81,4,1
755,15,5,2,2,52,8.0,70.0,2,8.75,35.0,24.0,14,26.92,6,2
755,15,9,2,2,41,6.0,76.0,3,12.67,25.33,13.0,12,29.27,4,7
755,15,10,2,2,52,8.0,75.0,0,9.38,0.0,inf,13,25.0,5,3
755,15,11,2,2,36,6.0,62.0,3,10.33,20.67,12.0,12,33.33,4,5
755,15,12,1,1,6,1.0,8.0,0,8.0,0.0,inf,1,16.67,1,0
755,15,15,1,1,26,4.0,34.0,3,8.5,11.33,8.0,8,30.77,3,1
755,15,17,1,1,26,4.0,25.0,2,6.25,12.5,12.0,8,30.77,2,0
760,15,10,1,1,6,1.0,7.0,0,7.0,0.0,inf,4,66.67,0,1
766,15,1,1,1,18,3.0,29.0,0,9.67,0.0,inf,5,27.78,5,0
767,15,10,1,1,7,1.0,14.0,0,14.0,0.0,inf,2,28.57,3,0
767,15,11,1,1,3,0.0,1.0,0,inf,0.0,inf,2,66.67,0,0
772,15,1,1,1,25,4.0,23.0,3,5.75,7.67,8.0,4,16.0,1,0
772,15,9,2,2,49,8.0,39.0,3,4.88,13.0,16.0,26,53.06,4,0
772,15,11,1,1,24,4.0,43.0,1,10.75,43.0,24.0,6,25.0,6,1
772,15,12,1,1,24,4.0,28.0,1,7.0,28.0,24.0,14,58.33,4,1
772,15,17,1,1,25,4.0,48.0,0,12.0,0.0,inf,8,32.0,7,2
772,15,18,2,2,52,8.0,63.0,0,7.88,0.0,inf,14,26.92,3,2
777,15,5,2,2,50,8.0,71.0,5,8.88,14.2,9.6,19,38.0,4,5
777,15,10,1,1,26,4.0,51.0,0,12.75,0.0,inf,3,11.54,4,3
777,15,11,1,1,26,4.0,50.0,1,12.5,50.0,24.0,3,11.54,7,1
777,15,15,1,1,25,4.0,40.0,1,10.0,40.0,23.0,8,32.0,3,2
6,16,1,3,3,72,12.0,84.0,4,7.0,21.0,18.0,23,31.94,6,2
6,16,5,2,2,49,8.0,57.0,4,7.12,14.25,12.0,14,28.57,5,1
6,16,9,2,2,30,5.0,52.0,1,10.4,52.0,30.0,9,30.0,2,5
6,16,10,2,2,49,8.0,69.0,2,8.62,34.5,24.0,14,28.57,4,4
6,16,11,2,2,52,8.0,53.0,3,6.62,17.67,16.0,17,32.69,2,1
6,16,12,1,1,24,4.0,32.0,2,8.0,16.0,12.0,8,33.33,1,2
6,16,15,1,1,24,4.0,22.0,3,5.5,7.33,8.0,8,33.33,1,0
6,16,17,1,1,24,4.0,37.0,0,9.25,0.0,inf,3,12.5,0,3
6,16,18,2,2,24,4.0,25.0,1,6.25,25.0,24.0,10,41.67,0,2
9,16,1,1,1,12,2.0,9.0,1,4.5,9.0,12.0,7,58.33,0,0
9,16,9,1,1,13,2.0,17.0,0,8.5,0.0,inf,5,38.46,1,1
9,16,12,1,1,23,3.0,48.0,1,16.0,48.0,18.0,4,17.39,6,2
9,16,15,1,1,20,3.0,18.0,1,6.0,18.0,17.0,7,35.0,2,0
16,16,1,1,1,30,5.0,39.0,1,7.8,39.0,24.0,11,36.67,3,1
16,16,5,1,1,25,4.0,43.0,2,10.75,21.5,12.0,11,44.0,3,4
16,16,6,1,1,18,3.0,37.0,0,12.33,0.0,inf,4,22.22,6,1
16,16,9,2,2,49,8.0,61.0,4,7.62,15.25,10.5,19,38.78,4,3
16,16,10,1,1,12,2.0,27.0,0,13.5,0.0,inf,4,33.33,4,1
16,16,11,1,1,25,4.0,44.0,1,11.0,44.0,24.0,4,16.0,6,1
16,16,12,1,1,19,3.0,16.0,2,5.33,8.0,9.0,14,73.68,2,1
18,16,1,2,2,42,7.0,55.0,1,7.86,55.0,42.0,13,30.95,4,2
18,16,6,1,1,19,3.0,39.0,1,13.0,39.0,18.0,4,21.05,6,0
18,16,10,1,1,24,4.0,29.0,2,7.25,14.5,12.0,12,50.0,3,1
18,16,11,1,1,24,4.0,25.0,3,6.25,8.33,8.0,11,45.83,4,0
18,16,12,2,2,31,5.0,52.0,0,10.4,0.0,inf,9,29.03,7,1
18,16,15,1,1,12,2.0,30.0,1,15.0,30.0,12.0,2,16.67,5,1
18,16,17,1,1,24,4.0,53.0,0,13.25,0.0,inf,7,29.17,5,4
20,16,6,1,1,6,1.0,14.0,0,14.0,0.0,inf,2,33.33,0,2
20,16,9,1,1,24,4.0,69.0,0,17.25,0.0,inf,4,16.67,3,8
20,16,10,1,1,6,1.0,12.0,0,12.0,0.0,inf,0,0.0,0,1
20,16,15,1,1,28,4.0,31.0,1,7.75,31.0,24.0,11,39.29,4,0
20,16,17,1,1,24,4.0,39.0,1,9.75,39.0,24.0,7,29.17,5,1
31,16,6,1,1,19,3.0,44.0,2,14.67,22.0,9.0,5,26.32,2,4
31,16,10,1,1,9,1.0,20.0,0,20.0,0.0,inf,2,22.22,3,0
38,16,1,1,1,26,4.0,32.0,2,8.0,16.0,12.0,10,38.46,2,2
38,16,5,2,2,49,8.0,52.0,1,6.5,52.0,42.0,25,51.02,4,3
38,16,6,1,1,25,4.0,30.0,1,7.5,30.0,24.0,10,40.0,1,2
38,16,9,2,2,52,8.0,77.0,2,9.62,38.5,24.0,21,40.38,11,2
38,16,10,2,2,37,6.0,51.0,2,8.5,25.5,18.0,17,45.95,7,2
38,16,11,2,2,40,6.0,49.0,2,8.17,24.5,18.0,16,40.0,6,1
38,16,12,1,1,24,4.0,21.0,4,5.25,5.25,6.0,12,50.0,3,0
38,16,15,1,1,26,4.0,17.0,1,4.25,17.0,24.0,15,57.69,2,0
38,16,18,2,2,50,8.0,46.0,4,5.75,11.5,10.5,25,50.0,7,0
51,16,1,1,1,19,3.0,31.0,1,10.33,31.0,18.0,3,15.79,4,0
51,16,11,1,1,24,4.0,41.0,2,10.25,20.5,12.0,10,41.67,7,0
51,16,18,2,2,43,7.0,45.0,1,6.43,45.0,38.0,19,44.19,7,0
52,16,1,1,1,24,4.0,20.0,1,5.0,20.0,24.0,8,33.33,1,0
52,16,5,2,2,24,4.0,36.0,0,9.0,0.0,inf,6,25.0,2,2
52,16,9,2,2,12,2.0,11.0,1,5.5,11.0,12.0,4,33.33,1,0
52,16,10,2,2,45,7.0,69.0,4,9.86,17.25,10.5,13,28.89,8,2
52,16,11,1,1,12,2.0,15.0,0,7.5,0.0,inf,5,41.67,2,0
52,16,15,1,1,19,3.0,26.0,0,8.67,0.0,inf,8,42.11,5,0
52,16,17,1,1,18,3.0,31.0,2,10.33,15.5,9.0,7,38.89,1,3
52,16,18,1,1,12,2.0,10.0,1,5.0,10.0,12.0,6,50.0,1,0
58,16,10,1,1,20,3.0,39.0,0,13.0,0.0,inf,3,15.0,5,0
58,16,15,1,1,19,3.0,26.0,0,8.67,0.0,inf,9,47.37,0,3
58,16,17,1,1,13,2.0,27.0,0,13.5,0.0,inf,3,23.08,2,2
60,16,1,1,1,6,1.0,14.0,0,14.0,0.0,inf,0,0.0,1,1
60,16,10,1,1,24,4.0,17.0,2,4.25,8.5,12.0,10,41.67,1,0
60,16,11,1,1,6,1.0,26.0,0,26.0,0.0,inf,0,0.0,3,2
60,16,12,1,1,6,1.0,7.0,1,7.0,7.0,6.0,3,50.0,1,0
60,16,17,1,1,6,1.0,8.0,0,8.0,0.0,inf,1,16.67,1,0
60,16,18,1,1,6,1.0,3.0,0,3.0,0.0,inf,4,66.67,0,0
63,16,5,1,1,7,1.0,16.0,0,16.0,0.0,inf,0,0.0,1,1
63,16,6,1,1,17,2.0,28.0,1,14.0,28.0,16.0,4,23.53,0,3
63,16,10,1,1,10,1.0,14.0,0,14.0,0.0,inf,3,30.0,1,1
63,16,11,2,2,18,3.0,28.0,1,9.33,28.0,18.0,7,38.89,2,2
63,16,12,1,1,6,1.0,5.0,0,5.0,0.0,inf,1,16.67,0,0
63,16,18,1,1,6,1.0,3.0,1,3.0,3.0,6.0,3,50.0,0,0
69,16,10,1,1,7,1.0,7.0,0,7.0,0.0,inf,3,42.86,1,0
71,16,1,2,2,49,8.0,62.0,3,7.75,20.67,16.0,20,40.82,9,1
71,16,6,2,2,53,8.0,77.0,2,9.62,38.5,24.0,16,30.19,5,5
71,16,11,1,1,14,2.0,31.0,0,15.5,0.0,inf,3,21.43,6,0
71,16,12,2,2,46,7.0,56.0,1,8.0,56.0,42.0,22,47.83,5,3
71,16,17,1,1,25,4.0,45.0,1,11.25,45.0,24.0,6,24.0,3,3
71,16,18,1,1,25,4.0,30.0,2,7.5,15.0,12.0,14,56.0,3,2
76,16,5,1,1,18,3.0,41.0,0,13.67,0.0,inf,2,11.11,7,1
76,16,6,1,1,18,3.0,18.0,0,6.0,0.0,inf,8,44.44,2,0
76,16,9,1,1,12,2.0,36.0,1,18.0,36.0,12.0,3,25.0,4,3
76,16,10,2,2,18,3.0,36.0,0,12.0,0.0,inf,4,22.22,4,2
76,16,11,1,1,19,3.0,32.0,1,10.67,32.0,18.0,3,15.79,4,1
76,16,12,1,1,25,4.0,32.0,2,8.0,16.0,12.0,14,56.0,3,2
76,16,18,1,1,14,2.0,22.0,1,11.0,22.0,12.0,7,50.0,3,0
78,16,18,1,1,6,1.0,18.0,0,18.0,0.0,inf,0,0.0,2,1
84,16,6,1,1,18,3.0,31.0,1,10.33,31.0,18.0,6,33.33,4,1
84,16,9,1,1,19,3.0,25.0,1,8.33,25.0,18.0,4,21.05,3,0
84,16,10,1,1,6,1.0,3.0,0,3.0,0.0,inf,3,50.0,0,0
84,16,11,1,1,14,2.0,24.0,0,12.0,0.0,inf,2,14.29,1,1
84,16,18,2,2,19,3.0,36.0,1,12.0,36.0,18.0,4,21.05,3,2
85,16,1,1,1,25,4.0,48.0,0,12.0,0.0,inf,4,16.0,2,4
85,16,5,2,2,56,9.0,74.0,5,8.22,14.8,9.6,19,33.93,5,4
85,16,6,1,1,25,4.0,36.0,0,9.0,0.0,inf,3,12.0,3,1
85,16,9,1,1,21,3.0,31.0,2,10.33,15.5,9.0,7,33.33,1,3
85,16,12,1,1,24,4.0,37.0,4,9.25,9.25,5.75,8,33.33,3,2
85,16,15,2,2,42,7.0,51.0,2,7.29,25.5,21.0,16,38.1,4,2
85,16,17,1,1,14,2.0,12.0,0,6.0,0.0,inf,6,42.86,1,0
91,16,11,1,1,24,4.0,33.0,0,8.25,0.0,inf,6,25.0,1,2
91,16,18,1,1,18,3.0,23.0,2,7.67,11.5,9.0,8,44.44,2,1
93,16,15,1,1,15,2.0,34.0,0,17.0,0.0,inf,2,13.33,3,2
106,16,1,1,1,23,3.0,25.0,1,8.33,25.0,23.0,6,26.09,2,0
106,16,5,2,2,38,6.0,82.0,0,13.67,0.0,inf,5,13.16,8,5
106,16,6,1,1,27,4.0,46.0,1,11.5,46.0,24.0,7,25.93,5,2
106,16,9,2,2,37,6.0,82.0,1,13.67,82.0,36.0,9,24.32,8,6
106,16,10,2,2,37,6.0,54.0,2,9.0,27.0,18.0,13,35.14,7,1
106,16,11,2,2,50,8.0,90.0,1,11.25,90.0,48.0,15,30.0,11,4
106,16,15,1,1,18,3.0,14.0,0,4.67,0.0,inf,8,44.44,1,0
106,16,17,1,1,25,4.0,27.0,0,6.75,0.0,inf,3,12.0,1,0
106,16,18,2,2,44,7.0,69.0,4,9.86,17.25,10.5,14,31.82,6,3
115,16,6,1,1,25,4.0,44.0,1,11.0,44.0,24.0,8,32.0,4,2
116,16,1,1,1,19,3.0,29.0,1,9.67,29.0,18.0,6,31.58,3,1
116,16,5,1,1,6,1.0,17.0,0,17.0,0.0,inf,1,16.67,2,1
116,16,6,1,1,8,1.0,17.0,0,17.0,0.0,inf,0,0.0,1,1
116,16,10,1,1,7,1.0,12.0,0,12.0,0.0,inf,3,42.86,2,0
116,16,12,1,1,7,1.0,19.0,0,19.0,0.0,inf,1,14.29,4,0
116,16,15,2,2,22,3.0,37.0,4,12.33,9.25,4.75,8,36.36,4,2
116,16,17,1,1,24,4.0,29.0,2,7.25,14.5,12.0,11,45.83,1,2
116,16,18,1,1,6,1.0,12.0,0,12.0,0.0,inf,1,16.67,1,1
123,16,1,1,1,26,4.0,40.0,1,10.0,40.0,24.0,6,23.08,2,2
123,16,5,1,1,20,3.0,37.0,2,12.33,18.5,9.0,7,35.0,2,3
123,16,6,1,1,24,4.0,62.0,1,15.5,62.0,24.0,3,12.5,5,5
123,16,9,1,1,27,4.0,41.0,2,10.25,20.5,12.0,3,11.11,2,2
123,16,10,1,1,24,4.0,20.0,3,5.0,6.67,8.0,11,45.83,2,0
123,16,11,1,1,13,2.0,24.0,0,12.0,0.0,inf,4,30.77,5,0
123,16,12,1,1,19,3.0,29.0,0,9.67,0.0,inf,6,31.58,2,2
133,16,9,1,1,28,4.0,53.0,1,13.25,53.0,24.0,6,21.43,3,4
137,16,1,2,2,30,5.0,45.0,0,9.0,0.0,inf,5,16.67,5,1
137,16,5,1,1,25,4.0,27.0,2,6.75,13.5,12.0,8,32.0,0,2
137,16,6,2,2,50,8.0,60.0,4,7.5,15.0,12.0,17,34.0,2,3
137,16,9,1,1,24,4.0,32.0,0,8.0,0.0,inf,6,25.0,1,2
137,16,10,1,1,27,4.0,25.0,2,6.25,12.5,12.0,10,37.04,2,0
137,16,12,1,1,25,4.0,25.0,1,6.25,25.0,24.0,7,28.0,2,0
137,16,15,2,2,53,8.0,62.0,2,7.75,31.0,24.0,15,28.3,3,2
137,16,17,2,2,50,8.0,69.0,1,8.62,69.0,48.0,11,22.0,3,4
137,16,18,1,1,25,4.0,23.0,2,5.75,11.5,12.0,9,36.0,2,0
139,16,6,1,1,12,2.0,19.0,0,9.5,0.0,inf,4,33.33,2,1
139,16,9,1,1,25,4.0,34.0,2,8.5,17.0,12.0,7,28.0,3,1
139,16,10,1,1,26,4.0,43.0,1,10.75,43.0,24.0,10,38.46,4,2
139,16,12,1,1,19,3.0,24.0,0,8.0,0.0,inf,6,31.58,1,1
139,16,15,1,1,6,1.0,12.0,0,12.0,0.0,inf,1,16.67,0,1
139,16,17,1,1,6,1.0,17.0,0,17.0,0.0,inf,0,0.0,0,2
139,16,18,2,2,25,4.0,38.0,0,9.5,0.0,inf,9,36.0,3,2
145,16,1,1,1,19,3.0,25.0,1,8.33,25.0,18.0,6,31.58,4,0
145,16,6,1,1,12,2.0,19.0,0,9.5,0.0,inf,5,41.67,2,1
145,16,11,1,1,14,2.0,22.0,0,11.0,0.0,inf,5,35.71,3,1
145,16,12,1,1,19,3.0,33.0,2,11.0,16.5,9.0,6,31.58,4,2
145,16,15,1,1,26,4.0,27.0,1,6.75,27.0,24.0,11,42.31,1,2
145,16,18,1,1,18,3.0,21.0,1,7.0,21.0,18.0,11,61.11,3,1
148,16,5,3,3,67,11.0,112.0,2,10.18,56.0,33.0,27,40.3,13,6
148,16,6,3,3,68,11.0,86.0,4,7.82,21.5,16.5,26,38.24,8,3
148,16,9,2,2,48,8.0,61.0,4,7.62,15.25,12.0,22,45.83,5,3
148,16,10,2,2,52,8.0,52.0,7,6.5,7.43,6.86,34,65.38,6,1
148,16,11,2,2,51,8.0,52.0,4,6.5,13.0,12.0,30,58.82,3,4
148,16,12,1,1,25,4.0,44.0,1,11.0,44.0,24.0,9,36.0,7,1
148,16,15,1,1,24,4.0,21.0,4,5.25,5.25,6.0,13,54.17,1,1
148,16,17,1,1,25,4.0,39.0,1,9.75,39.0,24.0,8,32.0,7,0
148,16,18,2,2,43,7.0,55.0,1,7.86,55.0,42.0,15,34.88,6,2
162,16,1,1,1,18,3.0,24.0,0,8.0,0.0,inf,3,16.67,3,0
162,16,5,2,2,42,7.0,72.0,0,10.29,0.0,inf,9,21.43,9,2
162,16,6,1,1,24,4.0,35.0,1,8.75,35.0,24.0,7,29.17,2,2
162,16,9,2,2,37,6.0,35.0,3,5.83,11.67,12.0,13,35.14,1,1
162,16,10,2,2,49,8.0,51.0,2,6.38,25.5,24.0,24,48.98,7,1
162,16,11,2,2,46,7.0,59.0,1,8.43,59.0,46.0,10,21.74,2,2
162,16,15,1,1,18,3.0,28.0,1,9.33,28.0,18.0,8,44.44,4,1
162,16,17,1,1,24,4.0,24.0,0,6.0,0.0,inf,7,29.17,2,0
162,16,18,2,2,43,7.0,57.0,0,8.14,0.0,inf,12,27.91,3,3
169,16,1,1,1,24,4.0,34.0,1,8.5,34.0,24.0,4,16.67,4,0
169,16,5,1,1,24,4.0,50.0,1,12.5,50.0,24.0,3,12.5,7,1
169,16,9,2,2,51,8.0,84.0,3,10.5,28.0,16.0,15,29.41,7,4
169,16,10,2,2,42,7.0,55.0,2,7.86,27.5,21.0,7,16.67,4,1
169,16,11,2,2,43,7.0,59.0,2,8.43,29.5,21.0,13,30.23,8,1
169,16,12,1,1,24,4.0,40.0,0,10.0,0.0,inf,10,41.67,3,3
169,16,17,1,1,25,4.0,34.0,1,8.5,34.0,24.0,6,24.0,3,1
169,16,18,2,2,43,7.0,54.0,0,7.71,0.0,inf,14,32.56,2,3
172,16,5,1,1,24,4.0,52.0,0,13.0,0.0,inf,5,20.83,2,5
172,16,6,1,1,24,4.0,33.0,2,8.25,16.5,12.0,8,33.33,0,3
172,16,9,1,1,24,4.0,27.0,2,6.75,13.5,12.0,13,54.17,2,2
172,16,10,1,1,25,4.0,29.0,2,7.25,14.5,12.0,13,52.0,3,1
172,16,11,1,1,18,3.0,47.0,0,15.67,0.0,inf,2,11.11,3,4
172,16,12,1,1,29,4.0,32.0,1,8.0,32.0,24.0,11,37.93,1,2
172,16,18,1,1,6,1.0,5.0,0,5.0,0.0,inf,4,66.67,1,0
178,16,5,3,3,62,10.0,91.0,8,9.1,11.38,7.75,25,40.32,7,6
178,16,6,2,2,42,7.0,67.0,5,9.57,13.4,8.4,8,19.05,5,3
178,16,9,1,1,6,1.0,12.0,0,12.0,0.0,inf,1,16.67,0,1
178,16,10,1,1,24,4.0,33.0,2,8.25,16.5,12.0,7,29.17,1,2
178,16,11,2,2,17,2.0,12.0,0,6.0,0.0,inf,5,29.41,0,0
178,16,12,1,1,24,4.0,18.0,2,4.5,9.0,12.0,12,50.0,2,0
178,16,15,1,1,24,4.0,28.0,4,7.0,7.0,6.0,12,50.0,3,1
178,16,17,1,1,26,4.0,54.0,0,13.5,0.0,inf,2,7.69,8,1
178,16,18,2,2,43,7.0,46.0,6,6.57,7.67,7.0,14,32.56,2,2
179,16,1,2,2,48,8.0,58.0,2,7.25,29.0,23.5,10,20.83,1,2
179,16,5,1,1,18,3.0,32.0,0,10.67,0.0,inf,4,22.22,3,2
179,16,6,2,2,37,6.0,48.0,2,8.0,24.0,18.0,11,29.73,4,1
179,16,9,1,1,24,4.0,25.0,4,6.25,6.25,6.0,11,45.83,2,1
179,16,10,1,1,26,4.0,27.0,3,6.75,9.0,8.0,7,26.92,2,0
179,16,12,2,2,50,8.0,90.0,1,11.25,90.0,48.0,14,28.0,10,4
179,16,15,2,2,48,8.0,46.0,8,5.75,5.75,6.0,22,45.83,3,1
179,16,17,2,2,51,8.0,65.0,1,8.12,65.0,48.0,11,21.57,3,2
179,16,18,1,1,24,4.0,41.0,0,10.25,0.0,inf,5,20.83,3,2
180,16,18,1,1,24,4.0,26.0,0,6.5,0.0,inf,8,33.33,2,0
184,16,11,1,1,13,2.0,27.0,0,13.5,0.0,inf,6,46.15,2,2
184,16,12,1,1,18,3.0,19.0,2,6.33,9.5,9.0,10,55.56,4,0
184,16,15,1,1,19,3.0,24.0,1,8.0,24.0,18.0,7,36.84,4,0
187,16,10,1,1,26,4.0,19.0,2,4.75,9.5,12.0,13,50.0,2,0
187,16,11,1,1,6,1.0,20.0,0,20.0,0.0,inf,1,16.67,0,3
187,16,15,1,1,19,3.0,26.0,1,8.67,26.0,18.0,6,31.58,1,2
189,16,5,1,1,18,3.0,20.0,1,6.67,20.0,18.0,10,55.56,1,2
189,16,9,2,2,18,3.0,30.0,0,10.0,0.0,inf,7,38.89,4,1
189,16,10,1,1,6,1.0,10.0,0,10.0,0.0,inf,2,33.33,2,0
199,16,11,1,1,14,2.0,18.0,1,9.0,18.0,12.0,4,28.57,1,1
200,16,9,2,2,12,2.0,31.0,0,15.5,0.0,inf,4,33.33,1,4
200,16,10,1,1,6,1.0,11.0,0,11.0,0.0,inf,0,0.0,1,0
200,16,15,1,1,18,3.0,38.0,1,12.67,38.0,18.0,4,22.22,4,2
200,16,18,1,1,6,1.0,15.0,0,15.0,0.0,inf,1,16.67,0,2
213,16,1,1,1,24,4.0,32.0,0,8.0,0.0,inf,7,29.17,5,0
213,16,5,1,1,24,4.0,28.0,2,7.0,14.0,12.0,6,25.0,3,0
213,16,18,1,1,24,4.0,21.0,1,5.25,21.0,24.0,8,33.33,0,1
215,16,1,1,1,6,1.0,16.0,0,16.0,0.0,inf,2,33.33,0,2
215,16,5,1,1,12,2.0,16.0,1,8.0,16.0,12.0,6,50.0,3,0
215,16,9,1,1,18,3.0,34.0,1,11.33,34.0,18.0,3,16.67,1,3
215,16,11,1,1,18,3.0,16.0,2,5.33,8.0,9.0,10,55.56,1,1
215,16,15,1,1,12,2.0,13.0,2,6.5,6.5,6.0,5,41.67,2,0
217,16,1,3,3,75,12.0,96.0,3,8.0,32.0,24.0,22,29.33,6,4
217,16,5,2,2,24,4.0,28.0,2,7.0,14.0,12.0,12,50.0,5,0
217,16,9,1,1,20,3.0,27.0,3,9.0,9.0,6.0,7,35.0,3,1
217,16,10,2,2,43,7.0,50.0,5,7.14,10.0,8.4,24,55.81,5,3
217,16,18,2,2,53,8.0,96.0,0,12.0,0.0,inf,15,28.3,11,3
224,16,1,1,1,26,4.0,29.0,1,7.25,29.0,24.0,9,34.62,2,1
224,16,5,2,2,49,8.0,84.0,1,10.5,84.0,45.0,8,16.33,8,3
224,16,6,1,1,24,4.0,36.0,1,9.0,36.0,20.0,7,29.17,2,2
224,16,9,2,2,44,7.0,82.0,1,11.71,82.0,42.0,10,22.73,6,6
224,16,10,2,2,40,6.0,64.0,2,10.67,32.0,18.0,11,27.5,5,3
224,16,11,1,1,25,4.0,32.0,3,8.0,10.67,8.0,7,28.0,3,1
224,16,12,1,1,22,3.0,22.0,1,7.33,22.0,20.0,9,40.91,1,1
224,16,15,1,1,25,4.0,37.0,1,9.25,37.0,24.0,4,16.0,3,1
224,16,18,2,2,47,7.0,68.0,3,9.71,22.67,15.67,12,25.53,6,3
228,16,5,1,1,8,1.0,19.0,0,19.0,0.0,inf,1,12.5,0,2
228,16,11,1,1,13,2.0,18.0,0,9.0,0.0,inf,4,30.77,1,1
234,16,1,1,1,12,2.0,9.0,1,4.5,9.0,12.0,4,33.33,0,0
234,16,11,1,1,12,2.0,15.0,0,7.5,0.0,inf,2,16.67,2,0
234,16,12,1,1,12,2.0,23.0,0,11.5,0.0,inf,1,8.33,2,1
234,16,15,2,2,49,8.0,63.0,3,7.88,21.0,16.0,17,34.69,5,3
234,16,17,2,2,30,5.0,39.0,3,7.8,13.0,10.0,6,20.0,1,2
242,16,6,1,1,18,3.0,18.0,1,6.0,18.0,18.0,4,22.22,1,0
242,16,15,1,1,24,4.0,50.0,1,12.5,50.0,24.0,5,20.83,2,4
243,16,1,2,2,42,7.0,72.0,1,10.29,72.0,42.0,12,28.57,5,5
243,16,6,2,2,43,7.0,65.0,4,9.29,16.25,10.5,11,25.58,6,2
243,16,12,1,1,24,4.0,26.0,1,6.5,26.0,24.0,6,25.0,2,0
243,16,17,1,1,24,4.0,25.0,2,6.25,12.5,12.0,10,41.67,2,1
247,16,12,1,1,19,3.0,19.0,1,6.33,19.0,18.0,8,42.11,1,1
251,16,1,3,3,68,11.0,115.0,5,10.45,23.0,13.2,14,20.59,9,5
251,16,6,2,2,48,8.0,58.0,3,7.25,19.33,16.0,16,33.33,6,1
251,16,9,1,1,24,4.0,19.0,1,4.75,19.0,24.0,10,41.67,1,0
251,16,10,1,1,24,4.0,22.0,3,5.5,7.33,8.0,9,37.5,2,0
251,16,11,1,1,24,4.0,34.0,2,8.5,17.0,12.0,11,45.83,2,3
251,16,12,2,2,43,7.0,44.0,4,6.29,11.0,10.5,19,44.19,6,0
251,16,15,2,2,48,8.0,82.0,2,10.25,41.0,24.0,9,18.75,7,4
251,16,17,2,2,48,8.0,67.0,0,8.38,0.0,inf,19,39.58,7,3
251,16,18,2,2,44,7.0,54.0,2,7.71,27.0,21.0,13,29.55,2,3
255,16,1,2,2,43,7.0,57.0,4,8.14,14.25,10.5,11,25.58,4,2
255,16,5,1,1,19,3.0,41.0,0,13.67,0.0,inf,4,21.05,3,3
255,16,6,2,2,36,6.0,38.0,2,6.33,19.0,18.0,13,36.11,1,2
255,16,10,1,1,25,4.0,36.0,0,9.0,0.0,inf,6,24.0,6,0
255,16,11,1,1,12,2.0,13.0,0,6.5,0.0,inf,5,41.67,0,1
255,16,12,2,2,50,8.0,69.0,1,8.62,69.0,48.0,17,34.0,5,3
255,16,15,2,2,38,6.0,44.0,0,7.33,0.0,inf,8,21.05,2,1
255,16,17,2,2,48,8.0,57.0,2,7.12,28.5,24.0,12,25.0,2,2
255,16,18,1,1,25,4.0,28.0,2,7.0,14.0,12.0,8,32.0,2,1
264,16,15,1,1,6,1.0,8.0,0,8.0,0.0,inf,1,16.67,1,0
265,16,1,1,1,7,1.0,16.0,0,16.0,0.0,inf,1,14.29,3,0
265,16,6,1,1,13,2.0,16.0,0,8.0,0.0,inf,1,7.69,1,0
265,16,10,1,1,7,1.0,7.0,0,7.0,0.0,inf,3,42.86,1,0
265,16,12,1,1,6,1.0,4.0,0,4.0,0.0,inf,5,83.33,1,0
265,16,15,2,2,13,2.0,16.0,0,8.0,0.0,inf,4,30.77,2,0
282,16,1,3,3,75,12.0,102.0,2,8.5,51.0,36.0,24,32.0,11,3
282,16,6,1,1,19,3.0,24.0,1,8.0,24.0,18.0,8,42.11,2,1
282,16,10,1,1,18,3.0,23.0,3,7.67,7.67,6.0,8,44.44,1,2
282,16,12,1,1,19,3.0,41.0,1,13.67,41.0,18.0,6,31.58,2,4
282,16,15,2,2,46,7.0,73.0,2,10.43,36.5,21.0,14,30.43,9,2
282,16,17,2,2,42,7.0,73.0,3,10.43,24.33,14.0,15,35.71,8,4
282,16,18,2,2,43,7.0,51.0,2,7.29,25.5,21.0,13,30.23,3,2
283,16,5,1,1,7,1.0,20.0,0,20.0,0.0,inf,2,28.57,3,1
283,16,6,1,1,12,2.0,8.0,0,4.0,0.0,inf,3,25.0,0,0
292,16,1,2,2,44,7.0,74.0,1,10.57,74.0,42.0,14,31.82,10,2
292,16,5,1,1,26,4.0,43.0,1,10.75,43.0,24.0,7,26.92,7,0
292,16,9,1,1,18,3.0,15.0,2,5.0,7.5,9.0,12,66.67,2,0
292,16,10,1,1,24,4.0,29.0,3,7.25,9.67,8.0,11,45.83,5,0
292,16,12,2,2,50,8.0,73.0,1,9.12,73.0,48.0,20,40.0,6,4
292,16,15,1,1,24,4.0,21.0,2,5.25,10.5,12.0,15,62.5,2,1
292,16,17,1,1,25,4.0,41.0,2,10.25,20.5,12.0,8,32.0,6,0
292,16,18,1,1,24,4.0,16.0,1,4.0,16.0,24.0,16,66.67,1,1
297,16,1,1,1,20,3.0,24.0,1,8.0,24.0,19.0,4,20.0,1,0
297,16,6,1,1,21,3.0,18.0,3,6.0,6.0,6.0,6,28.57,1,0
297,16,9,1,1,14,2.0,25.0,0,12.5,0.0,inf,2,14.29,1,2
297,16,12,1,1,7,1.0,21.0,0,21.0,0.0,inf,0,0.0,1,2
297,16,15,2,2,39,6.0,43.0,4,7.17,10.75,9.0,15,38.46,2,2
297,16,17,2,2,31,5.0,39.0,4,7.8,9.75,7.5,7,22.58,2,2
312,16,1,2,2,37,6.0,69.0,0,11.5,0.0,inf,6,16.22,5,4
312,16,5,1,1,25,4.0,38.0,1,9.5,38.0,24.0,10,40.0,2,3
312,16,6,2,2,49,8.0,85.0,3,10.62,28.33,16.0,13,26.53,4,6
312,16,10,1,1,24,4.0,16.0,2,4.0,8.0,12.0,13,54.17,2,0
312,16,11,1,1,19,3.0,28.0,0,9.33,0.0,inf,10,52.63,3,2
312,16,12,2,2,50,8.0,52.0,4,6.5,13.0,12.0,20,40.0,4,2
312,16,15,2,2,49,8.0,61.0,2,7.62,30.5,24.0,13,26.53,5,2
312,16,17,2,2,46,7.0,42.0,7,6.0,6.0,6.57,21,45.65,4,1
312,16,18,1,1,24,4.0,38.0,1,9.5,38.0,24.0,9,37.5,4,2
318,16,9,1,1,25,4.0,29.0,1,7.25,29.0,24.0,13,52.0,4,1
318,16,11,2,2,37,6.0,72.0,2,12.0,36.0,18.0,10,27.03,8,4
318,16,12,1,1,19,3.0,35.0,0,11.67,0.0,inf,4,21.05,3,2
318,16,15,1,1,18,3.0,17.0,1,5.67,17.0,18.0,10,55.56,1,1
318,16,17,1,1,18,3.0,35.0,1,11.67,35.0,18.0,9,50.0,3,3
319,16,1,1,1,24,4.0,33.0,1,8.25,33.0,24.0,7,29.17,5,0
319,16,5,2,2,50,8.0,95.0,5,11.88,19.0,9.4,16,32.0,10,6
319,16,6,1,1,27,4.0,37.0,1,9.25,37.0,24.0,8,29.63,5,0
319,16,9,2,2,43,7.0,58.0,3,8.29,19.33,14.0,20,46.51,8,2
319,16,10,2,2,38,6.0,53.0,0,8.83,0.0,inf,12,31.58,4,3
319,16,11,2,2,54,9.0,87.0,3,9.67,29.0,16.0,20,37.04,8,5
319,16,15,1,1,18,3.0,20.0,1,6.67,20.0,18.0,10,55.56,4,0
319,16,17,1,1,25,4.0,34.0,1,8.5,34.0,24.0,7,28.0,5,0
319,16,18,2,2,45,7.0,76.0,2,10.86,38.0,21.0,10,22.22,13,0
327,16,5,1,1,6,1.0,10.0,0,10.0,0.0,inf,1,16.67,2,0
327,16,9,2,2,30,5.0,51.0,1,10.2,51.0,30.0,8,26.67,5,3
327,16,10,1,1,24,4.0,16.0,0,4.0,0.0,inf,12,50.0,0,1
327,16,11,2,2,24,4.0,38.0,1,9.5,38.0,24.0,5,20.83,0,3
327,16,12,1,1,6,1.0,10.0,0,10.0,0.0,inf,2,33.33,0,1
327,16,15,1,1,12,2.0,18.0,0,9.0,0.0,inf,2,16.67,1,1
327,16,17,1,1,6,1.0,13.0,1,13.0,13.0,6.0,3,50.0,0,2
327,16,18,2,2,49,8.0,39.0,6,4.88,6.5,8.0,21,42.86,0,1
334,16,1,1,1,25,4.0,42.0,0,10.5,0.0,inf,8,32.0,5,2
334,16,5,1,1,12,2.0,30.0,2,15.0,15.0,6.0,6,50.0,3,3
334,16,9,1,1,28,4.0,34.0,1,8.5,34.0,24.0,15,53.57,2,3
334,16,11,1,1,24,4.0,36.0,2,9.0,18.0,12.0,7,29.17,3,2
334,16,12,2,2,31,5.0,55.0,2,11.0,27.5,15.0,10,32.26,3,5
334,16,15,2,2,33,5.0,65.0,0,13.0,0.0,inf,6,18.18,8,2
334,16,17,1,1,19,3.0,30.0,1,10.0,30.0,18.0,6,31.58,5,0
334,16,18,1,1,25,4.0,34.0,0,8.5,0.0,inf,5,20.0,0,2
335,16,5,1,1,28,4.0,28.0,0,7.0,0.0,inf,8,28.57,3,0
341,16,5,1,1,18,3.0,29.0,1,9.67,29.0,18.0,7,38.89,2,2
341,16,9,1,1,15,2.0,30.0,0,15.0,0.0,inf,3,20.0,2,2
346,16,9,2,2,44,7.0,47.0,2,6.71,23.5,21.0,20,45.45,6,1
346,16,11,1,1,25,4.0,26.0,1,6.5,26.0,24.0,10,40.0,2,1
346,16,18,1,1,25,4.0,32.0,0,8.0,0.0,inf,6,24.0,2,1
350,16,9,1,1,19,3.0,27.0,1,9.0,27.0,18.0,4,21.05,0,2
350,16,12,1,1,28,4.0,54.0,0,13.5,0.0,inf,7,25.0,5,3
350,16,15,1,1,19,3.0,15.0,0,5.0,0.0,inf,9,47.37,1,0
350,16,17,1,1,25,4.0,42.0,2,10.5,21.0,12.0,8,32.0,2,3
354,16,5,1,1,12,2.0,14.0,1,7.0,14.0,12.0,7,58.33,3,0
360,16,5,1,1,25,4.0,53.0,2,13.25,26.5,12.0,5,20.0,2,5
360,16,6,1,1,12,2.0,21.0,1,10.5,21.0,12.0,1,8.33,1,1
360,16,9,1,1,24,4.0,24.0,2,6.0,12.0,12.0,10,41.67,3,0
360,16,10,2,2,42,7.0,69.0,1,9.86,69.0,42.0,13,30.95,7,3
360,16,11,1,1,24,4.0,32.0,0,8.0,0.0,inf,4,16.67,2,1
360,16,12,1,1,24,4.0,39.0,2,9.75,19.5,12.0,7,29.17,2,3
360,16,18,1,1,24,4.0,20.0,1,5.0,20.0,24.0,14,58.33,0,2
363,16,5,3,3,73,12.0,90.0,8,7.5,11.25,9.0,27,36.99,12,1
363,16,6,3,3,66,11.0,107.0,3,9.73,35.67,22.0,15,22.73,8,5
363,16,9,2,2,49,8.0,91.0,3,11.38,30.33,16.0,9,18.37,7,5
363,16,10,2,2,49,8.0,59.0,4,7.38,14.75,12.0,20,40.82,2,5
363,16,11,2,2,50,8.0,60.0,5,7.5,12.0,9.6,20,40.0,1,5
363,16,12,1,1,24,4.0,26.0,1,6.5,26.0,24.0,12,50.0,3,1
363,16,15,1,1,24,4.0,28.0,0,7.0,0.0,inf,6,25.0,1,1
363,16,17,1,1,24,4.0,24.0,1,6.0,24.0,24.0,5,20.83,1,0
363,16,18,2,2,48,8.0,67.0,2,8.38,33.5,24.0,15,31.25,5,3
367,16,1,2,2,37,6.0,70.0,0,11.67,0.0,inf,6,16.22,4,5
367,16,5,2,2,50,8.0,56.0,2,7.0,28.0,24.0,13,26.0,3,1
367,16,6,1,1,25,4.0,28.0,3,7.0,9.33,8.0,13,52.0,1,2
367,16,9,1,1,24,4.0,23.0,2,5.75,11.5,12.0,10,41.67,1,1
367,16,10,1,1,24,4.0,31.0,2,7.75,15.5,12.0,8,33.33,3,1
367,16,11,1,1,25,4.0,25.0,0,6.25,0.0,inf,6,24.0,2,0
367,16,12,2,2,41,6.0,59.0,4,9.83,14.75,9.75,15,36.59,6,2
367,16,15,2,2,37,6.0,39.0,1,6.5,39.0,36.0,11,29.73,2,1
367,16,17,2,2,49,8.0,60.0,2,7.5,30.0,24.0,12,24.49,1,3
371,16,1,2,2,44,7.0,44.0,2,6.29,22.0,21.0,18,40.91,6,0
371,16,5,1,1,26,4.0,35.0,1,8.75,35.0,24.0,5,19.23,3,1
371,16,6,2,2,44,7.0,54.0,1,7.71,54.0,42.0,16,36.36,4,2
371,16,9,1,1,24,4.0,34.0,1,8.5,34.0,24.0,12,50.0,2,3
371,16,10,1,1,25,4.0,20.0,1,5.0,20.0,24.0,11,44.0,2,0
371,16,12,1,1,27,4.0,46.0,0,11.5,0.0,inf,6,22.22,3,3
371,16,15,1,1,25,4.0,48.0,0,12.0,0.0,inf,5,20.0,5,2
371,16,17,2,2,50,8.0,83.0,3,10.38,27.67,16.0,13,26.0,11,2
371,16,18,1,1,25,4.0,32.0,1,8.0,32.0,24.0,8,32.0,4,0
372,16,6,1,1,24,4.0,49.0,3,12.25,16.33,8.0,6,25.0,3,5
372,16,10,1,1,26,4.0,14.0,5,3.5,2.8,4.8,17,65.38,1,0
372,16,12,1,1,26,4.0,35.0,2,8.75,17.5,12.0,9,34.62,2,2
372,16,17,1,1,26,4.0,32.0,1,8.0,32.0,24.0,10,38.46,1,3
383,16,1,1,1,25,4.0,23.0,2,5.75,11.5,12.0,12,48.0,2,0
383,16,6,1,1,14,2.0,23.0,0,11.5,0.0,inf,3,21.43,4,0
383,16,9,1,1,25,4.0,19.0,2,4.75,9.5,12.0,13,52.0,2,0
383,16,12,2,2,37,6.0,63.0,4,10.5,15.75,9.0,16,43.24,9,3
383,16,15,2,2,36,6.0,49.0,2,8.17,24.5,18.0,17,47.22,9,0
383,16,17,1,1,20,3.0,29.0,0,9.67,0.0,inf,4,20.0,4,0
389,16,5,1,1,25,4.0,23.0,0,5.75,0.0,inf,10,40.0,1,1
389,16,6,2,2,32,5.0,66.0,1,13.2,66.0,30.0,6,18.75,5,5
389,16,17,1,1,25,4.0,29.0,1,7.25,29.0,24.0,6,24.0,0,2
390,16,1,2,2,57,9.0,81.0,4,9.0,20.25,12.0,13,22.81,6,3
390,16,5,1,1,24,4.0,15.0,3,3.75,5.0,8.0,11,45.83,0,0
390,16,9,2,2,48,8.0,50.0,1,6.25,50.0,42.0,19,39.58,3,1
390,16,10,2,2,57,9.0,59.0,5,6.56,11.8,9.6,20,35.09,6,1
390,16,11,1,1,26,4.0,48.0,0,12.0,0.0,inf,4,15.38,5,1
390,16,12,1,1,25,4.0,32.0,1,8.0,32.0,24.0,5,20.0,2,0
390,16,15,1,1,25,4.0,22.0,1,5.5,22.0,24.0,8,32.0,2,0
390,16,17,1,1,26,4.0,42.0,2,10.5,21.0,12.0,9,34.62,3,3
390,16,18,1,1,22,3.0,22.0,2,7.33,11.0,10.0,6,27.27,0,0
399,16,5,2,2,25,4.0,34.0,1,8.5,34.0,24.0,11,44.0,3,2
399,16,6,2,2,25,4.0,42.0,0,10.5,0.0,inf,6,24.0,3,3
399,16,9,1,1,19,3.0,34.0,0,11.33,0.0,inf,9,47.37,3,3
399,16,10,2,2,25,4.0,28.0,0,7.0,0.0,inf,8,32.0,4,0
399,16,11,2,2,36,6.0,46.0,2,7.67,23.0,18.0,17,47.22,6,2
399,16,18,2,2,26,4.0,44.0,0,11.0,0.0,inf,8,30.77,7,1
411,16,6,2,2,26,4.0,63.0,0,15.75,0.0,inf,5,19.23,7,4
411,16,10,1,1,7,1.0,12.0,0,12.0,0.0,inf,1,14.29,2,0
411,16,11,1,1,21,3.0,39.0,3,13.0,13.0,6.0,4,19.05,4,2
411,16,12,1,1,25,4.0,48.0,1,12.0,48.0,24.0,9,36.0,7,2
411,16,17,1,1,18,3.0,28.0,1,9.33,28.0,14.0,6,33.33,2,2
421,16,1,3,3,36,6.0,87.0,0,14.5,0.0,inf,6,16.67,5,8
421,16,6,2,2,27,4.0,30.0,0,7.5,0.0,inf,10,37.04,2,1
421,16,9,1,1,14,2.0,20.0,1,10.0,20.0,12.0,5,35.71,1,1
421,16,10,1,1,19,3.0,30.0,0,10.0,0.0,inf,4,21.05,5,0
421,16,11,1,1,22,3.0,31.0,0,10.33,0.0,inf,10,45.45,2,2
421,16,12,2,2,36,6.0,56.0,2,9.33,28.0,18.0,16,44.44,4,4
421,16,15,2,2,31,5.0,31.0,1,6.2,31.0,30.0,7,22.58,4,0
421,16,17,2,2,24,4.0,45.0,2,11.25,22.5,12.0,10,41.67,5,3
421,16,18,2,2,30,5.0,31.0,0,6.2,0.0,inf,11,36.67,2,1
424,16,5,1,1,18,3.0,35.0,0,11.67,0.0,inf,7,38.89,1,4
424,16,17,1,1,13,2.0,19.0,0,9.5,0.0,inf,3,23.08,1,1
427,16,5,1,1,19,3.0,32.0,0,10.67,0.0,inf,7,36.84,5,1
427,16,10,1,1,19,3.0,29.0,1,9.67,29.0,18.0,9,47.37,2,2
427,16,18,1,1,19,3.0,15.0,2,5.0,7.5,9.0,13,68.42,1,1
439,16,12,1,1,24,4.0,54.0,2,13.5,27.0,12.0,7,29.17,6,3
439,16,17,1,1,12,2.0,25.0,0,12.5,0.0,inf,5,41.67,2,2
444,16,1,1,1,6,1.0,13.0,0,13.0,0.0,inf,0,0.0,2,0
444,16,5,1,1,1,0.0,1.0,0,inf,0.0,inf,0,0.0,0,0
444,16,6,1,1,6,1.0,11.0,0,11.0,0.0,inf,2,33.33,2,0
444,16,9,1,1,18,3.0,24.0,1,8.0,24.0,18.0,4,22.22,2,1
444,16,10,1,1,6,1.0,7.0,0,7.0,0.0,inf,0,0.0,0,0
444,16,18,1,1,12,2.0,14.0,0,7.0,0.0,inf,5,41.67,2,0
455,16,1,3,3,56,9.0,91.0,3,10.11,30.33,18.0,16,28.57,3,8
455,16,6,1,1,24,4.0,24.0,1,6.0,24.0,24.0,6,25.0,0,1
455,16,11,1,1,12,2.0,14.0,0,7.0,0.0,inf,5,41.67,1,1
455,16,12,1,1,21,3.0,24.0,0,8.0,0.0,inf,2,9.52,0,1
455,16,15,1,1,25,4.0,39.0,0,9.75,0.0,inf,6,24.0,4,1
455,16,17,1,1,25,4.0,35.0,1,8.75,35.0,24.0,5,20.0,3,1
470,16,5,2,2,48,8.0,78.0,3,9.75,26.0,16.0,9,18.75,5,3
470,16,9,2,2,44,7.0,56.0,2,8.0,28.0,21.0,13,29.55,4,2
470,16,10,2,2,49,8.0,72.0,2,9.0,36.0,24.0,12,24.49,7,2
470,16,11,2,2,49,8.0,64.0,5,8.0,12.8,9.6,19,38.78,5,3
470,16,15,1,1,18,3.0,28.0,0,9.33,0.0,inf,5,27.78,5,0
470,16,17,1,1,25,4.0,41.0,1,10.25,41.0,24.0,7,28.0,2,3
472,16,1,2,2,43,7.0,33.0,1,4.71,33.0,42.0,14,32.56,1,0
472,16,5,1,1,12,2.0,23.0,0,11.5,0.0,inf,2,16.67,1,2
472,16,6,2,2,45,7.0,62.0,1,8.86,62.0,42.0,7,15.56,1,4
472,16,9,1,1,19,3.0,15.0,2,5.0,7.5,9.0,9,47.37,0,1
472,16,11,1,1,24,4.0,31.0,1,7.75,31.0,24.0,8,33.33,2,1
472,16,12,2,2,43,7.0,53.0,1,7.57,53.0,42.0,13,30.23,2,3
472,16,15,2,2,42,7.0,49.0,1,7.0,49.0,42.0,10,23.81,2,2
472,16,17,2,2,48,8.0,60.0,2,7.5,30.0,24.0,14,29.17,5,2
472,16,18,1,1,24,4.0,35.0,1,8.75,35.0,24.0,5,20.83,0,3
482,16,1,2,2,52,8.0,90.0,0,11.25,0.0,inf,14,26.92,9,5
482,16,15,1,1,25,4.0,42.0,1,10.5,42.0,24.0,4,16.0,5,1
482,16,17,1,1,25,4.0,48.0,1,12.0,48.0,24.0,7,28.0,4,3
482,16,18,2,2,38,6.0,57.0,1,9.5,57.0,36.0,16,42.11,4,4
485,16,5,1,1,25,4.0,32.0,2,8.0,16.0,12.0,7,28.0,1,2
485,16,9,1,1,18,3.0,26.0,2,8.67,13.0,9.0,6,33.33,2,1
485,16,10,1,1,18,3.0,33.0,1,11.0,33.0,18.0,3,16.67,4,1
485,16,11,1,1,9,1.0,19.0,2,19.0,9.5,4.5,5,55.56,0,3
485,16,15,1,1,19,3.0,45.0,0,15.0,0.0,inf,0,0.0,1,4
485,16,18,2,2,43,7.0,68.0,3,9.71,22.67,14.0,16,37.21,4,6
489,16,1,1,1,6,1.0,7.0,0,7.0,0.0,inf,1,16.67,0,0
489,16,5,1,1,6,1.0,11.0,0,11.0,0.0,inf,1,16.67,2,0
493,16,6,1,1,25,4.0,24.0,0,6.0,0.0,inf,10,40.0,3,0
493,16,11,1,1,28,4.0,35.0,1,8.75,35.0,24.0,13,46.43,2,3
493,16,12,2,2,52,8.0,98.0,1,12.25,98.0,48.0,10,19.23,7,6
493,16,17,1,1,24,4.0,33.0,0,8.25,0.0,inf,10,41.67,2,2
494,16,1,1,1,26,4.0,40.0,0,10.0,0.0,inf,6,23.08,3,2
494,16,5,1,1,10,1.0,19.0,1,19.0,19.0,10.0,4,40.0,1,2
494,16,15,1,1,14,2.0,37.0,0,18.5,0.0,inf,4,28.57,5,1
495,16,5,3,3,74,12.0,110.0,3,9.17,36.67,24.0,25,33.78,7,6
495,16,6,2,2,45,7.0,46.0,3,6.57,15.33,14.0,12,26.67,3,0
495,16,9,1,1,25,4.0,21.0,2,5.25,10.5,12.0,12,48.0,1,1
495,16,10,1,1,26,4.0,20.0,0,5.0,0.0,inf,11,42.31,1,0
495,16,11,2,2,36,6.0,54.0,3,9.0,18.0,10.67,10,27.78,4,3
495,16,15,1,1,18,3.0,35.0,0,11.67,0.0,inf,2,11.11,3,2
495,16,17,1,1,26,4.0,39.0,2,9.75,19.5,12.0,5,19.23,4,1
495,16,18,2,2,49,8.0,44.0,3,5.5,14.67,16.0,23,46.94,5,0
508,16,5,1,1,6,1.0,8.0,0,8.0,0.0,inf,4,66.67,2,0
508,16,6,1,1,6,1.0,20.0,0,20.0,0.0,inf,2,33.33,0,3
508,16,9,1,1,26,4.0,26.0,1,6.5,26.0,24.0,9,34.62,2,0
508,16,10,1,1,25,4.0,23.0,0,5.75,0.0,inf,9,36.0,2,0
508,16,12,1,1,25,4.0,31.0,1,7.75,31.0,24.0,10,40.0,1,2
508,16,17,1,1,12,2.0,10.0,1,5.0,10.0,12.0,5,41.67,0,0
516,16,5,1,1,20,3.0,41.0,0,13.67,0.0,inf,4,20.0,6,1
516,16,9,1,1,15,2.0,30.0,1,15.0,30.0,12.0,5,33.33,3,2
516,16,17,1,1,9,1.0,21.0,0,21.0,0.0,inf,1,11.11,4,0
532,16,1,1,1,20,3.0,42.0,1,14.0,42.0,18.0,4,20.0,5,2
532,16,5,2,2,38,6.0,50.0,2,8.33,25.0,18.0,16,42.11,2,4
532,16,9,1,1,6,1.0,15.0,0,15.0,0.0,inf,2,33.33,2,1
540,16,1,1,1,28,4.0,36.0,3,9.0,12.0,8.0,10,35.71,4,1
540,16,18,1,1,15,2.0,24.0,0,12.0,0.0,inf,4,26.67,2,1
545,16,1,1,1,24,4.0,30.0,5,7.5,6.0,4.8,10,41.67,4,0
545,16,5,2,2,48,8.0,57.0,2,7.12,28.5,24.0,16,33.33,4,2
545,16,6,1,1,12,2.0,10.0,0,5.0,0.0,inf,6,50.0,1,0
545,16,9,2,2,50,8.0,62.0,2,7.75,31.0,24.0,21,42.0,10,0
545,16,10,2,2,51,8.0,56.0,3,7.0,18.67,16.0,19,37.25,4,2
545,16,11,2,2,45,7.0,80.0,1,11.43,80.0,42.0,13,28.89,10,3
545,16,12,1,1,27,4.0,33.0,1,8.25,33.0,24.0,12,44.44,6,0
545,16,17,1,1,25,4.0,48.0,1,12.0,48.0,24.0,10,40.0,7,2
545,16,18,2,2,37,6.0,49.0,1,8.17,49.0,36.0,14,37.84,4,2
546,16,1,2,2,48,8.0,54.0,2,6.75,27.0,24.0,18,37.5,3,2
546,16,5,2,2,48,8.0,65.0,0,8.12,0.0,inf,16,33.33,9,1
546,16,6,1,1,12,2.0,21.0,0,10.5,0.0,inf,3,25.0,1,2
546,16,9,1,1,24,4.0,30.0,1,7.5,30.0,24.0,8,33.33,5,0
546,16,12,2,2,25,4.0,45.0,1,11.25,45.0,24.0,8,32.0,4,3
546,16,15,2,2,48,8.0,42.0,5,5.25,8.4,9.6,27,56.25,5,1
546,16,17,2,2,48,8.0,56.0,0,7.0,0.0,inf,12,25.0,3,2
555,16,15,1,1,7,1.0,13.0,0,13.0,0.0,inf,2,28.57,1,1
556,16,5,1,1,24,4.0,37.0,1,9.25,37.0,24.0,3,12.5,5,0
556,16,11,1,1,13,2.0,14.0,0,7.0,0.0,inf,2,15.38,0,0
557,16,12,1,1,25,4.0,40.0,3,10.0,13.33,8.0,9,36.0,6,1
564,16,1,1,1,19,3.0,24.0,0,8.0,0.0,inf,6,31.58,4,0
564,16,5,1,1,12,2.0,19.0,0,9.5,0.0,inf,6,50.0,1,2
564,16,6,1,1,18,3.0,35.0,0,11.67,0.0,inf,7,38.89,3,3
564,16,10,1,1,6,1.0,6.0,0,6.0,0.0,inf,3,50.0,1,0
564,16,12,1,1,24,4.0,27.0,1,6.75,27.0,24.0,11,45.83,2,1
564,16,15,1,1,19,3.0,42.0,0,14.0,0.0,inf,3,15.79,3,3
564,16,17,2,2,18,3.0,36.0,0,12.0,0.0,inf,5,27.78,4,2
566,16,15,1,1,12,2.0,29.0,0,14.5,0.0,inf,3,25.0,3,2
602,16,5,1,1,24,4.0,37.0,1,9.25,37.0,24.0,9,37.5,4,2
602,16,6,1,1,18,3.0,21.0,0,7.0,0.0,inf,5,27.78,2,0
602,16,17,1,1,24,4.0,25.0,0,6.25,0.0,inf,8,33.33,1,1
611,16,10,1,1,7,1.0,11.0,0,11.0,0.0,inf,0,0.0,0,0
611,16,15,1,1,18,3.0,42.0,0,14.0,0.0,inf,3,16.67,2,4
623,16,1,2,2,49,8.0,72.0,1,9.0,72.0,48.0,12,24.49,6,2
623,16,5,1,1,24,4.0,27.0,2,6.75,13.5,12.0,11,45.83,3,1
623,16,6,2,2,43,7.0,58.0,1,8.29,58.0,42.0,14,32.56,2,4
623,16,11,1,1,18,3.0,22.0,0,7.33,0.0,inf,6,33.33,2,1
623,16,12,1,1,25,4.0,26.0,1,6.5,26.0,24.0,11,44.0,1,2
623,16,15,1,1,24,4.0,44.0,0,11.0,0.0,inf,8,33.33,4,3
623,16,17,2,2,50,8.0,60.0,5,7.5,12.0,9.6,16,32.0,5,2
623,16,18,1,1,6,1.0,12.0,0,12.0,0.0,inf,2,33.33,1,1
625,16,1,1,1,19,3.0,40.0,0,13.33,0.0,inf,2,10.53,3,3
625,16,5,1,1,13,2.0,25.0,1,12.5,25.0,12.0,2,15.38,3,1
625,16,6,1,1,19,3.0,15.0,1,5.0,15.0,18.0,7,36.84,1,0
625,16,11,1,1,7,1.0,18.0,0,18.0,0.0,inf,1,14.29,4,0
625,16,12,1,1,25,4.0,43.0,0,10.75,0.0,inf,7,28.0,4,2
625,16,15,2,2,23,3.0,37.0,2,12.33,18.5,11.5,6,26.09,6,0
625,16,17,1,1,12,2.0,15.0,1,7.5,15.0,12.0,4,33.33,2,0
625,16,18,1,1,14,2.0,27.0,2,13.5,13.5,6.0,3,21.43,0,3
629,16,12,1,1,1,0.0,0.0,0,,0.0,inf,1,100.0,0,0
638,16,5,1,1,24,4.0,33.0,0,8.25,0.0,inf,10,41.67,4,1
638,16,6,1,1,16,2.0,16.0,0,8.0,0.0,inf,4,25.0,1,0
638,16,9,1,1,12,2.0,20.0,0,10.0,0.0,inf,2,16.67,1,1
638,16,10,1,1,24,4.0,28.0,3,7.0,9.33,8.0,10,41.67,2,1
638,16,11,1,1,18,3.0,32.0,0,10.67,0.0,inf,5,27.78,1,3
638,16,12,1,1,6,1.0,6.0,0,6.0,0.0,inf,3,50.0,1,0
638,16,18,1,1,6,1.0,11.0,0,11.0,0.0,inf,1,16.67,2,0
639,16,1,1,1,26,4.0,49.0,1,12.25,49.0,24.0,6,23.08,4,3
639,16,9,1,1,24,4.0,40.0,1,10.0,40.0,24.0,9,37.5,3,3
639,16,10,1,1,23,3.0,34.0,2,11.33,17.0,11.0,9,39.13,5,1
639,16,11,1,1,26,4.0,51.0,1,12.75,51.0,24.0,7,26.92,9,1
639,16,15,1,1,27,4.0,33.0,2,8.25,16.5,12.0,9,33.33,3,1
644,16,1,2,2,24,4.0,40.0,2,10.0,20.0,12.0,7,29.17,2,3
644,16,11,1,1,24,4.0,28.0,2,7.0,14.0,12.0,11,45.83,3,1
644,16,12,1,1,15,2.0,21.0,1,10.5,21.0,11.0,4,26.67,2,1
644,16,17,1,1,6,1.0,11.0,0,11.0,0.0,inf,0,0.0,1,0
645,16,9,1,1,12,2.0,14.0,0,7.0,0.0,inf,1,8.33,1,0
656,16,1,1,1,25,4.0,24.0,0,6.0,0.0,inf,10,40.0,1,1
656,16,5,1,1,25,4.0,20.0,0,5.0,0.0,inf,11,44.0,2,0
656,16,6,2,2,42,7.0,59.0,2,8.43,29.5,21.0,11,26.19,2,4
656,16,9,1,1,18,3.0,13.0,2,4.33,6.5,9.0,12,66.67,2,0
656,16,11,1,1,24,4.0,38.0,0,9.5,0.0,inf,6,25.0,5,1
656,16,12,2,2,44,7.0,54.0,2,7.71,27.0,21.0,14,31.82,5,1
656,16,15,2,2,50,8.0,50.0,3,6.25,16.67,16.0,14,28.0,1,2
656,16,17,2,2,36,6.0,42.0,1,7.0,42.0,36.0,16,44.44,2,3
656,16,18,1,1,24,4.0,38.0,1,9.5,38.0,24.0,8,33.33,1,3
660,16,1,1,1,21,3.0,42.0,0,14.0,0.0,inf,7,33.33,6,2
660,16,6,1,1,24,4.0,48.0,1,12.0,48.0,24.0,7,29.17,3,4
660,16,10,1,1,24,4.0,28.0,1,7.0,28.0,24.0,10,41.67,3,1
660,16,11,1,1,19,3.0,10.0,3,3.33,3.33,6.0,11,57.89,1,0
660,16,12,1,1,18,3.0,32.0,1,10.67,32.0,18.0,9,50.0,1,4
660,16,15,1,1,24,4.0,35.0,0,8.75,0.0,inf,5,20.83,3,1
660,16,18,1,1,27,4.0,41.0,3,10.25,13.67,8.0,6,22.22,5,1
664,16,6,1,1,12,2.0,14.0,1,7.0,14.0,12.0,3,25.0,0,1
674,16,1,2,2,48,8.0,64.0,2,8.0,32.0,24.0,16,33.33,4,3
674,16,5,1,1,24,4.0,28.0,0,7.0,0.0,inf,11,45.83,3,1
674,16,9,2,2,43,7.0,54.0,2,7.71,27.0,21.0,11,25.58,5,1
674,16,10,2,2,36,6.0,39.0,2,6.5,19.5,18.0,13,36.11,1,2
674,16,11,2,2,49,8.0,66.0,1,8.25,66.0,48.0,12,24.49,8,1
674,16,12,1,1,25,4.0,36.0,0,9.0,0.0,inf,4,16.0,4,0
674,16,15,1,1,24,4.0,27.0,1,6.75,27.0,24.0,4,16.67,2,0
674,16,17,1,1,25,4.0,41.0,1,10.25,41.0,24.0,3,12.0,1,3
674,16,18,1,1,24,4.0,37.0,2,9.25,18.5,12.0,7,29.17,2,2
679,16,15,1,1,7,1.0,7.0,0,7.0,0.0,inf,3,42.86,1,0
679,16,18,1,1,7,1.0,8.0,0,8.0,0.0,inf,4,57.14,0,1
681,16,6,1,1,28,4.0,36.0,1,9.0,36.0,24.0,9,32.14,5,0
681,16,18,1,1,27,4.0,53.0,2,13.25,26.5,12.0,8,29.63,1,6
682,16,1,2,2,50,8.0,83.0,5,10.38,16.6,9.6,17,34.0,7,5
682,16,6,1,1,6,1.0,4.0,1,4.0,4.0,6.0,2,33.33,0,0
682,16,12,1,1,19,3.0,37.0,0,12.33,0.0,inf,1,5.26,3,1
682,16,15,1,1,25,4.0,37.0,4,9.25,9.25,6.0,7,28.0,4,1
682,16,17,1,1,13,2.0,23.0,0,11.5,0.0,inf,1,7.69,1,1
682,16,18,2,2,47,7.0,35.0,5,5.0,7.0,9.0,22,46.81,1,1
685,16,1,1,1,24,4.0,36.0,1,9.0,36.0,24.0,9,37.5,5,1
685,16,6,1,1,25,4.0,34.0,0,8.5,0.0,inf,7,28.0,4,1
685,16,10,1,1,18,3.0,36.0,0,12.0,0.0,inf,8,44.44,2,4
685,16,11,1,1,26,4.0,40.0,2,10.0,20.0,12.0,12,46.15,2,4
685,16,18,2,2,54,9.0,86.0,4,9.56,21.5,12.0,22,40.74,5,7
690,16,1,1,1,24,4.0,19.0,1,4.75,19.0,24.0,11,45.83,1,0
690,16,5,2,2,52,8.0,75.0,4,9.38,18.75,12.0,17,32.69,4,5
690,16,9,1,1,24,4.0,46.0,0,11.5,0.0,inf,8,33.33,6,2
690,16,11,1,1,25,4.0,19.0,0,4.75,0.0,inf,10,40.0,0,1
690,16,12,1,1,26,4.0,30.0,3,7.5,10.0,8.0,10,38.46,2,0
690,16,17,1,1,24,4.0,30.0,3,7.5,10.0,8.0,8,33.33,3,1
693,16,6,1,1,26,4.0,30.0,1,7.5,30.0,24.0,7,26.92,2,0
693,16,12,1,1,19,3.0,32.0,0,10.67,0.0,inf,8,42.11,7,0
693,16,15,1,1,21,3.0,32.0,2,10.67,16.0,9.0,5,23.81,5,0
693,16,17,1,1,13,2.0,22.0,0,11.0,0.0,inf,1,7.69,3,0
693,16,18,1,1,28,4.0,30.0,2,7.5,15.0,12.0,9,32.14,1,1
702,16,17,1,1,6,1.0,10.0,0,10.0,0.0,inf,1,16.67,1,0
702,16,18,1,1,12,2.0,10.0,1,5.0,10.0,12.0,5,41.67,1,0
712,16,1,3,3,72,12.0,150.0,2,12.5,75.0,34.0,19,26.39,17,9
712,16,5,2,2,44,7.0,57.0,4,8.14,14.25,10.5,17,38.64,4,3
712,16,9,2,2,51,8.0,68.0,2,8.5,34.0,22.5,22,43.14,5,4
712,16,10,2,2,43,7.0,44.0,1,6.29,44.0,42.0,18,41.86,5,1
712,16,11,2,2,49,8.0,79.0,4,9.88,19.75,12.0,17,34.69,9,3
712,16,12,1,1,26,4.0,49.0,3,12.25,16.33,8.0,8,30.77,3,4
712,16,15,1,1,19,3.0,26.0,0,8.67,0.0,inf,7,36.84,4,0
712,16,17,1,1,27,4.0,45.0,3,11.25,15.0,8.0,8,29.63,5,2
712,16,18,2,2,37,6.0,46.0,2,7.67,23.0,15.0,12,32.43,2,2
717,16,5,1,1,12,2.0,23.0,1,11.5,23.0,12.0,2,16.67,4,0
717,16,6,1,1,6,1.0,16.0,0,16.0,0.0,inf,0,0.0,3,0
717,16,9,1,1,12,2.0,27.0,0,13.5,0.0,inf,2,16.67,4,1
717,16,17,1,1,6,1.0,9.0,0,9.0,0.0,inf,0,0.0,1,0
717,16,18,1,1,6,1.0,19.0,1,19.0,19.0,6.0,1,16.67,3,1
724,16,6,1,1,24,4.0,33.0,0,8.25,0.0,inf,6,25.0,1,2
729,16,5,2,2,31,5.0,44.0,1,8.8,44.0,30.0,8,25.81,3,2
729,16,6,2,2,36,6.0,71.0,1,11.83,71.0,36.0,10,27.78,4,6
729,16,9,2,2,51,8.0,70.0,3,8.75,23.33,16.0,21,41.18,6,4
729,16,10,2,2,42,7.0,54.0,0,7.71,0.0,inf,17,40.48,6,1
729,16,11,1,1,24,4.0,24.0,1,6.0,24.0,24.0,7,29.17,2,0
729,16,12,1,1,27,4.0,31.0,1,7.75,31.0,24.0,10,37.04,3,1
733,16,1,1,1,7,1.0,13.0,0,13.0,0.0,inf,2,28.57,1,1
733,16,10,1,1,18,3.0,26.0,1,8.67,26.0,18.0,5,27.78,2,1
733,16,11,1,1,12,2.0,15.0,0,7.5,0.0,inf,4,33.33,1,1
733,16,17,1,1,19,3.0,28.0,0,9.33,0.0,inf,4,21.05,3,1
733,16,18,1,1,19,3.0,42.0,1,14.0,42.0,18.0,6,31.58,1,5
734,16,1,1,1,18,3.0,27.0,0,9.0,0.0,inf,3,16.67,4,0
734,16,5,1,1,25,4.0,35.0,0,8.75,0.0,inf,9,36.0,4,1
734,16,6,1,1,24,4.0,23.0,2,5.75,11.5,12.0,8,33.33,2,0
734,16,9,2,2,48,8.0,56.0,3,7.0,18.67,16.0,18,37.5,3,3
734,16,10,2,2,49,8.0,54.0,2,6.75,27.0,24.0,14,28.57,5,0
734,16,11,1,1,24,4.0,51.0,0,12.75,0.0,inf,7,29.17,1,6
734,16,12,1,1,24,4.0,15.0,4,3.75,3.75,6.0,15,62.5,2,0
734,16,18,1,1,18,3.0,39.0,1,13.0,39.0,18.0,2,11.11,4,2
740,16,10,1,1,24,4.0,40.0,1,10.0,40.0,24.0,5,20.83,4,2
742,16,1,1,1,18,3.0,28.0,0,9.33,0.0,inf,2,11.11,3,1
744,16,1,2,2,52,8.0,78.0,3,9.75,26.0,16.0,19,36.54,5,5
744,16,5,1,1,24,4.0,35.0,0,8.75,0.0,inf,8,33.33,2,2
744,16,6,1,1,24,4.0,43.0,1,10.75,43.0,24.0,8,33.33,4,3
744,16,9,1,1,26,4.0,20.0,2,5.0,10.0,12.0,15,57.69,3,0
744,16,11,1,1,24,4.0,44.0,0,11.0,0.0,inf,10,41.67,6,2
744,16,12,1,1,24,4.0,36.0,2,9.0,18.0,12.0,10,41.67,2,3
744,16,15,2,2,50,8.0,77.0,2,9.62,38.5,24.0,14,28.0,8,2
744,16,17,1,1,27,4.0,31.0,0,7.75,0.0,inf,6,22.22,3,0
747,16,1,1,1,6,1.0,8.0,0,8.0,0.0,inf,1,16.67,1,0
747,16,5,1,1,7,1.0,7.0,0,7.0,0.0,inf,3,42.86,1,0
747,16,18,1,1,12,2.0,10.0,0,5.0,0.0,inf,7,58.33,0,1
749,16,10,1,1,6,1.0,13.0,0,13.0,0.0,inf,1,16.67,1,1
749,16,18,1,1,6,1.0,4.0,0,4.0,0.0,inf,2,33.33,0,0
755,16,5,1,1,23,3.0,55.0,0,18.33,0.0,inf,4,17.39,5,4
755,16,6,2,2,44,7.0,86.0,0,12.29,0.0,inf,7,15.91,8,5
755,16,10,1,1,19,3.0,28.0,0,9.33,0.0,inf,3,15.79,4,0
755,16,12,1,1,24,4.0,29.0,2,7.25,14.5,12.0,7,29.17,2,1
755,16,15,1,1,18,3.0,16.0,1,5.33,16.0,18.0,10,55.56,1,1
755,16,17,1,1,24,4.0,32.0,0,8.0,0.0,inf,4,16.67,3,1
755,16,18,1,1,24,4.0,38.0,1,9.5,38.0,24.0,5,20.83,3,2
763,16,18,1,1,21,3.0,42.0,0,14.0,0.0,inf,7,33.33,4,3
772,16,5,1,1,24,4.0,38.0,1,9.5,38.0,24.0,11,45.83,5,2
772,16,17,1,1,18,3.0,41.0,0,13.67,0.0,inf,2,11.11,5,2
779,16,6,1,1,18,3.0,38.0,0,12.67,0.0,inf,3,16.67,3,2
6,17,1,2,2,24,4.0,44.0,0,11.0,0.0,inf,2,8.33,3,2
6,17,5,1,1,24,4.0,37.0,0,9.25,0.0,inf,8,33.33,5,1
6,17,8,2,2,42,7.0,61.0,0,8.71,0.0,inf,9,21.43,3,3
6,17,9,1,1,25,4.0,18.0,3,4.5,6.0,8.0,11,44.0,1,0
6,17,10,1,1,24,4.0,43.0,1,10.75,43.0,24.0,5,20.83,1,4
6,17,11,1,1,24,4.0,24.0,0,6.0,0.0,inf,7,29.17,0,1
6,17,12,2,2,42,7.0,42.0,3,6.0,14.0,14.0,15,35.71,4,0
6,17,15,2,2,48,8.0,52.0,1,6.5,52.0,48.0,13,27.08,1,2
6,17,18,2,2,32,5.0,48.0,0,9.6,0.0,inf,3,9.38,4,1
9,17,18,1,1,15,2.0,22.0,0,11.0,0.0,inf,7,46.67,1,2
16,17,5,1,1,20,3.0,45.0,1,15.0,45.0,18.0,3,15.0,5,2
16,17,9,1,1,19,3.0,40.0,0,13.33,0.0,inf,5,26.32,1,4
16,17,11,1,1,29,4.0,44.0,0,11.0,0.0,inf,10,34.48,7,0
18,17,1,1,1,26,4.0,48.0,1,12.0,48.0,24.0,3,11.54,4,2
18,17,5,2,2,52,8.0,79.0,2,9.88,39.5,24.0,16,30.77,6,4
18,17,6,1,1,13,2.0,12.0,0,6.0,0.0,inf,3,23.08,0,0
18,17,8,2,2,48,8.0,90.0,3,11.25,30.0,16.0,9,18.75,13,2
18,17,9,1,1,25,4.0,35.0,2,8.75,17.5,12.0,9,36.0,5,1
18,17,10,2,2,37,6.0,71.0,1,11.83,71.0,36.0,8,21.62,9,3
18,17,12,2,2,47,7.0,62.0,4,8.86,15.5,11.75,16,34.04,3,4
18,17,15,2,2,53,8.0,66.0,5,8.25,13.2,9.6,23,43.4,5,4
18,17,18,2,2,45,7.0,63.0,1,9.0,63.0,42.0,10,22.22,2,3
20,17,1,2,2,52,8.0,55.0,2,6.88,27.5,24.0,18,34.62,4,1
20,17,6,2,2,42,7.0,70.0,3,10.0,23.33,14.0,17,40.48,7,4
20,17,9,2,2,54,9.0,102.0,3,11.33,34.0,16.0,12,22.22,13,3
20,17,10,1,1,20,3.0,20.0,3,6.67,6.67,6.33,12,60.0,4,0
20,17,11,2,2,42,7.0,74.0,1,10.57,74.0,42.0,15,35.71,13,1
20,17,12,2,2,39,6.0,45.0,1,7.5,45.0,36.0,17,43.59,6,1
20,17,15,2,2,49,8.0,69.0,1,8.62,69.0,42.0,13,26.53,4,3
20,17,18,1,1,24,4.0,24.0,1,6.0,24.0,24.0,12,50.0,2,1
24,17,5,1,1,12,2.0,24.0,1,12.0,24.0,12.0,2,16.67,3,1
24,17,10,1,1,6,1.0,16.0,0,16.0,0.0,inf,0,0.0,0,2
24,17,12,1,1,6,1.0,5.0,0,5.0,0.0,inf,1,16.67,0,0
24,17,15,2,2,31,5.0,55.0,1,11.0,55.0,30.0,8,25.81,3,4
33,17,5,1,1,20,3.0,27.0,2,9.0,13.5,9.0,10,50.0,4,1
33,17,6,1,1,19,3.0,30.0,0,10.0,0.0,inf,6,31.58,4,1
33,17,8,1,1,12,2.0,18.0,0,9.0,0.0,inf,6,50.0,1,2
33,17,10,1,1,24,4.0,33.0,0,8.25,0.0,inf,10,41.67,5,1
33,17,12,2,2,37,6.0,54.0,1,9.0,54.0,36.0,12,32.43,8,1
33,17,15,1,1,19,3.0,24.0,1,8.0,24.0,18.0,8,42.11,4,0
38,17,1,2,2,55,9.0,63.0,3,7.0,21.0,16.0,22,40.0,8,1
38,17,5,1,1,18,3.0,37.0,0,12.33,0.0,inf,7,38.89,2,4
38,17,6,2,2,50,8.0,73.0,1,9.12,73.0,48.0,15,30.0,8,2
38,17,9,2,2,46,7.0,86.0,1,12.29,86.0,42.0,12,26.09,5,8
38,17,10,1,1,26,4.0,33.0,1,8.25,33.0,24.0,13,50.0,4,1
38,17,11,2,2,52,8.0,68.0,3,8.5,22.67,16.0,11,21.15,7,1
38,17,12,2,2,50,8.0,69.0,5,8.62,13.8,9.6,20,40.0,9,2
38,17,15,1,1,26,4.0,20.0,0,5.0,0.0,inf,10,38.46,1,0
38,17,18,1,1,27,4.0,47.0,1,11.75,47.0,24.0,11,40.74,2,5
52,17,1,2,2,48,8.0,68.0,1,8.5,68.0,48.0,17,35.42,6,2
52,17,5,1,1,18,3.0,21.0,0,7.0,0.0,inf,3,16.67,1,0
52,17,6,2,2,31,5.0,36.0,2,7.2,18.0,15.0,11,35.48,3,1
52,17,8,1,1,24,4.0,13.0,2,3.25,6.5,12.0,9,37.5,0,0
52,17,9,1,1,12,2.0,21.0,0,10.5,0.0,inf,3,25.0,0,2
52,17,10,1,1,18,3.0,14.0,1,4.67,14.0,18.0,7,38.89,1,0
52,17,11,2,2,24,4.0,32.0,0,8.0,0.0,inf,3,12.5,2,0
52,17,15,2,2,43,7.0,84.0,1,12.0,84.0,42.0,12,27.91,5,7
52,17,18,1,1,12,2.0,14.0,0,7.0,0.0,inf,4,33.33,0,1
58,17,1,1,1,19,3.0,33.0,0,11.0,0.0,inf,5,26.32,3,2
58,17,5,1,1,26,4.0,47.0,2,11.75,23.5,12.0,6,23.08,4,3
58,17,6,2,2,50,8.0,67.0,2,8.38,33.5,24.0,10,20.0,5,1
58,17,8,2,2,39,6.0,67.0,3,11.17,22.33,12.0,5,12.82,7,2
58,17,9,1,1,6,1.0,9.0,0,9.0,0.0,inf,1,16.67,1,0
58,17,11,2,2,21,3.0,28.0,0,9.33,0.0,inf,4,19.05,1,1
58,17,12,1,1,27,4.0,49.0,1,12.25,49.0,24.0,7,25.93,0,5
58,17,18,1,1,12,2.0,19.0,0,9.5,0.0,inf,4,33.33,0,2
63,17,1,1,1,18,3.0,28.0,1,9.33,28.0,18.0,5,27.78,1,2
63,17,5,1,1,6,1.0,17.0,0,17.0,0.0,inf,0,0.0,2,1
63,17,6,2,2,31,5.0,32.0,1,6.4,32.0,30.0,11,35.48,1,1
63,17,12,1,1,18,3.0,29.0,2,9.67,14.5,9.0,6,33.33,2,2
63,17,18,1,1,25,4.0,23.0,2,5.75,11.5,12.0,12,48.0,0,2
69,17,11,1,1,4,0.0,8.0,0,inf,0.0,inf,0,0.0,1,0
71,17,1,2,2,38,6.0,44.0,1,7.33,44.0,36.0,16,42.11,6,1
71,17,5,2,2,48,8.0,84.0,3,10.5,28.0,16.0,13,27.08,7,5
71,17,6,1,1,28,4.0,21.0,2,5.25,10.5,12.0,14,50.0,1,1
71,17,8,1,1,24,4.0,31.0,2,7.75,15.5,12.0,8,33.33,3,1
71,17,9,2,2,49,8.0,71.0,1,8.88,71.0,42.0,20,40.82,7,3
71,17,11,2,2,57,9.0,71.0,3,7.89,23.67,16.0,23,40.35,7,3
71,17,12,1,1,24,4.0,43.0,2,10.75,21.5,12.0,7,29.17,8,0
71,17,15,1,1,18,3.0,51.0,0,17.0,0.0,inf,3,16.67,4,5
71,17,18,2,2,38,6.0,63.0,3,10.5,21.0,12.0,16,42.11,7,4
72,17,9,2,2,48,8.0,73.0,4,9.12,18.25,10.5,16,33.33,5,5
72,17,10,1,1,26,4.0,56.0,0,14.0,0.0,inf,3,11.54,6,3
72,17,11,1,1,18,3.0,28.0,0,9.33,0.0,inf,2,11.11,4,0
72,17,15,1,1,28,4.0,42.0,0,10.5,0.0,inf,6,21.43,3,1
72,17,18,2,2,52,8.0,58.0,4,7.25,14.5,12.0,22,42.31,7,1
76,17,5,1,1,7,1.0,15.0,0,15.0,0.0,inf,2,28.57,0,2
79,17,18,1,1,12,2.0,13.0,0,6.5,0.0,inf,2,16.67,1,0
84,17,1,1,1,12,2.0,22.0,0,11.0,0.0,inf,2,16.67,4,0
85,17,1,1,1,25,4.0,30.0,5,7.5,6.0,4.6,13,52.0,3,2
85,17,6,2,2,49,8.0,92.0,2,11.5,46.0,24.0,14,28.57,9,5
85,17,8,1,1,24,4.0,38.0,1,9.5,38.0,24.0,6,25.0,2,3
85,17,9,2,2,40,6.0,71.0,1,11.83,71.0,36.0,10,25.0,8,3
85,17,10,1,1,24,4.0,31.0,1,7.75,31.0,24.0,11,45.83,1,2
85,17,11,2,2,46,7.0,93.0,1,13.29,93.0,42.0,7,15.22,8,5
85,17,15,1,1,17,2.0,47.0,0,23.5,0.0,inf,4,23.53,6,3
92,17,1,1,1,14,2.0,25.0,0,12.5,0.0,inf,3,21.43,3,1
92,17,10,1,1,24,4.0,68.0,1,17.0,68.0,24.0,5,20.83,9,4
100,17,11,1,1,12,2.0,23.0,1,11.5,23.0,12.0,5,41.67,5,0
100,17,15,1,1,27,4.0,66.0,0,16.5,0.0,inf,6,22.22,7,5
103,17,12,1,1,4,0.0,9.0,0,inf,0.0,inf,0,0.0,0,1
106,17,1,2,2,24,4.0,36.0,1,9.0,36.0,24.0,7,29.17,6,0
106,17,5,1,1,26,4.0,41.0,2,10.25,20.5,12.0,9,34.62,3,3
106,17,6,2,2,43,7.0,71.0,1,10.14,71.0,42.0,8,18.6,6,3
106,17,8,2,2,38,6.0,80.0,2,13.33,40.0,18.0,9,23.68,10,4
106,17,9,1,1,24,4.0,60.0,1,15.0,60.0,24.0,6,25.0,5,5
106,17,10,1,1,7,1.0,10.0,0,10.0,0.0,inf,3,42.86,2,0
106,17,11,2,2,43,7.0,49.0,4,7.0,12.25,10.5,20,46.51,7,1
106,17,15,1,1,25,4.0,41.0,2,10.25,20.5,12.0,9,36.0,2,3
106,17,18,1,1,24,4.0,28.0,3,7.0,9.33,8.0,10,41.67,2,1
115,17,12,1,1,6,1.0,6.0,1,6.0,6.0,5.0,2,33.33,1,0
115,17,15,1,1,13,2.0,18.0,0,9.0,0.0,inf,2,15.38,0,1
115,17,18,1,1,12,2.0,21.0,2,10.5,10.5,6.0,2,16.67,0,2
116,17,5,2,2,45,7.0,64.0,4,9.14,16.0,10.5,13,28.89,4,4
116,17,6,1,1,7,1.0,8.0,0,8.0,0.0,inf,2,28.57,1,0
116,17,8,2,2,44,7.0,54.0,5,7.71,10.8,8.4,19,43.18,3,4
116,17,10,2,2,14,2.0,24.0,1,12.0,24.0,14.0,7,50.0,2,2
116,17,11,1,1,6,1.0,17.0,0,17.0,0.0,inf,0,0.0,0,2
116,17,12,1,1,14,2.0,36.0,0,18.0,0.0,inf,2,14.29,1,4
116,17,15,3,3,37,6.0,59.0,6,9.83,9.83,6.0,12,32.43,7,2
116,17,18,2,2,21,3.0,33.0,3,11.0,11.0,6.0,5,23.81,2,2
123,17,1,1,1,22,3.0,23.0,2,7.67,11.5,10.5,9,40.91,2,1
123,17,5,1,1,18,3.0,32.0,1,10.67,32.0,18.0,6,33.33,3,2
123,17,9,1,1,24,4.0,23.0,1,5.75,23.0,24.0,6,25.0,1,0
123,17,15,1,1,26,4.0,64.0,0,16.0,0.0,inf,2,7.69,6,4
136,17,6,1,1,18,3.0,28.0,1,9.33,28.0,18.0,8,44.44,1,3
136,17,8,1,1,8,1.0,15.0,0,15.0,0.0,inf,1,12.5,1,1
136,17,10,2,2,37,6.0,55.0,5,9.17,11.0,7.2,18,48.65,4,5
136,17,12,1,1,7,1.0,21.0,0,21.0,0.0,inf,2,28.57,3,1
137,17,1,1,1,24,4.0,40.0,0,10.0,0.0,inf,3,12.5,4,1
137,17,5,2,2,50,8.0,58.0,0,7.25,0.0,inf,10,20.0,2,1
137,17,6,1,1,25,4.0,35.0,2,8.75,17.5,12.0,8,32.0,4,1
137,17,8,2,2,51,8.0,47.0,2,5.88,23.5,24.0,14,27.45,0,1
137,17,9,1,1,29,4.0,49.0,0,12.25,0.0,inf,8,27.59,4,2
137,17,10,2,2,43,7.0,54.0,3,7.71,18.0,14.0,10,23.26,1,3
137,17,12,1,1,24,4.0,31.0,0,7.75,0.0,inf,11,45.83,1,3
137,17,15,2,2,49,8.0,79.0,0,9.88,0.0,inf,14,28.57,3,6
137,17,18,2,2,51,8.0,74.0,2,9.25,37.0,24.0,9,17.65,5,1
145,17,5,1,1,19,3.0,34.0,2,11.33,17.0,9.0,7,36.84,4,2
145,17,8,2,2,50,8.0,72.0,4,9.0,18.0,12.0,15,30.0,4,4
145,17,10,1,1,25,4.0,28.0,2,7.0,14.0,12.0,10,40.0,3,1
145,17,11,1,1,25,4.0,45.0,2,11.25,22.5,12.0,6,24.0,3,3
145,17,12,1,1,25,4.0,61.0,0,15.25,0.0,inf,4,16.0,3,6
145,17,15,3,3,74,12.0,84.0,6,7.0,14.0,12.0,34,45.95,7,4
145,17,18,2,2,46,7.0,59.0,3,8.43,19.67,14.33,17,36.96,6,2
162,17,6,2,2,49,8.0,39.0,5,4.88,7.8,9.6,19,38.78,1,1
162,17,8,2,2,25,4.0,63.0,0,15.75,0.0,inf,6,24.0,3,6
162,17,9,1,1,24,4.0,33.0,1,8.25,33.0,24.0,8,33.33,4,1
162,17,10,1,1,24,4.0,33.0,1,8.25,33.0,24.0,6,25.0,3,1
162,17,11,1,1,24,4.0,26.0,2,6.5,13.0,12.0,9,37.5,2,1
162,17,15,1,1,25,4.0,43.0,0,10.75,0.0,inf,6,24.0,1,4
162,17,18,1,1,18,3.0,42.0,1,14.0,42.0,18.0,1,5.56,1,4
169,17,5,1,1,20,3.0,31.0,0,10.33,0.0,inf,8,40.0,4,1
169,17,6,2,2,51,8.0,82.0,2,10.25,41.0,24.0,14,27.45,6,5
169,17,8,2,2,53,8.0,86.0,3,10.75,28.67,16.0,11,20.75,5,5
169,17,9,3,3,60,10.0,83.0,4,8.3,20.75,13.5,21,35.0,10,3
169,17,10,1,1,25,4.0,19.0,4,4.75,4.75,6.0,14,56.0,2,0
169,17,11,2,2,46,7.0,48.0,3,6.86,16.0,14.0,20,43.48,4,2
169,17,12,2,2,50,8.0,66.0,3,8.25,22.0,16.0,16,32.0,8,1
169,17,18,1,1,27,4.0,50.0,0,12.5,0.0,inf,4,14.81,8,0
172,17,6,1,1,26,4.0,38.0,0,9.5,0.0,inf,3,11.54,1,2
172,17,9,1,1,12,2.0,34.0,0,17.0,0.0,inf,5,41.67,2,4
172,17,12,1,1,26,4.0,43.0,1,10.75,43.0,24.0,8,30.77,4,2
178,17,5,1,1,25,4.0,32.0,2,8.0,16.0,12.0,7,28.0,3,0
178,17,6,2,2,51,8.0,67.0,4,8.38,16.75,12.0,14,27.45,5,2
178,17,8,2,2,25,4.0,73.0,0,18.25,0.0,inf,5,20.0,7,6
178,17,10,1,1,25,4.0,73.0,0,18.25,0.0,inf,2,8.0,4,7
178,17,11,1,1,28,4.0,51.0,1,12.75,51.0,24.0,3,10.71,4,2
178,17,12,2,2,49,8.0,70.0,3,8.75,23.33,16.0,14,28.57,6,3
178,17,15,1,1,24,4.0,25.0,3,6.25,8.33,8.0,6,25.0,0,1
178,17,18,1,1,18,3.0,34.0,0,11.33,0.0,inf,2,11.11,4,1
179,17,1,1,1,25,4.0,43.0,2,10.75,21.5,12.0,3,12.0,6,0
179,17,5,2,2,49,8.0,59.0,4,7.38,14.75,12.0,22,44.9,5,3
179,17,6,1,1,25,4.0,22.0,1,5.5,22.0,24.0,8,32.0,1,0
179,17,8,2,2,49,8.0,77.0,3,9.62,25.67,16.0,15,30.61,3,6
179,17,9,1,1,25,4.0,54.0,1,13.5,54.0,24.0,4,16.0,4,4
179,17,10,2,2,42,7.0,67.0,3,9.57,22.33,14.0,12,28.57,4,4
179,17,12,2,2,52,8.0,62.0,3,7.75,20.67,16.0,10,19.23,3,2
179,17,15,2,2,51,8.0,96.0,0,12.0,0.0,inf,15,29.41,4,9
179,17,18,2,2,44,7.0,66.0,1,9.43,66.0,42.0,9,20.45,5,2
183,17,9,1,1,12,2.0,22.0,0,11.0,0.0,inf,1,8.33,0,2
183,17,12,1,1,24,4.0,37.0,1,9.25,37.0,24.0,7,29.17,2,3
183,17,18,1,1,24,4.0,27.0,0,6.75,0.0,inf,8,33.33,2,1
184,17,9,1,1,12,2.0,24.0,1,12.0,24.0,12.0,2,16.67,1,2
184,17,10,1,1,12,2.0,28.0,0,14.0,0.0,inf,3,25.0,3,1
187,17,6,1,1,10,1.0,18.0,0,18.0,0.0,inf,4,40.0,4,0
187,17,8,1,1,12,2.0,6.0,0,3.0,0.0,inf,7,58.33,0,0
187,17,12,1,1,12,2.0,36.0,0,18.0,0.0,inf,2,16.67,5,2
189,17,15,1,1,19,3.0,35.0,0,11.67,0.0,inf,4,21.05,2,3
200,17,1,1,1,12,2.0,20.0,1,10.0,20.0,12.0,2,16.67,0,2
200,17,5,2,2,24,4.0,50.0,1,12.5,50.0,24.0,5,20.83,3,4
200,17,6,2,2,24,4.0,44.0,1,11.0,44.0,24.0,6,25.0,6,1
200,17,8,2,2,24,4.0,32.0,0,8.0,0.0,inf,8,33.33,2,2
200,17,9,2,2,22,3.0,36.0,1,12.0,36.0,21.0,6,27.27,2,3
200,17,10,1,1,6,1.0,22.0,0,22.0,0.0,inf,0,0.0,3,1
200,17,11,2,2,30,5.0,34.0,3,6.8,11.33,10.0,15,50.0,4,1
200,17,12,2,2,12,2.0,23.0,0,11.5,0.0,inf,2,16.67,1,2
200,17,18,1,1,12,2.0,9.0,0,4.5,0.0,inf,4,33.33,0,0
213,17,1,1,1,12,2.0,31.0,0,15.5,0.0,inf,2,16.67,3,2
213,17,8,1,1,24,4.0,23.0,1,5.75,23.0,24.0,10,41.67,1,1
213,17,12,1,1,18,3.0,10.0,1,3.33,10.0,18.0,11,61.11,1,0
217,17,1,1,1,27,4.0,28.0,2,7.0,14.0,12.0,11,40.74,2,1
217,17,8,1,1,26,4.0,37.0,1,9.25,37.0,24.0,10,38.46,7,0
217,17,10,1,1,24,4.0,42.0,0,10.5,0.0,inf,9,37.5,3,3
217,17,12,1,1,2,0.0,4.0,0,inf,0.0,inf,1,50.0,1,0
217,17,15,2,2,37,6.0,54.0,1,9.0,54.0,37.0,14,37.84,5,3
217,17,18,2,2,30,5.0,37.0,1,7.4,37.0,30.0,15,50.0,4,2
224,17,1,2,2,45,7.0,59.0,4,8.43,14.75,10.5,11,24.44,3,2
224,17,5,1,1,26,4.0,31.0,3,7.75,10.33,8.0,8,30.77,1,2
224,17,6,2,2,33,5.0,36.0,3,7.2,12.0,10.0,10,30.3,2,0
224,17,8,2,2,52,8.0,83.0,4,10.38,20.75,12.0,12,23.08,9,3
224,17,9,1,1,20,3.0,48.0,1,16.0,48.0,18.0,5,25.0,3,5
224,17,10,1,1,24,4.0,47.0,2,11.75,23.5,12.0,6,25.0,6,2
224,17,11,2,2,37,6.0,49.0,3,8.17,16.33,12.0,9,24.32,3,1
224,17,15,2,2,52,8.0,79.0,4,9.88,19.75,12.0,14,26.92,9,2
224,17,18,1,1,28,4.0,45.0,0,11.25,0.0,inf,5,17.86,5,1
234,17,11,1,1,12,2.0,20.0,1,10.0,20.0,12.0,5,41.67,1,2
251,17,1,1,1,19,3.0,31.0,1,10.33,31.0,18.0,4,21.05,0,2
251,17,9,2,2,36,6.0,43.0,3,7.17,14.33,12.0,15,41.67,3,2
251,17,10,2,2,38,6.0,68.0,1,11.33,68.0,36.0,9,23.68,4,5
251,17,11,2,2,42,7.0,51.0,1,7.29,51.0,42.0,14,33.33,2,3
251,17,15,2,2,38,6.0,67.0,4,11.17,16.75,9.0,8,21.05,1,6
251,17,18,2,2,42,7.0,52.0,3,7.43,17.33,14.0,15,35.71,3,3
255,17,5,2,2,43,7.0,43.0,3,6.14,14.33,14.0,21,48.84,4,1
255,17,6,1,1,24,4.0,30.0,1,7.5,30.0,24.0,5,20.83,1,1
255,17,8,2,2,48,8.0,74.0,3,9.25,24.67,16.0,15,31.25,5,5
255,17,10,2,2,48,8.0,53.0,2,6.62,26.5,24.0,20,41.67,1,4
255,17,11,1,1,26,4.0,30.0,2,7.5,15.0,12.0,11,42.31,1,2
255,17,12,1,1,24,4.0,24.0,1,6.0,24.0,24.0,12,50.0,2,1
255,17,15,3,3,72,12.0,75.0,3,6.25,25.0,24.0,23,31.94,2,3
255,17,18,2,2,49,8.0,39.0,2,4.88,19.5,24.0,15,30.61,1,0
258,17,15,1,1,6,1.0,5.0,1,5.0,5.0,6.0,1,16.67,0,0
263,17,1,1,1,24,4.0,14.0,3,3.5,4.67,8.0,13,54.17,1,0
263,17,6,1,1,26,4.0,27.0,0,6.75,0.0,inf,8,30.77,2,0
263,17,8,1,1,24,4.0,21.0,5,5.25,4.2,4.8,12,50.0,1,1
263,17,9,2,2,47,7.0,57.0,5,8.14,11.4,9.4,24,51.06,6,3
263,17,10,2,2,51,8.0,57.0,3,7.12,19.0,16.0,20,39.22,5,2
263,17,11,2,2,55,9.0,63.0,0,7.0,0.0,inf,25,45.45,8,1
263,17,12,1,1,26,4.0,21.0,3,5.25,7.0,8.0,13,50.0,1,1
263,17,15,2,2,51,8.0,59.0,1,7.38,59.0,48.0,13,25.49,4,1
263,17,18,1,1,24,4.0,17.0,0,4.25,0.0,inf,16,66.67,1,1
264,17,5,1,1,12,2.0,13.0,0,6.5,0.0,inf,3,25.0,1,0
264,17,10,1,1,7,1.0,9.0,0,9.0,0.0,inf,1,14.29,1,0
271,17,5,1,1,14,2.0,24.0,0,12.0,0.0,inf,4,28.57,1,2
271,17,6,2,2,42,7.0,54.0,1,7.71,54.0,42.0,15,35.71,5,1
271,17,11,1,1,18,3.0,32.0,0,10.67,0.0,inf,5,27.78,3,2
281,17,1,1,1,26,4.0,60.0,0,15.0,0.0,inf,4,15.38,3,5
281,17,8,1,1,8,1.0,19.0,0,19.0,0.0,inf,0,0.0,2,1
281,17,11,1,1,28,4.0,26.0,3,6.5,8.67,8.0,13,46.43,2,1
281,17,12,1,1,18,3.0,16.0,2,5.33,8.0,9.0,10,55.56,1,1
283,17,1,1,1,29,4.0,41.0,3,10.25,13.67,8.0,6,20.69,5,0
283,17,9,1,1,26,4.0,46.0,2,11.5,23.0,12.0,7,26.92,6,2
283,17,12,1,1,24,4.0,35.0,1,8.75,35.0,24.0,9,37.5,3,2
292,17,1,1,1,12,2.0,8.0,0,4.0,0.0,inf,7,58.33,1,0
292,17,5,2,2,52,8.0,54.0,5,6.75,10.8,9.6,22,42.31,4,2
292,17,6,1,1,15,2.0,24.0,0,12.0,0.0,inf,6,40.0,3,1
292,17,8,2,2,43,7.0,46.0,1,6.57,46.0,42.0,16,37.21,3,2
292,17,9,1,1,24,4.0,31.0,1,7.75,31.0,24.0,11,45.83,5,0
292,17,10,2,2,42,7.0,77.0,1,11.0,77.0,42.0,16,38.1,10,4
292,17,12,2,2,44,7.0,49.0,2,7.0,24.5,21.0,18,40.91,7,0
292,17,15,2,2,51,8.0,78.0,3,9.75,26.0,16.0,15,29.41,8,3
292,17,18,2,2,50,8.0,76.0,3,9.5,25.33,16.0,21,42.0,10,2
297,17,6,1,1,7,1.0,14.0,0,14.0,0.0,inf,0,0.0,2,0
297,17,9,1,1,22,3.0,37.0,1,12.33,37.0,18.0,4,18.18,3,2
297,17,12,1,1,25,4.0,52.0,0,13.0,0.0,inf,5,20.0,5,3
300,17,8,1,1,24,4.0,36.0,2,9.0,18.0,12.0,11,45.83,2,3
301,17,9,1,1,19,3.0,24.0,1,8.0,24.0,18.0,7,36.84,2,1
301,17,15,1,1,27,4.0,42.0,1,10.5,42.0,24.0,8,29.63,3,2
301,17,18,1,1,22,3.0,48.0,0,16.0,0.0,inf,4,18.18,5,3
310,17,9,1,1,6,1.0,4.0,0,4.0,0.0,inf,2,33.33,0,0
310,17,15,1,1,6,1.0,3.0,0,3.0,0.0,inf,3,50.0,0,0
312,17,5,2,2,49,8.0,39.0,4,4.88,9.75,12.0,22,44.9,3,0
312,17,6,1,1,24,4.0,26.0,0,6.5,0.0,inf,10,41.67,0,2
312,17,8,2,2,36,6.0,56.0,1,9.33,56.0,36.0,14,38.89,7,2
312,17,10,2,2,51,8.0,49.0,6,6.12,8.17,8.0,22,43.14,3,2
312,17,11,1,1,25,4.0,36.0,2,9.0,18.0,12.0,11,44.0,5,1
312,17,12,1,1,18,3.0,46.0,0,15.33,0.0,inf,2,11.11,1,5
312,17,15,3,3,62,10.0,90.0,4,9.0,22.5,15.0,23,37.1,3,8
312,17,18,2,2,44,7.0,60.0,4,8.57,15.0,10.5,17,38.64,1,6
319,17,1,2,2,37,6.0,50.0,1,8.33,50.0,37.0,8,21.62,6,0
319,17,5,1,1,19,3.0,35.0,0,11.67,0.0,inf,4,21.05,5,1
319,17,6,2,2,54,9.0,94.0,3,10.44,31.33,16.0,14,25.93,11,4
319,17,8,2,2,43,7.0,81.0,1,11.57,81.0,38.0,12,27.91,8,5
319,17,9,1,1,29,4.0,45.0,2,11.25,22.5,12.0,10,34.48,3,3
319,17,10,1,1,26,4.0,28.0,2,7.0,14.0,12.0,15,57.69,2,2
319,17,11,2,2,48,8.0,76.0,2,9.5,38.0,23.5,19,39.58,9,3
319,17,15,2,2,51,8.0,66.0,6,8.25,11.0,8.0,21,41.18,8,2
319,17,18,1,1,19,3.0,30.0,2,10.0,15.0,9.0,5,26.32,3,1
324,17,1,1,1,19,3.0,24.0,0,8.0,0.0,inf,6,31.58,1,1
324,17,15,1,1,14,2.0,33.0,0,16.5,0.0,inf,1,7.14,1,3
327,17,12,1,1,12,2.0,22.0,0,11.0,0.0,inf,4,33.33,1,2
327,17,15,1,1,19,3.0,23.0,2,7.67,11.5,9.0,5,26.32,0,1
327,17,18,2,2,18,3.0,26.0,0,8.67,0.0,inf,3,16.67,1,1
332,17,9,1,1,12,2.0,19.0,0,9.5,0.0,inf,2,16.67,1,1
332,17,12,1,1,10,1.0,19.0,0,19.0,0.0,inf,2,20.0,2,1
334,17,1,2,2,43,7.0,55.0,4,7.86,13.75,9.75,14,32.56,7,1
334,17,5,1,1,24,4.0,59.0,3,14.75,19.67,8.0,5,20.83,5,5
334,17,6,1,1,19,3.0,21.0,3,7.0,7.0,6.0,8,42.11,3,0
334,17,8,1,1,18,3.0,23.0,1,7.67,23.0,18.0,8,44.44,4,0
334,17,11,2,2,44,7.0,79.0,3,11.29,26.33,14.0,14,31.82,11,3
334,17,15,1,1,24,4.0,57.0,1,14.25,57.0,24.0,4,16.67,7,3
334,17,18,2,2,51,8.0,74.0,2,9.25,37.0,24.0,14,27.45,9,1
339,17,9,1,1,13,2.0,24.0,0,12.0,0.0,inf,4,30.77,5,0
341,17,5,1,1,23,3.0,55.0,1,18.33,55.0,21.0,6,26.09,2,6
342,17,5,2,2,30,5.0,44.0,4,8.8,11.0,7.25,14,46.67,3,3
342,17,6,1,1,20,3.0,29.0,0,9.67,0.0,inf,7,35.0,5,0
342,17,8,2,2,44,7.0,102.0,1,14.57,102.0,42.0,12,27.27,6,10
342,17,10,2,2,38,6.0,68.0,3,11.33,22.67,12.0,15,39.47,7,4
342,17,11,1,1,29,4.0,50.0,0,12.5,0.0,inf,7,24.14,6,1
342,17,15,3,3,69,11.0,101.0,5,9.18,20.2,13.2,30,43.48,10,5
342,17,18,2,2,37,6.0,50.0,4,8.33,12.5,9.0,17,45.95,10,0
354,17,5,1,1,19,3.0,34.0,0,11.33,0.0,inf,8,42.11,6,1
354,17,11,1,1,25,4.0,27.0,2,6.75,13.5,12.0,9,36.0,3,0
354,17,15,1,1,26,4.0,68.0,1,17.0,68.0,24.0,3,11.54,6,5
354,17,18,1,1,25,4.0,39.0,1,9.75,39.0,24.0,11,44.0,3,3
363,17,5,1,1,24,4.0,23.0,0,5.75,0.0,inf,11,45.83,1,1
363,17,6,2,2,48,8.0,87.0,4,10.88,21.75,12.0,12,25.0,7,6
363,17,8,2,2,34,5.0,76.0,0,15.2,0.0,inf,5,14.71,6,5
363,17,10,2,2,36,6.0,47.0,1,7.83,47.0,36.0,14,38.89,4,2
363,17,11,1,1,24,4.0,18.0,1,4.5,18.0,24.0,10,41.67,1,0
363,17,12,2,2,48,8.0,55.0,2,6.88,27.5,24.0,16,33.33,2,3
363,17,15,1,1,24,4.0,33.0,1,8.25,33.0,24.0,7,29.17,1,2
363,17,18,1,1,24,4.0,28.0,1,7.0,28.0,24.0,4,16.67,0,1
367,17,1,1,1,13,2.0,8.0,1,4.0,8.0,12.0,5,38.46,0,0
367,17,5,2,2,49,8.0,65.0,3,8.12,21.67,16.0,17,34.69,8,1
367,17,6,2,2,36,6.0,63.0,1,10.5,63.0,36.0,8,22.22,6,3
367,17,8,1,1,20,3.0,33.0,0,11.0,0.0,inf,6,30.0,1,3
367,17,9,2,2,44,7.0,50.0,1,7.14,50.0,40.0,14,31.82,5,1
367,17,10,2,2,48,8.0,51.0,3,6.38,17.0,16.0,21,43.75,3,2
367,17,11,2,2,30,5.0,54.0,1,10.8,54.0,30.0,6,20.0,3,4
367,17,12,1,1,18,3.0,25.0,0,8.33,0.0,inf,7,38.89,1,2
367,17,15,1,1,12,2.0,34.0,0,17.0,0.0,inf,4,33.33,2,4
371,17,5,1,1,24,4.0,18.0,5,4.5,3.6,4.8,13,54.17,2,0
371,17,6,1,1,19,3.0,30.0,0,10.0,0.0,inf,4,21.05,3,1
371,17,8,1,1,24,4.0,48.0,1,12.0,48.0,24.0,3,12.5,5,2
371,17,10,2,2,50,8.0,78.0,1,9.75,78.0,48.0,10,20.0,7,3
371,17,12,1,1,24,4.0,28.0,0,7.0,0.0,inf,11,45.83,3,1
371,17,15,2,2,51,8.0,56.0,3,7.0,18.67,16.0,19,37.25,4,2
371,17,18,2,2,44,7.0,53.0,3,7.57,17.67,14.0,12,27.27,6,0
383,17,1,1,1,13,2.0,8.0,2,4.0,4.0,6.0,9,69.23,1,0
383,17,5,1,1,22,3.0,40.0,0,13.33,0.0,inf,5,22.73,4,1
383,17,6,1,1,20,3.0,23.0,0,7.67,0.0,inf,7,35.0,3,0
383,17,8,1,1,21,3.0,31.0,1,10.33,31.0,18.0,5,23.81,1,2
383,17,9,1,1,18,3.0,43.0,2,14.33,21.5,9.0,5,27.78,5,3
383,17,11,1,1,19,3.0,34.0,0,11.33,0.0,inf,7,36.84,4,2
383,17,12,1,1,15,2.0,16.0,1,8.0,16.0,12.0,8,53.33,3,0
383,17,18,2,2,54,9.0,70.0,4,7.78,17.5,12.0,16,29.63,8,1
384,17,1,1,1,12,2.0,16.0,0,8.0,0.0,inf,3,25.0,0,1
384,17,12,1,1,24,4.0,23.0,2,5.75,11.5,12.0,8,33.33,2,0
389,17,5,1,1,6,1.0,15.0,0,15.0,0.0,inf,1,16.67,3,0
389,17,15,1,1,12,2.0,41.0,0,20.5,0.0,inf,1,8.33,2,5
390,17,1,1,1,28,4.0,29.0,1,7.25,29.0,24.0,13,46.43,2,1
390,17,5,1,1,25,4.0,28.0,4,7.0,7.0,6.0,10,40.0,4,0
390,17,10,1,1,26,4.0,31.0,3,7.75,10.33,8.0,9,34.62,3,1
390,17,15,1,1,14,2.0,17.0,2,8.5,8.5,6.0,3,21.43,0,1
390,17,18,2,2,52,8.0,64.0,3,8.0,21.33,16.0,14,26.92,5,2
394,17,6,1,1,18,3.0,19.0,0,6.33,0.0,inf,7,38.89,1,1
394,17,8,1,1,6,1.0,7.0,0,7.0,0.0,inf,2,33.33,1,0
394,17,10,2,2,24,4.0,37.0,1,9.25,37.0,24.0,3,12.5,0,3
394,17,11,1,1,18,3.0,30.0,0,10.0,0.0,inf,5,27.78,1,3
394,17,18,1,1,8,1.0,16.0,1,16.0,16.0,8.0,1,12.5,1,1
399,17,1,1,1,18,3.0,30.0,0,10.0,0.0,inf,5,27.78,5,0
399,17,6,1,1,20,3.0,43.0,2,14.33,21.5,9.0,6,30.0,4,3
399,17,8,1,1,8,1.0,13.0,0,13.0,0.0,inf,2,25.0,0,1
399,17,9,2,2,43,7.0,76.0,2,10.86,38.0,21.0,13,30.23,5,6
399,17,10,1,1,12,2.0,41.0,0,20.5,0.0,inf,4,33.33,3,4
399,17,11,1,1,12,2.0,21.0,0,10.5,0.0,inf,3,25.0,2,1
399,17,12,1,1,27,4.0,33.0,1,8.25,33.0,24.0,9,33.33,1,2
399,17,15,2,2,49,8.0,77.0,4,9.62,19.25,12.0,12,24.49,9,2
399,17,18,2,2,37,6.0,53.0,2,8.83,26.5,18.0,9,24.32,3,2
411,17,5,1,1,14,2.0,11.0,0,5.5,0.0,inf,7,50.0,1,0
411,17,10,2,2,42,7.0,79.0,1,11.29,79.0,37.0,12,28.57,9,4
416,17,1,1,1,24,4.0,27.0,2,6.75,13.5,12.0,5,20.83,2,0
416,17,6,1,1,25,4.0,35.0,1,8.75,35.0,24.0,11,44.0,4,2
416,17,8,1,1,27,4.0,42.0,1,10.5,42.0,24.0,13,48.15,1,5
416,17,9,1,1,12,2.0,24.0,0,12.0,0.0,inf,3,25.0,3,1
416,17,10,1,1,24,4.0,34.0,4,8.5,8.5,6.0,10,41.67,3,2
416,17,11,2,2,30,5.0,61.0,0,12.2,0.0,inf,11,36.67,7,4
416,17,12,1,1,26,4.0,32.0,3,8.0,10.67,8.0,11,42.31,5,0
416,17,15,1,1,27,4.0,57.0,1,14.25,57.0,24.0,2,7.41,4,3
416,17,18,1,1,21,3.0,29.0,1,9.67,29.0,18.0,5,23.81,4,0
419,17,1,2,2,38,6.0,70.0,1,11.67,70.0,36.0,4,10.53,6,3
420,17,8,1,1,6,1.0,10.0,0,10.0,0.0,inf,1,16.67,0,1
420,17,10,1,1,13,2.0,17.0,0,8.5,0.0,inf,4,30.77,1,1
421,17,1,2,2,43,7.0,70.0,1,10.0,70.0,42.0,13,30.23,8,3
421,17,6,2,2,34,5.0,45.0,3,9.0,15.0,10.0,7,20.59,3,1
421,17,9,2,2,32,5.0,42.0,2,8.4,21.0,15.0,10,31.25,7,0
421,17,10,1,1,26,4.0,19.0,1,4.75,19.0,24.0,12,46.15,1,0
421,17,11,2,2,44,7.0,55.0,1,7.86,55.0,43.0,14,31.82,2,3
421,17,12,2,2,19,3.0,35.0,0,11.67,0.0,inf,4,21.05,3,2
421,17,15,1,1,13,2.0,12.0,2,6.0,6.0,6.0,7,53.85,2,0
421,17,18,1,1,12,2.0,25.0,0,12.5,0.0,inf,3,25.0,2,2
424,17,5,1,1,12,2.0,16.0,0,8.0,0.0,inf,5,41.67,3,0
424,17,6,1,1,7,1.0,8.0,0,8.0,0.0,inf,1,14.29,1,0
424,17,9,1,1,6,1.0,13.0,0,13.0,0.0,inf,1,16.67,1,1
424,17,10,1,1,14,2.0,17.0,2,8.5,8.5,6.5,3,21.43,0,1
424,17,11,1,1,8,1.0,12.0,0,12.0,0.0,inf,1,12.5,1,0
424,17,12,2,2,40,6.0,87.0,1,14.5,87.0,36.0,8,20.0,6,7
433,17,9,1,1,30,5.0,47.0,0,9.4,0.0,inf,9,30.0,4,2
438,17,6,1,1,12,2.0,33.0,0,16.5,0.0,inf,1,8.33,4,2
438,17,8,1,1,12,2.0,22.0,0,11.0,0.0,inf,0,0.0,3,0
438,17,10,1,1,25,4.0,54.0,1,13.5,54.0,24.0,4,16.0,3,4
438,17,12,1,1,12,2.0,20.0,0,10.0,0.0,inf,5,41.67,1,2
438,17,18,1,1,15,2.0,30.0,0,15.0,0.0,inf,5,33.33,3,2
444,17,9,1,1,6,1.0,5.0,0,5.0,0.0,inf,2,33.33,0,0
444,17,11,1,1,7,1.0,10.0,0,10.0,0.0,inf,2,28.57,0,1
454,17,10,1,1,6,1.0,28.0,0,28.0,0.0,inf,0,0.0,4,2
462,17,6,1,1,6,1.0,9.0,1,9.0,9.0,6.0,2,33.33,0,1
462,17,8,1,1,24,4.0,32.0,1,8.0,32.0,24.0,7,29.17,0,2
462,17,12,1,1,12,2.0,26.0,1,13.0,26.0,12.0,1,8.33,0,3
467,17,18,1,1,6,1.0,12.0,0,12.0,0.0,inf,1,16.67,2,0
470,17,11,1,1,24,4.0,24.0,1,6.0,24.0,24.0,10,41.67,3,0
472,17,1,2,2,49,8.0,45.0,2,5.62,22.5,24.0,17,34.69,2,1
472,17,5,1,1,19,3.0,47.0,0,15.67,0.0,inf,2,10.53,5,3
472,17,8,1,1,25,4.0,52.0,1,13.0,52.0,24.0,5,20.0,0,6
472,17,9,1,1,24,4.0,34.0,0,8.5,0.0,inf,8,33.33,2,2
472,17,11,2,2,51,8.0,66.0,3,8.25,22.0,16.0,15,29.41,1,5
472,17,12,1,1,24,4.0,20.0,2,5.0,10.0,12.0,6,25.0,1,0
472,17,15,1,1,26,4.0,55.0,4,13.75,13.75,6.0,8,30.77,0,7
472,17,18,2,2,49,8.0,53.0,4,6.62,13.25,12.0,19,38.78,2,2
485,17,1,2,2,37,6.0,80.0,1,13.33,80.0,36.0,9,24.32,6,7
485,17,6,2,2,18,3.0,38.0,1,12.67,38.0,18.0,4,22.22,1,4
485,17,9,1,1,24,4.0,33.0,0,8.25,0.0,inf,6,25.0,3,1
485,17,10,1,1,12,2.0,19.0,0,9.5,0.0,inf,2,16.67,1,1
485,17,11,1,1,14,2.0,19.0,1,9.5,19.0,12.0,1,7.14,2,0
485,17,12,1,1,18,3.0,36.0,2,12.0,18.0,9.0,7,38.89,3,3
485,17,15,1,1,26,4.0,29.0,2,7.25,14.5,12.0,10,38.46,2,1
489,17,1,2,2,24,4.0,24.0,1,6.0,24.0,24.0,10,41.67,3,0
489,17,6,1,1,13,2.0,13.0,0,6.5,0.0,inf,1,7.69,0,0
489,17,10,1,1,6,1.0,9.0,1,9.0,9.0,6.0,2,33.33,0,1
489,17,11,1,1,12,2.0,19.0,0,9.5,0.0,inf,4,33.33,2,1
489,17,12,1,1,18,3.0,28.0,2,9.33,14.0,9.0,7,38.89,5,0
489,17,15,1,1,19,3.0,40.0,2,13.33,20.0,9.0,3,15.79,1,4
494,17,6,1,1,20,3.0,39.0,1,13.0,39.0,18.0,6,30.0,3,3
494,17,9,1,1,25,4.0,47.0,1,11.75,47.0,24.0,3,12.0,5,2
494,17,10,1,1,24,4.0,23.0,2,5.75,11.5,12.0,8,33.33,2,0
494,17,11,1,1,24,4.0,37.0,1,9.25,37.0,24.0,9,37.5,3,2
494,17,12,1,1,18,3.0,29.0,2,9.67,14.5,9.0,4,22.22,5,0
494,17,15,2,2,36,6.0,80.0,2,13.33,40.0,18.0,8,22.22,4,8
495,17,6,1,1,12,2.0,25.0,0,12.5,0.0,inf,3,25.0,0,3
495,17,8,2,2,49,8.0,66.0,2,8.25,33.0,24.0,17,34.69,8,2
495,17,10,2,2,30,5.0,50.0,1,10.0,50.0,29.0,9,30.0,5,3
495,17,11,1,1,25,4.0,43.0,0,10.75,0.0,inf,6,24.0,1,3
495,17,12,2,2,50,8.0,52.0,4,6.5,13.0,12.0,19,38.0,4,1
495,17,15,1,1,24,4.0,32.0,1,8.0,32.0,24.0,10,41.67,2,2
495,17,18,1,1,24,4.0,22.0,0,5.5,0.0,inf,7,29.17,1,0
508,17,15,1,1,13,2.0,29.0,0,14.5,0.0,inf,4,30.77,2,3
509,17,8,1,1,12,2.0,26.0,0,13.0,0.0,inf,4,33.33,1,3
516,17,6,1,1,26,4.0,51.0,0,12.75,0.0,inf,4,15.38,6,2
518,17,15,1,1,7,1.0,27.0,0,27.0,0.0,inf,2,28.57,2,3
520,17,10,1,1,6,1.0,8.0,0,8.0,0.0,inf,2,33.33,0,1
520,17,12,1,1,6,1.0,7.0,0,7.0,0.0,inf,1,16.67,0,0
525,17,5,1,1,25,4.0,32.0,2,8.0,16.0,12.0,14,56.0,5,1
525,17,6,1,1,18,3.0,21.0,1,7.0,21.0,18.0,7,38.89,0,2
525,17,8,1,1,26,4.0,33.0,1,8.25,33.0,24.0,10,38.46,3,1
525,17,10,1,1,18,3.0,29.0,2,9.67,14.5,9.0,8,44.44,5,1
525,17,18,1,1,18,3.0,30.0,1,10.0,30.0,18.0,7,38.89,3,2
532,17,5,2,2,50,8.0,81.0,3,10.12,27.0,16.0,19,38.0,8,4
532,17,6,2,2,51,8.0,87.0,2,10.88,43.5,24.0,13,25.49,7,5
532,17,9,2,2,38,6.0,57.0,2,9.5,28.5,18.0,16,42.11,5,4
532,17,10,1,1,24,4.0,29.0,0,7.25,0.0,inf,11,45.83,2,2
532,17,11,2,2,49,8.0,97.0,1,12.12,97.0,48.0,13,26.53,9,6
532,17,12,1,1,25,4.0,34.0,2,8.5,17.0,12.0,10,40.0,3,2
545,17,1,1,1,25,4.0,27.0,0,6.75,0.0,inf,9,36.0,3,0
545,17,5,2,2,49,8.0,75.0,1,9.38,75.0,48.0,20,40.82,6,6
545,17,6,2,2,48,8.0,66.0,2,8.25,33.0,24.0,17,35.42,8,2
545,17,8,2,2,34,5.0,74.0,0,14.8,0.0,inf,6,17.65,12,2
545,17,9,3,3,58,9.0,104.0,0,11.56,0.0,inf,20,34.48,10,6
545,17,10,1,1,27,4.0,33.0,1,8.25,33.0,24.0,9,33.33,5,0
545,17,11,2,2,42,7.0,74.0,3,10.57,24.67,14.0,15,35.71,8,4
545,17,12,2,2,50,8.0,68.0,2,8.5,34.0,24.0,19,38.0,10,1
545,17,18,1,1,24,4.0,12.0,2,3.0,6.0,12.0,11,45.83,0,0
546,17,1,1,1,24,4.0,11.0,3,2.75,3.67,8.0,13,54.17,0,0
546,17,5,1,1,25,4.0,29.0,1,7.25,29.0,24.0,10,40.0,1,2
546,17,6,2,2,30,5.0,31.0,2,6.2,15.5,15.0,8,26.67,3,0
546,17,8,1,1,6,1.0,10.0,0,10.0,0.0,inf,0,0.0,1,0
546,17,9,2,2,20,3.0,40.0,0,13.33,0.0,inf,3,15.0,3,2
546,17,10,2,2,34,5.0,65.0,0,13.0,0.0,inf,6,17.65,5,3
546,17,11,2,2,48,8.0,43.0,0,5.38,0.0,inf,10,20.83,1,0
546,17,12,1,1,18,3.0,26.0,0,8.67,0.0,inf,5,27.78,1,2
564,17,5,1,1,18,3.0,31.0,2,10.33,15.5,9.0,9,50.0,4,2
564,17,6,2,2,31,5.0,47.0,1,9.4,47.0,30.0,13,41.94,6,2
564,17,11,1,1,26,4.0,47.0,1,11.75,47.0,24.0,9,34.62,6,2
564,17,12,1,1,18,3.0,35.0,1,11.67,35.0,18.0,6,33.33,4,2
564,17,15,1,1,18,3.0,28.0,1,9.33,28.0,18.0,7,38.89,5,0
564,17,18,1,1,18,3.0,22.0,2,7.33,11.0,9.0,11,61.11,2,1
567,17,9,1,1,10,1.0,32.0,0,32.0,0.0,inf,2,20.0,3,3
570,17,5,1,1,22,3.0,34.0,0,11.33,0.0,inf,6,27.27,4,0
570,17,9,1,1,20,3.0,38.0,1,12.67,38.0,18.0,6,30.0,3,3
576,17,5,1,1,24,4.0,24.0,1,6.0,24.0,24.0,9,37.5,1,1
576,17,6,1,1,20,3.0,28.0,1,9.33,28.0,18.0,6,30.0,1,2
576,17,8,1,1,18,3.0,30.0,1,10.0,30.0,18.0,4,22.22,0,3
576,17,10,1,1,6,1.0,22.0,0,22.0,0.0,inf,0,0.0,2,2
576,17,12,1,1,25,4.0,33.0,4,8.25,8.25,6.0,11,44.0,2,2
581,17,15,1,1,1,0.0,4.0,0,inf,0.0,inf,0,0.0,1,0
584,17,5,1,1,25,4.0,40.0,0,10.0,0.0,inf,8,32.0,2,3
600,17,5,1,1,12,2.0,25.0,2,12.5,12.5,6.0,3,25.0,2,2
600,17,6,1,1,24,4.0,35.0,1,8.75,35.0,24.0,8,33.33,3,2
600,17,10,1,1,14,2.0,22.0,1,11.0,22.0,12.0,6,42.86,3,1
600,17,11,1,1,24,4.0,37.0,0,9.25,0.0,inf,6,25.0,4,1
600,17,18,1,1,25,4.0,32.0,0,8.0,0.0,inf,11,44.0,4,1
602,17,6,1,1,12,2.0,6.0,0,3.0,0.0,inf,6,50.0,0,0
602,17,9,1,1,17,2.0,23.0,1,11.5,23.0,17.0,5,29.41,0,2
602,17,11,1,1,12,2.0,34.0,0,17.0,0.0,inf,4,33.33,5,2
602,17,12,1,1,18,3.0,34.0,0,11.33,0.0,inf,4,22.22,1,3
602,17,18,1,1,13,2.0,23.0,0,11.5,0.0,inf,2,15.38,1,1
619,17,1,1,1,6,1.0,13.0,0,13.0,0.0,inf,0,0.0,2,0
619,17,9,1,1,19,3.0,25.0,0,8.33,0.0,inf,3,15.79,2,0
619,17,18,1,1,4,0.0,17.0,0,inf,0.0,inf,0,0.0,1,2
623,17,8,1,1,13,2.0,33.0,0,16.5,0.0,inf,2,15.38,2,3
623,17,15,1,1,12,2.0,18.0,0,9.0,0.0,inf,3,25.0,1,1
625,17,1,1,1,24,4.0,25.0,0,6.25,0.0,inf,9,37.5,1,1
625,17,5,1,1,24,4.0,35.0,0,8.75,0.0,inf,9,37.5,3,2
625,17,8,1,1,24,4.0,61.0,2,15.25,30.5,12.0,4,16.67,5,5
625,17,9,1,1,20,3.0,27.0,0,9.0,0.0,inf,3,15.0,3,0
625,17,11,1,1,24,4.0,32.0,0,8.0,0.0,inf,6,25.0,2,1
625,17,12,2,2,37,6.0,60.0,2,10.0,30.0,17.0,6,16.22,6,2
625,17,15,1,1,25,4.0,27.0,1,6.75,27.0,24.0,8,32.0,3,0
625,17,18,1,1,19,3.0,42.0,0,14.0,0.0,inf,0,0.0,4,2
629,17,11,1,1,6,1.0,6.0,0,6.0,0.0,inf,1,16.67,0,0
629,17,15,1,1,6,1.0,19.0,0,19.0,0.0,inf,0,0.0,1,2
638,17,1,1,1,18,3.0,27.0,0,9.0,0.0,inf,1,5.56,2,0
638,17,10,1,1,12,2.0,46.0,1,23.0,46.0,12.0,2,16.67,7,3
644,17,5,1,1,19,3.0,19.0,1,6.33,19.0,18.0,10,52.63,1,1
644,17,6,2,2,37,6.0,56.0,1,9.33,56.0,36.0,10,27.03,3,3
644,17,8,1,1,7,1.0,9.0,1,9.0,9.0,6.0,3,42.86,0,0
644,17,9,1,1,12,2.0,29.0,0,14.5,0.0,inf,4,33.33,2,3
644,17,10,1,1,6,1.0,10.0,0,10.0,0.0,inf,2,33.33,2,0
644,17,11,1,1,6,1.0,3.0,1,3.0,3.0,6.0,3,50.0,0,0
656,17,1,2,2,43,7.0,45.0,2,6.43,22.5,21.0,17,39.53,3,1
656,17,5,2,2,36,6.0,59.0,2,9.83,29.5,18.0,9,25.0,4,4
656,17,6,1,1,18,3.0,20.0,1,6.67,20.0,18.0,5,27.78,0,1
656,17,8,1,1,18,3.0,24.0,0,8.0,0.0,inf,5,27.78,0,2
656,17,9,2,2,30,5.0,43.0,2,8.6,21.5,15.0,10,33.33,4,2
656,17,11,2,2,42,7.0,46.0,2,6.57,23.0,21.0,15,35.71,3,2
656,17,12,1,1,24,4.0,25.0,0,6.25,0.0,inf,4,16.67,1,0
656,17,15,1,1,24,4.0,29.0,1,7.25,29.0,24.0,4,16.67,1,1
656,17,18,2,2,30,5.0,46.0,1,9.2,46.0,30.0,8,26.67,4,2
664,17,1,1,1,7,1.0,11.0,2,11.0,5.5,3.0,3,42.86,2,0
664,17,18,1,1,6,1.0,4.0,1,4.0,4.0,6.0,3,50.0,0,0
674,17,8,2,2,49,8.0,61.0,0,7.62,0.0,inf,14,28.57,3,3
674,17,9,1,1,24,4.0,28.0,1,7.0,28.0,24.0,13,54.17,0,3
674,17,11,1,1,24,4.0,28.0,0,7.0,0.0,inf,9,37.5,2,1
674,17,15,1,1,24,4.0,27.0,1,6.75,27.0,24.0,8,33.33,3,0
675,17,1,1,1,25,4.0,44.0,3,11.0,14.67,8.0,8,32.0,4,3
675,17,5,1,1,27,4.0,34.0,3,8.5,11.33,8.0,7,25.93,1,2
675,17,6,1,1,12,2.0,25.0,0,12.5,0.0,inf,1,8.33,1,2
675,17,8,1,1,21,3.0,23.0,2,7.67,11.5,9.0,5,23.81,2,0
675,17,9,2,2,34,5.0,77.0,0,15.4,0.0,inf,8,23.53,8,5
675,17,11,1,1,19,3.0,36.0,1,12.0,36.0,18.0,6,31.58,1,4
675,17,18,1,1,18,3.0,30.0,0,10.0,0.0,inf,5,27.78,1,2
680,17,12,1,1,19,3.0,48.0,0,16.0,0.0,inf,5,26.32,3,5
682,17,6,1,1,18,3.0,37.0,0,12.33,0.0,inf,4,22.22,4,2
682,17,8,1,1,27,4.0,57.0,1,14.25,57.0,24.0,7,25.93,9,2
682,17,10,1,1,25,4.0,45.0,0,11.25,0.0,inf,9,36.0,7,1
682,17,11,1,1,25,4.0,20.0,3,5.0,6.67,8.0,8,32.0,1,0
682,17,12,1,1,24,4.0,46.0,1,11.5,46.0,19.0,5,20.83,2,4
685,17,1,2,2,49,8.0,84.0,2,10.5,42.0,24.0,14,28.57,11,3
685,17,5,1,1,24,4.0,42.0,1,10.5,42.0,24.0,6,25.0,3,3
685,17,6,2,2,44,7.0,47.0,1,6.71,47.0,42.0,15,34.09,5,0
685,17,8,1,1,25,4.0,23.0,2,5.75,11.5,12.0,11,44.0,3,0
685,17,9,1,1,22,3.0,52.0,0,17.33,0.0,inf,2,9.09,7,2
685,17,10,1,1,25,4.0,36.0,1,9.0,36.0,24.0,10,40.0,1,4
685,17,11,1,1,24,4.0,18.0,2,4.5,9.0,12.0,14,58.33,2,0
685,17,15,1,1,25,4.0,32.0,1,8.0,32.0,24.0,12,48.0,4,1
685,17,18,1,1,24,4.0,38.0,1,9.5,38.0,24.0,9,37.5,4,2
690,17,1,1,1,26,4.0,37.0,1,9.25,37.0,24.0,7,26.92,3,1
690,17,5,2,2,50,8.0,65.0,3,8.12,21.67,15.67,18,36.0,5,3
690,17,8,1,1,23,3.0,25.0,2,8.33,12.5,11.0,13,56.52,2,2
690,17,9,1,1,25,4.0,49.0,3,12.25,16.33,8.0,7,28.0,9,0
690,17,10,2,2,43,7.0,75.0,3,10.71,25.0,14.0,11,25.58,6,4
690,17,11,1,1,28,4.0,41.0,2,10.25,20.5,12.0,8,28.57,4,1
690,17,12,1,1,25,4.0,43.0,0,10.75,0.0,inf,4,16.0,4,2
690,17,15,1,1,12,2.0,37.0,0,18.5,0.0,inf,1,8.33,5,2
693,17,5,2,2,34,5.0,51.0,0,10.2,0.0,inf,12,35.29,6,2
693,17,6,1,1,24,4.0,28.0,2,7.0,14.0,12.0,11,45.83,3,1
693,17,10,2,2,54,9.0,56.0,5,6.22,11.2,9.6,26,48.15,8,1
693,17,11,1,1,19,3.0,45.0,1,15.0,45.0,18.0,4,21.05,5,3
693,17,15,2,2,37,6.0,41.0,2,6.83,20.5,15.0,13,35.14,3,1
693,17,18,2,2,33,5.0,55.0,1,11.0,55.0,30.0,10,30.3,3,4
697,17,12,1,1,6,1.0,14.0,1,14.0,14.0,6.0,1,16.67,1,1
704,17,1,1,1,6,1.0,13.0,0,13.0,0.0,inf,2,33.33,3,0
704,17,5,1,1,22,3.0,31.0,1,10.33,31.0,19.0,10,45.45,3,2
704,17,8,1,1,24,4.0,14.0,3,3.5,4.67,8.0,16,66.67,2,0
704,17,12,1,1,24,4.0,27.0,3,6.75,9.0,8.0,11,45.83,3,1
712,17,1,2,2,50,8.0,54.0,4,6.75,13.5,12.0,17,34.0,3,2
712,17,5,1,1,24,4.0,29.0,1,7.25,29.0,24.0,9,37.5,3,1
712,17,8,2,2,57,9.0,96.0,1,10.67,96.0,48.0,20,35.09,6,8
712,17,9,1,1,26,4.0,33.0,3,8.25,11.0,8.0,11,42.31,4,1
712,17,10,1,1,26,4.0,24.0,0,6.0,0.0,inf,12,46.15,3,0
712,17,11,1,1,24,4.0,30.0,2,7.5,15.0,12.0,9,37.5,1,2
712,17,12,1,1,25,4.0,35.0,2,8.75,17.5,12.0,11,44.0,5,1
712,17,15,2,2,30,5.0,47.0,4,9.4,11.75,7.5,9,30.0,5,2
712,17,18,2,2,48,8.0,76.0,0,9.5,0.0,inf,13,27.08,7,3
717,17,1,1,1,25,4.0,19.0,2,4.75,9.5,12.0,8,32.0,1,0
717,17,5,1,1,12,2.0,16.0,0,8.0,0.0,inf,4,33.33,1,1
717,17,8,1,1,19,3.0,28.0,0,9.33,0.0,inf,4,21.05,2,1
717,17,11,1,1,19,3.0,21.0,1,7.0,21.0,18.0,9,47.37,2,1
727,17,1,1,1,28,4.0,29.0,0,7.25,0.0,inf,10,35.71,0,1
727,17,8,1,1,18,3.0,21.0,1,7.0,21.0,18.0,7,38.89,3,0
727,17,12,1,1,12,2.0,21.0,0,10.5,0.0,inf,5,41.67,3,1
729,17,8,1,1,25,4.0,45.0,4,11.25,11.25,6.0,9,36.0,6,2
733,17,6,1,1,6,1.0,7.0,0,7.0,0.0,inf,2,33.33,1,0
733,17,8,2,2,12,2.0,20.0,0,10.0,0.0,inf,2,16.67,3,0
733,17,11,1,1,24,4.0,24.0,2,6.0,12.0,12.0,8,33.33,2,0
734,17,1,1,1,20,3.0,33.0,1,11.0,33.0,18.0,4,20.0,2,2
734,17,5,1,1,26,4.0,52.0,0,13.0,0.0,inf,5,19.23,3,4
734,17,6,1,1,12,2.0,21.0,0,10.5,0.0,inf,0,0.0,1,1
734,17,8,2,2,46,7.0,88.0,3,12.57,29.33,14.0,7,15.22,1,9
734,17,9,1,1,24,4.0,39.0,2,9.75,19.5,12.0,10,41.67,1,4
734,17,10,1,1,14,2.0,26.0,2,13.0,13.0,6.0,3,21.43,0,3
742,17,11,1,1,12,2.0,29.0,0,14.5,0.0,inf,0,0.0,3,1
744,17,1,1,1,18,3.0,48.0,1,16.0,48.0,18.0,6,33.33,5,4
744,17,5,1,1,28,4.0,65.0,2,16.25,32.5,12.0,7,25.0,4,6
744,17,6,1,1,25,4.0,43.0,0,10.75,0.0,inf,5,20.0,3,3
744,17,9,1,1,26,4.0,59.0,3,14.75,19.67,8.0,6,23.08,5,4
744,17,11,1,1,24,4.0,48.0,1,12.0,48.0,24.0,6,25.0,4,4
744,17,15,1,1,19,3.0,31.0,0,10.33,0.0,inf,6,31.58,4,1
749,17,15,1,1,9,1.0,18.0,0,18.0,0.0,inf,1,11.11,0,2
772,17,1,1,1,24,4.0,30.0,2,7.5,15.0,12.0,9,37.5,5,0
772,17,5,1,1,27,4.0,55.0,1,13.75,55.0,24.0,5,18.52,4,4
772,17,8,1,1,26,4.0,29.0,4,7.25,7.25,6.0,11,42.31,3,1
772,17,9,1,1,27,4.0,22.0,2,5.5,11.0,12.0,15,55.56,3,0
772,17,10,1,1,27,4.0,47.0,1,11.75,47.0,24.0,3,11.11,6,1
772,17,12,1,1,29,4.0,22.0,0,5.5,0.0,inf,14,48.28,2,0
772,17,15,1,1,17,2.0,19.0,2,9.5,9.5,8.5,6,35.29,2,0
772,17,18,2,2,48,8.0,94.0,2,11.75,47.0,22.5,13,27.08,12,4
773,17,12,2,2,51,8.0,71.0,1,8.88,71.0,47.0,19,37.25,7,3
777,17,1,1,1,25,4.0,28.0,1,7.0,28.0,24.0,7,28.0,3,0
777,17,5,2,2,50,8.0,70.0,3,8.75,23.33,16.0,19,38.0,5,4
777,17,6,2,2,49,8.0,78.0,1,9.75,78.0,48.0,12,24.49,6,4
777,17,8,2,2,50,8.0,98.0,4,12.25,24.5,12.0,11,22.0,12,4
777,17,9,3,3,56,9.0,88.0,3,9.78,29.33,18.0,20,35.71,10,4
777,17,10,1,1,24,4.0,35.0,0,8.75,0.0,inf,9,37.5,5,1
777,17,11,2,2,49,8.0,64.0,3,8.0,21.33,16.0,22,44.9,5,4
777,17,12,2,2,48,8.0,58.0,2,7.25,29.0,24.0,18,37.5,7,1
777,17,18,1,1,24,4.0,47.0,1,11.75,47.0,24.0,5,20.83,6,1
6,18,1,1,1,18,3.0,17.0,2,5.67,8.5,9.0,5,27.78,1,0
6,18,5,2,2,36,6.0,49.0,1,8.17,49.0,36.0,14,38.89,2,4
6,18,8,2,2,38,6.0,63.0,0,10.5,0.0,inf,12,31.58,7,3
6,18,9,2,2,26,4.0,43.0,1,10.75,43.0,25.0,8,30.77,2,3
6,18,10,1,1,13,2.0,19.0,1,9.5,19.0,12.0,4,30.77,0,2
6,18,11,2,2,24,4.0,37.0,1,9.25,37.0,24.0,6,25.0,1,3
6,18,12,2,2,37,6.0,50.0,1,8.33,50.0,36.0,13,35.14,6,1
6,18,15,1,1,22,3.0,22.0,1,7.33,22.0,22.0,8,36.36,0,1
6,18,18,1,1,18,3.0,24.0,2,8.0,12.0,9.0,6,33.33,4,0
16,18,1,1,1,25,4.0,44.0,1,11.0,44.0,24.0,4,16.0,4,2
16,18,5,1,1,28,4.0,34.0,2,8.5,17.0,12.0,12,42.86,4,1
16,18,6,2,2,51,8.0,78.0,2,9.75,39.0,24.0,12,23.53,8,3
16,18,8,2,2,37,6.0,30.0,2,5.0,15.0,18.0,18,48.65,3,0
16,18,9,2,2,26,4.0,23.0,3,5.75,7.67,8.33,15,57.69,4,0
16,18,10,1,1,26,4.0,41.0,1,10.25,41.0,24.0,7,26.92,1,4
16,18,11,2,2,45,7.0,86.0,3,12.29,28.67,14.0,13,28.89,8,6
16,18,15,1,1,12,2.0,39.0,0,19.5,0.0,inf,2,16.67,6,2
16,18,18,2,2,50,8.0,59.0,2,7.38,29.5,24.0,22,44.0,3,4
18,18,1,2,2,47,7.0,83.0,3,11.86,27.67,15.67,10,21.28,8,4
18,18,5,2,2,49,8.0,82.0,3,10.25,27.33,16.0,14,28.57,8,4
18,18,6,1,1,22,3.0,32.0,1,10.67,32.0,21.0,6,27.27,5,0
18,18,8,1,1,20,3.0,32.0,1,10.67,32.0,18.0,5,25.0,5,0
18,18,9,1,1,24,4.0,45.0,1,11.25,45.0,24.0,10,41.67,5,3
18,18,10,1,1,19,3.0,19.0,0,6.33,0.0,inf,9,47.37,3,0
18,18,11,1,1,24,4.0,37.0,3,9.25,12.33,8.0,6,25.0,2,2
18,18,12,2,2,45,7.0,87.0,0,12.43,0.0,inf,8,17.78,7,5
18,18,15,2,2,44,7.0,70.0,1,10.0,70.0,42.0,9,20.45,5,3
20,18,1,1,1,18,3.0,20.0,0,6.67,0.0,inf,7,38.89,3,0
20,18,5,1,1,24,4.0,46.0,2,11.5,23.0,12.0,8,33.33,4,3
20,18,6,2,2,43,7.0,59.0,3,8.43,19.67,14.0,10,23.26,4,2
20,18,9,1,1,18,3.0,25.0,1,8.33,25.0,18.0,7,38.89,3,1
20,18,10,2,2,51,8.0,87.0,2,10.88,43.5,23.5,15,29.41,9,3
20,18,11,2,2,43,7.0,69.0,2,9.86,34.5,21.0,12,27.91,7,3
20,18,12,4,4,70,11.0,84.0,3,7.64,28.0,22.33,26,37.14,5,4
20,18,15,1,1,19,3.0,36.0,0,12.0,0.0,inf,4,21.05,3,2
20,18,18,1,1,19,3.0,44.0,0,14.67,0.0,inf,2,10.53,5,2
24,18,1,1,1,7,1.0,15.0,0,15.0,0.0,inf,3,42.86,2,1
24,18,6,2,2,31,5.0,36.0,1,7.2,36.0,30.0,10,32.26,0,2
24,18,8,1,1,6,1.0,10.0,0,10.0,0.0,inf,2,33.33,2,0
24,18,10,1,1,7,1.0,16.0,1,16.0,16.0,6.0,2,28.57,2,1
24,18,12,1,1,7,1.0,11.0,0,11.0,0.0,inf,1,14.29,1,0
24,18,15,1,1,20,3.0,14.0,2,4.67,7.0,9.0,9,45.0,1,0
24,18,18,1,1,12,2.0,18.0,2,9.0,9.0,6.0,4,33.33,3,0
30,18,5,1,1,25,4.0,44.0,1,11.0,44.0,24.0,8,32.0,5,2
30,18,10,2,2,42,7.0,70.0,0,10.0,0.0,inf,11,26.19,7,3
30,18,11,1,1,24,4.0,39.0,0,9.75,0.0,inf,9,37.5,4,2
30,18,12,1,1,25,4.0,43.0,1,10.75,43.0,24.0,7,28.0,3,3
30,18,15,1,1,28,4.0,29.0,1,7.25,29.0,24.0,7,25.0,2,0
31,18,11,1,1,19,3.0,29.0,1,9.67,29.0,18.0,4,21.05,3,1
33,18,1,1,1,12,2.0,29.0,0,14.5,0.0,inf,3,25.0,1,3
33,18,5,1,1,25,4.0,43.0,2,10.75,21.5,12.0,5,20.0,5,1
33,18,6,1,1,26,4.0,39.0,1,9.75,39.0,24.0,6,23.08,5,0
33,18,8,2,2,32,5.0,45.0,1,9.0,45.0,30.0,6,18.75,4,1
33,18,10,1,1,24,4.0,46.0,0,11.5,0.0,inf,6,25.0,6,2
33,18,11,1,1,24,4.0,44.0,2,11.0,22.0,12.0,6,25.0,2,3
33,18,18,1,1,26,4.0,33.0,2,8.25,16.5,12.0,11,42.31,2,2
35,18,18,1,1,1,0.0,4.0,0,inf,0.0,inf,0,0.0,1,0
38,18,5,3,3,69,11.0,100.0,4,9.09,25.0,16.5,24,34.78,11,4
38,18,6,1,1,26,4.0,47.0,0,11.75,0.0,inf,9,34.62,4,3
38,18,8,1,1,25,4.0,19.0,3,4.75,6.33,8.0,12,48.0,1,1
38,18,9,1,1,25,4.0,32.0,1,8.0,32.0,24.0,11,44.0,4,1
38,18,10,2,2,52,8.0,84.0,1,10.5,84.0,48.0,18,34.62,10,4
38,18,11,2,2,42,7.0,54.0,1,7.71,54.0,36.0,19,45.24,5,3
38,18,12,1,1,27,4.0,54.0,0,13.5,0.0,inf,7,25.93,7,3
38,18,15,2,2,50,8.0,50.0,6,6.25,8.33,8.0,26,52.0,7,1
38,18,18,2,2,51,8.0,87.0,0,10.88,0.0,inf,15,29.41,11,2
46,18,1,1,1,24,4.0,27.0,3,6.75,9.0,8.0,7,29.17,3,0
46,18,8,1,1,26,4.0,74.0,2,18.5,37.0,12.0,3,11.54,9,4
46,18,15,1,1,14,2.0,31.0,1,15.5,31.0,14.0,5,35.71,4,2
51,18,1,1,1,24,4.0,38.0,0,9.5,0.0,inf,8,33.33,5,1
51,18,5,1,1,25,4.0,54.0,0,13.5,0.0,inf,7,28.0,8,2
51,18,8,1,1,19,3.0,30.0,0,10.0,0.0,inf,3,15.79,4,0
51,18,12,1,1,18,3.0,39.0,0,13.0,0.0,inf,3,16.67,4,2
51,18,15,1,1,18,3.0,49.0,0,16.33,0.0,inf,3,16.67,6,3
52,18,5,1,1,24,4.0,36.0,1,9.0,36.0,24.0,5,20.83,2,2
52,18,6,1,1,12,2.0,21.0,1,10.5,21.0,12.0,5,41.67,3,1
52,18,8,3,3,49,8.0,70.0,3,8.75,23.33,16.0,16,32.65,5,4
52,18,10,1,1,25,4.0,41.0,2,10.25,20.5,12.0,5,20.0,3,2
52,18,11,1,1,24,4.0,22.0,3,5.5,7.33,8.0,9,37.5,2,0
58,18,1,2,2,37,6.0,51.0,3,8.5,17.0,12.0,10,27.03,4,2
58,18,5,1,1,18,3.0,25.0,1,8.33,25.0,18.0,7,38.89,3,1
58,18,6,1,1,18,3.0,21.0,2,7.0,10.5,8.5,7,38.89,3,0
58,18,8,1,1,25,4.0,41.0,1,10.25,41.0,24.0,6,24.0,5,1
58,18,9,1,1,24,4.0,24.0,3,6.0,8.0,8.0,11,45.83,4,0
58,18,10,1,1,24,4.0,13.0,1,3.25,13.0,24.0,11,45.83,0,0
60,18,9,1,1,6,1.0,9.0,0,9.0,0.0,inf,0,0.0,1,0
60,18,15,1,1,6,1.0,9.0,0,9.0,0.0,inf,0,0.0,1,0
63,18,1,1,1,13,2.0,26.0,1,13.0,26.0,12.0,2,15.38,1,2
63,18,6,1,1,12,2.0,11.0,1,5.5,11.0,12.0,4,33.33,1,0
63,18,9,1,1,12,2.0,5.0,1,2.5,5.0,12.0,7,58.33,0,0
63,18,11,1,1,6,1.0,6.0,0,6.0,0.0,inf,3,50.0,1,0
63,18,15,1,1,21,3.0,40.0,0,13.33,0.0,inf,3,14.29,2,3
63,18,18,1,1,18,3.0,22.0,1,7.33,22.0,18.0,8,44.44,4,0
71,18,1,1,1,19,3.0,17.0,1,5.67,17.0,18.0,11,57.89,3,0
71,18,5,2,2,37,6.0,53.0,3,8.83,17.67,12.0,21,56.76,7,3
71,18,8,2,2,43,7.0,93.0,1,13.29,93.0,42.0,17,39.53,10,7
71,18,9,2,2,33,5.0,54.0,0,10.8,0.0,inf,15,45.45,4,5
71,18,10,1,1,24,4.0,25.0,2,6.25,12.5,12.0,9,37.5,1,1
71,18,11,2,2,43,7.0,73.0,2,10.43,36.5,21.0,17,39.53,11,3
71,18,12,2,2,48,8.0,73.0,4,9.12,18.25,11.5,20,41.67,9,3
71,18,15,1,1,19,3.0,21.0,1,7.0,21.0,18.0,9,47.37,3,0
71,18,18,1,1,24,4.0,38.0,1,9.5,38.0,24.0,12,50.0,3,3
72,18,18,1,1,26,4.0,26.0,1,6.5,26.0,24.0,9,34.62,3,0
79,18,8,1,1,5,0.0,9.0,0,inf,0.0,inf,1,20.0,0,1
85,18,6,1,1,25,4.0,39.0,1,9.75,39.0,24.0,7,28.0,5,1
85,18,15,1,1,18,3.0,40.0,0,13.33,0.0,inf,3,16.67,3,3
100,18,6,1,1,14,2.0,22.0,0,11.0,0.0,inf,4,28.57,2,1
100,18,12,1,1,18,3.0,32.0,1,10.67,32.0,18.0,7,38.89,4,2
102,18,1,1,1,24,4.0,30.0,1,7.5,30.0,24.0,5,20.83,3,0
102,18,5,2,2,48,8.0,69.0,2,8.62,34.5,24.0,12,25.0,4,4
102,18,6,1,1,26,4.0,23.0,1,5.75,23.0,24.0,10,38.46,2,0
102,18,8,1,1,25,4.0,36.0,0,9.0,0.0,inf,5,20.0,3,1
102,18,9,1,1,26,4.0,33.0,1,8.25,33.0,24.0,6,23.08,4,0
102,18,10,2,2,49,8.0,55.0,2,6.88,27.5,24.0,18,36.73,5,1
102,18,11,1,1,24,4.0,30.0,0,7.5,0.0,inf,7,29.17,2,1
102,18,12,2,2,49,8.0,76.0,4,9.5,19.0,12.0,16,32.65,9,3
102,18,15,2,2,50,8.0,77.0,3,9.62,25.67,16.0,16,32.0,5,4
106,18,5,1,1,6,1.0,13.0,0,13.0,0.0,inf,2,33.33,3,0
106,18,8,2,2,38,6.0,68.0,1,11.33,68.0,36.0,10,26.32,3,6
106,18,12,1,1,18,3.0,27.0,0,9.0,0.0,inf,3,16.67,2,1
106,18,15,1,1,12,2.0,25.0,0,12.5,0.0,inf,1,8.33,3,1
116,18,1,1,1,6,1.0,13.0,1,13.0,13.0,6.0,2,33.33,3,0
116,18,5,1,1,18,3.0,35.0,2,11.67,17.5,8.5,4,22.22,2,3
116,18,6,1,1,16,2.0,22.0,0,11.0,0.0,inf,5,31.25,2,1
116,18,10,1,1,14,2.0,22.0,1,11.0,22.0,12.0,4,28.57,4,0
116,18,11,1,1,6,1.0,11.0,0,11.0,0.0,inf,0,0.0,1,0
116,18,12,1,1,18,3.0,27.0,1,9.0,27.0,18.0,4,22.22,1,2
116,18,15,2,2,24,4.0,55.0,2,13.75,27.5,11.0,5,20.83,5,4
116,18,18,1,1,12,2.0,32.0,1,16.0,32.0,12.0,4,33.33,3,3
123,18,1,1,1,23,3.0,28.0,0,9.33,0.0,inf,7,30.43,2,1
123,18,5,2,2,46,7.0,74.0,3,10.57,24.67,14.0,16,34.78,3,5
123,18,8,1,1,26,4.0,30.0,1,7.5,30.0,24.0,5,19.23,2,0
123,18,18,1,1,18,3.0,49.0,0,16.33,0.0,inf,3,16.67,4,4
130,18,5,1,1,17,2.0,29.0,0,14.5,0.0,inf,4,23.53,0,3
130,18,11,1,1,12,2.0,30.0,0,15.0,0.0,inf,2,16.67,3,2
130,18,18,1,1,12,2.0,24.0,0,12.0,0.0,inf,3,25.0,0,3
131,18,6,1,1,19,3.0,40.0,0,13.33,0.0,inf,1,5.26,3,2
137,18,5,2,2,48,8.0,56.0,1,7.0,56.0,48.0,12,25.0,5,1
137,18,8,1,1,13,2.0,22.0,1,11.0,22.0,12.0,3,23.08,2,1
137,18,9,2,2,36,6.0,49.0,0,8.17,0.0,inf,16,44.44,3,4
137,18,10,1,1,18,3.0,21.0,0,7.0,0.0,inf,4,22.22,2,0
137,18,11,2,2,49,8.0,87.0,3,10.88,29.0,16.0,12,24.49,5,7
137,18,12,1,1,25,4.0,48.0,2,12.0,24.0,12.0,7,28.0,1,5
145,18,1,1,1,26,4.0,45.0,1,11.25,45.0,24.0,5,19.23,6,1
145,18,5,1,1,14,2.0,28.0,0,14.0,0.0,inf,5,35.71,2,2
145,18,6,2,2,50,8.0,59.0,4,7.38,14.75,12.0,25,50.0,4,4
145,18,8,1,1,18,3.0,32.0,0,10.67,0.0,inf,4,22.22,5,0
145,18,10,1,1,24,4.0,49.0,0,12.25,0.0,inf,8,33.33,7,2
145,18,11,2,2,51,8.0,77.0,4,9.62,19.25,12.0,20,39.22,10,3
145,18,12,2,2,32,5.0,52.0,3,10.4,17.33,10.0,16,50.0,4,5
145,18,15,2,2,37,6.0,55.0,1,9.17,55.0,36.0,12,32.43,5,3
145,18,18,1,1,24,4.0,51.0,2,12.75,25.5,12.0,4,16.67,4,4
148,18,1,2,2,44,7.0,76.0,2,10.86,38.0,21.0,12,27.27,11,2
148,18,5,1,1,18,3.0,28.0,0,9.33,0.0,inf,6,33.33,1,2
148,18,6,1,1,19,3.0,28.0,1,9.33,28.0,18.0,7,36.84,5,0
148,18,9,1,1,25,4.0,29.0,1,7.25,29.0,24.0,9,36.0,3,1
148,18,10,1,1,19,3.0,31.0,0,10.33,0.0,inf,6,31.58,3,2
148,18,11,1,1,19,3.0,33.0,1,11.0,33.0,18.0,8,42.11,5,1
148,18,12,1,1,24,4.0,75.0,0,18.75,0.0,inf,3,12.5,6,7
148,18,18,1,1,19,3.0,37.0,1,12.33,37.0,18.0,4,21.05,3,2
162,18,5,1,1,6,1.0,9.0,0,9.0,0.0,inf,2,33.33,0,1
164,18,8,2,2,36,6.0,54.0,1,9.0,54.0,36.0,17,47.22,5,3
164,18,9,1,1,18,3.0,30.0,1,10.0,30.0,18.0,8,44.44,3,2
164,18,11,1,1,6,1.0,12.0,0,12.0,0.0,inf,3,50.0,3,0
169,18,1,1,1,18,3.0,49.0,0,16.33,0.0,inf,1,5.56,5,3
169,18,12,1,1,7,1.0,4.0,1,4.0,4.0,7.0,4,57.14,0,0
178,18,1,1,1,12,2.0,28.0,0,14.0,0.0,inf,1,8.33,2,2
178,18,5,1,1,19,3.0,40.0,0,13.33,0.0,inf,2,10.53,2,3
178,18,6,1,1,22,3.0,27.0,0,9.0,0.0,inf,3,13.64,2,0
178,18,8,1,1,12,2.0,10.0,1,5.0,10.0,12.0,5,41.67,1,0
178,18,11,1,1,25,4.0,38.0,0,9.5,0.0,inf,5,20.0,2,2
178,18,12,1,1,26,4.0,47.0,0,11.75,0.0,inf,5,19.23,5,2
178,18,15,1,1,19,3.0,25.0,1,8.33,25.0,18.0,4,21.05,3,0
178,18,18,1,1,28,4.0,42.0,0,10.5,0.0,inf,6,21.43,3,2
179,18,1,1,1,19,3.0,34.0,0,11.33,0.0,inf,3,15.79,3,2
179,18,5,1,1,24,4.0,39.0,1,9.75,39.0,24.0,7,29.17,2,3
179,18,6,2,2,25,4.0,41.0,4,10.25,10.25,6.0,5,20.0,2,2
179,18,8,3,3,66,11.0,84.0,4,7.64,21.0,16.5,15,22.73,3,4
179,18,9,1,1,25,4.0,28.0,4,7.0,7.0,6.0,14,56.0,1,2
179,18,11,2,2,43,7.0,62.0,0,8.86,0.0,inf,10,23.26,3,3
179,18,15,1,1,25,4.0,56.0,1,14.0,56.0,24.0,3,12.0,4,4
179,18,18,2,2,50,8.0,86.0,2,10.75,43.0,24.0,15,30.0,6,6
184,18,1,1,1,18,3.0,38.0,0,12.67,0.0,inf,6,33.33,3,3
184,18,6,1,1,25,4.0,47.0,3,11.75,15.67,8.0,9,36.0,5,3
184,18,9,1,1,13,2.0,26.0,1,13.0,26.0,12.0,6,46.15,3,2
184,18,12,1,1,15,2.0,20.0,0,10.0,0.0,inf,5,33.33,3,0
187,18,10,1,1,25,4.0,27.0,1,6.75,27.0,24.0,8,32.0,3,0
190,18,8,1,1,12,2.0,20.0,1,10.0,20.0,12.0,3,25.0,0,2
190,18,9,1,1,24,4.0,34.0,3,8.5,11.33,8.0,10,41.67,1,3
190,18,18,1,1,25,4.0,44.0,1,11.0,44.0,24.0,5,20.0,3,3
200,18,1,1,1,28,4.0,41.0,1,10.25,41.0,24.0,6,21.43,2,2
200,18,8,1,1,18,3.0,39.0,0,13.0,0.0,inf,3,16.67,6,1
200,18,10,1,1,10,1.0,22.0,0,22.0,0.0,inf,1,10.0,1,2
213,18,1,2,2,24,4.0,35.0,1,8.75,35.0,24.0,7,29.17,4,1
213,18,6,2,2,33,5.0,38.0,1,7.6,38.0,31.0,11,33.33,2,2
213,18,8,1,1,25,4.0,40.0,0,10.0,0.0,inf,6,24.0,3,2
213,18,9,1,1,21,3.0,17.0,1,5.67,17.0,20.0,11,52.38,0,1
213,18,10,2,2,51,8.0,54.0,5,6.75,10.8,9.6,18,35.29,5,1
213,18,12,2,2,39,6.0,56.0,2,9.33,28.0,18.0,8,20.51,4,2
213,18,15,2,2,30,5.0,27.0,0,5.4,0.0,inf,10,33.33,2,0
213,18,18,1,1,24,4.0,46.0,0,11.5,0.0,inf,5,20.83,7,1
214,18,11,1,1,6,1.0,30.0,0,30.0,0.0,inf,0,0.0,3,3
217,18,1,2,2,46,7.0,71.0,2,10.14,35.5,21.0,15,32.61,6,3
217,18,6,2,2,38,6.0,50.0,2,8.33,25.0,18.0,16,42.11,6,1
217,18,8,1,1,13,2.0,29.0,0,14.5,0.0,inf,2,15.38,2,2
217,18,9,1,1,13,2.0,19.0,2,9.5,9.5,6.0,6,46.15,4,0
217,18,10,2,2,36,6.0,46.0,2,7.67,23.0,18.0,13,36.11,7,0
217,18,11,1,1,14,2.0,13.0,1,6.5,13.0,12.0,9,64.29,1,0
217,18,12,1,1,19,3.0,28.0,0,9.33,0.0,inf,10,52.63,3,2
217,18,15,2,2,51,8.0,59.0,2,7.38,29.5,24.0,25,49.02,7,2
217,18,18,2,2,33,5.0,61.0,0,12.2,0.0,inf,10,30.3,5,4
224,18,1,1,1,18,3.0,41.0,0,13.67,0.0,inf,1,5.56,6,1
224,18,5,2,2,36,6.0,52.0,1,8.67,52.0,36.0,8,22.22,6,1
224,18,6,1,1,26,4.0,28.0,4,7.0,7.0,6.0,13,50.0,1,2
224,18,8,1,1,25,4.0,39.0,1,9.75,39.0,23.0,9,36.0,5,1
224,18,9,2,2,39,6.0,64.0,1,10.67,64.0,36.0,11,28.21,8,2
224,18,10,2,2,45,7.0,53.0,1,7.57,53.0,42.0,14,31.11,5,1
224,18,11,1,1,26,4.0,34.0,2,8.5,17.0,12.0,7,26.92,0,3
224,18,12,1,1,26,4.0,42.0,4,10.5,10.5,6.0,7,26.92,2,2
224,18,18,2,2,45,7.0,77.0,2,11.0,38.5,18.0,12,26.67,9,3
243,18,11,1,1,25,4.0,48.0,1,12.0,48.0,24.0,7,28.0,3,4
243,18,18,1,1,25,4.0,46.0,1,11.5,46.0,24.0,3,12.0,3,3
247,18,10,1,1,12,2.0,20.0,1,10.0,20.0,12.0,3,25.0,4,0
255,18,1,1,1,25,4.0,36.0,0,9.0,0.0,inf,4,16.0,2,1
255,18,5,1,1,18,3.0,32.0,0,10.67,0.0,inf,5,27.78,1,3
255,18,6,2,2,48,8.0,41.0,3,5.12,13.67,16.0,20,41.67,2,1
255,18,8,1,1,24,4.0,27.0,1,6.75,27.0,24.0,4,16.67,1,1
255,18,10,1,1,24,4.0,29.0,3,7.25,9.67,8.0,10,41.67,0,3
255,18,11,1,1,24,4.0,27.0,0,6.75,0.0,inf,6,25.0,1,1
255,18,12,2,2,44,7.0,49.0,2,7.0,24.5,21.0,15,34.09,1,3
255,18,15,2,2,49,8.0,72.0,3,9.0,24.0,16.0,15,30.61,2,6
255,18,18,1,1,19,3.0,38.0,0,12.67,0.0,inf,5,26.32,2,3
258,18,15,1,1,12,2.0,27.0,0,13.5,0.0,inf,3,25.0,4,1
263,18,1,2,2,50,8.0,46.0,3,5.75,15.33,16.0,25,50.0,4,1
263,18,6,1,1,25,4.0,25.0,2,6.25,12.5,12.0,9,36.0,3,0
263,18,8,1,1,24,4.0,29.0,0,7.25,0.0,inf,5,20.83,0,2
263,18,10,2,2,44,7.0,56.0,4,8.0,14.0,11.0,22,50.0,7,2
263,18,11,1,1,24,4.0,15.0,2,3.75,7.5,12.0,14,58.33,2,0
263,18,12,2,2,48,8.0,63.0,1,7.88,63.0,48.0,20,41.67,6,3
263,18,15,2,2,49,8.0,60.0,2,7.5,30.0,24.0,16,32.65,4,2
263,18,18,1,1,25,4.0,22.0,4,5.5,5.5,6.0,14,56.0,0,2
264,18,1,1,1,7,1.0,15.0,0,15.0,0.0,inf,1,14.29,1,1
279,18,1,2,2,46,7.0,56.0,3,8.0,18.67,15.0,11,23.91,4,1
279,18,6,1,1,12,2.0,42.0,1,21.0,42.0,12.0,1,8.33,2,5
279,18,9,1,1,20,3.0,24.0,4,8.0,6.0,4.5,9,45.0,3,1
279,18,12,2,2,34,5.0,71.0,2,14.2,35.5,15.0,9,26.47,5,6
279,18,18,1,1,20,3.0,39.0,1,13.0,39.0,18.0,5,25.0,4,2
281,18,1,1,1,6,1.0,20.0,0,20.0,0.0,inf,2,33.33,2,2
281,18,9,1,1,24,4.0,47.0,0,11.75,0.0,inf,6,25.0,3,4
281,18,11,1,1,21,3.0,46.0,2,15.33,23.0,9.0,7,33.33,4,4
281,18,18,1,1,12,2.0,28.0,0,14.0,0.0,inf,5,41.67,2,3
292,18,1,3,3,73,12.0,112.0,5,9.33,22.4,14.4,23,31.51,5,8
292,18,6,2,2,44,7.0,70.0,0,10.0,0.0,inf,10,22.73,6,2
292,18,8,1,1,26,4.0,57.0,2,14.25,28.5,12.0,8,30.77,6,4
292,18,9,1,1,24,4.0,23.0,1,5.75,23.0,24.0,14,58.33,0,2
292,18,10,2,2,37,6.0,50.0,1,8.33,50.0,36.0,13,35.14,7,0
292,18,11,1,1,14,2.0,28.0,3,14.0,9.33,4.33,5,35.71,3,2
292,18,12,2,2,46,7.0,74.0,1,10.57,74.0,45.0,15,32.61,12,1
292,18,15,2,2,51,8.0,55.0,5,6.88,11.0,9.6,18,35.29,4,2
292,18,18,2,2,42,7.0,48.0,4,6.86,12.0,10.5,18,42.86,6,1
298,18,1,2,2,50,8.0,71.0,0,8.88,0.0,inf,13,26.0,1,6
298,18,5,2,2,49,8.0,66.0,2,8.25,33.0,24.0,17,34.69,6,3
298,18,6,1,1,24,4.0,27.0,2,6.75,13.5,12.0,9,37.5,2,1
298,18,8,2,2,31,5.0,30.0,2,6.0,15.0,15.0,13,41.94,1,1
298,18,9,1,1,26,4.0,41.0,2,10.25,20.5,12.0,7,26.92,3,2
298,18,11,1,1,7,1.0,13.0,0,13.0,0.0,inf,3,42.86,1,1
298,18,12,1,1,25,4.0,38.0,2,9.5,19.0,12.0,5,20.0,4,1
298,18,15,1,1,14,2.0,21.0,0,10.5,0.0,inf,2,14.29,1,1
298,18,18,2,2,18,3.0,49.0,1,16.33,49.0,18.0,3,16.67,3,5
301,18,1,1,1,15,2.0,13.0,3,6.5,4.33,5.0,9,60.0,0,1
301,18,8,1,1,18,3.0,25.0,0,8.33,0.0,inf,7,38.89,3,1
301,18,9,2,2,31,5.0,57.0,2,11.4,28.5,15.0,8,25.81,5,3
301,18,11,1,1,18,3.0,21.0,1,7.0,21.0,18.0,8,44.44,2,1
301,18,12,1,1,12,2.0,20.0,0,10.0,0.0,inf,2,16.67,2,1
301,18,15,1,1,18,3.0,16.0,1,5.33,16.0,18.0,12,66.67,3,0
301,18,18,1,1,18,3.0,20.0,1,6.67,20.0,18.0,9,50.0,2,1
312,18,1,1,1,24,4.0,33.0,0,8.25,0.0,inf,7,29.17,5,0
312,18,5,1,1,18,3.0,12.0,0,4.0,0.0,inf,9,50.0,1,0
312,18,6,2,2,49,8.0,40.0,4,5.0,10.0,12.0,23,46.94,3,0
312,18,8,1,1,24,4.0,43.0,1,10.75,43.0,24.0,7,29.17,5,2
312,18,10,1,1,25,4.0,39.0,2,9.75,19.5,12.0,7,28.0,4,2
312,18,11,2,2,48,8.0,49.0,4,6.12,12.25,12.0,23,47.92,3,2
312,18,12,2,2,48,8.0,60.0,3,7.5,20.0,16.0,18,37.5,4,3
312,18,15,2,2,47,7.0,76.0,3,10.86,25.33,14.0,13,27.66,5,5
312,18,18,1,1,25,4.0,31.0,0,7.75,0.0,inf,7,28.0,1,2
318,18,1,1,1,19,3.0,29.0,1,9.67,29.0,19.0,5,26.32,5,0
318,18,8,1,1,24,4.0,40.0,1,10.0,40.0,24.0,6,25.0,7,0
318,18,12,1,1,24,4.0,30.0,2,7.5,15.0,12.0,9,37.5,3,1
319,18,1,1,1,24,4.0,36.0,2,9.0,18.0,12.0,11,45.83,2,3
319,18,5,2,2,50,8.0,72.0,2,9.0,36.0,24.0,15,30.0,11,0
319,18,6,2,2,51,8.0,64.0,2,8.0,32.0,22.0,18,35.29,7,2
319,18,8,4,4,74,12.0,109.0,6,9.08,18.17,12.0,24,32.43,13,3
319,18,9,1,1,18,3.0,11.0,1,3.67,11.0,18.0,9,50.0,1,0
319,18,10,1,1,24,4.0,35.0,0,8.75,0.0,inf,6,25.0,4,1
319,18,11,2,2,50,8.0,95.0,1,11.88,95.0,48.0,19,38.0,11,4
319,18,15,1,1,25,4.0,37.0,1,9.25,37.0,24.0,10,40.0,6,1
319,18,18,2,2,51,8.0,59.0,6,7.38,9.83,8.0,22,43.14,7,1
327,18,1,1,1,18,3.0,27.0,0,9.0,0.0,inf,6,33.33,3,1
327,18,6,2,2,37,6.0,43.0,2,7.17,21.5,18.0,14,37.84,1,3
327,18,11,2,2,44,7.0,66.0,4,9.43,16.5,10.5,9,20.45,1,5
334,18,1,1,1,27,4.0,40.0,1,10.0,40.0,24.0,5,18.52,4,1
334,18,5,2,2,49,8.0,86.0,3,10.75,28.67,16.0,16,32.65,9,5
334,18,6,1,1,25,4.0,36.0,1,9.0,36.0,24.0,3,12.0,1,2
334,18,8,2,2,43,7.0,77.0,1,11.0,77.0,39.0,17,39.53,7,5
334,18,9,1,1,14,2.0,17.0,0,8.5,0.0,inf,6,42.86,3,0
334,18,11,1,1,18,3.0,31.0,0,10.33,0.0,inf,5,27.78,1,3
334,18,12,1,1,28,4.0,49.0,1,12.25,49.0,24.0,9,32.14,6,2
334,18,15,1,1,14,2.0,17.0,0,8.5,0.0,inf,3,21.43,2,0
334,18,18,2,2,37,6.0,55.0,5,9.17,11.0,7.2,15,40.54,6,3
341,18,1,2,2,46,7.0,82.0,0,11.71,0.0,inf,12,26.09,10,3
341,18,5,1,1,25,4.0,46.0,1,11.5,46.0,24.0,7,28.0,5,2
341,18,6,1,1,6,1.0,13.0,0,13.0,0.0,inf,2,33.33,3,0
341,18,9,1,1,27,4.0,55.0,2,13.75,27.5,12.0,9,33.33,6,3
341,18,15,1,1,23,3.0,33.0,0,11.0,0.0,inf,4,17.39,3,1
342,18,1,1,1,20,3.0,49.0,0,16.33,0.0,inf,4,20.0,9,1
342,18,5,1,1,19,3.0,43.0,0,14.33,0.0,inf,5,26.32,8,1
342,18,6,1,1,27,4.0,27.0,1,6.75,27.0,24.0,11,40.74,2,0
342,18,8,2,2,38,6.0,66.0,0,11.0,0.0,inf,13,34.21,7,3
342,18,9,1,1,25,4.0,43.0,3,10.75,14.33,8.0,9,36.0,5,3
342,18,11,1,2,32,5.0,47.0,1,9.4,47.0,29.0,8,25.0,5,1
342,18,12,1,1,12,2.0,23.0,0,11.5,0.0,inf,4,33.33,5,0
342,18,15,1,1,24,4.0,35.0,5,8.75,7.0,4.4,12,50.0,4,1
342,18,18,2,2,48,8.0,67.0,4,8.38,16.75,12.0,18,37.5,5,4
354,18,12,1,1,18,3.0,40.0,0,13.33,0.0,inf,6,33.33,2,4
360,18,1,1,1,25,4.0,39.0,0,9.75,0.0,inf,5,20.0,1,3
360,18,6,2,2,50,8.0,62.0,5,7.75,12.4,9.6,21,42.0,1,6
360,18,8,2,2,43,7.0,63.0,1,9.0,63.0,42.0,9,20.93,5,2
360,18,9,2,2,43,7.0,69.0,1,9.86,69.0,42.0,6,13.95,9,1
360,18,10,1,1,24,4.0,38.0,1,9.5,38.0,24.0,7,29.17,3,2
360,18,12,2,2,42,7.0,69.0,1,9.86,69.0,42.0,7,16.67,3,4
360,18,18,1,1,24,4.0,31.0,2,7.75,15.5,12.0,7,29.17,0,3
363,18,5,3,3,61,10.0,62.0,1,6.2,62.0,60.0,20,32.79,3,2
363,18,6,1,1,24,4.0,42.0,1,10.5,42.0,24.0,5,20.83,2,3
363,18,8,1,1,24,4.0,54.0,0,13.5,0.0,inf,6,25.0,3,5
363,18,9,1,1,24,4.0,25.0,2,6.25,12.5,12.0,10,41.67,2,1
363,18,10,2,2,49,8.0,70.0,0,8.75,0.0,inf,6,12.24,3,3
363,18,11,2,2,50,8.0,61.0,3,7.62,20.33,16.0,15,30.0,3,3
363,18,12,1,1,24,4.0,48.0,1,12.0,48.0,24.0,7,29.17,2,5
363,18,15,2,2,42,7.0,81.0,0,11.57,0.0,inf,10,23.81,4,7
363,18,18,2,2,38,6.0,71.0,1,11.83,71.0,36.0,9,23.68,6,4
367,18,1,1,1,28,4.0,36.0,2,9.0,18.0,12.0,6,21.43,3,0
367,18,5,2,2,48,8.0,81.0,1,10.12,81.0,48.0,11,22.92,9,3
367,18,6,1,1,20,3.0,18.0,2,6.0,9.0,9.0,8,40.0,2,0
367,18,9,1,1,27,4.0,47.0,1,11.75,47.0,24.0,8,29.63,6,2
367,18,10,2,2,42,7.0,89.0,2,12.71,44.5,21.0,12,28.57,4,9
367,18,11,1,1,19,3.0,19.0,0,6.33,0.0,inf,7,36.84,2,0
367,18,12,1,1,18,3.0,43.0,0,14.33,0.0,inf,6,33.33,5,3
367,18,15,2,2,31,5.0,68.0,1,13.6,68.0,30.0,9,29.03,1,8
371,18,1,2,2,55,9.0,74.0,2,8.22,37.0,24.0,12,21.82,4,3
371,18,6,1,1,25,4.0,42.0,1,10.5,42.0,24.0,2,8.0,4,1
371,18,8,2,2,44,7.0,74.0,2,10.57,37.0,19.5,8,18.18,9,2
371,18,9,1,1,12,2.0,11.0,0,5.5,0.0,inf,4,33.33,1,0
371,18,10,1,2,34,5.0,46.0,0,9.2,0.0,inf,7,20.59,2,2
371,18,12,1,1,25,4.0,21.0,2,5.25,10.5,12.0,8,32.0,1,0
371,18,15,1,1,24,4.0,51.0,1,12.75,51.0,24.0,5,20.83,4,3
371,18,18,1,1,24,4.0,55.0,1,13.75,55.0,24.0,6,25.0,4,4
383,18,5,1,1,14,2.0,17.0,0,8.5,0.0,inf,5,35.71,1,1
383,18,8,1,1,12,2.0,27.0,1,13.5,27.0,12.0,4,33.33,4,1
383,18,9,1,1,12,2.0,18.0,1,9.0,18.0,12.0,4,33.33,2,1
383,18,10,1,1,19,3.0,19.0,1,6.33,19.0,18.0,3,15.79,1,0
383,18,11,1,1,14,2.0,36.0,0,18.0,0.0,inf,4,28.57,2,4
383,18,15,2,2,46,7.0,88.0,1,12.57,88.0,44.0,10,21.74,12,3
390,18,1,1,1,20,3.0,29.0,1,9.67,29.0,18.0,9,45.0,2,2
390,18,5,1,1,13,2.0,34.0,0,17.0,0.0,inf,2,15.38,1,4
390,18,8,2,2,54,9.0,72.0,5,8.0,14.4,9.6,19,35.19,6,4
390,18,9,1,1,24,4.0,39.0,0,9.75,0.0,inf,2,8.33,2,2
390,18,10,1,1,26,4.0,31.0,1,7.75,31.0,24.0,4,15.38,2,0
390,18,11,2,2,42,7.0,50.0,2,7.14,25.0,18.5,13,30.95,3,2
390,18,12,2,2,51,8.0,97.0,2,12.12,48.5,24.0,9,17.65,4,8
390,18,15,1,1,23,3.0,27.0,0,9.0,0.0,inf,9,39.13,3,0
390,18,18,1,1,31,5.0,45.0,2,9.0,22.5,12.0,9,29.03,2,3
397,18,11,1,1,18,3.0,29.0,0,9.67,0.0,inf,9,50.0,2,3
397,18,18,1,1,27,4.0,26.0,1,6.5,26.0,24.0,14,51.85,2,1
399,18,1,3,3,56,9.0,84.0,2,9.33,42.0,24.0,12,21.43,7,3
399,18,6,1,1,12,2.0,13.0,0,6.5,0.0,inf,3,25.0,0,1
399,18,8,1,1,27,4.0,45.0,2,11.25,22.5,12.0,7,25.93,5,2
399,18,9,1,1,12,2.0,10.0,1,5.0,10.0,12.0,6,50.0,1,0
399,18,10,1,1,12,2.0,21.0,0,10.5,0.0,inf,4,33.33,1,2
399,18,11,1,1,6,1.0,2.0,1,2.0,2.0,6.0,4,66.67,0,0
399,18,12,2,2,25,4.0,48.0,1,12.0,48.0,24.0,5,20.0,4,3
399,18,15,2,2,45,7.0,73.0,2,10.43,36.5,21.0,11,24.44,6,4
399,18,18,2,2,34,5.0,46.0,5,9.2,9.2,6.0,12,35.29,4,2
411,18,5,1,1,18,3.0,18.0,1,6.0,18.0,18.0,9,50.0,3,0
411,18,6,1,1,13,2.0,42.0,0,21.0,0.0,inf,1,7.69,3,4
411,18,8,1,1,13,2.0,17.0,1,8.5,17.0,12.0,5,38.46,3,0
411,18,10,2,2,40,6.0,53.0,2,8.83,26.5,18.0,14,35.0,5,2
411,18,11,1,1,13,2.0,19.0,1,9.5,19.0,12.0,5,38.46,2,1
411,18,12,1,1,7,1.0,21.0,0,21.0,0.0,inf,1,14.29,3,1
411,18,18,2,2,32,5.0,47.0,1,9.4,47.0,30.0,11,34.38,5,2
416,18,5,2,2,33,5.0,61.0,1,12.2,61.0,30.0,11,33.33,1,7
416,18,6,1,1,18,3.0,34.0,0,11.33,0.0,inf,3,16.67,5,1
416,18,15,1,1,25,4.0,36.0,1,9.0,36.0,24.0,5,20.0,2,1
420,18,1,1,1,6,1.0,14.0,0,14.0,0.0,inf,0,0.0,0,1
420,18,5,1,1,13,2.0,12.0,1,6.0,12.0,12.0,5,38.46,1,0
420,18,6,1,1,15,2.0,26.0,0,13.0,0.0,inf,3,20.0,1,2
420,18,8,2,2,25,4.0,40.0,0,10.0,0.0,inf,6,24.0,3,2
420,18,9,2,2,43,7.0,46.0,1,6.57,46.0,42.0,9,20.93,2,1
420,18,10,1,1,6,1.0,6.0,0,6.0,0.0,inf,1,16.67,0,0
420,18,12,1,1,20,3.0,26.0,1,8.67,26.0,18.0,5,25.0,2,1
424,18,8,1,1,12,2.0,13.0,1,6.5,13.0,12.0,4,33.33,0,1
424,18,9,1,1,7,1.0,6.0,0,6.0,0.0,inf,1,14.29,0,0
424,18,18,1,1,15,2.0,28.0,1,14.0,28.0,12.0,4,26.67,2,2
427,18,1,1,1,24,4.0,43.0,1,10.75,43.0,23.0,10,41.67,3,4
427,18,5,1,1,25,4.0,37.0,2,9.25,18.5,12.0,12,48.0,3,3
427,18,6,1,1,24,4.0,21.0,3,5.25,7.0,8.0,15,62.5,4,0
427,18,9,1,1,24,4.0,22.0,2,5.5,11.0,12.0,15,62.5,3,1
427,18,10,2,2,43,7.0,76.0,2,10.86,38.0,21.0,12,27.91,9,3
427,18,11,2,2,43,7.0,59.0,5,8.43,11.8,8.4,22,51.16,9,2
427,18,12,4,4,87,14.0,128.0,7,9.14,18.29,12.14,31,35.63,8,9
438,18,6,1,1,6,1.0,18.0,0,18.0,0.0,inf,1,16.67,1,2
438,18,11,1,1,6,1.0,15.0,0,15.0,0.0,inf,2,33.33,2,1
438,18,12,3,3,38,6.0,53.0,3,8.83,17.67,12.0,11,28.95,5,2
438,18,15,1,1,14,2.0,14.0,2,7.0,7.0,6.0,5,35.71,0,1
438,18,18,1,1,26,4.0,51.0,1,12.75,51.0,24.0,6,23.08,2,5
444,18,1,1,1,7,1.0,15.0,0,15.0,0.0,inf,0,0.0,1,1
444,18,6,1,1,24,4.0,25.0,1,6.25,25.0,24.0,6,25.0,0,1
444,18,10,1,1,19,3.0,30.0,2,10.0,15.0,9.0,4,21.05,1,2
444,18,11,1,1,12,2.0,18.0,1,9.0,18.0,12.0,4,33.33,0,2
444,18,15,1,1,6,1.0,14.0,0,14.0,0.0,inf,1,16.67,1,1
455,18,5,1,1,12,2.0,22.0,0,11.0,0.0,inf,4,33.33,3,1
455,18,6,1,1,6,1.0,10.0,0,10.0,0.0,inf,2,33.33,2,0
455,18,8,1,1,19,3.0,25.0,1,8.33,25.0,18.0,6,31.58,0,2
455,18,12,1,1,12,2.0,21.0,1,10.5,21.0,12.0,4,33.33,1,2
470,18,5,1,1,25,4.0,38.0,1,9.5,38.0,24.0,5,20.0,3,1
472,18,1,2,2,50,8.0,67.0,1,8.38,67.0,48.0,10,20.0,3,3
472,18,5,2,2,49,8.0,45.0,3,5.62,15.0,16.0,20,40.82,4,0
472,18,6,1,1,24,4.0,30.0,1,7.5,30.0,24.0,4,16.67,2,0
472,18,8,2,2,48,8.0,45.0,2,5.62,22.5,24.0,19,39.58,2,1
472,18,9,1,1,18,3.0,27.0,0,9.0,0.0,inf,7,38.89,3,1
472,18,11,1,1,24,4.0,33.0,1,8.25,33.0,24.0,7,29.17,2,2
472,18,12,2,2,38,6.0,68.0,2,11.33,34.0,18.0,8,21.05,3,5
472,18,15,1,1,24,4.0,22.0,3,5.5,7.33,8.0,13,54.17,0,2
472,18,18,2,2,49,8.0,53.0,2,6.62,26.5,24.0,18,36.73,5,1
483,18,1,1,1,13,2.0,28.0,1,14.0,28.0,12.0,4,30.77,3,1
485,18,1,1,1,12,2.0,13.0,0,6.5,0.0,inf,3,25.0,1,0
485,18,10,2,2,43,7.0,67.0,4,9.57,16.75,10.5,11,25.58,5,4
485,18,11,1,1,24,4.0,23.0,3,5.75,7.67,8.0,9,37.5,1,1
485,18,18,1,1,12,2.0,25.0,0,12.5,0.0,inf,1,8.33,1,2
488,18,12,1,1,2,0.0,6.0,0,inf,0.0,inf,1,50.0,0,1
493,18,1,2,2,50,8.0,79.0,2,9.88,39.5,24.0,15,30.0,7,4
493,18,5,1,1,24,4.0,42.0,0,10.5,0.0,inf,6,25.0,3,2
493,18,6,1,1,18,3.0,13.0,1,4.33,13.0,18.0,13,72.22,1,1
493,18,8,2,2,53,8.0,69.0,1,8.62,69.0,48.0,23,43.4,8,2
493,18,9,2,2,44,7.0,63.0,1,9.0,63.0,39.0,17,38.64,4,5
493,18,10,1,1,26,4.0,32.0,2,8.0,16.0,12.0,9,34.62,5,0
493,18,12,1,1,25,4.0,25.0,3,6.25,8.33,8.0,12,48.0,4,0
493,18,15,1,1,27,4.0,76.0,0,19.0,0.0,inf,1,3.7,10,4
493,18,18,1,1,25,4.0,32.0,1,8.0,32.0,24.0,7,28.0,4,0
494,18,6,1,1,29,4.0,40.0,3,10.0,13.33,8.0,8,27.59,1,3
494,18,11,1,1,26,4.0,37.0,2,9.25,18.5,12.0,10,38.46,3,2
494,18,15,1,1,2,0.0,1.0,0,inf,0.0,inf,1,50.0,0,0
494,18,18,1,1,19,3.0,26.0,1,8.67,26.0,18.0,6,31.58,1,2
495,18,1,1,1,25,4.0,21.0,3,5.25,7.0,8.0,11,44.0,1,1
495,18,5,2,2,45,7.0,54.0,4,7.71,13.5,10.5,14,31.11,5,1
495,18,8,2,2,49,8.0,62.0,4,7.75,15.5,12.0,19,38.78,4,4
495,18,9,2,2,37,6.0,39.0,5,6.5,7.8,7.2,15,40.54,4,1
495,18,10,1,1,18,3.0,36.0,1,12.0,36.0,18.0,2,11.11,3,2
495,18,11,2,2,46,7.0,70.0,3,10.0,23.33,14.0,13,28.26,5,3
495,18,12,2,2,42,7.0,71.0,2,10.14,35.5,21.0,8,19.05,3,5
495,18,15,1,1,27,4.0,42.0,2,10.5,21.0,12.0,7,25.93,3,1
495,18,18,1,1,25,4.0,13.0,0,3.25,0.0,inf,13,52.0,0,0
496,18,12,1,1,6,1.0,14.0,0,14.0,0.0,inf,0,0.0,2,0
499,18,5,2,2,44,7.0,69.0,3,9.86,23.0,14.0,13,29.55,9,2
499,18,8,1,1,24,4.0,37.0,2,9.25,18.5,12.0,9,37.5,3,2
499,18,9,1,1,23,3.0,31.0,3,10.33,10.33,7.33,10,43.48,1,3
499,18,10,1,1,24,4.0,28.0,1,7.0,28.0,24.0,6,25.0,3,0
499,18,12,1,1,26,4.0,45.0,2,11.25,22.5,12.0,5,19.23,5,2
499,18,18,1,1,24,4.0,28.0,2,7.0,14.0,12.0,10,41.67,3,1
518,18,10,1,1,24,4.0,50.0,0,12.5,0.0,inf,6,25.0,7,2
518,18,12,1,1,12,2.0,21.0,1,10.5,21.0,12.0,5,41.67,3,1
520,18,6,1,1,6,1.0,13.0,1,13.0,13.0,6.0,1,16.67,1,1
545,18,1,1,1,24,4.0,23.0,1,5.75,23.0,24.0,10,41.67,0,2
545,18,5,1,1,25,4.0,48.0,1,12.0,48.0,24.0,9,36.0,5,3
545,18,6,2,2,43,7.0,75.0,1,10.71,75.0,42.0,14,32.56,10,3
545,18,10,2,2,49,8.0,59.0,5,7.38,11.8,9.6,21,42.86,6,2
545,18,11,2,2,49,8.0,82.0,2,10.25,41.0,24.0,18,36.73,7,6
545,18,12,4,4,79,13.0,107.0,5,8.23,21.4,15.6,30,37.97,11,4
545,18,15,1,1,24,4.0,43.0,1,10.75,43.0,24.0,7,29.17,3,3
545,18,18,1,1,25,4.0,46.0,1,11.5,46.0,24.0,7,28.0,4,3
546,18,1,1,1,18,3.0,34.0,0,11.33,0.0,inf,2,11.11,3,2
546,18,5,1,1,27,4.0,45.0,4,11.25,11.25,6.0,8,29.63,5,2
546,18,6,2,2,30,5.0,50.0,1,10.0,50.0,30.0,9,30.0,4,3
546,18,9,1,1,25,4.0,29.0,3,7.25,9.67,8.0,8,32.0,2,1
546,18,10,2,2,36,6.0,47.0,1,7.83,47.0,36.0,6,16.67,1,2
546,18,11,2,2,49,8.0,60.0,3,7.5,20.0,16.0,14,28.57,4,2
546,18,12,4,4,61,10.0,62.0,4,6.2,15.5,15.0,26,42.62,3,3
546,18,15,1,1,24,4.0,38.0,1,9.5,38.0,24.0,5,20.83,1,3
546,18,18,1,1,13,2.0,14.0,0,7.0,0.0,inf,5,38.46,0,1
549,18,1,1,1,22,3.0,40.0,1,13.33,40.0,18.0,3,13.64,2,3
549,18,6,1,1,7,1.0,13.0,0,13.0,0.0,inf,0,0.0,2,0
560,18,6,1,1,24,4.0,32.0,3,8.0,10.67,8.0,9,37.5,0,3
560,18,8,1,1,6,1.0,10.0,1,10.0,10.0,6.0,1,16.67,0,1
560,18,9,1,1,12,2.0,21.0,1,10.5,21.0,12.0,4,33.33,1,2
560,18,15,1,1,6,1.0,15.0,0,15.0,0.0,inf,2,33.33,2,1
560,18,18,1,1,25,4.0,31.0,1,7.75,31.0,24.0,8,32.0,1,2
576,18,5,3,3,74,12.0,113.0,5,9.42,22.6,14.4,17,22.97,7,6
576,18,6,1,1,12,2.0,23.0,1,11.5,23.0,12.0,3,25.0,1,2
576,18,8,1,1,25,4.0,22.0,2,5.5,11.0,12.0,11,44.0,1,1
576,18,9,1,1,20,3.0,19.0,1,6.33,19.0,18.0,4,20.0,0,0
576,18,10,2,2,31,5.0,56.0,2,11.2,28.0,15.0,8,25.81,5,3
576,18,11,2,2,21,3.0,36.0,2,12.0,18.0,10.0,5,23.81,2,2
576,18,12,1,1,24,4.0,30.0,3,7.5,10.0,8.0,12,50.0,1,3
576,18,15,2,2,28,4.0,25.0,2,6.25,12.5,14.0,8,28.57,2,0
576,18,18,2,2,27,4.0,69.0,1,17.25,69.0,27.0,6,22.22,3,8
600,18,5,1,1,12,2.0,14.0,0,7.0,0.0,inf,7,58.33,1,1
600,18,8,1,1,14,2.0,31.0,0,15.5,0.0,inf,6,42.86,3,3
600,18,11,1,1,27,4.0,42.0,1,10.5,42.0,24.0,9,33.33,4,2
600,18,18,1,1,20,3.0,46.0,0,15.33,0.0,inf,3,15.0,6,2
619,18,1,1,1,6,1.0,9.0,0,9.0,0.0,inf,1,16.67,1,0
619,18,6,1,1,18,3.0,12.0,0,4.0,0.0,inf,7,38.89,0,0
621,18,5,2,2,49,8.0,72.0,1,9.0,72.0,48.0,16,32.65,7,3
621,18,8,2,2,45,7.0,75.0,4,10.71,18.75,10.5,18,40.0,7,5
623,18,5,1,1,25,4.0,32.0,0,8.0,0.0,inf,10,40.0,4,1
623,18,6,2,2,49,8.0,75.0,0,9.38,0.0,inf,11,22.45,6,3
623,18,9,1,1,25,4.0,47.0,1,11.75,47.0,24.0,8,32.0,6,2
623,18,10,2,2,48,8.0,47.0,1,5.88,47.0,48.0,20,41.67,4,1
623,18,11,2,2,49,8.0,70.0,0,8.75,0.0,inf,12,24.49,5,3
623,18,12,4,4,73,12.0,87.0,5,7.25,17.4,14.4,27,36.99,3,6
623,18,15,1,1,18,3.0,45.0,1,15.0,45.0,18.0,2,11.11,5,3
623,18,18,1,1,18,3.0,39.0,0,13.0,0.0,inf,3,16.67,3,3
625,18,1,1,1,27,4.0,34.0,2,8.5,17.0,12.0,9,33.33,3,1
625,18,5,1,1,26,4.0,40.0,2,10.0,20.0,12.0,3,11.54,3,1
625,18,6,1,1,28,4.0,56.0,0,14.0,0.0,inf,7,25.0,8,2
625,18,9,1,1,32,5.0,52.0,2,10.4,26.0,12.0,9,28.12,6,2
625,18,10,2,2,26,4.0,47.0,2,11.75,23.5,12.0,7,26.92,6,2
625,18,11,1,1,18,3.0,34.0,1,11.33,34.0,18.0,5,27.78,2,3
625,18,12,1,1,19,3.0,39.0,0,13.0,0.0,inf,6,31.58,2,4
625,18,15,2,2,50,8.0,73.0,5,9.12,14.6,9.6,14,28.0,8,2
629,18,1,1,1,6,1.0,4.0,2,4.0,2.0,3.0,2,33.33,0,0
629,18,8,1,1,4,0.0,9.0,0,inf,0.0,inf,1,25.0,0,1
635,18,5,3,3,72,12.0,108.0,5,9.0,21.6,14.4,28,38.89,9,7
635,18,6,1,1,26,4.0,22.0,2,5.5,11.0,12.0,13,50.0,2,1
635,18,8,1,1,24,4.0,26.0,1,6.5,26.0,24.0,12,50.0,3,1
635,18,9,1,1,25,4.0,25.0,2,6.25,12.5,12.0,12,48.0,4,0
635,18,10,2,2,50,8.0,81.0,5,10.12,16.2,9.6,12,24.0,7,4
635,18,11,2,2,48,8.0,71.0,4,8.88,17.75,12.0,19,39.58,7,3
635,18,12,1,1,18,3.0,41.0,0,13.67,0.0,inf,6,33.33,4,3
635,18,15,2,2,51,8.0,44.0,4,5.5,11.0,12.0,16,31.37,3,0
635,18,18,2,2,50,8.0,70.0,2,8.75,35.0,24.0,17,34.0,5,4
638,18,5,1,1,6,1.0,7.0,0,7.0,0.0,inf,2,33.33,1,0
638,18,9,1,1,19,3.0,36.0,1,12.0,36.0,18.0,2,10.53,2,2
638,18,11,1,1,11,1.0,34.0,0,34.0,0.0,inf,1,9.09,3,3
638,18,15,1,1,7,1.0,6.0,0,6.0,0.0,inf,1,14.29,0,0
638,18,18,1,1,24,4.0,28.0,1,7.0,28.0,24.0,9,37.5,1,2
644,18,1,1,1,12,2.0,31.0,0,15.5,0.0,inf,3,25.0,2,3
644,18,5,1,1,7,1.0,14.0,1,14.0,14.0,6.0,2,28.57,1,1
644,18,6,1,1,7,1.0,10.0,0,10.0,0.0,inf,2,28.57,0,1
644,18,8,1,1,6,1.0,13.0,0,13.0,0.0,inf,2,33.33,1,1
644,18,10,1,1,10,1.0,21.0,0,21.0,0.0,inf,1,10.0,0,2
644,18,11,1,1,24,4.0,48.0,0,12.0,0.0,inf,3,12.5,4,3
644,18,15,1,1,5,0.0,6.0,0,inf,0.0,inf,2,40.0,1,0
644,18,18,2,2,20,3.0,32.0,0,10.67,0.0,inf,5,25.0,2,2
656,18,1,2,2,30,5.0,53.0,0,10.6,0.0,inf,8,26.67,5,3
656,18,5,1,1,12,2.0,19.0,0,9.5,0.0,inf,4,33.33,2,1
656,18,6,1,1,6,1.0,5.0,0,5.0,0.0,inf,1,16.67,0,0
656,18,8,2,2,50,8.0,71.0,2,8.88,35.5,24.0,17,34.0,4,5
656,18,9,1,1,25,4.0,27.0,2,6.75,13.5,12.0,6,24.0,2,0
656,18,11,1,1,18,3.0,23.0,1,7.67,23.0,18.0,8,44.44,3,1
656,18,12,1,1,12,2.0,25.0,0,12.5,0.0,inf,2,16.67,1,2
656,18,15,1,1,24,4.0,43.0,0,10.75,0.0,inf,7,29.17,2,4
656,18,18,2,2,42,7.0,47.0,0,6.71,0.0,inf,13,30.95,5,0
664,18,11,1,1,6,1.0,12.0,0,12.0,0.0,inf,2,33.33,1,1
664,18,18,1,1,6,1.0,28.0,0,28.0,0.0,inf,1,16.67,1,4
674,18,1,2,2,54,9.0,89.0,4,9.89,22.25,12.0,9,16.67,9,2
674,18,5,1,1,27,4.0,47.0,1,11.75,47.0,24.0,6,22.22,7,1
674,18,6,1,1,24,4.0,30.0,0,7.5,0.0,inf,4,16.67,2,0
674,18,8,1,1,12,2.0,21.0,0,10.5,0.0,inf,2,16.67,2,1
674,18,9,2,2,49,8.0,73.0,1,9.12,73.0,48.0,19,38.78,2,6
674,18,10,1,1,24,4.0,40.0,1,10.0,40.0,24.0,7,29.17,4,2
674,18,12,1,1,27,4.0,26.0,2,6.5,13.0,12.0,9,33.33,2,0
674,18,15,1,1,29,4.0,52.0,2,13.0,26.0,12.0,8,27.59,8,1
674,18,18,1,1,25,4.0,32.0,0,8.0,0.0,inf,6,24.0,2,1
675,18,1,1,1,18,3.0,35.0,0,11.67,0.0,inf,5,27.78,4,2
675,18,9,1,1,20,3.0,35.0,1,11.67,35.0,18.0,8,40.0,3,3
680,18,1,1,1,13,2.0,22.0,0,11.0,0.0,inf,3,23.08,2,1
680,18,5,1,1,24,4.0,54.0,1,13.5,54.0,24.0,6,25.0,3,5
680,18,8,1,1,19,3.0,24.0,1,8.0,24.0,18.0,3,15.79,1,1
680,18,9,1,1,24,4.0,46.0,1,11.5,46.0,18.0,4,16.67,5,2
680,18,12,1,1,13,2.0,27.0,0,13.5,0.0,inf,4,30.77,2,2
680,18,18,1,1,18,3.0,25.0,1,8.33,25.0,18.0,4,22.22,1,1
681,18,12,1,1,19,3.0,39.0,0,13.0,0.0,inf,3,15.79,4,2
682,18,5,1,1,25,4.0,39.0,0,9.75,0.0,inf,5,20.0,4,1
682,18,6,1,1,25,4.0,29.0,3,7.25,9.67,8.0,7,28.0,2,0
682,18,9,1,1,21,3.0,50.0,0,16.67,0.0,inf,4,19.05,4,4
682,18,12,1,1,26,4.0,48.0,1,12.0,48.0,24.0,6,23.08,6,2
685,18,5,1,1,25,4.0,42.0,1,10.5,42.0,24.0,6,24.0,4,2
685,18,10,1,1,12,2.0,34.0,0,17.0,0.0,inf,2,16.67,1,4
685,18,12,1,1,26,4.0,41.0,1,10.25,41.0,24.0,7,26.92,5,1
685,18,18,1,1,25,4.0,45.0,0,11.25,0.0,inf,7,28.0,2,4
693,18,1,1,1,25,4.0,44.0,1,11.0,44.0,24.0,7,28.0,5,2
693,18,6,2,2,46,7.0,79.0,4,11.29,19.75,10.5,17,36.96,7,5
693,18,8,1,1,19,3.0,42.0,1,14.0,42.0,18.0,4,21.05,7,1
693,18,10,1,1,13,2.0,19.0,1,9.5,19.0,12.0,5,38.46,2,1
693,18,11,2,2,49,8.0,83.0,3,10.38,27.67,16.0,17,34.69,6,6
693,18,12,2,2,40,6.0,60.0,3,10.0,20.0,13.0,13,32.5,9,1
693,18,15,2,2,52,8.0,68.0,4,8.5,17.0,12.0,21,40.38,7,3
693,18,18,1,1,28,4.0,35.0,0,8.75,0.0,inf,9,32.14,2,1
697,18,1,1,1,13,2.0,33.0,0,16.5,0.0,inf,1,7.69,2,2
698,18,10,1,1,6,1.0,16.0,0,16.0,0.0,inf,1,16.67,2,1
704,18,5,1,1,28,4.0,40.0,2,10.0,20.0,12.0,12,42.86,3,3
704,18,12,1,1,25,4.0,60.0,0,15.0,0.0,inf,6,24.0,3,6
712,18,1,1,1,31,5.0,53.0,2,10.6,26.5,12.0,7,22.58,4,3
712,18,6,2,2,50,8.0,78.0,1,9.75,78.0,48.0,17,34.0,10,2
712,18,8,2,2,26,4.0,57.0,0,14.25,0.0,inf,5,19.23,5,4
712,18,9,1,1,6,1.0,7.0,0,7.0,0.0,inf,2,33.33,1,0
712,18,10,1,1,18,3.0,38.0,0,12.67,0.0,inf,2,11.11,4,2
712,18,12,1,1,25,4.0,37.0,2,9.25,18.5,12.0,9,36.0,4,1
712,18,15,1,1,29,4.0,44.0,3,11.0,14.67,8.0,7,24.14,5,1
712,18,18,1,1,27,4.0,26.0,1,6.5,26.0,24.0,8,29.63,2,0
713,18,8,1,1,12,2.0,27.0,1,13.5,27.0,12.0,1,8.33,2,2
717,18,1,1,1,6,1.0,12.0,0,12.0,0.0,inf,2,33.33,1,1
717,18,6,1,1,24,4.0,28.0,2,7.0,14.0,12.0,5,20.83,2,0
717,18,9,1,1,12,2.0,14.0,0,7.0,0.0,inf,2,16.67,1,0
717,18,10,1,1,6,1.0,14.0,0,14.0,0.0,inf,0,0.0,1,1
717,18,11,1,1,6,1.0,8.0,0,8.0,0.0,inf,1,16.67,1,0
720,18,1,2,2,18,3.0,30.0,0,10.0,0.0,inf,2,11.11,4,0
720,18,6,1,1,18,3.0,26.0,1,8.67,26.0,18.0,7,38.89,0,3
720,18,9,1,1,6,1.0,4.0,1,4.0,4.0,6.0,2,33.33,0,0
721,18,6,1,1,24,4.0,30.0,3,7.5,10.0,8.0,9,37.5,3,1
721,18,15,1,1,24,4.0,51.0,1,12.75,51.0,24.0,4,16.67,4,3
725,18,1,2,2,49,8.0,75.0,1,9.38,75.0,48.0,8,16.33,6,2
725,18,5,2,2,43,7.0,71.0,1,10.14,71.0,41.0,14,32.56,7,4
725,18,6,1,1,18,3.0,27.0,0,9.0,0.0,inf,4,22.22,2,1
725,18,9,1,1,18,3.0,25.0,1,8.33,25.0,18.0,6,33.33,2,1
725,18,10,2,2,42,7.0,72.0,3,10.29,24.0,14.0,11,26.19,5,5
725,18,12,1,1,26,4.0,41.0,0,10.25,0.0,inf,4,15.38,1,3
725,18,18,1,1,13,2.0,22.0,0,11.0,0.0,inf,0,0.0,1,1
727,18,10,1,1,24,4.0,39.0,2,9.75,19.5,12.0,9,37.5,3,3
727,18,12,1,1,19,3.0,28.0,0,9.33,0.0,inf,2,10.53,2,1
733,18,1,1,1,7,1.0,18.0,0,18.0,0.0,inf,1,14.29,4,0
733,18,9,1,1,12,2.0,25.0,0,12.5,0.0,inf,3,25.0,2,2
733,18,10,2,2,24,4.0,32.0,0,8.0,0.0,inf,6,25.0,1,2
733,18,11,1,1,12,2.0,17.0,0,8.5,0.0,inf,6,50.0,2,1
733,18,18,1,1,12,2.0,20.0,0,10.0,0.0,inf,5,41.67,1,2
744,18,12,1,1,18,3.0,23.0,1,7.67,23.0,18.0,9,50.0,5,0
744,18,15,1,1,27,4.0,60.0,0,15.0,0.0,inf,5,18.52,7,3
772,18,1,1,1,18,3.0,24.0,0,8.0,0.0,inf,5,27.78,3,0
772,18,5,1,1,24,4.0,30.0,1,7.5,30.0,24.0,10,41.67,2,2
772,18,12,1,1,24,4.0,33.0,3,8.25,11.0,8.0,8,33.33,1,2
773,18,1,1,1,22,3.0,39.0,1,13.0,39.0,21.0,5,22.73,7,0
777,18,1,2,2,47,7.0,66.0,2,9.43,33.0,23.0,14,29.79,5,3
777,18,5,2,2,43,7.0,57.0,3,8.14,19.0,14.0,20,46.51,6,3
777,18,6,1,1,24,4.0,21.0,2,5.25,10.5,12.0,8,33.33,2,0
777,18,8,1,1,26,4.0,28.0,3,7.0,9.33,8.0,10,38.46,3,1
777,18,9,2,2,37,6.0,69.0,1,11.5,69.0,36.0,15,40.54,4,7
777,18,10,2,2,37,6.0,46.0,3,7.67,15.33,12.0,16,43.24,5,1
777,18,11,1,1,26,4.0,60.0,0,15.0,0.0,inf,4,15.38,3,5
777,18,12,1,1,26,4.0,40.0,0,10.0,0.0,inf,8,30.77,4,2
777,18,18,2,2,46,7.0,63.0,2,9.0,31.5,21.0,16,34.78,8,1
