player_id,season_id,phase,matches,innings,runs,balls,average,strike_rate,highest_score,fours,sixes,dismissals,dot_ball_pct,boundary_pct
2,1,Death Over,1,1,0.0,1,0.0,0.0,0.0,0,0,1,100.0,0.0
2,1,Middle Over,2,2,48.0,40,24.0,120.0,46.0,6,1,1,40.0,17.5
2,1,Powerplay Over,3,3,34.0,45,11.33,75.56,18.0,3,0,1,53.33,6.67
4,1,Death Over,2,2,27.0,21,13.5,128.57,14.0,2,1,2,23.81,14.29
4,1,Middle Over,8,8,77.0,78,9.62,98.72,34.0,6,1,6,25.64,8.97
4,1,Powerplay Over,8,8,95.0,89,11.88,106.74,30.0,15,2,3,51.69,19.1
6,1,Death Over,6,6,56.0,42,9.33,133.33,18.0,4,3,4,30.95,16.67
6,1,Middle Over,6,6,79.0,66,13.17,119.7,29.0,7,3,3,31.82,15.15
10,1,Middle Over,2,2,53.0,34,26.5,155.88,35.0,5,2,2,17.65,20.59
10,1,Powerplay Over,6,6,62.0,76,10.33,81.58,26.0,7,1,3,51.32,10.53
17,1,Death Over,1,1,2.0,5,2.0,40.0,2.0,0,0,1,60.0,0.0
21,1,Death Over,3,3,12.0,13,4.0,92.31,9.0,0,0,1,7.69,0.0
21,1,Middle Over,2,2,11.0,10,5.5,110.0,6.0,2,0,1,50.0,20.0
21,1,Powerplay Over,1,1,13.0,8,13.0,162.5,13.0,1,1,1,37.5,25.0
28,1,Middle Over,8,8,103.0,103,12.88,100.0,36.0,13,0,7,32.04,12.62
28,1,Powerplay Over,9,9,208.0,138,23.11,150.72,38.0,30,6,2,34.78,26.09
39,1,Death Over,4,4,13.0,17,3.25,76.47,8.0,1,0,1,41.18,5.88
41,1,Death Over,5,5,39.0,30,7.8,130.0,16.0,5,1,6,36.67,20.0
41,1,Middle Over,1,1,10.0,10,10.0,100.0,10.0,0,1,1,40.0,10.0
55,1,Death Over,6,6,80.0,44,13.33,181.82,33.0,8,5,6,27.27,29.55
55,1,Middle Over,5,5,66.0,66,13.2,100.0,31.0,4,3,2,34.85,10.61
55,1,Powerplay Over,2,2,1.0,6,0.5,16.67,1.0,0,0,0,83.33,0.0
56,1,Death Over,2,2,29.0,13,14.5,223.08,24.0,4,1,0,7.69,38.46
56,1,Middle Over,1,1,9.0,9,9.0,100.0,9.0,1,0,1,33.33,11.11
56,1,Powerplay Over,2,2,32.0,47,16.0,68.09,18.0,2,1,1,59.57,6.38
57,1,Death Over,2,2,37.0,23,18.5,160.87,33.0,3,1,1,17.39,17.39
57,1,Middle Over,2,2,31.0,25,15.5,124.0,24.0,3,0,1,24.0,12.0
57,1,Powerplay Over,2,2,35.0,35,17.5,100.0,33.0,7,0,1,54.29,20.0
61,1,Death Over,1,1,4.0,1,4.0,400.0,4.0,1,0,0,0.0,100.0
61,1,Middle Over,1,1,9.0,12,9.0,75.0,9.0,0,0,1,41.67,0.0
62,1,Death Over,3,3,25.0,17,8.33,147.06,18.0,4,0,1,35.29,23.53
62,1,Middle Over,1,1,8.0,7,8.0,114.29,8.0,1,0,0,28.57,14.29
64,1,Death Over,3,3,3.0,13,1.0,23.08,2.0,0,0,0,69.23,0.0
65,1,Middle Over,6,6,164.0,97,27.33,169.07,55.0,17,9,5,29.9,26.8
65,1,Powerplay Over,14,14,350.0,236,25.0,148.31,59.0,40,22,8,41.53,26.27
66,1,Middle Over,5,5,170.0,81,34.0,209.88,70.0,16,12,4,18.52,34.57
66,1,Powerplay Over,14,14,236.0,148,16.86,159.46,38.0,30,9,8,29.05,26.35
74,1,Death Over,6,6,63.0,34,10.5,185.29,28.0,7,1,1,8.82,23.53
74,1,Middle Over,14,14,351.0,233,25.07,150.64,60.0,33,16,9,28.33,21.03
74,1,Powerplay Over,8,8,58.0,55,7.25,105.45,20.0,7,2,0,47.27,16.36
98,1,Death Over,1,1,20.0,16,20.0,125.0,20.0,0,1,0,6.25,6.25
98,1,Middle Over,2,2,41.0,35,20.5,117.14,40.0,4,1,1,34.29,14.29
98,1,Powerplay Over,1,1,35.0,21,35.0,166.67,35.0,7,0,0,42.86,33.33
110,1,Middle Over,6,6,162.0,106,27.0,152.83,62.0,11,11,5,31.13,20.75
110,1,Powerplay Over,14,14,274.0,222,19.57,123.42,47.0,40,8,8,45.5,21.62
111,1,Death Over,5,5,109.0,54,21.8,201.85,47.0,8,9,3,27.78,31.48
111,1,Middle Over,11,11,163.0,120,14.82,135.83,43.0,15,7,7,30.83,18.33
111,1,Powerplay Over,2,2,27.0,17,13.5,158.82,23.0,1,3,2,47.06,23.53
118,1,Death Over,2,2,4.0,3,2.0,133.33,4.0,1,0,1,33.33,33.33
121,1,Middle Over,9,9,104.0,102,11.56,101.96,33.0,9,2,7,33.33,10.78
121,1,Powerplay Over,13,13,198.0,213,15.23,92.96,23.0,33,1,4,51.17,15.96
128,1,Death Over,3,3,24.0,17,8.0,141.18,12.0,3,0,3,17.65,17.65
128,1,Middle Over,8,8,210.0,153,26.25,137.25,48.0,19,4,4,18.95,15.03
128,1,Powerplay Over,14,14,300.0,224,21.43,133.93,35.0,46,4,7,35.71,22.32
129,1,Death Over,6,6,30.0,30,5.0,100.0,17.0,4,0,3,40.0,13.33
129,1,Middle Over,3,3,4.0,13,1.33,30.77,3.0,0,0,1,69.23,0.0
132,1,Death Over,2,2,21.0,12,10.5,175.0,13.0,4,0,0,33.33,33.33
132,1,Middle Over,6,6,75.0,89,12.5,84.27,34.0,8,1,5,38.2,10.11
132,1,Powerplay Over,7,7,92.0,88,13.14,104.55,18.0,14,1,1,46.59,17.05
134,1,Death Over,1,1,1.0,3,1.0,33.33,1.0,0,0,1,33.33,0.0
134,1,Middle Over,1,1,1.0,1,1.0,100.0,1.0,0,0,0,0.0,0.0
147,1,Death Over,5,5,41.0,26,8.2,157.69,27.0,3,3,1,26.92,23.08
147,1,Middle Over,2,2,5.0,6,2.5,83.33,5.0,1,0,2,66.67,16.67
150,1,Death Over,3,3,8.0,9,2.67,88.89,6.0,1,0,0,44.44,11.11
151,1,Death Over,3,3,22.0,13,7.33,169.23,12.0,4,0,2,23.08,30.77
151,1,Middle Over,6,6,90.0,81,15.0,111.11,30.0,6,4,6,29.63,12.35
151,1,Powerplay Over,6,6,53.0,74,8.83,71.62,21.0,8,0,4,54.05,10.81
152,1,Death Over,4,4,19.0,16,4.75,118.75,12.0,0,1,2,31.25,6.25
152,1,Middle Over,1,1,2.0,2,2.0,100.0,2.0,0,0,0,50.0,0.0
155,1,Death Over,4,4,32.0,20,8.0,160.0,12.0,5,0,1,10.0,25.0
155,1,Middle Over,3,3,58.0,55,19.33,105.45,31.0,8,0,1,38.18,14.55
155,1,Powerplay Over,3,3,14.0,12,4.67,116.67,9.0,3,0,1,50.0,25.0
156,1,Death Over,2,2,2.0,5,1.0,40.0,2.0,0,0,2,60.0,0.0
170,1,Death Over,5,5,45.0,29,9.0,155.17,29.0,4,2,3,27.59,20.69
170,1,Middle Over,6,6,100.0,79,16.67,126.58,27.0,9,2,4,29.11,13.92
174,1,Death Over,5,5,35.0,24,7.0,145.83,15.0,2,3,1,33.33,20.83
174,1,Middle Over,1,1,0.0,1,0.0,0.0,0.0,0,0,0,100.0,0.0
181,1,Death Over,8,8,97.0,48,12.12,202.08,35.0,9,5,3,16.67,29.17
181,1,Middle Over,4,4,61.0,53,15.25,115.09,42.0,7,2,2,39.62,16.98
181,1,Powerplay Over,4,4,34.0,37,8.5,91.89,19.0,5,1,1,54.05,16.22
193,1,Death Over,5,5,24.0,27,4.8,88.89,16.0,3,0,2,44.44,11.11
193,1,Middle Over,3,3,10.0,10,3.33,100.0,7.0,0,1,1,50.0,10.0
193,1,Powerplay Over,1,1,0.0,2,0.0,0.0,0.0,0,0,1,100.0,0.0
203,1,Death Over,2,2,62.0,21,31.0,295.24,42.0,2,7,1,9.52,42.86
203,1,Middle Over,9,9,159.0,177,17.67,89.83,39.0,12,7,7,46.33,10.73
203,1,Powerplay Over,12,12,128.0,126,10.67,101.59,32.0,19,1,6,46.03,15.87
208,1,Death Over,2,2,14.0,13,7.0,107.69,13.0,1,0,1,15.38,7.69
208,1,Middle Over,1,1,12.0,15,12.0,80.0,12.0,1,0,0,46.67,6.67
209,1,Death Over,7,7,141.0,78,20.14,180.77,39.0,13,9,5,21.79,28.21
209,1,Middle Over,8,8,112.0,96,14.0,116.67,47.0,5,6,2,32.29,11.46
209,1,Powerplay Over,4,4,35.0,43,8.75,81.4,14.0,4,0,1,58.14,9.3
210,1,Death Over,2,2,0.0,3,0.0,0.0,0.0,0,0,1,66.67,0.0
212,1,Death Over,8,8,98.0,71,12.25,138.03,30.0,7,6,4,29.58,18.31
212,1,Middle Over,5,5,26.0,45,5.2,57.78,10.0,2,0,0,53.33,4.44
212,1,Powerplay Over,2,2,7.0,4,3.5,175.0,6.0,0,0,1,25.0,0.0
222,1,Death Over,4,4,39.0,19,9.75,205.26,24.0,1,5,3,31.58,31.58
223,1,Death Over,8,8,106.0,80,13.25,132.5,27.0,7,5,6,30.0,15.0
223,1,Middle Over,7,7,135.0,88,19.29,153.41,44.0,11,9,2,36.36,22.73
230,1,Death Over,4,4,47.0,34,11.75,138.24,22.0,4,1,1,23.53,14.71
230,1,Middle Over,12,12,281.0,199,23.42,141.21,50.0,17,15,7,23.12,16.08
230,1,Powerplay Over,9,9,93.0,71,10.33,130.99,35.0,14,2,1,42.25,22.54
232,1,Death Over,1,1,59.0,21,59.0,280.95,59.0,2,6,0,14.29,38.1
232,1,Middle Over,1,1,58.0,34,58.0,170.59,58.0,3,4,0,20.59,20.59
232,1,Powerplay Over,4,4,71.0,41,17.75,173.17,41.0,8,5,3,36.59,31.71
234,1,Death Over,2,2,6.0,11,3.0,54.55,3.0,0,0,2,54.55,0.0
234,1,Middle Over,3,3,31.0,31,10.33,100.0,28.0,3,0,2,32.26,9.68
238,1,Death Over,3,3,18.0,15,6.0,120.0,7.0,2,1,2,33.33,20.0
238,1,Middle Over,2,2,6.0,7,3.0,85.71,3.0,0,0,0,28.57,0.0
239,1,Death Over,1,1,1.0,2,1.0,50.0,1.0,0,0,1,50.0,0.0
239,1,Middle Over,2,2,18.0,17,9.0,105.88,17.0,2,0,1,29.41,11.76
239,1,Powerplay Over,4,4,23.0,36,5.75,63.89,13.0,3,0,2,58.33,8.33
241,1,Death Over,1,1,6.0,2,6.0,300.0,6.0,0,1,1,50.0,50.0
241,1,Middle Over,1,1,3.0,6,3.0,50.0,3.0,0,0,0,50.0,0.0
246,1,Death Over,4,4,27.0,23,6.75,117.39,14.0,2,1,2,26.09,13.04
246,1,Middle Over,6,6,77.0,88,12.83,87.5,24.0,7,1,4,42.05,9.09
246,1,Powerplay Over,3,3,8.0,13,2.67,61.54,4.0,0,0,0,30.77,0.0
251,1,Death Over,6,6,78.0,46,13.0,169.57,24.0,9,3,3,32.61,26.09
251,1,Middle Over,1,1,12.0,15,12.0,80.0,12.0,1,0,1,53.33,6.67
252,1,Powerplay Over,3,3,25.0,33,8.33,75.76,16.0,4,0,3,54.55,12.12
254,1,Death Over,1,1,28.0,17,28.0,164.71,28.0,4,1,0,29.41,29.41
254,1,Middle Over,1,1,0.0,4,0.0,0.0,0.0,0,0,0,100.0,0.0
259,1,Death Over,1,1,2.0,17,2.0,11.76,2.0,0,0,0,82.35,0.0
273,1,Death Over,2,2,4.0,5,2.0,80.0,4.0,1,0,1,80.0,20.0
275,1,Powerplay Over,3,3,23.0,24,7.67,95.83,22.0,5,0,3,58.33,20.83
278,1,Middle Over,4,4,76.0,58,19.0,131.03,28.0,10,1,3,29.31,18.97
278,1,Powerplay Over,10,10,120.0,113,12.0,106.19,25.0,17,2,6,50.44,16.81
286,1,Death Over,4,4,32.0,23,8.0,139.13,17.0,1,3,3,34.78,17.39
286,1,Middle Over,5,5,15.0,26,3.0,57.69,7.0,0,0,2,46.15,0.0
289,1,Death Over,1,1,0.0,2,0.0,0.0,0.0,0,0,1,50.0,0.0
289,1,Middle Over,2,2,6.0,14,3.0,42.86,3.0,0,0,1,50.0,0.0
290,1,Death Over,2,2,15.0,21,7.5,71.43,8.0,0,0,2,23.81,0.0
290,1,Middle Over,2,2,1.0,3,0.5,33.33,1.0,0,0,1,66.67,0.0
291,1,Middle Over,2,2,35.0,33,17.5,106.06,30.0,2,2,2,33.33,12.12
291,1,Powerplay Over,3,3,4.0,21,1.33,19.05,3.0,0,0,1,71.43,0.0
293,1,Death Over,2,2,30.0,16,15.0,187.5,28.0,1,3,1,31.25,25.0
293,1,Middle Over,1,1,0.0,1,0.0,0.0,0.0,0,0,1,100.0,0.0
294,1,Death Over,1,1,16.0,9,16.0,177.78,16.0,1,1,1,11.11,22.22
294,1,Middle Over,2,2,0.0,2,0.0,0.0,0.0,0,0,1,100.0,0.0
302,1,Death Over,7,7,54.0,41,7.71,131.71,33.0,6,2,5,29.27,19.51
302,1,Middle Over,12,12,212.0,198,17.67,107.07,34.0,20,6,4,36.87,13.13
302,1,Powerplay Over,6,6,54.0,52,9.0,103.85,22.0,8,1,3,48.08,17.31
306,1,Middle Over,2,2,34.0,38,17.0,89.47,20.0,2,1,1,36.84,7.89
306,1,Powerplay Over,4,4,5.0,15,1.25,33.33,5.0,0,0,2,66.67,0.0
309,1,Death Over,1,1,16.0,6,16.0,266.67,16.0,4,0,1,33.33,66.67
309,1,Middle Over,3,3,73.0,60,24.33,121.67,35.0,8,1,2,25.0,15.0
309,1,Powerplay Over,7,7,104.0,106,14.86,98.11,24.0,18,1,4,50.0,17.92
317,1,Death Over,5,5,99.0,47,19.8,210.64,32.0,9,6,4,17.02,31.91
317,1,Middle Over,10,10,107.0,95,10.7,112.63,27.0,7,3,4,27.37,10.53
326,1,Death Over,3,3,13.0,16,4.33,81.25,10.0,1,0,3,31.25,6.25
326,1,Middle Over,1,1,17.0,12,17.0,141.67,17.0,2,0,0,25.0,16.67
330,1,Death Over,2,2,17.0,10,8.5,170.0,16.0,1,1,0,10.0,20.0
330,1,Middle Over,6,6,90.0,80,15.0,112.5,30.0,6,3,4,32.5,11.25
330,1,Powerplay Over,4,4,7.0,15,1.75,46.67,6.0,1,0,1,66.67,6.67
340,1,Death Over,2,2,5.0,8,2.5,62.5,4.0,0,0,0,50.0,0.0
381,1,Death Over,1,1,1.0,2,1.0,50.0,1.0,0,0,0,50.0,0.0
383,1,Death Over,4,4,7.0,6,1.75,116.67,4.0,0,0,0,16.67,0.0
383,1,Middle Over,1,1,4.0,5,4.0,80.0,4.0,1,0,1,60.0,20.0
388,1,Middle Over,1,1,9.0,12,9.0,75.0,9.0,1,0,1,33.33,8.33
402,1,Death Over,1,1,3.0,3,3.0,100.0,3.0,0,0,1,0.0,0.0
402,1,Powerplay Over,1,1,7.0,13,7.0,53.85,7.0,0,1,1,76.92,7.69
403,1,Death Over,2,2,47.0,25,23.5,188.0,30.0,3,4,1,16.0,28.0
403,1,Middle Over,3,3,91.0,66,30.33,137.88,66.0,8,5,1,36.36,19.7
403,1,Powerplay Over,3,3,23.0,20,7.67,115.0,21.0,4,0,0,55.0,20.0
410,1,Death Over,1,1,2.0,1,2.0,200.0,2.0,0,0,1,0.0,0.0
413,1,Middle Over,3,3,28.0,35,9.33,80.0,17.0,0,0,3,34.29,0.0
413,1,Powerplay Over,3,3,45.0,43,15.0,104.65,27.0,6,1,0,41.86,16.28
418,1,Middle Over,2,2,14.0,16,7.0,87.5,13.0,2,0,2,43.75,12.5
418,1,Powerplay Over,1,1,4.0,3,4.0,133.33,4.0,1,0,0,33.33,33.33
423,1,Powerplay Over,3,3,12.0,18,4.0,66.67,10.0,2,0,2,61.11,11.11
428,1,Death Over,4,4,51.0,40,12.75,127.5,26.0,3,3,2,32.5,15.0
428,1,Middle Over,9,9,353.0,231,39.22,152.81,59.0,31,17,5,26.41,20.78
428,1,Powerplay Over,11,11,212.0,181,19.27,117.13,33.0,25,6,3,42.54,17.13
432,1,Death Over,1,1,3.0,6,3.0,50.0,3.0,0,0,1,33.33,0.0
432,1,Middle Over,4,4,74.0,55,18.5,134.55,34.0,8,1,2,20.0,16.36
432,1,Powerplay Over,6,6,78.0,73,13.0,106.85,37.0,14,0,2,49.32,19.18
441,1,Powerplay Over,3,3,20.0,30,6.67,66.67,10.0,3,0,3,56.67,10.0
447,1,Death Over,1,1,0.0,1,0.0,0.0,0.0,0,0,1,100.0,0.0
449,1,Death Over,4,4,62.0,40,15.5,155.0,25.0,5,2,3,20.0,17.5
449,1,Middle Over,7,7,92.0,77,13.14,119.48,36.0,9,3,3,36.36,15.58
449,1,Powerplay Over,2,2,24.0,20,12.0,120.0,16.0,5,0,0,50.0,25.0
450,1,Powerplay Over,1,1,1.0,8,1.0,12.5,1.0,0,0,1,62.5,0.0
463,1,Death Over,3,3,17.0,14,5.67,121.43,16.0,2,1,2,42.86,21.43
465,1,Death Over,6,6,73.0,40,12.17,182.5,34.0,3,4,2,15.0,17.5
465,1,Middle Over,4,4,49.0,46,12.25,106.52,25.0,3,2,2,41.3,10.87
465,1,Powerplay Over,2,2,37.0,33,18.5,112.12,27.0,6,1,2,57.58,21.21
477,1,Death Over,9,9,73.0,57,8.11,128.07,21.0,7,3,7,40.35,17.54
477,1,Middle Over,5,5,33.0,38,6.6,86.84,18.0,2,3,1,57.89,13.16
477,1,Powerplay Over,1,1,6.0,5,6.0,120.0,6.0,1,0,1,60.0,20.0
481,1,Death Over,1,1,11.0,10,11.0,110.0,11.0,1,0,0,30.0,10.0
481,1,Middle Over,3,3,56.0,60,18.67,93.33,21.0,2,0,2,30.0,3.33
481,1,Powerplay Over,3,3,28.0,30,9.33,93.33,21.0,2,1,2,53.33,10.0
484,1,Death Over,7,7,108.0,77,15.43,140.26,31.0,11,4,3,16.88,19.48
484,1,Middle Over,8,8,54.0,48,6.75,112.5,15.0,6,1,5,37.5,14.58
484,1,Powerplay Over,1,1,1.0,2,1.0,50.0,1.0,0,0,0,50.0,0.0
490,1,Powerplay Over,2,2,4.0,19,2.0,21.05,4.0,1,0,2,84.21,5.26
497,1,Death Over,2,2,11.0,5,5.5,220.0,6.0,1,1,1,40.0,40.0
497,1,Middle Over,1,1,7.0,8,7.0,87.5,7.0,0,0,0,12.5,0.0
503,1,Death Over,1,1,1.0,1,1.0,100.0,1.0,0,0,0,0.0,0.0
504,1,Death Over,5,5,77.0,53,15.4,145.28,28.0,8,2,2,28.3,18.87
504,1,Middle Over,11,11,198.0,167,18.0,118.56,46.0,18,5,5,28.74,13.77
504,1,Powerplay Over,10,10,65.0,88,6.5,73.86,14.0,9,1,3,57.95,11.36
510,1,Death Over,1,1,0.0,1,0.0,0.0,0.0,0,0,1,100.0,0.0
510,1,Middle Over,3,3,55.0,39,18.33,141.03,33.0,3,3,2,17.95,15.38
510,1,Powerplay Over,4,4,94.0,45,23.5,208.89,43.0,10,7,1,31.11,37.78
511,1,Death Over,1,1,0.0,2,0.0,0.0,0.0,0,0,0,100.0,0.0
522,1,Death Over,10,10,185.0,109,18.5,169.72,51.0,18,8,7,15.6,23.85
522,1,Middle Over,12,12,229.0,209,19.08,109.57,37.0,20,7,4,41.63,12.92
522,1,Powerplay Over,1,1,0.0,1,0.0,0.0,0.0,0,0,0,100.0,0.0
523,1,Death Over,3,3,19.0,20,6.33,95.0,11.0,1,0,3,25.0,5.0
523,1,Middle Over,3,3,49.0,42,16.33,116.67,25.0,2,4,0,40.48,14.29
523,1,Powerplay Over,4,4,35.0,33,8.75,106.06,29.0,6,1,3,60.61,21.21
529,1,Death Over,6,6,45.0,44,7.5,102.27,14.0,2,1,3,27.27,6.82
529,1,Middle Over,9,9,95.0,72,10.56,131.94,32.0,8,5,6,37.5,18.06
529,1,Powerplay Over,3,3,39.0,22,13.0,177.27,25.0,5,1,0,13.64,27.27
534,1,Death Over,2,2,10.0,8,5.0,125.0,10.0,1,0,1,12.5,12.5
534,1,Middle Over,1,1,1.0,1,1.0,100.0,1.0,0,0,0,0.0,0.0
536,1,Death Over,6,6,61.0,49,10.17,124.49,22.0,6,2,6,36.73,16.33
536,1,Middle Over,2,2,9.0,11,4.5,81.82,7.0,1,0,1,36.36,9.09
544,1,Death Over,1,1,9.0,10,9.0,90.0,9.0,1,0,1,40.0,10.0
544,1,Middle Over,1,1,17.0,10,17.0,170.0,17.0,2,1,1,40.0,30.0
554,1,Death Over,1,1,3.0,6,3.0,50.0,3.0,0,0,1,50.0,0.0
554,1,Powerplay Over,1,1,0.0,4,0.0,0.0,0.0,0,0,1,75.0,0.0
559,1,Death Over,2,2,2.0,5,1.0,40.0,1.0,0,0,2,60.0,0.0
562,1,Death Over,1,1,3.0,8,3.0,37.5,3.0,0,0,1,50.0,0.0
565,1,Death Over,6,6,37.0,29,6.17,127.59,10.0,3,1,3,41.38,13.79
565,1,Middle Over,9,9,117.0,108,13.0,108.33,29.0,7,5,4,36.11,11.11
565,1,Powerplay Over,5,5,22.0,39,4.4,56.41,14.0,4,0,2,64.1,10.26
572,1,Death Over,2,2,12.0,8,6.0,150.0,9.0,1,0,2,25.0,12.5
572,1,Middle Over,2,2,19.0,18,9.5,105.56,15.0,2,0,1,38.89,11.11
574,1,Death Over,1,1,0.0,3,0.0,0.0,0.0,0,0,1,100.0,0.0
574,1,Middle Over,2,2,42.0,31,21.0,135.48,42.0,5,1,2,35.48,19.35
574,1,Powerplay Over,7,7,103.0,81,14.71,127.16,40.0,16,2,5,41.98,22.22
577,1,Death Over,4,4,12.0,14,3.0,85.71,5.0,1,0,2,21.43,7.14
577,1,Middle Over,3,3,22.0,20,7.33,110.0,15.0,3,0,1,45.0,15.0
577,1,Powerplay Over,1,1,20.0,15,20.0,133.33,20.0,1,2,1,46.67,20.0
580,1,Death Over,2,2,11.0,19,5.5,57.89,11.0,2,0,1,73.68,10.53
586,1,Death Over,3,3,2.0,4,0.67,50.0,1.0,0,0,1,25.0,0.0
590,1,Death Over,6,6,111.0,63,18.5,176.19,39.0,9,7,4,30.16,25.4
590,1,Middle Over,3,3,14.0,16,4.67,87.5,8.0,1,0,2,37.5,6.25
591,1,Powerplay Over,4,4,34.0,34,8.5,100.0,13.0,6,1,2,61.76,20.59
593,1,Death Over,5,5,61.0,42,12.2,145.24,20.0,5,4,5,28.57,21.43
593,1,Middle Over,2,2,38.0,36,19.0,105.56,20.0,3,1,0,38.89,11.11
593,1,Powerplay Over,1,1,10.0,7,10.0,142.86,10.0,2,0,1,42.86,28.57
594,1,Death Over,2,2,42.0,20,21.0,210.0,42.0,2,4,3,30.0,30.0
594,1,Middle Over,5,5,48.0,43,9.6,111.63,28.0,4,1,3,34.88,11.63
594,1,Powerplay Over,4,4,27.0,19,6.75,142.11,21.0,4,1,3,36.84,26.32
597,1,Death Over,4,4,17.0,20,4.25,85.0,15.0,1,1,3,30.0,10.0
597,1,Middle Over,1,1,8.0,8,8.0,100.0,8.0,1,0,0,37.5,12.5
598,1,Death Over,1,1,1.0,2,1.0,50.0,1.0,0,0,0,50.0,0.0
605,1,Death Over,1,1,26.0,17,26.0,152.94,26.0,2,1,0,29.41,17.65
605,1,Middle Over,3,3,51.0,20,17.0,255.0,27.0,3,5,2,20.0,40.0
605,1,Powerplay Over,4,4,51.0,41,12.75,124.39,18.0,8,2,2,53.66,24.39
606,1,Death Over,4,4,41.0,25,10.25,164.0,31.0,5,2,1,28.0,28.0
606,1,Middle Over,4,4,76.0,55,19.0,138.18,33.0,6,4,0,23.64,18.18
606,1,Powerplay Over,2,2,35.0,21,17.5,166.67,18.0,2,3,0,38.1,23.81
612,1,Powerplay Over,1,1,3.0,7,3.0,42.86,3.0,0,0,1,57.14,0.0
615,1,Death Over,2,2,1.0,3,0.5,33.33,1.0,0,0,2,66.67,0.0
615,1,Middle Over,1,1,2.0,3,2.0,66.67,2.0,0,0,0,33.33,0.0
616,1,Death Over,2,2,4.0,8,2.0,50.0,4.0,0,0,2,62.5,0.0
617,1,Death Over,1,1,0.0,1,0.0,0.0,0.0,0,0,0,100.0,0.0
620,1,Death Over,6,6,114.0,66,19.0,172.73,31.0,11,5,3,19.7,24.24
620,1,Middle Over,8,8,89.0,91,11.12,97.8,38.0,10,1,4,36.26,12.09
620,1,Powerplay Over,3,3,22.0,24,7.33,91.67,18.0,3,0,1,54.17,12.5
627,1,Death Over,2,2,43.0,22,21.5,195.45,25.0,6,1,0,13.64,31.82
627,1,Middle Over,3,3,69.0,46,23.0,150.0,33.0,5,3,1,13.04,17.39
627,1,Powerplay Over,4,4,77.0,67,19.25,114.93,24.0,13,2,1,49.25,22.39
634,1,Death Over,1,1,8.0,8,8.0,100.0,8.0,1,0,1,25.0,12.5
634,1,Middle Over,2,2,19.0,21,9.5,90.48,17.0,2,0,1,38.1,9.52
634,1,Powerplay Over,1,1,18.0,12,18.0,150.0,18.0,2,1,0,50.0,25.0
637,1,Middle Over,5,5,69.0,55,13.8,125.45,32.0,5,5,5,49.09,18.18
637,1,Powerplay Over,9,9,98.0,104,10.89,94.23,21.0,12,3,4,50.96,14.42
640,1,Death Over,1,1,23.0,10,23.0,230.0,23.0,2,1,0,0.0,30.0
640,1,Middle Over,2,2,8.0,9,4.0,88.89,8.0,1,0,2,33.33,11.11
640,1,Powerplay Over,1,1,9.0,8,9.0,112.5,9.0,2,0,0,50.0,25.0
641,1,Death Over,1,1,2.0,2,2.0,100.0,2.0,0,0,1,50.0,0.0
654,1,Death Over,6,6,113.0,54,18.83,209.26,39.0,10,8,4,20.37,33.33
654,1,Middle Over,9,9,207.0,122,23.0,169.67,38.0,19,11,3,26.23,24.59
654,1,Powerplay Over,8,8,115.0,77,14.38,149.35,36.0,14,6,5,41.56,25.97
659,1,Death Over,7,7,113.0,58,16.14,194.83,41.0,12,7,7,32.76,32.76
659,1,Middle Over,11,11,221.0,195,20.09,113.33,36.0,18,4,5,29.23,11.28
659,1,Powerplay Over,8,8,37.0,46,4.62,80.43,21.0,5,0,2,52.17,10.87
668,1,Death Over,2,2,8.0,7,4.0,114.29,6.0,1,0,2,28.57,14.29
668,1,Middle Over,3,3,27.0,28,9.0,96.43,24.0,1,0,2,25.0,3.57
668,1,Powerplay Over,1,1,17.0,14,17.0,121.43,17.0,3,0,0,28.57,21.43
670,1,Middle Over,4,4,76.0,45,19.0,168.89,35.0,9,2,4,26.67,24.44
670,1,Powerplay Over,11,11,145.0,107,13.18,135.51,37.0,18,6,7,42.06,22.43
676,1,Death Over,1,1,0.0,2,0.0,0.0,0.0,0,0,1,100.0,0.0
676,1,Middle Over,1,1,2.0,6,2.0,33.33,2.0,0,0,0,50.0,0.0
684,1,Death Over,7,7,125.0,68,17.86,183.82,42.0,4,10,5,22.06,20.59
684,1,Middle Over,11,11,174.0,167,15.82,104.19,39.0,13,6,5,35.93,11.38
684,1,Powerplay Over,7,7,20.0,32,2.86,62.5,11.0,2,1,1,62.5,9.38
689,1,Death Over,1,1,0.0,1,0.0,0.0,0.0,0,0,0,100.0,0.0
692,1,Death Over,9,9,27.0,25,3.0,108.0,10.0,2,1,5,28.0,12.0
699,1,Death Over,5,5,12.0,20,2.4,60.0,6.0,0,0,2,40.0,0.0
699,1,Middle Over,1,1,3.0,8,3.0,37.5,3.0,0,0,0,62.5,0.0
700,1,Death Over,3,3,22.0,10,7.33,220.0,20.0,2,2,2,40.0,40.0
700,1,Middle Over,4,4,16.0,18,4.0,88.89,13.0,1,1,4,55.56,11.11
700,1,Powerplay Over,3,3,43.0,18,14.33,238.89,33.0,4,3,2,27.78,38.89
705,1,Death Over,7,7,156.0,71,22.29,219.72,46.0,18,9,6,28.17,38.03
705,1,Middle Over,11,11,232.0,186,21.09,124.73,43.0,17,10,4,31.72,14.52
705,1,Powerplay Over,3,3,16.0,19,5.33,84.21,9.0,3,0,1,57.89,15.79
706,1,Death Over,3,3,15.0,15,5.0,100.0,10.0,2,0,3,26.67,13.33
706,1,Middle Over,1,1,19.0,22,19.0,86.36,19.0,2,0,1,36.36,9.09
706,1,Powerplay Over,1,1,0.0,1,0.0,0.0,0.0,0,0,0,100.0,0.0
714,1,Death Over,3,3,5.0,12,1.67,41.67,3.0,0,0,1,58.33,0.0
718,1,Death Over,1,1,0.0,5,0.0,0.0,0.0,0,0,1,60.0,0.0
722,1,Middle Over,2,2,15.0,14,7.5,107.14,9.0,1,1,1,50.0,14.29
722,1,Powerplay Over,5,5,61.0,65,12.2,93.85,26.0,6,3,4,56.92,13.85
723,1,Death Over,2,2,66.0,26,33.0,253.85,42.0,4,6,1,19.23,38.46
723,1,Middle Over,2,2,78.0,50,39.0,156.0,60.0,3,5,1,20.0,16.0
723,1,Powerplay Over,3,3,24.0,24,8.0,100.0,14.0,5,0,1,58.33,20.83
735,1,Death Over,2,2,32.0,15,16.0,213.33,16.0,3,2,0,13.33,33.33
735,1,Middle Over,6,6,64.0,55,10.67,116.36,29.0,9,1,4,43.64,18.18
735,1,Powerplay Over,2,2,8.0,9,4.0,88.89,4.0,2,0,0,77.78,22.22
736,1,Death Over,3,3,48.0,29,16.0,165.52,16.0,7,0,3,20.69,24.14
736,1,Middle Over,7,7,138.0,100,19.71,138.0,53.0,13,4,5,20.0,17.0
736,1,Powerplay Over,7,7,134.0,78,19.14,171.79,44.0,21,4,2,38.46,32.05
756,1,Death Over,3,3,29.0,18,9.67,161.11,13.0,2,2,2,27.78,22.22
756,1,Middle Over,2,2,5.0,10,2.5,50.0,4.0,0,0,0,30.0,0.0
759,1,Death Over,2,2,6.0,6,3.0,100.0,5.0,0,0,1,33.33,0.0
759,1,Middle Over,1,1,2.0,4,2.0,50.0,2.0,0,0,0,50.0,0.0
761,1,Death Over,2,2,10.0,9,5.0,111.11,5.0,2,0,1,55.56,22.22
761,1,Middle Over,4,4,26.0,38,6.5,68.42,16.0,1,1,4,47.37,5.26
761,1,Powerplay Over,4,4,28.0,37,7.0,75.68,13.0,4,1,3,62.16,13.51
768,1,Death Over,1,1,0.0,3,0.0,0.0,0.0,0,0,1,100.0,0.0
769,1,Death Over,4,4,56.0,32,14.0,175.0,24.0,8,1,3,21.88,28.12
769,1,Middle Over,8,8,204.0,162,25.5,125.93,60.0,17,7,4,27.16,14.81
769,1,Powerplay Over,11,11,181.0,181,16.45,100.0,31.0,29,0,5,47.51,16.02
774,1,Death Over,2,2,18.0,10,9.0,180.0,15.0,1,1,2,10.0,20.0
2,2,Middle Over,2,2,14.0,21,7.0,66.67,14.0,1,0,2,47.62,4.76
2,2,Powerplay Over,2,2,39.0,43,19.5,90.7,29.0,5,0,0,46.51,11.63
4,2,Death Over,3,3,44.0,37,14.67,118.92,21.0,2,1,1,29.73,8.11
4,2,Middle Over,6,6,119.0,125,19.83,95.2,37.0,7,1,3,27.2,6.4
4,2,Powerplay Over,15,15,198.0,187,13.2,105.88,37.0,28,6,9,53.48,18.18
6,2,Death Over,7,7,81.0,66,11.57,122.73,33.0,7,2,6,27.27,13.64
6,2,Middle Over,12,12,207.0,198,17.25,104.55,34.0,13,4,6,31.31,8.59
6,2,Powerplay Over,3,3,7.0,12,2.33,58.33,4.0,1,0,0,75.0,8.33
10,2,Powerplay Over,2,2,15.0,19,7.5,78.95,8.0,2,0,2,52.63,10.53
28,2,Middle Over,2,2,42.0,33,21.0,127.27,36.0,5,1,2,36.36,18.18
28,2,Powerplay Over,8,8,56.0,65,7.0,86.15,20.0,6,3,6,61.54,13.85
36,2,Death Over,1,1,1.0,3,1.0,33.33,1.0,0,0,1,66.67,0.0
36,2,Middle Over,2,2,37.0,28,18.5,132.14,29.0,3,2,1,32.14,17.86
36,2,Powerplay Over,7,7,65.0,74,9.29,87.84,21.0,9,1,5,51.35,13.51
39,2,Death Over,5,5,15.0,15,3.0,100.0,7.0,2,0,1,33.33,13.33
39,2,Middle Over,1,1,1.0,5,1.0,20.0,1.0,0,0,0,80.0,0.0
42,2,Death Over,2,2,25.0,18,12.5,138.89,22.0,2,1,1,22.22,16.67
42,2,Middle Over,2,2,23.0,24,11.5,95.83,13.0,2,0,1,25.0,8.33
42,2,Powerplay Over,1,1,14.0,15,14.0,93.33,14.0,1,1,0,46.67,13.33
56,2,Powerplay Over,1,1,18.0,22,18.0,81.82,18.0,2,0,1,54.55,9.09
57,2,Middle Over,2,2,8.0,17,4.0,47.06,8.0,0,0,2,58.82,0.0
57,2,Powerplay Over,2,2,10.0,24,5.0,41.67,6.0,1,0,0,62.5,4.17
64,2,Death Over,1,1,1.0,1,1.0,100.0,1.0,0,0,0,0.0,0.0
65,2,Middle Over,4,4,90.0,73,22.5,123.29,43.0,6,3,4,31.51,12.33
65,2,Powerplay Over,12,12,131.0,132,10.92,99.24,30.0,17,4,8,53.03,15.91
66,2,Middle Over,3,3,62.0,46,20.67,134.78,35.0,5,2,3,19.57,15.22
66,2,Powerplay Over,10,10,136.0,100,13.6,136.0,38.0,19,5,7,43.0,24.0
80,2,Death Over,2,2,13.0,8,6.5,162.5,12.0,0,2,2,62.5,25.0
80,2,Middle Over,4,4,79.0,57,19.75,138.6,45.0,7,3,2,35.09,17.54
80,2,Powerplay Over,7,7,76.0,80,10.86,95.0,27.0,4,6,3,58.75,12.5
96,2,Powerplay Over,1,1,2.0,12,2.0,16.67,2.0,0,0,1,58.33,0.0
98,2,Middle Over,4,4,35.0,30,8.75,116.67,16.0,3,1,3,36.67,13.33
98,2,Powerplay Over,8,8,110.0,89,13.75,123.6,35.0,12,5,6,44.94,19.1
105,2,Death Over,4,4,39.0,31,9.75,125.81,24.0,2,3,4,38.71,16.13
105,2,Middle Over,5,5,55.0,42,11.0,130.95,18.0,4,3,3,35.71,16.67
105,2,Powerplay Over,3,3,28.0,28,9.33,100.0,14.0,2,2,1,64.29,14.29
110,2,Middle Over,8,8,113.0,95,14.12,118.95,31.0,2,9,8,38.95,11.58
110,2,Powerplay Over,16,16,382.0,242,23.88,157.85,74.0,52,20,8,43.8,29.75
111,2,Death Over,5,5,66.0,44,13.2,150.0,24.0,6,3,3,25.0,20.45
111,2,Middle Over,14,14,235.0,223,16.79,105.38,46.0,15,12,9,37.67,12.11
111,2,Powerplay Over,7,7,39.0,50,5.57,78.0,18.0,4,1,0,48.0,10.0
121,2,Middle Over,3,3,14.0,16,4.67,87.5,9.0,1,0,3,31.25,6.25
121,2,Powerplay Over,9,9,128.0,115,14.22,111.3,33.0,18,2,5,41.74,17.39
128,2,Death Over,1,1,25.0,15,25.0,166.67,25.0,3,0,0,26.67,20.0
128,2,Middle Over,6,6,64.0,72,10.67,88.89,26.0,5,0,5,38.89,6.94
128,2,Powerplay Over,15,15,197.0,196,13.13,100.51,30.0,24,2,8,44.9,13.27
129,2,Death Over,3,3,8.0,11,2.67,72.73,4.0,0,0,1,27.27,0.0
132,2,Death Over,3,3,22.0,18,7.33,122.22,19.0,3,0,1,16.67,16.67
132,2,Middle Over,8,8,211.0,159,26.38,132.7,38.0,22,6,5,28.93,17.61
132,2,Powerplay Over,12,12,131.0,138,10.92,94.93,31.0,14,4,5,49.28,13.04
134,2,Death Over,2,2,2.0,3,1.0,66.67,2.0,0,0,2,66.67,0.0
135,2,Middle Over,1,1,0.0,1,0.0,0.0,0.0,0,0,1,100.0,0.0
135,2,Powerplay Over,1,1,7.0,7,7.0,100.0,7.0,1,0,1,57.14,14.29
137,2,Death Over,1,1,8.0,13,8.0,61.54,8.0,1,0,1,61.54,7.69
137,2,Middle Over,1,1,0.0,2,0.0,0.0,0.0,0,0,0,100.0,0.0
140,2,Death Over,1,1,1.0,2,1.0,50.0,1.0,0,0,1,50.0,0.0
140,2,Middle Over,5,5,45.0,43,9.0,104.65,13.0,5,1,4,37.21,13.95
140,2,Powerplay Over,4,4,47.0,44,11.75,106.82,24.0,3,1,1,43.18,9.09
147,2,Death Over,3,3,8.0,9,2.67,88.89,8.0,0,1,3,55.56,11.11
147,2,Middle Over,1,1,9.0,7,9.0,128.57,9.0,1,0,0,42.86,14.29
150,2,Death Over,2,2,12.0,9,6.0,133.33,11.0,0,1,1,22.22,11.11
151,2,Death Over,7,7,96.0,62,13.71,154.84,31.0,7,5,5,22.58,19.35
151,2,Middle Over,11,11,129.0,136,11.73,94.85,37.0,11,3,6,44.12,10.29
151,2,Powerplay Over,3,3,21.0,27,7.0,77.78,20.0,4,0,0,55.56,14.81
152,2,Death Over,2,2,13.0,9,6.5,144.44,10.0,1,0,1,11.11,11.11
152,2,Middle Over,1,1,17.0,12,17.0,141.67,17.0,0,1,0,16.67,8.33
153,2,Death Over,3,3,34.0,30,11.33,113.33,16.0,3,0,1,20.0,10.0
153,2,Middle Over,2,2,10.0,21,5.0,47.62,5.0,0,0,2,47.62,0.0
153,2,Powerplay Over,3,3,23.0,33,7.67,69.7,17.0,2,0,1,54.55,6.06
155,2,Death Over,1,1,9.0,10,9.0,90.0,9.0,1,0,1,40.0,10.0
155,2,Middle Over,1,1,0.0,3,0.0,0.0,0.0,0,0,0,100.0,0.0
156,2,Death Over,4,4,6.0,10,1.5,60.0,5.0,0,0,2,50.0,0.0
170,2,Death Over,11,11,131.0,87,11.91,150.57,39.0,10,5,6,21.84,17.24
170,2,Middle Over,9,9,157.0,137,17.44,114.6,40.0,10,4,2,27.74,10.22
174,2,Death Over,1,1,6.0,2,6.0,300.0,6.0,0,1,1,50.0,50.0
174,2,Middle Over,1,1,7.0,5,7.0,140.0,7.0,0,1,1,60.0,20.0
177,2,Death Over,2,2,0.0,4,0.0,0.0,0.0,0,0,2,100.0,0.0
177,2,Middle Over,1,1,1.0,2,1.0,50.0,1.0,0,0,0,50.0,0.0
181,2,Death Over,6,6,56.0,39,9.33,143.59,39.0,7,1,4,35.9,20.51
181,2,Middle Over,7,7,98.0,109,14.0,89.91,45.0,9,3,4,45.87,11.01
181,2,Powerplay Over,3,3,23.0,18,7.67,127.78,14.0,4,0,1,44.44,22.22
192,2,Middle Over,2,2,9.0,6,4.5,150.0,9.0,0,1,1,33.33,16.67
192,2,Powerplay Over,1,1,2.0,10,2.0,20.0,2.0,0,0,0,80.0,0.0
193,2,Death Over,2,2,12.0,13,6.0,92.31,8.0,1,0,0,23.08,7.69
193,2,Middle Over,1,1,4.0,7,4.0,57.14,4.0,0,0,0,28.57,0.0
203,2,Death Over,3,3,38.0,25,12.67,152.0,28.0,1,3,3,16.0,16.0
203,2,Middle Over,6,6,100.0,116,16.67,86.21,27.0,7,1,3,39.66,6.9
203,2,Powerplay Over,9,9,51.0,72,5.67,70.83,20.0,5,2,5,65.28,9.72
207,2,Middle Over,1,1,3.0,7,3.0,42.86,3.0,0,0,1,57.14,0.0
207,2,Powerplay Over,5,5,53.0,42,10.6,126.19,32.0,9,0,4,50.0,21.43
208,2,Death Over,5,5,9.0,15,1.8,60.0,4.0,0,0,3,40.0,0.0
208,2,Middle Over,5,5,21.0,33,4.2,63.64,10.0,0,0,1,36.36,0.0
209,2,Death Over,10,10,107.0,94,10.7,113.83,25.0,6,2,8,24.47,8.51
209,2,Middle Over,4,4,17.0,24,4.25,70.83,12.0,0,1,2,50.0,4.17
210,2,Death Over,2,2,5.0,19,2.5,26.32,4.0,1,0,0,78.95,5.26
212,2,Death Over,6,6,93.0,72,15.5,129.17,21.0,9,3,4,31.94,16.67
212,2,Middle Over,7,7,71.0,73,10.14,97.26,28.0,3,2,6,32.88,6.85
212,2,Powerplay Over,2,2,32.0,19,16.0,168.42,32.0,5,1,1,42.11,31.58
223,2,Death Over,10,10,91.0,65,9.1,140.0,21.0,8,4,5,23.08,18.46
223,2,Middle Over,4,4,6.0,8,1.5,75.0,2.0,0,0,0,25.0,0.0
230,2,Death Over,4,4,77.0,45,19.25,171.11,33.0,4,6,4,26.67,22.22
230,2,Middle Over,10,10,216.0,176,21.6,122.73,43.0,19,6,7,27.84,14.2
230,2,Powerplay Over,10,10,141.0,97,14.1,145.36,27.0,14,9,4,45.36,23.71
231,2,Death Over,1,1,7.0,9,7.0,77.78,7.0,0,0,1,33.33,0.0
231,2,Middle Over,1,1,3.0,4,3.0,75.0,3.0,0,0,0,50.0,0.0
232,2,Death Over,2,2,52.0,27,26.0,192.59,47.0,6,2,1,14.81,29.63
232,2,Middle Over,4,4,71.0,76,17.75,93.42,30.0,5,1,3,39.47,7.89
232,2,Powerplay Over,12,12,162.0,144,13.5,112.5,51.0,16,9,8,49.31,17.36
232,2,Super Over,1,1,1.0,1,1.0,100.0,1.0,0,0,0,0.0,0.0
234,2,Death Over,5,5,26.0,20,5.2,130.0,13.0,2,2,2,50.0,20.0
239,2,Middle Over,1,1,7.0,15,7.0,46.67,7.0,1,0,1,66.67,6.67
239,2,Powerplay Over,1,1,4.0,5,4.0,80.0,4.0,1,0,0,60.0,20.0
241,2,Death Over,1,1,13.0,10,13.0,130.0,13.0,1,0,1,20.0,10.0
241,2,Middle Over,3,3,22.0,27,7.33,81.48,14.0,2,0,2,40.74,7.41
241,2,Powerplay Over,1,1,4.0,2,4.0,200.0,4.0,1,0,1,50.0,50.0
246,2,Death Over,1,1,8.0,3,8.0,266.67,8.0,0,1,1,33.33,33.33
246,2,Middle Over,1,1,6.0,5,6.0,120.0,6.0,0,0,0,0.0,0.0
250,2,Death Over,2,2,6.0,5,3.0,120.0,4.0,1,0,2,40.0,20.0
250,2,Middle Over,1,1,30.0,22,30.0,136.36,30.0,2,0,0,4.55,9.09
250,2,Powerplay Over,2,2,11.0,15,5.5,73.33,8.0,2,0,1,53.33,13.33
251,2,Death Over,8,8,25.0,33,3.12,75.76,8.0,2,0,3,33.33,6.06
251,2,Middle Over,1,1,6.0,6,6.0,100.0,6.0,1,0,0,50.0,16.67
254,2,Death Over,3,3,23.0,22,7.67,104.55,10.0,2,0,0,31.82,9.09
259,2,Death Over,3,3,9.0,18,3.0,50.0,7.0,0,0,2,38.89,0.0
269,2,Death Over,2,2,27.0,15,13.5,180.0,27.0,2,1,1,13.33,20.0
269,2,Middle Over,3,3,11.0,25,3.67,44.0,6.0,0,0,1,68.0,0.0
274,2,Death Over,1,1,0.0,1,0.0,0.0,0.0,0,0,0,0.0,0.0
276,2,Death Over,2,2,9.0,14,4.5,64.29,6.0,0,0,0,28.57,0.0
277,2,Death Over,1,1,5.0,4,5.0,125.0,5.0,1,0,1,50.0,25.0
277,2,Middle Over,1,1,10.0,12,10.0,83.33,10.0,0,0,0,41.67,0.0
286,2,Middle Over,1,1,2.0,9,2.0,22.22,2.0,0,0,1,55.56,0.0
293,2,Death Over,8,8,60.0,41,7.5,146.34,20.0,5,3,7,19.51,19.51
293,2,Middle Over,1,1,18.0,8,18.0,225.0,18.0,1,2,1,50.0,37.5
293,2,Powerplay Over,1,1,6.0,8,6.0,75.0,6.0,0,0,1,37.5,0.0
294,2,Death Over,2,2,20.0,18,10.0,111.11,16.0,0,1,1,33.33,5.56
302,2,Death Over,2,2,28.0,19,14.0,147.37,14.0,1,2,0,21.05,15.79
302,2,Middle Over,7,7,90.0,78,12.86,115.38,48.0,10,1,5,35.9,14.1
302,2,Powerplay Over,10,10,57.0,80,5.7,71.25,17.0,7,0,6,53.75,8.75
317,2,Death Over,9,9,129.0,74,14.33,174.32,34.0,12,6,8,22.97,24.32
317,2,Middle Over,11,11,64.0,80,5.82,80.0,15.0,2,1,2,38.75,3.75
317,2,Powerplay Over,1,1,0.0,1,0.0,0.0,0.0,0,0,0,100.0,0.0
321,2,Death Over,4,4,20.0,14,5.0,142.86,9.0,0,0,0,14.29,0.0
321,2,Middle Over,1,1,1.0,4,1.0,25.0,1.0,0,0,1,75.0,0.0
326,2,Death Over,2,2,21.0,20,10.5,105.0,11.0,0,0,0,10.0,0.0
328,2,Death Over,2,2,20.0,13,10.0,153.85,16.0,2,0,0,0.0,15.38
328,2,Middle Over,3,3,23.0,22,7.67,104.55,13.0,2,0,2,22.73,9.09
328,2,Powerplay Over,3,3,38.0,36,12.67,105.56,26.0,7,0,1,58.33,19.44
340,2,Death Over,2,2,1.0,2,0.5,50.0,1.0,0,0,1,50.0,0.0
348,2,Death Over,1,1,37.0,14,37.0,264.29,37.0,1,4,1,14.29,35.71
348,2,Middle Over,3,3,32.0,30,10.67,106.67,31.0,2,1,2,30.0,10.0
348,2,Powerplay Over,5,5,69.0,80,13.8,86.25,22.0,5,2,3,38.75,8.75
353,2,Death Over,3,3,17.0,11,5.67,154.55,12.0,2,0,2,18.18,18.18
353,2,Middle Over,1,1,17.0,21,17.0,80.95,17.0,1,0,0,28.57,4.76
368,2,Death Over,2,2,1.0,3,0.5,33.33,1.0,0,0,1,66.67,0.0
378,2,Death Over,2,2,4.0,5,2.0,80.0,3.0,0,0,1,60.0,0.0
383,2,Death Over,2,2,10.0,10,5.0,100.0,9.0,0,1,2,50.0,10.0
383,2,Middle Over,1,1,6.0,3,6.0,200.0,6.0,1,0,0,0.0,33.33
386,2,Death Over,1,1,0.0,1,0.0,0.0,0.0,0,0,1,100.0,0.0
392,2,Death Over,1,1,0.0,1,0.0,0.0,0.0,0,0,1,100.0,0.0
392,2,Middle Over,4,4,44.0,46,11.0,95.65,26.0,3,1,3,39.13,8.7
392,2,Powerplay Over,7,7,119.0,90,17.0,132.22,35.0,13,4,3,37.78,18.89
396,2,Death Over,3,3,29.0,24,9.67,120.83,19.0,2,0,0,25.0,8.33
396,2,Middle Over,7,7,128.0,106,18.29,120.75,25.0,10,4,4,33.02,13.21
396,2,Powerplay Over,6,6,80.0,63,13.33,126.98,29.0,6,4,5,44.44,15.87
402,2,Death Over,1,1,1.0,4,1.0,25.0,1.0,0,0,1,75.0,0.0
403,2,Death Over,4,4,58.0,33,14.5,175.76,43.0,2,4,4,18.18,18.18
403,2,Middle Over,8,8,172.0,125,21.5,137.6,38.0,10,7,4,28.0,13.6
403,2,Powerplay Over,2,2,19.0,13,9.5,146.15,12.0,3,0,0,38.46,23.08
417,2,Death Over,3,3,66.0,43,22.0,153.49,25.0,7,1,1,16.28,18.6
417,2,Middle Over,3,3,73.0,65,24.33,112.31,33.0,7,0,1,24.62,10.77
417,2,Powerplay Over,3,3,28.0,27,9.33,103.7,18.0,5,0,1,51.85,18.52
423,2,Death Over,5,5,105.0,58,21.0,181.03,33.0,12,3,4,12.07,25.86
423,2,Middle Over,10,10,208.0,187,20.8,111.23,45.0,16,5,4,34.22,11.23
423,2,Powerplay Over,10,10,52.0,72,5.2,72.22,17.0,6,1,2,61.11,9.72
425,2,Death Over,1,1,0.0,1,0.0,0.0,0.0,0,0,1,100.0,0.0
432,2,Middle Over,3,3,5.0,9,1.67,55.56,3.0,0,0,3,44.44,0.0
432,2,Powerplay Over,4,4,14.0,24,3.5,58.33,10.0,1,1,2,75.0,8.33
446,2,Death Over,1,1,9.0,6,9.0,150.0,9.0,1,0,1,16.67,16.67
446,2,Middle Over,1,1,11.0,16,11.0,68.75,11.0,0,0,0,37.5,0.0
449,2,Death Over,5,5,64.0,42,12.8,152.38,33.0,5,3,3,28.57,19.05
449,2,Middle Over,7,7,113.0,125,16.14,90.4,32.0,6,3,3,40.0,7.2
449,2,Powerplay Over,5,5,41.0,44,8.2,93.18,33.0,4,2,2,56.82,13.64
457,2,Death Over,1,1,1.0,2,1.0,50.0,1.0,0,0,1,50.0,0.0
457,2,Middle Over,1,1,0.0,1,0.0,0.0,0.0,0,0,1,100.0,0.0
457,2,Powerplay Over,1,1,18.0,14,18.0,128.57,18.0,1,2,1,64.29,21.43
463,2,Death Over,4,4,26.0,33,6.5,78.79,14.0,2,1,2,48.48,9.09
463,2,Middle Over,1,1,2.0,2,2.0,100.0,2.0,0,0,0,0.0,0.0
465,2,Death Over,6,6,60.0,30,10.0,200.0,25.0,3,4,2,10.0,23.33
465,2,Middle Over,2,2,12.0,11,6.0,109.09,12.0,0,0,1,18.18,0.0
475,2,Middle Over,1,1,9.0,11,9.0,81.82,9.0,0,0,2,18.18,0.0
475,2,Powerplay Over,2,2,36.0,29,18.0,124.14,21.0,7,0,1,48.28,24.14
477,2,Death Over,7,7,65.0,43,9.29,151.16,14.0,1,6,4,37.21,16.28
477,2,Powerplay Over,1,1,0.0,3,0.0,0.0,0.0,0,0,1,100.0,0.0
479,2,Death Over,1,1,11.0,7,11.0,157.14,11.0,2,0,1,28.57,28.57
479,2,Middle Over,1,1,5.0,7,5.0,71.43,5.0,0,0,0,14.29,0.0
481,2,Death Over,8,8,176.0,83,22.0,212.05,57.0,18,8,4,16.87,31.33
481,2,Middle Over,11,11,228.0,211,20.73,108.06,39.0,13,3,3,27.96,7.58
481,2,Powerplay Over,8,8,61.0,65,7.62,93.85,17.0,8,1,2,52.31,13.85
484,2,Death Over,3,3,33.0,30,11.0,110.0,25.0,2,1,2,30.0,10.0
484,2,Middle Over,4,4,49.0,53,12.25,92.45,23.0,3,2,4,52.83,9.43
484,2,Powerplay Over,1,1,1.0,3,1.0,33.33,1.0,0,0,0,66.67,0.0
485,2,Death Over,1,1,1.0,3,1.0,33.33,1.0,0,0,1,66.67,0.0
490,2,Death Over,4,4,70.0,48,17.5,145.83,29.0,7,2,3,20.83,18.75
490,2,Middle Over,2,2,55.0,48,27.5,114.58,29.0,5,0,0,20.83,10.42
490,2,Powerplay Over,5,5,19.0,32,3.8,59.38,14.0,0,1,3,50.0,3.12
497,2,Death Over,6,6,51.0,46,8.5,110.87,31.0,3,3,4,36.96,13.04
497,2,Middle Over,5,5,37.0,48,7.4,77.08,13.0,2,1,2,47.92,6.25
500,2,Middle Over,1,1,0.0,1,0.0,0.0,0.0,0,0,1,100.0,0.0
500,2,Powerplay Over,2,2,6.0,11,3.0,54.55,5.0,1,0,1,72.73,9.09
504,2,Death Over,1,1,12.0,10,12.0,120.0,12.0,1,0,1,40.0,10.0
504,2,Middle Over,2,2,24.0,28,12.0,85.71,21.0,2,0,2,35.71,7.14
504,2,Powerplay Over,2,2,4.0,8,2.0,50.0,3.0,0,0,1,50.0,0.0
507,2,Death Over,1,1,17.0,13,17.0,130.77,17.0,3,0,1,38.46,23.08
507,2,Middle Over,3,3,13.0,17,4.33,76.47,8.0,0,0,2,35.29,0.0
507,2,Powerplay Over,2,2,17.0,37,8.5,45.95,11.0,2,0,1,70.27,5.41
510,2,Death Over,5,5,90.0,51,18.0,176.47,41.0,6,7,3,25.49,25.49
510,2,Middle Over,8,8,159.0,119,19.88,133.61,40.0,10,8,6,33.61,15.13
510,2,Powerplay Over,5,5,31.0,41,6.2,75.61,15.0,4,0,1,53.66,9.76
515,2,Middle Over,1,1,3.0,4,3.0,75.0,3.0,0,0,1,25.0,0.0
517,2,Death Over,5,5,49.0,37,9.8,132.43,23.0,5,1,2,32.43,16.22
517,2,Middle Over,1,1,26.0,26,26.0,100.0,26.0,2,0,0,30.77,7.69
517,2,Powerplay Over,1,1,0.0,2,0.0,0.0,0.0,0,0,1,100.0,0.0
519,2,Death Over,1,1,0.0,1,0.0,0.0,0.0,0,0,1,100.0,0.0
522,2,Death Over,9,9,131.0,89,14.56,147.19,35.0,13,2,4,13.48,16.85
522,2,Middle Over,13,13,197.0,179,15.15,110.06,48.0,8,7,4,28.49,8.38
522,2,Powerplay Over,1,1,4.0,2,4.0,200.0,4.0,1,0,0,50.0,50.0
529,2,Death Over,6,6,104.0,66,17.33,157.58,30.0,10,3,3,13.64,19.7
529,2,Middle Over,9,9,108.0,100,12.0,108.0,32.0,6,4,4,33.0,10.0
529,2,Powerplay Over,2,2,7.0,6,3.5,116.67,5.0,1,0,0,33.33,16.67
536,2,Death Over,7,7,60.0,60,8.57,100.0,21.0,3,2,4,35.0,8.33
536,2,Middle Over,5,5,48.0,58,9.6,82.76,21.0,3,2,3,48.28,8.62
542,2,Death Over,2,2,20.0,16,10.0,125.0,13.0,3,0,2,31.25,18.75
544,2,Death Over,3,3,13.0,12,4.33,108.33,6.0,0,0,1,25.0,0.0
554,2,Death Over,2,2,35.0,19,17.5,184.21,33.0,2,2,0,21.05,21.05
554,2,Middle Over,3,3,84.0,61,28.0,137.7,65.0,7,2,2,27.87,14.75
554,2,Powerplay Over,3,3,49.0,40,16.33,122.5,29.0,8,0,0,42.5,20.0
559,2,Middle Over,1,1,0.0,3,0.0,0.0,0.0,0,0,1,100.0,0.0
563,2,Middle Over,1,1,16.0,18,16.0,88.89,16.0,0,1,1,33.33,5.56
563,2,Powerplay Over,4,4,44.0,51,11.0,86.27,15.0,4,1,3,49.02,9.8
573,2,Death Over,6,6,136.0,85,22.67,160.0,38.0,6,7,2,9.41,15.29
573,2,Middle Over,9,9,168.0,176,18.67,95.45,36.0,9,3,3,32.39,6.82
573,2,Powerplay Over,7,7,68.0,73,9.71,93.15,19.0,11,1,3,54.79,16.44
577,2,Death Over,5,5,57.0,38,11.4,150.0,34.0,3,3,2,21.05,15.79
577,2,Middle Over,2,2,9.0,20,4.5,45.0,5.0,0,0,0,50.0,0.0
586,2,Death Over,3,3,1.0,5,0.33,20.0,1.0,0,0,2,60.0,0.0
586,2,Middle Over,1,1,0.0,2,0.0,0.0,0.0,0,0,1,100.0,0.0
590,2,Death Over,2,2,21.0,21,10.5,100.0,18.0,0,0,1,33.33,0.0
591,2,Powerplay Over,1,1,0.0,3,0.0,0.0,0.0,0,0,1,66.67,0.0
593,2,Death Over,6,6,44.0,38,7.33,115.79,12.0,5,0,4,28.95,13.16
593,2,Middle Over,2,2,20.0,27,10.0,74.07,14.0,2,0,0,40.74,7.41
593,2,Powerplay Over,1,1,1.0,6,1.0,16.67,1.0,0,0,0,83.33,0.0
597,2,Death Over,6,6,40.0,34,6.67,117.65,12.0,4,1,3,41.18,14.71
597,2,Middle Over,2,2,7.0,10,3.5,70.0,5.0,0,0,1,50.0,0.0
603,2,Middle Over,1,1,6.0,7,6.0,85.71,6.0,1,0,0,57.14,14.29
606,2,Middle Over,2,2,13.0,23,6.5,56.52,8.0,0,0,2,43.48,0.0
606,2,Powerplay Over,3,3,28.0,26,9.33,107.69,18.0,3,1,1,46.15,15.38
616,2,Powerplay Over,8,8,115.0,102,14.38,112.75,43.0,9,8,7,48.04,16.67
620,2,Death Over,7,7,104.0,73,14.86,142.47,26.0,7,5,3,27.4,16.44
620,2,Middle Over,6,6,46.0,48,7.67,95.83,22.0,1,1,2,35.42,4.17
624,2,Middle Over,3,3,40.0,39,13.33,102.56,18.0,2,2,2,30.77,10.26
624,2,Powerplay Over,7,7,131.0,114,18.71,114.91,32.0,13,8,4,52.63,18.42
624,2,Super Over,1,1,13.0,6,13.0,216.67,13.0,3,0,1,16.67,50.0
627,2,Death Over,3,3,53.0,31,17.67,170.97,25.0,3,4,2,16.13,22.58
627,2,Middle Over,10,10,234.0,179,23.4,130.73,35.0,19,9,6,28.49,15.64
627,2,Powerplay Over,12,12,285.0,199,23.75,143.22,45.0,38,9,2,39.7,23.62
634,2,Death Over,5,5,52.0,35,10.4,148.57,36.0,2,4,5,31.43,17.14
634,2,Middle Over,6,6,127.0,85,21.17,149.41,40.0,9,7,3,27.06,18.82
634,2,Powerplay Over,1,1,36.0,14,36.0,257.14,36.0,1,4,0,14.29,35.71
637,2,Death Over,3,3,47.0,27,15.67,174.07,24.0,3,2,1,7.41,18.52
637,2,Middle Over,8,8,152.0,154,19.0,98.7,34.0,8,4,4,32.47,7.79
637,2,Powerplay Over,14,14,172.0,163,12.29,105.52,44.0,21,6,6,48.47,16.56
642,2,Death Over,1,1,2.0,2,2.0,100.0,2.0,0,0,0,50.0,0.0
654,2,Death Over,4,4,71.0,33,17.75,215.15,40.0,4,7,3,33.33,33.33
654,2,Middle Over,13,13,127.0,127,9.77,100.0,22.0,12,3,9,43.31,11.81
654,2,Powerplay Over,3,3,45.0,28,15.0,160.71,32.0,8,2,0,57.14,35.71
654,2,Super Over,1,1,18.0,4,18.0,450.0,18.0,1,2,0,0.0,75.0
659,2,Death Over,5,5,33.0,24,6.6,137.5,29.0,3,1,5,33.33,16.67
659,2,Middle Over,10,10,194.0,177,19.4,109.6,47.0,17,2,4,30.51,10.73
659,2,Powerplay Over,6,6,44.0,38,7.33,115.79,18.0,8,0,2,50.0,21.05
669,2,Death Over,5,5,49.0,39,9.8,125.64,21.0,3,3,3,30.77,15.38
669,2,Middle Over,4,4,29.0,26,7.25,111.54,18.0,2,0,2,34.62,7.69
684,2,Death Over,1,1,43.0,18,43.0,238.89,43.0,2,4,1,11.11,33.33
684,2,Middle Over,3,3,32.0,31,10.67,103.23,28.0,1,1,2,35.48,6.45
684,2,Powerplay Over,2,2,23.0,12,11.5,191.67,15.0,4,1,0,50.0,41.67
689,2,Death Over,4,4,33.0,24,8.25,137.5,23.0,5,0,2,25.0,20.83
689,2,Middle Over,1,1,0.0,2,0.0,0.0,0.0,0,0,1,100.0,0.0
692,2,Death Over,4,4,6.0,11,1.5,54.55,4.0,0,0,3,45.45,0.0
692,2,Middle Over,1,1,2.0,6,2.0,33.33,2.0,0,0,1,66.67,0.0
695,2,Death Over,1,1,0.0,1,0.0,0.0,0.0,0,0,1,100.0,0.0
695,2,Middle Over,1,1,8.0,8,8.0,100.0,8.0,1,0,0,37.5,12.5
705,2,Death Over,8,8,125.0,82,15.62,152.44,38.0,9,8,6,30.49,20.73
705,2,Middle Over,14,14,204.0,195,14.57,104.62,35.0,9,9,6,31.79,9.23
705,2,Powerplay Over,6,6,33.0,46,5.5,71.74,13.0,4,1,1,65.22,10.87
706,2,Death Over,2,2,12.0,9,6.0,133.33,11.0,1,0,1,22.22,11.11
706,2,Middle Over,3,3,11.0,12,3.67,91.67,9.0,2,0,2,50.0,16.67
706,2,Powerplay Over,2,2,30.0,33,15.0,90.91,20.0,1,2,0,45.45,9.09
714,2,Death Over,3,3,9.0,19,3.0,47.37,6.0,0,0,2,47.37,0.0
718,2,Death Over,3,3,4.0,10,1.33,40.0,2.0,0,0,2,50.0,0.0
722,2,Death Over,1,1,14.0,13,14.0,107.69,14.0,2,0,1,15.38,15.38
722,2,Middle Over,4,4,11.0,26,2.75,42.31,6.0,0,0,3,57.69,0.0
722,2,Powerplay Over,7,7,99.0,101,14.14,98.02,38.0,7,4,4,43.56,10.89
735,2,Death Over,6,6,96.0,59,16.0,162.71,29.0,9,4,3,20.34,22.03
735,2,Middle Over,12,12,171.0,193,14.25,88.6,30.0,12,3,6,37.82,7.77
735,2,Powerplay Over,9,9,151.0,105,16.78,143.81,37.0,21,6,1,45.71,25.71
736,2,Death Over,6,6,61.0,49,10.17,124.49,18.0,4,2,5,22.45,12.24
736,2,Middle Over,11,11,232.0,219,21.09,105.94,37.0,19,3,6,32.88,10.05
736,2,Powerplay Over,8,8,39.0,64,4.88,60.94,19.0,6,0,3,57.81,9.38
756,2,Death Over,5,5,7.0,16,1.4,43.75,4.0,1,0,5,75.0,6.25
756,2,Middle Over,1,1,1.0,2,1.0,50.0,1.0,0,0,0,50.0,0.0
759,2,Death Over,1,1,0.0,1,0.0,0.0,0.0,0,0,0,100.0,0.0
764,2,Death Over,1,1,0.0,1,0.0,0.0,0.0,0,0,1,100.0,0.0
764,2,Middle Over,1,1,3.0,4,3.0,75.0,3.0,0,0,0,50.0,0.0
768,2,Death Over,4,4,8.0,8,2.0,100.0,4.0,1,0,2,37.5,12.5
769,2,Death Over,1,1,10.0,9,10.0,111.11,10.0,1,0,0,22.22,11.11
769,2,Middle Over,5,5,91.0,79,18.2,115.19,48.0,9,1,4,27.85,12.66
769,2,Powerplay Over,12,12,111.0,134,9.25,82.84,29.0,17,0,7,53.73,12.69
774,2,Death Over,1,1,6.0,9,6.0,66.67,6.0,1,0,1,55.56,11.11
776,2,Death Over,2,2,2.0,8,1.0,25.0,1.0,0,0,1,62.5,0.0
2,3,Powerplay Over,1,1,8.0,10,8.0,80.0,8.0,2,0,1,80.0,20.0
4,3,Death Over,6,6,101.0,48,16.83,210.42,39.0,12,4,3,16.67,33.33
4,3,Middle Over,10,10,197.0,209,19.7,94.26,31.0,13,2,3,29.67,7.18
4,3,Powerplay Over,16,16,274.0,260,17.12,105.38,30.0,42,3,6,44.62,17.31
7,3,Death Over,2,2,2.0,3,1.0,66.67,2.0,0,0,2,33.33,0.0
7,3,Middle Over,1,1,12.0,10,12.0,120.0,12.0,2,0,1,40.0,20.0
19,3,Death Over,2,2,1.0,2,0.5,50.0,1.0,0,0,1,50.0,0.0
23,3,Death Over,3,3,38.0,25,12.67,152.0,30.0,4,1,2,28.0,20.0
23,3,Middle Over,4,4,36.0,33,9.0,109.09,20.0,3,1,2,27.27,12.12
23,3,Powerplay Over,1,1,2.0,2,2.0,100.0,2.0,0,0,0,50.0,0.0
25,3,Death Over,1,1,4.0,8,4.0,50.0,4.0,0,0,0,37.5,0.0
28,3,Powerplay Over,1,1,5.0,4,5.0,125.0,5.0,1,0,1,50.0,25.0
39,3,Death Over,5,5,6.0,12,1.2,50.0,2.0,0,0,0,33.33,0.0
64,3,Death Over,2,2,23.0,20,11.5,115.0,22.0,2,1,1,40.0,15.0
65,3,Powerplay Over,4,4,33.0,35,8.25,94.29,23.0,4,1,4,45.71,14.29
66,3,Middle Over,5,5,116.0,69,23.2,168.12,45.0,9,7,5,21.74,23.19
66,3,Powerplay Over,14,14,240.0,158,17.14,151.9,43.0,38,7,9,37.97,28.48
74,3,Death Over,2,2,6.0,6,3.0,100.0,6.0,1,0,2,33.33,16.67
74,3,Middle Over,4,4,122.0,68,30.5,179.41,60.0,11,6,2,19.12,25.0
74,3,Powerplay Over,4,4,57.0,43,14.25,132.56,33.0,6,3,1,51.16,20.93
80,3,Death Over,2,2,47.0,26,23.5,180.77,29.0,5,3,1,30.77,30.77
80,3,Middle Over,6,6,122.0,94,20.33,129.79,42.0,7,7,2,29.79,14.89
80,3,Powerplay Over,14,14,208.0,174,14.86,119.54,27.0,30,5,9,45.4,20.11
81,3,Death Over,3,3,21.0,22,7.0,95.45,16.0,0,2,1,45.45,9.09
81,3,Middle Over,3,3,46.0,44,15.33,104.55,33.0,3,1,1,25.0,9.09
81,3,Powerplay Over,4,4,55.0,53,13.75,103.77,18.0,11,0,2,54.72,20.75
90,3,Death Over,6,6,59.0,42,9.83,140.48,21.0,8,0,2,23.81,19.05
90,3,Middle Over,6,6,53.0,56,8.83,94.64,20.0,3,0,4,32.14,5.36
105,3,Death Over,1,1,1.0,2,1.0,50.0,1.0,0,0,1,50.0,0.0
110,3,Middle Over,3,3,40.0,25,13.33,160.0,23.0,2,3,3,20.0,20.0
110,3,Powerplay Over,16,16,249.0,175,15.56,142.29,38.0,29,13,14,38.86,24.0
111,3,Death Over,7,7,87.0,57,12.43,152.63,27.0,7,5,5,28.07,21.05
111,3,Middle Over,11,11,136.0,119,12.36,114.29,29.0,8,8,4,40.34,13.45
111,3,Powerplay Over,3,3,32.0,28,10.67,114.29,24.0,5,1,3,53.57,21.43
111,3,Super Over,1,1,4.0,2,4.0,200.0,4.0,1,0,0,50.0,50.0
112,3,Death Over,2,2,2.0,6,1.0,33.33,2.0,0,0,2,50.0,0.0
117,3,Death Over,2,2,0.0,3,0.0,0.0,0.0,0,0,1,100.0,0.0
117,3,Middle Over,1,1,0.0,7,0.0,0.0,0.0,0,0,1,85.71,0.0
121,3,Death Over,1,1,10.0,10,10.0,100.0,10.0,1,0,1,40.0,10.0
121,3,Middle Over,1,1,33.0,27,33.0,122.22,33.0,1,2,1,25.93,11.11
121,3,Powerplay Over,4,4,29.0,46,7.25,63.04,14.0,4,0,3,52.17,8.7
127,3,Middle Over,6,6,58.0,46,9.67,126.09,31.0,4,3,5,34.78,15.22
127,3,Powerplay Over,9,9,108.0,103,12.0,104.85,21.0,14,3,5,49.51,16.5
128,3,Death Over,3,3,43.0,28,14.33,153.57,26.0,5,1,2,35.71,21.43
128,3,Middle Over,6,6,117.0,101,19.5,115.84,39.0,11,0,4,27.72,10.89
128,3,Powerplay Over,10,10,117.0,94,11.7,124.47,26.0,16,1,4,35.11,18.09
129,3,Death Over,3,3,24.0,13,8.0,184.62,23.0,3,1,2,38.46,30.77
132,3,Death Over,5,5,88.0,48,17.6,183.33,43.0,11,2,3,18.75,27.08
132,3,Middle Over,12,12,203.0,189,16.92,107.41,35.0,20,1,7,27.51,11.11
132,3,Powerplay Over,15,15,327.0,252,21.8,129.76,44.0,55,0,3,34.92,21.83
134,3,Death Over,1,1,0.0,1,0.0,0.0,0.0,0,0,1,100.0,0.0
137,3,Death Over,5,5,24.0,27,4.8,88.89,11.0,2,0,3,29.63,7.41
137,3,Middle Over,1,1,6.0,13,6.0,46.15,6.0,0,0,0,53.85,0.0
138,3,Death Over,1,1,5.0,4,5.0,125.0,5.0,1,0,1,25.0,25.0
138,3,Middle Over,1,1,13.0,19,13.0,68.42,13.0,0,0,1,26.32,0.0
138,3,Powerplay Over,1,1,1.0,3,1.0,33.33,1.0,0,0,0,66.67,0.0
140,3,Death Over,2,2,43.0,26,21.5,165.38,23.0,5,1,0,19.23,23.08
140,3,Middle Over,6,6,109.0,85,18.17,128.24,32.0,5,5,4,22.35,11.76
140,3,Powerplay Over,5,5,84.0,48,16.8,175.0,41.0,13,2,0,37.5,31.25
151,3,Death Over,10,10,155.0,88,15.5,176.14,48.0,13,10,9,29.55,26.14
151,3,Middle Over,12,12,150.0,123,12.5,121.95,34.0,13,2,3,21.95,12.2
151,3,Powerplay Over,1,1,2.0,5,2.0,40.0,2.0,0,0,1,60.0,0.0
152,3,Death Over,5,5,27.0,28,5.4,96.43,16.0,1,1,4,35.71,7.14
152,3,Middle Over,1,1,3.0,6,3.0,50.0,3.0,0,0,0,50.0,0.0
153,3,Death Over,1,1,2.0,4,2.0,50.0,2.0,0,0,1,50.0,0.0
155,3,Death Over,3,3,62.0,34,20.67,182.35,33.0,5,3,1,8.82,23.53
155,3,Middle Over,7,7,115.0,113,16.43,101.77,40.0,9,0,5,26.55,7.96
155,3,Powerplay Over,7,7,60.0,45,8.57,133.33,38.0,9,2,4,51.11,24.44
156,3,Death Over,1,1,6.0,5,6.0,120.0,6.0,0,0,0,0.0,0.0
156,3,Middle Over,1,1,4.0,10,4.0,40.0,4.0,0,0,0,50.0,0.0
160,3,Death Over,1,1,4.0,2,4.0,200.0,4.0,1,0,0,50.0,50.0
170,3,Death Over,5,5,93.0,50,18.6,186.0,44.0,8,6,4,24.0,28.0
170,3,Middle Over,13,13,169.0,168,13.0,100.6,25.0,17,0,7,30.95,10.12
170,3,Powerplay Over,4,4,16.0,24,4.0,66.67,11.0,1,0,1,45.83,4.17
174,3,Death Over,1,1,2.0,7,2.0,28.57,2.0,0,0,1,57.14,0.0
175,3,Death Over,2,2,13.0,14,6.5,92.86,13.0,1,0,2,50.0,7.14
175,3,Middle Over,4,4,32.0,33,8.0,96.97,22.0,2,1,2,36.36,9.09
175,3,Powerplay Over,1,1,18.0,22,18.0,81.82,18.0,3,0,0,54.55,13.64
181,3,Death Over,11,11,138.0,105,12.55,131.43,26.0,17,2,7,23.81,18.1
181,3,Middle Over,11,11,194.0,168,17.64,115.48,37.0,20,3,4,30.36,13.69
181,3,Powerplay Over,5,5,24.0,37,4.8,64.86,10.0,4,0,1,64.86,10.81
185,3,Death Over,4,4,68.0,49,17.0,138.78,34.0,4,4,2,28.57,16.33
185,3,Middle Over,4,4,42.0,42,10.5,100.0,24.0,2,1,1,30.95,7.14
185,3,Powerplay Over,2,2,5.0,5,2.5,100.0,5.0,1,0,0,60.0,20.0
202,3,Death Over,1,1,3.0,4,3.0,75.0,3.0,0,0,0,25.0,0.0
203,3,Death Over,4,4,61.0,37,15.25,164.86,19.0,3,5,3,32.43,21.62
203,3,Middle Over,11,11,213.0,195,19.36,109.23,51.0,20,5,7,33.33,12.82
203,3,Powerplay Over,12,12,219.0,208,18.25,105.29,35.0,35,5,3,50.96,19.23
204,3,Death Over,3,3,38.0,33,12.67,115.15,21.0,5,0,3,27.27,15.15
204,3,Middle Over,5,5,68.0,63,13.6,107.94,25.0,6,1,3,26.98,11.11
204,3,Powerplay Over,6,6,58.0,64,9.67,90.62,31.0,8,0,2,42.19,12.5
209,3,Death Over,2,2,2.0,4,1.0,50.0,1.0,0,0,2,50.0,0.0
209,3,Middle Over,3,3,32.0,40,10.67,80.0,23.0,3,1,2,52.5,10.0
210,3,Death Over,3,3,27.0,22,9.0,122.73,15.0,5,0,0,45.45,22.73
212,3,Death Over,9,9,151.0,78,16.78,193.59,40.0,12,7,5,12.82,24.36
212,3,Middle Over,9,9,84.0,75,9.33,112.0,21.0,3,3,3,22.67,8.0
212,3,Powerplay Over,2,2,41.0,35,20.5,117.14,30.0,6,0,0,37.14,17.14
221,3,Middle Over,1,1,21.0,21,21.0,100.0,21.0,0,1,1,33.33,4.76
223,3,Death Over,9,9,134.0,79,14.89,169.62,30.0,8,10,5,24.05,22.78
223,3,Middle Over,7,7,64.0,55,9.14,116.36,42.0,2,3,2,30.91,9.09
223,3,Super Over,1,1,1.0,1,1.0,100.0,1.0,0,0,0,0.0,0.0
225,3,Powerplay Over,2,2,4.0,11,2.0,36.36,4.0,1,0,2,90.91,9.09
230,3,Death Over,5,5,96.0,63,19.2,152.38,29.0,5,6,2,20.63,17.46
230,3,Middle Over,14,14,275.0,220,19.64,125.0,40.0,16,13,8,22.73,13.18
230,3,Powerplay Over,11,11,149.0,101,13.55,147.52,47.0,24,3,2,41.58,26.73
230,3,Super Over,1,1,8.0,3,8.0,266.67,8.0,0,1,1,33.33,33.33
232,3,Death Over,2,2,8.0,8,4.0,100.0,8.0,1,0,1,12.5,12.5
232,3,Middle Over,3,3,81.0,72,27.0,112.5,44.0,9,2,0,37.5,15.28
232,3,Powerplay Over,4,4,25.0,37,6.25,67.57,18.0,4,0,2,59.46,10.81
234,3,Death Over,6,6,26.0,30,4.33,86.67,10.0,1,0,3,16.67,3.33
234,3,Middle Over,3,3,13.0,24,4.33,54.17,6.0,0,0,1,41.67,0.0
241,3,Death Over,2,2,12.0,11,6.0,109.09,9.0,0,0,2,9.09,0.0
251,3,Death Over,6,6,54.0,52,9.0,103.85,22.0,6,0,5,30.77,11.54
251,3,Middle Over,3,3,8.0,11,2.67,72.73,7.0,1,0,0,54.55,9.09
254,3,Death Over,2,2,5.0,8,2.5,62.5,3.0,0,0,1,62.5,0.0
257,3,Death Over,5,5,60.0,37,12.0,162.16,33.0,7,2,5,21.62,24.32
257,3,Middle Over,7,7,104.0,108,14.86,96.3,35.0,8,1,5,36.11,8.33
257,3,Powerplay Over,5,5,19.0,27,3.8,70.37,9.0,1,1,0,55.56,7.41
268,3,Death Over,8,8,103.0,69,12.88,149.28,37.0,8,5,6,26.09,18.84
268,3,Middle Over,11,11,206.0,157,18.73,131.21,47.0,16,8,4,23.57,15.29
268,3,Powerplay Over,3,3,47.0,32,15.67,146.88,33.0,10,0,2,43.75,31.25
269,3,Death Over,1,1,7.0,4,7.0,175.0,7.0,1,0,1,25.0,25.0
269,3,Middle Over,1,1,4.0,1,4.0,400.0,4.0,1,0,0,0.0,100.0
274,3,Death Over,2,2,2.0,3,1.0,66.67,1.0,0,0,1,33.33,0.0
293,3,Death Over,6,6,104.0,58,17.33,179.31,49.0,12,5,5,22.41,29.31
293,3,Middle Over,2,2,1.0,6,0.5,16.67,1.0,0,0,1,66.67,0.0
297,3,Death Over,2,2,14.0,12,7.0,116.67,11.0,0,1,2,25.0,8.33
297,3,Middle Over,2,2,14.0,19,7.0,73.68,10.0,1,0,0,36.84,5.26
302,3,Death Over,5,5,130.0,54,26.0,240.74,49.0,7,12,3,12.96,35.19
302,3,Middle Over,13,13,220.0,156,16.92,141.03,51.0,12,13,9,30.77,16.03
302,3,Powerplay Over,2,2,24.0,14,12.0,171.43,20.0,2,2,0,35.71,28.57
304,3,Death Over,1,1,3.0,5,3.0,60.0,3.0,0,0,0,20.0,0.0
314,3,Middle Over,1,1,14.0,19,14.0,73.68,14.0,1,0,1,36.84,5.26
314,3,Powerplay Over,1,1,13.0,12,13.0,108.33,13.0,2,0,0,33.33,16.67
317,3,Death Over,1,1,9.0,7,9.0,128.57,9.0,1,0,0,14.29,14.29
317,3,Middle Over,2,2,30.0,27,15.0,111.11,19.0,1,2,2,37.04,11.11
317,3,Powerplay Over,2,2,19.0,17,9.5,111.76,11.0,2,0,0,35.29,11.76
321,3,Death Over,5,5,36.0,31,7.2,116.13,15.0,2,2,4,45.16,12.9
321,3,Middle Over,1,1,9.0,8,9.0,112.5,9.0,0,0,0,12.5,0.0
325,3,Death Over,4,4,26.0,26,6.5,100.0,7.0,2,0,1,30.77,7.69
325,3,Middle Over,2,2,9.0,12,4.5,75.0,9.0,1,0,0,50.0,8.33
326,3,Death Over,2,2,15.0,15,7.5,100.0,14.0,1,0,1,33.33,6.67
326,3,Middle Over,1,1,7.0,7,7.0,100.0,7.0,1,0,0,57.14,14.29
330,3,Death Over,4,4,44.0,22,11.0,200.0,21.0,3,3,1,18.18,27.27
330,3,Powerplay Over,1,1,4.0,11,4.0,36.36,4.0,0,0,1,63.64,0.0
338,3,Powerplay Over,1,1,0.0,1,0.0,0.0,0.0,0,0,1,100.0,0.0
340,3,Death Over,1,1,1.0,2,1.0,50.0,1.0,0,0,1,50.0,0.0
343,3,Death Over,4,4,29.0,26,7.25,111.54,14.0,3,1,3,57.69,15.38
345,3,Death Over,1,1,0.0,1,0.0,0.0,0.0,0,0,1,100.0,0.0
348,3,Death Over,4,4,55.0,31,13.75,177.42,30.0,7,1,2,16.13,25.81
348,3,Middle Over,6,6,132.0,119,22.0,110.92,41.0,12,1,2,26.89,10.92
348,3,Powerplay Over,7,7,61.0,73,8.71,83.56,20.0,6,1,4,50.68,9.59
353,3,Death Over,2,2,30.0,22,15.0,136.36,18.0,4,0,0,9.09,18.18
353,3,Middle Over,2,2,3.0,6,1.5,50.0,2.0,0,0,1,50.0,0.0
357,3,Death Over,2,2,18.0,17,9.0,105.88,16.0,1,1,0,35.29,11.76
381,3,Death Over,1,1,0.0,1,0.0,0.0,0.0,0,0,0,0.0,0.0
383,3,Death Over,2,2,5.0,15,2.5,33.33,5.0,0,0,2,66.67,0.0
383,3,Middle Over,1,1,1.0,2,1.0,50.0,1.0,0,0,0,50.0,0.0
386,3,Death Over,1,1,1.0,1,1.0,100.0,1.0,0,0,0,0.0,0.0
392,3,Death Over,1,1,16.0,13,16.0,123.08,16.0,0,1,0,15.38,7.69
392,3,Middle Over,3,3,89.0,57,29.67,156.14,47.0,3,6,1,21.05,15.79
392,3,Powerplay Over,11,11,177.0,125,16.09,141.6,44.0,24,7,9,44.0,24.8
393,3,Death Over,1,1,0.0,1,0.0,0.0,0.0,0,0,1,100.0,0.0
396,3,Death Over,8,8,98.0,71,12.25,138.03,25.0,6,5,2,19.72,15.49
396,3,Middle Over,8,8,167.0,146,20.88,114.38,48.0,11,6,3,36.3,11.64
396,3,Powerplay Over,6,6,42.0,47,7.0,89.36,17.0,6,1,3,57.45,14.89
403,3,Death Over,7,7,106.0,75,15.14,141.33,35.0,6,6,5,22.67,16.0
403,3,Middle Over,15,15,294.0,232,19.6,126.72,54.0,24,12,7,33.19,15.52
403,3,Powerplay Over,8,8,29.0,49,3.62,59.18,14.0,5,0,1,63.27,10.2
410,3,Death Over,1,1,2.0,2,2.0,100.0,2.0,0,0,0,0.0,0.0
412,3,Middle Over,1,1,2.0,8,2.0,25.0,2.0,0,0,1,75.0,0.0
423,3,Middle Over,2,2,55.0,51,27.5,107.84,28.0,6,0,2,31.37,11.76
423,3,Powerplay Over,4,4,44.0,44,11.0,100.0,23.0,5,1,2,43.18,13.64
425,3,Death Over,1,1,1.0,1,1.0,100.0,1.0,0,0,0,0.0,0.0
426,3,Death Over,6,6,24.0,20,4.0,120.0,11.0,3,0,2,20.0,15.0
426,3,Middle Over,3,3,30.0,32,10.0,93.75,26.0,3,0,1,37.5,9.38
426,3,Powerplay Over,1,1,12.0,19,12.0,63.16,12.0,1,0,0,47.37,5.26
428,3,Death Over,2,2,22.0,10,11.0,220.0,21.0,1,2,1,10.0,30.0
428,3,Middle Over,2,2,87.0,57,43.5,152.63,53.0,7,4,0,21.05,19.3
428,3,Powerplay Over,4,4,38.0,50,9.5,76.0,22.0,6,0,2,58.0,12.0
429,3,Death Over,3,3,7.0,9,2.33,77.78,4.0,0,0,1,44.44,0.0
429,3,Middle Over,1,1,1.0,2,1.0,50.0,1.0,0,0,1,50.0,0.0
432,3,Powerplay Over,6,6,64.0,62,10.67,103.23,22.0,7,1,4,38.71,12.9
443,3,Death Over,2,2,4.0,7,2.0,57.14,4.0,0,0,1,42.86,0.0
446,3,Death Over,1,1,1.0,7,1.0,14.29,1.0,0,0,1,42.86,0.0
448,3,Death Over,2,2,9.0,7,4.5,128.57,8.0,1,0,0,14.29,14.29
449,3,Death Over,4,4,29.0,17,7.25,170.59,11.0,0,3,3,29.41,17.65
449,3,Middle Over,5,5,18.0,26,3.6,69.23,9.0,2,0,4,53.85,7.69
449,3,Powerplay Over,1,1,14.0,10,14.0,140.0,14.0,1,1,0,50.0,20.0
450,3,Death Over,2,2,30.0,18,15.0,166.67,24.0,2,2,1,22.22,22.22
450,3,Middle Over,1,1,0.0,1,0.0,0.0,0.0,0,0,0,100.0,0.0
460,3,Death Over,1,1,0.0,1,0.0,0.0,0.0,0,0,0,0.0,0.0
463,3,Death Over,3,3,11.0,11,3.67,100.0,7.0,1,0,1,18.18,9.09
465,3,Death Over,5,5,37.0,32,7.4,115.62,14.0,3,1,2,28.12,12.5
465,3,Middle Over,2,2,8.0,8,4.0,100.0,6.0,1,0,0,37.5,12.5
465,3,Powerplay Over,1,1,22.0,13,22.0,169.23,22.0,5,0,1,46.15,38.46
475,3,Middle Over,1,1,11.0,13,11.0,84.62,11.0,1,0,2,38.46,7.69
475,3,Powerplay Over,1,1,7.0,14,7.0,50.0,7.0,1,0,0,71.43,7.14
477,3,Death Over,2,2,3.0,6,1.5,50.0,3.0,0,0,1,50.0,0.0
477,3,Middle Over,1,1,1.0,2,1.0,50.0,1.0,0,0,1,50.0,0.0
479,3,Death Over,8,8,130.0,87,16.25,149.43,40.0,11,5,4,22.99,18.39
479,3,Middle Over,6,6,94.0,97,15.67,96.91,35.0,7,2,2,31.96,9.28
479,3,Powerplay Over,2,2,9.0,13,4.5,69.23,7.0,0,1,0,76.92,7.69
481,3,Death Over,1,1,2.0,3,2.0,66.67,2.0,0,0,0,33.33,0.0
481,3,Middle Over,7,7,61.0,67,8.71,91.04,26.0,1,0,7,23.88,1.49
481,3,Powerplay Over,5,5,48.0,53,9.6,90.57,17.0,6,0,0,45.28,11.32
484,3,Death Over,1,1,17.0,11,17.0,154.55,17.0,0,2,1,36.36,18.18
484,3,Middle Over,1,1,19.0,16,19.0,118.75,19.0,3,0,1,31.25,18.75
487,3,Death Over,1,1,4.0,9,4.0,44.44,4.0,0,0,1,44.44,0.0
487,3,Middle Over,1,1,20.0,13,20.0,153.85,20.0,1,1,1,38.46,15.38
487,3,Powerplay Over,1,1,2.0,3,2.0,66.67,2.0,0,0,0,33.33,0.0
504,3,Middle Over,5,5,44.0,36,8.8,122.22,24.0,3,1,5,30.56,11.11
504,3,Powerplay Over,10,10,147.0,144,14.7,102.08,38.0,20,2,5,43.75,15.28
510,3,Death Over,3,3,32.0,22,10.67,145.45,14.0,2,2,0,22.73,18.18
510,3,Middle Over,7,7,56.0,55,8.0,101.82,22.0,0,4,4,34.55,7.27
515,3,Death Over,3,3,55.0,42,18.33,130.95,23.0,3,2,0,21.43,11.9
515,3,Middle Over,1,1,10.0,12,10.0,83.33,10.0,0,0,0,25.0,0.0
517,3,Death Over,5,5,64.0,55,12.8,116.36,27.0,5,0,1,21.82,9.09
517,3,Middle Over,8,8,82.0,88,10.25,93.18,20.0,7,0,3,31.82,7.95
517,3,Powerplay Over,1,1,11.0,8,11.0,137.5,11.0,2,0,0,37.5,25.0
522,3,Death Over,6,6,91.0,48,15.17,189.58,47.0,9,4,4,12.5,27.08
522,3,Middle Over,9,9,190.0,158,21.11,120.25,41.0,16,4,4,28.48,12.66
522,3,Powerplay Over,3,3,6.0,9,2.0,66.67,5.0,1,0,1,44.44,11.11
529,3,Death Over,4,4,119.0,57,29.75,208.77,58.0,15,4,1,12.28,33.33
529,3,Middle Over,10,10,164.0,144,16.4,113.89,45.0,17,1,8,29.17,12.5
529,3,Powerplay Over,8,8,156.0,109,19.5,143.12,45.0,23,6,2,36.7,26.61
529,3,Super Over,1,1,6.0,2,6.0,300.0,6.0,0,1,1,50.0,50.0
536,3,Death Over,5,5,10.0,19,2.0,52.63,4.0,0,0,2,52.63,0.0
536,3,Middle Over,1,1,0.0,2,0.0,0.0,0.0,0,0,1,50.0,0.0
541,3,Death Over,2,2,4.0,8,2.0,50.0,3.0,0,0,1,50.0,0.0
541,3,Middle Over,1,1,8.0,5,8.0,160.0,8.0,0,1,0,40.0,20.0
543,3,Death Over,2,2,8.0,10,4.0,80.0,7.0,0,0,1,40.0,0.0
543,3,Middle Over,2,2,27.0,21,13.5,128.57,17.0,2,1,2,23.81,14.29
544,3,Death Over,5,5,91.0,52,18.2,175.0,35.0,7,5,3,15.38,23.08
544,3,Middle Over,14,14,285.0,231,20.36,123.38,40.0,17,12,9,29.87,12.55
544,3,Powerplay Over,4,4,43.0,36,10.75,119.44,19.0,5,1,1,36.11,16.67
548,3,Death Over,1,1,6.0,5,6.0,120.0,6.0,1,0,1,20.0,20.0
554,3,Middle Over,7,7,71.0,71,10.14,100.0,17.0,4,4,5,39.44,11.27
554,3,Powerplay Over,12,12,178.0,162,14.83,109.88,27.0,23,3,6,46.91,16.05
559,3,Death Over,4,4,13.0,17,3.25,76.47,8.0,2,0,4,52.94,11.76
563,3,Death Over,2,2,64.0,23,32.0,278.26,50.0,4,6,1,17.39,43.48
563,3,Middle Over,9,9,153.0,107,17.0,142.99,49.0,9,9,6,29.91,16.82
563,3,Powerplay Over,12,12,241.0,175,20.08,137.71,44.0,23,11,5,37.71,19.43
564,3,Death Over,1,1,3.0,4,3.0,75.0,3.0,0,0,0,25.0,0.0
565,3,Death Over,1,1,5.0,5,5.0,100.0,5.0,0,0,1,20.0,0.0
565,3,Middle Over,3,3,23.0,26,7.67,88.46,9.0,2,0,2,34.62,7.69
573,3,Death Over,4,4,87.0,51,21.75,170.59,42.0,7,4,1,13.73,21.57
573,3,Middle Over,5,5,46.0,66,9.2,69.7,18.0,1,1,3,40.91,3.03
573,3,Powerplay Over,2,2,24.0,17,12.0,141.18,13.0,5,0,0,47.06,29.41
577,3,Death Over,4,4,40.0,30,10.0,133.33,17.0,4,0,1,20.0,13.33
586,3,Death Over,3,3,3.0,8,1.0,37.5,2.0,0,0,3,75.0,0.0
587,3,Death Over,1,1,5.0,7,5.0,71.43,5.0,0,0,1,42.86,0.0
587,3,Middle Over,1,1,5.0,2,5.0,250.0,5.0,1,0,0,0.0,50.0
590,3,Death Over,3,3,3.0,6,1.0,50.0,2.0,0,0,2,33.33,0.0
590,3,Middle Over,1,1,28.0,18,28.0,155.56,28.0,2,2,1,33.33,22.22
597,3,Death Over,5,5,27.0,35,5.4,77.14,10.0,1,0,3,31.43,2.86
609,3,Death Over,2,2,2.0,9,1.0,22.22,1.0,0,0,1,77.78,0.0
609,3,Middle Over,1,1,2.0,4,2.0,50.0,2.0,0,0,0,50.0,0.0
613,3,Death Over,4,4,85.0,56,21.25,151.79,27.0,6,3,2,14.29,16.07
613,3,Middle Over,7,7,89.0,78,12.71,114.1,28.0,8,0,3,32.05,10.26
613,3,Powerplay Over,1,1,7.0,9,7.0,77.78,7.0,1,0,1,55.56,11.11
620,3,Death Over,2,2,12.0,9,6.0,133.33,11.0,0,1,1,22.22,11.11
620,3,Middle Over,1,1,1.0,1,1.0,100.0,1.0,0,0,0,0.0,0.0
624,3,Death Over,2,2,40.0,19,20.0,210.53,33.0,4,2,2,10.53,31.58
624,3,Middle Over,4,4,127.0,80,31.75,158.75,66.0,6,10,2,20.0,20.0
624,3,Powerplay Over,9,9,125.0,98,13.89,127.55,34.0,20,4,5,44.9,24.49
626,3,Death Over,3,3,81.0,45,27.0,180.0,36.0,2,8,1,26.67,22.22
626,3,Middle Over,6,6,96.0,95,16.0,101.05,37.0,4,4,3,35.79,8.42
626,3,Powerplay Over,4,4,26.0,19,6.5,136.84,16.0,3,1,0,42.11,21.05
627,3,Middle Over,6,6,109.0,79,18.17,137.97,54.0,7,7,5,30.38,17.72
627,3,Powerplay Over,16,16,237.0,215,14.81,110.23,39.0,30,9,10,49.3,18.14
627,3,Super Over,1,1,0.0,1,0.0,0.0,0.0,0,0,1,100.0,0.0
634,3,Death Over,2,2,15.0,11,7.5,136.36,13.0,0,1,1,27.27,9.09
634,3,Middle Over,2,2,7.0,14,3.5,50.0,5.0,1,0,1,64.29,7.14
637,3,Death Over,1,1,7.0,6,7.0,116.67,7.0,1,0,0,16.67,16.67
637,3,Middle Over,7,7,122.0,120,17.43,101.67,37.0,10,2,6,35.0,10.0
637,3,Powerplay Over,9,9,138.0,117,15.33,117.95,28.0,15,7,4,46.15,18.8
649,3,Middle Over,1,1,1.0,2,1.0,50.0,1.0,0,0,1,50.0,0.0
654,3,Death Over,2,2,36.0,11,18.0,327.27,24.0,2,4,0,18.18,54.55
654,3,Middle Over,13,13,295.0,190,22.69,155.26,76.0,20,20,10,30.53,21.05
654,3,Powerplay Over,2,2,2.0,9,1.0,22.22,2.0,0,0,1,77.78,0.0
659,3,Death Over,2,2,15.0,10,7.5,150.0,14.0,2,0,1,20.0,20.0
659,3,Middle Over,10,10,147.0,111,14.7,132.43,28.0,18,2,8,26.13,18.02
659,3,Powerplay Over,7,7,94.0,82,13.43,114.63,24.0,14,1,0,42.68,18.29
665,3,Death Over,11,11,205.0,92,18.64,222.83,45.0,20,13,11,22.83,35.87
665,3,Middle Over,9,9,67.0,59,7.44,113.56,20.0,3,4,3,35.59,11.86
665,3,Powerplay Over,1,1,1.0,1,1.0,100.0,1.0,0,0,0,0.0,0.0
669,3,Death Over,5,5,43.0,39,8.6,110.26,22.0,1,3,2,43.59,10.26
669,3,Middle Over,3,3,13.0,9,4.33,144.44,10.0,2,0,0,22.22,22.22
684,3,Death Over,4,4,47.0,30,11.75,156.67,20.0,2,4,2,26.67,20.0
684,3,Middle Over,4,4,45.0,51,11.25,88.24,27.0,3,1,1,35.29,7.84
684,3,Powerplay Over,2,2,2.0,8,1.0,25.0,2.0,0,0,1,37.5,0.0
686,3,Middle Over,2,2,6.0,3,3.0,200.0,6.0,0,1,2,66.67,33.33
686,3,Powerplay Over,4,4,44.0,38,11.0,115.79,23.0,5,2,2,44.74,18.42
689,3,Death Over,2,2,4.0,5,2.0,80.0,4.0,0,0,0,20.0,0.0
692,3,Death Over,5,5,9.0,20,1.8,45.0,4.0,0,0,2,55.0,0.0
695,3,Death Over,2,2,9.0,16,4.5,56.25,7.0,1,0,2,68.75,6.25
701,3,Powerplay Over,1,1,15.0,21,15.0,71.43,15.0,3,0,1,57.14,14.29
705,3,Death Over,9,9,144.0,92,16.0,156.52,34.0,11,8,9,27.17,20.65
705,3,Middle Over,14,14,246.0,186,17.57,132.26,42.0,24,6,8,26.88,16.13
705,3,Powerplay Over,6,6,14.0,32,2.33,43.75,8.0,1,0,1,62.5,3.12
714,3,Death Over,4,4,20.0,15,5.0,133.33,9.0,3,1,3,53.33,26.67
715,3,Death Over,1,1,2.0,5,2.0,40.0,2.0,0,0,0,60.0,0.0
715,3,Middle Over,2,2,22.0,24,11.0,91.67,15.0,3,0,2,45.83,12.5
715,3,Powerplay Over,1,1,18.0,14,18.0,128.57,18.0,2,1,0,42.86,21.43
718,3,Death Over,3,3,17.0,16,5.67,106.25,15.0,1,1,2,43.75,12.5
718,3,Middle Over,1,1,1.0,4,1.0,25.0,1.0,0,0,0,75.0,0.0
722,3,Death Over,2,2,16.0,18,8.0,88.89,15.0,1,1,1,50.0,11.11
722,3,Middle Over,1,1,2.0,2,2.0,100.0,2.0,0,0,0,0.0,0.0
723,3,Death Over,1,1,13.0,13,13.0,100.0,13.0,0,0,0,7.69,0.0
723,3,Middle Over,3,3,20.0,27,6.67,74.07,11.0,2,0,2,51.85,7.41
723,3,Powerplay Over,1,1,4.0,4,4.0,100.0,4.0,0,0,0,50.0,0.0
728,3,Death Over,2,2,33.0,21,16.5,157.14,29.0,3,1,2,23.81,19.05
728,3,Middle Over,1,1,1.0,2,1.0,50.0,1.0,0,0,0,50.0,0.0
735,3,Middle Over,1,1,8.0,14,8.0,57.14,8.0,0,0,1,35.71,0.0
735,3,Powerplay Over,6,6,36.0,41,6.0,87.8,17.0,6,0,5,51.22,14.63
736,3,Death Over,2,2,36.0,24,18.0,150.0,20.0,6,0,2,33.33,25.0
736,3,Middle Over,9,9,189.0,144,21.0,131.25,35.0,19,4,7,25.69,15.97
736,3,Powerplay Over,11,11,132.0,92,12.0,143.48,29.0,22,1,3,39.13,25.0
739,3,Death Over,1,1,5.0,4,5.0,125.0,5.0,1,0,1,50.0,25.0
751,3,Middle Over,5,5,53.0,41,10.6,129.27,33.0,8,1,4,43.9,21.95
751,3,Powerplay Over,11,11,225.0,155,20.45,145.16,50.0,37,5,5,40.65,27.1
756,3,Death Over,2,2,23.0,12,11.5,191.67,21.0,1,2,2,25.0,25.0
756,3,Middle Over,1,1,1.0,5,1.0,20.0,1.0,0,0,1,60.0,0.0
757,3,Death Over,1,1,8.0,5,8.0,160.0,8.0,1,0,1,20.0,20.0
762,3,Death Over,1,1,7.0,9,7.0,77.78,7.0,1,0,1,55.56,11.11
762,3,Middle Over,4,4,65.0,54,16.25,120.37,39.0,4,2,4,31.48,11.11
762,3,Powerplay Over,9,9,146.0,126,16.22,115.87,36.0,22,4,4,47.62,20.63
765,3,Death Over,8,8,57.0,41,7.12,139.02,29.0,3,3,6,29.27,14.63
765,3,Middle Over,5,5,50.0,67,10.0,74.63,20.0,1,2,0,49.25,4.48
768,3,Death Over,1,1,1.0,2,1.0,50.0,1.0,0,0,1,50.0,0.0
769,3,Middle Over,2,2,1.0,5,0.5,20.0,1.0,0,0,2,80.0,0.0
769,3,Powerplay Over,2,2,43.0,35,21.5,122.86,26.0,7,0,1,42.86,20.0
776,3,Death Over,2,2,10.0,11,5.0,90.91,8.0,0,0,1,36.36,0.0
1,4,Middle Over,1,1,4.0,5,4.0,80.0,4.0,1,0,1,60.0,20.0
1,4,Powerplay Over,1,1,15.0,13,15.0,115.38,15.0,2,0,0,38.46,15.38
2,4,Middle Over,1,1,0.0,1,0.0,0.0,0.0,0,0,1,100.0,0.0
2,4,Powerplay Over,4,4,29.0,30,7.25,96.67,22.0,5,0,2,50.0,16.67
4,4,Death Over,3,3,47.0,25,15.67,188.0,26.0,3,4,2,28.0,28.0
4,4,Middle Over,8,8,167.0,165,20.88,101.21,28.0,12,1,5,29.09,7.88
4,4,Powerplay Over,14,14,210.0,196,15.0,107.14,27.0,31,1,8,45.41,16.33
6,4,Death Over,9,9,92.0,68,10.22,135.29,24.0,7,5,7,35.29,17.65
6,4,Middle Over,11,11,172.0,156,15.64,110.26,33.0,9,9,2,36.54,11.54
6,4,Powerplay Over,2,2,19.0,10,9.5,190.0,12.0,4,0,0,30.0,40.0
11,4,Death Over,1,1,1.0,1,1.0,100.0,1.0,0,0,0,0.0,0.0
13,4,Death Over,2,2,2.0,3,1.0,66.67,2.0,0,0,2,66.67,0.0
19,4,Death Over,2,2,4.0,3,2.0,133.33,3.0,0,0,0,0.0,0.0
23,4,Death Over,2,2,6.0,10,3.0,60.0,5.0,0,0,1,40.0,0.0
23,4,Middle Over,1,1,12.0,11,12.0,109.09,12.0,1,0,1,27.27,9.09
23,4,Powerplay Over,1,1,0.0,2,0.0,0.0,0.0,0,0,1,100.0,0.0
25,4,Death Over,1,1,18.0,13,18.0,138.46,18.0,1,1,0,38.46,15.38
28,4,Powerplay Over,1,1,9.0,9,9.0,100.0,9.0,1,0,1,44.44,11.11
29,4,Powerplay Over,2,2,10.0,29,5.0,34.48,8.0,0,0,2,48.28,0.0
48,4,Death Over,2,2,8.0,10,4.0,80.0,7.0,0,0,1,30.0,0.0
48,4,Middle Over,1,1,6.0,10,6.0,60.0,6.0,0,0,0,40.0,0.0
66,4,Death Over,2,2,26.0,12,13.0,216.67,25.0,3,2,2,41.67,41.67
66,4,Middle Over,6,6,208.0,96,34.67,216.67,106.0,18,13,3,18.75,32.29
66,4,Powerplay Over,11,11,190.0,139,17.27,136.69,33.0,30,3,4,38.13,23.74
74,4,Death Over,1,1,8.0,4,8.0,200.0,8.0,0,1,1,25.0,25.0
74,4,Middle Over,8,8,152.0,96,19.0,158.33,44.0,10,11,6,36.46,21.88
74,4,Powerplay Over,10,10,170.0,156,17.0,108.97,45.0,21,5,3,50.0,16.67
80,4,Death Over,2,2,35.0,19,17.5,184.21,19.0,1,4,1,36.84,26.32
80,4,Middle Over,6,6,33.0,45,5.5,73.33,19.0,1,1,6,42.22,4.44
80,4,Powerplay Over,9,9,92.0,105,10.22,87.62,26.0,9,6,6,62.86,14.29
81,4,Death Over,2,2,13.0,11,6.5,118.18,11.0,2,0,2,36.36,18.18
81,4,Middle Over,2,2,21.0,21,10.5,100.0,14.0,2,0,1,28.57,9.52
83,4,Death Over,2,2,14.0,12,7.0,116.67,14.0,1,1,1,41.67,16.67
83,4,Middle Over,1,1,4.0,5,4.0,80.0,4.0,0,0,1,40.0,0.0
86,4,Death Over,1,1,0.0,5,0.0,0.0,0.0,0,0,0,100.0,0.0
90,4,Death Over,2,2,20.0,20,10.0,100.0,13.0,1,0,1,20.0,5.0
90,4,Middle Over,1,1,5.0,8,5.0,62.5,5.0,0,0,0,62.5,0.0
90,4,Powerplay Over,1,1,0.0,7,0.0,0.0,0.0,0,0,1,100.0,0.0
97,4,Death Over,2,2,15.0,13,7.5,115.38,13.0,2,0,0,23.08,15.38
105,4,Death Over,4,4,13.0,14,3.25,92.86,7.0,1,0,1,28.57,7.14
105,4,Middle Over,1,1,1.0,2,1.0,50.0,1.0,0,0,0,50.0,0.0
110,4,Death Over,1,1,31.0,17,31.0,182.35,31.0,4,2,1,17.65,35.29
110,4,Middle Over,6,6,182.0,115,30.33,158.26,73.0,14,12,5,28.7,22.61
110,4,Powerplay Over,14,14,170.0,177,12.14,96.05,28.0,23,4,8,49.15,15.25
111,4,Death Over,7,7,125.0,79,17.86,158.23,42.0,4,10,5,29.11,17.72
111,4,Middle Over,12,12,211.0,184,17.58,114.67,35.0,19,8,3,42.39,14.67
111,4,Powerplay Over,3,3,7.0,6,2.33,116.67,7.0,1,0,1,50.0,16.67
121,4,Death Over,3,3,2.0,7,0.67,28.57,1.0,0,0,2,57.14,0.0
121,4,Middle Over,6,6,116.0,101,19.33,114.85,35.0,12,1,2,30.69,12.87
121,4,Powerplay Over,10,10,84.0,81,8.4,103.7,21.0,13,1,5,50.62,17.28
127,4,Death Over,2,2,27.0,19,13.5,142.11,22.0,1,2,1,26.32,15.79
127,4,Middle Over,3,3,23.0,20,7.67,115.0,15.0,2,0,1,30.0,10.0
127,4,Powerplay Over,3,3,17.0,21,5.67,80.95,9.0,2,0,2,57.14,9.52
128,4,Death Over,6,6,38.0,36,6.33,105.56,12.0,5,0,3,33.33,13.89
128,4,Middle Over,9,9,217.0,174,24.11,124.71,40.0,24,1,3,22.41,14.37
128,4,Powerplay Over,12,12,123.0,122,10.25,100.82,31.0,15,2,5,42.62,13.93
129,4,Death Over,1,1,18.0,16,18.0,112.5,18.0,2,0,1,43.75,12.5
129,4,Middle Over,1,1,3.0,5,3.0,60.0,3.0,0,0,0,40.0,0.0
129,4,Powerplay Over,1,1,0.0,3,0.0,0.0,0.0,0,0,1,100.0,0.0
132,4,Death Over,5,5,73.0,48,14.6,152.08,45.0,9,3,3,29.17,25.0
132,4,Middle Over,12,12,234.0,234,19.5,100.0,33.0,20,1,8,28.21,8.97
132,4,Powerplay Over,16,16,246.0,229,15.38,107.42,31.0,38,1,4,40.61,17.03
134,4,Death Over,1,1,0.0,5,0.0,0.0,0.0,0,0,1,100.0,0.0
137,4,Death Over,2,2,2.0,6,1.0,33.33,2.0,0,0,2,66.67,0.0
143,4,Middle Over,2,2,14.0,14,7.0,100.0,13.0,1,0,1,21.43,7.14
143,4,Powerplay Over,2,2,7.0,12,3.5,58.33,6.0,1,0,1,50.0,8.33
147,4,Death Over,1,1,0.0,1,0.0,0.0,0.0,0,0,1,100.0,0.0
147,4,Middle Over,1,1,13.0,8,13.0,162.5,13.0,0,1,0,25.0,12.5
151,4,Death Over,6,6,124.0,61,20.67,203.28,39.0,9,9,3,22.95,29.51
151,4,Middle Over,13,13,282.0,246,21.69,114.63,40.0,25,6,7,32.11,12.6
151,4,Powerplay Over,12,12,151.0,166,12.58,90.96,35.0,21,1,3,46.99,13.25
155,4,Death Over,6,6,83.0,64,13.83,129.69,29.0,4,4,4,21.88,12.5
155,4,Middle Over,12,12,211.0,214,17.58,98.6,44.0,17,7,4,40.65,11.21
155,4,Powerplay Over,6,6,65.0,58,10.83,112.07,23.0,5,3,1,56.9,13.79
161,4,Death Over,1,1,3.0,6,3.0,50.0,3.0,0,0,1,33.33,0.0
166,4,Death Over,1,1,0.0,13,0.0,0.0,0.0,0,0,1,100.0,0.0
170,4,Death Over,7,7,75.0,61,10.71,122.95,26.0,7,2,5,27.87,14.75
170,4,Middle Over,11,11,190.0,146,17.27,130.14,64.0,22,5,6,33.56,18.49
170,4,Powerplay Over,4,4,17.0,18,4.25,94.44,7.0,3,0,1,55.56,16.67
174,4,Death Over,2,2,0.0,2,0.0,0.0,0.0,0,0,1,50.0,0.0
176,4,Death Over,1,1,2.0,4,2.0,50.0,2.0,0,0,1,75.0,0.0
181,4,Death Over,8,8,126.0,78,15.75,161.54,28.0,9,4,2,5.13,16.67
181,4,Middle Over,8,8,248.0,187,31.0,132.62,50.0,26,5,3,28.34,16.58
181,4,Powerplay Over,6,6,22.0,55,3.67,40.0,8.0,3,0,1,69.09,5.45
185,4,Death Over,2,2,26.0,16,13.0,162.5,23.0,1,2,1,12.5,18.75
203,4,Death Over,1,1,8.0,9,8.0,88.89,8.0,1,0,0,55.56,11.11
203,4,Middle Over,2,2,38.0,38,19.0,100.0,24.0,2,2,1,42.11,10.53
203,4,Powerplay Over,2,2,4.0,14,2.0,28.57,4.0,0,0,1,57.14,0.0
204,4,Middle Over,1,1,1.0,1,1.0,100.0,1.0,0,0,0,0.0,0.0
204,4,Powerplay Over,2,2,18.0,18,9.0,100.0,16.0,3,0,1,50.0,16.67
207,4,Middle Over,4,4,59.0,34,14.75,173.53,22.0,5,3,4,20.59,23.53
207,4,Powerplay Over,13,13,233.0,167,17.92,139.52,38.0,32,8,9,44.31,23.95
209,4,Death Over,8,8,99.0,58,12.38,170.69,27.0,9,5,7,24.14,24.14
209,4,Middle Over,13,13,226.0,200,17.38,113.0,35.0,21,8,4,37.0,14.5
209,4,Powerplay Over,4,4,11.0,34,2.75,32.35,7.0,0,0,1,58.82,0.0
210,4,Death Over,3,3,1.0,9,0.33,11.11,1.0,0,0,1,77.78,0.0
212,4,Death Over,8,8,101.0,68,12.62,148.53,34.0,10,5,3,26.47,22.06
212,4,Middle Over,8,8,49.0,78,6.12,62.82,14.0,2,1,4,43.59,3.85
221,4,Death Over,2,2,27.0,18,13.5,150.0,24.0,1,2,2,22.22,16.67
221,4,Middle Over,2,2,2.0,5,1.0,40.0,1.0,0,0,1,60.0,0.0
221,4,Powerplay Over,4,4,18.0,28,4.5,64.29,11.0,2,1,4,60.71,10.71
223,4,Death Over,12,12,124.0,94,10.33,131.91,28.0,6,8,5,29.79,14.89
223,4,Middle Over,1,1,14.0,14,14.0,100.0,14.0,2,0,0,35.71,14.29
225,4,Death Over,5,5,40.0,34,8.0,117.65,15.0,3,1,4,29.41,11.76
225,4,Middle Over,2,2,7.0,8,3.5,87.5,6.0,1,0,0,50.0,12.5
226,4,Middle Over,3,3,23.0,28,7.67,82.14,17.0,2,0,3,42.86,7.14
226,4,Powerplay Over,4,4,50.0,50,12.5,100.0,21.0,7,0,1,42.0,14.0
230,4,Death Over,7,7,107.0,63,15.29,169.84,28.0,4,8,5,19.05,19.05
230,4,Middle Over,9,9,226.0,166,25.11,136.14,42.0,21,6,3,25.3,16.27
230,4,Powerplay Over,11,11,105.0,106,9.55,99.06,22.0,11,3,6,50.0,13.21
232,4,Death Over,1,1,15.0,9,15.0,166.67,15.0,2,0,1,22.22,22.22
232,4,Middle Over,6,6,108.0,92,18.0,117.39,39.0,6,5,5,29.35,11.96
232,4,Powerplay Over,13,13,234.0,191,18.0,122.51,37.0,27,11,7,40.84,19.9
234,4,Death Over,9,9,67.0,51,7.44,131.37,24.0,9,1,6,27.45,19.61
234,4,Middle Over,1,1,1.0,1,1.0,100.0,1.0,0,0,0,0.0,0.0
240,4,Death Over,1,1,1.0,4,1.0,25.0,1.0,0,0,1,75.0,0.0
240,4,Middle Over,1,1,8.0,13,8.0,61.54,8.0,1,0,1,69.23,7.69
240,4,Powerplay Over,1,1,14.0,12,14.0,116.67,14.0,3,0,0,41.67,25.0
246,4,Death Over,1,1,5.0,2,5.0,250.0,5.0,1,0,0,0.0,50.0
250,4,Death Over,6,6,71.0,55,11.83,129.09,27.0,5,1,3,21.82,10.91
250,4,Middle Over,8,8,150.0,129,18.75,116.28,40.0,14,1,3,30.23,11.63
250,4,Powerplay Over,4,4,9.0,16,2.25,56.25,6.0,1,0,0,62.5,6.25
251,4,Death Over,5,5,33.0,29,6.6,113.79,13.0,2,2,3,37.93,13.79
251,4,Middle Over,2,2,15.0,26,7.5,57.69,10.0,0,0,1,50.0,0.0
253,4,Middle Over,3,3,20.0,26,6.67,76.92,9.0,0,0,3,38.46,0.0
253,4,Powerplay Over,1,1,2.0,7,2.0,28.57,2.0,0,0,0,57.14,0.0
254,4,Death Over,3,3,11.0,13,3.67,84.62,8.0,0,0,2,38.46,0.0
257,4,Death Over,1,1,0.0,3,0.0,0.0,0.0,0,0,1,66.67,0.0
257,4,Middle Over,1,1,5.0,7,5.0,71.43,5.0,1,0,1,71.43,14.29
257,4,Powerplay Over,1,1,5.0,9,5.0,55.56,5.0,1,0,0,55.56,11.11
259,4,Middle Over,1,1,2.0,4,2.0,50.0,2.0,0,0,1,50.0,0.0
262,4,Death Over,4,4,20.0,19,5.0,105.26,8.0,2,0,3,42.11,10.53
262,4,Middle Over,8,8,152.0,132,19.0,115.15,29.0,8,9,7,36.36,12.88
262,4,Powerplay Over,2,2,8.0,7,4.0,114.29,6.0,0,1,0,57.14,14.29
268,4,Death Over,4,4,70.0,41,17.5,170.73,24.0,6,3,1,17.07,21.95
268,4,Middle Over,13,13,246.0,207,18.92,118.84,44.0,28,6,11,34.3,16.43
268,4,Powerplay Over,11,11,79.0,107,7.18,73.83,18.0,10,0,2,55.14,9.35
293,4,Death Over,5,5,48.0,29,9.6,165.52,17.0,2,4,1,31.03,20.69
293,4,Middle Over,2,2,15.0,15,7.5,100.0,12.0,1,1,2,46.67,13.33
293,4,Powerplay Over,2,2,40.0,30,20.0,133.33,27.0,6,1,1,43.33,23.33
294,4,Death Over,1,1,0.0,1,0.0,0.0,0.0,0,0,1,100.0,0.0
296,4,Middle Over,2,2,21.0,14,10.5,150.0,18.0,1,2,2,50.0,21.43
296,4,Powerplay Over,6,6,99.0,74,16.5,133.78,34.0,20,0,4,47.3,27.03
297,4,Death Over,3,3,36.0,30,12.0,120.0,25.0,2,2,2,36.67,13.33
297,4,Middle Over,2,2,14.0,20,7.0,70.0,12.0,0,1,0,60.0,5.0
302,4,Death Over,2,2,48.0,34,24.0,141.18,29.0,2,3,0,20.59,14.71
302,4,Middle Over,12,12,177.0,151,14.75,117.22,40.0,16,7,9,39.07,15.23
302,4,Powerplay Over,5,5,39.0,30,7.8,130.0,22.0,9,0,1,53.33,30.0
304,4,Middle Over,2,2,7.0,8,3.5,87.5,6.0,1,0,2,37.5,12.5
305,4,Death Over,3,3,60.0,37,20.0,162.16,27.0,9,2,3,37.84,29.73
305,4,Middle Over,3,3,15.0,22,5.0,68.18,8.0,0,0,2,45.45,0.0
314,4,Middle Over,1,1,4.0,7,4.0,57.14,4.0,0,0,1,57.14,0.0
317,4,Death Over,4,4,36.0,26,9.0,138.46,17.0,6,0,2,26.92,23.08
317,4,Middle Over,6,6,14.0,26,2.33,53.85,7.0,1,0,3,61.54,3.85
317,4,Powerplay Over,2,2,11.0,15,5.5,73.33,10.0,2,0,1,60.0,13.33
321,4,Death Over,7,7,21.0,26,3.0,80.77,7.0,2,0,5,50.0,7.69
321,4,Middle Over,1,1,10.0,13,10.0,76.92,10.0,1,0,0,46.15,7.69
326,4,Death Over,1,1,1.0,2,1.0,50.0,1.0,0,0,0,0.0,0.0
326,4,Middle Over,1,1,11.0,13,11.0,84.62,11.0,1,0,1,38.46,7.69
330,4,Death Over,4,4,54.0,42,13.5,128.57,25.0,3,1,2,16.67,9.52
330,4,Middle Over,5,5,50.0,64,10.0,78.12,23.0,3,1,2,50.0,6.25
330,4,Powerplay Over,2,2,0.0,3,0.0,0.0,0.0,0,0,0,100.0,0.0
333,4,Death Over,3,3,12.0,8,4.0,150.0,12.0,3,0,2,50.0,37.5
333,4,Middle Over,1,1,7.0,4,7.0,175.0,7.0,0,1,1,50.0,25.0
333,4,Powerplay Over,1,1,14.0,6,14.0,233.33,14.0,2,1,1,33.33,50.0
338,4,Powerplay Over,4,4,49.0,60,12.25,81.67,20.0,9,0,4,56.67,15.0
343,4,Death Over,5,5,23.0,21,4.6,109.52,12.0,1,2,2,47.62,14.29
343,4,Middle Over,1,1,1.0,2,1.0,50.0,1.0,0,0,0,50.0,0.0
349,4,Powerplay Over,1,1,18.0,11,18.0,163.64,18.0,2,1,1,45.45,27.27
352,4,Death Over,1,1,0.0,2,0.0,0.0,0.0,0,0,0,100.0,0.0
353,4,Death Over,3,3,20.0,21,6.67,95.24,15.0,1,1,0,19.05,9.52
353,4,Middle Over,2,2,3.0,9,1.5,33.33,3.0,0,0,1,66.67,0.0
355,4,Death Over,2,2,17.0,13,8.5,130.77,15.0,3,0,0,30.77,23.08
355,4,Middle Over,3,3,25.0,33,8.33,75.76,11.0,2,0,2,45.45,6.06
355,4,Powerplay Over,1,1,6.0,10,6.0,60.0,6.0,1,0,0,70.0,10.0
357,4,Death Over,1,1,0.0,1,0.0,0.0,0.0,0,0,0,100.0,0.0
368,4,Death Over,1,1,1.0,2,1.0,50.0,1.0,0,0,1,50.0,0.0
368,4,Middle Over,1,1,0.0,2,0.0,0.0,0.0,0,0,1,100.0,0.0
381,4,Death Over,2,2,15.0,12,7.5,125.0,12.0,1,0,0,25.0,8.33
383,4,Death Over,4,4,4.0,5,1.0,80.0,1.0,0,0,0,20.0,0.0
386,4,Death Over,2,2,7.0,8,3.5,87.5,6.0,0,1,2,75.0,12.5
386,4,Middle Over,1,1,1.0,1,1.0,100.0,1.0,0,0,0,0.0,0.0
392,4,Death Over,2,2,26.0,15,13.0,173.33,22.0,3,1,2,40.0,26.67
392,4,Middle Over,6,6,120.0,101,20.0,118.81,41.0,10,3,4,31.68,12.87
392,4,Powerplay Over,13,13,178.0,165,13.69,107.88,43.0,21,7,7,48.48,16.97
393,4,Death Over,1,1,7.0,4,7.0,175.0,7.0,0,1,1,50.0,25.0
393,4,Middle Over,1,1,1.0,4,1.0,25.0,1.0,0,0,0,75.0,0.0
396,4,Death Over,3,3,17.0,15,5.67,113.33,15.0,2,1,3,60.0,20.0
396,4,Middle Over,3,3,39.0,28,13.0,139.29,21.0,1,4,1,35.71,17.86
396,4,Powerplay Over,2,2,9.0,10,4.5,90.0,5.0,2,0,2,60.0,20.0
403,4,Death Over,7,7,82.0,64,11.71,128.12,28.0,6,3,2,25.0,14.06
403,4,Middle Over,5,5,52.0,75,10.4,69.33,16.0,3,0,1,44.0,4.0
403,4,Powerplay Over,2,2,1.0,4,0.5,25.0,1.0,0,0,0,75.0,0.0
414,4,Death Over,2,2,3.0,4,1.5,75.0,2.0,0,0,0,25.0,0.0
423,4,Death Over,5,5,87.0,51,17.4,170.59,34.0,7,4,4,17.65,21.57
423,4,Middle Over,12,12,158.0,159,13.17,99.37,37.0,14,3,6,37.74,10.69
423,4,Powerplay Over,5,5,40.0,35,8.0,114.29,25.0,5,2,1,54.29,20.0
426,4,Death Over,4,4,43.0,38,10.75,113.16,32.0,4,1,3,28.95,13.16
426,4,Middle Over,3,3,47.0,63,15.67,74.6,21.0,3,0,0,39.68,4.76
428,4,Death Over,5,5,63.0,44,12.6,143.18,27.0,4,3,4,20.45,15.91
428,4,Middle Over,9,9,352.0,213,39.11,165.26,62.0,32,17,4,22.54,23.0
428,4,Powerplay Over,12,12,89.0,92,7.42,96.74,17.0,16,0,4,52.17,17.39
432,4,Middle Over,1,1,13.0,10,13.0,130.0,13.0,1,0,1,20.0,10.0
432,4,Powerplay Over,3,3,31.0,32,10.33,96.88,23.0,2,2,1,50.0,12.5
434,4,Death Over,4,4,16.0,23,4.0,69.57,10.0,1,0,1,39.13,4.35
441,4,Death Over,6,6,80.0,44,13.33,181.82,40.0,9,2,1,13.64,25.0
441,4,Middle Over,8,8,107.0,100,13.38,107.0,36.0,9,2,6,33.0,11.0
441,4,Powerplay Over,3,3,20.0,28,6.67,71.43,12.0,3,0,2,67.86,10.71
446,4,Death Over,7,7,60.0,43,8.57,139.53,23.0,3,5,5,32.56,18.6
446,4,Middle Over,3,3,51.0,64,17.0,79.69,22.0,3,1,3,39.06,6.25
446,4,Powerplay Over,1,1,0.0,1,0.0,0.0,0.0,0,0,0,100.0,0.0
448,4,Death Over,3,3,23.0,18,7.67,127.78,16.0,1,0,1,16.67,5.56
449,4,Death Over,2,2,6.0,2,3.0,300.0,6.0,0,1,1,50.0,50.0
449,4,Middle Over,1,1,5.0,4,5.0,125.0,5.0,1,0,0,50.0,25.0
450,4,Death Over,4,4,24.0,24,6.0,100.0,13.0,0,1,3,33.33,4.17
450,4,Middle Over,2,2,34.0,34,17.0,100.0,26.0,1,2,0,29.41,8.82
450,4,Powerplay Over,2,2,25.0,20,12.5,125.0,25.0,5,0,1,45.0,25.0
451,4,Death Over,1,1,0.0,1,0.0,0.0,0.0,0,0,1,100.0,0.0
458,4,Middle Over,1,1,2.0,3,2.0,66.67,2.0,0,0,1,33.33,0.0
458,4,Powerplay Over,2,2,0.0,9,0.0,0.0,0.0,0,0,1,88.89,0.0
461,4,Death Over,7,7,46.0,44,6.57,104.55,26.0,4,1,6,34.09,11.36
461,4,Middle Over,1,1,0.0,7,0.0,0.0,0.0,0,0,0,85.71,0.0
461,4,Powerplay Over,1,1,0.0,1,0.0,0.0,0.0,0,0,1,100.0,0.0
463,4,Death Over,4,4,5.0,9,1.25,55.56,2.0,0,0,2,44.44,0.0
465,4,Death Over,1,1,27.0,16,27.0,168.75,27.0,1,2,0,12.5,18.75
465,4,Middle Over,2,2,35.0,47,17.5,74.47,19.0,0,2,1,40.43,4.26
465,4,Powerplay Over,1,1,6.0,4,6.0,150.0,6.0,1,0,0,25.0,25.0
474,4,Death Over,1,1,7.0,4,7.0,175.0,7.0,1,0,0,0.0,25.0
476,4,Middle Over,3,3,44.0,42,14.67,104.76,20.0,2,2,3,30.95,9.52
476,4,Powerplay Over,7,7,97.0,87,13.86,111.49,27.0,14,2,4,42.53,18.39
477,4,Death Over,7,7,27.0,33,3.86,81.82,15.0,2,1,3,48.48,9.09
481,4,Death Over,6,6,117.0,65,19.5,180.0,28.0,5,9,3,16.92,21.54
481,4,Middle Over,12,12,162.0,147,13.5,110.2,36.0,11,5,4,31.29,10.88
481,4,Powerplay Over,8,8,33.0,36,4.12,91.67,18.0,5,0,1,55.56,13.89
484,4,Death Over,1,1,14.0,10,14.0,140.0,14.0,2,0,1,30.0,20.0
490,4,Death Over,3,3,19.0,19,6.33,100.0,15.0,2,0,2,31.58,10.53
490,4,Middle Over,4,4,78.0,61,19.5,127.87,37.0,6,2,2,29.51,13.11
490,4,Powerplay Over,2,2,23.0,19,11.5,121.05,15.0,4,0,1,47.37,21.05
497,4,Middle Over,1,1,0.0,3,0.0,0.0,0.0,0,0,1,100.0,0.0
500,4,Death Over,2,2,46.0,22,23.0,209.09,35.0,7,1,1,22.73,36.36
500,4,Middle Over,6,6,143.0,108,23.83,132.41,40.0,9,9,4,35.19,16.67
500,4,Powerplay Over,14,14,274.0,221,19.57,123.98,45.0,40,10,8,50.68,22.62
504,4,Death Over,3,3,65.0,38,21.67,171.05,34.0,7,2,1,15.79,23.68
504,4,Middle Over,8,8,110.0,100,13.75,110.0,32.0,8,2,5,25.0,10.0
504,4,Powerplay Over,13,13,225.0,177,17.31,127.12,36.0,32,3,6,37.85,19.77
510,4,Death Over,7,7,126.0,81,18.0,155.56,33.0,8,7,2,17.28,18.52
510,4,Middle Over,10,10,55.0,77,5.5,71.43,14.0,3,0,3,48.05,3.9
515,4,Death Over,1,1,8.0,7,8.0,114.29,8.0,0,0,1,28.57,0.0
517,4,Death Over,3,3,23.0,21,7.67,109.52,20.0,1,1,3,33.33,9.52
517,4,Middle Over,6,6,56.0,62,9.33,90.32,20.0,3,2,5,43.55,8.06
517,4,Powerplay Over,6,6,35.0,45,5.83,77.78,25.0,4,1,2,62.22,11.11
522,4,Death Over,12,12,265.0,129,22.08,205.43,41.0,18,19,10,19.38,28.68
522,4,Middle Over,13,13,127.0,118,9.77,107.63,29.0,7,4,1,33.9,9.32
529,4,Death Over,3,3,38.0,28,12.67,135.71,20.0,3,1,1,21.43,14.29
529,4,Middle Over,8,8,135.0,138,16.88,97.83,38.0,10,2,5,28.99,8.7
529,4,Powerplay Over,10,10,126.0,106,12.6,118.87,34.0,22,2,6,48.11,22.64
536,4,Death Over,3,3,6.0,6,2.0,100.0,5.0,1,0,1,50.0,16.67
536,4,Middle Over,2,2,4.0,14,2.0,28.57,2.0,0,0,1,71.43,0.0
541,4,Death Over,1,1,8.0,6,8.0,133.33,8.0,1,0,0,16.67,16.67
541,4,Middle Over,2,2,2.0,4,1.0,50.0,2.0,0,0,1,50.0,0.0
543,4,Death Over,3,3,29.0,25,9.67,116.0,17.0,2,1,3,36.0,12.0
543,4,Middle Over,3,3,44.0,37,14.67,118.92,34.0,5,1,1,37.84,16.22
543,4,Powerplay Over,5,5,64.0,61,12.8,104.92,28.0,10,1,4,47.54,18.03
544,4,Death Over,9,9,102.0,82,11.33,124.39,19.0,8,4,4,29.27,14.63
544,4,Middle Over,7,7,79.0,100,11.29,79.0,23.0,4,1,3,43.0,5.0
544,4,Powerplay Over,1,1,6.0,14,6.0,42.86,6.0,1,0,1,57.14,7.14
545,4,Death Over,1,1,1.0,1,1.0,100.0,1.0,0,0,0,0.0,0.0
554,4,Death Over,1,1,19.0,10,19.0,190.0,19.0,0,2,1,20.0,20.0
554,4,Middle Over,7,7,120.0,118,17.14,101.69,32.0,10,4,7,38.98,11.86
554,4,Powerplay Over,9,9,107.0,105,11.89,101.9,17.0,18,0,2,50.48,17.14
558,4,Death Over,2,2,13.0,10,6.5,130.0,11.0,2,0,0,10.0,20.0
559,4,Death Over,5,5,36.0,37,7.2,97.3,13.0,3,0,3,32.43,8.11
563,4,Death Over,1,1,6.0,8,6.0,75.0,6.0,0,0,1,37.5,0.0
563,4,Middle Over,8,8,206.0,125,25.75,164.8,63.0,12,13,7,25.6,20.0
563,4,Powerplay Over,16,16,222.0,216,13.88,102.78,26.0,22,7,8,50.46,13.43
564,4,Death Over,2,2,1.0,6,0.5,16.67,1.0,0,0,1,66.67,0.0
565,4,Death Over,2,2,11.0,9,5.5,122.22,8.0,1,0,1,44.44,11.11
565,4,Middle Over,2,2,30.0,26,15.0,115.38,15.0,4,0,2,42.31,15.38
573,4,Death Over,7,7,90.0,64,12.86,140.62,24.0,6,4,7,25.0,15.62
573,4,Middle Over,9,9,115.0,112,12.78,102.68,31.0,3,4,3,28.57,6.25
577,4,Death Over,1,1,7.0,7,7.0,100.0,7.0,1,0,0,14.29,14.29
593,4,Death Over,6,6,56.0,39,9.33,143.59,18.0,4,2,4,17.95,15.38
593,4,Middle Over,6,6,85.0,61,14.17,139.34,45.0,8,2,2,26.23,16.39
593,4,Powerplay Over,3,3,42.0,47,14.0,89.36,25.0,5,0,1,42.55,10.64
597,4,Death Over,7,7,33.0,32,4.71,103.12,11.0,2,1,6,34.38,9.38
597,4,Middle Over,1,1,17.0,16,17.0,106.25,17.0,2,0,0,31.25,12.5
604,4,Death Over,3,3,65.0,42,21.67,154.76,28.0,5,3,3,19.05,19.05
604,4,Middle Over,1,1,37.0,31,37.0,119.35,37.0,3,2,0,41.94,16.13
604,4,Powerplay Over,1,1,5.0,3,5.0,166.67,5.0,1,0,0,33.33,33.33
606,4,Death Over,2,2,7.0,11,3.5,63.64,4.0,0,0,2,36.36,0.0
606,4,Middle Over,2,2,28.0,15,14.0,186.67,26.0,2,2,1,26.67,26.67
606,4,Powerplay Over,1,1,16.0,15,16.0,106.67,16.0,2,0,1,40.0,13.33
607,4,Middle Over,1,1,1.0,3,1.0,33.33,1.0,0,0,0,66.67,0.0
608,4,Death Over,3,3,65.0,37,21.67,175.68,40.0,8,1,0,10.81,24.32
608,4,Middle Over,3,3,36.0,35,12.0,102.86,16.0,1,1,1,28.57,5.71
608,4,Powerplay Over,1,1,6.0,8,6.0,75.0,6.0,1,0,1,75.0,12.5
616,4,Death Over,1,1,0.0,1,0.0,0.0,0.0,0,0,1,100.0,0.0
616,4,Middle Over,5,5,85.0,64,17.0,132.81,43.0,8,3,5,29.69,17.19
616,4,Powerplay Over,9,9,164.0,136,18.22,120.59,51.0,17,7,3,41.18,17.65
620,4,Death Over,1,1,5.0,4,5.0,125.0,5.0,0,0,1,25.0,0.0
620,4,Middle Over,1,1,1.0,2,1.0,50.0,1.0,0,0,0,0.0,0.0
624,4,Death Over,3,3,31.0,21,10.33,147.62,14.0,3,2,0,38.1,23.81
624,4,Middle Over,7,7,282.0,154,40.29,183.12,79.0,21,22,4,24.68,27.92
624,4,Powerplay Over,12,12,295.0,167,24.58,176.65,44.0,33,20,5,41.32,31.74
643,4,Death Over,1,1,2.0,5,2.0,40.0,2.0,0,0,0,60.0,0.0
654,4,Death Over,7,7,108.0,69,15.43,156.52,36.0,11,4,6,26.09,21.74
654,4,Middle Over,9,9,171.0,127,19.0,134.65,35.0,13,9,3,33.07,17.32
654,4,Powerplay Over,2,2,4.0,9,2.0,44.44,3.0,0,0,0,55.56,0.0
659,4,Death Over,1,1,3.0,3,3.0,100.0,3.0,0,0,1,33.33,0.0
659,4,Middle Over,8,8,165.0,129,20.62,127.91,45.0,19,1,6,30.23,15.5
659,4,Powerplay Over,12,12,175.0,188,14.58,93.09,35.0,26,1,4,47.87,14.36
660,4,Death Over,5,5,32.0,34,6.4,94.12,16.0,2,1,3,35.29,8.82
660,4,Middle Over,3,3,5.0,8,1.67,62.5,5.0,0,0,0,50.0,0.0
665,4,Death Over,9,9,98.0,75,10.89,130.67,28.0,9,5,7,32.0,18.67
665,4,Middle Over,9,9,48.0,66,5.33,72.73,17.0,3,1,3,43.94,6.06
669,4,Death Over,3,3,28.0,30,9.33,93.33,12.0,2,0,2,26.67,6.67
669,4,Middle Over,3,3,25.0,23,8.33,108.7,13.0,2,1,2,47.83,13.04
669,4,Powerplay Over,1,1,7.0,6,7.0,116.67,7.0,1,0,0,50.0,16.67
670,4,Death Over,7,7,63.0,46,9.0,136.96,17.0,5,1,4,19.57,13.04
670,4,Middle Over,5,5,111.0,85,22.2,130.59,40.0,14,2,2,30.59,18.82
670,4,Powerplay Over,3,3,22.0,31,7.33,70.97,10.0,3,0,0,58.06,9.68
677,4,Death Over,1,1,17.0,13,17.0,130.77,17.0,2,0,1,15.38,15.38
677,4,Middle Over,1,1,1.0,3,1.0,33.33,1.0,0,0,0,66.67,0.0
678,4,Death Over,1,1,1.0,1,1.0,100.0,1.0,0,0,0,0.0,0.0
684,4,Death Over,5,5,27.0,22,5.4,122.73,19.0,2,2,3,40.91,18.18
684,4,Middle Over,6,6,37.0,43,6.17,86.05,15.0,1,1,3,34.88,4.65
687,4,Death Over,2,2,20.0,18,10.0,111.11,11.0,0,1,3,22.22,5.56
687,4,Middle Over,1,1,6.0,5,6.0,120.0,6.0,0,0,0,40.0,0.0
689,4,Middle Over,1,1,0.0,1,0.0,0.0,0.0,0,0,1,100.0,0.0
692,4,Death Over,4,4,2.0,4,0.5,50.0,1.0,0,0,2,25.0,0.0
695,4,Death Over,5,5,40.0,25,8.0,160.0,16.0,3,2,2,32.0,20.0
705,4,Death Over,7,7,135.0,80,19.29,168.75,40.0,12,7,4,22.5,23.75
705,4,Middle Over,10,10,197.0,184,19.7,107.07,40.0,14,5,4,33.15,10.33
705,4,Powerplay Over,6,6,40.0,40,6.67,100.0,20.0,6,1,2,55.0,17.5
706,4,Middle Over,1,1,5.0,5,5.0,100.0,5.0,1,0,1,60.0,20.0
708,4,Middle Over,1,1,9.0,14,9.0,64.29,9.0,0,0,1,42.86,0.0
708,4,Powerplay Over,2,2,19.0,24,9.5,79.17,16.0,3,0,1,62.5,12.5
714,4,Death Over,1,1,0.0,1,0.0,0.0,0.0,0,0,1,100.0,0.0
714,4,Middle Over,1,1,0.0,1,0.0,0.0,0.0,0,0,0,100.0,0.0
718,4,Death Over,2,2,4.0,2,2.0,200.0,3.0,0,0,0,0.0,0.0
723,4,Death Over,3,3,67.0,39,22.33,171.79,31.0,10,0,1,15.38,25.64
723,4,Middle Over,9,9,235.0,188,26.11,125.0,41.0,20,3,6,21.28,12.23
723,4,Powerplay Over,14,14,190.0,196,13.57,96.94,38.0,23,3,5,42.86,13.27
731,4,Death Over,1,1,0.0,5,0.0,0.0,0.0,0,0,0,100.0,0.0
735,4,Death Over,1,1,20.0,11,20.0,181.82,20.0,0,2,0,9.09,18.18
735,4,Middle Over,5,5,69.0,66,13.8,104.55,34.0,8,0,3,31.82,12.12
735,4,Powerplay Over,10,10,137.0,108,13.7,126.85,36.0,25,1,5,43.52,24.07
736,4,Death Over,3,3,12.0,11,4.0,109.09,11.0,2,0,3,36.36,18.18
736,4,Middle Over,11,11,242.0,180,22.0,134.44,47.0,27,4,8,26.11,17.22
736,4,Powerplay Over,10,10,104.0,107,10.4,97.2,22.0,15,1,2,45.79,14.95
738,4,Death Over,2,2,7.0,9,3.5,77.78,5.0,1,0,1,44.44,11.11
738,4,Middle Over,2,2,21.0,14,10.5,150.0,20.0,2,1,2,28.57,21.43
738,4,Powerplay Over,2,2,15.0,8,7.5,187.5,12.0,3,0,1,37.5,37.5
739,4,Death Over,3,3,12.0,8,4.0,150.0,6.0,1,1,2,50.0,25.0
739,4,Middle Over,2,2,15.0,12,7.5,125.0,11.0,2,0,1,16.67,16.67
743,4,Death Over,2,2,11.0,10,5.5,110.0,10.0,1,0,1,10.0,10.0
743,4,Middle Over,2,2,18.0,13,9.0,138.46,16.0,3,0,1,38.46,23.08
748,4,Death Over,10,10,120.0,88,12.0,136.36,30.0,6,5,7,28.41,12.5
748,4,Middle Over,7,7,70.0,73,10.0,95.89,21.0,3,2,3,30.14,6.85
751,4,Powerplay Over,1,1,0.0,2,0.0,0.0,0.0,0,0,1,100.0,0.0
752,4,Middle Over,1,1,9.0,8,9.0,112.5,9.0,1,0,1,25.0,12.5
752,4,Powerplay Over,6,6,83.0,83,13.83,100.0,32.0,9,4,5,50.6,15.66
756,4,Death Over,6,6,25.0,23,4.17,108.7,11.0,3,0,2,21.74,13.04
757,4,Death Over,1,1,7.0,7,7.0,100.0,7.0,0,0,0,28.57,0.0
757,4,Middle Over,1,1,26.0,18,26.0,144.44,26.0,2,1,1,27.78,16.67
757,4,Powerplay Over,1,1,4.0,6,4.0,66.67,4.0,0,0,0,50.0,0.0
762,4,Middle Over,3,3,12.0,20,4.0,60.0,7.0,0,0,3,50.0,0.0
762,4,Powerplay Over,5,5,60.0,70,12.0,85.71,20.0,8,0,1,42.86,11.43
768,4,Death Over,1,1,5.0,8,5.0,62.5,5.0,0,0,0,25.0,0.0
769,4,Middle Over,1,1,3.0,3,3.0,100.0,3.0,0,0,1,33.33,0.0
769,4,Powerplay Over,4,4,39.0,51,9.75,76.47,21.0,6,0,3,58.82,11.76
770,4,Death Over,2,2,1.0,4,0.5,25.0,1.0,0,0,0,75.0,0.0
774,4,Death Over,1,1,9.0,9,9.0,100.0,9.0,1,0,1,33.33,11.11
2,5,Death Over,3,3,26.0,20,8.67,130.0,14.0,1,1,2,20.0,10.0
2,5,Middle Over,4,4,32.0,38,8.0,84.21,15.0,2,0,3,31.58,5.26
2,5,Powerplay Over,2,2,11.0,11,5.5,100.0,11.0,1,0,1,27.27,9.09
4,5,Death Over,8,8,108.0,58,13.5,186.21,30.0,9,6,7,22.41,25.86
4,5,Middle Over,13,13,205.0,227,15.77,90.31,32.0,14,2,5,33.04,7.05
4,5,Powerplay Over,10,10,96.0,108,9.6,88.89,22.0,11,2,5,46.3,12.04
5,5,Death Over,2,2,7.0,8,3.5,87.5,6.0,1,0,3,62.5,12.5
5,5,Middle Over,6,6,53.0,49,8.83,108.16,43.0,5,0,5,34.69,10.2
5,5,Powerplay Over,7,7,80.0,86,11.43,93.02,30.0,10,0,3,47.67,11.63
6,5,Death Over,12,12,86.0,64,7.17,134.38,23.0,6,4,10,31.25,15.62
6,5,Middle Over,8,8,105.0,89,13.12,117.98,26.0,7,5,2,32.58,13.48
11,5,Death Over,1,1,0.0,2,0.0,0.0,0.0,0,0,0,50.0,0.0
14,5,Death Over,6,6,76.0,49,12.67,155.1,33.0,8,4,4,36.73,24.49
14,5,Middle Over,6,6,103.0,92,17.17,111.96,24.0,8,3,4,33.7,11.96
14,5,Powerplay Over,2,2,7.0,4,3.5,175.0,7.0,0,1,0,25.0,25.0
37,5,Middle Over,4,4,22.0,32,5.5,68.75,13.0,1,0,4,37.5,3.12
37,5,Powerplay Over,6,6,76.0,64,12.67,118.75,28.0,11,0,2,40.62,17.19
44,5,Death Over,1,1,0.0,1,0.0,0.0,0.0,0,0,1,100.0,0.0
48,5,Death Over,1,1,6.0,6,6.0,100.0,6.0,0,0,1,16.67,0.0
63,5,Middle Over,2,2,6.0,11,3.0,54.55,3.0,0,0,1,36.36,0.0
64,5,Death Over,2,2,11.0,13,5.5,84.62,9.0,1,0,1,30.77,7.69
66,5,Death Over,2,2,12.0,5,6.0,240.0,12.0,1,1,1,20.0,40.0
66,5,Middle Over,7,7,226.0,142,32.29,159.15,52.0,23,9,5,20.42,22.54
66,5,Powerplay Over,16,16,257.0,170,16.06,151.18,44.0,33,9,10,34.71,24.71
74,5,Death Over,1,1,11.0,4,11.0,275.0,11.0,2,0,0,0.0,50.0
74,5,Middle Over,6,6,144.0,98,24.0,146.94,50.0,13,9,5,37.76,22.45
74,5,Powerplay Over,6,6,100.0,69,16.67,144.93,35.0,11,5,1,40.58,23.19
80,5,Death Over,8,8,56.0,44,7.0,127.27,11.0,3,4,3,43.18,15.91
80,5,Middle Over,8,8,122.0,90,15.25,135.56,47.0,8,7,4,31.11,16.67
80,5,Powerplay Over,8,8,77.0,96,9.62,80.21,28.0,10,2,4,61.46,12.5
81,5,Death Over,1,1,0.0,1,0.0,0.0,0.0,0,0,1,100.0,0.0
81,5,Powerplay Over,2,2,17.0,22,8.5,77.27,11.0,1,1,2,63.64,9.09
86,5,Death Over,2,2,1.0,3,0.5,33.33,1.0,0,0,1,66.67,0.0
97,5,Death Over,1,1,4.0,1,4.0,400.0,4.0,1,0,0,0.0,100.0
104,5,Death Over,5,5,25.0,22,5.0,113.64,10.0,3,0,4,31.82,13.64
104,5,Middle Over,1,1,10.0,8,10.0,125.0,10.0,0,1,0,50.0,12.5
110,5,Death Over,2,2,12.0,8,6.0,150.0,12.0,0,1,0,12.5,12.5
110,5,Middle Over,2,2,44.0,28,22.0,157.14,41.0,4,2,1,28.57,21.43
110,5,Powerplay Over,7,7,116.0,111,16.57,104.5,28.0,17,1,3,45.05,16.22
112,5,Death Over,1,1,7.0,6,7.0,116.67,7.0,1,0,0,33.33,16.67
116,5,Death Over,1,1,31.0,16,31.0,193.75,31.0,1,3,1,18.75,25.0
116,5,Middle Over,1,1,16.0,11,16.0,145.45,16.0,2,0,1,18.18,18.18
119,5,Death Over,4,4,19.0,18,4.75,105.56,16.0,2,1,2,38.89,16.67
119,5,Middle Over,1,1,13.0,14,13.0,92.86,13.0,1,0,1,28.57,7.14
121,5,Death Over,2,2,14.0,14,7.0,100.0,10.0,1,0,1,21.43,7.14
121,5,Middle Over,4,4,71.0,58,17.75,122.41,23.0,6,1,3,18.97,12.07
121,5,Powerplay Over,10,10,109.0,94,10.9,115.96,24.0,12,3,8,41.49,15.96
127,5,Powerplay Over,1,1,4.0,4,4.0,100.0,4.0,1,0,1,75.0,25.0
128,5,Death Over,4,4,41.0,29,10.25,141.38,19.0,2,2,3,17.24,13.79
128,5,Middle Over,10,10,189.0,156,18.9,121.15,42.0,13,5,6,23.72,11.54
128,5,Powerplay Over,17,17,360.0,244,21.18,147.54,36.0,49,10,5,34.43,24.18
129,5,Death Over,4,4,12.0,17,3.0,70.59,11.0,1,0,2,52.94,5.88
132,5,Death Over,2,2,10.0,10,5.0,100.0,9.0,1,0,1,30.0,10.0
132,5,Middle Over,8,8,146.0,119,18.25,122.69,46.0,14,2,6,22.69,13.45
132,5,Powerplay Over,13,13,168.0,168,12.92,100.0,27.0,24,2,5,48.21,15.48
134,5,Death Over,1,1,2.0,5,2.0,40.0,2.0,0,0,0,40.0,0.0
137,5,Death Over,5,5,18.0,15,3.6,120.0,8.0,2,0,3,26.67,13.33
140,5,Death Over,2,2,59.0,27,29.5,218.52,34.0,4,5,0,18.52,33.33
140,5,Middle Over,7,7,169.0,115,24.14,146.96,65.0,11,11,5,33.91,19.13
140,5,Powerplay Over,7,7,77.0,68,11.0,113.24,24.0,7,4,1,48.53,16.18
151,5,Death Over,5,5,84.0,50,16.8,168.0,28.0,6,5,3,16.0,22.0
151,5,Middle Over,10,10,181.0,176,18.1,102.84,35.0,12,5,5,33.52,9.66
151,5,Powerplay Over,11,11,99.0,107,9.0,92.52,20.0,15,0,4,55.14,14.02
155,5,Death Over,11,11,89.0,74,8.09,120.27,21.0,8,0,6,24.32,10.81
155,5,Middle Over,9,9,148.0,134,16.44,110.45,34.0,12,3,3,32.84,11.19
155,5,Powerplay Over,5,5,23.0,43,4.6,53.49,9.0,1,0,1,51.16,2.33
163,5,Death Over,1,1,11.0,8,11.0,137.5,11.0,0,1,0,37.5,12.5
168,5,Death Over,4,4,38.0,20,9.5,190.0,14.0,3,3,2,35.0,30.0
170,5,Death Over,6,6,34.0,28,5.67,121.43,11.0,4,0,7,25.0,14.29
170,5,Middle Over,11,11,153.0,141,13.91,108.51,37.0,17,1,8,36.17,12.77
170,5,Powerplay Over,5,5,51.0,48,10.2,106.25,22.0,9,1,0,54.17,20.83
174,5,Middle Over,1,1,4.0,8,4.0,50.0,4.0,0,0,1,50.0,0.0
181,5,Death Over,4,4,5.0,9,1.25,55.56,2.0,0,0,3,44.44,0.0
181,5,Middle Over,7,7,122.0,98,17.43,124.49,38.0,13,2,5,26.53,15.31
181,5,Powerplay Over,6,6,69.0,81,11.5,85.19,18.0,10,0,0,54.32,12.35
185,5,Death Over,10,10,160.0,98,16.0,163.27,46.0,14,7,4,19.39,21.43
185,5,Middle Over,10,10,162.0,158,16.2,102.53,58.0,10,7,3,37.34,10.76
185,5,Powerplay Over,2,2,18.0,13,9.0,138.46,18.0,0,2,0,46.15,15.38
191,5,Death Over,1,1,0.0,1,0.0,0.0,0.0,0,0,1,100.0,0.0
203,5,Death Over,2,2,21.0,17,10.5,123.53,14.0,2,1,2,29.41,17.65
203,5,Middle Over,9,9,120.0,151,13.33,79.47,33.0,11,2,6,39.74,8.61
203,5,Powerplay Over,11,11,127.0,120,11.55,105.83,20.0,17,1,6,42.5,15.0
207,5,Death Over,2,2,45.0,28,22.5,160.71,30.0,2,3,1,28.57,17.86
207,5,Middle Over,5,5,57.0,63,11.4,90.48,26.0,4,0,4,26.98,6.35
207,5,Powerplay Over,11,11,154.0,125,14.0,123.2,32.0,17,5,6,39.2,17.6
209,5,Death Over,2,2,18.0,13,9.0,138.46,15.0,2,1,1,38.46,23.08
209,5,Middle Over,6,6,93.0,96,15.5,96.88,27.0,3,4,3,36.46,7.29
209,5,Powerplay Over,3,3,21.0,20,7.0,105.0,14.0,3,0,1,35.0,15.0
211,5,Death Over,1,1,2.0,2,2.0,100.0,2.0,0,0,0,0.0,0.0
212,5,Death Over,8,8,92.0,64,11.5,143.75,27.0,10,2,4,17.19,18.75
212,5,Middle Over,8,8,84.0,69,10.5,121.74,42.0,4,4,3,27.54,11.59
221,5,Middle Over,2,2,8.0,11,4.0,72.73,8.0,0,0,2,36.36,0.0
221,5,Powerplay Over,2,2,47.0,41,23.5,114.63,30.0,8,0,0,41.46,19.51
223,5,Death Over,10,10,91.0,52,9.1,175.0,28.0,4,6,5,15.38,19.23
223,5,Middle Over,2,2,16.0,19,8.0,84.21,13.0,1,0,2,36.84,5.26
224,5,Death Over,3,3,13.0,14,4.33,92.86,8.0,1,0,2,14.29,7.14
224,5,Middle Over,1,1,2.0,3,2.0,66.67,2.0,0,0,0,33.33,0.0
225,5,Death Over,4,4,25.0,22,6.25,113.64,17.0,1,0,4,27.27,4.55
225,5,Middle Over,12,12,188.0,148,15.67,127.03,46.0,18,3,9,29.73,14.19
225,5,Powerplay Over,13,13,219.0,179,16.85,122.35,36.0,34,4,5,43.58,21.23
230,5,Death Over,4,4,45.0,25,11.25,180.0,37.0,1,3,3,28.0,16.0
230,5,Middle Over,14,14,280.0,212,20.0,132.08,36.0,24,10,11,27.83,16.04
230,5,Powerplay Over,9,9,116.0,98,12.89,118.37,23.0,11,6,3,43.88,17.35
232,5,Death Over,2,2,2.0,4,1.0,50.0,2.0,0,0,2,50.0,0.0
232,5,Middle Over,6,6,153.0,121,25.5,126.45,32.0,18,2,4,28.93,16.53
232,5,Powerplay Over,12,12,134.0,162,11.17,82.72,26.0,19,1,7,54.94,12.35
234,5,Death Over,5,5,16.0,21,3.2,76.19,8.0,1,0,3,38.1,4.76
236,5,Death Over,1,1,2.0,3,2.0,66.67,2.0,0,0,1,33.33,0.0
236,5,Middle Over,3,3,64.0,59,21.33,108.47,30.0,3,2,2,30.51,8.47
236,5,Powerplay Over,2,2,21.0,15,10.5,140.0,12.0,4,0,1,40.0,26.67
240,5,Death Over,2,2,4.0,11,2.0,36.36,4.0,0,0,1,36.36,0.0
240,5,Middle Over,1,1,0.0,1,0.0,0.0,0.0,0,0,0,100.0,0.0
241,5,Death Over,3,3,13.0,13,4.33,100.0,8.0,1,0,3,38.46,7.69
241,5,Middle Over,1,1,1.0,3,1.0,33.33,1.0,0,0,0,66.67,0.0
245,5,Death Over,3,3,26.0,19,8.67,136.84,13.0,3,1,1,31.58,21.05
245,5,Middle Over,3,3,10.0,11,3.33,90.91,8.0,1,0,1,45.45,9.09
250,5,Death Over,6,6,48.0,38,8.0,126.32,14.0,4,1,3,26.32,13.16
250,5,Middle Over,2,2,10.0,17,5.0,58.82,8.0,0,0,1,47.06,0.0
251,5,Death Over,12,12,78.0,60,6.5,130.0,14.0,6,3,8,30.0,15.0
251,5,Middle Over,3,3,28.0,28,9.33,100.0,16.0,3,1,0,50.0,14.29
255,5,Death Over,2,2,9.0,8,4.5,112.5,9.0,2,0,1,50.0,25.0
257,5,Death Over,3,3,9.0,13,3.0,69.23,4.0,1,0,2,46.15,7.69
257,5,Middle Over,1,1,15.0,14,15.0,107.14,15.0,0,1,0,42.86,7.14
259,5,Death Over,1,1,10.0,5,10.0,200.0,10.0,2,0,0,20.0,40.0
262,5,Death Over,7,7,76.0,62,10.86,122.58,20.0,7,3,6,33.87,16.13
262,5,Middle Over,11,11,144.0,144,13.09,100.0,31.0,7,5,5,38.19,8.33
262,5,Powerplay Over,1,1,0.0,1,0.0,0.0,0.0,0,0,0,100.0,0.0
268,5,Death Over,9,9,110.0,61,12.22,180.33,31.0,5,8,3,14.75,21.31
268,5,Middle Over,12,12,200.0,163,16.67,122.7,55.0,14,6,5,27.61,12.27
268,5,Powerplay Over,5,5,23.0,37,4.6,62.16,7.0,2,0,1,48.65,5.41
293,5,Death Over,10,10,79.0,62,7.9,127.42,20.0,10,2,8,37.1,19.35
293,5,Middle Over,2,2,29.0,20,14.5,145.0,28.0,4,1,1,35.0,25.0
296,5,Powerplay Over,1,1,0.0,3,0.0,0.0,0.0,0,0,1,100.0,0.0
302,5,Death Over,4,4,51.0,36,12.75,141.67,23.0,4,1,3,30.56,13.89
302,5,Middle Over,9,9,212.0,178,23.56,119.1,45.0,17,6,5,26.97,12.92
302,5,Powerplay Over,15,15,142.0,143,9.47,99.3,24.0,17,3,6,46.85,13.99
303,5,Death Over,2,2,14.0,14,7.0,100.0,11.0,0,0,1,14.29,0.0
313,5,Death Over,1,1,5.0,3,5.0,166.67,5.0,1,0,0,0.0,33.33
317,5,Death Over,2,2,9.0,10,4.5,90.0,7.0,0,0,0,20.0,0.0
317,5,Middle Over,3,3,33.0,30,11.0,110.0,21.0,2,1,2,26.67,10.0
317,5,Powerplay Over,2,2,3.0,9,1.5,33.33,3.0,0,0,0,55.56,0.0
321,5,Death Over,2,2,18.0,11,9.0,163.64,15.0,1,1,1,27.27,18.18
326,5,Death Over,3,3,26.0,21,8.67,123.81,14.0,1,1,1,19.05,9.52
330,5,Death Over,7,7,187.0,93,26.71,201.08,30.0,11,14,5,13.98,26.88
330,5,Middle Over,12,12,252.0,194,21.0,129.9,47.0,24,6,6,28.87,15.46
330,5,Powerplay Over,6,6,40.0,40,6.67,100.0,18.0,6,0,1,45.0,15.0
333,5,Death Over,1,1,2.0,4,2.0,50.0,2.0,0,0,0,25.0,0.0
333,5,Middle Over,1,1,4.0,4,4.0,100.0,4.0,0,0,1,50.0,0.0
343,5,Death Over,4,4,2.0,11,0.5,18.18,2.0,0,0,3,72.73,0.0
345,5,Death Over,2,2,15.0,7,7.5,214.29,14.0,3,0,1,28.57,42.86
353,5,Death Over,3,3,7.0,8,2.33,87.5,4.0,0,0,0,12.5,0.0
353,5,Middle Over,3,3,24.0,20,8.0,120.0,20.0,3,1,3,35.0,20.0
355,5,Death Over,2,2,6.0,11,3.0,54.55,3.0,0,0,2,54.55,0.0
355,5,Middle Over,3,3,33.0,38,11.0,86.84,13.0,2,0,2,42.11,5.26
355,5,Powerplay Over,2,2,11.0,14,5.5,78.57,10.0,1,0,0,50.0,7.14
356,5,Death Over,4,4,18.0,13,4.5,138.46,15.0,0,2,3,38.46,15.38
357,5,Death Over,1,1,3.0,5,3.0,60.0,3.0,0,0,1,40.0,0.0
359,5,Death Over,4,4,65.0,40,16.25,162.5,28.0,4,4,1,25.0,20.0
359,5,Middle Over,4,4,33.0,36,8.25,91.67,13.0,2,0,1,25.0,5.56
364,5,Death Over,3,3,25.0,17,8.33,147.06,20.0,1,1,1,17.65,11.76
364,5,Middle Over,5,5,91.0,87,18.2,104.6,40.0,5,4,4,33.33,10.34
364,5,Powerplay Over,2,2,8.0,20,4.0,40.0,6.0,1,0,2,65.0,5.0
368,5,Death Over,1,1,0.0,3,0.0,0.0,0.0,0,0,1,66.67,0.0
380,5,Death Over,1,1,4.0,5,4.0,80.0,4.0,0,0,0,20.0,0.0
381,5,Death Over,1,1,1.0,2,1.0,50.0,1.0,0,0,0,50.0,0.0
381,5,Middle Over,1,1,1.0,1,1.0,100.0,1.0,0,0,0,0.0,0.0
386,5,Death Over,6,6,54.0,52,9.0,103.85,16.0,4,3,5,42.31,13.46
386,5,Middle Over,1,1,1.0,3,1.0,33.33,1.0,0,0,0,33.33,0.0
392,5,Death Over,1,1,15.0,5,15.0,300.0,15.0,0,2,0,20.0,40.0
392,5,Middle Over,2,2,100.0,55,50.0,181.82,55.0,10,5,1,25.45,27.27
392,5,Powerplay Over,8,8,141.0,101,17.62,139.6,49.0,18,7,6,48.51,24.75
396,5,Powerplay Over,2,2,15.0,19,7.5,78.95,10.0,1,1,2,57.89,10.53
400,5,Death Over,1,1,0.0,1,0.0,0.0,0.0,0,0,1,100.0,0.0
405,5,Death Over,3,3,63.0,29,21.0,217.24,29.0,9,2,2,10.34,37.93
405,5,Middle Over,3,3,23.0,25,7.67,92.0,10.0,3,0,1,40.0,12.0
415,5,Death Over,3,3,11.0,15,3.67,73.33,6.0,0,0,3,33.33,0.0
415,5,Middle Over,7,7,155.0,129,22.14,120.16,35.0,3,8,4,25.58,8.53
415,5,Powerplay Over,11,11,232.0,166,21.09,139.76,41.0,26,9,4,39.76,21.08
422,5,Middle Over,1,1,8.0,15,8.0,53.33,8.0,0,0,1,53.33,0.0
423,5,Death Over,10,10,147.0,101,14.7,145.54,39.0,12,6,6,26.73,17.82
423,5,Middle Over,9,9,98.0,79,10.89,124.05,40.0,6,3,2,25.32,11.39
428,5,Death Over,2,2,39.0,20,19.5,195.0,25.0,1,3,0,10.0,20.0
428,5,Middle Over,9,9,170.0,137,18.89,124.09,43.0,17,4,6,33.58,15.33
428,5,Powerplay Over,12,12,127.0,131,10.58,96.95,20.0,21,0,4,45.8,16.03
434,5,Death Over,3,3,25.0,14,8.33,178.57,10.0,5,0,1,28.57,35.71
436,5,Death Over,1,1,1.0,2,1.0,50.0,1.0,0,0,1,50.0,0.0
436,5,Middle Over,1,1,5.0,8,5.0,62.5,5.0,1,0,0,62.5,12.5
441,5,Death Over,1,1,20.0,12,20.0,166.67,20.0,2,1,0,33.33,25.0
441,5,Middle Over,3,3,16.0,17,5.33,94.12,10.0,1,1,2,52.94,11.76
441,5,Powerplay Over,1,1,1.0,6,1.0,16.67,1.0,0,0,1,83.33,0.0
446,5,Death Over,7,7,109.0,79,15.57,137.97,25.0,11,3,5,29.11,17.72
446,5,Middle Over,7,7,42.0,53,6.0,79.25,19.0,2,0,0,33.96,3.77
446,5,Powerplay Over,1,1,2.0,2,2.0,100.0,2.0,0,0,0,0.0,0.0
448,5,Death Over,4,4,58.0,35,14.5,165.71,35.0,5,3,2,25.71,22.86
448,5,Middle Over,2,2,14.0,12,7.0,116.67,13.0,1,0,0,25.0,8.33
449,5,Death Over,13,13,273.0,144,21.0,189.58,43.0,14,18,5,16.67,22.22
449,5,Middle Over,8,8,92.0,124,11.5,74.19,24.0,6,1,3,45.97,5.65
449,5,Powerplay Over,2,2,6.0,3,3.0,200.0,6.0,0,1,0,33.33,33.33
450,5,Death Over,2,2,19.0,9,9.5,211.11,18.0,1,2,0,0.0,33.33
451,5,Death Over,1,1,0.0,2,0.0,0.0,0.0,0,0,2,100.0,0.0
458,5,Middle Over,1,1,3.0,6,3.0,50.0,3.0,0,0,1,66.67,0.0
458,5,Powerplay Over,2,2,33.0,29,16.5,113.79,18.0,2,3,1,55.17,17.24
463,5,Death Over,2,2,33.0,16,16.5,206.25,25.0,2,3,1,25.0,31.25
463,5,Middle Over,1,1,9.0,5,9.0,180.0,9.0,0,1,1,20.0,20.0
465,5,Middle Over,1,1,6.0,14,6.0,42.86,6.0,0,0,1,50.0,0.0
468,5,Middle Over,2,2,21.0,16,10.5,131.25,13.0,1,2,2,43.75,18.75
468,5,Powerplay Over,6,6,62.0,58,10.33,106.9,37.0,9,2,4,50.0,18.97
476,5,Death Over,3,3,75.0,28,25.0,267.86,55.0,6,6,2,7.14,42.86
476,5,Middle Over,6,6,52.0,57,8.67,91.23,16.0,5,1,4,42.11,10.53
476,5,Powerplay Over,6,6,98.0,79,16.33,124.05,45.0,8,8,5,53.16,20.25
477,5,Death Over,7,7,35.0,32,5.0,109.38,10.0,2,1,2,34.38,9.38
479,5,Death Over,6,6,59.0,48,9.83,122.92,20.0,2,1,5,18.75,6.25
479,5,Middle Over,6,6,68.0,60,11.33,113.33,27.0,3,3,2,28.33,10.0
479,5,Powerplay Over,1,1,0.0,2,0.0,0.0,0.0,0,0,0,100.0,0.0
481,5,Death Over,8,8,179.0,87,22.38,205.75,45.0,16,12,3,16.09,32.18
481,5,Middle Over,8,8,131.0,109,16.38,120.18,41.0,9,3,4,29.36,11.01
481,5,Powerplay Over,3,3,9.0,7,3.0,128.57,6.0,1,0,1,42.86,14.29
484,5,Death Over,5,5,40.0,31,8.0,129.03,24.0,3,2,4,38.71,16.13
484,5,Middle Over,3,3,35.0,26,11.67,134.62,26.0,1,3,3,42.31,15.38
490,5,Death Over,4,4,97.0,51,24.25,190.2,30.0,13,3,3,17.65,31.37
490,5,Middle Over,10,10,216.0,176,21.6,122.73,48.0,20,4,6,26.14,13.64
490,5,Powerplay Over,16,16,247.0,221,15.44,111.76,36.0,40,3,5,45.7,19.46
500,5,Powerplay Over,6,6,30.0,52,5.0,57.69,13.0,4,0,6,65.38,7.69
504,5,Death Over,4,4,47.0,28,11.75,167.86,21.0,5,2,3,21.43,25.0
504,5,Middle Over,11,11,213.0,182,19.36,117.03,57.0,18,6,7,33.52,13.19
504,5,Powerplay Over,15,15,309.0,238,20.6,129.83,41.0,35,10,3,38.66,18.91
510,5,Death Over,5,5,34.0,24,6.8,141.67,15.0,1,3,4,37.5,16.67
510,5,Middle Over,9,9,144.0,130,16.0,110.77,55.0,9,4,6,30.0,10.0
510,5,Powerplay Over,5,5,19.0,23,3.8,82.61,9.0,2,0,1,39.13,8.7
515,5,Death Over,2,2,17.0,17,8.5,100.0,9.0,2,0,1,23.53,11.76
515,5,Powerplay Over,1,1,30.0,19,30.0,157.89,30.0,4,2,1,52.63,31.58
517,5,Death Over,6,6,72.0,50,12.0,144.0,20.0,4,4,3,20.0,16.0
517,5,Middle Over,4,4,48.0,49,12.0,97.96,23.0,6,0,1,44.9,12.24
522,5,Death Over,13,13,223.0,146,17.15,152.74,39.0,19,5,8,18.49,16.44
522,5,Middle Over,14,14,131.0,132,9.36,99.24,22.0,6,4,3,35.61,7.58
522,5,Powerplay Over,1,1,4.0,5,4.0,80.0,4.0,1,0,0,80.0,20.0
523,5,Death Over,8,8,83.0,61,10.38,136.07,23.0,9,2,0,22.95,18.03
523,5,Middle Over,3,3,20.0,13,6.67,153.85,12.0,0,2,0,23.08,15.38
523,5,Powerplay Over,2,2,23.0,22,11.5,104.55,12.0,0,2,1,50.0,9.09
529,5,Death Over,2,2,27.0,25,13.5,108.0,20.0,5,0,1,56.0,20.0
529,5,Middle Over,9,9,179.0,165,19.89,108.48,29.0,15,2,4,29.7,10.3
529,5,Powerplay Over,12,12,129.0,116,10.75,111.21,30.0,19,1,5,40.52,17.24
530,5,Death Over,11,11,198.0,120,18.0,165.0,34.0,13,11,7,16.67,20.0
530,5,Middle Over,13,13,153.0,139,11.77,110.07,33.0,9,3,3,26.62,8.63
530,5,Powerplay Over,2,2,11.0,13,5.5,84.62,7.0,2,0,0,53.85,15.38
542,5,Death Over,2,2,7.0,12,3.5,58.33,6.0,0,0,0,41.67,0.0
544,5,Death Over,5,5,75.0,47,15.0,159.57,28.0,4,3,3,17.02,14.89
544,5,Middle Over,8,8,94.0,97,11.75,96.91,18.0,4,4,5,37.11,8.25
544,5,Powerplay Over,5,5,22.0,29,4.4,75.86,15.0,1,1,1,48.28,6.9
545,5,Death Over,8,8,38.0,38,4.75,100.0,11.0,4,0,3,36.84,10.53
545,5,Middle Over,2,2,2.0,3,1.0,66.67,1.0,0,0,0,33.33,0.0
554,5,Death Over,3,3,36.0,22,12.0,163.64,24.0,4,1,1,18.18,22.73
554,5,Middle Over,3,3,39.0,31,13.0,125.81,38.0,2,2,2,32.26,12.9
554,5,Powerplay Over,7,7,68.0,62,9.71,109.68,21.0,6,3,4,46.77,14.52
558,5,Death Over,1,1,14.0,8,14.0,175.0,14.0,3,0,0,37.5,37.5
559,5,Death Over,5,5,17.0,18,3.4,94.44,7.0,0,1,5,50.0,5.56
559,5,Middle Over,1,1,2.0,3,2.0,66.67,2.0,0,0,0,66.67,0.0
563,5,Death Over,1,1,16.0,13,16.0,123.08,16.0,2,0,1,23.08,15.38
563,5,Middle Over,7,7,124.0,89,17.71,139.33,59.0,11,5,5,32.58,17.98
563,5,Powerplay Over,13,13,196.0,171,15.08,114.62,41.0,26,5,8,49.12,18.13
564,5,Death Over,3,3,2.0,7,0.67,28.57,1.0,0,0,2,71.43,0.0
565,5,Death Over,1,1,1.0,2,1.0,50.0,1.0,0,0,1,50.0,0.0
565,5,Middle Over,1,1,13.0,14,13.0,92.86,13.0,1,0,0,28.57,7.14
573,5,Death Over,8,8,166.0,96,20.75,172.92,52.0,9,11,2,20.83,20.83
573,5,Middle Over,7,7,76.0,93,10.86,81.72,29.0,4,0,1,33.33,4.3
573,5,Powerplay Over,1,1,2.0,6,2.0,33.33,2.0,0,0,0,66.67,0.0
582,5,Death Over,1,1,15.0,5,15.0,300.0,15.0,2,1,1,20.0,60.0
582,5,Middle Over,2,2,21.0,24,10.5,87.5,12.0,1,0,1,29.17,4.17
582,5,Powerplay Over,2,2,37.0,34,18.5,108.82,30.0,3,1,1,38.24,11.76
586,5,Death Over,3,3,4.0,14,1.33,28.57,3.0,0,0,1,64.29,0.0
593,5,Death Over,1,1,4.0,2,4.0,200.0,4.0,1,0,1,50.0,50.0
593,5,Middle Over,1,1,0.0,2,0.0,0.0,0.0,0,0,1,100.0,0.0
597,5,Death Over,7,7,59.0,53,8.43,111.32,18.0,3,2,5,32.08,9.43
597,5,Middle Over,3,3,9.0,12,3.0,75.0,8.0,0,0,0,16.67,0.0
604,5,Death Over,3,3,21.0,21,7.0,100.0,11.0,1,1,2,38.1,9.52
607,5,Death Over,2,2,11.0,8,5.5,137.5,7.0,2,0,1,37.5,25.0
608,5,Death Over,6,6,32.0,33,5.33,96.97,11.0,3,0,4,27.27,9.09
608,5,Middle Over,7,7,115.0,108,16.43,106.48,50.0,3,6,3,32.41,8.33
608,5,Powerplay Over,6,6,73.0,88,12.17,82.95,23.0,9,1,2,51.14,11.36
624,5,Death Over,7,7,153.0,64,21.86,239.06,50.0,10,15,5,20.31,39.06
624,5,Middle Over,10,10,361.0,225,36.1,160.44,70.0,15,30,3,25.33,20.0
624,5,Powerplay Over,13,13,219.0,183,16.85,119.67,50.0,21,14,4,53.55,19.13
631,5,Middle Over,1,1,0.0,4,0.0,0.0,0.0,0,0,1,100.0,0.0
634,5,Death Over,4,4,37.0,23,9.25,160.87,24.0,3,2,2,21.74,21.74
634,5,Middle Over,4,4,55.0,34,13.75,161.76,48.0,6,2,2,20.59,23.53
634,5,Powerplay Over,2,2,65.0,45,32.5,144.44,38.0,9,3,0,48.89,26.67
637,5,Death Over,1,1,18.0,13,18.0,138.46,18.0,1,1,0,23.08,15.38
637,5,Middle Over,1,1,24.0,25,24.0,96.0,24.0,1,1,0,36.0,8.0
637,5,Powerplay Over,3,3,39.0,53,13.0,73.58,24.0,6,0,2,64.15,11.32
643,5,Death Over,1,1,3.0,5,3.0,60.0,3.0,0,0,0,40.0,0.0
654,5,Death Over,11,11,130.0,108,11.82,120.37,33.0,9,4,6,24.07,12.04
654,5,Middle Over,9,9,63.0,65,7.0,96.92,25.0,1,3,4,33.85,6.15
654,5,Powerplay Over,2,2,1.0,6,0.5,16.67,1.0,0,0,1,33.33,0.0
659,5,Death Over,1,1,15.0,11,15.0,136.36,15.0,2,0,1,27.27,18.18
659,5,Middle Over,10,10,124.0,140,12.4,88.57,24.0,10,0,8,35.71,7.14
659,5,Powerplay Over,16,16,323.0,273,20.19,118.32,42.0,51,4,7,46.15,20.15
660,5,Death Over,4,4,8.0,14,2.0,57.14,3.0,0,0,3,35.71,0.0
660,5,Powerplay Over,1,1,11.0,15,11.0,73.33,11.0,2,0,1,46.67,13.33
662,5,Death Over,1,1,0.0,2,0.0,0.0,0.0,0,0,2,100.0,0.0
665,5,Death Over,9,9,102.0,72,11.33,141.67,33.0,10,5,7,33.33,20.83
665,5,Middle Over,8,8,118.0,91,14.75,129.67,46.0,5,9,2,34.07,15.38
684,5,Death Over,6,6,104.0,60,17.33,173.33,42.0,6,8,4,31.67,23.33
684,5,Middle Over,13,13,276.0,236,21.23,116.95,46.0,20,9,7,31.78,12.29
684,5,Powerplay Over,5,5,16.0,17,3.2,94.12,5.0,2,0,1,41.18,11.76
689,5,Death Over,2,2,2.0,7,1.0,28.57,1.0,0,0,0,71.43,0.0
692,5,Death Over,5,5,6.0,12,1.2,50.0,3.0,0,0,2,50.0,0.0
695,5,Death Over,3,3,3.0,5,1.0,60.0,2.0,0,0,1,40.0,0.0
703,5,Death Over,2,2,15.0,16,7.5,93.75,13.0,1,0,2,31.25,6.25
705,5,Death Over,5,5,92.0,55,18.4,167.27,34.0,6,6,3,18.18,21.82
705,5,Middle Over,12,12,215.0,186,17.92,115.59,56.0,19,6,7,31.18,13.44
705,5,Powerplay Over,11,11,126.0,109,11.45,115.6,23.0,14,6,4,52.29,18.35
708,5,Death Over,2,2,13.0,15,6.5,86.67,10.0,0,0,1,26.67,0.0
708,5,Middle Over,1,1,1.0,6,1.0,16.67,1.0,0,0,1,83.33,0.0
708,5,Powerplay Over,1,1,1.0,1,1.0,100.0,1.0,0,0,0,0.0,0.0
714,5,Death Over,1,1,5.0,6,5.0,83.33,5.0,0,0,0,50.0,0.0
723,5,Death Over,1,1,2.0,3,2.0,66.67,2.0,0,0,1,33.33,0.0
723,5,Middle Over,6,6,114.0,91,19.0,125.27,34.0,13,3,5,31.87,17.58
723,5,Powerplay Over,8,8,145.0,147,18.12,98.64,31.0,15,5,2,53.06,13.61
731,5,Death Over,1,1,6.0,2,6.0,300.0,6.0,0,1,0,50.0,50.0
735,5,Death Over,4,4,51.0,39,12.75,130.77,38.0,6,1,2,20.51,17.95
735,5,Middle Over,5,5,131.0,121,26.2,108.26,37.0,13,3,1,37.19,13.22
735,5,Powerplay Over,9,9,103.0,114,11.44,90.35,35.0,14,1,5,45.61,13.16
736,5,Death Over,2,2,45.0,19,22.5,236.84,35.0,5,3,1,10.53,42.11
736,5,Middle Over,8,8,101.0,103,12.62,98.06,43.0,9,1,7,33.01,9.71
736,5,Powerplay Over,6,6,54.0,68,9.0,79.41,26.0,7,0,3,47.06,10.29
737,5,Death Over,1,1,12.0,9,12.0,133.33,12.0,1,0,0,11.11,11.11
743,5,Death Over,4,4,40.0,32,10.0,125.0,16.0,2,1,3,18.75,9.38
743,5,Middle Over,4,4,51.0,45,12.75,113.33,33.0,4,2,3,28.89,13.33
748,5,Death Over,5,5,76.0,49,15.2,155.1,24.0,5,4,3,16.33,18.37
748,5,Middle Over,6,6,67.0,69,11.17,97.1,24.0,3,2,2,30.43,7.25
748,5,Powerplay Over,1,1,2.0,4,2.0,50.0,2.0,0,0,0,50.0,0.0
752,5,Powerplay Over,1,1,0.0,10,0.0,0.0,0.0,0,0,1,90.0,0.0
756,5,Death Over,4,4,20.0,13,5.0,153.85,12.0,3,0,1,7.69,23.08
756,5,Middle Over,2,2,15.0,17,7.5,88.24,8.0,1,0,2,35.29,5.88
757,5,Death Over,3,3,24.0,19,8.0,126.32,18.0,2,0,1,21.05,10.53
757,5,Middle Over,4,4,66.0,45,16.5,146.67,30.0,7,3,3,31.11,22.22
757,5,Powerplay Over,2,2,0.0,6,0.0,0.0,0.0,0,0,0,100.0,0.0
762,5,Middle Over,6,6,138.0,114,23.0,121.05,49.0,7,7,6,29.82,12.28
762,5,Powerplay Over,6,6,75.0,57,12.5,131.58,40.0,9,3,1,33.33,21.05
765,5,Death Over,3,3,11.0,15,3.67,73.33,5.0,0,0,3,33.33,0.0
765,5,Middle Over,2,2,4.0,10,2.0,40.0,3.0,0,0,2,60.0,0.0
768,5,Death Over,2,2,6.0,9,3.0,66.67,6.0,0,0,2,66.67,0.0
770,5,Death Over,2,2,19.0,15,9.5,126.67,12.0,1,1,2,33.33,13.33
771,5,Middle Over,2,2,54.0,37,27.0,145.95,31.0,3,4,1,37.84,18.92
771,5,Powerplay Over,4,4,57.0,66,14.25,86.36,19.0,8,1,2,51.52,13.64
774,5,Death Over,3,3,10.0,10,3.33,100.0,6.0,0,0,2,20.0,0.0
774,5,Middle Over,3,3,55.0,48,18.33,114.58,37.0,7,1,1,37.5,16.67
774,5,Powerplay Over,1,1,1.0,6,1.0,16.67,1.0,0,0,0,83.33,0.0
4,6,Death Over,4,4,39.0,26,9.75,150.0,23.0,7,0,4,30.77,26.92
4,6,Middle Over,12,12,150.0,168,12.5,89.29,23.0,10,2,8,38.1,7.14
4,6,Powerplay Over,13,13,122.0,133,9.38,91.73,20.0,18,1,3,54.14,14.29
6,6,Death Over,11,11,101.0,58,9.18,174.14,36.0,11,4,6,25.86,25.86
6,6,Middle Over,8,8,100.0,81,12.5,123.46,27.0,6,2,3,23.46,9.88
7,6,Death Over,1,1,23.0,16,23.0,143.75,23.0,4,0,1,31.25,25.0
14,6,Death Over,6,6,41.0,37,6.83,110.81,17.0,4,1,6,43.24,13.51
14,6,Middle Over,7,7,140.0,101,20.0,138.61,63.0,15,4,3,22.77,18.81
14,6,Powerplay Over,3,3,15.0,20,5.0,75.0,15.0,3,0,1,65.0,15.0
23,6,Death Over,7,7,96.0,66,13.71,145.45,28.0,4,5,5,22.73,13.64
23,6,Middle Over,10,10,55.0,58,5.5,94.83,30.0,4,0,3,29.31,6.9
23,6,Powerplay Over,1,1,1.0,3,1.0,33.33,1.0,0,0,0,66.67,0.0
34,6,Death Over,1,1,1.0,2,1.0,50.0,1.0,0,0,0,50.0,0.0
47,6,Death Over,2,2,15.0,18,7.5,83.33,8.0,0,0,2,33.33,0.0
47,6,Middle Over,2,2,19.0,18,9.5,105.56,18.0,2,1,0,55.56,16.67
50,6,Death Over,6,6,68.0,41,11.33,165.85,20.0,4,5,4,29.27,21.95
50,6,Middle Over,7,7,98.0,89,14.0,110.11,32.0,5,5,2,35.96,11.24
50,6,Powerplay Over,1,1,8.0,6,8.0,133.33,8.0,2,0,0,50.0,33.33
58,6,Death Over,2,2,2.0,2,1.0,100.0,1.0,0,0,0,0.0,0.0
63,6,Death Over,1,1,13.0,7,13.0,185.71,13.0,1,1,0,28.57,28.57
63,6,Powerplay Over,2,2,23.0,20,11.5,115.0,23.0,0,3,2,65.0,15.0
64,6,Death Over,4,4,1.0,8,0.25,12.5,1.0,0,0,4,87.5,0.0
66,6,Death Over,1,1,11.0,6,11.0,183.33,11.0,2,0,0,0.0,33.33
66,6,Middle Over,7,7,93.0,72,13.29,129.17,45.0,12,2,6,29.17,19.44
66,6,Powerplay Over,13,13,191.0,166,14.69,115.06,39.0,27,4,6,44.58,18.67
74,6,Death Over,5,5,86.0,45,17.2,191.11,30.0,6,6,3,22.22,26.67
74,6,Middle Over,13,13,275.0,195,21.15,141.03,65.0,24,13,8,31.28,18.97
74,6,Powerplay Over,11,11,182.0,153,16.55,118.95,39.0,29,3,3,41.18,20.92
80,6,Death Over,1,1,0.0,1,0.0,0.0,0.0,0,0,0,100.0,0.0
80,6,Middle Over,1,1,9.0,9,9.0,100.0,9.0,1,0,1,33.33,11.11
81,6,Death Over,1,1,0.0,1,0.0,0.0,0.0,0,0,1,100.0,0.0
81,6,Middle Over,1,1,29.0,28,29.0,103.57,29.0,4,0,0,39.29,14.29
81,6,Powerplay Over,4,4,63.0,71,15.75,88.73,22.0,10,0,3,54.93,14.08
90,6,Death Over,7,7,67.0,43,9.57,155.81,22.0,6,3,4,25.58,20.93
90,6,Middle Over,3,3,42.0,36,14.0,116.67,23.0,3,2,1,41.67,13.89
97,6,Death Over,1,1,1.0,2,1.0,50.0,1.0,0,0,1,50.0,0.0
97,6,Middle Over,1,1,9.0,11,9.0,81.82,9.0,1,0,1,54.55,9.09
104,6,Death Over,9,9,114.0,78,12.67,146.15,36.0,7,5,5,24.36,15.38
104,6,Middle Over,2,2,6.0,5,3.0,120.0,4.0,0,0,0,20.0,0.0
104,6,Powerplay Over,1,1,5.0,7,5.0,71.43,5.0,1,0,1,57.14,14.29
105,6,Middle Over,1,1,14.0,16,14.0,87.5,14.0,1,0,1,37.5,6.25
105,6,Powerplay Over,1,1,8.0,9,8.0,88.89,8.0,1,0,1,44.44,11.11
108,6,Death Over,4,4,10.0,17,2.5,58.82,7.0,0,0,1,41.18,0.0
110,6,Death Over,1,1,20.0,7,20.0,285.71,20.0,1,2,0,0.0,42.86
110,6,Middle Over,6,6,80.0,74,13.33,108.11,45.0,10,1,5,36.49,14.86
110,6,Powerplay Over,13,13,194.0,153,14.92,126.8,37.0,30,3,7,45.1,21.57
111,6,Death Over,4,4,76.0,47,19.0,161.7,30.0,2,7,3,29.79,19.15
111,6,Middle Over,10,10,134.0,119,13.4,112.61,29.0,8,8,6,49.58,13.45
111,6,Powerplay Over,5,5,28.0,27,5.6,103.7,16.0,4,0,3,40.74,14.81
116,6,Death Over,2,2,11.0,15,5.5,73.33,7.0,0,0,2,40.0,0.0
121,6,Death Over,1,1,17.0,8,17.0,212.5,17.0,1,1,0,0.0,25.0
121,6,Middle Over,7,7,67.0,77,9.57,87.01,32.0,5,0,6,35.06,6.49
121,6,Powerplay Over,13,13,210.0,176,16.15,119.32,39.0,31,3,7,42.05,19.32
128,6,Death Over,1,1,7.0,4,7.0,175.0,7.0,0,1,1,50.0,25.0
128,6,Middle Over,8,8,132.0,134,16.5,98.51,35.0,12,1,7,37.31,9.7
128,6,Powerplay Over,15,15,267.0,216,17.8,123.61,35.0,39,3,7,37.96,19.44
132,6,Death Over,1,1,10.0,7,10.0,142.86,10.0,0,1,1,42.86,14.29
132,6,Middle Over,6,6,98.0,76,16.33,128.95,31.0,9,2,5,21.05,14.47
132,6,Powerplay Over,14,14,179.0,160,12.79,111.87,35.0,30,2,8,48.12,20.0
134,6,Death Over,5,5,9.0,11,1.8,81.82,6.0,1,0,2,45.45,9.09
137,6,Death Over,3,3,18.0,20,6.0,90.0,11.0,2,0,2,40.0,10.0
137,6,Middle Over,2,2,5.0,12,2.5,41.67,4.0,0,0,1,58.33,0.0
137,6,Powerplay Over,2,2,12.0,18,6.0,66.67,11.0,2,0,1,61.11,11.11
144,6,Death Over,6,6,34.0,32,5.67,106.25,10.0,1,2,4,37.5,9.38
144,6,Middle Over,1,1,5.0,5,5.0,100.0,5.0,1,0,0,60.0,20.0
148,6,Death Over,1,1,5.0,10,5.0,50.0,5.0,0,0,1,60.0,0.0
151,6,Death Over,8,8,150.0,81,18.75,185.19,56.0,13,9,7,24.69,27.16
151,6,Middle Over,15,15,331.0,264,22.07,125.38,48.0,27,10,6,30.3,14.02
151,6,Powerplay Over,12,12,153.0,124,12.75,123.39,39.0,24,3,1,46.77,21.77
151,6,Super Over,1,1,5.0,2,5.0,250.0,5.0,1,0,0,0.0,50.0
155,6,Death Over,6,6,53.0,44,8.83,120.45,21.0,4,1,5,34.09,11.36
155,6,Middle Over,7,7,79.0,86,11.29,91.86,23.0,7,0,3,37.21,8.14
155,6,Powerplay Over,1,1,14.0,12,14.0,116.67,14.0,1,0,0,33.33,8.33
156,6,Death Over,1,1,4.0,2,4.0,200.0,4.0,1,0,0,50.0,50.0
158,6,Death Over,4,4,13.0,11,3.25,118.18,7.0,0,0,0,18.18,0.0
158,6,Middle Over,2,2,1.0,6,0.5,16.67,1.0,0,0,2,66.67,0.0
163,6,Death Over,1,1,1.0,1,1.0,100.0,1.0,0,0,0,0.0,0.0
167,6,Death Over,3,3,84.0,38,28.0,221.05,38.0,14,2,3,18.42,42.11
167,6,Middle Over,3,3,14.0,16,4.67,87.5,7.0,2,0,0,43.75,12.5
167,6,Powerplay Over,2,2,8.0,9,4.0,88.89,7.0,0,1,1,55.56,11.11
168,6,Death Over,5,5,39.0,22,7.8,177.27,26.0,4,2,4,40.91,27.27
170,6,Death Over,4,4,72.0,38,18.0,189.47,35.0,5,6,5,23.68,28.95
170,6,Middle Over,17,17,289.0,238,17.0,121.43,53.0,31,4,13,30.67,14.71
170,6,Powerplay Over,13,13,149.0,146,11.46,102.05,33.0,18,4,2,47.95,15.07
174,6,Death Over,3,3,45.0,24,15.0,187.5,42.0,4,3,2,29.17,29.17
174,6,Middle Over,1,1,0.0,3,0.0,0.0,0.0,0,0,1,100.0,0.0
178,6,Death Over,1,1,0.0,2,0.0,0.0,0.0,0,0,0,100.0,0.0
178,6,Middle Over,1,1,0.0,3,0.0,0.0,0.0,0,0,1,100.0,0.0
181,6,Death Over,2,2,0.0,4,0.0,0.0,0.0,0,0,2,100.0,0.0
181,6,Middle Over,5,5,114.0,101,22.8,112.87,33.0,10,0,3,25.74,9.9
181,6,Powerplay Over,5,5,10.0,18,2.0,55.56,7.0,1,0,2,61.11,5.56
185,6,Death Over,2,2,15.0,16,7.5,93.75,14.0,1,0,2,25.0,6.25
185,6,Middle Over,1,1,10.0,8,10.0,125.0,10.0,1,0,0,12.5,12.5
189,6,Death Over,3,3,10.0,12,3.33,83.33,4.0,1,0,2,33.33,8.33
189,6,Middle Over,2,2,11.0,9,5.5,122.22,11.0,2,0,1,55.56,22.22
191,6,Death Over,1,1,4.0,6,4.0,66.67,4.0,0,0,0,33.33,0.0
193,6,Death Over,1,1,4.0,6,4.0,66.67,4.0,0,0,1,33.33,0.0
193,6,Middle Over,1,1,1.0,5,1.0,20.0,1.0,0,0,0,80.0,0.0
210,6,Death Over,2,2,1.0,4,0.5,25.0,1.0,0,0,1,50.0,0.0
211,6,Death Over,5,5,40.0,29,8.0,137.93,14.0,6,0,3,24.14,20.69
211,6,Middle Over,4,4,68.0,63,17.0,107.94,33.0,5,2,2,34.92,11.11
211,6,Powerplay Over,2,2,15.0,22,7.5,68.18,8.0,2,0,0,59.09,9.09
212,6,Death Over,10,10,84.0,71,8.4,118.31,23.0,7,3,5,32.39,14.08
212,6,Middle Over,7,7,57.0,77,8.14,74.03,18.0,2,0,2,38.96,2.6
212,6,Powerplay Over,1,1,1.0,7,1.0,14.29,1.0,0,0,1,85.71,0.0
212,6,Super Over,1,1,11.0,4,11.0,275.0,11.0,1,1,0,25.0,50.0
221,6,Death Over,2,2,4.0,10,2.0,40.0,4.0,0,0,2,50.0,0.0
221,6,Middle Over,7,7,214.0,147,30.57,145.58,39.0,18,10,5,31.97,19.05
221,6,Powerplay Over,14,14,238.0,187,17.0,127.27,37.0,36,6,7,45.45,22.46
223,6,Death Over,2,2,27.0,18,13.5,150.0,14.0,1,2,2,27.78,16.67
223,6,Middle Over,2,2,19.0,19,9.5,100.0,10.0,1,1,1,47.37,10.53
225,6,Death Over,1,1,19.0,14,19.0,135.71,19.0,1,0,0,14.29,7.14
225,6,Middle Over,4,4,64.0,55,16.0,116.36,29.0,6,0,3,25.45,10.91
225,6,Powerplay Over,14,14,177.0,159,12.64,111.32,29.0,29,0,9,42.77,18.24
230,6,Death Over,5,5,193.0,90,38.6,214.44,55.0,20,8,0,5.56,31.11
230,6,Middle Over,12,12,277.0,208,23.08,133.17,45.0,19,9,7,22.6,13.46
230,6,Powerplay Over,11,11,78.0,72,7.09,108.33,19.0,11,1,5,50.0,16.67
232,6,Powerplay Over,1,1,6.0,7,6.0,85.71,6.0,1,0,1,57.14,14.29
234,6,Death Over,4,4,37.0,32,9.25,115.62,19.0,4,0,1,21.88,12.5
234,6,Middle Over,4,4,51.0,66,12.75,77.27,21.0,5,0,2,43.94,7.58
234,6,Powerplay Over,1,1,1.0,5,1.0,20.0,1.0,0,0,0,80.0,0.0
240,6,Death Over,11,11,147.0,105,13.36,140.0,32.0,7,9,9,25.71,15.24
240,6,Middle Over,8,8,82.0,62,10.25,132.26,23.0,4,5,2,27.42,14.52
240,6,Powerplay Over,1,1,4.0,4,4.0,100.0,4.0,1,0,1,75.0,25.0
240,6,Super Over,1,1,2.0,2,2.0,100.0,2.0,0,0,0,0.0,0.0
241,6,Death Over,1,1,5.0,5,5.0,100.0,5.0,0,0,0,20.0,0.0
249,6,Death Over,1,1,9.0,6,9.0,150.0,9.0,0,1,1,33.33,16.67
250,6,Death Over,2,2,3.0,10,1.5,30.0,2.0,0,0,2,70.0,0.0
250,6,Middle Over,4,4,15.0,19,3.75,78.95,7.0,2,0,4,63.16,10.53
250,6,Powerplay Over,2,2,25.0,23,12.5,108.7,23.0,3,1,0,60.87,17.39
251,6,Death Over,9,9,34.0,34,3.78,100.0,11.0,4,1,5,41.18,14.71
251,6,Middle Over,3,3,30.0,26,10.0,115.38,23.0,1,2,1,34.62,11.54
255,6,Death Over,6,6,21.0,20,3.5,105.0,13.0,0,2,3,35.0,10.0
262,6,Death Over,1,1,1.0,2,1.0,50.0,1.0,0,0,1,50.0,0.0
268,6,Death Over,12,12,131.0,88,10.92,148.86,28.0,13,3,9,21.59,18.18
268,6,Middle Over,10,10,103.0,121,10.3,85.12,27.0,4,1,4,32.23,4.13
268,6,Powerplay Over,2,2,31.0,26,15.5,119.23,21.0,5,0,0,34.62,19.23
269,6,Death Over,7,7,87.0,53,12.43,164.15,27.0,11,3,3,32.08,26.42
269,6,Middle Over,6,6,75.0,71,12.5,105.63,23.0,9,0,1,35.21,12.68
269,6,Powerplay Over,1,1,3.0,3,3.0,100.0,3.0,0,0,0,33.33,0.0
293,6,Death Over,12,12,111.0,71,9.25,156.34,25.0,12,5,5,29.58,23.94
293,6,Middle Over,3,3,5.0,11,1.67,45.45,4.0,0,0,0,54.55,0.0
297,6,Death Over,7,7,75.0,46,10.71,163.04,34.0,5,6,6,32.61,23.91
297,6,Middle Over,6,6,65.0,63,10.83,103.17,31.0,1,4,1,34.92,7.94
302,6,Death Over,1,1,21.0,8,21.0,262.5,21.0,1,2,1,12.5,37.5
302,6,Middle Over,8,8,134.0,127,16.75,105.51,41.0,11,4,6,35.43,11.81
302,6,Powerplay Over,16,16,279.0,250,17.44,111.6,32.0,30,6,9,41.2,14.4
303,6,Death Over,6,6,43.0,38,7.17,113.16,19.0,3,2,2,44.74,13.16
303,6,Powerplay Over,3,3,14.0,19,4.67,73.68,12.0,2,0,3,57.89,10.53
304,6,Death Over,4,4,22.0,25,5.5,88.0,12.0,2,0,2,32.0,8.0
304,6,Middle Over,2,2,19.0,15,9.5,126.67,12.0,1,1,1,33.33,13.33
306,6,Middle Over,2,2,12.0,16,6.0,75.0,10.0,1,0,2,37.5,6.25
306,6,Powerplay Over,5,5,40.0,60,8.0,66.67,18.0,2,1,3,55.0,5.0
307,6,Death Over,1,1,2.0,5,2.0,40.0,2.0,0,0,1,80.0,0.0
307,6,Middle Over,1,1,1.0,2,1.0,50.0,1.0,0,0,0,0.0,0.0
317,6,Death Over,8,8,28.0,36,3.5,77.78,12.0,2,0,6,38.89,5.56
317,6,Middle Over,5,5,38.0,38,7.6,100.0,16.0,3,0,1,28.95,7.89
321,6,Death Over,2,2,2.0,5,1.0,40.0,2.0,0,0,1,60.0,0.0
326,6,Death Over,2,2,2.0,3,1.0,66.67,2.0,0,0,1,33.33,0.0
329,6,Death Over,1,1,2.0,3,2.0,66.67,2.0,0,0,1,66.67,0.0
329,6,Middle Over,1,1,8.0,14,8.0,57.14,8.0,0,0,0,50.0,0.0
330,6,Death Over,3,3,61.0,32,20.33,190.62,32.0,2,6,2,18.75,25.0
330,6,Middle Over,9,9,109.0,117,12.11,93.16,23.0,11,1,6,41.03,10.26
330,6,Powerplay Over,7,7,39.0,46,5.57,84.78,15.0,5,0,4,45.65,10.87
330,6,Super Over,1,1,17.0,5,17.0,340.0,17.0,0,2,0,0.0,40.0
343,6,Death Over,6,6,11.0,17,1.83,64.71,10.0,1,0,3,52.94,5.88
345,6,Death Over,1,1,3.0,4,3.0,75.0,3.0,0,0,0,50.0,0.0
359,6,Death Over,10,10,179.0,86,17.9,208.14,38.0,12,13,5,16.28,29.07
359,6,Middle Over,10,10,233.0,163,23.3,142.94,67.0,15,11,2,24.54,15.95
359,6,Powerplay Over,1,1,6.0,8,6.0,75.0,6.0,1,0,1,62.5,12.5
361,6,Death Over,6,6,36.0,36,6.0,100.0,21.0,3,1,4,41.67,11.11
361,6,Middle Over,1,1,2.0,3,2.0,66.67,2.0,0,0,0,33.33,0.0
364,6,Middle Over,2,2,7.0,14,3.5,50.0,5.0,1,0,2,71.43,7.14
364,6,Powerplay Over,1,1,1.0,4,1.0,25.0,1.0,0,0,0,75.0,0.0
365,6,Death Over,2,2,19.0,15,9.5,126.67,12.0,3,0,1,26.67,20.0
365,6,Middle Over,1,1,23.0,19,23.0,121.05,23.0,1,1,0,26.32,10.53
365,6,Powerplay Over,1,1,2.0,3,2.0,66.67,2.0,0,0,1,66.67,0.0
369,6,Death Over,2,2,17.0,16,8.5,106.25,9.0,1,1,2,43.75,12.5
369,6,Middle Over,6,6,88.0,100,14.67,88.0,25.0,7,0,4,31.0,7.0
369,6,Powerplay Over,5,5,20.0,18,4.0,111.11,16.0,3,0,1,38.89,16.67
370,6,Death Over,1,1,8.0,4,8.0,200.0,8.0,2,0,1,50.0,50.0
370,6,Powerplay Over,1,1,12.0,12,12.0,100.0,12.0,2,0,1,58.33,16.67
371,6,Death Over,1,1,0.0,1,0.0,0.0,0.0,0,0,0,100.0,0.0
380,6,Death Over,4,4,1.0,9,0.25,11.11,1.0,0,0,3,88.89,0.0
381,6,Death Over,2,2,6.0,11,3.0,54.55,4.0,0,0,0,36.36,0.0
381,6,Middle Over,1,1,2.0,3,2.0,66.67,2.0,0,0,0,33.33,0.0
386,6,Death Over,6,6,9.0,19,1.5,47.37,7.0,1,0,3,68.42,5.26
387,6,Death Over,3,3,79.0,36,26.33,219.44,36.0,7,5,1,13.89,33.33
387,6,Middle Over,7,7,114.0,109,16.29,104.59,32.0,14,0,5,38.53,12.84
387,6,Super Over,1,1,0.0,1,0.0,0.0,0.0,0,0,1,100.0,0.0
392,6,Death Over,6,6,96.0,53,16.0,181.13,35.0,9,5,3,18.87,26.42
392,6,Middle Over,9,9,206.0,158,22.89,130.38,45.0,14,8,4,25.32,13.92
392,6,Powerplay Over,13,13,108.0,121,8.31,89.26,25.0,18,1,6,57.02,15.7
392,6,Super Over,1,1,0.0,1,0.0,0.0,0.0,0,0,1,100.0,0.0
396,6,Middle Over,2,2,13.0,12,6.5,108.33,11.0,1,0,2,25.0,8.33
396,6,Powerplay Over,5,5,39.0,46,7.8,84.78,23.0,7,0,3,60.87,15.22
398,6,Powerplay Over,3,3,6.0,16,2.0,37.5,4.0,1,0,3,75.0,6.25
405,6,Death Over,5,5,42.0,27,8.4,155.56,27.0,3,3,5,25.93,22.22
405,6,Middle Over,7,7,50.0,50,7.14,100.0,31.0,4,0,4,28.0,8.0
405,6,Powerplay Over,2,2,16.0,21,8.0,76.19,12.0,3,0,0,66.67,14.29
423,6,Death Over,13,13,187.0,126,14.38,148.41,32.0,17,6,7,20.63,18.25
423,6,Middle Over,10,10,106.0,98,10.6,108.16,34.0,10,3,1,39.8,13.27
425,6,Death Over,1,1,2.0,4,2.0,50.0,2.0,0,0,1,50.0,0.0
426,6,Death Over,1,1,2.0,3,2.0,66.67,2.0,0,0,1,66.67,0.0
426,6,Middle Over,1,1,1.0,3,1.0,33.33,1.0,0,0,1,66.67,0.0
428,6,Death Over,4,4,53.0,37,13.25,143.24,20.0,6,1,4,24.32,18.92
428,6,Middle Over,6,6,140.0,109,23.33,128.44,44.0,14,3,2,23.85,15.6
428,6,Powerplay Over,8,8,107.0,110,13.38,97.27,28.0,19,0,2,50.0,17.27
434,6,Death Over,4,4,51.0,35,12.75,145.71,31.0,6,1,2,20.0,20.0
434,6,Middle Over,7,7,74.0,64,10.57,115.62,34.0,11,1,5,42.19,18.75
441,6,Middle Over,1,1,2.0,4,2.0,50.0,2.0,0,0,1,50.0,0.0
441,6,Powerplay Over,1,1,14.0,15,14.0,93.33,14.0,1,1,0,40.0,13.33
447,6,Middle Over,1,1,5.0,6,5.0,83.33,5.0,0,0,1,33.33,0.0
447,6,Powerplay Over,1,1,14.0,16,14.0,87.5,14.0,1,0,0,31.25,6.25
449,6,Death Over,8,8,72.0,52,9.0,138.46,23.0,6,2,4,28.85,15.38
449,6,Middle Over,3,3,12.0,22,4.0,54.55,8.0,0,0,1,45.45,0.0
449,6,Powerplay Over,4,4,37.0,38,9.25,97.37,15.0,5,1,3,47.37,15.79
450,6,Powerplay Over,1,1,0.0,2,0.0,0.0,0.0,0,0,1,100.0,0.0
451,6,Death Over,6,6,14.0,27,2.33,51.85,6.0,1,0,5,70.37,3.7
458,6,Death Over,2,2,7.0,9,3.5,77.78,4.0,0,0,2,33.33,0.0
458,6,Middle Over,4,4,80.0,78,20.0,102.56,28.0,8,1,2,37.18,11.54
458,6,Powerplay Over,9,9,71.0,76,7.89,93.42,23.0,9,3,5,57.89,15.79
461,6,Death Over,1,1,4.0,1,4.0,400.0,4.0,1,0,0,0.0,100.0
463,6,Death Over,2,2,20.0,9,10.0,222.22,16.0,1,2,1,33.33,33.33
463,6,Middle Over,1,1,1.0,3,1.0,33.33,1.0,0,0,0,66.67,0.0
465,6,Middle Over,1,1,13.0,12,13.0,108.33,13.0,1,0,1,16.67,8.33
465,6,Powerplay Over,3,3,57.0,45,19.0,126.67,26.0,5,4,2,51.11,20.0
466,6,Death Over,1,1,2.0,6,2.0,33.33,2.0,0,0,0,83.33,0.0
476,6,Death Over,1,1,4.0,5,4.0,80.0,4.0,0,0,1,40.0,0.0
476,6,Middle Over,3,3,14.0,11,4.67,127.27,11.0,0,1,2,18.18,9.09
476,6,Powerplay Over,4,4,49.0,48,12.25,102.08,29.0,6,2,2,56.25,16.67
477,6,Death Over,7,7,47.0,41,6.71,114.63,24.0,3,3,5,43.9,14.63
479,6,Death Over,7,7,79.0,52,11.29,151.92,22.0,3,6,5,26.92,17.31
479,6,Middle Over,7,7,92.0,87,13.14,105.75,26.0,2,4,3,32.18,6.9
479,6,Powerplay Over,1,1,1.0,2,1.0,50.0,1.0,0,0,0,50.0,0.0
481,6,Death Over,9,9,186.0,81,20.67,229.63,41.0,16,13,5,18.52,35.8
481,6,Middle Over,11,11,159.0,133,14.45,119.55,37.0,16,1,5,27.82,12.78
481,6,Powerplay Over,2,2,15.0,8,7.5,187.5,10.0,2,1,0,37.5,37.5
481,6,Super Over,1,1,13.0,4,13.0,325.0,13.0,0,2,0,25.0,50.0
484,6,Death Over,1,1,1.0,3,1.0,33.33,1.0,0,0,1,66.67,0.0
484,6,Middle Over,1,1,2.0,10,2.0,20.0,2.0,0,0,1,70.0,0.0
485,6,Death Over,4,4,32.0,32,8.0,100.0,21.0,1,1,2,28.12,6.25
485,6,Middle Over,3,3,46.0,48,15.33,95.83,22.0,4,1,2,45.83,10.42
485,6,Powerplay Over,2,2,7.0,9,3.5,77.78,6.0,1,0,1,66.67,11.11
490,6,Death Over,6,6,67.0,50,11.17,134.0,25.0,7,2,3,28.0,18.0
490,6,Middle Over,12,12,208.0,200,17.33,104.0,42.0,12,4,6,27.0,8.0
490,6,Powerplay Over,18,18,213.0,222,11.83,95.95,22.0,23,5,6,48.65,12.61
492,6,Middle Over,2,2,1.0,7,0.5,14.29,1.0,0,0,2,85.71,0.0
492,6,Powerplay Over,1,1,8.0,5,8.0,160.0,8.0,0,0,0,40.0,0.0
500,6,Middle Over,1,1,4.0,11,4.0,36.36,4.0,0,0,1,63.64,0.0
500,6,Powerplay Over,1,1,2.0,6,2.0,33.33,2.0,0,0,0,66.67,0.0
502,6,Death Over,5,5,63.0,46,12.6,136.96,27.0,7,1,3,26.09,17.39
502,6,Middle Over,7,7,114.0,103,16.29,110.68,41.0,7,4,3,34.95,10.68
502,6,Powerplay Over,4,4,29.0,30,7.25,96.67,22.0,5,0,2,56.67,16.67
504,6,Death Over,3,3,35.0,20,11.67,175.0,19.0,6,0,1,25.0,30.0
504,6,Middle Over,5,5,156.0,116,31.2,134.48,50.0,16,3,2,25.0,16.38
504,6,Powerplay Over,10,10,120.0,126,12.0,95.24,25.0,15,2,5,47.62,13.49
510,6,Death Over,2,2,8.0,9,4.0,88.89,5.0,0,0,2,33.33,0.0
510,6,Middle Over,4,4,50.0,60,12.5,83.33,16.0,1,1,2,41.67,3.33
510,6,Powerplay Over,2,2,5.0,8,2.5,62.5,4.0,1,0,0,62.5,12.5
515,6,Death Over,1,1,0.0,2,0.0,0.0,0.0,0,0,1,100.0,0.0
517,6,Death Over,2,2,11.0,12,5.5,91.67,9.0,1,0,0,41.67,8.33
517,6,Middle Over,1,1,2.0,5,2.0,40.0,2.0,0,0,0,60.0,0.0
522,6,Death Over,11,11,286.0,152,26.0,188.16,45.0,19,19,8,19.74,25.0
522,6,Middle Over,13,13,169.0,143,13.0,118.18,30.0,12,6,4,32.17,12.59
522,6,Powerplay Over,1,1,6.0,3,6.0,200.0,6.0,1,0,0,0.0,33.33
523,6,Death Over,4,4,15.0,19,3.75,78.95,8.0,2,0,3,42.11,10.53
523,6,Middle Over,3,3,60.0,57,20.0,105.26,23.0,3,5,2,50.88,14.04
529,6,Death Over,4,4,41.0,26,10.25,157.69,23.0,5,1,3,23.08,23.08
529,6,Middle Over,6,6,142.0,136,23.67,104.41,38.0,11,3,2,36.76,10.29
529,6,Powerplay Over,14,14,148.0,160,10.57,92.5,20.0,23,2,9,55.62,15.62
530,6,Death Over,3,3,60.0,30,20.0,200.0,37.0,5,4,0,16.67,30.0
530,6,Middle Over,5,5,85.0,90,17.0,94.44,40.0,8,0,5,40.0,8.89
530,6,Powerplay Over,3,3,14.0,14,4.67,100.0,11.0,2,0,0,42.86,14.29
541,6,Death Over,1,1,1.0,3,1.0,33.33,1.0,0,0,1,66.67,0.0
543,6,Death Over,7,7,119.0,79,17.0,150.63,41.0,7,9,4,24.05,20.25
543,6,Middle Over,12,12,174.0,155,14.5,112.26,36.0,19,4,6,40.0,14.84
543,6,Powerplay Over,1,1,14.0,16,14.0,87.5,14.0,2,0,0,56.25,12.5
544,6,Death Over,5,5,24.0,26,4.8,92.31,13.0,2,0,3,38.46,7.69
544,6,Middle Over,3,3,72.0,68,24.0,105.88,39.0,1,4,1,29.41,7.35
544,6,Powerplay Over,1,1,13.0,19,13.0,68.42,13.0,1,0,0,47.37,5.26
545,6,Death Over,9,9,51.0,68,5.67,75.0,23.0,3,1,7,52.94,5.88
545,6,Middle Over,1,1,1.0,4,1.0,25.0,1.0,0,0,0,75.0,0.0
550,6,Death Over,2,2,5.0,9,2.5,55.56,4.0,0,0,1,33.33,0.0
554,6,Death Over,3,3,44.0,30,14.67,146.67,28.0,7,0,2,26.67,23.33
554,6,Middle Over,4,4,70.0,69,17.5,101.45,37.0,3,3,3,31.88,8.7
554,6,Powerplay Over,5,5,22.0,40,4.4,55.0,10.0,1,0,1,62.5,2.5
559,6,Death Over,8,8,53.0,37,6.62,143.24,18.0,5,2,2,35.14,18.92
563,6,Death Over,2,2,19.0,13,9.5,146.15,11.0,1,1,0,30.77,15.38
563,6,Middle Over,9,9,70.0,80,7.78,87.5,27.0,5,0,6,41.25,6.25
563,6,Powerplay Over,15,15,223.0,200,14.87,111.5,32.0,21,7,6,44.0,14.0
564,6,Death Over,7,7,38.0,39,5.43,97.44,12.0,3,1,1,41.03,10.26
577,6,Death Over,1,1,9.0,9,9.0,100.0,9.0,0,0,0,11.11,0.0
577,6,Middle Over,1,1,3.0,7,3.0,42.86,3.0,0,0,1,57.14,0.0
579,6,Death Over,2,2,20.0,9,10.0,222.22,20.0,3,1,1,33.33,44.44
579,6,Middle Over,6,6,76.0,60,12.67,126.67,31.0,8,1,5,31.67,15.0
579,6,Powerplay Over,6,6,65.0,48,10.83,135.42,24.0,11,0,1,43.75,22.92
582,6,Middle Over,3,3,25.0,28,8.33,89.29,15.0,2,0,3,32.14,7.14
582,6,Powerplay Over,7,7,66.0,76,9.43,86.84,18.0,7,0,4,46.05,9.21
586,6,Death Over,3,3,2.0,4,0.67,50.0,1.0,0,0,1,50.0,0.0
592,6,Powerplay Over,2,2,14.0,13,7.0,107.69,14.0,3,0,2,53.85,23.08
593,6,Death Over,2,2,4.0,5,2.0,80.0,4.0,0,0,1,20.0,0.0
593,6,Middle Over,1,1,10.0,13,10.0,76.92,10.0,0,0,0,15.38,0.0
597,6,Death Over,5,5,63.0,40,12.6,157.5,22.0,5,3,1,32.5,20.0
597,6,Middle Over,1,1,7.0,4,7.0,175.0,7.0,1,0,0,25.0,25.0
601,6,Middle Over,1,1,1.0,6,1.0,16.67,1.0,0,0,1,66.67,0.0
601,6,Powerplay Over,1,1,6.0,9,6.0,66.67,6.0,1,0,0,66.67,11.11
604,6,Death Over,4,4,37.0,26,9.25,142.31,25.0,5,1,3,34.62,23.08
604,6,Middle Over,2,2,47.0,33,23.5,142.42,41.0,4,1,0,15.15,15.15
604,6,Powerplay Over,1,1,1.0,4,1.0,25.0,1.0,0,0,0,75.0,0.0
606,6,Death Over,1,1,19.0,15,19.0,126.67,19.0,0,1,1,13.33,6.67
606,6,Middle Over,1,1,14.0,26,14.0,53.85,14.0,1,0,0,65.38,3.85
606,6,Powerplay Over,2,2,25.0,19,12.5,131.58,18.0,4,0,2,47.37,21.05
610,6,Death Over,1,1,7.0,9,7.0,77.78,7.0,0,0,0,55.56,0.0
622,6,Death Over,1,1,0.0,2,0.0,0.0,0.0,0,0,1,100.0,0.0
624,6,Death Over,5,5,124.0,63,24.8,196.83,37.0,8,11,1,22.22,30.16
624,6,Middle Over,10,10,311.0,201,31.1,154.73,103.0,21,23,5,29.85,21.89
624,6,Powerplay Over,16,16,273.0,214,17.06,127.57,50.0,28,17,6,47.66,21.03
624,6,Super Over,2,2,12.0,6,6.0,200.0,10.0,0,1,0,0.0,16.67
634,6,Death Over,1,1,1.0,3,1.0,33.33,1.0,0,0,1,66.67,0.0
634,6,Middle Over,9,9,223.0,151,24.78,147.68,42.0,16,14,8,33.77,19.87
634,6,Powerplay Over,12,12,194.0,197,16.17,98.48,40.0,24,5,4,50.76,14.72
643,6,Death Over,1,1,5.0,4,5.0,125.0,5.0,1,0,1,50.0,25.0
654,6,Death Over,8,8,95.0,69,11.88,137.68,26.0,7,5,3,27.54,17.39
654,6,Middle Over,10,10,176.0,132,17.6,133.33,48.0,15,8,6,35.61,17.42
654,6,Powerplay Over,6,6,61.0,46,10.17,132.61,20.0,8,2,3,41.3,21.74
659,6,Death Over,2,2,21.0,14,10.5,150.0,15.0,2,1,1,42.86,21.43
659,6,Middle Over,13,13,218.0,191,16.77,114.14,36.0,18,3,12,27.75,10.99
659,6,Powerplay Over,15,15,232.0,228,15.47,101.75,31.0,44,1,3,57.46,19.74
660,6,Death Over,1,1,5.0,7,5.0,71.43,5.0,0,0,1,28.57,0.0
665,6,Death Over,15,15,250.0,156,16.67,160.26,59.0,14,20,8,29.49,21.79
665,6,Middle Over,13,13,170.0,134,13.08,126.87,32.0,13,9,3,36.57,16.42
671,6,Death Over,2,2,1.0,2,0.5,50.0,1.0,0,0,1,50.0,0.0
671,6,Middle Over,1,1,3.0,7,3.0,42.86,3.0,0,0,0,57.14,0.0
672,6,Middle Over,3,3,22.0,25,7.33,88.0,11.0,0,0,3,28.0,0.0
672,6,Powerplay Over,1,1,1.0,2,1.0,50.0,1.0,0,0,0,50.0,0.0
684,6,Death Over,3,3,16.0,13,5.33,123.08,7.0,0,1,3,23.08,7.69
684,6,Middle Over,11,11,147.0,152,13.36,96.71,28.0,10,3,7,36.18,8.55
684,6,Powerplay Over,4,4,72.0,45,18.0,160.0,32.0,10,2,1,40.0,26.67
686,6,Middle Over,2,2,50.0,32,25.0,156.25,40.0,6,1,2,28.12,21.88
686,6,Powerplay Over,5,5,73.0,52,14.6,140.38,25.0,8,4,3,48.08,23.08
695,6,Death Over,6,6,55.0,28,9.17,196.43,23.0,6,3,5,25.0,32.14
695,6,Middle Over,1,1,2.0,2,2.0,100.0,2.0,0,0,0,0.0,0.0
705,6,Death Over,11,11,234.0,117,21.27,200.0,58.0,14,20,6,25.64,29.06
705,6,Middle Over,18,18,275.0,252,15.28,109.13,50.0,17,8,7,30.95,9.92
705,6,Powerplay Over,8,8,29.0,46,3.62,63.04,8.0,4,0,1,52.17,8.7
714,6,Death Over,2,2,3.0,7,1.5,42.86,3.0,0,0,1,71.43,0.0
718,6,Death Over,2,2,9.0,10,4.5,90.0,9.0,1,0,1,50.0,10.0
723,6,Death Over,7,7,98.0,50,14.0,196.0,27.0,10,5,3,16.0,30.0
723,6,Middle Over,13,13,328.0,260,25.23,126.15,54.0,27,8,8,23.46,13.46
723,6,Powerplay Over,17,17,307.0,270,18.06,113.7,40.0,44,4,4,45.19,17.78
726,6,Death Over,7,7,52.0,47,7.43,110.64,17.0,4,0,6,29.79,8.51
726,6,Middle Over,11,11,139.0,156,12.64,89.1,27.0,10,1,5,35.26,7.05
726,6,Powerplay Over,10,10,50.0,84,5.0,59.52,19.0,3,0,3,53.57,3.57
732,6,Death Over,1,1,3.0,6,3.0,50.0,3.0,0,0,0,33.33,0.0
735,6,Middle Over,2,2,23.0,18,11.5,127.78,23.0,3,0,2,11.11,16.67
735,6,Powerplay Over,5,5,53.0,79,10.6,67.09,25.0,9,0,3,67.09,11.39
736,6,Middle Over,7,7,61.0,78,8.71,78.21,16.0,3,0,7,35.9,3.85
736,6,Powerplay Over,6,6,59.0,59,9.83,100.0,18.0,10,0,2,52.54,16.95
739,6,Death Over,1,1,2.0,2,2.0,100.0,2.0,0,0,1,50.0,0.0
748,6,Death Over,1,1,2.0,2,2.0,100.0,2.0,0,0,1,50.0,0.0
748,6,Middle Over,1,1,4.0,14,4.0,28.57,4.0,0,0,1,64.29,0.0
756,6,Death Over,9,9,71.0,44,7.89,161.36,16.0,5,3,5,25.0,18.18
756,6,Middle Over,4,4,28.0,37,7.0,75.68,14.0,3,0,1,56.76,8.11
757,6,Death Over,9,9,96.0,66,10.67,145.45,32.0,6,5,2,25.76,16.67
757,6,Middle Over,13,13,192.0,134,14.77,143.28,32.0,18,7,6,30.6,18.66
757,6,Powerplay Over,1,1,5.0,4,5.0,125.0,5.0,1,0,0,50.0,25.0
762,6,Death Over,2,2,45.0,24,22.5,187.5,30.0,6,2,1,33.33,33.33
762,6,Middle Over,5,5,57.0,56,11.4,101.79,33.0,5,1,3,32.14,10.71
762,6,Powerplay Over,14,14,153.0,168,10.93,91.07,29.0,25,3,10,53.57,16.67
765,6,Death Over,1,1,5.0,8,5.0,62.5,5.0,0,0,1,37.5,0.0
4,7,Death Over,3,3,28.0,16,9.33,175.0,18.0,4,1,2,37.5,31.25
4,7,Middle Over,3,3,82.0,64,27.33,128.12,47.0,4,3,1,26.56,10.94
4,7,Powerplay Over,6,6,41.0,51,6.83,80.39,19.0,5,0,3,52.94,9.8
6,7,Death Over,8,8,83.0,67,10.38,123.88,23.0,3,3,3,17.91,8.96
6,7,Middle Over,4,4,63.0,46,15.75,136.96,27.0,6,2,2,28.26,17.39
12,7,Middle Over,1,1,7.0,5,7.0,140.0,7.0,1,0,1,20.0,20.0
12,7,Powerplay Over,2,2,22.0,21,11.0,104.76,13.0,2,1,1,57.14,14.29
23,7,Death Over,8,8,141.0,91,17.62,154.95,33.0,13,7,2,24.18,21.98
23,7,Middle Over,3,3,8.0,9,2.67,88.89,4.0,0,0,0,11.11,0.0
23,7,Powerplay Over,1,1,0.0,4,0.0,0.0,0.0,0,0,1,100.0,0.0
25,7,Death Over,1,1,4.0,1,4.0,400.0,4.0,1,0,0,0.0,100.0
34,7,Death Over,3,3,17.0,20,5.67,85.0,13.0,2,0,2,45.0,10.0
34,7,Middle Over,1,1,1.0,1,1.0,100.0,1.0,0,0,0,0.0,0.0
47,7,Death Over,1,1,1.0,2,1.0,50.0,1.0,0,0,1,50.0,0.0
50,7,Death Over,8,8,68.0,59,8.5,115.25,23.0,3,5,6,33.9,13.56
50,7,Middle Over,5,5,40.0,38,8.0,105.26,17.0,1,3,1,44.74,10.53
56,7,Middle Over,2,2,33.0,24,16.5,137.5,25.0,2,1,2,16.67,12.5
56,7,Powerplay Over,5,5,71.0,68,14.2,104.41,32.0,15,0,3,60.29,22.06
58,7,Death Over,2,2,1.0,2,0.5,50.0,1.0,0,0,1,50.0,0.0
58,7,Middle Over,1,1,0.0,4,0.0,0.0,0.0,0,0,0,100.0,0.0
63,7,Death Over,4,4,57.0,29,14.25,196.55,24.0,3,6,4,34.48,31.03
63,7,Middle Over,14,14,426.0,237,30.43,179.75,72.0,34,28,12,22.78,26.16
63,7,Powerplay Over,8,8,69.0,46,8.62,150.0,26.0,11,2,1,26.09,28.26
66,7,Death Over,1,1,24.0,12,24.0,200.0,24.0,2,2,1,25.0,33.33
66,7,Middle Over,7,7,151.0,100,21.57,151.0,56.0,11,8,6,23.0,19.0
66,7,Powerplay Over,17,17,280.0,222,16.47,126.13,42.0,43,8,11,42.79,22.97
74,7,Death Over,3,3,47.0,27,15.67,174.07,30.0,2,4,2,29.63,22.22
74,7,Middle Over,10,10,160.0,121,16.0,132.23,50.0,15,9,8,47.93,19.83
74,7,Powerplay Over,6,6,33.0,54,5.5,61.11,9.0,2,1,2,57.41,5.56
74,7,Super Over,1,1,6.0,3,6.0,200.0,6.0,1,0,0,0.0,33.33
80,7,Death Over,6,6,95.0,57,15.83,166.67,44.0,7,6,3,22.81,22.81
80,7,Middle Over,6,6,103.0,79,17.17,130.38,35.0,3,9,3,37.97,15.19
80,7,Powerplay Over,3,3,34.0,34,11.33,100.0,13.0,4,2,0,52.94,17.65
81,7,Death Over,1,1,13.0,8,13.0,162.5,13.0,1,0,0,0.0,12.5
81,7,Middle Over,2,2,32.0,31,16.0,103.23,16.0,3,0,1,19.35,9.68
81,7,Powerplay Over,6,6,80.0,90,13.33,88.89,19.0,13,0,3,51.11,14.44
86,7,Death Over,3,3,35.0,33,11.67,106.06,17.0,2,1,0,36.36,9.09
86,7,Middle Over,1,1,0.0,1,0.0,0.0,0.0,0,0,0,100.0,0.0
109,7,Powerplay Over,2,2,16.0,14,8.0,114.29,12.0,3,0,2,64.29,21.43
111,7,Death Over,7,7,152.0,77,21.71,197.4,59.0,5,18,3,32.47,29.87
111,7,Middle Over,11,11,212.0,189,19.27,112.17,48.0,16,10,5,41.27,13.76
111,7,Powerplay Over,5,5,12.0,22,2.4,54.55,8.0,1,0,2,63.64,4.55
116,7,Middle Over,2,2,2.0,8,1.0,25.0,1.0,0,0,2,75.0,0.0
121,7,Death Over,2,2,19.0,9,9.5,211.11,17.0,3,0,0,0.0,33.33
121,7,Middle Over,4,4,56.0,53,14.0,105.66,29.0,6,0,3,26.42,11.32
121,7,Powerplay Over,11,11,130.0,129,11.82,100.78,34.0,21,1,6,53.49,17.05
128,7,Death Over,2,2,29.0,18,14.5,161.11,16.0,2,1,1,22.22,16.67
128,7,Middle Over,7,7,139.0,111,19.86,125.23,37.0,13,1,5,21.62,12.61
128,7,Powerplay Over,16,16,167.0,172,10.44,97.09,28.0,21,2,8,45.93,13.37
129,7,Death Over,3,3,8.0,7,2.67,114.29,7.0,0,1,1,28.57,14.29
134,7,Death Over,2,2,4.0,10,2.0,40.0,2.0,0,0,0,50.0,0.0
134,7,Middle Over,1,1,0.0,3,0.0,0.0,0.0,0,0,1,100.0,0.0
137,7,Death Over,4,4,23.0,23,5.75,100.0,11.0,3,0,1,26.09,13.04
137,7,Middle Over,3,3,22.0,25,7.33,88.0,14.0,1,0,1,28.0,4.0
140,7,Death Over,2,2,20.0,15,10.0,133.33,13.0,1,1,1,26.67,13.33
140,7,Middle Over,9,9,118.0,101,13.11,116.83,30.0,12,2,7,34.65,13.86
140,7,Powerplay Over,9,9,156.0,123,17.33,126.83,34.0,21,4,2,35.77,20.33
144,7,Death Over,8,8,56.0,51,7.0,109.8,16.0,4,3,3,45.1,13.73
148,7,Death Over,3,3,2.0,4,0.67,50.0,1.0,0,0,1,50.0,0.0
148,7,Middle Over,1,1,1.0,4,1.0,25.0,1.0,0,0,1,50.0,0.0
151,7,Death Over,4,4,58.0,36,14.5,161.11,32.0,3,4,3,19.44,19.44
151,7,Middle Over,9,9,256.0,197,28.44,129.95,45.0,14,12,5,27.92,13.2
151,7,Powerplay Over,13,13,45.0,68,3.46,66.18,11.0,6,0,6,60.29,8.82
155,7,Death Over,5,5,78.0,55,15.6,141.82,28.0,8,2,2,23.64,18.18
155,7,Middle Over,4,4,73.0,63,18.25,115.87,33.0,6,2,2,28.57,12.7
155,7,Powerplay Over,2,2,1.0,5,0.5,20.0,1.0,0,0,2,80.0,0.0
168,7,Death Over,1,1,2.0,2,2.0,100.0,2.0,0,0,1,50.0,0.0
168,7,Middle Over,2,2,30.0,24,15.0,125.0,25.0,2,2,2,37.5,16.67
168,7,Powerplay Over,1,1,7.0,2,7.0,350.0,7.0,0,1,0,0.0,50.0
170,7,Death Over,5,5,30.0,23,6.0,130.43,19.0,2,1,5,34.78,13.04
170,7,Middle Over,10,10,231.0,180,23.1,128.33,44.0,18,9,6,31.11,15.0
170,7,Powerplay Over,9,9,64.0,58,7.11,110.34,14.0,8,1,3,44.83,15.52
173,7,Death Over,1,1,8.0,6,8.0,133.33,8.0,0,1,0,33.33,16.67
178,7,Death Over,1,1,1.0,3,1.0,33.33,1.0,0,0,0,66.67,0.0
179,7,Death Over,1,1,1.0,2,1.0,50.0,1.0,0,0,0,0.0,0.0
189,7,Death Over,6,6,62.0,54,10.33,114.81,14.0,5,1,2,35.19,11.11
189,7,Middle Over,3,3,20.0,21,6.67,95.24,11.0,3,0,0,52.38,14.29
209,7,Death Over,2,2,20.0,13,10.0,153.85,16.0,2,0,0,7.69,15.38
209,7,Middle Over,3,3,42.0,47,14.0,89.36,27.0,4,0,3,31.91,8.51
209,7,Powerplay Over,1,1,9.0,5,9.0,180.0,9.0,2,0,0,40.0,40.0
212,7,Death Over,5,5,42.0,38,8.4,110.53,20.0,5,0,3,31.58,13.16
212,7,Middle Over,3,3,13.0,20,4.33,65.0,5.0,0,0,1,30.0,0.0
221,7,Death Over,5,5,64.0,48,12.8,133.33,32.0,4,3,3,29.17,14.58
221,7,Middle Over,5,5,103.0,84,20.6,122.62,38.0,9,3,2,33.33,14.29
221,7,Powerplay Over,11,11,142.0,136,12.91,104.41,28.0,18,3,6,41.91,15.44
223,7,Death Over,2,2,7.0,6,3.5,116.67,6.0,0,0,0,0.0,0.0
223,7,Middle Over,3,3,34.0,32,11.33,106.25,16.0,0,3,3,50.0,9.38
223,7,Powerplay Over,1,1,4.0,3,4.0,133.33,4.0,1,0,0,33.33,33.33
224,7,Death Over,3,3,13.0,7,4.33,185.71,6.0,1,1,2,42.86,28.57
225,7,Powerplay Over,3,3,24.0,28,8.0,85.71,21.0,2,0,3,42.86,7.14
229,7,Death Over,6,6,27.0,28,4.5,96.43,18.0,0,2,5,42.86,7.14
229,7,Middle Over,8,8,200.0,122,25.0,163.93,75.0,17,11,3,30.33,22.95
229,7,Powerplay Over,4,4,38.0,36,9.5,105.56,20.0,4,2,1,50.0,16.67
230,7,Death Over,5,5,81.0,61,16.2,132.79,24.0,5,3,2,19.67,13.11
230,7,Middle Over,14,14,275.0,205,19.64,134.15,50.0,25,8,9,29.27,16.1
230,7,Powerplay Over,10,10,167.0,104,16.7,160.58,87.0,21,8,1,43.27,27.88
232,7,Death Over,1,1,12.0,10,12.0,120.0,12.0,1,0,0,10.0,10.0
232,7,Middle Over,9,9,186.0,166,20.67,112.05,41.0,10,9,8,32.53,11.45
232,7,Powerplay Over,12,12,207.0,165,17.25,125.45,40.0,21,10,5,45.45,18.79
234,7,Death Over,2,2,4.0,7,2.0,57.14,4.0,0,0,1,28.57,0.0
235,7,Death Over,1,1,4.0,4,4.0,100.0,4.0,1,0,1,75.0,25.0
235,7,Middle Over,1,1,4.0,6,4.0,66.67,4.0,1,0,1,83.33,16.67
251,7,Death Over,4,4,31.0,18,7.75,172.22,17.0,4,1,2,22.22,27.78
251,7,Middle Over,1,1,0.0,2,0.0,0.0,0.0,0,0,1,50.0,0.0
255,7,Death Over,4,4,7.0,11,1.75,63.64,3.0,0,0,1,36.36,0.0
255,7,Middle Over,1,1,3.0,4,3.0,75.0,3.0,0,0,0,0.0,0.0
259,7,Death Over,2,2,34.0,24,17.0,141.67,27.0,1,2,1,16.67,12.5
259,7,Middle Over,1,1,1.0,3,1.0,33.33,1.0,0,0,0,66.67,0.0
263,7,Death Over,2,2,1.0,4,0.5,25.0,1.0,0,0,1,50.0,0.0
268,7,Death Over,8,8,40.0,36,5.0,111.11,20.0,2,2,8,25.0,11.11
268,7,Middle Over,11,11,244.0,187,22.18,130.48,48.0,21,4,5,24.6,13.37
268,7,Powerplay Over,9,9,77.0,73,8.56,105.48,13.0,8,2,1,43.84,13.7
269,7,Death Over,2,2,0.0,3,0.0,0.0,0.0,0,0,2,66.67,0.0
269,7,Middle Over,1,1,9.0,11,9.0,81.82,9.0,1,0,0,36.36,9.09
293,7,Death Over,7,7,28.0,26,4.0,107.69,10.0,2,2,6,50.0,15.38
302,7,Death Over,6,6,73.0,38,12.17,192.11,32.0,8,3,5,18.42,28.95
302,7,Middle Over,13,13,298.0,229,22.92,130.13,38.0,25,9,9,26.64,14.85
302,7,Powerplay Over,13,13,289.0,218,22.23,132.57,41.0,41,6,2,39.91,21.56
303,7,Death Over,11,11,169.0,86,15.36,196.51,40.0,7,16,4,19.77,26.74
303,7,Middle Over,3,3,12.0,13,4.0,92.31,7.0,1,0,1,38.46,7.69
317,7,Middle Over,2,2,11.0,16,5.5,68.75,11.0,1,0,1,62.5,6.25
317,7,Powerplay Over,4,4,32.0,34,8.0,94.12,23.0,4,1,3,55.88,14.71
342,7,Death Over,7,7,48.0,49,6.86,97.96,16.0,5,0,4,32.65,10.2
342,7,Middle Over,4,4,37.0,35,9.25,105.71,18.0,4,0,1,40.0,11.43
356,7,Middle Over,2,2,7.0,8,3.5,87.5,4.0,0,0,2,25.0,0.0
356,7,Powerplay Over,1,1,27.0,23,27.0,117.39,27.0,4,1,0,60.87,21.74
359,7,Death Over,11,11,174.0,87,15.82,200.0,47.0,8,14,5,13.79,25.29
359,7,Middle Over,14,14,259.0,205,18.5,126.34,47.0,25,6,4,30.73,15.12
359,7,Powerplay Over,3,3,13.0,15,4.33,86.67,12.0,1,1,0,60.0,13.33
361,7,Middle Over,1,1,13.0,13,13.0,100.0,13.0,0,1,1,46.15,7.69
365,7,Death Over,4,4,36.0,30,9.0,120.0,18.0,6,0,1,36.67,20.0
365,7,Middle Over,3,3,23.0,30,7.67,76.67,11.0,1,1,2,43.33,6.67
365,7,Powerplay Over,5,5,62.0,56,12.4,110.71,22.0,6,4,3,51.79,17.86
370,7,Death Over,2,2,23.0,18,11.5,127.78,15.0,1,1,2,22.22,11.11
370,7,Middle Over,7,7,94.0,103,13.43,91.26,23.0,5,2,5,33.98,6.8
370,7,Powerplay Over,6,6,49.0,45,8.17,108.89,17.0,6,0,1,40.0,13.33
371,7,Death Over,1,1,2.0,5,2.0,40.0,2.0,0,0,0,40.0,0.0
386,7,Death Over,1,1,2.0,4,2.0,50.0,2.0,0,0,0,50.0,0.0
392,7,Death Over,6,6,146.0,71,24.33,205.63,34.0,8,11,4,12.68,26.76
392,7,Middle Over,10,10,260.0,219,26.0,118.72,41.0,12,12,5,31.05,10.96
392,7,Powerplay Over,9,9,122.0,96,13.56,127.08,56.0,19,1,3,34.38,20.83
398,7,Middle Over,3,3,37.0,30,12.33,123.33,25.0,5,0,3,26.67,16.67
398,7,Powerplay Over,7,7,116.0,102,16.57,113.73,31.0,14,4,3,50.0,17.65
415,7,Death Over,8,8,78.0,48,9.75,162.5,31.0,7,3,7,18.75,20.83
415,7,Middle Over,9,9,139.0,139,15.44,100.0,28.0,6,1,2,25.9,5.04
415,7,Powerplay Over,5,5,86.0,53,17.2,162.26,34.0,13,3,1,37.74,30.19
423,7,Death Over,4,4,80.0,49,20.0,163.27,29.0,4,5,3,28.57,18.37
423,7,Middle Over,2,2,21.0,25,10.5,84.0,16.0,0,1,0,44.0,4.0
428,7,Middle Over,2,2,55.0,36,27.5,152.78,31.0,5,2,2,25.0,19.44
428,7,Powerplay Over,2,2,15.0,18,7.5,83.33,9.0,2,1,0,72.22,16.67
431,7,Death Over,1,1,1.0,1,1.0,100.0,1.0,0,0,0,0.0,0.0
434,7,Death Over,1,1,4.0,6,4.0,66.67,4.0,0,0,0,16.67,0.0
436,7,Middle Over,2,2,41.0,33,20.5,124.24,28.0,2,3,2,33.33,15.15
436,7,Powerplay Over,2,2,17.0,19,8.5,89.47,17.0,3,0,0,52.63,15.79
439,7,Middle Over,1,1,4.0,4,4.0,100.0,4.0,1,0,1,75.0,25.0
449,7,Death Over,1,1,8.0,3,8.0,266.67,8.0,0,1,0,0.0,33.33
450,7,Death Over,1,1,3.0,5,3.0,60.0,3.0,0,0,1,40.0,0.0
451,7,Death Over,2,2,4.0,6,2.0,66.67,3.0,0,0,1,33.33,0.0
451,7,Middle Over,3,3,3.0,14,1.0,21.43,2.0,0,0,1,71.43,0.0
458,7,Powerplay Over,1,1,2.0,10,2.0,20.0,2.0,0,0,1,70.0,0.0
462,7,Death Over,1,1,11.0,10,11.0,110.0,11.0,1,0,1,20.0,10.0
465,7,Death Over,4,4,90.0,44,22.5,204.55,55.0,7,6,3,20.45,29.55
465,7,Middle Over,8,8,164.0,128,20.5,128.12,58.0,12,8,5,32.81,15.62
465,7,Powerplay Over,8,8,108.0,83,13.5,130.12,52.0,14,4,4,46.99,21.69
475,7,Death Over,12,12,208.0,120,17.33,173.33,40.0,16,10,6,19.17,21.67
475,7,Middle Over,10,10,48.0,68,4.8,70.59,12.0,3,0,3,48.53,4.41
475,7,Powerplay Over,1,1,1.0,2,1.0,50.0,1.0,0,0,1,50.0,0.0
476,7,Death Over,1,1,6.0,2,6.0,300.0,6.0,0,1,1,50.0,50.0
476,7,Middle Over,2,2,25.0,20,12.5,125.0,16.0,2,1,2,35.0,15.0
476,7,Powerplay Over,7,7,84.0,71,12.0,118.31,26.0,10,1,5,40.85,15.49
477,7,Death Over,1,1,1.0,2,1.0,50.0,1.0,0,0,1,50.0,0.0
478,7,Death Over,1,1,0.0,1,0.0,0.0,0.0,0,0,1,100.0,0.0
481,7,Death Over,9,9,188.0,91,20.89,206.59,56.0,12,16,7,24.18,30.77
481,7,Middle Over,11,11,190.0,149,17.27,127.52,39.0,11,8,3,26.85,12.75
481,7,Powerplay Over,3,3,17.0,15,5.67,113.33,10.0,3,0,1,53.33,20.0
484,7,Death Over,2,2,6.0,9,3.0,66.67,5.0,1,0,2,66.67,11.11
484,7,Middle Over,3,3,25.0,29,8.33,86.21,16.0,1,1,1,31.03,6.9
485,7,Death Over,8,8,39.0,27,4.88,144.44,17.0,1,3,3,22.22,14.81
485,7,Middle Over,1,1,3.0,3,3.0,100.0,3.0,0,0,0,0.0,0.0
490,7,Death Over,3,3,45.0,27,15.0,166.67,24.0,3,2,3,25.93,18.52
490,7,Middle Over,6,6,100.0,96,16.67,104.17,39.0,8,0,3,26.04,8.33
490,7,Powerplay Over,11,11,194.0,175,17.64,110.86,30.0,27,1,4,43.43,16.0
492,7,Death Over,1,1,25.0,11,25.0,227.27,25.0,3,1,0,18.18,36.36
492,7,Middle Over,7,7,169.0,115,24.14,146.96,50.0,18,5,7,30.43,20.0
492,7,Powerplay Over,9,9,136.0,111,15.11,122.52,35.0,17,3,4,43.24,18.02
502,7,Death Over,4,4,19.0,19,4.75,100.0,10.0,1,1,4,36.84,10.53
502,7,Middle Over,9,9,198.0,146,22.0,135.62,48.0,10,10,5,27.4,13.7
502,7,Powerplay Over,10,10,122.0,115,12.2,106.09,25.0,14,6,4,53.91,17.39
504,7,Death Over,1,1,23.0,15,23.0,153.33,23.0,2,1,0,33.33,20.0
504,7,Middle Over,7,7,119.0,109,17.0,109.17,34.0,8,3,5,31.19,10.09
504,7,Powerplay Over,14,14,235.0,208,16.79,112.98,33.0,39,3,7,44.23,20.19
510,7,Death Over,1,1,22.0,16,22.0,137.5,22.0,3,0,0,31.25,18.75
510,7,Middle Over,4,4,31.0,38,7.75,81.58,21.0,2,0,3,28.95,5.26
510,7,Powerplay Over,1,1,6.0,8,6.0,75.0,6.0,1,0,0,62.5,12.5
517,7,Death Over,4,4,25.0,15,6.25,166.67,13.0,2,1,2,20.0,20.0
517,7,Middle Over,1,1,10.0,11,10.0,90.91,10.0,1,0,1,36.36,9.09
522,7,Death Over,14,14,301.0,176,21.5,171.02,39.0,20,19,4,21.02,22.16
522,7,Middle Over,10,10,70.0,82,7.0,85.37,18.0,2,1,2,30.49,3.66
530,7,Death Over,6,6,82.0,48,13.67,170.83,27.0,10,2,3,18.75,25.0
530,7,Middle Over,3,3,65.0,64,21.67,101.56,24.0,3,2,2,35.94,7.81
530,7,Super Over,1,1,5.0,3,5.0,166.67,5.0,0,0,0,0.0,0.0
545,7,Death Over,2,2,1.0,4,0.5,25.0,1.0,0,0,1,50.0,0.0
548,7,Death Over,1,1,1.0,2,1.0,50.0,1.0,0,0,0,50.0,0.0
554,7,Death Over,7,7,58.0,40,8.29,145.0,19.0,4,3,4,22.5,17.5
554,7,Middle Over,11,11,230.0,195,20.91,117.95,46.0,18,6,5,29.74,12.31
554,7,Powerplay Over,10,10,113.0,121,11.3,93.39,29.0,13,1,4,44.63,11.57
554,7,Super Over,1,1,8.0,3,8.0,266.67,8.0,0,1,0,0.0,33.33
559,7,Death Over,3,3,20.0,23,6.67,86.96,10.0,1,0,2,39.13,4.35
559,7,Middle Over,1,1,2.0,3,2.0,66.67,2.0,0,0,0,33.33,0.0
563,7,Middle Over,5,5,105.0,68,21.0,154.41,34.0,10,4,5,20.59,20.59
563,7,Powerplay Over,11,11,102.0,129,9.27,79.07,18.0,10,1,7,50.39,8.53
564,7,Death Over,1,1,2.0,4,2.0,50.0,2.0,0,0,1,50.0,0.0
573,7,Death Over,11,11,219.0,112,19.91,195.54,40.0,16,15,5,15.18,27.68
573,7,Middle Over,12,12,181.0,181,15.08,100.0,36.0,5,5,3,28.18,5.52
573,7,Powerplay Over,3,3,10.0,18,3.33,55.56,5.0,1,0,0,66.67,5.56
579,7,Death Over,1,1,6.0,7,6.0,85.71,6.0,1,0,1,28.57,14.29
579,7,Middle Over,7,7,108.0,93,15.43,116.13,40.0,7,4,5,35.48,11.83
579,7,Powerplay Over,8,8,210.0,144,26.25,145.83,42.0,19,12,1,43.06,21.53
586,7,Death Over,3,3,4.0,8,1.33,50.0,2.0,0,0,1,25.0,0.0
597,7,Death Over,2,2,4.0,7,2.0,57.14,4.0,0,0,2,28.57,0.0
604,7,Death Over,5,5,52.0,32,10.4,162.5,25.0,3,4,3,28.12,21.88
604,7,Middle Over,1,1,0.0,1,0.0,0.0,0.0,0,0,1,100.0,0.0
610,7,Death Over,1,1,2.0,2,2.0,100.0,2.0,0,0,0,0.0,0.0
624,7,Death Over,1,1,8.0,5,8.0,160.0,8.0,0,1,1,40.0,20.0
624,7,Middle Over,4,4,38.0,48,9.5,79.17,32.0,3,2,3,45.83,10.42
624,7,Powerplay Over,9,9,150.0,135,16.67,111.11,34.0,15,9,5,57.04,17.78
630,7,Death Over,1,1,1.0,2,1.0,50.0,1.0,0,0,1,50.0,0.0
631,7,Death Over,8,8,121.0,85,15.12,142.35,24.0,13,4,4,25.88,20.0
631,7,Middle Over,5,5,43.0,34,8.6,126.47,12.0,3,1,1,26.47,11.76
631,7,Powerplay Over,1,1,0.0,3,0.0,0.0,0.0,0,0,0,100.0,0.0
631,7,Super Over,1,1,0.0,1,0.0,0.0,0.0,0,0,1,0.0,0.0
634,7,Death Over,4,4,33.0,20,8.25,165.0,18.0,2,3,4,35.0,25.0
634,7,Middle Over,10,10,197.0,141,19.7,139.72,43.0,10,15,6,34.75,17.73
634,7,Powerplay Over,16,16,336.0,264,21.0,127.27,44.0,38,16,7,43.18,20.45
651,7,Death Over,2,2,5.0,3,2.5,166.67,4.0,1,0,1,33.33,33.33
653,7,Death Over,1,1,21.0,11,21.0,190.91,21.0,1,2,2,27.27,27.27
653,7,Middle Over,2,2,12.0,16,6.0,75.0,9.0,0,0,1,37.5,0.0
653,7,Powerplay Over,2,2,6.0,14,3.0,42.86,5.0,1,0,1,78.57,7.14
654,7,Death Over,6,6,73.0,46,12.17,158.7,21.0,4,4,3,13.04,17.39
654,7,Middle Over,9,9,183.0,114,20.33,160.53,72.0,10,15,6,36.84,21.93
654,7,Powerplay Over,1,1,12.0,8,12.0,150.0,12.0,1,1,0,50.0,25.0
656,7,Death Over,5,5,37.0,33,7.4,112.12,24.0,4,1,4,39.39,15.15
656,7,Middle Over,4,4,23.0,25,5.75,92.0,18.0,2,0,0,32.0,8.0
656,7,Powerplay Over,1,1,2.0,3,2.0,66.67,2.0,0,0,1,66.67,0.0
660,7,Death Over,1,1,2.0,2,2.0,100.0,2.0,0,0,1,50.0,0.0
661,7,Powerplay Over,3,3,40.0,36,13.33,111.11,20.0,7,0,3,47.22,19.44
665,7,Death Over,12,12,173.0,119,14.42,145.38,32.0,9,10,6,26.89,15.97
665,7,Middle Over,6,6,92.0,85,15.33,108.24,45.0,6,4,2,38.82,11.76
665,7,Powerplay Over,2,2,8.0,4,4.0,200.0,7.0,0,1,1,25.0,25.0
677,7,Death Over,5,5,51.0,37,10.2,137.84,19.0,5,0,2,21.62,13.51
677,7,Middle Over,2,2,2.0,6,1.0,33.33,1.0,0,0,1,66.67,0.0
677,7,Powerplay Over,2,2,20.0,23,10.0,86.96,17.0,2,1,1,60.87,13.04
679,7,Death Over,1,1,7.0,3,7.0,233.33,7.0,0,1,1,33.33,33.33
679,7,Middle Over,1,1,9.0,10,9.0,90.0,9.0,0,0,0,10.0,0.0
684,7,Death Over,2,2,48.0,23,24.0,208.7,25.0,3,4,0,21.74,30.43
684,7,Middle Over,4,4,67.0,68,16.75,98.53,25.0,5,2,2,35.29,10.29
684,7,Powerplay Over,1,1,1.0,5,1.0,20.0,1.0,0,0,0,80.0,0.0
686,7,Death Over,6,6,40.0,26,6.67,153.85,16.0,5,1,4,34.62,23.08
686,7,Middle Over,4,4,17.0,9,4.25,188.89,8.0,2,1,2,33.33,33.33
686,7,Powerplay Over,4,4,69.0,67,17.25,102.99,23.0,9,1,2,41.79,14.93
694,7,Death Over,3,3,21.0,19,7.0,110.53,8.0,1,1,2,21.05,10.53
694,7,Middle Over,6,6,185.0,132,30.83,140.15,42.0,14,8,3,33.33,16.67
694,7,Powerplay Over,8,8,188.0,148,23.5,127.03,50.0,28,5,2,43.92,22.3
695,7,Death Over,1,1,4.0,4,4.0,100.0,4.0,0,0,0,0.0,0.0
705,7,Death Over,10,10,171.0,93,17.1,183.87,44.0,15,11,8,26.88,27.96
705,7,Middle Over,11,11,193.0,180,17.55,107.22,43.0,15,3,4,33.33,10.0
705,7,Powerplay Over,6,6,26.0,34,4.33,76.47,11.0,1,2,2,55.88,8.82
718,7,Death Over,2,2,1.0,3,0.5,33.33,1.0,0,0,1,66.67,0.0
723,7,Middle Over,5,5,83.0,77,16.6,107.79,41.0,2,4,4,31.17,7.79
723,7,Powerplay Over,8,8,126.0,110,15.75,114.55,41.0,15,3,4,42.73,16.36
732,7,Death Over,2,2,5.0,9,2.5,55.56,3.0,0,0,1,44.44,0.0
743,7,Death Over,8,8,119.0,76,14.88,156.58,30.0,15,2,5,15.79,22.37
743,7,Middle Over,8,8,108.0,81,13.5,133.33,47.0,7,5,2,32.1,14.81
743,7,Powerplay Over,1,1,0.0,1,0.0,0.0,0.0,0,0,1,100.0,0.0
743,7,Super Over,1,1,2.0,2,2.0,100.0,2.0,0,0,1,0.0,0.0
755,7,Death Over,1,1,16.0,12,16.0,133.33,16.0,2,1,1,58.33,25.0
756,7,Death Over,6,6,42.0,30,7.0,140.0,16.0,4,2,4,33.33,20.0
756,7,Middle Over,3,3,25.0,25,8.33,100.0,17.0,0,1,1,24.0,4.0
757,7,Death Over,6,6,38.0,32,6.33,118.75,17.0,2,2,5,37.5,12.5
757,7,Middle Over,8,8,85.0,89,10.62,95.51,31.0,2,3,4,39.33,5.62
757,7,Powerplay Over,1,1,0.0,1,0.0,0.0,0.0,0,0,0,100.0,0.0
762,7,Powerplay Over,1,1,3.0,9,3.0,33.33,3.0,0,0,1,66.67,0.0
766,7,Death Over,2,2,13.0,21,6.5,61.9,8.0,0,1,2,66.67,4.76
766,7,Middle Over,2,2,29.0,25,14.5,116.0,22.0,3,0,1,40.0,12.0
6,8,Death Over,11,11,71.0,66,6.45,107.58,18.0,3,1,7,21.21,6.06
6,8,Middle Over,5,5,61.0,62,12.2,98.39,20.0,4,2,1,41.94,9.68
14,8,Death Over,1,1,6.0,8,6.0,75.0,6.0,1,0,1,62.5,12.5
23,8,Death Over,8,8,77.0,55,9.62,140.0,38.0,6,4,4,25.45,18.18
23,8,Middle Over,7,7,112.0,84,16.0,133.33,30.0,10,3,4,28.57,15.48
23,8,Powerplay Over,2,2,0.0,4,0.0,0.0,0.0,0,0,0,100.0,0.0
25,8,Death Over,3,3,10.0,5,3.33,200.0,5.0,2,0,1,20.0,40.0
50,8,Death Over,1,1,0.0,1,0.0,0.0,0.0,0,0,1,100.0,0.0
50,8,Middle Over,2,2,13.0,17,6.5,76.47,7.0,0,0,1,23.53,0.0
63,8,Death Over,2,2,22.0,11,11.0,200.0,15.0,1,2,2,27.27,27.27
63,8,Middle Over,6,6,76.0,63,12.67,120.63,36.0,6,5,5,44.44,17.46
63,8,Powerplay Over,6,6,47.0,40,7.83,117.5,12.0,6,1,4,47.5,17.5
63,8,Super Over,1,1,1.0,1,1.0,100.0,1.0,0,0,0,0.0,0.0
64,8,Death Over,4,4,1.0,7,0.25,14.29,1.0,0,0,2,42.86,0.0
66,8,Middle Over,2,2,36.0,32,18.0,112.5,35.0,2,2,2,31.25,12.5
66,8,Powerplay Over,8,8,63.0,57,7.88,110.53,35.0,10,1,5,43.86,19.3
74,8,Death Over,2,2,38.0,22,19.0,172.73,36.0,3,2,1,13.64,22.73
74,8,Middle Over,6,6,136.0,89,22.67,152.81,53.0,10,8,4,23.6,20.22
74,8,Powerplay Over,9,9,173.0,158,19.22,109.49,37.0,24,4,3,50.63,17.72
74,8,Super Over,1,1,0.0,1,0.0,0.0,0.0,0,0,1,100.0,0.0
80,8,Death Over,6,6,50.0,33,8.33,151.52,18.0,5,3,4,33.33,24.24
80,8,Middle Over,7,7,87.0,89,12.43,97.75,25.0,7,1,4,39.33,8.99
80,8,Powerplay Over,1,1,0.0,4,0.0,0.0,0.0,0,0,1,75.0,0.0
86,8,Death Over,1,1,6.0,3,6.0,200.0,6.0,0,1,1,66.67,33.33
88,8,Death Over,1,1,2.0,2,2.0,100.0,2.0,0,0,0,0.0,0.0
104,8,Death Over,5,5,59.0,34,11.8,173.53,22.0,3,4,3,20.59,20.59
104,8,Middle Over,1,1,14.0,12,14.0,116.67,14.0,0,1,0,41.67,8.33
109,8,Powerplay Over,1,1,4.0,7,4.0,57.14,4.0,1,0,1,85.71,14.29
111,8,Death Over,5,5,78.0,43,15.6,181.4,33.0,4,7,5,27.91,25.58
111,8,Middle Over,12,12,150.0,151,12.5,99.34,32.0,15,3,8,43.71,11.92
111,8,Powerplay Over,3,3,20.0,21,6.67,95.24,18.0,4,0,0,52.38,19.05
112,8,Death Over,1,1,1.0,1,1.0,100.0,1.0,0,0,0,0.0,0.0
114,8,Death Over,1,1,1.0,3,1.0,33.33,1.0,0,0,1,66.67,0.0
116,8,Death Over,7,7,119.0,61,17.0,195.08,41.0,11,8,4,22.95,31.15
116,8,Middle Over,8,8,184.0,104,23.0,176.92,46.0,22,9,3,29.81,29.81
116,8,Powerplay Over,2,2,23.0,10,11.5,230.0,23.0,2,2,0,30.0,40.0
121,8,Middle Over,4,4,108.0,71,27.0,152.11,35.0,11,3,3,22.54,19.72
121,8,Powerplay Over,14,14,231.0,184,16.5,125.54,30.0,36,2,9,41.3,20.65
128,8,Death Over,1,1,5.0,6,5.0,83.33,5.0,0,0,1,33.33,0.0
128,8,Middle Over,7,7,138.0,111,19.71,124.32,50.0,15,1,6,27.03,14.41
128,8,Powerplay Over,13,13,184.0,171,14.15,107.6,29.0,26,3,7,42.69,16.96
137,8,Death Over,6,6,52.0,34,8.67,152.94,23.0,6,1,3,20.59,20.59
144,8,Death Over,6,6,29.0,31,4.83,93.55,13.0,1,1,3,32.26,6.45
144,8,Middle Over,2,2,2.0,7,1.0,28.57,1.0,0,0,2,57.14,0.0
151,8,Death Over,3,3,48.0,21,16.0,228.57,34.0,4,3,1,14.29,33.33
151,8,Middle Over,10,10,253.0,194,25.3,130.41,46.0,15,11,7,29.38,13.4
151,8,Powerplay Over,16,16,204.0,180,12.75,113.33,44.0,16,9,6,43.89,13.89
155,8,Middle Over,2,2,36.0,33,18.0,109.09,26.0,4,1,2,36.36,15.15
155,8,Powerplay Over,2,2,21.0,25,10.5,84.0,15.0,4,0,0,56.0,16.0
158,8,Death Over,7,7,76.0,46,10.86,165.22,34.0,3,5,2,15.22,17.39
158,8,Middle Over,1,1,0.0,1,0.0,0.0,0.0,0,0,0,100.0,0.0
170,8,Death Over,4,4,26.0,13,6.5,200.0,8.0,2,2,3,30.77,30.77
170,8,Middle Over,8,8,102.0,94,12.75,108.51,23.0,11,2,7,37.23,13.83
170,8,Powerplay Over,5,5,13.0,13,2.6,100.0,5.0,2,0,0,46.15,15.38
178,8,Death Over,5,5,28.0,18,5.6,155.56,21.0,1,2,2,33.33,16.67
179,8,Death Over,1,1,1.0,1,1.0,100.0,1.0,0,0,0,0.0,0.0
189,8,Death Over,3,3,34.0,28,11.33,121.43,24.0,2,2,2,39.29,14.29
189,8,Middle Over,2,2,2.0,5,1.0,40.0,1.0,0,0,0,60.0,0.0
218,8,Death Over,5,5,89.0,50,17.8,178.0,43.0,12,1,4,16.0,26.0
218,8,Middle Over,5,5,22.0,22,4.4,100.0,11.0,0,1,2,31.82,4.55
221,8,Powerplay Over,3,3,23.0,33,7.67,69.7,10.0,4,0,3,63.64,12.12
223,8,Death Over,3,3,42.0,23,14.0,182.61,31.0,4,2,1,17.39,26.09
223,8,Middle Over,2,2,31.0,37,15.5,83.78,29.0,3,0,0,40.54,8.11
223,8,Powerplay Over,1,1,13.0,10,13.0,130.0,13.0,2,0,0,20.0,20.0
224,8,Death Over,6,6,19.0,14,3.17,135.71,9.0,0,2,4,28.57,14.29
225,8,Death Over,1,1,25.0,14,25.0,178.57,25.0,3,1,1,21.43,28.57
225,8,Middle Over,7,7,100.0,64,14.29,156.25,36.0,12,4,5,29.69,25.0
225,8,Powerplay Over,5,5,32.0,24,6.4,133.33,12.0,2,1,1,29.17,12.5
229,8,Death Over,2,2,58.0,24,29.0,241.67,32.0,3,5,1,16.67,33.33
229,8,Middle Over,3,3,52.0,58,17.33,89.66,24.0,7,1,1,53.45,13.79
229,8,Powerplay Over,3,3,4.0,16,1.33,25.0,4.0,1,0,1,87.5,6.25
230,8,Death Over,2,2,14.0,9,7.0,155.56,9.0,2,0,0,11.11,22.22
230,8,Middle Over,13,13,248.0,208,19.08,119.23,43.0,17,11,11,30.77,13.46
230,8,Powerplay Over,13,13,112.0,102,8.62,109.8,20.0,12,5,4,51.96,16.67
232,8,Death Over,2,2,33.0,21,16.5,157.14,17.0,2,2,2,19.05,19.05
232,8,Middle Over,4,4,155.0,98,38.75,158.16,60.0,14,10,3,33.67,24.49
232,8,Powerplay Over,14,14,248.0,174,17.71,142.53,36.0,35,11,10,47.13,26.44
234,8,Death Over,3,3,6.0,9,2.0,66.67,4.0,0,0,1,33.33,0.0
234,8,Middle Over,1,1,2.0,4,2.0,50.0,2.0,0,0,1,50.0,0.0
235,8,Death Over,2,2,5.0,6,2.5,83.33,3.0,0,0,1,33.33,0.0
240,8,Middle Over,2,2,12.0,15,6.0,80.0,9.0,0,1,2,46.67,6.67
245,8,Death Over,9,9,104.0,70,11.56,148.57,36.0,9,4,6,24.29,18.57
245,8,Middle Over,1,1,12.0,7,12.0,171.43,12.0,1,1,0,42.86,28.57
249,8,Death Over,4,4,16.0,12,4.0,133.33,6.0,1,1,2,25.0,16.67
249,8,Middle Over,1,1,4.0,8,4.0,50.0,4.0,1,0,1,87.5,12.5
250,8,Death Over,3,3,31.0,15,10.33,206.67,17.0,5,1,3,20.0,40.0
251,8,Death Over,6,6,32.0,29,5.33,110.34,18.0,4,1,4,37.93,17.24
251,8,Middle Over,1,1,22.0,20,22.0,110.0,22.0,1,1,1,30.0,10.0
255,8,Death Over,1,1,0.0,1,0.0,0.0,0.0,0,0,0,0.0,0.0
259,8,Death Over,2,2,4.0,12,2.0,33.33,3.0,0,0,2,58.33,0.0
260,8,Death Over,5,5,14.0,22,2.8,63.64,8.0,0,1,2,45.45,4.55
260,8,Middle Over,2,2,4.0,9,2.0,44.44,4.0,0,0,1,55.56,0.0
264,8,Death Over,4,4,36.0,26,9.0,138.46,17.0,2,2,4,30.77,15.38
264,8,Middle Over,8,8,115.0,73,14.38,157.53,37.0,4,9,5,30.14,17.81
268,8,Death Over,11,11,188.0,95,17.09,197.89,40.0,15,13,6,20.0,29.47
268,8,Middle Over,8,8,90.0,86,11.25,104.65,22.0,3,3,2,30.23,6.98
268,8,Powerplay Over,4,4,3.0,14,0.75,21.43,2.0,0,0,1,78.57,0.0
269,8,Death Over,3,3,67.0,38,22.33,176.32,46.0,2,4,1,21.05,15.79
269,8,Middle Over,8,8,167.0,133,20.88,125.56,31.0,12,7,6,33.08,14.29
269,8,Powerplay Over,5,5,53.0,45,10.6,117.78,26.0,5,2,0,26.67,15.56
293,8,Death Over,7,7,74.0,49,10.57,151.02,50.0,3,8,5,38.78,22.45
293,8,Middle Over,2,2,32.0,21,16.0,152.38,18.0,5,1,1,38.1,28.57
293,8,Powerplay Over,2,2,11.0,11,5.5,100.0,6.0,1,0,1,45.45,9.09
302,8,Death Over,1,1,19.0,14,19.0,135.71,19.0,1,0,0,14.29,7.14
302,8,Middle Over,5,5,67.0,65,13.4,103.08,45.0,4,1,4,30.77,7.69
302,8,Powerplay Over,13,13,278.0,208,21.38,133.65,39.0,37,6,8,36.06,20.67
303,8,Death Over,9,9,98.0,70,10.89,140.0,32.0,9,3,6,21.43,17.14
303,8,Middle Over,6,6,46.0,45,7.67,102.22,21.0,3,2,2,40.0,11.11
303,8,Super Over,1,1,0.0,1,0.0,0.0,0.0,0,0,1,100.0,0.0
342,8,Death Over,3,3,11.0,14,3.67,78.57,9.0,1,0,1,42.86,7.14
348,8,Death Over,8,8,87.0,61,10.88,142.62,22.0,3,5,5,24.59,13.11
348,8,Middle Over,6,6,58.0,60,9.67,96.67,26.0,3,1,0,36.67,6.67
356,8,Death Over,2,2,7.0,6,3.5,116.67,7.0,1,0,1,33.33,16.67
359,8,Death Over,7,7,132.0,63,18.86,209.52,61.0,5,14,5,25.4,30.16
359,8,Middle Over,10,10,199.0,184,19.9,108.15,38.0,15,5,5,33.15,10.87
359,8,Powerplay Over,4,4,26.0,26,6.5,100.0,14.0,1,2,2,42.31,11.54
359,8,Super Over,1,1,0.0,1,0.0,0.0,0.0,0,0,1,100.0,0.0
365,8,Powerplay Over,1,1,4.0,5,4.0,80.0,4.0,0,0,1,40.0,0.0
370,8,Death Over,3,3,35.0,24,11.67,145.83,18.0,2,2,1,25.0,16.67
370,8,Middle Over,4,4,99.0,95,24.75,104.21,26.0,5,3,3,30.53,8.42
370,8,Powerplay Over,3,3,8.0,14,2.67,57.14,5.0,1,0,3,71.43,7.14
371,8,Death Over,2,2,2.0,5,1.0,40.0,1.0,0,0,0,60.0,0.0
371,8,Middle Over,1,1,7.0,9,7.0,77.78,7.0,1,0,1,55.56,11.11
381,8,Death Over,2,2,16.0,16,8.0,100.0,16.0,3,0,1,31.25,18.75
381,8,Middle Over,1,1,4.0,4,4.0,100.0,4.0,1,0,0,75.0,25.0
386,8,Death Over,1,1,6.0,11,6.0,54.55,6.0,1,0,0,54.55,9.09
392,8,Death Over,1,1,14.0,9,14.0,155.56,14.0,2,0,1,22.22,22.22
392,8,Middle Over,8,8,187.0,130,23.38,143.85,64.0,9,11,6,26.92,15.38
392,8,Powerplay Over,14,14,361.0,229,25.79,157.64,59.0,54,10,5,37.55,27.95
398,8,Middle Over,2,2,44.0,27,22.0,162.96,37.0,4,3,2,33.33,25.93
398,8,Powerplay Over,3,3,78.0,51,26.0,152.94,43.0,14,1,1,39.22,29.41
399,8,Death Over,7,7,95.0,46,13.57,206.52,50.0,7,8,4,19.57,32.61
399,8,Middle Over,2,2,12.0,12,6.0,100.0,11.0,1,0,0,16.67,8.33
399,8,Powerplay Over,1,1,5.0,10,5.0,50.0,5.0,1,0,1,60.0,10.0
404,8,Death Over,5,5,42.0,23,8.4,182.61,28.0,3,2,1,13.04,21.74
404,8,Middle Over,1,1,6.0,10,6.0,60.0,6.0,1,0,0,70.0,10.0
405,8,Death Over,2,2,13.0,15,6.5,86.67,9.0,0,1,2,40.0,6.67
405,8,Middle Over,4,4,17.0,22,4.25,77.27,10.0,2,0,3,45.45,9.09
405,8,Powerplay Over,1,1,5.0,4,5.0,125.0,5.0,1,0,0,50.0,25.0
415,8,Death Over,6,6,48.0,40,8.0,120.0,32.0,5,1,3,27.5,15.0
415,8,Middle Over,13,13,236.0,208,18.15,113.46,37.0,17,3,7,24.04,9.62
415,8,Powerplay Over,8,8,96.0,69,12.0,139.13,29.0,15,1,1,40.58,23.19
428,8,Middle Over,1,1,48.0,26,48.0,184.62,48.0,3,3,2,15.38,23.08
428,8,Powerplay Over,4,4,33.0,34,8.25,97.06,17.0,4,0,3,47.06,11.76
428,8,Super Over,1,1,12.0,5,12.0,240.0,12.0,3,0,1,20.0,60.0
431,8,Death Over,2,2,7.0,9,3.5,77.78,5.0,1,0,0,55.56,11.11
431,8,Middle Over,1,1,4.0,7,4.0,57.14,4.0,0,0,1,57.14,0.0
439,8,Death Over,2,2,13.0,9,6.5,144.44,7.0,1,0,0,11.11,11.11
448,8,Middle Over,1,1,1.0,2,1.0,50.0,1.0,0,0,1,50.0,0.0
449,8,Death Over,10,10,102.0,66,10.2,154.55,35.0,11,3,6,24.24,21.21
449,8,Middle Over,7,7,92.0,84,13.14,109.52,27.0,11,2,2,39.29,15.48
449,8,Powerplay Over,1,1,1.0,1,1.0,100.0,1.0,0,0,0,0.0,0.0
451,8,Death Over,1,1,2.0,7,2.0,28.57,2.0,0,0,1,71.43,0.0
458,8,Death Over,1,1,23.0,10,23.0,230.0,23.0,5,0,1,10.0,50.0
458,8,Middle Over,5,5,65.0,59,13.0,110.17,34.0,6,2,4,30.51,13.56
458,8,Powerplay Over,5,5,14.0,20,2.8,70.0,5.0,2,0,0,65.0,10.0
462,8,Death Over,1,1,1.0,1,1.0,100.0,1.0,0,0,0,0.0,0.0
465,8,Death Over,5,5,65.0,44,13.0,147.73,22.0,7,2,5,29.55,20.45
465,8,Middle Over,6,6,91.0,91,15.17,100.0,32.0,0,3,2,24.18,3.3
465,8,Powerplay Over,9,9,93.0,70,10.33,132.86,31.0,9,5,6,44.29,20.0
475,8,Death Over,5,5,119.0,68,23.8,175.0,38.0,7,7,3,14.71,20.59
475,8,Middle Over,10,10,84.0,87,8.4,96.55,23.0,5,0,6,29.89,5.75
475,8,Powerplay Over,7,7,56.0,41,8.0,136.59,16.0,10,0,1,34.15,24.39
476,8,Death Over,1,1,14.0,11,14.0,127.27,14.0,2,0,1,18.18,18.18
476,8,Middle Over,3,3,81.0,67,27.0,120.9,36.0,7,2,2,20.9,13.43
476,8,Powerplay Over,10,10,118.0,109,11.8,108.26,37.0,14,5,7,49.54,17.43
477,8,Death Over,4,4,12.0,22,3.0,54.55,7.0,0,0,2,45.45,0.0
477,8,Middle Over,1,1,5.0,3,5.0,166.67,5.0,1,0,0,33.33,33.33
478,8,Death Over,1,1,1.0,2,1.0,50.0,1.0,0,0,0,50.0,0.0
479,8,Death Over,7,7,117.0,72,16.71,162.5,27.0,10,6,5,23.61,22.22
479,8,Middle Over,6,6,27.0,37,4.5,72.97,16.0,2,0,2,40.54,5.41
481,8,Death Over,5,5,132.0,60,26.4,220.0,52.0,14,7,1,13.33,35.0
481,8,Middle Over,10,10,297.0,167,29.7,177.84,70.0,30,15,3,23.95,26.95
481,8,Powerplay Over,8,8,84.0,75,10.5,112.0,27.0,16,0,4,46.67,21.33
485,8,Death Over,8,8,71.0,53,8.88,133.96,24.0,1,6,5,28.3,13.21
485,8,Middle Over,3,3,33.0,34,11.0,97.06,16.0,2,0,1,23.53,5.88
490,8,Death Over,5,5,72.0,48,14.4,150.0,40.0,7,2,3,27.08,18.75
490,8,Middle Over,8,8,213.0,175,26.62,121.71,37.0,12,6,3,24.0,10.29
490,8,Powerplay Over,13,13,255.0,200,19.62,127.5,29.0,34,5,5,38.5,19.5
492,8,Death Over,5,5,69.0,38,13.8,181.58,25.0,7,3,4,21.05,26.32
492,8,Middle Over,8,8,103.0,92,12.88,111.96,36.0,11,1,5,35.87,13.04
492,8,Powerplay Over,3,3,9.0,17,3.0,52.94,8.0,0,1,1,70.59,5.88
502,8,Death Over,4,4,68.0,29,17.0,234.48,26.0,3,7,3,17.24,34.48
502,8,Middle Over,6,6,80.0,71,13.33,112.68,41.0,7,1,3,35.21,11.27
502,8,Powerplay Over,6,6,56.0,66,9.33,84.85,17.0,6,0,4,48.48,9.09
504,8,Death Over,2,2,26.0,19,13.0,136.84,16.0,2,1,1,36.84,15.79
504,8,Middle Over,6,6,107.0,86,17.83,124.42,37.0,8,4,4,25.58,13.95
504,8,Powerplay Over,14,14,220.0,188,15.71,117.02,42.0,35,1,8,42.55,19.15
514,8,Death Over,3,3,13.0,6,4.33,216.67,12.0,0,2,1,50.0,33.33
522,8,Death Over,11,11,236.0,142,21.45,166.2,49.0,16,16,9,31.69,22.54
522,8,Middle Over,16,16,136.0,166,8.5,81.93,21.0,11,1,7,42.17,7.23
522,8,Powerplay Over,1,1,0.0,1,0.0,0.0,0.0,0,0,0,100.0,0.0
530,8,Death Over,4,4,57.0,36,14.25,158.33,44.0,7,1,3,30.56,22.22
530,8,Middle Over,10,10,185.0,150,18.5,123.33,52.0,17,2,9,23.33,12.67
530,8,Powerplay Over,7,7,51.0,40,7.29,127.5,17.0,9,0,0,40.0,22.5
530,8,Super Over,1,1,5.0,2,5.0,250.0,5.0,1,0,0,0.0,50.0
543,8,Death Over,5,5,66.0,37,13.2,178.38,45.0,4,5,4,32.43,24.32
543,8,Middle Over,7,7,103.0,83,14.71,124.1,26.0,5,6,3,33.73,13.25
543,8,Powerplay Over,4,4,18.0,34,4.5,52.94,9.0,2,0,1,64.71,5.88
544,8,Death Over,5,5,90.0,64,18.0,140.62,28.0,7,4,0,17.19,17.19
544,8,Middle Over,2,2,19.0,19,9.5,100.0,14.0,2,1,0,57.89,15.79
545,8,Death Over,3,3,17.0,10,5.67,170.0,11.0,2,1,1,50.0,30.0
550,8,Death Over,1,1,2.0,2,2.0,100.0,2.0,0,0,0,0.0,0.0
554,8,Death Over,1,1,3.0,3,3.0,100.0,3.0,0,0,1,33.33,0.0
554,8,Middle Over,9,9,131.0,108,14.56,121.3,33.0,9,5,7,30.56,12.96
554,8,Powerplay Over,10,10,91.0,76,9.1,119.74,19.0,13,2,2,44.74,19.74
558,8,Death Over,1,1,0.0,1,0.0,0.0,0.0,0,0,0,100.0,0.0
559,8,Death Over,3,3,20.0,13,6.67,153.85,19.0,3,0,2,23.08,23.08
563,8,Middle Over,5,5,48.0,48,9.6,100.0,19.0,3,1,3,31.25,8.33
563,8,Powerplay Over,11,11,203.0,185,18.45,109.73,34.0,24,7,6,52.43,16.76
564,8,Death Over,3,3,29.0,16,9.67,181.25,24.0,5,1,1,31.25,37.5
573,8,Death Over,7,7,98.0,59,14.0,166.1,32.0,5,5,5,15.25,16.95
573,8,Middle Over,10,10,203.0,159,20.3,127.67,38.0,11,10,2,23.9,13.21
573,8,Powerplay Over,10,10,113.0,109,11.3,103.67,23.0,11,5,3,46.79,14.68
579,8,Middle Over,2,2,22.0,21,11.0,104.76,22.0,0,2,2,47.62,9.52
579,8,Powerplay Over,7,7,60.0,62,8.57,96.77,20.0,4,3,5,50.0,11.29
597,8,Death Over,2,2,0.0,2,0.0,0.0,0.0,0,0,1,50.0,0.0
604,8,Death Over,2,2,37.0,21,18.5,176.19,34.0,3,2,1,19.05,23.81
604,8,Middle Over,4,4,24.0,24,6.0,100.0,12.0,1,1,4,41.67,8.33
614,8,Death Over,1,1,25.0,19,25.0,131.58,25.0,1,1,0,5.26,10.53
614,8,Middle Over,2,2,6.0,10,3.0,60.0,5.0,0,0,1,30.0,0.0
624,8,Death Over,2,2,56.0,26,28.0,215.38,44.0,4,5,3,23.08,34.62
624,8,Middle Over,5,5,135.0,98,27.0,137.76,55.0,4,12,2,26.53,16.33
624,8,Powerplay Over,14,14,300.0,235,21.43,127.66,50.0,31,21,8,48.51,22.13
625,8,Death Over,1,1,7.0,6,7.0,116.67,7.0,1,0,0,33.33,16.67
631,8,Death Over,5,5,57.0,32,11.4,178.12,27.0,5,3,3,25.0,25.0
631,8,Middle Over,10,10,79.0,72,7.9,109.72,22.0,6,3,6,37.5,12.5
631,8,Powerplay Over,3,3,21.0,11,7.0,190.91,18.0,1,2,0,27.27,27.27
634,8,Middle Over,9,9,137.0,93,15.22,147.31,36.0,15,6,7,36.56,22.58
634,8,Powerplay Over,16,16,262.0,248,16.38,105.65,50.0,37,10,7,55.24,18.95
653,8,Middle Over,1,1,0.0,1,0.0,0.0,0.0,0,0,1,100.0,0.0
653,8,Powerplay Over,1,1,14.0,9,14.0,155.56,14.0,1,1,1,33.33,22.22
654,8,Death Over,9,9,125.0,80,13.89,156.25,28.0,14,5,5,28.75,23.75
654,8,Middle Over,11,11,173.0,148,15.73,116.89,34.0,13,7,2,32.43,13.51
654,8,Powerplay Over,2,2,14.0,15,7.0,93.33,10.0,2,0,0,33.33,13.33
656,8,Death Over,9,9,74.0,66,8.22,112.12,17.0,4,2,8,21.21,9.09
656,8,Middle Over,8,8,131.0,113,16.38,115.93,40.0,9,6,2,33.63,13.27
656,8,Powerplay Over,1,1,1.0,2,1.0,50.0,1.0,0,0,0,50.0,0.0
663,8,Death Over,2,2,15.0,11,7.5,136.36,14.0,1,1,1,36.36,18.18
663,8,Middle Over,1,1,0.0,2,0.0,0.0,0.0,0,0,0,100.0,0.0
665,8,Death Over,10,10,229.0,131,22.9,174.81,51.0,14,16,7,18.32,22.9
665,8,Middle Over,11,11,190.0,139,17.27,136.69,49.0,14,12,3,38.85,18.71
686,8,Powerplay Over,2,2,14.0,18,7.0,77.78,7.0,1,0,2,38.89,5.56
694,8,Death Over,2,2,35.0,19,17.5,184.21,20.0,3,2,1,21.05,26.32
694,8,Middle Over,9,9,246.0,197,27.33,124.87,35.0,21,10,7,37.56,15.74
694,8,Powerplay Over,13,13,259.0,239,19.92,108.37,33.0,32,9,5,48.12,17.15
695,8,Death Over,1,1,4.0,3,4.0,133.33,4.0,0,0,0,0.0,0.0
703,8,Death Over,2,2,7.0,6,3.5,116.67,5.0,0,0,0,0.0,0.0
705,8,Death Over,7,7,95.0,56,13.57,169.64,34.0,8,5,6,26.79,23.21
705,8,Middle Over,15,15,298.0,222,19.87,134.23,41.0,22,12,8,26.58,15.32
705,8,Powerplay Over,8,8,89.0,61,11.12,145.9,26.0,11,4,1,42.62,24.59
723,8,Death Over,1,1,15.0,7,15.0,214.29,15.0,0,2,1,28.57,28.57
723,8,Middle Over,1,1,30.0,26,30.0,115.38,30.0,2,0,0,23.08,7.69
723,8,Powerplay Over,4,4,32.0,40,8.0,80.0,16.0,3,1,3,45.0,10.0
726,8,Death Over,2,2,24.0,15,12.0,160.0,16.0,4,0,2,26.67,26.67
726,8,Middle Over,1,1,6.0,13,6.0,46.15,6.0,0,0,1,46.15,0.0
726,8,Powerplay Over,1,1,9.0,8,9.0,112.5,9.0,2,0,1,62.5,25.0
732,8,Death Over,2,2,3.0,5,1.5,60.0,2.0,0,0,0,40.0,0.0
743,8,Death Over,2,2,4.0,11,2.0,36.36,4.0,0,0,2,27.27,0.0
743,8,Middle Over,2,2,32.0,21,16.0,152.38,23.0,5,0,1,28.57,23.81
756,8,Death Over,1,1,0.0,1,0.0,0.0,0.0,0,0,1,100.0,0.0
757,8,Death Over,5,5,52.0,36,10.4,144.44,15.0,4,1,2,11.11,13.89
757,8,Middle Over,5,5,22.0,33,4.4,66.67,13.0,3,0,3,42.42,9.09
760,8,Death Over,2,2,23.0,13,11.5,176.92,16.0,3,0,1,15.38,23.08
760,8,Middle Over,8,8,219.0,147,27.38,148.98,53.0,14,15,6,30.61,19.73
760,8,Powerplay Over,14,14,197.0,200,14.07,98.5,26.0,24,6,6,49.5,15.0
762,8,Powerplay Over,2,2,37.0,30,18.5,123.33,20.0,6,1,2,60.0,23.33
777,8,Death Over,1,1,0.0,2,0.0,0.0,0.0,0,0,1,50.0,0.0
779,8,Death Over,5,5,99.0,65,19.8,152.31,41.0,11,4,5,27.69,23.08
779,8,Middle Over,5,5,23.0,25,4.6,92.0,9.0,1,0,0,24.0,4.0
6,9,Death Over,10,10,106.0,96,10.6,110.42,30.0,9,3,7,29.17,12.5
6,9,Middle Over,11,11,66.0,76,6.0,86.84,11.0,3,0,3,35.53,3.95
6,9,Powerplay Over,1,1,19.0,17,19.0,111.76,19.0,2,1,0,41.18,17.65
23,9,Death Over,3,3,40.0,32,13.33,125.0,23.0,2,2,0,25.0,12.5
23,9,Middle Over,1,1,2.0,1,2.0,200.0,2.0,0,0,0,0.0,0.0
35,9,Death Over,4,4,13.0,14,3.25,92.86,10.0,2,0,3,42.86,14.29
35,9,Middle Over,3,3,29.0,27,9.67,107.41,27.0,3,0,1,33.33,11.11
47,9,Death Over,1,1,1.0,1,1.0,100.0,1.0,0,0,0,0.0,0.0
60,9,Death Over,1,1,14.0,8,14.0,175.0,14.0,1,1,1,25.0,25.0
60,9,Middle Over,3,3,77.0,57,25.67,135.09,52.0,5,6,2,40.35,19.3
60,9,Powerplay Over,2,2,13.0,13,6.5,100.0,9.0,1,1,0,61.54,15.38
63,9,Death Over,5,5,55.0,34,11.0,161.76,32.0,3,3,4,26.47,17.65
63,9,Middle Over,8,8,106.0,80,13.25,132.5,57.0,8,5,5,30.0,16.25
63,9,Powerplay Over,2,2,18.0,15,9.0,120.0,10.0,3,0,0,40.0,20.0
64,9,Death Over,1,1,1.0,1,1.0,100.0,1.0,0,0,0,0.0,0.0
74,9,Death Over,8,8,76.0,39,9.5,194.87,33.0,5,7,7,33.33,30.77
74,9,Middle Over,10,10,96.0,84,9.6,114.29,36.0,8,5,4,46.43,15.48
74,9,Powerplay Over,2,2,7.0,12,3.5,58.33,6.0,1,0,2,66.67,8.33
80,9,Death Over,11,11,70.0,69,6.36,101.45,16.0,4,2,8,36.23,8.7
80,9,Middle Over,5,5,59.0,63,11.8,93.65,25.0,2,3,2,46.03,7.94
80,9,Powerplay Over,1,1,7.0,10,7.0,70.0,7.0,1,0,0,60.0,10.0
90,9,Death Over,2,2,18.0,17,9.0,105.88,10.0,0,1,2,29.41,5.88
90,9,Middle Over,1,1,6.0,7,6.0,85.71,6.0,1,0,1,57.14,14.29
94,9,Death Over,1,1,1.0,3,1.0,33.33,1.0,0,0,1,66.67,0.0
94,9,Middle Over,1,1,12.0,8,12.0,150.0,12.0,0,1,0,12.5,12.5
95,9,Death Over,1,1,19.0,9,19.0,211.11,19.0,1,2,1,22.22,33.33
95,9,Powerplay Over,1,1,5.0,6,5.0,83.33,5.0,1,0,1,50.0,16.67
99,9,Middle Over,2,2,20.0,26,10.0,76.92,15.0,1,0,2,38.46,3.85
99,9,Powerplay Over,6,6,107.0,79,17.83,135.44,25.0,13,3,3,32.91,20.25
104,9,Death Over,3,3,16.0,14,5.33,114.29,13.0,0,1,2,21.43,7.14
104,9,Middle Over,1,1,31.0,16,31.0,193.75,31.0,2,3,0,37.5,31.25
111,9,Death Over,5,5,75.0,45,15.0,166.67,28.0,9,4,5,28.89,28.89
111,9,Middle Over,10,10,155.0,133,15.5,116.54,32.0,12,9,5,47.37,15.79
111,9,Powerplay Over,1,1,6.0,5,6.0,120.0,6.0,1,0,0,40.0,20.0
116,9,Death Over,7,7,126.0,76,18.0,165.79,38.0,8,10,6,27.63,23.68
116,9,Middle Over,7,7,62.0,49,8.86,126.53,31.0,2,5,1,34.69,14.29
121,9,Death Over,1,1,11.0,7,11.0,157.14,11.0,0,1,1,14.29,14.29
121,9,Middle Over,2,2,72.0,51,36.0,141.18,47.0,6,3,1,23.53,17.65
121,9,Powerplay Over,10,10,94.0,103,9.4,91.26,23.0,17,0,8,52.43,16.5
128,9,Death Over,2,2,37.0,22,18.5,168.18,27.0,5,1,1,22.73,27.27
128,9,Middle Over,10,10,241.0,196,24.1,122.96,50.0,21,4,7,26.02,12.76
128,9,Powerplay Over,15,15,223.0,206,14.87,108.25,30.0,28,1,4,36.41,14.08
129,9,Death Over,2,2,6.0,13,3.0,46.15,4.0,1,0,2,76.92,7.69
137,9,Death Over,5,5,12.0,13,2.4,92.31,10.0,0,1,1,53.85,7.69
137,9,Middle Over,1,1,29.0,19,29.0,152.63,29.0,3,0,1,5.26,15.79
137,9,Powerplay Over,1,1,0.0,6,0.0,0.0,0.0,0,0,0,100.0,0.0
140,9,Middle Over,3,3,45.0,43,15.0,104.65,22.0,1,2,2,34.88,6.98
140,9,Powerplay Over,3,3,28.0,18,9.33,155.56,15.0,3,1,1,22.22,22.22
144,9,Death Over,2,2,3.0,9,1.5,33.33,2.0,0,0,2,55.56,0.0
144,9,Middle Over,1,1,2.0,5,2.0,40.0,2.0,0,0,0,80.0,0.0
148,9,Death Over,2,2,2.0,4,1.0,50.0,2.0,0,0,0,25.0,0.0
151,9,Death Over,9,9,233.0,112,25.89,208.04,58.0,18,15,5,16.96,29.46
151,9,Middle Over,13,13,462.0,310,35.54,149.03,87.0,34,17,4,18.71,16.45
151,9,Powerplay Over,16,16,278.0,233,17.38,119.31,30.0,32,6,3,37.77,16.31
158,9,Death Over,6,6,136.0,80,22.67,170.0,47.0,11,7,3,23.75,22.5
158,9,Middle Over,4,4,59.0,34,14.75,173.53,35.0,4,5,1,35.29,26.47
170,9,Death Over,6,6,71.0,45,11.83,157.78,25.0,9,1,4,24.44,22.22
170,9,Middle Over,13,13,235.0,190,18.08,123.68,46.0,25,2,8,27.89,14.21
170,9,Powerplay Over,7,7,29.0,38,4.14,76.32,12.0,4,0,2,57.89,10.53
173,9,Death Over,3,3,57.0,30,19.0,190.0,39.0,3,6,2,30.0,30.0
173,9,Middle Over,1,1,8.0,7,8.0,114.29,8.0,1,0,1,42.86,14.29
178,9,Death Over,4,4,18.0,15,4.5,120.0,15.0,1,1,3,40.0,13.33
178,9,Middle Over,1,1,14.0,12,14.0,116.67,14.0,2,0,1,25.0,16.67
180,9,Death Over,2,2,6.0,12,3.0,50.0,5.0,0,0,0,33.33,0.0
189,9,Death Over,2,2,14.0,6,7.0,233.33,11.0,0,1,0,0.0,16.67
195,9,Death Over,2,2,19.0,13,9.5,146.15,18.0,1,1,0,30.77,15.38
205,9,Death Over,4,4,75.0,32,18.75,234.38,34.0,6,7,4,25.0,40.62
205,9,Middle Over,3,3,8.0,8,2.67,100.0,6.0,0,1,2,50.0,12.5
212,9,Death Over,1,1,2.0,2,2.0,100.0,2.0,0,0,1,0.0,0.0
212,9,Middle Over,2,2,9.0,12,4.5,75.0,7.0,0,0,1,16.67,0.0
218,9,Death Over,4,4,61.0,27,15.25,225.93,35.0,6,4,2,22.22,37.04
218,9,Middle Over,1,1,5.0,4,5.0,125.0,5.0,1,0,0,50.0,25.0
221,9,Death Over,5,5,89.0,57,17.8,156.14,29.0,8,3,2,26.32,19.3
221,9,Middle Over,8,8,201.0,159,25.12,126.42,39.0,18,8,2,28.3,16.35
221,9,Powerplay Over,9,9,103.0,95,11.44,108.42,35.0,19,0,4,47.37,20.0
223,9,Death Over,1,1,15.0,8,15.0,187.5,15.0,0,2,1,25.0,25.0
223,9,Middle Over,1,1,1.0,1,1.0,100.0,1.0,0,0,0,0.0,0.0
230,9,Death Over,4,4,38.0,27,9.5,140.74,21.0,4,0,4,22.22,14.81
230,9,Middle Over,10,10,183.0,165,18.3,110.91,31.0,16,1,6,21.82,10.3
230,9,Powerplay Over,11,11,178.0,129,16.18,137.98,33.0,19,9,5,42.64,21.71
232,9,Middle Over,9,9,124.0,98,13.78,126.53,30.0,12,4,9,26.53,16.33
232,9,Powerplay Over,16,16,230.0,175,14.38,131.43,36.0,26,12,7,45.14,21.71
234,9,Death Over,2,2,0.0,6,0.0,0.0,0.0,0,0,2,100.0,0.0
234,9,Middle Over,2,2,4.0,8,2.0,50.0,3.0,0,0,0,50.0,0.0
235,9,Death Over,1,1,5.0,7,5.0,71.43,5.0,1,0,1,71.43,14.29
240,9,Death Over,8,8,115.0,69,14.38,166.67,28.0,6,9,5,26.09,21.74
240,9,Middle Over,5,5,35.0,28,7.0,125.0,12.0,1,2,2,35.71,10.71
243,9,Death Over,1,1,0.0,1,0.0,0.0,0.0,0,0,1,100.0,0.0
245,9,Death Over,3,3,32.0,29,10.67,110.34,19.0,2,1,1,20.69,10.34
245,9,Middle Over,3,3,25.0,31,8.33,80.65,11.0,0,2,2,54.84,6.45
245,9,Powerplay Over,1,1,0.0,3,0.0,0.0,0.0,0,0,0,100.0,0.0
249,9,Death Over,2,2,4.0,6,2.0,66.67,2.0,0,0,0,33.33,0.0
249,9,Middle Over,1,1,5.0,8,5.0,62.5,5.0,1,0,0,75.0,12.5
251,9,Death Over,1,1,8.0,5,8.0,160.0,8.0,1,0,1,20.0,20.0
251,9,Middle Over,1,1,4.0,8,4.0,50.0,4.0,0,0,1,50.0,0.0
251,9,Powerplay Over,2,2,15.0,13,7.5,115.38,8.0,3,0,1,53.85,23.08
255,9,Death Over,3,3,7.0,14,2.33,50.0,4.0,0,0,0,50.0,0.0
256,9,Death Over,2,2,12.0,19,6.0,63.16,11.0,0,0,2,42.11,0.0
256,9,Middle Over,1,1,11.0,14,11.0,78.57,11.0,1,0,0,35.71,7.14
259,9,Death Over,4,4,25.0,13,6.25,192.31,10.0,3,0,1,15.38,23.08
259,9,Middle Over,1,1,2.0,3,2.0,66.67,2.0,0,0,1,33.33,0.0
263,9,Death Over,2,2,3.0,6,1.5,50.0,2.0,0,0,1,50.0,0.0
263,9,Middle Over,1,1,5.0,5,5.0,100.0,5.0,1,0,0,60.0,20.0
264,9,Death Over,10,10,65.0,47,6.5,138.3,16.0,4,3,7,23.4,14.89
264,9,Middle Over,12,12,79.0,75,6.58,105.33,33.0,5,2,4,33.33,9.33
264,9,Powerplay Over,1,1,0.0,3,0.0,0.0,0.0,0,0,0,100.0,0.0
267,9,Death Over,3,3,29.0,20,9.67,145.0,21.0,2,2,1,40.0,20.0
267,9,Middle Over,6,6,126.0,95,21.0,132.63,39.0,11,4,4,32.63,15.79
267,9,Powerplay Over,5,5,43.0,40,8.6,107.5,30.0,6,0,2,40.0,15.0
268,9,Death Over,5,5,23.0,20,4.6,115.0,13.0,1,1,4,30.0,10.0
268,9,Middle Over,9,9,172.0,150,19.11,114.67,50.0,8,8,5,29.33,10.67
268,9,Powerplay Over,10,10,139.0,114,13.9,121.93,31.0,19,3,2,42.11,19.3
269,9,Death Over,6,6,58.0,39,9.67,148.72,31.0,4,3,4,28.21,17.95
269,9,Middle Over,7,7,82.0,75,11.71,109.33,20.0,7,2,7,34.67,12.0
269,9,Powerplay Over,6,6,42.0,48,7.0,87.5,11.0,4,1,2,45.83,10.42
293,9,Death Over,7,7,67.0,49,9.57,136.73,38.0,10,2,3,38.78,24.49
293,9,Middle Over,3,3,25.0,42,8.33,59.52,16.0,1,0,0,50.0,2.38
297,9,Death Over,1,1,7.0,11,7.0,63.64,7.0,0,0,1,54.55,0.0
302,9,Death Over,2,2,19.0,12,9.5,158.33,13.0,1,1,1,8.33,16.67
302,9,Middle Over,7,7,122.0,103,17.43,118.45,51.0,9,4,6,25.24,12.62
302,9,Powerplay Over,15,15,253.0,185,16.87,136.76,45.0,35,3,9,33.51,20.54
303,9,Death Over,5,5,67.0,46,13.4,145.65,22.0,7,0,3,15.22,15.22
303,9,Middle Over,1,1,10.0,14,10.0,71.43,10.0,0,0,0,35.71,0.0
307,9,Death Over,5,5,81.0,50,16.2,162.0,25.0,7,4,4,22.0,22.0
307,9,Middle Over,2,2,38.0,29,19.0,131.03,24.0,2,1,0,27.59,10.34
307,9,Powerplay Over,1,1,0.0,3,0.0,0.0,0.0,0,0,1,100.0,0.0
356,9,Death Over,1,1,3.0,3,3.0,100.0,3.0,0,0,0,33.33,0.0
359,9,Death Over,7,7,89.0,58,12.71,153.45,30.0,6,3,4,17.24,15.52
359,9,Middle Over,8,8,69.0,72,8.62,95.83,19.0,5,1,5,36.11,8.33
359,9,Powerplay Over,2,2,3.0,9,1.5,33.33,3.0,0,0,1,44.44,0.0
370,9,Death Over,3,3,49.0,30,16.33,163.33,25.0,2,4,1,13.33,20.0
370,9,Middle Over,9,9,185.0,128,20.56,144.53,43.0,16,7,5,21.88,17.97
370,9,Powerplay Over,9,9,163.0,119,18.11,136.97,39.0,19,5,3,36.13,20.17
371,9,Death Over,3,3,3.0,4,1.0,75.0,1.0,0,0,0,25.0,0.0
371,9,Middle Over,1,1,5.0,5,5.0,100.0,5.0,0,0,0,0.0,0.0
381,9,Death Over,2,2,26.0,10,13.0,260.0,22.0,4,1,0,0.0,50.0
381,9,Middle Over,1,1,11.0,17,11.0,64.71,11.0,0,0,0,41.18,0.0
391,9,Death Over,1,1,0.0,1,0.0,0.0,0.0,0,0,1,100.0,0.0
392,9,Death Over,4,4,49.0,25,12.25,196.0,21.0,3,4,2,32.0,28.0
392,9,Middle Over,12,12,332.0,229,27.67,144.98,54.0,30,10,9,22.27,17.47
392,9,Powerplay Over,17,17,467.0,325,27.47,143.69,45.0,55,17,5,36.31,22.15
398,9,Death Over,2,2,27.0,15,13.5,180.0,20.0,5,0,2,13.33,33.33
398,9,Middle Over,7,7,175.0,134,25.0,130.6,54.0,15,6,5,26.12,15.67
398,9,Powerplay Over,13,13,243.0,191,18.69,127.23,37.0,32,7,6,42.41,20.42
399,9,Death Over,5,5,17.0,20,3.4,85.0,7.0,2,0,3,40.0,10.0
399,9,Middle Over,2,2,14.0,19,7.0,73.68,9.0,0,0,2,31.58,0.0
399,9,Powerplay Over,4,4,13.0,27,3.25,48.15,9.0,2,0,2,62.96,7.41
405,9,Death Over,4,4,49.0,31,12.25,158.06,26.0,4,3,4,25.81,22.58
405,9,Middle Over,4,4,63.0,53,15.75,118.87,25.0,7,0,2,30.19,13.21
405,9,Powerplay Over,1,1,1.0,3,1.0,33.33,1.0,0,0,0,66.67,0.0
415,9,Death Over,2,2,27.0,14,13.5,192.86,17.0,3,1,2,21.43,28.57
415,9,Middle Over,4,4,93.0,83,23.25,112.05,39.0,5,3,2,26.51,9.64
415,9,Powerplay Over,6,6,86.0,72,14.33,119.44,26.0,9,5,2,45.83,19.44
428,9,Death Over,1,1,21.0,13,21.0,161.54,21.0,1,1,1,7.69,15.38
428,9,Middle Over,6,6,104.0,84,17.33,123.81,39.0,8,3,5,26.19,13.1
428,9,Powerplay Over,4,4,34.0,37,8.5,91.89,13.0,4,0,0,48.65,10.81
436,9,Death Over,1,1,10.0,10,10.0,100.0,10.0,0,0,0,40.0,0.0
436,9,Powerplay Over,1,1,15.0,13,15.0,115.38,15.0,0,1,1,30.77,7.69
439,9,Death Over,3,3,27.0,16,9.0,168.75,25.0,1,2,2,18.75,18.75
439,9,Middle Over,1,1,3.0,4,3.0,75.0,3.0,0,0,1,25.0,0.0
440,9,Death Over,2,2,13.0,7,6.5,185.71,12.0,0,1,0,28.57,14.29
440,9,Middle Over,1,1,0.0,1,0.0,0.0,0.0,0,0,1,100.0,0.0
448,9,Death Over,4,4,51.0,25,12.75,204.0,27.0,1,5,1,24.0,24.0
449,9,Death Over,7,7,70.0,43,10.0,162.79,22.0,10,1,3,16.28,25.58
449,9,Middle Over,6,6,29.0,45,4.83,64.44,18.0,1,0,5,42.22,2.22
451,9,Death Over,1,1,1.0,5,1.0,20.0,1.0,0,0,0,60.0,0.0
458,9,Powerplay Over,1,1,0.0,5,0.0,0.0,0.0,0,0,1,80.0,0.0
462,9,Middle Over,1,1,2.0,16,2.0,12.5,2.0,0,0,1,87.5,0.0
465,9,Death Over,5,5,67.0,46,13.4,145.65,29.0,8,0,4,23.91,17.39
465,9,Middle Over,10,10,147.0,133,14.7,110.53,42.0,11,1,6,27.07,9.02
465,9,Powerplay Over,5,5,56.0,35,11.2,160.0,24.0,10,0,1,37.14,28.57
475,9,Death Over,1,1,0.0,2,0.0,0.0,0.0,0,0,1,50.0,0.0
475,9,Middle Over,4,4,53.0,52,13.25,101.92,27.0,3,2,3,38.46,9.62
475,9,Powerplay Over,4,4,31.0,45,7.75,68.89,13.0,6,0,0,62.22,13.33
476,9,Powerplay Over,3,3,27.0,26,9.0,103.85,10.0,3,1,3,46.15,15.38
477,9,Death Over,5,5,23.0,23,4.6,100.0,15.0,3,0,3,39.13,13.04
477,9,Middle Over,1,1,1.0,4,1.0,25.0,1.0,0,0,1,75.0,0.0
480,9,Death Over,1,1,32.0,16,32.0,200.0,32.0,5,1,1,25.0,37.5
480,9,Middle Over,3,3,39.0,30,13.0,130.0,32.0,5,0,2,23.33,16.67
480,9,Powerplay Over,6,6,86.0,76,14.33,113.16,32.0,10,3,3,42.11,17.11
481,9,Death Over,6,6,153.0,67,25.5,228.36,52.0,10,13,3,17.91,34.33
481,9,Middle Over,15,15,391.0,248,26.07,157.66,61.0,29,18,9,19.35,18.95
481,9,Powerplay Over,10,10,143.0,100,14.3,143.0,37.0,18,6,1,37.0,24.0
482,9,Death Over,1,1,3.0,4,3.0,75.0,3.0,0,0,0,25.0,0.0
485,9,Death Over,3,3,36.0,34,12.0,105.88,26.0,3,1,0,23.53,11.76
489,9,Death Over,1,1,0.0,1,0.0,0.0,0.0,0,0,1,100.0,0.0
490,9,Death Over,3,3,40.0,25,13.33,160.0,16.0,2,3,2,20.0,20.0
490,9,Middle Over,7,7,225.0,169,32.14,133.14,40.0,20,3,2,18.93,13.61
490,9,Powerplay Over,14,14,215.0,193,15.36,111.4,30.0,32,3,9,47.67,18.13
492,9,Death Over,4,4,58.0,35,14.5,165.71,31.0,4,4,2,25.71,22.86
492,9,Middle Over,8,8,178.0,163,22.25,109.2,39.0,17,1,5,28.22,11.04
492,9,Powerplay Over,10,10,121.0,106,12.1,114.15,24.0,19,1,4,48.11,18.87
502,9,Death Over,4,4,39.0,28,9.75,139.29,15.0,1,3,1,21.43,14.29
502,9,Middle Over,9,9,172.0,133,19.11,129.32,42.0,11,5,5,23.31,12.03
502,9,Powerplay Over,10,10,80.0,104,8.0,76.92,20.0,8,0,4,49.04,7.69
504,9,Death Over,3,3,70.0,42,23.33,166.67,37.0,9,2,1,21.43,26.19
504,9,Middle Over,10,10,223.0,202,22.3,110.4,42.0,19,2,5,31.19,10.4
504,9,Powerplay Over,17,17,208.0,194,12.24,107.22,25.0,23,4,7,44.33,13.92
506,9,Death Over,2,2,14.0,12,7.0,116.67,9.0,2,0,1,33.33,16.67
506,9,Middle Over,1,1,0.0,1,0.0,0.0,0.0,0,0,1,100.0,0.0
512,9,Death Over,1,1,4.0,6,4.0,66.67,4.0,0,0,0,33.33,0.0
512,9,Middle Over,1,1,2.0,3,2.0,66.67,2.0,0,0,0,33.33,0.0
512,9,Powerplay Over,2,2,24.0,22,12.0,109.09,14.0,3,0,1,36.36,13.64
514,9,Death Over,2,2,6.0,6,3.0,100.0,4.0,1,0,1,50.0,16.67
514,9,Middle Over,2,2,28.0,17,14.0,164.71,20.0,1,3,2,41.18,23.53
522,9,Death Over,11,11,190.0,119,17.27,159.66,46.0,13,12,6,26.05,21.01
522,9,Middle Over,9,9,86.0,88,9.56,97.73,31.0,4,2,2,32.95,6.82
522,9,Powerplay Over,1,1,8.0,13,8.0,61.54,8.0,1,0,0,53.85,7.69
530,9,Death Over,3,3,52.0,30,17.33,173.33,29.0,5,2,3,23.33,23.33
530,9,Middle Over,6,6,127.0,96,21.17,132.29,49.0,8,4,2,22.92,12.5
530,9,Powerplay Over,5,5,91.0,58,18.2,156.9,33.0,14,2,1,32.76,27.59
535,9,Death Over,2,2,20.0,13,10.0,153.85,16.0,0,2,2,38.46,15.38
535,9,Middle Over,4,4,68.0,52,17.0,130.77,38.0,4,2,2,17.31,11.54
535,9,Powerplay Over,1,1,0.0,1,0.0,0.0,0.0,0,0,0,100.0,0.0
537,9,Death Over,6,6,123.0,60,20.5,205.0,29.0,8,10,3,23.33,30.0
537,9,Middle Over,10,10,116.0,105,11.6,110.48,29.0,12,1,6,31.43,12.38
537,9,Powerplay Over,4,4,16.0,24,4.0,66.67,10.0,3,0,2,70.83,12.5
542,9,Death Over,1,1,1.0,2,1.0,50.0,1.0,0,0,0,50.0,0.0
543,9,Death Over,4,4,57.0,36,14.25,158.33,18.0,2,4,3,25.0,16.67
543,9,Middle Over,5,5,59.0,58,11.8,101.72,26.0,6,0,1,34.48,10.34
543,9,Powerplay Over,2,2,7.0,11,3.5,63.64,7.0,0,0,1,54.55,0.0
544,9,Death Over,1,1,5.0,6,5.0,83.33,5.0,0,0,1,33.33,0.0
544,9,Middle Over,6,6,122.0,105,20.33,116.19,36.0,10,4,5,30.48,13.33
544,9,Powerplay Over,4,4,43.0,38,10.75,113.16,20.0,7,0,0,44.74,18.42
545,9,Death Over,8,8,43.0,28,5.38,153.57,21.0,6,1,5,28.57,25.0
546,9,Death Over,4,4,80.0,46,20.0,173.91,26.0,7,4,2,26.09,23.91
546,9,Middle Over,5,5,136.0,67,27.2,202.99,60.0,12,8,1,20.9,29.85
546,9,Powerplay Over,2,2,21.0,14,10.5,150.0,17.0,3,1,2,57.14,28.57
547,9,Middle Over,1,1,34.0,26,34.0,130.77,34.0,2,2,1,34.62,15.38
547,9,Powerplay Over,3,3,23.0,29,7.67,79.31,14.0,1,1,2,58.62,6.9
550,9,Death Over,1,1,10.0,9,10.0,111.11,10.0,1,0,1,33.33,11.11
554,9,Death Over,3,3,18.0,18,6.0,100.0,11.0,1,0,2,22.22,5.56
554,9,Middle Over,8,8,188.0,135,23.5,139.26,47.0,10,9,4,17.04,14.07
554,9,Powerplay Over,6,6,42.0,37,7.0,113.51,19.0,6,0,2,43.24,16.22
559,9,Death Over,1,1,1.0,2,1.0,50.0,1.0,0,0,1,50.0,0.0
563,9,Death Over,3,3,20.0,15,6.67,133.33,13.0,2,0,2,33.33,13.33
563,9,Middle Over,7,7,170.0,147,24.29,115.65,52.0,11,5,4,27.89,10.88
563,9,Powerplay Over,14,14,263.0,211,18.79,124.64,35.0,37,5,6,40.76,19.91
564,9,Death Over,2,2,9.0,6,4.5,150.0,7.0,0,1,2,16.67,16.67
567,9,Death Over,3,3,44.0,31,14.67,141.94,27.0,3,1,2,19.35,12.9
567,9,Middle Over,1,1,10.0,11,10.0,90.91,10.0,0,1,0,54.55,9.09
573,9,Death Over,7,7,73.0,51,10.43,143.14,30.0,7,1,4,17.65,15.69
573,9,Middle Over,7,7,113.0,97,16.14,116.49,39.0,6,2,1,19.59,8.25
573,9,Powerplay Over,1,1,5.0,9,5.0,55.56,5.0,0,0,0,55.56,0.0
579,9,Middle Over,3,3,60.0,41,20.0,146.34,32.0,6,2,3,26.83,19.51
579,9,Powerplay Over,7,7,101.0,95,14.43,106.32,25.0,13,1,5,47.37,14.74
597,9,Death Over,2,2,13.0,12,6.5,108.33,12.0,0,1,1,41.67,8.33
611,9,Death Over,1,1,0.0,1,0.0,0.0,0.0,0,0,1,100.0,0.0
614,9,Death Over,4,4,29.0,23,7.25,126.09,10.0,4,0,4,21.74,17.39
614,9,Middle Over,5,5,83.0,80,16.6,103.75,37.0,9,0,1,25.0,11.25
614,9,Powerplay Over,3,3,12.0,23,4.0,52.17,6.0,1,0,1,65.22,4.35
624,9,Middle Over,3,3,76.0,36,25.33,211.11,37.0,2,10,3,36.11,33.33
624,9,Powerplay Over,10,10,151.0,123,15.1,122.76,44.0,15,11,7,50.41,21.14
631,9,Death Over,9,9,44.0,26,4.89,169.23,12.0,7,1,5,34.62,30.77
631,9,Middle Over,7,7,94.0,83,13.43,113.25,22.0,6,2,1,24.1,9.64
631,9,Powerplay Over,2,2,44.0,39,22.0,112.82,40.0,5,2,1,46.15,17.95
634,9,Death Over,2,2,15.0,9,7.5,166.67,8.0,1,1,1,22.22,22.22
634,9,Middle Over,6,6,125.0,78,20.83,160.26,55.0,9,9,4,34.62,23.08
634,9,Powerplay Over,10,10,184.0,139,18.4,132.37,41.0,25,6,6,43.88,22.3
644,9,Death Over,2,2,48.0,27,24.0,177.78,29.0,5,1,1,14.81,22.22
644,9,Middle Over,4,4,60.0,47,15.0,127.66,36.0,4,2,2,27.66,12.77
644,9,Powerplay Over,3,3,38.0,37,12.67,102.7,22.0,4,1,1,43.24,13.51
652,9,Death Over,2,2,6.0,13,3.0,46.15,5.0,0,0,2,61.54,0.0
652,9,Middle Over,2,2,14.0,14,7.0,100.0,11.0,1,0,1,35.71,7.14
654,9,Death Over,8,8,143.0,87,17.88,164.37,46.0,17,3,3,13.79,22.99
654,9,Middle Over,9,9,169.0,142,18.78,119.01,44.0,10,7,4,28.17,11.97
654,9,Powerplay Over,3,3,49.0,27,16.33,181.48,37.0,6,3,0,29.63,33.33
656,9,Death Over,9,9,75.0,42,8.33,178.57,25.0,2,6,5,21.43,19.05
656,9,Middle Over,4,4,34.0,34,8.5,100.0,11.0,2,2,1,47.06,11.76
656,9,Powerplay Over,1,1,2.0,5,2.0,40.0,2.0,0,0,0,20.0,0.0
665,9,Death Over,9,9,136.0,85,15.11,160.0,41.0,4,13,5,27.06,20.0
665,9,Middle Over,9,9,71.0,62,7.89,114.52,18.0,7,3,3,43.55,16.13
665,9,Powerplay Over,2,2,0.0,9,0.0,0.0,0.0,0,0,0,77.78,0.0
686,9,Middle Over,1,1,0.0,1,0.0,0.0,0.0,0,0,1,100.0,0.0
686,9,Powerplay Over,1,1,8.0,14,8.0,57.14,8.0,1,0,1,64.29,7.14
694,9,Powerplay Over,1,1,8.0,8,8.0,100.0,8.0,0,1,1,62.5,12.5
695,9,Death Over,1,1,1.0,1,1.0,100.0,1.0,0,0,0,0.0,0.0
705,9,Death Over,4,4,75.0,42,18.75,178.57,25.0,10,2,1,16.67,28.57
705,9,Middle Over,9,9,172.0,152,19.11,113.16,38.0,10,5,6,27.63,9.87
705,9,Powerplay Over,14,14,242.0,178,17.29,135.96,31.0,29,10,5,43.82,21.91
711,9,Death Over,3,3,4.0,4,1.33,100.0,2.0,0,0,0,0.0,0.0
732,9,Death Over,1,1,1.0,10,1.0,10.0,1.0,0,0,0,90.0,0.0
732,9,Middle Over,1,1,6.0,9,6.0,66.67,6.0,1,0,0,55.56,11.11
743,9,Death Over,4,4,72.0,43,18.0,167.44,42.0,4,5,2,20.93,20.93
743,9,Middle Over,5,5,39.0,53,7.8,73.58,24.0,3,0,3,43.4,5.66
743,9,Powerplay Over,2,2,3.0,12,1.5,25.0,3.0,0,0,0,66.67,0.0
755,9,Death Over,4,4,22.0,20,5.5,110.0,13.0,2,1,4,40.0,15.0
756,9,Death Over,5,5,34.0,20,6.8,170.0,21.0,1,2,1,15.0,15.0
757,9,Death Over,4,4,42.0,25,10.5,168.0,16.0,3,3,3,32.0,24.0
757,9,Middle Over,1,1,20.0,14,20.0,142.86,20.0,2,1,1,35.71,21.43
757,9,Powerplay Over,1,1,1.0,2,1.0,50.0,1.0,0,0,0,50.0,0.0
758,9,Middle Over,1,1,6.0,12,6.0,50.0,6.0,0,0,1,50.0,0.0
760,9,Middle Over,1,1,1.0,3,1.0,33.33,1.0,0,0,1,66.67,0.0
760,9,Powerplay Over,6,6,29.0,43,4.83,67.44,18.0,2,1,5,51.16,6.98
779,9,Death Over,1,1,5.0,4,5.0,125.0,5.0,0,0,0,0.0,0.0
6,10,Death Over,6,6,77.0,49,12.83,157.14,18.0,5,3,1,10.2,16.33
6,10,Middle Over,7,7,81.0,69,11.57,117.39,28.0,8,1,3,33.33,13.04
23,10,Death Over,6,6,90.0,59,15.0,152.54,38.0,8,4,4,25.42,20.34
23,10,Middle Over,8,8,145.0,104,18.12,139.42,57.0,10,6,5,19.23,15.38
23,10,Powerplay Over,6,6,32.0,31,5.33,103.23,13.0,7,0,2,54.84,22.58
26,10,Death Over,2,2,19.0,13,9.5,146.15,11.0,2,0,1,15.38,15.38
26,10,Middle Over,2,2,9.0,9,4.5,100.0,8.0,1,0,0,33.33,11.11
26,10,Powerplay Over,1,1,10.0,9,10.0,111.11,10.0,2,0,1,55.56,22.22
32,10,Death Over,3,3,38.0,23,12.67,165.22,25.0,3,2,1,21.74,21.74
32,10,Middle Over,1,1,15.0,7,15.0,214.29,15.0,1,1,0,14.29,28.57
35,10,Death Over,3,3,48.0,27,16.0,177.78,39.0,3,4,3,25.93,25.93
35,10,Middle Over,7,7,69.0,72,9.86,95.83,27.0,5,2,5,40.28,9.72
35,10,Powerplay Over,6,6,160.0,115,26.67,139.13,38.0,21,7,2,41.74,24.35
45,10,Death Over,3,3,8.0,16,2.67,50.0,6.0,0,0,3,43.75,0.0
45,10,Middle Over,3,3,5.0,9,1.67,55.56,3.0,0,0,2,55.56,0.0
58,10,Death Over,1,1,2.0,5,2.0,40.0,2.0,0,0,0,40.0,0.0
60,10,Death Over,4,4,43.0,22,10.75,195.45,29.0,4,3,3,22.73,31.82
60,10,Middle Over,11,11,196.0,171,17.82,114.62,53.0,11,10,7,35.09,12.28
60,10,Powerplay Over,9,9,94.0,84,10.44,111.9,34.0,9,4,2,39.29,15.48
63,10,Death Over,4,4,48.0,26,12.0,184.62,20.0,0,6,2,23.08,23.08
63,10,Middle Over,9,9,251.0,141,27.89,178.01,46.0,18,20,5,24.82,26.95
63,10,Powerplay Over,4,4,11.0,19,2.75,57.89,10.0,2,0,3,73.68,10.53
74,10,Death Over,3,3,17.0,17,5.67,100.0,9.0,2,0,2,35.29,11.76
74,10,Middle Over,5,5,33.0,41,6.6,80.49,13.0,0,1,3,36.59,2.44
74,10,Powerplay Over,2,2,21.0,22,10.5,95.45,20.0,4,0,1,50.0,18.18
78,10,Death Over,7,7,76.0,48,10.86,158.33,44.0,5,5,6,22.92,20.83
78,10,Middle Over,10,10,213.0,156,21.3,136.54,39.0,14,9,4,26.28,14.74
78,10,Powerplay Over,2,2,27.0,23,13.5,117.39,27.0,3,1,1,43.48,17.39
80,10,Death Over,5,5,44.0,47,8.8,93.62,16.0,0,2,4,34.04,4.26
80,10,Middle Over,3,3,35.0,23,11.67,152.17,33.0,2,1,0,17.39,13.04
86,10,Death Over,2,2,4.0,11,2.0,36.36,4.0,0,0,1,63.64,0.0
94,10,Death Over,2,2,2.0,7,1.0,28.57,1.0,0,0,2,71.43,0.0
111,10,Death Over,8,8,115.0,70,14.38,164.29,51.0,16,3,7,22.86,27.14
111,10,Middle Over,9,9,133.0,115,14.78,115.65,40.0,13,5,3,40.0,15.65
111,10,Powerplay Over,1,1,4.0,3,4.0,133.33,4.0,1,0,0,66.67,33.33
113,10,Death Over,2,2,6.0,6,3.0,100.0,6.0,0,1,2,66.67,16.67
113,10,Middle Over,1,1,2.0,5,2.0,40.0,2.0,0,0,1,60.0,0.0
121,10,Middle Over,8,8,87.0,83,10.88,104.82,27.0,7,1,8,27.71,9.64
121,10,Powerplay Over,16,16,308.0,225,19.25,136.89,43.0,42,7,10,33.33,21.78
128,10,Death Over,3,3,21.0,18,7.0,116.67,9.0,3,0,1,33.33,16.67
128,10,Middle Over,8,8,202.0,158,25.25,127.85,43.0,20,2,5,18.99,13.92
128,10,Powerplay Over,15,15,275.0,229,18.33,120.09,40.0,39,5,8,40.17,19.21
129,10,Death Over,2,2,2.0,2,1.0,100.0,1.0,0,0,0,0.0,0.0
129,10,Middle Over,1,1,2.0,11,2.0,18.18,2.0,0,0,1,81.82,0.0
134,10,Death Over,1,1,2.0,3,2.0,66.67,2.0,0,0,1,33.33,0.0
134,10,Middle Over,1,1,5.0,5,5.0,100.0,5.0,1,0,0,40.0,20.0
141,10,Death Over,1,1,10.0,9,10.0,111.11,10.0,0,1,1,44.44,11.11
141,10,Middle Over,6,6,91.0,74,15.17,122.97,36.0,6,4,4,33.78,13.51
141,10,Powerplay Over,14,14,290.0,192,20.71,151.04,47.0,37,12,7,36.46,25.52
144,10,Death Over,2,2,19.0,13,9.5,146.15,12.0,1,1,0,23.08,15.38
144,10,Middle Over,1,1,1.0,4,1.0,25.0,1.0,0,0,0,75.0,0.0
148,10,Death Over,5,5,29.0,20,5.8,145.0,21.0,4,1,3,40.0,25.0
148,10,Middle Over,1,1,7.0,4,7.0,175.0,7.0,0,1,1,50.0,25.0
151,10,Death Over,4,4,23.0,22,5.75,104.55,10.0,0,2,4,54.55,9.09
151,10,Middle Over,4,4,134.0,107,33.5,125.23,49.0,8,4,1,21.5,11.21
151,10,Powerplay Over,10,10,151.0,128,15.1,117.97,28.0,15,5,6,42.19,15.62
155,10,Death Over,11,11,187.0,122,17.0,153.28,27.0,20,7,7,23.77,22.13
155,10,Middle Over,6,6,119.0,99,19.83,120.2,30.0,9,4,1,30.3,13.13
155,10,Powerplay Over,3,3,18.0,21,6.0,85.71,12.0,2,0,1,38.1,9.52
156,10,Death Over,3,3,2.0,4,0.67,50.0,1.0,0,0,2,50.0,0.0
158,10,Death Over,6,6,120.0,61,20.0,196.72,38.0,12,6,3,14.75,29.51
158,10,Middle Over,3,3,34.0,36,11.33,94.44,28.0,3,0,2,33.33,8.33
162,10,Death Over,1,1,3.0,2,3.0,150.0,3.0,0,0,0,0.0,0.0
170,10,Death Over,7,7,127.0,89,18.14,142.7,33.0,12,4,3,23.6,17.98
170,10,Middle Over,13,13,218.0,167,16.77,130.54,57.0,15,7,7,22.75,13.17
170,10,Powerplay Over,4,4,16.0,12,4.0,133.33,8.0,3,0,0,50.0,25.0
173,10,Death Over,3,3,41.0,22,13.67,186.36,16.0,3,3,2,22.73,27.27
173,10,Middle Over,2,2,10.0,5,5.0,200.0,6.0,2,0,0,20.0,40.0
178,10,Death Over,7,7,34.0,37,4.86,91.89,10.0,3,0,6,43.24,8.11
178,10,Middle Over,3,3,17.0,14,5.67,121.43,7.0,1,1,0,28.57,14.29
179,10,Death Over,5,5,13.0,24,2.6,54.17,4.0,0,0,1,50.0,0.0
179,10,Middle Over,1,1,0.0,2,0.0,0.0,0.0,0,0,1,100.0,0.0
205,10,Middle Over,2,2,12.0,16,6.0,75.0,11.0,2,0,2,56.25,12.5
212,10,Death Over,1,1,0.0,1,0.0,0.0,0.0,0,0,1,100.0,0.0
212,10,Middle Over,1,1,2.0,2,2.0,100.0,2.0,0,0,0,0.0,0.0
217,10,Middle Over,1,1,14.0,6,14.0,233.33,14.0,0,2,1,33.33,33.33
221,10,Death Over,4,4,75.0,40,18.75,187.5,28.0,8,4,3,30.0,30.0
221,10,Middle Over,9,9,147.0,100,16.33,147.0,47.0,11,9,6,27.0,20.0
221,10,Powerplay Over,6,6,77.0,46,12.83,167.39,31.0,6,6,3,41.3,26.09
221,10,Super Over,1,1,1.0,4,1.0,25.0,1.0,0,0,0,25.0,0.0
225,10,Death Over,3,3,1.0,4,0.33,25.0,1.0,0,0,3,75.0,0.0
225,10,Middle Over,4,4,87.0,91,21.75,95.6,32.0,4,2,3,34.07,6.59
225,10,Powerplay Over,8,8,100.0,83,12.5,120.48,26.0,17,2,5,55.42,22.89
229,10,Death Over,7,7,83.0,54,11.86,153.7,36.0,5,7,3,29.63,22.22
229,10,Middle Over,7,7,49.0,64,7.0,76.56,18.0,1,2,2,48.44,4.69
229,10,Powerplay Over,2,2,10.0,12,5.0,83.33,10.0,2,0,2,58.33,16.67
230,10,Death Over,4,4,69.0,41,17.25,168.29,23.0,7,3,2,24.39,24.39
230,10,Middle Over,11,11,240.0,174,21.82,137.93,57.0,20,6,5,18.97,14.94
230,10,Powerplay Over,10,10,133.0,95,13.3,140.0,40.0,15,4,4,30.53,20.0
232,10,Middle Over,6,6,136.0,91,22.67,149.45,47.0,10,9,6,25.27,20.88
232,10,Powerplay Over,11,11,183.0,132,16.64,138.64,33.0,19,9,5,40.91,21.21
232,10,Super Over,1,1,1.0,4,1.0,25.0,1.0,0,0,0,25.0,0.0
234,10,Death Over,5,5,39.0,38,7.8,102.63,13.0,2,2,1,34.21,10.53
234,10,Middle Over,2,2,10.0,18,5.0,55.56,9.0,0,0,0,38.89,0.0
235,10,Death Over,1,1,0.0,2,0.0,0.0,0.0,0,0,0,100.0,0.0
243,10,Death Over,1,1,0.0,2,0.0,0.0,0.0,0,0,1,100.0,0.0
243,10,Middle Over,1,1,5.0,5,5.0,100.0,5.0,1,0,0,60.0,20.0
245,10,Death Over,7,7,90.0,63,12.86,142.86,33.0,5,5,6,30.16,15.87
245,10,Middle Over,5,5,54.0,51,10.8,105.88,32.0,5,2,3,39.22,13.73
249,10,Death Over,3,3,14.0,13,4.67,107.69,6.0,0,2,3,61.54,15.38
251,10,Death Over,1,1,1.0,5,1.0,20.0,1.0,0,0,1,80.0,0.0
251,10,Middle Over,1,1,1.0,1,1.0,100.0,1.0,0,0,0,0.0,0.0
255,10,Death Over,2,2,2.0,3,1.0,66.67,1.0,0,0,1,33.33,0.0
255,10,Middle Over,1,1,0.0,1,0.0,0.0,0.0,0,0,1,100.0,0.0
255,10,Powerplay Over,12,12,222.0,131,18.5,169.47,54.0,34,10,10,41.22,33.59
259,10,Death Over,1,1,1.0,2,1.0,50.0,1.0,0,0,1,50.0,0.0
260,10,Death Over,1,1,15.0,12,15.0,125.0,15.0,2,0,1,25.0,16.67
263,10,Death Over,2,2,16.0,12,8.0,133.33,16.0,0,1,1,25.0,8.33
264,10,Death Over,4,4,56.0,36,14.0,155.56,19.0,3,3,1,19.44,16.67
264,10,Middle Over,2,2,22.0,17,11.0,129.41,13.0,2,1,2,29.41,17.65
267,10,Death Over,6,6,57.0,30,9.5,190.0,35.0,3,6,6,36.67,30.0
267,10,Middle Over,11,11,250.0,152,22.73,164.47,68.0,20,14,5,23.68,22.37
267,10,Powerplay Over,8,8,59.0,44,7.38,134.09,29.0,5,4,3,45.45,20.45
268,10,Death Over,1,1,38.0,15,38.0,253.33,38.0,4,3,2,26.67,46.67
268,10,Middle Over,3,3,43.0,41,14.33,104.88,25.0,3,0,2,26.83,7.32
268,10,Powerplay Over,3,3,10.0,24,3.33,41.67,6.0,0,0,2,50.0,0.0
269,10,Death Over,6,6,77.0,43,12.83,179.07,37.0,8,2,1,6.98,23.26
269,10,Middle Over,8,8,137.0,114,17.12,120.18,35.0,12,2,4,28.95,12.28
269,10,Powerplay Over,5,5,63.0,48,12.6,131.25,22.0,8,0,1,35.42,16.67
292,10,Death Over,1,1,5.0,8,5.0,62.5,5.0,0,0,0,62.5,0.0
293,10,Death Over,7,7,16.0,17,2.29,94.12,7.0,0,1,2,29.41,5.88
302,10,Death Over,2,2,34.0,19,17.0,178.95,20.0,2,3,2,36.84,26.32
302,10,Middle Over,8,8,263.0,145,32.88,181.38,62.0,20,17,5,19.31,25.52
302,10,Powerplay Over,12,12,91.0,75,7.58,121.33,16.0,14,1,5,37.33,20.0
303,10,Death Over,6,6,48.0,40,8.0,120.0,16.0,4,0,5,27.5,10.0
303,10,Middle Over,2,2,6.0,20,3.0,30.0,5.0,0,0,0,60.0,0.0
307,10,Death Over,1,1,12.0,10,12.0,120.0,12.0,2,0,1,30.0,20.0
307,10,Middle Over,2,2,3.0,7,1.5,42.86,2.0,0,0,2,57.14,0.0
308,10,Death Over,5,5,28.0,30,5.6,93.33,13.0,1,1,1,30.0,6.67
311,10,Death Over,3,3,7.0,9,2.33,77.78,7.0,0,1,2,55.56,11.11
315,10,Death Over,3,3,25.0,20,8.33,125.0,15.0,1,1,2,20.0,10.0
356,10,Death Over,1,1,20.0,13,20.0,153.85,20.0,1,1,1,15.38,15.38
356,10,Middle Over,1,1,5.0,3,5.0,166.67,5.0,1,0,0,33.33,33.33
359,10,Death Over,2,2,33.0,26,16.5,126.92,19.0,2,2,1,38.46,15.38
359,10,Middle Over,4,4,48.0,53,12.0,90.57,22.0,2,2,2,37.74,7.55
359,10,Powerplay Over,1,1,2.0,3,2.0,66.67,2.0,0,0,0,33.33,0.0
363,10,Death Over,3,3,11.0,9,3.67,122.22,6.0,0,1,2,33.33,11.11
364,10,Middle Over,4,4,29.0,30,7.25,96.67,27.0,1,2,3,50.0,10.0
364,10,Powerplay Over,1,1,0.0,2,0.0,0.0,0.0,0,0,0,100.0,0.0
371,10,Death Over,2,2,7.0,7,3.5,100.0,5.0,0,0,0,0.0,0.0
379,10,Death Over,1,1,9.0,5,9.0,180.0,9.0,0,1,1,20.0,20.0
379,10,Powerplay Over,2,2,10.0,21,5.0,47.62,7.0,1,0,2,66.67,4.76
381,10,Death Over,1,1,5.0,7,5.0,71.43,5.0,0,0,0,42.86,0.0
383,10,Death Over,3,3,7.0,9,2.33,77.78,5.0,1,0,2,44.44,11.11
383,10,Middle Over,1,1,1.0,4,1.0,25.0,1.0,0,0,0,75.0,0.0
386,10,Death Over,2,2,7.0,3,3.5,233.33,7.0,0,1,1,33.33,33.33
392,10,Death Over,5,5,70.0,36,14.0,194.44,28.0,10,2,2,16.67,33.33
392,10,Middle Over,10,10,276.0,203,27.6,135.96,48.0,17,14,5,28.08,15.27
392,10,Powerplay Over,14,14,295.0,223,21.07,132.29,62.0,36,10,4,39.01,20.63
394,10,Death Over,1,1,2.0,3,2.0,66.67,2.0,0,0,1,66.67,0.0
399,10,Death Over,12,12,176.0,110,14.67,160.0,35.0,8,15,6,21.82,20.91
399,10,Middle Over,6,6,74.0,62,12.33,119.35,17.0,3,5,3,41.94,12.9
415,10,Middle Over,1,1,1.0,3,1.0,33.33,1.0,0,0,1,66.67,0.0
415,10,Powerplay Over,1,1,7.0,4,7.0,175.0,7.0,1,0,0,0.0,25.0
428,10,Death Over,3,3,13.0,9,4.33,144.44,8.0,1,1,3,33.33,22.22
428,10,Middle Over,6,6,139.0,94,23.17,147.87,48.0,17,3,3,22.34,21.28
428,10,Powerplay Over,7,7,112.0,95,16.0,117.89,32.0,18,1,2,45.26,20.0
436,10,Death Over,1,1,9.0,6,9.0,150.0,9.0,1,0,1,0.0,16.67
436,10,Middle Over,5,5,105.0,69,21.0,152.17,66.0,3,8,3,21.74,15.94
436,10,Powerplay Over,7,7,181.0,100,25.86,181.0,49.0,21,11,2,33.0,32.0
439,10,Death Over,1,1,7.0,3,7.0,233.33,7.0,0,1,0,33.33,33.33
448,10,Death Over,3,3,31.0,25,10.33,124.0,21.0,2,1,1,32.0,12.0
451,10,Death Over,3,3,2.0,9,0.67,22.22,2.0,0,0,3,66.67,0.0
452,10,Death Over,1,1,14.0,7,14.0,200.0,14.0,1,1,0,14.29,28.57
452,10,Powerplay Over,2,2,45.0,34,22.5,132.35,31.0,8,0,2,41.18,23.53
453,10,Death Over,2,2,2.0,4,1.0,50.0,2.0,0,0,2,50.0,0.0
453,10,Middle Over,1,1,5.0,8,5.0,62.5,5.0,0,0,1,50.0,0.0
465,10,Death Over,5,5,63.0,43,12.6,146.51,26.0,4,3,4,20.93,16.28
465,10,Middle Over,8,8,107.0,102,13.38,104.9,36.0,6,4,4,32.35,9.8
465,10,Powerplay Over,6,6,64.0,49,10.67,130.61,31.0,10,1,2,38.78,22.45
466,10,Death Over,1,1,4.0,7,4.0,57.14,4.0,1,0,1,85.71,14.29
472,10,Death Over,2,2,18.0,19,9.0,94.74,14.0,2,0,2,42.11,10.53
472,10,Middle Over,1,1,2.0,3,2.0,66.67,2.0,0,0,0,33.33,0.0
476,10,Powerplay Over,3,3,26.0,29,8.67,89.66,20.0,3,0,3,41.38,10.34
477,10,Death Over,2,2,8.0,9,4.0,88.89,7.0,0,0,1,11.11,0.0
479,10,Death Over,2,2,29.0,23,14.5,126.09,28.0,2,1,2,30.43,13.04
479,10,Middle Over,1,1,3.0,5,3.0,60.0,3.0,0,0,0,40.0,0.0
480,10,Death Over,2,2,90.0,38,45.0,236.84,47.0,8,7,1,18.42,39.47
480,10,Middle Over,7,7,155.0,128,22.14,121.09,38.0,9,5,3,24.22,10.94
480,10,Powerplay Over,10,10,175.0,130,17.5,134.62,31.0,23,5,3,37.69,21.54
481,10,Death Over,2,2,59.0,23,29.5,256.52,58.0,1,8,1,21.74,39.13
481,10,Middle Over,5,5,86.0,87,17.2,98.85,31.0,3,4,2,26.44,8.05
481,10,Powerplay Over,8,8,71.0,61,8.88,116.39,14.0,8,4,4,57.38,19.67
482,10,Death Over,1,1,0.0,1,0.0,0.0,0.0,0,0,1,100.0,0.0
485,10,Death Over,4,4,35.0,24,8.75,145.83,19.0,5,1,4,33.33,25.0
485,10,Middle Over,3,3,14.0,18,4.67,77.78,11.0,0,1,2,55.56,5.56
489,10,Death Over,1,1,2.0,2,2.0,100.0,2.0,0,0,1,50.0,0.0
489,10,Middle Over,1,1,10.0,17,10.0,58.82,10.0,0,0,1,47.06,0.0
490,10,Middle Over,9,9,135.0,117,15.0,115.38,32.0,9,3,8,28.21,10.26
490,10,Powerplay Over,16,16,247.0,211,15.44,117.06,41.0,26,6,7,37.91,15.17
492,10,Death Over,1,1,16.0,10,16.0,160.0,16.0,2,0,1,30.0,20.0
492,10,Middle Over,8,8,61.0,72,7.62,84.72,22.0,4,1,6,41.67,6.94
492,10,Powerplay Over,11,11,204.0,147,18.55,138.78,36.0,33,5,6,42.86,25.85
494,10,Death Over,1,1,1.0,1,1.0,100.0,1.0,0,0,0,0.0,0.0
498,10,Death Over,4,4,36.0,30,9.0,120.0,18.0,3,1,3,30.0,13.33
498,10,Middle Over,5,5,89.0,60,17.8,148.33,31.0,7,5,4,30.0,20.0
498,10,Powerplay Over,1,1,1.0,2,1.0,50.0,1.0,0,0,1,50.0,0.0
502,10,Death Over,1,1,41.0,16,41.0,256.25,41.0,2,4,1,18.75,37.5
502,10,Middle Over,7,7,141.0,110,20.14,128.18,44.0,4,8,7,26.36,10.91
502,10,Powerplay Over,14,14,204.0,149,14.57,136.91,35.0,26,7,6,40.27,22.15
504,10,Death Over,2,2,31.0,18,15.5,172.22,20.0,2,1,1,11.11,16.67
504,10,Middle Over,9,9,189.0,156,21.0,121.15,44.0,17,3,7,23.08,12.82
504,10,Powerplay Over,14,14,259.0,209,18.5,123.92,33.0,34,5,5,38.76,18.66
514,10,Death Over,4,4,15.0,13,3.75,115.38,11.0,0,1,2,30.77,7.69
514,10,Middle Over,1,1,1.0,2,1.0,50.0,1.0,0,0,0,0.0,0.0
514,10,Powerplay Over,1,1,0.0,1,0.0,0.0,0.0,0,0,1,100.0,0.0
522,10,Death Over,12,12,168.0,114,14.0,147.37,44.0,10,10,9,25.44,17.54
522,10,Middle Over,13,13,122.0,147,9.38,82.99,25.0,5,6,4,47.62,7.48
530,10,Death Over,5,5,86.0,52,17.2,165.38,32.0,5,5,3,21.15,19.23
530,10,Middle Over,12,12,255.0,230,21.25,110.87,42.0,18,4,6,26.96,9.57
530,10,Powerplay Over,12,12,131.0,118,10.92,111.02,32.0,15,3,3,37.29,15.25
535,10,Middle Over,4,4,37.0,31,9.25,119.35,25.0,3,1,4,22.58,12.9
535,10,Powerplay Over,6,6,101.0,76,16.83,132.89,30.0,16,0,2,31.58,21.05
537,10,Middle Over,5,5,63.0,49,12.6,128.57,37.0,1,5,5,28.57,12.24
537,10,Powerplay Over,10,10,209.0,135,20.9,154.81,40.0,26,10,3,38.52,26.67
537,10,Super Over,1,1,1.0,2,1.0,50.0,1.0,0,0,1,50.0,0.0
543,10,Middle Over,3,3,42.0,40,14.0,105.0,26.0,4,1,3,35.0,12.5
543,10,Powerplay Over,3,3,23.0,22,7.67,104.55,10.0,2,1,1,45.45,13.64
544,10,Death Over,1,1,1.0,1,1.0,100.0,1.0,0,0,0,0.0,0.0
544,10,Middle Over,1,1,26.0,23,26.0,113.04,26.0,4,0,0,30.43,17.39
544,10,Powerplay Over,1,1,25.0,22,25.0,113.64,25.0,5,0,0,40.91,22.73
545,10,Death Over,2,2,4.0,4,2.0,100.0,4.0,0,0,1,25.0,0.0
546,10,Death Over,5,5,99.0,61,19.8,162.3,31.0,9,5,2,22.95,22.95
546,10,Middle Over,10,10,142.0,123,14.2,115.45,43.0,15,2,5,34.15,13.82
546,10,Powerplay Over,1,1,2.0,2,2.0,100.0,2.0,0,0,0,50.0,0.0
547,10,Middle Over,1,1,16.0,9,16.0,177.78,16.0,0,2,0,33.33,22.22
547,10,Powerplay Over,7,7,116.0,79,16.57,146.84,36.0,17,3,6,43.04,25.32
554,10,Death Over,8,8,124.0,76,15.5,163.16,47.0,6,8,4,21.05,18.42
554,10,Middle Over,12,12,244.0,212,20.33,115.09,40.0,18,4,4,26.42,10.38
554,10,Powerplay Over,5,5,28.0,27,5.6,103.7,17.0,4,0,0,37.04,14.81
558,10,Death Over,4,4,22.0,28,5.5,78.57,8.0,1,0,2,35.71,3.57
558,10,Middle Over,3,3,10.0,12,3.33,83.33,5.0,1,0,1,50.0,8.33
564,10,Death Over,4,4,10.0,13,2.5,76.92,4.0,0,0,0,30.77,0.0
567,10,Death Over,2,2,56.0,28,28.0,200.0,39.0,3,4,0,14.29,25.0
567,10,Middle Over,5,5,85.0,64,17.0,132.81,32.0,5,2,2,17.19,10.94
567,10,Powerplay Over,5,5,10.0,17,2.0,58.82,4.0,1,0,2,70.59,5.88
579,10,Death Over,1,1,36.0,12,36.0,300.0,36.0,3,3,1,16.67,50.0
579,10,Middle Over,2,2,52.0,41,26.0,126.83,34.0,3,2,1,34.15,12.2
579,10,Powerplay Over,9,9,141.0,117,15.67,120.51,34.0,17,4,7,34.19,17.95
610,10,Death Over,1,1,0.0,2,0.0,0.0,0.0,0,0,0,100.0,0.0
614,10,Death Over,3,3,75.0,36,25.0,208.33,32.0,9,1,1,11.11,27.78
614,10,Middle Over,6,6,157.0,108,26.17,145.37,65.0,9,9,3,27.78,16.67
614,10,Powerplay Over,4,4,24.0,26,6.0,92.31,12.0,2,0,1,46.15,7.69
624,10,Middle Over,5,5,91.0,58,18.2,156.9,60.0,4,9,5,34.48,22.41
624,10,Powerplay Over,9,9,109.0,114,12.11,95.61,32.0,11,5,4,48.25,14.04
625,10,Death Over,3,3,0.0,3,0.0,0.0,0.0,0,0,3,100.0,0.0
631,10,Death Over,7,7,56.0,43,8.0,130.23,29.0,4,2,6,23.26,13.95
631,10,Middle Over,4,4,49.0,46,12.25,106.52,27.0,4,1,0,32.61,10.87
633,10,Death Over,1,1,12.0,12,12.0,100.0,12.0,1,0,0,33.33,8.33
634,10,Death Over,1,1,7.0,5,7.0,140.0,7.0,1,0,1,20.0,20.0
634,10,Middle Over,7,7,114.0,69,16.29,165.22,31.0,12,6,6,33.33,26.09
634,10,Powerplay Over,7,7,118.0,84,16.86,140.48,43.0,19,2,3,38.1,25.0
638,10,Death Over,5,5,9.0,12,1.8,75.0,5.0,0,0,0,25.0,0.0
644,10,Death Over,2,2,7.0,11,3.5,63.64,6.0,0,0,2,45.45,0.0
644,10,Middle Over,2,2,6.0,9,3.0,66.67,5.0,0,0,1,33.33,0.0
644,10,Powerplay Over,1,1,4.0,5,4.0,80.0,4.0,1,0,0,80.0,20.0
652,10,Middle Over,1,1,0.0,1,0.0,0.0,0.0,0,0,1,100.0,0.0
654,10,Death Over,4,4,36.0,27,9.0,133.33,20.0,3,1,3,22.22,14.81
654,10,Middle Over,8,8,86.0,84,10.75,102.38,38.0,2,5,5,36.9,8.33
654,10,Powerplay Over,2,2,21.0,12,10.5,175.0,21.0,4,0,1,33.33,33.33
656,10,Death Over,9,9,141.0,88,15.67,160.23,36.0,8,7,4,18.18,17.05
656,10,Middle Over,7,7,80.0,80,11.43,100.0,22.0,2,4,4,33.75,7.5
656,10,Powerplay Over,1,1,6.0,3,6.0,200.0,6.0,1,0,0,0.0,33.33
665,10,Death Over,11,11,158.0,108,14.36,146.3,38.0,10,10,9,25.0,18.52
665,10,Middle Over,15,15,221.0,169,14.73,130.77,41.0,16,12,4,30.77,16.57
665,10,Powerplay Over,2,2,6.0,14,3.0,42.86,5.0,0,0,0,50.0,0.0
665,10,Super Over,1,1,10.0,3,10.0,333.33,10.0,1,1,1,33.33,66.67
679,10,Death Over,1,1,15.0,8,15.0,187.5,15.0,3,0,0,12.5,37.5
679,10,Powerplay Over,1,1,4.0,3,4.0,133.33,4.0,1,0,1,66.67,33.33
685,10,Death Over,2,2,6.0,12,3.0,50.0,6.0,0,0,2,41.67,0.0
685,10,Middle Over,3,3,48.0,52,16.0,92.31,37.0,5,1,1,44.23,11.54
685,10,Powerplay Over,1,1,1.0,4,1.0,25.0,1.0,0,0,0,50.0,0.0
686,10,Powerplay Over,3,3,18.0,25,6.0,72.0,18.0,3,0,3,56.0,12.0
689,10,Death Over,1,1,0.0,1,0.0,0.0,0.0,0,0,1,100.0,0.0
694,10,Middle Over,2,2,50.0,31,25.0,161.29,35.0,3,4,2,29.03,22.58
694,10,Powerplay Over,7,7,87.0,85,12.43,102.35,44.0,7,4,4,45.88,12.94
705,10,Death Over,5,5,87.0,60,17.4,145.0,26.0,4,5,3,16.67,15.0
705,10,Middle Over,13,13,193.0,162,14.85,119.14,46.0,21,3,8,35.8,14.81
705,10,Powerplay Over,9,9,53.0,56,5.89,94.64,20.0,6,1,3,48.21,12.5
708,10,Middle Over,1,1,28.0,28,28.0,100.0,28.0,3,0,1,35.71,10.71
708,10,Powerplay Over,2,2,5.0,12,2.5,41.67,5.0,0,0,0,50.0,0.0
741,10,Death Over,7,7,34.0,31,4.86,109.68,9.0,2,1,3,35.48,9.68
741,10,Middle Over,1,1,12.0,16,12.0,75.0,12.0,2,0,0,62.5,12.5
743,10,Death Over,1,1,1.0,1,1.0,100.0,1.0,0,0,0,0.0,0.0
745,10,Death Over,1,1,6.0,5,6.0,120.0,6.0,1,0,0,40.0,20.0
748,10,Death Over,9,9,79.0,52,8.78,151.92,17.0,5,5,6,30.77,19.23
756,10,Middle Over,1,1,16.0,17,16.0,94.12,16.0,0,1,1,35.29,5.88
757,10,Death Over,4,4,47.0,28,11.75,167.86,17.0,3,3,2,25.0,21.43
757,10,Middle Over,6,6,23.0,43,3.83,53.49,16.0,1,0,3,53.49,2.33
757,10,Powerplay Over,1,1,8.0,6,8.0,133.33,8.0,2,0,0,66.67,33.33
760,10,Death Over,5,5,69.0,39,13.8,176.92,29.0,8,3,3,20.51,28.21
760,10,Middle Over,8,8,214.0,154,26.75,138.96,42.0,21,6,4,24.03,17.53
760,10,Powerplay Over,7,7,55.0,56,7.86,98.21,25.0,7,1,4,53.57,14.29
767,10,Death Over,4,4,38.0,34,9.5,111.76,15.0,4,0,2,26.47,11.76
767,10,Middle Over,2,2,56.0,36,28.0,155.56,42.0,7,1,0,22.22,22.22
767,10,Powerplay Over,1,1,7.0,7,7.0,100.0,7.0,1,0,0,42.86,14.29
777,10,Death Over,7,7,59.0,39,8.43,151.28,16.0,3,3,4,20.51,15.38
777,10,Middle Over,3,3,18.0,14,6.0,128.57,10.0,2,1,1,57.14,21.43
777,10,Powerplay Over,1,1,0.0,1,0.0,0.0,0.0,0,0,0,100.0,0.0
2,11,Middle Over,1,1,10.0,8,10.0,125.0,10.0,1,0,1,25.0,12.5
2,11,Powerplay Over,3,3,42.0,34,14.0,123.53,25.0,5,1,2,26.47,17.65
6,11,Death Over,5,5,68.0,51,13.6,133.33,26.0,2,4,2,17.65,11.76
6,11,Middle Over,6,6,21.0,29,3.5,72.41,12.0,1,0,3,41.38,3.45
8,11,Death Over,1,1,4.0,5,4.0,80.0,4.0,0,0,0,40.0,0.0
23,11,Death Over,1,1,10.0,5,10.0,200.0,10.0,1,1,0,60.0,40.0
23,11,Middle Over,1,1,14.0,18,14.0,77.78,14.0,0,1,0,33.33,5.56
32,11,Death Over,7,7,32.0,37,4.57,86.49,14.0,2,1,5,40.54,8.11
32,11,Middle Over,1,1,0.0,3,0.0,0.0,0.0,0,0,1,100.0,0.0
35,11,Death Over,1,1,8.0,4,8.0,200.0,8.0,1,0,1,25.0,25.0
35,11,Middle Over,7,7,211.0,120,30.14,175.83,62.0,17,14,6,30.83,25.83
35,11,Powerplay Over,9,9,56.0,63,6.22,88.89,20.0,4,3,5,53.97,11.11
38,11,Death Over,3,3,25.0,23,8.33,108.7,14.0,2,1,2,30.43,13.04
49,11,Death Over,8,8,75.0,51,9.38,147.06,23.0,10,1,3,17.65,21.57
49,11,Middle Over,5,5,104.0,75,20.8,138.67,36.0,7,4,1,25.33,14.67
49,11,Powerplay Over,3,3,24.0,16,8.0,150.0,12.0,5,0,1,43.75,31.25
58,11,Death Over,5,5,36.0,30,7.2,120.0,16.0,5,0,5,30.0,16.67
58,11,Middle Over,1,1,13.0,8,13.0,162.5,13.0,1,1,0,37.5,25.0
60,11,Death Over,5,5,66.0,39,13.2,169.23,22.0,7,3,4,20.51,25.64
60,11,Middle Over,11,11,166.0,135,15.09,122.96,37.0,12,7,9,32.59,14.07
60,11,Powerplay Over,9,9,72.0,64,8.0,112.5,17.0,7,4,2,51.56,17.19
63,11,Death Over,4,4,40.0,31,10.0,129.03,26.0,2,2,3,38.71,12.9
63,11,Middle Over,7,7,67.0,41,9.57,163.41,38.0,3,5,4,26.83,19.51
63,11,Powerplay Over,5,5,62.0,50,12.4,124.0,22.0,9,2,5,46.0,22.0
74,11,Death Over,2,2,35.0,21,17.5,166.67,20.0,5,0,1,19.05,23.81
74,11,Middle Over,7,7,246.0,128,35.14,192.19,78.0,17,17,4,14.06,26.56
74,11,Powerplay Over,15,15,274.0,219,18.27,125.11,42.0,22,18,8,49.32,18.26
77,11,Powerplay Over,1,1,0.0,5,0.0,0.0,0.0,0,0,1,100.0,0.0
78,11,Death Over,2,2,20.0,13,10.0,153.85,12.0,1,1,3,23.08,15.38
78,11,Middle Over,10,10,141.0,122,14.1,115.57,39.0,10,3,8,25.41,10.66
78,11,Powerplay Over,4,4,35.0,31,8.75,112.9,16.0,2,2,2,48.39,12.9
80,11,Death Over,1,1,1.0,4,1.0,25.0,1.0,0,0,1,50.0,0.0
87,11,Death Over,1,1,4.0,5,4.0,80.0,4.0,1,0,1,60.0,20.0
87,11,Middle Over,4,4,25.0,29,6.25,86.21,16.0,3,0,3,41.38,10.34
111,11,Death Over,2,2,3.0,6,1.5,50.0,2.0,0,0,2,50.0,0.0
111,11,Middle Over,4,4,48.0,52,12.0,92.31,18.0,3,2,2,50.0,9.62
111,11,Powerplay Over,2,2,14.0,16,7.0,87.5,10.0,3,0,1,68.75,18.75
116,11,Death Over,11,11,186.0,101,16.91,184.16,68.0,13,18,9,37.62,30.69
116,11,Middle Over,9,9,130.0,78,14.44,166.67,43.0,4,13,3,32.05,21.79
121,11,Middle Over,3,3,35.0,31,11.67,112.9,22.0,3,0,2,19.35,9.68
121,11,Powerplay Over,6,6,118.0,78,19.67,151.28,31.0,17,4,3,39.74,26.92
128,11,Middle Over,1,1,21.0,20,21.0,105.0,21.0,1,0,0,10.0,5.0
128,11,Powerplay Over,5,5,64.0,71,12.8,90.14,34.0,7,1,4,43.66,11.27
137,11,Death Over,6,6,79.0,56,13.17,141.07,35.0,4,5,6,23.21,16.07
137,11,Middle Over,4,4,23.0,18,5.75,127.78,11.0,3,0,1,27.78,16.67
137,11,Powerplay Over,1,1,0.0,2,0.0,0.0,0.0,0,0,1,100.0,0.0
141,11,Death Over,4,4,42.0,25,10.5,168.0,14.0,2,2,1,16.0,16.0
141,11,Middle Over,7,7,98.0,88,14.0,111.36,46.0,7,2,4,28.41,10.23
141,11,Powerplay Over,5,5,86.0,60,17.2,143.33,27.0,9,4,4,41.67,21.67
144,11,Death Over,2,2,16.0,11,8.0,145.45,12.0,2,0,0,18.18,18.18
148,11,Middle Over,1,1,7.0,6,7.0,116.67,7.0,1,0,1,33.33,16.67
151,11,Death Over,3,3,83.0,45,27.67,184.44,41.0,4,6,1,22.22,22.22
151,11,Middle Over,10,10,200.0,160,20.0,125.0,34.0,15,6,6,27.5,13.12
151,11,Powerplay Over,12,12,247.0,180,20.58,137.22,36.0,33,6,5,35.0,21.67
154,11,Death Over,1,1,2.0,4,2.0,50.0,2.0,0,0,1,50.0,0.0
154,11,Middle Over,6,6,132.0,109,22.0,121.1,37.0,4,11,5,38.53,13.76
154,11,Powerplay Over,13,13,248.0,177,19.08,140.11,38.0,28,13,7,42.94,23.16
155,11,Death Over,2,2,4.0,3,2.0,133.33,4.0,1,0,1,66.67,33.33
155,11,Middle Over,3,3,35.0,31,11.67,112.9,27.0,3,1,2,35.48,12.9
155,11,Powerplay Over,1,1,8.0,11,8.0,72.73,8.0,0,0,0,36.36,0.0
156,11,Death Over,1,1,0.0,5,0.0,0.0,0.0,0,0,1,80.0,0.0
158,11,Death Over,1,1,27.0,16,27.0,168.75,27.0,1,1,0,6.25,12.5
158,11,Middle Over,1,1,2.0,3,2.0,66.67,2.0,0,0,1,33.33,0.0
158,11,Powerplay Over,1,1,17.0,7,17.0,242.86,17.0,2,1,0,14.29,42.86
170,11,Death Over,12,12,224.0,134,18.67,167.16,31.0,22,11,6,23.88,24.63
170,11,Middle Over,15,15,254.0,201,16.93,126.37,30.0,24,5,3,27.36,14.43
170,11,Powerplay Over,2,2,20.0,14,10.0,142.86,14.0,3,0,0,28.57,21.43
173,11,Death Over,6,6,94.0,55,15.67,170.91,36.0,5,8,4,34.55,23.64
173,11,Middle Over,2,2,2.0,4,1.0,50.0,1.0,0,0,0,50.0,0.0
178,11,Death Over,3,3,7.0,9,2.33,77.78,4.0,1,0,0,33.33,11.11
178,11,Middle Over,1,1,3.0,5,3.0,60.0,3.0,0,0,1,40.0,0.0
179,11,Death Over,1,1,0.0,4,0.0,0.0,0.0,0,0,0,75.0,0.0
186,11,Death Over,1,1,1.0,5,1.0,20.0,1.0,0,0,1,80.0,0.0
186,11,Middle Over,1,1,0.0,1,0.0,0.0,0.0,0,0,0,100.0,0.0
188,11,Middle Over,3,3,34.0,37,11.33,91.89,25.0,2,0,3,32.43,5.41
188,11,Powerplay Over,6,6,114.0,82,19.0,139.02,40.0,11,6,3,41.46,20.73
205,11,Death Over,4,4,71.0,43,17.75,165.12,39.0,1,8,4,27.91,20.93
205,11,Middle Over,1,1,4.0,11,4.0,36.36,4.0,0,0,0,54.55,0.0
217,11,Death Over,2,2,9.0,6,4.5,150.0,8.0,0,1,1,33.33,16.67
217,11,Middle Over,3,3,41.0,24,13.67,170.83,31.0,1,3,2,16.67,16.67
218,11,Death Over,4,4,39.0,28,9.75,139.29,22.0,5,1,3,25.0,21.43
218,11,Middle Over,4,4,12.0,15,3.0,80.0,7.0,2,0,2,60.0,13.33
221,11,Death Over,3,3,23.0,11,7.67,209.09,14.0,1,2,2,18.18,27.27
221,11,Middle Over,5,5,89.0,70,17.8,127.14,32.0,3,5,3,21.43,11.43
221,11,Powerplay Over,5,5,22.0,21,4.4,104.76,11.0,2,1,3,42.86,14.29
224,11,Death Over,1,1,35.0,15,35.0,233.33,35.0,1,4,0,20.0,33.33
224,11,Middle Over,2,2,25.0,18,12.5,138.89,24.0,0,2,0,16.67,11.11
225,11,Death Over,10,10,167.0,100,16.7,167.0,32.0,12,9,7,19.0,21.0
225,11,Middle Over,11,11,79.0,89,7.18,88.76,18.0,3,2,3,34.83,5.62
225,11,Powerplay Over,1,1,6.0,4,6.0,150.0,6.0,1,0,0,25.0,25.0
229,11,Death Over,1,1,7.0,4,7.0,175.0,7.0,0,1,1,50.0,25.0
229,11,Middle Over,3,3,10.0,18,3.33,55.56,8.0,0,0,2,44.44,0.0
230,11,Death Over,3,3,83.0,42,27.67,197.62,32.0,7,4,0,7.14,26.19
230,11,Middle Over,12,12,234.0,208,19.5,112.5,37.0,19,7,9,29.33,12.5
230,11,Powerplay Over,12,12,128.0,104,10.67,123.08,29.0,20,1,3,37.5,20.19
232,11,Middle Over,3,3,72.0,46,24.0,156.52,37.0,8,4,3,36.96,26.09
232,11,Powerplay Over,5,5,55.0,45,11.0,122.22,33.0,8,2,3,44.44,22.22
234,11,Death Over,1,1,1.0,2,1.0,50.0,1.0,0,0,0,50.0,0.0
235,11,Death Over,1,1,2.0,2,2.0,100.0,2.0,0,0,0,0.0,0.0
237,11,Death Over,4,4,11.0,15,2.75,73.33,6.0,1,0,3,40.0,6.67
237,11,Middle Over,1,1,12.0,13,12.0,92.31,12.0,2,0,0,53.85,15.38
245,11,Death Over,1,1,0.0,1,0.0,0.0,0.0,0,0,1,100.0,0.0
245,11,Middle Over,1,1,3.0,4,3.0,75.0,3.0,0,0,1,25.0,0.0
251,11,Death Over,4,4,16.0,21,4.0,76.19,12.0,0,1,3,38.1,4.76
251,11,Middle Over,2,2,11.0,15,5.5,73.33,11.0,1,0,1,53.33,6.67
255,11,Death Over,1,1,5.0,4,5.0,125.0,5.0,1,0,1,50.0,25.0
255,11,Middle Over,5,5,70.0,45,14.0,155.56,44.0,7,4,5,33.33,24.44
255,11,Powerplay Over,14,14,282.0,149,20.14,189.26,50.0,32,19,10,36.91,34.23
259,11,Death Over,2,2,6.0,7,3.0,85.71,3.0,0,0,0,14.29,0.0
260,11,Death Over,1,1,3.0,4,3.0,75.0,3.0,0,0,0,0.0,0.0
263,11,Death Over,3,3,10.0,11,3.33,90.91,6.0,1,0,1,27.27,9.09
264,11,Death Over,7,7,57.0,52,8.14,109.62,21.0,1,3,4,23.08,7.69
264,11,Middle Over,3,3,29.0,27,9.67,107.41,15.0,1,0,0,18.52,3.7
264,11,Powerplay Over,1,1,1.0,7,1.0,14.29,1.0,0,0,1,85.71,0.0
267,11,Death Over,5,5,167.0,71,33.4,235.21,67.0,15,15,4,32.39,42.25
267,11,Middle Over,13,13,403.0,262,31.0,153.82,69.0,35,21,10,25.95,21.37
267,11,Powerplay Over,10,10,114.0,79,11.4,144.3,27.0,18,1,1,29.11,24.05
268,11,Death Over,5,5,97.0,54,19.4,179.63,24.0,8,6,2,16.67,25.93
268,11,Middle Over,12,12,271.0,204,22.58,132.84,62.0,21,14,8,30.88,17.16
268,11,Powerplay Over,12,12,234.0,152,19.5,153.95,33.0,24,14,4,39.47,25.0
288,11,Middle Over,3,3,65.0,39,21.67,166.67,33.0,5,5,3,41.03,25.64
288,11,Powerplay Over,7,7,50.0,63,7.14,79.37,12.0,6,0,4,44.44,9.52
292,11,Middle Over,1,1,0.0,2,0.0,0.0,0.0,0,0,1,100.0,0.0
293,11,Death Over,1,1,2.0,9,2.0,22.22,2.0,0,0,0,66.67,0.0
293,11,Middle Over,2,2,22.0,24,11.0,91.67,14.0,2,1,2,41.67,12.5
293,11,Powerplay Over,1,1,5.0,5,5.0,100.0,5.0,1,0,0,60.0,20.0
302,11,Death Over,1,1,12.0,6,12.0,200.0,12.0,1,1,1,16.67,33.33
302,11,Middle Over,11,11,183.0,135,16.64,135.56,48.0,13,12,10,37.04,18.52
302,11,Powerplay Over,14,14,156.0,133,11.14,117.29,28.0,16,8,6,47.37,18.05
308,11,Death Over,1,1,0.0,1,0.0,0.0,0.0,0,0,1,100.0,0.0
308,11,Middle Over,1,1,3.0,5,3.0,60.0,3.0,0,0,0,40.0,0.0
327,11,Middle Over,3,3,74.0,39,24.67,189.74,63.0,4,6,3,23.08,25.64
327,11,Powerplay Over,2,2,3.0,7,1.5,42.86,2.0,0,0,1,57.14,0.0
359,11,Death Over,2,2,22.0,16,11.0,137.5,16.0,1,1,1,12.5,12.5
359,11,Middle Over,3,3,45.0,44,15.0,102.27,18.0,1,1,1,25.0,4.55
359,11,Powerplay Over,1,1,7.0,6,7.0,116.67,7.0,1,0,0,33.33,16.67
363,11,Death Over,6,6,53.0,23,8.83,230.43,34.0,3,6,4,34.78,39.13
363,11,Middle Over,1,1,6.0,9,6.0,66.67,6.0,0,0,1,44.44,0.0
370,11,Death Over,3,3,116.0,47,38.67,246.81,42.0,11,6,1,4.26,36.17
370,11,Middle Over,10,10,179.0,143,17.9,125.17,34.0,13,6,7,25.17,13.29
370,11,Powerplay Over,14,14,364.0,236,26.0,154.24,51.0,42,20,4,41.53,26.27
371,11,Death Over,3,3,0.0,4,0.0,0.0,0.0,0,0,2,100.0,0.0
372,11,Death Over,1,1,1.0,5,1.0,20.0,1.0,0,0,1,40.0,0.0
394,11,Death Over,1,1,4.0,2,4.0,200.0,4.0,1,0,1,50.0,50.0
394,11,Middle Over,1,1,14.0,10,14.0,140.0,14.0,2,0,1,20.0,20.0
398,11,Middle Over,4,4,71.0,55,17.75,129.09,35.0,5,3,4,34.55,14.55
398,11,Powerplay Over,8,8,130.0,109,16.25,119.27,24.0,15,5,3,42.2,18.35
399,11,Death Over,12,12,146.0,112,12.17,130.36,30.0,11,7,8,27.68,16.07
399,11,Middle Over,9,9,114.0,93,12.67,122.58,30.0,9,4,1,31.18,13.98
415,11,Death Over,1,1,29.0,12,29.0,241.67,29.0,3,2,1,8.33,41.67
415,11,Middle Over,3,3,46.0,42,15.33,109.52,35.0,2,2,2,33.33,9.52
415,11,Powerplay Over,6,6,87.0,76,14.5,114.47,27.0,12,2,3,50.0,18.42
436,11,Death Over,3,3,10.0,12,3.33,83.33,10.0,1,0,2,25.0,8.33
436,11,Middle Over,8,8,190.0,153,23.75,124.18,52.0,15,6,5,32.03,13.73
436,11,Powerplay Over,16,16,291.0,217,18.19,134.1,29.0,40,12,7,48.39,23.96
439,11,Death Over,4,4,46.0,33,11.5,139.39,34.0,5,1,2,39.39,18.18
439,11,Middle Over,2,2,6.0,13,3.0,46.15,4.0,0,0,0,61.54,0.0
449,11,Death Over,9,9,110.0,61,12.22,180.33,48.0,6,9,3,24.59,24.59
449,11,Middle Over,3,3,31.0,32,10.33,96.88,20.0,2,1,1,37.5,9.38
451,11,Middle Over,1,1,6.0,8,6.0,75.0,6.0,0,0,0,25.0,0.0
452,11,Death Over,1,1,27.0,16,27.0,168.75,27.0,2,2,0,31.25,25.0
452,11,Middle Over,1,1,27.0,20,27.0,135.0,27.0,1,1,0,15.0,10.0
452,11,Powerplay Over,5,5,66.0,62,13.2,106.45,37.0,6,4,4,46.77,16.13
462,11,Death Over,4,4,49.0,43,12.25,113.95,24.0,5,0,2,25.58,11.63
462,11,Middle Over,2,2,1.0,4,0.5,25.0,1.0,0,0,0,75.0,0.0
465,11,Death Over,3,3,24.0,17,8.0,141.18,11.0,1,1,1,17.65,11.76
465,11,Middle Over,2,2,17.0,11,8.5,154.55,16.0,3,0,2,27.27,27.27
465,11,Powerplay Over,7,7,81.0,80,11.57,101.25,24.0,13,0,5,42.5,16.25
466,11,Death Over,2,2,10.0,13,5.0,76.92,8.0,1,0,2,38.46,7.69
466,11,Middle Over,1,1,1.0,5,1.0,20.0,1.0,0,0,0,80.0,0.0
472,11,Death Over,3,3,12.0,20,4.0,60.0,7.0,1,0,1,55.0,5.0
472,11,Middle Over,1,1,0.0,5,0.0,0.0,0.0,0,0,0,100.0,0.0
476,11,Death Over,1,1,11.0,7,11.0,157.14,11.0,0,1,1,14.29,14.29
476,11,Middle Over,6,6,66.0,54,11.0,122.22,30.0,3,3,5,27.78,11.11
476,11,Powerplay Over,5,5,43.0,33,8.6,130.3,19.0,6,1,4,42.42,21.21
481,11,Death Over,3,3,55.0,24,18.33,229.17,26.0,2,5,1,8.33,29.17
481,11,Middle Over,10,10,338.0,202,33.8,167.33,71.0,22,23,7,24.26,22.28
481,11,Powerplay Over,7,7,87.0,54,12.43,161.11,29.0,15,2,1,42.59,31.48
483,11,Death Over,2,2,10.0,7,5.0,142.86,10.0,2,0,1,28.57,28.57
490,11,Death Over,1,1,21.0,16,21.0,131.25,21.0,0,1,0,18.75,6.25
490,11,Middle Over,8,8,121.0,120,15.12,100.83,32.0,9,0,7,25.0,7.5
490,11,Powerplay Over,14,14,228.0,185,16.29,123.24,36.0,30,4,6,35.68,18.38
492,11,Death Over,6,6,84.0,47,14.0,178.72,34.0,6,6,6,25.53,25.53
492,11,Middle Over,10,10,192.0,150,19.2,128.0,39.0,13,7,5,28.0,13.33
492,11,Powerplay Over,6,6,25.0,28,4.17,89.29,6.0,4,0,2,53.57,14.29
493,11,Death Over,4,4,15.0,16,3.75,93.75,8.0,2,0,3,50.0,12.5
493,11,Middle Over,1,1,0.0,1,0.0,0.0,0.0,0,0,1,100.0,0.0
493,11,Powerplay Over,1,1,0.0,4,0.0,0.0,0.0,0,0,1,100.0,0.0
498,11,Death Over,6,6,113.0,66,18.83,171.21,40.0,3,10,2,24.24,19.7
498,11,Middle Over,3,3,18.0,21,6.0,85.71,8.0,1,0,2,33.33,4.76
501,11,Middle Over,3,3,63.0,43,21.0,146.51,37.0,4,3,3,20.93,16.28
501,11,Powerplay Over,9,9,182.0,122,20.22,149.18,48.0,23,7,6,40.16,24.59
502,11,Death Over,4,4,92.0,43,23.0,213.95,58.0,5,9,3,23.26,32.56
502,11,Middle Over,14,14,250.0,205,17.86,121.95,41.0,14,8,10,27.32,10.73
502,11,Powerplay Over,9,9,99.0,77,11.0,128.57,29.0,11,2,1,37.66,16.88
504,11,Death Over,4,4,26.0,21,6.5,123.81,17.0,4,0,2,38.1,19.05
504,11,Middle Over,8,8,218.0,155,27.25,140.65,56.0,25,6,4,24.52,20.0
504,11,Powerplay Over,16,16,253.0,203,15.81,124.63,34.0,30,8,8,35.96,18.72
505,11,Middle Over,1,1,8.0,9,8.0,88.89,8.0,0,1,1,66.67,11.11
508,11,Death Over,8,8,95.0,44,11.88,215.91,33.0,7,7,5,27.27,31.82
508,11,Middle Over,6,6,23.0,19,3.83,121.05,18.0,2,1,4,36.84,15.79
508,11,Powerplay Over,1,1,8.0,4,8.0,200.0,8.0,0,1,0,25.0,25.0
512,11,Middle Over,1,1,1.0,3,1.0,33.33,1.0,0,0,1,66.67,0.0
512,11,Powerplay Over,4,4,62.0,38,15.5,163.16,32.0,7,4,3,44.74,28.95
514,11,Death Over,4,4,11.0,11,2.75,100.0,11.0,1,1,2,45.45,18.18
514,11,Middle Over,1,1,0.0,1,0.0,0.0,0.0,0,0,0,100.0,0.0
522,11,Death Over,12,12,297.0,160,24.75,185.62,49.0,16,24,4,18.12,25.0
522,11,Middle Over,13,13,151.0,150,11.62,100.67,38.0,7,6,3,31.33,8.67
522,11,Powerplay Over,1,1,7.0,11,7.0,63.64,7.0,1,0,0,72.73,9.09
524,11,Death Over,1,1,5.0,2,5.0,250.0,5.0,1,0,0,0.0,50.0
535,11,Death Over,4,4,57.0,33,14.25,172.73,32.0,3,3,4,18.18,18.18
535,11,Middle Over,6,6,39.0,34,6.5,114.71,24.0,3,2,3,44.12,14.71
535,11,Powerplay Over,3,3,12.0,11,4.0,109.09,7.0,2,0,1,54.55,18.18
537,11,Death Over,8,8,107.0,76,13.38,140.79,29.0,6,5,6,26.32,14.47
537,11,Middle Over,13,13,206.0,164,15.85,125.61,62.0,16,4,5,24.39,12.2
537,11,Powerplay Over,7,7,235.0,125,33.57,188.0,66.0,30,12,0,27.2,33.6
545,11,Death Over,4,4,13.0,18,3.25,72.22,7.0,1,0,2,33.33,5.56
546,11,Death Over,8,8,119.0,78,14.88,152.56,37.0,10,7,5,29.49,21.79
546,11,Middle Over,9,9,107.0,84,11.89,127.38,31.0,12,3,4,34.52,17.86
546,11,Powerplay Over,2,2,2.0,2,1.0,100.0,1.0,0,0,0,0.0,0.0
554,11,Death Over,7,7,118.0,92,16.86,128.26,41.0,8,3,5,21.74,11.96
554,11,Middle Over,10,10,139.0,130,13.9,106.92,34.0,10,2,4,28.46,9.23
554,11,Powerplay Over,6,6,27.0,35,4.5,77.14,16.0,4,0,2,65.71,11.43
563,11,Powerplay Over,1,1,12.0,11,12.0,109.09,12.0,0,1,1,27.27,9.09
564,11,Death Over,5,5,2.0,8,0.4,25.0,1.0,0,0,4,50.0,0.0
564,11,Middle Over,1,1,1.0,4,1.0,25.0,1.0,0,0,0,75.0,0.0
569,11,Death Over,3,3,45.0,32,15.0,140.62,28.0,4,1,2,21.88,15.62
569,11,Middle Over,2,2,5.0,9,2.5,55.56,4.0,0,0,0,55.56,0.0
569,11,Powerplay Over,1,1,7.0,7,7.0,100.0,7.0,1,0,1,57.14,14.29
573,11,Death Over,1,1,13.0,12,13.0,108.33,13.0,0,1,0,33.33,8.33
573,11,Middle Over,1,1,10.0,16,10.0,62.5,10.0,1,0,1,37.5,6.25
573,11,Powerplay Over,1,1,13.0,18,13.0,72.22,13.0,2,0,0,50.0,11.11
575,11,Middle Over,1,1,8.0,6,8.0,133.33,8.0,2,0,1,66.67,33.33
579,11,Middle Over,3,3,12.0,13,4.0,92.31,10.0,0,1,3,30.77,7.69
579,11,Powerplay Over,3,3,43.0,37,14.33,116.22,35.0,2,3,1,45.95,13.51
597,11,Death Over,1,1,6.0,4,6.0,150.0,6.0,1,0,0,0.0,25.0
610,11,Death Over,3,3,3.0,14,1.0,21.43,2.0,0,0,2,85.71,0.0
611,11,Middle Over,1,1,1.0,2,1.0,50.0,1.0,0,0,1,50.0,0.0
614,11,Death Over,7,7,61.0,46,8.71,132.61,22.0,4,2,5,21.74,13.04
614,11,Middle Over,15,15,494.0,322,32.93,153.42,71.0,36,23,7,23.29,18.32
614,11,Powerplay Over,13,13,180.0,154,13.85,116.88,27.0,24,3,3,41.56,17.53
624,11,Death Over,1,1,26.0,17,26.0,152.94,26.0,0,2,0,11.76,11.76
624,11,Middle Over,5,5,124.0,88,24.8,140.91,49.0,3,13,3,37.5,18.18
624,11,Powerplay Over,11,11,218.0,156,19.82,139.74,46.0,27,12,6,48.08,25.0
625,11,Death Over,1,1,15.0,5,15.0,300.0,15.0,3,0,0,0.0,60.0
631,11,Death Over,2,2,16.0,13,8.0,123.08,16.0,1,1,2,46.15,15.38
631,11,Middle Over,10,10,208.0,173,20.8,120.23,45.0,22,3,8,31.21,14.45
631,11,Powerplay Over,13,13,288.0,205,22.15,140.49,41.0,38,12,4,44.39,24.39
635,11,Death Over,1,1,1.0,5,1.0,20.0,1.0,0,0,0,80.0,0.0
638,11,Death Over,4,4,56.0,28,14.0,200.0,33.0,4,4,3,28.57,28.57
638,11,Middle Over,2,2,9.0,12,4.5,75.0,7.0,1,0,1,41.67,8.33
644,11,Death Over,5,5,71.0,52,14.2,136.54,29.0,5,2,2,25.0,13.46
644,11,Middle Over,4,4,27.0,25,6.75,108.0,12.0,1,2,2,40.0,12.0
644,11,Powerplay Over,1,1,1.0,1,1.0,100.0,1.0,0,0,0,0.0,0.0
652,11,Middle Over,1,1,8.0,10,8.0,80.0,8.0,1,0,1,60.0,10.0
652,11,Powerplay Over,1,1,1.0,3,1.0,33.33,1.0,0,0,0,66.67,0.0
654,11,Death Over,11,11,158.0,109,14.36,144.95,35.0,11,10,7,34.86,19.27
654,11,Middle Over,6,6,83.0,87,13.83,95.4,24.0,8,1,1,35.63,10.34
654,11,Powerplay Over,2,2,19.0,15,9.5,126.67,19.0,3,0,1,33.33,20.0
656,11,Death Over,4,4,23.0,19,5.75,121.05,10.0,0,2,3,21.05,10.53
656,11,Middle Over,7,7,57.0,52,8.14,109.62,19.0,3,2,4,23.08,9.62
665,11,Death Over,4,4,25.0,28,6.25,89.29,20.0,1,1,3,42.86,7.14
665,11,Middle Over,6,6,96.0,65,16.0,147.69,50.0,8,6,4,40.0,21.54
665,11,Powerplay Over,1,1,12.0,11,12.0,109.09,12.0,1,0,0,36.36,9.09
671,11,Death Over,2,2,1.0,4,0.5,25.0,1.0,0,0,1,75.0,0.0
679,11,Death Over,4,4,35.0,29,8.75,120.69,18.0,4,1,2,24.14,17.24
679,11,Middle Over,3,3,15.0,18,5.0,83.33,8.0,1,0,2,33.33,5.56
688,11,Death Over,2,2,8.0,6,4.0,133.33,6.0,0,1,1,50.0,16.67
696,11,Death Over,3,3,13.0,15,4.33,86.67,7.0,1,0,3,46.67,6.67
705,11,Death Over,6,6,112.0,61,18.67,183.61,43.0,10,6,5,22.95,26.23
705,11,Middle Over,9,9,133.0,114,14.78,116.67,39.0,11,4,4,29.82,13.16
705,11,Powerplay Over,7,7,41.0,48,5.86,85.42,15.0,4,2,4,62.5,12.5
711,11,Death Over,3,3,3.0,7,1.0,42.86,2.0,0,0,1,42.86,0.0
716,11,Death Over,2,2,1.0,3,0.5,33.33,1.0,0,0,1,66.67,0.0
733,11,Death Over,2,2,61.0,31,30.5,196.77,46.0,3,5,0,12.9,25.81
733,11,Middle Over,1,1,2.0,4,2.0,50.0,2.0,0,0,1,50.0,0.0
734,11,Death Over,6,6,21.0,24,3.5,87.5,7.0,2,0,2,33.33,8.33
734,11,Middle Over,1,1,0.0,1,0.0,0.0,0.0,0,0,0,100.0,0.0
741,11,Death Over,4,4,14.0,14,3.5,100.0,8.0,1,1,2,57.14,14.29
741,11,Middle Over,1,1,3.0,5,3.0,60.0,3.0,0,0,0,40.0,0.0
743,11,Death Over,7,7,57.0,47,8.14,121.28,24.0,6,2,5,38.3,17.02
743,11,Middle Over,9,9,150.0,133,16.67,112.78,28.0,15,2,4,33.08,12.78
743,11,Powerplay Over,4,4,32.0,23,8.0,139.13,11.0,5,1,0,43.48,26.09
748,11,Death Over,2,2,20.0,22,10.0,90.91,13.0,0,1,1,27.27,4.55
748,11,Middle Over,1,1,6.0,11,6.0,54.55,6.0,0,0,0,45.45,0.0
749,11,Death Over,2,2,17.0,17,8.5,100.0,9.0,1,0,1,35.29,5.88
749,11,Middle Over,1,1,3.0,4,3.0,75.0,3.0,0,0,0,50.0,0.0
757,11,Death Over,4,4,24.0,19,6.0,126.32,12.0,0,2,3,36.84,10.53
757,11,Middle Over,3,3,20.0,20,6.67,100.0,10.0,2,0,1,45.0,10.0
760,11,Death Over,5,5,91.0,46,18.2,197.83,50.0,5,8,4,23.91,28.26
760,11,Middle Over,12,12,228.0,180,19.0,126.67,43.0,14,11,7,29.44,13.89
760,11,Powerplay Over,11,11,92.0,91,8.36,101.1,24.0,10,2,1,45.05,13.19
767,11,Death Over,6,6,125.0,75,20.83,166.67,32.0,5,9,1,13.33,18.67
767,11,Middle Over,6,6,84.0,78,14.0,107.69,26.0,6,2,2,32.05,10.26
767,11,Powerplay Over,1,1,3.0,3,3.0,100.0,3.0,0,0,1,33.33,0.0
772,11,Death Over,1,1,1.0,3,1.0,33.33,1.0,0,0,1,66.67,0.0
6,12,Death Over,8,8,97.0,80,12.12,121.25,31.0,7,4,1,32.5,13.75
6,12,Middle Over,4,4,9.0,14,2.25,64.29,4.0,0,0,1,35.71,0.0
18,12,Death Over,1,1,4.0,3,4.0,133.33,4.0,1,0,0,66.67,33.33
23,12,Death Over,6,6,34.0,37,5.67,91.89,11.0,2,1,3,32.43,8.11
23,12,Middle Over,7,7,97.0,100,13.86,97.0,36.0,12,1,3,44.0,13.0
23,12,Powerplay Over,5,5,31.0,35,6.2,88.57,11.0,5,1,3,68.57,17.14
32,12,Death Over,1,1,0.0,2,0.0,0.0,0.0,0,0,0,50.0,0.0
35,12,Death Over,1,1,5.0,3,5.0,166.67,5.0,1,0,1,33.33,33.33
35,12,Middle Over,5,5,83.0,86,16.6,96.51,23.0,6,3,4,38.37,10.47
35,12,Powerplay Over,3,3,13.0,15,4.33,86.67,12.0,1,1,0,73.33,13.33
38,12,Death Over,3,3,4.0,15,1.33,26.67,3.0,0,0,2,53.33,0.0
49,12,Death Over,5,5,47.0,42,9.4,111.9,18.0,1,2,2,30.95,7.14
49,12,Middle Over,8,8,149.0,108,18.62,137.96,49.0,8,7,4,21.3,13.89
49,12,Powerplay Over,8,8,100.0,92,12.5,108.7,27.0,12,1,3,41.3,14.13
52,12,Death Over,1,1,20.0,14,20.0,142.86,20.0,2,1,0,21.43,21.43
58,12,Death Over,2,2,1.0,3,0.5,33.33,1.0,0,0,1,66.67,0.0
60,12,Death Over,4,4,63.0,30,15.75,210.0,44.0,3,6,3,30.0,30.0
60,12,Middle Over,10,10,225.0,154,22.5,146.1,61.0,16,14,6,35.06,19.48
60,12,Powerplay Over,7,7,56.0,56,8.0,100.0,23.0,8,1,1,50.0,16.07
71,12,Death Over,1,1,0.0,1,0.0,0.0,0.0,0,0,1,100.0,0.0
74,12,Death Over,2,2,58.0,24,29.0,241.67,38.0,4,5,2,16.67,37.5
74,12,Middle Over,6,6,151.0,97,25.17,155.67,56.0,13,9,5,29.9,22.68
74,12,Powerplay Over,17,17,189.0,200,11.12,94.5,30.0,25,6,11,57.0,15.5
77,12,Death Over,1,1,0.0,1,0.0,0.0,0.0,0,0,1,100.0,0.0
77,12,Middle Over,1,1,7.0,12,7.0,58.33,7.0,0,0,0,50.0,0.0
78,12,Death Over,7,7,68.0,49,9.71,138.78,22.0,5,3,4,24.49,16.33
78,12,Middle Over,5,5,55.0,51,11.0,107.84,24.0,3,1,2,33.33,7.84
86,12,Death Over,1,1,3.0,7,3.0,42.86,3.0,0,0,0,57.14,0.0
87,12,Death Over,3,3,15.0,12,5.0,125.0,8.0,0,1,2,25.0,8.33
87,12,Middle Over,1,1,22.0,22,22.0,100.0,22.0,1,1,0,40.91,9.09
94,12,Death Over,1,1,9.0,3,9.0,300.0,9.0,0,1,0,0.0,33.33
106,12,Death Over,5,5,71.0,34,14.2,208.82,52.0,10,2,1,26.47,35.29
106,12,Middle Over,3,3,4.0,11,1.33,36.36,3.0,0,0,2,63.64,0.0
106,12,Powerplay Over,1,1,20.0,10,20.0,200.0,20.0,3,1,1,50.0,40.0
111,12,Death Over,1,1,20.0,13,20.0,153.85,20.0,1,2,1,23.08,23.08
111,12,Middle Over,4,4,78.0,70,19.5,111.43,33.0,6,4,3,37.14,14.29
116,12,Death Over,10,10,351.0,153,35.1,229.41,57.0,20,38,6,26.8,37.91
116,12,Middle Over,10,10,159.0,118,15.9,134.75,34.0,11,14,3,43.22,21.19
116,12,Super Over,1,1,4.0,3,4.0,133.33,4.0,1,0,1,66.67,33.33
121,12,Death Over,3,3,22.0,17,7.33,129.41,15.0,3,0,3,29.41,17.65
121,12,Middle Over,7,7,86.0,70,12.29,122.86,32.0,6,3,4,27.14,12.86
121,12,Powerplay Over,14,14,265.0,186,18.93,142.47,43.0,39,7,8,35.48,24.73
137,12,Death Over,5,5,36.0,22,7.2,163.64,17.0,2,3,4,27.27,22.73
137,12,Middle Over,2,2,6.0,6,3.0,100.0,6.0,1,0,1,50.0,16.67
141,12,Death Over,5,5,30.0,33,6.0,90.91,25.0,2,1,4,39.39,9.09
141,12,Middle Over,5,5,73.0,59,14.6,123.73,28.0,7,0,2,23.73,11.86
141,12,Powerplay Over,3,3,38.0,30,12.67,126.67,20.0,4,1,0,33.33,16.67
143,12,Death Over,7,7,63.0,43,9.0,146.51,19.0,7,2,5,30.23,20.93
143,12,Middle Over,7,7,114.0,108,16.29,105.56,40.0,12,3,5,44.44,13.89
143,12,Powerplay Over,1,1,7.0,6,7.0,116.67,7.0,1,0,0,33.33,16.67
148,12,Death Over,2,2,1.0,2,0.5,50.0,1.0,0,0,1,50.0,0.0
151,12,Death Over,4,4,77.0,33,19.25,233.33,45.0,5,6,4,18.18,33.33
151,12,Middle Over,8,8,148.0,125,18.5,118.4,39.0,9,2,4,18.4,8.8
151,12,Powerplay Over,14,14,239.0,174,17.07,137.36,34.0,32,5,6,34.48,21.26
154,12,Middle Over,3,3,21.0,25,7.0,84.0,20.0,1,1,3,40.0,8.0
154,12,Powerplay Over,2,2,27.0,28,13.5,96.43,15.0,3,1,0,60.71,14.29
158,12,Death Over,5,5,26.0,28,5.2,92.86,12.0,0,2,5,46.43,7.14
158,12,Middle Over,3,3,6.0,10,2.0,60.0,5.0,1,0,1,60.0,10.0
162,12,Death Over,4,4,12.0,11,3.0,109.09,10.0,2,0,2,54.55,18.18
165,12,Death Over,2,2,12.0,10,6.0,120.0,9.0,0,1,2,30.0,10.0
165,12,Middle Over,4,4,48.0,38,12.0,126.32,45.0,2,4,2,42.11,15.79
165,12,Powerplay Over,2,2,30.0,28,15.0,107.14,21.0,2,2,1,42.86,14.29
170,12,Death Over,8,8,128.0,63,16.0,203.17,55.0,9,10,4,15.87,30.16
170,12,Middle Over,9,9,116.0,99,12.89,117.17,42.0,11,4,5,35.35,15.15
170,12,Powerplay Over,2,2,9.0,17,4.5,52.94,9.0,2,0,0,82.35,11.76
170,12,Super Over,1,1,1.0,1,1.0,100.0,1.0,0,0,0,0.0,0.0
172,12,Death Over,1,1,15.0,13,15.0,115.38,15.0,2,0,0,46.15,15.38
173,12,Death Over,2,2,16.0,13,8.0,123.08,13.0,1,1,1,46.15,15.38
173,12,Middle Over,1,1,2.0,4,2.0,50.0,2.0,0,0,1,50.0,0.0
178,12,Death Over,1,1,0.0,2,0.0,0.0,0.0,0,0,0,100.0,0.0
179,12,Death Over,2,2,2.0,4,1.0,50.0,1.0,0,0,1,50.0,0.0
179,12,Middle Over,1,1,4.0,12,4.0,33.33,4.0,0,0,1,83.33,0.0
186,12,Death Over,1,1,4.0,6,4.0,66.67,4.0,0,0,1,16.67,0.0
186,12,Middle Over,1,1,2.0,6,2.0,33.33,2.0,0,0,0,66.67,0.0
201,12,Death Over,1,1,0.0,1,0.0,0.0,0.0,0,0,1,100.0,0.0
201,12,Middle Over,1,1,19.0,24,19.0,79.17,19.0,2,0,0,41.67,8.33
205,12,Death Over,2,2,11.0,10,5.5,110.0,6.0,1,0,2,20.0,10.0
213,12,Death Over,2,2,26.0,12,13.0,216.67,16.0,0,3,1,16.67,25.0
213,12,Middle Over,1,1,6.0,13,6.0,46.15,6.0,0,0,0,46.15,0.0
217,12,Death Over,2,2,7.0,10,3.5,70.0,7.0,1,0,2,50.0,10.0
218,12,Death Over,2,2,36.0,26,18.0,138.46,20.0,3,1,1,23.08,15.38
218,12,Middle Over,5,5,108.0,91,21.6,118.68,37.0,12,2,4,32.97,15.38
218,12,Powerplay Over,3,3,36.0,28,12.0,128.57,15.0,4,1,0,35.71,17.86
219,12,Powerplay Over,1,1,15.0,13,15.0,115.38,15.0,1,1,1,61.54,15.38
224,12,Death Over,1,1,0.0,3,0.0,0.0,0.0,0,0,1,66.67,0.0
225,12,Death Over,12,12,110.0,77,9.17,142.86,33.0,9,2,4,15.58,14.29
225,12,Middle Over,5,5,55.0,45,11.0,122.22,22.0,1,2,1,17.78,6.67
227,12,Death Over,1,1,0.0,1,0.0,0.0,0.0,0,0,1,100.0,0.0
230,12,Death Over,3,3,15.0,16,5.0,93.75,10.0,1,0,2,31.25,6.25
230,12,Middle Over,11,11,234.0,196,21.27,119.39,45.0,22,6,8,28.57,14.29
230,12,Powerplay Over,14,14,134.0,109,9.57,122.94,28.0,22,3,6,49.54,22.94
234,12,Death Over,4,4,19.0,20,4.75,95.0,6.0,2,0,2,30.0,10.0
234,12,Middle Over,1,1,2.0,6,2.0,33.33,2.0,0,0,0,66.67,0.0
245,12,Death Over,3,3,5.0,9,1.67,55.56,5.0,0,0,3,55.56,0.0
245,12,Powerplay Over,1,1,4.0,3,4.0,133.33,4.0,1,0,1,33.33,33.33
251,12,Death Over,5,5,34.0,27,6.8,125.93,14.0,4,1,4,40.74,18.52
251,12,Middle Over,1,1,8.0,11,8.0,72.73,8.0,0,1,0,72.73,9.09
255,12,Middle Over,2,2,24.0,18,12.0,133.33,13.0,1,3,1,55.56,22.22
255,12,Powerplay Over,7,7,119.0,72,17.0,165.28,34.0,16,6,6,43.06,30.56
256,12,Powerplay Over,1,1,7.0,17,7.0,41.18,7.0,1,0,1,70.59,5.88
259,12,Death Over,1,1,5.0,3,5.0,166.67,5.0,1,0,0,33.33,33.33
263,12,Death Over,1,1,0.0,1,0.0,0.0,0.0,0,0,0,0.0,0.0
264,12,Death Over,7,7,34.0,29,4.86,117.24,14.0,3,1,6,27.59,13.79
264,12,Middle Over,3,3,30.0,39,10.0,76.92,19.0,2,0,0,43.59,5.13
267,12,Death Over,12,12,215.0,94,17.92,228.72,62.0,13,19,9,19.15,34.04
267,12,Middle Over,16,16,268.0,200,16.75,134.0,43.0,23,8,4,25.5,15.5
267,12,Powerplay Over,3,3,5.0,13,1.67,38.46,4.0,1,0,0,84.62,7.69
267,12,Super Over,1,1,6.0,4,6.0,150.0,6.0,0,0,0,0.0,0.0
268,12,Death Over,8,8,79.0,67,9.88,117.91,18.0,7,1,3,20.9,11.94
268,12,Middle Over,11,11,166.0,175,15.09,94.86,41.0,11,4,5,37.14,8.57
268,12,Powerplay Over,9,9,37.0,65,4.11,56.92,12.0,2,2,4,66.15,6.15
285,12,Death Over,1,1,0.0,1,0.0,0.0,0.0,0,0,0,100.0,0.0
292,12,Death Over,2,2,7.0,4,3.5,175.0,6.0,0,1,1,50.0,25.0
293,12,Death Over,1,1,1.0,3,1.0,33.33,1.0,0,0,1,66.67,0.0
302,12,Death Over,2,2,34.0,34,17.0,100.0,21.0,3,1,1,26.47,11.76
302,12,Middle Over,9,9,162.0,152,18.0,106.58,30.0,12,7,6,40.79,12.5
302,12,Powerplay Over,7,7,86.0,68,12.29,126.47,18.0,13,2,2,47.06,22.06
302,12,Super Over,1,1,2.0,2,2.0,100.0,2.0,0,0,0,0.0,0.0
308,12,Death Over,1,1,1.0,1,1.0,100.0,1.0,0,0,0,0.0,0.0
327,12,Death Over,5,5,90.0,46,18.0,195.65,26.0,10,6,3,26.09,34.78
327,12,Middle Over,4,4,106.0,68,26.5,155.88,40.0,5,9,2,30.88,20.59
327,12,Powerplay Over,3,3,24.0,23,8.0,104.35,13.0,1,2,1,47.83,13.04
358,12,Death Over,2,2,25.0,12,12.5,208.33,15.0,0,3,1,8.33,25.0
358,12,Middle Over,7,7,226.0,144,32.29,156.94,67.0,18,11,4,26.39,20.14
358,12,Powerplay Over,10,10,194.0,136,19.4,142.65,47.0,30,4,3,36.76,25.0
359,12,Death Over,7,7,66.0,54,9.43,122.22,23.0,8,1,5,29.63,16.67
359,12,Middle Over,8,8,143.0,119,17.88,120.17,38.0,10,6,3,30.25,13.45
359,12,Powerplay Over,1,1,4.0,1,4.0,400.0,4.0,1,0,0,0.0,100.0
363,12,Death Over,7,7,34.0,26,4.86,130.77,17.0,2,2,5,30.77,15.38
370,12,Death Over,6,6,128.0,81,21.33,158.02,43.0,9,6,3,20.99,18.52
370,12,Middle Over,9,9,233.0,169,25.89,137.87,45.0,15,8,3,22.49,13.61
370,12,Powerplay Over,14,14,232.0,197,16.57,117.77,55.0,25,11,5,48.22,18.27
371,12,Death Over,2,2,6.0,4,3.0,150.0,5.0,1,0,0,0.0,25.0
383,12,Death Over,1,1,10.0,3,10.0,333.33,10.0,1,1,0,33.33,66.67
392,12,Death Over,5,5,79.0,46,15.8,171.74,36.0,5,4,4,19.57,19.57
392,12,Middle Over,10,10,282.0,209,28.2,134.93,43.0,14,8,6,17.7,10.53
392,12,Powerplay Over,12,12,331.0,241,27.58,137.34,52.0,38,9,2,34.85,19.5
394,12,Death Over,6,6,91.0,58,15.17,156.9,30.0,8,6,5,32.76,24.14
394,12,Middle Over,3,3,24.0,21,8.0,114.29,12.0,0,1,0,33.33,4.76
394,12,Super Over,1,1,6.0,2,6.0,300.0,6.0,0,1,1,50.0,50.0
398,12,Death Over,2,2,45.0,28,22.5,160.71,24.0,5,1,1,10.71,21.43
398,12,Middle Over,10,10,165.0,136,16.5,121.32,41.0,11,6,7,29.41,12.5
398,12,Powerplay Over,16,16,319.0,240,19.94,132.92,39.0,29,18,6,41.67,19.58
399,12,Death Over,14,14,297.0,162,21.21,183.33,37.0,22,21,8,24.07,26.54
399,12,Middle Over,9,9,105.0,61,11.67,172.13,59.0,6,8,1,26.23,22.95
399,12,Super Over,1,1,7.0,2,7.0,350.0,7.0,0,1,0,0.0,50.0
404,12,Death Over,1,1,0.0,2,0.0,0.0,0.0,0,0,1,100.0,0.0
404,12,Middle Over,1,1,6.0,13,6.0,46.15,6.0,0,0,0,53.85,0.0
405,12,Death Over,2,2,42.0,24,21.0,175.0,23.0,5,2,2,16.67,29.17
405,12,Middle Over,2,2,43.0,38,21.5,113.16,35.0,4,0,0,21.05,10.53
405,12,Powerplay Over,2,2,13.0,11,6.5,118.18,7.0,2,0,1,36.36,18.18
406,12,Death Over,3,3,3.0,7,1.0,42.86,2.0,0,0,2,42.86,0.0
415,12,Death Over,2,2,48.0,21,24.0,228.57,32.0,4,3,1,14.29,33.33
415,12,Middle Over,6,6,149.0,126,24.83,118.25,37.0,8,7,4,29.37,11.9
415,12,Powerplay Over,12,12,199.0,179,16.58,111.17,37.0,24,5,6,45.81,16.2
420,12,Death Over,4,4,70.0,43,17.5,162.79,30.0,6,4,3,23.26,23.26
420,12,Middle Over,4,4,90.0,86,22.5,104.65,34.0,11,1,1,38.37,13.95
420,12,Powerplay Over,1,1,0.0,4,0.0,0.0,0.0,0,0,0,100.0,0.0
436,12,Death Over,1,1,6.0,6,6.0,100.0,6.0,1,0,1,50.0,16.67
436,12,Middle Over,7,7,137.0,100,19.57,137.0,44.0,6,10,6,29.0,16.0
436,12,Powerplay Over,13,13,262.0,190,20.15,137.89,46.0,34,12,6,47.37,24.21
439,12,Death Over,1,1,9.0,9,9.0,100.0,9.0,0,0,0,22.22,0.0
449,12,Death Over,8,8,48.0,35,6.0,137.14,17.0,2,3,5,28.57,14.29
449,12,Middle Over,4,4,32.0,33,8.0,96.97,17.0,4,0,0,39.39,12.12
462,12,Death Over,6,6,33.0,20,5.5,165.0,19.0,4,1,3,30.0,25.0
462,12,Middle Over,2,2,30.0,22,15.0,136.36,18.0,4,0,1,22.73,18.18
462,12,Powerplay Over,1,1,0.0,4,0.0,0.0,0.0,0,0,0,100.0,0.0
465,12,Death Over,1,1,5.0,5,5.0,100.0,5.0,0,0,1,20.0,0.0
465,12,Middle Over,1,1,0.0,1,0.0,0.0,0.0,0,0,1,100.0,0.0
465,12,Powerplay Over,4,4,81.0,49,20.25,165.31,28.0,13,1,3,22.45,28.57
472,12,Death Over,3,3,12.0,8,4.0,150.0,10.0,1,0,1,25.0,12.5
476,12,Death Over,2,2,15.0,9,7.5,166.67,15.0,1,1,2,33.33,22.22
476,12,Middle Over,11,11,231.0,151,21.0,152.98,43.0,16,11,7,20.53,17.88
476,12,Powerplay Over,10,10,86.0,81,8.6,106.17,21.0,9,2,2,44.44,13.58
481,12,Death Over,5,5,146.0,59,29.2,247.46,46.0,7,15,2,11.86,37.29
481,12,Middle Over,9,9,213.0,164,23.67,129.88,47.0,14,9,4,28.66,14.02
481,12,Powerplay Over,10,10,83.0,71,8.3,116.9,23.0,10,2,4,46.48,16.9
483,12,Death Over,2,2,0.0,4,0.0,0.0,0.0,0,0,1,75.0,0.0
490,12,Death Over,3,3,34.0,25,11.33,136.0,17.0,1,1,2,16.0,8.0
490,12,Middle Over,7,7,125.0,90,17.86,138.89,48.0,9,3,4,21.11,13.33
490,12,Powerplay Over,12,12,234.0,174,19.5,134.48,40.0,35,5,7,43.1,22.99
492,12,Death Over,1,1,5.0,6,5.0,83.33,5.0,0,0,1,33.33,0.0
493,12,Death Over,5,5,67.0,41,13.4,163.41,27.0,4,4,2,19.51,19.51
498,12,Death Over,3,3,11.0,21,3.67,52.38,6.0,0,0,2,47.62,0.0
498,12,Middle Over,2,2,35.0,29,17.5,120.69,31.0,4,2,1,55.17,20.69
501,12,Death Over,2,2,30.0,20,15.0,150.0,29.0,5,0,2,30.0,25.0
501,12,Middle Over,5,5,102.0,73,20.4,139.73,46.0,7,4,3,19.18,15.07
501,12,Powerplay Over,16,16,221.0,177,13.81,124.86,39.0,33,5,10,45.76,21.47
502,12,Death Over,4,4,83.0,40,20.75,207.5,51.0,9,3,2,5.0,30.0
502,12,Middle Over,7,7,152.0,119,21.71,127.73,42.0,8,5,4,24.37,10.92
502,12,Powerplay Over,8,8,107.0,79,13.38,135.44,28.0,11,5,4,37.97,20.25
504,12,Death Over,3,3,18.0,16,6.0,112.5,13.0,1,0,2,18.75,6.25
504,12,Middle Over,9,9,165.0,138,18.33,119.57,47.0,18,1,6,24.64,13.77
504,12,Powerplay Over,16,16,338.0,237,21.12,142.62,48.0,45,10,8,37.55,23.21
505,12,Middle Over,1,1,5.0,11,5.0,45.45,5.0,0,0,1,27.27,0.0
508,12,Death Over,3,3,11.0,11,3.67,100.0,8.0,0,1,2,45.45,9.09
508,12,Middle Over,2,2,7.0,8,3.5,87.5,6.0,1,0,1,50.0,12.5
512,12,Middle Over,4,4,39.0,40,9.75,97.5,14.0,3,2,4,47.5,12.5
512,12,Powerplay Over,2,2,45.0,32,22.5,140.62,30.0,6,2,0,43.75,25.0
514,12,Death Over,4,4,11.0,16,2.75,68.75,10.0,2,0,2,62.5,12.5
522,12,Death Over,10,10,268.0,164,26.8,163.41,55.0,16,17,5,25.0,20.12
522,12,Middle Over,10,10,143.0,146,14.3,97.95,34.0,5,6,1,37.67,7.53
522,12,Powerplay Over,4,4,5.0,7,1.25,71.43,4.0,1,0,0,71.43,14.29
527,12,Death Over,1,1,1.0,5,1.0,20.0,1.0,0,0,0,80.0,0.0
530,12,Death Over,6,6,76.0,66,12.67,115.15,23.0,6,2,5,33.33,12.12
530,12,Middle Over,10,10,195.0,173,19.5,112.72,45.0,18,2,4,27.17,11.56
530,12,Powerplay Over,6,6,48.0,44,8.0,109.09,15.0,6,0,0,38.64,13.64
533,12,Death Over,1,1,15.0,12,15.0,125.0,15.0,1,1,1,41.67,16.67
533,12,Middle Over,1,1,1.0,6,1.0,16.67,1.0,0,0,0,83.33,0.0
535,12,Middle Over,1,1,0.0,5,0.0,0.0,0.0,0,0,1,80.0,0.0
537,12,Middle Over,4,4,144.0,89,36.0,161.8,68.0,13,8,3,28.09,23.6
537,12,Powerplay Over,8,8,167.0,124,20.88,134.68,43.0,25,6,4,49.19,25.0
545,12,Death Over,4,4,12.0,19,3.0,63.16,7.0,1,0,3,42.11,5.26
546,12,Death Over,9,9,84.0,57,9.33,147.37,28.0,9,3,6,22.81,21.05
546,12,Middle Over,9,9,99.0,101,11.0,98.02,32.0,9,2,5,43.56,10.89
547,12,Middle Over,2,2,2.0,5,1.0,40.0,1.0,0,0,2,60.0,0.0
547,12,Powerplay Over,3,3,79.0,48,26.33,164.58,35.0,4,7,1,43.75,22.92
547,12,Super Over,1,1,1.0,1,1.0,100.0,1.0,0,0,0,0.0,0.0
554,12,Death Over,6,6,68.0,43,11.33,158.14,25.0,6,2,3,11.63,18.6
554,12,Middle Over,10,10,203.0,179,20.3,113.41,45.0,17,2,5,26.82,10.61
554,12,Powerplay Over,6,6,73.0,45,12.17,162.22,27.0,11,2,0,42.22,28.89
554,12,Super Over,1,1,1.0,1,1.0,100.0,1.0,0,0,1,0.0,0.0
557,12,Middle Over,1,1,2.0,3,2.0,66.67,2.0,0,0,1,33.33,0.0
557,12,Powerplay Over,1,1,0.0,1,0.0,0.0,0.0,0,0,0,0.0,0.0
563,12,Middle Over,2,2,26.0,34,13.0,76.47,16.0,1,0,2,38.24,2.94
563,12,Powerplay Over,2,2,38.0,27,19.0,140.74,28.0,5,1,0,48.15,22.22
564,12,Death Over,5,5,25.0,23,5.0,108.7,14.0,3,1,1,47.83,17.39
564,12,Middle Over,1,1,0.0,3,0.0,0.0,0.0,0,0,0,100.0,0.0
569,12,Middle Over,1,1,3.0,3,3.0,100.0,3.0,0,0,1,33.33,0.0
569,12,Powerplay Over,1,1,6.0,7,6.0,85.71,6.0,0,0,1,14.29,0.0
588,12,Death Over,4,4,3.0,11,0.75,27.27,3.0,0,0,3,63.64,0.0
610,12,Death Over,1,1,0.0,1,0.0,0.0,0.0,0,0,1,100.0,0.0
611,12,Death Over,3,3,3.0,5,1.0,60.0,1.0,0,0,1,40.0,0.0
614,12,Death Over,3,3,56.0,29,18.67,193.1,37.0,5,3,2,10.34,27.59
614,12,Middle Over,7,7,83.0,84,11.86,98.81,33.0,5,2,4,34.52,8.33
614,12,Powerplay Over,3,3,17.0,21,5.67,80.95,13.0,2,0,1,61.9,9.52
624,12,Death Over,2,2,47.0,26,23.5,180.77,33.0,5,3,1,19.23,30.77
624,12,Middle Over,6,6,181.0,120,30.17,150.83,55.0,9,15,4,26.67,20.0
624,12,Powerplay Over,13,13,262.0,192,20.15,136.46,48.0,31,16,7,51.04,24.48
625,12,Death Over,2,2,14.0,7,7.0,200.0,12.0,1,1,1,28.57,28.57
631,12,Death Over,6,6,42.0,30,7.0,140.0,19.0,3,2,4,36.67,16.67
631,12,Middle Over,13,13,279.0,220,21.46,126.82,43.0,24,7,8,25.91,14.09
631,12,Powerplay Over,10,10,103.0,77,10.3,133.77,24.0,18,1,2,42.86,24.68
635,12,Death Over,1,1,0.0,2,0.0,0.0,0.0,0,0,1,100.0,0.0
638,12,Death Over,2,2,1.0,4,0.5,25.0,1.0,0,0,2,50.0,0.0
644,12,Death Over,8,8,145.0,90,18.12,161.11,29.0,13,6,2,25.56,21.11
644,12,Middle Over,5,5,66.0,68,13.2,97.06,17.0,1,4,1,39.71,7.35
644,12,Powerplay Over,1,1,0.0,1,0.0,0.0,0.0,0,0,1,100.0,0.0
652,12,Death Over,2,2,16.0,12,8.0,133.33,14.0,3,0,2,41.67,25.0
652,12,Middle Over,4,4,35.0,37,8.75,94.59,24.0,2,1,3,37.84,8.11
652,12,Powerplay Over,1,1,10.0,9,10.0,111.11,10.0,0,1,0,33.33,11.11
654,12,Death Over,6,6,38.0,39,6.33,97.44,16.0,1,1,2,30.77,5.13
654,12,Middle Over,3,3,2.0,8,0.67,25.0,1.0,0,0,1,62.5,0.0
655,12,Death Over,4,4,40.0,37,10.0,108.11,16.0,1,3,4,37.84,10.81
655,12,Middle Over,4,4,112.0,64,28.0,175.0,32.0,8,10,2,39.06,28.12
655,12,Powerplay Over,1,1,16.0,9,16.0,177.78,16.0,1,1,0,44.44,22.22
656,12,Death Over,9,9,83.0,55,9.22,150.91,23.0,8,3,4,21.82,20.0
656,12,Middle Over,4,4,27.0,35,6.75,77.14,15.0,2,0,3,45.71,5.71
658,12,Death Over,5,5,18.0,26,3.6,69.23,7.0,1,1,4,50.0,7.69
665,12,Death Over,10,10,173.0,101,17.3,171.29,42.0,9,15,7,30.69,23.76
665,12,Middle Over,9,9,105.0,83,11.67,126.51,41.0,5,7,3,33.73,14.46
665,12,Powerplay Over,1,1,1.0,1,1.0,100.0,1.0,0,0,0,0.0,0.0
665,12,Super Over,1,1,2.0,1,2.0,200.0,2.0,0,0,0,0.0,0.0
675,12,Death Over,1,1,5.0,4,5.0,125.0,5.0,0,0,0,25.0,0.0
679,12,Death Over,3,3,21.0,15,7.0,140.0,11.0,1,1,0,20.0,13.33
679,12,Middle Over,1,1,5.0,7,5.0,71.43,5.0,1,0,1,57.14,14.29
685,12,Death Over,4,4,14.0,15,3.5,93.33,9.0,0,1,3,40.0,6.67
697,12,Death Over,1,1,9.0,5,9.0,180.0,9.0,0,1,0,20.0,20.0
697,12,Middle Over,3,3,31.0,28,10.33,110.71,24.0,1,2,4,39.29,10.71
705,12,Death Over,2,2,20.0,9,10.0,222.22,15.0,3,1,1,33.33,44.44
705,12,Middle Over,7,7,114.0,97,16.29,117.53,36.0,11,3,5,35.05,14.43
705,12,Powerplay Over,15,15,271.0,213,18.07,127.23,32.0,38,6,8,42.25,20.66
709,12,Powerplay Over,1,1,0.0,1,0.0,0.0,0.0,0,0,1,100.0,0.0
711,12,Death Over,1,1,3.0,3,3.0,100.0,3.0,0,0,0,33.33,0.0
717,12,Death Over,1,1,1.0,2,1.0,50.0,1.0,0,0,1,50.0,0.0
717,12,Middle Over,1,1,12.0,9,12.0,133.33,12.0,2,0,1,44.44,22.22
717,12,Powerplay Over,3,3,57.0,37,19.0,154.05,32.0,4,5,1,43.24,24.32
719,12,Death Over,6,6,63.0,35,10.5,180.0,28.0,2,7,4,37.14,25.71
719,12,Middle Over,4,4,10.0,20,2.5,50.0,5.0,0,0,1,50.0,0.0
726,12,Death Over,2,2,4.0,8,2.0,50.0,2.0,0,0,2,50.0,0.0
733,12,Death Over,2,2,7.0,7,3.5,100.0,5.0,1,0,1,14.29,14.29
733,12,Middle Over,1,1,2.0,3,2.0,66.67,2.0,0,0,1,33.33,0.0
734,12,Death Over,1,1,6.0,5,6.0,120.0,6.0,1,0,1,40.0,20.0
743,12,Death Over,1,1,9.0,11,9.0,81.82,9.0,0,0,1,18.18,0.0
749,12,Powerplay Over,1,1,8.0,3,8.0,266.67,8.0,2,0,1,33.33,66.67
757,12,Death Over,3,3,59.0,29,19.67,203.45,33.0,5,3,1,20.69,27.59
757,12,Middle Over,2,2,11.0,13,5.5,84.62,11.0,0,1,2,61.54,7.69
760,12,Death Over,5,5,31.0,34,6.2,91.18,14.0,1,1,4,35.29,5.88
760,12,Middle Over,14,14,269.0,238,19.21,113.03,41.0,22,7,9,29.83,12.18
760,12,Powerplay Over,13,13,163.0,125,12.54,130.4,35.0,18,6,2,37.6,19.2
760,12,Super Over,1,1,4.0,2,4.0,200.0,4.0,1,0,1,50.0,50.0
767,12,Death Over,8,8,86.0,53,10.75,162.26,28.0,6,4,5,20.75,18.87
767,12,Middle Over,11,11,144.0,123,13.09,117.07,34.0,3,8,6,29.27,8.94
767,12,Powerplay Over,2,2,14.0,20,7.0,70.0,9.0,2,0,0,60.0,10.0
2,13,Death Over,1,1,0.0,2,0.0,0.0,0.0,0,0,1,50.0,0.0
2,13,Powerplay Over,1,1,0.0,3,0.0,0.0,0.0,0,0,1,100.0,0.0
6,13,Death Over,10,10,184.0,94,18.4,195.74,33.0,18,10,4,14.89,29.79
6,13,Middle Over,2,2,41.0,42,20.5,97.62,23.0,3,1,0,40.48,9.52
6,13,Powerplay Over,1,1,7.0,6,7.0,116.67,7.0,1,0,1,50.0,16.67
23,13,Death Over,3,3,12.0,21,4.0,57.14,7.0,1,0,1,57.14,4.76
23,13,Middle Over,3,3,49.0,45,16.33,108.89,25.0,6,0,2,31.11,13.33
23,13,Powerplay Over,1,1,1.0,2,1.0,50.0,1.0,0,0,1,50.0,0.0
32,13,Middle Over,1,1,6.0,7,6.0,85.71,6.0,0,1,1,71.43,14.29
35,13,Death Over,5,5,107.0,47,21.4,227.66,38.0,8,8,3,14.89,34.04
35,13,Middle Over,12,12,273.0,198,22.75,137.88,50.0,9,18,5,24.24,13.64
35,13,Powerplay Over,9,9,136.0,116,15.11,117.24,36.0,19,4,1,47.41,19.83
38,13,Death Over,3,3,17.0,14,5.67,121.43,10.0,2,0,1,28.57,14.29
49,13,Death Over,3,3,23.0,23,7.67,100.0,13.0,1,1,2,34.78,8.7
49,13,Middle Over,10,10,159.0,142,15.9,111.97,40.0,10,2,6,28.17,8.45
49,13,Powerplay Over,14,14,258.0,217,18.43,118.89,33.0,33,6,5,39.63,17.97
58,13,Death Over,1,1,8.0,12,8.0,66.67,8.0,0,0,1,41.67,0.0
58,13,Middle Over,1,1,1.0,1,1.0,100.0,1.0,0,0,0,0.0,0.0
60,13,Death Over,2,2,54.0,28,27.0,192.86,29.0,7,3,2,32.14,35.71
60,13,Middle Over,8,8,178.0,130,22.25,136.92,43.0,18,5,6,26.92,17.69
60,13,Powerplay Over,13,13,120.0,102,9.23,117.65,27.0,18,4,5,53.92,21.57
63,13,Death Over,6,6,47.0,33,7.83,142.42,13.0,7,0,2,30.3,21.21
63,13,Middle Over,7,7,59.0,77,8.43,76.62,26.0,2,0,5,33.77,2.6
63,13,Powerplay Over,2,2,2.0,2,1.0,100.0,1.0,0,0,0,0.0,0.0
71,13,Death Over,1,1,0.0,2,0.0,0.0,0.0,0,0,1,100.0,0.0
74,13,Death Over,2,2,8.0,8,4.0,100.0,7.0,1,0,1,37.5,12.5
74,13,Middle Over,6,6,140.0,99,23.33,141.41,54.0,13,6,4,26.26,19.19
74,13,Powerplay Over,11,11,151.0,147,13.73,102.72,32.0,19,7,5,57.14,17.69
78,13,Death Over,1,1,36.0,16,36.0,225.0,36.0,4,1,0,12.5,31.25
78,13,Middle Over,3,3,72.0,63,24.0,114.29,41.0,6,2,2,26.98,12.7
78,13,Powerplay Over,8,8,177.0,128,22.12,138.28,50.0,26,4,6,42.97,23.44
86,13,Death Over,2,2,1.0,10,0.5,10.0,1.0,0,0,1,90.0,0.0
87,13,Middle Over,1,1,11.0,11,11.0,100.0,11.0,1,0,1,27.27,9.09
106,13,Death Over,7,7,85.0,54,12.14,157.41,25.0,7,5,4,29.63,22.22
106,13,Middle Over,5,5,53.0,48,10.6,110.42,26.0,1,4,2,41.67,10.42
106,13,Powerplay Over,4,4,48.0,43,12.0,111.63,31.0,4,3,2,53.49,16.28
116,13,Death Over,4,4,17.0,9,4.25,188.89,12.0,1,2,4,55.56,33.33
116,13,Middle Over,8,8,100.0,73,12.5,136.99,24.0,8,7,5,41.1,20.55
137,13,Death Over,5,5,37.0,33,7.4,112.12,14.0,3,1,3,42.42,12.12
137,13,Middle Over,1,1,0.0,1,0.0,0.0,0.0,0,0,0,100.0,0.0
141,13,Death Over,4,4,51.0,29,12.75,175.86,34.0,5,3,3,34.48,27.59
141,13,Middle Over,4,4,73.0,64,18.25,114.06,43.0,3,3,1,28.12,9.38
141,13,Powerplay Over,8,8,106.0,93,13.25,113.98,31.0,13,4,6,46.24,18.28
148,13,Death Over,1,1,2.0,2,2.0,100.0,2.0,0,0,0,0.0,0.0
148,13,Middle Over,1,1,0.0,1,0.0,0.0,0.0,0,0,1,100.0,0.0
151,13,Death Over,6,6,112.0,69,18.67,162.32,48.0,6,4,3,5.8,14.49
151,13,Middle Over,12,12,273.0,255,22.75,107.06,44.0,8,7,5,26.27,5.88
151,13,Powerplay Over,10,10,81.0,76,8.1,106.58,16.0,9,0,3,35.53,11.84
151,13,Super Over,1,1,5.0,2,5.0,250.0,5.0,1,0,0,0.0,50.0
158,13,Death Over,5,5,34.0,21,6.8,161.9,25.0,2,3,4,42.86,23.81
162,13,Death Over,1,1,2.0,4,2.0,50.0,2.0,0,0,0,50.0,0.0
165,13,Death Over,8,8,92.0,54,11.5,170.37,35.0,5,7,5,27.78,22.22
165,13,Middle Over,6,6,70.0,48,11.67,145.83,21.0,2,5,2,25.0,14.58
165,13,Powerplay Over,2,2,23.0,25,11.5,92.0,16.0,4,0,1,56.0,16.0
169,13,Death Over,2,2,3.0,5,1.5,60.0,3.0,0,0,0,40.0,0.0
170,13,Death Over,4,4,106.0,56,26.5,189.29,44.0,14,3,2,19.64,30.36
170,13,Middle Over,10,10,51.0,56,5.1,91.07,20.0,4,1,9,42.86,8.93
170,13,Powerplay Over,6,6,12.0,23,2.0,52.17,10.0,2,0,1,65.22,8.7
170,13,Super Over,1,1,0.0,2,0.0,0.0,0.0,0,0,0,50.0,0.0
179,13,Death Over,2,2,1.0,5,0.5,20.0,1.0,0,0,1,40.0,0.0
194,13,Death Over,4,4,11.0,11,2.75,100.0,5.0,2,0,4,45.45,18.18
194,13,Middle Over,10,10,191.0,168,19.1,113.69,44.0,12,5,5,24.4,10.12
194,13,Powerplay Over,15,15,271.0,219,18.07,123.74,37.0,37,3,5,36.07,18.26
200,13,Death Over,1,1,1.0,1,1.0,100.0,1.0,0,0,0,0.0,0.0
217,13,Death Over,2,2,7.0,7,3.5,100.0,5.0,0,0,0,28.57,0.0
217,13,Middle Over,1,1,0.0,5,0.0,0.0,0.0,0,0,1,80.0,0.0
218,13,Death Over,2,2,21.0,18,10.5,116.67,14.0,3,0,1,27.78,16.67
218,13,Middle Over,1,1,12.0,12,12.0,100.0,12.0,2,0,1,50.0,16.67
221,13,Middle Over,7,7,79.0,72,11.29,109.72,24.0,7,2,7,36.11,12.5
221,13,Powerplay Over,12,12,189.0,182,15.75,103.85,40.0,21,6,5,42.86,14.84
224,13,Death Over,1,1,11.0,10,11.0,110.0,11.0,1,0,1,30.0,10.0
224,13,Middle Over,2,2,10.0,15,5.0,66.67,5.0,1,0,1,60.0,6.67
225,13,Death Over,3,3,23.0,15,7.67,153.33,21.0,3,1,2,40.0,26.67
225,13,Middle Over,4,4,73.0,61,18.25,119.67,28.0,5,2,2,26.23,11.48
225,13,Powerplay Over,3,3,34.0,35,11.33,97.14,17.0,2,1,2,54.29,8.57
235,13,Death Over,1,1,13.0,10,13.0,130.0,13.0,2,0,0,30.0,20.0
237,13,Death Over,3,3,45.0,23,15.0,195.65,31.0,3,3,0,17.39,26.09
237,13,Middle Over,2,2,38.0,40,19.0,95.0,23.0,2,0,1,30.0,5.0
247,13,Death Over,1,1,7.0,13,7.0,53.85,7.0,0,0,0,46.15,0.0
249,13,Death Over,2,2,25.0,15,12.5,166.67,24.0,4,0,1,33.33,26.67
255,13,Death Over,1,1,7.0,7,7.0,100.0,7.0,1,0,1,42.86,14.29
255,13,Middle Over,5,5,87.0,53,17.4,164.15,57.0,7,6,4,28.3,24.53
255,13,Powerplay Over,4,4,27.0,32,6.75,84.38,15.0,2,2,4,56.25,12.5
256,13,Death Over,1,1,1.0,3,1.0,33.33,1.0,0,0,1,66.67,0.0
259,13,Death Over,1,1,3.0,2,3.0,150.0,3.0,0,0,0,0.0,0.0
263,13,Death Over,1,1,5.0,3,5.0,166.67,5.0,0,0,0,0.0,0.0
264,13,Death Over,4,4,80.0,47,20.0,170.21,48.0,4,5,0,17.02,19.15
264,13,Middle Over,4,4,21.0,26,5.25,80.77,14.0,1,0,1,38.46,3.85
264,13,Super Over,1,1,1.0,1,1.0,100.0,1.0,0,0,0,0.0,0.0
267,13,Death Over,7,7,97.0,57,13.86,170.18,28.0,14,3,4,22.81,29.82
267,13,Middle Over,12,12,223.0,215,18.58,103.72,51.0,17,5,6,31.63,10.23
267,13,Powerplay Over,6,6,23.0,44,3.83,52.27,9.0,1,1,0,56.82,4.55
267,13,Super Over,1,1,2.0,3,2.0,66.67,2.0,0,0,0,33.33,0.0
268,13,Death Over,5,5,51.0,35,10.2,145.71,30.0,2,3,3,17.14,14.29
268,13,Middle Over,9,9,250.0,202,27.78,123.76,49.0,19,8,4,27.23,13.37
268,13,Powerplay Over,7,7,58.0,52,8.29,111.54,20.0,9,1,2,51.92,19.23
270,13,Death Over,1,1,1.0,2,1.0,50.0,1.0,0,0,0,50.0,0.0
270,13,Middle Over,2,2,26.0,21,13.0,123.81,18.0,3,0,2,23.81,14.29
270,13,Powerplay Over,4,4,51.0,57,12.75,89.47,25.0,6,1,2,49.12,12.28
292,13,Death Over,1,1,0.0,1,0.0,0.0,0.0,0,0,1,100.0,0.0
297,13,Death Over,1,1,0.0,1,0.0,0.0,0.0,0,0,1,100.0,0.0
302,13,Death Over,2,2,13.0,10,6.5,130.0,9.0,2,0,2,30.0,20.0
302,13,Middle Over,7,7,83.0,77,11.86,107.79,28.0,7,2,7,31.17,11.69
302,13,Powerplay Over,9,9,100.0,83,11.11,120.48,32.0,10,5,3,45.78,18.07
312,13,Death Over,3,3,10.0,16,3.33,62.5,7.0,0,0,2,31.25,0.0
316,13,Powerplay Over,2,2,18.0,22,9.0,81.82,10.0,1,1,2,50.0,9.09
319,13,Death Over,1,1,0.0,3,0.0,0.0,0.0,0,0,1,100.0,0.0
327,13,Death Over,1,1,1.0,2,1.0,50.0,1.0,0,0,1,50.0,0.0
327,13,Middle Over,2,2,11.0,14,5.5,78.57,11.0,1,0,2,35.71,7.14
358,13,Death Over,3,3,7.0,13,2.33,53.85,7.0,0,0,3,61.54,0.0
358,13,Middle Over,6,6,167.0,120,27.83,139.17,71.0,10,8,3,25.83,15.0
358,13,Powerplay Over,11,11,171.0,151,15.55,113.25,28.0,21,5,6,47.02,17.22
363,13,Death Over,6,6,35.0,32,5.83,109.38,14.0,3,2,4,43.75,15.62
367,13,Death Over,2,2,7.0,11,3.5,63.64,6.0,1,0,1,63.64,9.09
367,13,Middle Over,1,1,0.0,1,0.0,0.0,0.0,0,0,0,100.0,0.0
370,13,Death Over,6,6,109.0,64,18.17,170.31,62.0,7,7,5,21.88,21.88
370,13,Middle Over,12,12,257.0,215,21.42,119.53,47.0,18,7,6,26.05,11.63
370,13,Powerplay Over,14,14,304.0,246,21.71,123.58,32.0,33,9,2,40.24,17.07
370,13,Super Over,2,2,6.0,6,3.0,100.0,4.0,0,0,2,33.33,0.0
371,13,Death Over,5,5,12.0,15,2.4,80.0,9.0,1,0,2,46.67,6.67
373,13,Middle Over,1,1,22.0,16,22.0,137.5,22.0,1,1,1,12.5,12.5
373,13,Powerplay Over,3,3,18.0,28,6.0,64.29,12.0,1,1,2,64.29,7.14
392,13,Death Over,4,4,42.0,25,10.5,168.0,28.0,6,0,2,24.0,24.0
392,13,Middle Over,10,10,233.0,171,23.3,136.26,47.0,14,7,6,19.88,12.28
392,13,Powerplay Over,15,15,273.0,226,18.2,120.8,54.0,32,7,5,39.82,17.26
392,13,Super Over,1,1,0.0,1,0.0,0.0,0.0,0,0,1,100.0,0.0
394,13,Death Over,1,1,11.0,8,11.0,137.5,11.0,2,0,1,25.0,25.0
398,13,Death Over,2,2,6.0,7,3.0,85.71,3.0,0,0,1,14.29,0.0
398,13,Middle Over,8,8,188.0,129,23.5,145.74,54.0,12,11,5,30.23,17.83
398,13,Powerplay Over,16,16,309.0,229,19.31,134.93,38.0,34,11,8,39.3,19.65
398,13,Super Over,1,1,3.0,3,3.0,100.0,3.0,0,0,1,0.0,0.0
399,13,Death Over,11,11,219.0,115,19.91,190.43,57.0,13,19,6,26.09,27.83
399,13,Middle Over,8,8,62.0,48,7.75,129.17,15.0,1,6,2,37.5,14.58
399,13,Super Over,2,2,2.0,4,1.0,50.0,1.0,0,0,0,0.0,0.0
405,13,Death Over,4,4,42.0,42,10.5,100.0,15.0,4,0,0,30.95,9.52
405,13,Middle Over,3,3,29.0,41,9.67,70.73,21.0,4,0,1,58.54,9.76
415,13,Death Over,4,4,90.0,41,22.5,219.51,41.0,7,6,2,14.63,31.71
415,13,Middle Over,6,6,170.0,142,28.33,119.72,34.0,12,3,3,21.13,10.56
415,13,Powerplay Over,12,12,189.0,146,15.75,129.45,32.0,23,5,6,40.41,19.18
420,13,Death Over,5,5,59.0,35,11.8,168.57,30.0,5,3,4,25.71,22.86
420,13,Middle Over,4,4,27.0,39,6.75,69.23,13.0,1,0,1,33.33,2.56
420,13,Powerplay Over,1,1,0.0,7,0.0,0.0,0.0,0,0,1,100.0,0.0
449,13,Death Over,2,2,7.0,6,3.5,116.67,7.0,0,0,2,33.33,0.0
451,13,Death Over,2,2,7.0,8,3.5,87.5,5.0,1,0,1,50.0,12.5
462,13,Death Over,4,4,25.0,22,6.25,113.64,16.0,3,0,3,22.73,13.64
462,13,Middle Over,2,2,12.0,19,6.0,63.16,7.0,0,0,1,42.11,0.0
465,13,Death Over,2,2,17.0,16,8.5,106.25,15.0,1,1,0,31.25,12.5
465,13,Middle Over,4,4,126.0,99,31.5,127.27,65.0,13,2,2,26.26,15.15
465,13,Powerplay Over,3,3,71.0,44,23.67,161.36,28.0,10,2,0,34.09,27.27
466,13,Death Over,2,2,9.0,10,4.5,90.0,7.0,0,1,1,60.0,10.0
472,13,Death Over,2,2,10.0,14,5.0,71.43,9.0,1,0,0,50.0,7.14
472,13,Middle Over,1,1,3.0,7,3.0,42.86,3.0,0,0,0,57.14,0.0
476,13,Death Over,2,2,60.0,28,30.0,214.29,54.0,6,3,2,21.43,32.14
476,13,Middle Over,6,6,157.0,95,26.17,165.26,71.0,13,7,4,16.84,21.05
476,13,Powerplay Over,11,11,207.0,160,18.82,129.38,30.0,25,5,4,33.75,18.75
476,13,Super Over,1,1,8.0,2,8.0,400.0,8.0,2,0,0,0.0,100.0
481,13,Death Over,10,10,258.0,117,25.8,220.51,65.0,16,20,6,17.09,30.77
481,13,Middle Over,11,11,159.0,141,14.45,112.77,40.0,12,2,3,27.66,9.93
481,13,Powerplay Over,4,4,37.0,34,9.25,108.82,21.0,5,1,1,47.06,17.65
481,13,Super Over,1,1,6.0,4,6.0,150.0,6.0,1,0,0,25.0,25.0
482,13,Death Over,4,4,29.0,29,7.25,100.0,13.0,2,0,3,31.03,6.9
482,13,Middle Over,1,1,0.0,4,0.0,0.0,0.0,0,0,0,100.0,0.0
483,13,Middle Over,1,1,1.0,3,1.0,33.33,1.0,0,0,1,66.67,0.0
488,13,Death Over,6,6,86.0,54,14.33,159.26,23.0,5,5,4,29.63,18.52
488,13,Middle Over,2,2,25.0,12,12.5,208.33,18.0,3,1,1,8.33,33.33
488,13,Super Over,1,1,2.0,2,2.0,100.0,2.0,0,0,1,50.0,0.0
490,13,Death Over,1,1,10.0,9,10.0,111.11,10.0,0,0,1,11.11,0.0
490,13,Middle Over,2,2,33.0,25,16.5,132.0,33.0,2,1,1,20.0,12.0
490,13,Powerplay Over,8,8,70.0,79,8.75,88.61,26.0,10,1,6,46.84,13.92
491,13,Death Over,4,4,15.0,11,3.75,136.36,10.0,1,1,3,36.36,18.18
492,13,Death Over,1,1,15.0,8,15.0,187.5,15.0,2,0,0,0.0,25.0
492,13,Powerplay Over,2,2,1.0,6,0.5,16.67,1.0,0,0,2,83.33,0.0
493,13,Death Over,8,8,100.0,56,12.5,178.57,27.0,4,9,4,26.79,23.21
493,13,Middle Over,4,4,13.0,10,3.25,130.0,6.0,1,1,2,40.0,20.0
494,13,Death Over,2,2,43.0,29,21.5,148.28,24.0,4,1,1,20.69,17.24
501,13,Middle Over,3,3,72.0,42,24.0,171.43,37.0,6,4,3,26.19,23.81
501,13,Powerplay Over,13,13,156.0,128,12.0,121.88,42.0,21,4,10,43.75,19.53
502,13,Death Over,2,2,24.0,11,12.0,218.18,21.0,0,3,1,27.27,27.27
502,13,Middle Over,9,9,271.0,162,30.11,167.28,51.0,13,19,6,20.99,19.75
502,13,Powerplay Over,13,13,80.0,69,6.15,115.94,24.0,8,4,5,50.72,17.39
504,13,Death Over,4,4,87.0,59,21.75,147.46,31.0,8,2,1,16.95,16.95
504,13,Middle Over,9,9,275.0,190,30.56,144.74,55.0,24,5,5,15.26,15.26
504,13,Powerplay Over,17,17,256.0,184,15.06,139.13,35.0,35,6,8,39.67,22.28
508,13,Death Over,2,2,22.0,14,11.0,157.14,22.0,2,1,1,35.71,21.43
508,13,Middle Over,1,1,20.0,13,20.0,153.85,20.0,1,1,0,23.08,15.38
516,13,Death Over,2,2,4.0,6,2.0,66.67,2.0,0,0,1,33.33,0.0
522,13,Death Over,10,10,128.0,91,12.8,140.66,30.0,10,6,6,31.87,17.58
522,13,Middle Over,9,9,62.0,70,6.89,88.57,17.0,4,1,2,44.29,7.14
522,13,Powerplay Over,1,1,10.0,14,10.0,71.43,10.0,2,0,0,57.14,14.29
528,13,Death Over,1,1,0.0,2,0.0,0.0,0.0,0,0,1,100.0,0.0
530,13,Death Over,5,5,73.0,45,14.6,162.22,32.0,10,1,3,17.78,24.44
530,13,Middle Over,7,7,128.0,106,18.29,120.75,38.0,8,4,4,24.53,11.32
530,13,Powerplay Over,11,11,110.0,96,10.0,114.58,37.0,14,4,6,48.96,18.75
533,13,Death Over,1,1,4.0,7,4.0,57.14,4.0,0,0,1,57.14,0.0
533,13,Powerplay Over,1,1,11.0,8,11.0,137.5,11.0,2,0,1,37.5,25.0
537,13,Death Over,4,4,31.0,20,7.75,155.0,21.0,1,3,2,35.0,20.0
537,13,Middle Over,7,7,174.0,121,24.86,143.8,58.0,12,8,3,32.23,16.53
537,13,Powerplay Over,9,9,123.0,92,13.67,133.7,22.0,14,5,6,38.04,20.65
543,13,Death Over,10,10,199.0,102,19.9,195.1,33.0,14,14,6,18.63,27.45
543,13,Middle Over,13,13,193.0,180,14.85,107.22,40.0,13,10,5,38.89,12.78
543,13,Powerplay Over,3,3,26.0,30,8.67,86.67,20.0,5,0,0,66.67,16.67
543,13,Super Over,1,1,1.0,2,1.0,50.0,1.0,0,0,0,50.0,0.0
544,13,Death Over,2,2,18.0,10,9.0,180.0,18.0,2,1,2,30.0,30.0
544,13,Middle Over,5,5,82.0,67,16.4,122.39,39.0,6,2,3,28.36,11.94
544,13,Powerplay Over,1,1,3.0,4,3.0,75.0,3.0,0,0,0,50.0,0.0
545,13,Death Over,1,1,0.0,2,0.0,0.0,0.0,0,0,1,100.0,0.0
546,13,Death Over,7,7,45.0,24,6.43,187.5,20.0,4,3,2,20.83,29.17
546,13,Middle Over,6,6,63.0,67,10.5,94.03,33.0,5,2,4,41.79,10.45
546,13,Powerplay Over,1,1,1.0,1,1.0,100.0,1.0,0,0,0,0.0,0.0
554,13,Death Over,6,6,79.0,58,13.17,136.21,29.0,6,4,4,32.76,17.24
554,13,Middle Over,12,12,165.0,170,13.75,97.06,32.0,5,7,7,32.35,7.06
554,13,Powerplay Over,10,10,181.0,122,18.1,148.36,39.0,24,7,2,40.16,25.41
557,13,Death Over,3,3,26.0,25,8.67,104.0,12.0,3,0,1,40.0,12.0
557,13,Middle Over,1,1,1.0,2,1.0,50.0,1.0,0,0,0,50.0,0.0
559,13,Death Over,1,1,1.0,2,1.0,50.0,1.0,0,0,0,50.0,0.0
563,13,Middle Over,1,1,2.0,4,2.0,50.0,2.0,0,0,1,50.0,0.0
563,13,Powerplay Over,3,3,30.0,40,10.0,75.0,19.0,4,0,2,52.5,10.0
564,13,Middle Over,1,1,0.0,2,0.0,0.0,0.0,0,0,1,100.0,0.0
589,13,Death Over,3,3,32.0,29,10.67,110.34,14.0,0,1,2,20.69,3.45
611,13,Death Over,1,1,4.0,4,4.0,100.0,4.0,0,0,1,25.0,0.0
614,13,Death Over,7,7,127.0,74,18.14,171.62,26.0,12,4,3,13.51,21.62
614,13,Middle Over,9,9,147.0,133,16.33,110.53,54.0,8,5,4,30.83,9.77
614,13,Powerplay Over,4,4,43.0,34,10.75,126.47,29.0,6,1,0,38.24,20.59
624,13,Death Over,3,3,71.0,47,23.67,151.06,29.0,3,7,2,27.66,21.28
624,13,Middle Over,6,6,145.0,127,24.17,114.17,43.0,4,11,3,37.8,11.81
624,13,Powerplay Over,5,5,72.0,49,14.4,146.94,29.0,8,5,1,46.94,26.53
624,13,Super Over,1,1,7.0,2,7.0,350.0,7.0,0,1,0,0.0,50.0
625,13,Death Over,1,1,1.0,1,1.0,100.0,1.0,0,0,0,0.0,0.0
625,13,Middle Over,1,1,11.0,20,11.0,55.0,11.0,0,0,1,50.0,0.0
628,13,Death Over,2,2,15.0,13,7.5,115.38,11.0,2,0,1,30.77,15.38
631,13,Death Over,2,2,66.0,30,33.0,220.0,33.0,9,3,0,23.33,40.0
631,13,Middle Over,11,11,265.0,209,24.09,126.79,53.0,27,5,6,27.75,15.31
631,13,Powerplay Over,12,12,149.0,101,12.42,147.52,29.0,25,3,3,40.59,27.72
632,13,Death Over,3,3,44.0,31,14.67,141.94,20.0,5,1,1,22.58,19.35
632,13,Middle Over,5,5,94.0,74,18.8,127.03,36.0,6,2,1,18.92,10.81
632,13,Powerplay Over,4,4,66.0,68,16.5,97.06,26.0,5,3,1,51.47,11.76
635,13,Death Over,2,2,2.0,4,1.0,50.0,2.0,0,0,0,50.0,0.0
638,13,Death Over,7,7,43.0,32,6.14,134.38,10.0,5,1,4,25.0,18.75
638,13,Middle Over,5,5,68.0,66,13.6,103.03,24.0,5,1,2,31.82,9.09
644,13,Death Over,12,12,132.0,85,11.0,155.29,52.0,14,5,9,18.82,22.35
644,13,Middle Over,11,11,164.0,117,14.91,140.17,48.0,8,10,4,23.93,15.38
644,13,Powerplay Over,5,5,56.0,48,11.2,116.67,33.0,9,1,2,45.83,20.83
655,13,Death Over,7,7,115.0,59,16.43,194.92,25.0,5,10,3,27.12,25.42
655,13,Middle Over,10,10,220.0,140,22.0,157.14,64.0,16,14,6,30.0,21.43
655,13,Powerplay Over,4,4,18.0,14,4.5,128.57,13.0,2,1,2,57.14,21.43
655,13,Super Over,2,2,0.0,2,0.0,0.0,0.0,0,0,2,100.0,0.0
656,13,Death Over,8,8,74.0,55,9.25,134.55,21.0,4,5,7,29.09,16.36
656,13,Middle Over,4,4,43.0,35,10.75,122.86,30.0,2,3,1,34.29,14.29
657,13,Death Over,5,5,16.0,19,3.2,84.21,8.0,1,0,2,31.58,5.26
657,13,Middle Over,1,1,6.0,13,6.0,46.15,6.0,0,0,1,61.54,0.0
665,13,Death Over,10,10,233.0,110,23.3,211.82,50.0,14,20,3,20.91,30.91
665,13,Middle Over,6,6,35.0,37,5.83,94.59,11.0,1,2,2,37.84,8.11
665,13,Super Over,2,2,13.0,10,6.5,130.0,8.0,2,0,2,30.0,20.0
666,13,Middle Over,1,1,32.0,28,32.0,114.29,32.0,4,0,1,28.57,14.29
666,13,Powerplay Over,2,2,1.0,3,0.5,33.33,1.0,0,0,1,66.67,0.0
679,13,Death Over,9,9,170.0,99,18.89,171.72,39.0,9,14,4,27.27,23.23
679,13,Middle Over,8,8,83.0,84,10.38,98.81,29.0,4,3,2,38.1,8.33
679,13,Powerplay Over,1,1,2.0,4,2.0,50.0,2.0,0,0,0,50.0,0.0
685,13,Death Over,6,6,53.0,47,8.83,112.77,15.0,4,2,3,38.3,12.77
685,13,Middle Over,1,1,3.0,5,3.0,60.0,3.0,0,0,0,40.0,0.0
696,13,Death Over,3,3,10.0,14,3.33,71.43,9.0,1,0,2,50.0,7.14
697,13,Death Over,8,8,80.0,61,10.0,131.15,27.0,5,5,6,37.7,16.39
697,13,Middle Over,5,5,49.0,48,9.8,102.08,21.0,0,4,1,39.58,8.33
705,13,Death Over,3,3,32.0,21,10.67,152.38,21.0,3,2,3,23.81,23.81
705,13,Middle Over,5,5,139.0,108,27.8,128.7,44.0,9,8,4,31.48,15.74
705,13,Powerplay Over,12,12,161.0,143,13.42,112.59,27.0,15,9,8,50.35,16.78
705,13,Super Over,1,1,2.0,3,2.0,66.67,2.0,0,0,0,33.33,0.0
707,13,Death Over,1,1,0.0,2,0.0,0.0,0.0,0,0,1,100.0,0.0
712,13,Death Over,2,2,21.0,12,10.5,175.0,20.0,2,1,1,25.0,25.0
733,13,Death Over,6,6,36.0,31,6.0,116.13,12.0,3,1,4,25.81,12.9
733,13,Middle Over,3,3,35.0,28,11.67,125.0,23.0,3,2,1,39.29,17.86
744,13,Death Over,3,3,7.0,6,2.33,116.67,3.0,0,0,1,50.0,0.0
746,13,Death Over,5,5,64.0,38,12.8,168.42,44.0,7,2,4,23.68,23.68
746,13,Middle Over,6,6,52.0,65,8.67,80.0,16.0,2,0,4,36.92,3.08
746,13,Powerplay Over,1,1,17.0,13,17.0,130.77,17.0,0,2,1,38.46,15.38
749,13,Death Over,1,1,10.0,6,10.0,166.67,10.0,0,1,1,16.67,16.67
749,13,Middle Over,3,3,38.0,34,12.67,111.76,35.0,1,2,2,26.47,8.82
749,13,Powerplay Over,2,2,11.0,14,5.5,78.57,9.0,1,0,0,50.0,7.14
755,13,Death Over,2,2,24.0,21,12.0,114.29,19.0,3,0,1,28.57,14.29
755,13,Middle Over,3,3,38.0,29,12.67,131.03,26.0,1,3,1,34.48,13.79
755,13,Powerplay Over,1,1,4.0,4,4.0,100.0,4.0,1,0,0,75.0,25.0
760,13,Death Over,5,5,86.0,50,17.2,172.0,41.0,7,4,4,20.0,22.0
760,13,Middle Over,15,15,299.0,255,19.93,117.25,47.0,13,10,10,23.53,9.02
760,13,Powerplay Over,11,11,134.0,128,12.18,104.69,22.0,20,2,2,50.0,17.19
766,13,Death Over,3,3,13.0,13,4.33,100.0,10.0,0,1,2,38.46,7.69
766,13,Middle Over,1,1,6.0,5,6.0,120.0,6.0,0,0,0,20.0,0.0
767,13,Death Over,5,5,39.0,30,7.8,130.0,21.0,5,1,4,36.67,20.0
767,13,Middle Over,4,4,56.0,62,14.0,90.32,29.0,5,0,0,37.1,8.06
767,13,Powerplay Over,1,1,2.0,7,2.0,28.57,2.0,0,0,0,57.14,0.0
777,13,Death Over,7,7,106.0,71,15.14,149.3,33.0,6,7,4,29.58,18.31
777,13,Middle Over,6,6,40.0,49,6.67,81.63,28.0,3,1,3,53.06,8.16
6,14,Death Over,11,11,178.0,104,16.18,171.15,61.0,15,9,4,13.46,23.08
6,14,Middle Over,6,6,49.0,66,8.17,74.24,25.0,4,0,0,42.42,6.06
16,14,Death Over,2,2,0.0,4,0.0,0.0,0.0,0,0,2,75.0,0.0
18,14,Death Over,1,1,5.0,3,5.0,166.67,5.0,1,0,0,33.33,33.33
23,14,Death Over,2,2,14.0,9,7.0,155.56,12.0,1,1,1,33.33,22.22
23,14,Middle Over,4,4,41.0,46,10.25,89.13,17.0,1,1,3,30.43,4.35
35,14,Death Over,4,4,30.0,25,7.5,120.0,12.0,2,2,4,48.0,16.0
35,14,Middle Over,10,10,122.0,105,12.2,116.19,30.0,6,6,5,30.48,11.43
35,14,Powerplay Over,4,4,89.0,52,22.25,171.15,63.0,13,2,0,34.62,28.85
38,14,Death Over,4,4,20.0,26,5.0,76.92,12.0,1,1,1,57.69,7.69
49,14,Death Over,3,3,16.0,16,5.33,100.0,9.0,1,1,3,50.0,12.5
49,14,Middle Over,9,9,177.0,161,19.67,109.94,34.0,13,5,6,34.78,11.18
49,14,Powerplay Over,17,17,285.0,238,16.76,119.75,30.0,36,6,8,40.34,17.65
52,14,Death Over,5,5,62.0,58,12.4,106.9,24.0,3,2,0,27.59,8.62
52,14,Middle Over,2,2,2.0,3,1.0,66.67,1.0,0,0,0,33.33,0.0
58,14,Death Over,2,2,34.0,25,17.0,136.0,23.0,2,2,1,24.0,16.0
58,14,Middle Over,2,2,7.0,7,3.5,100.0,6.0,1,0,1,42.86,14.29
60,14,Death Over,7,7,69.0,53,9.86,130.19,21.0,8,2,4,30.19,18.87
60,14,Middle Over,13,13,209.0,173,16.08,120.81,41.0,11,12,6,32.95,13.29
60,14,Powerplay Over,8,8,105.0,99,13.12,106.06,36.0,15,3,3,49.49,18.18
63,14,Death Over,8,8,143.0,92,17.88,155.43,28.0,17,4,6,25.0,22.83
63,14,Middle Over,13,13,331.0,253,25.46,130.83,52.0,25,16,5,29.64,16.21
63,14,Powerplay Over,4,4,39.0,28,9.75,139.29,24.0,6,1,0,46.43,25.0
67,14,Death Over,1,1,1.0,3,1.0,33.33,1.0,0,0,1,66.67,0.0
68,14,Death Over,1,1,2.0,4,2.0,50.0,2.0,0,0,0,50.0,0.0
71,14,Death Over,1,1,1.0,2,1.0,50.0,1.0,0,0,1,50.0,0.0
75,14,Death Over,2,2,3.0,6,1.5,50.0,3.0,0,0,1,50.0,0.0
75,14,Middle Over,1,1,3.0,6,3.0,50.0,3.0,0,0,0,50.0,0.0
78,14,Powerplay Over,1,1,0.0,3,0.0,0.0,0.0,0,0,1,100.0,0.0
106,14,Death Over,4,4,55.0,29,13.75,189.66,34.0,5,3,3,20.69,27.59
106,14,Middle Over,1,1,1.0,1,1.0,100.0,1.0,0,0,0,0.0,0.0
116,14,Death Over,6,6,93.0,67,15.5,138.81,38.0,7,7,5,38.81,20.9
116,14,Middle Over,5,5,76.0,56,15.2,135.71,40.0,5,6,1,39.29,19.64
116,14,Powerplay Over,1,1,14.0,4,14.0,350.0,14.0,2,1,0,25.0,75.0
137,14,Death Over,4,4,37.0,31,9.25,119.35,15.0,2,1,2,19.35,9.68
137,14,Middle Over,2,2,7.0,12,3.5,58.33,5.0,0,0,1,50.0,0.0
141,14,Death Over,5,5,17.0,21,3.4,80.95,12.0,0,1,4,52.38,4.76
141,14,Middle Over,11,11,259.0,173,23.55,149.71,58.0,24,8,8,23.12,18.5
141,14,Powerplay Over,10,10,121.0,91,12.1,132.97,25.0,17,2,3,38.46,20.88
148,14,Death Over,3,3,13.0,17,4.33,76.47,9.0,0,0,1,41.18,0.0
151,14,Death Over,2,2,4.0,6,2.0,66.67,3.0,0,0,1,33.33,0.0
151,14,Middle Over,9,9,160.0,151,17.78,105.96,52.0,11,4,7,32.45,9.93
151,14,Powerplay Over,15,15,241.0,190,16.07,126.84,33.0,32,5,6,35.79,19.47
154,14,Middle Over,1,1,17.0,17,17.0,100.0,17.0,2,0,1,35.29,11.76
154,14,Powerplay Over,5,5,134.0,79,26.8,169.62,41.0,16,7,4,36.71,29.11
158,14,Death Over,5,5,67.0,48,13.4,139.58,36.0,2,5,3,27.08,14.58
158,14,Middle Over,3,3,0.0,5,0.0,0.0,0.0,0,0,2,100.0,0.0
162,14,Death Over,4,4,14.0,15,3.5,93.33,8.0,1,0,4,46.67,6.67
165,14,Death Over,10,10,157.0,94,15.7,167.02,38.0,12,9,4,19.15,22.34
165,14,Middle Over,7,7,85.0,59,12.14,144.07,22.0,7,3,2,25.42,16.95
170,14,Death Over,11,11,135.0,97,12.27,139.18,26.0,14,3,6,25.77,17.53
170,14,Middle Over,8,8,88.0,75,11.0,117.33,40.0,8,4,4,42.67,16.0
179,14,Death Over,2,2,10.0,18,5.0,55.56,8.0,0,0,0,44.44,0.0
179,14,Middle Over,1,1,0.0,9,0.0,0.0,0.0,0,0,0,100.0,0.0
180,14,Death Over,2,2,25.0,17,12.5,147.06,14.0,1,1,2,29.41,11.76
180,14,Middle Over,1,1,9.0,9,9.0,100.0,9.0,1,0,0,33.33,11.11
194,14,Death Over,3,3,28.0,19,9.33,147.37,13.0,2,1,2,15.79,15.79
194,14,Middle Over,5,5,123.0,105,24.6,117.14,50.0,8,5,3,31.43,12.38
194,14,Powerplay Over,14,14,260.0,218,18.57,119.27,41.0,34,8,9,44.5,19.27
196,14,Middle Over,2,2,15.0,24,7.5,62.5,11.0,1,0,3,45.83,4.17
196,14,Powerplay Over,1,1,0.0,2,0.0,0.0,0.0,0,0,0,100.0,0.0
200,14,Death Over,5,5,32.0,30,6.4,106.67,14.0,2,1,5,40.0,10.0
200,14,Middle Over,4,4,13.0,16,3.25,81.25,7.0,2,0,2,37.5,12.5
200,14,Powerplay Over,1,1,14.0,9,14.0,155.56,14.0,0,1,0,11.11,11.11
217,14,Death Over,1,1,1.0,1,1.0,100.0,1.0,0,0,0,0.0,0.0
218,14,Death Over,1,1,0.0,1,0.0,0.0,0.0,0,0,1,100.0,0.0
218,14,Powerplay Over,1,1,0.0,3,0.0,0.0,0.0,0,0,1,100.0,0.0
220,14,Powerplay Over,1,1,16.0,14,16.0,114.29,16.0,2,1,1,64.29,21.43
224,14,Death Over,6,6,52.0,35,8.67,148.57,31.0,5,2,5,25.71,20.0
224,14,Middle Over,2,2,7.0,13,3.5,53.85,7.0,1,0,1,69.23,7.69
225,14,Powerplay Over,1,1,15.0,14,15.0,107.14,15.0,2,0,1,28.57,14.29
230,14,Death Over,4,4,34.0,28,8.5,121.43,17.0,4,1,1,35.71,17.86
230,14,Middle Over,9,9,108.0,86,12.0,125.58,40.0,5,8,5,38.37,15.12
230,14,Powerplay Over,2,2,18.0,19,9.0,94.74,14.0,4,0,1,63.16,21.05
237,14,Death Over,2,2,13.0,12,6.5,108.33,13.0,1,0,1,33.33,8.33
237,14,Middle Over,1,1,8.0,5,8.0,160.0,8.0,1,0,0,20.0,20.0
242,14,Death Over,1,1,0.0,4,0.0,0.0,0.0,0,0,0,100.0,0.0
249,14,Death Over,2,2,4.0,5,2.0,80.0,3.0,0,0,2,40.0,0.0
251,14,Death Over,1,1,0.0,2,0.0,0.0,0.0,0,0,1,100.0,0.0
255,14,Death Over,5,5,26.0,20,5.2,130.0,20.0,1,2,3,30.0,15.0
255,14,Middle Over,5,5,32.0,23,6.4,139.13,23.0,1,3,3,26.09,17.39
255,14,Powerplay Over,2,2,4.0,8,2.0,50.0,4.0,1,0,2,62.5,12.5
263,14,Death Over,7,7,16.0,17,2.29,94.12,5.0,2,0,3,41.18,11.76
264,14,Death Over,6,6,51.0,36,8.5,141.67,23.0,3,3,5,27.78,16.67
264,14,Middle Over,8,8,99.0,75,12.38,132.0,41.0,5,6,4,33.33,14.67
264,14,Powerplay Over,1,1,10.0,14,10.0,71.43,10.0,1,0,0,50.0,7.14
267,14,Death Over,11,11,151.0,109,13.73,138.53,39.0,16,4,7,27.52,18.35
267,14,Middle Over,15,15,216.0,189,14.4,114.29,36.0,18,5,6,32.28,12.17
267,14,Powerplay Over,5,5,52.0,41,10.4,126.83,21.0,8,1,0,48.78,21.95
267,14,Super Over,1,1,5.0,4,5.0,125.0,5.0,1,0,0,25.0,25.0
268,14,Death Over,6,6,128.0,66,21.33,193.94,57.0,9,10,3,25.76,28.79
268,14,Middle Over,11,11,129.0,106,11.73,121.7,27.0,7,7,5,30.19,13.21
268,14,Powerplay Over,1,1,0.0,3,0.0,0.0,0.0,0,0,1,66.67,0.0
269,14,Death Over,1,1,12.0,9,12.0,133.33,12.0,0,1,1,33.33,11.11
269,14,Middle Over,3,3,19.0,23,6.33,82.61,14.0,0,0,2,34.78,0.0
292,14,Death Over,2,2,1.0,4,0.5,25.0,1.0,0,0,0,75.0,0.0
293,14,Death Over,2,2,4.0,4,2.0,100.0,2.0,0,0,0,25.0,0.0
299,14,Middle Over,2,2,51.0,40,25.5,127.5,30.0,1,3,2,17.5,10.0
299,14,Powerplay Over,4,4,20.0,25,5.0,80.0,10.0,2,0,2,36.0,8.0
302,14,Middle Over,4,4,62.0,47,15.5,131.91,31.0,2,3,4,21.28,10.64
302,14,Powerplay Over,3,3,53.0,39,17.67,135.9,40.0,6,2,0,38.46,20.51
307,14,Middle Over,1,1,7.0,17,7.0,41.18,7.0,0,0,1,58.82,0.0
312,14,Death Over,2,2,2.0,4,1.0,50.0,2.0,0,0,0,50.0,0.0
319,14,Death Over,2,2,2.0,3,1.0,66.67,1.0,0,0,0,0.0,0.0
327,14,Death Over,4,4,74.0,41,18.5,180.49,35.0,5,5,3,24.39,24.39
327,14,Middle Over,13,13,233.0,174,17.92,133.91,38.0,19,12,9,33.91,17.82
327,14,Powerplay Over,7,7,50.0,55,7.14,90.91,26.0,7,2,2,61.82,16.36
358,14,Death Over,2,2,26.0,21,13.0,123.81,20.0,1,1,1,38.1,9.52
358,14,Middle Over,5,5,73.0,66,14.6,110.61,42.0,7,2,3,37.88,13.64
358,14,Powerplay Over,6,6,149.0,92,24.83,161.96,41.0,12,12,3,41.3,26.09
359,14,Death Over,5,5,53.0,38,10.6,139.47,22.0,4,3,2,36.84,18.42
359,14,Middle Over,4,4,56.0,54,14.0,103.7,41.0,6,0,1,29.63,11.11
359,14,Powerplay Over,3,3,15.0,23,5.0,65.22,8.0,1,0,2,56.52,4.35
360,14,Death Over,1,1,1.0,1,1.0,100.0,1.0,0,0,0,0.0,0.0
360,14,Middle Over,1,1,0.0,1,0.0,0.0,0.0,0,0,1,100.0,0.0
363,14,Death Over,10,10,83.0,71,8.3,116.9,22.0,9,2,8,39.44,15.49
367,14,Death Over,1,1,1.0,5,1.0,20.0,1.0,0,0,1,60.0,0.0
370,14,Death Over,5,5,89.0,49,17.8,181.63,35.0,9,4,3,18.37,26.53
370,14,Middle Over,9,9,278.0,185,30.89,150.27,60.0,13,17,3,20.0,16.22
370,14,Powerplay Over,13,13,259.0,231,19.92,112.12,38.0,26,9,3,40.69,15.15
371,14,Death Over,2,2,8.0,7,4.0,114.29,8.0,1,0,0,14.29,14.29
373,14,Middle Over,5,5,73.0,48,14.6,152.08,33.0,6,5,5,35.42,22.92
373,14,Powerplay Over,10,10,176.0,120,17.6,146.67,50.0,26,5,5,43.33,25.83
389,14,Death Over,3,3,36.0,28,12.0,128.57,12.0,4,0,0,10.71,14.29
389,14,Middle Over,4,4,32.0,47,8.0,68.09,20.0,3,0,2,46.81,6.38
392,14,Death Over,1,1,9.0,8,9.0,112.5,9.0,0,1,1,37.5,12.5
392,14,Middle Over,4,4,91.0,87,22.75,104.6,29.0,5,4,2,36.78,10.34
392,14,Powerplay Over,8,8,95.0,93,11.88,102.15,28.0,10,1,3,44.09,11.83
392,14,Super Over,1,1,2.0,3,2.0,66.67,2.0,0,0,0,33.33,0.0
394,14,Death Over,1,1,9.0,7,9.0,128.57,9.0,2,0,1,28.57,28.57
394,14,Middle Over,3,3,25.0,15,8.33,166.67,17.0,1,2,2,20.0,20.0
398,14,Death Over,1,1,8.0,5,8.0,160.0,8.0,1,0,0,0.0,20.0
398,14,Middle Over,7,7,116.0,107,16.57,108.41,33.0,11,0,6,27.1,10.28
398,14,Powerplay Over,11,11,173.0,149,15.73,116.11,29.0,17,7,4,42.95,16.11
399,14,Death Over,8,8,81.0,59,10.12,137.29,29.0,8,4,7,40.68,20.34
399,14,Middle Over,8,8,45.0,54,5.62,83.33,11.0,3,1,2,44.44,7.41
399,14,Powerplay Over,2,2,1.0,3,0.5,33.33,1.0,0,0,0,66.67,0.0
404,14,Death Over,1,1,14.0,6,14.0,233.33,14.0,2,1,0,16.67,50.0
415,14,Death Over,5,5,98.0,57,19.6,171.93,39.0,10,5,3,28.07,26.32
415,14,Middle Over,11,11,238.0,193,21.64,123.32,39.0,15,8,6,25.39,11.92
415,14,Powerplay Over,16,16,297.0,221,18.56,134.39,33.0,36,10,5,37.1,20.81
420,14,Death Over,6,6,46.0,38,7.67,121.05,15.0,1,3,4,31.58,10.53
420,14,Middle Over,7,7,47.0,46,6.71,102.17,25.0,5,1,4,43.48,13.04
430,14,Death Over,2,2,2.0,4,1.0,50.0,2.0,0,0,1,50.0,0.0
436,14,Middle Over,1,1,36.0,22,36.0,163.64,36.0,3,2,1,22.73,22.73
436,14,Powerplay Over,1,1,13.0,14,13.0,92.86,13.0,1,1,1,64.29,14.29
437,14,Powerplay Over,1,1,0.0,1,0.0,0.0,0.0,0,0,1,100.0,0.0
439,14,Death Over,1,1,3.0,5,3.0,60.0,3.0,0,0,1,60.0,0.0
444,14,Death Over,4,4,37.0,27,9.25,137.04,14.0,2,3,3,29.63,18.52
444,14,Middle Over,6,6,108.0,92,18.0,117.39,38.0,10,1,2,25.0,11.96
444,14,Powerplay Over,1,1,1.0,4,1.0,25.0,1.0,0,0,0,75.0,0.0
449,14,Death Over,3,3,47.0,22,15.67,213.64,23.0,3,4,2,18.18,31.82
451,14,Death Over,1,1,0.0,1,0.0,0.0,0.0,0,0,1,100.0,0.0
452,14,Middle Over,2,2,58.0,46,29.0,126.09,29.0,6,1,2,28.26,15.22
452,14,Powerplay Over,5,5,92.0,79,18.4,116.46,34.0,15,0,3,40.51,18.99
453,14,Death Over,3,3,15.0,18,5.0,83.33,14.0,0,1,2,38.89,5.56
453,14,Middle Over,1,1,1.0,1,1.0,100.0,1.0,0,0,0,0.0,0.0
454,14,Middle Over,7,7,158.0,127,22.57,124.41,40.0,12,7,6,29.92,14.96
454,14,Powerplay Over,10,10,212.0,172,21.2,123.26,33.0,25,7,3,42.44,18.6
462,14,Death Over,2,2,7.0,5,3.5,140.0,7.0,0,1,1,60.0,20.0
465,14,Death Over,3,3,14.0,15,4.67,93.33,10.0,1,0,3,33.33,6.67
465,14,Middle Over,2,2,38.0,51,19.0,74.51,20.0,0,0,1,27.45,0.0
465,14,Powerplay Over,7,7,79.0,78,11.29,101.28,24.0,6,5,5,53.85,14.1
469,14,Death Over,2,2,32.0,21,16.0,152.38,30.0,0,2,1,14.29,9.52
469,14,Middle Over,6,6,102.0,86,17.0,118.6,39.0,5,4,4,30.23,10.47
469,14,Powerplay Over,6,6,57.0,54,9.5,105.56,16.0,5,2,0,35.19,12.96
470,14,Death Over,2,2,18.0,17,9.0,105.88,12.0,0,1,1,29.41,5.88
476,14,Death Over,2,2,52.0,23,26.0,226.09,52.0,5,3,1,13.04,34.78
476,14,Middle Over,8,8,193.0,135,24.12,142.96,52.0,16,9,7,25.93,18.52
476,14,Powerplay Over,12,12,196.0,166,16.33,118.07,31.0,21,6,4,41.57,16.27
481,14,Death Over,8,8,206.0,97,25.75,212.37,55.0,17,14,4,17.53,31.96
481,14,Middle Over,12,12,101.0,105,8.42,96.19,28.0,6,2,7,40.0,7.62
481,14,Powerplay Over,1,1,6.0,13,6.0,46.15,6.0,0,0,0,53.85,0.0
482,14,Death Over,2,2,31.0,20,15.5,155.0,29.0,1,3,2,40.0,20.0
482,14,Middle Over,1,1,1.0,1,1.0,100.0,1.0,0,0,0,0.0,0.0
483,14,Death Over,1,1,1.0,1,1.0,100.0,1.0,0,0,0,0.0,0.0
488,14,Death Over,8,8,65.0,44,8.12,147.73,19.0,2,6,7,36.36,18.18
488,14,Middle Over,8,8,46.0,45,5.75,102.22,15.0,2,2,2,35.56,8.89
490,14,Powerplay Over,1,1,8.0,9,8.0,88.89,8.0,1,0,1,44.44,11.11
494,14,Death Over,1,1,18.0,13,18.0,138.46,18.0,1,1,0,23.08,15.38
501,14,Death Over,1,1,0.0,2,0.0,0.0,0.0,0,0,1,100.0,0.0
501,14,Middle Over,7,7,126.0,95,18.0,132.63,36.0,9,6,5,25.26,15.79
501,14,Powerplay Over,15,15,353.0,211,23.53,167.3,48.0,47,12,8,32.23,27.96
502,14,Death Over,7,7,137.0,80,19.57,171.25,43.0,11,7,5,18.75,22.5
502,14,Middle Over,11,11,248.0,196,22.55,126.53,49.0,19,9,4,22.96,14.29
502,14,Powerplay Over,12,12,99.0,96,8.25,103.12,27.0,15,1,3,46.88,16.67
504,14,Death Over,2,2,20.0,14,10.0,142.86,13.0,3,0,1,21.43,21.43
504,14,Middle Over,10,10,291.0,230,29.1,126.52,64.0,24,8,8,27.83,13.91
504,14,Powerplay Over,16,16,276.0,234,17.25,117.95,29.0,36,8,6,43.59,18.8
504,14,Super Over,1,1,0.0,2,0.0,0.0,0.0,0,0,0,0.0,0.0
516,14,Death Over,2,2,2.0,4,1.0,50.0,1.0,0,0,1,25.0,0.0
520,14,Death Over,8,8,95.0,62,11.88,153.23,22.0,8,5,4,27.42,20.97
520,14,Middle Over,6,6,58.0,51,9.67,113.73,27.0,1,5,2,39.22,11.76
520,14,Powerplay Over,2,2,0.0,5,0.0,0.0,0.0,0,0,0,100.0,0.0
522,14,Death Over,9,9,84.0,64,9.33,131.25,18.0,10,3,6,37.5,20.31
522,14,Middle Over,3,3,27.0,42,9.0,64.29,14.0,2,0,1,52.38,4.76
522,14,Powerplay Over,1,1,3.0,5,3.0,60.0,3.0,0,0,1,40.0,0.0
526,14,Death Over,1,1,7.0,9,7.0,77.78,7.0,1,0,0,33.33,11.11
526,14,Middle Over,1,1,18.0,20,18.0,90.0,18.0,2,0,1,55.0,10.0
528,14,Death Over,2,2,6.0,5,3.0,120.0,3.0,0,0,1,20.0,0.0
528,14,Middle Over,1,1,0.0,1,0.0,0.0,0.0,0,0,0,100.0,0.0
530,14,Death Over,1,1,22.0,15,22.0,146.67,22.0,2,1,0,20.0,20.0
530,14,Middle Over,5,5,86.0,76,17.2,113.16,26.0,7,0,4,23.68,9.21
530,14,Powerplay Over,5,5,44.0,45,8.8,97.78,17.0,4,1,2,42.22,11.11
533,14,Powerplay Over,2,2,19.0,23,9.5,82.61,12.0,1,1,2,56.52,8.7
537,14,Death Over,1,1,40.0,16,40.0,250.0,40.0,4,3,1,12.5,43.75
537,14,Middle Over,4,4,109.0,65,27.25,167.69,67.0,7,8,3,26.15,23.08
537,14,Powerplay Over,7,7,105.0,92,15.0,114.13,28.0,16,2,3,46.74,19.57
543,14,Death Over,8,8,38.0,39,4.75,97.44,13.0,2,2,4,35.9,10.26
543,14,Middle Over,8,8,72.0,80,9.0,90.0,29.0,3,3,7,41.25,7.5
543,14,Powerplay Over,3,3,23.0,23,7.67,100.0,16.0,3,1,1,65.22,17.39
544,14,Death Over,3,3,26.0,17,8.67,152.94,21.0,3,0,1,5.88,17.65
544,14,Middle Over,3,3,75.0,72,25.0,104.17,35.0,4,2,1,29.17,8.33
544,14,Powerplay Over,2,2,14.0,10,7.0,140.0,10.0,3,0,0,50.0,30.0
545,14,Death Over,7,7,34.0,32,4.86,106.25,14.0,3,0,2,15.62,9.38
546,14,Death Over,9,9,81.0,56,9.0,144.64,15.0,8,4,7,35.71,21.43
546,14,Middle Over,7,7,62.0,70,8.86,88.57,26.0,2,2,3,40.0,5.71
554,14,Death Over,4,4,48.0,38,12.0,126.32,22.0,4,1,2,18.42,13.16
554,14,Middle Over,8,8,167.0,132,20.88,126.52,46.0,10,6,4,25.76,12.12
554,14,Powerplay Over,7,7,77.0,76,11.0,101.32,31.0,7,3,0,50.0,13.16
557,14,Middle Over,1,1,2.0,5,2.0,40.0,2.0,0,0,1,40.0,0.0
579,14,Powerplay Over,4,4,42.0,40,10.5,105.0,14.0,5,2,4,57.5,17.5
584,14,Death Over,1,1,0.0,2,0.0,0.0,0.0,0,0,1,100.0,0.0
584,14,Middle Over,1,1,15.0,23,15.0,65.22,15.0,2,0,1,56.52,8.7
599,14,Middle Over,1,1,25.0,24,25.0,104.17,25.0,1,1,1,33.33,8.33
599,14,Powerplay Over,1,1,1.0,2,1.0,50.0,1.0,0,0,0,50.0,0.0
610,14,Death Over,2,2,8.0,8,4.0,100.0,7.0,1,0,0,37.5,12.5
611,14,Death Over,2,2,11.0,15,5.5,73.33,9.0,1,0,2,46.67,6.67
611,14,Middle Over,1,1,4.0,9,4.0,44.44,4.0,0,0,0,55.56,0.0
614,14,Death Over,4,4,68.0,46,17.0,147.83,26.0,9,1,0,15.22,21.74
614,14,Middle Over,8,8,121.0,129,15.12,93.8,36.0,7,1,5,34.88,6.2
614,14,Powerplay Over,7,7,77.0,72,11.0,106.94,24.0,13,0,1,47.22,18.06
614,14,Super Over,1,1,4.0,3,4.0,133.33,4.0,1,0,0,33.33,33.33
621,14,Death Over,7,7,53.0,36,7.57,147.22,16.0,4,3,3,30.56,19.44
621,14,Middle Over,2,2,12.0,19,6.0,63.16,9.0,1,0,0,52.63,5.26
624,14,Death Over,2,2,25.0,16,12.5,156.25,18.0,2,2,1,25.0,25.0
624,14,Middle Over,8,8,100.0,87,12.5,114.94,26.0,8,5,7,42.53,14.94
624,14,Powerplay Over,7,7,68.0,57,9.71,119.3,22.0,11,1,3,45.61,21.05
625,14,Death Over,3,3,5.0,4,1.67,125.0,3.0,0,0,0,25.0,0.0
625,14,Middle Over,1,1,0.0,2,0.0,0.0,0.0,0,0,1,50.0,0.0
631,14,Death Over,2,2,55.0,28,27.5,196.43,49.0,9,2,2,35.71,39.29
631,14,Middle Over,11,11,182.0,130,16.55,140.0,34.0,18,7,9,27.69,19.23
631,14,Powerplay Over,7,7,80.0,68,11.43,117.65,23.0,13,1,3,45.59,20.59
632,14,Death Over,3,3,97.0,44,32.33,220.45,42.0,10,6,1,15.91,36.36
632,14,Middle Over,10,10,268.0,183,26.8,146.45,58.0,22,10,8,25.14,17.49
632,14,Powerplay Over,16,16,270.0,247,16.88,109.31,31.0,32,7,6,44.53,15.79
635,14,Death Over,1,1,0.0,1,0.0,0.0,0.0,0,0,0,100.0,0.0
638,14,Death Over,2,2,6.0,12,3.0,50.0,5.0,0,0,2,50.0,0.0
638,14,Middle Over,3,3,8.0,10,2.67,80.0,7.0,1,0,1,50.0,10.0
638,14,Powerplay Over,2,2,17.0,26,8.5,65.38,10.0,1,0,1,50.0,3.85
644,14,Death Over,4,4,49.0,27,12.25,181.48,27.0,7,1,1,18.52,29.63
644,14,Middle Over,4,4,37.0,41,9.25,90.24,22.0,4,0,3,39.02,9.76
644,14,Powerplay Over,2,2,3.0,6,1.5,50.0,3.0,0,0,0,50.0,0.0
655,14,Death Over,3,3,29.0,23,9.67,126.09,20.0,2,1,3,30.43,13.04
655,14,Middle Over,7,7,56.0,52,8.0,107.69,19.0,1,4,6,40.38,9.62
655,14,Powerplay Over,1,1,0.0,2,0.0,0.0,0.0,0,0,1,100.0,0.0
656,14,Death Over,4,4,21.0,28,5.25,75.0,12.0,0,1,3,28.57,3.57
656,14,Middle Over,3,3,19.0,22,6.33,86.36,10.0,2,0,2,36.36,9.09
656,14,Powerplay Over,1,1,0.0,2,0.0,0.0,0.0,0,0,0,100.0,0.0
657,14,Death Over,1,1,0.0,2,0.0,0.0,0.0,0,0,1,100.0,0.0
665,14,Death Over,9,9,150.0,102,16.67,147.06,33.0,11,9,4,30.39,19.61
665,14,Middle Over,8,8,95.0,78,11.88,121.79,54.0,5,7,4,32.05,15.38
673,14,Death Over,1,1,2.0,5,2.0,40.0,2.0,0,0,1,20.0,0.0
679,14,Death Over,7,7,52.0,50,7.43,104.0,24.0,2,3,7,34.0,10.0
679,14,Middle Over,8,8,103.0,102,12.88,100.98,43.0,9,3,4,43.14,11.76
681,14,Death Over,5,5,15.0,21,3.0,71.43,7.0,2,0,4,52.38,9.52
681,14,Middle Over,1,1,1.0,4,1.0,25.0,1.0,0,0,0,75.0,0.0
685,14,Death Over,3,3,13.0,6,4.33,216.67,9.0,2,0,1,16.67,33.33
696,14,Death Over,2,2,25.0,21,12.5,119.05,20.0,2,2,2,52.38,19.05
697,14,Death Over,3,3,26.0,20,8.67,130.0,12.0,2,1,2,25.0,15.0
697,14,Middle Over,9,9,182.0,151,20.22,120.53,54.0,15,8,6,29.8,15.23
697,14,Powerplay Over,6,6,22.0,34,3.67,64.71,10.0,1,1,0,61.76,5.88
702,14,Death Over,1,1,14.0,8,14.0,175.0,14.0,1,1,0,25.0,25.0
702,14,Middle Over,2,2,12.0,18,6.0,66.67,8.0,0,1,2,66.67,5.56
702,14,Powerplay Over,1,1,0.0,7,0.0,0.0,0.0,0,0,0,100.0,0.0
705,14,Death Over,2,2,3.0,7,1.5,42.86,3.0,0,0,2,57.14,0.0
705,14,Middle Over,7,7,114.0,92,16.29,123.91,47.0,6,5,5,26.09,11.96
705,14,Powerplay Over,13,13,264.0,208,20.31,126.92,31.0,27,9,5,38.46,17.31
717,14,Death Over,1,1,3.0,4,3.0,75.0,3.0,0,0,1,25.0,0.0
717,14,Middle Over,3,3,32.0,30,10.67,106.67,25.0,2,1,2,23.33,10.0
717,14,Powerplay Over,2,2,7.0,9,3.5,77.78,6.0,1,0,2,55.56,11.11
733,14,Death Over,3,3,23.0,21,7.67,109.52,13.0,0,2,2,28.57,9.52
733,14,Middle Over,6,6,32.0,34,5.33,94.12,10.0,2,0,3,32.35,5.88
733,14,Powerplay Over,2,2,43.0,23,21.5,186.96,30.0,5,2,1,34.78,30.43
741,14,Death Over,1,1,15.0,11,15.0,136.36,15.0,2,0,0,18.18,18.18
743,14,Death Over,5,5,16.0,21,3.2,76.19,9.0,1,0,4,33.33,4.76
743,14,Middle Over,3,3,31.0,29,10.33,106.9,22.0,2,1,1,24.14,10.34
746,14,Death Over,1,1,0.0,1,0.0,0.0,0.0,0,0,1,100.0,0.0
746,14,Middle Over,5,5,72.0,69,14.4,104.35,29.0,2,3,4,28.99,7.25
746,14,Powerplay Over,1,1,0.0,5,0.0,0.0,0.0,0,0,0,100.0,0.0
748,14,Death Over,4,4,12.0,16,3.0,75.0,9.0,1,0,2,43.75,6.25
748,14,Middle Over,2,2,1.0,4,0.5,25.0,1.0,0,0,1,75.0,0.0
748,14,Powerplay Over,1,1,1.0,4,1.0,25.0,1.0,0,0,1,75.0,0.0
749,14,Death Over,2,2,36.0,21,18.0,171.43,25.0,2,2,1,9.52,19.05
749,14,Middle Over,4,4,55.0,47,13.75,117.02,18.0,1,4,2,29.79,10.64
749,14,Powerplay Over,1,1,3.0,8,3.0,37.5,3.0,0,0,0,75.0,0.0
755,14,Death Over,7,7,62.0,54,8.86,114.81,35.0,2,4,6,40.74,11.11
755,14,Middle Over,3,3,23.0,19,7.67,121.05,12.0,0,2,0,26.32,10.53
760,14,Death Over,4,4,56.0,49,14.0,114.29,21.0,3,2,2,24.49,10.2
760,14,Middle Over,6,6,98.0,90,16.33,108.89,34.0,3,3,2,22.22,6.67
760,14,Powerplay Over,6,6,21.0,42,3.5,50.0,9.0,1,0,2,54.76,2.38
766,14,Death Over,1,1,0.0,1,0.0,0.0,0.0,0,0,1,100.0,0.0
766,14,Middle Over,1,1,0.0,1,0.0,0.0,0.0,0,0,1,100.0,0.0
767,14,Death Over,4,4,45.0,34,11.25,132.35,23.0,0,3,4,32.35,8.82
767,14,Middle Over,2,2,13.0,18,6.5,72.22,8.0,1,0,1,38.89,5.56
772,14,Death Over,3,3,8.0,14,2.67,57.14,8.0,0,1,0,78.57,7.14
777,14,Death Over,5,5,75.0,47,15.0,159.57,48.0,3,7,5,27.66,21.28
777,14,Middle Over,1,1,18.0,13,18.0,138.46,18.0,2,1,0,46.15,23.08
6,15,Death Over,9,9,95.0,69,10.56,137.68,23.0,6,5,6,23.19,15.94
6,15,Middle Over,5,5,21.0,33,4.2,63.64,13.0,0,0,1,33.33,0.0
6,15,Powerplay Over,1,1,0.0,3,0.0,0.0,0.0,0,0,1,100.0,0.0
16,15,Death Over,2,2,9.0,7,4.5,128.57,8.0,0,1,1,42.86,14.29
18,15,Death Over,3,3,10.0,9,3.33,111.11,7.0,0,1,0,44.44,11.11
18,15,Middle Over,1,1,12.0,4,12.0,300.0,12.0,0,2,1,50.0,50.0
20,15,Death Over,1,1,0.0,1,0.0,0.0,0.0,0,0,1,100.0,0.0
26,15,Death Over,3,3,15.0,17,5.0,88.24,8.0,0,0,2,23.53,0.0
26,15,Middle Over,3,3,8.0,9,2.67,88.89,7.0,0,1,2,66.67,11.11
35,15,Death Over,1,1,36.0,17,36.0,211.76,36.0,5,1,0,5.88,35.29
35,15,Middle Over,10,10,157.0,132,15.7,118.94,29.0,10,5,9,27.27,11.36
35,15,Powerplay Over,14,14,225.0,206,16.07,109.22,31.0,30,5,4,48.06,16.99
38,15,Death Over,4,4,30.0,33,7.5,90.91,14.0,5,0,2,57.58,15.15
40,15,Death Over,1,1,0.0,2,0.0,0.0,0.0,0,0,1,100.0,0.0
49,15,Death Over,4,4,52.0,37,13.0,140.54,17.0,2,3,2,18.92,13.51
49,15,Middle Over,10,10,216.0,149,21.6,144.97,56.0,19,5,6,20.81,16.11
49,15,Powerplay Over,16,16,215.0,188,13.44,114.36,33.0,30,3,7,39.89,17.55
51,15,Death Over,1,1,2.0,8,2.0,25.0,2.0,0,0,0,75.0,0.0
52,15,Death Over,1,1,7.0,5,7.0,140.0,7.0,0,1,1,60.0,20.0
52,15,Middle Over,2,2,15.0,20,7.5,75.0,14.0,1,1,2,65.0,10.0
58,15,Death Over,5,5,57.0,34,11.4,167.65,19.0,4,3,1,32.35,20.59
58,15,Middle Over,1,1,2.0,3,2.0,66.67,2.0,0,0,0,33.33,0.0
59,15,Death Over,1,1,4.0,5,4.0,80.0,4.0,0,0,1,40.0,0.0
59,15,Middle Over,6,6,146.0,100,24.33,146.0,43.0,10,9,5,29.0,19.0
59,15,Powerplay Over,6,6,56.0,32,9.33,175.0,31.0,6,4,3,34.38,31.25
60,15,Death Over,3,3,47.0,30,15.67,156.67,33.0,3,4,2,26.67,23.33
60,15,Middle Over,12,12,231.0,167,19.25,138.32,50.0,14,14,9,31.14,16.77
60,15,Powerplay Over,9,9,83.0,62,9.22,133.87,39.0,12,4,2,53.23,25.81
63,15,Death Over,4,4,90.0,43,22.5,209.3,39.0,10,5,2,16.28,34.88
63,15,Middle Over,10,10,133.0,93,13.3,143.01,36.0,11,7,6,35.48,19.35
63,15,Powerplay Over,5,5,78.0,48,15.6,162.5,23.0,10,3,2,33.33,27.08
67,15,Death Over,6,6,147.0,67,24.5,219.4,44.0,9,13,5,19.4,32.84
67,15,Middle Over,6,6,39.0,24,6.5,162.5,16.0,3,3,1,37.5,25.0
69,15,Death Over,6,6,98.0,64,16.33,153.12,30.0,9,4,4,21.88,20.31
69,15,Middle Over,13,13,280.0,222,21.54,126.13,59.0,18,12,5,26.58,13.51
69,15,Powerplay Over,6,6,19.0,27,3.17,70.37,7.0,2,0,1,51.85,7.41
70,15,Powerplay Over,1,1,4.0,8,4.0,50.0,4.0,1,0,1,87.5,12.5
71,15,Death Over,2,2,0.0,2,0.0,0.0,0.0,0,0,2,100.0,0.0
75,15,Death Over,1,1,8.0,7,8.0,114.29,8.0,1,0,1,42.86,14.29
76,15,Death Over,4,4,4.0,8,1.0,50.0,3.0,0,0,1,50.0,0.0
87,15,Death Over,4,4,114.0,66,28.5,172.73,40.0,12,6,2,22.73,27.27
87,15,Middle Over,6,6,51.0,52,8.5,98.08,27.0,5,0,3,36.54,9.62
87,15,Powerplay Over,2,2,9.0,7,4.5,128.57,8.0,0,1,0,42.86,14.29
89,15,Death Over,4,4,83.0,44,20.75,188.64,37.0,8,5,2,22.73,29.55
89,15,Middle Over,9,9,150.0,104,16.67,144.23,36.0,14,7,6,36.54,20.19
89,15,Powerplay Over,1,1,1.0,1,1.0,100.0,1.0,0,0,0,0.0,0.0
103,15,Death Over,2,2,27.0,13,13.5,207.69,14.0,3,1,0,15.38,30.77
103,15,Middle Over,2,2,16.0,25,8.0,64.0,10.0,0,0,2,36.0,0.0
103,15,Powerplay Over,1,1,2.0,4,2.0,50.0,2.0,0,0,0,25.0,0.0
113,15,Death Over,2,2,0.0,3,0.0,0.0,0.0,0,0,1,100.0,0.0
116,15,Death Over,5,5,121.0,74,24.2,163.51,39.0,9,9,3,35.14,24.32
116,15,Middle Over,12,12,214.0,126,17.83,169.84,70.0,9,23,6,43.65,25.4
126,15,Powerplay Over,1,1,4.0,4,4.0,100.0,4.0,1,0,1,75.0,25.0
137,15,Death Over,9,9,90.0,53,10.0,169.81,27.0,6,5,6,11.32,20.75
137,15,Middle Over,4,4,55.0,57,13.75,96.49,29.0,1,2,1,29.82,5.26
137,15,Powerplay Over,3,3,46.0,30,15.33,153.33,21.0,7,2,2,50.0,30.0
139,15,Middle Over,2,2,42.0,43,21.0,97.67,25.0,5,0,2,48.84,11.63
139,15,Powerplay Over,1,1,1.0,5,1.0,20.0,1.0,0,0,0,60.0,0.0
141,15,Death Over,3,3,45.0,18,15.0,250.0,22.0,5,3,2,16.67,44.44
141,15,Middle Over,11,11,230.0,153,20.91,150.33,53.0,19,11,7,24.84,19.61
141,15,Powerplay Over,11,11,138.0,100,12.55,138.0,24.0,16,6,3,42.0,22.0
145,15,Death Over,1,1,0.0,1,0.0,0.0,0.0,0,0,0,100.0,0.0
145,15,Middle Over,1,1,2.0,1,2.0,200.0,2.0,0,0,1,0.0,0.0
146,15,Death Over,1,1,4.0,1,4.0,400.0,4.0,1,0,0,0.0,100.0
151,15,Death Over,4,4,29.0,26,7.25,111.54,10.0,0,1,4,23.08,3.85
151,15,Middle Over,8,8,152.0,135,19.0,112.59,38.0,10,4,4,29.63,10.37
151,15,Powerplay Over,13,13,160.0,145,12.31,110.34,34.0,22,3,8,46.21,17.24
154,15,Death Over,2,2,30.0,20,15.0,150.0,28.0,3,2,0,25.0,25.0
154,15,Middle Over,2,2,32.0,26,16.0,123.08,27.0,3,1,1,30.77,15.38
154,15,Powerplay Over,2,2,11.0,14,5.5,78.57,10.0,2,0,2,64.29,14.29
156,15,Death Over,1,1,2.0,6,2.0,33.33,2.0,0,0,1,50.0,0.0
162,15,Death Over,7,7,74.0,63,10.57,117.46,22.0,7,4,6,47.62,17.46
162,15,Middle Over,2,2,3.0,7,1.5,42.86,3.0,0,0,1,71.43,0.0
165,15,Death Over,13,13,241.0,143,18.54,168.53,42.0,15,19,5,23.78,23.78
165,15,Middle Over,10,10,73.0,78,7.3,93.59,29.0,6,2,2,43.59,10.26
170,15,Death Over,13,13,251.0,129,19.31,194.57,53.0,19,19,4,23.26,29.46
170,15,Middle Over,7,7,79.0,59,11.29,133.9,31.0,8,3,2,35.59,18.64
172,15,Death Over,3,3,5.0,7,1.67,71.43,4.0,0,0,1,28.57,0.0
179,15,Death Over,1,1,5.0,8,5.0,62.5,5.0,0,0,1,50.0,0.0
187,15,Middle Over,1,1,0.0,2,0.0,0.0,0.0,0,0,1,100.0,0.0
189,15,Death Over,3,3,33.0,23,11.0,143.48,21.0,4,2,1,47.83,26.09
189,15,Middle Over,2,2,4.0,18,2.0,22.22,4.0,0,0,1,77.78,0.0
194,15,Death Over,4,4,27.0,28,6.75,96.43,14.0,4,0,4,39.29,14.29
194,15,Middle Over,12,12,249.0,189,20.75,131.75,41.0,23,12,8,35.45,18.52
194,15,Powerplay Over,9,9,100.0,100,11.11,100.0,25.0,14,2,5,50.0,16.0
199,15,Death Over,7,7,134.0,66,19.14,203.03,48.0,6,14,5,28.79,30.3
199,15,Middle Over,11,11,116.0,108,10.55,107.41,34.0,4,8,6,40.74,11.11
200,15,Death Over,9,9,69.0,48,7.67,143.75,25.0,4,5,5,29.17,18.75
200,15,Middle Over,8,8,150.0,143,18.75,104.9,41.0,10,4,3,30.77,9.79
200,15,Powerplay Over,1,1,0.0,6,0.0,0.0,0.0,0,0,0,83.33,0.0
213,15,Death Over,2,2,2.0,3,1.0,66.67,1.0,0,0,0,33.33,0.0
213,15,Powerplay Over,2,2,20.0,27,10.0,74.07,11.0,3,0,2,51.85,11.11
218,15,Death Over,1,1,20.0,15,20.0,133.33,20.0,2,0,0,6.67,13.33
218,15,Middle Over,3,3,32.0,33,10.67,96.97,16.0,2,0,1,27.27,6.06
218,15,Powerplay Over,3,3,39.0,21,13.0,185.71,32.0,5,2,2,42.86,33.33
220,15,Middle Over,1,1,8.0,9,8.0,88.89,8.0,0,0,1,33.33,0.0
220,15,Powerplay Over,1,1,5.0,4,5.0,125.0,5.0,1,0,1,50.0,25.0
221,15,Middle Over,1,1,35.0,17,35.0,205.88,35.0,6,1,1,5.88,41.18
221,15,Powerplay Over,5,5,51.0,53,10.2,96.23,23.0,4,2,5,45.28,11.32
224,15,Death Over,6,6,39.0,32,6.5,121.88,11.0,4,2,3,40.62,18.75
224,15,Middle Over,2,2,4.0,10,2.0,40.0,4.0,0,0,1,60.0,0.0
225,15,Powerplay Over,3,3,18.0,24,6.0,75.0,18.0,4,0,3,66.67,16.67
233,15,Death Over,2,2,25.0,15,12.5,166.67,23.0,2,1,1,13.33,20.0
233,15,Middle Over,4,4,142.0,85,35.5,167.06,56.0,14,7,2,22.35,24.71
233,15,Powerplay Over,7,7,85.0,76,12.14,111.84,29.0,7,4,3,40.79,14.47
249,15,Death Over,1,1,1.0,2,1.0,50.0,1.0,0,0,0,0.0,0.0
253,15,Middle Over,4,4,46.0,49,11.5,93.88,20.0,4,0,4,32.65,8.16
253,15,Powerplay Over,9,9,111.0,96,12.33,115.62,27.0,19,2,5,50.0,21.88
255,15,Death Over,4,4,26.0,12,6.5,216.67,21.0,1,3,2,33.33,33.33
255,15,Middle Over,3,3,34.0,20,11.33,170.0,22.0,4,2,3,45.0,30.0
255,15,Powerplay Over,3,3,11.0,8,3.67,137.5,6.0,1,1,2,62.5,25.0
258,15,Death Over,4,4,47.0,32,11.75,146.88,25.0,3,3,3,37.5,18.75
258,15,Middle Over,4,4,22.0,15,5.5,146.67,10.0,2,1,1,33.33,20.0
263,15,Death Over,4,4,0.0,9,0.0,0.0,0.0,0,0,1,88.89,0.0
264,15,Death Over,7,7,39.0,33,5.57,118.18,15.0,3,2,7,30.3,15.15
264,15,Middle Over,13,13,335.0,243,25.77,137.86,50.0,22,15,7,23.87,15.23
264,15,Powerplay Over,9,9,77.0,64,8.56,120.31,22.0,11,1,0,46.88,18.75
267,15,Death Over,4,4,74.0,36,18.5,205.56,27.0,5,7,2,22.22,33.33
267,15,Middle Over,11,11,211.0,166,19.18,127.11,41.0,20,8,10,33.73,16.87
267,15,Powerplay Over,7,7,55.0,32,7.86,171.88,27.0,10,1,1,34.38,34.38
268,15,Death Over,3,3,37.0,22,12.33,168.18,25.0,2,4,3,36.36,27.27
268,15,Middle Over,9,9,198.0,157,22.0,126.11,53.0,19,9,6,36.94,17.83
268,15,Powerplay Over,6,6,39.0,51,6.5,76.47,13.0,4,2,1,66.67,11.76
280,15,Death Over,6,6,49.0,36,8.17,136.11,24.0,6,2,5,33.33,22.22
280,15,Middle Over,2,2,47.0,31,23.5,151.61,36.0,6,1,0,25.81,22.58
280,15,Powerplay Over,1,1,12.0,12,12.0,100.0,12.0,2,0,1,50.0,16.67
281,15,Death Over,2,2,5.0,5,2.5,100.0,3.0,0,0,0,20.0,0.0
281,15,Middle Over,1,1,2.0,3,2.0,66.67,2.0,0,0,1,66.67,0.0
283,15,Death Over,1,1,0.0,3,0.0,0.0,0.0,0,0,0,100.0,0.0
292,15,Death Over,7,7,40.0,30,5.71,133.33,17.0,2,1,2,20.0,10.0
297,15,Death Over,2,2,36.0,21,18.0,171.43,19.0,4,2,2,23.81,28.57
297,15,Middle Over,5,5,100.0,86,20.0,116.28,46.0,7,4,2,32.56,12.79
297,15,Powerplay Over,8,8,115.0,85,14.38,135.29,31.0,8,8,3,45.88,18.82
299,15,Death Over,3,3,52.0,18,17.33,288.89,46.0,3,6,2,33.33,50.0
299,15,Middle Over,7,7,194.0,137,27.71,141.61,38.0,11,10,4,16.79,15.33
299,15,Powerplay Over,6,6,87.0,77,14.5,112.99,33.0,13,2,0,48.05,19.48
302,15,Death Over,2,2,31.0,18,15.5,172.22,31.0,1,4,2,27.78,27.78
302,15,Middle Over,5,5,65.0,46,13.0,141.3,43.0,2,5,4,30.43,15.22
302,15,Powerplay Over,9,9,134.0,117,14.89,114.53,45.0,16,5,5,47.86,17.95
312,15,Death Over,3,3,12.0,15,4.0,80.0,10.0,2,0,0,60.0,13.33
312,15,Middle Over,1,1,0.0,3,0.0,0.0,0.0,0,0,0,100.0,0.0
319,15,Death Over,6,6,17.0,27,2.83,62.96,10.0,2,0,3,66.67,7.41
319,15,Middle Over,1,1,4.0,3,4.0,133.33,4.0,1,0,0,66.67,33.33
327,15,Death Over,3,3,37.0,29,12.33,127.59,15.0,4,1,3,41.38,17.24
327,15,Middle Over,6,6,96.0,85,16.0,112.94,39.0,7,3,4,27.06,11.76
327,15,Powerplay Over,8,8,111.0,69,13.88,160.87,59.0,13,7,3,47.83,28.99
331,15,Middle Over,5,5,96.0,68,19.2,141.18,41.0,4,9,5,42.65,19.12
331,15,Powerplay Over,5,5,65.0,48,13.0,135.42,31.0,10,2,2,47.92,25.0
335,15,Death Over,5,5,44.0,28,8.8,157.14,22.0,3,3,4,35.71,21.43
336,15,Middle Over,2,2,11.0,13,5.5,84.62,11.0,1,0,2,46.15,7.69
336,15,Powerplay Over,1,1,0.0,1,0.0,0.0,0.0,0,0,0,100.0,0.0
341,15,Death Over,1,1,0.0,2,0.0,0.0,0.0,0,0,1,100.0,0.0
346,15,Middle Over,2,2,12.0,20,6.0,60.0,12.0,2,0,3,65.0,10.0
346,15,Powerplay Over,1,1,6.0,12,6.0,50.0,6.0,1,0,0,66.67,8.33
358,15,Death Over,2,2,6.0,5,3.0,120.0,6.0,1,0,2,40.0,20.0
358,15,Middle Over,6,6,66.0,67,11.0,98.51,25.0,8,0,5,31.34,11.94
358,15,Powerplay Over,9,9,181.0,108,20.11,167.59,59.0,25,9,4,43.52,31.48
359,15,Death Over,14,14,230.0,137,16.43,167.88,46.0,17,12,7,19.71,21.17
359,15,Middle Over,13,13,240.0,204,18.46,117.65,58.0,13,11,2,28.92,11.76
359,15,Powerplay Over,1,1,11.0,7,11.0,157.14,11.0,2,0,0,28.57,28.57
360,15,Death Over,7,7,21.0,22,3.0,95.45,10.0,2,1,7,54.55,13.64
360,15,Middle Over,3,3,17.0,26,5.67,65.38,8.0,2,0,0,46.15,7.69
363,15,Death Over,8,8,87.0,38,10.88,228.95,36.0,3,9,4,21.05,31.58
363,15,Middle Over,1,1,4.0,6,4.0,66.67,4.0,0,0,0,33.33,0.0
367,15,Death Over,1,1,0.0,1,0.0,0.0,0.0,0,0,0,100.0,0.0
370,15,Death Over,6,6,141.0,79,23.5,178.48,36.0,13,7,3,11.39,25.32
370,15,Middle Over,9,9,272.0,192,30.22,141.67,51.0,14,15,3,21.35,15.1
370,15,Powerplay Over,14,14,203.0,201,14.5,101.0,27.0,18,8,5,46.77,12.94
373,15,Middle Over,5,5,86.0,73,17.2,117.81,46.0,7,2,5,24.66,12.33
373,15,Powerplay Over,10,10,172.0,125,17.2,137.6,34.0,21,8,5,47.2,23.2
389,15,Death Over,2,2,31.0,22,15.5,140.91,18.0,3,2,1,27.27,22.73
389,15,Middle Over,8,8,107.0,100,13.38,107.0,28.0,5,5,5,35.0,10.0
389,15,Powerplay Over,4,4,23.0,30,5.75,76.67,8.0,3,0,0,53.33,10.0
392,15,Death Over,3,3,34.0,25,11.33,136.0,19.0,6,0,1,36.0,24.0
392,15,Middle Over,7,7,173.0,120,24.71,144.17,42.0,14,7,3,22.5,17.5
392,15,Powerplay Over,12,12,225.0,156,18.75,144.23,38.0,32,8,5,38.46,25.64
398,15,Death Over,3,3,81.0,29,27.0,279.31,71.0,8,6,2,13.79,48.28
398,15,Middle Over,6,6,170.0,128,28.33,132.81,43.0,13,5,3,23.44,14.06
398,15,Powerplay Over,15,15,257.0,193,17.13,133.16,44.0,26,12,10,39.9,19.69
399,15,Death Over,7,7,105.0,78,15.0,134.62,26.0,11,2,1,16.67,16.67
399,15,Middle Over,15,15,317.0,241,21.13,131.54,48.0,28,10,9,28.63,15.77
399,15,Powerplay Over,8,8,65.0,68,8.12,95.59,21.0,10,0,0,48.53,14.71
404,15,Death Over,1,1,0.0,1,0.0,0.0,0.0,0,0,1,100.0,0.0
404,15,Middle Over,1,1,2.0,7,2.0,28.57,2.0,0,0,1,57.14,0.0
415,15,Death Over,3,3,73.0,41,24.33,178.05,35.0,7,2,3,14.63,21.95
415,15,Middle Over,9,9,194.0,137,21.56,141.61,58.0,14,8,6,27.01,16.06
415,15,Powerplay Over,16,16,201.0,199,12.56,101.01,35.0,28,3,7,48.24,15.58
419,15,Middle Over,2,2,33.0,41,16.5,80.49,17.0,1,0,2,26.83,2.44
419,15,Powerplay Over,1,1,0.0,5,0.0,0.0,0.0,0,0,0,100.0,0.0
420,15,Death Over,14,14,133.0,97,9.5,137.11,35.0,8,8,11,30.93,16.49
420,15,Middle Over,4,4,50.0,39,12.5,128.21,21.0,3,2,0,25.64,12.82
427,15,Death Over,5,5,16.0,17,3.2,94.12,7.0,1,0,0,23.53,5.88
427,15,Middle Over,1,1,2.0,10,2.0,20.0,2.0,0,0,0,80.0,0.0
437,15,Death Over,1,1,14.0,8,14.0,175.0,14.0,0,2,0,25.0,25.0
437,15,Middle Over,3,3,38.0,29,12.67,131.03,32.0,2,2,2,20.69,13.79
437,15,Powerplay Over,8,8,77.0,86,9.62,89.53,22.0,8,3,5,54.65,12.79
438,15,Death Over,3,3,34.0,25,11.33,136.0,26.0,2,3,3,36.0,20.0
438,15,Middle Over,2,2,24.0,18,12.0,133.33,24.0,0,2,0,38.89,11.11
439,15,Death Over,3,3,1.0,6,0.33,16.67,1.0,0,0,2,83.33,0.0
439,15,Middle Over,2,2,1.0,6,0.5,16.67,1.0,0,0,2,83.33,0.0
444,15,Death Over,6,6,111.0,53,18.5,209.43,32.0,8,7,2,11.32,28.3
444,15,Middle Over,10,10,246.0,192,24.6,128.12,41.0,15,11,6,27.08,13.54
444,15,Powerplay Over,6,6,24.0,32,4.0,75.0,17.0,2,1,0,62.5,9.38
449,15,Death Over,4,4,11.0,9,2.75,122.22,8.0,1,0,0,0.0,11.11
449,15,Middle Over,2,2,12.0,17,6.0,70.59,12.0,0,1,2,52.94,5.88
454,15,Death Over,1,1,3.0,4,3.0,75.0,3.0,0,0,1,25.0,0.0
454,15,Middle Over,4,4,52.0,46,13.0,113.04,32.0,5,1,2,32.61,13.04
454,15,Powerplay Over,10,10,127.0,125,12.7,101.6,43.0,12,6,8,50.4,14.4
455,15,Death Over,1,1,3.0,6,3.0,50.0,3.0,0,0,1,33.33,0.0
459,15,Death Over,2,2,32.0,18,16.0,177.78,25.0,2,2,1,22.22,22.22
459,15,Middle Over,4,4,85.0,73,21.25,116.44,35.0,8,1,2,24.66,12.33
459,15,Powerplay Over,3,3,28.0,27,9.33,103.7,12.0,4,0,1,37.04,14.81
462,15,Death Over,1,1,9.0,7,9.0,128.57,9.0,2,0,0,57.14,28.57
464,15,Death Over,1,1,5.0,3,5.0,166.67,5.0,1,0,1,33.33,33.33
465,15,Death Over,1,1,15.0,14,15.0,107.14,15.0,1,0,0,14.29,7.14
465,15,Middle Over,7,7,85.0,86,12.14,98.84,29.0,7,0,5,26.74,8.14
465,15,Powerplay Over,11,11,217.0,166,19.73,130.72,39.0,32,7,4,45.18,23.49
469,15,Powerplay Over,2,2,8.0,7,4.0,114.29,8.0,2,0,2,71.43,28.57
470,15,Middle Over,1,1,0.0,2,0.0,0.0,0.0,0,0,1,100.0,0.0
472,15,Death Over,7,7,43.0,38,6.14,113.16,16.0,3,2,1,36.84,13.16
472,15,Middle Over,1,1,5.0,16,5.0,31.25,5.0,0,0,0,56.25,0.0
476,15,Middle Over,6,6,51.0,50,8.5,102.0,19.0,5,1,6,34.0,12.0
476,15,Powerplay Over,8,8,145.0,117,18.12,123.93,38.0,18,5,6,41.03,19.66
482,15,Death Over,2,2,11.0,9,5.5,122.22,6.0,0,0,1,22.22,0.0
488,15,Death Over,1,1,0.0,1,0.0,0.0,0.0,0,0,1,100.0,0.0
488,15,Middle Over,1,1,4.0,6,4.0,66.67,4.0,0,0,1,33.33,0.0
490,15,Middle Over,3,3,41.0,33,13.67,124.24,17.0,4,1,3,30.3,15.15
490,15,Powerplay Over,7,7,92.0,98,13.14,93.88,27.0,10,3,4,48.98,13.27
492,15,Death Over,1,1,3.0,5,3.0,60.0,3.0,0,0,1,40.0,0.0
492,15,Middle Over,1,1,13.0,13,13.0,100.0,13.0,1,0,1,15.38,7.69
494,15,Death Over,2,2,5.0,4,2.5,125.0,5.0,1,0,2,50.0,25.0
501,15,Middle Over,5,5,66.0,44,13.2,150.0,19.0,6,3,5,22.73,20.45
501,15,Powerplay Over,10,10,217.0,149,21.7,145.64,47.0,31,7,5,42.28,25.5
502,15,Death Over,5,5,66.0,38,13.2,173.68,46.0,6,5,4,31.58,28.95
502,15,Middle Over,16,16,269.0,198,16.81,135.86,42.0,20,16,12,35.86,18.18
502,15,Powerplay Over,11,11,123.0,85,11.18,144.71,30.0,17,5,0,48.24,25.88
504,15,Death Over,2,2,49.0,27,24.5,181.48,32.0,5,2,1,14.81,25.93
504,15,Middle Over,8,8,169.0,152,21.12,111.18,40.0,15,2,5,21.71,11.18
504,15,Powerplay Over,14,14,242.0,216,17.29,112.04,30.0,27,8,6,42.59,16.2
508,15,Powerplay Over,1,1,0.0,2,0.0,0.0,0.0,0,0,1,50.0,0.0
516,15,Death Over,2,2,7.0,6,3.5,116.67,7.0,1,0,2,50.0,16.67
518,15,Death Over,1,1,2.0,2,2.0,100.0,2.0,0,0,0,0.0,0.0
518,15,Middle Over,1,1,4.0,4,4.0,100.0,4.0,1,0,0,75.0,25.0
520,15,Death Over,5,5,41.0,40,8.2,102.5,21.0,1,4,4,42.5,12.5
520,15,Middle Over,7,7,61.0,71,8.71,85.92,24.0,2,4,3,47.89,8.45
520,15,Powerplay Over,1,1,15.0,7,15.0,214.29,15.0,1,1,0,0.0,28.57
522,15,Death Over,12,12,174.0,111,14.5,156.76,43.0,17,9,8,33.33,23.42
522,15,Middle Over,5,5,52.0,80,10.4,65.0,20.0,3,1,0,50.0,5.0
522,15,Powerplay Over,1,1,6.0,7,6.0,85.71,6.0,1,0,0,42.86,14.29
526,15,Middle Over,1,1,6.0,3,6.0,200.0,6.0,0,1,1,66.67,33.33
528,15,Death Over,7,7,21.0,19,3.0,110.53,7.0,1,2,5,47.37,15.79
528,15,Middle Over,2,2,16.0,14,8.0,114.29,15.0,0,1,2,28.57,7.14
528,15,Powerplay Over,1,1,1.0,7,1.0,14.29,1.0,0,0,1,71.43,0.0
531,15,Middle Over,5,5,59.0,49,11.8,120.41,34.0,6,2,5,38.78,16.33
531,15,Powerplay Over,2,2,8.0,13,4.0,61.54,6.0,1,0,0,53.85,7.69
532,15,Death Over,2,2,22.0,16,11.0,137.5,13.0,2,1,0,18.75,18.75
532,15,Middle Over,1,1,1.0,3,1.0,33.33,1.0,0,0,1,66.67,0.0
533,15,Powerplay Over,1,1,14.0,11,14.0,127.27,14.0,2,0,1,45.45,18.18
535,15,Death Over,3,3,41.0,25,13.67,164.0,20.0,3,3,3,32.0,24.0
535,15,Middle Over,7,7,116.0,106,16.57,109.43,29.0,4,7,3,34.91,10.38
535,15,Powerplay Over,2,2,12.0,12,6.0,100.0,8.0,2,0,1,58.33,16.67
537,15,Death Over,7,7,174.0,81,24.86,214.81,52.0,11,15,5,20.99,32.1
537,15,Middle Over,10,10,315.0,227,31.5,138.77,73.0,30,10,3,27.75,17.62
537,15,Powerplay Over,17,17,374.0,288,22.0,129.86,54.0,43,20,7,50.0,21.88
545,15,Death Over,6,6,24.0,28,4.0,85.71,8.0,3,0,2,35.71,10.71
546,15,Death Over,7,7,59.0,44,8.43,134.09,21.0,4,1,3,20.45,11.36
546,15,Middle Over,7,7,107.0,98,15.29,109.18,33.0,8,3,7,36.73,11.22
546,15,Powerplay Over,3,3,17.0,8,5.67,212.5,9.0,4,0,0,25.0,50.0
553,15,Middle Over,1,1,2.0,3,2.0,66.67,2.0,0,0,1,33.33,0.0
553,15,Powerplay Over,3,3,19.0,28,6.33,67.86,15.0,2,0,2,57.14,7.14
554,15,Middle Over,3,3,57.0,48,19.0,118.75,33.0,5,1,3,31.25,12.5
554,15,Powerplay Over,5,5,31.0,36,6.2,86.11,11.0,4,1,3,55.56,13.89
555,15,Death Over,1,1,8.0,5,8.0,160.0,8.0,0,1,0,40.0,20.0
557,15,Death Over,1,1,2.0,2,2.0,100.0,2.0,0,0,1,50.0,0.0
564,15,Death Over,7,7,54.0,39,7.71,138.46,21.0,4,4,4,43.59,20.51
564,15,Middle Over,1,1,1.0,2,1.0,50.0,1.0,0,0,0,50.0,0.0
579,15,Powerplay Over,1,1,19.0,12,19.0,158.33,19.0,1,2,1,33.33,25.0
611,15,Death Over,3,3,12.0,12,4.0,100.0,6.0,1,1,1,66.67,16.67
611,15,Middle Over,1,1,0.0,2,0.0,0.0,0.0,0,0,1,100.0,0.0
614,15,Death Over,2,2,19.0,14,9.5,135.71,11.0,2,1,1,35.71,21.43
614,15,Middle Over,4,4,87.0,74,21.75,117.57,29.0,3,4,2,28.38,9.46
614,15,Powerplay Over,11,11,110.0,147,10.0,74.83,18.0,11,3,7,55.78,9.52
625,15,Death Over,9,9,87.0,61,9.67,142.62,29.0,3,7,7,32.79,16.39
625,15,Middle Over,4,4,33.0,29,8.25,113.79,22.0,4,0,1,31.03,13.79
629,15,Death Over,7,7,101.0,73,14.43,138.36,26.0,6,6,5,26.03,16.44
629,15,Middle Over,6,6,59.0,59,9.83,100.0,27.0,5,1,3,38.98,10.17
629,15,Powerplay Over,2,2,1.0,7,0.5,14.29,1.0,0,0,1,71.43,0.0
631,15,Death Over,4,4,91.0,46,22.75,197.83,45.0,6,8,3,28.26,30.43
631,15,Middle Over,8,8,170.0,135,21.25,125.93,39.0,12,7,5,30.37,14.07
631,15,Powerplay Over,3,3,42.0,29,14.0,144.83,30.0,5,1,0,37.93,20.69
632,15,Death Over,3,3,22.0,19,7.33,115.79,16.0,1,0,3,21.05,5.26
632,15,Middle Over,6,6,160.0,110,26.67,145.45,57.0,12,7,3,20.91,17.27
632,15,Powerplay Over,14,14,186.0,169,13.29,110.06,30.0,20,7,8,46.15,15.98
635,15,Death Over,2,2,6.0,12,3.0,50.0,4.0,0,0,1,50.0,0.0
638,15,Death Over,7,7,92.0,64,13.14,143.75,40.0,9,3,7,23.44,18.75
638,15,Middle Over,3,3,9.0,12,3.0,75.0,6.0,0,0,0,41.67,0.0
639,15,Death Over,1,1,0.0,1,0.0,0.0,0.0,0,0,1,100.0,0.0
644,15,Death Over,8,8,129.0,91,16.12,141.76,38.0,6,11,6,30.77,18.68
644,15,Middle Over,9,9,27.0,25,3.0,108.0,8.0,1,2,1,40.0,12.0
655,15,Death Over,9,9,135.0,84,15.0,160.71,43.0,9,9,4,23.81,21.43
655,15,Middle Over,10,10,171.0,134,17.1,127.61,39.0,7,12,3,27.61,14.18
655,15,Powerplay Over,1,1,0.0,10,0.0,0.0,0.0,0,0,1,90.0,0.0
656,15,Death Over,6,6,127.0,72,21.17,176.39,33.0,8,8,0,19.44,22.22
656,15,Middle Over,7,7,55.0,50,7.86,110.0,24.0,4,2,3,42.0,12.0
663,15,Death Over,1,1,7.0,4,7.0,175.0,7.0,0,1,1,50.0,25.0
663,15,Middle Over,1,1,0.0,1,0.0,0.0,0.0,0,0,0,100.0,0.0
664,15,Death Over,1,1,2.0,2,2.0,100.0,2.0,0,0,0,0.0,0.0
664,15,Powerplay Over,1,1,0.0,2,0.0,0.0,0.0,0,0,1,100.0,0.0
665,15,Death Over,9,9,100.0,91,11.11,109.89,23.0,4,7,10,34.07,12.09
665,15,Middle Over,9,9,44.0,55,4.89,80.0,12.0,2,2,2,47.27,7.27
666,15,Death Over,1,1,11.0,16,11.0,68.75,11.0,0,0,0,18.75,0.0
666,15,Middle Over,2,2,29.0,24,14.5,120.83,28.0,3,1,1,37.5,16.67
667,15,Death Over,1,1,12.0,10,12.0,120.0,12.0,1,0,0,20.0,10.0
667,15,Middle Over,2,2,10.0,15,5.0,66.67,6.0,1,0,2,46.67,6.67
673,15,Powerplay Over,2,2,24.0,21,12.0,114.29,21.0,4,0,2,47.62,19.05
674,15,Death Over,1,1,7.0,4,7.0,175.0,7.0,0,1,0,25.0,25.0
674,15,Middle Over,1,1,0.0,3,0.0,0.0,0.0,0,0,1,100.0,0.0
675,15,Death Over,1,1,7.0,6,7.0,116.67,7.0,1,0,1,66.67,16.67
679,15,Death Over,11,11,181.0,108,16.45,167.59,37.0,19,9,6,23.15,25.93
679,15,Middle Over,5,5,36.0,48,7.2,75.0,11.0,3,0,1,45.83,6.25
680,15,Death Over,7,7,43.0,32,6.14,134.38,17.0,3,3,3,34.38,18.75
683,15,Death Over,5,5,48.0,40,9.6,120.0,25.0,1,5,2,42.5,15.0
683,15,Middle Over,4,4,3.0,10,0.75,30.0,2.0,0,0,1,60.0,0.0
685,15,Death Over,6,6,46.0,39,7.67,117.95,25.0,5,2,3,35.9,17.95
685,15,Middle Over,2,2,2.0,8,1.0,25.0,2.0,0,0,1,75.0,0.0
693,15,Death Over,4,4,5.0,14,1.25,35.71,2.0,0,0,2,57.14,0.0
696,15,Death Over,2,2,0.0,2,0.0,0.0,0.0,0,0,2,100.0,0.0
696,15,Middle Over,2,2,3.0,6,1.5,50.0,2.0,0,0,0,33.33,0.0
697,15,Death Over,6,6,99.0,52,16.5,190.38,45.0,5,8,4,21.15,25.0
697,15,Middle Over,10,10,182.0,134,18.2,135.82,53.0,16,8,5,32.84,17.91
697,15,Powerplay Over,3,3,8.0,8,2.67,100.0,4.0,1,0,0,37.5,12.5
705,15,Middle Over,5,5,41.0,42,8.2,97.62,21.0,3,1,5,30.95,9.52
705,15,Powerplay Over,14,14,227.0,192,16.21,118.23,42.0,25,12,9,51.56,19.27
717,15,Death Over,6,6,106.0,53,17.67,200.0,29.0,7,9,5,16.98,30.19
717,15,Middle Over,12,12,261.0,173,21.75,150.87,59.0,15,20,6,27.17,20.23
717,15,Powerplay Over,6,6,70.0,35,11.67,200.0,38.0,7,5,1,34.29,34.29
719,15,Death Over,1,1,3.0,7,3.0,42.86,3.0,0,0,1,57.14,0.0
719,15,Middle Over,2,2,26.0,33,13.0,78.79,21.0,1,1,1,36.36,6.06
719,15,Powerplay Over,1,1,4.0,12,4.0,33.33,4.0,0,0,0,66.67,0.0
733,15,Death Over,2,2,4.0,9,2.0,44.44,4.0,0,0,2,44.44,0.0
733,15,Middle Over,8,8,167.0,112,20.88,149.11,44.0,8,10,6,25.0,16.07
733,15,Powerplay Over,14,14,255.0,208,18.21,122.6,46.0,39,3,7,44.71,20.19
744,15,Death Over,1,1,1.0,7,1.0,14.29,1.0,0,0,0,71.43,0.0
746,15,Middle Over,1,1,22.0,13,22.0,169.23,22.0,2,1,1,23.08,23.08
746,15,Powerplay Over,2,2,24.0,20,12.0,120.0,20.0,2,1,1,40.0,15.0
749,15,Death Over,3,3,43.0,28,14.33,153.57,21.0,4,2,3,17.86,21.43
749,15,Middle Over,3,3,37.0,29,12.33,127.59,21.0,3,1,1,24.14,13.79
749,15,Powerplay Over,1,1,6.0,3,6.0,200.0,6.0,0,1,1,66.67,33.33
755,15,Death Over,6,6,49.0,29,8.17,168.97,16.0,0,6,4,27.59,20.69
755,15,Middle Over,2,2,1.0,3,0.5,33.33,1.0,0,0,1,66.67,0.0
755,15,Powerplay Over,1,1,8.0,14,8.0,57.14,8.0,2,0,1,85.71,14.29
760,15,Death Over,2,2,20.0,14,10.0,142.86,12.0,1,1,1,14.29,14.29
760,15,Middle Over,12,12,214.0,175,17.83,122.29,44.0,15,8,10,29.14,13.14
760,15,Powerplay Over,11,11,167.0,121,15.18,138.02,33.0,25,2,2,37.19,22.31
766,15,Death Over,2,2,16.0,12,8.0,133.33,9.0,2,0,1,25.0,16.67
766,15,Middle Over,2,2,15.0,15,7.5,100.0,8.0,1,0,0,26.67,6.67
767,15,Middle Over,1,1,0.0,1,0.0,0.0,0.0,0,0,1,100.0,0.0
767,15,Powerplay Over,4,4,19.0,35,4.75,54.29,13.0,1,0,3,51.43,2.86
772,15,Death Over,1,1,3.0,5,3.0,60.0,3.0,0,0,0,40.0,0.0
777,15,Death Over,5,5,37.0,14,7.4,264.29,34.0,2,4,4,35.71,42.86
777,15,Middle Over,2,2,26.0,10,13.0,260.0,22.0,3,2,0,30.0,50.0
3,16,Death Over,1,1,1.0,1,1.0,100.0,1.0,0,0,0,0.0,0.0
6,16,Death Over,11,11,164.0,116,14.91,141.38,23.0,10,8,8,20.69,15.52
6,16,Middle Over,5,5,26.0,22,5.2,118.18,15.0,1,1,0,22.73,9.09
9,16,Death Over,1,1,13.0,9,13.0,144.44,13.0,0,1,1,22.22,11.11
16,16,Death Over,5,5,32.0,34,6.4,94.12,13.0,4,0,3,32.35,11.76
16,16,Middle Over,3,3,7.0,11,2.33,63.64,4.0,0,0,1,36.36,0.0
18,16,Death Over,1,1,0.0,1,0.0,0.0,0.0,0,0,0,0.0,0.0
23,16,Death Over,1,1,7.0,7,7.0,100.0,7.0,0,0,0,28.57,0.0
23,16,Middle Over,1,1,5.0,3,5.0,166.67,5.0,1,0,0,33.33,33.33
35,16,Death Over,1,1,1.0,2,1.0,50.0,1.0,0,0,1,50.0,0.0
35,16,Middle Over,9,9,120.0,86,13.33,139.53,48.0,14,3,8,32.56,19.77
35,16,Powerplay Over,15,15,333.0,237,22.2,140.51,45.0,40,15,6,40.93,23.21
38,16,Death Over,2,2,1.0,2,0.5,50.0,1.0,0,0,1,50.0,0.0
48,16,Death Over,1,1,25.0,8,25.0,312.5,25.0,3,2,1,25.0,62.5
48,16,Middle Over,2,2,33.0,35,16.5,94.29,17.0,3,0,1,37.14,8.57
48,16,Powerplay Over,2,2,18.0,16,9.0,112.5,13.0,2,1,0,50.0,18.75
49,16,Death Over,6,6,105.0,62,17.5,169.35,33.0,7,6,4,9.68,20.97
49,16,Middle Over,13,13,429.0,279,33.0,153.76,86.0,26,21,7,19.0,16.85
49,16,Powerplay Over,17,17,356.0,241,20.94,147.72,36.0,52,6,5,35.27,24.07
51,16,Death Over,1,1,1.0,5,1.0,20.0,1.0,0,0,0,80.0,0.0
52,16,Death Over,7,7,44.0,32,6.29,137.5,17.0,4,2,6,28.12,18.75
52,16,Middle Over,3,3,8.0,10,2.67,80.0,7.0,1,0,1,50.0,10.0
58,16,Death Over,1,1,9.0,7,9.0,128.57,9.0,1,0,1,14.29,14.29
59,16,Death Over,1,1,2.0,3,2.0,66.67,2.0,0,0,1,33.33,0.0
59,16,Middle Over,3,3,48.0,41,16.0,117.07,32.0,4,1,1,29.27,12.2
59,16,Powerplay Over,3,3,21.0,20,7.0,105.0,18.0,2,1,1,45.0,15.0
60,16,Death Over,4,4,50.0,33,12.5,151.52,28.0,3,4,3,33.33,21.21
60,16,Middle Over,13,13,269.0,197,20.69,136.55,43.0,25,12,9,30.96,18.78
60,16,Powerplay Over,12,12,94.0,73,7.83,128.77,30.0,11,4,1,45.21,20.55
63,16,Death Over,5,5,68.0,32,13.6,212.5,38.0,4,7,3,34.38,34.38
63,16,Middle Over,10,10,249.0,147,24.9,169.39,56.0,13,20,8,25.17,22.45
63,16,Powerplay Over,5,5,83.0,46,16.6,180.43,31.0,12,4,1,43.48,34.78
67,16,Death Over,14,14,187.0,111,13.36,168.47,45.0,11,13,7,22.52,21.62
67,16,Middle Over,7,7,44.0,44,6.29,100.0,15.0,1,2,1,29.55,6.82
69,16,Death Over,7,7,126.0,73,18.0,172.6,39.0,10,10,4,27.4,27.4
69,16,Middle Over,8,8,167.0,136,20.88,122.79,38.0,11,9,3,34.56,14.71
69,16,Powerplay Over,2,2,50.0,17,25.0,294.12,43.0,5,4,1,17.65,52.94
76,16,Death Over,1,1,19.0,8,19.0,237.5,19.0,1,2,0,37.5,37.5
78,16,Death Over,1,1,7.0,6,7.0,116.67,7.0,1,0,1,16.67,16.67
78,16,Middle Over,2,2,7.0,8,3.5,87.5,6.0,1,0,1,50.0,12.5
78,16,Powerplay Over,1,1,1.0,1,1.0,100.0,1.0,0,0,0,0.0,0.0
79,16,Death Over,7,7,77.0,43,11.0,179.07,23.0,7,5,6,30.23,27.91
79,16,Middle Over,6,6,144.0,109,24.0,132.11,37.0,14,6,2,33.03,18.35
79,16,Powerplay Over,3,3,20.0,19,6.67,105.26,8.0,2,1,1,52.63,15.79
82,16,Death Over,3,3,36.0,27,12.0,133.33,23.0,4,0,1,11.11,14.81
82,16,Middle Over,6,6,58.0,45,9.67,128.89,38.0,5,2,4,37.78,15.56
82,16,Powerplay Over,7,7,96.0,87,13.71,110.34,39.0,14,2,4,50.57,18.39
84,16,Death Over,5,5,47.0,38,9.4,123.68,13.0,3,2,3,31.58,13.16
84,16,Middle Over,4,4,84.0,59,21.0,142.37,45.0,7,4,2,35.59,18.64
84,16,Powerplay Over,1,1,8.0,7,8.0,114.29,8.0,0,0,0,28.57,0.0
87,16,Death Over,12,12,280.0,160,23.33,175.0,46.0,19,22,6,28.75,25.62
87,16,Middle Over,12,12,176.0,161,14.67,109.32,34.0,10,6,2,29.19,9.94
87,16,Powerplay Over,2,2,18.0,12,9.0,150.0,12.0,2,1,0,33.33,25.0
89,16,Death Over,8,8,112.0,66,14.0,169.7,25.0,5,10,7,27.27,22.73
89,16,Middle Over,8,8,187.0,124,23.38,150.81,44.0,15,11,4,33.06,20.97
89,16,Powerplay Over,3,3,10.0,15,3.33,66.67,5.0,2,0,2,73.33,13.33
91,16,Death Over,1,1,4.0,3,4.0,133.33,4.0,1,0,1,66.67,33.33
91,16,Middle Over,1,1,18.0,14,18.0,128.57,18.0,1,1,1,35.71,14.29
106,16,Death Over,9,9,146.0,79,16.22,184.81,38.0,11,10,6,22.78,26.58
106,16,Middle Over,11,11,116.0,125,10.55,92.8,19.0,8,2,4,36.8,8.0
106,16,Powerplay Over,3,3,14.0,9,4.67,155.56,12.0,1,1,0,33.33,22.22
115,16,Death Over,1,1,0.0,1,0.0,0.0,0.0,0,0,1,100.0,0.0
116,16,Death Over,9,9,134.0,87,14.89,154.02,36.0,8,12,7,41.38,22.99
116,16,Middle Over,9,9,93.0,75,10.33,124.0,35.0,5,6,5,41.33,14.67
123,16,Death Over,2,2,13.0,10,6.5,130.0,13.0,0,1,1,20.0,10.0
126,16,Middle Over,1,1,6.0,10,6.0,60.0,6.0,0,0,1,40.0,0.0
126,16,Powerplay Over,2,2,6.0,11,3.0,54.55,3.0,0,0,1,45.45,0.0
137,16,Death Over,6,6,35.0,20,5.83,175.0,12.0,4,1,2,10.0,25.0
137,16,Middle Over,2,2,32.0,31,16.0,103.23,30.0,1,2,2,38.71,9.68
137,16,Powerplay Over,1,1,0.0,4,0.0,0.0,0.0,0,0,1,100.0,0.0
139,16,Death Over,3,3,23.0,19,7.67,121.05,18.0,4,0,1,26.32,21.05
141,16,Death Over,3,3,24.0,20,8.0,120.0,9.0,2,1,2,35.0,15.0
141,16,Middle Over,5,5,155.0,118,31.0,131.36,62.0,14,6,2,34.75,16.95
141,16,Powerplay Over,13,13,94.0,79,7.23,118.99,20.0,13,3,8,44.3,20.25
145,16,Death Over,1,1,0.0,1,0.0,0.0,0.0,0,0,1,100.0,0.0
146,16,Death Over,1,1,14.0,10,14.0,140.0,14.0,1,1,0,40.0,20.0
146,16,Middle Over,2,2,34.0,26,17.0,130.77,34.0,3,1,1,19.23,15.38
146,16,Powerplay Over,4,4,45.0,38,11.25,118.42,26.0,8,0,2,50.0,21.05
148,16,Death Over,2,2,5.0,8,2.5,62.5,5.0,1,0,2,50.0,12.5
151,16,Death Over,5,5,74.0,42,14.8,176.19,38.0,6,4,3,19.05,23.81
151,16,Middle Over,10,10,264.0,204,26.4,129.41,53.0,18,8,5,20.1,12.75
151,16,Powerplay Over,14,14,301.0,227,21.5,132.6,42.0,41,4,4,34.36,19.82
162,16,Death Over,1,1,0.0,2,0.0,0.0,0.0,0,0,1,50.0,0.0
162,16,Middle Over,1,1,0.0,8,0.0,0.0,0.0,0,0,1,100.0,0.0
165,16,Death Over,11,11,193.0,114,17.55,169.3,38.0,9,15,6,24.56,21.05
165,16,Middle Over,10,10,99.0,86,9.9,115.12,29.0,3,7,3,36.05,11.63
165,16,Powerplay Over,1,1,7.0,5,7.0,140.0,7.0,0,1,0,60.0,20.0
170,16,Death Over,10,10,107.0,75,10.7,142.67,28.0,11,4,8,33.33,20.0
170,16,Middle Over,8,8,33.0,31,4.12,106.45,13.0,2,1,4,29.03,9.68
172,16,Death Over,1,1,4.0,9,4.0,44.44,4.0,1,0,0,77.78,11.11
172,16,Middle Over,1,1,3.0,3,3.0,100.0,3.0,0,0,0,0.0,0.0
178,16,Death Over,1,1,0.0,1,0.0,0.0,0.0,0,0,0,0.0,0.0
184,16,Death Over,2,2,1.0,2,0.5,50.0,1.0,0,0,2,50.0,0.0
187,16,Death Over,2,2,19.0,13,9.5,146.15,13.0,2,0,0,15.38,15.38
187,16,Middle Over,1,1,0.0,1,0.0,0.0,0.0,0,0,1,100.0,0.0
187,16,Powerplay Over,1,1,4.0,5,4.0,80.0,4.0,1,0,1,80.0,20.0
189,16,Death Over,2,2,15.0,10,7.5,150.0,14.0,0,1,1,30.0,10.0
189,16,Middle Over,1,1,5.0,2,5.0,250.0,5.0,1,0,0,0.0,50.0
194,16,Death Over,2,2,48.0,28,24.0,171.43,27.0,9,0,2,25.0,32.14
194,16,Middle Over,9,9,105.0,101,11.67,103.96,31.0,7,2,8,28.71,8.91
194,16,Powerplay Over,7,7,108.0,77,15.43,140.26,33.0,15,4,1,42.86,24.68
199,16,Death Over,1,1,0.0,1,0.0,0.0,0.0,0,0,1,100.0,0.0
199,16,Middle Over,3,3,7.0,8,2.33,87.5,4.0,1,0,2,62.5,12.5
200,16,Death Over,3,3,26.0,19,8.67,136.84,20.0,3,0,1,5.26,15.79
200,16,Middle Over,2,2,12.0,13,6.0,92.31,11.0,0,1,1,30.77,7.69
200,16,Powerplay Over,2,2,4.0,9,2.0,44.44,2.0,0,0,2,55.56,0.0
213,16,Death Over,2,2,2.0,4,1.0,50.0,1.0,0,0,0,25.0,0.0
215,16,Death Over,2,2,13.0,14,6.5,92.86,9.0,0,0,0,14.29,0.0
215,16,Middle Over,2,2,43.0,33,21.5,130.3,26.0,6,1,2,30.3,21.21
215,16,Powerplay Over,1,1,2.0,2,2.0,100.0,2.0,0,0,0,0.0,0.0
216,16,Middle Over,2,2,14.0,14,7.0,100.0,12.0,1,0,2,21.43,7.14
216,16,Powerplay Over,2,2,2.0,9,1.0,22.22,1.0,0,0,1,77.78,0.0
217,16,Death Over,1,1,1.0,2,1.0,50.0,1.0,0,0,0,50.0,0.0
218,16,Death Over,2,2,14.0,12,7.0,116.67,8.0,2,0,2,41.67,16.67
218,16,Middle Over,4,4,25.0,33,6.25,75.76,20.0,1,0,2,39.39,3.03
218,16,Powerplay Over,3,3,14.0,17,4.67,82.35,8.0,1,1,0,52.94,11.76
220,16,Middle Over,2,2,15.0,15,7.5,100.0,11.0,2,0,2,40.0,13.33
220,16,Powerplay Over,4,4,90.0,68,22.5,132.35,33.0,13,2,2,42.65,22.06
224,16,Middle Over,2,2,6.0,6,3.0,100.0,6.0,0,1,2,66.67,16.67
225,16,Middle Over,1,1,10.0,8,10.0,125.0,10.0,0,1,1,50.0,12.5
225,16,Powerplay Over,3,3,4.0,8,1.33,50.0,2.0,0,0,2,50.0,0.0
228,16,Middle Over,1,1,42.0,25,42.0,168.0,42.0,4,2,1,16.0,24.0
228,16,Powerplay Over,1,1,27.0,24,27.0,112.5,27.0,5,0,0,41.67,20.83
233,16,Death Over,6,6,61.0,43,10.17,141.86,22.0,9,1,4,27.91,23.26
233,16,Middle Over,11,11,304.0,214,27.64,142.06,61.0,26,10,6,22.43,16.82
233,16,Powerplay Over,15,15,307.0,236,20.47,130.08,44.0,42,7,4,38.98,20.76
234,16,Death Over,1,1,13.0,17,13.0,76.47,13.0,2,0,1,58.82,11.76
234,16,Middle Over,1,1,6.0,13,6.0,46.15,6.0,0,0,0,53.85,0.0
243,16,Death Over,2,2,6.0,8,3.0,75.0,5.0,0,0,2,12.5,0.0
243,16,Middle Over,2,2,4.0,9,2.0,44.44,2.0,0,0,1,55.56,0.0
247,16,Death Over,1,1,3.0,4,3.0,75.0,3.0,0,0,1,25.0,0.0
247,16,Middle Over,1,1,13.0,16,13.0,81.25,13.0,2,0,0,56.25,12.5
251,16,Death Over,4,4,17.0,17,4.25,100.0,10.0,0,1,2,29.41,5.88
251,16,Middle Over,1,1,8.0,5,8.0,160.0,8.0,1,0,0,20.0,20.0
255,16,Death Over,7,7,16.0,17,2.29,94.12,7.0,1,1,4,29.41,11.76
255,16,Middle Over,2,2,5.0,7,2.5,71.43,4.0,1,0,1,71.43,14.29
255,16,Powerplay Over,2,2,0.0,4,0.0,0.0,0.0,0,0,2,100.0,0.0
264,16,Death Over,2,2,13.0,8,6.5,162.5,11.0,2,0,2,25.0,25.0
264,16,Middle Over,6,6,44.0,46,7.33,95.65,15.0,0,1,5,26.09,2.17
264,16,Powerplay Over,6,6,27.0,39,4.5,69.23,9.0,1,1,4,46.15,5.13
265,16,Middle Over,5,5,97.0,59,19.4,164.41,56.0,4,9,5,30.51,22.03
265,16,Powerplay Over,13,13,282.0,217,21.69,129.95,54.0,34,13,8,46.54,21.66
268,16,Death Over,6,6,84.0,56,14.0,150.0,27.0,7,4,4,26.79,19.64
268,16,Middle Over,10,10,74.0,59,7.4,125.42,20.0,3,5,6,35.59,13.56
280,16,Death Over,3,3,56.0,32,18.67,175.0,27.0,1,5,3,18.75,18.75
280,16,Middle Over,5,5,58.0,54,11.6,107.41,21.0,5,2,3,35.19,12.96
282,16,Death Over,2,2,6.0,9,3.0,66.67,3.0,0,0,0,33.33,0.0
292,16,Death Over,4,4,9.0,11,2.25,81.82,8.0,0,1,1,45.45,9.09
292,16,Middle Over,1,1,7.0,6,7.0,116.67,7.0,1,0,0,16.67,16.67
297,16,Middle Over,4,4,63.0,49,15.75,128.57,43.0,3,4,4,36.73,14.29
297,16,Powerplay Over,8,8,65.0,48,8.12,135.42,25.0,8,3,4,45.83,22.92
312,16,Death Over,2,2,1.0,11,0.5,9.09,1.0,0,0,0,72.73,0.0
319,16,Death Over,1,1,2.0,2,2.0,100.0,2.0,0,0,0,50.0,0.0
322,16,Death Over,9,9,140.0,75,15.56,186.67,34.0,10,9,4,13.33,25.33
322,16,Middle Over,3,3,12.0,15,4.0,80.0,9.0,1,0,2,46.67,6.67
322,16,Powerplay Over,1,1,0.0,3,0.0,0.0,0.0,0,0,0,100.0,0.0
323,16,Death Over,2,2,30.0,16,15.0,187.5,26.0,3,2,1,31.25,31.25
323,16,Middle Over,4,4,80.0,46,20.0,173.91,48.0,9,3,3,21.74,26.09
323,16,Powerplay Over,7,7,108.0,73,15.43,147.95,36.0,12,5,4,36.99,23.29
327,16,Death Over,5,5,39.0,25,7.8,156.0,19.0,2,3,2,24.0,20.0
327,16,Middle Over,6,6,62.0,50,10.33,124.0,23.0,6,2,4,36.0,16.0
327,16,Powerplay Over,1,1,23.0,17,23.0,135.29,23.0,4,1,1,58.82,29.41
334,16,Death Over,3,3,7.0,10,2.33,70.0,6.0,0,0,0,20.0,0.0
341,16,Death Over,1,1,12.0,6,12.0,200.0,12.0,1,1,1,33.33,33.33
341,16,Middle Over,1,1,5.0,2,5.0,250.0,5.0,1,0,0,0.0,50.0
346,16,Death Over,3,3,24.0,22,8.0,109.09,11.0,3,0,0,36.36,13.64
346,16,Middle Over,1,1,11.0,10,11.0,110.0,11.0,1,0,0,30.0,10.0
350,16,Middle Over,1,1,0.0,2,0.0,0.0,0.0,0,0,1,100.0,0.0
359,16,Death Over,10,10,145.0,102,14.5,142.16,29.0,11,7,5,20.59,17.65
359,16,Middle Over,8,8,109.0,75,13.62,145.33,36.0,6,6,3,24.0,16.0
359,16,Powerplay Over,2,2,5.0,7,2.5,71.43,5.0,1,0,0,57.14,14.29
360,16,Death Over,5,5,33.0,30,6.6,110.0,12.0,3,0,3,26.67,10.0
363,16,Death Over,9,9,102.0,52,11.33,196.15,54.0,7,10,4,32.69,32.69
363,16,Middle Over,2,2,28.0,14,14.0,200.0,25.0,1,3,0,35.71,28.57
367,16,Death Over,5,5,12.0,12,2.4,100.0,4.0,1,0,1,50.0,8.33
367,16,Middle Over,2,2,8.0,16,4.0,50.0,5.0,0,0,2,43.75,0.0
370,16,Death Over,3,3,30.0,33,10.0,90.91,20.0,1,1,2,30.3,6.06
370,16,Middle Over,6,6,107.0,97,17.83,110.31,34.0,8,1,4,29.9,9.28
370,16,Powerplay Over,8,8,137.0,117,17.12,117.09,30.0,19,2,2,41.88,17.95
371,16,Death Over,1,1,2.0,6,2.0,33.33,2.0,0,0,0,50.0,0.0
371,16,Middle Over,1,1,0.0,1,0.0,0.0,0.0,0,0,0,100.0,0.0
372,16,Death Over,2,2,11.0,5,5.5,220.0,10.0,1,1,1,40.0,40.0
373,16,Death Over,1,1,47.0,19,47.0,247.37,47.0,5,4,1,31.58,47.37
373,16,Middle Over,8,8,217.0,161,27.12,134.78,37.0,21,8,6,27.95,18.01
373,16,Powerplay Over,14,14,361.0,217,25.79,166.36,62.0,57,14,5,42.86,32.72
374,16,Death Over,1,1,4.0,3,4.0,133.33,4.0,1,0,0,33.33,33.33
374,16,Middle Over,1,1,0.0,1,0.0,0.0,0.0,0,0,1,100.0,0.0
374,16,Powerplay Over,1,1,7.0,5,7.0,140.0,7.0,0,1,0,60.0,20.0
379,16,Death Over,2,2,3.0,6,1.5,50.0,2.0,0,0,2,33.33,0.0
379,16,Middle Over,2,2,34.0,26,17.0,130.77,29.0,2,2,1,30.77,15.38
383,16,Death Over,1,1,1.0,1,1.0,100.0,1.0,0,0,0,0.0,0.0
389,16,Death Over,4,4,24.0,31,6.0,77.42,12.0,3,0,3,45.16,9.68
389,16,Middle Over,3,3,40.0,29,13.33,137.93,36.0,5,0,2,17.24,17.24
389,16,Powerplay Over,1,1,2.0,2,2.0,100.0,2.0,0,0,0,50.0,0.0
392,16,Death Over,4,4,32.0,31,8.0,103.23,16.0,3,0,4,29.03,9.68
392,16,Middle Over,9,9,185.0,162,20.56,114.2,48.0,16,3,5,27.78,11.73
392,16,Powerplay Over,14,14,299.0,213,21.36,140.38,48.0,50,7,4,46.48,26.76
398,16,Death Over,1,1,9.0,4,9.0,225.0,9.0,0,1,1,25.0,25.0
398,16,Middle Over,4,4,64.0,51,16.0,125.49,37.0,4,3,3,25.49,13.73
398,16,Powerplay Over,4,4,70.0,48,17.5,145.83,24.0,6,4,0,35.42,20.83
399,16,Death Over,6,6,104.0,60,17.33,173.33,34.0,4,7,3,18.33,18.33
399,16,Middle Over,10,10,182.0,136,18.2,133.82,39.0,13,8,5,27.21,15.44
399,16,Powerplay Over,8,8,60.0,58,7.5,103.45,18.0,9,0,3,50.0,15.52
411,16,Death Over,2,2,16.0,11,8.0,145.45,15.0,0,1,1,18.18,9.09
411,16,Middle Over,1,1,2.0,4,2.0,50.0,2.0,0,0,1,50.0,0.0
415,16,Death Over,4,4,63.0,37,15.75,170.27,33.0,3,5,3,18.92,21.62
415,16,Middle Over,11,11,308.0,232,28.0,132.76,47.0,18,12,7,20.69,12.93
415,16,Powerplay Over,14,14,359.0,214,25.64,167.76,45.0,39,19,3,32.24,27.1
420,16,Death Over,3,3,34.0,26,11.33,130.77,17.0,2,3,2,38.46,19.23
420,16,Middle Over,6,6,44.0,42,7.33,104.76,20.0,2,2,4,35.71,9.52
421,16,Death Over,8,8,87.0,46,10.88,189.13,27.0,8,4,2,13.04,26.09
421,16,Middle Over,8,8,198.0,141,24.75,140.43,47.0,8,13,5,29.79,14.89
421,16,Powerplay Over,11,11,167.0,100,15.18,167.0,30.0,24,5,3,28.0,29.0
427,16,Death Over,1,1,1.0,2,1.0,50.0,1.0,0,0,0,50.0,0.0
437,16,Death Over,4,4,74.0,45,18.5,164.44,29.0,5,4,0,17.78,20.0
437,16,Middle Over,4,4,11.0,23,2.75,47.83,9.0,0,0,2,60.87,0.0
437,16,Powerplay Over,1,1,6.0,4,6.0,150.0,6.0,1,0,1,25.0,25.0
438,16,Middle Over,1,1,0.0,1,0.0,0.0,0.0,0,0,1,100.0,0.0
444,16,Death Over,4,4,40.0,25,10.0,160.0,18.0,5,1,2,24.0,24.0
444,16,Middle Over,10,10,190.0,145,19.0,131.03,49.0,12,7,8,22.76,13.1
444,16,Powerplay Over,7,7,18.0,30,2.57,60.0,10.0,1,0,1,60.0,3.33
445,16,Powerplay Over,1,1,4.0,4,4.0,100.0,4.0,1,0,1,75.0,25.0
452,16,Middle Over,5,5,108.0,70,21.6,154.29,61.0,9,6,5,22.86,21.43
452,16,Powerplay Over,7,7,177.0,126,25.29,140.48,48.0,27,6,3,45.24,26.19
454,16,Death Over,5,5,28.0,22,5.6,127.27,8.0,3,1,5,31.82,18.18
454,16,Middle Over,8,8,234.0,152,29.25,153.95,61.0,13,13,3,17.11,17.11
454,16,Powerplay Over,12,12,142.0,114,11.83,124.56,39.0,16,7,6,46.49,20.18
455,16,Death Over,1,1,6.0,7,6.0,85.71,6.0,1,0,1,42.86,14.29
459,16,Death Over,4,4,88.0,41,22.0,214.63,48.0,10,4,3,14.63,34.15
459,16,Middle Over,7,7,194.0,150,27.71,129.33,48.0,11,7,3,24.0,12.0
459,16,Powerplay Over,6,6,80.0,73,13.33,109.59,21.0,12,1,0,41.1,17.81
464,16,Death Over,8,8,54.0,41,6.75,131.71,27.0,4,3,7,36.59,17.07
464,16,Middle Over,6,6,52.0,60,8.67,86.67,20.0,2,3,1,46.67,8.33
464,16,Powerplay Over,1,1,4.0,5,4.0,80.0,4.0,1,0,0,80.0,20.0
465,16,Middle Over,5,5,84.0,74,16.8,113.51,28.0,8,0,4,22.97,10.81
465,16,Powerplay Over,17,17,287.0,223,16.88,128.7,54.0,39,8,12,40.81,21.08
470,16,Death Over,1,1,1.0,2,1.0,50.0,1.0,0,0,1,50.0,0.0
470,16,Middle Over,1,1,0.0,5,0.0,0.0,0.0,0,0,1,100.0,0.0
472,16,Death Over,10,10,31.0,50,3.1,62.0,10.0,2,0,3,50.0,4.0
476,16,Death Over,1,1,10.0,6,10.0,166.67,10.0,0,1,1,16.67,16.67
476,16,Middle Over,6,6,114.0,92,19.0,123.91,52.0,8,3,5,20.65,11.96
476,16,Powerplay Over,9,9,146.0,121,16.22,120.66,28.0,21,2,4,37.19,19.01
482,16,Death Over,2,2,6.0,12,3.0,50.0,4.0,0,0,2,41.67,0.0
482,16,Middle Over,1,1,0.0,1,0.0,0.0,0.0,0,0,0,100.0,0.0
485,16,Death Over,1,1,2.0,2,2.0,100.0,2.0,0,0,1,50.0,0.0
485,16,Middle Over,1,1,1.0,3,1.0,33.33,1.0,0,0,1,66.67,0.0
488,16,Death Over,7,7,120.0,80,17.14,150.0,28.0,7,9,4,32.5,20.0
488,16,Middle Over,6,6,49.0,51,8.17,96.08,19.0,3,2,1,41.18,9.8
489,16,Death Over,1,1,2.0,4,2.0,50.0,2.0,0,0,0,50.0,0.0
490,16,Death Over,1,1,34.0,12,34.0,283.33,34.0,3,3,0,8.33,50.0
490,16,Middle Over,11,11,167.0,121,15.18,138.02,37.0,9,6,10,19.01,12.4
490,16,Powerplay Over,6,6,125.0,60,20.83,208.33,53.0,12,7,0,20.0,31.67
493,16,Death Over,2,2,4.0,4,2.0,100.0,3.0,0,0,0,25.0,0.0
495,16,Death Over,2,2,7.0,6,3.5,116.67,7.0,1,0,1,33.33,16.67
495,16,Middle Over,1,1,1.0,3,1.0,33.33,1.0,0,0,1,66.67,0.0
501,16,Middle Over,1,1,28.0,21,28.0,133.33,28.0,4,0,1,28.57,19.05
501,16,Powerplay Over,8,8,78.0,69,9.75,113.04,26.0,12,1,7,43.48,18.84
502,16,Death Over,3,3,44.0,23,14.67,191.3,26.0,4,3,2,26.09,30.43
502,16,Middle Over,13,13,242.0,163,18.62,148.47,56.0,11,18,8,28.83,17.79
502,16,Powerplay Over,7,7,76.0,54,10.86,140.74,25.0,10,3,2,48.15,24.07
504,16,Death Over,2,2,80.0,46,40.0,173.91,52.0,6,7,0,36.96,28.26
504,16,Middle Over,5,5,134.0,106,26.8,126.42,44.0,17,2,4,30.19,17.92
504,16,Powerplay Over,11,11,159.0,123,14.45,129.27,28.0,26,3,6,43.09,23.58
508,16,Death Over,5,5,36.0,28,7.2,128.57,17.0,1,3,2,21.43,14.29
508,16,Middle Over,2,2,25.0,16,12.5,156.25,23.0,1,2,2,25.0,18.75
520,16,Death Over,10,10,143.0,86,14.3,166.28,39.0,12,8,5,22.09,23.26
520,16,Middle Over,3,3,13.0,14,4.33,92.86,7.0,1,1,2,64.29,14.29
522,16,Death Over,11,11,104.0,62,9.45,167.74,32.0,3,10,3,20.97,20.97
522,16,Middle Over,1,1,0.0,1,0.0,0.0,0.0,0,0,1,100.0,0.0
526,16,Death Over,4,4,45.0,35,11.25,128.57,22.0,3,1,3,17.14,11.43
526,16,Middle Over,2,2,4.0,9,2.0,44.44,3.0,0,0,0,33.33,0.0
531,16,Death Over,2,2,19.0,16,9.5,118.75,19.0,0,2,2,37.5,12.5
531,16,Middle Over,2,2,16.0,16,8.0,100.0,10.0,1,0,1,37.5,6.25
532,16,Death Over,1,1,0.0,7,0.0,0.0,0.0,0,0,1,100.0,0.0
533,16,Death Over,1,1,34.0,16,34.0,212.5,34.0,5,1,1,25.0,37.5
533,16,Middle Over,6,6,105.0,70,17.5,150.0,48.0,3,9,5,28.57,17.14
533,16,Powerplay Over,14,14,219.0,159,15.64,137.74,45.0,30,9,9,47.8,24.53
537,16,Death Over,3,3,49.0,29,16.33,168.97,24.0,7,1,3,20.69,27.59
537,16,Middle Over,6,6,158.0,118,26.33,133.9,57.0,10,7,4,22.88,14.41
537,16,Powerplay Over,14,14,185.0,151,13.21,122.52,54.0,25,6,8,43.71,20.53
545,16,Death Over,5,5,24.0,32,4.8,75.0,10.0,2,0,3,40.62,6.25
545,16,Middle Over,2,2,18.0,17,9.0,105.88,17.0,2,0,0,35.29,11.76
546,16,Death Over,5,5,20.0,15,4.0,133.33,10.0,2,1,2,13.33,20.0
546,16,Middle Over,8,8,139.0,123,17.38,113.01,35.0,9,5,6,35.77,11.38
546,16,Powerplay Over,5,5,29.0,34,5.8,85.29,14.0,4,0,3,58.82,11.76
554,16,Death Over,2,2,12.0,13,6.0,92.31,10.0,0,0,2,23.08,0.0
554,16,Middle Over,7,7,111.0,101,15.86,109.9,39.0,9,3,5,33.66,11.88
554,16,Powerplay Over,5,5,37.0,35,7.4,105.71,17.0,6,0,3,48.57,17.14
564,16,Death Over,5,5,18.0,19,3.6,94.74,6.0,1,0,2,31.58,5.26
564,16,Middle Over,1,1,1.0,1,1.0,100.0,1.0,0,0,0,0.0,0.0
566,16,Death Over,1,1,1.0,2,1.0,50.0,1.0,0,0,0,50.0,0.0
569,16,Death Over,9,9,163.0,91,18.11,179.12,33.0,11,11,7,17.58,24.18
569,16,Middle Over,10,10,249.0,153,24.9,162.75,53.0,16,13,2,18.3,18.95
569,16,Powerplay Over,2,2,36.0,18,18.0,200.0,20.0,5,1,0,22.22,33.33
571,16,Death Over,2,2,8.0,12,4.0,66.67,7.0,1,0,2,50.0,8.33
571,16,Middle Over,2,2,24.0,18,12.0,133.33,20.0,0,2,2,27.78,11.11
571,16,Powerplay Over,1,1,1.0,1,1.0,100.0,1.0,0,0,0,0.0,0.0
579,16,Powerplay Over,1,1,10.0,11,10.0,90.91,10.0,1,0,1,36.36,9.09
581,16,Middle Over,4,4,84.0,66,21.0,127.27,34.0,8,1,3,24.24,13.64
581,16,Powerplay Over,7,7,102.0,70,14.57,145.71,32.0,12,5,3,38.57,24.29
625,16,Death Over,7,7,52.0,41,7.43,126.83,26.0,8,0,6,31.71,19.51
625,16,Middle Over,3,3,61.0,27,20.33,225.93,42.0,5,4,1,11.11,33.33
625,16,Powerplay Over,1,1,0.0,4,0.0,0.0,0.0,0,0,1,100.0,0.0
629,16,Death Over,8,8,143.0,96,17.88,148.96,41.0,7,8,5,18.75,15.62
629,16,Middle Over,7,7,87.0,75,12.43,116.0,39.0,5,4,3,32.0,12.0
629,16,Powerplay Over,2,2,8.0,15,4.0,53.33,4.0,1,0,1,66.67,6.67
631,16,Death Over,8,8,109.0,51,13.62,213.73,57.0,12,7,6,29.41,37.25
631,16,Middle Over,15,15,450.0,251,30.0,179.28,66.0,49,20,8,23.9,27.49
631,16,Powerplay Over,6,6,46.0,38,7.67,121.05,13.0,4,1,0,36.84,13.16
632,16,Death Over,2,2,15.0,13,7.5,115.38,12.0,0,1,1,23.08,7.69
632,16,Middle Over,11,11,230.0,153,20.91,150.33,57.0,11,15,8,28.1,16.99
632,16,Powerplay Over,15,15,345.0,245,23.0,140.82,46.0,35,14,4,33.47,20.0
638,16,Death Over,4,4,46.0,35,11.5,131.43,22.0,6,0,2,22.86,17.14
638,16,Middle Over,3,3,14.0,27,4.67,51.85,11.0,0,0,1,44.44,0.0
639,16,Death Over,1,1,0.0,2,0.0,0.0,0.0,0,0,0,100.0,0.0
644,16,Death Over,7,7,120.0,59,17.14,203.39,55.0,6,12,6,28.81,30.51
644,16,Middle Over,14,14,239.0,190,17.07,125.79,54.0,15,13,8,31.58,14.74
644,16,Powerplay Over,5,5,49.0,32,9.8,153.12,28.0,7,2,0,50.0,28.12
645,16,Powerplay Over,1,1,10.0,15,10.0,66.67,10.0,1,0,1,53.33,6.67
648,16,Death Over,2,2,9.0,9,4.5,100.0,9.0,1,0,1,33.33,11.11
648,16,Middle Over,2,2,17.0,16,8.5,106.25,17.0,1,1,1,50.0,12.5
648,16,Powerplay Over,1,1,0.0,1,0.0,0.0,0.0,0,0,0,100.0,0.0
653,16,Death Over,2,2,46.0,23,23.0,200.0,37.0,3,3,0,8.7,26.09
653,16,Middle Over,6,6,126.0,94,21.0,134.04,45.0,9,7,4,37.23,17.02
653,16,Powerplay Over,4,4,37.0,31,9.25,119.35,15.0,5,1,3,45.16,19.35
655,16,Death Over,12,12,175.0,108,14.58,162.04,44.0,11,12,8,24.07,21.3
655,16,Middle Over,13,13,176.0,106,13.54,166.04,55.0,15,13,3,36.79,26.42
655,16,Powerplay Over,1,1,7.0,3,7.0,233.33,7.0,0,1,0,33.33,33.33
656,16,Death Over,8,8,158.0,98,19.75,161.22,36.0,10,10,5,19.39,20.41
656,16,Middle Over,10,10,123.0,113,12.3,108.85,25.0,11,5,5,39.82,14.16
656,16,Powerplay Over,1,1,2.0,5,2.0,40.0,2.0,0,0,0,60.0,0.0
660,16,Death Over,1,1,2.0,6,2.0,33.33,2.0,0,0,1,50.0,0.0
664,16,Death Over,2,2,16.0,15,8.0,106.67,14.0,2,0,2,40.0,13.33
664,16,Middle Over,2,2,9.0,16,4.5,56.25,6.0,0,0,0,50.0,0.0
666,16,Middle Over,2,2,26.0,23,13.0,113.04,16.0,4,0,2,47.83,17.39
666,16,Powerplay Over,6,6,63.0,61,10.5,103.28,20.0,10,1,4,50.82,18.03
679,16,Death Over,8,8,70.0,42,8.75,166.67,20.0,2,7,2,26.19,21.43
679,16,Middle Over,2,2,17.0,19,8.5,89.47,14.0,1,0,2,26.32,5.26
681,16,Death Over,2,2,4.0,6,2.0,66.67,4.0,1,0,1,83.33,16.67
685,16,Death Over,2,2,0.0,2,0.0,0.0,0.0,0,0,1,100.0,0.0
690,16,Death Over,3,3,15.0,17,5.0,88.24,12.0,2,0,1,23.53,11.76
690,16,Middle Over,2,2,1.0,5,0.5,20.0,1.0,0,0,1,80.0,0.0
693,16,Death Over,2,2,3.0,2,1.5,150.0,2.0,0,0,0,0.0,0.0
697,16,Death Over,7,7,130.0,80,18.57,162.5,30.0,4,11,5,22.5,18.75
697,16,Middle Over,14,14,288.0,197,20.57,146.19,40.0,8,24,6,28.43,16.24
702,16,Death Over,3,3,31.0,15,10.33,206.67,25.0,2,3,3,40.0,33.33
702,16,Middle Over,2,2,8.0,7,4.0,114.29,8.0,0,1,2,57.14,14.29
705,16,Death Over,1,1,4.0,5,4.0,80.0,4.0,1,0,1,80.0,20.0
705,16,Middle Over,5,5,94.0,68,18.8,138.24,41.0,10,3,4,26.47,19.12
705,16,Powerplay Over,16,16,234.0,185,14.62,126.49,37.0,24,14,11,47.57,20.54
712,16,Death Over,1,1,0.0,1,0.0,0.0,0.0,0,0,0,0.0,0.0
717,16,Death Over,4,4,103.0,43,25.75,239.53,47.0,4,12,3,25.58,37.21
717,16,Middle Over,6,6,148.0,104,24.67,142.31,47.0,11,7,3,24.04,17.31
717,16,Powerplay Over,4,4,28.0,28,7.0,100.0,15.0,5,0,3,53.57,17.86
733,16,Death Over,1,1,29.0,14,29.0,207.14,29.0,3,2,1,14.29,35.71
733,16,Middle Over,6,6,80.0,61,13.33,131.15,37.0,6,3,5,24.59,14.75
733,16,Powerplay Over,8,8,117.0,91,14.62,128.57,43.0,19,1,5,39.56,21.98
734,16,Death Over,3,3,21.0,14,7.0,150.0,18.0,2,1,0,21.43,21.43
740,16,Death Over,1,1,16.0,11,16.0,145.45,16.0,1,1,0,27.27,18.18
744,16,Death Over,7,7,37.0,29,5.29,127.59,23.0,6,0,2,31.03,20.69
746,16,Death Over,1,1,1.0,2,1.0,50.0,1.0,0,0,1,50.0,0.0
746,16,Middle Over,1,1,11.0,7,11.0,157.14,11.0,1,0,0,0.0,14.29
746,16,Powerplay Over,1,1,10.0,14,10.0,71.43,10.0,0,0,2,50.0,0.0
747,16,Middle Over,2,2,10.0,15,5.0,66.67,9.0,0,0,2,33.33,0.0
747,16,Powerplay Over,6,6,107.0,84,17.83,127.38,35.0,15,4,4,45.24,22.62
749,16,Death Over,5,5,38.0,35,7.6,108.57,25.0,6,0,3,25.71,17.14
749,16,Middle Over,7,7,94.0,56,13.43,167.86,34.0,3,8,4,23.21,19.64
749,16,Powerplay Over,3,3,3.0,10,1.0,30.0,3.0,0,0,1,60.0,0.0
755,16,Death Over,2,2,1.0,2,0.5,50.0,1.0,0,0,1,50.0,0.0
755,16,Middle Over,1,1,11.0,10,11.0,110.0,11.0,0,1,1,30.0,10.0
767,16,Death Over,4,4,122.0,50,30.5,244.0,60.0,6,12,2,12.0,36.0
767,16,Middle Over,9,9,128.0,115,14.22,111.3,37.0,12,2,5,26.96,12.17
767,16,Powerplay Over,3,3,51.0,34,17.0,150.0,29.0,9,1,1,44.12,29.41
772,16,Death Over,1,1,1.0,1,1.0,100.0,1.0,0,0,0,0.0,0.0
775,16,Death Over,1,1,0.0,1,0.0,0.0,0.0,0,0,1,100.0,0.0
775,16,Middle Over,3,3,82.0,59,27.33,138.98,42.0,5,5,2,32.2,16.95
775,16,Powerplay Over,10,10,145.0,118,14.5,122.88,39.0,12,10,8,47.46,18.64
779,16,Death Over,3,3,21.0,11,7.0,190.91,12.0,0,3,1,36.36,27.27
6,17,Death Over,9,9,141.0,86,15.67,163.95,34.0,9,7,4,16.28,18.6
6,17,Middle Over,10,10,118.0,95,11.8,124.21,32.0,12,1,2,25.26,13.68
6,17,Powerplay Over,2,2,8.0,10,4.0,80.0,8.0,1,0,0,50.0,10.0
16,17,Death Over,2,2,2.0,4,1.0,50.0,1.0,0,0,1,25.0,0.0
16,17,Middle Over,1,1,16.0,11,16.0,145.45,16.0,1,1,0,27.27,18.18
18,17,Death Over,2,2,10.0,5,5.0,200.0,7.0,1,0,0,0.0,20.0
24,17,Death Over,1,1,28.0,5,28.0,560.0,28.0,1,4,0,0.0,100.0
24,17,Middle Over,6,6,129.0,79,21.5,163.29,67.0,9,9,4,27.85,22.78
24,17,Powerplay Over,7,7,73.0,49,10.43,148.98,40.0,6,5,2,42.86,22.45
33,17,Death Over,2,2,6.0,4,3.0,150.0,4.0,1,0,2,50.0,25.0
33,17,Middle Over,4,4,36.0,30,9.0,120.0,17.0,1,2,2,26.67,10.0
35,17,Death Over,1,1,7.0,7,7.0,100.0,7.0,1,0,1,28.57,14.29
35,17,Middle Over,6,6,74.0,62,12.33,119.35,27.0,5,3,5,32.26,12.9
35,17,Powerplay Over,13,13,239.0,153,18.38,156.21,55.0,29,13,8,39.22,27.45
38,17,Death Over,1,1,12.0,9,12.0,133.33,12.0,0,2,1,66.67,22.22
48,17,Death Over,1,1,11.0,14,11.0,78.57,11.0,0,0,1,28.57,0.0
48,17,Middle Over,2,2,4.0,7,2.0,57.14,3.0,0,0,1,42.86,0.0
48,17,Powerplay Over,1,1,12.0,13,12.0,92.31,12.0,2,0,0,61.54,15.38
49,17,Death Over,3,3,53.0,30,17.67,176.67,34.0,4,2,2,10.0,20.0
49,17,Middle Over,7,7,179.0,115,25.57,155.65,64.0,13,5,4,15.65,15.65
49,17,Powerplay Over,12,12,194.0,150,16.17,129.33,29.0,20,8,5,39.33,18.67
52,17,Death Over,7,7,64.0,49,9.14,130.61,29.0,6,2,2,24.49,16.33
52,17,Middle Over,2,2,11.0,10,5.5,110.0,10.0,2,0,0,40.0,20.0
58,17,Death Over,5,5,24.0,22,4.8,109.09,8.0,2,1,2,36.36,13.64
58,17,Middle Over,1,1,0.0,5,0.0,0.0,0.0,0,0,0,100.0,0.0
60,17,Middle Over,2,2,30.0,21,15.0,142.86,28.0,3,1,2,23.81,19.05
60,17,Powerplay Over,2,2,12.0,14,6.0,85.71,7.0,2,0,0,50.0,14.29
63,17,Death Over,1,1,16.0,5,16.0,320.0,16.0,2,1,1,20.0,60.0
63,17,Middle Over,6,6,36.0,38,6.0,94.74,28.0,4,1,6,42.11,13.16
63,17,Powerplay Over,2,2,0.0,3,0.0,0.0,0.0,0,0,2,100.0,0.0
67,17,Death Over,10,10,205.0,127,20.5,161.42,41.0,13,14,7,23.62,21.26
67,17,Middle Over,6,6,36.0,41,6.0,87.8,11.0,1,1,1,29.27,4.88
69,17,Death Over,7,7,73.0,44,10.43,165.91,17.0,3,6,4,22.73,20.45
69,17,Middle Over,12,12,303.0,201,25.25,150.75,60.0,29,12,5,23.88,20.4
69,17,Powerplay Over,7,7,40.0,46,5.71,86.96,12.0,3,1,1,43.48,8.7
77,17,Middle Over,1,1,3.0,7,3.0,42.86,3.0,0,0,1,57.14,0.0
77,17,Powerplay Over,1,1,0.0,2,0.0,0.0,0.0,0,0,1,100.0,0.0
79,17,Death Over,2,2,22.0,13,11.0,169.23,13.0,1,2,2,30.77,23.08
79,17,Middle Over,6,6,86.0,74,14.33,116.22,36.0,8,4,4,36.49,16.22
79,17,Powerplay Over,1,1,1.0,3,1.0,33.33,1.0,0,0,0,66.67,0.0
84,17,Middle Over,2,2,43.0,37,21.5,116.22,28.0,2,2,2,35.14,10.81
84,17,Powerplay Over,1,1,0.0,2,0.0,0.0,0.0,0,0,0,100.0,0.0
87,17,Death Over,8,8,86.0,51,10.75,168.63,26.0,7,5,6,23.53,23.53
87,17,Middle Over,7,7,73.0,59,10.43,123.73,24.0,4,3,3,32.2,11.86
87,17,Powerplay Over,1,1,9.0,7,9.0,128.57,9.0,2,0,0,57.14,28.57
89,17,Death Over,7,7,69.0,40,9.86,172.5,32.0,3,6,6,30.0,22.5
89,17,Middle Over,11,11,118.0,107,10.73,110.28,22.0,6,6,5,36.45,11.21
92,17,Death Over,1,1,9.0,3,9.0,300.0,9.0,0,1,0,0.0,33.33
103,17,Death Over,7,7,68.0,29,9.71,234.48,25.0,3,7,2,20.69,34.48
103,17,Middle Over,3,3,57.0,35,19.0,162.86,35.0,2,5,2,31.43,20.0
106,17,Death Over,6,6,67.0,54,11.17,124.07,24.0,6,3,4,25.93,16.67
106,17,Middle Over,10,10,162.0,131,16.2,123.66,37.0,13,3,6,25.19,12.21
106,17,Powerplay Over,6,6,41.0,45,6.83,91.11,15.0,5,0,1,40.0,11.11
115,17,Middle Over,1,1,12.0,11,12.0,109.09,12.0,0,1,1,36.36,9.09
116,17,Death Over,7,7,135.0,80,19.29,168.75,62.0,11,11,4,21.25,27.5
116,17,Middle Over,7,7,87.0,61,12.43,142.62,24.0,9,5,2,36.07,22.95
120,17,Middle Over,1,1,1.0,3,1.0,33.33,1.0,0,0,1,66.67,0.0
120,17,Powerplay Over,3,3,47.0,51,15.67,92.16,20.0,7,1,2,58.82,15.69
123,17,Death Over,2,2,1.0,3,0.5,33.33,1.0,0,0,1,66.67,0.0
125,17,Death Over,1,1,2.0,3,2.0,66.67,2.0,0,0,0,33.33,0.0
137,17,Death Over,3,3,5.0,6,1.67,83.33,2.0,0,0,1,16.67,0.0
137,17,Middle Over,5,5,81.0,70,16.2,115.71,29.0,5,4,5,34.29,12.86
141,17,Middle Over,3,3,61.0,50,20.33,122.0,31.0,4,2,2,22.0,12.0
141,17,Powerplay Over,6,6,104.0,71,17.33,146.48,37.0,14,4,3,35.21,25.35
151,17,Death Over,5,5,97.0,57,19.4,170.18,40.0,10,5,3,22.81,26.32
151,17,Middle Over,11,11,271.0,201,24.64,134.83,45.0,16,12,6,23.38,13.93
151,17,Powerplay Over,15,15,373.0,239,24.87,156.07,42.0,36,21,4,33.89,23.85
162,17,Death Over,2,2,20.0,14,10.0,142.86,15.0,3,1,1,57.14,28.57
162,17,Middle Over,1,1,1.0,1,1.0,100.0,1.0,0,0,0,0.0,0.0
165,17,Death Over,7,7,96.0,52,13.71,184.62,27.0,7,7,3,23.08,26.92
165,17,Middle Over,5,5,17.0,20,3.4,85.0,7.0,2,0,2,35.0,10.0
170,17,Death Over,12,12,249.0,134,20.75,185.82,47.0,19,20,9,22.39,29.1
170,17,Middle Over,7,7,77.0,61,11.0,126.23,36.0,8,2,0,27.87,16.39
178,17,Death Over,1,1,0.0,1,0.0,0.0,0.0,0,0,1,100.0,0.0
178,17,Middle Over,1,1,2.0,15,2.0,13.33,2.0,0,0,1,73.33,0.0
182,17,Death Over,2,2,17.0,14,8.5,121.43,9.0,1,1,2,35.71,14.29
182,17,Middle Over,2,2,1.0,2,0.5,50.0,1.0,0,0,1,50.0,0.0
183,17,Death Over,1,1,7.0,5,7.0,140.0,7.0,0,0,0,0.0,0.0
184,17,Death Over,2,2,19.0,10,9.5,190.0,13.0,1,2,2,50.0,30.0
184,17,Middle Over,2,2,2.0,4,1.0,50.0,1.0,0,0,0,50.0,0.0
187,17,Death Over,1,1,3.0,3,3.0,100.0,3.0,0,0,0,0.0,0.0
194,17,Middle Over,2,2,16.0,27,8.0,59.26,11.0,0,0,2,29.63,0.0
194,17,Powerplay Over,7,7,22.0,33,3.14,66.67,9.0,3,0,5,60.61,9.09
197,17,Death Over,1,1,11.0,10,11.0,110.0,11.0,1,0,0,40.0,10.0
197,17,Middle Over,4,4,94.0,54,23.5,174.07,41.0,2,8,4,18.52,18.52
197,17,Powerplay Over,7,7,78.0,61,11.14,127.87,25.0,9,4,4,50.82,21.31
199,17,Death Over,6,6,95.0,55,15.83,172.73,27.0,9,6,5,32.73,27.27
199,17,Middle Over,3,3,8.0,16,2.67,50.0,4.0,1,0,1,68.75,6.25
200,17,Death Over,10,10,129.0,91,12.9,141.76,35.0,5,10,8,30.77,16.48
200,17,Middle Over,8,8,83.0,79,10.38,105.06,24.0,2,3,1,27.85,6.33
200,17,Powerplay Over,2,2,3.0,3,1.5,100.0,3.0,0,0,1,33.33,0.0
213,17,Death Over,2,2,2.0,5,1.0,40.0,2.0,0,0,2,60.0,0.0
213,17,Middle Over,2,2,12.0,13,6.0,92.31,9.0,1,0,1,23.08,7.69
220,17,Powerplay Over,2,2,5.0,7,2.5,71.43,5.0,1,0,2,57.14,14.29
224,17,Death Over,3,3,1.0,6,0.33,16.67,1.0,0,0,2,83.33,0.0
224,17,Middle Over,1,1,12.0,13,12.0,92.31,12.0,1,1,1,69.23,15.38
251,17,Death Over,5,5,12.0,9,2.4,133.33,10.0,1,1,3,44.44,22.22
251,17,Middle Over,1,1,3.0,6,3.0,50.0,3.0,0,0,1,50.0,0.0
253,17,Middle Over,1,1,4.0,7,4.0,57.14,4.0,0,0,1,28.57,0.0
255,17,Death Over,1,1,30.0,14,30.0,214.29,30.0,4,2,1,28.57,42.86
255,17,Middle Over,8,8,177.0,105,22.12,168.57,56.0,13,14,7,27.62,25.71
255,17,Powerplay Over,14,14,281.0,173,20.07,162.43,52.0,33,17,5,37.57,28.9
258,17,Death Over,9,9,135.0,64,15.0,210.94,49.0,9,11,3,14.06,31.25
258,17,Middle Over,10,10,185.0,133,18.5,139.1,48.0,13,10,3,27.07,17.29
258,17,Powerplay Over,4,4,34.0,28,8.5,121.43,18.0,6,0,1,35.71,21.43
263,17,Death Over,4,4,12.0,12,3.0,100.0,8.0,1,0,0,33.33,8.33
264,17,Death Over,1,1,17.0,6,17.0,283.33,17.0,2,1,0,16.67,50.0
264,17,Middle Over,6,6,84.0,71,14.0,118.31,32.0,8,1,6,26.76,12.68
264,17,Powerplay Over,4,4,44.0,30,11.0,146.67,18.0,6,1,2,36.67,23.33
267,17,Death Over,7,7,133.0,63,19.0,211.11,54.0,9,11,6,22.22,31.75
267,17,Middle Over,12,12,287.0,212,23.92,135.38,48.0,25,12,5,31.13,17.45
267,17,Powerplay Over,5,5,26.0,21,5.2,123.81,13.0,2,2,0,42.86,19.05
280,17,Middle Over,2,2,9.0,10,4.5,90.0,8.0,1,0,2,50.0,10.0
280,17,Powerplay Over,1,1,0.0,6,0.0,0.0,0.0,0,0,0,100.0,0.0
287,17,Death Over,3,3,33.0,16,11.0,206.25,15.0,4,2,2,37.5,37.5
287,17,Middle Over,3,3,18.0,27,6.0,66.67,17.0,0,0,2,48.15,0.0
292,17,Death Over,4,4,14.0,16,3.5,87.5,12.0,2,0,1,56.25,12.5
297,17,Middle Over,1,1,18.0,13,18.0,138.46,18.0,2,1,1,38.46,23.08
297,17,Powerplay Over,3,3,43.0,28,14.33,153.57,23.0,7,2,3,42.86,32.14
299,17,Death Over,2,2,20.0,15,10.0,133.33,18.0,1,2,2,26.67,20.0
299,17,Middle Over,12,12,312.0,183,26.0,170.49,50.0,9,30,11,25.14,21.31
299,17,Powerplay Over,7,7,63.0,39,9.0,161.54,22.0,11,1,1,38.46,30.77
301,17,Death Over,1,1,2.0,2,2.0,100.0,2.0,0,0,0,0.0,0.0
310,17,Middle Over,3,3,53.0,29,17.67,182.76,38.0,1,5,3,13.79,20.69
310,17,Powerplay Over,10,10,169.0,117,16.9,144.44,46.0,21,7,6,36.75,23.93
319,17,Death Over,1,1,4.0,4,4.0,100.0,4.0,1,0,1,50.0,25.0
322,17,Death Over,8,8,114.0,80,14.25,142.5,32.0,11,4,5,28.75,18.75
322,17,Middle Over,8,8,81.0,64,10.12,126.56,39.0,7,3,2,34.38,15.62
323,17,Death Over,1,1,5.0,3,5.0,166.67,5.0,1,0,0,33.33,33.33
323,17,Middle Over,5,5,134.0,78,26.8,171.79,54.0,13,7,4,24.36,25.64
323,17,Powerplay Over,12,12,296.0,169,24.67,175.15,60.0,36,17,8,34.32,31.36
324,17,Death Over,1,1,1.0,1,1.0,100.0,1.0,0,0,0,0.0,0.0
327,17,Death Over,2,2,38.0,22,19.0,172.73,23.0,1,4,2,22.73,22.73
327,17,Middle Over,4,4,72.0,69,18.0,104.35,38.0,3,4,3,33.33,10.14
327,17,Powerplay Over,1,1,18.0,14,18.0,128.57,18.0,3,0,0,28.57,21.43
331,17,Death Over,1,1,0.0,1,0.0,0.0,0.0,0,0,1,100.0,0.0
331,17,Middle Over,2,2,53.0,38,26.5,139.47,40.0,2,4,1,36.84,15.79
331,17,Powerplay Over,3,3,16.0,21,5.33,76.19,10.0,1,1,1,57.14,9.52
332,17,Death Over,2,2,2.0,11,1.0,18.18,2.0,0,0,2,63.64,0.0
332,17,Middle Over,2,2,16.0,13,8.0,123.08,9.0,2,1,0,38.46,23.08
332,17,Powerplay Over,1,1,0.0,2,0.0,0.0,0.0,0,0,0,100.0,0.0
334,17,Death Over,2,2,3.0,10,1.5,30.0,3.0,0,0,1,60.0,0.0
337,17,Middle Over,1,1,2.0,5,2.0,40.0,2.0,0,0,1,60.0,0.0
339,17,Death Over,1,1,5.0,4,5.0,125.0,5.0,1,0,1,50.0,25.0
341,17,Death Over,1,1,2.0,2,2.0,100.0,2.0,0,0,0,0.0,0.0
342,17,Death Over,5,5,9.0,11,1.8,81.82,6.0,1,0,2,45.45,9.09
354,17,Death Over,1,1,3.0,6,3.0,50.0,3.0,0,0,0,50.0,0.0
358,17,Death Over,1,1,11.0,6,11.0,183.33,11.0,0,1,0,16.67,16.67
358,17,Middle Over,5,5,118.0,72,23.6,163.89,61.0,8,9,4,37.5,23.61
358,17,Powerplay Over,11,11,169.0,119,15.36,142.02,36.0,25,4,6,36.13,24.37
359,17,Death Over,5,5,110.0,61,22.0,180.33,31.0,10,6,3,19.67,26.23
359,17,Middle Over,7,7,94.0,79,13.43,118.99,26.0,9,2,3,24.05,13.92
359,17,Powerplay Over,2,2,6.0,9,3.0,66.67,4.0,1,0,1,77.78,11.11
363,17,Death Over,7,7,70.0,48,10.0,145.83,24.0,9,2,4,27.08,22.92
363,17,Middle Over,3,3,32.0,27,10.67,118.52,22.0,2,1,1,37.04,11.11
366,17,Middle Over,3,3,64.0,38,21.33,168.42,39.0,1,7,3,34.21,21.05
366,17,Powerplay Over,9,9,266.0,112,29.56,237.5,78.0,31,21,5,31.25,46.43
367,17,Death Over,3,3,3.0,5,1.0,60.0,2.0,0,0,2,40.0,0.0
367,17,Middle Over,1,1,1.0,1,1.0,100.0,1.0,0,0,0,0.0,0.0
370,17,Death Over,4,4,24.0,21,6.0,114.29,9.0,3,0,4,28.57,14.29
370,17,Middle Over,10,10,223.0,161,22.3,138.51,51.0,17,6,6,19.25,14.29
370,17,Powerplay Over,14,14,273.0,216,19.5,126.39,34.0,25,13,4,37.04,17.59
373,17,Death Over,1,1,17.0,13,17.0,130.77,17.0,1,1,0,30.77,15.38
373,17,Middle Over,7,7,136.0,88,19.43,154.55,56.0,9,7,6,21.59,18.18
373,17,Powerplay Over,15,15,282.0,187,18.8,150.8,33.0,44,8,8,42.78,27.81
374,17,Death Over,2,2,14.0,12,7.0,116.67,8.0,1,0,0,8.33,8.33
374,17,Middle Over,1,1,0.0,1,0.0,0.0,0.0,0,0,1,100.0,0.0
383,17,Death Over,2,2,1.0,8,0.5,12.5,1.0,0,0,0,75.0,0.0
384,17,Death Over,1,1,1.0,2,1.0,50.0,1.0,0,0,1,50.0,0.0
389,17,Death Over,1,1,3.0,4,3.0,75.0,3.0,0,0,1,50.0,0.0
389,17,Middle Over,1,1,7.0,8,7.0,87.5,7.0,1,0,1,50.0,12.5
392,17,Middle Over,3,3,43.0,38,14.33,113.16,19.0,5,1,3,36.84,15.79
392,17,Powerplay Over,8,8,125.0,92,15.62,135.87,35.0,12,9,5,46.74,22.83
394,17,Death Over,4,4,12.0,14,3.0,85.71,7.0,0,1,3,35.71,7.14
394,17,Middle Over,1,1,3.0,4,3.0,75.0,3.0,0,0,1,25.0,0.0
394,17,Powerplay Over,1,1,20.0,13,20.0,153.85,20.0,2,1,0,30.77,23.08
398,17,Death Over,1,1,10.0,8,10.0,125.0,10.0,2,0,1,50.0,25.0
398,17,Middle Over,3,3,101.0,79,33.67,127.85,39.0,9,3,2,24.05,15.19
398,17,Powerplay Over,11,11,139.0,107,12.64,129.91,32.0,18,6,8,50.47,22.43
399,17,Death Over,7,7,50.0,36,7.14,138.89,11.0,2,4,6,33.33,16.67
399,17,Middle Over,9,9,150.0,108,16.67,138.89,46.0,12,7,5,33.33,17.59
399,17,Powerplay Over,2,2,16.0,10,8.0,160.0,16.0,3,0,1,50.0,30.0
409,17,Powerplay Over,2,2,9.0,8,4.5,112.5,9.0,2,0,2,62.5,25.0
411,17,Death Over,3,3,48.0,31,16.0,154.84,35.0,3,3,2,22.58,19.35
411,17,Middle Over,2,2,30.0,21,15.0,142.86,23.0,2,2,0,42.86,19.05
415,17,Death Over,1,1,3.0,5,3.0,60.0,3.0,0,0,1,20.0,0.0
415,17,Middle Over,4,4,126.0,73,31.5,172.6,36.0,5,7,3,10.96,16.44
415,17,Powerplay Over,15,15,309.0,198,20.6,156.06,64.0,42,14,11,40.91,28.28
416,17,Death Over,5,5,11.0,18,2.2,61.11,8.0,0,1,4,55.56,5.56
416,17,Middle Over,1,1,3.0,4,3.0,75.0,3.0,0,0,0,25.0,0.0
419,17,Death Over,4,4,46.0,40,11.5,115.0,17.0,3,0,2,17.5,7.5
419,17,Middle Over,8,8,175.0,113,21.88,154.87,46.0,13,8,7,22.12,18.58
419,17,Powerplay Over,8,8,97.0,75,12.12,129.33,25.0,11,2,2,33.33,17.33
420,17,Death Over,9,9,141.0,80,15.67,176.25,44.0,11,10,6,30.0,26.25
420,17,Middle Over,14,14,382.0,284,27.29,134.51,55.0,22,21,6,25.7,15.14
420,17,Powerplay Over,7,7,50.0,43,7.14,116.28,25.0,7,2,0,46.51,20.93
421,17,Death Over,5,5,117.0,60,23.4,195.0,32.0,10,6,3,11.67,26.67
421,17,Middle Over,10,10,109.0,101,10.9,107.92,26.0,8,3,6,29.7,10.89
421,17,Powerplay Over,5,5,29.0,24,5.8,120.83,24.0,4,1,1,58.33,20.83
424,17,Death Over,4,4,53.0,31,13.25,170.97,27.0,2,5,2,32.26,22.58
424,17,Middle Over,9,9,213.0,147,23.67,144.9,62.0,12,14,6,28.57,17.69
424,17,Powerplay Over,7,7,37.0,43,5.29,86.05,10.0,1,2,1,46.51,6.98
437,17,Death Over,4,4,54.0,32,13.5,168.75,30.0,6,3,2,28.12,28.12
437,17,Middle Over,4,4,44.0,48,11.0,91.67,18.0,4,0,1,35.42,8.33
438,17,Death Over,5,5,57.0,24,11.4,237.5,39.0,5,5,2,16.67,41.67
442,17,Death Over,1,1,0.0,1,0.0,0.0,0.0,0,0,1,100.0,0.0
442,17,Middle Over,1,1,1.0,3,1.0,33.33,1.0,0,0,1,66.67,0.0
442,17,Powerplay Over,1,1,2.0,3,2.0,66.67,2.0,0,0,1,66.67,0.0
444,17,Death Over,2,2,36.0,27,18.0,133.33,25.0,2,2,0,3.7,14.81
444,17,Middle Over,8,8,127.0,114,15.88,111.4,35.0,6,2,6,23.68,7.02
444,17,Powerplay Over,6,6,57.0,46,9.5,123.91,19.0,10,0,3,41.3,21.74
454,17,Death Over,7,7,60.0,45,8.57,133.33,21.0,4,4,5,42.22,17.78
454,17,Middle Over,9,9,199.0,142,22.11,140.14,50.0,14,10,3,30.99,16.9
454,17,Powerplay Over,6,6,111.0,51,18.5,217.65,40.0,17,5,1,31.37,43.14
459,17,Death Over,4,4,51.0,26,12.75,196.15,34.0,3,4,3,19.23,26.92
459,17,Middle Over,10,10,312.0,212,31.2,147.17,66.0,29,9,6,19.34,17.92
459,17,Powerplay Over,11,11,164.0,150,14.91,109.33,29.0,16,4,2,38.0,13.33
465,17,Middle Over,1,1,6.0,11,6.0,54.55,6.0,0,0,1,45.45,0.0
465,17,Powerplay Over,9,9,130.0,109,14.44,119.27,33.0,18,3,8,37.61,19.27
467,17,Death Over,1,1,15.0,10,15.0,150.0,15.0,1,1,1,30.0,20.0
467,17,Middle Over,1,1,4.0,5,4.0,80.0,4.0,0,0,0,20.0,0.0
472,17,Death Over,5,5,37.0,38,7.4,97.37,25.0,4,1,2,42.11,13.16
472,17,Middle Over,1,1,10.0,6,10.0,166.67,10.0,2,0,0,33.33,33.33
473,17,Middle Over,1,1,6.0,11,6.0,54.55,6.0,0,0,1,54.55,0.0
473,17,Powerplay Over,1,1,18.0,21,18.0,85.71,18.0,3,0,0,52.38,14.29
476,17,Middle Over,1,1,5.0,5,5.0,100.0,5.0,1,0,1,60.0,20.0
476,17,Powerplay Over,4,4,59.0,54,14.75,109.26,32.0,7,1,3,44.44,14.81
485,17,Death Over,3,3,31.0,16,10.33,193.75,20.0,2,3,2,25.0,31.25
488,17,Death Over,8,8,121.0,63,15.12,192.06,37.0,10,8,5,20.63,28.57
488,17,Middle Over,8,8,61.0,50,7.62,122.0,16.0,5,3,5,36.0,16.0
489,17,Death Over,4,4,22.0,13,5.5,169.23,12.0,1,2,2,23.08,23.08
489,17,Middle Over,1,1,15.0,9,15.0,166.67,15.0,2,1,0,44.44,33.33
490,17,Middle Over,7,7,97.0,84,13.86,115.48,27.0,7,2,7,25.0,10.71
490,17,Powerplay Over,12,12,145.0,116,12.08,125.0,26.0,17,5,6,40.52,18.97
494,17,Death Over,1,1,1.0,1,1.0,100.0,1.0,0,0,1,0.0,0.0
495,17,Death Over,2,2,5.0,9,2.5,55.56,4.0,1,0,2,77.78,11.11
501,17,Middle Over,3,3,58.0,35,19.33,165.71,39.0,4,4,3,22.86,22.86
501,17,Powerplay Over,8,8,140.0,90,17.5,155.56,32.0,26,1,5,36.67,30.0
502,17,Death Over,5,5,104.0,57,20.8,182.46,42.0,7,7,1,17.54,24.56
502,17,Middle Over,11,11,282.0,204,25.64,138.24,54.0,18,13,6,20.1,15.2
502,17,Powerplay Over,12,12,145.0,106,12.08,136.79,41.0,23,4,4,43.4,25.47
504,17,Death Over,1,1,2.0,3,2.0,66.67,2.0,0,0,1,33.33,0.0
504,17,Middle Over,2,2,51.0,39,25.5,130.77,27.0,4,2,1,25.64,15.38
504,17,Powerplay Over,5,5,99.0,83,19.8,119.28,41.0,14,2,3,44.58,19.28
509,17,Death Over,1,1,1.0,2,1.0,50.0,1.0,0,0,1,50.0,0.0
520,17,Death Over,3,3,24.0,15,8.0,160.0,14.0,1,2,2,20.0,20.0
520,17,Middle Over,4,4,95.0,57,23.75,166.67,58.0,7,7,3,29.82,24.56
520,17,Powerplay Over,1,1,8.0,5,8.0,160.0,8.0,1,0,0,20.0,20.0
522,17,Death Over,11,11,161.0,82,14.64,196.34,37.0,14,13,3,25.61,32.93
531,17,Death Over,1,1,5.0,7,5.0,71.43,5.0,1,0,1,71.43,14.29
531,17,Middle Over,1,1,19.0,12,19.0,158.33,19.0,2,0,0,16.67,16.67
532,17,Death Over,1,1,2.0,1,2.0,200.0,2.0,0,0,0,0.0,0.0
533,17,Middle Over,7,7,98.0,67,14.0,146.27,38.0,6,7,7,29.85,19.4
533,17,Powerplay Over,13,13,236.0,149,18.15,158.39,54.0,28,13,7,44.97,27.52
537,17,Death Over,2,2,72.0,37,36.0,194.59,49.0,3,6,1,24.32,24.32
537,17,Middle Over,6,6,89.0,73,14.83,121.92,38.0,8,2,4,30.14,13.7
537,17,Powerplay Over,11,11,198.0,156,18.0,126.92,39.0,25,4,5,35.9,18.59
545,17,Death Over,5,5,18.0,18,3.6,100.0,8.0,2,0,3,44.44,11.11
545,17,Middle Over,2,2,5.0,12,2.5,41.67,5.0,1,0,0,75.0,8.33
546,17,Death Over,7,7,82.0,60,11.71,136.67,43.0,6,3,1,20.0,15.0
546,17,Middle Over,5,5,49.0,50,9.8,98.0,22.0,2,2,4,36.0,8.0
546,17,Powerplay Over,1,1,2.0,2,2.0,100.0,2.0,0,0,0,0.0,0.0
554,17,Death Over,1,1,8.0,6,8.0,133.33,8.0,0,1,1,16.67,16.67
554,17,Middle Over,1,1,34.0,27,34.0,125.93,34.0,2,1,0,22.22,11.11
564,17,Death Over,2,2,12.0,14,6.0,85.71,10.0,0,1,1,50.0,7.14
564,17,Middle Over,1,1,0.0,1,0.0,0.0,0.0,0,0,0,100.0,0.0
567,17,Middle Over,9,9,165.0,113,18.33,146.02,50.0,12,10,8,24.78,19.47
567,17,Powerplay Over,15,15,402.0,194,26.8,207.22,84.0,52,22,6,30.41,38.14
569,17,Death Over,8,8,195.0,96,24.38,203.12,54.0,10,16,5,20.83,27.08
569,17,Middle Over,14,14,271.0,189,19.36,143.39,50.0,8,21,6,26.46,15.34
569,17,Powerplay Over,3,3,13.0,8,4.33,162.5,7.0,1,1,1,37.5,25.0
570,17,Death Over,1,1,1.0,2,1.0,50.0,1.0,0,0,0,50.0,0.0
571,17,Death Over,3,3,43.0,20,14.33,215.0,32.0,5,2,2,15.0,35.0
571,17,Middle Over,7,7,144.0,98,20.57,146.94,43.0,14,4,6,27.55,18.37
571,17,Powerplay Over,9,9,140.0,95,15.56,147.37,43.0,17,7,4,42.11,25.26
576,17,Death Over,1,1,13.0,6,13.0,216.67,13.0,0,2,1,33.33,33.33
581,17,Middle Over,1,1,19.0,10,19.0,190.0,19.0,2,1,1,20.0,30.0
581,17,Powerplay Over,2,2,42.0,31,21.0,135.48,27.0,5,1,1,29.03,19.35
584,17,Death Over,1,1,2.0,2,2.0,100.0,2.0,0,0,1,50.0,0.0
588,17,Death Over,1,1,4.0,8,4.0,50.0,4.0,0,0,1,50.0,0.0
588,17,Middle Over,2,2,17.0,12,8.5,141.67,16.0,0,2,1,16.67,16.67
596,17,Death Over,2,2,7.0,8,3.5,87.5,6.0,0,0,2,37.5,0.0
596,17,Middle Over,1,1,1.0,3,1.0,33.33,1.0,0,0,0,66.67,0.0
600,17,Death Over,3,3,6.0,7,2.0,85.71,5.0,1,0,0,42.86,14.29
602,17,Death Over,1,1,0.0,1,0.0,0.0,0.0,0,0,0,100.0,0.0
614,17,Middle Over,2,2,11.0,14,5.5,78.57,10.0,1,0,2,57.14,7.14
614,17,Powerplay Over,1,1,16.0,13,16.0,123.08,16.0,3,0,0,53.85,23.08
619,17,Death Over,2,2,57.0,27,28.5,211.11,57.0,3,5,1,14.81,29.63
619,17,Middle Over,3,3,45.0,20,15.0,225.0,23.0,3,4,1,20.0,35.0
619,17,Powerplay Over,5,5,38.0,37,7.6,102.7,20.0,6,1,4,51.35,18.92
625,17,Death Over,3,3,21.0,18,7.0,116.67,17.0,2,1,1,38.89,16.67
629,17,Death Over,8,8,136.0,88,17.0,154.55,36.0,14,3,4,19.32,19.32
629,17,Middle Over,7,7,90.0,76,12.86,118.42,24.0,7,2,3,22.37,11.84
629,17,Powerplay Over,3,3,9.0,16,3.0,56.25,5.0,1,0,1,68.75,6.25
631,17,Death Over,3,3,37.0,17,12.33,217.65,26.0,4,3,2,35.29,41.18
631,17,Middle Over,8,8,222.0,136,27.75,163.24,65.0,21,11,5,32.35,23.53
631,17,Powerplay Over,6,6,86.0,56,14.33,153.57,26.0,11,4,3,44.64,26.79
632,17,Death Over,6,6,79.0,47,13.17,168.09,23.0,6,5,3,29.79,23.4
632,17,Middle Over,9,9,243.0,189,27.0,128.57,48.0,14,9,3,22.75,12.17
632,17,Powerplay Over,14,14,261.0,189,18.64,138.1,37.0,38,4,5,36.51,22.22
638,17,Death Over,1,1,0.0,1,0.0,0.0,0.0,0,0,1,100.0,0.0
644,17,Death Over,3,3,49.0,29,16.33,168.97,38.0,6,2,1,20.69,27.59
644,17,Middle Over,8,8,209.0,142,26.12,147.18,60.0,14,11,7,25.35,17.61
644,17,Powerplay Over,10,10,130.0,101,13.0,128.71,28.0,19,3,4,45.54,21.78
653,17,Death Over,1,1,15.0,8,15.0,187.5,15.0,1,1,1,12.5,25.0
653,17,Middle Over,5,5,114.0,67,22.8,170.15,34.0,7,9,4,23.88,23.88
653,17,Powerplay Over,6,6,82.0,47,13.67,174.47,37.0,17,1,3,44.68,38.3
655,17,Death Over,11,11,220.0,135,20.0,162.96,39.0,18,15,5,32.59,24.44
655,17,Middle Over,13,13,247.0,150,19.0,164.67,66.0,14,18,3,21.33,21.33
655,17,Powerplay Over,1,1,32.0,11,32.0,290.91,32.0,3,3,0,27.27,54.55
656,17,Death Over,9,9,87.0,71,9.67,122.54,16.0,4,4,5,21.13,11.27
656,17,Middle Over,6,6,129.0,94,21.5,137.23,47.0,12,6,4,36.17,19.15
656,17,Powerplay Over,3,3,19.0,18,6.33,105.56,10.0,3,0,0,50.0,16.67
664,17,Death Over,8,8,252.0,98,31.5,257.14,50.0,18,20,2,9.18,38.78
664,17,Middle Over,12,12,116.0,99,9.67,117.17,44.0,4,6,4,26.26,10.1
664,17,Powerplay Over,1,1,10.0,7,10.0,142.86,10.0,2,0,0,42.86,28.57
675,17,Death Over,3,3,17.0,15,5.67,113.33,9.0,3,0,3,40.0,20.0
675,17,Middle Over,3,3,11.0,15,3.67,73.33,10.0,1,0,1,46.67,6.67
679,17,Death Over,8,8,158.0,99,19.75,159.6,32.0,21,5,6,25.25,26.26
679,17,Middle Over,7,7,30.0,40,4.29,75.0,10.0,3,0,2,40.0,7.5
682,17,Death Over,1,1,4.0,5,4.0,80.0,4.0,0,0,0,20.0,0.0
685,17,Death Over,3,3,20.0,17,6.67,117.65,11.0,0,2,1,17.65,11.76
690,17,Death Over,1,1,2.0,4,2.0,50.0,2.0,0,0,0,75.0,0.0
691,17,Death Over,6,6,128.0,74,21.33,172.97,33.0,8,9,5,17.57,22.97
691,17,Middle Over,4,4,61.0,44,15.25,138.64,47.0,2,6,3,40.91,18.18
693,17,Death Over,1,1,1.0,1,1.0,100.0,1.0,0,0,0,0.0,0.0
697,17,Death Over,8,8,177.0,99,22.12,178.79,47.0,11,16,5,27.27,27.27
697,17,Middle Over,14,14,219.0,160,15.64,136.88,49.0,17,12,6,31.87,18.12
705,17,Death Over,1,1,28.0,17,28.0,164.71,28.0,3,1,0,11.76,23.53
705,17,Middle Over,7,7,120.0,89,17.14,134.83,35.0,14,5,6,39.33,21.35
705,17,Powerplay Over,14,14,269.0,187,19.21,143.85,49.0,28,17,7,43.85,24.06
710,17,Death Over,1,1,0.0,1,0.0,0.0,0.0,0,0,1,100.0,0.0
710,17,Middle Over,4,4,85.0,58,21.25,146.55,44.0,7,4,3,18.97,18.97
710,17,Powerplay Over,7,7,78.0,50,11.14,156.0,24.0,9,4,3,38.0,26.0
712,17,Death Over,1,1,0.0,2,0.0,0.0,0.0,0,0,0,50.0,0.0
717,17,Death Over,3,3,71.0,41,23.67,173.17,28.0,6,5,0,21.95,26.83
717,17,Middle Over,5,5,39.0,39,7.8,100.0,17.0,2,2,3,43.59,10.26
717,17,Powerplay Over,1,1,1.0,2,1.0,50.0,1.0,0,0,1,50.0,0.0
733,17,Middle Over,7,7,141.0,69,20.14,204.35,55.0,9,13,6,28.99,31.88
733,17,Powerplay Over,16,16,343.0,179,21.44,191.62,46.0,27,29,9,30.73,31.28
744,17,Death Over,2,2,4.0,9,2.0,44.44,4.0,0,0,2,55.56,0.0
749,17,Death Over,8,8,86.0,46,10.75,186.96,28.0,7,6,7,19.57,28.26
749,17,Middle Over,6,6,39.0,28,6.5,139.29,19.0,2,3,2,25.0,17.86
753,17,Death Over,2,2,11.0,7,5.5,157.14,11.0,1,1,2,42.86,28.57
753,17,Middle Over,2,2,22.0,14,11.0,157.14,14.0,2,1,0,14.29,21.43
760,17,Death Over,8,8,113.0,60,14.12,188.33,28.0,8,8,5,16.67,26.67
760,17,Middle Over,9,9,220.0,163,24.44,134.97,58.0,23,6,1,26.38,17.79
760,17,Powerplay Over,4,4,18.0,27,4.5,66.67,7.0,3,0,3,62.96,11.11
767,17,Death Over,4,4,35.0,30,8.75,116.67,14.0,4,0,2,26.67,13.33
767,17,Middle Over,4,4,40.0,37,10.0,108.11,17.0,3,1,3,27.03,10.81
767,17,Powerplay Over,1,1,8.0,8,8.0,100.0,8.0,0,1,0,62.5,12.5
773,17,Death Over,1,1,2.0,2,2.0,100.0,2.0,0,0,0,0.0,0.0
775,17,Middle Over,1,1,18.0,10,18.0,180.0,18.0,1,2,1,40.0,30.0
775,17,Powerplay Over,2,2,44.0,40,22.0,110.0,23.0,6,2,1,50.0,20.0
777,17,Death Over,9,9,93.0,74,10.33,125.68,35.0,6,5,6,36.49,14.86
777,17,Middle Over,3,3,43.0,25,14.33,172.0,31.0,3,3,1,28.0,24.0
6,18,Death Over,7,7,138.0,91,19.71,151.65,34.0,9,7,2,20.88,17.58
6,18,Middle Over,11,11,119.0,108,10.82,110.19,50.0,9,2,5,27.78,10.19
6,18,Powerplay Over,5,5,44.0,30,8.8,146.67,19.0,7,1,2,43.33,26.67
16,18,Death Over,7,7,66.0,55,9.43,120.0,29.0,2,4,3,23.64,10.91
16,18,Middle Over,3,3,9.0,10,3.0,90.0,5.0,1,0,1,50.0,10.0
18,18,Death Over,4,4,21.0,14,5.25,150.0,19.0,3,1,1,42.86,28.57
20,18,Death Over,2,2,4.0,7,2.0,57.14,3.0,0,0,1,57.14,0.0
20,18,Middle Over,1,1,0.0,1,0.0,0.0,0.0,0,0,1,100.0,0.0
24,18,Death Over,1,1,1.0,1,1.0,100.0,1.0,0,0,0,0.0,0.0
24,18,Middle Over,7,7,115.0,93,16.43,123.66,29.0,8,6,7,34.41,15.05
24,18,Powerplay Over,9,9,117.0,79,13.0,148.1,30.0,14,5,3,37.97,24.05
30,18,Death Over,2,2,5.0,11,2.5,45.45,4.0,0,0,0,45.45,0.0
33,18,Death Over,3,3,23.0,16,7.67,143.75,21.0,3,1,2,31.25,25.0
33,18,Middle Over,2,2,34.0,27,17.0,125.93,18.0,3,2,2,44.44,18.52
35,18,Death Over,4,4,99.0,50,24.75,198.0,38.0,9,6,1,18.0,30.0
35,18,Middle Over,8,8,169.0,122,21.12,138.52,55.0,12,8,5,22.13,16.39
35,18,Powerplay Over,10,10,86.0,74,8.6,116.22,20.0,12,1,4,39.19,17.57
38,18,Death Over,1,1,3.0,5,3.0,60.0,3.0,0,0,0,20.0,0.0
49,18,Death Over,4,4,66.0,37,16.5,178.38,29.0,7,3,2,16.22,27.03
49,18,Middle Over,9,9,302.0,193,33.56,156.48,58.0,24,12,4,17.1,18.65
49,18,Powerplay Over,15,15,282.0,205,18.8,137.56,36.0,31,9,6,33.66,19.51
51,18,Death Over,1,1,2.0,2,2.0,100.0,2.0,0,0,0,0.0,0.0
52,18,Death Over,1,1,7.0,2,7.0,350.0,7.0,0,1,0,0.0,50.0
52,18,Middle Over,1,1,4.0,11,4.0,36.36,4.0,0,0,1,72.73,0.0
54,18,Middle Over,1,1,22.0,16,22.0,137.5,22.0,0,2,1,31.25,12.5
60,18,Death Over,2,2,21.0,8,10.5,262.5,17.0,3,1,1,12.5,50.0
60,18,Middle Over,7,7,111.0,81,15.86,137.04,34.0,13,3,6,28.4,19.75
60,18,Powerplay Over,5,5,85.0,52,17.0,163.46,58.0,11,5,3,42.31,30.77
63,18,Death Over,2,2,8.0,9,4.0,88.89,6.0,1,0,2,44.44,11.11
63,18,Middle Over,6,6,40.0,45,6.67,88.89,30.0,4,1,4,37.78,11.11
67,18,Death Over,8,8,136.0,78,17.0,174.36,37.0,11,11,3,34.62,28.21
67,18,Middle Over,3,3,51.0,29,17.0,175.86,50.0,5,3,0,37.93,27.59
69,18,Death Over,6,6,92.0,51,15.33,180.39,22.0,7,5,3,19.61,23.53
69,18,Middle Over,13,13,209.0,175,16.08,119.43,38.0,12,9,7,29.71,12.0
69,18,Powerplay Over,3,3,42.0,33,14.0,127.27,20.0,4,2,0,30.3,18.18
71,18,Death Over,1,1,1.0,2,1.0,50.0,1.0,0,0,0,50.0,0.0
79,18,Death Over,7,7,34.0,23,4.86,147.83,16.0,1,4,5,43.48,21.74
79,18,Middle Over,14,14,303.0,213,21.64,142.25,54.0,25,15,6,31.46,18.78
79,18,Powerplay Over,5,5,32.0,25,6.4,128.0,11.0,2,2,0,36.0,16.0
87,18,Death Over,6,6,109.0,51,18.17,213.73,38.0,14,6,3,23.53,39.22
87,18,Middle Over,8,8,97.0,86,12.12,112.79,30.0,6,4,4,37.21,11.63
87,18,Powerplay Over,1,1,0.0,2,0.0,0.0,0.0,0,0,0,100.0,0.0
89,18,Death Over,8,8,160.0,87,20.0,183.91,46.0,14,12,4,26.44,29.89
89,18,Middle Over,6,6,99.0,61,16.5,162.3,39.0,10,5,2,32.79,24.59
89,18,Powerplay Over,1,1,2.0,7,2.0,28.57,2.0,0,0,1,71.43,0.0
100,18,Death Over,1,1,8.0,3,8.0,266.67,8.0,2,0,0,0.0,66.67
101,18,Death Over,3,3,28.0,19,9.33,147.37,11.0,5,0,1,21.05,26.32
101,18,Middle Over,5,5,122.0,79,24.4,154.43,54.0,10,6,5,24.05,20.25
101,18,Powerplay Over,8,8,128.0,79,16.0,162.03,33.0,11,10,4,46.84,26.58
102,18,Death Over,1,1,1.0,4,1.0,25.0,1.0,0,0,1,50.0,0.0
103,18,Death Over,4,4,26.0,22,6.5,118.18,15.0,0,2,2,27.27,9.09
103,18,Middle Over,4,4,21.0,14,5.25,150.0,13.0,1,2,3,35.71,21.43
106,18,Death Over,1,1,32.0,17,32.0,188.24,32.0,2,3,1,35.29,29.41
106,18,Middle Over,3,3,58.0,44,19.33,131.82,48.0,6,1,2,20.45,15.91
106,18,Powerplay Over,4,4,24.0,27,6.0,88.89,9.0,3,0,2,40.74,11.11
116,18,Death Over,8,8,108.0,56,13.5,192.86,55.0,10,10,6,35.71,35.71
116,18,Middle Over,6,6,59.0,55,9.83,107.27,18.0,6,4,2,52.73,18.18
130,18,Death Over,2,2,15.0,7,7.5,214.29,11.0,1,1,0,14.29,28.57
131,18,Death Over,2,2,3.0,8,1.5,37.5,2.0,0,0,2,37.5,0.0
131,18,Middle Over,1,1,4.0,4,4.0,100.0,4.0,0,0,1,25.0,0.0
137,18,Death Over,1,1,0.0,1,0.0,0.0,0.0,0,0,1,100.0,0.0
137,18,Middle Over,3,3,13.0,16,4.33,81.25,11.0,1,0,2,43.75,6.25
137,18,Powerplay Over,2,2,20.0,13,10.0,153.85,12.0,2,1,1,15.38,23.08
141,18,Middle Over,3,3,19.0,24,6.33,79.17,13.0,1,0,3,33.33,4.17
141,18,Powerplay Over,5,5,36.0,33,7.2,109.09,21.0,5,1,2,54.55,18.18
142,18,Middle Over,1,1,13.0,10,13.0,130.0,13.0,2,0,1,30.0,20.0
142,18,Powerplay Over,2,2,54.0,29,27.0,186.21,42.0,7,3,1,37.93,34.48
145,18,Death Over,5,5,30.0,33,6.0,90.91,14.0,4,1,3,51.52,15.15
145,18,Middle Over,3,3,27.0,21,9.0,128.57,20.0,1,2,2,47.62,14.29
148,18,Death Over,4,4,10.0,11,2.5,90.91,6.0,1,0,1,36.36,9.09
151,18,Death Over,5,5,38.0,24,7.6,158.33,23.0,3,1,2,12.5,16.67
151,18,Middle Over,12,12,301.0,234,25.08,128.63,43.0,20,10,7,22.22,12.82
151,18,Powerplay Over,15,15,318.0,208,21.2,152.88,42.0,43,8,4,28.85,24.52
157,18,Middle Over,1,1,1.0,4,1.0,25.0,1.0,0,0,1,75.0,0.0
164,18,Death Over,1,1,1.0,1,1.0,100.0,1.0,0,0,1,0.0,0.0
164,18,Middle Over,1,1,10.0,14,10.0,71.43,10.0,1,0,0,50.0,7.14
165,18,Death Over,12,12,142.0,111,11.83,127.93,35.0,11,6,11,29.73,15.32
165,18,Middle Over,7,7,97.0,66,13.86,146.97,47.0,6,5,0,22.73,16.67
165,18,Powerplay Over,1,1,0.0,1,0.0,0.0,0.0,0,0,1,100.0,0.0
165,18,Super Over,1,1,6.0,4,6.0,150.0,6.0,1,0,1,25.0,25.0
178,18,Death Over,2,2,1.0,3,0.5,33.33,1.0,0,0,1,66.67,0.0
187,18,Death Over,1,1,0.0,1,0.0,0.0,0.0,0,0,1,100.0,0.0
194,18,Death Over,3,3,24.0,16,8.0,150.0,24.0,3,1,2,37.5,25.0
194,18,Middle Over,7,7,155.0,109,22.14,142.2,50.0,13,8,4,25.69,19.27
194,18,Powerplay Over,6,6,68.0,48,11.33,141.67,32.0,6,5,3,47.92,22.92
198,18,Middle Over,5,5,161.0,83,32.2,193.98,50.0,10,14,5,26.51,28.92
198,18,Powerplay Over,18,18,384.0,227,21.33,169.16,53.0,50,17,13,34.8,29.52
199,18,Death Over,1,1,5.0,7,5.0,71.43,5.0,1,0,1,42.86,14.29
200,18,Death Over,1,1,9.0,8,9.0,112.5,9.0,1,0,1,25.0,12.5
213,18,Death Over,8,8,36.0,28,4.5,128.57,18.0,2,3,2,39.29,17.86
213,18,Middle Over,1,1,4.0,6,4.0,66.67,4.0,0,0,0,33.33,0.0
217,18,Death Over,4,4,37.0,25,9.25,148.0,28.0,3,2,1,32.0,20.0
224,18,Death Over,4,4,20.0,26,5.0,76.92,12.0,0,0,2,26.92,0.0
224,18,Middle Over,1,1,1.0,1,1.0,100.0,1.0,0,0,0,0.0,0.0
233,18,Death Over,1,1,10.0,8,10.0,125.0,10.0,0,0,0,0.0,0.0
233,18,Middle Over,2,2,75.0,53,37.5,141.51,38.0,5,4,1,20.75,16.98
233,18,Powerplay Over,6,6,71.0,64,11.83,110.94,22.0,12,0,4,39.06,18.75
244,18,Powerplay Over,1,1,0.0,2,0.0,0.0,0.0,0,0,1,100.0,0.0
255,18,Middle Over,5,5,42.0,25,8.4,168.0,27.0,3,4,5,44.0,28.0
255,18,Powerplay Over,12,12,204.0,135,17.0,151.11,31.0,22,15,6,38.52,27.41
258,18,Death Over,11,11,242.0,132,22.0,183.33,52.0,18,14,4,16.67,24.24
258,18,Middle Over,10,10,108.0,106,10.8,101.89,29.0,5,4,3,31.13,8.49
261,18,Middle Over,1,1,2.0,3,2.0,66.67,2.0,0,0,1,33.33,0.0
261,18,Powerplay Over,5,5,69.0,64,13.8,107.81,27.0,9,2,4,50.0,17.19
263,18,Death Over,1,1,0.0,1,0.0,0.0,0.0,0,0,0,100.0,0.0
264,18,Death Over,2,2,18.0,20,9.0,90.0,16.0,1,1,2,40.0,10.0
264,18,Middle Over,3,3,9.0,14,3.0,64.29,6.0,0,0,2,42.86,0.0
264,18,Powerplay Over,1,1,4.0,9,4.0,44.44,4.0,1,0,1,88.89,11.11
267,18,Death Over,4,4,77.0,42,19.25,183.33,35.0,4,7,2,35.71,26.19
267,18,Middle Over,10,10,141.0,111,14.1,127.03,63.0,13,7,8,38.74,18.02
267,18,Powerplay Over,6,6,51.0,55,8.5,92.73,20.0,6,2,1,56.36,14.55
280,18,Death Over,4,4,43.0,31,10.75,138.71,31.0,2,3,4,35.48,16.13
280,18,Middle Over,4,4,18.0,31,4.5,58.06,12.0,0,1,1,54.84,3.23
281,18,Death Over,3,3,3.0,7,1.0,42.86,3.0,0,0,2,57.14,0.0
287,18,Death Over,2,2,35.0,16,17.5,218.75,34.0,2,3,1,6.25,31.25
287,18,Middle Over,3,3,77.0,56,25.67,137.5,34.0,7,4,1,30.36,19.64
287,18,Powerplay Over,2,2,9.0,11,4.5,81.82,5.0,2,0,1,72.73,18.18
292,18,Death Over,2,2,2.0,4,1.0,50.0,1.0,0,0,1,25.0,0.0
297,18,Death Over,3,3,40.0,19,13.33,210.53,28.0,2,4,3,26.32,31.58
297,18,Middle Over,10,10,292.0,187,29.2,156.15,67.0,28,14,7,21.39,22.46
297,18,Powerplay Over,13,13,295.0,195,22.69,151.28,60.0,26,19,3,38.46,23.08
298,18,Death Over,6,6,69.0,40,11.5,172.5,33.0,8,4,4,30.0,30.0
298,18,Middle Over,4,4,53.0,34,13.25,155.88,30.0,5,3,1,32.35,23.53
298,18,Powerplay Over,1,1,20.0,8,20.0,250.0,20.0,3,1,0,12.5,50.0
299,18,Death Over,7,7,53.0,41,7.57,129.27,27.0,4,3,7,26.83,17.07
299,18,Middle Over,12,12,223.0,149,18.58,149.66,37.0,18,10,5,24.83,18.79
299,18,Powerplay Over,5,5,36.0,35,7.2,102.86,21.0,3,1,0,37.14,11.43
301,18,Death Over,5,5,14.0,13,2.8,107.69,5.0,2,0,2,46.15,15.38
310,18,Death Over,1,1,24.0,9,24.0,266.67,24.0,0,3,0,0.0,33.33
310,18,Middle Over,4,4,61.0,50,15.25,122.0,25.0,4,1,3,24.0,10.0
310,18,Powerplay Over,8,8,106.0,93,13.25,113.98,35.0,14,0,4,35.48,15.05
312,18,Death Over,1,1,1.0,1,1.0,100.0,1.0,0,0,0,0.0,0.0
319,18,Death Over,2,2,2.0,6,1.0,33.33,1.0,0,0,1,66.67,0.0
322,18,Death Over,8,8,156.0,84,19.5,185.71,34.0,10,11,4,21.43,25.0
322,18,Middle Over,11,11,154.0,125,14.0,123.2,48.0,9,10,5,37.6,15.2
322,18,Powerplay Over,2,2,23.0,10,11.5,230.0,22.0,3,1,0,10.0,40.0
323,18,Middle Over,5,5,85.0,49,17.0,173.47,42.0,5,7,4,26.53,24.49
323,18,Powerplay Over,13,13,318.0,189,24.46,168.25,49.0,43,15,8,35.98,30.69
327,18,Death Over,1,1,0.0,2,0.0,0.0,0.0,0,0,1,100.0,0.0
327,18,Middle Over,1,1,1.0,1,1.0,100.0,1.0,0,0,1,0.0,0.0
327,18,Powerplay Over,1,1,4.0,13,4.0,30.77,4.0,0,0,0,53.85,0.0
331,18,Death Over,2,2,50.0,19,25.0,263.16,50.0,3,5,2,15.79,42.11
331,18,Middle Over,5,5,172.0,106,34.4,162.26,51.0,10,12,4,27.36,20.75
331,18,Powerplay Over,3,3,3.0,4,1.0,75.0,2.0,0,0,0,25.0,0.0
336,18,Death Over,1,1,8.0,4,8.0,200.0,8.0,0,0,0,0.0,0.0
341,18,Death Over,2,2,6.0,2,3.0,300.0,6.0,0,1,1,50.0,50.0
342,18,Death Over,5,5,6.0,11,1.2,54.55,2.0,0,0,2,36.36,0.0
347,18,Middle Over,7,7,91.0,67,13.0,135.82,31.0,8,5,6,32.84,19.4
347,18,Powerplay Over,14,14,297.0,199,21.21,149.25,49.0,39,12,7,40.7,25.63
351,18,Middle Over,3,3,108.0,53,36.0,203.77,49.0,7,10,3,26.42,32.08
351,18,Powerplay Over,7,7,144.0,76,20.57,189.47,52.0,11,14,4,39.47,32.89
358,18,Middle Over,2,2,5.0,8,2.5,62.5,3.0,0,0,2,50.0,0.0
358,18,Powerplay Over,2,2,80.0,41,40.0,195.12,44.0,7,5,0,17.07,29.27
359,18,Death Over,9,9,83.0,72,9.22,115.28,27.0,5,3,4,23.61,11.11
359,18,Middle Over,6,6,70.0,52,11.67,134.62,24.0,8,1,1,28.85,17.31
360,18,Death Over,2,2,1.0,4,0.5,25.0,1.0,0,0,2,75.0,0.0
360,18,Middle Over,3,3,8.0,11,2.67,72.73,4.0,0,0,3,45.45,0.0
363,18,Death Over,7,7,28.0,23,4.0,121.74,12.0,1,2,4,39.13,13.04
363,18,Middle Over,1,1,12.0,9,12.0,133.33,12.0,1,1,1,44.44,22.22
366,18,Middle Over,1,1,23.0,14,23.0,164.29,23.0,3,1,1,35.71,28.57
366,18,Powerplay Over,6,6,32.0,39,5.33,82.05,15.0,4,1,5,64.1,12.82
367,18,Death Over,2,2,13.0,16,6.5,81.25,13.0,0,2,2,81.25,12.5
370,18,Death Over,6,6,87.0,50,14.5,174.0,26.0,8,4,3,18.0,24.0
370,18,Middle Over,10,10,273.0,187,27.3,145.99,59.0,19,12,3,22.46,16.58
370,18,Powerplay Over,11,11,179.0,129,16.27,138.76,36.0,25,5,3,40.31,23.26
370,18,Super Over,1,1,7.0,3,7.0,233.33,7.0,1,0,0,0.0,33.33
371,18,Death Over,1,1,6.0,6,6.0,100.0,6.0,0,0,0,0.0,0.0
373,18,Death Over,3,3,24.0,12,8.0,200.0,11.0,3,1,2,16.67,33.33
373,18,Middle Over,8,8,166.0,132,20.75,125.76,35.0,12,5,5,25.0,12.88
373,18,Powerplay Over,14,14,369.0,215,26.36,171.63,49.0,45,22,6,40.47,31.16
397,18,Death Over,2,2,45.0,27,22.5,166.67,25.0,3,3,2,33.33,22.22
397,18,Middle Over,1,1,2.0,5,2.0,40.0,2.0,0,0,0,60.0,0.0
398,18,Death Over,1,1,24.0,14,24.0,171.43,24.0,2,2,0,14.29,28.57
398,18,Middle Over,2,2,40.0,29,20.0,137.93,39.0,2,2,1,17.24,13.79
398,18,Powerplay Over,8,8,88.0,80,11.0,110.0,34.0,5,7,6,46.25,15.0
399,18,Death Over,10,10,140.0,87,14.0,160.92,38.0,11,8,8,25.29,21.84
399,18,Middle Over,10,10,84.0,61,8.4,137.7,33.0,7,5,2,32.79,19.67
407,18,Powerplay Over,1,1,0.0,5,0.0,0.0,0.0,0,0,1,100.0,0.0
408,18,Middle Over,1,1,0.0,1,0.0,0.0,0.0,0,0,1,100.0,0.0
408,18,Powerplay Over,1,1,20.0,10,20.0,200.0,20.0,1,2,0,30.0,30.0
411,18,Death Over,4,4,16.0,17,4.0,94.12,13.0,0,2,2,47.06,11.76
411,18,Middle Over,1,1,7.0,6,7.0,116.67,7.0,0,1,0,50.0,16.67
415,18,Death Over,1,1,0.0,2,0.0,0.0,0.0,0,0,1,100.0,0.0
415,18,Middle Over,5,5,69.0,52,13.8,132.69,34.0,4,3,5,25.0,13.46
415,18,Powerplay Over,9,9,133.0,116,14.78,114.66,32.0,14,5,4,39.66,16.38
416,18,Death Over,1,1,12.0,6,12.0,200.0,12.0,1,1,1,33.33,33.33
416,18,Middle Over,1,1,5.0,5,5.0,100.0,5.0,1,0,1,60.0,20.0
420,18,Death Over,6,6,74.0,45,12.33,164.44,31.0,5,6,4,33.33,24.44
420,18,Middle Over,12,12,235.0,154,19.58,152.6,64.0,15,14,6,25.97,18.83
420,18,Powerplay Over,7,7,84.0,46,12.0,182.61,25.0,7,7,2,39.13,30.43
420,18,Super Over,1,1,4.0,2,4.0,200.0,4.0,1,0,1,50.0,50.0
424,18,Death Over,5,5,47.0,29,9.4,162.07,21.0,4,2,2,20.69,20.69
424,18,Middle Over,7,7,101.0,96,14.43,105.21,30.0,9,1,5,30.21,10.42
424,18,Powerplay Over,5,5,34.0,36,6.8,94.44,19.0,3,1,2,44.44,11.11
427,18,Middle Over,1,1,0.0,1,0.0,0.0,0.0,0,0,0,100.0,0.0
438,18,Death Over,3,3,70.0,25,23.33,280.0,53.0,5,7,2,20.0,48.0
444,18,Death Over,3,3,18.0,16,6.0,112.5,11.0,0,2,3,25.0,12.5
444,18,Middle Over,7,7,161.0,111,23.0,145.05,37.0,7,9,4,22.52,14.41
444,18,Powerplay Over,13,13,266.0,179,20.46,148.6,38.0,31,11,6,37.43,23.46
454,18,Death Over,2,2,53.0,21,26.5,252.38,49.0,8,2,2,14.29,47.62
454,18,Middle Over,6,6,85.0,75,14.17,113.33,41.0,7,2,4,32.0,12.0
454,18,Powerplay Over,2,2,4.0,11,2.0,36.36,3.0,0,0,1,72.73,0.0
455,18,Death Over,1,1,1.0,1,1.0,100.0,1.0,0,0,0,0.0,0.0
455,18,Middle Over,1,1,2.0,4,2.0,50.0,2.0,0,0,1,50.0,0.0
456,18,Death Over,8,8,80.0,44,10.0,181.82,18.0,4,7,5,27.27,25.0
456,18,Middle Over,7,7,139.0,87,19.86,159.77,59.0,6,13,4,33.33,21.84
456,18,Powerplay Over,2,2,17.0,17,8.5,100.0,9.0,2,0,0,41.18,11.76
459,18,Death Over,4,4,61.0,31,15.25,196.77,31.0,5,4,3,19.35,29.03
459,18,Middle Over,12,12,296.0,210,24.67,140.95,49.0,29,7,8,18.1,17.14
459,18,Powerplay Over,15,15,402.0,268,26.8,150.0,45.0,54,10,3,30.22,23.88
472,18,Death Over,5,5,18.0,16,3.6,112.5,7.0,2,0,3,37.5,12.5
476,18,Death Over,1,1,5.0,5,5.0,100.0,5.0,0,0,0,0.0,0.0
476,18,Middle Over,4,4,61.0,36,15.25,169.44,36.0,7,1,3,19.44,22.22
476,18,Powerplay Over,2,2,29.0,24,14.5,120.83,24.0,3,1,0,45.83,16.67
485,18,Death Over,1,1,1.0,1,1.0,100.0,1.0,0,0,0,0.0,0.0
488,18,Death Over,11,11,106.0,60,9.64,176.67,30.0,5,9,8,18.33,23.33
488,18,Middle Over,5,5,58.0,38,11.6,152.63,42.0,3,5,1,31.58,21.05
490,18,Middle Over,10,10,152.0,147,15.2,103.4,28.0,8,5,9,28.57,8.84
490,18,Powerplay Over,11,11,238.0,128,21.64,185.94,39.0,28,15,2,39.84,33.59
492,18,Middle Over,3,3,89.0,52,29.67,171.15,39.0,10,4,3,21.15,26.92
492,18,Powerplay Over,8,8,109.0,70,13.62,155.71,50.0,14,6,4,40.0,28.57
493,18,Death Over,7,7,31.0,24,4.43,129.17,16.0,1,2,5,33.33,12.5
493,18,Middle Over,2,2,32.0,27,16.0,118.52,28.0,2,2,0,44.44,14.81
494,18,Death Over,1,1,4.0,1,4.0,400.0,4.0,1,0,0,0.0,100.0
495,18,Death Over,6,6,7.0,17,1.17,41.18,2.0,0,0,4,70.59,0.0
496,18,Death Over,1,1,2.0,2,2.0,100.0,2.0,0,0,1,50.0,0.0
496,18,Middle Over,1,1,1.0,2,1.0,50.0,1.0,0,0,0,50.0,0.0
502,18,Middle Over,7,7,125.0,91,17.86,137.36,33.0,8,6,7,24.18,15.38
502,18,Powerplay Over,9,9,160.0,114,17.78,140.35,33.0,19,7,2,41.23,22.81
520,18,Death Over,10,10,88.0,46,8.8,191.3,23.0,4,7,5,19.57,23.91
520,18,Middle Over,5,5,91.0,54,18.2,168.52,35.0,7,6,1,22.22,24.07
520,18,Powerplay Over,1,1,0.0,4,0.0,0.0,0.0,0,0,0,100.0,0.0
522,18,Death Over,13,13,176.0,125,13.54,140.8,30.0,11,12,9,26.4,18.4
522,18,Middle Over,5,5,20.0,29,4.0,68.97,9.0,1,0,0,41.38,3.45
533,18,Death Over,1,1,25.0,9,25.0,277.78,25.0,1,3,1,22.22,44.44
533,18,Middle Over,10,10,201.0,122,20.1,164.75,58.0,19,10,8,23.77,23.77
533,18,Powerplay Over,18,18,373.0,245,20.72,152.24,45.0,43,17,8,36.73,24.49
537,18,Death Over,7,7,133.0,72,19.0,184.72,34.0,13,6,3,19.44,26.39
537,18,Middle Over,11,11,330.0,203,30.0,162.56,52.0,34,13,5,23.65,23.15
537,18,Powerplay Over,8,8,75.0,62,9.38,120.97,25.0,5,5,2,45.16,16.13
545,18,Death Over,5,5,6.0,13,1.2,46.15,3.0,0,0,2,61.54,0.0
545,18,Middle Over,1,1,8.0,13,8.0,61.54,8.0,1,0,1,61.54,7.69
546,18,Death Over,5,5,37.0,32,7.4,115.62,20.0,5,0,4,34.38,15.62
546,18,Middle Over,4,4,69.0,48,17.25,143.75,51.0,4,4,2,33.33,16.67
546,18,Powerplay Over,2,2,3.0,9,1.5,33.33,2.0,0,0,0,66.67,0.0
549,18,Death Over,1,1,1.0,1,1.0,100.0,1.0,0,0,0,0.0,0.0
554,18,Death Over,2,2,40.0,20,20.0,200.0,21.0,1,4,1,15.0,25.0
554,18,Middle Over,3,3,52.0,47,17.33,110.64,19.0,4,1,1,31.91,10.64
567,18,Middle Over,5,5,113.0,76,22.6,148.68,38.0,11,5,5,22.37,21.05
567,18,Powerplay Over,12,12,261.0,172,21.75,151.74,47.0,39,10,8,36.05,28.49
568,18,Death Over,1,1,3.0,3,3.0,100.0,3.0,0,0,1,33.33,0.0
568,18,Middle Over,2,2,60.0,33,30.0,181.82,52.0,4,4,1,21.21,24.24
568,18,Powerplay Over,7,7,177.0,95,25.29,186.32,43.0,27,7,5,34.74,35.79
569,18,Death Over,7,7,150.0,73,21.43,205.48,35.0,15,8,5,17.81,31.51
569,18,Middle Over,13,13,310.0,198,23.85,156.57,70.0,25,15,5,18.18,20.2
569,18,Powerplay Over,4,4,27.0,23,6.75,117.39,17.0,2,2,0,52.17,17.39
571,18,Death Over,1,1,7.0,2,7.0,350.0,7.0,0,1,0,0.0,50.0
571,18,Middle Over,6,6,119.0,87,19.83,136.78,29.0,6,6,5,19.54,13.79
571,18,Powerplay Over,12,12,175.0,121,14.58,144.63,32.0,22,5,8,33.88,22.31
576,18,Death Over,3,3,5.0,10,1.67,50.0,3.0,0,0,2,50.0,0.0
581,18,Powerplay Over,1,1,13.0,11,13.0,118.18,13.0,3,0,1,36.36,27.27
583,18,Middle Over,1,1,26.0,11,26.0,236.36,26.0,4,1,1,18.18,45.45
583,18,Powerplay Over,3,3,42.0,23,14.0,182.61,31.0,1,5,2,39.13,26.09
596,18,Death Over,1,1,1.0,3,1.0,33.33,1.0,0,0,1,33.33,0.0
600,18,Death Over,2,2,1.0,2,0.5,50.0,1.0,0,0,0,50.0,0.0
600,18,Middle Over,1,1,1.0,2,1.0,50.0,1.0,0,0,0,50.0,0.0
619,18,Death Over,11,11,190.0,101,17.27,188.12,37.0,20,10,7,23.76,29.7
619,18,Middle Over,5,5,27.0,26,5.4,103.85,11.0,3,0,1,30.77,11.54
619,18,Powerplay Over,1,1,35.0,15,35.0,233.33,35.0,2,3,0,6.67,33.33
621,18,Death Over,1,1,0.0,2,0.0,0.0,0.0,0,0,0,50.0,0.0
621,18,Middle Over,1,1,0.0,3,0.0,0.0,0.0,0,0,0,66.67,0.0
625,18,Death Over,5,5,18.0,15,3.6,120.0,6.0,3,0,3,33.33,20.0
629,18,Death Over,8,8,134.0,80,16.75,167.5,33.0,13,6,7,25.0,23.75
629,18,Middle Over,10,10,184.0,143,18.4,128.67,35.0,14,7,3,27.27,14.69
629,18,Powerplay Over,2,2,11.0,12,5.5,91.67,9.0,0,1,0,41.67,8.33
631,18,Death Over,8,8,127.0,62,15.88,204.84,40.0,10,10,4,30.65,32.26
631,18,Middle Over,16,16,513.0,316,32.06,162.34,56.0,51,24,7,25.63,23.73
631,18,Powerplay Over,8,8,77.0,61,9.62,126.23,19.0,8,4,0,47.54,19.67
632,18,Death Over,1,1,6.0,2,6.0,300.0,6.0,0,1,1,50.0,50.0
632,18,Middle Over,3,3,48.0,35,16.0,137.14,36.0,4,1,2,25.71,14.29
632,18,Powerplay Over,4,4,68.0,45,17.0,151.11,42.0,10,2,2,44.44,26.67
638,18,Death Over,2,2,28.0,19,14.0,147.37,15.0,0,2,2,15.79,10.53
638,18,Middle Over,4,4,82.0,57,20.5,143.86,48.0,8,3,3,24.56,19.3
638,18,Powerplay Over,1,1,23.0,9,23.0,255.56,23.0,2,2,0,22.22,44.44
644,18,Death Over,6,6,107.0,41,17.83,260.98,44.0,5,11,2,9.76,39.02
644,18,Middle Over,4,4,38.0,31,9.5,122.58,16.0,2,3,2,38.71,16.13
644,18,Powerplay Over,3,3,15.0,19,5.0,78.95,10.0,1,1,2,63.16,10.53
646,18,Middle Over,2,2,6.0,16,3.0,37.5,3.0,0,0,2,62.5,0.0
655,18,Death Over,5,5,124.0,68,24.8,182.35,55.0,13,8,2,19.12,30.88
655,18,Middle Over,10,10,294.0,152,29.4,193.42,70.0,21,25,6,28.29,30.26
655,18,Powerplay Over,7,7,106.0,70,15.14,151.43,44.0,11,7,3,41.43,25.71
656,18,Death Over,4,4,67.0,33,16.75,203.03,30.0,5,5,3,21.21,30.3
656,18,Middle Over,9,9,157.0,111,17.44,141.44,43.0,13,9,5,33.33,19.82
656,18,Powerplay Over,4,4,39.0,27,9.75,144.44,22.0,5,1,2,37.04,22.22
664,18,Death Over,8,8,169.0,88,21.12,192.05,31.0,19,6,2,13.64,28.41
664,18,Middle Over,10,10,129.0,111,12.9,116.22,32.0,6,5,6,24.32,9.91
664,18,Powerplay Over,2,2,2.0,3,1.0,66.67,2.0,0,0,0,33.33,0.0
664,18,Super Over,1,1,6.0,1,6.0,600.0,6.0,0,1,0,0.0,100.0
674,18,Death Over,3,3,8.0,18,2.67,44.44,5.0,0,0,1,55.56,0.0
674,18,Middle Over,1,1,2.0,9,2.0,22.22,2.0,0,0,1,66.67,0.0
679,18,Death Over,11,11,85.0,54,7.73,157.41,24.0,5,7,6,29.63,22.22
679,18,Middle Over,1,1,14.0,9,14.0,155.56,14.0,1,0,0,11.11,11.11
680,18,Death Over,3,3,9.0,13,3.0,69.23,7.0,0,0,0,23.08,0.0
680,18,Middle Over,1,1,1.0,1,1.0,100.0,1.0,0,0,0,0.0,0.0
682,18,Death Over,1,1,2.0,4,2.0,50.0,2.0,0,0,0,50.0,0.0
682,18,Middle Over,1,1,2.0,5,2.0,40.0,2.0,0,0,0,60.0,0.0
685,18,Death Over,2,2,9.0,9,4.5,100.0,7.0,0,1,2,33.33,11.11
691,18,Death Over,8,8,144.0,88,18.0,163.64,46.0,11,10,6,21.59,23.86
691,18,Middle Over,5,5,60.0,50,12.0,120.0,20.0,3,3,1,32.0,12.0
693,18,Death Over,1,1,0.0,1,0.0,0.0,0.0,0,0,1,100.0,0.0
693,18,Middle Over,1,1,0.0,7,0.0,0.0,0.0,0,0,1,100.0,0.0
697,18,Death Over,8,8,112.0,87,14.0,128.74,26.0,8,7,5,28.74,17.24
697,18,Middle Over,13,13,239.0,197,18.38,121.32,40.0,13,14,6,33.5,13.71
697,18,Powerplay Over,2,2,6.0,5,3.0,120.0,5.0,1,0,0,40.0,20.0
698,18,Death Over,1,1,9.0,10,9.0,90.0,9.0,1,0,1,30.0,10.0
698,18,Middle Over,1,1,0.0,2,0.0,0.0,0.0,0,0,0,100.0,0.0
705,18,Death Over,2,2,14.0,8,7.0,175.0,7.0,0,2,1,25.0,25.0
705,18,Middle Over,5,5,155.0,110,31.0,140.91,43.0,16,5,3,25.45,19.09
705,18,Powerplay Over,15,15,249.0,174,16.6,143.1,33.0,25,15,10,42.53,22.99
710,18,Death Over,5,5,58.0,43,11.6,134.88,27.0,5,2,3,25.58,16.28
710,18,Middle Over,10,10,166.0,131,16.6,126.72,36.0,15,3,6,23.66,13.74
710,18,Powerplay Over,4,4,76.0,43,19.0,176.74,31.0,10,3,0,32.56,30.23
712,18,Death Over,4,4,7.0,9,1.75,77.78,3.0,0,0,1,11.11,0.0
713,18,Middle Over,1,1,0.0,3,0.0,0.0,0.0,0,0,1,100.0,0.0
717,18,Death Over,4,4,60.0,25,15.0,240.0,30.0,2,7,3,24.0,36.0
717,18,Middle Over,6,6,48.0,55,8.0,87.27,24.0,1,2,3,32.73,5.45
717,18,Powerplay Over,2,2,4.0,10,2.0,40.0,4.0,1,0,1,80.0,10.0
719,18,Death Over,10,10,131.0,99,13.1,132.32,26.0,10,7,10,24.24,17.17
719,18,Middle Over,8,8,160.0,100,20.0,160.0,37.0,12,11,0,29.0,23.0
719,18,Powerplay Over,1,1,0.0,4,0.0,0.0,0.0,0,0,1,100.0,0.0
720,18,Death Over,4,4,26.0,26,6.5,100.0,18.0,1,0,3,19.23,3.85
720,18,Middle Over,3,3,61.0,37,20.33,164.86,25.0,6,2,1,24.32,21.62
720,18,Powerplay Over,1,1,5.0,9,5.0,55.56,5.0,0,0,0,66.67,0.0
721,18,Death Over,1,1,0.0,2,0.0,0.0,0.0,0,0,0,100.0,0.0
733,18,Death Over,1,1,16.0,7,16.0,228.57,16.0,2,1,1,28.57,42.86
733,18,Middle Over,5,5,163.0,72,32.6,226.39,76.0,10,15,4,19.44,34.72
733,18,Powerplay Over,13,13,260.0,163,20.0,159.51,49.0,34,12,7,36.81,28.22
750,18,Powerplay Over,1,1,14.0,12,14.0,116.67,14.0,1,1,1,50.0,16.67
753,18,Death Over,5,5,80.0,41,16.0,195.12,33.0,3,7,2,19.51,24.39
753,18,Middle Over,4,4,12.0,19,3.0,63.16,9.0,1,0,3,52.63,5.26
753,18,Powerplay Over,1,1,14.0,6,14.0,233.33,14.0,2,1,0,50.0,50.0
760,18,Death Over,8,8,180.0,85,22.5,211.76,46.0,13,15,3,18.82,32.94
760,18,Middle Over,13,13,325.0,204,25.0,159.31,48.0,18,21,5,20.59,19.12
760,18,Powerplay Over,14,14,99.0,71,7.07,139.44,18.0,12,3,4,36.62,21.13
767,18,Death Over,2,2,25.0,19,12.5,131.58,23.0,1,1,0,5.26,10.53
767,18,Middle Over,4,4,70.0,56,17.5,125.0,35.0,4,2,3,23.21,10.71
767,18,Powerplay Over,2,2,23.0,20,11.5,115.0,12.0,3,0,0,40.0,15.0
772,18,Death Over,1,1,0.0,1,0.0,0.0,0.0,0,0,1,100.0,0.0
775,18,Middle Over,1,1,11.0,6,11.0,183.33,11.0,2,0,1,16.67,33.33
775,18,Powerplay Over,5,5,63.0,49,12.6,128.57,26.0,8,3,3,48.98,22.45
777,18,Death Over,8,8,81.0,37,10.12,218.92,22.0,4,7,3,16.22,29.73
777,18,Middle Over,2,2,16.0,21,8.0,76.19,14.0,2,0,1,47.62,9.52
