player_id,venue_id,season_id,matches,innings,runs,balls,average,strike_rate,highest_score,fours,sixes,fifties,hundreds,dismissals,dot_ball_pct,boundary_pct
104,10,6,1,1,16.0,9.0,16.0,177.78,16.0,2,0,0,0,1,11.11,22.22
104,37,8,2,2,28.0,17.0,14.0,164.71,15.0,1,2,0,0,1,17.65,17.65
104,23,6,1,1,4.0,5.0,4.0,80.0,4.0,0,0,0,0,1,40.0,0.0
104,3,6,1,1,3.0,4.0,3.0,75.0,3.0,0,0,0,0,1,25.0,0.0
104,3,9,1,1,32.0,18.0,32.0,177.78,32.0,2,3,0,0,1,38.89,27.78
104,8,5,1,1,3.0,3.0,3.0,100.0,3.0,0,0,0,0,1,33.33,0.0
104,8,6,1,1,36.0,16.0,36.0,225.0,36.0,2,3,0,0,0,25.0,31.25
104,32,6,1,1,19.0,15.0,19.0,126.67,19.0,0,1,0,0,0,13.33,6.67
104,7,8,1,1,22.0,8.0,22.0,275.0,22.0,1,2,0,0,0,0.0,37.5
104,16,5,3,3,22.0,16.0,7.33,137.5,10.0,3,0,0,0,2,25.0,18.75
104,16,6,4,4,33.0,29.0,8.25,113.79,14.0,3,1,0,0,2,37.93,13.79
104,16,8,2,2,23.0,21.0,11.5,109.52,17.0,1,1,0,0,2,42.86,9.52
104,16,9,2,2,15.0,11.0,7.5,136.36,13.0,0,1,0,0,1,18.18,9.09
104,18,6,1,1,14.0,11.0,14.0,127.27,14.0,1,0,0,0,1,27.27,9.09
104,28,5,1,1,10.0,10.0,10.0,100.0,10.0,0,1,0,0,1,60.0,10.0
629,10,17,1,1,6.0,9.0,6.0,66.67,6.0,0,0,0,0,1,55.56,0.0
629,24,16,5,5,94.0,63.0,18.8,149.21,59.0,3,6,1,0,2,28.57,14.29
629,24,17,6,6,122.0,87.0,20.33,140.23,55.0,10,2,1,0,4,19.54,13.79
629,24,18,6,6,160.0,115.0,26.67,139.13,41.0,14,6,0,0,5,31.3,17.39
629,26,15,2,2,19.0,10.0,9.5,190.0,19.0,0,2,0,0,1,30.0,20.0
629,37,18,1,1,4.0,5.0,4.0,80.0,4.0,0,0,0,0,1,20.0,0.0
629,27,15,3,3,42.0,28.0,14.0,150.0,19.0,6,1,0,0,2,35.71,25.0
629,23,16,1,1,25.0,21.0,25.0,119.05,25.0,2,1,0,0,1,38.1,14.29
629,23,17,1,1,29.0,27.0,29.0,107.41,29.0,2,1,0,0,1,33.33,11.11
629,11,18,1,1,74.0,40.0,74.0,185.0,74.0,5,5,1,0,1,27.5,25.0
629,3,16,1,1,30.0,24.0,30.0,125.0,30.0,4,0,0,0,1,25.0,16.67
629,3,17,1,1,0.0,3.0,0.0,0.0,0.0,0,0,0,0,1,100.0,0.0
629,8,16,2,2,24.0,25.0,12.0,96.0,23.0,0,0,0,0,2,32.0,0.0
629,32,15,3,3,27.0,33.0,9.0,81.82,15.0,1,0,0,0,3,42.42,3.03
629,2,16,1,1,21.0,11.0,21.0,190.91,21.0,1,2,0,0,1,27.27,27.27
629,7,16,1,1,43.0,24.0,43.0,179.17,43.0,3,3,0,0,1,29.17,25.0
629,16,17,1,1,55.0,30.0,55.0,183.33,55.0,9,0,1,0,0,16.67,30.0
629,16,18,1,1,6.0,6.0,6.0,100.0,6.0,1,0,0,0,1,50.0,16.67
629,18,16,1,1,1.0,4.0,1.0,25.0,1.0,0,0,0,0,1,50.0,0.0
629,18,17,1,1,1.0,5.0,1.0,20.0,1.0,0,0,0,0,1,80.0,0.0
629,18,18,1,1,50.0,34.0,50.0,147.06,50.0,5,1,1,0,1,23.53,17.65
629,28,15,3,3,73.0,59.0,24.33,123.73,54.0,4,4,1,0,3,33.9,13.56
629,28,17,1,1,22.0,10.0,22.0,220.0,22.0,1,2,0,0,0,20.0,30.0
629,28,18,1,1,35.0,22.0,35.0,159.09,35.0,2,2,0,0,1,22.73,18.18
191,3,6,1,1,4.0,6.0,4.0,66.67,4.0,0,0,0,0,0,33.33,0.0
191,16,5,1,1,0.0,1.0,0.0,0.0,0.0,0,0,0,0,1,100.0,0.0
239,23,1,3,3,17.0,25.0,5.67,68.0,13.0,2,0,0,0,3,56.0,8.0
239,5,2,1,1,11.0,19.0,11.0,57.89,11.0,2,0,0,0,1,68.42,10.53
239,16,1,1,1,24.0,23.0,24.0,104.35,24.0,3,0,0,0,1,43.48,13.04
239,28,1,1,1,1.0,4.0,1.0,25.0,1.0,0,0,0,0,0,75.0,0.0
315,3,10,2,2,19.0,18.0,9.5,105.56,15.0,1,0,0,0,1,16.67,5.56
315,16,10,1,1,6.0,2.0,6.0,300.0,6.0,0,1,0,0,1,50.0,50.0
8,28,11,1,1,4.0,5.0,4.0,80.0,4.0,0,0,0,0,0,40.0,0.0
42,13,2,1,1,16.0,17.0,16.0,94.12,16.0,1,0,0,0,1,35.29,5.88
42,5,2,1,1,24.0,23.0,24.0,104.35,24.0,2,1,0,0,1,39.13,13.04
42,30,2,1,1,22.0,13.0,22.0,169.23,22.0,2,1,0,0,0,15.38,23.08
301,10,18,1,1,5.0,3.0,5.0,166.67,5.0,1,0,0,0,0,33.33,33.33
301,23,17,1,1,2.0,2.0,2.0,100.0,2.0,0,0,0,0,0,0.0,0.0
301,23,18,1,1,4.0,1.0,4.0,400.0,4.0,1,0,0,0,0,0.0,100.0
301,8,18,3,3,5.0,8.0,1.67,62.5,3.0,0,0,0,0,2,62.5,0.0
39,10,3,1,1,1.0,1.0,1.0,100.0,1.0,0,0,0,0,0,0.0,0.0
39,27,3,1,1,1.0,2.0,1.0,50.0,1.0,0,0,0,0,0,50.0,0.0
39,13,2,2,2,6.0,6.0,3.0,100.0,5.0,1,0,0,0,1,50.0,16.67
39,3,1,1,1,3.0,7.0,3.0,42.86,3.0,0,0,0,0,0,57.14,0.0
39,3,3,2,2,2.0,4.0,1.0,50.0,1.0,0,0,0,0,0,25.0,0.0
39,8,1,1,1,2.0,1.0,2.0,200.0,2.0,0,0,0,0,0,0.0,0.0
39,19,2,1,1,1.0,1.0,1.0,100.0,1.0,0,0,0,0,0,0.0,0.0
39,5,2,1,1,1.0,1.0,1.0,100.0,1.0,0,0,0,0,0,0.0,0.0
39,7,1,1,1,0.0,1.0,0.0,0.0,0.0,0,0,0,0,0,0.0,0.0
39,18,1,1,1,8.0,8.0,8.0,100.0,8.0,1,0,0,0,1,37.5,12.5
39,30,2,2,2,8.0,11.0,4.0,72.73,7.0,1,0,0,0,0,54.55,9.09
39,29,3,1,1,2.0,4.0,2.0,50.0,2.0,0,0,0,0,0,50.0,0.0
280,24,16,1,1,3.0,5.0,3.0,60.0,3.0,0,0,0,0,1,40.0,0.0
280,24,18,1,1,12.0,11.0,12.0,109.09,12.0,0,1,0,0,1,36.36,9.09
280,37,18,1,1,4.0,6.0,4.0,66.67,4.0,0,0,0,0,1,50.0,0.0
280,27,15,3,3,80.0,53.0,26.67,150.94,43.0,9,3,0,0,3,32.08,22.64
280,32,15,2,2,13.0,14.0,6.5,92.86,12.0,2,0,0,0,2,50.0,14.29
280,2,16,4,4,109.0,75.0,27.25,145.33,42.0,6,7,0,0,4,29.33,17.33
280,2,17,1,1,8.0,14.0,8.0,57.14,8.0,1,0,0,0,1,71.43,7.14
280,16,18,3,3,45.0,44.0,15.0,102.27,43.0,2,3,0,0,3,47.73,11.36
280,18,17,1,1,1.0,2.0,1.0,50.0,1.0,0,0,0,0,1,50.0,0.0
280,28,15,2,2,15.0,8.0,7.5,187.5,15.0,3,0,0,0,1,25.0,37.5
280,28,16,1,1,2.0,3.0,2.0,66.67,2.0,0,0,0,0,1,33.33,0.0
568,10,18,1,1,43.0,20.0,43.0,215.0,43.0,8,1,0,0,1,35.0,45.0
568,23,18,1,1,0.0,2.0,0.0,0.0,0.0,0,0,0,0,1,100.0,0.0
568,3,18,1,1,94.0,48.0,94.0,195.83,94.0,9,5,1,0,1,20.83,29.17
568,8,18,2,2,37.0,25.0,18.5,148.0,30.0,7,0,0,0,2,36.0,28.0
568,2,18,1,1,34.0,17.0,34.0,200.0,34.0,3,3,0,0,1,47.06,35.29
568,28,18,1,1,32.0,15.0,32.0,213.33,32.0,4,2,0,0,1,33.33,40.0
234,10,3,4,4,23.0,27.0,5.75,85.19,10.0,1,0,0,0,2,25.93,3.7
234,10,5,1,1,6.0,6.0,6.0,100.0,6.0,0,0,0,0,1,16.67,0.0
234,10,6,1,1,16.0,14.0,16.0,114.29,16.0,2,0,0,0,0,35.71,14.29
234,10,8,2,2,3.0,5.0,1.5,60.0,2.0,0,0,0,0,1,40.0,0.0
234,10,10,3,3,29.0,27.0,9.67,107.41,13.0,0,2,0,0,1,29.63,7.41
234,10,11,1,1,1.0,2.0,1.0,50.0,1.0,0,0,0,0,0,50.0,0.0
234,10,12,1,1,6.0,8.0,6.0,75.0,6.0,0,0,0,0,0,25.0,0.0
234,9,3,1,1,0.0,1.0,0.0,0.0,0.0,0,0,0,0,1,100.0,0.0
234,9,5,1,1,1.0,1.0,1.0,100.0,1.0,0,0,0,0,0,0.0,0.0
234,24,16,1,1,19.0,30.0,19.0,63.33,19.0,2,0,0,0,1,56.67,6.67
234,26,3,1,1,12.0,17.0,12.0,70.59,12.0,0,0,0,0,1,29.41,0.0
234,26,8,1,1,1.0,3.0,1.0,33.33,1.0,0,0,0,0,0,66.67,0.0
234,37,5,1,1,0.0,2.0,0.0,0.0,0.0,0,0,0,0,1,100.0,0.0
234,37,9,1,1,1.0,5.0,1.0,20.0,1.0,0,0,0,0,1,80.0,0.0
234,37,12,2,2,7.0,5.0,3.5,140.0,6.0,1,0,0,0,1,40.0,20.0
234,23,1,1,1,31.0,32.0,31.0,96.88,31.0,3,0,0,0,2,34.38,9.38
234,23,3,1,1,4.0,6.0,4.0,66.67,4.0,0,0,0,0,0,33.33,0.0
234,23,4,1,1,12.0,5.0,12.0,240.0,12.0,1,1,0,0,0,0.0,40.0
234,23,6,1,1,1.0,1.0,1.0,100.0,1.0,0,0,0,0,0,0.0,0.0
234,23,9,1,1,3.0,9.0,3.0,33.33,3.0,0,0,0,0,1,66.67,0.0
234,20,10,1,1,8.0,2.0,8.0,400.0,8.0,2,0,0,0,0,0.0,100.0
234,13,2,1,1,2.0,3.0,2.0,66.67,2.0,0,0,0,0,1,33.33,0.0
234,3,10,1,1,8.0,14.0,8.0,57.14,8.0,0,0,0,0,0,50.0,0.0
234,8,4,1,1,2.0,5.0,2.0,40.0,2.0,0,0,0,0,2,80.0,0.0
234,8,6,1,1,15.0,21.0,15.0,71.43,15.0,2,0,0,0,1,61.9,9.52
234,8,8,1,1,4.0,4.0,4.0,100.0,4.0,0,0,0,0,1,25.0,0.0
234,8,12,1,1,8.0,11.0,8.0,72.73,8.0,1,0,0,0,1,54.55,9.09
234,32,6,1,1,30.0,24.0,30.0,125.0,30.0,3,0,0,0,1,16.67,12.5
234,2,7,1,1,0.0,2.0,0.0,0.0,0.0,0,0,0,0,1,50.0,0.0
234,22,4,1,1,0.0,1.0,0.0,0.0,0.0,0,0,0,0,1,100.0,0.0
234,19,2,1,1,11.0,8.0,11.0,137.5,11.0,1,1,0,0,0,62.5,25.0
234,7,10,1,1,4.0,9.0,4.0,44.44,4.0,0,0,0,0,0,55.56,0.0
234,16,4,5,5,36.0,32.0,7.2,112.5,25.0,4,0,0,0,3,28.12,12.5
234,16,5,1,1,8.0,5.0,8.0,160.0,8.0,1,0,0,0,0,0.0,20.0
234,16,6,1,1,6.0,8.0,6.0,75.0,6.0,0,0,0,0,0,37.5,0.0
234,18,1,1,1,4.0,5.0,4.0,80.0,4.0,0,0,0,0,1,40.0,0.0
234,18,6,1,1,21.0,28.0,21.0,75.0,21.0,2,0,0,0,1,53.57,7.14
234,36,7,1,1,4.0,5.0,4.0,80.0,4.0,0,0,0,0,0,20.0,0.0
234,6,2,3,3,13.0,9.0,4.33,144.44,13.0,1,1,0,0,1,44.44,22.22
234,28,1,1,1,2.0,5.0,2.0,40.0,2.0,0,0,0,0,1,60.0,0.0
234,28,4,1,1,18.0,6.0,18.0,300.0,18.0,4,0,0,0,0,0.0,66.67
234,28,5,1,1,1.0,6.0,1.0,16.67,1.0,0,0,0,0,1,83.33,0.0
739,10,3,1,1,5.0,4.0,5.0,125.0,5.0,1,0,0,0,1,50.0,25.0
739,10,4,1,1,0.0,2.0,0.0,0.0,0.0,0,0,0,0,1,100.0,0.0
739,11,4,1,1,10.0,7.0,10.0,142.86,10.0,0,1,0,0,1,42.86,14.29
739,35,6,1,1,2.0,2.0,2.0,100.0,2.0,0,0,0,0,1,50.0,0.0
739,3,4,1,1,6.0,3.0,6.0,200.0,6.0,1,0,0,0,0,0.0,33.33
739,8,4,1,1,11.0,8.0,11.0,137.5,11.0,2,0,0,0,1,12.5,25.0
447,8,1,1,1,0.0,1.0,0.0,0.0,0.0,0,0,0,0,1,100.0,0.0
447,18,6,1,1,19.0,21.0,19.0,90.48,19.0,1,0,0,0,1,33.33,4.76
64,10,3,2,2,23.0,20.0,11.5,115.0,22.0,2,1,0,0,1,40.0,15.0
64,23,6,1,1,0.0,1.0,0.0,0.0,0.0,0,0,0,0,1,100.0,0.0
64,23,8,1,1,1.0,4.0,1.0,25.0,1.0,0,0,0,0,0,25.0,0.0
64,3,8,1,1,0.0,1.0,0.0,0.0,0.0,0,0,0,0,0,0.0,0.0
64,8,1,1,1,1.0,2.0,1.0,50.0,1.0,0,0,0,0,0,50.0,0.0
64,8,6,1,1,0.0,1.0,0.0,0.0,0.0,0,0,0,0,1,100.0,0.0
64,8,8,1,1,0.0,1.0,0.0,0.0,0.0,0,0,0,0,1,100.0,0.0
64,4,2,1,1,1.0,1.0,1.0,100.0,1.0,0,0,0,0,0,0.0,0.0
64,7,1,1,1,2.0,10.0,2.0,20.0,2.0,0,0,0,0,0,80.0,0.0
64,7,5,1,1,2.0,4.0,2.0,50.0,2.0,0,0,0,0,1,25.0,0.0
64,16,6,1,1,0.0,1.0,0.0,0.0,0.0,0,0,0,0,1,100.0,0.0
64,16,9,1,1,1.0,1.0,1.0,100.0,1.0,0,0,0,0,0,0.0,0.0
64,18,5,1,1,9.0,8.0,9.0,112.5,9.0,1,0,0,0,0,37.5,12.5
64,28,1,1,1,0.0,1.0,0.0,0.0,0.0,0,0,0,0,0,0.0,0.0
64,28,6,1,1,1.0,5.0,1.0,20.0,1.0,0,0,0,0,1,80.0,0.0
64,28,8,1,1,0.0,1.0,0.0,0.0,0.0,0,0,0,0,1,100.0,0.0
744,10,16,3,3,9.0,6.0,3.0,150.0,5.0,2,0,0,0,1,33.33,33.33
744,10,17,1,1,0.0,2.0,0.0,0.0,0.0,0,0,0,0,1,100.0,0.0
744,15,16,1,1,0.0,1.0,0.0,0.0,0.0,0,0,0,0,1,100.0,0.0
744,37,17,1,1,4.0,6.0,4.0,66.67,4.0,0,0,0,0,1,50.0,0.0
744,27,15,1,1,1.0,6.0,1.0,16.67,1.0,0,0,0,0,0,83.33,0.0
744,12,13,2,2,4.0,4.0,2.0,100.0,3.0,0,0,0,0,1,50.0,0.0
744,3,16,1,1,23.0,14.0,23.0,164.29,23.0,4,0,0,0,0,21.43,28.57
744,2,16,1,1,3.0,6.0,3.0,50.0,3.0,0,0,0,0,0,50.0,0.0
744,16,16,1,1,2.0,2.0,2.0,100.0,2.0,0,0,0,0,0,0.0,0.0
744,1,13,1,1,3.0,2.0,3.0,150.0,3.0,0,0,0,0,0,50.0,0.0
710,10,18,2,2,58.0,50.0,29.0,116.0,44.0,4,2,0,0,2,32.0,12.0
710,15,18,1,1,22.0,17.0,22.0,129.41,22.0,2,0,0,0,0,5.88,11.76
710,24,17,1,1,32.0,26.0,32.0,123.08,32.0,3,1,0,0,1,30.77,15.38
710,37,17,1,1,54.0,27.0,54.0,200.0,54.0,5,3,1,0,1,14.81,29.63
710,23,17,3,3,40.0,28.0,13.33,142.86,30.0,5,1,0,0,3,28.57,21.43
710,23,18,6,6,157.0,104.0,26.17,150.96,50.0,16,4,1,0,5,22.12,19.23
710,8,17,1,1,24.0,18.0,24.0,133.33,24.0,3,1,0,0,1,44.44,22.22
710,25,18,1,1,37.0,28.0,37.0,132.14,37.0,5,1,0,0,1,39.29,21.43
710,28,17,1,1,13.0,6.0,13.0,216.67,13.0,0,2,0,0,1,50.0,33.33
710,28,18,1,1,26.0,16.0,26.0,162.5,26.0,3,1,0,0,1,31.25,25.0
368,23,4,1,1,0.0,2.0,0.0,0.0,0.0,0,0,0,0,1,100.0,0.0
368,13,2,1,1,1.0,2.0,1.0,50.0,1.0,0,0,0,0,0,50.0,0.0
368,4,2,1,1,0.0,1.0,0.0,0.0,0.0,0,0,0,0,1,100.0,0.0
368,18,4,1,1,1.0,2.0,1.0,50.0,1.0,0,0,0,0,1,50.0,0.0
368,28,5,1,1,0.0,3.0,0.0,0.0,0.0,0,0,0,0,1,66.67,0.0
403,10,3,1,1,54.0,30.0,54.0,180.0,54.0,3,5,1,0,1,36.67,26.67
403,9,3,2,2,88.0,62.0,44.0,141.94,53.0,6,5,1,0,2,30.65,17.74
403,26,3,1,1,21.0,18.0,21.0,116.67,21.0,2,0,0,0,1,27.78,11.11
403,21,2,2,2,90.0,55.0,45.0,163.64,60.0,4,5,1,0,1,25.45,16.36
403,27,3,4,4,31.0,45.0,7.75,68.89,23.0,3,0,0,0,4,53.33,6.67
403,27,4,1,1,3.0,3.0,3.0,100.0,3.0,0,0,0,0,1,33.33,0.0
403,23,1,1,1,32.0,39.0,32.0,82.05,32.0,2,2,0,0,1,58.97,10.26
403,23,3,1,1,45.0,37.0,45.0,121.62,45.0,5,0,0,0,1,29.73,13.51
403,11,3,1,1,4.0,6.0,4.0,66.67,4.0,0,0,0,0,1,50.0,0.0
403,13,2,1,1,41.0,22.0,41.0,186.36,41.0,3,2,0,0,1,22.73,22.73
403,3,3,1,1,53.0,24.0,53.0,220.83,53.0,5,3,1,0,0,8.33,33.33
403,8,3,1,1,50.0,43.0,50.0,116.28,50.0,3,3,1,0,1,44.19,13.95
403,2,3,1,1,22.0,14.0,22.0,157.14,22.0,3,0,0,0,0,28.57,21.43
403,19,2,3,3,76.0,59.0,25.33,128.81,33.0,5,2,0,0,4,28.81,11.86
403,7,4,1,1,8.0,6.0,8.0,133.33,8.0,1,0,0,0,0,50.0,16.67
403,16,1,2,2,129.0,66.0,64.5,195.45,117.0,13,7,1,1,1,24.24,30.3
403,16,4,1,1,44.0,33.0,44.0,133.33,44.0,4,1,0,0,0,27.27,15.15
403,18,4,1,1,17.0,26.0,17.0,65.38,17.0,1,0,0,0,1,46.15,3.85
403,6,2,2,2,42.0,30.0,21.0,140.0,24.0,3,2,0,0,2,33.33,16.67
403,29,3,3,3,61.0,62.0,20.33,98.39,27.0,5,2,0,0,2,43.55,11.29
403,28,4,5,5,63.0,70.0,12.6,90.0,31.0,3,2,0,0,1,38.57,7.14
70,27,15,1,1,4.0,8.0,4.0,50.0,4.0,1,0,0,0,1,87.5,12.5
443,26,3,1,1,0.0,1.0,0.0,0.0,0.0,0,0,0,0,1,100.0,0.0
443,2,3,1,1,4.0,6.0,4.0,66.67,4.0,0,0,0,0,0,33.33,0.0
243,37,9,1,1,0.0,1.0,0.0,0.0,0.0,0,0,0,0,1,100.0,0.0
243,8,16,1,1,1.0,1.0,1.0,100.0,1.0,0,0,0,0,1,0.0,0.0
243,32,10,1,1,5.0,7.0,5.0,71.43,5.0,1,0,0,0,1,71.43,14.29
243,18,16,2,2,9.0,15.0,4.5,60.0,7.0,0,0,0,0,2,40.0,0.0
153,13,2,1,1,12.0,14.0,12.0,85.71,12.0,1,0,0,0,0,28.57,7.14
153,19,2,1,1,6.0,7.0,6.0,85.71,6.0,0,0,0,0,1,28.57,0.0
153,30,2,1,1,1.0,5.0,1.0,20.0,1.0,0,0,0,0,1,80.0,0.0
153,6,2,3,3,48.0,55.0,16.0,87.27,22.0,4,0,0,0,2,43.64,7.27
153,29,3,1,1,2.0,4.0,2.0,50.0,2.0,0,0,0,0,1,50.0,0.0
607,17,4,1,1,1.0,3.0,1.0,33.33,1.0,0,0,0,0,0,66.67,0.0
607,18,5,1,1,7.0,6.0,7.0,116.67,7.0,1,0,0,0,0,33.33,16.67
607,28,5,1,1,4.0,2.0,4.0,200.0,4.0,1,0,0,0,1,50.0,50.0
257,10,3,1,1,2.0,5.0,2.0,40.0,2.0,0,0,0,0,0,60.0,0.0
257,10,5,1,1,4.0,5.0,4.0,80.0,4.0,1,0,0,0,1,80.0,20.0
257,26,3,1,1,14.0,11.0,14.0,127.27,14.0,1,1,0,0,1,45.45,18.18
257,27,4,1,1,10.0,15.0,10.0,66.67,10.0,2,0,0,0,1,66.67,13.33
257,3,3,1,1,5.0,7.0,5.0,71.43,5.0,1,0,0,0,1,71.43,14.29
257,8,3,1,1,7.0,4.0,7.0,175.0,7.0,0,1,0,0,1,25.0,25.0
257,8,5,1,1,1.0,1.0,1.0,100.0,1.0,0,0,0,0,0,0.0,0.0
257,2,3,3,3,109.0,87.0,36.33,125.29,53.0,12,1,1,0,4,29.89,14.94
257,7,4,1,1,0.0,3.0,0.0,0.0,0.0,0,0,0,0,1,66.67,0.0
257,16,5,1,1,19.0,20.0,19.0,95.0,19.0,0,1,0,0,1,40.0,5.0
257,18,3,2,2,35.0,44.0,17.5,79.55,22.0,1,1,0,0,2,45.45,4.55
257,29,3,1,1,11.0,8.0,11.0,137.5,11.0,1,0,0,0,1,25.0,12.5
409,24,17,2,2,9.0,8.0,4.5,112.5,9.0,2,0,0,0,2,62.5,25.0
388,3,1,1,1,9.0,10.0,9.0,90.0,9.0,1,0,0,0,1,40.0,10.0
577,10,3,1,1,17.0,13.0,17.0,130.77,17.0,1,0,0,0,1,15.38,7.69
577,10,6,2,2,12.0,16.0,6.0,75.0,9.0,0,0,0,0,1,31.25,0.0
577,23,1,2,2,7.0,8.0,3.5,87.5,5.0,1,0,0,0,1,50.0,12.5
577,23,3,1,1,8.0,5.0,8.0,160.0,8.0,1,0,0,0,0,20.0,20.0
577,13,2,2,2,19.0,24.0,9.5,79.17,13.0,0,0,0,0,0,20.83,0.0
577,3,3,1,1,6.0,6.0,6.0,100.0,6.0,0,0,0,0,0,16.67,0.0
577,8,1,1,1,11.0,9.0,11.0,122.22,11.0,1,0,0,0,1,22.22,11.11
577,8,3,1,1,9.0,5.0,9.0,180.0,9.0,2,0,0,0,0,40.0,40.0
577,19,2,1,1,39.0,29.0,39.0,134.48,39.0,3,2,0,0,1,41.38,17.24
577,5,2,2,2,8.0,4.0,4.0,200.0,7.0,0,1,0,0,1,25.0,25.0
577,7,1,1,1,1.0,2.0,1.0,50.0,1.0,0,0,0,0,0,0.0,0.0
577,18,1,1,1,20.0,13.0,20.0,153.85,20.0,1,2,0,0,1,53.85,23.08
577,28,1,1,1,15.0,14.0,15.0,107.14,15.0,2,0,0,0,1,42.86,14.29
577,28,4,1,1,7.0,6.0,7.0,116.67,7.0,1,0,0,0,0,16.67,16.67
715,10,3,1,1,2.0,5.0,2.0,40.0,2.0,0,0,0,0,0,60.0,0.0
715,9,3,1,1,7.0,10.0,7.0,70.0,7.0,1,0,0,0,1,60.0,10.0
715,7,3,1,1,33.0,27.0,33.0,122.22,33.0,4,1,0,0,1,40.74,18.52
481,10,1,1,1,0.0,1.0,0.0,0.0,0.0,0,0,0,0,1,100.0,0.0
481,10,3,2,2,13.0,14.0,6.5,92.86,11.0,2,0,0,0,2,42.86,14.29
481,10,4,1,1,5.0,2.0,5.0,250.0,5.0,1,0,0,0,0,0.0,50.0
481,10,6,1,1,32.0,17.0,32.0,188.24,32.0,2,2,0,0,0,11.76,23.53
481,10,11,1,1,72.0,37.0,72.0,194.59,72.0,4,6,1,0,0,24.32,27.03
481,10,12,1,1,17.0,19.0,17.0,89.47,17.0,0,1,0,0,1,36.84,5.26
481,9,3,1,1,27.0,26.0,27.0,103.85,27.0,2,0,0,0,2,34.62,7.69
481,26,3,1,1,4.0,7.0,4.0,57.14,4.0,0,0,0,0,1,42.86,0.0
481,14,2,1,1,50.0,38.0,50.0,131.58,50.0,6,1,1,0,0,36.84,18.42
481,27,1,1,1,21.0,17.0,21.0,123.53,21.0,2,1,0,0,0,52.94,17.65
481,12,7,2,2,62.0,63.0,31.0,98.41,45.0,5,1,0,0,1,41.27,9.52
481,12,13,7,8,243.0,142.0,34.71,171.13,61.0,20,13,3,0,5,24.65,23.24
481,12,14,3,3,41.0,33.0,13.67,124.24,26.0,4,2,0,0,2,45.45,18.18
481,23,1,1,1,7.0,12.0,7.0,58.33,7.0,0,0,0,0,1,50.0,0.0
481,23,5,1,1,0.0,1.0,0.0,0.0,0.0,0,0,0,0,1,100.0,0.0
481,23,7,1,1,13.0,13.0,13.0,100.0,13.0,1,0,0,0,1,38.46,7.69
481,23,8,1,1,28.0,13.0,28.0,215.38,28.0,3,2,0,0,1,23.08,38.46
481,23,9,1,1,59.0,31.0,59.0,190.32,59.0,5,3,1,0,0,19.35,25.81
481,23,10,1,1,8.0,6.0,8.0,133.33,8.0,2,0,0,0,1,66.67,33.33
481,23,11,1,1,44.0,23.0,44.0,191.3,44.0,1,5,0,0,1,30.43,26.09
481,11,4,1,1,34.0,27.0,34.0,125.93,34.0,3,1,0,0,1,37.04,14.81
481,17,10,1,1,89.0,46.0,89.0,193.48,89.0,3,9,1,0,0,28.26,26.09
481,35,6,1,1,28.0,22.0,28.0,127.27,28.0,1,1,0,0,1,18.18,9.09
481,35,7,1,1,28.0,14.0,28.0,200.0,28.0,1,3,0,0,1,35.71,28.57
481,35,8,1,1,1.0,3.0,1.0,33.33,1.0,0,0,0,0,1,66.67,0.0
481,13,2,2,2,149.0,90.0,74.5,165.56,105.0,9,7,1,1,1,18.89,17.78
481,3,1,1,1,21.0,25.0,21.0,84.0,21.0,1,0,0,0,1,40.0,4.0
481,3,3,1,1,45.0,35.0,45.0,128.57,45.0,3,0,0,0,1,17.14,8.57
481,3,4,5,5,104.0,86.0,20.8,120.93,38.0,8,4,0,0,3,27.91,13.95
481,3,5,7,7,191.0,118.0,27.29,161.86,64.0,16,9,1,0,4,22.03,21.19
481,3,6,7,8,138.0,94.0,19.71,146.81,52.0,10,9,1,0,6,37.23,20.21
481,3,7,5,5,243.0,122.0,48.6,199.18,89.0,14,19,3,0,4,19.67,27.05
481,3,8,6,6,207.0,122.0,34.5,169.67,57.0,22,12,1,0,3,33.61,27.87
481,3,9,9,9,379.0,218.0,42.11,173.85,129.0,32,25,4,1,7,26.61,26.15
481,3,10,5,5,73.0,76.0,14.6,96.05,29.0,4,4,0,0,4,44.74,10.53
481,3,11,5,5,304.0,166.0,60.8,183.13,90.0,27,19,4,0,4,25.9,27.71
481,3,12,7,7,268.0,158.0,38.29,169.62,82.0,18,19,3,0,5,30.38,23.42
481,8,1,1,1,26.0,21.0,26.0,123.81,26.0,2,0,0,0,0,23.81,9.52
481,8,4,3,3,104.0,71.0,34.67,146.48,65.0,8,3,1,0,2,22.54,15.49
481,8,5,1,1,4.0,2.0,4.0,200.0,4.0,1,0,0,0,1,50.0,50.0
481,8,6,1,1,64.0,32.0,64.0,200.0,64.0,8,1,1,0,1,12.5,28.12
481,8,8,1,1,21.0,14.0,21.0,150.0,21.0,5,0,0,0,1,57.14,35.71
481,8,12,1,1,9.0,10.0,9.0,90.0,9.0,0,0,0,0,1,40.0,0.0
481,8,14,3,3,125.0,66.0,41.67,189.39,76.0,13,5,1,0,2,21.21,27.27
481,32,8,1,1,66.0,38.0,66.0,173.68,66.0,4,4,1,0,0,23.68,21.05
481,32,9,1,1,83.0,46.0,83.0,180.43,83.0,6,4,1,0,1,10.87,21.74
481,32,10,1,1,3.0,8.0,3.0,37.5,3.0,0,0,0,0,1,50.0,0.0
481,32,11,1,1,1.0,4.0,1.0,25.0,1.0,0,0,0,0,1,75.0,0.0
481,2,3,1,1,15.0,24.0,15.0,62.5,15.0,0,0,0,0,1,45.83,0.0
481,2,8,1,1,47.0,34.0,47.0,138.24,47.0,6,0,0,0,0,23.53,17.65
481,2,14,2,2,78.0,51.0,39.0,152.94,75.0,3,5,1,0,1,27.45,15.69
481,22,4,1,1,54.0,40.0,54.0,135.0,54.0,1,5,1,0,0,37.5,15.0
481,19,2,3,3,68.0,62.0,22.67,109.68,40.0,8,0,0,0,2,35.48,12.9
481,4,2,2,2,90.0,66.0,45.0,136.36,79.0,9,1,1,0,1,28.79,15.15
481,7,3,1,1,7.0,13.0,7.0,53.85,7.0,0,0,0,0,0,46.15,0.0
481,7,5,1,1,52.0,39.0,52.0,133.33,52.0,6,0,1,0,1,28.21,15.38
481,7,6,1,1,38.0,19.0,38.0,200.0,38.0,4,2,0,0,0,21.05,31.58
481,7,8,1,1,10.0,9.0,10.0,111.11,10.0,1,0,0,0,1,11.11,11.11
481,7,9,1,1,64.0,35.0,64.0,182.86,64.0,5,2,1,0,1,11.43,20.0
481,7,12,1,1,59.0,38.0,59.0,155.26,59.0,5,2,1,0,0,18.42,18.42
481,16,4,1,1,0.0,7.0,0.0,0.0,0.0,0,0,0,0,1,100.0,0.0
481,16,5,1,1,4.0,11.0,4.0,36.36,4.0,0,0,0,0,1,63.64,0.0
481,16,7,1,1,29.0,17.0,29.0,170.59,29.0,2,1,0,0,1,5.88,17.65
481,16,8,1,1,0.0,1.0,0.0,0.0,0.0,0,0,0,0,1,100.0,0.0
481,16,9,1,1,47.0,32.0,47.0,146.88,47.0,3,2,0,0,1,28.12,15.62
481,16,11,1,1,5.0,8.0,5.0,62.5,5.0,0,0,0,0,1,37.5,0.0
481,16,12,1,1,1.0,2.0,1.0,50.0,1.0,0,0,0,0,1,50.0,0.0
481,34,9,1,1,20.0,16.0,20.0,125.0,20.0,2,0,0,0,1,18.75,12.5
481,18,1,1,1,20.0,22.0,20.0,90.91,20.0,0,0,0,0,1,27.27,0.0
481,18,5,1,1,59.0,23.0,59.0,256.52,59.0,3,5,1,0,0,13.04,34.78
481,18,6,1,1,21.0,13.0,21.0,161.54,21.0,3,0,0,0,1,15.38,23.08
481,18,11,1,1,53.0,35.0,53.0,151.43,53.0,7,0,1,0,1,22.86,20.0
481,18,12,1,1,13.0,9.0,13.0,144.44,13.0,2,0,0,0,1,44.44,22.22
481,33,9,1,1,6.0,8.0,6.0,75.0,6.0,1,0,0,0,1,75.0,12.5
481,36,7,1,1,11.0,12.0,11.0,91.67,11.0,1,0,0,0,1,33.33,8.33
481,36,13,3,3,99.0,62.0,33.0,159.68,73.0,6,7,1,0,2,37.1,20.97
481,36,14,3,3,46.0,38.0,15.33,121.05,23.0,2,3,0,0,3,36.84,13.16
481,1,7,1,1,0.0,1.0,0.0,0.0,0.0,0,0,0,0,1,100.0,0.0
481,1,13,4,4,118.0,86.0,29.5,137.21,56.0,8,3,1,0,3,20.93,12.79
481,1,14,2,2,19.0,14.0,9.5,135.71,19.0,1,1,0,0,1,28.57,14.29
481,30,2,1,1,21.0,23.0,21.0,91.3,21.0,0,0,0,0,1,26.09,0.0
481,31,5,1,1,9.0,4.0,9.0,225.0,9.0,0,1,0,0,0,0.0,25.0
481,31,6,1,1,50.0,23.0,50.0,217.39,50.0,6,2,1,0,0,17.39,34.78
481,6,2,4,4,87.0,76.0,21.75,114.47,50.0,7,3,1,0,4,38.16,13.16
481,28,4,1,1,11.0,10.0,11.0,110.0,11.0,0,1,0,0,1,50.0,10.0
481,28,6,1,1,2.0,3.0,2.0,66.67,2.0,0,0,0,0,1,33.33,0.0
481,28,7,1,1,9.0,7.0,9.0,128.57,9.0,2,0,0,0,1,57.14,28.57
481,28,8,1,1,133.0,59.0,133.0,225.42,133.0,19,4,1,1,0,16.95,38.98
481,28,9,1,1,29.0,21.0,29.0,138.1,29.0,3,1,0,0,1,28.57,19.05
481,28,10,1,1,43.0,27.0,43.0,159.26,43.0,3,3,0,0,1,29.63,22.22
481,28,11,1,1,1.0,2.0,1.0,50.0,1.0,0,0,0,0,1,50.0,0.0
481,28,12,1,1,75.0,51.0,75.0,147.06,75.0,6,4,1,0,1,31.37,19.61
481,28,14,1,1,4.0,9.0,4.0,44.44,4.0,0,0,0,0,2,55.56,0.0
134,10,4,1,1,0.0,5.0,0.0,0.0,0.0,0,0,0,0,1,100.0,0.0
134,12,7,1,1,2.0,5.0,2.0,40.0,2.0,0,0,0,0,0,60.0,0.0
134,3,3,1,1,0.0,1.0,0.0,0.0,0.0,0,0,0,0,1,100.0,0.0
134,3,6,1,1,1.0,1.0,1.0,100.0,1.0,0,0,0,0,0,0.0,0.0
134,32,6,1,1,0.0,1.0,0.0,0.0,0.0,0,0,0,0,1,100.0,0.0
134,32,10,1,1,7.0,7.0,7.0,100.0,7.0,1,0,0,0,1,42.86,14.29
134,5,2,1,1,2.0,2.0,2.0,100.0,2.0,0,0,0,0,1,50.0,0.0
134,7,5,1,1,2.0,5.0,2.0,40.0,2.0,0,0,0,0,0,40.0,0.0
134,16,6,1,1,0.0,2.0,0.0,0.0,0.0,0,0,0,0,1,100.0,0.0
134,18,1,1,1,1.0,3.0,1.0,33.33,1.0,0,0,0,0,1,33.33,0.0
134,1,7,1,1,0.0,3.0,0.0,0.0,0.0,0,0,0,0,1,100.0,0.0
134,30,2,1,1,0.0,1.0,0.0,0.0,0.0,0,0,0,0,1,100.0,0.0
134,31,6,2,2,8.0,7.0,4.0,114.29,6.0,1,0,0,0,0,28.57,14.29
134,28,1,1,1,1.0,1.0,1.0,100.0,1.0,0,0,0,0,0,0.0,0.0
134,28,7,1,1,2.0,4.0,2.0,50.0,2.0,0,0,0,0,0,50.0,0.0
515,10,3,1,1,14.0,9.0,14.0,155.56,14.0,2,0,0,0,0,11.11,22.22
515,26,3,1,1,33.0,31.0,33.0,106.45,33.0,0,1,0,0,0,22.58,3.23
515,3,3,1,1,18.0,12.0,18.0,150.0,18.0,1,1,0,0,0,33.33,16.67
515,3,5,2,2,39.0,29.0,19.5,134.48,30.0,5,2,0,0,2,44.83,24.14
515,3,6,1,1,0.0,2.0,0.0,0.0,0.0,0,0,0,0,1,100.0,0.0
515,8,4,1,1,8.0,7.0,8.0,114.29,8.0,0,0,0,0,1,28.57,0.0
515,19,2,1,1,3.0,4.0,3.0,75.0,3.0,0,0,0,0,1,25.0,0.0
515,7,5,1,1,8.0,6.0,8.0,133.33,8.0,1,0,0,0,0,16.67,16.67
3,3,16,1,1,1.0,1.0,1.0,100.0,1.0,0,0,0,0,0,0.0,0.0
488,10,14,1,1,10.0,8.0,10.0,125.0,10.0,0,1,0,0,1,50.0,12.5
488,10,16,1,1,28.0,21.0,28.0,133.33,28.0,1,2,0,0,1,28.57,14.29
488,10,17,1,1,13.0,8.0,13.0,162.5,13.0,1,1,0,0,1,37.5,25.0
488,24,16,1,1,21.0,10.0,21.0,210.0,21.0,1,2,0,0,1,30.0,30.0
488,24,18,7,7,59.0,43.0,8.43,137.21,27.0,3,4,0,0,6,30.23,16.28
488,27,15,1,1,0.0,1.0,0.0,0.0,0.0,0,0,0,0,1,100.0,0.0
488,12,13,3,3,23.0,18.0,7.67,127.78,8.0,2,0,0,0,2,27.78,11.11
488,12,14,2,2,53.0,39.0,26.5,135.9,28.0,2,4,0,0,2,33.33,15.38
488,23,17,1,1,15.0,11.0,15.0,136.36,15.0,1,1,0,0,1,36.36,18.18
488,23,18,1,1,6.0,4.0,6.0,150.0,6.0,1,0,0,0,1,25.0,25.0
488,11,18,1,1,45.0,24.0,45.0,187.5,45.0,2,4,0,0,1,25.0,25.0
488,3,17,1,1,37.0,10.0,37.0,370.0,37.0,4,3,0,0,0,10.0,70.0
488,8,14,3,3,26.0,18.0,8.67,144.44,19.0,1,2,0,0,2,38.89,16.67
488,8,17,3,3,23.0,23.0,7.67,100.0,19.0,1,1,0,0,3,39.13,8.7
488,25,17,1,1,25.0,12.0,25.0,208.33,25.0,5,0,0,0,1,25.0,41.67
488,32,15,1,1,4.0,6.0,4.0,66.67,4.0,0,0,0,0,1,33.33,0.0
488,2,16,1,1,4.0,3.0,4.0,133.33,4.0,1,0,0,0,1,66.67,33.33
488,2,17,2,2,45.0,26.0,22.5,173.08,29.0,3,3,0,0,2,26.92,23.08
488,16,16,4,4,99.0,87.0,24.75,113.79,37.0,7,5,0,0,2,40.23,13.79
488,16,17,2,2,21.0,14.0,10.5,150.0,11.0,0,2,0,0,1,21.43,14.29
488,16,18,1,1,22.0,8.0,22.0,275.0,22.0,2,2,0,0,0,25.0,50.0
488,18,16,1,1,17.0,7.0,17.0,242.86,17.0,0,2,0,0,0,14.29,28.57
488,18,18,1,1,30.0,10.0,30.0,300.0,30.0,0,4,0,0,0,0.0,40.0
488,36,13,1,1,20.0,9.0,20.0,222.22,20.0,1,2,0,0,1,33.33,33.33
488,36,14,2,2,19.0,16.0,9.5,118.75,18.0,1,1,0,0,2,31.25,12.5
488,1,13,3,4,70.0,40.0,23.33,175.0,33.0,5,4,0,0,3,25.0,22.5
488,1,14,2,2,3.0,6.0,1.5,50.0,2.0,0,0,0,0,2,50.0,0.0
488,28,17,1,1,3.0,4.0,3.0,75.0,3.0,0,0,0,0,1,25.0,0.0
488,28,18,1,1,2.0,4.0,2.0,50.0,2.0,0,0,0,0,1,25.0,0.0
511,18,1,1,1,0.0,2.0,0.0,0.0,0.0,0,0,0,0,0,100.0,0.0
733,10,11,3,3,63.0,33.0,21.0,190.91,46.0,3,5,0,0,1,18.18,24.24
733,10,16,1,1,67.0,36.0,67.0,186.11,67.0,12,1,1,0,1,33.33,36.11
733,10,17,1,1,46.0,12.0,46.0,383.33,46.0,2,6,0,0,1,8.33,66.67
733,10,18,1,1,32.0,16.0,32.0,200.0,32.0,4,2,0,0,1,37.5,37.5
733,24,18,2,2,93.0,37.0,46.5,251.35,59.0,7,9,1,0,2,27.03,43.24
733,26,15,3,3,57.0,44.0,19.0,129.55,47.0,9,1,0,0,3,52.27,22.73
733,37,18,1,1,1.0,1.0,1.0,100.0,1.0,0,0,0,0,0,0.0,0.0
733,27,15,4,4,161.0,118.0,40.25,136.44,75.0,16,4,1,0,4,31.36,16.95
733,12,13,3,3,50.0,34.0,16.67,147.06,31.0,6,2,0,0,3,35.29,23.53
733,12,14,2,2,27.0,26.0,13.5,103.85,21.0,1,1,0,0,1,30.77,7.69
733,23,16,1,1,32.0,17.0,32.0,188.24,32.0,3,2,0,0,1,23.53,29.41
733,23,17,1,1,32.0,19.0,32.0,168.42,32.0,4,2,0,0,1,47.37,31.58
733,23,18,1,1,2.0,6.0,2.0,33.33,2.0,0,0,0,0,1,66.67,0.0
733,3,17,1,1,34.0,22.0,34.0,154.55,34.0,2,2,0,0,1,22.73,18.18
733,8,14,2,2,7.0,10.0,3.5,70.0,5.0,0,0,0,0,2,50.0,0.0
733,8,16,1,1,34.0,26.0,34.0,130.77,34.0,3,1,0,0,1,30.77,15.38
733,8,17,3,3,29.0,19.0,9.67,152.63,15.0,2,2,0,0,3,42.11,21.05
733,8,18,1,1,0.0,2.0,0.0,0.0,0.0,0,0,0,0,1,100.0,0.0
733,25,17,1,1,16.0,11.0,16.0,145.45,16.0,2,1,0,0,1,54.55,27.27
733,32,15,3,3,91.0,71.0,30.33,128.17,43.0,10,3,0,0,3,40.85,18.31
733,2,16,1,1,5.0,5.0,5.0,100.0,5.0,1,0,0,0,1,60.0,20.0
733,2,17,2,2,32.0,24.0,16.0,133.33,29.0,2,2,0,0,2,45.83,16.67
733,2,18,1,1,74.0,41.0,74.0,180.49,74.0,4,6,1,0,1,26.83,24.39
733,16,12,2,2,7.0,6.0,3.5,116.67,5.0,1,0,0,0,1,16.67,16.67
733,16,16,6,6,33.0,39.0,5.5,84.62,11.0,4,0,0,0,6,48.72,10.26
733,16,17,6,6,284.0,114.0,47.33,249.12,75.0,22,26,3,0,5,23.68,42.11
733,16,18,5,5,197.0,96.0,39.4,205.21,141.0,24,11,1,1,5,33.33,36.46
733,18,16,1,1,55.0,34.0,55.0,161.76,55.0,5,2,1,0,1,20.59,20.59
733,36,13,2,2,18.0,18.0,9.0,100.0,10.0,0,1,0,0,2,33.33,5.56
733,36,14,1,1,18.0,13.0,18.0,138.46,18.0,1,1,0,0,1,23.08,15.38
733,1,13,2,2,3.0,4.0,1.5,75.0,2.0,0,0,0,0,0,25.0,0.0
733,1,14,2,2,46.0,26.0,23.0,176.92,33.0,5,2,0,0,2,34.62,26.92
733,28,12,1,1,2.0,3.0,2.0,66.67,2.0,0,0,0,0,1,33.33,0.0
733,28,15,4,4,117.0,87.0,29.25,134.48,65.0,12,5,1,0,5,41.38,19.54
733,28,17,1,1,11.0,16.0,11.0,68.75,11.0,0,1,0,0,1,50.0,6.25
733,28,18,1,1,40.0,28.0,40.0,142.86,40.0,7,0,0,0,1,39.29,25.0
571,10,16,2,2,21.0,14.0,10.5,150.0,20.0,0,2,0,0,2,28.57,14.29
571,10,17,4,4,201.0,118.0,50.25,170.34,65.0,22,9,2,0,5,33.9,26.27
571,10,18,5,5,144.0,94.0,28.8,153.19,49.0,12,7,0,0,6,26.6,20.21
571,15,16,1,1,7.0,9.0,7.0,77.78,7.0,1,0,0,0,1,44.44,11.11
571,24,18,1,1,51.0,36.0,51.0,141.67,51.0,5,1,1,0,1,22.22,16.67
571,37,17,2,2,9.0,11.0,4.5,81.82,9.0,1,0,0,0,1,54.55,9.09
571,37,18,2,2,34.0,20.0,17.0,170.0,34.0,2,2,0,0,1,10.0,20.0
571,23,17,1,1,18.0,15.0,18.0,120.0,18.0,2,1,0,0,1,53.33,20.0
571,3,16,1,1,5.0,8.0,5.0,62.5,5.0,0,0,0,0,1,37.5,0.0
571,3,17,1,1,2.0,3.0,2.0,66.67,2.0,0,0,0,0,1,33.33,0.0
571,3,18,1,1,7.0,7.0,7.0,100.0,7.0,1,0,0,0,1,57.14,14.29
571,8,18,1,1,33.0,20.0,33.0,165.0,33.0,4,1,0,0,1,20.0,25.0
571,25,17,1,1,32.0,10.0,32.0,320.0,32.0,4,2,0,0,1,0.0,60.0
571,2,17,1,1,15.0,7.0,15.0,214.29,15.0,2,1,0,0,1,42.86,42.86
571,2,18,1,1,18.0,9.0,18.0,200.0,18.0,3,1,0,0,1,55.56,44.44
571,16,18,1,1,8.0,10.0,8.0,80.0,8.0,1,0,0,0,1,50.0,10.0
571,18,17,1,1,9.0,10.0,9.0,90.0,9.0,0,0,0,0,1,40.0,0.0
571,28,17,1,1,41.0,31.0,41.0,132.26,41.0,5,0,0,0,1,25.81,16.13
571,28,18,1,1,6.0,9.0,6.0,66.67,6.0,0,0,0,0,1,55.56,0.0
296,10,5,1,1,0.0,3.0,0.0,0.0,0.0,0,0,0,0,1,100.0,0.0
296,27,4,1,1,6.0,6.0,6.0,100.0,6.0,1,0,0,0,1,50.0,16.67
296,8,4,1,1,10.0,11.0,10.0,90.91,10.0,2,0,0,0,1,63.64,18.18
296,7,4,1,1,15.0,10.0,15.0,150.0,15.0,3,0,0,0,1,40.0,30.0
296,28,4,3,3,89.0,60.0,29.67,148.33,51.0,15,2,1,0,3,46.67,28.33
110,10,1,1,1,14.0,9.0,14.0,155.56,14.0,3,0,0,0,1,44.44,33.33
110,10,3,1,1,10.0,9.0,10.0,111.11,10.0,2,0,0,0,1,55.56,22.22
110,10,4,1,1,42.0,33.0,42.0,127.27,42.0,8,1,0,0,1,57.58,27.27
110,10,6,1,1,6.0,3.0,6.0,200.0,6.0,1,0,0,0,1,33.33,33.33
110,9,3,2,2,57.0,26.0,28.5,219.23,33.0,8,3,0,0,2,34.62,42.31
110,26,3,1,1,19.0,14.0,19.0,135.71,19.0,1,1,0,0,2,35.71,14.29
110,14,2,1,1,0.0,1.0,0.0,0.0,0.0,0,0,0,0,1,100.0,0.0
110,21,2,2,2,30.0,27.0,15.0,111.11,20.0,3,2,0,0,2,62.96,18.52
110,27,1,1,1,109.0,47.0,109.0,231.91,109.0,9,10,1,1,0,31.91,40.43
110,27,3,4,4,73.0,61.0,18.25,119.67,54.0,5,4,1,0,4,44.26,14.75
110,27,4,1,1,1.0,3.0,1.0,33.33,1.0,0,0,0,0,1,66.67,0.0
110,23,1,1,1,23.0,22.0,23.0,104.55,23.0,1,2,0,0,1,50.0,13.64
110,23,3,1,1,9.0,5.0,9.0,180.0,9.0,2,0,0,0,1,40.0,40.0
110,23,4,1,1,26.0,27.0,26.0,96.3,26.0,3,1,0,0,1,55.56,14.81
110,23,5,1,1,5.0,9.0,5.0,55.56,5.0,0,0,0,0,1,44.44,0.0
110,23,6,1,1,27.0,27.0,27.0,100.0,27.0,4,0,0,0,1,44.44,14.81
110,11,3,1,1,9.0,5.0,9.0,180.0,9.0,2,0,0,0,1,40.0,40.0
110,11,4,3,3,166.0,101.0,55.33,164.36,106.0,16,11,2,1,3,35.64,26.73
110,11,5,2,2,73.0,58.0,36.5,125.86,64.0,11,2,1,0,1,48.28,22.41
110,11,6,2,2,47.0,33.0,23.5,142.42,42.0,6,2,0,0,2,42.42,24.24
110,17,4,1,1,9.0,15.0,9.0,60.0,9.0,1,0,0,0,1,60.0,6.67
110,13,2,3,3,143.0,72.0,47.67,198.61,64.0,13,11,1,0,3,31.94,33.33
110,3,1,1,1,10.0,11.0,10.0,90.91,10.0,2,0,0,0,1,54.55,18.18
110,3,3,1,1,32.0,19.0,32.0,168.42,32.0,3,2,0,0,1,26.32,26.32
110,3,4,1,1,0.0,1.0,0.0,0.0,0.0,0,0,0,0,1,100.0,0.0
110,3,6,1,1,85.0,54.0,85.0,157.41,85.0,10,3,1,0,0,29.63,24.07
110,8,1,1,1,54.0,36.0,54.0,150.0,54.0,7,2,1,0,1,41.67,25.0
110,8,3,1,1,38.0,17.0,38.0,223.53,38.0,4,3,0,0,1,23.53,41.18
110,2,3,1,1,1.0,3.0,1.0,33.33,1.0,0,0,0,0,1,66.67,0.0
110,19,2,3,3,66.0,47.0,22.0,140.43,43.0,9,3,0,0,3,53.19,25.53
110,5,2,2,2,84.0,56.0,42.0,150.0,71.0,8,5,1,0,2,37.5,23.21
110,7,1,1,1,50.0,42.0,50.0,119.05,50.0,6,1,1,0,1,40.48,16.67
110,7,4,4,4,78.0,67.0,19.5,116.42,28.0,8,2,0,0,4,35.82,14.93
110,7,5,2,2,61.0,47.0,30.5,129.79,40.0,6,1,0,0,1,29.79,14.89
110,7,6,5,5,88.0,75.0,17.6,117.33,42.0,14,0,0,0,5,44.0,18.67
110,16,1,7,7,115.0,102.0,16.43,112.75,46.0,14,3,0,0,7,46.08,16.67
110,16,4,1,1,61.0,46.0,61.0,132.61,61.0,5,3,1,0,1,32.61,17.39
110,16,6,1,1,26.0,25.0,26.0,104.0,26.0,4,0,0,0,1,48.0,16.0
110,18,1,1,1,61.0,49.0,61.0,124.49,61.0,9,1,1,0,1,38.78,20.41
110,18,5,1,1,27.0,18.0,27.0,150.0,27.0,3,1,0,0,1,33.33,22.22
110,18,6,1,1,0.0,2.0,0.0,0.0,0.0,0,0,0,0,1,100.0,0.0
110,30,2,1,1,39.0,35.0,39.0,111.43,39.0,5,2,0,0,1,60.0,20.0
110,31,5,1,1,6.0,11.0,6.0,54.55,6.0,1,0,0,0,0,63.64,9.09
110,31,6,1,1,15.0,10.0,15.0,150.0,15.0,2,1,0,0,1,60.0,30.0
110,6,2,4,4,133.0,87.0,33.25,152.87,85.0,16,6,1,0,4,40.23,25.29
110,29,3,3,3,41.0,26.0,13.67,157.69,34.0,4,3,0,0,3,46.15,26.92
110,28,4,1,1,0.0,2.0,0.0,0.0,0.0,0,0,0,0,1,100.0,0.0
770,8,4,1,1,1.0,2.0,1.0,50.0,1.0,0,0,0,0,0,50.0,0.0
770,31,5,2,2,19.0,15.0,9.5,126.67,12.0,1,1,0,0,2,33.33,13.33
770,28,4,1,1,0.0,2.0,0.0,0.0,0.0,0,0,0,0,0,100.0,0.0
613,10,3,1,1,15.0,17.0,15.0,88.24,15.0,1,0,0,0,2,41.18,5.88
613,23,3,1,1,8.0,7.0,8.0,114.29,8.0,1,0,0,0,1,28.57,14.29
613,2,3,2,2,57.0,41.0,28.5,139.02,37.0,3,2,0,0,1,17.07,12.2
613,7,3,1,1,45.0,24.0,45.0,187.5,45.0,5,1,0,0,1,12.5,25.0
613,18,3,2,2,56.0,54.0,28.0,103.7,28.0,5,0,0,0,1,35.19,9.26
188,10,11,1,1,14.0,10.0,14.0,140.0,14.0,3,0,0,0,1,60.0,30.0
188,3,11,1,1,37.0,24.0,37.0,154.17,37.0,2,3,0,0,1,37.5,20.83
188,32,11,1,1,2.0,9.0,2.0,22.22,2.0,0,0,0,0,1,77.78,0.0
188,16,11,2,2,50.0,36.0,25.0,138.89,45.0,4,3,0,0,2,36.11,19.44
188,18,11,1,1,45.0,39.0,45.0,115.38,45.0,4,0,0,0,1,28.21,10.26
241,26,3,1,1,9.0,7.0,9.0,128.57,9.0,0,0,0,0,1,14.29,0.0
241,23,5,1,1,0.0,1.0,0.0,0.0,0.0,0,0,0,0,1,100.0,0.0
241,2,3,1,1,3.0,3.0,3.0,100.0,3.0,0,0,0,0,1,0.0,0.0
241,5,2,3,3,31.0,31.0,10.33,100.0,27.0,3,0,0,0,3,32.26,9.68
241,7,5,1,1,9.0,10.0,9.0,90.0,9.0,1,0,0,0,1,50.0,10.0
241,16,6,1,1,5.0,5.0,5.0,100.0,5.0,0,0,0,0,0,20.0,0.0
241,18,1,1,1,9.0,8.0,9.0,112.5,9.0,0,1,0,0,1,50.0,12.5
241,31,5,1,1,5.0,5.0,5.0,100.0,5.0,0,0,0,0,1,20.0,0.0
241,6,2,1,1,8.0,8.0,8.0,100.0,8.0,1,0,0,0,1,50.0,12.5
479,10,3,1,1,24.0,18.0,24.0,133.33,24.0,3,0,0,0,1,22.22,16.67
479,10,5,1,1,6.0,2.0,6.0,300.0,6.0,1,0,0,0,0,0.0,50.0
479,10,8,4,4,72.0,44.0,18.0,163.64,28.0,7,3,0,0,4,27.27,22.73
479,10,10,1,1,1.0,4.0,1.0,25.0,1.0,0,0,0,0,1,75.0,0.0
479,26,3,1,1,3.0,3.0,3.0,100.0,3.0,0,0,0,0,0,33.33,0.0
479,26,8,1,1,16.0,17.0,16.0,94.12,16.0,2,0,0,0,1,52.94,11.76
479,37,8,1,1,15.0,11.0,15.0,136.36,15.0,0,1,0,0,0,9.09,9.09
479,27,3,1,1,65.0,46.0,65.0,141.3,65.0,5,4,1,0,0,36.96,19.57
479,23,3,4,4,73.0,56.0,18.25,130.36,46.0,5,2,0,0,2,28.57,12.5
479,23,5,1,1,35.0,27.0,35.0,129.63,35.0,0,3,0,0,1,25.93,11.11
479,23,8,1,1,22.0,15.0,22.0,146.67,22.0,2,1,0,0,1,26.67,20.0
479,3,3,1,1,1.0,2.0,1.0,50.0,1.0,0,0,0,0,1,50.0,0.0
479,3,5,1,1,10.0,7.0,10.0,142.86,10.0,0,1,0,0,2,42.86,14.29
479,3,8,1,1,1.0,3.0,1.0,33.33,1.0,0,0,0,0,0,66.67,0.0
479,8,3,1,1,48.0,48.0,48.0,100.0,48.0,3,2,0,0,1,41.67,10.42
479,8,5,1,1,27.0,22.0,27.0,122.73,27.0,1,0,0,0,1,9.09,4.55
479,32,6,1,1,20.0,24.0,20.0,83.33,20.0,1,0,0,0,1,37.5,4.17
479,32,8,1,1,6.0,4.0,6.0,150.0,6.0,1,0,0,0,0,25.0,25.0
479,7,3,1,1,19.0,11.0,19.0,172.73,19.0,2,0,0,0,1,18.18,18.18
479,7,5,1,1,11.0,9.0,11.0,122.22,11.0,2,0,0,0,1,44.44,22.22
479,16,6,1,1,8.0,6.0,8.0,133.33,8.0,1,0,0,0,1,16.67,16.67
479,16,10,1,1,31.0,23.0,31.0,134.78,31.0,2,1,0,0,1,26.09,13.04
479,18,5,1,1,23.0,19.0,23.0,121.05,23.0,1,0,0,0,1,15.79,5.26
479,18,6,1,1,18.0,15.0,18.0,120.0,18.0,2,0,0,0,1,40.0,13.33
479,31,5,2,2,15.0,22.0,7.5,68.18,11.0,0,0,0,0,1,40.91,0.0
479,31,6,6,6,107.0,76.0,17.83,140.79,40.0,1,9,0,0,4,27.63,13.16
479,6,2,1,1,16.0,13.0,16.0,123.08,16.0,2,0,0,0,1,23.08,15.38
479,28,6,1,1,19.0,18.0,19.0,105.56,19.0,0,1,0,0,1,33.33,5.56
479,28,8,1,1,12.0,10.0,12.0,120.0,12.0,0,1,0,0,1,30.0,10.0
652,23,12,1,1,13.0,15.0,13.0,86.67,13.0,0,1,0,0,1,46.67,6.67
652,3,9,1,1,3.0,6.0,3.0,50.0,3.0,0,0,0,0,1,50.0,0.0
652,3,12,3,3,46.0,39.0,15.33,117.95,24.0,5,1,0,0,3,35.9,15.38
652,34,9,1,1,5.0,10.0,5.0,50.0,5.0,0,0,0,0,1,60.0,0.0
652,34,10,1,1,0.0,1.0,0.0,0.0,0.0,0,0,0,0,1,100.0,0.0
652,18,11,1,1,9.0,13.0,9.0,69.23,9.0,1,0,0,0,1,61.54,7.69
652,28,9,1,1,12.0,11.0,12.0,109.09,12.0,1,0,0,0,1,36.36,9.09
652,28,12,1,1,2.0,3.0,2.0,66.67,2.0,0,0,0,0,1,33.33,0.0
116,10,5,1,1,31.0,15.0,31.0,206.67,31.0,1,3,0,0,1,20.0,26.67
116,10,6,1,1,7.0,6.0,7.0,116.67,7.0,0,0,0,0,1,16.67,0.0
116,10,9,1,1,17.0,12.0,17.0,141.67,17.0,2,1,0,0,1,50.0,25.0
116,10,11,1,1,44.0,30.0,44.0,146.67,44.0,3,4,0,0,2,53.33,23.33
116,10,12,1,2,66.0,31.0,66.0,212.9,66.0,5,6,1,0,2,29.03,35.48
116,10,16,1,1,38.0,31.0,38.0,122.58,38.0,1,4,0,0,1,51.61,16.13
116,10,18,2,2,17.0,10.0,8.5,170.0,17.0,2,1,0,0,1,30.0,30.0
116,24,17,1,1,12.0,8.0,12.0,150.0,12.0,1,1,0,0,1,50.0,25.0
116,26,8,1,1,37.0,20.0,37.0,185.0,37.0,4,2,0,0,1,25.0,30.0
116,26,15,3,3,73.0,47.0,24.33,155.32,49.0,7,4,0,0,2,40.43,23.4
116,37,8,1,1,19.0,10.0,19.0,190.0,19.0,1,2,0,0,1,40.0,30.0
116,37,17,1,1,41.0,19.0,41.0,215.79,41.0,4,3,0,0,1,31.58,36.84
116,27,15,4,4,87.0,59.0,21.75,147.46,48.0,2,10,0,0,4,49.15,20.34
116,12,13,2,2,49.0,25.0,24.5,196.0,25.0,1,6,0,0,2,40.0,28.0
116,23,6,1,1,4.0,8.0,4.0,50.0,4.0,0,0,0,0,1,62.5,0.0
116,23,8,5,5,153.0,78.0,30.6,196.15,55.0,16,10,2,0,3,28.21,33.33
116,23,9,3,3,91.0,46.0,30.33,197.83,39.0,4,8,0,0,2,21.74,26.09
116,23,11,8,8,140.0,76.0,17.5,184.21,49.0,9,13,0,0,6,38.16,28.95
116,23,12,7,7,311.0,140.0,44.43,222.14,80.0,19,32,2,0,5,32.14,36.43
116,23,16,7,7,105.0,74.0,15.0,141.89,42.0,5,9,0,0,7,45.95,18.92
116,23,17,5,5,152.0,81.0,30.4,187.65,64.0,13,11,1,0,3,28.4,29.63
116,23,18,6,6,128.0,70.0,21.33,182.86,57.0,12,11,1,0,5,45.71,32.86
116,17,11,1,1,31.0,14.0,31.0,221.43,31.0,2,3,0,0,1,28.57,35.71
116,35,7,1,1,1.0,5.0,1.0,20.0,1.0,0,0,0,0,1,80.0,0.0
116,3,8,1,1,45.0,17.0,45.0,264.71,45.0,5,3,0,0,0,17.65,47.06
116,3,9,1,1,39.0,24.0,39.0,162.5,39.0,1,4,0,0,1,37.5,20.83
116,3,11,1,1,0.0,1.0,0.0,0.0,0.0,0,0,0,0,1,100.0,0.0
116,3,12,1,1,48.0,13.0,48.0,369.23,48.0,1,7,0,0,0,23.08,61.54
116,3,16,1,1,1.0,2.0,1.0,50.0,1.0,0,0,0,0,1,50.0,0.0
116,8,5,1,1,16.0,11.0,16.0,145.45,16.0,2,0,0,0,1,18.18,18.18
116,8,8,1,1,4.0,4.0,4.0,100.0,4.0,0,0,0,0,0,0.0,0.0
116,8,11,1,1,88.0,36.0,88.0,244.44,88.0,1,11,1,0,0,16.67,33.33
116,8,12,1,1,50.0,44.0,50.0,113.64,50.0,5,3,1,0,0,56.82,18.18
116,8,14,3,3,45.0,40.0,15.0,112.5,31.0,5,2,0,0,3,47.5,17.5
116,8,16,1,1,2.0,2.0,2.0,100.0,2.0,0,0,0,0,0,0.0,0.0
116,8,17,1,1,10.0,10.0,10.0,100.0,10.0,2,0,0,0,1,60.0,20.0
116,25,18,1,1,17.0,11.0,17.0,154.55,17.0,1,2,0,0,1,63.64,27.27
116,32,8,1,1,66.0,36.0,66.0,183.33,66.0,9,2,1,0,1,33.33,30.56
116,32,9,1,1,17.0,11.0,17.0,154.55,17.0,0,2,0,0,1,36.36,18.18
116,32,15,3,3,105.0,52.0,35.0,201.92,49.0,7,10,0,0,2,38.46,32.69
116,2,7,1,1,1.0,3.0,1.0,33.33,1.0,0,0,0,0,1,66.67,0.0
116,2,14,2,2,55.0,36.0,27.5,152.78,45.0,4,4,0,0,0,41.67,22.22
116,2,16,1,1,1.0,2.0,1.0,50.0,1.0,0,0,0,0,1,50.0,0.0
116,7,12,1,1,24.0,14.0,24.0,171.43,24.0,2,2,0,0,1,50.0,28.57
116,7,16,1,1,35.0,19.0,35.0,184.21,35.0,3,2,0,0,1,26.32,26.32
116,16,9,1,1,2.0,5.0,2.0,40.0,2.0,0,0,0,0,1,60.0,0.0
116,16,11,1,1,4.0,4.0,4.0,100.0,4.0,1,0,0,0,1,75.0,25.0
116,16,12,1,1,15.0,9.0,15.0,166.67,15.0,0,2,0,0,1,44.44,22.22
116,16,16,1,1,24.0,15.0,24.0,160.0,24.0,1,2,0,0,1,40.0,20.0
116,36,13,2,2,29.0,18.0,14.5,161.11,16.0,3,2,0,0,2,38.89,27.78
116,1,13,5,5,39.0,38.0,7.8,102.63,12.0,5,1,0,0,5,47.37,15.79
116,1,14,1,1,20.0,15.0,20.0,133.33,20.0,2,1,0,0,1,40.0,20.0
116,28,8,1,1,2.0,4.0,2.0,50.0,2.0,0,0,0,0,1,50.0,0.0
116,28,9,1,1,22.0,16.0,22.0,137.5,22.0,3,0,0,0,1,37.5,18.75
116,28,11,1,1,9.0,10.0,9.0,90.0,9.0,1,0,0,0,1,40.0,10.0
116,28,12,1,1,0.0,1.0,0.0,0.0,0.0,0,0,0,0,1,100.0,0.0
116,28,14,2,2,63.0,29.0,31.5,217.24,54.0,3,7,1,0,2,31.03,34.48
116,28,15,2,2,70.0,34.0,35.0,205.88,70.0,2,8,1,0,1,38.24,29.41
116,28,16,1,1,21.0,11.0,21.0,190.91,21.0,3,1,0,0,0,36.36,36.36
116,28,17,1,1,7.0,2.0,7.0,350.0,7.0,0,1,0,0,0,0.0,50.0
116,28,18,1,1,5.0,11.0,5.0,45.45,5.0,1,0,0,0,1,63.64,9.09
453,12,14,2,2,15.0,16.0,7.5,93.75,15.0,0,1,0,0,2,43.75,6.25
453,3,10,1,1,2.0,3.0,2.0,66.67,2.0,0,0,0,0,1,33.33,0.0
453,32,10,1,1,5.0,8.0,5.0,62.5,5.0,0,0,0,0,1,50.0,0.0
453,1,14,1,1,1.0,1.0,1.0,100.0,1.0,0,0,0,0,0,0.0,0.0
453,28,10,1,1,0.0,1.0,0.0,0.0,0.0,0,0,0,0,1,100.0,0.0
643,3,6,1,1,5.0,4.0,5.0,125.0,5.0,1,0,0,0,1,50.0,25.0
643,18,4,1,1,2.0,5.0,2.0,40.0,2.0,0,0,0,0,0,60.0,0.0
643,31,5,1,1,3.0,5.0,3.0,60.0,3.0,0,0,0,0,0,40.0,0.0
338,23,4,1,1,15.0,15.0,15.0,100.0,15.0,2,0,0,0,1,40.0,13.33
338,16,4,1,1,20.0,19.0,20.0,105.26,20.0,4,0,0,0,1,57.89,21.05
338,18,3,1,1,0.0,1.0,0.0,0.0,0.0,0,0,0,0,1,100.0,0.0
338,18,4,2,2,14.0,23.0,7.0,60.87,9.0,3,0,0,0,2,73.91,13.04
221,10,4,3,3,11.0,18.0,3.67,61.11,8.0,1,0,0,0,4,55.56,5.56
221,10,7,1,1,4.0,7.0,4.0,57.14,4.0,0,0,0,0,1,42.86,0.0
221,10,9,1,1,50.0,32.0,50.0,156.25,50.0,7,2,1,0,1,40.62,28.12
221,10,10,1,1,27.0,19.0,27.0,142.11,27.0,4,0,0,0,1,36.84,21.05
221,10,11,1,1,2.0,4.0,2.0,50.0,2.0,0,0,0,0,1,50.0,0.0
221,26,15,2,2,65.0,33.0,32.5,196.97,58.0,9,3,1,0,3,33.33,36.36
221,27,4,1,1,25.0,12.0,25.0,208.33,25.0,1,2,0,0,1,16.67,25.0
221,12,7,2,2,104.0,68.0,52.0,152.94,88.0,11,4,1,0,1,29.41,22.06
221,12,13,7,7,145.0,128.0,20.71,113.28,52.0,15,5,1,0,7,45.31,15.62
221,23,3,1,1,21.0,21.0,21.0,100.0,21.0,0,1,0,0,1,33.33,4.76
221,23,5,1,1,30.0,27.0,30.0,111.11,30.0,5,0,0,0,1,44.44,18.52
221,23,8,1,1,5.0,5.0,5.0,100.0,5.0,1,0,0,0,1,40.0,20.0
221,23,9,1,1,29.0,10.0,29.0,290.0,29.0,3,2,0,0,0,10.0,50.0
221,23,10,1,1,31.0,15.0,31.0,206.67,31.0,4,2,0,0,1,40.0,40.0
221,20,9,2,2,26.0,25.0,13.0,104.0,26.0,1,2,0,0,1,52.0,12.0
221,20,10,2,2,71.0,42.0,35.5,169.05,69.0,6,4,1,0,2,21.43,23.81
221,17,11,2,2,60.0,43.0,30.0,139.53,34.0,1,5,0,0,2,27.91,13.95
221,35,6,1,1,48.0,32.0,48.0,150.0,48.0,2,3,0,0,1,31.25,15.62
221,35,7,1,1,7.0,3.0,7.0,233.33,7.0,0,1,0,0,1,33.33,33.33
221,3,5,1,1,25.0,24.0,25.0,104.17,25.0,3,0,0,0,1,37.5,12.5
221,3,6,1,1,18.0,15.0,18.0,120.0,18.0,4,0,0,0,1,60.0,26.67
221,3,7,1,1,13.0,8.0,13.0,162.5,13.0,1,1,0,0,1,37.5,25.0
221,3,9,2,2,41.0,44.0,20.5,93.18,37.0,4,1,0,0,2,40.91,11.36
221,3,10,1,1,72.0,34.0,72.0,211.76,72.0,5,6,1,0,1,26.47,32.35
221,3,11,1,1,0.0,1.0,0.0,0.0,0.0,0,0,0,0,1,100.0,0.0
221,8,6,1,1,67.0,45.0,67.0,148.89,67.0,10,2,1,0,1,35.56,26.67
221,32,6,1,1,16.0,13.0,16.0,123.08,16.0,3,0,0,0,1,53.85,23.08
221,32,10,1,1,13.0,6.0,13.0,216.67,13.0,1,1,0,0,1,16.67,33.33
221,32,11,1,1,4.0,6.0,4.0,66.67,4.0,1,0,0,0,1,50.0,16.67
221,32,15,1,1,14.0,14.0,14.0,100.0,14.0,1,0,0,0,1,35.71,7.14
221,2,7,1,1,9.0,10.0,9.0,90.0,9.0,1,0,0,0,1,20.0,10.0
221,2,8,1,1,10.0,14.0,10.0,71.43,10.0,2,0,0,0,1,71.43,14.29
221,7,6,1,1,64.0,42.0,64.0,152.38,64.0,8,2,1,0,1,30.95,23.81
221,7,9,1,1,74.0,47.0,74.0,157.45,74.0,12,0,1,0,1,23.4,25.53
221,7,10,1,1,2.0,2.0,2.0,100.0,2.0,0,0,0,0,1,50.0,0.0
221,7,11,2,2,14.0,7.0,7.0,200.0,14.0,1,1,0,0,1,14.29,28.57
221,16,4,1,1,0.0,2.0,0.0,0.0,0.0,0,0,0,0,1,100.0,0.0
221,16,7,4,4,107.0,102.0,26.75,104.9,68.0,11,2,1,0,3,44.12,12.75
221,16,9,1,1,51.0,42.0,51.0,121.43,51.0,3,1,1,0,0,23.81,9.52
221,16,10,1,1,3.0,5.0,3.0,60.0,3.0,0,0,0,0,1,40.0,0.0
221,16,11,1,1,8.0,4.0,8.0,200.0,8.0,0,1,0,0,1,25.0,25.0
221,34,9,3,3,55.0,45.0,18.33,122.22,50.0,8,2,1,0,3,53.33,22.22
221,34,10,5,6,81.0,61.0,16.2,132.79,33.0,5,6,0,0,4,39.34,18.03
221,18,4,1,1,11.0,14.0,11.0,78.57,11.0,1,1,0,0,1,71.43,14.29
221,18,6,1,1,45.0,32.0,45.0,140.62,45.0,7,0,0,0,1,37.5,21.88
221,33,6,1,1,37.0,33.0,37.0,112.12,37.0,5,0,0,0,1,42.42,15.15
221,36,7,2,2,63.0,60.0,31.5,105.0,44.0,7,1,0,0,2,35.0,13.33
221,36,13,2,2,67.0,55.0,33.5,121.82,47.0,6,2,0,0,2,32.73,14.55
221,1,7,1,1,2.0,5.0,2.0,40.0,2.0,0,0,0,0,1,80.0,0.0
221,1,13,3,3,56.0,58.0,18.67,96.55,32.0,7,1,0,0,3,48.28,13.79
221,31,6,6,6,161.0,123.0,26.83,130.89,64.0,15,9,2,0,6,44.72,19.51
221,28,6,1,1,0.0,1.0,0.0,0.0,0.0,0,0,0,0,1,100.0,0.0
221,28,8,1,1,8.0,14.0,8.0,57.14,8.0,1,0,0,0,1,64.29,7.14
221,28,9,1,1,67.0,54.0,67.0,124.07,67.0,7,1,1,0,0,27.78,14.81
221,28,11,1,1,46.0,35.0,46.0,131.43,46.0,3,1,0,0,1,17.14,11.43
221,28,15,2,2,7.0,14.0,3.5,50.0,4.0,0,0,0,0,2,64.29,0.0
740,10,16,1,1,16.0,10.0,16.0,160.0,16.0,1,1,0,0,0,30.0,20.0
588,24,17,2,2,21.0,18.0,10.5,116.67,16.0,0,2,0,0,2,33.33,11.11
588,7,12,1,1,0.0,1.0,0.0,0.0,0.0,0,0,0,0,1,100.0,0.0
588,18,12,3,3,3.0,9.0,1.0,33.33,3.0,0,0,0,0,2,66.67,0.0
32,10,11,1,1,3.0,9.0,3.0,33.33,3.0,0,0,0,0,1,55.56,0.0
32,17,11,2,2,14.0,13.0,7.0,107.69,14.0,1,1,0,0,2,46.15,15.38
32,3,11,1,1,7.0,7.0,7.0,100.0,7.0,0,0,0,0,1,28.57,0.0
32,32,11,1,1,0.0,2.0,0.0,0.0,0.0,0,0,0,0,1,100.0,0.0
32,7,11,1,1,3.0,4.0,3.0,75.0,3.0,0,0,0,0,0,50.0,0.0
32,7,12,1,1,0.0,2.0,0.0,0.0,0.0,0,0,0,0,0,50.0,0.0
32,16,11,1,1,4.0,2.0,4.0,200.0,4.0,1,0,0,0,1,50.0,50.0
32,34,10,3,3,53.0,30.0,17.67,176.67,25.0,4,3,0,0,1,20.0,23.33
32,18,11,1,1,1.0,1.0,1.0,100.0,1.0,0,0,0,0,0,0.0,0.0
32,36,13,1,1,6.0,6.0,6.0,100.0,6.0,0,1,0,0,1,83.33,16.67
444,10,16,1,1,8.0,13.0,8.0,61.54,8.0,0,0,0,0,1,38.46,0.0
444,10,17,1,1,1.0,3.0,1.0,33.33,1.0,0,0,0,0,1,66.67,0.0
444,24,16,1,1,0.0,1.0,0.0,0.0,0.0,0,0,0,0,1,100.0,0.0
444,24,18,6,6,258.0,164.0,43.0,157.32,61.0,22,13,4,0,6,28.66,21.34
444,26,15,2,2,110.0,61.0,55.0,180.33,68.0,10,7,1,0,1,27.87,27.87
444,37,18,1,1,15.0,13.0,15.0,115.38,15.0,1,1,0,0,1,46.15,15.38
444,27,15,3,3,65.0,49.0,21.67,132.65,41.0,5,1,0,0,1,18.37,12.24
444,12,14,3,3,57.0,44.0,19.0,129.55,26.0,2,3,0,0,2,25.0,11.36
444,23,16,1,1,50.0,26.0,50.0,192.31,50.0,2,5,1,0,1,30.77,26.92
444,23,17,1,1,18.0,13.0,18.0,138.46,18.0,2,0,0,0,1,15.38,15.38
444,23,18,1,1,47.0,28.0,47.0,167.86,47.0,4,2,0,0,1,21.43,21.43
444,11,18,1,1,13.0,10.0,13.0,130.0,13.0,1,1,0,0,1,50.0,20.0
444,3,17,1,1,32.0,17.0,32.0,188.24,32.0,2,2,0,0,0,5.88,23.53
444,8,16,1,1,12.0,12.0,12.0,100.0,12.0,1,0,0,0,1,25.0,8.33
444,8,17,3,3,53.0,51.0,17.67,103.92,32.0,7,0,0,0,3,37.25,13.73
444,25,17,1,1,0.0,2.0,0.0,0.0,0.0,0,0,0,0,1,100.0,0.0
444,32,15,3,3,106.0,76.0,35.33,139.47,57.0,5,7,1,0,2,28.95,15.79
444,2,16,1,1,10.0,10.0,10.0,100.0,10.0,1,0,0,0,1,60.0,10.0
444,2,17,1,1,17.0,19.0,17.0,89.47,17.0,0,0,0,0,1,26.32,0.0
444,2,18,1,1,36.0,24.0,36.0,150.0,36.0,3,2,0,0,1,33.33,20.83
444,16,16,6,6,149.0,123.0,24.83,121.14,41.0,13,2,0,0,5,26.02,12.2
444,16,17,3,3,99.0,72.0,33.0,137.5,50.0,7,2,1,0,2,22.22,12.5
444,16,18,1,1,1.0,4.0,1.0,25.0,1.0,0,0,0,0,1,75.0,0.0
444,18,16,1,1,6.0,5.0,6.0,120.0,6.0,1,0,0,0,1,40.0,20.0
444,18,18,1,1,66.0,45.0,66.0,146.67,66.0,5,3,1,0,1,28.89,17.78
444,36,14,2,2,47.0,46.0,23.5,102.17,27.0,4,1,0,0,2,34.78,10.87
444,1,14,1,1,42.0,29.0,42.0,144.83,42.0,6,0,0,0,1,24.14,20.69
444,28,15,4,4,100.0,88.0,25.0,113.64,56.0,5,4,1,0,4,34.09,10.23
444,28,16,1,1,13.0,7.0,13.0,185.71,13.0,0,1,0,0,0,0.0,14.29
444,28,18,1,1,9.0,11.0,9.0,81.82,9.0,2,0,0,0,1,72.73,18.18
341,24,18,2,2,6.0,2.0,3.0,300.0,6.0,0,1,0,0,1,50.0,50.0
341,27,15,1,1,0.0,2.0,0.0,0.0,0.0,0,0,0,0,1,100.0,0.0
341,23,16,1,1,17.0,8.0,17.0,212.5,17.0,2,1,0,0,1,25.0,37.5
341,28,17,1,1,2.0,2.0,2.0,100.0,2.0,0,0,0,0,0,0.0,0.0
682,18,18,1,1,4.0,9.0,4.0,44.44,4.0,0,0,0,0,0,55.56,0.0
682,28,17,1,1,4.0,5.0,4.0,80.0,4.0,0,0,0,0,0,20.0,0.0
262,10,6,1,1,1.0,2.0,1.0,50.0,1.0,0,0,0,0,1,50.0,0.0
262,23,4,1,1,21.0,17.0,21.0,123.53,21.0,1,1,0,0,1,23.53,11.76
262,23,5,1,1,1.0,6.0,1.0,16.67,1.0,0,0,0,0,1,83.33,0.0
262,17,4,1,1,31.0,28.0,31.0,110.71,31.0,3,1,0,0,2,50.0,14.29
262,8,4,1,1,2.0,8.0,2.0,25.0,2.0,0,0,0,0,1,75.0,0.0
262,8,5,1,1,36.0,34.0,36.0,105.88,36.0,2,1,0,0,1,35.29,8.82
262,7,4,1,1,34.0,26.0,34.0,130.77,34.0,2,1,0,0,1,26.92,11.54
262,7,5,1,1,34.0,27.0,34.0,125.93,34.0,1,2,0,0,1,33.33,11.11
262,16,5,1,1,20.0,17.0,20.0,117.65,20.0,1,1,0,0,1,41.18,11.76
262,18,4,6,6,92.0,73.0,15.33,126.03,29.0,4,7,0,0,5,39.73,15.07
262,18,5,6,6,91.0,82.0,15.17,110.98,40.0,7,3,0,0,5,37.8,12.2
262,31,5,1,1,18.0,21.0,18.0,85.71,18.0,1,0,0,0,1,33.33,4.76
262,28,5,1,1,20.0,15.0,20.0,133.33,20.0,2,1,0,0,1,40.0,20.0
317,10,1,1,1,1.0,3.0,1.0,33.33,1.0,0,0,0,0,1,66.67,0.0
317,10,4,1,1,17.0,13.0,17.0,130.77,17.0,3,0,0,0,0,30.77,23.08
317,14,2,2,2,28.0,41.0,14.0,68.29,18.0,2,0,0,0,2,41.46,4.88
317,27,1,3,3,48.0,38.0,16.0,126.32,34.0,2,3,0,0,2,42.11,13.16
317,27,3,2,2,49.0,44.0,24.5,111.36,27.0,3,2,0,0,2,36.36,11.36
317,27,4,1,1,12.0,18.0,12.0,66.67,12.0,2,0,0,0,1,61.11,11.11
317,12,7,1,1,5.0,7.0,5.0,71.43,5.0,1,0,0,0,1,71.43,14.29
317,23,4,1,1,0.0,2.0,0.0,0.0,0.0,0,0,0,0,0,100.0,0.0
317,11,4,1,1,3.0,7.0,3.0,42.86,3.0,0,0,0,0,1,57.14,0.0
317,13,2,3,3,60.0,39.0,20.0,153.85,35.0,5,2,0,0,3,25.64,17.95
317,3,3,1,1,9.0,7.0,9.0,128.57,9.0,1,0,0,0,0,14.29,14.29
317,3,4,1,1,1.0,4.0,1.0,25.0,1.0,0,0,0,0,1,75.0,0.0
317,3,5,1,1,2.0,3.0,2.0,66.67,2.0,0,0,0,0,0,33.33,0.0
317,8,1,1,1,45.0,20.0,45.0,225.0,45.0,6,1,0,0,0,10.0,35.0
317,8,6,1,1,0.0,1.0,0.0,0.0,0.0,0,0,0,0,0,100.0,0.0
317,32,6,1,1,0.0,2.0,0.0,0.0,0.0,0,0,0,0,1,100.0,0.0
317,19,2,1,1,29.0,20.0,29.0,145.0,29.0,4,0,0,0,0,25.0,20.0
317,5,2,1,1,35.0,14.0,35.0,250.0,35.0,2,3,0,0,1,14.29,35.71
317,7,1,1,1,2.0,3.0,2.0,66.67,2.0,0,0,0,0,1,33.33,0.0
317,7,4,2,2,1.0,4.0,0.5,25.0,1.0,0,0,0,0,2,75.0,0.0
317,7,5,1,1,9.0,8.0,9.0,112.5,9.0,0,0,0,0,0,12.5,0.0
317,7,6,1,1,2.0,2.0,2.0,100.0,2.0,0,0,0,0,0,0.0,0.0
317,16,1,1,1,38.0,24.0,38.0,158.33,38.0,3,2,0,0,1,12.5,20.83
317,16,4,1,1,13.0,10.0,13.0,130.0,13.0,2,0,0,0,0,30.0,20.0
317,16,6,1,1,19.0,14.0,19.0,135.71,19.0,2,0,0,0,1,28.57,14.29
317,18,1,1,1,25.0,18.0,25.0,138.89,25.0,3,0,0,0,1,22.22,16.67
317,18,5,1,1,10.0,10.0,10.0,100.0,10.0,0,1,0,0,1,40.0,10.0
317,36,7,1,1,23.0,20.0,23.0,115.0,23.0,2,1,0,0,2,55.0,15.0
317,1,7,2,2,15.0,20.0,7.5,75.0,11.0,2,0,0,0,1,65.0,10.0
317,30,2,2,2,36.0,30.0,18.0,120.0,33.0,1,2,0,0,2,36.67,10.0
317,31,5,1,1,24.0,28.0,24.0,85.71,24.0,2,0,0,0,1,32.14,7.14
317,31,6,4,4,39.0,47.0,9.75,82.98,25.0,3,0,0,0,4,36.17,6.38
317,6,2,2,2,5.0,8.0,2.5,62.5,4.0,0,0,0,0,2,50.0,0.0
317,28,1,2,2,47.0,32.0,23.5,146.88,27.0,2,3,0,0,2,18.75,15.62
317,28,4,1,1,14.0,9.0,14.0,155.56,14.0,2,0,0,0,1,22.22,22.22
317,28,6,1,1,6.0,7.0,6.0,85.71,6.0,0,0,0,0,1,14.29,0.0
490,10,5,1,1,84.0,63.0,84.0,133.33,84.0,9,1,1,0,1,26.98,15.87
490,10,6,2,2,46.0,44.0,23.0,104.55,28.0,3,1,0,0,2,31.82,9.09
490,10,7,1,1,12.0,10.0,12.0,120.0,12.0,2,0,0,0,1,30.0,20.0
490,10,8,1,1,47.0,39.0,47.0,120.51,47.0,2,3,0,0,1,35.9,12.82
490,10,9,1,1,63.0,48.0,63.0,131.25,63.0,7,0,1,0,0,16.67,14.58
490,10,10,1,1,0.0,1.0,0.0,0.0,0.0,0,0,0,0,1,100.0,0.0
490,10,12,1,1,2.0,4.0,2.0,50.0,2.0,0,0,0,0,1,50.0,0.0
490,10,18,2,2,41.0,22.0,20.5,186.36,26.0,7,1,0,0,2,36.36,36.36
490,15,18,1,1,18.0,15.0,18.0,120.0,18.0,1,1,0,0,1,40.0,13.33
490,24,17,1,1,36.0,24.0,36.0,150.0,36.0,5,1,0,0,1,37.5,25.0
490,26,8,3,3,136.0,82.0,45.33,165.85,91.0,14,5,1,0,2,26.83,23.17
490,26,15,1,1,8.0,14.0,8.0,57.14,8.0,1,0,0,0,1,57.14,7.14
490,14,2,2,2,22.0,20.0,11.0,110.0,12.0,3,0,0,0,2,30.0,15.0
490,37,8,1,1,62.0,56.0,62.0,110.71,62.0,9,0,1,0,1,42.86,16.07
490,37,9,3,3,61.0,54.0,20.33,112.96,42.0,9,1,0,0,2,48.15,18.52
490,37,17,1,1,45.0,30.0,45.0,150.0,45.0,5,2,0,0,1,26.67,23.33
490,27,1,1,1,0.0,7.0,0.0,0.0,0.0,0,0,0,0,1,100.0,0.0
490,27,15,2,2,34.0,34.0,17.0,100.0,25.0,4,0,0,0,2,32.35,11.76
490,12,7,1,1,15.0,12.0,15.0,125.0,15.0,2,0,0,0,1,50.0,16.67
490,12,13,4,4,30.0,35.0,7.5,85.71,26.0,3,1,0,0,4,51.43,11.43
490,23,1,1,1,4.0,10.0,4.0,40.0,4.0,1,0,0,0,1,90.0,10.0
490,23,4,1,1,6.0,9.0,6.0,66.67,6.0,0,0,0,0,1,33.33,0.0
490,23,5,1,1,19.0,16.0,19.0,118.75,19.0,3,0,0,0,1,37.5,18.75
490,23,6,2,2,27.0,28.0,13.5,96.43,21.0,4,0,0,0,2,50.0,14.29
490,23,9,1,1,2.0,6.0,2.0,33.33,2.0,0,0,0,0,1,50.0,0.0
490,23,10,1,1,11.0,9.0,11.0,122.22,11.0,2,0,0,0,1,55.56,22.22
490,23,11,2,2,57.0,53.0,28.5,107.55,46.0,5,1,0,0,2,41.51,11.32
490,23,12,1,1,34.0,21.0,34.0,161.9,34.0,5,1,0,0,1,38.1,28.57
490,23,16,1,1,71.0,29.0,71.0,244.83,71.0,6,5,1,0,0,10.34,37.93
490,23,18,6,6,283.0,186.0,47.17,152.15,61.0,25,15,3,0,6,32.8,21.51
490,11,17,1,1,9.0,7.0,9.0,128.57,9.0,1,0,0,0,1,28.57,14.29
490,17,4,1,1,8.0,9.0,8.0,88.89,8.0,1,0,0,0,1,55.56,11.11
490,17,10,1,1,19.0,15.0,19.0,126.67,19.0,1,1,0,0,1,26.67,13.33
490,17,11,1,1,5.0,7.0,5.0,71.43,5.0,0,0,0,0,1,28.57,0.0
490,35,7,1,1,4.0,7.0,4.0,57.14,4.0,0,0,0,0,1,42.86,0.0
490,13,2,1,1,3.0,7.0,3.0,42.86,3.0,0,0,0,0,1,42.86,0.0
490,3,5,1,1,103.0,60.0,103.0,171.67,103.0,12,5,1,1,0,30.0,28.33
490,3,6,1,1,14.0,13.0,14.0,107.69,14.0,2,1,0,0,1,76.92,23.08
490,3,7,1,1,24.0,22.0,24.0,109.09,24.0,3,0,0,0,1,36.36,13.64
490,3,9,1,1,74.0,48.0,74.0,154.17,74.0,8,2,1,0,2,27.08,20.83
490,3,10,1,1,30.0,25.0,30.0,120.0,30.0,5,0,0,0,1,40.0,20.0
490,3,11,1,1,36.0,20.0,36.0,180.0,36.0,6,1,0,0,1,30.0,35.0
490,3,16,1,1,37.0,20.0,37.0,185.0,37.0,3,2,0,0,1,25.0,25.0
490,3,17,1,1,33.0,22.0,33.0,150.0,33.0,3,1,0,0,1,18.18,18.18
490,8,4,1,1,4.0,8.0,4.0,50.0,4.0,0,0,0,0,1,62.5,0.0
490,8,5,1,1,15.0,10.0,15.0,150.0,15.0,3,0,0,0,1,40.0,30.0
490,8,6,1,1,16.0,15.0,16.0,106.67,16.0,1,0,0,0,1,33.33,6.67
490,8,8,1,1,23.0,17.0,23.0,135.29,23.0,4,0,0,0,1,47.06,23.53
490,8,12,1,1,0.0,2.0,0.0,0.0,0.0,0,0,0,0,1,100.0,0.0
490,8,16,6,6,115.0,87.0,19.17,132.18,31.0,6,4,0,0,6,24.14,11.49
490,8,17,5,5,78.0,70.0,15.6,111.43,29.0,7,2,0,0,5,37.14,12.86
490,8,18,1,1,20.0,17.0,20.0,117.65,20.0,1,1,0,0,0,35.29,11.76
490,25,18,1,1,17.0,17.0,17.0,100.0,17.0,1,1,0,0,1,47.06,11.76
490,32,8,2,2,42.0,47.0,21.0,89.36,42.0,4,0,0,0,2,40.43,8.51
490,32,9,4,4,184.0,148.0,46.0,124.32,67.0,17,3,3,0,5,28.38,13.51
490,32,10,7,7,162.0,137.0,23.14,118.25,60.0,12,5,1,0,6,32.12,12.41
490,32,11,1,1,16.0,11.0,16.0,145.45,16.0,1,1,0,0,1,36.36,18.18
490,32,15,2,2,35.0,35.0,17.5,100.0,28.0,0,3,0,0,2,45.71,8.57
490,2,7,3,3,94.0,75.0,31.33,125.33,64.0,11,2,1,0,2,33.33,17.33
490,2,8,4,4,214.0,160.0,53.5,133.75,76.0,18,5,2,0,3,26.88,14.37
490,2,16,1,1,27.0,13.0,27.0,207.69,27.0,2,2,0,0,1,23.08,30.77
490,2,17,1,1,1.0,5.0,1.0,20.0,1.0,0,0,0,0,2,80.0,0.0
490,19,2,1,1,0.0,1.0,0.0,0.0,0.0,0,0,0,0,1,100.0,0.0
490,7,5,1,1,5.0,6.0,5.0,83.33,5.0,1,0,0,0,1,66.67,16.67
490,7,6,1,1,59.0,49.0,59.0,120.41,59.0,3,3,1,0,0,34.69,12.24
490,7,7,1,1,23.0,26.0,23.0,88.46,23.0,2,0,0,0,1,42.31,7.69
490,7,9,1,1,9.0,11.0,9.0,81.82,9.0,2,0,0,0,1,72.73,18.18
490,7,12,1,1,26.0,21.0,26.0,123.81,26.0,1,0,0,0,1,14.29,4.76
490,16,5,1,1,6.0,7.0,6.0,85.71,6.0,1,0,0,0,1,57.14,14.29
490,16,6,1,1,12.0,25.0,12.0,48.0,12.0,0,1,0,0,1,68.0,4.0
490,16,9,1,1,0.0,5.0,0.0,0.0,0.0,0,0,0,0,1,100.0,0.0
490,16,10,2,2,66.0,58.0,33.0,113.79,44.0,5,1,0,0,2,32.76,10.34
490,16,11,1,1,13.0,13.0,13.0,100.0,13.0,2,0,0,0,1,38.46,15.38
490,16,12,1,1,70.0,49.0,70.0,142.86,70.0,4,3,1,0,1,28.57,14.29
490,16,17,1,1,35.0,30.0,35.0,116.67,35.0,2,1,0,0,1,30.0,10.0
490,34,9,1,1,21.0,17.0,21.0,123.53,21.0,4,0,0,0,1,47.06,23.53
490,34,10,1,1,0.0,3.0,0.0,0.0,0.0,0,0,0,0,1,100.0,0.0
490,18,4,4,4,102.0,72.0,25.5,141.67,52.0,11,2,1,0,2,27.78,18.06
490,18,5,8,8,288.0,237.0,36.0,121.52,98.0,40,2,2,0,7,36.29,17.72
490,18,6,8,8,280.0,249.0,35.0,112.45,68.0,26,5,3,0,6,34.54,12.45
490,18,11,7,7,206.0,173.0,29.43,119.08,65.0,21,2,1,0,6,28.32,13.29
490,18,12,7,7,224.0,167.0,32.0,134.13,105.0,29,4,1,1,7,36.53,19.76
490,18,16,1,1,15.0,13.0,15.0,115.38,15.0,0,0,0,0,1,7.69,0.0
490,36,7,1,1,13.0,8.0,13.0,162.5,13.0,2,0,0,0,0,37.5,25.0
490,36,13,1,1,8.0,10.0,8.0,80.0,8.0,1,0,0,0,1,50.0,10.0
490,1,7,3,3,154.0,131.0,51.33,117.56,72.0,16,1,2,0,3,37.4,12.98
490,1,13,3,3,75.0,62.0,25.0,120.97,60.0,8,1,1,0,3,32.26,14.52
490,30,2,1,1,62.0,49.0,62.0,126.53,62.0,4,1,1,0,0,24.49,10.2
490,31,5,1,1,0.0,3.0,0.0,0.0,0.0,0,0,0,0,1,100.0,0.0
490,31,6,1,1,30.0,27.0,30.0,111.11,30.0,3,0,0,0,1,29.63,11.11
490,6,2,2,2,57.0,46.0,28.5,123.91,56.0,5,2,1,0,2,30.43,15.22
490,28,5,1,1,40.0,31.0,40.0,129.03,40.0,4,2,0,0,1,45.16,19.35
490,28,6,1,1,4.0,8.0,4.0,50.0,4.0,0,0,0,0,1,62.5,0.0
490,28,8,1,1,16.0,12.0,16.0,133.33,16.0,2,0,0,0,1,16.67,16.67
490,28,9,1,1,66.0,42.0,66.0,157.14,66.0,7,3,1,0,0,38.1,23.81
490,28,10,2,2,94.0,75.0,47.0,125.33,56.0,10,2,1,0,2,36.0,16.0
490,28,11,1,1,37.0,36.0,37.0,102.78,37.0,4,0,0,0,1,30.56,11.11
490,28,12,1,1,37.0,21.0,37.0,176.19,37.0,6,1,0,0,1,38.1,33.33
490,28,14,1,1,8.0,8.0,8.0,100.0,8.0,1,0,0,0,1,50.0,12.5
490,28,15,2,2,56.0,45.0,28.0,124.44,44.0,9,1,0,0,2,51.11,22.22
490,28,16,1,1,61.0,27.0,61.0,225.93,61.0,7,3,1,0,1,11.11,37.04
490,28,17,1,1,5.0,8.0,5.0,62.5,5.0,1,0,0,0,1,75.0,12.5
490,28,18,1,1,11.0,7.0,11.0,157.14,11.0,1,1,0,0,1,57.14,28.57
464,10,16,4,4,31.0,37.0,7.75,83.78,16.0,2,2,0,0,4,59.46,10.81
464,24,16,1,1,4.0,5.0,4.0,80.0,4.0,0,0,0,0,1,40.0,0.0
464,26,15,1,1,5.0,3.0,5.0,166.67,5.0,1,0,0,0,1,33.33,33.33
464,3,16,1,1,18.0,10.0,18.0,180.0,18.0,1,1,0,0,1,20.0,20.0
464,8,16,1,1,2.0,3.0,2.0,66.67,2.0,0,0,0,0,0,0.0,0.0
464,2,16,1,1,51.0,44.0,51.0,115.91,51.0,3,3,1,0,1,45.45,13.64
464,16,16,1,1,4.0,2.0,4.0,200.0,4.0,1,0,0,0,1,50.0,50.0
25,23,8,1,1,5.0,2.0,5.0,250.0,5.0,1,0,0,0,0,0.0,50.0
25,35,7,1,1,4.0,1.0,4.0,400.0,4.0,1,0,0,0,0,0.0,100.0
25,3,8,2,2,5.0,3.0,2.5,166.67,4.0,1,0,0,0,1,33.33,33.33
25,8,3,1,1,4.0,7.0,4.0,57.14,4.0,0,0,0,0,0,42.86,0.0
25,8,4,1,1,18.0,13.0,18.0,138.46,18.0,1,1,0,0,0,38.46,15.38
135,30,2,1,1,0.0,1.0,0.0,0.0,0.0,0,0,0,0,1,100.0,0.0
135,6,2,1,1,7.0,7.0,7.0,100.0,7.0,1,0,0,0,1,57.14,14.29
456,10,18,1,1,12.0,6.0,12.0,200.0,12.0,1,1,0,0,0,16.67,33.33
456,24,18,2,2,31.0,11.0,15.5,281.82,26.0,2,3,0,0,1,9.09,45.45
456,37,18,1,1,74.0,41.0,74.0,180.49,74.0,5,6,1,0,1,31.71,26.83
456,23,18,1,1,6.0,6.0,6.0,100.0,6.0,1,0,0,0,1,50.0,16.67
456,8,18,1,1,19.0,19.0,19.0,100.0,19.0,0,2,0,0,1,52.63,10.53
456,2,18,1,1,3.0,7.0,3.0,42.86,3.0,0,0,0,0,1,57.14,0.0
456,16,18,4,4,73.0,44.0,18.25,165.91,36.0,3,6,0,0,4,36.36,20.45
456,28,18,1,1,18.0,8.0,18.0,225.0,18.0,0,2,0,0,0,0.0,25.0
175,9,3,1,1,0.0,1.0,0.0,0.0,0.0,0,0,0,0,1,100.0,0.0
175,27,3,2,2,54.0,53.0,27.0,101.89,40.0,5,1,0,0,2,45.28,11.32
175,29,3,1,1,9.0,12.0,9.0,75.0,9.0,1,0,0,0,1,50.0,8.33
356,10,5,1,1,1.0,1.0,1.0,100.0,1.0,0,0,0,0,0,0.0,0.0
356,9,5,1,1,1.0,2.0,1.0,50.0,1.0,0,0,0,0,1,50.0,0.0
356,37,5,2,2,16.0,10.0,8.0,160.0,15.0,0,2,0,0,2,40.0,20.0
356,35,7,1,1,30.0,27.0,30.0,111.11,30.0,4,1,0,0,1,55.56,18.52
356,8,8,1,1,0.0,1.0,0.0,0.0,0.0,0,0,0,0,1,100.0,0.0
356,32,8,1,1,7.0,5.0,7.0,140.0,7.0,1,0,0,0,0,20.0,20.0
356,32,9,1,1,3.0,3.0,3.0,100.0,3.0,0,0,0,0,0,33.33,0.0
356,2,7,1,1,4.0,3.0,4.0,133.33,4.0,0,0,0,0,1,33.33,0.0
356,34,10,1,1,25.0,15.0,25.0,166.67,25.0,2,1,0,0,1,20.0,20.0
311,20,10,1,1,0.0,6.0,0.0,0.0,0.0,0,0,0,0,1,66.67,0.0
311,32,10,1,1,0.0,1.0,0.0,0.0,0.0,0,0,0,0,1,100.0,0.0
311,34,10,1,1,7.0,2.0,7.0,350.0,7.0,0,1,0,0,0,0.0,50.0
220,24,16,1,1,31.0,26.0,31.0,119.23,31.0,3,1,0,0,1,38.46,15.38
220,26,15,1,1,8.0,9.0,8.0,88.89,8.0,0,0,0,0,1,33.33,0.0
220,27,15,1,1,5.0,4.0,5.0,125.0,5.0,1,0,0,0,1,50.0,25.0
220,12,14,1,1,16.0,14.0,16.0,114.29,16.0,2,1,0,0,1,64.29,21.43
220,8,17,1,1,0.0,1.0,0.0,0.0,0.0,0,0,0,0,1,100.0,0.0
220,2,16,1,1,5.0,4.0,5.0,125.0,5.0,1,0,0,0,1,50.0,25.0
220,16,16,1,1,36.0,27.0,36.0,133.33,36.0,7,0,0,0,1,44.44,25.93
220,16,17,1,1,5.0,5.0,5.0,100.0,5.0,1,0,0,0,1,60.0,20.0
220,18,16,1,1,33.0,25.0,33.0,132.0,33.0,4,1,0,0,1,44.0,20.0
437,10,16,1,1,8.0,3.0,8.0,266.67,8.0,0,1,0,0,0,0.0,33.33
437,24,16,1,1,9.0,11.0,9.0,81.82,9.0,0,0,0,0,1,45.45,0.0
437,26,15,1,1,0.0,2.0,0.0,0.0,0.0,0,0,0,0,1,100.0,0.0
437,27,15,4,4,37.0,43.0,9.25,86.05,21.0,4,1,0,0,4,58.14,11.63
437,23,16,1,1,1.0,5.0,1.0,20.0,1.0,0,0,0,0,1,80.0,0.0
437,3,16,2,2,38.0,37.0,19.0,102.7,23.0,2,1,0,0,0,29.73,8.11
437,3,17,4,4,50.0,52.0,12.5,96.15,25.0,6,0,0,0,3,40.38,11.54
437,8,17,1,1,48.0,25.0,48.0,192.0,48.0,4,3,0,0,0,20.0,28.0
437,32,15,1,1,66.0,47.0,66.0,140.43,66.0,2,6,1,0,0,34.04,17.02
437,18,16,1,1,29.0,11.0,29.0,263.64,29.0,3,2,0,0,0,18.18,45.45
437,36,14,1,1,0.0,1.0,0.0,0.0,0.0,0,0,0,0,1,100.0,0.0
437,28,15,2,2,26.0,26.0,13.0,100.0,26.0,4,0,0,0,2,46.15,15.38
437,28,16,1,1,6.0,4.0,6.0,150.0,6.0,1,0,0,0,1,25.0,25.0
260,10,8,1,1,8.0,3.0,8.0,266.67,8.0,0,1,0,0,0,0.0,33.33
260,23,11,1,1,3.0,4.0,3.0,75.0,3.0,0,0,0,0,0,0.0,0.0
260,3,8,1,1,0.0,2.0,0.0,0.0,0.0,0,0,0,0,1,100.0,0.0
260,8,8,1,1,10.0,20.0,10.0,50.0,10.0,0,0,0,0,1,45.0,0.0
260,32,8,2,2,0.0,4.0,0.0,0.0,0.0,0,0,0,0,0,50.0,0.0
260,7,8,1,1,0.0,2.0,0.0,0.0,0.0,0,0,0,0,1,100.0,0.0
260,7,10,1,1,15.0,12.0,15.0,125.0,15.0,2,0,0,0,1,25.0,16.67
728,18,3,1,1,30.0,18.0,30.0,166.67,30.0,2,1,0,0,1,16.67,16.67
728,29,3,1,1,4.0,4.0,4.0,100.0,4.0,1,0,0,0,1,75.0,25.0
236,18,5,1,1,9.0,8.0,9.0,112.5,9.0,2,0,0,0,1,62.5,25.0
236,31,5,3,3,78.0,68.0,26.0,114.71,31.0,5,2,0,0,3,29.41,10.29
686,10,3,1,1,17.0,10.0,17.0,170.0,17.0,0,2,0,0,1,50.0,20.0
686,10,6,1,1,7.0,7.0,7.0,100.0,7.0,1,0,0,0,1,57.14,14.29
686,9,7,1,1,2.0,3.0,2.0,66.67,2.0,0,0,0,0,0,33.33,0.0
686,26,3,2,2,32.0,23.0,16.0,139.13,23.0,5,1,0,0,2,52.17,26.09
686,26,7,1,1,0.0,1.0,0.0,0.0,0.0,0,0,0,0,1,100.0,0.0
686,12,7,3,3,47.0,42.0,15.67,111.9,23.0,7,0,0,0,3,45.24,16.67
686,23,3,1,1,1.0,3.0,1.0,33.33,1.0,0,0,0,0,1,66.67,0.0
686,23,6,2,2,35.0,28.0,17.5,125.0,35.0,3,2,0,0,2,42.86,17.86
686,23,8,1,1,7.0,7.0,7.0,100.0,7.0,1,0,0,0,1,42.86,14.29
686,11,6,1,1,22.0,12.0,22.0,183.33,22.0,2,2,0,0,1,50.0,33.33
686,3,10,1,1,18.0,17.0,18.0,105.88,18.0,3,0,0,0,1,52.94,17.65
686,32,10,1,1,0.0,5.0,0.0,0.0,0.0,0,0,0,0,1,80.0,0.0
686,16,9,2,2,8.0,15.0,4.0,53.33,8.0,1,0,0,0,2,66.67,6.67
686,36,7,1,1,8.0,10.0,8.0,80.0,8.0,1,0,0,0,1,40.0,10.0
686,1,7,1,1,24.0,22.0,24.0,109.09,24.0,2,1,0,0,1,45.45,13.64
686,28,6,1,1,59.0,37.0,59.0,159.46,59.0,8,1,1,0,1,32.43,24.32
686,28,7,4,4,45.0,20.0,11.25,225.0,16.0,6,2,0,0,2,25.0,40.0
686,28,8,1,1,7.0,10.0,7.0,70.0,7.0,0,0,0,0,1,40.0,0.0
686,28,10,1,1,0.0,1.0,0.0,0.0,0.0,0,0,0,0,1,100.0,0.0
633,23,10,1,1,12.0,12.0,12.0,100.0,12.0,1,0,0,0,0,33.33,8.33
656,10,7,1,1,42.0,35.0,42.0,120.0,42.0,5,1,0,0,0,40.0,17.14
656,10,8,1,1,22.0,26.0,22.0,84.62,22.0,0,1,0,0,1,34.62,3.85
656,10,9,1,1,11.0,22.0,11.0,50.0,11.0,1,0,0,0,1,63.64,4.55
656,10,10,1,1,44.0,29.0,44.0,151.72,44.0,1,3,0,0,1,20.69,13.79
656,10,12,6,6,76.0,56.0,12.67,135.71,26.0,6,3,0,0,3,30.36,16.07
656,10,16,7,7,162.0,96.0,23.14,168.75,54.0,9,12,1,0,4,28.12,21.88
656,10,17,5,5,112.0,77.0,22.4,145.45,66.0,8,6,1,0,3,27.27,18.18
656,10,18,5,5,126.0,72.0,25.2,175.0,43.0,13,7,0,0,5,31.94,27.78
656,9,7,1,1,1.0,1.0,1.0,100.0,1.0,0,0,0,0,1,0.0,0.0
656,15,16,1,1,2.0,6.0,2.0,33.33,2.0,0,0,0,0,1,50.0,0.0
656,24,16,1,1,16.0,11.0,16.0,145.45,16.0,1,1,0,0,1,27.27,18.18
656,24,18,1,1,34.0,20.0,34.0,170.0,34.0,1,4,0,0,0,45.0,25.0
656,26,15,2,2,60.0,31.0,30.0,193.55,38.0,4,4,0,0,0,19.35,25.81
656,37,9,1,1,1.0,3.0,1.0,33.33,1.0,0,0,0,0,1,66.67,0.0
656,37,12,2,2,3.0,9.0,1.5,33.33,3.0,0,0,0,0,2,66.67,0.0
656,37,17,2,2,7.0,9.0,3.5,77.78,7.0,0,0,0,0,1,11.11,0.0
656,37,18,1,1,22.0,11.0,22.0,200.0,22.0,3,1,0,0,1,27.27,36.36
656,27,15,2,2,18.0,23.0,9.0,78.26,17.0,2,0,0,0,1,47.83,8.7
656,12,13,5,5,65.0,59.0,13.0,110.17,42.0,4,3,0,0,5,38.98,11.86
656,12,14,2,2,15.0,21.0,7.5,71.43,10.0,1,0,0,0,2,42.86,4.76
656,23,7,1,1,2.0,2.0,2.0,100.0,2.0,0,0,0,0,0,0.0,0.0
656,23,9,1,1,21.0,7.0,21.0,300.0,21.0,1,2,0,0,0,0.0,42.86
656,23,10,1,1,0.0,1.0,0.0,0.0,0.0,0,0,0,0,1,100.0,0.0
656,23,17,1,1,15.0,21.0,15.0,71.43,15.0,2,0,0,0,1,61.9,9.52
656,17,10,3,3,37.0,33.0,12.33,112.12,24.0,1,2,0,0,2,33.33,9.09
656,17,11,4,4,45.0,41.0,11.25,109.76,19.0,2,2,0,0,4,24.39,9.76
656,3,7,1,1,2.0,3.0,2.0,66.67,2.0,0,0,0,0,1,33.33,0.0
656,3,8,1,1,40.0,21.0,40.0,190.48,40.0,5,2,0,0,0,33.33,33.33
656,3,9,1,1,13.0,9.0,13.0,144.44,13.0,1,1,0,0,1,44.44,22.22
656,3,10,1,1,38.0,17.0,38.0,223.53,38.0,3,2,0,0,0,17.65,29.41
656,3,11,1,1,2.0,3.0,2.0,66.67,2.0,0,0,0,0,1,33.33,0.0
656,3,12,1,1,4.0,1.0,4.0,400.0,4.0,1,0,0,0,0,0.0,100.0
656,3,16,1,1,21.0,14.0,21.0,150.0,21.0,3,0,0,0,1,21.43,21.43
656,3,17,1,1,57.0,39.0,57.0,146.15,57.0,5,3,1,0,2,35.9,20.51
656,3,18,1,1,15.0,11.0,15.0,136.36,15.0,2,0,0,0,1,27.27,18.18
656,8,8,1,1,9.0,10.0,9.0,90.0,9.0,0,1,0,0,1,60.0,10.0
656,8,12,1,1,9.0,9.0,9.0,100.0,9.0,1,0,0,0,1,33.33,11.11
656,8,16,1,1,21.0,12.0,21.0,175.0,21.0,2,1,0,0,1,25.0,25.0
656,8,18,1,1,21.0,14.0,21.0,150.0,21.0,2,1,0,0,1,35.71,21.43
656,25,17,1,1,21.0,13.0,21.0,161.54,21.0,2,1,0,0,1,30.77,23.08
656,32,8,3,3,39.0,41.0,13.0,95.12,24.0,2,1,0,0,4,34.15,7.32
656,32,10,1,1,22.0,20.0,22.0,110.0,22.0,1,1,0,0,1,40.0,10.0
656,32,11,1,1,14.0,12.0,14.0,116.67,14.0,0,1,0,0,1,33.33,8.33
656,32,15,1,1,8.0,4.0,8.0,200.0,8.0,2,0,0,0,1,50.0,50.0
656,2,8,1,1,12.0,7.0,12.0,171.43,12.0,1,0,0,0,0,0.0,14.29
656,2,16,1,1,27.0,30.0,27.0,90.0,27.0,2,1,0,0,1,50.0,10.0
656,2,18,1,1,39.0,32.0,39.0,121.88,39.0,1,2,0,0,1,18.75,9.38
656,7,7,1,1,6.0,6.0,6.0,100.0,6.0,1,0,0,0,1,50.0,16.67
656,7,8,4,4,69.0,58.0,17.25,118.97,32.0,3,3,0,0,3,25.86,10.34
656,7,9,4,4,29.0,17.0,7.25,170.59,16.0,0,2,0,0,2,17.65,11.76
656,7,10,3,3,26.0,20.0,8.67,130.0,16.0,2,0,0,0,1,15.0,10.0
656,16,8,1,1,15.0,11.0,15.0,136.36,15.0,2,0,0,0,1,18.18,18.18
656,16,9,1,1,36.0,17.0,36.0,211.76,36.0,1,3,0,0,0,5.88,23.53
656,16,10,1,1,7.0,12.0,7.0,58.33,7.0,0,0,0,0,1,50.0,0.0
656,16,12,1,1,14.0,11.0,14.0,127.27,14.0,1,0,0,0,0,9.09,9.09
656,16,16,1,1,34.0,34.0,34.0,100.0,34.0,4,0,0,0,1,38.24,11.76
656,16,18,1,1,6.0,7.0,6.0,85.71,6.0,1,0,0,0,1,71.43,14.29
656,34,9,1,1,0.0,2.0,0.0,0.0,0.0,0,0,0,0,1,100.0,0.0
656,34,10,1,1,34.0,17.0,34.0,200.0,34.0,3,2,0,0,1,17.65,29.41
656,18,11,1,1,9.0,5.0,9.0,180.0,9.0,1,0,0,0,1,0.0,20.0
656,18,17,1,1,15.0,13.0,15.0,115.38,15.0,1,0,0,0,0,23.08,7.69
656,36,13,2,2,38.0,13.0,19.0,292.31,21.0,2,4,0,0,1,7.69,46.15
656,36,14,3,3,13.0,18.0,4.33,72.22,9.0,1,0,0,0,2,44.44,5.56
656,1,7,2,2,9.0,13.0,4.5,69.23,7.0,0,0,0,0,2,38.46,0.0
656,1,13,2,2,14.0,13.0,7.0,107.69,9.0,0,1,0,0,2,30.77,7.69
656,1,14,1,1,12.0,7.0,12.0,171.43,12.0,0,1,0,0,1,14.29,14.29
656,28,10,1,1,19.0,13.0,19.0,146.15,19.0,0,1,0,0,0,15.38,7.69
656,28,11,1,1,10.0,8.0,10.0,125.0,10.0,0,1,0,0,0,12.5,12.5
656,28,12,1,1,4.0,2.0,4.0,200.0,4.0,1,0,0,0,1,50.0,50.0
656,28,15,5,5,96.0,62.0,19.2,154.84,42.0,4,6,0,0,1,25.81,16.13
656,28,17,1,1,8.0,7.0,8.0,114.29,8.0,1,0,0,0,1,28.57,14.29
9,2,16,1,1,13.0,9.0,13.0,144.44,13.0,0,1,0,0,1,22.22,11.11
411,10,17,1,1,58.0,33.0,58.0,175.76,58.0,3,5,1,0,1,33.33,24.24
411,24,17,1,1,20.0,16.0,20.0,125.0,20.0,2,0,0,0,0,25.0,12.5
411,3,16,1,1,15.0,9.0,15.0,166.67,15.0,0,1,0,0,0,11.11,11.11
411,8,16,1,1,1.0,2.0,1.0,50.0,1.0,0,0,0,0,1,50.0,0.0
411,2,18,3,3,22.0,18.0,7.33,122.22,20.0,0,3,0,0,2,61.11,16.67
411,28,16,1,1,2.0,4.0,2.0,50.0,2.0,0,0,0,0,1,50.0,0.0
411,28,17,1,1,0.0,1.0,0.0,0.0,0.0,0,0,0,0,1,100.0,0.0
411,28,18,1,1,1.0,1.0,1.0,100.0,1.0,0,0,0,0,0,0.0,0.0
339,23,17,1,1,5.0,4.0,5.0,125.0,5.0,1,0,0,0,1,50.0,25.0
319,26,15,2,2,19.0,22.0,9.5,86.36,10.0,3,0,0,0,1,68.18,13.64
319,27,15,2,2,2.0,4.0,1.0,50.0,2.0,0,0,0,0,1,50.0,0.0
319,12,13,1,1,0.0,3.0,0.0,0.0,0.0,0,0,0,0,1,100.0,0.0
319,11,17,1,1,4.0,3.0,4.0,133.33,4.0,1,0,0,0,1,66.67,33.33
319,8,14,1,1,1.0,2.0,1.0,50.0,1.0,0,0,0,0,0,0.0,0.0
319,25,18,2,2,2.0,6.0,1.0,33.33,1.0,0,0,0,0,1,66.67,0.0
319,32,15,1,1,0.0,2.0,0.0,0.0,0.0,0,0,0,0,0,100.0,0.0
319,2,14,1,1,1.0,1.0,1.0,100.0,1.0,0,0,0,0,0,0.0,0.0
319,7,16,1,1,2.0,2.0,2.0,100.0,2.0,0,0,0,0,0,50.0,0.0
319,28,15,1,1,0.0,1.0,0.0,0.0,0.0,0,0,0,0,1,100.0,0.0
172,27,15,2,2,5.0,6.0,2.5,83.33,4.0,0,0,0,0,0,16.67,0.0
172,32,15,1,1,0.0,1.0,0.0,0.0,0.0,0,0,0,0,1,100.0,0.0
172,28,12,1,1,15.0,13.0,15.0,115.38,15.0,2,0,0,0,0,46.15,15.38
172,28,16,1,1,7.0,12.0,7.0,58.33,7.0,1,0,0,0,0,58.33,8.33
466,12,13,1,1,7.0,5.0,7.0,140.0,7.0,0,1,0,0,0,60.0,20.0
466,17,11,1,1,1.0,5.0,1.0,20.0,1.0,0,0,0,0,0,80.0,0.0
466,3,10,1,1,4.0,7.0,4.0,57.14,4.0,1,0,0,0,1,85.71,14.29
466,8,6,1,1,2.0,6.0,2.0,33.33,2.0,0,0,0,0,0,83.33,0.0
466,32,11,1,1,2.0,4.0,2.0,50.0,2.0,0,0,0,0,1,50.0,0.0
466,16,11,1,1,8.0,9.0,8.0,88.89,8.0,1,0,0,0,1,33.33,11.11
466,1,13,1,1,2.0,5.0,2.0,40.0,2.0,0,0,0,0,1,60.0,0.0
669,21,2,2,2,8.0,7.0,4.0,114.29,7.0,0,1,0,0,3,57.14,14.29
669,23,3,1,1,2.0,4.0,2.0,50.0,2.0,0,0,0,0,1,50.0,0.0
669,23,4,1,1,11.0,15.0,11.0,73.33,11.0,1,0,0,0,2,53.33,6.67
669,13,2,1,1,1.0,1.0,1.0,100.0,1.0,0,0,0,0,0,0.0,0.0
669,8,3,1,1,2.0,4.0,2.0,50.0,2.0,0,0,0,0,0,50.0,0.0
669,5,2,2,2,22.0,17.0,11.0,129.41,21.0,1,2,0,0,1,52.94,17.65
669,4,2,1,1,11.0,13.0,11.0,84.62,11.0,0,0,0,0,1,46.15,0.0
669,7,4,1,1,25.0,21.0,25.0,119.05,25.0,3,0,0,0,1,33.33,14.29
669,18,3,2,2,52.0,37.0,26.0,140.54,32.0,3,3,0,0,0,32.43,16.22
669,18,4,2,2,24.0,22.0,12.0,109.09,19.0,1,1,0,0,1,31.82,9.09
669,30,2,1,1,36.0,23.0,36.0,156.52,36.0,4,0,0,0,0,8.7,17.39
669,29,3,1,1,0.0,3.0,0.0,0.0,0.0,0,0,0,0,1,100.0,0.0
187,10,16,1,1,0.0,1.0,0.0,0.0,0.0,0,0,0,0,1,100.0,0.0
187,10,18,1,1,0.0,1.0,0.0,0.0,0.0,0,0,0,0,1,100.0,0.0
187,23,16,1,1,6.0,6.0,6.0,100.0,6.0,0,0,0,0,0,16.67,0.0
187,8,17,1,1,3.0,3.0,3.0,100.0,3.0,0,0,0,0,0,0.0,0.0
187,32,15,1,1,0.0,2.0,0.0,0.0,0.0,0,0,0,0,1,100.0,0.0
187,7,16,1,1,4.0,5.0,4.0,80.0,4.0,1,0,0,0,1,80.0,20.0
187,16,16,1,1,13.0,7.0,13.0,185.71,13.0,2,0,0,0,0,14.29,28.57
41,23,1,1,1,10.0,10.0,10.0,100.0,10.0,0,1,0,0,1,40.0,10.0
41,3,1,1,1,3.0,4.0,3.0,75.0,3.0,0,0,0,0,0,0.0,0.0
41,16,1,4,4,36.0,25.0,9.0,144.0,16.0,5,1,0,0,6,44.0,24.0
691,10,18,4,4,41.0,34.0,10.25,120.59,17.0,4,1,0,0,3,32.35,14.71
691,15,17,1,1,17.0,11.0,17.0,154.55,17.0,1,1,0,0,0,18.18,18.18
691,37,18,1,1,66.0,31.0,66.0,212.9,66.0,5,5,1,0,0,22.58,32.26
691,11,17,2,2,11.0,15.0,5.5,73.33,8.0,0,1,0,0,2,46.67,6.67
691,8,18,1,1,1.0,1.0,1.0,100.0,1.0,0,0,0,0,1,0.0,0.0
691,25,17,4,4,128.0,67.0,32.0,191.04,61.0,6,12,1,0,4,28.36,26.87
691,2,17,1,1,31.0,17.0,31.0,182.35,31.0,3,1,0,0,1,11.76,23.53
691,2,18,1,1,37.0,19.0,37.0,194.74,37.0,2,3,0,0,1,15.79,26.32
691,16,17,1,1,2.0,3.0,2.0,66.67,2.0,0,0,0,0,1,33.33,0.0
691,16,18,1,1,41.0,26.0,41.0,157.69,41.0,2,3,0,0,1,26.92,19.23
691,28,18,1,1,18.0,16.0,18.0,112.5,18.0,1,1,0,0,1,43.75,12.5
589,12,13,1,1,14.0,13.0,14.0,107.69,14.0,0,1,0,0,1,23.08,7.69
589,36,13,1,1,4.0,7.0,4.0,57.14,4.0,0,0,0,0,1,42.86,0.0
589,1,13,1,1,14.0,9.0,14.0,155.56,14.0,0,0,0,0,0,0.0,0.0
268,10,3,1,1,34.0,21.0,34.0,161.9,34.0,1,3,0,0,1,28.57,19.05
268,10,4,1,1,14.0,15.0,14.0,93.33,14.0,2,0,0,0,1,40.0,13.33
268,10,5,1,1,62.0,39.0,62.0,158.97,62.0,5,3,1,0,1,23.08,20.51
268,10,6,2,2,17.0,16.0,8.5,106.25,15.0,1,0,0,0,1,12.5,6.25
268,10,8,1,1,30.0,22.0,30.0,136.36,30.0,3,1,0,0,1,31.82,18.18
268,10,9,1,1,25.0,23.0,25.0,108.7,25.0,4,0,0,0,1,43.48,17.39
268,10,11,1,1,50.0,29.0,50.0,172.41,50.0,4,4,1,0,1,37.93,27.59
268,10,12,1,1,5.0,5.0,5.0,100.0,5.0,1,0,0,0,1,60.0,20.0
268,10,14,1,1,72.0,27.0,72.0,266.67,72.0,4,7,1,0,0,11.11,40.74
268,9,7,1,1,33.0,27.0,33.0,122.22,33.0,3,1,0,0,1,40.74,14.81
268,26,3,5,5,146.0,99.0,29.2,147.47,55.0,15,4,2,0,4,24.24,19.19
268,26,7,1,1,2.0,3.0,2.0,66.67,2.0,0,0,0,0,1,33.33,0.0
268,26,15,3,3,43.0,47.0,14.33,91.49,27.0,4,2,0,0,3,48.94,12.77
268,37,5,1,1,19.0,24.0,19.0,79.17,19.0,1,0,0,0,1,37.5,4.17
268,37,9,3,3,19.0,14.0,6.33,135.71,13.0,2,1,0,0,2,42.86,21.43
268,37,12,1,1,20.0,20.0,20.0,100.0,20.0,3,0,0,0,0,45.0,15.0
268,27,3,3,3,67.0,59.0,22.33,113.56,40.0,5,1,0,0,2,25.42,10.17
268,27,4,1,1,27.0,28.0,27.0,96.43,27.0,2,0,0,0,1,32.14,7.14
268,27,15,3,3,72.0,68.0,24.0,105.88,40.0,7,3,0,0,3,48.53,14.71
268,12,7,3,3,71.0,66.0,23.67,107.58,35.0,6,0,0,0,3,25.76,9.09
268,12,13,5,5,168.0,130.0,33.6,129.23,42.0,16,5,0,0,5,31.54,16.15
268,12,14,4,4,60.0,54.0,15.0,111.11,55.0,5,2,1,0,2,38.89,12.96
268,23,3,1,1,27.0,15.0,27.0,180.0,27.0,3,1,0,0,1,26.67,26.67
268,23,4,1,1,17.0,6.0,17.0,283.33,17.0,0,2,0,0,0,0.0,33.33
268,23,6,3,3,67.0,55.0,22.33,121.82,37.0,6,1,0,0,2,27.27,12.73
268,23,8,2,2,36.0,26.0,18.0,138.46,36.0,0,3,0,0,1,34.62,11.54
268,23,10,1,1,63.0,37.0,63.0,170.27,63.0,6,3,1,0,2,27.03,24.32
268,23,11,1,1,21.0,17.0,21.0,123.53,21.0,3,0,0,0,1,35.29,17.65
268,23,12,1,1,5.0,11.0,5.0,45.45,5.0,0,0,0,0,1,54.55,0.0
268,11,6,1,1,26.0,22.0,26.0,118.18,26.0,3,0,0,0,1,27.27,13.64
268,3,3,1,1,46.0,27.0,46.0,170.37,46.0,3,4,0,0,1,33.33,25.93
268,3,4,1,1,63.0,50.0,63.0,126.0,63.0,9,0,1,0,0,32.0,18.0
268,3,5,2,2,92.0,61.0,46.0,150.82,81.0,8,4,1,0,1,27.87,19.67
268,3,6,1,1,18.0,18.0,18.0,100.0,18.0,1,0,0,0,1,16.67,5.56
268,3,8,1,1,0.0,1.0,0.0,0.0,0.0,0,0,0,0,1,100.0,0.0
268,3,9,1,1,44.0,47.0,44.0,93.62,44.0,2,2,0,0,1,44.68,8.51
268,3,10,1,1,6.0,11.0,6.0,54.55,6.0,0,0,0,0,1,45.45,0.0
268,3,11,1,1,82.0,53.0,82.0,154.72,82.0,3,8,1,0,1,33.96,20.75
268,3,12,1,1,29.0,29.0,29.0,100.0,29.0,2,1,0,0,1,34.48,10.34
268,3,16,1,1,14.0,6.0,14.0,233.33,14.0,1,1,0,0,1,16.67,33.33
268,8,3,1,1,3.0,4.0,3.0,75.0,3.0,0,0,0,0,1,50.0,0.0
268,8,4,1,1,0.0,1.0,0.0,0.0,0.0,0,0,0,0,1,100.0,0.0
268,8,5,1,1,18.0,18.0,18.0,100.0,18.0,0,1,0,0,0,27.78,5.56
268,8,6,1,1,7.0,10.0,7.0,70.0,7.0,0,0,0,0,1,30.0,0.0
268,8,8,1,1,34.0,19.0,34.0,178.95,34.0,1,3,0,0,0,21.05,21.05
268,8,11,1,1,39.0,26.0,39.0,150.0,39.0,3,2,0,0,1,30.77,19.23
268,8,12,8,8,139.0,163.0,17.38,85.28,42.0,10,3,0,0,5,43.56,7.98
268,8,16,7,7,93.0,69.0,13.29,134.78,27.0,5,5,0,0,6,28.99,14.49
268,32,9,1,1,22.0,19.0,22.0,115.79,22.0,1,1,0,0,1,31.58,10.53
268,32,10,1,1,10.0,12.0,10.0,83.33,10.0,0,0,0,0,1,16.67,0.0
268,32,11,6,6,232.0,157.0,38.67,147.77,100.0,19,14,1,1,5,33.76,21.02
268,32,15,2,2,56.0,39.0,28.0,143.59,46.0,4,3,0,0,2,28.21,17.95
268,2,16,2,2,31.0,20.0,15.5,155.0,19.0,1,3,0,0,2,35.0,20.0
268,7,3,1,1,33.0,18.0,33.0,183.33,33.0,7,0,0,0,1,33.33,38.89
268,7,4,1,1,13.0,19.0,13.0,68.42,13.0,2,0,0,0,2,63.16,10.53
268,7,5,1,1,34.0,17.0,34.0,200.0,34.0,2,2,0,0,0,5.88,23.53
268,7,7,1,1,17.0,14.0,17.0,121.43,17.0,0,0,0,0,1,14.29,0.0
268,7,8,1,1,4.0,1.0,4.0,400.0,4.0,1,0,0,0,0,0.0,100.0
268,7,9,1,1,65.0,37.0,65.0,175.68,65.0,4,4,1,0,1,13.51,21.62
268,7,11,1,1,49.0,35.0,49.0,140.0,49.0,5,1,0,0,1,20.0,17.14
268,7,12,1,1,1.0,2.0,1.0,50.0,1.0,0,0,0,0,1,50.0,0.0
268,16,4,1,1,7.0,8.0,7.0,87.5,7.0,0,0,0,0,1,25.0,0.0
268,16,6,1,1,34.0,27.0,34.0,125.93,34.0,4,0,0,0,0,29.63,14.81
268,16,7,1,1,68.0,46.0,68.0,147.83,68.0,7,2,1,0,1,28.26,19.57
268,16,9,1,1,54.0,49.0,54.0,110.2,54.0,3,2,1,0,1,36.73,10.2
268,16,10,1,1,12.0,15.0,12.0,80.0,12.0,1,0,0,0,1,46.67,6.67
268,16,11,1,1,79.0,37.0,79.0,213.51,79.0,9,4,1,0,1,16.22,35.14
268,16,12,2,2,26.0,25.0,13.0,104.0,25.0,2,0,0,0,1,32.0,8.0
268,18,3,1,1,0.0,3.0,0.0,0.0,0.0,0,0,0,0,1,100.0,0.0
268,18,4,1,1,11.0,13.0,11.0,84.62,11.0,1,0,0,0,1,38.46,7.69
268,18,6,1,1,27.0,29.0,27.0,93.1,27.0,2,0,0,0,2,37.93,6.9
268,18,11,1,1,12.0,9.0,12.0,133.33,12.0,2,0,0,0,1,33.33,22.22
268,18,12,1,1,57.0,47.0,57.0,121.28,57.0,2,3,1,0,1,27.66,10.64
268,18,16,1,1,0.0,2.0,0.0,0.0,0.0,0,0,0,0,1,100.0,0.0
268,36,7,1,1,14.0,21.0,14.0,66.67,14.0,1,0,0,0,1,52.38,4.76
268,36,13,2,2,47.0,28.0,23.5,167.86,45.0,1,4,0,0,1,25.0,17.86
268,36,14,2,2,49.0,35.0,24.5,140.0,32.0,4,2,0,0,1,25.71,17.14
268,1,7,1,1,48.0,40.0,48.0,120.0,48.0,4,0,0,0,1,30.0,10.0
268,1,13,4,4,144.0,124.0,36.0,116.13,71.0,13,3,1,0,3,32.26,12.9
268,1,14,2,2,12.0,13.0,6.0,92.31,10.0,1,0,0,0,2,30.77,7.69
268,31,5,1,1,1.0,3.0,1.0,33.33,1.0,0,0,0,0,1,66.67,0.0
268,31,6,1,1,26.0,23.0,26.0,113.04,26.0,2,1,0,0,1,34.78,13.04
268,28,4,8,8,243.0,210.0,30.38,115.71,59.0,28,7,3,0,7,40.95,16.67
268,28,5,8,8,107.0,90.0,13.38,118.89,47.0,5,4,0,0,5,32.22,10.0
268,28,6,4,4,43.0,31.0,10.75,138.71,24.0,3,2,0,0,4,35.48,16.13
268,28,7,5,5,108.0,70.0,21.6,154.29,59.0,10,5,1,0,5,28.57,21.43
268,28,8,8,8,177.0,124.0,22.12,142.74,53.0,13,9,1,0,6,28.23,17.74
268,28,9,4,4,105.0,89.0,26.25,117.98,32.0,12,2,0,0,4,35.96,15.73
268,28,10,1,1,0.0,3.0,0.0,0.0,0.0,0,0,0,0,1,100.0,0.0
268,28,11,3,3,38.0,39.0,12.67,97.44,22.0,5,1,0,0,2,51.28,15.38
268,28,12,1,1,0.0,1.0,0.0,0.0,0.0,0,0,0,0,1,100.0,0.0
268,28,14,4,4,64.0,41.0,16.0,156.1,27.0,2,6,0,0,4,34.15,19.51
268,28,15,3,3,103.0,70.0,34.33,147.14,78.0,10,7,1,0,2,47.14,24.29
268,28,16,1,1,20.0,16.0,20.0,125.0,20.0,3,0,0,0,0,37.5,18.75
581,24,16,1,1,0.0,3.0,0.0,0.0,0.0,0,0,0,0,1,100.0,0.0
581,24,18,1,1,13.0,9.0,13.0,144.44,13.0,3,0,0,0,1,44.44,33.33
581,11,16,2,2,74.0,54.0,37.0,137.04,55.0,8,3,1,0,1,35.19,20.37
581,8,16,1,1,13.0,17.0,13.0,76.47,13.0,0,0,0,0,1,35.29,0.0
581,25,17,1,1,15.0,12.0,15.0,125.0,15.0,2,0,0,0,1,33.33,16.67
581,7,16,2,2,70.0,38.0,35.0,184.21,66.0,9,2,1,0,2,23.68,28.95
581,16,17,1,1,46.0,27.0,46.0,170.37,46.0,5,2,0,0,1,25.93,25.93
581,28,16,1,1,29.0,17.0,29.0,170.59,29.0,3,1,0,0,1,35.29,23.53
91,24,16,1,1,4.0,3.0,4.0,133.33,4.0,1,0,0,0,1,66.67,33.33
91,16,16,1,1,18.0,13.0,18.0,138.46,18.0,1,1,0,0,1,38.46,15.38
333,11,4,1,1,7.0,4.0,7.0,175.0,7.0,0,1,0,0,1,50.0,25.0
333,3,4,2,2,0.0,3.0,0.0,0.0,0.0,0,0,0,0,2,100.0,0.0
333,3,5,2,2,6.0,7.0,3.0,85.71,4.0,0,0,0,0,1,42.86,0.0
333,8,4,1,1,14.0,5.0,14.0,280.0,14.0,2,1,0,0,1,40.0,60.0
333,22,4,1,1,12.0,4.0,12.0,300.0,12.0,3,0,0,0,0,25.0,75.0
18,10,17,1,1,7.0,3.0,7.0,233.33,7.0,1,0,0,0,0,0.0,33.33
18,15,17,1,1,3.0,2.0,3.0,150.0,3.0,0,0,0,0,0,0.0,0.0
18,24,18,2,2,2.0,1.0,1.0,200.0,2.0,0,0,0,0,0,0.0,0.0
18,26,15,1,1,1.0,2.0,1.0,50.0,1.0,0,0,0,0,0,50.0,0.0
18,11,18,1,1,19.0,10.0,19.0,190.0,19.0,3,1,0,0,0,50.0,40.0
18,3,16,1,1,0.0,1.0,0.0,0.0,0.0,0,0,0,0,0,0.0,0.0
18,32,15,2,2,14.0,9.0,7.0,155.56,12.0,0,2,0,0,1,55.56,22.22
18,7,12,1,1,4.0,3.0,4.0,133.33,4.0,1,0,0,0,0,66.67,33.33
18,36,14,1,1,5.0,3.0,5.0,166.67,5.0,1,0,0,0,0,33.33,33.33
18,28,15,1,1,7.0,2.0,7.0,350.0,7.0,0,1,0,0,0,0.0,50.0
18,28,18,1,1,0.0,1.0,0.0,0.0,0.0,0,0,0,0,1,100.0,0.0
14,10,5,1,1,9.0,7.0,9.0,128.57,9.0,1,0,0,0,1,28.57,14.29
14,26,8,1,1,6.0,7.0,6.0,85.71,6.0,1,0,0,0,1,71.43,14.29
14,23,6,1,1,2.0,7.0,2.0,28.57,2.0,0,0,0,0,1,71.43,0.0
14,11,5,2,2,45.0,45.0,22.5,100.0,36.0,6,1,0,0,1,53.33,15.56
14,11,6,2,2,89.0,57.0,44.5,156.14,80.0,9,4,1,0,2,28.07,22.81
14,3,5,1,1,2.0,4.0,2.0,50.0,2.0,0,0,0,0,1,50.0,0.0
14,3,6,1,1,61.0,41.0,61.0,148.78,61.0,8,1,1,0,1,24.39,21.95
14,8,5,1,1,18.0,12.0,18.0,150.0,18.0,0,2,0,0,1,33.33,16.67
14,7,5,3,3,88.0,58.0,29.33,151.72,33.0,7,4,0,0,2,22.41,18.97
14,7,6,3,3,8.0,12.0,2.67,66.67,8.0,0,0,0,0,3,41.67,0.0
14,16,5,1,1,14.0,9.0,14.0,155.56,14.0,2,0,0,0,1,22.22,22.22
14,16,6,1,1,4.0,4.0,4.0,100.0,4.0,1,0,0,0,1,75.0,25.0
14,18,6,1,1,23.0,20.0,23.0,115.0,23.0,3,0,0,0,1,35.0,15.0
14,28,5,1,1,10.0,7.0,10.0,142.86,10.0,0,1,0,0,1,42.86,14.29
14,28,6,1,1,9.0,13.0,9.0,69.23,9.0,1,0,0,0,1,46.15,7.69
33,10,17,1,1,1.0,2.0,1.0,50.0,1.0,0,0,0,0,1,50.0,0.0
33,8,17,1,1,11.0,10.0,11.0,110.0,11.0,1,0,0,0,1,30.0,10.0
33,25,17,1,1,13.0,10.0,13.0,130.0,13.0,0,1,0,0,1,30.0,10.0
33,25,18,1,1,18.0,12.0,18.0,150.0,18.0,1,1,0,0,1,16.67,16.67
33,2,17,1,1,17.0,11.0,17.0,154.55,17.0,1,1,0,0,1,27.27,18.18
33,2,18,2,2,17.0,17.0,8.5,100.0,16.0,2,1,0,0,2,64.71,17.65
33,18,18,2,2,22.0,12.0,11.0,183.33,21.0,3,1,0,0,1,33.33,33.33
147,13,2,1,1,0.0,2.0,0.0,0.0,0.0,0,0,0,0,1,100.0,0.0
147,3,1,4,4,10.0,12.0,2.5,83.33,5.0,1,0,0,0,3,33.33,8.33
147,8,1,1,1,6.0,7.0,6.0,85.71,6.0,1,0,0,0,0,42.86,14.29
147,22,4,1,1,13.0,9.0,13.0,144.44,13.0,0,1,0,0,1,33.33,11.11
147,5,2,1,1,9.0,9.0,9.0,100.0,9.0,1,0,0,0,1,55.56,11.11
147,16,1,1,1,27.0,7.0,27.0,385.71,27.0,2,3,0,0,0,14.29,71.43
147,30,2,1,1,8.0,4.0,8.0,200.0,8.0,0,1,0,0,1,25.0,25.0
147,28,1,1,1,3.0,5.0,3.0,60.0,3.0,0,0,0,0,0,60.0,0.0
441,10,4,1,1,5.0,3.0,5.0,166.67,5.0,0,0,0,0,0,0.0,0.0
441,10,5,1,1,25.0,17.0,25.0,147.06,25.0,3,1,0,0,0,41.18,23.53
441,37,5,2,2,11.0,15.0,5.5,73.33,10.0,0,1,0,0,2,60.0,6.67
441,27,4,1,1,5.0,4.0,5.0,125.0,5.0,1,0,0,0,0,50.0,25.0
441,23,4,1,1,48.0,40.0,48.0,120.0,48.0,6,1,0,0,2,32.5,17.5
441,3,1,3,3,20.0,28.0,6.67,71.43,10.0,3,0,0,0,3,60.71,10.71
441,8,4,1,1,17.0,15.0,17.0,113.33,17.0,0,0,0,0,1,26.67,0.0
441,22,4,1,1,4.0,10.0,4.0,40.0,4.0,0,0,0,0,1,80.0,0.0
441,16,4,7,7,118.0,87.0,16.86,135.63,61.0,13,3,1,0,4,31.03,18.39
441,31,6,1,1,16.0,18.0,16.0,88.89,16.0,1,1,0,0,1,44.44,11.11
441,28,4,1,1,10.0,11.0,10.0,90.91,10.0,1,0,0,0,1,36.36,9.09
441,28,5,1,1,1.0,3.0,1.0,33.33,1.0,0,0,0,0,1,66.67,0.0
553,32,15,1,1,0.0,6.0,0.0,0.0,0.0,0,0,0,0,1,100.0,0.0
553,28,15,2,2,21.0,24.0,10.5,87.5,15.0,2,0,0,0,2,45.83,8.33
545,10,9,1,1,1.0,2.0,1.0,50.0,1.0,0,0,0,0,1,50.0,0.0
545,10,14,1,1,14.0,10.0,14.0,140.0,14.0,2,0,0,0,0,20.0,20.0
545,24,18,1,1,3.0,2.0,3.0,150.0,3.0,0,0,0,0,1,50.0,0.0
545,26,15,1,1,5.0,3.0,5.0,166.67,5.0,1,0,0,0,0,33.33,33.33
545,37,9,1,1,1.0,2.0,1.0,50.0,1.0,0,0,0,0,1,50.0,0.0
545,27,4,1,1,1.0,1.0,1.0,100.0,1.0,0,0,0,0,0,0.0,0.0
545,27,15,1,1,1.0,2.0,1.0,50.0,1.0,0,0,0,0,1,50.0,0.0
545,12,13,1,1,0.0,2.0,0.0,0.0,0.0,0,0,0,0,1,100.0,0.0
545,12,14,2,2,12.0,10.0,6.0,120.0,7.0,1,0,0,0,1,10.0,10.0
545,23,5,1,1,11.0,7.0,11.0,157.14,11.0,2,0,0,0,0,42.86,28.57
545,23,8,1,1,11.0,4.0,11.0,275.0,11.0,1,1,0,0,0,25.0,50.0
545,23,9,1,1,5.0,4.0,5.0,125.0,5.0,1,0,0,0,1,50.0,25.0
545,23,11,1,1,5.0,2.0,5.0,250.0,5.0,1,0,0,0,0,0.0,50.0
545,3,6,1,1,6.0,12.0,6.0,50.0,6.0,1,0,0,0,1,75.0,8.33
545,3,9,1,1,1.0,1.0,1.0,100.0,1.0,0,0,0,0,0,0.0,0.0
545,3,12,1,1,7.0,5.0,7.0,140.0,7.0,1,0,0,0,0,20.0,20.0
545,3,18,3,3,10.0,19.0,3.33,52.63,8.0,1,0,0,0,1,63.16,5.26
545,8,5,1,1,2.0,4.0,2.0,50.0,2.0,0,0,0,0,0,25.0,0.0
545,8,14,2,2,3.0,4.0,1.5,75.0,2.0,0,0,0,0,1,25.0,0.0
545,8,17,2,2,4.0,4.0,2.0,100.0,4.0,0,0,0,0,0,25.0,0.0
545,8,18,1,1,0.0,2.0,0.0,0.0,0.0,0,0,0,0,0,100.0,0.0
545,25,17,1,1,6.0,8.0,6.0,75.0,6.0,0,0,0,0,1,37.5,0.0
545,32,6,1,1,0.0,1.0,0.0,0.0,0.0,0,0,0,0,1,100.0,0.0
545,32,15,2,2,9.0,11.0,4.5,81.82,6.0,1,0,0,0,0,36.36,9.09
545,2,7,1,1,0.0,1.0,0.0,0.0,0.0,0,0,0,0,0,0.0,0.0
545,2,16,1,1,27.0,26.0,27.0,103.85,27.0,3,0,0,0,1,34.62,11.54
545,2,17,1,1,0.0,4.0,0.0,0.0,0.0,0,0,0,0,1,100.0,0.0
545,2,18,1,1,1.0,2.0,1.0,50.0,1.0,0,0,0,0,1,50.0,0.0
545,16,6,1,1,3.0,3.0,3.0,100.0,3.0,0,0,0,0,1,33.33,0.0
545,16,8,1,1,0.0,2.0,0.0,0.0,0.0,0,0,0,0,1,100.0,0.0
545,16,9,3,3,22.0,11.0,7.33,200.0,21.0,3,1,0,0,1,27.27,36.36
545,16,10,1,1,0.0,1.0,0.0,0.0,0.0,0,0,0,0,1,100.0,0.0
545,16,11,2,2,1.0,3.0,0.5,33.33,1.0,0,0,0,0,2,66.67,0.0
545,16,12,2,2,4.0,10.0,2.0,40.0,2.0,0,0,0,0,2,50.0,0.0
545,16,16,4,4,15.0,21.0,3.75,71.43,6.0,1,0,0,0,2,47.62,4.76
545,16,17,1,1,13.0,13.0,13.0,100.0,13.0,3,0,0,0,1,69.23,23.08
545,18,5,1,1,3.0,5.0,3.0,60.0,3.0,0,0,0,0,1,40.0,0.0
545,18,12,1,1,1.0,4.0,1.0,25.0,1.0,0,0,0,0,1,50.0,0.0
545,33,9,1,1,13.0,7.0,13.0,185.71,13.0,2,0,0,0,1,14.29,28.57
545,36,7,1,1,1.0,3.0,1.0,33.33,1.0,0,0,0,0,1,66.67,0.0
545,36,14,2,2,5.0,6.0,2.5,83.33,3.0,0,0,0,0,0,16.67,0.0
545,31,5,4,4,22.0,20.0,5.5,110.0,10.0,2,0,0,0,1,35.0,10.0
545,31,6,5,5,37.0,44.0,7.4,84.09,24.0,2,1,0,0,4,50.0,6.82
545,28,5,1,1,2.0,4.0,2.0,50.0,2.0,0,0,0,0,1,50.0,0.0
545,28,6,1,1,6.0,11.0,6.0,54.55,6.0,0,0,0,0,0,54.55,0.0
545,28,8,1,1,6.0,4.0,6.0,150.0,6.0,1,0,0,0,0,50.0,25.0
545,28,10,1,1,4.0,3.0,4.0,133.33,4.0,0,0,0,0,0,0.0,0.0
545,28,11,1,1,7.0,11.0,7.0,63.64,7.0,0,0,0,0,0,36.36,0.0
545,28,15,2,2,9.0,10.0,4.5,90.0,8.0,1,0,0,0,1,40.0,10.0
671,8,6,1,1,0.0,1.0,0.0,0.0,0.0,0,0,0,0,1,100.0,0.0
671,32,11,1,1,0.0,1.0,0.0,0.0,0.0,0,0,0,0,1,100.0,0.0
671,16,11,1,1,1.0,3.0,1.0,33.33,1.0,0,0,0,0,0,66.67,0.0
671,28,6,1,1,4.0,8.0,4.0,50.0,4.0,0,0,0,0,0,50.0,0.0
463,10,4,1,1,1.0,1.0,1.0,100.0,1.0,0,0,0,0,0,0.0,0.0
463,26,3,1,1,3.0,3.0,3.0,100.0,3.0,0,0,0,0,1,33.33,0.0
463,21,2,1,1,14.0,10.0,14.0,140.0,14.0,0,1,0,0,0,20.0,10.0
463,23,4,1,1,1.0,3.0,1.0,33.33,1.0,0,0,0,0,1,66.67,0.0
463,23,5,1,1,9.0,5.0,9.0,180.0,9.0,0,1,0,0,1,20.0,20.0
463,13,2,1,1,6.0,7.0,6.0,85.71,6.0,1,0,0,0,1,57.14,14.29
463,3,5,1,1,8.0,4.0,8.0,200.0,8.0,0,1,0,0,0,25.0,25.0
463,22,4,1,1,1.0,2.0,1.0,50.0,1.0,0,0,0,0,1,50.0,0.0
463,19,2,1,1,0.0,5.0,0.0,0.0,0.0,0,0,0,0,0,80.0,0.0
463,7,1,2,2,17.0,11.0,8.5,154.55,16.0,2,1,0,0,1,36.36,27.27
463,7,3,2,2,8.0,6.0,4.0,133.33,7.0,1,0,0,0,0,16.67,16.67
463,18,1,1,1,0.0,2.0,0.0,0.0,0.0,0,0,0,0,1,100.0,0.0
463,18,5,1,1,25.0,11.0,25.0,227.27,25.0,2,2,0,0,1,27.27,36.36
463,18,6,1,1,5.0,6.0,5.0,83.33,5.0,1,0,0,0,1,66.67,16.67
463,33,6,1,1,16.0,6.0,16.0,266.67,16.0,0,2,0,0,0,16.67,33.33
463,6,2,1,1,8.0,12.0,8.0,66.67,8.0,1,0,0,0,1,50.0,8.33
463,28,4,1,1,2.0,3.0,2.0,66.67,2.0,0,0,0,0,0,33.33,0.0
459,10,16,1,1,62.0,48.0,62.0,129.17,62.0,4,2,1,0,0,25.0,12.5
459,10,17,1,1,65.0,39.0,65.0,166.67,65.0,7,2,1,0,1,25.64,23.08
459,10,18,1,1,108.0,61.0,108.0,177.05,108.0,12,4,1,1,0,19.67,26.23
459,24,17,1,1,31.0,23.0,31.0,134.78,31.0,4,0,0,0,1,26.09,17.39
459,24,18,1,1,56.0,37.0,56.0,151.35,56.0,7,1,1,0,1,27.03,21.62
459,26,15,3,3,69.0,55.0,23.0,125.45,35.0,7,2,0,0,3,30.91,16.36
459,27,15,2,2,76.0,59.0,38.0,128.81,65.0,7,1,1,0,1,25.42,13.56
459,23,18,1,1,52.0,36.0,52.0,144.44,52.0,6,1,1,0,1,25.0,19.44
459,3,17,1,1,6.0,14.0,6.0,42.86,6.0,0,0,0,0,1,64.29,0.0
459,3,18,1,1,49.0,36.0,49.0,136.11,49.0,7,1,0,0,1,33.33,22.22
459,8,17,1,1,37.0,31.0,37.0,119.35,37.0,3,0,0,0,1,22.58,9.68
459,25,17,1,1,31.0,34.0,31.0,91.18,31.0,3,0,0,0,1,38.24,8.82
459,25,18,1,1,80.0,49.0,80.0,163.27,80.0,10,1,1,0,1,20.41,22.45
459,2,16,6,6,281.0,188.0,46.83,149.47,96.0,27,10,2,0,5,27.66,19.68
459,2,17,6,6,322.0,203.0,53.67,158.62,103.0,28,14,2,1,5,23.15,20.69
459,2,18,7,7,365.0,223.0,52.14,163.68,82.0,41,12,3,0,7,25.11,23.77
459,7,16,1,1,19.0,20.0,19.0,95.0,19.0,2,0,0,0,1,40.0,10.0
459,16,18,1,1,5.0,9.0,5.0,55.56,5.0,0,0,0,0,1,44.44,0.0
459,18,17,1,1,35.0,29.0,35.0,120.69,35.0,3,1,0,0,1,37.93,13.79
459,18,18,1,1,39.0,30.0,39.0,130.0,39.0,4,1,0,0,1,30.0,16.67
459,28,18,1,1,5.0,5.0,5.0,100.0,5.0,1,0,0,0,1,60.0,20.0
524,16,11,1,1,5.0,2.0,5.0,250.0,5.0,1,0,0,0,0,0.0,50.0
325,10,3,1,1,7.0,12.0,7.0,58.33,7.0,0,0,0,0,0,41.67,0.0
325,27,3,1,1,16.0,18.0,16.0,88.89,16.0,2,0,0,0,1,50.0,11.11
325,11,3,1,1,6.0,3.0,6.0,200.0,6.0,1,0,0,0,0,0.0,33.33
325,29,3,1,1,6.0,4.0,6.0,150.0,6.0,0,0,0,0,0,0.0,0.0
731,23,5,1,1,6.0,2.0,6.0,300.0,6.0,0,1,0,0,0,50.0,50.0
731,11,4,1,1,0.0,5.0,0.0,0.0,0.0,0,0,0,0,0,100.0,0.0
78,10,10,1,1,33.0,25.0,33.0,132.0,33.0,3,2,0,0,1,48.0,20.0
78,10,11,1,1,1.0,2.0,1.0,50.0,1.0,0,0,0,0,1,50.0,0.0
78,12,13,5,5,109.0,103.0,21.8,105.83,41.0,13,1,0,0,6,42.72,13.59
78,23,10,1,1,14.0,15.0,14.0,93.33,14.0,1,0,0,0,1,33.33,6.67
78,23,11,1,1,11.0,13.0,11.0,84.62,11.0,0,0,0,0,1,23.08,0.0
78,23,12,1,1,11.0,10.0,11.0,110.0,11.0,2,0,0,0,1,50.0,20.0
78,17,10,1,1,50.0,32.0,50.0,156.25,50.0,2,3,1,0,1,9.38,15.62
78,17,11,1,1,12.0,9.0,12.0,133.33,12.0,2,0,0,0,1,33.33,22.22
78,3,10,1,1,2.0,3.0,2.0,66.67,2.0,0,0,0,0,1,33.33,0.0
78,3,11,1,1,27.0,21.0,27.0,128.57,27.0,2,1,0,0,1,28.57,14.29
78,8,12,1,1,46.0,26.0,46.0,176.92,46.0,1,3,0,0,1,11.54,15.38
78,8,16,1,1,8.0,8.0,8.0,100.0,8.0,1,0,0,0,1,37.5,12.5
78,32,10,4,4,136.0,91.0,34.0,149.45,103.0,11,6,1,1,4,26.37,18.68
78,32,11,1,1,45.0,37.0,45.0,121.62,45.0,3,1,0,0,1,27.03,10.81
78,2,16,1,1,7.0,6.0,7.0,116.67,7.0,1,0,0,0,1,33.33,16.67
78,16,10,1,1,39.0,25.0,39.0,156.0,39.0,1,3,0,0,1,36.0,16.0
78,16,11,1,1,5.0,8.0,5.0,62.5,5.0,0,0,0,0,1,50.0,0.0
78,16,12,1,1,16.0,9.0,16.0,177.78,16.0,3,0,0,0,0,22.22,33.33
78,34,10,1,1,25.0,18.0,25.0,138.89,25.0,2,1,0,0,1,22.22,16.67
78,18,11,6,6,95.0,71.0,15.83,133.8,40.0,6,4,0,0,7,30.99,14.08
78,18,12,6,6,50.0,54.0,8.33,92.59,28.0,2,1,0,0,4,35.19,5.56
78,1,13,3,3,176.0,97.0,58.67,181.44,107.0,23,6,2,1,2,30.93,29.9
78,28,10,1,1,17.0,12.0,17.0,141.67,17.0,2,0,0,0,1,33.33,16.67
78,28,14,1,1,0.0,3.0,0.0,0.0,0.0,0,0,0,0,1,100.0,0.0
308,37,12,1,1,1.0,1.0,1.0,100.0,1.0,0,0,0,0,0,0.0,0.0
308,32,10,1,1,2.0,5.0,2.0,40.0,2.0,0,0,0,0,1,60.0,0.0
308,16,10,1,1,13.0,8.0,13.0,162.5,13.0,0,1,0,0,0,12.5,12.5
308,34,10,3,3,13.0,15.0,4.33,86.67,11.0,1,0,0,0,0,33.33,6.67
308,28,11,1,1,3.0,6.0,3.0,50.0,3.0,0,0,0,0,1,50.0,0.0
425,3,3,1,1,1.0,1.0,1.0,100.0,1.0,0,0,0,0,0,0.0,0.0
425,30,2,1,1,0.0,1.0,0.0,0.0,0.0,0,0,0,0,1,100.0,0.0
425,31,6,1,1,2.0,4.0,2.0,50.0,2.0,0,0,0,0,1,50.0,0.0
232,10,4,1,1,37.0,19.0,37.0,194.74,37.0,5,2,0,0,1,42.11,36.84
232,10,5,1,1,56.0,44.0,56.0,127.27,56.0,7,0,1,0,1,29.55,15.91
232,10,7,1,1,32.0,35.0,32.0,91.43,32.0,5,0,0,0,1,54.29,14.29
232,10,9,2,2,92.0,65.0,46.0,141.54,60.0,11,3,1,0,2,35.38,21.54
232,10,10,1,1,1.0,3.0,1.0,33.33,1.0,0,0,0,0,1,66.67,0.0
232,9,5,1,1,10.0,9.0,10.0,111.11,10.0,1,0,0,0,1,44.44,11.11
232,9,7,1,1,33.0,29.0,33.0,113.79,33.0,3,0,0,0,0,24.14,10.34
232,26,7,1,1,14.0,11.0,14.0,127.27,14.0,0,2,0,0,1,54.55,18.18
232,14,2,1,1,5.0,7.0,5.0,71.43,5.0,0,0,0,0,1,28.57,0.0
232,27,4,1,1,0.0,1.0,0.0,0.0,0.0,0,0,0,0,1,100.0,0.0
232,12,7,2,2,77.0,63.0,38.5,122.22,71.0,8,2,1,0,1,36.51,15.87
232,23,1,2,2,6.0,7.0,3.0,85.71,5.0,1,0,0,0,2,57.14,14.29
232,23,3,3,3,69.0,70.0,23.0,98.57,57.0,9,0,1,0,1,41.43,12.86
232,23,4,1,1,23.0,19.0,23.0,121.05,23.0,2,1,0,0,1,36.84,15.79
232,23,5,4,4,131.0,116.0,32.75,112.93,43.0,19,2,0,0,4,45.69,18.1
232,23,7,1,1,28.0,24.0,28.0,116.67,28.0,1,2,0,0,1,37.5,12.5
232,23,8,1,1,32.0,12.0,32.0,266.67,32.0,3,3,0,0,1,41.67,50.0
232,23,9,1,1,29.0,24.0,29.0,120.83,29.0,3,2,0,0,1,58.33,20.83
232,23,10,1,1,33.0,17.0,33.0,194.12,33.0,5,1,0,0,1,23.53,35.29
232,23,11,1,1,43.0,27.0,43.0,159.26,43.0,6,2,0,0,1,44.44,29.63
232,20,9,2,2,54.0,30.0,27.0,180.0,48.0,8,2,0,0,2,33.33,33.33
232,17,4,2,2,61.0,39.0,30.5,156.41,32.0,3,6,0,0,2,35.9,23.08
232,35,7,3,3,81.0,56.0,27.0,144.64,56.0,6,5,1,0,3,37.5,19.64
232,13,2,4,4,65.0,50.0,16.25,130.0,35.0,4,5,0,0,4,48.0,18.0
232,3,1,1,1,158.0,73.0,158.0,216.44,158.0,10,13,1,1,0,23.29,31.51
232,3,3,1,1,45.0,36.0,45.0,125.0,45.0,5,2,0,0,1,47.22,19.44
232,3,4,1,1,22.0,16.0,22.0,137.5,22.0,3,0,0,0,1,43.75,18.75
232,3,8,1,1,4.0,6.0,4.0,66.67,4.0,1,0,0,0,1,66.67,16.67
232,3,9,2,2,12.0,17.0,6.0,70.59,11.0,2,0,0,0,2,58.82,11.76
232,3,10,1,1,3.0,6.0,3.0,50.0,3.0,0,0,0,0,1,50.0,0.0
232,3,11,4,4,79.0,58.0,19.75,136.21,38.0,9,4,0,0,4,41.38,22.41
232,8,1,1,1,24.0,12.0,24.0,200.0,24.0,2,2,0,0,1,33.33,33.33
232,8,3,1,1,0.0,4.0,0.0,0.0,0.0,0,0,0,0,1,100.0,0.0
232,8,4,1,1,33.0,37.0,33.0,89.19,33.0,3,0,0,0,1,37.84,8.11
232,8,5,1,1,2.0,8.0,2.0,25.0,2.0,0,0,0,0,1,75.0,0.0
232,8,6,1,1,6.0,7.0,6.0,85.71,6.0,1,0,0,0,1,57.14,14.29
232,8,8,7,7,313.0,203.0,44.71,154.19,100.0,33,18,3,1,8,41.38,25.12
232,32,9,1,1,43.0,22.0,43.0,195.45,43.0,5,2,0,0,1,27.27,31.82
232,32,10,1,1,45.0,27.0,45.0,166.67,45.0,5,2,0,0,1,22.22,25.93
232,32,11,1,1,5.0,3.0,5.0,166.67,5.0,1,0,0,0,1,33.33,33.33
232,2,8,1,1,12.0,7.0,12.0,171.43,12.0,3,0,0,0,1,57.14,42.86
232,22,4,5,5,100.0,84.0,20.0,119.05,47.0,9,5,0,0,5,40.48,16.67
232,19,2,2,2,26.0,21.0,13.0,123.81,20.0,1,2,0,0,2,47.62,14.29
232,5,2,2,3,5.0,13.0,2.5,38.46,4.0,0,0,0,0,2,61.54,0.0
232,7,5,1,1,15.0,18.0,15.0,83.33,15.0,3,0,0,0,1,55.56,16.67
232,7,8,1,1,6.0,6.0,6.0,100.0,6.0,1,0,0,0,1,50.0,16.67
232,7,9,1,1,0.0,2.0,0.0,0.0,0.0,0,0,0,0,1,100.0,0.0
232,16,8,1,1,12.0,5.0,12.0,240.0,12.0,3,0,0,0,1,40.0,60.0
232,16,9,1,1,7.0,19.0,7.0,36.84,7.0,0,0,0,0,1,63.16,0.0
232,16,10,1,1,5.0,10.0,5.0,50.0,5.0,0,0,0,0,1,50.0,0.0
232,34,9,5,5,111.0,79.0,22.2,140.51,49.0,9,6,0,0,5,31.65,18.99
232,34,10,5,6,169.0,113.0,33.8,149.56,72.0,13,12,1,0,5,38.05,22.12
232,18,5,1,1,2.0,4.0,2.0,50.0,2.0,0,0,0,0,1,50.0,0.0
232,33,8,1,1,11.0,21.0,11.0,52.38,11.0,1,0,0,0,1,66.67,4.76
232,36,7,1,1,40.0,33.0,40.0,121.21,40.0,3,2,0,0,1,36.36,15.15
232,1,7,2,2,76.0,55.0,38.0,138.18,67.0,5,5,1,0,2,41.82,18.18
232,30,2,2,2,20.0,37.0,10.0,54.05,19.0,1,0,0,0,2,59.46,2.7
232,31,5,2,2,72.0,79.0,36.0,91.14,41.0,7,1,0,0,3,43.04,10.13
232,6,2,2,2,165.0,112.0,82.5,147.32,84.0,21,5,2,0,1,34.82,23.21
232,28,4,1,1,81.0,60.0,81.0,135.0,81.0,10,2,1,0,1,36.67,20.0
232,28,5,1,1,1.0,5.0,1.0,20.0,1.0,0,0,0,0,1,80.0,0.0
232,28,7,2,2,24.0,27.0,12.0,88.89,13.0,1,1,0,0,3,37.04,7.41
232,28,8,1,1,46.0,20.0,46.0,230.0,46.0,6,2,0,0,1,15.0,40.0
232,28,9,1,1,6.0,4.0,6.0,150.0,6.0,0,1,0,0,1,75.0,25.0
232,28,10,1,1,64.0,44.0,64.0,145.45,64.0,6,3,1,0,1,34.09,20.45
211,10,6,1,1,14.0,11.0,14.0,127.27,14.0,2,0,0,0,1,36.36,18.18
211,9,5,1,1,2.0,2.0,2.0,100.0,2.0,0,0,0,0,0,0.0,0.0
211,3,6,1,1,2.0,2.0,2.0,100.0,2.0,0,0,0,0,0,0.0,0.0
211,32,6,1,1,37.0,37.0,37.0,100.0,37.0,3,1,0,0,1,45.95,10.81
211,7,6,1,1,0.0,1.0,0.0,0.0,0.0,0,0,0,0,1,100.0,0.0
211,16,6,3,3,70.0,60.0,23.33,116.67,55.0,8,1,1,0,2,33.33,15.0
711,10,11,1,1,0.0,1.0,0.0,0.0,0.0,0,0,0,0,0,0.0,0.0
711,37,9,1,1,1.0,1.0,1.0,100.0,1.0,0,0,0,0,0,0.0,0.0
711,23,9,1,1,2.0,2.0,2.0,100.0,2.0,0,0,0,0,0,0.0,0.0
711,23,12,1,1,3.0,3.0,3.0,100.0,3.0,0,0,0,0,0,33.33,0.0
711,17,11,1,1,1.0,1.0,1.0,100.0,1.0,0,0,0,0,0,0.0,0.0
711,16,9,1,1,1.0,1.0,1.0,100.0,1.0,0,0,0,0,0,0.0,0.0
711,16,11,1,1,2.0,5.0,2.0,40.0,2.0,0,0,0,0,1,60.0,0.0
173,10,9,2,2,8.0,8.0,4.0,100.0,8.0,1,0,0,0,2,50.0,12.5
173,10,11,1,1,37.0,20.0,37.0,185.0,37.0,2,3,0,0,1,30.0,25.0
173,10,12,1,1,2.0,4.0,2.0,50.0,2.0,0,0,0,0,1,50.0,0.0
173,23,10,1,1,15.0,10.0,15.0,150.0,15.0,1,1,0,0,1,30.0,20.0
173,23,11,1,1,24.0,9.0,24.0,266.67,24.0,1,3,0,0,1,33.33,44.44
173,3,9,1,1,39.0,15.0,39.0,260.0,39.0,3,4,0,0,1,26.67,46.67
173,3,11,1,1,12.0,6.0,12.0,200.0,12.0,1,1,0,0,0,50.0,33.33
173,2,7,1,1,8.0,6.0,8.0,133.33,8.0,0,1,0,0,0,33.33,16.67
173,7,9,1,1,18.0,11.0,18.0,163.64,18.0,0,2,0,0,0,36.36,18.18
173,16,10,1,1,16.0,6.0,16.0,266.67,16.0,0,2,0,0,0,16.67,33.33
173,16,11,1,1,9.0,9.0,9.0,100.0,9.0,1,0,0,0,1,33.33,11.11
173,18,12,1,1,13.0,9.0,13.0,144.44,13.0,1,1,0,0,0,55.56,22.22
173,28,10,1,1,20.0,10.0,20.0,200.0,20.0,4,0,0,0,1,20.0,40.0
173,28,11,2,2,14.0,14.0,7.0,100.0,10.0,0,1,0,0,1,42.86,7.14
173,28,12,1,1,3.0,4.0,3.0,75.0,3.0,0,0,0,0,1,25.0,0.0
478,7,7,1,1,0.0,1.0,0.0,0.0,0.0,0,0,0,0,1,100.0,0.0
478,7,8,1,1,1.0,2.0,1.0,50.0,1.0,0,0,0,0,0,50.0,0.0
448,10,9,2,2,41.0,17.0,20.5,241.18,27.0,0,5,0,0,0,17.65,29.41
448,9,3,1,1,8.0,6.0,8.0,133.33,8.0,1,0,0,0,0,16.67,16.67
448,23,4,1,1,16.0,12.0,16.0,133.33,16.0,1,0,0,0,0,16.67,8.33
448,23,5,1,1,12.0,11.0,12.0,109.09,12.0,0,1,0,0,1,36.36,9.09
448,23,8,1,1,1.0,2.0,1.0,50.0,1.0,0,0,0,0,1,50.0,0.0
448,23,10,1,1,21.0,14.0,21.0,150.0,21.0,2,1,0,0,0,35.71,21.43
448,3,9,1,1,5.0,3.0,5.0,166.67,5.0,1,0,0,0,1,33.33,33.33
448,3,10,1,1,2.0,3.0,2.0,66.67,2.0,0,0,0,0,0,33.33,0.0
448,8,5,1,1,7.0,5.0,7.0,140.0,7.0,1,0,0,0,0,20.0,20.0
448,7,4,1,1,6.0,4.0,6.0,150.0,6.0,0,0,0,0,0,0.0,0.0
448,16,9,1,1,5.0,5.0,5.0,100.0,5.0,0,0,0,0,0,40.0,0.0
448,16,10,1,1,8.0,7.0,8.0,114.29,8.0,0,0,0,0,1,28.57,0.0
448,18,3,1,1,1.0,1.0,1.0,100.0,1.0,0,0,0,0,0,0.0,0.0
448,18,5,1,1,18.0,13.0,18.0,138.46,18.0,2,0,0,0,1,23.08,15.38
448,31,5,1,1,35.0,18.0,35.0,194.44,35.0,3,2,0,0,0,22.22,27.78
448,28,4,1,1,1.0,2.0,1.0,50.0,1.0,0,0,0,0,1,50.0,0.0
349,23,4,1,1,18.0,11.0,18.0,163.64,18.0,2,1,0,0,1,45.45,27.27
423,10,4,1,1,24.0,13.0,24.0,184.62,24.0,3,1,0,0,0,15.38,30.77
423,10,5,1,1,22.0,18.0,22.0,122.22,22.0,3,0,0,0,1,33.33,16.67
423,10,6,2,2,59.0,36.0,29.5,163.89,54.0,2,5,1,0,1,33.33,19.44
423,14,2,1,1,73.0,60.0,73.0,121.67,73.0,5,3,1,0,1,33.33,13.33
423,27,3,1,1,13.0,9.0,13.0,144.44,13.0,1,1,0,0,1,44.44,22.22
423,27,4,1,1,39.0,36.0,39.0,108.33,39.0,2,2,0,0,1,41.67,11.11
423,23,1,1,1,10.0,11.0,10.0,90.91,10.0,2,0,0,0,1,63.64,18.18
423,23,3,2,2,50.0,47.0,25.0,106.38,50.0,7,0,1,0,2,46.81,14.89
423,23,4,1,1,2.0,8.0,2.0,25.0,2.0,0,0,0,0,1,75.0,0.0
423,23,5,1,1,12.0,9.0,12.0,133.33,12.0,0,1,0,0,0,33.33,11.11
423,23,6,1,1,19.0,20.0,19.0,95.0,19.0,2,0,0,0,0,30.0,10.0
423,17,4,2,2,37.0,23.0,18.5,160.87,33.0,5,2,0,0,1,47.83,30.43
423,13,2,4,4,43.0,56.0,10.75,76.79,17.0,3,1,0,0,3,55.36,7.14
423,3,4,1,1,5.0,12.0,5.0,41.67,5.0,0,0,0,0,2,58.33,0.0
423,3,5,1,1,1.0,2.0,1.0,50.0,1.0,0,0,0,0,0,50.0,0.0
423,3,6,1,1,13.0,17.0,13.0,76.47,13.0,1,0,0,0,1,41.18,5.88
423,8,4,1,1,51.0,42.0,51.0,121.43,51.0,3,2,1,0,1,30.95,11.9
423,8,5,1,1,3.0,5.0,3.0,60.0,3.0,0,0,0,0,0,60.0,0.0
423,8,6,1,1,9.0,6.0,9.0,150.0,9.0,1,0,0,0,0,16.67,16.67
423,2,3,1,1,36.0,34.0,36.0,105.88,36.0,3,0,0,0,1,26.47,8.82
423,2,7,1,1,40.0,30.0,40.0,133.33,40.0,0,3,0,0,1,33.33,10.0
423,22,4,5,5,108.0,81.0,21.6,133.33,35.0,11,2,0,0,4,28.4,16.05
423,19,2,2,2,48.0,44.0,24.0,109.09,48.0,5,0,0,0,2,36.36,11.36
423,5,2,2,2,36.0,41.0,18.0,87.8,31.0,4,0,0,0,2,41.46,9.76
423,7,1,1,1,1.0,3.0,1.0,33.33,1.0,0,0,0,0,1,66.67,0.0
423,7,5,1,1,36.0,23.0,36.0,156.52,36.0,2,2,0,0,1,21.74,17.39
423,7,7,1,1,31.0,18.0,31.0,172.22,31.0,2,2,0,0,1,33.33,22.22
423,16,6,1,1,8.0,7.0,8.0,114.29,8.0,1,0,0,0,1,28.57,14.29
423,18,1,1,1,1.0,3.0,1.0,33.33,1.0,0,0,0,0,0,66.67,0.0
423,18,4,1,1,8.0,14.0,8.0,57.14,8.0,0,0,0,0,1,57.14,0.0
423,18,5,7,7,171.0,118.0,24.43,144.92,48.0,13,6,0,0,6,24.58,16.1
423,18,6,6,6,124.0,86.0,20.67,144.19,46.0,10,4,0,0,4,24.42,16.28
423,1,7,1,1,1.0,8.0,1.0,12.5,1.0,0,0,0,0,1,87.5,0.0
423,30,2,2,2,94.0,65.0,47.0,144.62,70.0,13,1,1,0,1,29.23,21.54
423,31,6,1,1,22.0,19.0,22.0,115.79,22.0,3,0,0,0,0,26.32,15.79
423,6,2,1,1,71.0,44.0,71.0,161.36,71.0,4,4,1,0,1,27.27,18.18
423,28,4,1,1,11.0,7.0,11.0,157.14,11.0,2,0,0,0,0,42.86,28.57
423,28,6,1,1,39.0,27.0,39.0,144.44,39.0,7,0,0,0,1,40.74,25.93
423,28,7,1,1,29.0,16.0,29.0,181.25,29.0,2,1,0,0,0,12.5,18.75
387,10,6,1,1,32.0,27.0,32.0,118.52,32.0,4,0,0,0,1,25.93,14.81
387,11,6,1,1,49.0,29.0,49.0,168.97,49.0,4,3,0,0,1,31.03,24.14
387,3,6,1,2,14.0,15.0,14.0,93.33,14.0,2,0,0,0,2,53.33,13.33
387,8,6,1,1,4.0,5.0,4.0,80.0,4.0,0,0,0,0,1,40.0,0.0
387,18,6,1,1,64.0,40.0,64.0,160.0,64.0,9,1,1,0,0,27.5,25.0
387,33,6,2,2,23.0,16.0,11.5,143.75,13.0,1,1,0,0,1,37.5,12.5
387,31,6,1,1,7.0,9.0,7.0,77.78,7.0,1,0,0,0,1,55.56,11.11
408,25,18,1,1,20.0,10.0,20.0,200.0,20.0,1,2,0,0,1,40.0,30.0
672,10,6,1,1,12.0,17.0,12.0,70.59,12.0,0,0,0,0,1,35.29,0.0
672,16,6,1,1,11.0,9.0,11.0,122.22,11.0,0,0,0,0,1,11.11,0.0
672,28,6,1,1,0.0,1.0,0.0,0.0,0.0,0,0,0,0,1,100.0,0.0
661,12,7,1,1,20.0,17.0,20.0,117.65,20.0,4,0,0,0,1,58.82,23.53
661,28,7,2,2,20.0,18.0,10.0,111.11,15.0,3,0,0,0,2,38.89,16.67
337,24,17,1,1,2.0,5.0,2.0,40.0,2.0,0,0,0,0,1,60.0,0.0
397,28,18,2,2,47.0,32.0,23.5,146.88,27.0,3,3,0,0,2,37.5,18.75
498,10,10,1,1,1.0,2.0,1.0,50.0,1.0,0,0,0,0,1,50.0,0.0
498,10,11,1,1,3.0,4.0,3.0,75.0,3.0,0,0,0,0,0,25.0,0.0
498,23,10,4,4,65.0,39.0,16.25,166.67,36.0,7,3,0,0,4,25.64,25.64
498,3,10,2,2,31.0,29.0,15.5,106.9,31.0,1,2,0,0,2,41.38,10.34
498,3,11,4,4,85.0,40.0,21.25,212.5,40.0,2,8,0,0,1,20.0,25.0
498,3,12,2,2,5.0,11.0,2.5,45.45,3.0,0,0,0,0,1,54.55,0.0
498,8,12,1,1,4.0,6.0,4.0,66.67,4.0,1,0,0,0,1,83.33,16.67
498,32,11,1,1,8.0,8.0,8.0,100.0,8.0,1,0,0,0,1,37.5,12.5
498,7,10,1,1,11.0,7.0,11.0,157.14,11.0,1,0,0,0,0,0.0,14.29
498,16,10,1,1,18.0,15.0,18.0,120.0,18.0,1,1,0,0,1,33.33,13.33
498,16,11,1,1,33.0,29.0,33.0,113.79,33.0,1,2,0,0,1,34.48,10.34
498,16,12,1,1,37.0,32.0,37.0,115.62,37.0,3,2,0,0,1,46.88,15.62
498,18,11,1,1,2.0,3.0,2.0,66.67,2.0,0,0,0,0,1,33.33,0.0
421,10,16,1,1,17.0,8.0,17.0,212.5,17.0,1,1,0,0,0,0.0,25.0
421,24,16,1,1,4.0,6.0,4.0,66.67,4.0,0,0,0,0,0,50.0,0.0
421,23,17,1,1,6.0,4.0,6.0,150.0,6.0,0,1,0,0,1,50.0,25.0
421,11,17,1,1,46.0,27.0,46.0,170.37,46.0,5,1,0,0,1,14.81,22.22
421,3,16,1,1,5.0,4.0,5.0,125.0,5.0,1,0,0,0,1,50.0,25.0
421,3,17,6,6,116.0,78.0,19.33,148.72,38.0,9,7,0,0,6,37.18,20.51
421,8,16,2,2,47.0,27.0,23.5,174.07,41.0,7,1,0,0,2,29.63,29.63
421,8,17,1,1,18.0,22.0,18.0,81.82,18.0,1,0,0,0,1,40.91,4.55
421,2,16,2,2,63.0,46.0,31.5,136.96,33.0,2,5,0,0,2,41.3,15.22
421,2,17,1,1,27.0,21.0,27.0,128.57,27.0,2,1,0,0,1,23.81,14.29
421,7,16,1,1,23.0,18.0,23.0,127.78,23.0,4,0,0,0,1,38.89,22.22
421,16,16,1,1,64.0,40.0,64.0,160.0,64.0,6,2,1,0,1,22.5,20.0
421,16,17,1,1,37.0,20.0,37.0,185.0,37.0,5,0,0,0,0,0.0,25.0
421,18,17,1,1,5.0,6.0,5.0,83.33,5.0,0,0,0,0,0,33.33,0.0
421,28,16,7,7,229.0,133.0,32.71,172.18,100.0,19,13,2,1,3,21.05,24.06
701,26,3,1,1,15.0,19.0,15.0,78.95,15.0,3,0,0,0,1,63.16,15.79
512,10,9,1,1,16.0,17.0,16.0,94.12,16.0,1,0,0,0,0,29.41,5.88
512,10,11,2,2,33.0,19.0,16.5,173.68,33.0,4,2,0,0,2,42.11,31.58
512,10,12,1,1,3.0,9.0,3.0,33.33,3.0,0,0,0,0,1,66.67,0.0
512,37,12,2,2,41.0,37.0,20.5,110.81,27.0,5,1,0,0,2,45.95,16.22
512,23,9,2,2,14.0,13.0,7.0,107.69,10.0,2,0,0,0,1,46.15,15.38
512,32,11,1,1,26.0,16.0,26.0,162.5,26.0,3,2,0,0,1,56.25,31.25
512,7,11,1,1,4.0,6.0,4.0,66.67,4.0,0,0,0,0,1,33.33,0.0
512,16,12,1,1,40.0,24.0,40.0,166.67,40.0,4,3,0,0,1,41.67,29.17
519,13,2,1,1,0.0,1.0,0.0,0.0,0.0,0,0,0,0,1,100.0,0.0
681,10,16,1,1,0.0,2.0,0.0,0.0,0.0,0,0,0,0,0,100.0,0.0
681,24,16,1,1,4.0,4.0,4.0,100.0,4.0,1,0,0,0,1,75.0,25.0
681,12,14,2,2,9.0,8.0,4.5,112.5,7.0,1,0,0,0,2,37.5,12.5
681,36,14,2,2,7.0,16.0,3.5,43.75,6.0,1,0,0,0,1,62.5,6.25
681,28,14,1,1,0.0,1.0,0.0,0.0,0.0,0,0,0,0,1,100.0,0.0
143,10,4,1,1,13.0,12.0,13.0,108.33,13.0,1,0,0,0,0,16.67,8.33
143,10,12,6,6,59.0,56.0,9.83,105.36,19.0,6,1,0,0,6,41.07,12.5
143,23,12,1,1,14.0,6.0,14.0,233.33,14.0,1,1,0,0,0,16.67,33.33
143,3,12,1,1,22.0,21.0,22.0,104.76,22.0,2,1,0,0,1,57.14,14.29
143,8,4,1,1,7.0,12.0,7.0,58.33,7.0,1,0,0,0,1,50.0,8.33
143,8,12,1,1,1.0,5.0,1.0,20.0,1.0,0,0,0,0,1,80.0,0.0
143,7,12,1,1,38.0,29.0,38.0,131.03,38.0,4,1,0,0,1,34.48,17.24
143,18,12,1,1,3.0,5.0,3.0,60.0,3.0,0,0,0,0,0,40.0,0.0
143,28,4,1,1,1.0,2.0,1.0,50.0,1.0,0,0,0,0,1,50.0,0.0
143,28,12,1,1,47.0,32.0,47.0,146.88,47.0,7,1,0,0,1,34.38,25.0
436,10,11,1,1,5.0,6.0,5.0,83.33,5.0,1,0,0,0,1,66.67,16.67
436,10,12,1,1,20.0,18.0,20.0,111.11,20.0,3,0,0,0,1,50.0,16.67
436,23,10,1,1,26.0,14.0,26.0,185.71,26.0,3,2,0,0,1,35.71,35.71
436,23,11,9,9,303.0,228.0,33.67,132.89,74.0,34,12,1,0,8,43.42,20.18
436,23,12,6,6,154.0,106.0,25.67,145.28,82.0,17,9,2,0,6,45.28,24.53
436,17,11,1,1,27.0,17.0,27.0,158.82,27.0,2,2,0,0,1,35.29,23.53
436,3,9,1,1,15.0,12.0,15.0,125.0,15.0,0,1,0,0,1,33.33,8.33
436,3,10,3,3,60.0,32.0,20.0,187.5,50.0,5,5,1,0,3,46.88,31.25
436,3,11,1,1,62.0,52.0,62.0,119.23,62.0,7,1,1,0,0,34.62,15.38
436,3,12,1,1,43.0,31.0,43.0,138.71,43.0,4,2,0,0,1,38.71,19.35
436,8,11,1,1,22.0,16.0,22.0,137.5,22.0,4,0,0,0,1,37.5,25.0
436,8,12,1,1,0.0,5.0,0.0,0.0,0.0,0,0,0,0,1,80.0,0.0
436,8,14,1,1,49.0,35.0,49.0,140.0,49.0,4,3,0,0,2,40.0,20.0
436,7,10,1,1,84.0,52.0,84.0,161.54,84.0,8,3,1,0,1,21.15,21.15
436,7,12,1,1,46.0,22.0,46.0,209.09,46.0,5,3,0,0,1,31.82,36.36
436,16,5,1,1,6.0,9.0,6.0,66.67,6.0,1,0,0,0,1,66.67,11.11
436,16,11,1,1,55.0,43.0,55.0,127.91,55.0,4,3,1,0,1,34.88,16.28
436,16,12,1,1,51.0,47.0,51.0,108.51,51.0,4,1,1,0,1,29.79,10.64
436,34,10,1,1,93.0,41.0,93.0,226.83,93.0,6,8,1,0,0,21.95,34.15
436,18,11,1,1,0.0,2.0,0.0,0.0,0.0,0,0,0,0,1,100.0,0.0
436,18,12,1,1,50.0,32.0,50.0,156.25,50.0,6,3,1,0,1,43.75,28.12
436,36,7,1,1,45.0,31.0,45.0,145.16,45.0,3,3,0,0,1,32.26,19.35
436,1,7,1,1,13.0,18.0,13.0,72.22,13.0,2,0,0,0,1,61.11,11.11
436,28,9,1,1,10.0,10.0,10.0,100.0,10.0,0,0,0,0,0,40.0,0.0
436,28,10,1,1,32.0,24.0,32.0,133.33,32.0,3,1,0,0,1,33.33,16.67
436,28,11,1,1,17.0,13.0,17.0,130.77,17.0,4,0,0,0,1,53.85,30.77
436,28,12,1,1,41.0,29.0,41.0,141.38,41.0,2,4,0,0,1,48.28,20.69
81,10,4,1,1,7.0,12.0,7.0,58.33,7.0,0,0,0,0,1,41.67,0.0
81,10,6,1,1,17.0,17.0,17.0,100.0,17.0,3,0,0,0,1,58.82,17.65
81,27,3,1,1,10.0,16.0,10.0,62.5,10.0,2,0,0,0,1,62.5,12.5
81,12,7,1,1,10.0,18.0,10.0,55.56,10.0,1,0,0,0,1,66.67,5.56
81,23,3,3,3,67.0,66.0,22.33,101.52,45.0,8,1,0,0,1,45.45,13.64
81,35,6,1,1,5.0,14.0,5.0,35.71,5.0,0,0,0,0,1,64.29,0.0
81,3,3,1,1,16.0,8.0,16.0,200.0,16.0,0,2,0,0,1,25.0,25.0
81,3,5,2,2,17.0,21.0,8.5,80.95,11.0,1,1,0,0,2,66.67,9.52
81,3,6,1,1,19.0,20.0,19.0,95.0,19.0,3,0,0,0,1,50.0,15.0
81,8,4,1,1,2.0,4.0,2.0,50.0,2.0,0,0,0,0,1,50.0,0.0
81,8,5,1,1,0.0,1.0,0.0,0.0,0.0,0,0,0,0,1,100.0,0.0
81,2,3,1,1,29.0,25.0,29.0,116.0,29.0,4,0,0,0,1,32.0,16.0
81,7,6,1,1,51.0,48.0,51.0,106.25,51.0,8,0,1,0,1,45.83,16.67
81,16,4,1,1,25.0,15.0,25.0,166.67,25.0,4,0,0,0,1,20.0,26.67
81,36,7,2,2,75.0,70.0,37.5,107.14,40.0,9,0,0,0,1,32.86,12.86
81,1,7,2,2,21.0,18.0,10.5,116.67,13.0,3,0,0,0,1,33.33,16.67
81,28,7,1,1,19.0,18.0,19.0,105.56,19.0,4,0,0,0,1,61.11,22.22
624,10,3,1,1,30.0,21.0,30.0,142.86,30.0,2,2,0,0,1,28.57,19.05
624,10,4,1,1,26.0,14.0,26.0,185.71,26.0,4,1,0,0,1,21.43,35.71
624,10,5,1,1,128.0,62.0,128.0,206.45,128.0,7,13,1,1,0,33.87,32.26
624,10,6,1,1,4.0,7.0,4.0,57.14,4.0,1,0,0,0,1,85.71,14.29
624,10,8,1,1,62.0,40.0,62.0,155.0,62.0,6,4,1,0,0,42.5,25.0
624,10,10,1,1,48.0,38.0,48.0,126.32,48.0,3,3,0,0,1,36.84,15.79
624,10,12,1,1,69.0,37.0,69.0,186.49,69.0,6,5,1,0,1,29.73,29.73
624,26,3,1,1,75.0,60.0,75.0,125.0,75.0,7,2,1,0,1,30.0,15.0
624,14,2,1,1,7.0,7.0,7.0,100.0,7.0,1,0,0,0,1,42.86,14.29
624,12,7,1,1,20.0,7.0,20.0,285.71,20.0,2,2,0,0,1,42.86,57.14
624,12,13,3,4,80.0,56.0,26.67,142.86,31.0,6,6,0,0,3,46.43,21.43
624,23,3,4,4,132.0,72.0,33.0,183.33,88.0,12,10,1,0,4,34.72,30.56
624,23,4,1,1,102.0,55.0,102.0,185.45,102.0,10,7,1,1,0,34.55,30.91
624,23,5,1,1,86.0,58.0,86.0,148.28,86.0,7,6,1,0,1,39.66,22.41
624,23,7,1,1,6.0,9.0,6.0,66.67,6.0,1,0,0,0,1,66.67,11.11
624,23,8,1,1,96.0,56.0,96.0,171.43,96.0,7,7,1,0,2,26.79,25.0
624,23,9,1,1,49.0,31.0,49.0,158.06,49.0,5,4,0,0,1,51.61,29.03
624,23,10,1,1,7.0,17.0,7.0,41.18,7.0,1,0,0,0,1,58.82,5.88
624,23,11,1,1,62.0,38.0,62.0,163.16,62.0,5,6,1,0,0,55.26,28.95
624,23,12,1,1,20.0,13.0,20.0,153.85,20.0,2,2,0,0,1,69.23,30.77
624,11,4,1,1,0.0,7.0,0.0,0.0,0.0,0,0,0,0,1,100.0,0.0
624,17,11,4,4,97.0,82.0,24.25,118.29,50.0,14,3,1,0,4,50.0,20.73
624,35,6,1,1,33.0,36.0,33.0,91.67,33.0,1,1,0,0,1,33.33,5.56
624,35,7,1,1,46.0,50.0,46.0,92.0,46.0,3,3,0,0,1,50.0,12.0
624,35,8,1,1,41.0,43.0,41.0,95.35,41.0,2,3,0,0,1,55.81,11.63
624,13,2,2,2,84.0,63.0,42.0,133.33,44.0,8,4,0,0,1,41.27,19.05
624,3,3,1,1,34.0,15.0,34.0,226.67,34.0,6,1,0,0,1,26.67,46.67
624,3,4,5,5,313.0,153.0,62.6,204.58,107.0,27,26,2,1,4,33.99,34.64
624,3,5,6,6,194.0,137.0,32.33,141.61,81.0,11,16,2,0,6,40.88,19.71
624,3,6,8,9,534.0,310.0,66.75,172.26,175.0,38,44,4,1,4,35.48,26.45
624,3,7,4,4,72.0,74.0,18.0,97.3,27.0,8,4,0,0,4,63.51,16.22
624,3,8,6,6,180.0,115.0,30.0,156.52,117.0,11,17,1,1,5,45.22,24.35
624,3,9,8,8,177.0,115.0,22.12,153.91,76.0,12,17,2,0,8,48.7,25.22
624,3,10,5,5,36.0,49.0,7.2,73.47,22.0,4,1,0,0,5,57.14,10.2
624,3,12,1,1,23.0,10.0,23.0,230.0,23.0,4,1,0,0,1,40.0,50.0
624,8,3,1,1,7.0,4.0,7.0,175.0,7.0,0,1,0,0,1,50.0,25.0
624,8,4,2,2,89.0,50.0,44.5,178.0,89.0,9,5,1,0,2,30.0,28.0
624,8,5,1,1,68.0,35.0,68.0,194.29,68.0,2,6,1,0,1,14.29,22.86
624,8,6,1,1,4.0,10.0,4.0,40.0,4.0,1,0,0,0,1,90.0,10.0
624,8,12,1,1,5.0,7.0,5.0,71.43,5.0,1,0,0,0,1,71.43,14.29
624,8,14,2,2,58.0,52.0,29.0,111.54,43.0,7,2,0,0,2,48.08,17.31
624,32,8,1,1,27.0,26.0,27.0,103.85,27.0,4,1,0,0,1,57.69,19.23
624,32,11,1,1,0.0,2.0,0.0,0.0,0.0,0,0,0,0,1,100.0,0.0
624,2,8,1,1,20.0,17.0,20.0,117.65,20.0,3,1,0,0,1,52.94,23.53
624,2,14,3,3,59.0,34.0,19.67,173.53,46.0,7,3,0,0,3,35.29,29.41
624,5,2,2,3,64.0,50.0,32.0,128.0,54.0,6,5,1,0,3,58.0,22.0
624,7,3,1,1,14.0,12.0,14.0,116.67,14.0,3,0,0,0,1,58.33,25.0
624,7,5,1,1,87.0,56.0,87.0,155.36,87.0,8,4,1,0,1,33.93,21.43
624,7,6,1,1,61.0,33.0,61.0,184.85,61.0,6,3,1,0,1,24.24,27.27
624,7,8,1,1,17.0,14.0,17.0,121.43,17.0,1,1,0,0,1,35.71,14.29
624,7,11,2,2,167.0,96.0,83.5,173.96,104.0,8,15,2,1,1,31.25,23.96
624,7,12,6,6,227.0,166.0,37.83,136.75,99.0,20,15,1,0,5,45.18,21.08
624,16,5,1,1,27.0,10.0,27.0,270.0,27.0,3,2,0,0,1,30.0,50.0
624,16,6,1,2,11.0,6.0,11.0,183.33,11.0,0,1,0,0,1,16.67,16.67
624,16,7,1,1,14.0,20.0,14.0,70.0,14.0,1,0,0,0,1,55.0,5.0
624,16,8,1,1,35.0,10.0,35.0,350.0,35.0,4,3,0,0,1,20.0,70.0
624,16,10,1,1,32.0,21.0,32.0,152.38,32.0,2,3,0,0,1,52.38,23.81
624,16,11,1,1,23.0,22.0,23.0,104.55,23.0,1,2,0,0,1,54.55,13.64
624,16,12,1,1,4.0,3.0,4.0,133.33,4.0,1,0,0,0,1,66.67,33.33
624,34,10,1,1,77.0,38.0,77.0,202.63,77.0,5,7,1,0,1,31.58,31.58
624,18,4,1,1,70.0,44.0,70.0,159.09,70.0,7,4,1,0,0,31.82,25.0
624,18,5,1,1,4.0,8.0,4.0,50.0,4.0,0,0,0,0,1,62.5,0.0
624,18,6,1,1,34.0,16.0,34.0,212.5,34.0,6,1,0,0,1,43.75,43.75
624,18,11,1,1,1.0,1.0,1.0,100.0,1.0,0,0,0,0,1,0.0,0.0
624,18,12,1,1,79.0,47.0,79.0,168.09,79.0,8,4,1,0,1,25.53,25.53
624,33,9,1,1,1.0,4.0,1.0,25.0,1.0,0,0,0,0,1,75.0,0.0
624,36,13,2,2,104.0,74.0,52.0,140.54,53.0,3,10,2,0,1,37.84,17.57
624,36,14,1,1,14.0,17.0,14.0,82.35,14.0,1,0,0,0,1,35.29,5.88
624,1,13,2,2,111.0,82.0,55.5,135.37,99.0,6,8,1,0,2,36.59,17.07
624,1,14,1,1,1.0,4.0,1.0,25.0,1.0,0,0,0,0,1,75.0,0.0
624,30,2,2,2,29.0,28.0,14.5,103.57,17.0,3,1,0,0,2,53.57,14.29
624,31,5,1,1,57.0,31.0,57.0,183.87,57.0,3,6,1,0,1,41.94,29.03
624,31,6,1,1,21.0,21.0,21.0,100.0,21.0,2,1,0,0,1,52.38,14.29
624,28,4,1,1,8.0,9.0,8.0,88.89,8.0,0,1,0,0,1,55.56,11.11
624,28,5,1,1,82.0,59.0,82.0,138.98,82.0,5,6,1,0,0,38.98,18.64
624,28,6,1,1,18.0,20.0,18.0,90.0,18.0,2,1,0,0,1,60.0,15.0
624,28,7,1,1,38.0,24.0,38.0,158.33,38.0,3,3,0,0,1,37.5,25.0
624,28,8,1,1,13.0,12.0,13.0,108.33,13.0,1,1,0,0,1,58.33,16.67
624,28,11,1,1,18.0,11.0,18.0,163.64,18.0,2,1,0,0,1,36.36,27.27
624,28,12,1,1,63.0,36.0,63.0,175.0,63.0,3,7,1,0,1,47.22,27.78
624,28,14,3,3,61.0,47.0,20.33,129.79,40.0,6,3,0,0,4,44.68,19.15
158,10,8,1,1,13.0,6.0,13.0,216.67,13.0,1,1,0,0,0,16.67,33.33
158,10,9,2,2,82.0,34.0,41.0,241.18,82.0,4,8,1,0,1,26.47,35.29
158,10,10,3,3,47.0,24.0,15.67,195.83,16.0,5,2,0,0,2,12.5,29.17
158,10,12,2,2,28.0,24.0,14.0,116.67,17.0,1,2,0,0,2,41.67,12.5
158,26,8,2,2,38.0,16.0,19.0,237.5,34.0,2,3,0,0,1,6.25,31.25
158,37,9,2,2,58.0,36.0,29.0,161.11,38.0,6,3,0,0,1,30.56,25.0
158,12,13,1,1,2.0,5.0,2.0,40.0,2.0,0,0,0,0,1,60.0,0.0
158,12,14,2,2,19.0,16.0,9.5,118.75,14.0,2,0,0,0,2,37.5,12.5
158,23,6,1,1,0.0,1.0,0.0,0.0,0.0,0,0,0,0,1,100.0,0.0
158,23,9,1,1,11.0,9.0,11.0,122.22,11.0,2,0,0,0,1,44.44,22.22
158,23,10,1,1,11.0,10.0,11.0,110.0,11.0,1,0,0,0,1,30.0,10.0
158,23,11,1,1,2.0,3.0,2.0,66.67,2.0,0,0,0,0,1,33.33,0.0
158,3,10,1,1,4.0,5.0,4.0,80.0,4.0,0,0,0,0,1,20.0,0.0
158,3,12,1,1,0.0,3.0,0.0,0.0,0.0,0,0,0,0,1,100.0,0.0
158,8,6,4,4,13.0,11.0,3.25,118.18,7.0,0,0,0,0,0,18.18,0.0
158,8,8,1,1,16.0,10.0,16.0,160.0,16.0,0,1,0,0,0,10.0,10.0
158,8,12,1,1,0.0,1.0,0.0,0.0,0.0,0,0,0,0,1,100.0,0.0
158,32,8,2,2,6.0,11.0,3.0,54.55,6.0,0,0,0,0,1,45.45,0.0
158,32,10,1,1,38.0,9.0,38.0,422.22,38.0,4,3,0,0,0,0.0,77.78
158,2,8,1,1,3.0,3.0,3.0,100.0,3.0,0,0,0,0,0,0.0,0.0
158,7,9,1,1,17.0,12.0,17.0,141.67,17.0,0,1,0,0,0,25.0,8.33
158,7,10,1,1,2.0,5.0,2.0,40.0,2.0,0,0,0,0,1,60.0,0.0
158,7,11,1,1,27.0,16.0,27.0,168.75,27.0,1,1,0,0,0,6.25,12.5
158,7,12,1,1,0.0,1.0,0.0,0.0,0.0,0,0,0,0,1,100.0,0.0
158,16,12,1,1,4.0,8.0,4.0,50.0,4.0,0,0,0,0,1,50.0,0.0
158,18,11,1,1,17.0,7.0,17.0,242.86,17.0,2,1,0,0,0,14.29,42.86
158,33,9,1,1,27.0,18.0,27.0,150.0,27.0,3,0,0,0,1,22.22,16.67
158,36,13,2,2,28.0,12.0,14.0,233.33,25.0,1,3,0,0,1,25.0,33.33
158,36,14,1,1,0.0,2.0,0.0,0.0,0.0,0,0,0,0,1,100.0,0.0
158,1,13,2,2,4.0,4.0,2.0,100.0,4.0,1,0,0,0,2,75.0,25.0
158,28,6,1,1,1.0,4.0,1.0,25.0,1.0,0,0,0,0,1,75.0,0.0
158,28,10,1,1,52.0,41.0,52.0,126.83,52.0,5,1,1,0,0,26.83,14.63
158,28,14,4,4,48.0,31.0,12.0,154.84,36.0,0,5,0,0,2,32.26,16.13
229,10,10,6,6,114.0,80.0,19.0,142.5,41.0,7,8,0,0,3,36.25,18.75
229,9,7,1,1,18.0,12.0,18.0,150.0,18.0,1,1,0,0,1,41.67,16.67
229,26,7,1,1,20.0,10.0,20.0,200.0,20.0,1,2,0,0,1,30.0,30.0
229,12,7,3,3,58.0,58.0,19.33,100.0,39.0,5,1,0,0,3,41.38,10.34
229,23,8,1,1,55.0,41.0,55.0,134.15,55.0,4,3,1,0,0,39.02,17.07
229,23,10,1,1,2.0,5.0,2.0,40.0,2.0,0,0,0,0,1,60.0,0.0
229,20,10,1,1,6.0,6.0,6.0,100.0,6.0,1,0,0,0,1,50.0,16.67
229,3,11,2,2,17.0,21.0,8.5,80.95,15.0,0,1,0,0,2,42.86,4.76
229,32,10,1,1,2.0,4.0,2.0,50.0,2.0,0,0,0,0,0,50.0,0.0
229,2,8,1,1,50.0,38.0,50.0,131.58,50.0,5,3,1,0,1,50.0,21.05
229,7,10,1,1,18.0,25.0,18.0,72.0,18.0,0,1,0,0,1,56.0,4.0
229,36,7,1,1,13.0,14.0,13.0,92.86,13.0,2,0,0,0,1,50.0,14.29
229,1,7,1,1,2.0,8.0,2.0,25.0,2.0,0,0,0,0,1,75.0,0.0
229,28,7,4,4,154.0,79.0,38.5,194.94,95.0,12,11,1,0,2,27.85,29.11
229,28,8,2,2,9.0,18.0,4.5,50.0,5.0,2,0,0,0,2,77.78,11.11
229,28,10,1,1,0.0,3.0,0.0,0.0,0.0,0,0,0,0,1,100.0,0.0
229,28,11,1,1,0.0,1.0,0.0,0.0,0.0,0,0,0,0,1,100.0,0.0
355,27,4,2,2,27.0,32.0,13.5,84.38,16.0,3,0,0,0,2,50.0,9.38
355,7,4,1,1,6.0,14.0,6.0,42.86,6.0,0,0,0,0,0,57.14,0.0
355,16,4,1,1,15.0,8.0,15.0,187.5,15.0,3,0,0,0,0,25.0,37.5
355,18,5,1,1,23.0,26.0,23.0,88.46,23.0,2,0,0,0,1,42.31,7.69
355,31,5,2,2,15.0,24.0,7.5,62.5,12.0,0,0,0,0,2,45.83,0.0
355,28,5,1,1,12.0,13.0,12.0,92.31,12.0,1,0,0,0,1,53.85,7.69
482,26,15,1,1,5.0,5.0,5.0,100.0,5.0,0,0,0,0,1,40.0,0.0
482,27,15,1,1,6.0,3.0,6.0,200.0,6.0,0,0,0,0,0,0.0,0.0
482,12,13,3,3,25.0,26.0,8.33,96.15,13.0,2,0,0,0,3,46.15,7.69
482,3,9,1,1,3.0,4.0,3.0,75.0,3.0,0,0,0,0,0,25.0,0.0
482,3,10,1,1,0.0,1.0,0.0,0.0,0.0,0,0,0,0,1,100.0,0.0
482,8,16,1,1,4.0,7.0,4.0,57.14,4.0,0,0,0,0,1,42.86,0.0
482,2,14,2,2,32.0,21.0,16.0,152.38,30.0,1,3,0,0,2,38.1,19.05
482,2,16,1,1,2.0,5.0,2.0,40.0,2.0,0,0,0,0,1,60.0,0.0
482,1,13,1,1,4.0,5.0,4.0,80.0,4.0,0,0,0,0,0,20.0,0.0
422,28,5,1,1,8.0,15.0,8.0,53.33,8.0,0,0,0,0,1,53.33,0.0
290,10,1,1,1,8.0,9.0,8.0,88.89,8.0,0,0,0,0,1,11.11,0.0
290,27,1,1,1,8.0,12.0,8.0,66.67,8.0,0,0,0,0,1,33.33,0.0
290,28,1,1,1,0.0,2.0,0.0,0.0,0.0,0,0,0,0,1,100.0,0.0
393,10,3,1,1,0.0,1.0,0.0,0.0,0.0,0,0,0,0,1,100.0,0.0
393,11,4,1,1,8.0,8.0,8.0,100.0,8.0,0,1,0,0,1,62.5,12.5
330,10,3,1,1,4.0,11.0,4.0,36.36,4.0,0,0,0,0,1,63.64,0.0
330,10,4,1,1,31.0,25.0,31.0,124.0,31.0,2,1,0,0,0,20.0,12.0
330,10,6,2,2,35.0,36.0,17.5,97.22,31.0,5,0,0,0,2,47.22,13.89
330,9,5,2,2,84.0,54.0,42.0,155.56,74.0,5,4,1,0,2,22.22,16.67
330,37,5,2,2,53.0,38.0,26.5,139.47,30.0,3,3,0,0,1,26.32,15.79
330,23,1,1,1,30.0,16.0,30.0,187.5,30.0,3,1,0,0,0,12.5,25.0
330,23,6,1,1,34.0,31.0,34.0,109.68,34.0,3,1,0,0,1,29.03,12.9
330,11,4,1,1,15.0,12.0,15.0,125.0,15.0,0,0,0,0,0,8.33,0.0
330,3,1,4,4,33.0,33.0,8.25,100.0,26.0,3,1,0,0,3,48.48,12.12
330,3,3,1,1,13.0,3.0,13.0,433.33,13.0,0,2,0,0,0,0.0,66.67
330,3,5,1,1,45.0,24.0,45.0,187.5,45.0,2,3,0,0,1,20.83,20.83
330,3,6,1,1,52.0,34.0,52.0,152.94,52.0,3,3,1,0,1,26.47,17.65
330,8,3,1,1,21.0,13.0,21.0,161.54,21.0,2,1,0,0,0,23.08,23.08
330,8,4,1,1,13.0,18.0,13.0,72.22,13.0,1,0,0,0,1,44.44,5.56
330,8,5,1,1,77.0,53.0,77.0,145.28,77.0,9,2,1,0,2,26.42,20.75
330,8,6,1,1,2.0,3.0,2.0,66.67,2.0,0,0,0,0,1,66.67,0.0
330,32,6,1,1,0.0,1.0,0.0,0.0,0.0,0,0,0,0,1,100.0,0.0
330,22,4,1,1,31.0,34.0,31.0,91.18,31.0,2,1,0,0,1,50.0,8.82
330,7,1,1,1,10.0,14.0,10.0,71.43,10.0,0,0,0,0,1,35.71,0.0
330,7,3,1,1,6.0,3.0,6.0,200.0,6.0,1,0,0,0,0,0.0,33.33
330,7,5,1,1,67.0,41.0,67.0,163.41,67.0,8,1,1,0,0,17.07,21.95
330,7,6,1,1,10.0,8.0,10.0,125.0,10.0,2,0,0,0,1,50.0,25.0
330,16,1,1,1,31.0,23.0,31.0,134.78,31.0,1,2,0,0,0,21.74,13.04
330,16,4,2,2,14.0,20.0,7.0,70.0,13.0,1,0,0,0,2,55.0,5.0
330,16,5,4,4,75.0,63.0,18.75,119.05,65.0,8,2,1,0,4,39.68,15.87
330,16,6,5,6,50.0,60.0,10.0,83.33,22.0,2,2,0,0,5,46.67,6.67
330,18,1,1,1,10.0,16.0,10.0,62.5,10.0,1,0,0,0,1,56.25,6.25
330,31,5,1,1,78.0,46.0,78.0,169.57,78.0,6,5,1,0,1,28.26,23.91
330,29,3,1,1,4.0,3.0,4.0,133.33,4.0,0,0,0,0,1,33.33,0.0
330,28,5,1,1,0.0,1.0,0.0,0.0,0.0,0,0,0,0,1,100.0,0.0
330,28,6,1,1,43.0,23.0,43.0,186.96,43.0,3,3,0,0,0,21.74,26.09
365,9,7,1,1,8.0,9.0,8.0,88.89,8.0,1,0,0,0,1,66.67,11.11
365,12,7,2,2,11.0,9.0,5.5,122.22,7.0,2,0,0,0,0,22.22,22.22
365,11,6,1,1,12.0,8.0,12.0,150.0,12.0,2,0,0,0,0,25.0,25.0
365,8,8,1,1,4.0,5.0,4.0,80.0,4.0,0,0,0,0,1,40.0,0.0
365,16,7,1,1,1.0,3.0,1.0,33.33,1.0,0,0,0,0,1,66.67,0.0
365,18,6,1,1,2.0,3.0,2.0,66.67,2.0,0,0,0,0,1,66.67,0.0
365,36,7,1,1,22.0,18.0,22.0,122.22,22.0,3,0,0,0,0,38.89,16.67
365,1,7,1,1,7.0,7.0,7.0,100.0,7.0,1,0,0,0,1,57.14,14.29
365,31,6,1,1,30.0,23.0,30.0,130.43,30.0,2,1,0,0,1,30.43,13.04
365,28,7,3,3,72.0,65.0,24.0,110.77,33.0,6,5,0,0,3,49.23,16.92
205,10,9,2,2,54.0,19.0,27.0,284.21,34.0,3,6,0,0,2,21.05,47.37
205,23,9,1,1,6.0,4.0,6.0,150.0,6.0,0,1,0,0,1,75.0,25.0
205,23,11,1,1,8.0,4.0,8.0,200.0,8.0,0,1,0,0,1,25.0,25.0
205,23,12,2,2,11.0,10.0,5.5,110.0,6.0,1,0,0,0,2,20.0,10.0
205,20,10,1,1,11.0,10.0,11.0,110.0,11.0,2,0,0,0,1,50.0,20.0
205,3,10,1,1,1.0,5.0,1.0,20.0,1.0,0,0,0,0,1,80.0,0.0
205,7,9,1,1,12.0,6.0,12.0,200.0,12.0,1,1,0,0,1,33.33,33.33
205,16,11,1,1,3.0,4.0,3.0,75.0,3.0,0,0,0,0,1,25.0,0.0
205,33,9,2,2,11.0,9.0,5.5,122.22,10.0,2,0,0,0,2,33.33,22.22
205,28,11,2,2,64.0,40.0,32.0,160.0,43.0,1,7,0,0,2,40.0,20.0
741,10,10,1,1,3.0,5.0,3.0,60.0,3.0,0,0,0,0,1,40.0,0.0
741,23,10,3,3,20.0,25.0,6.67,80.0,18.0,3,0,0,0,1,56.0,12.0
741,23,11,1,1,5.0,5.0,5.0,100.0,5.0,1,0,0,0,1,60.0,20.0
741,3,11,2,2,1.0,3.0,0.5,33.33,1.0,0,0,0,0,0,66.67,0.0
741,7,10,1,1,8.0,6.0,8.0,133.33,8.0,0,1,0,0,0,50.0,16.67
741,16,10,1,1,6.0,3.0,6.0,200.0,6.0,1,0,0,0,0,0.0,33.33
741,28,10,1,1,9.0,8.0,9.0,112.5,9.0,0,0,0,0,1,25.0,0.0
741,28,11,1,1,11.0,11.0,11.0,100.0,11.0,0,1,0,0,1,45.45,9.09
741,28,14,1,1,15.0,11.0,15.0,136.36,15.0,2,0,0,0,0,18.18,18.18
410,27,3,1,1,2.0,2.0,2.0,100.0,2.0,0,0,0,0,0,0.0,0.0
410,28,1,1,1,2.0,1.0,2.0,200.0,2.0,0,0,0,0,1,0.0,0.0
312,10,16,1,1,1.0,6.0,1.0,16.67,1.0,0,0,0,0,0,83.33,0.0
312,10,18,1,1,1.0,1.0,1.0,100.0,1.0,0,0,0,0,0,0.0,0.0
312,26,15,2,2,2.0,2.0,1.0,100.0,1.0,0,0,0,0,0,0.0,0.0
312,27,15,1,1,10.0,16.0,10.0,62.5,10.0,2,0,0,0,0,75.0,12.5
312,23,16,1,1,0.0,3.0,0.0,0.0,0.0,0,0,0,0,0,100.0,0.0
312,8,14,1,1,2.0,3.0,2.0,66.67,2.0,0,0,0,0,0,33.33,0.0
312,36,13,2,2,9.0,14.0,4.5,64.29,7.0,0,0,0,0,1,35.71,0.0
312,1,13,1,1,1.0,1.0,1.0,100.0,1.0,0,0,0,0,1,0.0,0.0
312,28,14,1,1,0.0,1.0,0.0,0.0,0.0,0,0,0,0,0,100.0,0.0
331,10,18,1,1,42.0,25.0,42.0,168.0,42.0,2,3,0,0,1,24.0,20.0
331,26,15,1,1,31.0,13.0,31.0,238.46,31.0,6,1,0,0,1,38.46,53.85
331,27,15,1,1,4.0,7.0,4.0,57.14,4.0,0,0,0,0,1,57.14,0.0
331,23,18,1,1,52.0,25.0,52.0,208.0,52.0,4,4,1,0,1,32.0,32.0
331,3,18,1,1,0.0,1.0,0.0,0.0,0.0,0,0,0,0,1,100.0,0.0
331,8,18,2,2,74.0,51.0,37.0,145.1,42.0,3,5,0,0,2,29.41,15.69
331,32,15,3,3,86.0,55.0,28.67,156.36,49.0,7,7,0,0,3,47.27,25.45
331,2,17,1,1,46.0,38.0,46.0,121.05,46.0,2,3,0,0,1,39.47,13.16
331,2,18,1,1,57.0,23.0,57.0,247.83,57.0,4,5,1,0,1,13.04,39.13
331,28,15,2,2,40.0,38.0,20.0,105.26,37.0,1,3,0,0,2,44.74,10.53
331,28,17,2,2,23.0,21.0,11.5,109.52,23.0,1,2,0,0,2,57.14,14.29
231,6,2,1,1,10.0,13.0,10.0,76.92,10.0,0,0,0,0,1,38.46,0.0
596,10,17,1,1,1.0,3.0,1.0,33.33,1.0,0,0,0,0,1,66.67,0.0
596,15,17,1,1,7.0,8.0,7.0,87.5,7.0,0,0,0,0,1,37.5,0.0
596,2,18,1,1,1.0,3.0,1.0,33.33,1.0,0,0,0,0,1,33.33,0.0
562,16,1,1,1,3.0,8.0,3.0,37.5,3.0,0,0,0,0,1,50.0,0.0
194,10,18,1,1,0.0,2.0,0.0,0.0,0.0,0,0,0,0,1,100.0,0.0
194,15,16,1,1,21.0,26.0,21.0,80.77,21.0,1,0,0,0,1,38.46,3.85
194,24,17,3,3,19.0,19.0,6.33,100.0,9.0,3,0,0,0,3,63.16,15.79
194,26,15,3,3,66.0,45.0,22.0,146.67,39.0,8,3,0,0,3,40.0,24.44
194,27,15,4,4,70.0,53.0,17.5,132.08,48.0,10,2,0,0,4,45.28,22.64
194,12,13,7,7,205.0,182.0,29.29,112.64,56.0,19,4,2,0,7,34.07,12.64
194,12,14,3,3,22.0,22.0,7.33,100.0,22.0,4,0,0,0,3,54.55,18.18
194,23,15,1,1,28.0,20.0,28.0,140.0,28.0,2,2,0,0,1,40.0,20.0
194,23,18,1,1,10.0,10.0,10.0,100.0,10.0,1,0,0,0,1,30.0,10.0
194,11,16,1,1,51.0,30.0,51.0,170.0,51.0,5,3,1,0,1,36.67,26.67
194,3,16,1,1,52.0,34.0,52.0,152.94,52.0,7,1,1,0,1,26.47,23.53
194,3,17,1,1,6.0,11.0,6.0,54.55,6.0,0,0,0,0,1,45.45,0.0
194,3,18,4,4,72.0,53.0,18.0,135.85,50.0,6,4,1,0,4,37.74,18.87
194,8,14,2,2,36.0,41.0,18.0,87.8,25.0,4,0,0,0,2,48.78,9.76
194,8,16,1,1,38.0,26.0,38.0,146.15,38.0,5,0,0,0,1,26.92,19.23
194,8,17,1,1,13.0,19.0,13.0,68.42,13.0,0,0,0,0,1,36.84,0.0
194,8,18,1,1,27.0,14.0,27.0,192.86,27.0,2,2,0,0,1,35.71,28.57
194,25,18,1,1,61.0,35.0,61.0,174.29,61.0,6,4,1,0,1,37.14,28.57
194,32,15,2,2,48.0,36.0,24.0,133.33,41.0,4,3,0,0,2,44.44,19.44
194,2,14,2,2,24.0,20.0,12.0,120.0,17.0,3,1,0,0,2,55.0,20.0
194,2,15,2,2,11.0,22.0,5.5,50.0,9.0,0,0,0,0,2,45.45,0.0
194,2,16,1,1,26.0,25.0,26.0,104.0,26.0,2,2,0,0,1,56.0,16.0
194,16,16,1,1,2.0,5.0,2.0,40.0,2.0,0,0,0,0,1,40.0,0.0
194,18,16,4,4,69.0,50.0,17.25,138.0,27.0,11,0,0,0,4,28.0,22.0
194,18,17,1,1,0.0,3.0,0.0,0.0,0.0,0,0,0,0,1,100.0,0.0
194,18,18,1,1,40.0,28.0,40.0,142.86,40.0,5,1,0,0,0,32.14,21.43
194,36,13,3,3,55.0,43.0,18.33,127.91,32.0,6,2,0,0,3,37.21,18.6
194,36,14,3,3,131.0,106.0,43.67,123.58,70.0,11,5,1,0,3,34.91,15.09
194,1,13,5,5,213.0,154.0,42.6,138.31,74.0,26,2,3,0,4,30.52,18.18
194,1,14,2,2,63.0,72.0,31.5,87.5,41.0,7,0,0,0,3,48.61,9.72
194,28,14,2,2,135.0,67.0,67.5,201.49,101.0,15,8,1,1,1,26.87,34.33
194,28,15,5,5,153.0,130.0,30.6,117.69,54.0,17,4,1,0,5,40.0,16.15
194,28,16,1,1,2.0,4.0,2.0,50.0,2.0,0,0,0,0,1,50.0,0.0
194,28,17,1,1,0.0,1.0,0.0,0.0,0.0,0,0,0,0,1,100.0,0.0
194,28,18,1,1,37.0,22.0,37.0,168.18,37.0,2,3,0,0,1,22.73,22.73
335,26,15,2,2,8.0,5.0,4.0,160.0,8.0,0,1,0,0,2,60.0,20.0
335,27,15,1,1,22.0,14.0,22.0,157.14,22.0,2,1,0,0,1,28.57,21.43
335,32,15,1,1,13.0,8.0,13.0,162.5,13.0,1,1,0,0,1,37.5,25.0
335,28,15,1,1,1.0,1.0,1.0,100.0,1.0,0,0,0,0,0,0.0,0.0
62,10,1,1,1,26.0,20.0,26.0,130.0,26.0,4,0,0,0,0,35.0,20.0
62,7,1,1,1,6.0,3.0,6.0,200.0,6.0,1,0,0,0,1,33.33,33.33
62,16,1,1,1,1.0,1.0,1.0,100.0,1.0,0,0,0,0,0,0.0,0.0
779,23,16,2,2,9.0,8.0,4.5,112.5,8.0,0,1,0,0,1,50.0,12.5
779,35,8,1,1,12.0,7.0,12.0,171.43,12.0,0,1,0,0,1,28.57,14.29
779,3,8,4,4,89.0,60.0,22.25,148.33,47.0,10,3,0,0,3,30.0,21.67
779,3,9,1,1,5.0,4.0,5.0,125.0,5.0,0,0,0,0,0,0.0,0.0
779,3,16,1,1,12.0,3.0,12.0,400.0,12.0,0,2,0,0,0,0.0,66.67
779,8,8,1,1,17.0,14.0,17.0,121.43,17.0,2,0,0,0,1,21.43,14.29
779,7,8,1,1,4.0,5.0,4.0,80.0,4.0,0,0,0,0,0,20.0,0.0
359,10,5,1,1,4.0,7.0,4.0,57.14,4.0,0,0,0,0,0,57.14,0.0
359,10,6,1,1,34.0,39.0,34.0,87.18,34.0,3,0,0,0,1,38.46,7.69
359,10,7,1,1,2.0,6.0,2.0,33.33,2.0,0,0,0,0,1,66.67,0.0
359,10,8,1,1,42.0,41.0,42.0,102.44,42.0,4,1,0,0,1,39.02,12.2
359,10,9,1,1,9.0,9.0,9.0,100.0,9.0,1,0,0,0,1,55.56,11.11
359,10,10,1,1,24.0,28.0,24.0,85.71,24.0,1,0,0,0,1,32.14,3.57
359,10,11,1,1,26.0,19.0,26.0,136.84,26.0,1,1,0,0,1,21.05,10.53
359,10,12,1,1,7.0,5.0,7.0,140.0,7.0,1,0,0,0,1,20.0,20.0
359,10,14,2,2,14.0,7.0,7.0,200.0,7.0,1,1,0,0,0,14.29,28.57
359,10,16,1,1,31.0,16.0,31.0,193.75,31.0,2,2,0,0,0,12.5,25.0
359,10,17,1,1,55.0,23.0,55.0,239.13,55.0,6,3,1,0,1,8.7,39.13
359,9,7,2,2,60.0,46.0,30.0,130.43,47.0,6,2,0,0,2,34.78,17.39
359,24,16,1,1,6.0,12.0,6.0,50.0,6.0,0,0,0,0,1,50.0,0.0
359,24,18,4,4,67.0,58.0,16.75,115.52,27.0,7,1,0,0,3,31.03,13.79
359,26,15,3,3,64.0,42.0,21.33,152.38,39.0,6,2,0,0,2,23.81,19.05
359,37,9,1,1,7.0,5.0,7.0,140.0,7.0,1,0,0,0,1,20.0,20.0
359,37,18,1,1,27.0,19.0,27.0,142.11,27.0,1,2,0,0,0,26.32,15.79
359,27,15,4,4,81.0,63.0,20.25,128.57,31.0,6,3,0,0,3,34.92,14.29
359,12,7,1,1,26.0,20.0,26.0,130.0,26.0,4,0,0,0,1,40.0,20.0
359,23,6,1,1,10.0,8.0,10.0,125.0,10.0,0,1,0,0,1,50.0,12.5
359,23,7,1,1,8.0,12.0,8.0,66.67,8.0,0,0,0,0,1,33.33,0.0
359,23,8,1,1,27.0,11.0,27.0,245.45,27.0,2,2,0,0,0,0.0,36.36
359,23,9,1,1,13.0,18.0,13.0,72.22,13.0,0,0,0,0,1,33.33,0.0
359,23,10,1,1,28.0,19.0,28.0,147.37,28.0,2,2,0,0,1,26.32,21.05
359,23,12,1,1,59.0,40.0,59.0,147.5,59.0,5,3,1,0,0,35.0,20.0
359,23,15,1,1,68.0,38.0,68.0,178.95,68.0,3,5,1,0,0,13.16,21.05
359,23,16,1,1,32.0,18.0,32.0,177.78,32.0,2,2,0,0,0,22.22,22.22
359,23,18,1,1,4.0,4.0,4.0,100.0,4.0,0,0,0,0,0,25.0,0.0
359,11,6,2,2,50.0,29.0,25.0,172.41,44.0,4,4,0,0,1,37.93,27.59
359,11,18,1,1,11.0,8.0,11.0,137.5,11.0,0,1,0,0,1,37.5,12.5
359,17,10,1,1,30.0,27.0,30.0,111.11,30.0,1,2,0,0,0,44.44,11.11
359,3,6,1,1,2.0,4.0,2.0,50.0,2.0,0,0,0,0,1,50.0,0.0
359,3,7,2,2,67.0,30.0,33.5,223.33,66.0,8,3,1,0,1,16.67,36.67
359,3,8,1,1,7.0,10.0,7.0,70.0,7.0,1,0,0,0,1,60.0,10.0
359,3,9,1,1,3.0,6.0,3.0,50.0,3.0,0,0,0,0,1,50.0,0.0
359,3,12,1,1,24.0,25.0,24.0,96.0,24.0,2,0,0,0,1,32.0,8.0
359,3,16,1,1,6.0,7.0,6.0,85.71,6.0,1,0,0,0,1,42.86,14.29
359,3,17,1,1,30.0,20.0,30.0,150.0,30.0,3,2,0,0,1,35.0,25.0
359,8,5,1,1,19.0,15.0,19.0,126.67,19.0,2,0,0,0,1,33.33,13.33
359,8,6,1,1,51.0,26.0,51.0,196.15,51.0,5,2,1,0,0,3.85,26.92
359,8,8,1,1,3.0,9.0,3.0,33.33,3.0,0,0,0,0,1,66.67,0.0
359,8,12,1,1,6.0,5.0,6.0,120.0,6.0,1,0,0,0,1,40.0,20.0
359,8,16,1,1,4.0,6.0,4.0,66.67,4.0,0,0,0,0,1,33.33,0.0
359,8,17,1,1,21.0,16.0,21.0,131.25,21.0,3,0,0,0,1,37.5,18.75
359,25,17,1,1,4.0,6.0,4.0,66.67,4.0,0,0,0,0,1,33.33,0.0
359,32,8,2,2,28.0,28.0,14.0,100.0,23.0,3,1,0,0,2,53.57,14.29
359,32,11,1,1,24.0,22.0,24.0,109.09,24.0,1,1,0,0,1,27.27,9.09
359,32,15,3,3,140.0,90.0,46.67,155.56,94.0,11,7,1,0,1,24.44,20.0
359,2,8,1,2,54.0,31.0,54.0,174.19,54.0,1,5,1,0,2,25.81,19.35
359,2,15,1,1,32.0,19.0,32.0,168.42,32.0,3,1,0,0,0,26.32,21.05
359,2,16,6,6,122.0,75.0,20.33,162.67,46.0,8,7,0,0,4,21.33,20.0
359,2,17,5,5,100.0,74.0,20.0,135.14,44.0,8,3,0,0,3,28.38,14.86
359,7,5,2,2,42.0,30.0,21.0,140.0,34.0,1,3,0,0,1,16.67,13.33
359,7,6,5,5,215.0,114.0,43.0,188.6,101.0,15,12,2,1,3,16.67,23.68
359,7,7,2,2,76.0,54.0,38.0,140.74,47.0,4,4,0,0,0,24.07,14.81
359,7,8,4,4,83.0,70.0,20.75,118.57,43.0,5,3,0,0,5,27.14,11.43
359,7,9,7,7,89.0,55.0,12.71,161.82,30.0,6,4,0,0,4,23.64,18.18
359,7,11,1,1,24.0,23.0,24.0,104.35,24.0,1,0,0,0,0,21.74,4.35
359,7,12,4,4,99.0,70.0,24.75,141.43,43.0,8,4,0,0,3,25.71,17.14
359,7,16,1,1,17.0,18.0,17.0,94.44,17.0,1,0,0,0,0,16.67,5.56
359,16,5,1,1,28.0,18.0,28.0,155.56,28.0,3,1,0,0,0,22.22,22.22
359,16,7,1,1,24.0,24.0,24.0,100.0,24.0,1,0,0,0,0,25.0,4.17
359,16,8,1,1,89.0,44.0,89.0,202.27,89.0,2,9,1,0,0,22.73,25.0
359,16,9,1,1,9.0,11.0,9.0,81.82,9.0,1,0,0,0,1,45.45,9.09
359,16,10,1,1,1.0,6.0,1.0,16.67,1.0,0,0,0,0,1,83.33,0.0
359,16,12,1,1,11.0,11.0,11.0,100.0,11.0,1,0,0,0,1,45.45,9.09
359,16,18,1,1,13.0,7.0,13.0,185.71,13.0,2,0,0,0,0,0.0,28.57
359,34,9,1,1,31.0,27.0,31.0,114.81,31.0,2,0,0,0,1,25.93,7.41
359,18,18,1,1,7.0,8.0,7.0,87.5,7.0,0,0,0,0,0,0.0,0.0
359,36,7,2,2,61.0,29.0,30.5,210.34,51.0,0,7,1,0,1,27.59,24.14
359,36,14,1,1,15.0,23.0,15.0,65.22,15.0,0,0,0,0,1,39.13,0.0
359,1,7,2,2,68.0,47.0,34.0,144.68,54.0,5,3,1,0,1,31.91,17.02
359,1,14,1,1,7.0,10.0,7.0,70.0,7.0,0,0,0,0,1,50.0,0.0
359,28,5,1,1,5.0,5.0,5.0,100.0,5.0,0,0,0,0,0,20.0,0.0
359,28,6,1,1,56.0,34.0,56.0,164.71,56.0,1,5,1,0,1,20.59,17.65
359,28,7,2,2,54.0,31.0,27.0,174.19,38.0,6,2,0,0,1,16.13,25.81
359,28,8,1,1,24.0,23.0,24.0,104.35,24.0,3,0,0,0,1,39.13,13.04
359,28,12,1,1,7.0,8.0,7.0,87.5,7.0,1,0,0,0,1,50.0,12.5
359,28,14,4,4,88.0,73.0,22.0,120.55,62.0,10,2,1,0,3,38.36,16.44
359,28,15,4,4,96.0,85.0,24.0,112.94,34.0,3,5,0,0,3,28.24,9.41
359,28,16,1,1,41.0,26.0,41.0,157.69,41.0,4,2,0,0,1,26.92,23.08
359,28,18,1,1,24.0,16.0,24.0,150.0,24.0,3,0,0,0,1,31.25,18.75
392,10,3,6,6,161.0,122.0,26.83,131.97,107.0,15,7,1,1,6,36.89,18.03
392,10,4,7,7,170.0,141.0,24.29,120.57,77.0,16,7,2,0,7,39.01,16.31
392,10,5,3,3,50.0,36.0,16.67,138.89,21.0,7,2,0,0,3,50.0,25.0
392,10,6,6,6,129.0,111.0,21.5,116.22,77.0,15,2,1,0,5,34.23,15.32
392,10,7,1,1,12.0,9.0,12.0,133.33,12.0,1,0,0,0,0,11.11,11.11
392,10,9,2,2,121.0,86.0,60.5,140.7,93.0,14,3,1,0,1,29.07,19.77
392,10,10,1,1,30.0,21.0,30.0,142.86,30.0,4,1,0,0,1,47.62,23.81
392,10,12,1,1,10.0,18.0,10.0,55.56,10.0,0,0,0,0,1,50.0,0.0
392,10,14,1,1,57.0,55.0,57.0,103.64,57.0,3,2,1,0,1,36.36,9.09
392,10,16,7,7,307.0,221.0,43.86,138.91,86.0,44,7,4,0,7,38.91,23.08
392,10,17,1,1,1.0,3.0,1.0,33.33,1.0,0,0,0,0,1,66.67,0.0
392,9,3,1,1,57.0,33.0,57.0,172.73,57.0,4,4,1,0,0,30.3,24.24
392,15,16,1,1,65.0,55.0,65.0,118.18,65.0,7,0,1,0,1,29.09,12.73
392,24,16,1,1,56.0,48.0,56.0,116.67,56.0,7,0,1,0,1,39.58,14.58
392,24,17,1,1,8.0,9.0,8.0,88.89,8.0,1,0,0,0,1,55.56,11.11
392,26,3,1,1,31.0,15.0,31.0,206.67,31.0,5,1,0,0,1,26.67,40.0
392,26,8,1,1,24.0,18.0,24.0,133.33,24.0,5,0,0,0,1,55.56,27.78
392,26,15,3,3,213.0,133.0,71.0,160.15,92.0,28,6,3,0,1,27.82,25.56
392,14,2,1,1,21.0,30.0,21.0,70.0,21.0,0,1,0,0,1,50.0,3.33
392,37,8,3,3,140.0,89.0,46.67,157.3,91.0,16,5,1,0,2,33.71,23.6
392,37,9,2,2,59.0,47.0,29.5,125.53,48.0,7,2,0,0,2,42.55,19.15
392,37,17,2,2,70.0,48.0,35.0,145.83,52.0,7,4,1,0,2,37.5,22.92
392,27,4,1,1,46.0,28.0,46.0,164.29,46.0,6,2,0,0,1,42.86,28.57
392,27,15,4,4,75.0,66.0,18.75,113.64,52.0,6,3,1,0,3,43.94,13.64
392,12,7,2,2,123.0,96.0,61.5,128.12,65.0,4,7,2,0,1,31.25,11.46
392,12,13,8,8,248.0,184.0,31.0,134.78,66.0,24,7,2,0,7,35.33,16.85
392,12,14,1,1,0.0,3.0,0.0,0.0,0.0,0,0,0,0,1,100.0,0.0
392,23,3,1,1,0.0,5.0,0.0,0.0,0.0,0,0,0,0,1,100.0,0.0
392,23,6,1,1,21.0,19.0,21.0,110.53,21.0,4,0,0,0,1,57.89,21.05
392,23,7,1,1,4.0,2.0,4.0,200.0,4.0,1,0,0,0,1,50.0,50.0
392,23,8,1,1,4.0,3.0,4.0,133.33,4.0,1,0,0,0,1,66.67,33.33
392,23,9,1,1,18.0,16.0,18.0,112.5,18.0,1,1,0,0,1,50.0,12.5
392,23,10,1,1,26.0,30.0,26.0,86.67,26.0,4,0,0,0,1,53.33,13.33
392,23,12,1,1,85.0,53.0,85.0,160.38,85.0,9,3,1,0,1,28.3,22.64
392,20,10,1,1,69.0,52.0,69.0,132.69,69.0,9,0,1,0,0,26.92,17.31
392,11,4,1,1,29.0,29.0,29.0,100.0,29.0,4,1,0,0,1,55.17,17.24
392,11,5,1,1,79.0,44.0,79.0,179.55,79.0,10,4,1,0,1,43.18,31.82
392,11,6,1,1,0.0,1.0,0.0,0.0,0.0,0,0,0,0,1,100.0,0.0
392,11,16,1,1,46.0,31.0,46.0,148.39,46.0,5,2,0,0,1,38.71,22.58
392,35,7,1,1,90.0,45.0,90.0,200.0,90.0,12,3,1,0,1,24.44,33.33
392,13,2,2,2,40.0,29.0,20.0,137.93,36.0,5,1,0,0,2,44.83,20.69
392,3,3,1,1,33.0,14.0,33.0,235.71,33.0,3,2,0,0,1,21.43,35.71
392,3,6,1,2,15.0,14.0,15.0,107.14,15.0,3,0,0,0,2,50.0,21.43
392,3,7,1,1,61.0,49.0,61.0,124.49,61.0,4,3,1,0,1,32.65,14.29
392,3,8,1,1,57.0,27.0,57.0,211.11,57.0,6,4,1,0,1,33.33,37.04
392,3,9,2,2,127.0,63.0,63.5,201.59,69.0,12,8,2,0,2,22.22,31.75
392,3,10,1,1,37.0,35.0,37.0,105.71,37.0,2,2,0,0,1,37.14,11.43
392,3,16,1,1,19.0,13.0,19.0,146.15,19.0,4,0,0,0,1,46.15,30.77
392,3,17,1,1,1.0,2.0,1.0,50.0,1.0,0,0,0,0,1,50.0,0.0
392,8,3,1,1,0.0,2.0,0.0,0.0,0.0,0,0,0,0,1,100.0,0.0
392,8,4,1,1,21.0,25.0,21.0,84.0,21.0,2,0,0,0,1,48.0,8.0
392,8,5,2,2,11.0,16.0,5.5,68.75,8.0,1,0,0,0,2,62.5,6.25
392,8,6,1,1,44.0,37.0,44.0,118.92,44.0,2,1,0,0,1,24.32,8.11
392,8,8,1,1,53.0,42.0,53.0,126.19,53.0,1,3,1,0,1,23.81,9.52
392,8,12,1,1,57.0,45.0,57.0,126.67,57.0,3,2,1,0,1,31.11,11.11
392,8,14,5,6,138.0,123.0,27.6,112.2,54.0,12,4,1,0,3,42.28,13.01
392,8,16,1,1,0.0,2.0,0.0,0.0,0.0,0,0,0,0,1,100.0,0.0
392,25,17,1,1,29.0,21.0,29.0,138.1,29.0,3,2,0,0,1,52.38,23.81
392,32,10,1,1,43.0,40.0,43.0,107.5,43.0,3,1,0,0,1,30.0,10.0
392,2,7,1,1,6.0,7.0,6.0,85.71,6.0,0,0,0,0,1,14.29,0.0
392,2,16,1,1,2.0,2.0,2.0,100.0,2.0,0,0,0,0,0,50.0,0.0
392,22,4,1,1,3.0,7.0,3.0,42.86,3.0,0,0,0,0,1,71.43,0.0
392,19,2,2,2,87.0,63.0,43.5,138.1,51.0,10,2,1,0,2,34.92,19.05
392,7,8,1,1,58.0,41.0,58.0,141.46,58.0,10,1,1,0,1,43.9,26.83
392,7,9,1,1,52.0,41.0,52.0,126.83,52.0,5,1,1,0,2,29.27,14.63
392,7,10,1,1,51.0,27.0,51.0,188.89,51.0,4,4,1,0,1,29.63,29.63
392,7,12,1,1,70.0,62.0,70.0,112.9,70.0,6,1,1,0,1,38.71,11.29
392,16,5,1,1,109.0,54.0,109.0,201.85,109.0,10,7,1,1,0,27.78,31.48
392,16,6,1,1,8.0,15.0,8.0,53.33,8.0,0,0,0,0,1,46.67,0.0
392,16,7,4,4,192.0,118.0,48.0,162.71,59.0,15,11,2,0,4,27.12,22.03
392,16,8,4,4,200.0,117.0,50.0,170.94,81.0,23,7,3,0,3,27.35,25.64
392,16,9,7,7,324.0,203.0,46.29,159.61,92.0,32,15,3,0,6,33.99,23.15
392,16,10,7,7,336.0,213.0,48.0,157.75,126.0,30,16,3,1,5,30.05,21.6
392,16,12,7,7,433.0,271.0,61.86,159.78,100.0,39,15,6,1,7,22.51,19.93
392,16,16,1,1,21.0,20.0,21.0,105.0,21.0,2,1,0,0,1,55.0,15.0
392,34,9,1,1,74.0,48.0,74.0,154.17,74.0,9,0,1,0,0,20.83,18.75
392,18,4,1,1,54.0,44.0,54.0,122.73,54.0,6,1,1,0,1,38.64,15.91
392,18,6,1,1,13.0,18.0,13.0,72.22,13.0,2,0,0,0,1,61.11,11.11
392,18,12,1,1,37.0,32.0,37.0,115.62,37.0,0,0,0,0,1,21.88,0.0
392,18,17,1,1,49.0,34.0,49.0,144.12,49.0,5,3,0,0,1,41.18,23.53
392,33,6,2,2,117.0,67.0,58.5,174.63,66.0,10,7,2,0,0,29.85,25.37
392,33,8,1,1,17.0,15.0,17.0,113.33,17.0,1,1,0,0,1,53.33,13.33
392,33,9,1,1,73.0,56.0,73.0,130.36,73.0,8,1,1,0,2,33.93,16.07
392,36,7,2,2,8.0,14.0,4.0,57.14,8.0,1,0,0,0,2,64.29,7.14
392,36,13,3,3,153.0,107.0,51.0,142.99,85.0,15,4,2,0,2,28.97,17.76
392,36,14,1,1,2.0,3.0,2.0,66.67,2.0,0,0,0,0,1,66.67,0.0
392,1,7,1,1,32.0,35.0,32.0,91.43,32.0,1,0,0,0,1,25.71,2.86
392,1,13,5,6,147.0,117.0,29.4,125.64,47.0,13,3,0,0,5,29.91,13.68
392,31,5,1,1,7.0,6.0,7.0,116.67,7.0,0,1,0,0,1,33.33,16.67
392,31,6,1,1,2.0,5.0,2.0,40.0,2.0,0,0,0,0,1,60.0,0.0
392,6,2,2,2,15.0,10.0,7.5,150.0,15.0,1,1,0,0,2,30.0,20.0
392,28,4,1,1,1.0,2.0,1.0,50.0,1.0,0,0,0,0,1,50.0,0.0
392,28,6,1,1,61.0,37.0,61.0,164.86,61.0,5,4,1,0,1,35.14,24.32
392,28,8,1,1,9.0,7.0,9.0,128.57,9.0,2,0,0,0,1,57.14,28.57
392,28,10,1,1,49.0,34.0,49.0,144.12,49.0,7,2,0,0,1,38.24,26.47
392,28,15,5,5,144.0,88.0,28.8,163.64,66.0,18,6,1,0,5,34.09,27.27
392,28,17,1,1,10.0,8.0,10.0,125.0,10.0,1,1,0,0,1,75.0,25.0
737,3,5,1,1,12.0,9.0,12.0,133.33,12.0,1,0,0,0,0,11.11,11.11
523,10,5,1,1,1.0,3.0,1.0,33.33,1.0,0,0,0,0,0,33.33,0.0
523,9,5,1,1,9.0,8.0,9.0,112.5,9.0,1,0,0,0,0,37.5,12.5
523,23,1,4,4,87.0,73.0,21.75,119.18,31.0,7,5,0,0,4,43.84,16.44
523,23,5,5,5,91.0,61.0,18.2,149.18,35.0,6,5,0,0,0,24.59,18.03
523,23,6,2,2,25.0,22.0,12.5,113.64,19.0,1,2,0,0,2,45.45,13.64
523,35,6,1,1,8.0,6.0,8.0,133.33,8.0,1,0,0,0,0,16.67,16.67
523,8,5,1,1,11.0,4.0,11.0,275.0,11.0,2,0,0,0,0,0.0,50.0
523,7,1,1,1,5.0,8.0,5.0,62.5,5.0,1,0,0,0,1,75.0,12.5
523,7,6,1,1,1.0,3.0,1.0,33.33,1.0,0,0,0,0,1,66.67,0.0
523,18,1,1,1,11.0,13.0,11.0,84.62,11.0,1,0,0,0,1,30.77,7.69
523,18,5,1,1,12.0,14.0,12.0,85.71,12.0,0,1,0,0,1,57.14,7.14
523,33,6,1,1,18.0,26.0,18.0,69.23,18.0,1,1,0,0,1,53.85,7.69
523,28,5,1,1,2.0,3.0,2.0,66.67,2.0,0,0,0,0,0,33.33,0.0
523,28,6,1,1,23.0,17.0,23.0,135.29,23.0,2,2,0,0,1,58.82,23.53
593,10,1,1,1,9.0,5.0,9.0,180.0,9.0,0,1,0,0,1,20.0,20.0
593,21,2,1,1,7.0,3.0,7.0,233.33,7.0,1,0,0,0,0,0.0,33.33
593,37,5,2,2,4.0,4.0,2.0,100.0,4.0,1,0,0,0,2,75.0,25.0
593,23,4,1,1,14.0,10.0,14.0,140.0,14.0,1,1,0,0,1,30.0,20.0
593,23,6,1,1,10.0,13.0,10.0,76.92,10.0,0,0,0,0,1,23.08,0.0
593,11,4,1,1,60.0,41.0,60.0,146.34,60.0,5,2,1,0,1,29.27,17.07
593,13,2,2,2,36.0,43.0,18.0,83.72,27.0,4,0,0,0,2,39.53,9.3
593,22,4,1,1,8.0,5.0,8.0,160.0,8.0,1,0,0,0,0,0.0,20.0
593,19,2,1,1,10.0,15.0,10.0,66.67,10.0,1,0,0,0,1,60.0,6.67
593,5,2,1,1,8.0,5.0,8.0,160.0,8.0,1,0,0,0,1,20.0,20.0
593,16,1,4,4,94.0,69.0,23.5,136.23,40.0,9,4,0,0,4,33.33,18.84
593,16,4,6,6,101.0,88.0,16.83,114.77,30.0,10,1,0,0,5,31.82,12.5
593,16,6,1,1,4.0,4.0,4.0,100.0,4.0,0,0,0,0,0,0.0,0.0
593,18,1,1,1,6.0,8.0,6.0,75.0,6.0,1,0,0,0,1,62.5,12.5
593,6,2,1,1,4.0,4.0,4.0,100.0,4.0,0,0,0,0,0,0.0,0.0
357,8,3,1,1,16.0,14.0,16.0,114.29,16.0,1,1,0,0,0,35.71,14.29
357,8,5,1,1,3.0,5.0,3.0,60.0,3.0,0,0,0,0,1,40.0,0.0
357,29,3,1,1,2.0,3.0,2.0,66.67,2.0,0,0,0,0,0,33.33,0.0
357,28,4,1,1,0.0,1.0,0.0,0.0,0.0,0,0,0,0,0,100.0,0.0
115,24,17,1,1,12.0,11.0,12.0,109.09,12.0,0,1,0,0,1,36.36,9.09
115,8,16,1,1,0.0,1.0,0.0,0.0,0.0,0,0,0,0,1,100.0,0.0
434,10,6,1,1,0.0,4.0,0.0,0.0,0.0,0,0,0,0,1,100.0,0.0
434,23,6,2,2,41.0,23.0,20.5,178.26,31.0,7,0,0,0,1,13.04,30.43
434,35,7,1,1,4.0,6.0,4.0,66.67,4.0,0,0,0,0,0,16.67,0.0
434,3,6,1,1,5.0,4.0,5.0,125.0,5.0,1,0,0,0,1,50.0,25.0
434,8,4,1,1,1.0,1.0,1.0,100.0,1.0,0,0,0,0,0,0.0,0.0
434,8,6,1,1,7.0,8.0,7.0,87.5,7.0,1,0,0,0,1,37.5,12.5
434,7,4,1,1,10.0,9.0,10.0,111.11,10.0,1,0,0,0,0,33.33,11.11
434,18,4,2,2,5.0,12.0,2.5,41.67,3.0,0,0,0,0,1,50.0,0.0
434,18,5,3,3,25.0,13.0,8.33,192.31,10.0,5,0,0,0,1,30.77,38.46
434,18,6,2,2,50.0,35.0,25.0,142.86,34.0,5,2,0,0,1,34.29,20.0
434,31,6,1,1,12.0,8.0,12.0,150.0,12.0,2,0,0,0,1,37.5,25.0
434,28,6,1,1,10.0,14.0,10.0,71.43,10.0,1,0,0,0,1,50.0,7.14
322,10,18,2,2,57.0,29.0,28.5,196.55,31.0,2,5,0,0,1,17.24,24.14
322,15,16,2,2,40.0,18.0,20.0,222.22,32.0,3,3,0,0,0,5.56,33.33
322,15,17,1,1,0.0,1.0,0.0,0.0,0.0,0,0,0,0,1,100.0,0.0
322,15,18,2,2,36.0,35.0,18.0,102.86,33.0,5,0,0,0,2,42.86,14.29
322,24,17,1,1,52.0,34.0,52.0,152.94,52.0,5,2,1,0,0,29.41,20.59
322,23,17,1,1,2.0,4.0,2.0,50.0,2.0,0,0,0,0,1,50.0,0.0
322,23,18,1,1,0.0,1.0,0.0,0.0,0.0,0,0,0,0,1,100.0,0.0
322,11,16,1,1,10.0,4.0,10.0,250.0,10.0,0,1,0,0,0,0.0,25.0
322,3,16,1,1,34.0,16.0,34.0,212.5,34.0,2,2,0,0,0,6.25,25.0
322,3,18,1,1,47.0,34.0,47.0,138.24,47.0,3,3,0,0,1,38.24,17.65
322,8,16,1,1,4.0,6.0,4.0,66.67,4.0,0,0,0,0,1,33.33,0.0
322,8,17,2,2,84.0,53.0,42.0,158.49,56.0,8,4,1,0,1,30.19,22.64
322,25,17,1,1,6.0,11.0,6.0,54.55,6.0,0,0,0,0,1,45.45,0.0
322,25,18,1,1,13.0,5.0,13.0,260.0,13.0,1,1,0,0,0,0.0,40.0
322,2,16,1,1,18.0,10.0,18.0,180.0,18.0,2,1,0,0,1,30.0,30.0
322,2,17,1,1,8.0,8.0,8.0,100.0,8.0,1,0,0,0,0,37.5,12.5
322,2,18,1,1,5.0,4.0,5.0,125.0,5.0,1,0,0,0,1,50.0,25.0
322,16,17,1,1,1.0,3.0,1.0,33.33,1.0,0,0,0,0,1,66.67,0.0
322,16,18,1,1,70.0,35.0,70.0,200.0,70.0,5,6,1,0,1,31.43,31.43
322,18,16,4,4,44.0,31.0,11.0,141.94,34.0,4,2,0,0,3,38.71,19.35
322,18,17,3,3,42.0,27.0,14.0,155.56,20.0,4,1,0,0,2,22.22,18.52
322,18,18,4,4,105.0,70.0,26.25,150.0,53.0,5,7,1,0,2,27.14,17.14
322,28,16,1,1,2.0,3.0,2.0,66.67,2.0,0,0,0,0,1,33.33,0.0
449,10,3,1,1,9.0,4.0,9.0,225.0,9.0,0,1,0,0,1,25.0,25.0
449,10,5,1,1,22.0,31.0,22.0,70.97,22.0,1,0,0,0,1,48.39,3.23
449,10,6,1,1,3.0,2.0,3.0,150.0,3.0,0,0,0,0,1,0.0,0.0
449,10,9,2,2,27.0,16.0,13.5,168.75,20.0,4,0,0,0,1,18.75,25.0
449,10,11,1,1,1.0,2.0,1.0,50.0,1.0,0,0,0,0,1,50.0,0.0
449,10,12,1,1,4.0,3.0,4.0,133.33,4.0,1,0,0,0,0,66.67,33.33
449,26,3,4,4,22.0,21.0,5.5,104.76,11.0,0,2,0,0,3,47.62,9.52
449,26,15,2,2,1.0,2.0,0.5,50.0,1.0,0,0,0,0,1,50.0,0.0
449,14,2,1,1,35.0,30.0,35.0,116.67,35.0,2,2,0,0,1,36.67,13.33
449,37,5,1,1,43.0,18.0,43.0,238.89,43.0,0,5,0,0,0,11.11,27.78
449,37,12,1,1,0.0,1.0,0.0,0.0,0.0,0,0,0,0,0,0.0,0.0
449,27,1,3,3,37.0,27.0,12.33,137.04,34.0,3,1,0,0,3,25.93,14.81
449,27,3,1,1,23.0,16.0,23.0,143.75,23.0,3,1,0,0,1,50.0,25.0
449,27,15,3,3,10.0,7.0,3.33,142.86,8.0,1,0,0,0,0,0.0,14.29
449,12,13,2,2,7.0,6.0,3.5,116.67,7.0,0,0,0,0,2,33.33,0.0
449,12,14,2,2,27.0,10.0,13.5,270.0,23.0,1,3,0,0,1,20.0,40.0
449,23,1,1,1,64.0,53.0,64.0,120.75,64.0,8,1,1,0,0,35.85,16.98
449,23,3,1,1,5.0,9.0,5.0,55.56,5.0,0,0,0,0,1,44.44,0.0
449,23,5,1,1,11.0,7.0,11.0,157.14,11.0,0,1,0,0,0,28.57,14.29
449,23,6,2,2,22.0,20.0,11.0,110.0,15.0,4,0,0,0,1,40.0,20.0
449,23,8,2,2,39.0,38.0,19.5,102.63,30.0,4,1,0,0,2,42.11,13.16
449,11,5,1,1,48.0,43.0,48.0,111.63,48.0,2,3,0,0,1,46.51,11.63
449,35,8,1,1,0.0,1.0,0.0,0.0,0.0,0,0,0,0,1,100.0,0.0
449,13,2,3,3,37.0,41.0,12.33,90.24,21.0,3,1,0,0,3,46.34,9.76
449,3,4,1,1,5.0,5.0,5.0,100.0,5.0,1,0,0,0,1,60.0,20.0
449,3,5,1,1,33.0,14.0,33.0,235.71,33.0,3,2,0,0,0,7.14,35.71
449,3,6,1,1,11.0,9.0,11.0,122.22,11.0,0,1,0,0,1,44.44,11.11
449,3,8,1,1,5.0,4.0,5.0,125.0,5.0,1,0,0,0,1,50.0,25.0
449,3,9,2,2,9.0,8.0,4.5,112.5,8.0,1,0,0,0,2,25.0,12.5
449,3,11,1,1,14.0,7.0,14.0,200.0,14.0,1,1,0,0,0,14.29,28.57
449,3,12,1,1,5.0,4.0,5.0,125.0,5.0,0,0,0,0,1,25.0,0.0
449,8,1,1,1,24.0,16.0,24.0,150.0,24.0,2,1,0,0,1,31.25,18.75
449,8,3,1,1,2.0,3.0,2.0,66.67,2.0,0,0,0,0,1,33.33,0.0
449,8,4,1,1,6.0,1.0,6.0,600.0,6.0,0,1,0,0,0,0.0,100.0
449,8,5,8,8,159.0,101.0,19.88,157.43,33.0,9,8,0,0,4,24.75,16.83
449,8,6,6,6,53.0,57.0,8.83,92.98,15.0,1,2,0,0,4,43.86,5.26
449,8,8,4,4,23.0,21.0,5.75,109.52,15.0,3,0,0,0,3,42.86,14.29
449,8,11,1,1,11.0,5.0,11.0,220.0,11.0,0,1,0,0,0,0.0,20.0
449,8,12,2,2,47.0,33.0,23.5,142.42,27.0,5,1,0,0,2,27.27,18.18
449,32,9,1,1,7.0,6.0,7.0,116.67,7.0,1,0,0,0,1,50.0,16.67
449,32,11,3,3,38.0,34.0,12.67,111.76,24.0,4,1,0,0,1,38.24,14.71
449,2,8,1,1,62.0,36.0,62.0,172.22,62.0,8,1,1,0,0,16.67,25.0
449,19,2,1,1,50.0,40.0,50.0,125.0,50.0,1,2,1,0,0,27.5,7.5
449,5,2,1,1,5.0,4.0,5.0,125.0,5.0,1,0,0,0,1,50.0,25.0
449,7,1,1,1,23.0,21.0,23.0,109.52,23.0,4,0,0,0,1,47.62,19.05
449,7,9,1,1,2.0,2.0,2.0,100.0,2.0,0,0,0,0,0,0.0,0.0
449,7,11,1,1,1.0,1.0,1.0,100.0,1.0,0,0,0,0,0,0.0,0.0
449,7,12,1,1,1.0,1.0,1.0,100.0,1.0,0,0,0,0,0,0.0,0.0
449,16,1,1,1,30.0,17.0,30.0,176.47,30.0,2,2,0,0,1,29.41,23.53
449,16,8,1,1,25.0,20.0,25.0,125.0,25.0,3,0,0,0,0,20.0,15.0
449,16,9,1,1,18.0,20.0,18.0,90.0,18.0,1,0,0,0,1,40.0,5.0
449,16,12,1,1,15.0,15.0,15.0,100.0,15.0,0,1,0,0,1,40.0,6.67
449,34,9,4,4,34.0,24.0,8.5,141.67,22.0,4,1,0,0,2,25.0,20.83
449,18,5,1,1,10.0,15.0,10.0,66.67,10.0,0,0,0,0,1,40.0,0.0
449,18,6,1,1,23.0,11.0,23.0,209.09,23.0,4,0,0,0,0,18.18,36.36
449,18,11,1,1,1.0,1.0,1.0,100.0,1.0,0,0,0,0,0,0.0,0.0
449,33,8,1,1,8.0,8.0,8.0,100.0,8.0,0,1,0,0,1,50.0,12.5
449,1,7,1,1,8.0,3.0,8.0,266.67,8.0,0,1,0,0,0,0.0,33.33
449,30,2,2,2,8.0,13.0,4.0,61.54,5.0,1,0,0,0,2,61.54,7.69
449,31,5,1,1,5.0,2.0,5.0,250.0,5.0,1,0,0,0,0,0.0,50.0
449,6,2,2,2,83.0,75.0,41.5,110.67,70.0,7,3,1,0,1,48.0,13.33
449,28,5,1,1,40.0,33.0,40.0,121.21,40.0,4,1,0,0,1,33.33,15.15
449,28,6,1,1,9.0,7.0,9.0,128.57,9.0,2,0,0,0,1,57.14,28.57
449,28,8,2,2,33.0,20.0,16.5,165.0,20.0,3,2,0,0,0,35.0,25.0
449,28,9,1,1,2.0,6.0,2.0,33.33,2.0,0,0,0,0,1,66.67,0.0
449,28,11,2,2,75.0,41.0,37.5,182.93,68.0,3,7,1,0,2,29.27,24.39
449,28,12,1,1,8.0,9.0,8.0,88.89,8.0,0,1,0,0,1,55.56,11.11
449,28,14,1,1,20.0,8.0,20.0,250.0,20.0,2,1,0,0,1,25.0,37.5
449,28,15,1,1,12.0,15.0,12.0,80.0,12.0,0,1,0,0,1,53.33,6.67
771,37,5,1,1,15.0,14.0,15.0,107.14,15.0,3,0,0,0,1,57.14,21.43
771,3,5,1,1,47.0,41.0,47.0,114.63,47.0,2,4,0,0,0,46.34,14.63
771,16,5,2,2,49.0,46.0,24.5,106.52,30.0,6,1,0,0,2,45.65,15.22
264,10,8,1,1,54.0,25.0,54.0,216.0,54.0,3,4,1,0,1,16.0,28.0
264,10,9,2,2,25.0,22.0,12.5,113.64,21.0,0,2,0,0,1,36.36,9.09
264,10,12,1,1,10.0,11.0,10.0,90.91,10.0,1,0,0,0,1,45.45,9.09
264,10,17,1,1,0.0,2.0,0.0,0.0,0.0,0,0,0,0,1,100.0,0.0
264,24,16,6,6,34.0,40.0,5.67,85.0,17.0,0,1,0,0,7,40.0,2.5
264,24,17,4,4,83.0,65.0,20.75,127.69,50.0,10,0,1,0,4,29.23,15.38
264,26,8,1,1,7.0,9.0,7.0,77.78,7.0,0,0,0,0,1,44.44,0.0
264,26,15,3,3,87.0,55.0,29.0,158.18,59.0,7,4,1,0,3,21.82,20.0
264,37,9,1,1,14.0,5.0,14.0,280.0,14.0,0,2,0,0,1,20.0,40.0
264,37,12,1,1,4.0,4.0,4.0,100.0,4.0,0,0,0,0,1,25.0,0.0
264,27,15,3,3,75.0,60.0,25.0,125.0,51.0,4,3,1,0,3,26.67,11.67
264,12,13,3,4,39.0,41.0,13.0,95.12,24.0,2,1,0,0,1,34.15,7.32
264,12,14,2,2,3.0,6.0,1.5,50.0,3.0,0,0,0,0,2,66.67,0.0
264,23,9,1,1,2.0,2.0,2.0,100.0,2.0,0,0,0,0,1,0.0,0.0
264,23,10,1,1,13.0,7.0,13.0,185.71,13.0,1,1,0,0,1,28.57,28.57
264,23,11,2,2,24.0,28.0,12.0,85.71,19.0,0,1,0,0,2,32.14,3.57
264,23,15,1,1,45.0,26.0,45.0,173.08,45.0,1,4,0,0,1,19.23,19.23
264,23,17,1,1,8.0,10.0,8.0,80.0,8.0,1,0,0,0,1,50.0,10.0
264,3,9,2,2,9.0,12.0,4.5,75.0,6.0,1,0,0,0,2,50.0,8.33
264,3,11,1,1,1.0,1.0,1.0,100.0,1.0,0,0,0,0,0,0.0,0.0
264,3,16,1,1,9.0,10.0,9.0,90.0,9.0,1,0,0,0,1,40.0,10.0
264,8,8,1,1,15.0,14.0,15.0,107.14,15.0,1,0,0,0,1,21.43,7.14
264,8,14,1,1,13.0,11.0,13.0,118.18,13.0,2,0,0,0,1,36.36,18.18
264,8,16,2,2,17.0,19.0,8.5,89.47,15.0,0,1,0,0,1,36.84,5.26
264,8,17,1,1,17.0,6.0,17.0,283.33,17.0,2,1,0,0,0,16.67,50.0
264,8,18,5,5,31.0,41.0,6.2,75.61,22.0,2,1,0,0,5,53.66,7.32
264,32,8,2,2,41.0,29.0,20.5,141.38,30.0,1,3,0,0,2,41.38,13.79
264,32,10,1,1,19.0,10.0,19.0,190.0,19.0,2,1,0,0,0,20.0,30.0
264,32,11,1,1,21.0,11.0,21.0,190.91,21.0,1,1,0,0,0,9.09,18.18
264,32,15,3,3,102.0,81.0,34.0,125.93,41.0,8,4,0,0,3,34.57,14.81
264,2,8,3,3,33.0,16.0,11.0,206.25,19.0,1,4,0,0,3,37.5,31.25
264,2,14,3,3,7.0,14.0,2.33,50.0,5.0,0,0,0,0,2,50.0,0.0
264,2,16,1,1,11.0,11.0,11.0,100.0,11.0,0,0,0,0,1,9.09,0.0
264,7,9,1,1,34.0,22.0,34.0,154.55,34.0,3,1,0,0,1,18.18,18.18
264,7,11,1,1,5.0,5.0,5.0,100.0,5.0,0,0,0,0,1,40.0,0.0
264,7,12,1,1,14.0,3.0,14.0,466.67,14.0,2,1,0,0,0,0.0,100.0
264,7,16,1,1,11.0,6.0,11.0,183.33,11.0,2,0,0,0,0,33.33,33.33
264,16,9,7,7,59.0,57.0,8.43,103.51,18.0,5,0,0,0,5,35.09,8.77
264,16,10,3,3,37.0,26.0,12.33,142.31,16.0,1,2,0,0,1,19.23,11.54
264,16,11,2,2,33.0,32.0,16.5,103.12,32.0,1,1,0,0,1,31.25,6.25
264,16,12,3,3,36.0,44.0,12.0,81.82,20.0,2,0,0,0,3,40.91,4.55
264,18,12,1,1,0.0,1.0,0.0,0.0,0.0,0,0,0,0,1,100.0,0.0
264,18,16,1,1,2.0,4.0,2.0,50.0,2.0,0,0,0,0,1,50.0,0.0
264,18,17,1,1,26.0,13.0,26.0,200.0,26.0,2,2,0,0,1,23.08,30.77
264,33,9,1,1,1.0,1.0,1.0,100.0,1.0,0,0,0,0,0,0.0,0.0
264,36,14,1,1,13.0,10.0,13.0,130.0,13.0,1,0,0,0,1,10.0,10.0
264,1,13,2,2,63.0,31.0,31.5,203.23,62.0,3,4,1,0,0,12.9,22.58
264,1,14,1,1,28.0,26.0,28.0,107.69,28.0,1,1,0,0,1,34.62,7.69
264,28,8,1,1,1.0,2.0,1.0,50.0,1.0,0,0,0,0,1,50.0,0.0
264,28,10,1,1,9.0,9.0,9.0,100.0,9.0,1,0,0,0,1,33.33,11.11
264,28,11,1,1,3.0,4.0,3.0,75.0,3.0,0,0,0,0,1,25.0,0.0
264,28,14,3,3,96.0,56.0,32.0,171.43,64.0,5,8,1,0,2,30.36,23.21
264,28,15,4,4,142.0,108.0,35.5,131.48,55.0,16,3,2,0,4,34.26,17.59
264,28,17,1,1,11.0,9.0,11.0,122.22,11.0,1,0,0,0,1,11.11,11.11
684,10,3,1,1,29.0,32.0,29.0,90.62,29.0,2,1,0,0,1,40.62,9.38
684,10,4,1,1,20.0,10.0,20.0,200.0,20.0,0,2,0,0,1,20.0,20.0
684,10,5,1,1,40.0,35.0,40.0,114.29,40.0,5,1,0,0,2,42.86,17.14
684,10,6,1,1,20.0,21.0,20.0,95.24,20.0,1,1,0,0,1,47.62,9.52
684,26,7,1,1,40.0,29.0,40.0,137.93,40.0,2,3,0,0,0,37.93,17.24
684,23,1,7,7,135.0,133.0,19.29,101.5,38.0,9,8,0,0,6,45.86,12.78
684,23,3,3,3,62.0,46.0,20.67,134.78,31.0,3,4,0,0,1,26.09,15.22
684,23,4,1,1,15.0,20.0,15.0,75.0,15.0,1,0,0,0,1,45.0,5.0
684,23,5,1,1,32.0,31.0,32.0,103.23,32.0,1,1,0,0,0,32.26,6.45
684,23,6,1,1,21.0,20.0,21.0,105.0,21.0,1,0,0,0,1,20.0,5.0
684,11,4,2,2,3.0,5.0,1.5,60.0,3.0,0,0,0,0,1,20.0,0.0
684,11,5,2,2,12.0,15.0,6.0,80.0,9.0,1,0,0,0,2,46.67,6.67
684,17,4,1,1,21.0,15.0,21.0,140.0,21.0,2,1,0,0,0,26.67,20.0
684,35,7,2,2,75.0,62.0,37.5,120.97,50.0,6,3,1,0,1,32.26,14.52
684,13,2,1,1,9.0,13.0,9.0,69.23,9.0,2,0,0,0,1,76.92,15.38
684,3,1,1,1,12.0,12.0,12.0,100.0,12.0,1,0,0,0,1,33.33,8.33
684,3,5,1,1,45.0,29.0,45.0,155.17,45.0,2,4,0,0,1,34.48,20.69
684,8,1,1,1,0.0,2.0,0.0,0.0,0.0,0,0,0,0,1,100.0,0.0
684,8,3,1,1,0.0,3.0,0.0,0.0,0.0,0,0,0,0,1,66.67,0.0
684,8,5,1,1,7.0,4.0,7.0,175.0,7.0,1,0,0,0,1,25.0,25.0
684,8,6,1,1,22.0,16.0,22.0,137.5,22.0,2,1,0,0,1,37.5,18.75
684,19,2,1,1,43.0,17.0,43.0,252.94,43.0,2,4,0,0,1,11.76,35.29
684,7,1,1,1,71.0,46.0,71.0,154.35,71.0,4,4,1,0,1,32.61,17.39
684,7,3,1,1,3.0,5.0,3.0,60.0,3.0,0,0,0,0,1,40.0,0.0
684,7,4,2,2,4.0,8.0,2.0,50.0,4.0,0,0,0,0,2,62.5,0.0
684,7,5,5,5,192.0,129.0,38.4,148.84,68.0,14,9,2,0,2,29.46,17.83
684,7,6,4,4,67.0,68.0,16.75,98.53,41.0,5,1,0,0,4,35.29,8.82
684,16,1,1,1,57.0,29.0,57.0,196.55,57.0,4,3,1,0,0,13.79,24.14
684,16,5,1,1,16.0,16.0,16.0,100.0,16.0,1,1,0,0,1,50.0,12.5
684,16,6,1,1,22.0,24.0,22.0,91.67,22.0,1,1,0,0,1,41.67,8.33
684,18,1,1,1,42.0,30.0,42.0,140.0,42.0,1,2,0,0,1,13.33,10.0
684,18,5,1,1,13.0,10.0,13.0,130.0,13.0,1,0,0,0,1,10.0,10.0
684,18,6,1,1,41.0,31.0,41.0,132.26,41.0,4,1,0,0,2,35.48,16.13
684,31,5,1,1,18.0,17.0,18.0,105.88,18.0,0,1,0,0,1,35.29,5.88
684,31,6,1,1,8.0,11.0,8.0,72.73,8.0,1,0,0,0,0,45.45,9.09
684,6,2,2,2,46.0,29.0,23.0,158.62,43.0,3,2,0,0,1,24.14,17.24
684,28,1,1,1,2.0,7.0,2.0,28.57,2.0,0,0,0,0,1,71.43,0.0
684,28,4,1,1,1.0,5.0,1.0,20.0,1.0,0,0,0,0,1,60.0,0.0
684,28,5,1,1,21.0,19.0,21.0,110.53,21.0,2,0,0,0,1,26.32,10.53
684,28,6,1,1,34.0,18.0,34.0,188.89,34.0,5,1,0,0,1,33.33,33.33
684,28,7,1,1,1.0,3.0,1.0,33.33,1.0,0,0,0,0,1,66.67,0.0
752,10,4,1,1,1.0,6.0,1.0,16.67,1.0,0,0,0,0,1,83.33,0.0
752,3,4,1,1,22.0,16.0,22.0,137.5,22.0,2,2,0,0,1,56.25,25.0
752,16,4,1,1,32.0,20.0,32.0,160.0,32.0,5,1,0,0,1,40.0,30.0
752,18,4,1,1,15.0,15.0,15.0,100.0,15.0,0,1,0,0,1,46.67,6.67
752,28,4,2,2,22.0,31.0,11.0,70.97,12.0,3,0,0,0,2,48.39,9.68
752,28,5,1,1,0.0,10.0,0.0,0.0,0.0,0,0,0,0,1,90.0,0.0
599,2,14,1,1,26.0,26.0,26.0,100.0,26.0,1,1,0,0,1,34.62,7.69
419,37,17,1,1,34.0,26.0,34.0,130.77,34.0,1,2,0,0,1,30.77,11.54
419,27,15,1,1,17.0,20.0,17.0,85.0,17.0,1,0,0,0,1,35.0,5.0
419,11,17,1,1,30.0,19.0,30.0,157.89,30.0,2,1,0,0,1,21.05,15.79
419,3,17,1,1,4.0,6.0,4.0,66.67,4.0,0,0,0,0,1,33.33,0.0
419,8,17,7,7,157.0,113.0,22.43,138.94,52.0,15,4,1,0,5,26.55,16.81
419,32,15,1,1,16.0,24.0,16.0,66.67,16.0,0,0,0,0,1,37.5,0.0
419,2,17,1,1,63.0,34.0,63.0,185.29,63.0,7,3,1,0,1,23.53,29.41
419,16,17,1,1,13.0,11.0,13.0,118.18,13.0,1,0,0,0,1,18.18,9.09
419,28,17,1,1,17.0,14.0,17.0,121.43,17.0,1,0,0,0,1,21.43,7.14
114,10,8,1,1,1.0,3.0,1.0,33.33,1.0,0,0,0,0,1,66.67,0.0
291,27,1,1,1,30.0,24.0,30.0,125.0,30.0,2,2,0,0,1,33.33,16.67
291,16,1,1,1,8.0,18.0,8.0,44.44,8.0,0,0,0,0,1,50.0,0.0
291,28,1,2,2,1.0,11.0,0.5,9.09,1.0,0,0,0,0,1,81.82,0.0
346,27,15,1,1,18.0,28.0,18.0,64.29,18.0,3,0,0,0,1,67.86,10.71
346,23,16,1,1,20.0,20.0,20.0,100.0,20.0,2,0,0,0,0,40.0,10.0
346,3,16,2,2,15.0,12.0,7.5,125.0,11.0,2,0,0,0,0,25.0,16.67
346,28,15,1,1,0.0,2.0,0.0,0.0,0.0,0,0,0,0,2,100.0,0.0
50,10,6,1,1,29.0,21.0,29.0,138.1,29.0,0,3,0,0,1,38.1,14.29
50,12,7,1,1,10.0,4.0,10.0,250.0,10.0,1,1,0,0,1,50.0,50.0
50,23,7,1,1,29.0,19.0,29.0,152.63,29.0,1,3,0,0,1,31.58,21.05
50,23,8,1,1,7.0,9.0,7.0,77.78,7.0,0,0,0,0,1,22.22,0.0
50,35,7,1,1,0.0,3.0,0.0,0.0,0.0,0,0,0,0,1,66.67,0.0
50,3,7,1,1,8.0,8.0,8.0,100.0,8.0,0,1,0,0,1,50.0,12.5
50,3,8,1,1,6.0,9.0,6.0,66.67,6.0,0,0,0,0,1,33.33,0.0
50,8,6,1,1,19.0,12.0,19.0,158.33,19.0,2,1,0,0,1,41.67,25.0
50,7,6,1,1,0.0,3.0,0.0,0.0,0.0,0,0,0,0,1,100.0,0.0
50,16,6,5,5,66.0,55.0,13.2,120.0,23.0,1,5,0,0,2,32.73,10.91
50,16,7,2,2,17.0,20.0,8.5,85.0,10.0,0,1,0,0,1,50.0,5.0
50,18,6,1,1,60.0,41.0,60.0,146.34,60.0,8,1,1,0,1,31.71,21.95
50,36,7,2,2,38.0,26.0,19.0,146.15,23.0,2,2,0,0,1,30.77,15.38
50,1,7,1,1,6.0,11.0,6.0,54.55,6.0,0,0,0,0,1,45.45,0.0
288,10,11,1,1,44.0,25.0,44.0,176.0,44.0,2,4,0,0,1,28.0,24.0
288,17,11,1,1,2.0,2.0,2.0,100.0,2.0,0,0,0,0,1,50.0,0.0
288,3,11,1,1,11.0,17.0,11.0,64.71,11.0,1,0,0,0,1,52.94,5.88
288,16,11,1,1,4.0,4.0,4.0,100.0,4.0,1,0,0,0,1,75.0,25.0
288,18,11,2,2,50.0,46.0,25.0,108.7,44.0,6,1,0,0,2,43.48,15.22
288,28,11,1,1,4.0,5.0,4.0,80.0,4.0,1,0,0,0,1,80.0,20.0
217,10,11,1,1,1.0,2.0,1.0,50.0,1.0,0,0,0,0,0,50.0,0.0
217,12,13,2,2,7.0,7.0,3.5,100.0,5.0,0,0,0,0,0,28.57,0.0
217,8,12,1,1,0.0,2.0,0.0,0.0,0.0,0,0,0,0,1,100.0,0.0
217,8,16,1,1,1.0,2.0,1.0,50.0,1.0,0,0,0,0,0,50.0,0.0
217,8,18,1,1,28.0,15.0,28.0,186.67,28.0,2,2,0,0,0,26.67,26.67
217,32,10,1,1,14.0,6.0,14.0,233.33,14.0,0,2,0,0,1,33.33,33.33
217,32,11,1,1,39.0,20.0,39.0,195.0,39.0,1,3,0,0,1,15.0,20.0
217,36,13,1,1,0.0,5.0,0.0,0.0,0.0,0,0,0,0,1,80.0,0.0
217,1,14,1,1,1.0,1.0,1.0,100.0,1.0,0,0,0,0,0,0.0,0.0
217,28,11,2,2,10.0,7.0,5.0,142.86,10.0,0,1,0,0,2,28.57,14.29
217,28,12,1,1,7.0,7.0,7.0,100.0,7.0,1,0,0,0,1,42.86,14.29
217,28,18,3,3,9.0,10.0,3.0,90.0,8.0,1,0,0,0,1,40.0,10.0
353,10,3,2,2,21.0,21.0,10.5,100.0,19.0,2,0,0,0,1,23.81,9.52
353,10,4,1,1,18.0,19.0,18.0,94.74,18.0,1,1,0,0,0,36.84,10.53
353,23,3,1,1,12.0,6.0,12.0,200.0,12.0,2,0,0,0,0,0.0,33.33
353,23,5,1,1,4.0,4.0,4.0,100.0,4.0,0,0,0,0,0,0.0,0.0
353,3,5,3,3,24.0,18.0,8.0,133.33,20.0,3,1,0,0,3,38.89,22.22
353,8,4,2,2,2.0,3.0,1.0,66.67,2.0,0,0,0,0,1,33.33,0.0
353,8,5,1,1,1.0,1.0,1.0,100.0,1.0,0,0,0,0,0,0.0,0.0
353,19,2,1,1,4.0,2.0,4.0,200.0,4.0,0,0,0,0,0,0.0,0.0
353,4,2,1,1,1.0,2.0,1.0,50.0,1.0,0,0,0,0,1,50.0,0.0
353,7,5,1,1,2.0,3.0,2.0,66.67,2.0,0,0,0,0,0,33.33,0.0
353,16,4,1,1,3.0,6.0,3.0,50.0,3.0,0,0,0,0,0,33.33,0.0
353,6,2,1,1,29.0,28.0,29.0,103.57,29.0,3,0,0,0,1,25.0,10.71
745,32,10,1,1,6.0,5.0,6.0,120.0,6.0,1,0,0,0,0,40.0,20.0
534,16,1,2,2,11.0,9.0,5.5,122.22,10.0,1,0,0,0,1,11.11,11.11
233,10,16,1,1,87.0,52.0,87.0,167.31,87.0,11,3,1,0,1,21.15,26.92
233,10,18,1,1,10.0,8.0,10.0,125.0,10.0,2,0,0,0,1,62.5,25.0
233,26,15,1,1,16.0,14.0,16.0,114.29,16.0,1,1,0,0,1,50.0,14.29
233,27,15,1,1,87.0,49.0,87.0,177.55,87.0,8,5,1,0,1,22.45,26.53
233,23,16,1,1,56.0,40.0,56.0,140.0,56.0,4,3,1,0,1,40.0,17.5
233,23,18,1,1,0.0,2.0,0.0,0.0,0.0,0,0,0,0,1,100.0,0.0
233,3,16,1,1,83.0,45.0,83.0,184.44,83.0,6,6,1,0,1,28.89,26.67
233,8,16,8,8,390.0,293.0,48.75,133.11,92.0,51,4,3,0,7,30.38,18.77
233,8,18,2,2,25.0,25.0,12.5,100.0,13.0,3,0,0,0,2,32.0,12.0
233,25,18,1,1,69.0,49.0,69.0,140.82,69.0,6,2,1,0,0,22.45,16.33
233,32,15,2,2,141.0,92.0,70.5,153.26,85.0,14,6,2,0,1,25.0,21.74
233,2,16,2,2,48.0,31.0,24.0,154.84,47.0,4,2,0,0,2,25.81,19.35
233,2,18,1,1,52.0,35.0,52.0,148.57,52.0,6,2,1,0,1,28.57,22.86
233,18,16,1,1,8.0,16.0,8.0,50.0,8.0,1,0,0,0,1,68.75,6.25
233,28,15,3,3,8.0,18.0,2.67,44.44,5.0,0,0,0,0,3,61.11,0.0
233,28,16,1,1,0.0,4.0,0.0,0.0,0.0,0,0,0,0,1,100.0,0.0
609,10,3,1,1,3.0,11.0,3.0,27.27,3.0,0,0,0,0,1,72.73,0.0
609,9,3,1,1,1.0,2.0,1.0,50.0,1.0,0,0,0,0,0,50.0,0.0
503,10,1,1,1,1.0,1.0,1.0,100.0,1.0,0,0,0,0,0,0.0,0.0
529,10,1,1,1,36.0,17.0,36.0,211.76,36.0,3,2,0,0,0,11.76,29.41
529,10,3,1,1,38.0,35.0,38.0,108.57,38.0,4,1,0,0,1,37.14,14.29
529,10,4,1,1,7.0,10.0,7.0,70.0,7.0,1,0,0,0,1,40.0,10.0
529,10,5,8,8,189.0,170.0,23.62,111.18,56.0,23,1,2,0,5,37.65,14.12
529,10,6,6,6,119.0,101.0,19.83,117.82,59.0,16,2,1,0,6,45.54,17.82
529,9,3,1,1,14.0,9.0,14.0,155.56,14.0,3,0,0,0,1,44.44,33.33
529,26,3,1,1,20.0,18.0,20.0,111.11,20.0,2,0,0,0,1,27.78,11.11
529,21,2,1,1,43.0,28.0,43.0,153.57,43.0,1,3,0,0,2,17.86,14.29
529,27,4,1,1,2.0,3.0,2.0,66.67,2.0,0,0,0,0,1,66.67,0.0
529,23,1,1,1,11.0,10.0,11.0,110.0,11.0,1,0,0,0,1,40.0,10.0
529,23,3,1,1,110.0,59.0,110.0,186.44,110.0,14,3,1,1,0,16.95,28.81
529,23,4,1,1,25.0,27.0,25.0,92.59,25.0,5,0,0,0,1,59.26,18.52
529,23,6,1,1,66.0,52.0,66.0,126.92,66.0,8,1,1,0,1,32.69,17.31
529,11,3,2,2,114.0,70.0,57.0,162.86,93.0,15,4,1,0,1,34.29,27.14
529,11,5,1,1,8.0,10.0,8.0,80.0,8.0,1,0,0,0,1,60.0,10.0
529,11,6,1,1,39.0,42.0,39.0,92.86,39.0,3,1,0,0,1,42.86,9.52
529,17,4,2,2,82.0,55.0,41.0,149.09,76.0,9,2,1,0,1,27.27,20.0
529,13,2,5,5,67.0,55.0,13.4,121.82,31.0,5,2,0,0,3,30.91,12.73
529,3,1,1,1,17.0,22.0,17.0,77.27,17.0,2,0,0,0,0,59.09,9.09
529,3,3,1,1,26.0,13.0,26.0,200.0,26.0,3,1,0,0,0,7.69,30.77
529,3,4,1,1,3.0,7.0,3.0,42.86,3.0,0,0,0,0,1,57.14,0.0
529,3,6,1,1,28.0,31.0,28.0,90.32,28.0,2,0,0,0,0,41.94,6.45
529,8,1,1,1,8.0,6.0,8.0,133.33,8.0,0,1,0,0,1,50.0,16.67
529,8,3,1,2,9.0,7.0,9.0,128.57,9.0,0,1,0,0,2,42.86,14.29
529,8,5,2,2,63.0,48.0,31.5,131.25,55.0,5,2,1,0,2,27.08,14.58
529,22,4,5,5,111.0,106.0,22.2,104.72,55.0,9,3,1,0,4,37.74,11.32
529,5,2,2,2,13.0,16.0,6.5,81.25,7.0,1,0,0,0,2,50.0,6.25
529,7,1,4,4,51.0,37.0,12.75,137.84,15.0,2,3,0,0,3,21.62,13.51
529,7,3,4,4,70.0,56.0,17.5,125.0,31.0,8,1,0,0,5,35.71,16.07
529,16,1,1,1,45.0,23.0,45.0,195.65,45.0,6,1,0,0,0,13.04,30.43
529,16,6,1,1,11.0,12.0,11.0,91.67,11.0,1,1,0,0,1,75.0,16.67
529,18,1,1,1,2.0,4.0,2.0,50.0,2.0,0,0,0,0,1,50.0,0.0
529,18,3,1,1,44.0,33.0,44.0,133.33,44.0,6,1,0,0,1,30.3,21.21
529,18,4,1,1,13.0,13.0,13.0,100.0,13.0,2,0,0,0,2,46.15,15.38
529,18,5,1,1,0.0,3.0,0.0,0.0,0.0,0,0,0,0,1,100.0,0.0
529,18,6,1,1,34.0,31.0,34.0,109.68,34.0,4,1,0,0,1,48.39,16.13
529,33,6,2,2,17.0,25.0,8.5,68.0,12.0,2,0,0,0,2,60.0,8.0
529,30,2,1,1,52.0,41.0,52.0,126.83,52.0,7,0,1,0,0,29.27,17.07
529,31,5,2,2,58.0,47.0,29.0,123.4,40.0,9,0,0,0,1,31.91,19.15
529,31,6,1,1,14.0,13.0,14.0,107.69,14.0,3,0,0,0,1,61.54,23.08
529,6,2,1,1,44.0,25.0,44.0,176.0,44.0,3,2,0,0,0,8.0,20.0
529,28,1,2,2,9.0,12.0,4.5,75.0,8.0,1,0,0,0,3,58.33,8.33
529,28,4,1,1,56.0,36.0,56.0,155.56,56.0,9,0,1,0,1,27.78,25.0
529,28,5,1,1,17.0,20.0,17.0,85.0,17.0,1,0,0,0,0,45.0,5.0
529,28,6,1,1,3.0,6.0,3.0,50.0,3.0,0,0,0,0,1,66.67,0.0
138,3,3,1,1,19.0,24.0,19.0,79.17,19.0,1,0,0,0,2,33.33,4.17
528,26,15,2,2,7.0,4.0,3.5,175.0,7.0,0,1,0,0,1,50.0,25.0
528,27,15,4,4,12.0,7.0,3.0,171.43,6.0,1,1,0,0,3,42.86,28.57
528,12,13,1,1,0.0,2.0,0.0,0.0,0.0,0,0,0,0,1,100.0,0.0
528,2,14,2,2,6.0,6.0,3.0,100.0,3.0,0,0,0,0,1,33.33,0.0
528,28,15,4,4,19.0,25.0,4.75,76.0,15.0,0,1,0,0,4,52.0,4.0
505,8,12,1,1,5.0,8.0,5.0,62.5,5.0,0,0,0,0,1,37.5,0.0
505,32,11,1,1,8.0,9.0,8.0,88.89,8.0,0,1,0,0,1,66.67,11.11
634,10,1,1,1,17.0,17.0,17.0,100.0,17.0,2,0,0,0,1,35.29,11.76
634,10,6,2,2,76.0,40.0,38.0,190.0,68.0,7,5,1,0,2,30.0,30.0
634,10,7,1,1,79.0,51.0,79.0,154.9,79.0,4,8,1,0,1,39.22,23.53
634,10,9,2,2,54.0,33.0,27.0,163.64,53.0,5,3,1,0,2,33.33,24.24
634,10,10,1,1,9.0,4.0,9.0,225.0,9.0,2,0,0,0,0,25.0,50.0
634,9,7,1,1,4.0,4.0,4.0,100.0,4.0,1,0,0,0,1,75.0,25.0
634,26,7,1,1,24.0,20.0,24.0,120.0,24.0,4,0,0,0,1,35.0,20.0
634,14,2,1,1,49.0,23.0,49.0,213.04,49.0,2,5,0,0,1,21.74,30.43
634,21,2,1,1,47.0,32.0,47.0,146.88,47.0,0,4,0,0,1,25.0,12.5
634,27,3,1,1,5.0,10.0,5.0,50.0,5.0,1,0,0,0,1,80.0,10.0
634,12,7,2,2,79.0,50.0,39.5,158.0,50.0,6,7,1,0,2,50.0,26.0
634,23,6,3,3,128.0,93.0,42.67,137.63,62.0,10,7,2,0,3,39.78,18.28
634,23,7,1,1,5.0,6.0,5.0,83.33,5.0,1,0,0,0,1,66.67,16.67
634,23,8,2,2,57.0,49.0,28.5,116.33,57.0,9,1,1,0,2,46.94,20.41
634,23,9,1,1,27.0,18.0,27.0,150.0,27.0,4,1,0,0,1,44.44,27.78
634,23,10,1,1,5.0,4.0,5.0,125.0,5.0,1,0,0,0,1,50.0,25.0
634,20,9,2,2,37.0,24.0,18.5,154.17,37.0,4,2,0,0,1,37.5,25.0
634,20,10,2,2,62.0,41.0,31.0,151.22,54.0,8,2,1,0,2,34.15,24.39
634,35,7,4,4,116.0,89.0,29.0,130.34,47.0,12,7,0,0,5,48.31,21.35
634,35,8,1,1,17.0,12.0,17.0,141.67,17.0,3,0,0,0,1,25.0,25.0
634,13,2,3,3,48.0,29.0,16.0,165.52,35.0,3,3,0,0,3,31.03,20.69
634,3,5,2,2,44.0,27.0,22.0,162.96,38.0,6,2,0,0,2,44.44,29.63
634,3,7,1,1,34.0,17.0,34.0,200.0,34.0,4,1,0,0,1,17.65,29.41
634,3,8,1,1,39.0,29.0,39.0,134.48,39.0,3,3,0,0,1,51.72,20.69
634,3,9,2,2,80.0,47.0,40.0,170.21,73.0,6,6,1,0,2,31.91,25.53
634,8,6,1,1,3.0,5.0,3.0,60.0,3.0,0,0,0,0,1,60.0,0.0
634,8,8,7,7,145.0,139.0,20.71,104.32,34.0,21,4,0,0,5,52.52,17.99
634,32,9,1,1,63.0,37.0,63.0,170.27,63.0,9,1,1,0,1,32.43,27.03
634,32,10,1,1,0.0,1.0,0.0,0.0,0.0,0,0,0,0,1,100.0,0.0
634,2,8,1,1,40.0,29.0,40.0,137.93,40.0,3,2,0,0,1,44.83,17.24
634,7,10,1,1,74.0,39.0,74.0,189.74,74.0,8,4,1,0,1,23.08,30.77
634,16,6,1,1,38.0,40.0,38.0,95.0,38.0,3,2,0,0,1,50.0,12.5
634,16,8,1,1,21.0,19.0,21.0,110.53,21.0,3,1,0,0,1,57.89,21.05
634,16,9,1,1,1.0,9.0,1.0,11.11,1.0,0,0,0,0,1,88.89,0.0
634,16,10,1,1,37.0,27.0,37.0,137.04,37.0,4,1,0,0,1,29.63,18.52
634,34,9,3,3,62.0,53.0,20.67,116.98,32.0,7,3,0,0,3,50.94,18.87
634,34,10,3,3,52.0,38.0,17.33,136.84,47.0,9,1,0,0,3,50.0,26.32
634,18,1,1,1,8.0,7.0,8.0,114.29,8.0,1,0,0,0,1,28.57,14.29
634,18,5,1,1,87.0,58.0,87.0,150.0,87.0,10,3,1,0,0,32.76,22.41
634,33,8,1,1,18.0,24.0,18.0,75.0,18.0,2,1,0,0,1,70.83,12.5
634,36,7,1,1,66.0,46.0,66.0,143.48,66.0,4,5,1,0,1,39.13,19.57
634,1,7,2,2,95.0,71.0,47.5,133.8,66.0,9,3,1,0,2,25.35,16.9
634,30,2,1,1,7.0,8.0,7.0,87.5,7.0,1,0,0,0,1,50.0,12.5
634,31,6,1,1,0.0,1.0,0.0,0.0,0.0,0,0,0,0,1,100.0,0.0
634,6,2,2,2,64.0,40.0,32.0,160.0,48.0,6,3,0,0,2,25.0,22.5
634,29,3,2,2,17.0,15.0,8.5,113.33,13.0,0,1,0,0,1,26.67,6.67
634,28,1,1,1,20.0,16.0,20.0,125.0,20.0,2,1,0,0,0,50.0,18.75
634,28,5,3,3,26.0,13.0,8.67,200.0,24.0,2,2,0,0,2,23.08,30.77
634,28,6,5,5,173.0,162.0,34.6,106.79,50.0,20,5,1,0,5,49.38,15.43
634,28,7,2,2,64.0,62.0,32.0,103.23,57.0,5,3,1,0,2,46.77,12.9
634,28,8,2,2,62.0,34.0,31.0,182.35,62.0,8,4,1,0,2,47.06,35.29
634,28,10,1,1,0.0,2.0,0.0,0.0,0.0,0,0,0,0,1,100.0,0.0
259,10,9,1,1,3.0,2.0,3.0,150.0,3.0,0,0,0,0,0,50.0,0.0
259,14,2,1,1,1.0,4.0,1.0,25.0,1.0,0,0,0,0,1,50.0,0.0
259,12,7,1,1,28.0,19.0,28.0,147.37,28.0,0,2,0,0,1,21.05,10.53
259,13,2,1,1,1.0,4.0,1.0,25.0,1.0,0,0,0,0,1,75.0,0.0
259,3,5,1,1,10.0,5.0,10.0,200.0,10.0,2,0,0,0,0,20.0,40.0
259,3,9,2,2,12.0,7.0,6.0,171.43,10.0,2,0,0,0,2,14.29,28.57
259,32,8,1,1,3.0,9.0,3.0,33.33,3.0,0,0,0,0,1,66.67,0.0
259,2,7,1,1,7.0,6.0,7.0,116.67,7.0,1,0,0,0,0,33.33,16.67
259,2,8,1,1,1.0,2.0,1.0,50.0,1.0,0,0,0,0,1,50.0,0.0
259,7,1,1,1,2.0,16.0,2.0,12.5,2.0,0,0,0,0,0,87.5,0.0
259,7,4,1,1,2.0,4.0,2.0,50.0,2.0,0,0,0,0,1,50.0,0.0
259,16,10,1,1,1.0,2.0,1.0,50.0,1.0,0,0,0,0,1,50.0,0.0
259,16,11,1,1,3.0,4.0,3.0,75.0,3.0,0,0,0,0,0,25.0,0.0
259,34,9,1,1,6.0,4.0,6.0,150.0,6.0,0,0,0,0,0,25.0,0.0
259,18,11,1,1,3.0,3.0,3.0,100.0,3.0,0,0,0,0,0,0.0,0.0
259,18,12,1,1,5.0,3.0,5.0,166.67,5.0,1,0,0,0,0,33.33,33.33
259,36,13,1,1,3.0,2.0,3.0,150.0,3.0,0,0,0,0,0,0.0,0.0
259,6,2,1,1,7.0,9.0,7.0,77.78,7.0,0,0,0,0,0,22.22,0.0
259,28,9,1,1,6.0,3.0,6.0,200.0,6.0,1,0,0,0,0,0.0,33.33
418,10,1,1,1,1.0,2.0,1.0,50.0,1.0,0,0,0,0,1,50.0,0.0
418,18,1,1,1,17.0,16.0,17.0,106.25,17.0,3,0,0,0,1,43.75,18.75
102,28,18,1,1,1.0,3.0,1.0,33.33,1.0,0,0,0,0,1,66.67,0.0
748,10,4,1,1,8.0,11.0,8.0,72.73,8.0,0,0,0,0,1,45.45,0.0
748,10,5,1,1,19.0,21.0,19.0,90.48,19.0,1,0,0,0,1,23.81,4.76
748,10,10,1,1,3.0,3.0,3.0,100.0,3.0,0,0,0,0,1,33.33,0.0
748,10,11,1,1,6.0,11.0,6.0,54.55,6.0,0,0,0,0,0,45.45,0.0
748,37,5,2,2,41.0,39.0,20.5,105.13,39.0,1,2,0,0,2,30.77,7.69
748,27,4,1,1,14.0,12.0,14.0,116.67,14.0,1,0,0,0,0,25.0,8.33
748,12,14,1,1,1.0,3.0,1.0,33.33,1.0,0,0,0,0,0,66.67,0.0
748,23,4,1,1,25.0,13.0,25.0,192.31,25.0,1,2,0,0,1,23.08,23.08
748,23,10,1,1,9.0,10.0,9.0,90.0,9.0,0,1,0,0,0,60.0,10.0
748,17,10,1,1,17.0,8.0,17.0,212.5,17.0,2,1,0,0,1,25.0,37.5
748,3,6,1,1,4.0,13.0,4.0,30.77,4.0,0,0,0,0,1,69.23,0.0
748,3,10,1,1,1.0,3.0,1.0,33.33,1.0,0,0,0,0,1,66.67,0.0
748,8,4,1,1,1.0,1.0,1.0,100.0,1.0,0,0,0,0,0,0.0,0.0
748,8,5,1,1,27.0,24.0,27.0,112.5,27.0,2,1,0,0,0,29.17,12.5
748,8,6,1,1,2.0,2.0,2.0,100.0,2.0,0,0,0,0,1,50.0,0.0
748,8,14,2,2,2.0,5.0,1.0,40.0,1.0,0,0,0,0,2,60.0,0.0
748,32,10,2,2,33.0,14.0,16.5,235.71,17.0,1,3,0,0,1,7.14,28.57
748,22,4,1,1,9.0,11.0,9.0,81.82,9.0,0,0,0,0,1,36.36,0.0
748,7,5,1,1,24.0,10.0,24.0,240.0,24.0,1,2,0,0,1,10.0,30.0
748,7,11,1,1,13.0,13.0,13.0,100.0,13.0,0,1,0,0,1,23.08,7.69
748,16,4,7,7,115.0,88.0,16.43,130.68,30.0,7,5,0,0,6,30.68,13.64
748,16,10,2,2,8.0,4.0,4.0,200.0,4.0,1,0,0,0,2,25.0,25.0
748,16,11,1,1,7.0,9.0,7.0,77.78,7.0,0,0,0,0,0,33.33,0.0
748,18,5,1,1,29.0,19.0,29.0,152.63,29.0,2,1,0,0,0,15.79,15.79
748,36,14,2,2,9.0,9.0,4.5,100.0,9.0,1,0,0,0,1,33.33,11.11
748,1,14,1,1,1.0,4.0,1.0,25.0,1.0,0,0,0,0,1,75.0,0.0
748,28,4,1,1,18.0,23.0,18.0,78.26,18.0,0,0,0,0,1,21.74,0.0
748,28,5,1,1,5.0,5.0,5.0,100.0,5.0,1,0,0,0,1,60.0,20.0
748,28,10,1,1,8.0,7.0,8.0,114.29,8.0,1,0,0,0,0,42.86,14.29
748,28,14,1,1,1.0,3.0,1.0,33.33,1.0,0,0,0,0,0,66.67,0.0
61,3,1,1,1,4.0,1.0,4.0,400.0,4.0,1,0,0,0,0,0.0,100.0
61,18,1,1,1,9.0,12.0,9.0,75.0,9.0,0,0,0,0,1,41.67,0.0
559,10,5,1,1,2.0,3.0,2.0,66.67,2.0,0,0,0,0,1,66.67,0.0
559,10,6,2,2,13.0,7.0,6.5,185.71,9.0,1,0,0,0,0,14.29,14.29
559,9,5,1,1,7.0,3.0,7.0,233.33,7.0,0,1,0,0,1,33.33,33.33
559,37,5,2,2,7.0,10.0,3.5,70.0,5.0,0,0,0,0,2,50.0,0.0
559,27,3,1,1,5.0,5.0,5.0,100.0,5.0,1,0,0,0,1,60.0,20.0
559,12,13,1,1,1.0,2.0,1.0,50.0,1.0,0,0,0,0,0,50.0,0.0
559,23,4,1,1,13.0,12.0,13.0,108.33,13.0,1,0,0,0,1,33.33,8.33
559,23,8,1,1,1.0,1.0,1.0,100.0,1.0,0,0,0,0,0,0.0,0.0
559,3,1,2,2,2.0,5.0,1.0,40.0,1.0,0,0,0,0,2,60.0,0.0
559,3,3,2,2,8.0,11.0,4.0,72.73,8.0,1,0,0,0,2,45.45,9.09
559,32,6,1,1,4.0,1.0,4.0,400.0,4.0,1,0,0,0,0,0.0,100.0
559,2,7,1,1,9.0,8.0,9.0,112.5,9.0,1,0,0,0,0,37.5,12.5
559,7,6,1,1,1.0,3.0,1.0,33.33,1.0,0,0,0,0,0,33.33,0.0
559,16,4,4,4,23.0,23.0,5.75,100.0,11.0,2,0,0,0,2,34.78,8.7
559,16,6,3,3,17.0,17.0,5.67,100.0,14.0,1,1,0,0,2,52.94,11.76
559,16,7,1,1,1.0,2.0,1.0,50.0,1.0,0,0,0,0,1,50.0,0.0
559,16,8,1,1,19.0,11.0,19.0,172.73,19.0,3,0,0,0,1,18.18,27.27
559,34,9,1,1,1.0,2.0,1.0,50.0,1.0,0,0,0,0,1,50.0,0.0
559,18,6,1,1,18.0,8.0,18.0,225.0,18.0,2,1,0,0,0,25.0,37.5
559,36,7,1,1,12.0,16.0,12.0,75.0,12.0,0,0,0,0,1,37.5,0.0
559,30,2,1,1,0.0,3.0,0.0,0.0,0.0,0,0,0,0,1,100.0,0.0
559,29,3,1,1,0.0,1.0,0.0,0.0,0.0,0,0,0,0,1,100.0,0.0
559,28,5,1,1,3.0,5.0,3.0,60.0,3.0,0,0,0,0,1,60.0,0.0
559,28,8,1,1,0.0,1.0,0.0,0.0,0.0,0,0,0,0,1,100.0,0.0
154,10,11,1,1,48.0,31.0,48.0,154.84,48.0,3,4,0,0,1,38.71,22.58
154,26,15,1,1,55.0,23.0,55.0,239.13,55.0,6,3,1,0,0,13.04,39.13
154,27,15,2,2,6.0,18.0,3.0,33.33,5.0,0,0,0,0,2,61.11,0.0
154,12,14,3,3,100.0,62.0,33.33,161.29,58.0,13,4,1,0,3,38.71,27.42
154,23,11,1,1,18.0,13.0,18.0,138.46,18.0,3,0,0,0,1,38.46,23.08
154,23,12,1,1,15.0,16.0,15.0,93.75,15.0,1,1,0,0,1,56.25,12.5
154,23,15,1,1,2.0,6.0,2.0,33.33,2.0,0,0,0,0,0,50.0,0.0
154,17,11,1,1,10.0,13.0,10.0,76.92,10.0,0,0,0,0,1,30.77,0.0
154,8,12,1,1,32.0,30.0,32.0,106.67,32.0,3,1,0,0,1,43.33,13.33
154,32,11,1,1,47.0,43.0,47.0,109.3,47.0,3,2,0,0,1,39.53,11.63
154,16,11,1,1,29.0,17.0,29.0,170.59,29.0,3,2,0,0,1,52.94,29.41
154,18,11,1,1,0.0,1.0,0.0,0.0,0.0,0,0,0,0,1,100.0,0.0
154,36,14,1,1,24.0,19.0,24.0,126.32,24.0,3,1,0,0,1,47.37,21.05
154,1,14,1,1,27.0,12.0,27.0,225.0,27.0,2,2,0,0,1,16.67,33.33
154,28,11,7,7,230.0,158.0,32.86,145.57,65.0,20,16,2,0,7,45.57,22.78
154,28,12,1,1,1.0,6.0,1.0,16.67,1.0,0,0,0,0,1,83.33,0.0
154,28,15,1,1,10.0,9.0,10.0,111.11,10.0,2,0,0,0,1,55.56,22.22
543,10,4,1,1,0.0,1.0,0.0,0.0,0.0,0,0,0,0,1,100.0,0.0
543,10,10,1,1,22.0,20.0,22.0,110.0,22.0,3,0,0,0,1,35.0,15.0
543,26,3,1,1,7.0,6.0,7.0,116.67,7.0,0,0,0,0,0,16.67,0.0
543,26,8,1,1,63.0,28.0,63.0,225.0,63.0,4,5,1,0,1,21.43,32.14
543,37,8,2,2,28.0,32.0,14.0,87.5,27.0,2,1,0,0,2,53.12,9.38
543,12,13,3,3,117.0,70.0,39.0,167.14,68.0,8,8,1,0,1,30.0,22.86
543,12,14,3,3,8.0,12.0,2.67,66.67,4.0,0,0,0,0,2,41.67,0.0
543,23,3,1,1,10.0,7.0,10.0,142.86,10.0,0,1,0,0,1,42.86,14.29
543,23,4,4,4,49.0,39.0,12.25,125.64,28.0,8,0,0,0,3,38.46,20.51
543,23,6,5,5,136.0,94.0,27.2,144.68,47.0,13,8,0,0,3,40.43,22.34
543,23,8,1,1,5.0,11.0,5.0,45.45,5.0,0,0,0,0,1,54.55,0.0
543,3,3,2,2,18.0,17.0,9.0,105.88,17.0,2,0,0,0,2,29.41,11.76
543,3,4,1,1,2.0,5.0,2.0,40.0,2.0,0,0,0,0,1,60.0,0.0
543,3,6,1,1,2.0,5.0,2.0,40.0,2.0,0,0,0,0,1,60.0,0.0
543,3,9,1,1,22.0,18.0,22.0,122.22,22.0,2,0,0,0,0,22.22,11.11
543,8,4,1,1,6.0,6.0,6.0,100.0,6.0,1,0,0,0,1,66.67,16.67
543,8,6,1,1,32.0,22.0,32.0,145.45,32.0,2,2,0,0,0,22.73,18.18
543,8,14,3,3,38.0,33.0,12.67,115.15,29.0,2,2,0,0,3,33.33,12.12
543,32,10,1,1,4.0,4.0,4.0,100.0,4.0,1,0,0,0,1,75.0,25.0
543,2,14,2,2,47.0,42.0,23.5,111.9,47.0,4,2,0,0,2,40.48,14.29
543,22,4,1,1,66.0,51.0,66.0,129.41,66.0,8,2,1,0,1,41.18,19.61
543,7,6,1,1,47.0,38.0,47.0,123.68,47.0,6,0,0,0,1,34.21,15.79
543,7,10,1,1,26.0,21.0,26.0,123.81,26.0,2,1,0,0,1,23.81,14.29
543,16,4,1,1,14.0,15.0,14.0,93.33,14.0,0,1,0,0,1,53.33,6.67
543,16,6,1,1,9.0,9.0,9.0,100.0,9.0,1,0,0,0,1,33.33,11.11
543,16,8,4,4,69.0,55.0,17.25,125.45,32.0,3,5,0,0,3,41.82,14.55
543,16,9,4,4,87.0,77.0,21.75,112.99,51.0,6,3,1,0,4,37.66,11.69
543,16,10,1,1,13.0,17.0,13.0,76.47,13.0,0,1,0,0,1,52.94,5.88
543,18,6,1,1,51.0,38.0,51.0,134.21,51.0,3,3,1,0,1,39.47,15.79
543,33,6,1,1,10.0,9.0,10.0,111.11,10.0,2,0,0,0,1,55.56,22.22
543,33,8,1,1,22.0,25.0,22.0,88.0,22.0,2,0,0,0,1,40.0,8.0
543,33,9,1,1,14.0,10.0,14.0,140.0,14.0,0,1,0,0,1,20.0,10.0
543,36,13,3,3,92.0,55.0,30.67,167.27,44.0,7,7,0,0,4,36.36,25.45
543,36,14,4,4,18.0,23.0,4.5,78.26,13.0,1,1,0,0,2,43.48,8.7
543,1,13,8,9,210.0,179.0,26.25,117.32,42.0,17,9,0,0,6,38.55,14.53
543,1,14,2,2,15.0,22.0,7.5,68.18,8.0,0,1,0,0,2,63.64,4.55
543,31,6,1,1,15.0,15.0,15.0,100.0,15.0,1,0,0,0,1,33.33,6.67
543,28,6,1,1,5.0,10.0,5.0,50.0,5.0,0,0,0,0,1,30.0,0.0
543,28,14,1,1,7.0,7.0,7.0,100.0,7.0,1,0,0,0,1,71.43,14.29
95,10,9,1,1,5.0,5.0,5.0,100.0,5.0,1,0,0,0,1,60.0,20.0
95,3,9,1,1,19.0,9.0,19.0,211.11,19.0,1,2,0,0,1,22.22,33.33
506,37,9,1,1,5.0,5.0,5.0,100.0,5.0,1,0,0,0,1,60.0,20.0
506,3,9,1,1,0.0,1.0,0.0,0.0,0.0,0,0,0,0,1,100.0,0.0
506,7,9,1,1,9.0,7.0,9.0,128.57,9.0,1,0,0,0,0,14.29,14.29
415,10,5,1,1,15.0,12.0,15.0,125.0,15.0,3,0,0,0,2,50.0,25.0
415,10,14,2,2,106.0,66.0,53.0,160.61,56.0,8,5,2,0,2,22.73,19.7
415,10,16,1,1,45.0,32.0,45.0,140.62,45.0,5,1,0,0,1,25.0,18.75
415,10,18,3,3,89.0,81.0,29.67,109.88,62.0,9,2,1,0,4,38.27,13.58
415,9,7,1,1,52.0,25.0,52.0,208.0,52.0,7,1,1,0,2,12.0,32.0
415,24,16,1,1,44.0,40.0,44.0,110.0,44.0,1,1,0,0,1,22.5,5.0
415,26,7,1,1,35.0,20.0,35.0,175.0,35.0,5,1,0,0,1,25.0,30.0
415,26,15,3,3,15.0,19.0,5.0,78.95,10.0,3,0,0,0,3,63.16,15.79
415,37,5,1,1,39.0,25.0,39.0,156.0,39.0,1,4,0,0,1,40.0,20.0
415,37,12,1,1,50.0,39.0,50.0,128.21,50.0,7,1,1,0,1,38.46,20.51
415,37,18,2,2,79.0,45.0,39.5,175.56,50.0,6,5,1,0,2,26.67,24.44
415,27,15,4,4,197.0,134.0,49.25,147.01,96.0,15,9,2,0,5,32.84,17.91
415,12,7,2,2,27.0,34.0,13.5,79.41,20.0,0,0,0,0,1,38.24,0.0
415,12,13,6,6,185.0,131.0,30.83,141.22,87.0,21,3,1,0,5,29.01,18.32
415,12,14,5,5,173.0,127.0,34.6,136.22,86.0,17,5,2,0,5,29.13,17.32
415,23,5,1,1,13.0,16.0,13.0,81.25,13.0,0,0,0,0,1,18.75,0.0
415,23,7,1,1,23.0,20.0,23.0,115.0,23.0,2,0,0,0,1,20.0,10.0
415,23,8,2,2,21.0,14.0,10.5,150.0,20.0,5,0,0,0,2,50.0,35.71
415,23,11,1,1,27.0,15.0,27.0,180.0,27.0,4,1,0,0,1,33.33,33.33
415,23,12,1,1,24.0,16.0,24.0,150.0,24.0,5,0,0,0,1,43.75,31.25
415,23,15,1,1,0.0,1.0,0.0,0.0,0.0,0,0,0,0,1,100.0,0.0
415,23,16,1,1,23.0,12.0,23.0,191.67,23.0,2,2,0,0,1,41.67,33.33
415,23,17,1,1,7.0,7.0,7.0,100.0,7.0,1,0,0,0,1,42.86,14.29
415,11,17,1,1,9.0,7.0,9.0,128.57,9.0,2,0,0,0,1,57.14,28.57
415,35,7,2,2,57.0,50.0,28.5,114.0,38.0,6,0,0,0,1,28.0,12.0
415,35,8,1,1,21.0,22.0,21.0,95.45,21.0,2,0,0,0,1,45.45,9.09
415,3,7,1,1,54.0,43.0,54.0,125.58,54.0,3,3,1,0,0,32.56,13.95
415,3,8,1,1,33.0,18.0,33.0,183.33,33.0,4,1,0,0,0,22.22,27.78
415,3,12,1,1,5.0,15.0,5.0,33.33,5.0,0,0,0,0,1,60.0,0.0
415,3,16,7,7,343.0,203.0,49.0,168.97,79.0,32,20,4,0,6,29.06,25.62
415,3,17,7,7,216.0,123.0,30.86,175.61,64.0,24,11,3,0,7,32.52,28.46
415,3,18,1,1,2.0,7.0,2.0,28.57,2.0,0,0,0,0,1,71.43,0.0
415,8,5,7,7,279.0,207.0,39.86,134.78,73.0,20,11,3,0,6,31.88,14.98
415,8,8,5,5,131.0,114.0,26.2,114.91,32.0,7,2,0,0,3,24.56,7.89
415,8,12,5,5,143.0,142.0,28.6,100.7,54.0,8,6,1,0,4,41.55,9.86
415,8,17,1,1,35.0,23.0,35.0,152.17,35.0,8,0,0,0,1,47.83,34.78
415,32,9,2,2,6.0,12.0,3.0,50.0,4.0,0,0,0,0,2,58.33,0.0
415,32,10,1,1,8.0,7.0,8.0,114.29,8.0,1,0,0,0,1,28.57,14.29
415,32,11,2,2,47.0,48.0,23.5,97.92,33.0,6,1,0,0,2,52.08,14.58
415,32,15,3,3,77.0,67.0,25.67,114.93,38.0,8,2,0,0,3,41.79,14.93
415,2,8,1,1,1.0,3.0,1.0,33.33,1.0,0,0,0,0,1,66.67,0.0
415,2,15,1,1,25.0,27.0,25.0,92.59,25.0,3,0,0,0,1,44.44,11.11
415,2,17,2,2,41.0,26.0,20.5,157.69,24.0,3,4,0,0,2,46.15,26.92
415,7,8,1,1,55.0,41.0,55.0,134.15,55.0,5,1,1,0,1,31.71,14.63
415,7,9,1,1,67.0,53.0,67.0,126.42,67.0,8,0,1,0,1,22.64,15.09
415,7,12,1,1,96.0,55.0,96.0,174.55,96.0,10,4,1,0,1,20.0,25.45
415,7,16,1,1,84.0,56.0,84.0,150.0,84.0,5,5,1,0,1,21.43,17.86
415,16,8,1,1,33.0,22.0,33.0,150.0,33.0,4,0,0,0,0,13.64,18.18
415,16,9,1,1,30.0,21.0,30.0,142.86,30.0,3,2,0,0,1,42.86,23.81
415,16,11,1,1,11.0,13.0,11.0,84.62,11.0,1,0,0,0,1,38.46,7.69
415,16,12,2,2,71.0,44.0,35.5,161.36,45.0,6,4,0,0,2,34.09,22.73
415,16,16,1,1,71.0,47.0,71.0,151.06,71.0,7,2,1,0,1,21.28,19.15
415,16,17,1,1,25.0,12.0,25.0,208.33,25.0,3,1,0,0,1,25.0,33.33
415,16,18,1,1,3.0,8.0,3.0,37.5,3.0,0,0,0,0,1,62.5,0.0
415,34,9,1,1,69.0,43.0,69.0,160.47,69.0,5,4,1,0,1,27.91,20.93
415,18,12,1,1,7.0,10.0,7.0,70.0,7.0,0,0,0,0,1,60.0,0.0
415,18,16,1,1,55.0,44.0,55.0,125.0,55.0,3,2,1,0,1,25.0,11.36
415,18,17,1,1,44.0,33.0,44.0,133.33,44.0,2,2,0,0,1,18.18,12.12
415,18,18,1,1,23.0,15.0,23.0,153.33,23.0,2,1,0,0,1,26.67,20.0
415,33,8,1,1,29.0,23.0,29.0,126.09,29.0,3,0,0,0,1,21.74,13.04
415,36,7,1,1,0.0,1.0,0.0,0.0,0.0,0,0,0,0,1,100.0,0.0
415,36,13,3,3,131.0,91.0,43.67,143.96,72.0,7,9,2,0,3,32.97,17.58
415,36,14,2,2,72.0,62.0,36.0,116.13,41.0,5,4,0,0,2,45.16,14.52
415,1,7,1,1,24.0,17.0,24.0,141.18,24.0,1,1,0,0,1,23.53,11.76
415,1,13,4,4,133.0,97.0,33.25,137.11,58.0,14,2,1,0,3,27.84,16.49
415,1,14,2,2,68.0,49.0,34.0,138.78,43.0,9,1,0,0,2,30.61,20.41
415,31,5,1,1,43.0,33.0,43.0,130.3,43.0,5,2,0,0,1,45.45,21.21
415,28,5,1,1,9.0,11.0,9.0,81.82,9.0,0,0,0,0,0,36.36,0.0
415,28,7,2,2,31.0,25.0,15.5,124.0,31.0,2,1,0,0,2,28.0,12.0
415,28,8,2,2,56.0,47.0,28.0,119.15,45.0,7,1,0,0,2,36.17,17.02
415,28,9,1,1,34.0,33.0,34.0,103.03,34.0,1,3,0,0,1,54.55,12.12
415,28,11,2,2,77.0,53.0,38.5,145.28,67.0,6,4,1,0,2,33.96,18.87
415,28,14,5,5,214.0,154.0,42.8,138.96,95.0,22,8,2,0,3,33.77,19.48
415,28,15,4,4,154.0,119.0,38.5,129.41,73.0,20,2,1,0,3,35.29,18.49
415,28,16,1,1,65.0,41.0,65.0,158.54,65.0,5,3,1,0,1,24.39,19.51
415,28,17,1,1,61.0,40.0,61.0,152.5,61.0,4,3,1,0,1,27.5,17.5
415,28,18,1,1,6.0,7.0,6.0,85.71,6.0,1,0,0,0,1,57.14,14.29
75,26,15,1,1,8.0,7.0,8.0,114.29,8.0,1,0,0,0,1,42.86,14.29
75,12,14,1,1,0.0,1.0,0.0,0.0,0.0,0,0,0,0,0,100.0,0.0
75,8,14,1,1,6.0,11.0,6.0,54.55,6.0,0,0,0,0,1,45.45,0.0
51,3,18,1,1,2.0,2.0,2.0,100.0,2.0,0,0,0,0,0,0.0,0.0
51,2,16,1,1,1.0,5.0,1.0,20.0,1.0,0,0,0,0,0,80.0,0.0
51,28,15,1,1,2.0,8.0,2.0,25.0,2.0,0,0,0,0,0,75.0,0.0
378,13,2,1,1,1.0,3.0,1.0,33.33,1.0,0,0,0,0,1,66.67,0.0
378,5,2,1,1,3.0,2.0,3.0,150.0,3.0,0,0,0,0,0,50.0,0.0
204,10,3,1,1,0.0,2.0,0.0,0.0,0.0,0,0,0,0,1,100.0,0.0
204,23,3,1,1,13.0,13.0,13.0,100.0,13.0,1,0,0,0,1,23.08,7.69
204,23,4,1,1,3.0,4.0,3.0,75.0,3.0,0,0,0,0,0,25.0,0.0
204,17,4,1,1,16.0,15.0,16.0,106.67,16.0,3,0,0,0,1,53.33,20.0
204,8,3,1,1,4.0,5.0,4.0,80.0,4.0,0,0,0,0,1,20.0,0.0
204,2,3,3,3,56.0,52.0,18.67,107.69,31.0,8,0,0,0,2,40.38,15.38
204,7,3,1,1,45.0,38.0,45.0,118.42,45.0,5,1,0,0,1,28.95,15.79
204,18,3,1,1,10.0,15.0,10.0,66.67,10.0,1,0,0,0,1,53.33,6.67
204,29,3,1,1,36.0,29.0,36.0,124.14,36.0,4,0,0,0,1,24.14,13.79
416,24,17,1,1,1.0,2.0,1.0,50.0,1.0,0,0,0,0,0,0.0,0.0
416,2,17,1,1,1.0,3.0,1.0,33.33,1.0,0,0,0,0,1,66.67,0.0
416,2,18,1,1,5.0,5.0,5.0,100.0,5.0,1,0,0,0,1,60.0,20.0
416,18,17,1,1,0.0,1.0,0.0,0.0,0.0,0,0,0,0,1,100.0,0.0
416,28,17,2,2,12.0,16.0,6.0,75.0,8.0,0,1,0,0,2,50.0,6.25
416,28,18,1,1,12.0,6.0,12.0,200.0,12.0,1,1,0,0,1,33.33,33.33
128,10,1,6,6,362.0,234.0,60.33,154.7,86.0,45,7,4,0,6,25.64,22.22
128,10,3,5,5,75.0,61.0,15.0,122.95,43.0,8,0,0,0,5,27.87,13.11
128,10,4,1,1,18.0,19.0,18.0,94.74,18.0,2,0,0,0,1,42.11,10.53
128,10,5,1,1,36.0,21.0,36.0,171.43,36.0,4,1,0,0,1,33.33,23.81
128,10,7,1,1,69.0,56.0,69.0,123.21,69.0,5,2,1,0,1,25.0,12.5
128,10,8,1,1,60.0,49.0,60.0,122.45,60.0,8,0,1,0,1,28.57,16.33
128,10,9,2,2,34.0,36.0,17.0,94.44,28.0,2,1,0,0,3,44.44,8.33
128,10,10,1,1,14.0,12.0,14.0,116.67,14.0,2,0,0,0,1,33.33,16.67
128,10,11,1,1,4.0,13.0,4.0,30.77,4.0,0,0,0,0,1,61.54,0.0
128,9,5,1,1,30.0,28.0,30.0,107.14,30.0,4,0,0,0,1,42.86,14.29
128,9,7,2,2,77.0,63.0,38.5,122.22,63.0,8,0,1,0,1,28.57,12.7
128,26,3,1,1,17.0,9.0,17.0,188.89,17.0,3,0,0,0,1,22.22,33.33
128,26,8,1,1,1.0,3.0,1.0,33.33,1.0,0,0,0,0,1,66.67,0.0
128,14,2,1,1,19.0,23.0,19.0,82.61,19.0,2,0,0,0,1,43.48,8.7
128,37,8,1,1,4.0,8.0,4.0,50.0,4.0,0,0,0,0,1,50.0,0.0
128,27,1,1,1,1.0,9.0,1.0,11.11,1.0,0,0,0,0,1,88.89,0.0
128,27,4,1,1,54.0,46.0,54.0,117.39,54.0,7,0,1,0,0,32.61,15.22
128,12,7,1,1,0.0,4.0,0.0,0.0,0.0,0,0,0,0,1,100.0,0.0
128,23,1,1,1,10.0,7.0,10.0,142.86,10.0,2,0,0,0,1,42.86,28.57
128,23,3,1,1,47.0,29.0,47.0,162.07,47.0,6,1,0,0,1,17.24,24.14
128,23,4,7,7,184.0,166.0,26.29,110.84,48.0,19,1,0,0,5,31.93,12.05
128,23,5,7,7,260.0,171.0,37.14,152.05,93.0,27,10,3,0,6,30.41,21.64
128,23,6,6,6,165.0,133.0,27.5,124.06,53.0,21,3,1,0,6,39.1,18.05
128,23,7,4,4,54.0,45.0,13.5,120.0,28.0,8,1,0,0,4,51.11,20.0
128,23,8,6,6,201.0,161.0,33.5,124.84,58.0,25,4,2,0,6,38.51,18.01
128,23,9,7,7,228.0,194.0,32.57,117.53,64.0,23,2,3,0,5,31.44,12.89
128,23,10,7,7,250.0,191.0,35.71,130.89,72.0,33,4,2,0,6,33.51,19.37
128,23,11,1,1,8.0,7.0,8.0,114.29,8.0,1,0,0,0,1,28.57,14.29
128,20,9,1,1,8.0,8.0,8.0,100.0,8.0,1,0,0,0,0,50.0,12.5
128,35,6,2,2,26.0,32.0,13.0,81.25,14.0,4,0,0,0,2,56.25,12.5
128,35,7,1,1,6.0,6.0,6.0,100.0,6.0,1,0,0,0,0,33.33,16.67
128,13,2,3,3,90.0,83.0,30.0,108.43,71.0,7,1,1,0,2,36.14,9.64
128,3,1,1,1,39.0,31.0,39.0,125.81,39.0,6,0,0,0,1,32.26,19.35
128,3,4,1,1,7.0,9.0,7.0,77.78,7.0,1,0,0,0,1,55.56,11.11
128,3,5,1,1,64.0,39.0,64.0,164.1,64.0,9,1,1,0,1,23.08,25.64
128,3,6,1,1,59.0,46.0,59.0,128.26,59.0,7,1,1,0,1,32.61,17.39
128,3,7,1,1,23.0,17.0,23.0,135.29,23.0,3,0,0,0,1,23.53,17.65
128,3,8,1,1,12.0,8.0,12.0,150.0,12.0,2,0,0,0,1,25.0,25.0
128,3,9,1,1,37.0,29.0,37.0,127.59,37.0,4,1,0,0,1,27.59,17.24
128,3,10,3,3,58.0,50.0,19.33,116.0,32.0,4,2,0,0,2,34.0,12.0
128,3,11,1,1,3.0,10.0,3.0,30.0,3.0,0,0,0,0,1,70.0,0.0
128,8,1,1,1,50.0,37.0,50.0,135.14,50.0,5,1,1,0,1,29.73,16.22
128,8,3,1,1,57.0,56.0,57.0,101.79,57.0,5,0,1,0,0,44.64,8.93
128,8,4,1,1,1.0,2.0,1.0,50.0,1.0,0,0,0,0,1,50.0,0.0
128,8,5,2,2,65.0,56.0,32.5,116.07,63.0,6,1,1,0,2,26.79,12.5
128,8,6,1,1,14.0,8.0,14.0,175.0,14.0,3,0,0,0,1,37.5,37.5
128,8,8,1,1,0.0,1.0,0.0,0.0,0.0,0,0,0,0,1,100.0,0.0
128,32,8,1,1,11.0,19.0,11.0,57.89,11.0,1,0,0,0,1,57.89,5.26
128,32,9,1,1,11.0,5.0,11.0,220.0,11.0,2,0,0,0,1,0.0,40.0
128,32,10,1,1,62.0,46.0,62.0,134.78,62.0,6,1,1,0,2,23.91,15.22
128,2,3,1,1,9.0,8.0,9.0,112.5,9.0,1,0,0,0,1,37.5,12.5
128,2,7,1,1,54.0,34.0,54.0,158.82,54.0,6,1,1,0,1,20.59,20.59
128,22,4,1,1,0.0,1.0,0.0,0.0,0.0,0,0,0,0,1,100.0,0.0
128,19,2,3,3,58.0,57.0,19.33,101.75,27.0,8,1,0,0,3,52.63,15.79
128,5,2,1,1,15.0,13.0,15.0,115.38,15.0,2,0,0,0,0,30.77,15.38
128,4,2,2,2,16.0,19.0,8.0,84.21,8.0,1,0,0,0,2,47.37,5.26
128,7,1,1,1,18.0,14.0,18.0,128.57,18.0,3,0,0,0,1,35.71,21.43
128,7,3,1,1,72.0,54.0,72.0,133.33,72.0,9,1,1,0,2,35.19,18.52
128,7,5,1,1,66.0,44.0,66.0,150.0,66.0,7,1,1,0,0,25.0,18.18
128,7,6,1,1,60.0,39.0,60.0,153.85,60.0,9,0,1,0,1,20.51,23.08
128,7,9,1,1,34.0,34.0,34.0,100.0,34.0,3,0,0,0,1,32.35,8.82
128,7,10,1,1,8.0,18.0,8.0,44.44,8.0,0,0,0,0,1,50.0,0.0
128,7,11,1,1,55.0,42.0,55.0,130.95,55.0,5,1,1,0,0,19.05,14.29
128,16,1,1,1,12.0,9.0,12.0,133.33,12.0,2,0,0,0,1,33.33,22.22
128,16,4,1,1,35.0,22.0,35.0,159.09,35.0,3,1,0,0,1,22.73,18.18
128,16,6,1,1,10.0,17.0,10.0,58.82,10.0,0,0,0,0,1,52.94,0.0
128,16,7,1,1,6.0,10.0,6.0,60.0,6.0,1,0,0,0,1,70.0,10.0
128,16,9,1,1,90.0,60.0,90.0,150.0,90.0,13,1,1,0,0,31.67,23.33
128,16,10,1,1,11.0,11.0,11.0,100.0,11.0,2,0,0,0,1,63.64,18.18
128,34,10,1,1,76.0,48.0,76.0,158.33,76.0,12,0,1,0,0,25.0,25.0
128,18,1,1,1,31.0,23.0,31.0,134.78,31.0,4,0,0,0,1,26.09,17.39
128,18,4,1,1,75.0,44.0,75.0,170.45,75.0,11,1,1,0,0,20.45,27.27
128,18,5,1,1,0.0,1.0,0.0,0.0,0.0,0,0,0,0,1,100.0,0.0
128,18,6,1,1,22.0,22.0,22.0,100.0,22.0,1,1,0,0,1,50.0,9.09
128,36,7,1,1,0.0,1.0,0.0,0.0,0.0,0,0,0,0,1,100.0,0.0
128,1,7,3,3,46.0,57.0,15.33,80.7,45.0,4,0,0,0,3,47.37,7.02
128,30,2,1,1,16.0,19.0,16.0,84.21,16.0,1,0,0,0,1,42.11,5.26
128,31,5,2,2,42.0,28.0,21.0,150.0,32.0,4,2,0,0,1,32.14,21.43
128,31,6,1,1,50.0,44.0,50.0,113.64,50.0,6,0,1,0,1,36.36,13.64
128,6,2,4,4,72.0,64.0,18.0,112.5,47.0,11,0,0,0,4,45.31,17.19
128,28,1,1,1,11.0,15.0,11.0,73.33,11.0,1,0,0,0,1,40.0,6.67
128,28,4,1,1,4.0,8.0,4.0,50.0,4.0,1,0,0,0,1,75.0,12.5
128,28,5,1,1,27.0,23.0,27.0,117.39,27.0,3,1,0,0,1,43.48,17.39
128,28,6,1,1,0.0,2.0,0.0,0.0,0.0,0,0,0,0,1,100.0,0.0
128,28,8,1,1,38.0,29.0,38.0,131.03,38.0,5,0,0,0,2,31.03,17.24
128,28,9,1,1,59.0,45.0,59.0,131.11,59.0,6,1,1,0,1,26.67,15.56
128,28,10,1,1,19.0,13.0,19.0,146.15,19.0,3,0,0,0,1,30.77,23.08
128,28,11,1,1,15.0,16.0,15.0,93.75,15.0,2,0,0,0,1,50.0,12.5
703,23,8,1,1,5.0,5.0,5.0,100.0,5.0,0,0,0,0,0,0.0,0.0
703,8,8,1,1,2.0,1.0,2.0,200.0,2.0,0,0,0,0,0,0.0,0.0
703,18,5,1,1,13.0,11.0,13.0,118.18,13.0,1,0,0,0,1,18.18,9.09
703,28,5,1,1,2.0,5.0,2.0,40.0,2.0,0,0,0,0,1,60.0,0.0
769,26,3,1,1,26.0,22.0,26.0,118.18,26.0,4,0,0,0,2,45.45,18.18
769,21,2,2,2,31.0,36.0,15.5,86.11,30.0,2,0,0,0,2,33.33,5.56
769,27,1,1,1,5.0,9.0,5.0,55.56,5.0,0,0,0,0,1,55.56,0.0
769,27,4,4,4,42.0,51.0,10.5,82.35,24.0,6,0,0,0,4,60.78,11.76
769,23,1,1,1,24.0,24.0,24.0,100.0,24.0,4,0,0,0,1,54.17,16.67
769,13,2,2,2,96.0,63.0,48.0,152.38,77.0,15,1,1,0,2,33.33,25.4
769,3,1,1,1,49.0,42.0,49.0,116.67,49.0,8,0,0,0,1,38.1,19.05
769,8,1,1,1,91.0,51.0,91.0,178.43,91.0,9,4,1,0,2,21.57,25.49
769,2,3,1,1,18.0,17.0,18.0,105.88,18.0,3,0,0,0,1,52.94,17.65
769,5,2,3,3,19.0,38.0,6.33,50.0,15.0,1,0,0,0,3,60.53,2.63
769,4,2,1,1,0.0,4.0,0.0,0.0,0.0,0,0,0,0,1,100.0,0.0
769,16,1,1,1,71.0,45.0,71.0,157.78,71.0,9,2,1,0,1,26.67,24.44
769,18,1,5,5,176.0,170.0,35.2,103.53,75.0,19,2,1,0,5,39.41,12.35
769,30,2,1,1,0.0,2.0,0.0,0.0,0.0,0,0,0,0,1,100.0,0.0
769,6,2,3,3,66.0,73.0,22.0,90.41,44.0,9,0,0,0,2,46.58,12.33
769,28,1,1,1,25.0,21.0,25.0,119.05,25.0,5,0,0,0,1,61.9,23.81
406,10,12,1,1,2.0,3.0,2.0,66.67,2.0,0,0,0,0,0,0.0,0.0
406,3,12,1,1,0.0,1.0,0.0,0.0,0.0,0,0,0,0,1,100.0,0.0
406,7,12,1,1,1.0,3.0,1.0,33.33,1.0,0,0,0,0,1,66.67,0.0
273,27,1,1,1,0.0,2.0,0.0,0.0,0.0,0,0,0,0,1,100.0,0.0
273,28,1,1,1,4.0,3.0,4.0,133.33,4.0,1,0,0,0,0,66.67,33.33
702,16,16,3,3,13.0,11.0,4.33,118.18,8.0,1,1,0,0,3,54.55,18.18
702,18,16,1,1,25.0,7.0,25.0,357.14,25.0,1,3,0,0,1,14.29,57.14
702,36,14,2,2,12.0,25.0,6.0,48.0,8.0,0,1,0,0,2,76.0,4.0
702,1,14,1,1,14.0,8.0,14.0,175.0,14.0,1,1,0,0,0,25.0,25.0
702,28,16,1,1,1.0,4.0,1.0,25.0,1.0,0,0,0,0,1,75.0,0.0
726,10,6,2,2,18.0,31.0,9.0,58.06,17.0,0,1,0,0,2,61.29,3.23
726,10,12,1,1,2.0,3.0,2.0,66.67,2.0,0,0,0,0,1,33.33,0.0
726,23,6,1,1,1.0,2.0,1.0,50.0,1.0,0,0,0,0,1,50.0,0.0
726,23,8,1,1,6.0,12.0,6.0,50.0,6.0,0,0,0,0,1,50.0,0.0
726,3,6,1,1,4.0,3.0,4.0,133.33,4.0,0,0,0,0,0,0.0,0.0
726,8,6,1,1,2.0,3.0,2.0,66.67,2.0,0,0,0,0,0,33.33,0.0
726,32,6,1,1,1.0,8.0,1.0,12.5,1.0,0,0,0,0,1,87.5,0.0
726,7,6,1,1,5.0,7.0,5.0,71.43,5.0,1,0,0,0,1,71.43,14.29
726,7,8,1,1,9.0,8.0,9.0,112.5,9.0,2,0,0,0,1,62.5,25.0
726,7,12,1,1,2.0,5.0,2.0,40.0,2.0,0,0,0,0,1,60.0,0.0
726,16,6,8,8,165.0,178.0,20.62,92.7,46.0,12,0,0,0,7,37.08,6.74
726,16,8,1,1,8.0,5.0,8.0,160.0,8.0,1,0,0,0,1,20.0,20.0
726,18,6,1,1,4.0,9.0,4.0,44.44,4.0,0,0,0,0,1,55.56,0.0
726,28,6,1,1,41.0,37.0,41.0,110.81,41.0,4,0,0,0,1,27.03,10.81
726,28,8,1,1,16.0,10.0,16.0,160.0,16.0,3,0,0,0,1,30.0,30.0
430,36,14,1,1,0.0,1.0,0.0,0.0,0.0,0,0,0,0,1,100.0,0.0
430,1,14,1,1,2.0,3.0,2.0,66.67,2.0,0,0,0,0,0,33.33,0.0
475,10,7,1,1,6.0,7.0,6.0,85.71,6.0,0,0,0,0,1,28.57,0.0
475,10,8,1,1,18.0,16.0,18.0,112.5,18.0,3,0,0,0,1,43.75,18.75
475,9,7,2,2,52.0,24.0,26.0,216.67,40.0,6,2,0,0,0,12.5,33.33
475,37,9,3,3,51.0,69.0,17.0,73.91,34.0,6,1,0,0,2,53.62,10.14
475,12,7,1,1,16.0,16.0,16.0,100.0,16.0,1,0,0,0,0,18.75,6.25
475,23,7,1,1,26.0,17.0,26.0,152.94,26.0,1,2,0,0,2,29.41,17.65
475,23,9,1,1,33.0,27.0,33.0,122.22,33.0,3,1,0,0,1,40.74,14.81
475,13,2,1,1,15.0,12.0,15.0,125.0,15.0,3,0,0,0,1,50.0,25.0
475,3,3,1,1,18.0,27.0,18.0,66.67,18.0,2,0,0,0,2,55.56,7.41
475,3,7,2,2,2.0,9.0,1.0,22.22,1.0,0,0,0,0,2,77.78,0.0
475,3,8,1,1,2.0,4.0,2.0,50.0,2.0,0,0,0,0,1,50.0,0.0
475,3,9,1,1,0.0,2.0,0.0,0.0,0.0,0,0,0,0,1,50.0,0.0
475,8,8,1,1,1.0,3.0,1.0,33.33,1.0,0,0,0,0,1,66.67,0.0
475,32,8,3,3,103.0,74.0,34.33,139.19,60.0,8,4,1,0,3,29.73,16.22
475,7,7,3,3,66.0,49.0,22.0,134.69,39.0,3,3,0,0,1,28.57,12.24
475,7,8,4,4,68.0,50.0,17.0,136.0,22.0,7,0,0,0,3,20.0,14.0
475,16,7,1,1,35.0,19.0,35.0,184.21,35.0,2,3,0,0,0,31.58,26.32
475,16,8,1,1,6.0,11.0,6.0,54.55,6.0,0,0,0,0,1,45.45,0.0
475,36,7,1,1,10.0,8.0,10.0,125.0,10.0,1,0,0,0,1,25.0,12.5
475,1,7,2,2,28.0,25.0,14.0,112.0,17.0,3,0,0,0,1,32.0,12.0
475,6,2,1,1,30.0,27.0,30.0,111.11,30.0,4,0,0,0,2,37.04,14.81
475,28,7,2,2,16.0,16.0,8.0,100.0,15.0,2,0,0,0,2,43.75,12.5
475,28,8,1,1,61.0,32.0,61.0,190.62,61.0,4,3,1,0,0,6.25,21.88
63,10,7,1,1,14.0,11.0,14.0,127.27,14.0,0,1,0,0,1,27.27,9.09
63,10,9,1,1,0.0,3.0,0.0,0.0,0.0,0,0,0,0,1,100.0,0.0
63,10,10,1,1,0.0,2.0,0.0,0.0,0.0,0,0,0,0,1,100.0,0.0
63,10,11,6,6,80.0,66.0,13.33,121.21,27.0,7,3,0,0,6,40.91,15.15
63,10,16,1,1,0.0,1.0,0.0,0.0,0.0,0,0,0,0,1,100.0,0.0
63,9,7,2,2,104.0,52.0,52.0,200.0,90.0,7,8,1,0,2,19.23,28.85
63,24,16,1,1,4.0,5.0,4.0,80.0,4.0,0,0,0,0,1,60.0,0.0
63,26,15,3,3,80.0,51.0,26.67,156.86,35.0,8,3,0,0,3,29.41,21.57
63,37,9,1,1,0.0,1.0,0.0,0.0,0.0,0,0,0,0,1,100.0,0.0
63,27,15,2,2,49.0,22.0,24.5,222.73,26.0,5,3,0,0,2,27.27,36.36
63,12,7,1,1,6.0,6.0,6.0,100.0,6.0,0,0,0,0,1,33.33,0.0
63,12,13,7,7,68.0,68.0,9.71,100.0,32.0,4,0,0,0,6,32.35,5.88
63,12,14,3,3,157.0,100.0,52.33,157.0,56.0,20,4,3,0,1,25.0,24.0
63,23,5,1,1,3.0,7.0,3.0,42.86,3.0,0,0,0,0,0,28.57,0.0
63,23,7,1,1,6.0,9.0,6.0,66.67,6.0,1,0,0,0,1,55.56,11.11
63,23,8,1,1,43.0,22.0,43.0,195.45,43.0,4,3,0,0,1,22.73,31.82
63,23,9,1,1,68.0,42.0,68.0,161.9,68.0,6,4,1,0,1,30.95,23.81
63,23,10,1,1,25.0,14.0,25.0,178.57,25.0,3,1,0,0,1,21.43,28.57
63,23,11,1,1,47.0,22.0,47.0,213.64,47.0,3,4,0,0,1,22.73,31.82
63,23,15,1,1,9.0,10.0,9.0,90.0,9.0,0,1,0,0,1,60.0,10.0
63,23,16,1,1,5.0,7.0,5.0,71.43,5.0,1,0,0,0,1,71.43,14.29
63,23,18,1,1,7.0,8.0,7.0,87.5,7.0,1,0,0,0,1,50.0,12.5
63,11,6,1,1,0.0,3.0,0.0,0.0,0.0,0,0,0,0,1,100.0,0.0
63,17,10,3,3,127.0,60.0,42.33,211.67,44.0,10,11,0,0,1,20.0,35.0
63,3,5,1,1,3.0,4.0,3.0,75.0,3.0,0,0,0,0,1,50.0,0.0
63,3,7,2,2,25.0,12.0,12.5,208.33,25.0,2,2,0,0,2,25.0,33.33
63,3,8,1,1,1.0,5.0,1.0,20.0,1.0,0,0,0,0,1,80.0,0.0
63,3,10,1,1,6.0,11.0,6.0,54.55,6.0,1,0,0,0,1,45.45,9.09
63,3,11,1,1,4.0,6.0,4.0,66.67,4.0,0,0,0,0,1,50.0,0.0
63,3,16,7,7,264.0,135.0,37.71,195.56,77.0,14,24,3,0,6,28.89,28.15
63,3,17,5,5,51.0,34.0,10.2,150.0,28.0,6,2,0,0,5,35.29,23.53
63,8,14,3,3,176.0,118.0,58.67,149.15,78.0,17,8,2,0,3,30.51,21.19
63,8,17,1,1,0.0,1.0,0.0,0.0,0.0,0,0,0,0,1,100.0,0.0
63,25,18,3,3,38.0,33.0,12.67,115.15,30.0,4,1,0,0,3,36.36,15.15
63,32,8,3,3,55.0,36.0,18.33,152.78,33.0,3,4,0,0,3,36.11,19.44
63,32,10,1,1,0.0,3.0,0.0,0.0,0.0,0,0,0,0,1,100.0,0.0
63,32,11,1,1,6.0,5.0,6.0,120.0,6.0,1,0,0,0,1,40.0,20.0
63,32,15,3,3,11.0,6.0,3.67,183.33,8.0,2,0,0,0,1,16.67,33.33
63,2,8,1,2,2.0,7.0,2.0,28.57,2.0,0,0,0,0,1,71.43,0.0
63,2,14,2,2,25.0,21.0,12.5,119.05,25.0,1,2,0,0,2,52.38,14.29
63,2,15,1,1,24.0,13.0,24.0,184.62,24.0,1,2,0,0,1,30.77,23.08
63,2,17,1,1,0.0,1.0,0.0,0.0,0.0,0,0,0,0,1,100.0,0.0
63,2,18,1,1,0.0,1.0,0.0,0.0,0.0,0,0,0,0,1,100.0,0.0
63,7,7,2,2,2.0,6.0,1.0,33.33,2.0,0,0,0,0,2,66.67,0.0
63,7,8,3,3,28.0,33.0,9.33,84.85,12.0,4,0,0,0,3,57.58,12.12
63,7,9,5,5,110.0,75.0,22.0,146.67,56.0,8,4,1,0,4,26.67,16.0
63,7,10,3,3,64.0,38.0,21.33,168.42,44.0,1,6,0,0,2,26.32,18.42
63,7,16,1,1,0.0,1.0,0.0,0.0,0.0,0,0,0,0,1,100.0,0.0
63,16,7,1,1,43.0,22.0,43.0,195.45,43.0,2,5,0,0,2,36.36,31.82
63,16,8,1,1,11.0,6.0,11.0,183.33,11.0,1,1,0,0,1,50.0,33.33
63,16,9,1,1,1.0,2.0,1.0,50.0,1.0,0,0,0,0,1,50.0,0.0
63,16,10,1,1,10.0,12.0,10.0,83.33,10.0,2,0,0,0,1,75.0,16.67
63,16,11,1,1,2.0,3.0,2.0,66.67,2.0,0,0,0,0,0,33.33,0.0
63,16,16,1,1,5.0,3.0,5.0,166.67,5.0,1,0,0,0,0,33.33,33.33
63,16,18,1,1,3.0,7.0,3.0,42.86,3.0,0,0,0,0,1,57.14,0.0
63,34,9,1,1,0.0,1.0,0.0,0.0,0.0,0,0,0,0,1,100.0,0.0
63,34,10,1,1,31.0,18.0,31.0,172.22,31.0,1,3,0,0,1,27.78,22.22
63,18,11,1,1,17.0,12.0,17.0,141.67,17.0,2,1,0,0,2,50.0,25.0
63,18,16,1,1,54.0,33.0,54.0,163.64,54.0,5,3,1,0,1,30.3,24.24
63,18,17,1,1,1.0,3.0,1.0,33.33,1.0,0,0,0,0,1,66.67,0.0
63,36,7,2,2,184.0,88.0,92.0,209.09,95.0,13,15,2,0,2,23.86,31.82
63,36,13,1,1,13.0,9.0,13.0,144.44,13.0,2,0,0,0,0,22.22,22.22
63,36,14,3,3,83.0,60.0,27.67,138.33,57.0,4,5,1,0,3,30.0,15.0
63,1,7,2,2,110.0,55.0,55.0,200.0,95.0,17,2,1,0,2,21.82,34.55
63,1,13,3,3,27.0,29.0,9.0,93.1,11.0,3,0,0,0,1,41.38,10.34
63,1,14,2,2,50.0,42.0,25.0,119.05,40.0,3,2,0,0,1,38.1,11.9
63,31,6,1,1,13.0,7.0,13.0,185.71,13.0,1,1,0,0,0,28.57,28.57
63,28,6,1,1,23.0,17.0,23.0,135.29,23.0,0,3,0,0,1,58.82,17.65
63,28,7,2,2,58.0,33.0,29.0,175.76,45.0,6,3,0,0,2,24.24,27.27
63,28,8,1,1,6.0,4.0,6.0,150.0,6.0,1,0,0,0,1,25.0,25.0
63,28,10,1,1,47.0,21.0,47.0,223.81,47.0,2,5,0,0,1,28.57,33.33
63,28,11,1,1,13.0,6.0,13.0,216.67,13.0,1,1,0,0,1,33.33,33.33
63,28,14,1,1,22.0,15.0,22.0,146.67,22.0,3,0,0,0,1,33.33,20.0
63,28,15,3,3,128.0,76.0,42.67,168.42,55.0,15,6,1,0,2,31.58,27.63
63,28,16,1,1,68.0,33.0,68.0,206.06,68.0,8,4,1,0,1,24.24,36.36
63,28,17,1,1,0.0,4.0,0.0,0.0,0.0,0,0,0,0,1,100.0,0.0
277,14,2,1,1,15.0,16.0,15.0,93.75,15.0,1,0,0,0,1,43.75,6.25
467,10,17,1,1,19.0,15.0,19.0,126.67,19.0,1,1,0,0,1,26.67,13.33
405,10,5,1,1,8.0,5.0,8.0,160.0,8.0,2,0,0,0,1,60.0,40.0
405,10,12,1,1,27.0,19.0,27.0,142.11,27.0,2,1,0,0,1,21.05,15.79
405,37,9,2,2,57.0,34.0,28.5,167.65,51.0,4,3,1,0,1,20.59,20.59
405,12,13,2,2,21.0,19.0,10.5,110.53,19.0,1,0,0,0,0,26.32,5.26
405,23,6,1,1,28.0,15.0,28.0,186.67,28.0,2,2,0,0,0,13.33,26.67
405,23,8,1,1,4.0,7.0,4.0,57.14,4.0,0,0,0,0,1,42.86,0.0
405,23,9,1,1,11.0,11.0,11.0,100.0,11.0,1,0,0,0,2,27.27,9.09
405,11,5,1,1,26.0,11.0,26.0,236.36,26.0,4,1,0,0,1,18.18,45.45
405,11,6,1,1,0.0,1.0,0.0,0.0,0.0,0,0,0,0,1,100.0,0.0
405,3,9,1,1,18.0,18.0,18.0,100.0,18.0,2,0,0,0,1,33.33,11.11
405,3,12,2,2,71.0,51.0,35.5,139.22,65.0,9,1,1,0,2,23.53,19.61
405,8,6,1,1,0.0,1.0,0.0,0.0,0.0,0,0,0,0,1,100.0,0.0
405,32,8,1,1,11.0,10.0,11.0,110.0,11.0,0,1,0,0,1,40.0,10.0
405,7,5,2,2,52.0,36.0,26.0,144.44,29.0,6,1,0,0,1,22.22,19.44
405,7,6,3,3,51.0,47.0,17.0,108.51,31.0,6,0,0,0,3,38.3,12.77
405,7,8,2,2,17.0,17.0,8.5,100.0,15.0,3,0,0,0,2,52.94,17.65
405,7,9,1,1,27.0,20.0,27.0,135.0,27.0,4,0,0,0,1,35.0,20.0
405,16,6,1,1,17.0,12.0,17.0,141.67,17.0,1,1,0,0,2,16.67,16.67
405,16,8,1,1,3.0,5.0,3.0,60.0,3.0,0,0,0,0,1,40.0,0.0
405,34,9,1,1,0.0,3.0,0.0,0.0,0.0,0,0,0,0,1,100.0,0.0
405,18,6,1,1,10.0,15.0,10.0,66.67,10.0,1,0,0,0,1,60.0,6.67
405,36,13,1,1,15.0,24.0,15.0,62.5,15.0,1,0,0,0,0,45.83,4.17
405,1,13,2,2,35.0,37.0,17.5,94.59,21.0,6,0,0,0,1,56.76,16.22
405,28,6,1,1,2.0,4.0,2.0,50.0,2.0,0,0,0,0,1,50.0,0.0
17,16,1,1,1,2.0,5.0,2.0,40.0,2.0,0,0,0,0,1,60.0,0.0
569,10,12,1,1,3.0,3.0,3.0,100.0,3.0,0,0,0,0,1,33.33,0.0
569,10,16,1,1,53.0,27.0,53.0,196.3,53.0,2,4,1,0,0,11.11,22.22
569,10,17,1,1,15.0,8.0,15.0,187.5,15.0,0,2,0,0,1,37.5,25.0
569,10,18,1,1,105.0,39.0,105.0,269.23,105.0,7,9,1,1,0,10.26,41.03
569,24,18,2,2,71.0,41.0,35.5,173.17,47.0,6,3,0,0,2,14.63,21.95
569,37,18,1,1,32.0,19.0,32.0,168.42,32.0,2,2,0,0,1,15.79,21.05
569,23,11,1,1,18.0,18.0,18.0,100.0,18.0,1,0,0,0,0,27.78,5.56
569,23,16,1,1,16.0,6.0,16.0,266.67,16.0,2,1,0,0,0,16.67,50.0
569,23,17,1,1,63.0,29.0,63.0,217.24,63.0,0,8,1,0,1,31.03,27.59
569,23,18,1,1,33.0,21.0,33.0,157.14,33.0,2,2,0,0,1,14.29,19.05
569,3,12,1,1,6.0,7.0,6.0,85.71,6.0,0,0,0,0,1,14.29,0.0
569,3,17,1,1,67.0,31.0,67.0,216.13,67.0,2,7,1,0,1,19.35,29.03
569,8,16,1,1,17.0,16.0,17.0,106.25,17.0,1,0,0,0,1,18.75,6.25
569,8,17,3,3,86.0,72.0,28.67,119.44,50.0,1,5,1,0,3,27.78,8.33
569,8,18,1,1,7.0,8.0,7.0,87.5,7.0,1,0,0,0,1,50.0,12.5
569,25,17,1,1,9.0,9.0,9.0,100.0,9.0,1,0,0,0,1,44.44,11.11
569,32,11,1,1,7.0,7.0,7.0,100.0,7.0,1,0,0,0,1,57.14,14.29
569,2,16,1,1,64.0,44.0,64.0,145.45,64.0,4,3,1,0,1,25.0,15.91
569,2,17,2,2,56.0,34.0,28.0,164.71,32.0,4,3,0,0,2,23.53,20.59
569,2,18,1,1,23.0,18.0,23.0,127.78,23.0,1,1,0,0,1,16.67,11.11
569,16,16,5,5,254.0,135.0,50.8,188.15,104.0,19,15,1,1,5,18.52,25.19
569,16,17,5,5,181.0,93.0,36.2,194.62,80.0,11,13,1,0,2,22.58,25.81
569,16,18,5,5,179.0,108.0,35.8,165.74,71.0,20,6,1,0,3,25.0,24.07
569,18,11,2,2,32.0,22.0,16.0,145.45,32.0,3,1,0,0,2,31.82,18.18
569,18,16,1,1,26.0,12.0,26.0,216.67,26.0,2,2,0,0,1,25.0,33.33
569,28,16,1,1,18.0,13.0,18.0,138.46,18.0,2,0,0,0,1,15.38,15.38
569,28,17,1,1,2.0,4.0,2.0,50.0,2.0,0,0,0,0,1,50.0,0.0
569,28,18,1,1,37.0,28.0,37.0,132.14,37.0,3,2,0,0,1,39.29,17.86
293,10,5,1,1,15.0,12.0,15.0,125.0,15.0,2,0,0,0,1,25.0,16.67
293,10,6,1,1,0.0,4.0,0.0,0.0,0.0,0,0,0,0,1,100.0,0.0
293,10,8,1,1,9.0,10.0,9.0,90.0,9.0,0,1,0,0,1,60.0,10.0
293,10,9,1,1,0.0,1.0,0.0,0.0,0.0,0,0,0,0,1,100.0,0.0
293,26,3,3,3,13.0,13.0,4.33,100.0,8.0,1,0,0,0,3,30.77,7.69
293,26,7,1,1,7.0,2.0,7.0,350.0,7.0,0,1,0,0,0,0.0,50.0
293,14,2,2,2,16.0,13.0,8.0,123.08,10.0,0,1,0,0,2,30.77,7.69
293,37,9,2,2,35.0,32.0,17.5,109.38,21.0,3,1,0,0,0,40.62,12.5
293,27,3,2,2,50.0,20.0,25.0,250.0,49.0,8,2,0,0,1,15.0,50.0
293,27,4,1,1,9.0,3.0,9.0,300.0,9.0,0,1,0,0,0,0.0,33.33
293,12,7,3,3,9.0,13.0,3.0,69.23,8.0,1,0,0,0,3,61.54,7.69
293,23,4,1,1,30.0,29.0,30.0,103.45,30.0,5,0,0,0,1,51.72,17.24
293,23,6,3,3,27.0,14.0,9.0,192.86,14.0,4,1,0,0,1,28.57,35.71
293,23,8,1,1,6.0,3.0,6.0,200.0,6.0,0,1,0,0,0,33.33,33.33
293,20,9,1,1,3.0,5.0,3.0,60.0,3.0,0,0,0,0,1,40.0,0.0
293,11,6,1,1,5.0,8.0,5.0,62.5,5.0,0,0,0,0,1,37.5,0.0
293,13,2,3,3,33.0,21.0,11.0,157.14,20.0,2,2,0,0,2,19.05,19.05
293,3,5,1,1,1.0,4.0,1.0,25.0,1.0,0,0,0,0,1,75.0,0.0
293,3,6,1,1,1.0,1.0,1.0,100.0,1.0,0,0,0,0,0,0.0,0.0
293,3,8,1,1,0.0,1.0,0.0,0.0,0.0,0,0,0,0,1,100.0,0.0
293,8,1,1,1,28.0,14.0,28.0,200.0,28.0,1,3,0,0,1,35.71,28.57
293,8,3,1,1,33.0,23.0,33.0,143.48,33.0,2,3,0,0,1,39.13,21.74
293,8,4,1,1,13.0,7.0,13.0,185.71,13.0,1,1,0,0,1,28.57,28.57
293,8,6,1,1,21.0,21.0,21.0,100.0,21.0,1,1,0,0,0,38.1,9.52
293,8,12,1,1,1.0,3.0,1.0,33.33,1.0,0,0,0,0,1,66.67,0.0
293,8,14,2,2,4.0,4.0,2.0,100.0,2.0,0,0,0,0,0,25.0,0.0
293,32,11,1,1,19.0,22.0,19.0,86.36,19.0,2,1,0,0,1,54.55,13.64
293,5,2,1,1,4.0,2.0,4.0,200.0,4.0,1,0,0,0,1,50.0,50.0
293,7,1,1,1,0.0,1.0,0.0,0.0,0.0,0,0,0,0,1,100.0,0.0
293,7,3,1,1,9.0,7.0,9.0,128.57,9.0,1,0,0,0,1,14.29,14.29
293,7,4,1,1,12.0,7.0,12.0,171.43,12.0,1,1,0,0,1,42.86,28.57
293,7,5,1,1,0.0,2.0,0.0,0.0,0.0,0,0,0,0,1,100.0,0.0
293,16,9,1,1,1.0,3.0,1.0,33.33,1.0,0,0,0,0,0,66.67,0.0
293,16,10,1,1,1.0,3.0,1.0,33.33,1.0,0,0,0,0,0,33.33,0.0
293,34,10,1,1,0.0,1.0,0.0,0.0,0.0,0,0,0,0,1,100.0,0.0
293,18,4,1,1,10.0,7.0,10.0,142.86,10.0,0,1,0,0,0,28.57,14.29
293,18,6,1,1,1.0,1.0,1.0,100.0,1.0,0,0,0,0,0,0.0,0.0
293,36,7,1,1,10.0,5.0,10.0,200.0,10.0,1,1,0,0,1,40.0,40.0
293,1,7,1,1,0.0,2.0,0.0,0.0,0.0,0,0,0,0,1,100.0,0.0
293,30,2,2,2,19.0,9.0,9.5,211.11,18.0,1,2,0,0,2,44.44,33.33
293,31,5,1,1,0.0,1.0,0.0,0.0,0.0,0,0,0,0,1,100.0,0.0
293,31,6,1,1,4.0,3.0,4.0,133.33,4.0,1,0,0,0,0,66.67,33.33
293,6,2,2,2,12.0,8.0,6.0,150.0,12.0,2,0,0,0,2,25.0,25.0
293,28,1,1,1,2.0,2.0,2.0,100.0,2.0,0,0,0,0,0,0.0,0.0
293,28,4,3,3,29.0,18.0,9.67,161.11,17.0,2,2,0,0,1,38.89,22.22
293,28,5,7,7,92.0,61.0,13.14,150.82,33.0,12,3,0,0,5,34.43,24.59
293,28,6,4,4,57.0,27.0,14.25,211.11,25.0,6,3,0,0,2,22.22,33.33
293,28,7,1,1,2.0,3.0,2.0,66.67,2.0,0,0,0,0,1,33.33,0.0
293,28,8,6,6,102.0,59.0,17.0,172.88,64.0,9,7,1,0,5,40.68,27.12
293,28,9,2,2,53.0,43.0,26.5,123.26,45.0,8,1,0,0,1,51.16,20.93
293,28,10,5,5,15.0,12.0,3.0,125.0,7.0,0,1,0,0,1,25.0,8.33
293,28,11,2,2,10.0,14.0,5.0,71.43,8.0,1,0,0,0,1,50.0,7.14
345,27,3,1,1,0.0,1.0,0.0,0.0,0.0,0,0,0,0,1,100.0,0.0
345,23,5,1,1,14.0,6.0,14.0,233.33,14.0,3,0,0,0,1,33.33,50.0
345,7,6,1,1,3.0,4.0,3.0,75.0,3.0,0,0,0,0,0,50.0,0.0
345,18,5,1,1,1.0,1.0,1.0,100.0,1.0,0,0,0,0,0,0.0,0.0
52,10,12,1,1,20.0,12.0,20.0,166.67,20.0,2,1,0,0,0,25.0,25.0
52,10,16,1,1,2.0,5.0,2.0,40.0,2.0,0,0,0,0,1,60.0,0.0
52,24,16,1,1,6.0,4.0,6.0,150.0,6.0,1,0,0,0,1,25.0,25.0
52,26,15,1,1,7.0,5.0,7.0,140.0,7.0,0,1,0,0,1,60.0,20.0
52,27,15,1,1,1.0,2.0,1.0,50.0,1.0,0,0,0,0,1,50.0,0.0
52,23,16,1,1,17.0,9.0,17.0,188.89,17.0,2,1,0,0,0,33.33,33.33
52,11,16,1,1,0.0,1.0,0.0,0.0,0.0,0,0,0,0,1,100.0,0.0
52,11,17,1,1,17.0,13.0,17.0,130.77,17.0,2,0,0,0,0,15.38,15.38
52,3,17,1,1,2.0,2.0,2.0,100.0,2.0,0,0,0,0,0,50.0,0.0
52,25,17,4,4,55.0,37.0,13.75,148.65,29.0,6,2,0,0,2,32.43,21.62
52,25,18,1,1,4.0,11.0,4.0,36.36,4.0,0,0,0,0,1,72.73,0.0
52,2,14,2,2,29.0,19.0,14.5,152.63,25.0,2,2,0,0,0,21.05,21.05
52,2,17,1,1,1.0,2.0,1.0,50.0,1.0,0,0,0,0,0,50.0,0.0
52,7,16,2,2,21.0,18.0,10.5,116.67,13.0,1,1,0,0,2,27.78,11.11
52,16,16,1,1,1.0,2.0,1.0,50.0,1.0,0,0,0,0,1,50.0,0.0
52,18,18,1,1,7.0,2.0,7.0,350.0,7.0,0,1,0,0,0,0.0,50.0
52,36,14,2,2,21.0,20.0,10.5,105.0,18.0,1,0,0,0,0,30.0,5.0
52,1,14,1,1,14.0,19.0,14.0,73.68,14.0,0,0,0,0,0,36.84,0.0
52,28,15,1,1,14.0,18.0,14.0,77.78,14.0,1,1,0,0,1,66.67,11.11
52,28,16,1,1,5.0,2.0,5.0,250.0,5.0,1,0,0,0,1,0.0,50.0
48,24,16,1,1,22.0,22.0,22.0,100.0,22.0,3,0,0,0,1,40.91,13.64
48,3,4,1,1,1.0,1.0,1.0,100.0,1.0,0,0,0,0,0,0.0,0.0
48,25,17,2,2,27.0,34.0,13.5,79.41,14.0,2,0,0,0,2,44.12,5.88
48,7,16,1,1,13.0,9.0,13.0,144.44,13.0,1,1,0,0,0,44.44,22.22
48,18,4,1,1,13.0,19.0,13.0,68.42,13.0,0,0,0,0,1,36.84,0.0
48,31,5,1,1,6.0,6.0,6.0,100.0,6.0,0,0,0,0,1,16.67,0.0
48,28,16,1,1,41.0,28.0,41.0,146.43,41.0,4,2,0,0,1,35.71,21.43
145,10,18,2,2,34.0,22.0,17.0,154.55,34.0,2,3,0,0,2,40.91,22.73
145,23,18,3,3,16.0,17.0,5.33,94.12,10.0,3,0,0,0,1,52.94,17.65
145,25,18,1,1,3.0,6.0,3.0,50.0,3.0,0,0,0,0,1,66.67,0.0
145,32,15,1,1,2.0,1.0,2.0,200.0,2.0,0,0,0,0,1,0.0,0.0
145,16,16,1,1,0.0,1.0,0.0,0.0,0.0,0,0,0,0,1,100.0,0.0
145,28,15,1,1,0.0,1.0,0.0,0.0,0.0,0,0,0,0,0,100.0,0.0
145,28,18,1,1,4.0,8.0,4.0,50.0,4.0,0,0,0,0,1,62.5,0.0
82,10,16,1,1,0.0,2.0,0.0,0.0,0.0,0,0,0,0,1,100.0,0.0
82,24,16,1,1,3.0,4.0,3.0,75.0,3.0,0,0,0,0,1,50.0,0.0
82,23,16,1,1,100.0,55.0,100.0,181.82,100.0,12,3,1,1,0,18.18,27.27
82,8,16,1,1,18.0,13.0,18.0,138.46,18.0,3,0,0,0,1,46.15,23.08
82,16,16,6,6,69.0,79.0,11.5,87.34,27.0,8,1,0,0,5,54.43,11.39
82,28,16,1,1,0.0,1.0,0.0,0.0,0.0,0,0,0,0,1,100.0,0.0
667,27,15,2,2,18.0,20.0,9.0,90.0,12.0,1,0,0,0,1,30.0,5.0
667,28,15,1,1,4.0,4.0,4.0,100.0,4.0,1,0,0,0,1,75.0,25.0
527,8,12,1,1,1.0,5.0,1.0,20.0,1.0,0,0,0,0,0,80.0,0.0
637,10,1,1,1,22.0,22.0,22.0,100.0,22.0,1,2,0,0,1,59.09,13.64
637,9,3,2,2,54.0,49.0,27.0,110.2,31.0,4,2,0,0,2,36.73,12.24
637,26,3,1,1,17.0,15.0,17.0,113.33,17.0,3,0,0,0,1,53.33,20.0
637,14,2,1,1,0.0,2.0,0.0,0.0,0.0,0,0,0,0,1,100.0,0.0
637,21,2,1,1,13.0,13.0,13.0,100.0,13.0,1,0,0,0,1,38.46,7.69
637,27,3,3,3,64.0,66.0,21.33,96.97,27.0,6,2,0,0,3,48.48,12.12
637,23,3,1,1,50.0,45.0,50.0,111.11,50.0,5,1,1,0,1,35.56,13.33
637,23,5,1,1,66.0,58.0,66.0,113.79,66.0,7,2,1,0,0,43.1,15.52
637,13,2,2,2,127.0,100.0,63.5,127.0,69.0,12,4,2,0,1,31.0,16.0
637,3,1,1,1,5.0,7.0,5.0,71.43,5.0,1,0,0,0,1,71.43,14.29
637,3,5,1,1,2.0,6.0,2.0,33.33,2.0,0,0,0,0,1,66.67,0.0
637,8,1,1,1,10.0,10.0,10.0,100.0,10.0,1,1,0,0,1,80.0,20.0
637,8,3,1,1,45.0,36.0,45.0,125.0,45.0,5,1,0,0,1,33.33,16.67
637,2,3,1,1,25.0,14.0,25.0,178.57,25.0,2,2,0,0,1,35.71,28.57
637,19,2,3,3,107.0,119.0,35.67,89.92,53.0,9,2,1,0,2,49.58,9.24
637,5,2,2,2,56.0,33.0,28.0,169.7,43.0,6,2,0,0,1,24.24,24.24
637,7,1,1,1,44.0,34.0,44.0,129.41,44.0,3,3,0,0,1,41.18,17.65
637,16,1,4,4,67.0,60.0,16.75,111.67,47.0,9,2,0,0,4,51.67,18.33
637,18,1,1,1,19.0,20.0,19.0,95.0,19.0,2,0,0,0,1,45.0,10.0
637,30,2,1,1,8.0,10.0,8.0,80.0,8.0,1,0,0,0,1,50.0,10.0
637,6,2,4,4,60.0,54.0,15.0,111.11,60.0,3,4,1,0,4,38.89,12.96
637,29,3,1,1,12.0,10.0,12.0,120.0,12.0,1,1,0,0,1,60.0,20.0
637,28,5,1,1,13.0,24.0,13.0,54.17,13.0,1,0,0,0,1,70.83,4.17
399,10,8,1,1,0.0,1.0,0.0,0.0,0.0,0,0,0,0,1,100.0,0.0
399,10,9,1,1,2.0,2.0,2.0,100.0,2.0,0,0,0,0,0,0.0,0.0
399,10,10,1,1,29.0,14.0,29.0,207.14,29.0,1,3,0,0,0,35.71,28.57
399,10,11,1,1,27.0,17.0,27.0,158.82,27.0,2,1,0,0,1,35.29,17.65
399,10,12,1,1,32.0,15.0,32.0,213.33,32.0,2,3,0,0,1,26.67,33.33
399,10,14,1,1,16.0,7.0,16.0,228.57,16.0,0,2,0,0,1,28.57,28.57
399,10,16,1,1,5.0,4.0,5.0,125.0,5.0,1,0,0,0,1,50.0,25.0
399,10,17,1,1,46.0,24.0,46.0,191.67,46.0,4,3,0,0,1,20.83,29.17
399,10,18,1,1,2.0,4.0,2.0,50.0,2.0,0,0,0,0,1,50.0,0.0
399,24,16,1,1,66.0,50.0,66.0,132.0,66.0,2,4,1,0,1,30.0,12.0
399,24,17,1,1,0.0,1.0,0.0,0.0,0.0,0,0,0,0,1,100.0,0.0
399,24,18,1,1,28.0,16.0,28.0,175.0,28.0,2,1,0,0,1,12.5,18.75
399,26,15,3,3,54.0,37.0,18.0,145.95,27.0,9,0,0,0,1,24.32,24.32
399,37,9,1,1,7.0,16.0,7.0,43.75,7.0,0,0,0,0,1,56.25,0.0
399,27,15,4,4,205.0,150.0,51.25,136.67,87.0,16,7,3,0,2,26.67,15.33
399,12,13,4,6,65.0,39.0,16.25,166.67,37.0,0,7,0,0,3,20.51,17.95
399,12,14,1,1,3.0,6.0,3.0,50.0,3.0,0,0,0,0,1,50.0,0.0
399,23,8,1,1,0.0,2.0,0.0,0.0,0.0,0,0,0,0,1,100.0,0.0
399,23,9,1,1,9.0,10.0,9.0,90.0,9.0,0,0,0,0,1,30.0,0.0
399,23,10,1,1,1.0,2.0,1.0,50.0,1.0,0,0,0,0,0,50.0,0.0
399,23,11,1,1,19.0,13.0,19.0,146.15,19.0,0,2,0,0,1,38.46,15.38
399,23,12,1,1,91.0,34.0,91.0,267.65,91.0,6,9,1,0,1,14.71,44.12
399,23,15,1,1,40.0,27.0,40.0,148.15,40.0,5,0,0,0,0,11.11,18.52
399,23,16,1,1,26.0,20.0,26.0,130.0,26.0,2,1,0,0,1,30.0,15.0
399,23,17,1,1,2.0,4.0,2.0,50.0,2.0,0,0,0,0,1,50.0,0.0
399,20,9,1,1,7.0,8.0,7.0,87.5,7.0,1,0,0,0,1,37.5,12.5
399,17,10,1,1,15.0,4.0,15.0,375.0,15.0,2,1,0,0,0,0.0,75.0
399,17,11,1,1,23.0,13.0,23.0,176.92,23.0,2,1,0,0,1,15.38,23.08
399,3,8,1,1,16.0,6.0,16.0,266.67,16.0,0,2,0,0,0,16.67,33.33
399,3,10,1,1,9.0,4.0,9.0,225.0,9.0,0,1,0,0,0,50.0,25.0
399,3,11,1,1,50.0,42.0,50.0,119.05,50.0,5,1,1,0,1,28.57,14.29
399,3,12,1,1,32.0,14.0,32.0,228.57,32.0,2,3,0,0,0,28.57,35.71
399,8,8,1,1,21.0,8.0,21.0,262.5,21.0,0,3,0,0,0,12.5,37.5
399,8,12,2,2,36.0,29.0,18.0,124.14,23.0,2,1,0,0,0,31.03,10.34
399,8,14,5,5,36.0,37.0,7.2,97.3,15.0,5,0,0,0,5,48.65,13.51
399,8,16,1,1,8.0,7.0,8.0,114.29,8.0,1,0,0,0,1,28.57,14.29
399,25,17,1,1,10.0,6.0,10.0,166.67,10.0,0,1,0,0,1,33.33,16.67
399,25,18,1,1,22.0,9.0,22.0,244.44,22.0,0,3,0,0,0,22.22,33.33
399,32,10,1,1,35.0,15.0,35.0,233.33,35.0,1,4,0,0,1,13.33,33.33
399,32,11,1,1,13.0,8.0,13.0,162.5,13.0,0,1,0,0,0,12.5,12.5
399,32,15,2,2,42.0,40.0,21.0,105.0,31.0,4,0,0,0,2,37.5,10.0
399,2,15,1,1,34.0,30.0,34.0,113.33,34.0,3,1,0,0,1,40.0,13.33
399,2,16,8,8,190.0,143.0,23.75,132.87,59.0,15,7,1,0,5,30.77,15.38
399,2,17,1,1,11.0,4.0,11.0,275.0,11.0,1,1,0,0,1,25.0,50.0
399,2,18,2,2,26.0,30.0,13.0,86.67,15.0,2,1,0,0,2,53.33,10.0
399,7,9,1,1,4.0,2.0,4.0,200.0,4.0,1,0,0,0,1,50.0,50.0
399,7,12,1,1,31.0,19.0,31.0,163.16,31.0,3,1,0,0,1,26.32,21.05
399,7,16,1,1,8.0,11.0,8.0,72.73,8.0,1,0,0,0,1,45.45,9.09
399,16,9,1,1,2.0,5.0,2.0,40.0,2.0,0,0,0,0,1,60.0,0.0
399,16,10,2,2,25.0,33.0,12.5,75.76,15.0,0,1,0,0,2,51.52,3.03
399,16,12,2,2,30.0,24.0,15.0,125.0,16.0,1,2,0,0,2,37.5,12.5
399,16,17,1,1,24.0,20.0,24.0,120.0,24.0,1,1,0,0,1,25.0,10.0
399,34,10,1,1,4.0,5.0,4.0,80.0,4.0,0,0,0,0,1,20.0,0.0
399,18,11,1,1,4.0,2.0,4.0,200.0,4.0,1,0,0,0,1,50.0,50.0
399,18,12,1,1,23.0,15.0,23.0,153.33,23.0,2,1,0,0,1,33.33,20.0
399,18,16,1,1,39.0,15.0,39.0,260.0,39.0,3,3,0,0,0,6.67,40.0
399,18,17,1,1,10.0,10.0,10.0,100.0,10.0,1,0,0,0,1,40.0,10.0
399,18,18,2,2,74.0,38.0,37.0,194.74,48.0,8,3,0,0,1,18.42,28.95
399,36,13,1,1,28.0,19.0,28.0,147.37,28.0,2,2,0,0,1,36.84,21.05
399,36,14,2,2,22.0,24.0,11.0,91.67,17.0,2,0,0,0,1,45.83,8.33
399,1,13,8,8,190.0,102.0,23.75,186.27,60.0,12,16,1,0,4,32.35,27.45
399,1,14,2,2,50.0,38.0,25.0,131.58,40.0,4,3,0,0,1,42.11,18.42
399,28,8,4,4,75.0,45.0,18.75,166.67,61.0,9,3,1,0,3,26.67,26.67
399,28,9,3,3,13.0,20.0,4.33,65.0,9.0,2,0,0,0,2,60.0,10.0
399,28,10,8,8,132.0,83.0,16.5,159.04,30.0,7,10,0,0,5,26.51,20.48
399,28,11,7,7,124.0,100.0,17.71,124.0,36.0,10,5,0,0,4,33.0,15.0
399,28,12,6,7,134.0,62.0,22.33,216.13,37.0,10,10,0,0,3,22.58,32.26
399,28,15,4,4,112.0,87.0,28.0,128.74,62.0,12,4,1,0,4,41.38,18.39
399,28,16,1,1,4.0,3.0,4.0,133.33,4.0,1,0,0,0,1,66.67,33.33
399,28,17,6,6,113.0,82.0,18.83,137.8,39.0,10,5,0,0,5,40.24,18.29
399,28,18,5,5,72.0,40.0,14.4,180.0,42.0,6,5,0,0,5,32.5,27.5
480,10,10,1,1,19.0,12.0,19.0,158.33,19.0,4,0,0,0,1,41.67,33.33
480,37,9,2,2,30.0,32.0,15.0,93.75,30.0,4,1,0,0,2,59.38,15.62
480,23,10,1,1,25.0,27.0,25.0,92.59,25.0,4,0,0,0,1,55.56,14.81
480,17,10,3,3,190.0,125.0,63.33,152.0,104.0,14,10,2,1,1,24.8,19.2
480,3,9,1,1,9.0,6.0,9.0,150.0,9.0,0,1,0,0,1,33.33,16.67
480,3,10,1,1,1.0,3.0,1.0,33.33,1.0,0,0,0,0,1,66.67,0.0
480,7,9,3,3,118.0,81.0,39.33,145.68,96.0,16,2,1,0,3,27.16,22.22
480,7,10,2,2,120.0,80.0,60.0,150.0,104.0,9,5,1,1,1,27.5,17.5
480,16,10,1,1,0.0,1.0,0.0,0.0,0.0,0,0,0,0,1,100.0,0.0
480,34,10,1,1,65.0,40.0,65.0,162.5,65.0,9,2,1,0,1,27.5,27.5
139,27,15,1,1,25.0,25.0,25.0,100.0,25.0,3,0,0,0,1,48.0,12.0
139,3,16,1,1,5.0,3.0,5.0,166.67,5.0,1,0,0,0,1,33.33,33.33
139,8,16,1,1,0.0,1.0,0.0,0.0,0.0,0,0,0,0,0,100.0,0.0
139,28,15,1,1,18.0,23.0,18.0,78.26,18.0,2,0,0,0,1,52.17,8.7
139,28,16,1,1,18.0,13.0,18.0,138.46,18.0,3,0,0,0,0,23.08,23.08
224,10,11,2,2,60.0,33.0,30.0,181.82,36.0,1,6,0,0,0,18.18,21.21
224,26,15,2,2,15.0,15.0,7.5,100.0,11.0,2,0,0,0,2,46.67,13.33
224,37,18,1,1,5.0,9.0,5.0,55.56,5.0,0,0,0,0,1,44.44,0.0
224,27,15,2,2,10.0,7.0,5.0,142.86,10.0,2,0,0,0,0,42.86,28.57
224,12,13,1,1,5.0,9.0,5.0,55.56,5.0,1,0,0,0,1,77.78,11.11
224,23,8,1,1,9.0,4.0,9.0,225.0,9.0,0,1,0,0,0,25.0,25.0
224,23,16,1,1,0.0,2.0,0.0,0.0,0.0,0,0,0,0,1,100.0,0.0
224,23,18,1,1,3.0,5.0,3.0,60.0,3.0,0,0,0,0,1,40.0,0.0
224,11,17,2,2,12.0,14.0,6.0,85.71,12.0,1,1,0,0,2,71.43,14.29
224,35,8,1,1,2.0,2.0,2.0,100.0,2.0,0,0,0,0,1,0.0,0.0
224,3,5,2,2,10.0,10.0,5.0,100.0,10.0,1,0,0,0,2,30.0,10.0
224,3,7,2,2,7.0,5.0,3.5,140.0,6.0,1,0,0,0,1,40.0,20.0
224,3,8,3,3,8.0,5.0,2.67,160.0,6.0,0,1,0,0,2,40.0,20.0
224,3,16,1,1,6.0,4.0,6.0,150.0,6.0,0,1,0,0,1,50.0,25.0
224,8,8,1,1,0.0,1.0,0.0,0.0,0.0,0,0,0,0,1,100.0,0.0
224,8,14,1,1,4.0,3.0,4.0,133.33,4.0,0,0,0,0,0,0.0,0.0
224,25,17,2,2,1.0,5.0,0.5,20.0,1.0,0,0,0,0,1,80.0,0.0
224,32,15,1,1,8.0,11.0,8.0,72.73,8.0,0,1,0,0,1,72.73,9.09
224,2,14,1,1,31.0,13.0,31.0,238.46,31.0,3,2,0,0,1,15.38,38.46
224,2,15,1,1,1.0,2.0,1.0,50.0,1.0,0,0,0,0,1,50.0,0.0
224,7,12,1,1,0.0,2.0,0.0,0.0,0.0,0,0,0,0,1,100.0,0.0
224,16,5,1,1,5.0,5.0,5.0,100.0,5.0,0,0,0,0,0,0.0,0.0
224,16,18,2,2,13.0,12.0,6.5,108.33,12.0,0,0,0,0,0,8.33,0.0
224,36,13,1,1,16.0,15.0,16.0,106.67,16.0,1,0,0,0,1,33.33,6.67
224,36,14,3,3,12.0,12.0,4.0,100.0,8.0,1,0,0,0,2,25.0,8.33
224,1,14,1,1,12.0,10.0,12.0,120.0,12.0,2,0,0,0,2,50.0,20.0
224,28,7,1,1,6.0,2.0,6.0,300.0,6.0,0,1,0,0,1,50.0,50.0
224,28,14,1,1,0.0,8.0,0.0,0.0,0.0,0,0,0,0,1,100.0,0.0
224,28,15,1,1,9.0,4.0,9.0,225.0,9.0,0,1,0,0,0,0.0,25.0
474,16,4,1,1,7.0,4.0,7.0,175.0,7.0,1,0,0,0,0,0.0,25.0
383,37,12,1,1,10.0,3.0,10.0,333.33,10.0,1,1,0,0,0,33.33,66.67
383,37,17,1,1,1.0,3.0,1.0,33.33,1.0,0,0,0,0,0,66.67,0.0
383,23,1,2,2,2.0,2.0,1.0,100.0,2.0,0,0,0,0,0,50.0,0.0
383,23,3,1,1,6.0,15.0,6.0,40.0,6.0,0,0,0,0,1,60.0,0.0
383,23,4,1,1,1.0,1.0,1.0,100.0,1.0,0,0,0,0,0,0.0,0.0
383,3,3,1,1,0.0,2.0,0.0,0.0,0.0,0,0,0,0,1,100.0,0.0
383,3,17,1,1,0.0,4.0,0.0,0.0,0.0,0,0,0,0,0,100.0,0.0
383,8,1,1,1,4.0,3.0,4.0,133.33,4.0,0,0,0,0,0,0.0,0.0
383,8,4,1,1,1.0,1.0,1.0,100.0,1.0,0,0,0,0,0,0.0,0.0
383,32,10,1,1,1.0,5.0,1.0,20.0,1.0,0,0,0,0,1,80.0,0.0
383,5,2,2,2,10.0,10.0,5.0,100.0,9.0,0,1,0,0,2,50.0,10.0
383,7,10,1,1,5.0,2.0,5.0,250.0,5.0,1,0,0,0,0,0.0,50.0
383,16,4,2,2,2.0,3.0,1.0,66.67,1.0,0,0,0,0,0,33.33,0.0
383,16,10,1,1,2.0,5.0,2.0,40.0,2.0,0,0,0,0,1,60.0,0.0
383,16,16,1,1,1.0,1.0,1.0,100.0,1.0,0,0,0,0,0,0.0,0.0
383,18,1,1,1,1.0,1.0,1.0,100.0,1.0,0,0,0,0,0,0.0,0.0
383,30,2,1,1,6.0,3.0,6.0,200.0,6.0,1,0,0,0,0,0.0,33.33
383,28,1,1,1,4.0,5.0,4.0,80.0,4.0,1,0,0,0,1,60.0,20.0
491,12,13,1,1,1.0,3.0,1.0,33.33,1.0,0,0,0,0,1,66.67,0.0
491,36,13,2,2,10.0,6.0,5.0,166.67,10.0,0,1,0,0,1,16.67,16.67
491,1,13,1,1,4.0,2.0,4.0,200.0,4.0,1,0,0,0,1,50.0,50.0
622,3,6,1,1,0.0,2.0,0.0,0.0,0.0,0,0,0,0,1,100.0,0.0
212,10,3,1,1,12.0,17.0,12.0,70.59,12.0,1,0,0,0,1,41.18,5.88
212,10,4,5,5,32.0,35.0,6.4,91.43,13.0,0,3,0,0,3,48.57,8.57
212,10,5,7,7,86.0,64.0,12.29,134.38,36.0,8,2,0,0,5,25.0,15.62
212,10,6,5,5,63.0,65.0,12.6,96.92,23.0,4,2,0,0,2,38.46,9.23
212,9,3,1,1,60.0,29.0,60.0,206.9,60.0,3,5,1,0,1,10.34,27.59
212,26,3,1,1,18.0,14.0,18.0,128.57,18.0,1,0,0,0,1,14.29,7.14
212,21,2,1,1,10.0,12.0,10.0,83.33,10.0,1,0,0,0,1,33.33,8.33
212,37,9,1,1,2.0,3.0,2.0,66.67,2.0,0,0,0,0,1,33.33,0.0
212,27,4,1,1,14.0,16.0,14.0,87.5,14.0,1,0,0,0,1,37.5,6.25
212,12,7,1,1,1.0,1.0,1.0,100.0,1.0,0,0,0,0,0,0.0,0.0
212,23,1,1,1,7.0,4.0,7.0,175.0,7.0,1,0,0,0,1,25.0,25.0
212,23,5,1,1,42.0,20.0,42.0,210.0,42.0,2,3,0,0,0,10.0,25.0
212,23,6,1,1,4.0,7.0,4.0,57.14,4.0,0,0,0,0,1,42.86,0.0
212,23,9,1,1,7.0,8.0,7.0,87.5,7.0,0,0,0,0,0,12.5,0.0
212,11,3,2,2,45.0,28.0,22.5,160.71,44.0,4,1,0,0,0,14.29,17.86
212,11,4,1,1,3.0,7.0,3.0,42.86,3.0,0,0,0,0,1,42.86,0.0
212,11,5,1,1,5.0,7.0,5.0,71.43,5.0,1,0,0,0,1,57.14,14.29
212,11,6,1,1,1.0,7.0,1.0,14.29,1.0,0,0,0,0,1,85.71,0.0
212,13,2,5,5,84.0,65.0,16.8,129.23,32.0,10,1,0,0,5,33.85,16.92
212,3,1,1,1,17.0,17.0,17.0,100.0,17.0,1,1,0,0,0,47.06,11.76
212,3,3,1,1,3.0,1.0,3.0,300.0,3.0,0,0,0,0,0,0.0,0.0
212,3,5,1,1,24.0,15.0,24.0,160.0,24.0,2,1,0,0,1,13.33,20.0
212,3,6,1,2,30.0,12.0,30.0,250.0,30.0,3,2,0,0,0,16.67,41.67
212,3,7,1,1,4.0,2.0,4.0,200.0,4.0,1,0,0,0,0,0.0,50.0
212,8,1,1,1,40.0,18.0,40.0,222.22,40.0,3,3,0,0,1,22.22,33.33
212,8,3,1,1,39.0,32.0,39.0,121.88,39.0,5,1,0,0,1,46.88,18.75
212,8,4,1,1,44.0,34.0,44.0,129.41,44.0,3,2,0,0,0,32.35,14.71
212,8,5,1,1,13.0,17.0,13.0,76.47,13.0,0,0,0,0,0,35.29,0.0
212,8,6,1,1,4.0,5.0,4.0,80.0,4.0,0,0,0,0,1,20.0,0.0
212,2,7,1,1,21.0,21.0,21.0,100.0,21.0,2,0,0,0,1,38.1,9.52
212,22,4,1,1,13.0,7.0,13.0,185.71,13.0,1,1,0,0,0,14.29,28.57
212,19,2,1,1,17.0,11.0,17.0,154.55,17.0,2,0,0,0,1,27.27,18.18
212,5,2,2,2,45.0,40.0,22.5,112.5,39.0,2,2,0,0,3,37.5,10.0
212,4,2,1,1,21.0,11.0,21.0,190.91,21.0,0,3,0,0,0,45.45,27.27
212,7,1,4,4,43.0,41.0,10.75,104.88,24.0,4,0,0,0,2,26.83,9.76
212,7,3,5,5,75.0,42.0,15.0,178.57,22.0,6,3,0,0,3,9.52,21.43
212,7,9,1,1,2.0,2.0,2.0,100.0,2.0,0,0,0,0,1,0.0,0.0
212,16,4,1,1,12.0,15.0,12.0,80.0,12.0,1,0,0,0,1,33.33,6.67
212,16,6,1,1,13.0,19.0,13.0,68.42,13.0,0,0,0,0,1,47.37,0.0
212,16,7,2,2,24.0,21.0,12.0,114.29,23.0,2,0,0,0,2,28.57,9.52
212,34,10,1,1,2.0,3.0,2.0,66.67,2.0,0,0,0,0,1,33.33,0.0
212,18,1,1,1,12.0,19.0,12.0,63.16,12.0,0,1,0,0,1,63.16,5.26
212,18,3,1,1,24.0,23.0,24.0,104.35,24.0,1,0,0,0,1,21.74,4.35
212,18,4,1,1,9.0,6.0,9.0,150.0,9.0,2,0,0,0,0,33.33,33.33
212,33,6,1,1,4.0,1.0,4.0,400.0,4.0,1,0,0,0,0,0.0,100.0
212,36,7,1,1,5.0,9.0,5.0,55.56,5.0,0,0,0,0,1,44.44,0.0
212,30,2,1,1,19.0,16.0,19.0,118.75,19.0,2,0,0,0,0,18.75,12.5
212,31,5,1,1,6.0,3.0,6.0,200.0,6.0,1,0,0,0,0,0.0,33.33
212,31,6,1,1,24.0,28.0,24.0,85.71,24.0,2,0,0,0,1,35.71,7.14
212,6,2,1,1,0.0,3.0,0.0,0.0,0.0,0,0,0,0,1,100.0,0.0
212,28,1,2,2,12.0,17.0,6.0,70.59,9.0,0,1,0,0,0,58.82,5.88
212,28,4,1,1,23.0,18.0,23.0,127.78,23.0,4,0,0,0,1,38.89,22.22
212,28,6,1,1,10.0,12.0,10.0,83.33,10.0,0,0,0,0,1,33.33,0.0
235,10,8,1,1,3.0,4.0,3.0,75.0,3.0,0,0,0,0,0,25.0,0.0
235,37,9,1,1,5.0,7.0,5.0,71.43,5.0,1,0,0,0,1,71.43,14.29
235,8,8,1,1,2.0,2.0,2.0,100.0,2.0,0,0,0,0,1,50.0,0.0
235,32,10,1,1,0.0,2.0,0.0,0.0,0.0,0,0,0,0,0,100.0,0.0
235,2,7,1,1,4.0,6.0,4.0,66.67,4.0,1,0,0,0,1,83.33,16.67
235,7,7,1,1,4.0,4.0,4.0,100.0,4.0,1,0,0,0,1,75.0,25.0
235,36,13,1,1,13.0,10.0,13.0,130.0,13.0,2,0,0,0,0,30.0,20.0
235,28,11,1,1,2.0,2.0,2.0,100.0,2.0,0,0,0,0,0,0.0,0.0
381,23,1,1,1,1.0,2.0,1.0,50.0,1.0,0,0,0,0,0,50.0,0.0
381,23,4,1,1,12.0,9.0,12.0,133.33,12.0,1,0,0,0,0,22.22,11.11
381,23,5,1,1,1.0,1.0,1.0,100.0,1.0,0,0,0,0,0,0.0,0.0
381,3,8,1,1,20.0,15.0,20.0,133.33,20.0,4,0,0,0,0,33.33,26.67
381,3,9,2,2,37.0,27.0,18.5,137.04,33.0,4,1,0,0,0,25.93,18.52
381,3,10,1,1,5.0,7.0,5.0,71.43,5.0,0,0,0,0,0,42.86,0.0
381,8,3,1,1,0.0,1.0,0.0,0.0,0.0,0,0,0,0,0,0.0,0.0
381,8,4,1,1,3.0,3.0,3.0,100.0,3.0,0,0,0,0,0,33.33,0.0
381,8,8,1,1,0.0,3.0,0.0,0.0,0.0,0,0,0,0,1,100.0,0.0
381,16,6,1,1,2.0,3.0,2.0,66.67,2.0,0,0,0,0,0,33.33,0.0
381,18,5,1,1,1.0,2.0,1.0,50.0,1.0,0,0,0,0,0,50.0,0.0
381,28,6,1,1,6.0,11.0,6.0,54.55,6.0,0,0,0,0,0,36.36,0.0
708,9,5,1,1,3.0,7.0,3.0,42.86,3.0,0,0,0,0,1,57.14,0.0
708,23,4,1,1,3.0,9.0,3.0,33.33,3.0,0,0,0,0,1,77.78,0.0
708,3,10,2,2,33.0,39.0,16.5,84.62,28.0,3,0,0,0,1,41.03,7.69
708,16,4,1,1,25.0,28.0,25.0,89.29,25.0,3,0,0,0,1,50.0,10.71
708,31,5,1,1,10.0,7.0,10.0,142.86,10.0,0,0,0,0,0,0.0,0.0
708,28,5,1,1,2.0,7.0,2.0,28.57,2.0,0,0,0,0,1,71.43,0.0
186,10,12,1,1,6.0,11.0,6.0,54.55,6.0,0,0,0,0,1,45.45,0.0
186,23,11,1,1,1.0,6.0,1.0,16.67,1.0,0,0,0,0,1,83.33,0.0
35,10,9,1,1,2.0,6.0,2.0,33.33,2.0,0,0,0,0,1,50.0,0.0
35,10,10,1,1,4.0,6.0,4.0,66.67,4.0,0,0,0,0,1,33.33,0.0
35,10,11,1,1,5.0,13.0,5.0,38.46,5.0,0,0,0,0,1,61.54,0.0
35,10,16,1,1,31.0,26.0,31.0,119.23,31.0,6,0,0,0,1,50.0,23.08
35,10,17,1,1,20.0,14.0,20.0,142.86,20.0,4,0,0,0,1,35.71,28.57
35,10,18,1,1,29.0,20.0,29.0,145.0,29.0,4,1,0,0,1,35.0,25.0
35,24,16,1,1,59.0,39.0,59.0,151.28,59.0,8,1,1,0,1,30.77,23.08
35,24,17,1,1,32.0,36.0,32.0,88.89,32.0,3,0,0,0,1,41.67,8.33
35,24,18,2,2,129.0,76.0,64.5,169.74,94.0,10,7,1,0,1,25.0,22.37
35,26,15,3,3,139.0,94.0,46.33,147.87,81.0,18,3,1,0,2,28.72,22.34
35,37,18,1,1,2.0,5.0,2.0,40.0,2.0,0,0,0,0,1,60.0,0.0
35,27,15,4,4,131.0,105.0,32.75,124.76,54.0,14,3,2,0,4,37.14,16.19
35,12,13,5,5,266.0,161.0,53.2,165.22,99.0,18,16,3,0,2,24.84,21.12
35,12,14,2,2,20.0,22.0,10.0,90.91,11.0,2,0,0,0,2,36.36,9.09
35,23,10,1,1,4.0,11.0,4.0,36.36,4.0,0,0,0,0,1,63.64,0.0
35,23,11,1,1,62.0,21.0,62.0,295.24,62.0,5,6,1,0,1,23.81,52.38
35,23,17,1,1,40.0,22.0,40.0,181.82,40.0,5,2,0,0,1,45.45,31.82
35,23,18,1,1,2.0,5.0,2.0,40.0,2.0,0,0,0,0,1,60.0,0.0
35,20,10,2,2,95.0,65.0,47.5,146.15,61.0,10,5,1,0,2,38.46,23.08
35,17,11,1,1,25.0,19.0,25.0,131.58,25.0,0,3,0,0,1,52.63,15.79
35,3,10,1,1,16.0,11.0,16.0,145.45,16.0,4,0,0,0,1,63.64,36.36
35,3,11,1,1,0.0,1.0,0.0,0.0,0.0,0,0,0,0,1,100.0,0.0
35,3,16,1,1,10.0,13.0,10.0,76.92,10.0,2,0,0,0,1,69.23,15.38
35,8,12,1,1,28.0,31.0,28.0,90.32,28.0,1,1,0,0,1,41.94,6.45
35,8,14,5,5,73.0,88.0,14.6,82.95,28.0,3,2,0,0,5,42.05,5.68
35,8,16,2,2,22.0,21.0,11.0,104.76,15.0,4,0,0,0,2,52.38,19.05
35,8,18,1,1,44.0,34.0,44.0,129.41,44.0,5,1,0,0,1,32.35,17.65
35,25,17,1,1,8.0,8.0,8.0,100.0,8.0,1,0,0,0,1,37.5,12.5
35,32,9,1,1,0.0,1.0,0.0,0.0,0.0,0,0,0,0,1,100.0,0.0
35,32,10,1,1,31.0,24.0,31.0,129.17,31.0,3,2,0,0,1,54.17,20.83
35,32,15,3,3,43.0,55.0,14.33,78.18,26.0,4,0,0,0,3,50.91,7.27
35,2,16,1,1,13.0,21.0,13.0,61.9,13.0,1,0,0,0,1,61.9,4.76
35,2,17,1,1,0.0,4.0,0.0,0.0,0.0,0,0,0,0,1,100.0,0.0
35,2,18,1,1,13.0,17.0,13.0,76.47,13.0,0,0,0,0,1,29.41,0.0
35,7,9,1,1,11.0,8.0,11.0,137.5,11.0,2,0,0,0,1,37.5,25.0
35,7,10,1,1,29.0,24.0,29.0,120.83,29.0,3,0,0,0,1,20.83,12.5
35,7,16,1,1,75.0,41.0,75.0,182.93,75.0,7,4,1,0,1,21.95,26.83
35,16,11,1,1,9.0,9.0,9.0,100.0,9.0,2,0,0,0,1,55.56,22.22
35,16,12,2,2,40.0,47.0,20.0,85.11,23.0,5,0,0,0,2,46.81,10.64
35,16,16,1,1,38.0,31.0,38.0,122.58,38.0,3,2,0,0,1,41.94,16.13
35,16,17,1,1,34.0,13.0,34.0,261.54,34.0,2,4,0,0,1,30.77,46.15
35,16,18,5,5,133.0,72.0,26.6,184.72,106.0,14,6,1,1,3,22.22,27.78
35,34,9,2,2,29.0,26.0,14.5,111.54,27.0,3,0,0,0,1,30.77,11.54
35,34,10,2,2,87.0,51.0,43.5,170.59,48.0,8,6,0,0,2,37.25,27.45
35,18,11,1,1,58.0,42.0,58.0,138.1,58.0,4,3,1,0,1,35.71,16.67
35,18,17,1,1,0.0,3.0,0.0,0.0,0.0,0,0,0,0,1,100.0,0.0
35,36,13,3,3,132.0,90.0,44.0,146.67,68.0,8,9,1,0,2,32.22,18.89
35,36,14,1,1,50.0,25.0,50.0,200.0,50.0,5,3,1,0,0,32.0,32.0
35,1,13,5,5,118.0,103.0,23.6,114.56,37.0,10,5,0,0,5,39.81,14.56
35,1,14,2,2,98.0,45.0,49.0,217.78,84.0,11,5,1,0,2,20.0,35.56
35,28,10,1,1,11.0,14.0,11.0,78.57,11.0,1,0,0,0,1,42.86,7.14
35,28,11,6,6,116.0,79.0,19.33,146.84,44.0,11,5,0,0,6,35.44,20.25
35,28,12,3,3,33.0,22.0,11.0,150.0,21.0,2,3,0,0,2,45.45,22.73
35,28,15,4,4,105.0,94.0,26.25,111.7,48.0,9,5,0,0,4,44.68,14.89
35,28,16,7,7,206.0,126.0,29.43,163.49,58.0,23,11,1,0,7,36.51,26.98
35,28,17,7,7,186.0,115.0,26.57,161.74,69.0,20,10,1,0,7,33.04,26.09
35,28,18,1,1,2.0,3.0,2.0,66.67,2.0,0,0,0,0,1,33.33,0.0
275,23,1,1,1,22.0,17.0,22.0,129.41,22.0,5,0,0,0,1,58.82,29.41
275,7,1,1,1,1.0,3.0,1.0,33.33,1.0,0,0,0,0,1,33.33,0.0
275,18,1,1,1,0.0,3.0,0.0,0.0,0.0,0,0,0,0,1,100.0,0.0
250,10,6,3,3,12.0,19.0,4.0,63.16,9.0,1,0,0,0,3,63.16,5.26
250,23,5,1,1,6.0,7.0,6.0,85.71,6.0,1,0,0,0,0,42.86,14.29
250,23,6,1,1,7.0,6.0,7.0,116.67,7.0,1,0,0,0,1,50.0,16.67
250,23,8,3,3,31.0,15.0,10.33,206.67,17.0,5,1,0,0,3,20.0,40.0
250,13,2,2,2,10.0,9.0,5.0,111.11,8.0,2,0,0,0,2,55.56,22.22
250,8,4,1,1,8.0,6.0,8.0,133.33,8.0,1,0,0,0,1,33.33,16.67
250,8,6,1,1,23.0,20.0,23.0,115.0,23.0,3,1,0,0,1,60.0,20.0
250,4,2,1,1,37.0,31.0,37.0,119.35,37.0,3,0,0,0,1,19.35,9.68
250,7,5,1,1,14.0,8.0,14.0,175.0,14.0,2,0,0,0,0,12.5,25.0
250,16,4,1,1,67.0,47.0,67.0,142.55,67.0,8,1,1,0,0,29.79,19.15
250,16,5,1,1,3.0,4.0,3.0,75.0,3.0,0,0,0,0,1,25.0,0.0
250,16,6,1,1,1.0,7.0,1.0,14.29,1.0,0,0,0,0,1,85.71,0.0
250,18,4,7,7,155.0,145.0,22.14,106.9,45.0,11,1,0,0,5,31.03,8.28
250,18,5,3,3,33.0,32.0,11.0,103.12,14.0,1,1,0,0,2,34.38,6.25
250,28,5,1,1,2.0,3.0,2.0,66.67,2.0,0,0,0,0,1,66.67,0.0
366,10,17,5,5,222.0,81.0,44.4,274.07,84.0,25,18,3,0,5,30.86,53.09
366,10,18,2,2,9.0,7.0,4.5,128.57,9.0,2,0,0,0,2,57.14,28.57
366,24,17,1,1,55.0,35.0,55.0,157.14,55.0,2,5,1,0,1,40.0,20.0
366,37,18,2,2,39.0,34.0,19.5,114.71,38.0,4,2,0,0,2,52.94,17.65
366,23,17,1,1,12.0,7.0,12.0,171.43,12.0,1,1,0,0,1,14.29,28.57
366,3,17,1,1,21.0,8.0,21.0,262.5,21.0,2,2,0,0,0,37.5,50.0
366,3,18,1,1,7.0,6.0,7.0,116.67,7.0,1,0,0,0,1,50.0,16.67
366,8,18,1,1,0.0,5.0,0.0,0.0,0.0,0,0,0,0,1,100.0,0.0
366,2,17,1,1,20.0,10.0,20.0,200.0,20.0,2,2,0,0,1,50.0,40.0
130,15,18,1,1,11.0,4.0,11.0,275.0,11.0,0,1,0,0,0,0.0,25.0
130,28,18,1,1,4.0,3.0,4.0,133.33,4.0,1,0,0,0,0,33.33,33.33
404,8,12,1,1,6.0,15.0,6.0,40.0,6.0,0,0,0,0,1,60.0,0.0
404,8,14,1,1,14.0,6.0,14.0,233.33,14.0,2,1,0,0,0,16.67,50.0
404,2,8,1,1,0.0,1.0,0.0,0.0,0.0,0,0,0,0,0,0.0,0.0
404,28,8,4,4,48.0,31.0,12.0,154.84,34.0,4,2,0,0,1,32.26,19.35
404,28,15,2,2,2.0,8.0,1.0,25.0,2.0,0,0,0,0,2,62.5,0.0
97,10,4,1,1,13.0,10.0,13.0,130.0,13.0,2,0,0,0,0,30.0,20.0
97,3,5,1,1,4.0,1.0,4.0,400.0,4.0,1,0,0,0,0,0.0,100.0
97,3,6,1,1,1.0,2.0,1.0,50.0,1.0,0,0,0,0,1,50.0,0.0
97,8,4,1,1,2.0,2.0,2.0,100.0,2.0,0,0,0,0,0,0.0,0.0
97,28,6,1,1,9.0,11.0,9.0,81.82,9.0,1,0,0,0,1,54.55,9.09
112,8,3,1,1,0.0,1.0,0.0,0.0,0.0,0,0,0,0,1,100.0,0.0
112,7,3,1,1,2.0,4.0,2.0,50.0,2.0,0,0,0,0,1,50.0,0.0
112,16,5,1,1,7.0,6.0,7.0,116.67,7.0,1,0,0,0,0,33.33,16.67
112,28,8,1,1,1.0,1.0,1.0,100.0,1.0,0,0,0,0,0,0.0,0.0
180,10,9,1,1,1.0,3.0,1.0,33.33,1.0,0,0,0,0,0,66.67,0.0
180,8,14,1,1,23.0,22.0,23.0,104.55,23.0,1,0,0,0,1,31.82,4.55
180,33,9,1,1,5.0,7.0,5.0,71.43,5.0,0,0,0,0,0,28.57,0.0
180,36,14,1,1,11.0,4.0,11.0,275.0,11.0,1,1,0,0,1,25.0,50.0
223,10,1,1,1,30.0,15.0,30.0,200.0,30.0,2,3,0,0,1,33.33,33.33
223,10,3,1,1,0.0,3.0,0.0,0.0,0.0,0,0,0,0,1,100.0,0.0
223,10,5,1,1,2.0,3.0,2.0,66.67,2.0,0,0,0,0,0,0.0,0.0
223,14,2,1,1,4.0,5.0,4.0,80.0,4.0,0,0,0,0,0,40.0,0.0
223,37,5,1,1,2.0,3.0,2.0,66.67,2.0,0,0,0,0,0,33.33,0.0
223,27,1,1,1,16.0,13.0,16.0,123.08,16.0,0,2,0,0,1,53.85,15.38
223,27,3,2,2,19.0,10.0,9.5,190.0,15.0,1,1,0,0,1,20.0,20.0
223,12,7,1,1,15.0,14.0,15.0,107.14,15.0,0,1,0,0,1,35.71,7.14
223,23,4,1,1,30.0,30.0,30.0,100.0,30.0,3,0,0,0,0,36.67,10.0
223,23,6,1,1,10.0,10.0,10.0,100.0,10.0,0,1,0,0,1,60.0,10.0
223,23,8,1,1,5.0,2.0,5.0,250.0,5.0,1,0,0,0,0,0.0,50.0
223,11,3,1,1,14.0,8.0,14.0,175.0,14.0,2,0,0,0,0,12.5,25.0
223,11,5,1,1,14.0,8.0,14.0,175.0,14.0,1,1,0,0,1,25.0,25.0
223,13,2,3,3,35.0,28.0,11.67,125.0,13.0,3,1,0,0,3,25.0,14.29
223,3,3,1,1,19.0,19.0,19.0,100.0,19.0,1,1,0,0,1,42.11,10.53
223,3,4,1,1,5.0,9.0,5.0,55.56,5.0,0,0,0,0,1,44.44,0.0
223,3,7,2,2,17.0,9.0,8.5,188.89,16.0,0,2,0,0,1,33.33,22.22
223,8,1,5,5,136.0,86.0,27.2,158.14,71.0,10,8,1,0,4,27.91,20.93
223,8,3,5,6,119.0,80.0,23.8,148.75,62.0,5,8,1,0,3,23.75,16.25
223,8,4,6,6,58.0,41.0,9.67,141.46,19.0,4,4,0,0,3,39.02,19.51
223,8,5,6,6,65.0,42.0,10.83,154.76,28.0,3,3,0,0,5,23.81,14.29
223,8,6,2,2,36.0,27.0,18.0,133.33,23.0,2,2,0,0,2,29.63,14.81
223,8,8,1,1,73.0,55.0,73.0,132.73,73.0,8,1,1,0,0,29.09,16.36
223,32,9,1,1,16.0,9.0,16.0,177.78,16.0,0,2,0,0,1,22.22,22.22
223,2,3,1,1,28.0,12.0,28.0,233.33,28.0,1,3,0,0,1,25.0,33.33
223,22,4,1,1,9.0,4.0,9.0,225.0,9.0,0,1,0,0,0,0.0,25.0
223,19,2,2,2,26.0,21.0,13.0,123.81,20.0,2,1,0,0,1,23.81,14.29
223,16,1,1,1,12.0,12.0,12.0,100.0,12.0,1,0,0,0,0,41.67,8.33
223,18,1,1,1,42.0,33.0,42.0,127.27,42.0,4,1,0,0,1,39.39,15.15
223,18,4,1,1,5.0,4.0,5.0,125.0,5.0,0,0,0,0,0,0.0,0.0
223,18,5,1,1,18.0,6.0,18.0,300.0,18.0,1,2,0,0,0,16.67,50.0
223,33,8,1,1,8.0,8.0,8.0,100.0,8.0,0,1,0,0,1,62.5,12.5
223,36,7,1,1,6.0,5.0,6.0,120.0,6.0,0,0,0,0,0,0.0,0.0
223,1,7,1,1,7.0,13.0,7.0,53.85,7.0,1,0,0,0,1,69.23,7.69
223,30,2,1,1,5.0,3.0,5.0,166.67,5.0,1,0,0,0,1,33.33,33.33
223,31,5,1,1,3.0,3.0,3.0,100.0,3.0,0,0,0,0,0,0.0,0.0
223,6,2,3,3,27.0,13.0,9.0,207.69,21.0,2,2,0,0,0,15.38,30.77
223,28,1,1,1,5.0,4.0,5.0,125.0,5.0,1,0,0,0,1,50.0,25.0
223,28,4,2,2,31.0,14.0,15.5,221.43,28.0,1,3,0,0,1,14.29,28.57
223,28,5,1,1,3.0,3.0,3.0,100.0,3.0,0,0,0,0,1,33.33,0.0
584,28,14,2,2,15.0,24.0,7.5,62.5,15.0,2,0,0,0,2,62.5,8.33
584,28,17,1,1,2.0,2.0,2.0,100.0,2.0,0,0,0,0,1,50.0,0.0
429,9,3,1,1,3.0,3.0,3.0,100.0,3.0,0,0,0,0,1,33.33,0.0
429,26,3,1,1,0.0,2.0,0.0,0.0,0.0,0,0,0,0,0,100.0,0.0
429,27,3,2,2,5.0,6.0,2.5,83.33,4.0,0,0,0,0,1,33.33,0.0
493,15,18,2,2,16.0,9.0,8.0,177.78,16.0,0,2,0,0,2,44.44,22.22
493,12,13,5,5,31.0,27.0,6.2,114.81,16.0,1,2,0,0,4,44.44,11.11
493,23,11,1,1,6.0,5.0,6.0,120.0,6.0,1,0,0,0,1,60.0,20.0
493,23,12,1,1,27.0,12.0,27.0,225.0,27.0,2,2,0,0,0,8.33,33.33
493,23,18,1,1,12.0,8.0,12.0,150.0,12.0,1,0,0,0,0,12.5,12.5
493,17,11,1,1,0.0,1.0,0.0,0.0,0.0,0,0,0,0,1,100.0,0.0
493,3,18,1,1,0.0,1.0,0.0,0.0,0.0,0,0,0,0,1,100.0,0.0
493,8,12,1,1,24.0,11.0,24.0,218.18,24.0,1,2,0,0,0,18.18,27.27
493,8,16,1,1,3.0,2.0,3.0,150.0,3.0,0,0,0,0,0,0.0,0.0
493,2,18,1,1,4.0,4.0,4.0,100.0,4.0,0,0,0,0,1,25.0,0.0
493,7,12,1,1,1.0,3.0,1.0,33.33,1.0,0,0,0,0,1,66.67,0.0
493,16,18,1,1,1.0,1.0,1.0,100.0,1.0,0,0,0,0,0,0.0,0.0
493,18,11,4,4,9.0,15.0,2.25,60.0,8.0,1,0,0,0,3,60.0,6.67
493,18,12,2,2,15.0,14.0,7.5,107.14,13.0,1,0,0,0,1,21.43,7.14
493,18,18,1,1,30.0,27.0,30.0,111.11,30.0,2,2,0,0,1,48.15,14.81
493,36,13,3,3,42.0,15.0,14.0,280.0,27.0,0,6,0,0,1,13.33,40.0
493,1,13,2,2,40.0,21.0,20.0,190.48,24.0,4,2,0,0,1,23.81,28.57
493,28,16,1,1,1.0,2.0,1.0,50.0,1.0,0,0,0,0,0,50.0,0.0
537,10,9,1,1,2.0,6.0,2.0,33.33,2.0,0,0,0,0,1,66.67,0.0
537,10,11,1,1,67.0,26.0,67.0,257.69,67.0,4,7,1,0,1,19.23,42.31
537,10,14,2,2,165.0,96.0,82.5,171.88,124.0,14,11,1,1,2,35.42,26.04
537,10,17,1,1,19.0,17.0,19.0,111.76,19.0,2,1,0,0,1,52.94,17.65
537,15,16,2,2,98.0,62.0,49.0,158.06,79.0,12,2,1,0,2,32.26,22.58
537,24,17,1,1,34.0,18.0,34.0,188.89,34.0,4,1,0,0,1,22.22,27.78
537,24,18,1,1,16.0,14.0,16.0,114.29,16.0,2,0,0,0,1,28.57,14.29
537,26,15,3,3,107.0,72.0,35.67,148.61,103.0,10,5,1,1,3,37.5,20.83
537,37,9,3,3,29.0,21.0,9.67,138.1,18.0,3,1,0,0,2,33.33,19.05
537,27,15,4,4,228.0,155.0,57.0,147.1,100.0,25,12,3,1,4,42.58,23.87
537,12,13,6,6,127.0,97.0,21.17,130.93,35.0,10,6,0,0,7,35.05,16.49
537,23,9,1,1,41.0,22.0,41.0,186.36,41.0,3,3,0,0,1,31.82,27.27
537,23,11,1,1,39.0,22.0,39.0,177.27,39.0,5,2,0,0,1,36.36,31.82
537,23,15,1,1,89.0,56.0,89.0,158.93,89.0,12,2,1,0,1,30.36,25.0
537,23,16,1,1,0.0,3.0,0.0,0.0,0.0,0,0,0,0,1,66.67,0.0
537,23,17,1,1,107.0,60.0,107.0,178.33,107.0,9,6,1,1,1,25.0,25.0
537,23,18,1,1,41.0,23.0,41.0,178.26,41.0,8,0,0,0,0,30.43,34.78
537,20,9,1,1,33.0,31.0,33.0,106.45,33.0,3,0,0,0,1,35.48,9.68
537,11,16,1,1,0.0,4.0,0.0,0.0,0.0,0,0,0,0,1,100.0,0.0
537,17,10,1,1,77.0,37.0,77.0,208.11,77.0,7,5,1,0,1,16.22,32.43
537,17,11,1,1,51.0,39.0,51.0,130.77,51.0,7,0,1,0,1,20.51,17.95
537,3,9,1,1,29.0,11.0,29.0,263.64,29.0,1,3,0,0,0,9.09,36.36
537,3,10,1,1,2.0,5.0,2.0,40.0,2.0,0,0,0,0,1,60.0,0.0
537,3,11,1,1,23.0,14.0,23.0,164.29,23.0,2,1,0,0,1,21.43,21.43
537,3,16,1,1,0.0,2.0,0.0,0.0,0.0,0,0,0,0,1,100.0,0.0
537,3,18,1,1,73.0,39.0,73.0,187.18,73.0,5,6,1,0,0,25.64,28.21
537,8,12,1,1,6.0,7.0,6.0,85.71,6.0,1,0,0,0,1,57.14,14.29
537,8,16,1,1,52.0,36.0,52.0,144.44,52.0,1,3,1,0,1,11.11,11.11
537,8,17,1,1,21.0,25.0,21.0,84.0,21.0,2,0,0,0,1,48.0,8.0
537,32,9,1,1,27.0,17.0,27.0,158.82,27.0,2,1,0,0,0,5.88,17.65
537,32,10,1,1,38.0,19.0,38.0,200.0,38.0,3,3,0,0,1,52.63,31.58
537,32,11,1,1,22.0,17.0,22.0,129.41,22.0,1,1,0,0,1,29.41,11.76
537,32,15,2,2,43.0,37.0,21.5,116.22,35.0,4,3,0,0,2,56.76,18.92
537,2,15,2,2,145.0,95.0,72.5,152.63,106.0,15,6,1,1,1,34.74,22.11
537,2,16,1,1,0.0,5.0,0.0,0.0,0.0,0,0,0,0,1,100.0,0.0
537,2,18,7,7,328.0,198.0,46.86,165.66,97.0,31,13,3,0,7,24.75,22.22
537,7,9,1,1,24.0,13.0,24.0,184.62,24.0,3,1,0,0,1,30.77,30.77
537,7,12,1,1,23.0,17.0,23.0,135.29,23.0,1,2,0,0,1,47.06,17.65
537,16,9,1,1,11.0,11.0,11.0,100.0,11.0,1,0,0,0,1,36.36,9.09
537,16,11,1,1,6.0,9.0,6.0,66.67,6.0,0,0,0,0,1,33.33,0.0
537,16,12,1,1,5.0,8.0,5.0,62.5,5.0,1,0,0,0,1,75.0,12.5
537,16,16,1,1,54.0,22.0,54.0,245.45,54.0,7,3,1,0,1,31.82,45.45
537,16,17,1,1,0.0,1.0,0.0,0.0,0.0,0,0,0,0,1,100.0,0.0
537,16,18,1,1,0.0,3.0,0.0,0.0,0.0,0,0,0,0,1,100.0,0.0
537,34,10,1,2,10.0,9.0,10.0,111.11,10.0,2,0,0,0,1,55.56,22.22
537,18,11,6,6,246.0,173.0,41.0,142.2,95.0,24,5,2,0,5,27.17,16.76
537,18,12,4,4,188.0,130.0,47.0,144.62,69.0,27,5,2,0,3,42.31,24.62
537,18,16,5,5,170.0,129.0,34.0,131.78,95.0,20,5,1,0,6,34.88,19.38
537,18,17,5,5,165.0,118.0,33.0,139.83,100.0,17,4,1,1,4,32.2,17.8
537,18,18,1,1,50.0,26.0,50.0,192.31,50.0,3,4,1,0,0,23.08,26.92
537,36,13,2,2,17.0,15.0,8.5,113.33,13.0,2,0,0,0,2,40.0,13.33
537,1,13,4,4,184.0,115.0,46.0,160.0,70.0,15,10,2,0,2,35.65,21.74
537,28,9,4,4,59.0,52.0,14.75,113.46,28.0,7,2,0,0,4,48.08,17.31
537,28,10,6,6,146.0,109.0,24.33,133.94,33.0,15,7,0,0,5,39.45,20.18
537,28,11,1,1,94.0,53.0,94.0,177.36,94.0,9,5,1,0,0,28.3,26.42
537,28,12,1,1,89.0,43.0,89.0,206.98,89.0,8,7,1,0,1,30.23,34.88
537,28,14,5,5,89.0,70.0,17.8,127.14,49.0,13,2,0,0,5,40.0,21.43
537,28,15,5,5,251.0,164.0,50.2,153.05,116.0,18,17,2,1,4,36.59,21.34
537,28,16,1,1,18.0,19.0,18.0,94.74,18.0,2,1,0,0,1,52.63,15.79
537,28,17,1,1,13.0,16.0,13.0,81.25,13.0,2,0,0,0,1,50.0,12.5
537,28,18,1,1,30.0,27.0,30.0,111.11,30.0,3,1,0,0,1,40.74,14.81
207,10,5,1,1,86.0,58.0,86.0,148.28,86.0,7,4,1,0,1,24.14,18.97
207,27,4,7,7,146.0,87.0,20.86,167.82,60.0,19,6,1,0,7,40.23,28.74
207,13,2,2,2,34.0,26.0,17.0,130.77,32.0,6,0,0,0,2,57.69,23.08
207,3,4,1,1,51.0,34.0,51.0,150.0,51.0,4,2,1,0,1,20.59,17.65
207,3,5,1,1,34.0,22.0,34.0,154.55,34.0,4,1,0,0,1,27.27,22.73
207,8,4,1,1,15.0,11.0,15.0,136.36,15.0,1,1,0,0,1,27.27,18.18
207,8,5,1,1,9.0,10.0,9.0,90.0,9.0,2,0,0,0,1,70.0,20.0
207,5,2,2,2,0.0,3.0,0.0,0.0,0.0,0,0,0,0,2,100.0,0.0
207,7,4,1,1,15.0,18.0,15.0,83.33,15.0,3,0,0,0,1,61.11,16.67
207,7,5,1,1,7.0,11.0,7.0,63.64,7.0,1,0,0,0,1,63.64,9.09
207,16,4,1,1,35.0,20.0,35.0,175.0,35.0,5,2,0,0,1,50.0,35.0
207,18,4,1,1,18.0,12.0,18.0,150.0,18.0,3,0,0,0,1,41.67,25.0
207,18,5,1,1,1.0,2.0,1.0,50.0,1.0,0,0,0,0,1,50.0,0.0
207,31,5,6,6,119.0,109.0,19.83,109.17,73.0,9,3,1,0,6,35.78,11.01
207,6,2,1,1,22.0,20.0,22.0,110.0,22.0,3,0,0,0,1,35.0,15.0
207,28,4,1,1,12.0,15.0,12.0,80.0,12.0,2,0,0,0,1,66.67,13.33
58,26,15,1,1,14.0,6.0,14.0,233.33,14.0,2,1,0,0,0,33.33,50.0
58,27,15,1,1,19.0,9.0,19.0,211.11,19.0,1,1,0,0,0,22.22,22.22
58,12,13,1,1,9.0,13.0,9.0,69.23,9.0,0,0,0,0,1,38.46,0.0
58,23,11,1,1,26.0,18.0,26.0,144.44,26.0,3,1,0,0,1,33.33,22.22
58,23,12,1,1,0.0,1.0,0.0,0.0,0.0,0,0,0,0,0,100.0,0.0
58,17,11,1,1,6.0,7.0,6.0,85.71,6.0,0,0,0,0,1,14.29,0.0
58,35,6,1,1,1.0,1.0,1.0,100.0,1.0,0,0,0,0,0,0.0,0.0
58,3,10,1,1,2.0,5.0,2.0,40.0,2.0,0,0,0,0,0,40.0,0.0
58,3,16,1,1,9.0,7.0,9.0,128.57,9.0,1,0,0,0,1,14.29,14.29
58,8,17,3,3,10.0,15.0,3.33,66.67,5.0,1,0,0,0,2,53.33,6.67
58,25,17,1,1,6.0,1.0,6.0,600.0,6.0,0,1,0,0,0,0.0,100.0
58,32,11,1,1,16.0,10.0,16.0,160.0,16.0,3,0,0,0,1,30.0,30.0
58,32,15,2,2,25.0,21.0,12.5,119.05,13.0,1,1,0,0,1,38.1,9.52
58,7,7,1,1,0.0,1.0,0.0,0.0,0.0,0,0,0,0,1,100.0,0.0
58,16,6,1,1,1.0,1.0,1.0,100.0,1.0,0,0,0,0,0,0.0,0.0
58,16,11,1,1,1.0,2.0,1.0,50.0,1.0,0,0,0,0,1,50.0,0.0
58,16,17,1,1,8.0,10.0,8.0,80.0,8.0,1,0,0,0,0,50.0,10.0
58,18,11,1,1,0.0,1.0,0.0,0.0,0.0,0,0,0,0,1,100.0,0.0
58,18,12,1,1,1.0,2.0,1.0,50.0,1.0,0,0,0,0,1,50.0,0.0
58,36,14,1,1,6.0,5.0,6.0,120.0,6.0,1,0,0,0,1,40.0,20.0
58,1,7,1,1,1.0,5.0,1.0,20.0,1.0,0,0,0,0,0,80.0,0.0
58,28,14,2,2,35.0,24.0,17.5,145.83,24.0,2,2,0,0,1,29.17,16.67
58,28,15,1,1,1.0,1.0,1.0,100.0,1.0,0,0,0,0,0,0.0,0.0
497,21,2,1,1,1.0,2.0,1.0,50.0,1.0,0,0,0,0,0,50.0,0.0
497,17,4,1,1,0.0,3.0,0.0,0.0,0.0,0,0,0,0,1,100.0,0.0
497,13,2,3,3,65.0,65.0,21.67,100.0,41.0,5,2,0,0,2,38.46,10.77
497,8,1,1,1,5.0,2.0,5.0,250.0,5.0,1,0,0,0,0,0.0,50.0
497,19,2,2,2,12.0,14.0,6.0,85.71,9.0,0,1,0,0,2,50.0,7.14
497,5,2,1,1,8.0,6.0,8.0,133.33,8.0,0,1,0,0,1,50.0,16.67
497,7,1,1,1,13.0,10.0,13.0,130.0,13.0,0,1,0,0,1,30.0,10.0
497,6,2,1,1,2.0,6.0,2.0,33.33,2.0,0,0,0,0,1,66.67,0.0
766,10,14,1,1,0.0,1.0,0.0,0.0,0.0,0,0,0,0,1,100.0,0.0
766,26,15,1,1,14.0,12.0,14.0,116.67,14.0,2,0,0,0,0,33.33,16.67
766,27,15,1,1,17.0,15.0,17.0,113.33,17.0,1,0,0,0,1,20.0,6.67
766,12,7,1,1,8.0,11.0,8.0,72.73,8.0,0,1,0,0,1,63.64,9.09
766,12,13,1,1,10.0,8.0,10.0,125.0,10.0,0,1,0,0,0,37.5,12.5
766,7,7,1,1,12.0,20.0,12.0,60.0,12.0,1,0,0,0,1,65.0,5.0
766,1,7,1,1,22.0,15.0,22.0,146.67,22.0,2,0,0,0,1,26.67,13.33
766,1,13,2,2,9.0,10.0,4.5,90.0,7.0,0,0,0,0,2,30.0,0.0
766,1,14,1,1,0.0,1.0,0.0,0.0,0.0,0,0,0,0,1,100.0,0.0
645,18,16,1,1,10.0,15.0,10.0,66.67,10.0,1,0,0,0,1,53.33,6.67
414,27,4,1,1,1.0,2.0,1.0,50.0,1.0,0,0,0,0,0,50.0,0.0
414,8,4,1,1,2.0,1.0,2.0,200.0,2.0,0,0,0,0,0,0.0,0.0
608,37,5,1,1,7.0,4.0,7.0,175.0,7.0,1,0,0,0,0,0.0,25.0
608,23,4,1,1,45.0,23.0,45.0,195.65,45.0,5,1,0,0,0,8.7,26.09
608,3,5,1,1,13.0,13.0,13.0,100.0,13.0,0,1,0,0,1,30.77,7.69
608,8,4,1,1,16.0,17.0,16.0,94.12,16.0,0,1,0,0,1,35.29,5.88
608,8,5,1,1,25.0,30.0,25.0,83.33,25.0,2,0,0,0,0,40.0,6.67
608,7,5,1,1,22.0,22.0,22.0,100.0,22.0,2,0,0,0,1,31.82,9.09
608,31,5,1,1,25.0,23.0,25.0,108.7,25.0,3,1,0,0,1,47.83,17.39
608,28,4,3,3,46.0,38.0,15.33,121.05,29.0,5,0,0,0,1,31.58,13.16
608,28,5,6,6,128.0,131.0,21.33,97.71,79.0,7,5,1,0,6,41.98,9.16
142,10,18,1,1,12.0,6.0,12.0,200.0,12.0,1,1,0,0,1,33.33,33.33
142,3,18,1,1,55.0,33.0,55.0,166.67,55.0,8,2,1,0,1,36.36,30.3
4,10,1,1,1,54.0,44.0,54.0,122.73,54.0,6,1,1,0,1,22.73,15.91
4,10,3,1,1,54.0,42.0,54.0,128.57,54.0,5,1,1,0,1,23.81,14.29
4,10,4,1,1,11.0,11.0,11.0,100.0,11.0,2,0,0,0,1,54.55,18.18
4,10,5,1,1,30.0,27.0,30.0,111.11,30.0,3,0,0,0,1,33.33,11.11
4,10,7,1,1,10.0,6.0,10.0,166.67,10.0,2,0,0,0,0,33.33,33.33
4,9,5,1,1,23.0,24.0,23.0,95.83,23.0,2,0,0,0,1,33.33,8.33
4,26,3,1,1,66.0,55.0,66.0,120.0,66.0,10,0,1,0,0,34.55,18.18
4,27,3,2,2,30.0,41.0,15.0,73.17,19.0,5,0,0,0,2,65.85,12.2
4,12,7,1,1,0.0,1.0,0.0,0.0,0.0,0,0,0,0,1,100.0,0.0
4,23,3,1,1,65.0,52.0,65.0,125.0,65.0,7,1,1,0,0,28.85,15.38
4,23,4,7,7,180.0,167.0,25.71,107.78,59.0,17,4,2,0,7,38.32,12.57
4,23,5,7,7,161.0,147.0,23.0,109.52,79.0,12,6,1,0,8,37.41,12.24
4,23,6,5,5,171.0,148.0,34.2,115.54,41.0,23,1,0,0,5,38.51,16.22
4,35,6,2,2,42.0,52.0,21.0,80.77,41.0,4,0,0,0,2,50.0,7.69
4,35,7,1,1,4.0,6.0,4.0,66.67,4.0,1,0,0,0,1,83.33,16.67
4,13,2,4,4,112.0,94.0,28.0,119.15,62.0,11,2,1,0,4,32.98,13.83
4,3,1,6,6,64.0,56.0,10.67,114.29,25.0,8,2,0,0,5,44.64,17.86
4,3,3,7,7,269.0,205.0,38.43,131.22,89.0,31,7,2,0,5,36.59,18.54
4,3,4,1,1,17.0,14.0,17.0,121.43,17.0,3,0,0,0,1,57.14,21.43
4,3,5,1,1,22.0,23.0,22.0,95.65,22.0,3,1,0,0,1,60.87,17.39
4,3,6,1,1,16.0,19.0,16.0,84.21,16.0,2,0,0,0,1,47.37,10.53
4,8,1,1,1,5.0,5.0,5.0,100.0,5.0,1,0,0,0,1,60.0,20.0
4,8,3,1,1,52.0,49.0,52.0,106.12,52.0,7,0,1,0,1,36.73,14.29
4,8,4,1,1,54.0,42.0,54.0,128.57,54.0,7,0,1,0,2,26.19,16.67
4,8,5,2,2,95.0,80.0,47.5,118.75,69.0,8,2,1,0,2,25.0,12.5
4,8,6,1,1,19.0,20.0,19.0,95.0,19.0,0,1,0,0,1,35.0,5.0
4,22,4,1,1,45.0,41.0,45.0,109.76,45.0,5,0,0,0,1,36.59,12.2
4,19,2,4,4,151.0,139.0,37.75,108.63,69.0,12,4,2,0,2,41.01,11.51
4,5,2,1,1,15.0,14.0,15.0,107.14,15.0,3,0,0,0,1,57.14,21.43
4,7,3,1,1,9.0,10.0,9.0,90.0,9.0,1,0,0,0,1,40.0,10.0
4,7,5,1,1,30.0,23.0,30.0,130.43,30.0,2,1,0,0,0,30.43,13.04
4,7,6,1,1,1.0,6.0,1.0,16.67,1.0,0,0,0,0,1,83.33,0.0
4,16,1,1,1,31.0,25.0,31.0,124.0,31.0,6,0,0,0,2,52.0,24.0
4,16,4,1,1,30.0,31.0,30.0,96.77,30.0,4,0,0,0,1,45.16,12.9
4,16,6,1,1,24.0,29.0,24.0,82.76,24.0,2,0,0,0,1,44.83,6.9
4,18,1,1,1,20.0,29.0,20.0,68.97,20.0,2,0,0,0,1,55.17,6.9
4,18,3,1,1,0.0,3.0,0.0,0.0,0.0,0,0,0,0,1,100.0,0.0
4,18,4,1,1,80.0,65.0,80.0,123.08,80.0,7,2,1,0,1,33.85,13.85
4,18,5,1,1,5.0,8.0,5.0,62.5,5.0,0,0,0,0,1,50.0,0.0
4,18,6,1,1,0.0,1.0,0.0,0.0,0.0,0,0,0,0,1,100.0,0.0
4,33,6,1,1,12.0,15.0,12.0,80.0,12.0,2,0,0,0,1,60.0,13.33
4,36,7,1,1,43.0,42.0,43.0,102.38,43.0,2,1,0,0,1,35.71,7.14
4,1,7,3,3,94.0,74.0,31.33,127.03,72.0,8,3,1,0,3,36.49,14.86
4,30,2,3,3,36.0,30.0,12.0,120.0,24.0,7,0,0,0,3,50.0,23.33
4,31,5,2,2,43.0,51.0,21.5,84.31,30.0,4,0,0,0,2,39.22,7.84
4,31,6,1,1,2.0,6.0,2.0,33.33,2.0,0,0,0,0,1,66.67,0.0
4,6,2,3,3,47.0,55.0,15.67,85.45,32.0,4,2,0,0,3,61.82,10.91
4,29,3,1,1,27.0,37.0,27.0,72.97,27.0,1,0,0,0,1,40.54,2.7
4,28,1,1,1,25.0,24.0,25.0,104.17,25.0,0,1,0,0,1,16.67,4.17
4,28,4,1,1,7.0,7.0,7.0,100.0,7.0,1,0,0,0,1,57.14,14.29
4,28,5,1,1,0.0,1.0,0.0,0.0,0.0,0,0,0,0,1,100.0,0.0
4,28,6,1,1,24.0,26.0,24.0,92.31,24.0,2,1,0,0,1,50.0,11.54
263,10,11,1,1,0.0,1.0,0.0,0.0,0.0,0,0,0,0,1,100.0,0.0
263,37,9,2,2,8.0,11.0,4.0,72.73,6.0,1,0,0,0,1,54.55,9.09
263,27,15,1,1,0.0,1.0,0.0,0.0,0.0,0,0,0,0,0,100.0,0.0
263,12,7,1,1,1.0,1.0,1.0,100.0,1.0,0,0,0,0,0,0.0,0.0
263,12,14,2,2,6.0,8.0,3.0,75.0,5.0,1,0,0,0,1,62.5,12.5
263,3,12,1,1,0.0,1.0,0.0,0.0,0.0,0,0,0,0,0,0.0,0.0
263,8,14,3,3,4.0,6.0,1.33,66.67,3.0,0,0,0,0,2,33.33,0.0
263,32,15,1,1,0.0,1.0,0.0,0.0,0.0,0,0,0,0,1,100.0,0.0
263,2,17,1,1,1.0,1.0,1.0,100.0,1.0,0,0,0,0,0,0.0,0.0
263,16,11,1,1,4.0,5.0,4.0,80.0,4.0,0,0,0,0,0,0.0,0.0
263,34,10,1,1,0.0,1.0,0.0,0.0,0.0,0,0,0,0,1,100.0,0.0
263,18,17,1,1,2.0,1.0,2.0,200.0,2.0,0,0,0,0,0,0.0,0.0
263,36,14,1,1,1.0,1.0,1.0,100.0,1.0,0,0,0,0,0,0.0,0.0
263,1,13,1,1,5.0,3.0,5.0,166.67,5.0,0,0,0,0,0,0.0,0.0
263,1,14,1,1,5.0,2.0,5.0,250.0,5.0,1,0,0,0,0,0.0,50.0
263,28,7,1,1,0.0,2.0,0.0,0.0,0.0,0,0,0,0,1,100.0,0.0
263,28,10,1,1,16.0,11.0,16.0,145.45,16.0,0,1,0,0,0,18.18,9.09
263,28,11,1,1,6.0,5.0,6.0,120.0,6.0,1,0,0,0,0,40.0,20.0
263,28,15,2,2,0.0,6.0,0.0,0.0,0.0,0,0,0,0,0,100.0,0.0
263,28,17,2,2,9.0,10.0,4.5,90.0,8.0,1,0,0,0,0,40.0,10.0
263,28,18,1,1,0.0,1.0,0.0,0.0,0.0,0,0,0,0,0,100.0,0.0
452,10,11,2,2,23.0,22.0,11.5,104.55,12.0,3,1,0,0,2,54.55,18.18
452,10,16,1,1,43.0,39.0,43.0,110.26,43.0,5,1,0,0,1,38.46,15.38
452,12,14,2,2,70.0,55.0,35.0,127.27,60.0,10,1,1,0,2,38.18,20.0
452,23,11,1,1,1.0,3.0,1.0,33.33,1.0,0,0,0,0,1,66.67,0.0
452,23,16,4,4,154.0,86.0,38.5,179.07,61.0,22,6,1,0,4,33.72,32.56
452,3,11,1,1,5.0,16.0,5.0,31.25,5.0,0,0,0,0,1,62.5,0.0
452,3,16,1,1,56.0,29.0,56.0,193.1,56.0,4,5,1,0,1,34.48,31.03
452,8,16,1,1,12.0,15.0,12.0,80.0,12.0,1,0,0,0,1,53.33,6.67
452,16,10,1,1,31.0,21.0,31.0,147.62,31.0,5,0,0,0,1,33.33,23.81
452,16,16,1,1,20.0,19.0,20.0,105.26,20.0,4,0,0,0,1,57.89,21.05
452,34,10,1,1,14.0,12.0,14.0,116.67,14.0,3,0,0,0,1,58.33,25.0
452,36,14,1,1,2.0,7.0,2.0,28.57,2.0,0,0,0,0,1,57.14,0.0
452,1,14,2,2,78.0,59.0,39.0,132.2,44.0,11,0,0,0,2,33.9,18.64
452,28,10,1,1,14.0,7.0,14.0,200.0,14.0,1,1,0,0,0,14.29,28.57
452,28,11,1,1,91.0,53.0,91.0,171.7,91.0,6,6,1,0,0,24.53,22.64
83,11,4,1,1,4.0,5.0,4.0,80.0,4.0,0,0,0,0,1,40.0,0.0
83,8,4,1,1,14.0,10.0,14.0,140.0,14.0,1,1,0,0,0,40.0,20.0
83,16,4,1,1,0.0,1.0,0.0,0.0,0.0,0,0,0,0,1,100.0,0.0
709,23,12,1,1,0.0,1.0,0.0,0.0,0.0,0,0,0,0,1,100.0,0.0
628,36,13,1,1,4.0,5.0,4.0,80.0,4.0,0,0,0,0,0,20.0,0.0
628,1,13,1,1,11.0,8.0,11.0,137.5,11.0,2,0,0,0,1,37.5,25.0
358,10,12,1,1,48.0,28.0,48.0,171.43,48.0,9,1,0,0,1,39.29,35.71
358,10,14,2,2,37.0,26.0,18.5,142.31,30.0,5,1,0,0,2,34.62,23.08
358,15,17,1,1,14.0,22.0,14.0,63.64,14.0,1,0,0,0,1,50.0,4.55
358,24,17,1,1,42.0,29.0,42.0,144.83,42.0,3,3,0,0,1,37.93,20.69
358,26,15,3,3,83.0,45.0,27.67,184.44,66.0,8,7,1,0,3,46.67,33.33
358,27,15,3,3,41.0,31.0,13.67,132.26,28.0,6,1,0,0,3,45.16,22.58
358,12,13,7,7,226.0,171.0,32.29,132.16,97.0,20,10,2,0,8,42.11,17.54
358,23,12,1,1,39.0,35.0,39.0,111.43,39.0,3,1,0,0,1,25.71,11.43
358,23,17,1,1,108.0,48.0,108.0,225.0,108.0,8,9,1,1,1,22.92,35.42
358,11,17,2,2,34.0,22.0,17.0,154.55,27.0,5,1,0,0,2,40.91,27.27
358,3,17,1,1,8.0,6.0,8.0,133.33,8.0,2,0,0,0,1,50.0,33.33
358,8,12,1,1,0.0,2.0,0.0,0.0,0.0,0,0,0,0,1,100.0,0.0
358,8,14,5,5,211.0,149.0,42.2,141.61,63.0,15,14,2,0,5,41.61,19.46
358,8,17,1,1,46.0,30.0,46.0,153.33,46.0,7,1,0,0,1,40.0,26.67
358,25,17,3,3,24.0,25.0,8.0,96.0,15.0,3,0,0,0,2,44.0,12.0
358,25,18,1,1,47.0,22.0,47.0,213.64,47.0,4,3,0,0,1,18.18,31.82
358,32,15,2,2,44.0,41.0,22.0,107.32,32.0,6,0,0,0,2,36.59,14.63
358,2,17,1,1,22.0,13.0,22.0,169.23,22.0,4,0,0,0,1,23.08,30.77
358,2,18,1,1,38.0,24.0,38.0,158.33,38.0,3,2,0,0,1,29.17,20.83
358,7,12,1,1,1.0,6.0,1.0,16.67,1.0,0,0,0,0,1,66.67,0.0
358,16,12,6,6,357.0,212.0,59.5,168.4,114.0,36,16,3,1,4,29.72,24.53
358,36,13,1,1,25.0,15.0,25.0,166.67,25.0,2,2,0,0,1,40.0,26.67
358,1,13,3,3,94.0,86.0,31.33,109.3,53.0,9,1,1,0,3,37.21,11.63
358,28,15,3,3,85.0,58.0,28.33,146.55,56.0,14,1,1,0,3,34.48,25.86
487,10,3,1,1,4.0,8.0,4.0,50.0,4.0,0,0,0,0,1,50.0,0.0
487,8,3,1,1,22.0,16.0,22.0,137.5,22.0,1,1,0,0,1,37.5,12.5
89,10,16,1,1,5.0,5.0,5.0,100.0,5.0,1,0,0,0,1,60.0,20.0
89,15,16,1,1,27.0,16.0,27.0,168.75,27.0,2,1,0,0,1,18.75,18.75
89,15,17,1,1,22.0,20.0,22.0,110.0,22.0,0,2,0,0,1,45.0,10.0
89,24,16,1,1,2.0,4.0,2.0,50.0,2.0,0,0,0,0,1,50.0,0.0
89,24,17,1,1,6.0,9.0,6.0,66.67,6.0,1,0,0,0,1,66.67,11.11
89,24,18,2,2,109.0,48.0,54.5,227.08,85.0,9,8,1,0,1,16.67,35.42
89,26,15,4,4,90.0,56.0,22.5,160.71,32.0,8,5,0,0,4,35.71,23.21
89,27,15,2,2,55.0,42.0,27.5,130.95,44.0,5,2,0,0,2,40.48,16.67
89,23,16,1,1,21.0,18.0,21.0,116.67,21.0,0,2,0,0,1,38.89,11.11
89,11,16,2,2,44.0,31.0,22.0,141.94,44.0,3,3,0,0,2,41.94,19.35
89,11,17,2,2,5.0,5.0,2.5,100.0,5.0,1,0,0,0,2,60.0,20.0
89,3,17,1,1,27.0,20.0,27.0,135.0,27.0,1,2,0,0,1,35.0,15.0
89,3,18,5,5,65.0,57.0,13.0,114.04,33.0,10,1,0,0,4,50.88,19.3
89,8,16,1,1,21.0,10.0,21.0,210.0,21.0,2,1,0,0,1,20.0,30.0
89,8,18,1,1,12.0,6.0,12.0,200.0,12.0,1,1,0,0,1,33.33,33.33
89,25,17,5,5,79.0,65.0,15.8,121.54,29.0,4,4,0,0,5,33.85,12.31
89,25,18,1,1,11.0,8.0,11.0,137.5,11.0,0,1,0,0,0,25.0,12.5
89,32,15,2,2,32.0,20.0,16.0,160.0,30.0,2,2,0,0,1,30.0,20.0
89,2,17,1,1,16.0,8.0,16.0,200.0,16.0,0,2,0,0,1,25.0,25.0
89,2,18,1,1,24.0,10.0,24.0,240.0,24.0,2,2,0,0,1,20.0,40.0
89,7,16,5,5,160.0,98.0,32.0,163.27,49.0,13,10,0,0,4,30.61,23.47
89,16,16,1,1,4.0,9.0,4.0,44.44,4.0,1,0,0,0,1,88.89,11.11
89,16,17,1,1,32.0,15.0,32.0,213.33,32.0,2,2,0,0,0,13.33,26.67
89,28,15,2,2,57.0,25.0,28.5,228.0,38.0,7,3,0,0,1,20.0,40.0
89,28,16,1,1,25.0,7.0,25.0,357.14,25.0,0,4,0,0,1,28.57,57.14
89,28,18,1,1,40.0,19.0,40.0,210.53,40.0,2,4,0,0,0,26.32,31.58
755,10,9,2,2,6.0,8.0,3.0,75.0,6.0,1,0,0,0,2,50.0,12.5
755,15,16,1,1,1.0,1.0,1.0,100.0,1.0,0,0,0,0,0,0.0,0.0
755,26,15,1,1,1.0,2.0,1.0,50.0,1.0,0,0,0,0,1,50.0,0.0
755,27,15,2,2,24.0,12.0,12.0,200.0,16.0,0,3,0,0,1,25.0,25.0
755,12,13,1,1,5.0,8.0,5.0,62.5,5.0,0,0,0,0,1,37.5,0.0
755,12,14,2,2,12.0,18.0,6.0,66.67,10.0,0,1,0,0,2,50.0,5.56
755,23,7,1,1,16.0,12.0,16.0,133.33,16.0,2,1,0,0,1,58.33,25.0
755,23,9,1,1,3.0,3.0,3.0,100.0,3.0,0,0,0,0,1,33.33,0.0
755,20,9,1,1,13.0,8.0,13.0,162.5,13.0,1,1,0,0,1,37.5,25.0
755,8,14,1,1,4.0,5.0,4.0,80.0,4.0,0,0,0,0,1,20.0,0.0
755,8,16,1,1,0.0,1.0,0.0,0.0,0.0,0,0,0,0,1,100.0,0.0
755,32,15,3,3,25.0,14.0,8.33,178.57,13.0,0,3,0,0,3,28.57,21.43
755,36,13,1,1,26.0,10.0,26.0,260.0,26.0,1,3,0,0,0,30.0,40.0
755,36,14,2,2,52.0,34.0,26.0,152.94,47.0,0,5,0,0,1,35.29,14.71
755,1,13,2,2,35.0,35.0,17.5,100.0,24.0,4,0,0,0,1,37.14,11.43
755,1,14,2,2,17.0,15.0,8.5,113.33,16.0,2,0,0,0,2,33.33,13.33
755,28,15,2,2,8.0,16.0,4.0,50.0,8.0,2,0,0,0,1,87.5,12.5
755,28,16,1,1,11.0,9.0,11.0,122.22,11.0,0,1,0,0,1,33.33,11.11
294,13,2,1,1,4.0,3.0,4.0,133.33,4.0,0,0,0,0,1,33.33,0.0
294,8,1,1,1,16.0,10.0,16.0,160.0,16.0,1,1,0,0,1,20.0,20.0
294,5,2,1,1,16.0,15.0,16.0,106.67,16.0,0,1,0,0,0,33.33,6.67
294,18,1,1,1,0.0,1.0,0.0,0.0,0.0,0,0,0,0,1,100.0,0.0
294,28,4,1,1,0.0,1.0,0.0,0.0,0.0,0,0,0,0,1,100.0,0.0
282,2,16,2,2,6.0,9.0,3.0,66.67,3.0,0,0,0,0,0,33.33,0.0
573,10,5,1,1,4.0,5.0,4.0,80.0,4.0,0,0,0,0,1,40.0,0.0
573,10,7,5,5,128.0,102.0,25.6,125.49,40.0,10,4,0,0,3,26.47,13.73
573,10,8,4,4,140.0,110.0,35.0,127.27,78.0,6,9,1,0,2,32.73,13.64
573,10,9,3,3,131.0,106.0,43.67,123.58,49.0,7,3,0,0,2,18.87,9.43
573,9,5,2,2,20.0,18.0,10.0,111.11,16.0,1,0,0,0,0,22.22,5.56
573,26,3,1,1,21.0,14.0,21.0,150.0,21.0,3,0,0,0,0,14.29,21.43
573,26,8,1,1,56.0,39.0,56.0,143.59,56.0,3,3,1,0,1,35.9,15.38
573,14,2,2,2,52.0,41.0,26.0,126.83,52.0,1,4,1,0,1,24.39,12.2
573,37,8,1,1,54.0,41.0,54.0,131.71,54.0,5,2,1,0,1,34.15,17.07
573,37,9,2,2,23.0,23.0,11.5,100.0,14.0,2,0,0,0,2,30.43,8.7
573,27,3,2,2,9.0,11.0,4.5,81.82,6.0,0,0,0,0,2,45.45,0.0
573,27,4,1,1,23.0,26.0,23.0,88.46,23.0,0,1,0,0,1,42.31,3.85
573,12,7,2,2,72.0,42.0,36.0,171.43,52.0,4,5,1,0,0,21.43,21.43
573,23,3,1,1,19.0,27.0,19.0,70.37,19.0,2,0,0,0,1,55.56,7.41
573,23,4,1,1,6.0,8.0,6.0,75.0,6.0,0,0,0,0,1,25.0,0.0
573,23,8,1,1,25.0,16.0,25.0,156.25,25.0,2,1,0,0,1,12.5,18.75
573,11,4,1,1,12.0,10.0,12.0,120.0,12.0,0,1,0,0,1,30.0,10.0
573,13,2,3,3,110.0,108.0,36.67,101.85,59.0,8,2,1,0,3,37.04,9.26
573,3,3,1,1,42.0,19.0,42.0,221.05,42.0,3,3,0,0,0,15.79,31.58
573,3,7,1,1,48.0,30.0,48.0,160.0,48.0,3,3,0,0,1,23.33,20.0
573,3,8,1,1,67.0,43.0,67.0,155.81,67.0,4,3,1,0,1,16.28,16.28
573,3,9,1,1,7.0,5.0,7.0,140.0,7.0,1,0,0,0,0,20.0,20.0
573,3,11,1,1,23.0,29.0,23.0,79.31,23.0,3,0,0,0,1,51.72,10.34
573,8,4,1,1,17.0,11.0,17.0,154.55,17.0,2,0,0,0,1,18.18,18.18
573,8,8,1,1,5.0,5.0,5.0,100.0,5.0,0,0,0,0,1,20.0,0.0
573,32,8,1,1,21.0,19.0,21.0,110.53,21.0,3,0,0,0,0,36.84,15.79
573,2,7,1,1,8.0,8.0,8.0,100.0,8.0,0,1,0,0,1,62.5,12.5
573,19,2,1,1,1.0,6.0,1.0,16.67,1.0,0,0,0,0,1,83.33,0.0
573,5,2,1,1,9.0,7.0,9.0,128.57,9.0,1,0,0,0,1,14.29,14.29
573,7,3,1,1,35.0,28.0,35.0,125.0,35.0,1,2,0,0,0,21.43,10.71
573,7,7,1,1,8.0,8.0,8.0,100.0,8.0,1,0,0,0,1,37.5,12.5
573,16,4,5,5,139.0,109.0,27.8,127.52,55.0,6,6,1,0,5,22.94,11.01
573,16,5,3,3,111.0,93.0,37.0,119.35,74.0,6,5,1,0,2,34.41,11.83
573,34,9,1,1,13.0,7.0,13.0,185.71,13.0,2,0,0,0,0,14.29,28.57
573,18,3,1,1,31.0,32.0,31.0,96.88,31.0,4,0,0,0,1,34.38,12.5
573,18,5,1,1,58.0,26.0,58.0,223.08,58.0,3,5,1,0,0,23.08,30.77
573,33,8,2,2,18.0,23.0,9.0,78.26,12.0,1,0,0,0,2,34.78,4.35
573,33,9,1,1,17.0,15.0,17.0,113.33,17.0,1,0,0,0,1,26.67,6.67
573,36,7,2,2,86.0,72.0,43.0,119.44,67.0,4,3,1,0,1,27.78,9.72
573,1,7,1,1,15.0,14.0,15.0,107.14,15.0,0,0,0,0,1,35.71,0.0
573,30,2,3,3,139.0,109.0,46.33,127.52,62.0,7,5,2,0,0,24.77,11.01
573,31,5,1,1,26.0,24.0,26.0,108.33,26.0,0,1,0,0,0,12.5,4.17
573,6,2,2,2,61.0,54.0,30.5,112.96,52.0,9,0,1,0,2,40.74,16.67
573,28,4,1,1,8.0,10.0,8.0,80.0,8.0,1,0,0,0,1,50.0,10.0
573,28,5,1,1,25.0,24.0,25.0,104.17,25.0,3,0,0,0,0,33.33,12.5
573,28,7,1,1,45.0,29.0,45.0,155.17,45.0,0,4,0,0,0,13.79,13.79
573,28,8,1,1,28.0,19.0,28.0,147.37,28.0,3,2,0,0,1,47.37,26.32
573,28,11,1,1,13.0,11.0,13.0,118.18,13.0,0,1,0,0,0,36.36,9.09
303,10,6,1,1,11.0,11.0,11.0,100.0,11.0,2,0,0,0,0,54.55,18.18
303,10,8,1,1,17.0,11.0,17.0,154.55,17.0,2,0,0,0,1,18.18,18.18
303,10,9,1,1,22.0,13.0,22.0,169.23,22.0,2,0,0,0,0,7.69,15.38
303,10,10,1,1,1.0,3.0,1.0,33.33,1.0,0,0,0,0,1,66.67,0.0
303,26,8,3,3,44.0,29.0,14.67,151.72,30.0,4,2,0,0,2,31.03,20.69
303,37,8,1,1,6.0,5.0,6.0,120.0,6.0,1,0,0,0,0,20.0,20.0
303,12,7,1,1,4.0,2.0,4.0,200.0,4.0,1,0,0,0,1,50.0,50.0
303,23,6,1,1,1.0,4.0,1.0,25.0,1.0,0,0,0,0,1,75.0,0.0
303,23,10,1,1,4.0,2.0,4.0,200.0,4.0,0,0,0,0,0,0.0,0.0
303,20,10,2,2,22.0,18.0,11.0,122.22,14.0,2,0,0,0,1,33.33,11.11
303,35,7,1,1,1.0,4.0,1.0,25.0,1.0,0,0,0,0,1,75.0,0.0
303,3,6,1,1,3.0,7.0,3.0,42.86,3.0,0,0,0,0,1,71.43,0.0
303,3,7,1,1,41.0,17.0,41.0,241.18,41.0,3,3,0,0,0,17.65,35.29
303,8,8,1,1,16.0,13.0,16.0,123.08,16.0,2,0,0,0,1,23.08,15.38
303,32,8,2,2,50.0,37.0,25.0,135.14,46.0,3,3,0,0,2,40.54,16.22
303,32,9,1,1,9.0,5.0,9.0,180.0,9.0,1,0,0,0,0,0.0,20.0
303,32,10,1,1,6.0,7.0,6.0,85.71,6.0,0,0,0,0,1,28.57,0.0
303,2,7,4,4,59.0,36.0,14.75,163.89,31.0,1,5,0,0,2,16.67,16.67
303,2,8,3,4,11.0,15.0,3.67,73.33,6.0,0,0,0,0,3,26.67,0.0
303,7,7,1,1,35.0,13.0,35.0,269.23,35.0,1,4,0,0,0,15.38,38.46
303,16,6,1,1,6.0,3.0,6.0,200.0,6.0,0,1,0,0,1,66.67,33.33
303,34,9,2,2,39.0,33.0,19.5,118.18,32.0,3,0,0,0,2,24.24,9.09
303,34,10,1,1,21.0,27.0,21.0,77.78,21.0,2,0,0,0,2,48.15,7.41
303,18,5,1,1,11.0,9.0,11.0,122.22,11.0,0,0,0,0,0,11.11,0.0
303,18,6,3,3,5.0,5.0,1.67,100.0,3.0,0,0,0,0,1,20.0,0.0
303,36,7,1,1,8.0,7.0,8.0,114.29,8.0,0,1,0,0,0,42.86,14.29
303,1,7,2,2,10.0,3.0,5.0,333.33,8.0,2,0,0,0,0,0.0,66.67
303,31,5,1,1,3.0,4.0,3.0,75.0,3.0,0,0,0,0,1,25.0,0.0
303,31,6,1,1,19.0,14.0,19.0,135.71,19.0,1,1,0,0,0,28.57,14.29
303,28,6,1,1,12.0,13.0,12.0,92.31,12.0,2,0,0,0,1,53.85,15.38
303,28,7,1,1,23.0,12.0,23.0,191.67,23.0,0,3,0,0,1,33.33,25.0
303,28,9,1,1,7.0,8.0,7.0,87.5,7.0,1,0,0,0,1,37.5,12.5
101,23,18,1,1,11.0,6.0,11.0,183.33,11.0,2,0,0,0,0,16.67,33.33
101,11,18,1,1,30.0,14.0,30.0,214.29,30.0,1,4,0,0,1,50.0,35.71
101,3,18,1,1,14.0,17.0,14.0,82.35,14.0,2,0,0,0,1,52.94,11.76
101,8,18,1,1,6.0,6.0,6.0,100.0,6.0,1,0,0,0,0,33.33,16.67
101,25,18,3,3,35.0,30.0,11.67,116.67,29.0,2,1,0,0,4,30.0,10.0
101,2,18,2,2,77.0,44.0,38.5,175.0,39.0,6,6,0,0,2,38.64,27.27
101,18,18,2,2,105.0,54.0,52.5,194.44,73.0,12,5,1,0,2,27.78,31.48
688,23,11,1,1,2.0,5.0,2.0,40.0,2.0,0,0,0,0,1,60.0,0.0
688,17,11,1,1,6.0,1.0,6.0,600.0,6.0,0,1,0,0,0,0.0,100.0
427,24,16,1,1,1.0,2.0,1.0,50.0,1.0,0,0,0,0,0,50.0,0.0
427,26,15,2,2,10.0,15.0,5.0,66.67,7.0,1,0,0,0,0,53.33,6.67
427,27,15,1,1,7.0,7.0,7.0,100.0,7.0,0,0,0,0,0,14.29,0.0
427,3,18,1,1,0.0,1.0,0.0,0.0,0.0,0,0,0,0,0,100.0,0.0
427,32,15,1,1,0.0,2.0,0.0,0.0,0.0,0,0,0,0,0,100.0,0.0
427,2,15,1,1,1.0,2.0,1.0,50.0,1.0,0,0,0,0,0,50.0,0.0
670,10,1,1,1,4.0,6.0,4.0,66.67,4.0,0,0,0,0,1,33.33,0.0
670,10,4,3,3,96.0,87.0,32.0,110.34,54.0,8,2,1,0,3,32.18,11.49
670,27,4,1,1,13.0,4.0,13.0,325.0,13.0,1,1,0,0,0,0.0,50.0
670,23,1,1,1,13.0,10.0,13.0,130.0,13.0,2,0,0,0,1,30.0,20.0
670,11,4,1,1,7.0,7.0,7.0,100.0,7.0,1,0,0,0,1,42.86,14.29
670,3,1,1,1,5.0,4.0,5.0,125.0,5.0,1,0,0,0,1,50.0,25.0
670,8,1,1,1,14.0,7.0,14.0,200.0,14.0,1,1,0,0,1,28.57,28.57
670,8,4,1,1,8.0,6.0,8.0,133.33,8.0,0,0,0,0,1,16.67,0.0
670,7,1,4,4,167.0,99.0,41.75,168.69,71.0,21,7,2,0,4,34.34,28.28
670,16,4,1,1,17.0,10.0,17.0,170.0,17.0,2,0,0,0,0,10.0,20.0
670,18,1,1,1,16.0,16.0,16.0,100.0,16.0,2,0,0,0,1,56.25,12.5
670,28,1,2,2,2.0,6.0,1.0,33.33,2.0,0,0,0,0,2,83.33,0.0
670,28,4,1,1,55.0,44.0,55.0,125.0,55.0,10,0,1,0,1,45.45,22.73
270,12,13,2,2,1.0,5.0,0.5,20.0,1.0,0,0,0,0,1,80.0,0.0
270,36,13,1,1,32.0,31.0,32.0,103.23,32.0,4,0,0,0,1,35.48,12.9
270,1,13,2,2,45.0,41.0,22.5,109.76,33.0,5,1,0,0,2,46.34,14.63
722,26,3,1,1,1.0,3.0,1.0,33.33,1.0,0,0,0,0,1,66.67,0.0
722,13,2,5,5,52.0,71.0,10.4,73.24,20.0,3,1,0,0,5,54.93,5.63
722,8,1,1,1,1.0,7.0,1.0,14.29,1.0,0,0,0,0,1,85.71,0.0
722,5,2,1,1,38.0,21.0,38.0,180.95,38.0,3,3,0,0,1,23.81,28.57
722,7,1,4,4,49.0,50.0,12.25,98.0,24.0,4,2,0,0,3,48.0,12.0
722,7,3,1,1,17.0,17.0,17.0,100.0,17.0,1,1,0,0,0,41.18,11.76
722,18,1,1,1,26.0,21.0,26.0,123.81,26.0,3,2,0,0,1,66.67,23.81
722,6,2,2,2,34.0,41.0,17.0,82.93,20.0,3,0,0,0,2,41.46,7.32
508,10,11,1,1,18.0,6.0,18.0,300.0,18.0,2,1,0,0,0,0.0,50.0
508,10,12,1,1,6.0,6.0,6.0,100.0,6.0,1,0,0,0,1,50.0,16.67
508,24,16,4,4,31.0,19.0,7.75,163.16,23.0,1,3,0,0,3,31.58,21.05
508,12,13,1,1,20.0,14.0,20.0,142.86,20.0,1,1,0,0,1,28.57,14.29
508,23,11,2,2,12.0,12.0,6.0,100.0,9.0,1,0,0,0,1,33.33,8.33
508,23,16,1,1,11.0,4.0,11.0,275.0,11.0,1,1,0,0,0,25.0,50.0
508,17,11,1,1,5.0,3.0,5.0,166.67,5.0,1,0,0,0,1,33.33,33.33
508,8,12,1,1,9.0,8.0,9.0,112.5,9.0,0,1,0,0,1,50.0,12.5
508,8,16,2,2,19.0,14.0,9.5,135.71,17.0,0,1,0,0,1,21.43,7.14
508,32,11,1,1,1.0,2.0,1.0,50.0,1.0,0,0,0,0,1,50.0,0.0
508,16,11,1,1,0.0,2.0,0.0,0.0,0.0,0,0,0,0,1,100.0,0.0
508,18,11,7,7,90.0,39.0,12.86,230.77,33.0,5,8,0,0,5,30.77,33.33
508,18,12,1,1,3.0,4.0,3.0,75.0,3.0,0,0,0,0,1,50.0,0.0
508,1,13,1,1,22.0,13.0,22.0,169.23,22.0,2,1,0,0,0,30.77,23.08
508,28,12,1,1,0.0,1.0,0.0,0.0,0.0,0,0,0,0,0,0.0,0.0
508,28,15,1,1,0.0,1.0,0.0,0.0,0.0,0,0,0,0,1,100.0,0.0
455,15,18,1,1,1.0,1.0,1.0,100.0,1.0,0,0,0,0,0,0.0,0.0
455,27,15,1,1,3.0,5.0,3.0,60.0,3.0,0,0,0,0,1,40.0,0.0
455,2,16,1,1,6.0,7.0,6.0,85.71,6.0,1,0,0,0,1,42.86,14.29
455,18,18,1,1,2.0,4.0,2.0,50.0,2.0,0,0,0,0,1,50.0,0.0
685,10,10,1,1,0.0,5.0,0.0,0.0,0.0,0,0,0,0,1,100.0,0.0
685,10,12,2,2,12.0,12.0,6.0,100.0,9.0,0,1,0,0,2,41.67,8.33
685,24,16,1,1,0.0,1.0,0.0,0.0,0.0,0,0,0,0,0,100.0,0.0
685,26,15,4,4,15.0,20.0,3.75,75.0,12.0,1,0,0,0,1,45.0,5.0
685,27,15,1,1,6.0,2.0,6.0,300.0,6.0,0,1,0,0,1,50.0,50.0
685,12,13,3,3,30.0,29.0,10.0,103.45,15.0,2,1,0,0,2,48.28,10.34
685,12,14,1,1,4.0,1.0,4.0,400.0,4.0,1,0,0,0,0,0.0,100.0
685,11,17,1,1,11.0,10.0,11.0,110.0,11.0,0,1,0,0,0,30.0,10.0
685,25,17,2,2,9.0,4.0,4.5,225.0,8.0,0,1,0,0,1,0.0,25.0
685,32,15,1,1,2.0,5.0,2.0,40.0,2.0,0,0,0,0,1,60.0,0.0
685,2,18,2,2,9.0,8.0,4.5,112.5,7.0,0,1,0,0,2,37.5,12.5
685,7,10,1,1,11.0,20.0,11.0,55.0,11.0,1,0,0,0,1,65.0,5.0
685,7,12,1,1,0.0,1.0,0.0,0.0,0.0,0,0,0,0,1,100.0,0.0
685,7,16,1,1,0.0,1.0,0.0,0.0,0.0,0,0,0,0,1,100.0,0.0
685,16,12,1,1,2.0,2.0,2.0,100.0,2.0,0,0,0,0,0,0.0,0.0
685,36,13,1,1,2.0,3.0,2.0,66.67,2.0,0,0,0,0,0,33.33,0.0
685,36,14,1,1,0.0,1.0,0.0,0.0,0.0,0,0,0,0,1,100.0,0.0
685,1,13,2,2,24.0,17.0,12.0,141.18,15.0,2,1,0,0,1,29.41,17.65
685,28,10,1,1,44.0,39.0,44.0,112.82,44.0,4,1,0,0,1,30.77,12.82
685,28,14,1,1,9.0,4.0,9.0,225.0,9.0,1,0,0,0,0,0.0,25.0
685,28,15,1,1,25.0,16.0,25.0,156.25,25.0,4,1,0,0,1,43.75,31.25
163,31,5,1,1,11.0,8.0,11.0,137.5,11.0,0,1,0,0,0,37.5,12.5
163,31,6,1,1,1.0,1.0,1.0,100.0,1.0,0,0,0,0,0,0.0,0.0
242,36,14,1,1,0.0,4.0,0.0,0.0,0.0,0,0,0,0,0,100.0,0.0
621,12,14,1,1,2.0,2.0,2.0,100.0,2.0,0,0,0,0,0,0.0,0.0
621,8,14,3,3,27.0,17.0,9.0,158.82,12.0,3,1,0,0,2,35.29,23.53
621,25,18,1,1,0.0,3.0,0.0,0.0,0.0,0,0,0,0,0,66.67,0.0
621,2,14,1,1,16.0,11.0,16.0,145.45,16.0,1,1,0,0,0,18.18,18.18
621,2,18,1,1,0.0,2.0,0.0,0.0,0.0,0,0,0,0,0,50.0,0.0
621,1,14,1,1,4.0,12.0,4.0,33.33,4.0,0,0,0,0,0,66.67,0.0
621,28,14,1,1,16.0,13.0,16.0,123.08,16.0,1,1,0,0,1,38.46,15.38
384,25,17,1,1,1.0,2.0,1.0,50.0,1.0,0,0,0,0,1,50.0,0.0
665,10,3,1,1,10.0,8.0,10.0,125.0,10.0,2,0,0,0,2,37.5,25.0
665,10,5,1,1,16.0,9.0,16.0,177.78,16.0,1,1,0,0,1,33.33,22.22
665,10,6,2,2,43.0,26.0,21.5,165.38,24.0,2,3,0,0,1,19.23,19.23
665,10,8,1,1,10.0,8.0,10.0,125.0,10.0,0,1,0,0,1,50.0,12.5
665,10,9,1,1,19.0,18.0,19.0,105.56,19.0,0,1,0,0,1,33.33,5.56
665,10,10,1,1,63.0,35.0,63.0,180.0,63.0,5,4,1,0,0,25.71,25.71
665,10,11,1,1,7.0,7.0,7.0,100.0,7.0,0,0,0,0,1,42.86,0.0
665,10,14,2,2,103.0,42.0,51.5,245.24,87.0,8,9,1,0,0,23.81,40.48
665,9,7,1,1,10.0,11.0,10.0,90.91,10.0,0,0,0,0,0,18.18,0.0
665,26,3,6,6,134.0,71.0,22.33,188.73,45.0,12,8,0,0,5,28.17,28.17
665,26,7,1,1,14.0,8.0,14.0,175.0,14.0,1,1,0,0,1,25.0,25.0
665,26,15,3,3,32.0,34.0,10.67,94.12,25.0,1,2,0,0,4,47.06,8.82
665,37,5,1,1,24.0,18.0,24.0,133.33,24.0,0,3,0,0,1,50.0,16.67
665,37,9,3,3,41.0,39.0,13.67,105.13,27.0,2,3,0,0,3,48.72,12.82
665,27,3,3,3,61.0,28.0,20.33,217.86,33.0,4,5,0,0,3,32.14,32.14
665,27,4,1,1,28.0,21.0,28.0,133.33,28.0,2,2,0,0,1,38.1,19.05
665,27,15,4,4,61.0,63.0,15.25,96.83,22.0,4,3,0,0,5,46.03,11.11
665,12,7,3,3,93.0,66.0,31.0,140.91,78.0,4,6,1,0,3,31.82,15.15
665,12,13,4,6,116.0,51.0,29.0,227.45,65.0,8,9,1,0,4,19.61,33.33
665,12,14,2,2,22.0,24.0,11.0,91.67,15.0,1,1,0,0,2,45.83,8.33
665,23,4,1,1,18.0,22.0,18.0,81.82,18.0,2,0,0,0,1,45.45,9.09
665,23,6,3,3,104.0,62.0,34.67,167.74,60.0,9,5,1,0,2,24.19,22.58
665,23,8,1,1,36.0,18.0,36.0,200.0,36.0,2,3,0,0,1,27.78,27.78
665,23,9,1,1,1.0,1.0,1.0,100.0,1.0,0,0,0,0,0,0.0,0.0
665,23,10,1,1,13.0,11.0,13.0,118.18,13.0,0,1,0,0,1,45.45,9.09
665,23,12,1,1,20.0,21.0,20.0,95.24,20.0,2,0,0,0,1,33.33,9.52
665,20,9,1,1,9.0,11.0,9.0,81.82,9.0,0,1,0,0,1,45.45,9.09
665,11,6,1,1,22.0,21.0,22.0,104.76,22.0,1,1,0,0,1,42.86,9.52
665,3,3,1,1,20.0,7.0,20.0,285.71,20.0,0,3,0,0,1,28.57,42.86
665,3,5,2,2,68.0,50.0,34.0,136.0,52.0,6,4,1,0,1,34.0,20.0
665,3,6,1,1,5.0,2.0,5.0,250.0,5.0,1,0,0,0,0,0.0,50.0
665,3,8,1,1,5.0,3.0,5.0,166.67,5.0,1,0,0,0,1,33.33,33.33
665,3,9,1,1,35.0,19.0,35.0,184.21,35.0,3,2,0,0,0,15.79,26.32
665,3,10,2,2,79.0,54.0,39.5,146.3,70.0,4,5,1,0,1,27.78,16.67
665,3,11,1,1,13.0,13.0,13.0,100.0,13.0,1,0,0,0,1,53.85,7.69
665,3,12,1,1,5.0,6.0,5.0,83.33,5.0,0,0,0,0,1,16.67,0.0
665,8,3,1,1,5.0,6.0,5.0,83.33,5.0,0,0,0,0,1,33.33,0.0
665,8,4,1,1,3.0,6.0,3.0,50.0,3.0,0,0,0,0,1,50.0,0.0
665,8,6,1,1,57.0,38.0,57.0,150.0,57.0,4,5,1,0,0,47.37,23.68
665,8,8,1,1,1.0,4.0,1.0,25.0,1.0,0,0,0,0,0,75.0,0.0
665,8,12,1,1,13.0,12.0,13.0,108.33,13.0,2,0,0,0,0,50.0,16.67
665,8,14,5,5,65.0,56.0,13.0,116.07,35.0,3,4,0,0,3,37.5,12.5
665,32,10,1,1,27.0,17.0,27.0,158.82,27.0,3,1,0,0,1,23.53,23.53
665,32,15,3,3,32.0,17.0,10.67,188.24,22.0,1,3,0,0,2,29.41,23.53
665,2,7,1,1,14.0,12.0,14.0,116.67,14.0,0,1,0,0,0,16.67,8.33
665,2,8,1,1,70.0,34.0,70.0,205.88,70.0,7,5,1,0,1,32.35,35.29
665,7,3,1,1,18.0,14.0,18.0,128.57,18.0,2,0,0,0,1,21.43,14.29
665,7,4,1,1,17.0,11.0,17.0,154.55,17.0,1,1,0,0,1,27.27,18.18
665,7,5,1,1,3.0,7.0,3.0,42.86,3.0,0,0,0,0,1,71.43,0.0
665,7,7,1,1,8.0,6.0,8.0,133.33,8.0,0,1,0,0,0,50.0,16.67
665,7,8,1,1,7.0,7.0,7.0,100.0,7.0,0,0,0,0,0,14.29,0.0
665,7,9,1,1,10.0,9.0,10.0,111.11,10.0,0,0,0,0,1,33.33,0.0
665,7,12,1,1,7.0,9.0,7.0,77.78,7.0,0,0,0,0,1,33.33,0.0
665,16,4,1,1,0.0,1.0,0.0,0.0,0.0,0,0,0,0,1,100.0,0.0
665,16,6,1,1,14.0,19.0,14.0,73.68,14.0,1,0,0,0,0,42.11,5.26
665,16,7,1,1,6.0,7.0,6.0,85.71,6.0,0,0,0,0,0,42.86,0.0
665,16,10,2,2,12.0,12.0,6.0,100.0,7.0,0,1,0,0,2,33.33,8.33
665,16,11,1,1,28.0,23.0,28.0,121.74,28.0,3,2,0,0,1,60.87,21.74
665,16,12,2,2,87.0,51.0,43.5,170.59,46.0,5,7,0,0,1,29.41,23.53
665,34,10,1,2,25.0,14.0,25.0,178.57,25.0,3,1,0,0,2,21.43,28.57
665,18,3,1,1,25.0,13.0,25.0,192.31,25.0,3,1,0,0,1,23.08,30.77
665,18,4,1,1,4.0,15.0,4.0,26.67,4.0,0,0,0,0,1,60.0,0.0
665,18,6,1,1,1.0,7.0,1.0,14.29,1.0,0,0,0,0,1,85.71,0.0
665,18,11,1,1,21.0,20.0,21.0,105.0,21.0,1,1,0,0,0,40.0,10.0
665,18,12,1,1,10.0,7.0,10.0,142.86,10.0,0,1,0,0,1,42.86,14.29
665,36,7,1,1,33.0,30.0,33.0,110.0,33.0,2,2,0,0,1,43.33,13.33
665,36,13,2,2,66.0,38.0,33.0,173.68,41.0,2,7,0,0,1,34.21,23.68
665,36,14,1,1,6.0,9.0,6.0,66.67,6.0,0,0,0,0,1,33.33,0.0
665,1,7,1,1,6.0,8.0,6.0,75.0,6.0,0,0,0,0,0,50.0,0.0
665,1,13,6,6,99.0,60.0,16.5,165.0,47.0,7,6,0,0,2,28.33,21.67
665,1,14,3,3,49.0,34.0,16.33,144.12,21.0,4,2,0,0,2,32.35,17.65
665,28,4,6,6,76.0,57.0,12.67,133.33,24.0,7,3,0,0,4,33.33,17.54
665,28,5,6,6,109.0,75.0,18.17,145.33,64.0,8,6,1,0,5,28.0,18.67
665,28,6,8,8,174.0,106.0,21.75,164.15,66.0,9,15,1,0,6,32.08,22.64
665,28,7,5,5,89.0,55.0,17.8,161.82,43.0,8,4,0,0,4,29.09,21.82
665,28,8,8,8,290.0,182.0,36.25,159.34,64.0,18,19,1,0,6,29.12,20.33
665,28,9,4,4,92.0,47.0,23.0,195.74,51.0,6,9,1,0,2,44.68,31.91
665,28,10,8,8,176.0,136.0,22.0,129.41,50.0,12,10,1,0,7,34.56,16.18
665,28,11,4,4,64.0,37.0,16.0,172.97,50.0,5,4,1,0,4,27.03,24.32
665,28,12,5,6,139.0,73.0,27.8,190.41,83.0,5,14,1,0,5,32.88,26.03
665,28,15,1,1,19.0,20.0,19.0,95.0,19.0,0,1,0,0,1,35.0,5.0
587,27,3,1,1,10.0,9.0,10.0,111.11,10.0,1,0,0,0,1,33.33,11.11
605,27,1,1,1,6.0,7.0,6.0,85.71,6.0,1,0,0,0,1,57.14,14.29
605,8,1,1,1,53.0,28.0,53.0,189.29,53.0,4,3,1,0,0,21.43,25.0
605,7,1,1,1,24.0,8.0,24.0,300.0,24.0,1,3,0,0,1,25.0,50.0
605,16,1,1,1,12.0,9.0,12.0,133.33,12.0,1,1,0,0,1,44.44,22.22
605,18,1,2,2,33.0,26.0,16.5,126.92,18.0,6,1,0,0,1,57.69,26.92
764,5,2,1,1,3.0,5.0,3.0,60.0,3.0,0,0,0,0,1,60.0,0.0
431,23,7,1,1,1.0,1.0,1.0,100.0,1.0,0,0,0,0,0,0.0,0.0
431,3,8,1,1,4.0,7.0,4.0,57.14,4.0,0,0,0,0,1,57.14,0.0
431,8,8,1,1,2.0,5.0,2.0,40.0,2.0,0,0,0,0,0,60.0,0.0
431,32,8,1,1,5.0,4.0,5.0,125.0,5.0,1,0,0,0,0,50.0,25.0
516,26,15,1,1,7.0,5.0,7.0,140.0,7.0,1,0,0,0,1,40.0,20.0
516,12,13,1,1,2.0,3.0,2.0,66.67,2.0,0,0,0,0,1,33.33,0.0
516,12,14,2,2,2.0,4.0,1.0,50.0,1.0,0,0,0,0,1,25.0,0.0
516,36,13,1,1,2.0,3.0,2.0,66.67,2.0,0,0,0,0,0,33.33,0.0
516,28,15,1,1,0.0,1.0,0.0,0.0,0.0,0,0,0,0,1,100.0,0.0
304,11,4,1,1,6.0,6.0,6.0,100.0,6.0,1,0,0,0,1,33.33,16.67
304,3,4,1,1,1.0,2.0,1.0,50.0,1.0,0,0,0,0,1,50.0,0.0
304,3,6,2,2,24.0,24.0,12.0,100.0,19.0,3,0,0,0,1,29.17,12.5
304,8,6,1,1,5.0,5.0,5.0,100.0,5.0,0,0,0,0,0,40.0,0.0
304,2,3,1,1,3.0,5.0,3.0,60.0,3.0,0,0,0,0,0,20.0,0.0
304,16,6,1,1,0.0,1.0,0.0,0.0,0.0,0,0,0,0,1,100.0,0.0
304,28,6,1,1,12.0,8.0,12.0,150.0,12.0,0,1,0,0,1,37.5,12.5
94,10,10,1,1,1.0,2.0,1.0,50.0,1.0,0,0,0,0,1,50.0,0.0
94,3,9,1,1,12.0,8.0,12.0,150.0,12.0,0,1,0,0,0,12.5,12.5
94,16,10,1,1,1.0,5.0,1.0,20.0,1.0,0,0,0,0,1,80.0,0.0
94,16,12,1,1,9.0,3.0,9.0,300.0,9.0,0,1,0,0,0,0.0,33.33
94,34,9,1,1,1.0,3.0,1.0,33.33,1.0,0,0,0,0,1,66.67,0.0
736,10,3,1,1,33.0,30.0,33.0,110.0,33.0,4,0,0,0,1,30.0,13.33
736,10,4,1,1,49.0,35.0,49.0,140.0,49.0,8,1,0,0,1,40.0,25.71
736,10,5,1,1,1.0,7.0,1.0,14.29,1.0,0,0,0,0,1,85.71,0.0
736,10,6,1,1,28.0,28.0,28.0,100.0,28.0,4,0,0,0,1,46.43,14.29
736,9,3,1,1,0.0,3.0,0.0,0.0,0.0,0,0,0,0,1,100.0,0.0
736,9,5,2,2,94.0,67.0,47.0,140.3,82.0,11,2,1,0,2,22.39,19.4
736,21,2,1,1,25.0,18.0,25.0,138.89,25.0,1,1,0,0,1,27.78,11.11
736,37,5,1,1,14.0,19.0,14.0,73.68,14.0,1,0,0,0,1,42.11,5.26
736,27,4,1,1,25.0,21.0,25.0,119.05,25.0,2,1,0,0,1,38.1,14.29
736,23,1,1,1,64.0,45.0,64.0,142.22,64.0,7,2,1,0,1,31.11,20.0
736,23,3,1,1,38.0,22.0,38.0,172.73,38.0,2,2,0,0,1,4.55,18.18
736,23,4,1,1,16.0,15.0,16.0,106.67,16.0,2,0,0,0,1,33.33,13.33
736,23,6,1,1,2.0,3.0,2.0,66.67,2.0,0,0,0,0,1,33.33,0.0
736,11,3,2,2,85.0,61.0,42.5,139.34,52.0,14,1,1,0,2,40.98,24.59
736,13,2,6,6,132.0,133.0,22.0,99.25,45.0,10,2,0,0,7,30.83,9.02
736,3,5,1,1,10.0,3.0,10.0,333.33,10.0,1,1,0,0,0,0.0,66.67
736,3,6,1,1,23.0,24.0,23.0,95.83,23.0,2,0,0,0,1,33.33,8.33
736,8,3,1,1,15.0,16.0,15.0,93.75,15.0,2,0,0,0,1,50.0,12.5
736,8,4,1,1,15.0,12.0,15.0,125.0,15.0,1,1,0,0,1,50.0,16.67
736,8,5,1,1,1.0,5.0,1.0,20.0,1.0,0,0,0,0,1,60.0,0.0
736,22,4,1,1,65.0,47.0,65.0,138.3,65.0,10,0,1,0,1,27.66,21.28
736,19,2,1,1,56.0,43.0,56.0,130.23,56.0,4,1,1,0,1,23.26,11.63
736,5,2,2,2,68.0,62.0,34.0,109.68,60.0,8,1,1,0,2,41.94,14.52
736,4,2,1,1,43.0,47.0,43.0,91.49,43.0,6,0,0,0,0,51.06,12.77
736,7,1,5,5,230.0,137.0,46.0,167.88,94.0,31,5,3,0,6,25.55,26.28
736,7,3,5,5,177.0,118.0,35.4,150.0,56.0,24,2,1,0,5,27.97,22.03
736,7,5,1,1,1.0,4.0,1.0,25.0,1.0,0,0,0,0,1,75.0,0.0
736,16,1,1,1,3.0,4.0,3.0,75.0,3.0,0,0,0,0,1,50.0,0.0
736,16,4,7,7,161.0,135.0,23.0,119.26,44.0,20,1,0,0,7,31.85,15.56
736,16,5,3,3,23.0,33.0,7.67,69.7,15.0,2,0,0,0,3,51.52,6.06
736,16,6,5,5,63.0,77.0,12.6,81.82,21.0,6,0,0,0,5,44.16,7.79
736,18,1,1,1,20.0,8.0,20.0,250.0,20.0,3,1,0,0,1,25.0,50.0
736,18,3,1,1,9.0,7.0,9.0,128.57,9.0,1,0,0,0,1,28.57,14.29
736,18,5,1,1,44.0,32.0,44.0,137.5,44.0,5,1,0,0,1,31.25,18.75
736,18,6,1,1,4.0,4.0,4.0,100.0,4.0,1,0,0,0,1,75.0,25.0
736,30,2,1,1,0.0,2.0,0.0,0.0,0.0,0,0,0,0,1,100.0,0.0
736,31,5,1,1,12.0,14.0,12.0,85.71,12.0,1,0,0,0,1,42.86,7.14
736,6,2,1,1,8.0,19.0,8.0,42.11,8.0,0,0,0,0,2,63.16,0.0
736,28,1,1,1,3.0,4.0,3.0,75.0,3.0,0,0,0,0,1,75.0,0.0
736,28,4,1,1,27.0,28.0,27.0,96.43,27.0,1,1,0,0,1,39.29,7.14
170,10,1,3,3,64.0,39.0,21.33,164.1,56.0,5,3,1,0,2,23.08,20.51
170,10,3,7,7,128.0,100.0,18.29,128.0,69.0,13,4,1,0,7,35.0,17.0
170,10,4,1,1,6.0,5.0,6.0,120.0,6.0,1,0,0,0,1,20.0,20.0
170,10,5,1,1,40.0,28.0,40.0,142.86,40.0,7,0,0,0,1,35.71,25.0
170,10,6,2,2,13.0,24.0,6.5,54.17,11.0,1,0,0,0,1,58.33,4.17
170,10,7,5,5,207.0,148.0,41.4,139.86,69.0,16,9,2,0,5,30.41,16.89
170,10,9,2,2,45.0,36.0,22.5,125.0,26.0,5,2,0,0,2,44.44,19.44
170,10,10,1,1,65.0,34.0,65.0,191.18,65.0,5,5,1,0,2,29.41,29.41
170,10,11,1,1,18.0,18.0,18.0,100.0,18.0,0,1,0,0,1,33.33,5.56
170,10,12,1,2,51.0,37.0,51.0,137.84,51.0,5,2,1,0,1,29.73,18.92
170,10,16,1,1,11.0,9.0,11.0,122.22,11.0,0,1,0,0,1,33.33,11.11
170,9,3,1,1,46.0,27.0,46.0,170.37,46.0,4,2,0,0,1,14.81,22.22
170,24,16,1,1,16.0,11.0,16.0,145.45,16.0,1,1,0,0,0,27.27,18.18
170,26,3,1,1,11.0,14.0,11.0,78.57,11.0,0,0,0,0,1,14.29,0.0
170,26,15,3,3,13.0,17.0,4.33,76.47,11.0,1,0,0,0,3,41.18,5.88
170,14,2,1,1,5.0,3.0,5.0,166.67,5.0,1,0,0,0,0,33.33,33.33
170,37,5,1,1,7.0,6.0,7.0,116.67,7.0,1,0,0,0,1,16.67,16.67
170,27,1,1,1,28.0,23.0,28.0,121.74,28.0,3,0,0,0,1,21.74,13.04
170,27,4,1,1,0.0,7.0,0.0,0.0,0.0,0,0,0,0,1,100.0,0.0
170,27,15,4,4,93.0,43.0,23.25,216.28,34.0,6,8,0,0,1,18.6,32.56
170,12,7,2,2,71.0,54.0,35.5,131.48,56.0,6,2,1,0,2,27.78,14.81
170,12,13,3,3,22.0,14.0,7.33,157.14,21.0,3,0,0,0,2,28.57,21.43
170,12,14,3,3,38.0,30.0,12.67,126.67,18.0,3,1,0,0,2,26.67,13.33
170,23,3,1,1,20.0,17.0,20.0,117.65,20.0,2,0,0,0,1,29.41,11.76
170,23,4,1,1,42.0,42.0,42.0,100.0,42.0,4,0,0,0,2,38.1,9.52
170,23,6,3,3,50.0,49.0,16.67,102.04,22.0,7,0,0,0,3,42.86,14.29
170,23,8,1,1,6.0,8.0,6.0,75.0,6.0,1,0,0,0,1,62.5,12.5
170,23,9,1,1,51.0,29.0,51.0,175.86,51.0,8,1,1,0,1,27.59,31.03
170,23,10,1,1,3.0,3.0,3.0,100.0,3.0,0,0,0,0,1,33.33,0.0
170,23,11,9,9,277.0,190.0,30.78,145.79,52.0,32,6,1,0,5,25.26,20.0
170,23,12,6,6,135.0,79.0,22.5,170.89,97.0,10,10,1,0,4,31.65,25.32
170,23,15,1,1,37.0,23.0,37.0,160.87,37.0,5,1,0,0,0,34.78,26.09
170,23,16,1,1,9.0,8.0,9.0,112.5,9.0,1,0,0,0,1,25.0,12.5
170,23,17,1,1,25.0,18.0,25.0,138.89,25.0,3,1,0,0,1,38.89,22.22
170,20,9,2,2,15.0,12.0,7.5,125.0,12.0,2,0,0,0,2,33.33,16.67
170,20,10,2,2,40.0,29.0,20.0,137.93,40.0,4,1,0,0,2,27.59,17.24
170,11,4,2,2,38.0,33.0,19.0,115.15,27.0,5,0,0,0,2,39.39,15.15
170,11,6,1,1,0.0,3.0,0.0,0.0,0.0,0,0,0,0,1,100.0,0.0
170,11,17,1,1,18.0,7.0,18.0,257.14,18.0,1,2,0,0,1,28.57,42.86
170,17,4,1,1,69.0,33.0,69.0,209.09,69.0,7,5,1,0,1,30.3,36.36
170,17,11,1,1,50.0,23.0,50.0,217.39,50.0,5,3,1,0,1,17.39,34.78
170,35,8,1,1,28.0,26.0,28.0,107.69,28.0,4,0,0,0,1,42.31,15.38
170,13,2,2,2,62.0,39.0,31.0,158.97,44.0,6,3,0,0,1,30.77,23.08
170,3,1,1,1,6.0,4.0,6.0,150.0,6.0,1,0,0,0,1,25.0,25.0
170,3,3,1,1,17.0,19.0,17.0,89.47,17.0,1,0,0,0,0,26.32,5.26
170,3,4,1,1,20.0,15.0,20.0,133.33,20.0,3,0,0,0,1,26.67,20.0
170,3,5,2,2,22.0,18.0,11.0,122.22,16.0,4,0,0,0,2,44.44,22.22
170,3,6,1,1,60.0,37.0,60.0,162.16,60.0,3,4,1,0,1,21.62,18.92
170,3,7,1,1,1.0,2.0,1.0,50.0,1.0,0,0,0,0,1,50.0,0.0
170,3,8,5,5,72.0,54.0,14.4,133.33,27.0,6,3,0,0,5,35.19,16.67
170,3,9,2,2,28.0,34.0,14.0,82.35,26.0,2,0,0,0,2,35.29,5.88
170,3,11,1,1,23.0,10.0,23.0,230.0,23.0,2,1,0,0,1,20.0,30.0
170,3,12,1,1,19.0,15.0,19.0,126.67,19.0,1,1,0,0,1,20.0,13.33
170,3,16,7,7,67.0,51.0,9.57,131.37,28.0,6,2,0,0,7,31.37,15.69
170,3,17,7,7,170.0,81.0,24.29,209.88,83.0,12,13,1,0,4,24.69,30.86
170,8,3,1,1,13.0,16.0,13.0,81.25,13.0,1,0,0,0,1,43.75,6.25
170,8,6,1,1,37.0,25.0,37.0,148.0,37.0,4,1,0,0,1,32.0,20.0
170,8,8,1,1,23.0,20.0,23.0,115.0,23.0,4,0,0,0,1,40.0,20.0
170,8,11,1,1,26.0,25.0,26.0,104.0,26.0,2,1,0,0,1,44.0,12.0
170,8,12,1,1,19.0,21.0,19.0,90.48,19.0,3,0,0,0,1,61.9,14.29
170,8,14,3,3,32.0,25.0,10.67,128.0,22.0,2,1,0,0,1,24.0,12.0
170,8,17,1,1,38.0,26.0,38.0,146.15,38.0,3,2,0,0,1,23.08,19.23
170,32,8,1,1,8.0,3.0,8.0,266.67,8.0,0,1,0,0,1,33.33,33.33
170,32,9,1,1,33.0,20.0,33.0,165.0,33.0,4,0,0,0,1,10.0,20.0
170,32,10,1,1,29.0,26.0,29.0,111.54,29.0,3,0,0,0,0,23.08,11.54
170,32,15,3,3,39.0,23.0,13.0,169.57,26.0,2,3,0,0,1,34.78,21.74
170,2,3,1,1,23.0,26.0,23.0,88.46,23.0,2,0,0,0,0,34.62,7.69
170,2,7,1,1,3.0,8.0,3.0,37.5,3.0,0,0,0,0,1,62.5,0.0
170,2,14,2,2,26.0,16.0,13.0,162.5,14.0,3,1,0,0,1,31.25,25.0
170,2,15,1,1,6.0,7.0,6.0,85.71,6.0,0,0,0,0,1,28.57,0.0
170,2,17,1,1,11.0,13.0,11.0,84.62,11.0,1,0,0,0,1,38.46,7.69
170,19,2,3,3,100.0,82.0,33.33,121.95,52.0,8,1,1,0,2,19.51,10.98
170,4,2,2,2,55.0,40.0,27.5,137.5,32.0,1,2,0,0,1,27.5,7.5
170,7,1,1,1,24.0,14.0,24.0,171.43,24.0,2,1,0,0,1,21.43,21.43
170,7,3,1,1,20.0,18.0,20.0,111.11,20.0,3,0,0,0,1,44.44,16.67
170,7,4,4,4,103.0,78.0,25.75,132.05,31.0,12,2,0,0,3,28.21,17.95
170,7,5,1,1,3.0,6.0,3.0,50.0,3.0,0,0,0,0,1,50.0,0.0
170,7,7,1,1,13.0,7.0,13.0,185.71,13.0,3,0,0,0,1,42.86,42.86
170,7,8,1,1,2.0,4.0,2.0,50.0,2.0,0,0,0,0,1,25.0,0.0
170,7,9,1,1,41.0,26.0,41.0,157.69,41.0,7,0,0,0,1,23.08,26.92
170,7,10,1,1,35.0,23.0,35.0,152.17,35.0,2,1,0,0,0,17.39,13.04
170,7,12,1,1,21.0,9.0,21.0,233.33,21.0,2,1,0,0,0,0.0,33.33
170,7,16,1,1,7.0,5.0,7.0,140.0,7.0,1,0,0,0,1,40.0,20.0
170,16,4,1,1,3.0,5.0,3.0,60.0,3.0,0,0,0,0,0,40.0,0.0
170,16,6,1,1,0.0,2.0,0.0,0.0,0.0,0,0,0,0,1,100.0,0.0
170,16,8,1,1,2.0,2.0,2.0,100.0,2.0,0,0,0,0,0,0.0,0.0
170,16,9,1,1,0.0,3.0,0.0,0.0,0.0,0,0,0,0,1,100.0,0.0
170,16,10,1,1,30.0,32.0,30.0,93.75,30.0,2,0,0,0,1,28.12,6.25
170,16,11,1,1,26.0,22.0,26.0,118.18,26.0,1,1,0,0,0,36.36,9.09
170,16,12,1,1,6.0,4.0,6.0,150.0,6.0,1,0,0,0,1,25.0,25.0
170,16,17,1,1,11.0,6.0,11.0,183.33,11.0,2,0,0,0,1,16.67,33.33
170,34,9,4,4,113.0,95.0,28.25,118.95,53.0,9,0,2,0,3,30.53,9.47
170,34,10,5,5,111.0,86.0,22.2,129.07,58.0,12,2,1,0,4,26.74,16.28
170,18,1,1,1,13.0,15.0,13.0,86.67,13.0,1,0,0,0,1,53.33,6.67
170,18,6,1,1,30.0,32.0,30.0,93.75,30.0,3,0,0,0,1,37.5,9.38
170,18,11,1,1,42.0,23.0,42.0,182.61,42.0,2,2,0,0,0,13.04,17.39
170,18,16,1,1,0.0,2.0,0.0,0.0,0.0,0,0,0,0,1,100.0,0.0
170,36,7,2,2,2.0,4.0,1.0,50.0,2.0,0,0,0,0,2,75.0,0.0
170,36,13,3,3,7.0,12.0,2.33,58.33,6.0,0,0,0,0,3,50.0,0.0
170,36,14,4,4,36.0,40.0,9.0,90.0,14.0,3,1,0,0,3,50.0,10.0
170,1,7,1,1,21.0,22.0,21.0,95.45,21.0,2,0,0,0,1,40.91,9.09
170,1,13,8,9,140.0,110.0,17.5,127.27,58.0,17,4,1,0,7,37.27,19.09
170,1,14,1,1,26.0,11.0,26.0,236.36,26.0,3,1,0,0,1,9.09,36.36
170,30,2,1,1,12.0,9.0,12.0,133.33,12.0,1,1,0,0,1,55.56,22.22
170,31,5,1,1,18.0,22.0,18.0,81.82,18.0,1,0,0,0,2,27.27,4.55
170,31,6,1,1,17.0,25.0,17.0,68.0,17.0,1,1,0,0,1,68.0,8.0
170,6,2,4,4,54.0,44.0,13.5,122.73,41.0,3,2,0,0,3,27.27,11.36
170,28,1,1,1,10.0,12.0,10.0,83.33,10.0,1,0,0,0,1,41.67,8.33
170,28,4,1,1,1.0,2.0,1.0,50.0,1.0,0,0,0,0,1,50.0,0.0
170,28,5,8,8,148.0,133.0,18.5,111.28,44.0,17,2,0,0,8,42.11,14.29
170,28,6,8,8,303.0,214.0,37.88,141.59,86.0,35,8,1,0,10,31.31,20.09
170,28,7,1,1,7.0,13.0,7.0,53.85,7.0,1,0,0,0,1,69.23,7.69
170,28,9,1,1,9.0,11.0,9.0,81.82,9.0,1,0,0,0,1,54.55,9.09
170,28,10,1,1,48.0,26.0,48.0,184.62,48.0,2,2,0,0,0,15.38,15.38
170,28,11,1,1,36.0,26.0,36.0,138.46,36.0,5,1,0,0,0,34.62,23.08
170,28,12,1,1,3.0,9.0,3.0,33.33,3.0,0,0,0,0,1,66.67,0.0
170,28,14,2,2,65.0,48.0,32.5,135.42,40.0,8,2,0,0,2,35.42,20.83
170,28,15,4,4,142.0,67.0,35.5,211.94,66.0,13,10,1,0,0,26.87,34.33
170,28,16,1,1,30.0,18.0,30.0,166.67,30.0,4,1,0,0,1,33.33,27.78
170,28,17,1,1,53.0,23.0,53.0,230.43,53.0,5,4,1,0,0,26.09,39.13
546,10,9,1,1,36.0,17.0,36.0,211.76,36.0,4,2,0,0,0,23.53,35.29
546,10,11,1,1,4.0,3.0,4.0,133.33,4.0,1,0,0,0,1,66.67,33.33
546,10,12,1,1,37.0,26.0,37.0,142.31,37.0,5,0,0,0,0,15.38,19.23
546,10,14,2,2,71.0,49.0,35.5,144.9,39.0,4,4,0,0,2,30.61,16.33
546,10,17,1,1,18.0,18.0,18.0,100.0,18.0,2,0,0,0,1,38.89,11.11
546,10,18,1,1,73.0,47.0,73.0,155.32,73.0,5,4,1,0,0,31.91,19.15
546,24,16,7,7,153.0,130.0,21.86,117.69,49.0,12,4,0,0,5,36.92,12.31
546,24,17,6,6,69.0,46.0,11.5,150.0,43.0,5,2,0,0,3,21.74,15.22
546,24,18,1,1,8.0,6.0,8.0,133.33,8.0,2,0,0,0,1,66.67,33.33
546,26,15,2,2,26.0,24.0,13.0,108.33,25.0,1,1,0,0,1,29.17,8.33
546,37,9,3,3,122.0,60.0,40.67,203.33,86.0,10,8,1,0,3,30.0,30.0
546,27,15,3,3,67.0,45.0,22.33,148.89,42.0,6,3,0,0,2,35.56,20.0
546,12,13,3,3,48.0,41.0,16.0,117.07,34.0,4,2,0,0,2,34.15,14.63
546,12,14,2,2,9.0,16.0,4.5,56.25,5.0,0,0,0,0,2,50.0,0.0
546,23,10,1,1,0.0,1.0,0.0,0.0,0.0,0,0,0,0,0,0.0,0.0
546,23,11,1,1,8.0,2.0,8.0,400.0,8.0,0,1,0,0,0,0.0,50.0
546,23,12,1,1,24.0,18.0,24.0,133.33,24.0,0,2,0,0,1,33.33,11.11
546,23,15,1,1,0.0,1.0,0.0,0.0,0.0,0,0,0,0,1,100.0,0.0
546,23,16,1,1,9.0,8.0,9.0,112.5,9.0,0,1,0,0,1,50.0,12.5
546,23,17,1,1,7.0,8.0,7.0,87.5,7.0,0,0,0,0,0,12.5,0.0
546,20,9,1,1,4.0,3.0,4.0,133.33,4.0,1,0,0,0,1,66.67,33.33
546,17,11,1,1,31.0,12.0,31.0,258.33,31.0,4,2,0,0,0,16.67,50.0
546,3,10,2,2,82.0,60.0,41.0,136.67,45.0,11,1,0,0,0,30.0,20.0
546,3,11,1,1,23.0,19.0,23.0,121.05,23.0,1,1,0,0,1,21.05,10.53
546,3,12,1,1,1.0,2.0,1.0,50.0,1.0,0,0,0,0,1,50.0,0.0
546,3,16,1,1,0.0,2.0,0.0,0.0,0.0,0,0,0,0,1,100.0,0.0
546,3,18,3,3,24.0,25.0,8.0,96.0,18.0,2,0,0,0,3,40.0,8.0
546,8,12,2,2,1.0,4.0,0.5,25.0,1.0,0,0,0,0,2,75.0,0.0
546,8,14,5,5,29.0,27.0,5.8,107.41,15.0,4,0,0,0,4,37.04,14.81
546,8,16,2,2,17.0,20.0,8.5,85.0,9.0,1,1,0,0,2,50.0,10.0
546,8,18,1,1,0.0,3.0,0.0,0.0,0.0,0,0,0,0,1,100.0,0.0
546,32,10,1,1,3.0,5.0,3.0,60.0,3.0,0,0,0,0,1,40.0,0.0
546,32,15,3,3,37.0,39.0,12.33,94.87,25.0,4,0,0,0,4,41.03,10.26
546,2,16,1,1,0.0,1.0,0.0,0.0,0.0,0,0,0,0,1,100.0,0.0
546,2,18,1,1,4.0,5.0,4.0,80.0,4.0,0,0,0,0,1,20.0,0.0
546,7,12,1,1,10.0,5.0,10.0,200.0,10.0,2,0,0,0,1,20.0,40.0
546,7,16,1,1,5.0,2.0,5.0,250.0,5.0,1,0,0,0,0,0.0,50.0
546,16,9,1,1,49.0,28.0,49.0,175.0,49.0,3,3,0,0,0,21.43,21.43
546,16,10,1,1,47.0,38.0,47.0,123.68,47.0,3,2,0,0,1,31.58,13.16
546,16,11,1,1,15.0,10.0,15.0,150.0,15.0,2,0,0,0,1,40.0,20.0
546,16,12,2,2,13.0,20.0,6.5,65.0,7.0,0,0,0,0,2,55.0,0.0
546,16,17,1,1,24.0,21.0,24.0,114.29,24.0,0,2,0,0,1,38.1,9.52
546,34,10,1,1,29.0,20.0,29.0,145.0,29.0,2,1,0,0,0,25.0,15.0
546,18,11,1,1,7.0,6.0,7.0,116.67,7.0,1,0,0,0,1,33.33,16.67
546,18,12,1,1,2.0,2.0,2.0,100.0,2.0,0,0,0,0,0,0.0,0.0
546,18,16,1,1,4.0,2.0,4.0,200.0,4.0,1,0,0,0,1,50.0,50.0
546,18,17,1,1,3.0,5.0,3.0,60.0,3.0,0,0,0,0,0,20.0,0.0
546,36,13,2,2,20.0,7.0,10.0,285.71,20.0,2,2,0,0,1,42.86,57.14
546,36,14,1,1,13.0,15.0,13.0,86.67,13.0,1,1,0,0,0,66.67,13.33
546,1,13,6,6,41.0,44.0,6.83,93.18,12.0,3,1,0,0,3,36.36,9.09
546,1,14,2,2,21.0,16.0,10.5,131.25,12.0,1,1,0,0,2,31.25,12.5
546,28,9,2,2,26.0,16.0,13.0,162.5,20.0,4,0,0,0,1,25.0,25.0
546,28,10,5,5,82.0,55.0,16.4,149.09,37.0,8,3,0,0,5,36.36,20.0
546,28,11,7,7,140.0,105.0,20.0,133.33,41.0,13,6,0,0,5,36.19,18.1
546,28,12,5,5,95.0,73.0,19.0,130.14,42.0,11,3,0,0,4,42.47,19.18
546,28,15,4,4,53.0,36.0,13.25,147.22,22.0,5,0,0,0,2,19.44,13.89
546,28,17,1,1,12.0,7.0,12.0,171.43,12.0,1,1,0,0,0,42.86,28.57
440,37,9,1,1,1.0,1.0,1.0,100.0,1.0,0,0,0,0,0,0.0,0.0
440,3,9,1,1,0.0,1.0,0.0,0.0,0.0,0,0,0,0,1,100.0,0.0
440,7,9,1,1,12.0,6.0,12.0,200.0,12.0,0,1,0,0,0,33.33,16.67
71,27,15,1,1,0.0,1.0,0.0,0.0,0.0,0,0,0,0,1,100.0,0.0
71,12,13,1,1,0.0,2.0,0.0,0.0,0.0,0,0,0,0,1,100.0,0.0
71,8,14,1,1,1.0,2.0,1.0,50.0,1.0,0,0,0,0,1,50.0,0.0
71,8,18,1,1,1.0,2.0,1.0,50.0,1.0,0,0,0,0,0,50.0,0.0
71,32,15,1,1,0.0,1.0,0.0,0.0,0.0,0,0,0,0,1,100.0,0.0
71,16,12,1,1,0.0,1.0,0.0,0.0,0.0,0,0,0,0,1,100.0,0.0
168,10,6,1,1,2.0,2.0,2.0,100.0,2.0,0,0,0,0,1,50.0,0.0
168,23,6,1,1,4.0,2.0,4.0,200.0,4.0,1,0,0,0,1,50.0,50.0
168,2,7,2,2,37.0,24.0,18.5,154.17,32.0,2,3,0,0,2,37.5,20.83
168,7,7,1,1,2.0,2.0,2.0,100.0,2.0,0,0,0,0,1,50.0,0.0
168,16,6,1,1,26.0,12.0,26.0,216.67,26.0,3,1,0,0,1,25.0,33.33
168,18,5,3,3,24.0,14.0,8.0,171.43,11.0,3,1,0,0,1,35.71,28.57
168,18,6,1,1,0.0,2.0,0.0,0.0,0.0,0,0,0,0,1,100.0,0.0
168,28,5,1,1,14.0,6.0,14.0,233.33,14.0,0,2,0,0,1,33.33,33.33
168,28,6,1,1,7.0,4.0,7.0,175.0,7.0,0,1,0,0,0,50.0,25.0
492,10,7,1,1,73.0,50.0,73.0,146.0,73.0,8,2,1,0,0,32.0,20.0
492,10,8,1,1,20.0,12.0,20.0,166.67,20.0,3,0,0,0,1,33.33,25.0
492,10,9,4,4,114.0,85.0,28.5,134.12,68.0,16,1,1,0,4,32.94,20.0
492,10,10,7,7,183.0,143.0,26.14,127.97,64.0,25,3,1,0,8,37.76,19.58
492,10,11,1,1,34.0,32.0,34.0,106.25,34.0,4,0,0,0,1,34.38,12.5
492,10,18,4,4,108.0,60.0,27.0,180.0,89.0,15,5,1,0,3,38.33,33.33
492,24,18,1,1,15.0,9.0,15.0,166.67,15.0,2,1,0,0,1,44.44,33.33
492,26,8,3,3,81.0,58.0,27.0,139.66,61.0,9,2,1,0,3,34.48,18.97
492,26,15,1,1,3.0,5.0,3.0,60.0,3.0,0,0,0,0,1,40.0,0.0
492,37,8,1,1,1.0,5.0,1.0,20.0,1.0,0,0,0,0,1,80.0,0.0
492,37,9,2,2,49.0,51.0,24.5,96.08,41.0,6,0,0,0,2,47.06,11.76
492,12,13,2,2,16.0,11.0,8.0,145.45,15.0,2,0,0,0,1,18.18,18.18
492,23,9,1,1,3.0,8.0,3.0,37.5,3.0,0,0,0,0,1,75.0,0.0
492,23,10,1,1,15.0,17.0,15.0,88.24,15.0,3,0,0,0,1,58.82,17.65
492,20,10,1,1,30.0,15.0,30.0,200.0,30.0,5,1,0,0,1,33.33,40.0
492,17,11,4,4,58.0,44.0,14.5,131.82,31.0,3,4,0,0,5,40.91,15.91
492,35,7,1,1,8.0,11.0,8.0,72.73,8.0,1,0,0,0,1,54.55,9.09
492,3,6,1,1,0.0,3.0,0.0,0.0,0.0,0,0,0,0,1,100.0,0.0
492,3,7,1,1,56.0,39.0,56.0,143.59,56.0,8,0,1,0,1,28.21,20.51
492,3,9,1,1,54.0,42.0,54.0,128.57,54.0,6,1,1,0,0,28.57,16.67
492,3,10,1,1,4.0,3.0,4.0,133.33,4.0,1,0,0,0,1,66.67,33.33
492,3,11,1,1,29.0,26.0,29.0,111.54,29.0,3,0,0,0,1,30.77,11.54
492,8,8,1,1,10.0,12.0,10.0,83.33,10.0,1,0,0,0,1,33.33,8.33
492,32,8,2,2,20.0,24.0,10.0,83.33,12.0,2,1,0,0,2,62.5,12.5
492,32,11,1,1,54.0,26.0,54.0,207.69,54.0,3,5,1,0,1,19.23,30.77
492,2,7,4,4,123.0,82.0,30.75,150.0,48.0,12,5,0,0,5,36.59,20.73
492,2,8,3,3,42.0,28.0,14.0,150.0,25.0,2,2,0,0,1,17.86,14.29
492,2,18,1,1,31.0,18.0,31.0,172.22,31.0,2,2,0,0,1,22.22,22.22
492,7,7,1,1,11.0,6.0,11.0,183.33,11.0,2,0,0,0,1,50.0,33.33
492,7,9,1,1,23.0,25.0,23.0,92.0,23.0,1,0,0,0,1,28.0,4.0
492,7,10,1,1,11.0,10.0,11.0,110.0,11.0,0,1,0,0,1,40.0,10.0
492,7,11,3,3,110.0,71.0,36.67,154.93,50.0,10,4,1,0,3,26.76,19.72
492,16,6,1,1,9.0,9.0,9.0,100.0,9.0,0,0,0,0,1,55.56,0.0
492,16,9,1,1,20.0,17.0,20.0,117.65,20.0,3,0,0,0,1,35.29,17.65
492,16,10,1,1,33.0,23.0,33.0,143.48,33.0,5,1,0,0,0,43.48,26.09
492,16,11,1,1,13.0,17.0,13.0,76.47,13.0,0,0,0,0,1,35.29,0.0
492,16,18,1,1,0.0,1.0,0.0,0.0,0.0,0,0,0,0,1,100.0,0.0
492,18,11,1,1,3.0,5.0,3.0,60.0,3.0,0,0,0,0,1,40.0,0.0
492,18,18,1,1,44.0,27.0,44.0,162.96,44.0,5,2,0,0,1,25.93,25.93
492,33,9,2,2,94.0,69.0,47.0,136.23,83.0,8,4,1,0,2,33.33,17.39
492,1,7,2,2,9.0,17.0,4.5,52.94,8.0,0,0,0,0,2,64.71,0.0
492,1,13,1,1,0.0,3.0,0.0,0.0,0.0,0,0,0,0,1,100.0,0.0
492,28,7,1,1,50.0,27.0,50.0,185.19,50.0,7,2,1,0,1,29.63,33.33
492,28,8,1,1,7.0,6.0,7.0,116.67,7.0,1,0,0,0,1,16.67,16.67
492,28,10,1,1,5.0,15.0,5.0,33.33,5.0,0,0,0,0,1,73.33,0.0
492,28,12,1,1,5.0,6.0,5.0,83.33,5.0,0,0,0,0,1,33.33,0.0
492,28,15,1,1,13.0,13.0,13.0,100.0,13.0,1,0,0,0,1,15.38,7.69
657,12,13,2,2,9.0,6.0,4.5,150.0,8.0,1,0,0,0,0,0.0,16.67
657,36,13,3,3,13.0,23.0,4.33,56.52,6.0,0,0,0,0,2,52.17,0.0
657,1,13,1,1,0.0,2.0,0.0,0.0,0.0,0,0,0,0,1,100.0,0.0
657,28,14,1,1,0.0,2.0,0.0,0.0,0.0,0,0,0,0,1,100.0,0.0
370,10,11,1,1,23.0,15.0,23.0,153.33,23.0,3,1,0,0,1,40.0,26.67
370,10,12,1,1,12.0,9.0,12.0,133.33,12.0,1,1,0,0,1,55.56,22.22
370,10,17,1,1,5.0,3.0,5.0,166.67,5.0,1,0,0,0,1,33.33,33.33
370,10,18,5,6,220.0,157.0,44.0,140.13,112.0,22,6,1,1,3,28.66,17.83
370,24,16,5,5,185.0,163.0,37.0,113.5,74.0,20,2,2,0,4,34.97,13.5
370,24,17,7,7,298.0,206.0,42.57,144.66,82.0,32,8,2,0,7,28.64,19.42
370,24,18,1,1,57.0,42.0,57.0,135.71,57.0,3,3,1,0,0,28.57,14.29
370,26,15,3,3,153.0,105.0,51.0,145.71,103.0,11,9,1,1,2,32.38,19.05
370,37,8,3,3,26.0,29.0,8.67,89.66,24.0,0,2,0,0,3,48.28,6.9
370,37,18,1,1,15.0,5.0,15.0,300.0,15.0,2,1,0,0,1,20.0,60.0
370,27,15,4,4,190.0,150.0,47.5,126.67,68.0,13,7,2,0,3,30.0,13.33
370,12,7,1,1,46.0,40.0,46.0,115.0,46.0,3,0,0,0,1,20.0,7.5
370,12,13,7,9,352.0,251.0,50.29,140.24,132.0,33,14,3,1,8,33.47,18.73
370,12,14,3,3,214.0,130.0,71.33,164.62,98.0,15,12,2,0,2,21.54,20.77
370,23,11,1,1,60.0,27.0,60.0,222.22,60.0,9,2,1,0,1,14.81,40.74
370,23,12,1,1,1.0,5.0,1.0,20.0,1.0,0,0,0,0,1,80.0,0.0
370,23,15,1,1,79.0,58.0,79.0,136.21,79.0,3,5,1,0,1,29.31,13.79
370,23,17,1,1,39.0,27.0,39.0,144.44,39.0,3,2,0,0,1,25.93,18.52
370,17,11,4,4,195.0,118.0,48.75,165.25,84.0,10,15,2,0,3,32.2,21.19
370,3,6,2,2,20.0,16.0,10.0,125.0,12.0,4,0,0,0,2,56.25,25.0
370,3,7,1,1,6.0,6.0,6.0,100.0,6.0,1,0,0,0,1,66.67,16.67
370,3,8,1,1,44.0,28.0,44.0,157.14,44.0,4,1,0,0,0,10.71,17.86
370,3,9,6,6,185.0,136.0,30.83,136.03,68.0,14,8,2,0,4,25.74,16.18
370,3,11,1,1,47.0,30.0,47.0,156.67,47.0,2,4,0,0,1,33.33,20.0
370,3,12,1,1,42.0,27.0,42.0,155.56,42.0,7,1,0,0,1,44.44,29.63
370,3,16,1,1,18.0,20.0,18.0,90.0,18.0,1,0,0,0,1,25.0,5.0
370,3,17,1,1,20.0,14.0,20.0,142.86,20.0,0,2,0,0,1,35.71,14.29
370,3,18,1,1,93.0,53.0,93.0,175.47,93.0,7,6,1,0,0,28.3,24.53
370,8,8,1,1,5.0,8.0,5.0,62.5,5.0,1,0,0,0,1,75.0,12.5
370,8,12,1,1,55.0,47.0,55.0,117.02,55.0,3,1,1,0,1,23.4,8.51
370,8,14,2,2,64.0,58.0,32.0,110.34,60.0,3,3,1,0,1,36.21,10.34
370,8,16,1,1,20.0,18.0,20.0,111.11,20.0,2,0,0,0,1,38.89,11.11
370,8,17,1,1,16.0,14.0,16.0,114.29,16.0,1,1,0,0,1,50.0,14.29
370,8,18,1,1,77.0,51.0,77.0,150.98,77.0,6,3,1,0,1,17.65,17.65
370,32,9,1,1,7.0,10.0,7.0,70.0,7.0,1,0,0,0,1,60.0,10.0
370,32,11,1,1,7.0,11.0,7.0,63.64,7.0,1,0,0,0,1,72.73,9.09
370,32,15,2,2,14.0,27.0,7.0,51.85,8.0,2,0,0,0,2,66.67,7.41
370,2,7,1,1,18.0,18.0,18.0,100.0,18.0,2,0,0,0,1,38.89,11.11
370,2,14,2,2,110.0,77.0,55.0,142.86,91.0,9,6,1,0,1,35.06,19.48
370,2,18,1,1,28.0,14.0,28.0,200.0,28.0,4,1,0,0,1,28.57,35.71
370,7,9,1,1,42.0,25.0,42.0,168.0,42.0,6,1,0,0,1,28.0,28.0
370,7,11,3,3,106.0,59.0,35.33,179.66,51.0,16,4,1,0,3,40.68,33.9
370,7,12,7,7,300.0,226.0,42.86,132.74,71.0,27,11,4,0,5,34.51,16.81
370,7,16,1,1,12.0,9.0,12.0,133.33,12.0,1,1,0,0,1,55.56,22.22
370,16,7,2,2,24.0,28.0,12.0,85.71,14.0,3,0,0,0,2,50.0,10.71
370,16,8,2,2,42.0,34.0,21.0,123.53,25.0,3,1,0,0,2,32.35,11.76
370,16,9,1,1,51.0,28.0,51.0,182.14,51.0,6,1,1,0,1,14.29,25.0
370,16,11,1,1,32.0,26.0,32.0,123.08,32.0,4,1,0,0,1,42.31,19.23
370,16,12,1,1,79.0,56.0,79.0,141.07,79.0,4,5,1,0,1,35.71,16.07
370,16,17,1,1,29.0,33.0,29.0,87.88,29.0,1,1,0,0,1,42.42,6.06
370,16,18,1,1,10.0,14.0,10.0,71.43,10.0,1,0,0,0,1,50.0,7.14
370,34,9,1,1,51.0,35.0,51.0,145.71,51.0,4,3,1,0,0,28.57,20.0
370,18,11,1,1,95.0,70.0,95.0,135.71,95.0,11,2,1,0,0,31.43,18.57
370,18,12,1,1,4.0,4.0,4.0,100.0,4.0,1,0,0,0,1,75.0,25.0
370,18,16,1,1,39.0,32.0,39.0,121.88,39.0,4,1,0,0,1,43.75,15.62
370,18,17,1,1,58.0,44.0,58.0,131.82,58.0,4,2,1,0,1,25.0,13.64
370,18,18,1,1,35.0,21.0,35.0,166.67,35.0,6,1,0,0,1,42.86,33.33
370,33,9,1,1,38.0,23.0,38.0,165.22,38.0,4,1,0,0,1,26.09,21.74
370,36,7,2,2,52.0,54.0,26.0,96.3,27.0,2,2,0,0,2,31.48,7.41
370,36,13,3,3,158.0,128.0,52.67,123.44,69.0,12,6,2,0,3,31.25,14.06
370,36,14,2,2,60.0,56.0,30.0,107.14,39.0,4,2,0,0,2,37.5,10.71
370,1,7,1,1,20.0,18.0,20.0,111.11,20.0,1,1,0,0,1,38.89,11.11
370,1,13,4,4,166.0,145.0,41.5,114.48,74.0,13,3,1,0,4,32.41,11.03
370,1,14,1,1,21.0,22.0,21.0,95.45,21.0,2,0,0,0,1,36.36,9.09
370,28,8,1,1,25.0,27.0,25.0,92.59,25.0,0,1,0,0,1,40.74,3.7
370,28,9,1,1,23.0,14.0,23.0,164.29,23.0,2,2,0,0,1,50.0,28.57
370,28,11,1,1,94.0,60.0,94.0,156.67,94.0,10,3,1,0,1,21.67,21.67
370,28,12,1,1,100.0,64.0,100.0,156.25,100.0,6,6,1,1,0,26.56,18.75
370,28,14,3,3,157.0,108.0,52.33,145.37,91.0,15,7,2,0,2,32.41,20.37
370,28,15,4,4,180.0,115.0,45.0,156.52,103.0,16,9,2,1,3,26.09,21.74
370,28,17,1,1,55.0,41.0,55.0,134.15,55.0,3,3,1,0,1,31.71,14.63
370,28,18,1,1,11.0,6.0,11.0,183.33,11.0,2,0,0,0,1,16.67,33.33
350,18,16,1,1,0.0,2.0,0.0,0.0,0.0,0,0,0,0,1,100.0,0.0
23,10,3,3,3,21.0,19.0,7.0,110.53,10.0,2,0,0,0,2,26.32,10.53
23,10,6,4,4,69.0,58.0,17.25,118.97,31.0,4,2,0,0,3,24.14,10.34
23,10,7,5,5,88.0,59.0,17.6,149.15,29.0,7,5,0,0,2,27.12,20.34
23,10,8,3,3,46.0,39.0,15.33,117.95,33.0,5,1,0,0,2,33.33,15.38
23,10,10,1,1,12.0,9.0,12.0,133.33,12.0,0,1,0,0,1,22.22,11.11
23,10,12,1,1,27.0,34.0,27.0,79.41,27.0,2,0,0,0,1,38.24,5.88
23,10,14,2,2,31.0,23.0,15.5,134.78,19.0,1,2,0,0,1,26.09,13.04
23,26,8,1,1,11.0,7.0,11.0,157.14,11.0,0,1,0,0,1,42.86,14.29
23,37,8,1,1,19.0,12.0,19.0,158.33,19.0,1,1,0,0,0,8.33,16.67
23,12,13,2,2,29.0,31.0,14.5,93.55,26.0,3,0,0,0,3,41.94,9.68
23,12,14,1,1,3.0,8.0,3.0,37.5,3.0,0,0,0,0,1,62.5,0.0
23,23,3,1,1,5.0,8.0,5.0,62.5,5.0,0,0,0,0,1,50.0,0.0
23,23,4,1,1,12.0,11.0,12.0,109.09,12.0,1,0,0,0,1,27.27,9.09
23,23,8,1,1,10.0,6.0,10.0,166.67,10.0,0,1,0,0,1,16.67,16.67
23,23,10,1,1,9.0,7.0,9.0,128.57,9.0,2,0,0,0,1,42.86,28.57
23,23,12,1,1,20.0,12.0,20.0,166.67,20.0,3,1,0,0,1,50.0,33.33
23,17,10,1,1,1.0,4.0,1.0,25.0,1.0,0,0,0,0,1,75.0,0.0
23,3,3,1,1,50.0,29.0,50.0,172.41,50.0,5,2,1,0,1,27.59,24.14
23,3,6,1,1,29.0,16.0,29.0,181.25,29.0,2,1,0,0,1,12.5,18.75
23,3,7,1,1,37.0,20.0,37.0,185.0,37.0,3,2,0,0,0,15.0,25.0
23,3,8,1,1,0.0,1.0,0.0,0.0,0.0,0,0,0,0,1,100.0,0.0
23,3,9,2,2,17.0,17.0,8.5,100.0,9.0,2,0,0,0,0,29.41,11.76
23,3,10,6,6,141.0,100.0,23.5,141.0,69.0,11,6,1,0,5,27.0,17.0
23,3,12,1,1,9.0,9.0,9.0,100.0,9.0,2,0,0,0,1,66.67,22.22
23,8,4,1,1,1.0,1.0,1.0,100.0,1.0,0,0,0,0,0,0.0,0.0
23,8,6,1,1,2.0,4.0,2.0,50.0,2.0,0,0,0,0,1,50.0,0.0
23,8,8,1,1,20.0,20.0,20.0,100.0,20.0,2,0,0,0,1,35.0,10.0
23,8,12,5,5,46.0,51.0,9.2,90.2,13.0,4,1,0,0,2,45.1,9.8
23,8,14,1,1,9.0,9.0,9.0,100.0,9.0,1,0,0,0,1,33.33,11.11
23,32,8,1,1,3.0,5.0,3.0,60.0,3.0,0,0,0,0,1,40.0,0.0
23,32,10,1,1,7.0,12.0,7.0,58.33,7.0,1,0,0,0,1,66.67,8.33
23,2,7,1,1,3.0,3.0,3.0,100.0,3.0,0,0,0,0,0,0.0,0.0
23,22,4,1,1,0.0,2.0,0.0,0.0,0.0,0,0,0,0,1,100.0,0.0
23,7,7,1,1,0.0,4.0,0.0,0.0,0.0,0,0,0,0,1,100.0,0.0
23,7,12,1,1,0.0,1.0,0.0,0.0,0.0,0,0,0,0,1,100.0,0.0
23,16,6,1,1,3.0,4.0,3.0,75.0,3.0,0,0,0,0,1,50.0,0.0
23,16,9,1,1,25.0,15.0,25.0,166.67,25.0,0,2,0,0,0,20.0,13.33
23,16,10,1,1,31.0,16.0,31.0,193.75,31.0,4,1,0,0,1,12.5,31.25
23,16,12,1,1,1.0,2.0,1.0,50.0,1.0,0,0,0,0,1,50.0,0.0
23,34,10,1,1,38.0,16.0,38.0,237.5,38.0,5,2,0,0,0,31.25,43.75
23,18,4,1,1,5.0,9.0,5.0,55.56,5.0,0,0,0,0,1,44.44,0.0
23,18,6,1,1,23.0,21.0,23.0,109.52,23.0,2,0,0,0,0,33.33,9.52
23,18,12,1,1,1.0,6.0,1.0,16.67,1.0,0,0,0,0,1,83.33,0.0
23,33,6,1,1,25.0,19.0,25.0,131.58,25.0,0,2,0,0,1,31.58,10.53
23,33,8,2,2,64.0,35.0,32.0,182.86,63.0,8,2,1,0,0,20.0,28.57
23,36,7,1,1,14.0,10.0,14.0,140.0,14.0,2,0,0,0,0,30.0,20.0
23,36,13,1,1,22.0,16.0,22.0,137.5,22.0,3,0,0,0,1,18.75,18.75
23,36,14,1,1,12.0,12.0,12.0,100.0,12.0,0,0,0,0,1,25.0,0.0
23,1,13,2,2,11.0,19.0,5.5,57.89,7.0,1,0,0,0,0,57.89,5.26
23,28,6,1,1,1.0,2.0,1.0,50.0,1.0,0,0,0,0,1,50.0,0.0
23,28,7,1,1,7.0,5.0,7.0,140.0,7.0,1,0,0,0,0,20.0,20.0
23,28,8,1,1,16.0,15.0,16.0,106.67,16.0,0,1,0,0,1,46.67,6.67
23,28,10,1,1,28.0,22.0,28.0,127.27,28.0,2,0,0,0,1,9.09,9.09
23,28,11,1,1,24.0,22.0,24.0,109.09,24.0,1,2,0,0,0,40.91,13.64
23,28,12,1,1,58.0,54.0,58.0,107.41,58.0,8,1,1,0,1,46.3,16.67
23,28,16,1,1,12.0,10.0,12.0,120.0,12.0,1,0,0,0,0,30.0,10.0
658,10,12,1,1,0.0,4.0,0.0,0.0,0.0,0,0,0,0,1,100.0,0.0
658,37,12,2,2,8.0,11.0,4.0,72.73,5.0,1,0,0,0,1,54.55,9.09
658,16,12,1,1,7.0,4.0,7.0,175.0,7.0,0,1,0,0,1,25.0,25.0
658,28,12,1,1,3.0,5.0,3.0,60.0,3.0,0,0,0,0,1,40.0,0.0
313,8,5,1,1,5.0,3.0,5.0,166.67,5.0,1,0,0,0,0,0.0,33.33
274,10,3,1,1,1.0,2.0,1.0,50.0,1.0,0,0,0,0,0,50.0,0.0
274,13,2,1,1,0.0,1.0,0.0,0.0,0.0,0,0,0,0,0,0.0,0.0
274,29,3,1,1,1.0,1.0,1.0,100.0,1.0,0,0,0,0,1,0.0,0.0
140,10,3,1,1,16.0,19.0,16.0,84.21,16.0,0,1,0,0,1,42.11,5.26
140,10,5,5,5,233.0,144.0,46.6,161.81,103.0,17,17,2,1,3,35.42,23.61
140,10,7,5,5,104.0,79.0,20.8,131.65,49.0,13,3,0,0,5,41.77,20.25
140,27,3,2,2,48.0,35.0,24.0,137.14,29.0,3,2,0,0,1,31.43,14.29
140,12,7,1,1,16.0,17.0,16.0,94.12,16.0,1,1,0,0,1,47.06,11.76
140,13,2,2,2,13.0,14.0,6.5,92.86,13.0,1,0,0,0,2,35.71,7.14
140,3,3,1,1,21.0,16.0,21.0,131.25,21.0,1,1,0,0,1,18.75,12.5
140,3,7,1,1,33.0,29.0,33.0,113.79,33.0,2,1,0,0,1,24.14,10.34
140,8,3,1,1,23.0,14.0,23.0,164.29,23.0,2,1,0,0,0,28.57,21.43
140,32,9,1,1,0.0,1.0,0.0,0.0,0.0,0,0,0,0,1,100.0,0.0
140,2,7,1,1,13.0,18.0,13.0,72.22,13.0,1,0,0,0,1,33.33,5.56
140,5,2,2,2,43.0,45.0,21.5,95.56,32.0,5,0,0,0,2,46.67,11.11
140,7,3,1,1,66.0,44.0,66.0,150.0,66.0,7,1,1,0,1,18.18,18.18
140,7,7,1,1,58.0,41.0,58.0,141.46,58.0,9,0,1,0,1,29.27,21.95
140,7,9,1,1,15.0,15.0,15.0,100.0,15.0,2,0,0,0,1,40.0,13.33
140,34,9,1,1,37.0,31.0,37.0,119.35,37.0,2,1,0,0,1,25.81,9.68
140,18,3,1,1,62.0,29.0,62.0,213.79,62.0,10,2,1,0,0,27.59,41.38
140,18,5,1,1,36.0,34.0,36.0,105.88,36.0,3,1,0,0,1,47.06,11.76
140,36,7,1,1,26.0,18.0,26.0,144.44,26.0,2,1,0,0,0,27.78,16.67
140,30,2,2,2,37.0,26.0,18.5,142.31,37.0,2,2,0,0,2,38.46,15.38
140,31,5,1,1,27.0,21.0,27.0,128.57,27.0,1,2,0,0,1,38.1,14.29
140,28,5,1,1,9.0,8.0,9.0,112.5,9.0,1,0,0,0,1,25.0,12.5
140,28,7,1,1,44.0,31.0,44.0,141.94,44.0,6,1,0,0,1,38.71,22.58
140,28,9,1,1,21.0,14.0,21.0,150.0,21.0,0,2,0,0,0,28.57,14.29
265,24,16,6,6,153.0,113.0,25.5,135.4,73.0,9,11,1,0,6,46.02,17.7
265,3,16,1,1,0.0,3.0,0.0,0.0,0.0,0,0,0,0,1,100.0,0.0
265,8,16,2,2,71.0,35.0,35.5,202.86,53.0,11,2,1,0,2,31.43,37.14
265,2,16,1,1,48.0,32.0,48.0,150.0,48.0,7,2,0,0,1,50.0,28.12
265,7,16,1,1,54.0,24.0,54.0,225.0,54.0,7,4,1,0,1,41.67,45.83
265,16,16,1,1,2.0,14.0,2.0,14.29,2.0,0,0,0,0,1,78.57,0.0
265,18,16,1,1,51.0,42.0,51.0,121.43,51.0,4,3,1,0,1,38.1,16.67
283,27,15,1,1,0.0,3.0,0.0,0.0,0.0,0,0,0,0,0,100.0,0.0
469,27,15,2,2,8.0,7.0,4.0,114.29,8.0,2,0,0,0,2,71.43,28.57
469,12,14,3,3,154.0,111.0,51.33,138.74,78.0,8,7,1,0,2,27.03,13.51
469,36,14,1,1,9.0,16.0,9.0,56.25,9.0,0,0,0,0,1,37.5,0.0
469,1,14,2,2,28.0,29.0,14.0,96.55,16.0,2,1,0,0,2,41.38,10.34
407,23,18,1,1,0.0,5.0,0.0,0.0,0.0,0,0,0,0,1,100.0,0.0
126,24,16,1,1,9.0,16.0,9.0,56.25,9.0,0,0,0,0,1,43.75,0.0
126,23,16,1,1,3.0,5.0,3.0,60.0,3.0,0,0,0,0,1,40.0,0.0
126,32,15,1,1,4.0,4.0,4.0,100.0,4.0,1,0,0,0,1,75.0,25.0
614,10,10,1,1,24.0,24.0,24.0,100.0,24.0,1,1,0,0,1,41.67,8.33
614,10,11,1,1,83.0,53.0,83.0,156.6,83.0,8,2,1,0,0,20.75,18.87
614,10,14,2,2,46.0,31.0,23.0,148.39,26.0,5,1,0,0,1,22.58,19.35
614,24,17,1,1,1.0,5.0,1.0,20.0,1.0,0,0,0,0,1,80.0,0.0
614,26,15,3,3,37.0,44.0,12.33,84.09,17.0,6,0,0,0,2,52.27,13.64
614,37,9,2,2,34.0,42.0,17.0,80.95,32.0,3,0,0,0,2,40.48,7.14
614,37,12,1,1,28.0,27.0,28.0,103.7,28.0,2,0,0,0,1,25.93,7.41
614,27,15,4,4,108.0,111.0,27.0,97.3,57.0,5,6,1,0,4,46.85,9.91
614,12,13,5,5,119.0,84.0,23.8,141.67,57.0,10,3,1,0,2,25.0,15.48
614,12,14,3,3,95.0,88.0,31.67,107.95,51.0,10,1,1,0,2,39.77,12.5
614,23,9,1,1,7.0,9.0,7.0,77.78,7.0,0,0,0,0,1,22.22,0.0
614,23,11,2,2,53.0,47.0,26.5,112.77,50.0,4,1,1,0,2,31.91,10.64
614,3,8,1,1,5.0,9.0,5.0,55.56,5.0,0,0,0,0,1,33.33,0.0
614,3,10,1,1,24.0,26.0,24.0,92.31,24.0,2,1,0,0,1,46.15,11.54
614,3,11,1,1,81.0,42.0,81.0,192.86,81.0,7,5,1,0,1,19.05,28.57
614,3,12,1,1,70.0,43.0,70.0,162.79,70.0,5,4,1,0,0,23.26,20.93
614,8,8,1,1,26.0,18.0,26.0,144.44,26.0,1,1,0,0,0,5.56,11.11
614,8,14,2,3,86.0,73.0,43.0,117.81,70.0,9,0,1,0,0,28.77,12.33
614,32,10,1,1,21.0,14.0,21.0,150.0,21.0,1,1,0,0,1,28.57,14.29
614,32,11,1,1,51.0,39.0,51.0,130.77,51.0,5,2,1,0,1,30.77,17.95
614,32,15,3,3,58.0,61.0,19.33,95.08,47.0,3,2,0,0,3,40.98,8.2
614,2,17,1,1,26.0,22.0,26.0,118.18,26.0,4,0,0,0,1,50.0,18.18
614,7,10,1,1,54.0,27.0,54.0,200.0,54.0,4,2,1,0,0,3.7,22.22
614,7,11,1,1,54.0,41.0,54.0,131.71,54.0,3,2,1,0,1,21.95,12.2
614,16,9,3,3,83.0,71.0,27.67,116.9,50.0,11,0,1,0,3,29.58,15.49
614,16,10,3,3,133.0,78.0,44.33,170.51,89.0,12,5,1,0,2,24.36,21.79
614,16,11,7,7,250.0,179.0,35.71,139.66,84.0,16,12,2,0,5,30.17,15.64
614,16,12,5,5,42.0,39.0,8.4,107.69,14.0,3,1,0,0,4,38.46,10.26
614,18,11,1,1,63.0,43.0,63.0,146.51,63.0,7,2,1,0,1,32.56,20.93
614,18,12,1,1,13.0,14.0,13.0,92.86,13.0,2,0,0,0,1,57.14,14.29
614,36,13,2,2,11.0,19.0,5.5,57.89,8.0,0,0,0,0,2,42.11,0.0
614,36,14,2,2,12.0,17.0,6.0,70.59,11.0,2,0,0,0,2,64.71,11.76
614,1,13,4,4,187.0,134.0,46.75,139.55,67.0,16,7,2,0,3,26.12,17.16
614,1,14,1,1,31.0,29.0,31.0,106.9,31.0,4,0,0,0,1,44.83,13.79
614,28,11,3,3,100.0,72.0,33.33,138.89,47.0,14,2,0,0,4,36.11,22.22
614,28,12,1,1,3.0,7.0,3.0,42.86,3.0,0,0,0,0,1,71.43,0.0
614,28,15,2,2,13.0,15.0,6.5,86.67,8.0,2,0,0,0,1,53.33,13.33
100,18,18,1,1,8.0,2.0,8.0,400.0,8.0,2,0,0,0,0,0.0,100.0
472,10,11,1,1,7.0,6.0,7.0,116.67,7.0,1,0,0,0,0,50.0,16.67
472,10,12,1,1,10.0,5.0,10.0,200.0,10.0,1,0,0,0,0,0.0,20.0
472,10,16,4,4,11.0,20.0,2.75,55.0,10.0,0,0,0,0,2,45.0,0.0
472,10,17,2,2,5.0,3.0,2.5,166.67,5.0,1,0,0,0,1,33.33,33.33
472,10,18,2,2,2.0,2.0,1.0,100.0,1.0,0,0,0,0,1,0.0,0.0
472,15,16,1,1,3.0,7.0,3.0,42.86,3.0,0,0,0,0,0,57.14,0.0
472,24,16,1,1,6.0,10.0,6.0,60.0,6.0,0,0,0,0,0,50.0,0.0
472,37,18,1,1,5.0,5.0,5.0,100.0,5.0,1,0,0,0,1,60.0,20.0
472,27,15,2,2,7.0,19.0,3.5,36.84,5.0,0,0,0,0,1,57.89,0.0
472,23,10,2,2,20.0,22.0,10.0,90.91,16.0,2,0,0,0,2,40.91,9.09
472,23,11,2,2,5.0,18.0,2.5,27.78,5.0,0,0,0,0,1,72.22,0.0
472,23,12,1,1,2.0,2.0,2.0,100.0,2.0,0,0,0,0,0,50.0,0.0
472,23,17,1,1,35.0,26.0,35.0,134.62,35.0,5,1,0,0,0,42.31,23.08
472,3,16,1,1,7.0,6.0,7.0,116.67,7.0,1,0,0,0,0,50.0,16.67
472,3,17,1,1,6.0,10.0,6.0,60.0,6.0,0,0,0,0,1,50.0,0.0
472,8,12,1,1,0.0,1.0,0.0,0.0,0.0,0,0,0,0,1,100.0,0.0
472,8,16,1,1,0.0,1.0,0.0,0.0,0.0,0,0,0,0,0,100.0,0.0
472,25,17,1,1,1.0,2.0,1.0,50.0,1.0,0,0,0,0,0,50.0,0.0
472,32,15,1,1,14.0,14.0,14.0,100.0,14.0,0,1,0,0,0,35.71,7.14
472,2,16,1,1,0.0,1.0,0.0,0.0,0.0,0,0,0,0,0,100.0,0.0
472,2,18,1,1,4.0,1.0,4.0,400.0,4.0,1,0,0,0,0,0.0,100.0
472,16,16,1,1,4.0,3.0,4.0,133.33,4.0,1,0,0,0,1,66.67,33.33
472,1,13,2,2,13.0,21.0,6.5,61.9,12.0,1,0,0,0,0,52.38,4.76
472,28,15,4,4,27.0,19.0,6.75,142.11,16.0,3,1,0,0,0,36.84,21.05
472,28,18,1,1,7.0,8.0,7.0,87.5,7.0,0,0,0,0,1,37.5,0.0
442,23,17,1,1,1.0,3.0,1.0,33.33,1.0,0,0,0,0,1,66.67,0.0
442,3,17,1,1,2.0,3.0,2.0,66.67,2.0,0,0,0,0,1,66.67,0.0
442,28,17,1,1,0.0,1.0,0.0,0.0,0.0,0,0,0,0,1,100.0,0.0
485,10,6,1,1,2.0,2.0,2.0,100.0,2.0,0,0,0,0,0,0.0,0.0
485,24,16,1,1,2.0,2.0,2.0,100.0,2.0,0,0,0,0,1,50.0,0.0
485,37,8,1,1,19.0,10.0,19.0,190.0,19.0,0,2,0,0,1,20.0,20.0
485,23,6,1,1,5.0,9.0,5.0,55.56,5.0,0,0,0,0,0,44.44,0.0
485,23,7,1,1,5.0,2.0,5.0,250.0,5.0,1,0,0,0,0,0.0,50.0
485,23,8,1,1,32.0,20.0,32.0,160.0,32.0,0,3,0,0,1,20.0,15.0
485,23,9,1,1,8.0,11.0,8.0,72.73,8.0,0,0,0,0,0,9.09,0.0
485,23,16,1,1,1.0,3.0,1.0,33.33,1.0,0,0,0,0,1,66.67,0.0
485,23,17,1,1,20.0,7.0,20.0,285.71,20.0,0,3,0,0,1,28.57,42.86
485,3,7,1,1,1.0,1.0,1.0,100.0,1.0,0,0,0,0,0,0.0,0.0
485,3,9,1,1,26.0,17.0,26.0,152.94,26.0,3,1,0,0,0,41.18,23.53
485,3,17,1,1,6.0,4.0,6.0,150.0,6.0,1,0,0,0,0,0.0,25.0
485,8,8,1,1,4.0,6.0,4.0,66.67,4.0,0,0,0,0,1,33.33,0.0
485,32,6,1,1,7.0,13.0,7.0,53.85,7.0,0,0,0,0,1,53.85,0.0
485,2,7,1,1,0.0,1.0,0.0,0.0,0.0,0,0,0,0,1,100.0,0.0
485,2,17,1,1,5.0,4.0,5.0,125.0,5.0,1,0,0,0,1,50.0,25.0
485,5,2,1,1,1.0,3.0,1.0,33.33,1.0,0,0,0,0,1,66.67,0.0
485,7,6,1,1,22.0,18.0,22.0,122.22,22.0,2,1,0,0,1,50.0,16.67
485,7,8,1,1,1.0,1.0,1.0,100.0,1.0,0,0,0,0,0,0.0,0.0
485,16,6,2,2,43.0,36.0,21.5,119.44,39.0,3,1,0,0,2,30.56,11.11
485,16,7,2,2,5.0,5.0,2.5,100.0,4.0,0,0,0,0,0,20.0,0.0
485,16,8,3,3,30.0,30.0,10.0,100.0,15.0,1,1,0,0,2,30.0,6.67
485,16,9,1,1,2.0,2.0,2.0,100.0,2.0,0,0,0,0,0,0.0,0.0
485,16,10,2,2,6.0,10.0,3.0,60.0,5.0,1,0,0,0,2,70.0,10.0
485,18,6,1,1,6.0,8.0,6.0,75.0,6.0,1,0,0,0,1,75.0,12.5
485,33,8,1,1,16.0,13.0,16.0,123.08,16.0,2,0,0,0,1,30.77,15.38
485,36,7,2,2,27.0,15.0,13.5,180.0,17.0,0,3,0,0,1,20.0,20.0
485,1,7,1,1,4.0,5.0,4.0,80.0,4.0,0,0,0,0,1,20.0,0.0
485,28,8,1,1,2.0,5.0,2.0,40.0,2.0,0,0,0,0,0,40.0,0.0
485,28,10,4,4,43.0,31.0,10.75,138.71,19.0,4,2,0,0,4,35.48,19.35
485,28,18,1,1,1.0,1.0,1.0,100.0,1.0,0,0,0,0,0,0.0,0.0
47,2,7,1,1,1.0,2.0,1.0,50.0,1.0,0,0,0,0,1,50.0,0.0
47,31,6,2,2,34.0,36.0,17.0,94.44,26.0,2,1,0,0,2,44.44,8.33
47,28,9,1,1,1.0,1.0,1.0,100.0,1.0,0,0,0,0,0,0.0,0.0
352,3,4,1,1,0.0,2.0,0.0,0.0,0.0,0,0,0,0,0,100.0,0.0
718,10,4,1,1,3.0,1.0,3.0,300.0,3.0,0,0,0,0,0,0.0,0.0
718,23,4,1,1,1.0,1.0,1.0,100.0,1.0,0,0,0,0,0,0.0,0.0
718,23,6,1,1,9.0,7.0,9.0,128.57,9.0,1,0,0,0,0,28.57,14.29
718,13,2,2,2,2.0,7.0,1.0,28.57,2.0,0,0,0,0,1,42.86,0.0
718,3,3,1,1,0.0,2.0,0.0,0.0,0.0,0,0,0,0,0,100.0,0.0
718,3,7,1,1,1.0,1.0,1.0,100.0,1.0,0,0,0,0,0,0.0,0.0
718,8,1,1,1,0.0,4.0,0.0,0.0,0.0,0,0,0,0,1,75.0,0.0
718,8,3,2,2,18.0,18.0,9.0,100.0,15.0,1,1,0,0,2,44.44,11.11
718,19,2,1,1,2.0,3.0,2.0,66.67,2.0,0,0,0,0,1,66.67,0.0
718,1,7,1,1,0.0,2.0,0.0,0.0,0.0,0,0,0,0,1,100.0,0.0
718,28,6,1,1,0.0,3.0,0.0,0.0,0.0,0,0,0,0,1,100.0,0.0
721,24,18,1,1,0.0,2.0,0.0,0.0,0.0,0,0,0,0,0,100.0,0.0
591,14,2,1,1,0.0,2.0,0.0,0.0,0.0,0,0,0,0,1,100.0,0.0
591,27,1,1,1,13.0,11.0,13.0,118.18,13.0,3,0,0,0,1,63.64,27.27
591,8,1,1,1,2.0,3.0,2.0,66.67,2.0,0,0,0,0,0,33.33,0.0
591,7,1,1,1,11.0,8.0,11.0,137.5,11.0,1,1,0,0,0,62.5,25.0
591,28,1,1,1,8.0,10.0,8.0,80.0,8.0,2,0,0,0,1,80.0,20.0
92,10,17,1,1,9.0,3.0,9.0,300.0,9.0,0,1,0,0,0,0.0,33.33
328,21,2,2,2,17.0,19.0,8.5,89.47,9.0,2,0,0,0,1,47.37,10.53
328,13,2,1,1,16.0,9.0,16.0,177.78,16.0,2,0,0,0,0,0.0,22.22
328,30,2,1,1,39.0,32.0,39.0,121.88,39.0,6,0,0,0,1,40.62,18.75
328,6,2,1,1,9.0,8.0,9.0,112.5,9.0,1,0,0,0,1,50.0,12.5
606,10,1,1,1,25.0,12.0,25.0,208.33,25.0,0,3,0,0,0,8.33,25.0
606,10,6,1,1,18.0,10.0,18.0,180.0,18.0,3,0,0,0,1,30.0,30.0
606,13,2,1,1,26.0,32.0,26.0,81.25,26.0,1,1,0,0,1,46.88,6.25
606,3,4,1,1,16.0,14.0,16.0,114.29,16.0,2,0,0,0,1,42.86,14.29
606,8,4,2,2,6.0,7.0,3.0,85.71,4.0,0,0,0,0,2,28.57,0.0
606,8,6,1,1,7.0,9.0,7.0,77.78,7.0,1,0,0,0,1,66.67,11.11
606,19,2,1,1,1.0,2.0,1.0,50.0,1.0,0,0,0,0,0,50.0,0.0
606,4,2,1,1,9.0,8.0,9.0,112.5,9.0,2,0,0,0,1,37.5,25.0
606,7,1,3,3,48.0,37.0,16.0,129.73,34.0,3,3,0,0,1,29.73,16.22
606,7,6,1,1,33.0,40.0,33.0,82.5,33.0,1,1,0,0,1,47.5,5.0
606,6,2,1,1,5.0,7.0,5.0,71.43,5.0,0,0,0,0,1,42.86,0.0
606,28,1,1,1,79.0,50.0,79.0,158.0,79.0,10,3,1,0,0,32.0,26.0
606,28,4,1,1,29.0,18.0,29.0,161.11,29.0,2,2,0,0,1,33.33,22.22
389,10,16,3,3,12.0,23.0,4.0,52.17,6.0,0,0,0,0,2,43.48,0.0
389,10,17,1,1,7.0,8.0,7.0,87.5,7.0,1,0,0,0,1,50.0,12.5
389,15,16,1,1,38.0,24.0,38.0,158.33,38.0,5,0,0,0,1,16.67,20.83
389,26,15,2,2,49.0,42.0,24.5,116.67,48.0,4,2,0,0,1,35.71,14.29
389,27,15,1,1,24.0,21.0,24.0,114.29,24.0,1,1,0,0,1,28.57,9.52
389,3,16,1,1,4.0,7.0,4.0,57.14,4.0,0,0,0,0,1,57.14,0.0
389,8,14,1,1,22.0,25.0,22.0,88.0,22.0,1,0,0,0,0,20.0,4.0
389,8,16,1,1,12.0,5.0,12.0,240.0,12.0,3,0,0,0,1,40.0,60.0
389,32,15,1,1,25.0,22.0,25.0,113.64,25.0,2,1,0,0,0,45.45,13.64
389,36,14,1,1,0.0,3.0,0.0,0.0,0.0,0,0,0,0,1,100.0,0.0
389,1,14,1,1,14.0,15.0,14.0,93.33,14.0,1,0,0,0,0,20.0,6.67
389,28,14,2,2,32.0,30.0,16.0,106.67,20.0,5,0,0,0,1,46.67,16.67
389,28,15,4,4,63.0,61.0,15.75,103.28,37.0,4,3,0,0,4,42.62,11.48
389,28,17,1,1,3.0,4.0,3.0,75.0,3.0,0,0,0,0,1,50.0,0.0
570,23,17,1,1,1.0,2.0,1.0,50.0,1.0,0,0,0,0,0,50.0,0.0
716,10,11,2,2,1.0,3.0,0.5,33.33,1.0,0,0,0,0,1,66.67,0.0
494,27,15,2,2,5.0,4.0,2.5,125.0,5.0,1,0,0,0,2,50.0,25.0
494,12,14,1,1,18.0,11.0,18.0,163.64,18.0,1,1,0,0,0,27.27,18.18
494,23,17,1,1,1.0,1.0,1.0,100.0,1.0,0,0,0,0,1,0.0,0.0
494,25,18,1,1,4.0,1.0,4.0,400.0,4.0,1,0,0,0,0,0.0,100.0
494,34,10,1,1,1.0,1.0,1.0,100.0,1.0,0,0,0,0,0,0.0,0.0
494,36,13,1,1,24.0,13.0,24.0,184.62,24.0,3,1,0,0,0,15.38,30.77
494,1,13,1,1,19.0,16.0,19.0,118.75,19.0,1,0,0,0,1,25.0,6.25
445,10,16,1,1,4.0,4.0,4.0,100.0,4.0,1,0,0,0,1,75.0,25.0
167,3,6,1,1,7.0,3.0,7.0,233.33,7.0,0,1,0,0,1,33.33,33.33
167,7,6,1,1,34.0,10.0,34.0,340.0,34.0,6,1,0,0,1,10.0,70.0
167,33,6,1,1,19.0,18.0,19.0,105.56,19.0,3,0,0,0,1,44.44,16.67
167,31,6,2,2,46.0,29.0,23.0,158.62,44.0,7,1,0,0,1,31.03,27.59
694,10,8,1,1,15.0,14.0,15.0,107.14,15.0,3,0,0,0,1,57.14,21.43
694,10,10,1,1,66.0,43.0,66.0,153.49,66.0,5,4,1,0,1,25.58,20.93
694,9,7,1,1,12.0,14.0,12.0,85.71,12.0,2,0,0,0,1,50.0,14.29
694,26,7,1,1,67.0,44.0,67.0,152.27,67.0,5,4,1,0,1,34.09,20.45
694,23,8,1,1,68.0,45.0,68.0,151.11,68.0,8,3,1,0,1,35.56,24.44
694,23,10,1,1,0.0,5.0,0.0,0.0,0.0,0,0,0,0,1,100.0,0.0
694,3,8,1,1,59.0,44.0,59.0,134.09,59.0,9,2,1,0,1,52.27,25.0
694,3,10,1,1,3.0,6.0,3.0,50.0,3.0,0,0,0,0,1,66.67,0.0
694,8,8,1,1,38.0,31.0,38.0,122.58,38.0,3,2,0,0,1,45.16,16.13
694,2,7,1,1,62.0,51.0,62.0,121.57,62.0,6,2,1,0,1,39.22,15.69
694,7,7,1,1,100.0,61.0,100.0,163.93,100.0,14,2,1,1,0,27.87,26.23
694,7,8,1,1,71.0,56.0,71.0,126.79,71.0,9,1,1,0,1,39.29,17.86
694,16,7,1,1,68.0,50.0,68.0,136.0,68.0,5,4,1,0,1,44.0,18.0
694,16,8,1,1,48.0,44.0,48.0,109.09,48.0,4,2,0,0,1,45.45,13.64
694,16,10,2,2,4.0,13.0,2.0,30.77,3.0,0,0,0,0,2,69.23,0.0
694,28,7,3,3,85.0,71.0,28.33,119.72,38.0,11,2,0,0,3,45.07,18.31
694,28,8,7,7,241.0,207.0,34.43,116.43,68.0,20,11,3,0,7,43.48,14.98
694,28,9,1,1,8.0,8.0,8.0,100.0,8.0,0,1,0,0,1,62.5,12.5
694,28,10,2,2,64.0,45.0,32.0,142.22,59.0,5,4,1,0,1,42.22,20.0
640,7,1,1,1,23.0,10.0,23.0,230.0,23.0,2,1,0,0,0,0.0,30.0
640,16,1,2,2,17.0,16.0,8.5,106.25,17.0,3,0,0,0,2,43.75,18.75
484,10,7,3,3,31.0,38.0,10.33,81.58,21.0,2,1,0,0,3,39.47,7.89
484,14,2,1,1,6.0,7.0,6.0,85.71,6.0,0,0,0,0,1,28.57,0.0
484,23,1,7,7,98.0,70.0,14.0,140.0,40.0,11,3,0,0,4,22.86,20.0
484,23,3,1,1,19.0,16.0,19.0,118.75,19.0,3,0,0,0,1,31.25,18.75
484,23,5,3,3,35.0,24.0,11.67,145.83,26.0,1,3,0,0,4,37.5,16.67
484,23,6,1,1,1.0,3.0,1.0,33.33,1.0,0,0,0,0,1,66.67,0.0
484,13,2,2,2,50.0,49.0,25.0,102.04,48.0,3,2,0,0,2,42.86,10.2
484,3,5,1,1,5.0,8.0,5.0,62.5,5.0,0,0,0,0,1,50.0,0.0
484,8,1,1,1,42.0,33.0,42.0,127.27,42.0,4,1,0,0,1,27.27,15.15
484,8,3,1,1,17.0,10.0,17.0,170.0,17.0,0,2,0,0,1,40.0,20.0
484,8,4,1,1,14.0,10.0,14.0,140.0,14.0,2,0,0,0,1,30.0,20.0
484,8,5,1,1,3.0,6.0,3.0,50.0,3.0,0,0,0,0,1,50.0,0.0
484,5,2,2,2,21.0,19.0,10.5,110.53,13.0,1,1,0,0,2,42.11,10.53
484,7,1,1,1,7.0,10.0,7.0,70.0,7.0,0,0,0,0,1,40.0,0.0
484,16,1,1,1,14.0,3.0,14.0,466.67,14.0,2,1,0,0,0,0.0,100.0
484,18,1,1,1,2.0,2.0,2.0,100.0,2.0,0,0,0,0,1,0.0,0.0
484,18,5,1,1,8.0,8.0,8.0,100.0,8.0,0,1,0,0,1,62.5,12.5
484,18,6,1,1,2.0,9.0,2.0,22.22,2.0,0,0,0,0,1,77.78,0.0
484,30,2,1,1,6.0,10.0,6.0,60.0,6.0,1,0,0,0,1,80.0,10.0
484,31,5,1,1,24.0,11.0,24.0,218.18,24.0,3,1,0,0,0,18.18,36.36
484,28,1,1,1,0.0,4.0,0.0,0.0,0.0,0,0,0,0,1,75.0,0.0
510,10,1,1,1,29.0,15.0,29.0,193.33,29.0,3,2,0,0,1,26.67,33.33
510,10,3,1,1,22.0,10.0,22.0,220.0,22.0,0,3,0,0,1,40.0,30.0
510,10,5,7,7,136.0,121.0,19.43,112.4,55.0,9,4,1,0,8,33.06,10.74
510,27,3,1,1,31.0,30.0,31.0,103.33,31.0,1,1,0,0,0,23.33,6.67
510,12,7,1,1,6.0,9.0,6.0,66.67,6.0,1,0,0,0,1,66.67,11.11
510,23,4,1,1,6.0,9.0,6.0,66.67,6.0,0,0,0,0,1,33.33,0.0
510,13,2,2,2,81.0,72.0,40.5,112.5,46.0,6,3,0,0,2,34.72,12.5
510,3,1,2,2,97.0,54.0,48.5,179.63,53.0,9,6,1,0,2,29.63,27.78
510,3,3,3,3,24.0,19.0,8.0,126.32,14.0,1,1,0,0,2,21.05,10.53
510,8,4,1,1,20.0,14.0,20.0,142.86,20.0,2,0,0,0,1,14.29,14.29
510,8,5,1,1,24.0,14.0,24.0,171.43,24.0,1,2,0,0,1,28.57,21.43
510,8,6,1,1,8.0,13.0,8.0,61.54,8.0,0,0,0,0,1,46.15,0.0
510,2,7,1,1,4.0,5.0,4.0,80.0,4.0,0,0,0,0,1,20.0,0.0
510,19,2,3,3,69.0,44.0,23.0,156.82,27.0,4,6,0,0,2,36.36,22.73
510,5,2,1,1,0.0,1.0,0.0,0.0,0.0,0,0,0,0,1,100.0,0.0
510,7,4,1,1,0.0,5.0,0.0,0.0,0.0,0,0,0,0,1,100.0,0.0
510,16,4,1,1,21.0,14.0,21.0,150.0,21.0,1,2,0,0,0,35.71,21.43
510,16,6,1,1,19.0,19.0,19.0,100.0,19.0,0,0,0,0,1,26.32,0.0
510,18,3,1,1,10.0,11.0,10.0,90.91,10.0,0,1,0,0,0,54.55,9.09
510,18,4,7,7,134.0,110.0,19.14,121.82,47.0,8,5,0,0,2,32.73,11.82
510,18,5,1,1,6.0,5.0,6.0,120.0,6.0,1,0,0,0,1,40.0,20.0
510,36,7,1,1,43.0,39.0,43.0,110.26,43.0,4,0,0,0,0,28.21,10.26
510,1,7,1,1,6.0,6.0,6.0,100.0,6.0,1,0,0,0,1,50.0,16.67
510,30,2,3,3,48.0,54.0,16.0,88.89,31.0,3,1,0,0,4,46.3,7.41
510,31,5,2,2,20.0,21.0,10.0,95.24,11.0,0,1,0,0,1,38.1,4.76
510,31,6,2,2,32.0,39.0,16.0,82.05,17.0,1,1,0,0,2,46.15,5.13
510,6,2,2,2,82.0,37.0,41.0,221.62,81.0,7,5,1,0,1,21.62,32.43
510,29,3,1,1,1.0,5.0,1.0,20.0,1.0,0,0,0,0,1,60.0,0.0
510,28,1,1,1,23.0,12.0,23.0,191.67,23.0,1,2,0,0,1,16.67,25.0
510,28,5,1,1,11.0,10.0,11.0,110.0,11.0,1,0,0,0,0,30.0,10.0
510,28,6,1,1,4.0,5.0,4.0,80.0,4.0,1,0,0,0,0,80.0,20.0
717,10,12,1,1,14.0,13.0,14.0,107.69,14.0,1,1,0,0,1,53.85,15.38
717,10,16,1,1,4.0,5.0,4.0,80.0,4.0,1,0,0,0,1,80.0,20.0
717,24,17,1,1,28.0,17.0,28.0,164.71,28.0,2,2,0,0,0,29.41,23.53
717,24,18,1,1,0.0,1.0,0.0,0.0,0.0,0,0,0,0,1,100.0,0.0
717,26,15,4,4,196.0,104.0,49.0,188.46,70.0,17,13,3,0,4,26.92,28.85
717,27,15,4,4,112.0,58.0,28.0,193.1,60.0,7,9,1,0,3,25.86,27.59
717,12,14,3,3,35.0,32.0,11.67,109.38,25.0,2,1,0,0,3,25.0,9.38
717,23,16,1,1,15.0,9.0,15.0,166.67,15.0,3,0,0,0,1,33.33,33.33
717,23,18,1,1,15.0,5.0,15.0,300.0,15.0,2,1,0,0,0,20.0,60.0
717,11,16,2,2,103.0,61.0,51.5,168.85,94.0,6,9,1,0,3,34.43,24.59
717,11,17,1,1,0.0,2.0,0.0,0.0,0.0,0,0,0,0,1,100.0,0.0
717,3,12,1,1,11.0,7.0,11.0,157.14,11.0,1,1,0,0,0,28.57,28.57
717,3,17,1,1,17.0,13.0,17.0,130.77,17.0,1,1,0,0,1,46.15,15.38
717,3,18,3,3,62.0,52.0,20.67,119.23,54.0,2,5,1,0,3,42.31,13.46
717,8,16,1,1,40.0,24.0,40.0,166.67,40.0,1,4,0,0,1,25.0,20.83
717,8,18,1,1,10.0,9.0,10.0,111.11,10.0,0,1,0,0,1,55.56,11.11
717,25,17,4,4,66.0,46.0,16.5,143.48,38.0,5,4,0,0,2,30.43,19.57
717,32,15,2,2,20.0,19.0,10.0,105.26,18.0,0,2,0,0,2,47.37,10.53
717,2,18,1,1,25.0,15.0,25.0,166.67,25.0,0,2,0,0,1,6.67,13.33
717,7,16,3,3,107.0,60.0,35.67,178.33,82.0,9,5,1,0,2,16.67,23.33
717,18,12,1,1,44.0,26.0,44.0,169.23,44.0,4,3,0,0,1,42.31,26.92
717,36,14,1,1,6.0,6.0,6.0,100.0,6.0,1,0,0,0,1,50.0,16.67
717,1,14,1,1,1.0,3.0,1.0,33.33,1.0,0,0,0,0,1,66.67,0.0
717,28,12,1,1,1.0,2.0,1.0,50.0,1.0,0,0,0,0,1,50.0,0.0
717,28,15,4,4,109.0,59.0,27.25,184.75,49.0,5,10,0,0,3,27.12,25.42
717,28,16,1,1,10.0,12.0,10.0,83.33,10.0,0,1,0,0,1,58.33,8.33
717,28,18,1,1,0.0,2.0,0.0,0.0,0.0,0,0,0,0,1,100.0,0.0
611,26,15,1,1,6.0,2.0,6.0,300.0,6.0,0,1,0,0,1,50.0,50.0
611,27,15,2,2,6.0,10.0,3.0,60.0,6.0,1,0,0,0,1,70.0,10.0
611,12,13,1,1,4.0,4.0,4.0,100.0,4.0,0,0,0,0,1,25.0,0.0
611,3,12,1,1,1.0,2.0,1.0,50.0,1.0,0,0,0,0,0,50.0,0.0
611,8,14,1,1,9.0,10.0,9.0,90.0,9.0,1,0,0,0,1,40.0,10.0
611,32,9,1,1,0.0,1.0,0.0,0.0,0.0,0,0,0,0,1,100.0,0.0
611,32,11,1,1,1.0,2.0,1.0,50.0,1.0,0,0,0,0,1,50.0,0.0
611,32,15,1,1,0.0,2.0,0.0,0.0,0.0,0,0,0,0,0,100.0,0.0
611,7,12,1,1,1.0,2.0,1.0,50.0,1.0,0,0,0,0,1,50.0,0.0
611,16,12,1,1,1.0,1.0,1.0,100.0,1.0,0,0,0,0,0,0.0,0.0
611,28,14,1,1,6.0,14.0,6.0,42.86,6.0,0,0,0,0,1,57.14,0.0
630,28,7,1,1,1.0,2.0,1.0,50.0,1.0,0,0,0,0,1,50.0,0.0
16,23,17,1,1,1.0,1.0,1.0,100.0,1.0,0,0,0,0,0,0.0,0.0
16,23,18,1,1,3.0,7.0,3.0,42.86,3.0,0,0,0,0,1,57.14,0.0
16,8,14,2,2,0.0,3.0,0.0,0.0,0.0,0,0,0,0,2,100.0,0.0
16,8,16,1,1,17.0,22.0,17.0,77.27,17.0,1,0,0,0,1,40.91,4.55
16,8,18,1,1,4.0,2.0,4.0,200.0,4.0,1,0,0,0,0,50.0,50.0
16,25,18,4,4,63.0,47.0,15.75,134.04,34.0,2,4,0,0,2,23.4,12.77
16,32,15,1,1,1.0,2.0,1.0,50.0,1.0,0,0,0,0,1,50.0,0.0
16,2,16,1,1,3.0,6.0,3.0,50.0,3.0,0,0,0,0,1,50.0,0.0
16,16,16,3,3,16.0,13.0,5.33,123.08,13.0,3,0,0,0,2,23.08,23.08
16,16,18,1,1,5.0,5.0,5.0,100.0,5.0,0,0,0,0,0,0.0,0.0
16,18,16,1,1,3.0,2.0,3.0,150.0,3.0,0,0,0,0,0,0.0,0.0
16,18,18,1,1,0.0,2.0,0.0,0.0,0.0,0,0,0,0,1,100.0,0.0
16,28,15,1,1,8.0,5.0,8.0,160.0,8.0,0,1,0,0,0,40.0,20.0
16,28,17,1,1,17.0,12.0,17.0,141.67,17.0,1,1,0,0,1,33.33,16.67
565,10,1,1,1,9.0,19.0,9.0,47.37,9.0,0,0,0,0,1,47.37,0.0
565,27,1,2,2,16.0,16.0,8.0,100.0,12.0,0,1,0,0,2,43.75,6.25
565,23,1,1,1,34.0,31.0,34.0,109.68,34.0,4,0,0,0,0,38.71,12.9
565,11,4,1,1,15.0,11.0,15.0,136.36,15.0,3,0,0,0,1,54.55,27.27
565,3,1,1,1,4.0,6.0,4.0,66.67,4.0,1,0,0,0,0,83.33,16.67
565,3,4,3,3,26.0,22.0,8.67,118.18,15.0,2,0,0,0,2,40.91,9.09
565,3,5,1,1,14.0,16.0,14.0,87.5,14.0,1,0,0,0,1,31.25,6.25
565,8,1,1,1,10.0,7.0,10.0,142.86,10.0,1,0,0,0,1,28.57,14.29
565,8,3,1,1,14.0,16.0,14.0,87.5,14.0,0,0,0,0,1,25.0,0.0
565,7,1,1,1,1.0,5.0,1.0,20.0,1.0,0,0,0,0,1,80.0,0.0
565,7,3,2,2,14.0,14.0,7.0,100.0,8.0,2,0,0,0,2,42.86,14.29
565,16,1,1,1,34.0,16.0,34.0,212.5,34.0,2,3,0,0,1,18.75,31.25
565,18,1,5,5,56.0,60.0,11.2,93.33,21.0,6,1,0,0,2,50.0,11.67
565,28,1,1,1,12.0,11.0,12.0,109.09,12.0,0,1,0,0,1,36.36,9.09
326,10,3,1,1,1.0,2.0,1.0,50.0,1.0,0,0,0,0,1,50.0,0.0
326,23,1,2,2,27.0,24.0,13.5,112.5,17.0,3,0,0,0,2,29.17,12.5
326,23,3,1,1,21.0,20.0,21.0,105.0,21.0,2,0,0,0,0,40.0,10.0
326,35,6,1,1,0.0,1.0,0.0,0.0,0.0,0,0,0,0,1,100.0,0.0
326,8,1,1,1,3.0,3.0,3.0,100.0,3.0,0,0,0,0,1,33.33,0.0
326,8,4,1,1,1.0,2.0,1.0,50.0,1.0,0,0,0,0,0,0.0,0.0
326,8,5,1,1,4.0,3.0,4.0,133.33,4.0,0,0,0,0,0,0.0,0.0
326,19,2,1,1,11.0,10.0,11.0,110.0,11.0,0,0,0,0,0,10.0,0.0
326,5,2,1,1,10.0,10.0,10.0,100.0,10.0,0,0,0,0,0,10.0,0.0
326,16,6,1,1,2.0,2.0,2.0,100.0,2.0,0,0,0,0,0,0.0,0.0
326,18,5,1,1,8.0,9.0,8.0,88.89,8.0,0,0,0,0,0,11.11,0.0
326,28,4,1,1,11.0,13.0,11.0,84.62,11.0,1,0,0,0,1,38.46,7.69
326,28,5,1,1,14.0,9.0,14.0,155.56,14.0,1,1,0,0,1,33.33,22.22
226,10,4,1,1,18.0,20.0,18.0,90.0,18.0,3,0,0,0,1,50.0,15.0
226,3,4,1,1,24.0,25.0,24.0,96.0,24.0,3,0,0,0,1,44.0,12.0
226,22,4,2,2,31.0,32.0,15.5,96.88,29.0,3,0,0,0,2,37.5,9.38
517,10,3,4,4,82.0,75.0,20.5,109.33,32.0,8,0,0,0,3,29.33,10.67
517,9,3,1,1,8.0,8.0,8.0,100.0,8.0,1,0,0,0,1,37.5,12.5
517,9,5,1,1,7.0,4.0,7.0,175.0,7.0,0,1,0,0,1,50.0,25.0
517,9,7,1,1,8.0,3.0,8.0,266.67,8.0,0,1,0,0,0,0.0,33.33
517,27,4,6,6,67.0,75.0,11.17,89.33,35.0,7,2,0,0,6,57.33,12.0
517,12,7,1,1,10.0,10.0,10.0,100.0,10.0,1,0,0,0,1,40.0,10.0
517,23,5,1,1,1.0,3.0,1.0,33.33,1.0,0,0,0,0,1,66.67,0.0
517,3,4,1,1,3.0,5.0,3.0,60.0,3.0,0,0,0,0,1,60.0,0.0
517,3,5,1,1,6.0,4.0,6.0,150.0,6.0,1,0,0,0,0,25.0,25.0
517,3,6,1,1,11.0,13.0,11.0,84.62,11.0,1,0,0,0,0,46.15,7.69
517,8,3,1,1,25.0,32.0,25.0,78.12,25.0,2,0,0,0,0,40.62,6.25
517,8,4,1,1,20.0,23.0,20.0,86.96,20.0,0,1,0,0,1,43.48,4.35
517,2,3,1,1,11.0,10.0,11.0,110.0,11.0,1,0,0,0,0,10.0,10.0
517,19,2,2,2,0.0,6.0,0.0,0.0,0.0,0,0,0,0,2,100.0,0.0
517,4,2,1,1,26.0,25.0,26.0,104.0,26.0,2,0,0,0,1,36.0,8.0
517,7,3,1,1,31.0,24.0,31.0,129.17,31.0,2,0,0,0,0,16.67,8.33
517,7,5,1,1,31.0,28.0,31.0,110.71,31.0,3,1,0,0,1,42.86,14.29
517,18,4,1,1,24.0,19.0,24.0,126.32,24.0,1,1,0,0,1,26.32,10.53
517,33,6,1,1,2.0,4.0,2.0,50.0,2.0,0,0,0,0,0,50.0,0.0
517,36,7,1,1,3.0,4.0,3.0,75.0,3.0,0,0,0,0,0,50.0,0.0
517,1,7,1,1,13.0,5.0,13.0,260.0,13.0,2,0,0,0,1,20.0,40.0
517,30,2,1,1,23.0,13.0,23.0,176.92,23.0,3,0,0,0,0,15.38,23.08
517,31,5,3,3,75.0,57.0,25.0,131.58,42.0,6,2,0,0,1,26.32,14.04
517,6,2,2,2,26.0,18.0,13.0,144.44,23.0,2,1,0,0,0,27.78,16.67
517,28,4,1,1,0.0,1.0,0.0,0.0,0.0,0,0,0,0,1,100.0,0.0
517,28,7,1,1,1.0,1.0,1.0,100.0,1.0,0,0,0,0,1,0.0,0.0
734,10,11,1,1,3.0,10.0,3.0,30.0,3.0,0,0,0,0,1,70.0,0.0
734,3,12,1,1,6.0,5.0,6.0,120.0,6.0,1,0,0,0,1,40.0,20.0
734,2,16,1,1,18.0,9.0,18.0,200.0,18.0,2,1,0,0,0,22.22,33.33
734,16,11,1,1,6.0,3.0,6.0,200.0,6.0,1,0,0,0,0,0.0,33.33
734,16,16,2,2,3.0,4.0,1.5,75.0,2.0,0,0,0,0,0,25.0,0.0
734,18,11,1,1,0.0,1.0,0.0,0.0,0.0,0,0,0,0,0,100.0,0.0
734,28,11,3,3,12.0,10.0,4.0,120.0,7.0,1,0,0,0,1,10.0,10.0
695,10,4,3,3,14.0,10.0,4.67,140.0,8.0,1,1,0,0,1,50.0,20.0
695,10,5,1,1,1.0,1.0,1.0,100.0,1.0,0,0,0,0,0,0.0,0.0
695,10,6,3,3,21.0,15.0,7.0,140.0,19.0,3,0,0,0,3,33.33,20.0
695,26,8,1,1,4.0,3.0,4.0,133.33,4.0,0,0,0,0,0,0.0,0.0
695,21,2,1,1,8.0,8.0,8.0,100.0,8.0,1,0,0,0,1,50.0,12.5
695,20,9,1,1,1.0,1.0,1.0,100.0,1.0,0,0,0,0,0,0.0,0.0
695,11,4,1,1,16.0,6.0,16.0,266.67,16.0,1,1,0,0,0,0.0,33.33
695,11,6,1,1,13.0,4.0,13.0,325.0,13.0,0,2,0,0,1,25.0,50.0
695,3,3,1,1,2.0,9.0,2.0,22.22,2.0,0,0,0,0,1,88.89,0.0
695,3,5,1,1,2.0,3.0,2.0,66.67,2.0,0,0,0,0,0,33.33,0.0
695,1,7,1,1,4.0,3.0,4.0,133.33,4.0,0,0,0,0,0,0.0,0.0
695,31,5,1,1,0.0,1.0,0.0,0.0,0.0,0,0,0,0,1,100.0,0.0
695,31,6,1,1,0.0,1.0,0.0,0.0,0.0,0,0,0,0,1,100.0,0.0
695,29,3,1,1,7.0,7.0,7.0,100.0,7.0,1,0,0,0,1,42.86,14.29
695,28,4,1,1,10.0,9.0,10.0,111.11,10.0,1,0,0,0,1,33.33,11.11
695,28,6,1,1,23.0,9.0,23.0,255.56,23.0,3,1,0,0,0,0.0,44.44
768,13,2,3,3,5.0,4.0,1.67,125.0,4.0,1,0,0,0,1,50.0,25.0
768,3,5,1,1,6.0,8.0,6.0,75.0,6.0,0,0,0,0,1,62.5,0.0
768,8,3,1,1,1.0,2.0,1.0,50.0,1.0,0,0,0,0,1,50.0,0.0
768,19,2,1,1,3.0,4.0,3.0,75.0,3.0,0,0,0,0,1,25.0,0.0
768,16,5,1,1,0.0,1.0,0.0,0.0,0.0,0,0,0,0,1,100.0,0.0
768,18,1,1,1,0.0,3.0,0.0,0.0,0.0,0,0,0,0,1,100.0,0.0
768,18,4,1,1,5.0,8.0,5.0,62.5,5.0,0,0,0,0,0,25.0,0.0
580,8,1,1,1,0.0,6.0,0.0,0.0,0.0,0,0,0,0,0,100.0,0.0
580,18,1,1,1,11.0,12.0,11.0,91.67,11.0,2,0,0,0,1,66.67,16.67
635,27,15,1,1,4.0,7.0,4.0,57.14,4.0,0,0,0,0,0,42.86,0.0
635,23,11,1,1,1.0,5.0,1.0,20.0,1.0,0,0,0,0,0,80.0,0.0
635,8,12,1,1,0.0,2.0,0.0,0.0,0.0,0,0,0,0,1,100.0,0.0
635,32,15,1,1,2.0,5.0,2.0,40.0,2.0,0,0,0,0,1,60.0,0.0
635,36,13,2,2,2.0,4.0,1.0,50.0,2.0,0,0,0,0,0,50.0,0.0
635,28,14,1,1,0.0,1.0,0.0,0.0,0.0,0,0,0,0,0,100.0,0.0
193,10,1,1,1,2.0,4.0,2.0,50.0,2.0,0,0,0,0,1,50.0,0.0
193,27,1,1,1,1.0,5.0,1.0,20.0,1.0,0,0,0,0,1,80.0,0.0
193,3,1,1,1,0.0,2.0,0.0,0.0,0.0,0,0,0,0,1,100.0,0.0
193,5,2,2,2,8.0,13.0,4.0,61.54,4.0,0,0,0,0,0,30.77,0.0
193,7,1,1,1,23.0,19.0,23.0,121.05,23.0,2,1,0,0,0,36.84,15.79
193,18,1,2,2,6.0,5.0,3.0,120.0,5.0,1,0,0,0,0,40.0,20.0
193,31,6,1,1,5.0,11.0,5.0,45.45,5.0,0,0,0,0,1,54.55,0.0
193,6,2,1,1,8.0,6.0,8.0,133.33,8.0,1,0,0,0,0,16.67,16.67
193,28,1,1,1,2.0,4.0,2.0,50.0,2.0,0,0,0,0,1,50.0,0.0
520,10,16,1,1,2.0,4.0,2.0,50.0,2.0,0,0,0,0,1,50.0,0.0
520,10,17,1,1,8.0,5.0,8.0,160.0,8.0,0,1,0,0,1,40.0,20.0
520,15,16,1,1,11.0,10.0,11.0,110.0,11.0,1,0,0,0,1,20.0,10.0
520,24,16,1,1,23.0,10.0,23.0,230.0,23.0,1,2,0,0,0,20.0,30.0
520,24,18,1,1,11.0,6.0,11.0,183.33,11.0,0,1,0,0,0,0.0,16.67
520,26,15,3,3,33.0,39.0,11.0,84.62,15.0,0,2,0,0,3,46.15,5.13
520,27,15,2,2,50.0,48.0,25.0,104.17,26.0,2,4,0,0,1,52.08,12.5
520,12,14,2,2,30.0,19.0,15.0,157.89,22.0,1,3,0,0,1,42.11,21.05
520,23,16,1,1,21.0,8.0,21.0,262.5,21.0,3,1,0,0,0,12.5,50.0
520,23,18,1,1,11.0,5.0,11.0,220.0,11.0,0,1,0,0,0,0.0,20.0
520,11,16,2,2,47.0,26.0,23.5,180.77,41.0,4,3,0,0,1,30.77,26.92
520,3,17,1,1,37.0,24.0,37.0,154.17,37.0,5,1,0,0,0,29.17,25.0
520,8,14,1,1,22.0,17.0,22.0,129.41,22.0,0,2,0,0,1,23.53,11.76
520,8,16,1,1,2.0,3.0,2.0,66.67,2.0,0,0,0,0,0,0.0,0.0
520,25,17,1,1,8.0,4.0,8.0,200.0,8.0,0,1,0,0,1,25.0,25.0
520,25,18,1,1,13.0,7.0,13.0,185.71,13.0,0,1,0,0,1,28.57,14.29
520,32,15,1,1,15.0,6.0,15.0,250.0,15.0,0,2,0,0,1,16.67,33.33
520,2,14,3,3,17.0,22.0,5.67,77.27,13.0,0,1,0,0,3,50.0,4.55
520,2,17,3,3,60.0,34.0,20.0,176.47,58.0,3,5,1,0,2,29.41,23.53
520,2,18,6,6,133.0,74.0,22.17,179.73,57.0,9,10,1,0,4,27.03,25.68
520,7,16,4,4,46.0,30.0,11.5,153.33,22.0,3,3,0,0,3,36.67,20.0
520,16,16,1,1,4.0,3.0,4.0,133.33,4.0,1,0,0,0,1,66.67,33.33
520,18,17,1,1,14.0,8.0,14.0,175.0,14.0,1,1,0,0,1,12.5,25.0
520,18,18,1,1,5.0,2.0,5.0,250.0,5.0,1,0,0,0,0,0.0,50.0
520,36,14,1,1,16.0,11.0,16.0,145.45,16.0,1,1,0,0,0,36.36,18.18
520,28,14,3,3,68.0,45.0,22.67,151.11,47.0,7,3,0,0,1,33.33,22.22
520,28,15,2,2,19.0,15.0,9.5,126.67,19.0,2,1,0,0,2,46.67,20.0
520,28,18,1,1,6.0,6.0,6.0,100.0,6.0,1,0,0,0,1,50.0,16.67
674,15,18,2,2,3.0,5.0,1.5,60.0,2.0,0,0,0,0,0,40.0,0.0
674,32,15,1,1,7.0,4.0,7.0,175.0,7.0,0,1,0,0,0,25.0,25.0
674,2,18,1,1,5.0,13.0,5.0,38.46,5.0,0,0,0,0,1,61.54,0.0
674,18,18,1,1,2.0,9.0,2.0,22.22,2.0,0,0,0,0,1,66.67,0.0
674,28,15,1,1,0.0,3.0,0.0,0.0,0.0,0,0,0,0,1,100.0,0.0
496,28,18,1,1,3.0,4.0,3.0,75.0,3.0,0,0,0,0,1,50.0,0.0
563,10,3,1,1,14.0,6.0,14.0,233.33,14.0,1,1,0,0,0,16.67,33.33
563,10,6,2,2,41.0,33.0,20.5,124.24,23.0,5,0,0,0,2,36.36,15.15
563,10,7,4,4,77.0,69.0,19.25,111.59,35.0,6,2,0,0,5,37.68,11.59
563,10,9,1,1,1.0,5.0,1.0,20.0,1.0,0,0,0,0,0,80.0,0.0
563,14,2,1,1,31.0,33.0,31.0,93.94,31.0,2,1,0,0,1,39.39,9.09
563,21,2,1,1,10.0,12.0,10.0,83.33,10.0,0,1,0,0,1,58.33,8.33
563,37,5,1,1,2.0,5.0,2.0,40.0,2.0,0,0,0,0,1,80.0,0.0
563,37,9,2,2,113.0,93.0,56.5,121.51,59.0,9,4,2,0,1,32.26,13.98
563,27,3,2,2,41.0,29.0,20.5,141.38,26.0,2,3,0,0,2,41.38,17.24
563,27,4,1,1,31.0,31.0,31.0,100.0,31.0,1,1,0,0,1,38.71,6.45
563,12,7,2,2,52.0,42.0,26.0,123.81,52.0,7,1,1,0,2,38.1,19.05
563,12,13,1,1,10.0,15.0,10.0,66.67,10.0,1,0,0,0,1,60.0,6.67
563,23,3,1,1,33.0,26.0,33.0,126.92,33.0,5,0,0,0,1,38.46,19.23
563,23,4,1,1,5.0,14.0,5.0,35.71,5.0,0,0,0,0,1,78.57,0.0
563,23,5,1,1,36.0,25.0,36.0,144.0,36.0,5,1,0,0,1,40.0,24.0
563,23,6,2,2,20.0,25.0,10.0,80.0,18.0,2,0,0,0,2,52.0,8.0
563,23,8,1,1,28.0,21.0,28.0,133.33,28.0,4,1,0,0,1,47.62,23.81
563,23,9,1,1,6.0,11.0,6.0,54.55,6.0,1,0,0,0,1,63.64,9.09
563,11,3,1,1,13.0,11.0,13.0,118.18,13.0,2,0,0,0,1,36.36,18.18
563,11,5,1,1,10.0,14.0,10.0,71.43,10.0,2,0,0,0,1,71.43,14.29
563,13,2,1,1,5.0,9.0,5.0,55.56,5.0,0,0,0,0,1,55.56,0.0
563,3,3,1,1,3.0,7.0,3.0,42.86,3.0,0,0,0,0,1,57.14,0.0
563,3,4,1,1,6.0,9.0,6.0,66.67,6.0,1,0,0,0,1,66.67,11.11
563,3,5,1,1,1.0,5.0,1.0,20.0,1.0,0,0,0,0,1,80.0,0.0
563,3,6,1,1,32.0,19.0,32.0,168.42,32.0,2,2,0,0,1,26.32,21.05
563,3,7,1,1,1.0,3.0,1.0,33.33,1.0,0,0,0,0,1,66.67,0.0
563,3,8,1,1,2.0,6.0,2.0,33.33,2.0,0,0,0,0,1,66.67,0.0
563,3,9,1,1,16.0,8.0,16.0,200.0,16.0,2,1,0,0,1,37.5,37.5
563,8,3,7,7,289.0,172.0,41.29,168.02,127.0,21,19,3,1,6,34.88,23.26
563,8,4,8,8,220.0,170.0,27.5,129.41,95.0,16,11,1,0,8,42.94,15.88
563,8,5,6,6,238.0,173.0,39.67,137.57,113.0,28,6,1,1,6,35.84,19.65
563,8,6,6,6,83.0,85.0,13.83,97.65,31.0,7,2,0,0,5,48.24,10.59
563,8,8,1,1,34.0,32.0,34.0,106.25,34.0,4,1,0,0,1,50.0,15.62
563,8,12,2,2,64.0,61.0,32.0,104.92,38.0,6,1,0,0,2,42.62,11.48
563,32,8,3,3,56.0,54.0,18.67,103.7,37.0,6,2,0,0,2,55.56,14.81
563,2,3,1,1,42.0,28.0,42.0,150.0,42.0,4,2,0,0,1,35.71,21.43
563,2,8,1,1,21.0,18.0,21.0,116.67,21.0,0,2,0,0,1,50.0,11.11
563,22,4,1,1,28.0,18.0,28.0,155.56,28.0,6,0,0,0,1,44.44,33.33
563,19,2,1,1,14.0,13.0,14.0,107.69,14.0,2,0,0,0,1,46.15,15.38
563,7,4,1,1,74.0,43.0,74.0,172.09,74.0,6,4,1,0,1,34.88,23.26
563,7,6,1,1,50.0,50.0,50.0,100.0,50.0,3,1,1,0,0,38.0,8.0
563,7,8,2,2,51.0,50.0,25.5,102.0,39.0,3,1,0,0,1,38.0,8.0
563,7,9,7,7,260.0,203.0,37.14,128.08,89.0,32,5,2,0,7,36.95,18.23
563,7,11,1,1,12.0,10.0,12.0,120.0,12.0,0,1,0,0,1,30.0,10.0
563,16,6,1,1,29.0,20.0,29.0,145.0,29.0,2,3,0,0,1,60.0,25.0
563,16,8,1,1,24.0,18.0,24.0,133.33,24.0,4,1,0,0,1,61.11,27.78
563,16,9,1,1,2.0,3.0,2.0,66.67,2.0,0,0,0,0,1,33.33,0.0
563,34,9,1,1,55.0,41.0,55.0,134.15,55.0,6,0,1,0,1,29.27,14.63
563,18,4,1,1,53.0,40.0,53.0,132.5,53.0,2,3,1,0,1,27.5,12.5
563,18,5,1,1,0.0,5.0,0.0,0.0,0.0,0,0,0,0,1,100.0,0.0
563,18,6,1,1,55.0,50.0,55.0,110.0,55.0,6,0,1,0,0,42.0,12.0
563,36,7,2,2,58.0,54.0,29.0,107.41,40.0,5,2,0,0,2,42.59,12.96
563,36,13,1,1,21.0,21.0,21.0,100.0,21.0,3,0,0,0,1,38.1,14.29
563,1,7,1,1,11.0,12.0,11.0,91.67,11.0,2,0,0,0,1,58.33,16.67
563,1,13,1,1,1.0,7.0,1.0,14.29,1.0,0,0,0,0,1,85.71,0.0
563,31,5,1,1,8.0,11.0,8.0,72.73,8.0,0,0,0,0,1,45.45,0.0
563,29,3,1,1,23.0,13.0,23.0,176.92,23.0,1,1,0,0,0,7.69,15.38
563,28,4,2,2,17.0,14.0,8.5,121.43,12.0,2,1,0,0,2,57.14,21.43
563,28,5,1,1,41.0,29.0,41.0,141.38,41.0,4,3,0,0,2,55.17,24.14
563,28,6,1,1,2.0,4.0,2.0,50.0,2.0,0,0,0,0,1,50.0,0.0
563,28,7,1,1,8.0,12.0,8.0,66.67,8.0,0,0,0,0,1,41.67,0.0
563,28,8,1,1,35.0,29.0,35.0,120.69,35.0,6,0,0,0,1,44.83,20.69
579,10,6,1,1,8.0,11.0,8.0,72.73,8.0,1,0,0,0,1,54.55,9.09
579,10,7,1,1,42.0,19.0,42.0,221.05,42.0,4,3,0,0,1,42.11,36.84
579,10,8,1,1,1.0,7.0,1.0,14.29,1.0,0,0,0,0,1,85.71,0.0
579,10,9,1,1,32.0,24.0,32.0,133.33,32.0,5,0,0,0,2,45.83,20.83
579,10,10,1,1,3.0,6.0,3.0,50.0,3.0,0,0,0,0,1,66.67,0.0
579,24,16,1,1,10.0,11.0,10.0,90.91,10.0,1,0,0,0,1,36.36,9.09
579,23,6,1,1,31.0,21.0,31.0,147.62,31.0,3,1,0,0,1,23.81,19.05
579,23,7,1,1,26.0,19.0,26.0,136.84,26.0,0,3,0,0,1,47.37,15.79
579,23,8,1,1,39.0,34.0,39.0,114.71,39.0,1,3,0,0,1,44.12,11.76
579,23,9,1,1,0.0,5.0,0.0,0.0,0.0,0,0,0,0,1,80.0,0.0
579,23,10,1,1,28.0,19.0,28.0,147.37,28.0,4,1,0,0,1,47.37,26.32
579,23,15,1,1,19.0,11.0,19.0,172.73,19.0,1,2,0,0,1,36.36,27.27
579,11,6,1,1,20.0,8.0,20.0,250.0,20.0,3,1,0,0,0,25.0,50.0
579,17,10,2,2,48.0,30.0,24.0,160.0,34.0,5,2,0,0,2,30.0,23.33
579,3,7,1,1,67.0,52.0,67.0,128.85,67.0,6,2,1,0,1,34.62,15.38
579,3,8,1,1,2.0,3.0,2.0,66.67,2.0,0,0,0,0,1,66.67,0.0
579,3,10,1,1,25.0,28.0,25.0,89.29,25.0,1,1,0,0,1,50.0,7.14
579,3,11,3,3,47.0,37.0,15.67,127.03,45.0,2,4,0,0,3,48.65,16.22
579,7,6,3,3,55.0,40.0,18.33,137.5,22.0,8,0,0,0,3,40.0,20.0
579,7,7,3,3,108.0,92.0,36.0,117.39,47.0,11,4,0,0,3,47.83,16.3
579,7,8,3,3,20.0,22.0,6.67,90.91,11.0,1,1,0,0,3,59.09,9.09
579,7,9,4,4,104.0,79.0,26.0,131.65,51.0,11,2,1,0,4,34.18,16.46
579,7,10,2,2,28.0,22.0,14.0,127.27,25.0,4,0,0,0,2,27.27,18.18
579,16,6,1,1,0.0,1.0,0.0,0.0,0.0,0,0,0,0,1,100.0,0.0
579,16,7,1,1,47.0,20.0,47.0,235.0,47.0,5,2,0,0,0,15.0,35.0
579,16,8,1,1,20.0,15.0,20.0,133.33,20.0,2,1,0,0,1,33.33,20.0
579,16,9,1,1,25.0,23.0,25.0,108.7,25.0,3,1,0,0,1,60.87,17.39
579,16,10,1,1,95.0,50.0,95.0,190.0,95.0,9,5,1,0,1,24.0,28.0
579,16,11,1,1,8.0,10.0,8.0,80.0,8.0,0,0,0,0,1,30.0,0.0
579,34,10,1,1,2.0,4.0,2.0,50.0,2.0,0,0,0,0,1,50.0,0.0
579,18,6,1,1,3.0,6.0,3.0,50.0,3.0,0,0,0,0,0,50.0,0.0
579,31,6,1,1,43.0,28.0,43.0,153.57,43.0,7,0,0,0,0,32.14,25.0
579,28,6,1,1,1.0,2.0,1.0,50.0,1.0,0,0,0,0,1,50.0,0.0
579,28,7,1,1,34.0,31.0,34.0,109.68,34.0,1,2,0,0,1,48.39,9.68
579,28,14,4,4,42.0,39.0,10.5,107.69,14.0,5,2,0,0,4,58.97,17.95
476,10,7,2,2,31.0,20.0,15.5,155.0,25.0,4,1,0,0,2,35.0,25.0
476,10,8,5,5,118.0,105.0,23.6,112.38,52.0,13,3,1,0,4,38.1,15.24
476,10,11,1,1,21.0,16.0,21.0,131.25,21.0,3,0,0,0,1,31.25,18.75
476,10,12,1,1,2.0,9.0,2.0,22.22,2.0,0,0,0,0,1,77.78,0.0
476,10,16,1,1,5.0,6.0,5.0,83.33,5.0,1,0,0,0,1,66.67,16.67
476,24,16,1,1,8.0,7.0,8.0,114.29,8.0,1,0,0,0,1,28.57,14.29
476,24,18,2,2,52.0,33.0,26.0,157.58,41.0,6,0,0,0,1,15.15,18.18
476,26,8,1,1,11.0,8.0,11.0,137.5,11.0,1,1,0,0,1,62.5,25.0
476,26,15,4,4,52.0,42.0,13.0,123.81,24.0,9,0,0,0,4,42.86,21.43
476,37,8,1,1,1.0,3.0,1.0,33.33,1.0,0,0,0,0,1,66.67,0.0
476,37,9,1,1,8.0,5.0,8.0,160.0,8.0,0,1,0,0,1,40.0,20.0
476,27,15,2,2,32.0,26.0,16.0,123.08,32.0,2,2,0,0,2,42.31,15.38
476,12,7,1,1,26.0,14.0,26.0,185.71,26.0,3,0,0,0,1,28.57,21.43
476,12,13,6,7,174.0,126.0,29.0,138.1,89.0,18,4,1,0,5,30.16,17.46
476,12,14,3,3,119.0,82.0,39.67,145.12,67.0,12,5,1,0,3,31.71,20.73
476,23,5,1,1,10.0,13.0,10.0,76.92,10.0,1,0,0,0,1,46.15,7.69
476,23,9,1,1,9.0,11.0,9.0,81.82,9.0,1,0,0,0,1,45.45,9.09
476,23,11,1,1,2.0,2.0,2.0,100.0,2.0,0,0,0,0,0,0.0,0.0
476,23,12,1,1,58.0,34.0,58.0,170.59,58.0,6,1,1,0,1,20.59,20.59
476,23,16,1,1,9.0,13.0,9.0,69.23,9.0,0,0,0,0,1,46.15,0.0
476,23,17,1,1,32.0,21.0,32.0,152.38,32.0,4,1,0,0,1,42.86,23.81
476,17,10,1,1,0.0,4.0,0.0,0.0,0.0,0,0,0,0,1,100.0,0.0
476,17,11,4,4,15.0,17.0,3.75,88.24,11.0,0,1,0,0,4,41.18,5.88
476,3,4,1,1,0.0,1.0,0.0,0.0,0.0,0,0,0,0,1,100.0,0.0
476,3,5,7,7,153.0,97.0,21.86,157.73,64.0,11,12,1,0,6,40.21,23.71
476,3,6,3,3,36.0,33.0,12.0,109.09,29.0,4,2,0,0,3,60.61,18.18
476,3,7,1,1,31.0,25.0,31.0,124.0,31.0,2,2,0,0,1,40.0,16.0
476,3,11,1,1,15.0,11.0,15.0,136.36,15.0,3,0,0,0,1,45.45,27.27
476,3,12,1,1,35.0,21.0,35.0,166.67,35.0,5,1,0,0,1,33.33,28.57
476,8,4,3,3,58.0,49.0,19.33,118.37,41.0,7,2,0,0,3,46.94,18.37
476,8,5,1,1,45.0,26.0,45.0,173.08,45.0,5,3,0,0,1,46.15,30.77
476,8,6,1,1,24.0,21.0,24.0,114.29,24.0,2,1,0,0,1,38.1,14.29
476,8,8,1,1,15.0,12.0,15.0,125.0,15.0,2,1,0,0,1,66.67,25.0
476,8,12,1,1,0.0,2.0,0.0,0.0,0.0,0,0,0,0,1,100.0,0.0
476,8,14,2,2,47.0,45.0,23.5,104.44,25.0,6,1,0,0,2,53.33,15.56
476,8,16,1,1,2.0,4.0,2.0,50.0,2.0,0,0,0,0,1,50.0,0.0
476,25,18,1,1,19.0,13.0,19.0,146.15,19.0,2,1,0,0,1,38.46,23.08
476,32,8,1,1,68.0,48.0,68.0,141.67,68.0,7,2,1,0,2,29.17,18.75
476,32,10,2,2,26.0,23.0,13.0,113.04,20.0,3,0,0,0,2,34.78,13.04
476,32,15,2,2,77.0,49.0,38.5,157.14,52.0,8,4,1,0,2,36.73,24.49
476,2,7,1,1,17.0,10.0,17.0,170.0,17.0,3,0,0,0,1,30.0,30.0
476,2,14,2,2,130.0,92.0,65.0,141.3,99.0,9,6,1,0,2,28.26,16.3
476,2,17,1,1,16.0,17.0,16.0,94.12,16.0,2,0,0,0,1,47.06,11.76
476,2,18,1,1,24.0,18.0,24.0,133.33,24.0,2,1,0,0,1,44.44,16.67
476,22,4,1,1,33.0,24.0,33.0,137.5,33.0,2,2,0,0,1,29.17,16.67
476,7,5,1,1,1.0,3.0,1.0,33.33,1.0,0,0,0,0,1,66.67,0.0
476,7,7,1,1,2.0,5.0,2.0,40.0,2.0,0,0,0,0,1,60.0,0.0
476,7,11,3,3,55.0,33.0,18.33,166.67,30.0,3,4,0,0,3,24.24,21.21
476,7,12,7,7,188.0,126.0,26.86,149.21,55.0,12,9,1,0,5,23.81,16.67
476,16,4,1,1,16.0,13.0,16.0,123.08,16.0,2,0,0,0,1,38.46,15.38
476,16,5,1,1,1.0,2.0,1.0,50.0,1.0,0,0,0,0,1,50.0,0.0
476,16,6,1,1,7.0,8.0,7.0,87.5,7.0,0,0,0,0,1,37.5,0.0
476,16,9,1,1,10.0,9.0,10.0,111.11,10.0,2,0,0,0,1,55.56,22.22
476,16,11,1,1,12.0,15.0,12.0,80.0,12.0,0,0,0,0,1,33.33,0.0
476,16,12,1,1,27.0,18.0,27.0,150.0,27.0,2,1,0,0,1,11.11,16.67
476,16,16,5,5,163.0,134.0,32.6,121.64,49.0,19,2,0,0,5,32.09,15.67
476,16,17,1,1,11.0,13.0,11.0,84.62,11.0,1,0,0,0,1,46.15,7.69
476,18,5,1,1,15.0,17.0,15.0,88.24,15.0,2,0,0,0,1,47.06,11.76
476,18,12,1,1,22.0,24.0,22.0,91.67,22.0,1,2,0,0,1,62.5,12.5
476,36,7,1,1,6.0,10.0,6.0,60.0,6.0,0,0,0,0,1,50.0,0.0
476,36,13,2,2,151.0,75.0,75.5,201.33,106.0,14,10,1,1,2,28.0,32.0
476,36,14,2,2,62.0,48.0,31.0,129.17,57.0,6,2,1,0,2,35.42,16.67
476,1,7,1,1,2.0,7.0,2.0,28.57,2.0,0,0,0,0,1,71.43,0.0
476,1,13,3,3,107.0,72.0,35.67,148.61,56.0,14,1,1,0,3,23.61,20.83
476,28,4,1,1,34.0,33.0,34.0,103.03,34.0,5,0,0,0,1,42.42,15.15
476,28,8,1,1,0.0,1.0,0.0,0.0,0.0,0,0,0,0,1,100.0,0.0
476,28,14,3,3,83.0,47.0,27.67,176.6,69.0,9,4,1,0,3,29.79,27.66
476,28,15,4,4,35.0,43.0,8.75,81.4,18.0,4,0,0,0,4,41.86,9.3
476,28,16,1,1,83.0,46.0,83.0,180.43,83.0,8,4,1,0,1,17.39,26.09
476,28,17,1,1,5.0,6.0,5.0,83.33,5.0,1,0,0,0,1,66.67,16.67
238,27,1,1,1,7.0,10.0,7.0,70.0,7.0,1,0,0,0,0,30.0,10.0
238,8,1,1,1,9.0,5.0,9.0,180.0,9.0,0,1,0,0,1,40.0,20.0
238,7,1,1,1,8.0,7.0,8.0,114.29,8.0,1,0,0,0,1,28.57,14.29
342,10,18,2,2,1.0,2.0,0.5,50.0,1.0,0,0,0,0,1,50.0,0.0
342,37,17,1,1,1.0,1.0,1.0,100.0,1.0,0,0,0,0,0,0.0,0.0
342,37,18,1,1,2.0,5.0,2.0,40.0,2.0,0,0,0,0,1,60.0,0.0
342,12,7,1,1,8.0,17.0,8.0,47.06,8.0,0,0,0,0,1,47.06,0.0
342,23,7,1,1,12.0,8.0,12.0,150.0,12.0,1,0,0,0,0,12.5,12.5
342,23,17,2,2,8.0,5.0,4.0,160.0,6.0,1,0,0,0,0,0.0,20.0
342,35,8,1,1,1.0,1.0,1.0,100.0,1.0,0,0,0,0,0,0.0,0.0
342,3,7,3,3,36.0,33.0,12.0,109.09,29.0,4,0,0,0,2,30.3,12.12
342,3,8,1,1,9.0,6.0,9.0,150.0,9.0,1,0,0,0,0,0.0,16.67
342,8,8,1,1,1.0,7.0,1.0,14.29,1.0,0,0,0,0,1,85.71,0.0
342,8,17,1,1,0.0,3.0,0.0,0.0,0.0,0,0,0,0,1,100.0,0.0
342,2,18,1,1,2.0,2.0,2.0,100.0,2.0,0,0,0,0,0,0.0,0.0
342,16,7,1,1,6.0,6.0,6.0,100.0,6.0,1,0,0,0,0,50.0,16.67
342,16,18,1,1,1.0,1.0,1.0,100.0,1.0,0,0,0,0,0,0.0,0.0
342,1,7,1,1,18.0,16.0,18.0,112.5,18.0,2,0,0,0,1,37.5,12.5
342,28,7,1,1,5.0,4.0,5.0,125.0,5.0,1,0,0,0,1,50.0,25.0
342,28,17,1,1,0.0,2.0,0.0,0.0,0.0,0,0,0,0,1,100.0,0.0
372,3,16,1,1,1.0,2.0,1.0,50.0,1.0,0,0,0,0,1,50.0,0.0
372,8,16,1,1,10.0,3.0,10.0,333.33,10.0,1,1,0,0,0,33.33,66.67
372,28,11,1,1,1.0,3.0,1.0,33.33,1.0,0,0,0,0,1,66.67,0.0
225,10,3,1,1,0.0,4.0,0.0,0.0,0.0,0,0,0,0,1,100.0,0.0
225,10,5,1,1,21.0,12.0,21.0,175.0,21.0,5,0,0,0,1,41.67,41.67
225,10,6,1,1,24.0,15.0,24.0,160.0,24.0,5,0,0,0,0,40.0,33.33
225,10,11,1,1,13.0,14.0,13.0,92.86,13.0,0,1,0,0,1,57.14,7.14
225,10,12,1,1,30.0,27.0,30.0,111.11,30.0,1,1,0,0,1,25.93,7.41
225,10,16,1,1,12.0,11.0,12.0,109.09,12.0,0,1,0,0,1,45.45,9.09
225,9,7,2,2,3.0,11.0,1.5,27.27,3.0,0,0,0,0,2,72.73,0.0
225,26,15,2,2,0.0,7.0,0.0,0.0,0.0,0,0,0,0,2,100.0,0.0
225,12,13,3,3,50.0,36.0,16.67,138.89,27.0,1,2,0,0,3,30.56,8.33
225,23,5,1,1,38.0,34.0,38.0,111.76,38.0,3,1,0,0,1,32.35,11.76
225,23,6,1,1,25.0,20.0,25.0,125.0,25.0,5,0,0,0,1,50.0,25.0
225,23,8,1,1,6.0,3.0,6.0,200.0,6.0,0,1,0,0,1,66.67,33.33
225,23,10,1,1,1.0,3.0,1.0,33.33,1.0,0,0,0,0,1,66.67,0.0
225,23,11,1,1,37.0,18.0,37.0,205.56,37.0,4,2,0,0,1,16.67,33.33
225,23,12,1,1,33.0,15.0,33.0,220.0,33.0,4,1,0,0,0,6.67,33.33
225,23,16,1,1,0.0,1.0,0.0,0.0,0.0,0,0,0,0,1,100.0,0.0
225,11,4,2,2,18.0,15.0,9.0,120.0,11.0,3,0,0,0,2,40.0,20.0
225,11,5,2,2,24.0,22.0,12.0,109.09,24.0,5,0,0,0,2,54.55,22.73
225,11,6,1,1,1.0,5.0,1.0,20.0,1.0,0,0,0,0,1,80.0,0.0
225,17,4,1,1,15.0,10.0,15.0,150.0,15.0,1,0,0,0,0,0.0,10.0
225,17,10,1,1,28.0,34.0,28.0,82.35,28.0,1,1,0,0,1,50.0,5.88
225,35,8,1,1,4.0,7.0,4.0,57.14,4.0,0,0,0,0,1,57.14,0.0
225,3,5,1,1,43.0,30.0,43.0,143.33,43.0,6,1,0,0,1,40.0,23.33
225,3,7,1,1,21.0,15.0,21.0,140.0,21.0,2,0,0,0,1,26.67,13.33
225,3,8,3,3,72.0,39.0,24.0,184.62,45.0,8,3,0,0,2,23.08,28.21
225,3,10,6,6,118.0,111.0,19.67,106.31,52.0,12,3,1,0,7,42.34,13.51
225,3,11,7,7,155.0,100.0,22.14,155.0,47.0,10,8,0,0,5,23.0,18.0
225,3,12,1,1,4.0,4.0,4.0,100.0,4.0,0,0,0,0,0,25.0,0.0
225,8,5,1,1,56.0,50.0,56.0,112.0,56.0,5,1,1,0,2,36.0,12.0
225,8,6,1,1,15.0,15.0,15.0,100.0,15.0,2,0,0,0,1,33.33,13.33
225,8,12,1,1,1.0,1.0,1.0,100.0,1.0,0,0,0,0,0,0.0,0.0
225,32,8,1,1,54.0,34.0,54.0,158.82,54.0,7,2,1,0,1,29.41,26.47
225,32,11,1,1,7.0,13.0,7.0,53.85,7.0,0,0,0,0,1,53.85,0.0
225,32,15,1,1,18.0,16.0,18.0,112.5,18.0,4,0,0,0,1,56.25,25.0
225,7,3,1,1,4.0,7.0,4.0,57.14,4.0,1,0,0,0,1,85.71,14.29
225,7,4,2,2,14.0,16.0,7.0,87.5,8.0,0,1,0,0,2,50.0,6.25
225,7,5,6,6,93.0,77.0,15.5,120.78,28.0,10,1,0,0,6,38.96,14.29
225,7,6,6,6,143.0,115.0,23.83,124.35,77.0,17,0,1,0,5,29.57,14.78
225,7,8,1,1,20.0,14.0,20.0,142.86,20.0,2,0,0,0,1,14.29,14.29
225,7,12,6,6,85.0,68.0,14.17,125.0,29.0,4,2,0,0,4,16.18,8.82
225,7,16,1,1,2.0,4.0,2.0,50.0,2.0,0,0,0,0,1,50.0,0.0
225,16,5,1,1,75.0,48.0,75.0,156.25,75.0,8,3,1,0,1,35.42,22.92
225,16,6,1,1,10.0,11.0,10.0,90.91,10.0,1,0,0,0,1,54.55,9.09
225,16,8,1,1,1.0,3.0,1.0,33.33,1.0,0,0,0,0,1,66.67,0.0
225,16,10,1,1,24.0,16.0,24.0,150.0,24.0,5,0,0,0,1,50.0,31.25
225,16,11,1,1,21.0,23.0,21.0,91.3,21.0,1,0,0,0,0,26.09,4.35
225,18,5,1,1,34.0,25.0,34.0,136.0,34.0,5,0,0,0,1,28.0,20.0
225,18,6,1,1,2.0,8.0,2.0,25.0,2.0,0,0,0,0,1,62.5,0.0
225,18,11,1,1,3.0,4.0,3.0,75.0,3.0,0,0,0,0,1,50.0,0.0
225,18,12,1,1,5.0,2.0,5.0,250.0,5.0,0,0,0,0,0,0.0,0.0
225,36,13,1,1,66.0,56.0,66.0,117.86,66.0,8,2,1,0,0,42.86,17.86
225,1,13,3,3,14.0,17.0,4.67,82.35,14.0,1,0,0,0,3,35.29,5.88
225,1,14,1,1,15.0,14.0,15.0,107.14,15.0,2,0,0,0,1,28.57,14.29
225,31,5,1,1,24.0,23.0,24.0,104.35,24.0,3,0,0,0,2,39.13,13.04
225,31,6,1,1,31.0,26.0,31.0,119.23,31.0,4,0,0,0,1,34.62,15.38
225,28,5,1,1,24.0,21.0,24.0,114.29,24.0,3,0,0,0,1,33.33,14.29
225,28,6,1,1,9.0,8.0,9.0,112.5,9.0,2,0,0,0,1,62.5,25.0
225,28,10,1,1,17.0,13.0,17.0,130.77,17.0,3,0,0,0,1,46.15,23.08
225,28,11,1,1,16.0,14.0,16.0,114.29,16.0,1,0,0,0,1,14.29,7.14
225,28,12,1,1,7.0,3.0,7.0,233.33,7.0,1,0,0,0,0,0.0,33.33
642,19,2,1,1,2.0,2.0,2.0,100.0,2.0,0,0,0,0,0,50.0,0.0
602,3,17,1,1,0.0,1.0,0.0,0.0,0.0,0,0,0,0,0,100.0,0.0
269,10,6,1,1,26.0,22.0,26.0,118.18,26.0,3,0,0,0,1,31.82,13.64
269,10,9,2,2,42.0,27.0,21.0,155.56,31.0,3,2,0,0,2,22.22,18.52
269,10,10,1,1,25.0,18.0,25.0,138.89,25.0,2,0,0,0,0,5.56,11.11
269,9,3,1,1,11.0,5.0,11.0,220.0,11.0,2,0,0,0,1,20.0,40.0
269,26,8,1,1,20.0,21.0,20.0,95.24,20.0,3,0,0,0,1,52.38,14.29
269,37,8,1,1,7.0,5.0,7.0,140.0,7.0,1,0,0,0,0,40.0,20.0
269,37,9,2,2,11.0,10.0,5.5,110.0,10.0,1,0,0,0,1,30.0,10.0
269,12,14,1,1,3.0,3.0,3.0,100.0,3.0,0,0,0,0,0,33.33,0.0
269,23,8,1,1,41.0,33.0,41.0,124.24,41.0,2,2,0,0,1,27.27,12.12
269,23,9,1,1,11.0,10.0,11.0,110.0,11.0,1,0,0,0,1,30.0,10.0
269,23,10,1,1,13.0,10.0,13.0,130.0,13.0,2,0,0,0,1,40.0,20.0
269,20,10,1,1,4.0,2.0,4.0,200.0,4.0,1,0,0,0,1,50.0,50.0
269,35,6,1,1,11.0,11.0,11.0,100.0,11.0,0,0,0,0,1,27.27,0.0
269,13,2,1,1,30.0,24.0,30.0,125.0,30.0,2,1,0,0,0,37.5,12.5
269,3,6,3,3,19.0,13.0,6.33,146.15,12.0,4,0,0,0,0,46.15,30.77
269,3,9,2,2,23.0,28.0,11.5,82.14,19.0,2,0,0,0,2,42.86,7.14
269,8,14,1,1,14.0,17.0,14.0,82.35,14.0,0,0,0,0,1,35.29,0.0
269,32,10,1,1,55.0,28.0,55.0,196.43,55.0,6,2,1,0,0,10.71,28.57
269,2,7,1,1,9.0,13.0,9.0,69.23,9.0,1,0,0,0,1,38.46,7.69
269,2,14,1,1,2.0,3.0,2.0,66.67,2.0,0,0,0,0,1,33.33,0.0
269,19,2,1,1,2.0,8.0,2.0,25.0,2.0,0,0,0,0,1,75.0,0.0
269,5,2,1,1,6.0,8.0,6.0,75.0,6.0,0,0,0,0,1,50.0,0.0
269,7,6,1,1,16.0,7.0,16.0,228.57,16.0,2,1,0,0,0,28.57,42.86
269,7,8,1,1,30.0,32.0,30.0,93.75,30.0,1,0,0,0,1,21.88,3.12
269,7,10,1,1,7.0,6.0,7.0,116.67,7.0,0,0,0,0,0,16.67,0.0
269,16,6,1,1,44.0,40.0,44.0,110.0,44.0,5,0,0,0,1,35.0,12.5
269,16,7,1,1,0.0,1.0,0.0,0.0,0.0,0,0,0,0,1,100.0,0.0
269,16,8,4,4,115.0,74.0,28.75,155.41,57.0,11,6,1,0,4,31.08,22.97
269,16,9,7,7,77.0,70.0,11.0,110.0,31.0,6,4,0,0,6,44.29,14.29
269,16,10,6,6,173.0,139.0,28.83,124.46,52.0,17,2,2,0,4,30.94,13.67
269,18,6,1,1,22.0,19.0,22.0,115.79,22.0,2,1,0,0,1,36.84,15.79
269,33,8,1,1,74.0,46.0,74.0,160.87,74.0,1,5,1,0,0,26.09,13.04
269,33,9,1,1,18.0,13.0,18.0,138.46,18.0,2,0,0,0,1,30.77,15.38
269,36,14,1,1,12.0,9.0,12.0,133.33,12.0,0,1,0,0,1,33.33,11.11
269,31,6,1,1,27.0,13.0,27.0,207.69,27.0,4,1,0,0,0,30.77,38.46
369,10,6,4,4,51.0,63.0,12.75,80.95,20.0,2,1,0,0,4,42.86,4.76
369,23,6,1,1,8.0,9.0,8.0,88.89,8.0,1,0,0,0,1,44.44,11.11
369,3,6,1,1,17.0,16.0,17.0,106.25,17.0,2,0,0,0,1,31.25,12.5
369,28,6,1,1,49.0,40.0,49.0,122.5,49.0,6,0,0,0,1,22.5,15.0
127,10,3,1,1,25.0,19.0,25.0,131.58,25.0,2,1,0,0,1,31.58,15.79
127,9,3,1,1,1.0,4.0,1.0,25.0,1.0,0,0,0,0,1,75.0,0.0
127,26,3,1,1,5.0,7.0,5.0,71.43,5.0,0,0,0,0,1,42.86,0.0
127,27,3,3,3,15.0,18.0,5.0,83.33,13.0,1,1,0,0,3,55.56,11.11
127,27,4,3,3,46.0,41.0,15.33,112.2,37.0,2,2,0,0,2,34.15,9.76
127,23,3,1,1,29.0,16.0,29.0,181.25,29.0,6,0,0,0,1,37.5,37.5
127,11,3,1,1,20.0,21.0,20.0,95.24,20.0,4,0,0,0,1,57.14,19.05
127,3,3,1,1,9.0,11.0,9.0,81.82,9.0,2,0,0,0,1,72.73,18.18
127,8,4,1,1,9.0,9.0,9.0,100.0,9.0,1,0,0,0,1,55.56,11.11
127,31,5,1,1,4.0,4.0,4.0,100.0,4.0,1,0,0,0,1,75.0,25.0
127,29,3,2,2,62.0,48.0,31.0,129.17,41.0,3,4,0,0,1,39.58,14.58
127,28,4,1,1,12.0,10.0,12.0,120.0,12.0,2,0,0,0,1,40.0,20.0
648,3,16,1,1,0.0,3.0,0.0,0.0,0.0,0,0,0,0,1,100.0,0.0
648,8,16,1,1,17.0,16.0,17.0,106.25,17.0,1,1,0,0,1,50.0,12.5
648,2,16,1,1,9.0,7.0,9.0,128.57,9.0,1,0,0,0,0,14.29,14.29
592,10,6,1,1,14.0,12.0,14.0,116.67,14.0,3,0,0,0,1,50.0,25.0
592,31,6,1,1,0.0,1.0,0.0,0.0,0.0,0,0,0,0,1,100.0,0.0
723,10,6,2,2,151.0,108.0,75.5,139.81,86.0,16,4,2,0,0,24.07,18.52
723,26,7,1,1,39.0,33.0,39.0,118.18,39.0,4,1,0,0,1,36.36,15.15
723,27,4,1,1,9.0,18.0,9.0,50.0,9.0,1,0,0,0,1,66.67,5.56
723,12,7,2,2,17.0,22.0,8.5,77.27,16.0,2,0,0,0,2,59.09,9.09
723,23,4,1,1,15.0,26.0,15.0,57.69,15.0,0,0,0,0,1,38.46,0.0
723,23,5,1,1,56.0,39.0,56.0,143.59,56.0,4,4,1,0,1,41.03,20.51
723,23,6,2,2,41.0,53.0,20.5,77.36,40.0,2,1,0,0,3,41.51,5.66
723,23,8,1,1,4.0,9.0,4.0,44.44,4.0,1,0,0,0,1,77.78,11.11
723,11,5,1,1,7.0,10.0,7.0,70.0,7.0,1,0,0,0,1,50.0,10.0
723,35,8,1,1,56.0,46.0,56.0,121.74,56.0,3,2,1,0,1,28.26,10.87
723,3,1,1,1,47.0,37.0,47.0,127.03,47.0,3,2,0,0,2,27.03,13.51
723,3,4,1,1,4.0,7.0,4.0,57.14,4.0,0,0,0,0,1,57.14,0.0
723,3,5,1,1,49.0,39.0,49.0,125.64,49.0,8,1,0,0,1,46.15,23.08
723,3,6,1,1,6.0,5.0,6.0,120.0,6.0,1,0,0,0,1,40.0,20.0
723,8,1,1,1,5.0,9.0,5.0,55.56,5.0,1,0,0,0,1,77.78,11.11
723,8,3,2,2,29.0,33.0,14.5,87.88,15.0,2,0,0,0,1,39.39,6.06
723,8,4,7,7,369.0,286.0,52.71,129.02,83.0,36,6,4,0,5,25.52,14.69
723,8,5,4,4,130.0,116.0,32.5,112.07,54.0,13,3,1,0,4,43.1,13.79
723,8,6,7,7,315.0,230.0,45.0,136.96,95.0,38,5,2,0,7,33.04,18.7
723,2,7,1,1,56.0,39.0,56.0,143.59,56.0,3,2,1,0,1,20.51,12.82
723,22,4,1,1,8.0,10.0,8.0,80.0,8.0,2,0,0,0,1,80.0,20.0
723,7,1,1,1,116.0,54.0,116.0,214.81,116.0,8,9,1,1,0,22.22,31.48
723,7,6,1,1,86.0,54.0,86.0,159.26,86.0,11,2,1,0,0,27.78,24.07
723,7,7,1,1,6.0,13.0,6.0,46.15,6.0,0,0,0,0,1,53.85,0.0
723,7,8,1,1,1.0,4.0,1.0,25.0,1.0,0,0,0,0,1,75.0,0.0
723,16,6,1,1,67.0,42.0,67.0,159.52,67.0,5,4,1,0,1,28.57,21.43
723,18,4,1,1,46.0,30.0,46.0,153.33,46.0,8,0,0,0,1,33.33,26.67
723,18,5,1,1,19.0,32.0,19.0,59.38,19.0,2,0,0,0,1,59.38,6.25
723,18,6,1,1,40.0,40.0,40.0,100.0,40.0,6,0,0,0,1,45.0,15.0
723,36,7,1,1,10.0,18.0,10.0,55.56,10.0,0,0,0,0,1,44.44,0.0
723,1,7,1,1,3.0,13.0,3.0,23.08,3.0,0,0,0,0,1,84.62,0.0
723,31,6,1,1,5.0,8.0,5.0,62.5,5.0,1,0,0,0,1,75.0,12.5
723,29,3,1,1,8.0,11.0,8.0,72.73,8.0,0,0,0,0,1,36.36,0.0
723,28,4,2,2,41.0,37.0,20.5,110.81,41.0,6,0,0,0,2,35.14,16.22
723,28,6,1,1,22.0,26.0,22.0,84.62,22.0,1,1,0,0,1,53.85,7.69
723,28,7,2,2,78.0,44.0,39.0,177.27,56.0,8,4,1,0,1,27.27,27.27
723,28,8,1,1,16.0,11.0,16.0,145.45,16.0,1,1,0,0,1,27.27,18.18
590,10,1,3,3,39.0,25.0,13.0,156.0,20.0,4,2,0,0,2,40.0,24.0
590,10,3,2,2,28.0,19.0,14.0,147.37,28.0,2,2,0,0,2,36.84,21.05
590,23,1,1,1,10.0,12.0,10.0,83.33,10.0,0,0,0,0,1,25.0,0.0
590,23,3,1,1,2.0,3.0,2.0,66.67,2.0,0,0,0,0,1,33.33,0.0
590,3,1,1,1,13.0,8.0,13.0,162.5,13.0,1,1,0,0,0,25.0,25.0
590,19,2,1,1,18.0,13.0,18.0,138.46,18.0,0,0,0,0,0,7.69,0.0
590,4,2,1,1,3.0,8.0,3.0,37.5,3.0,0,0,0,0,1,75.0,0.0
590,7,1,1,1,18.0,12.0,18.0,150.0,18.0,2,0,0,0,1,16.67,16.67
590,7,3,1,1,1.0,1.0,1.0,100.0,1.0,0,0,0,0,0,0.0,0.0
590,18,1,1,1,39.0,16.0,39.0,243.75,39.0,2,4,0,0,1,31.25,37.5
590,28,1,1,1,6.0,6.0,6.0,100.0,6.0,1,0,0,0,1,50.0,16.67
215,23,16,1,1,19.0,18.0,19.0,105.56,19.0,1,1,0,0,1,33.33,11.11
215,3,16,1,1,26.0,16.0,26.0,162.5,26.0,5,0,0,0,1,25.0,31.25
215,16,16,1,1,4.0,4.0,4.0,100.0,4.0,0,0,0,0,0,25.0,0.0
215,18,16,1,1,9.0,9.0,9.0,100.0,9.0,0,0,0,0,0,11.11,0.0
144,10,6,1,1,6.0,7.0,6.0,85.71,6.0,0,0,0,0,1,28.57,0.0
144,10,9,1,1,4.0,12.0,4.0,33.33,4.0,0,0,0,0,1,66.67,0.0
144,10,11,1,1,12.0,6.0,12.0,200.0,12.0,2,0,0,0,0,0.0,33.33
144,9,7,2,2,25.0,18.0,12.5,138.89,14.0,3,1,0,0,1,38.89,22.22
144,23,6,1,1,1.0,2.0,1.0,50.0,1.0,0,0,0,0,1,50.0,0.0
144,23,7,1,1,10.0,11.0,10.0,90.91,10.0,0,1,0,0,0,63.64,9.09
144,23,11,1,1,4.0,5.0,4.0,80.0,4.0,0,0,0,0,0,40.0,0.0
144,3,7,1,1,16.0,12.0,16.0,133.33,16.0,1,1,0,0,0,33.33,16.67
144,3,8,1,1,1.0,4.0,1.0,25.0,1.0,0,0,0,0,1,75.0,0.0
144,8,8,1,1,1.0,2.0,1.0,50.0,1.0,0,0,0,0,1,50.0,0.0
144,32,8,2,2,1.0,6.0,0.5,16.67,1.0,0,0,0,0,2,83.33,0.0
144,2,8,1,1,13.0,7.0,13.0,185.71,13.0,1,0,0,0,0,0.0,14.29
144,7,8,2,2,12.0,10.0,6.0,120.0,8.0,0,1,0,0,1,20.0,10.0
144,7,9,1,1,1.0,2.0,1.0,50.0,1.0,0,0,0,0,1,50.0,0.0
144,16,10,1,1,13.0,14.0,13.0,92.86,13.0,0,1,0,0,0,35.71,7.14
144,18,6,1,1,11.0,9.0,11.0,122.22,11.0,2,0,0,0,1,44.44,22.22
144,36,7,1,1,4.0,6.0,4.0,66.67,4.0,0,0,0,0,1,50.0,0.0
144,1,7,1,1,0.0,1.0,0.0,0.0,0.0,0,0,0,0,1,100.0,0.0
144,28,6,3,3,21.0,18.0,7.0,116.67,10.0,0,2,0,0,1,44.44,11.11
144,28,7,2,2,1.0,2.0,0.5,50.0,1.0,0,0,0,0,0,50.0,0.0
144,28,8,1,1,3.0,7.0,3.0,42.86,3.0,0,0,0,0,0,42.86,0.0
144,28,10,1,1,7.0,3.0,7.0,233.33,7.0,1,0,0,0,0,33.33,33.33
594,3,1,4,4,58.0,38.0,14.5,152.63,47.0,3,4,0,0,5,31.58,18.42
594,8,1,1,1,4.0,6.0,4.0,66.67,4.0,0,0,0,0,1,50.0,0.0
594,7,1,1,1,21.0,8.0,21.0,262.5,21.0,3,1,0,0,1,12.5,50.0
594,16,1,1,1,34.0,28.0,34.0,121.43,34.0,4,1,0,0,1,39.29,17.86
594,18,1,1,1,0.0,1.0,0.0,0.0,0.0,0,0,0,0,1,100.0,0.0
37,9,5,1,1,41.0,31.0,41.0,132.26,41.0,7,0,0,0,1,35.48,22.58
37,23,5,1,1,1.0,2.0,1.0,50.0,1.0,0,0,0,0,1,50.0,0.0
37,31,5,4,4,56.0,61.0,14.0,91.8,16.0,5,0,0,0,4,42.62,8.2
547,37,9,1,1,48.0,42.0,48.0,114.29,48.0,2,3,0,0,1,42.86,11.9
547,37,12,1,1,36.0,19.0,36.0,189.47,36.0,1,4,0,0,1,36.84,26.32
547,20,9,1,1,7.0,9.0,7.0,77.78,7.0,1,0,0,0,1,55.56,11.11
547,3,10,1,1,9.0,10.0,9.0,90.0,9.0,1,0,0,0,1,50.0,10.0
547,3,12,1,1,30.0,23.0,30.0,130.43,30.0,2,2,0,0,1,56.52,17.39
547,32,10,1,1,0.0,1.0,0.0,0.0,0.0,0,0,0,0,1,100.0,0.0
547,7,10,4,4,87.0,59.0,21.75,147.46,50.0,11,4,1,0,3,47.46,25.42
547,16,9,1,1,2.0,4.0,2.0,50.0,2.0,0,0,0,0,1,75.0,0.0
547,28,10,1,1,36.0,18.0,36.0,200.0,36.0,5,1,0,0,1,16.67,33.33
547,28,12,1,2,16.0,12.0,16.0,133.33,16.0,1,1,0,0,1,33.33,16.67
751,10,3,1,1,0.0,2.0,0.0,0.0,0.0,0,0,0,0,1,100.0,0.0
751,3,3,1,1,10.0,18.0,10.0,55.56,10.0,1,0,0,0,1,50.0,5.56
751,8,3,1,1,37.0,26.0,37.0,142.31,37.0,6,1,0,0,1,50.0,26.92
751,2,3,3,3,75.0,49.0,25.0,153.06,45.0,10,2,0,0,2,32.65,24.49
751,7,3,1,1,41.0,30.0,41.0,136.67,41.0,7,0,0,0,1,43.33,23.33
751,18,3,3,3,100.0,57.0,33.33,175.44,83.0,19,2,1,0,2,38.6,36.84
751,29,3,1,1,15.0,10.0,15.0,150.0,15.0,2,1,0,0,1,60.0,30.0
751,28,4,1,1,0.0,2.0,0.0,0.0,0.0,0,0,0,0,1,100.0,0.0
514,10,8,1,1,0.0,1.0,0.0,0.0,0.0,0,0,0,0,1,100.0,0.0
514,37,9,2,2,12.0,13.0,6.0,92.31,8.0,2,0,0,0,2,53.85,15.38
514,23,9,1,1,20.0,8.0,20.0,250.0,20.0,0,3,0,0,1,37.5,37.5
514,3,10,1,1,0.0,1.0,0.0,0.0,0.0,0,0,0,0,1,100.0,0.0
514,3,12,1,1,1.0,4.0,1.0,25.0,1.0,0,0,0,0,1,75.0,0.0
514,7,12,1,1,0.0,2.0,0.0,0.0,0.0,0,0,0,0,0,50.0,0.0
514,16,10,1,1,2.0,1.0,2.0,200.0,2.0,0,0,0,0,0,0.0,0.0
514,16,12,1,1,0.0,2.0,0.0,0.0,0.0,0,0,0,0,0,100.0,0.0
514,34,10,1,1,1.0,1.0,1.0,100.0,1.0,0,0,0,0,1,0.0,0.0
514,18,11,1,1,0.0,1.0,0.0,0.0,0.0,0,0,0,0,1,100.0,0.0
514,28,8,2,2,13.0,5.0,6.5,260.0,12.0,0,2,0,0,0,40.0,40.0
514,28,9,1,1,2.0,2.0,2.0,100.0,2.0,0,0,0,0,0,0.0,0.0
514,28,10,2,2,13.0,12.0,6.5,108.33,12.0,0,1,0,0,1,33.33,8.33
514,28,11,3,3,11.0,9.0,3.67,122.22,11.0,1,1,0,0,1,55.56,22.22
514,28,12,1,1,10.0,8.0,10.0,125.0,10.0,2,0,0,0,1,50.0,25.0
244,18,18,1,1,0.0,2.0,0.0,0.0,0.0,0,0,0,0,1,100.0,0.0
213,24,18,1,1,2.0,2.0,2.0,100.0,2.0,0,0,0,0,0,50.0,0.0
213,26,15,1,1,1.0,2.0,1.0,50.0,1.0,0,0,0,0,0,50.0,0.0
213,27,15,1,1,11.0,9.0,11.0,122.22,11.0,2,0,0,0,1,55.56,22.22
213,11,17,1,1,11.0,11.0,11.0,100.0,11.0,1,0,0,0,1,27.27,9.09
213,3,17,1,1,3.0,4.0,3.0,75.0,3.0,0,0,0,0,1,25.0,0.0
213,8,12,1,1,22.0,20.0,22.0,110.0,22.0,0,2,0,0,1,40.0,10.0
213,8,16,1,1,1.0,1.0,1.0,100.0,1.0,0,0,0,0,0,0.0,0.0
213,8,18,1,1,11.0,13.0,11.0,84.62,11.0,1,0,0,0,1,38.46,7.69
213,25,18,1,1,0.0,2.0,0.0,0.0,0.0,0,0,0,0,0,100.0,0.0
213,2,16,1,1,1.0,3.0,1.0,33.33,1.0,0,0,0,0,0,33.33,0.0
213,2,17,1,1,0.0,2.0,0.0,0.0,0.0,0,0,0,0,1,100.0,0.0
213,2,18,2,2,18.0,10.0,9.0,180.0,18.0,1,2,0,0,0,30.0,30.0
213,18,12,1,1,10.0,3.0,10.0,333.33,10.0,0,1,0,0,0,0.0,33.33
213,18,18,1,1,1.0,1.0,1.0,100.0,1.0,0,0,0,0,0,0.0,0.0
213,28,15,2,2,10.0,16.0,5.0,62.5,9.0,1,0,0,0,1,56.25,6.25
213,28,18,2,2,8.0,5.0,4.0,160.0,8.0,0,1,0,0,1,40.0,20.0
509,3,17,1,1,1.0,2.0,1.0,50.0,1.0,0,0,0,0,1,50.0,0.0
749,10,12,1,1,8.0,3.0,8.0,266.67,8.0,2,0,0,0,1,33.33,66.67
749,10,16,1,1,54.0,29.0,54.0,186.21,54.0,6,3,1,0,0,24.14,31.03
749,24,16,1,1,3.0,4.0,3.0,75.0,3.0,0,0,0,0,1,25.0,0.0
749,26,15,2,2,22.0,11.0,11.0,200.0,16.0,2,2,0,0,2,36.36,36.36
749,12,14,3,3,75.0,49.0,25.0,153.06,43.0,3,5,0,0,2,22.45,16.33
749,23,15,1,1,14.0,9.0,14.0,155.56,14.0,2,0,0,0,1,22.22,22.22
749,23,17,1,1,4.0,3.0,4.0,133.33,4.0,1,0,0,0,1,66.67,33.33
749,11,17,1,1,0.0,2.0,0.0,0.0,0.0,0,0,0,0,1,50.0,0.0
749,3,16,5,5,69.0,50.0,13.8,138.0,34.0,2,5,0,0,5,28.0,14.0
749,3,17,5,5,82.0,41.0,16.4,200.0,33.0,5,7,0,0,4,17.07,29.27
749,32,15,1,1,42.0,27.0,42.0,155.56,42.0,3,2,0,0,1,22.22,18.52
749,2,15,1,1,8.0,10.0,8.0,80.0,8.0,0,0,0,0,1,20.0,0.0
749,2,17,1,1,32.0,17.0,32.0,188.24,32.0,2,2,0,0,1,23.53,23.53
749,7,16,1,1,7.0,9.0,7.0,77.78,7.0,1,0,0,0,0,33.33,11.11
749,16,17,1,1,7.0,4.0,7.0,175.0,7.0,1,0,0,0,1,25.0,25.0
749,18,11,2,2,20.0,21.0,10.0,95.24,11.0,1,0,0,0,1,38.1,4.76
749,18,16,1,1,1.0,2.0,1.0,50.0,1.0,0,0,0,0,1,50.0,0.0
749,36,13,1,1,1.0,2.0,1.0,50.0,1.0,0,0,0,0,1,50.0,0.0
749,1,13,2,2,58.0,52.0,29.0,111.54,47.0,2,3,0,0,2,30.77,9.62
749,1,14,1,1,19.0,24.0,19.0,79.17,19.0,0,1,0,0,1,45.83,4.17
749,28,16,1,1,1.0,3.0,1.0,33.33,1.0,0,0,0,0,1,66.67,0.0
749,28,17,1,1,0.0,1.0,0.0,0.0,0.0,0,0,0,0,1,100.0,0.0
554,10,7,1,1,23.0,14.0,23.0,164.29,23.0,2,0,0,0,0,7.14,14.29
554,10,8,1,1,0.0,3.0,0.0,0.0,0.0,0,0,0,0,1,100.0,0.0
554,10,9,1,1,36.0,28.0,36.0,128.57,36.0,2,1,0,0,1,10.71,10.71
554,10,10,1,1,69.0,49.0,69.0,140.82,69.0,4,3,1,0,0,24.49,14.29
554,10,12,1,1,10.0,13.0,10.0,76.92,10.0,0,0,0,0,1,30.77,0.0
554,10,14,2,2,92.0,66.0,46.0,139.39,61.0,8,3,1,0,2,30.3,16.67
554,10,16,4,4,48.0,47.0,12.0,102.13,26.0,7,0,0,0,4,40.43,14.89
554,10,18,1,1,37.0,23.0,37.0,160.87,37.0,2,3,0,0,1,34.78,21.74
554,9,5,1,1,0.0,1.0,0.0,0.0,0.0,0,0,0,0,1,100.0,0.0
554,9,7,2,2,50.0,56.0,25.0,89.29,36.0,3,0,0,0,1,37.5,5.36
554,15,16,1,1,0.0,1.0,0.0,0.0,0.0,0,0,0,0,1,100.0,0.0
554,26,3,1,1,40.0,27.0,40.0,148.15,40.0,3,2,0,0,1,29.63,18.52
554,26,8,1,1,21.0,21.0,21.0,100.0,21.0,3,0,0,0,1,38.1,14.29
554,26,15,2,2,43.0,35.0,21.5,122.86,38.0,6,0,0,0,2,40.0,17.14
554,37,8,1,1,33.0,24.0,33.0,137.5,33.0,3,1,0,0,0,25.0,16.67
554,37,12,1,1,30.0,36.0,30.0,83.33,30.0,3,0,0,0,1,44.44,8.33
554,27,3,1,1,5.0,9.0,5.0,55.56,5.0,0,0,0,0,1,33.33,0.0
554,27,4,4,4,108.0,92.0,27.0,117.39,59.0,11,4,1,0,4,44.57,16.3
554,27,15,2,2,17.0,18.0,8.5,94.44,11.0,2,1,0,0,2,66.67,16.67
554,12,7,1,1,48.0,42.0,48.0,114.29,48.0,5,0,0,0,1,33.33,11.9
554,12,13,8,8,264.0,210.0,33.0,125.71,83.0,19,13,2,0,6,38.1,15.24
554,12,14,1,1,17.0,16.0,17.0,106.25,17.0,1,0,0,0,1,25.0,6.25
554,23,1,1,1,0.0,3.0,0.0,0.0,0.0,0,0,0,0,1,100.0,0.0
554,23,3,1,1,0.0,7.0,0.0,0.0,0.0,0,0,0,0,1,100.0,0.0
554,23,5,1,1,17.0,15.0,17.0,113.33,17.0,2,0,0,0,1,26.67,13.33
554,23,7,4,4,54.0,67.0,13.5,80.6,21.0,6,0,0,0,3,41.79,8.96
554,23,8,6,6,143.0,109.0,23.83,131.19,40.0,12,6,0,0,6,34.86,16.51
554,23,9,6,6,180.0,118.0,30.0,152.54,52.0,14,8,2,0,4,25.42,18.64
554,23,10,7,7,185.0,157.0,26.43,117.83,46.0,15,4,0,0,6,29.94,12.1
554,23,11,1,1,4.0,11.0,4.0,36.36,4.0,0,0,0,0,1,63.64,0.0
554,23,12,1,1,8.0,5.0,8.0,160.0,8.0,1,0,0,0,0,0.0,20.0
554,23,18,1,1,36.0,28.0,36.0,128.57,36.0,1,1,0,0,0,14.29,7.14
554,20,9,1,1,1.0,3.0,1.0,33.33,1.0,0,0,0,0,1,66.67,0.0
554,35,6,1,1,66.0,47.0,66.0,140.43,66.0,8,1,1,0,1,25.53,19.15
554,35,7,1,1,1.0,2.0,1.0,50.0,1.0,0,0,0,0,1,50.0,0.0
554,13,2,1,1,2.0,2.0,2.0,100.0,2.0,0,0,0,0,0,0.0,0.0
554,3,3,6,6,156.0,137.0,26.0,113.87,42.0,17,5,0,0,5,45.26,16.06
554,3,4,1,1,19.0,23.0,19.0,82.61,19.0,2,0,0,0,1,43.48,8.7
554,3,7,1,1,94.0,50.0,94.0,188.0,94.0,7,6,1,0,1,28.0,26.0
554,3,9,1,1,8.0,12.0,8.0,66.67,8.0,0,0,0,0,1,33.33,0.0
554,3,10,1,1,4.0,3.0,4.0,133.33,4.0,0,0,0,0,0,0.0,0.0
554,3,11,1,1,62.0,38.0,62.0,163.16,62.0,7,2,1,0,0,26.32,23.68
554,3,12,1,1,9.0,12.0,9.0,75.0,9.0,1,0,0,0,1,50.0,8.33
554,3,16,1,1,50.0,38.0,50.0,131.58,50.0,5,1,1,0,1,34.21,15.79
554,8,3,1,1,5.0,7.0,5.0,71.43,5.0,1,0,0,0,1,71.43,14.29
554,8,4,1,1,12.0,9.0,12.0,133.33,12.0,2,0,0,0,1,44.44,22.22
554,8,5,1,1,13.0,6.0,13.0,216.67,13.0,0,1,0,0,1,50.0,16.67
554,8,6,1,1,9.0,8.0,9.0,112.5,9.0,1,0,0,0,1,37.5,12.5
554,8,8,1,1,15.0,20.0,15.0,75.0,15.0,2,0,0,0,1,55.0,10.0
554,8,12,1,1,83.0,49.0,83.0,169.39,83.0,7,3,1,0,0,18.37,20.41
554,8,14,3,3,101.0,90.0,33.67,112.22,61.0,4,5,1,0,2,40.0,10.0
554,8,16,1,1,27.0,29.0,27.0,93.1,27.0,1,2,0,0,2,51.72,10.34
554,32,6,1,1,7.0,6.0,7.0,116.67,7.0,1,0,0,0,0,33.33,16.67
554,32,8,1,1,12.0,6.0,12.0,200.0,12.0,2,0,0,0,1,33.33,33.33
554,32,11,1,1,5.0,6.0,5.0,83.33,5.0,0,0,0,0,1,33.33,0.0
554,2,7,1,1,0.0,0.0,0.0,,0.0,0,0,0,0,1,0.0,
554,2,16,1,1,1.0,4.0,1.0,25.0,1.0,0,0,0,0,1,75.0,0.0
554,19,2,2,2,52.0,43.0,26.0,120.93,48.0,7,0,0,0,2,34.88,16.28
554,7,3,1,1,29.0,25.0,29.0,116.0,29.0,3,0,0,0,0,36.0,12.0
554,7,4,1,1,28.0,30.0,28.0,93.33,28.0,3,0,0,0,1,40.0,10.0
554,7,5,1,1,0.0,3.0,0.0,0.0,0.0,0,0,0,0,1,100.0,0.0
554,7,9,1,1,12.0,11.0,12.0,109.09,12.0,1,0,0,0,1,18.18,9.09
554,7,10,1,1,18.0,23.0,18.0,78.26,18.0,1,0,0,0,1,39.13,4.35
554,7,11,1,1,57.0,42.0,57.0,135.71,57.0,3,1,1,0,0,16.67,9.52
554,7,12,1,1,19.0,15.0,19.0,126.67,19.0,2,0,0,0,1,20.0,13.33
554,16,4,1,1,49.0,42.0,49.0,116.67,49.0,6,2,0,0,1,52.38,19.05
554,16,6,1,1,15.0,29.0,15.0,51.72,15.0,0,0,0,0,1,58.62,0.0
554,16,7,1,1,35.0,32.0,35.0,109.38,35.0,3,1,0,0,1,37.5,12.5
554,16,9,1,1,11.0,11.0,11.0,100.0,11.0,0,0,0,0,0,18.18,0.0
554,16,10,1,1,39.0,29.0,39.0,134.48,39.0,3,0,0,0,1,20.69,10.34
554,16,11,6,6,116.0,107.0,19.33,108.41,54.0,8,2,1,0,6,33.64,9.35
554,16,12,3,3,53.0,50.0,17.67,106.0,36.0,3,1,0,0,3,32.0,8.0
554,16,16,1,1,34.0,27.0,34.0,125.93,34.0,2,0,0,0,1,11.11,7.41
554,18,1,1,1,3.0,6.0,3.0,50.0,3.0,0,0,0,0,1,50.0,0.0
554,18,3,1,1,14.0,13.0,14.0,107.69,14.0,3,0,0,0,1,69.23,23.08
554,18,4,1,1,30.0,31.0,30.0,96.77,30.0,4,0,0,0,2,38.71,12.9
554,18,11,1,1,16.0,15.0,16.0,106.67,16.0,1,0,0,0,1,33.33,6.67
554,18,12,1,1,61.0,36.0,61.0,169.44,61.0,9,0,1,0,1,13.89,25.0
554,36,7,1,1,5.0,3.0,5.0,166.67,5.0,1,0,0,0,1,33.33,33.33
554,36,13,2,2,56.0,38.0,28.0,147.37,30.0,7,2,0,0,2,39.47,23.68
554,36,14,1,1,13.0,23.0,13.0,56.52,13.0,1,0,0,0,1,60.87,4.35
554,1,7,3,4,99.0,77.0,33.0,128.57,64.0,8,4,1,0,3,37.66,15.58
554,1,13,5,5,105.0,85.0,21.0,123.53,51.0,9,3,1,0,5,32.94,14.12
554,1,14,1,1,69.0,41.0,69.0,168.29,69.0,7,2,1,0,0,12.2,21.95
554,31,5,4,4,113.0,82.0,28.25,137.8,80.0,10,5,1,0,2,32.93,18.29
554,31,6,3,3,39.0,47.0,13.0,82.98,29.0,1,2,0,0,3,44.68,6.38
554,6,2,1,1,114.0,73.0,114.0,156.16,114.0,10,4,1,1,0,31.51,19.18
554,29,3,1,1,0.0,1.0,0.0,0.0,0.0,0,0,0,0,1,100.0,0.0
554,28,5,1,1,0.0,5.0,0.0,0.0,0.0,0,0,0,0,1,100.0,0.0
554,28,8,1,1,1.0,1.0,1.0,100.0,1.0,0,0,0,0,0,0.0,0.0
554,28,10,1,1,81.0,47.0,81.0,172.34,81.0,5,5,1,0,0,17.02,21.28
554,28,11,2,2,24.0,27.0,12.0,88.89,16.0,3,0,0,0,2,48.15,11.11
554,28,12,1,2,72.0,48.0,72.0,150.0,72.0,8,2,1,0,1,27.08,20.83
554,28,15,2,2,28.0,27.0,14.0,103.7,22.0,1,1,0,0,2,33.33,7.41
554,28,17,1,1,42.0,31.0,42.0,135.48,42.0,2,2,0,0,1,22.58,12.9
554,28,18,1,1,19.0,14.0,19.0,135.71,19.0,2,1,0,0,1,42.86,21.43
155,10,1,4,4,56.0,41.0,14.0,136.59,36.0,8,0,0,0,0,24.39,19.51
155,10,3,1,1,0.0,3.0,0.0,0.0,0.0,0,0,0,0,1,100.0,0.0
155,10,4,1,1,61.0,47.0,61.0,129.79,61.0,2,3,1,0,1,27.66,10.64
155,10,5,1,1,8.0,6.0,8.0,133.33,8.0,0,0,0,0,1,33.33,0.0
155,10,7,1,1,10.0,8.0,10.0,125.0,10.0,1,0,0,0,0,25.0,12.5
155,10,8,1,1,32.0,28.0,32.0,114.29,32.0,5,0,0,0,1,35.71,17.86
155,10,10,1,1,60.0,45.0,60.0,133.33,60.0,5,3,1,0,1,28.89,17.78
155,9,5,1,1,30.0,28.0,30.0,107.14,30.0,2,0,0,0,0,25.0,7.14
155,27,3,1,1,0.0,1.0,0.0,0.0,0.0,0,0,0,0,1,100.0,0.0
155,27,4,1,1,24.0,24.0,24.0,100.0,24.0,1,1,0,0,1,66.67,8.33
155,12,7,2,2,31.0,19.0,15.5,163.16,23.0,3,1,0,0,1,21.05,21.05
155,23,1,1,1,9.0,7.0,9.0,128.57,9.0,2,0,0,0,1,42.86,28.57
155,23,3,5,5,124.0,89.0,24.8,139.33,50.0,11,3,1,0,5,23.6,15.73
155,23,4,6,6,190.0,173.0,31.67,109.83,46.0,18,7,0,0,3,43.35,14.45
155,23,5,7,7,90.0,90.0,12.86,100.0,27.0,7,1,0,0,5,37.78,8.89
155,23,6,3,3,69.0,65.0,23.0,106.15,33.0,4,1,0,0,3,30.77,7.69
155,23,8,1,1,25.0,28.0,25.0,89.29,25.0,3,1,0,0,1,57.14,14.29
155,23,10,1,1,8.0,9.0,8.0,88.89,8.0,1,0,0,0,1,44.44,11.11
155,17,10,1,1,40.0,23.0,40.0,173.91,40.0,3,2,0,0,0,8.7,21.74
155,35,6,2,2,24.0,29.0,12.0,82.76,24.0,3,0,0,0,2,55.17,10.34
155,13,2,1,1,9.0,13.0,9.0,69.23,9.0,1,0,0,0,1,53.85,7.69
155,3,3,1,1,0.0,2.0,0.0,0.0,0.0,0,0,0,0,1,100.0,0.0
155,3,4,1,1,19.0,24.0,19.0,79.17,19.0,1,0,0,0,0,37.5,4.17
155,3,5,1,1,2.0,5.0,2.0,40.0,2.0,0,0,0,0,1,60.0,0.0
155,3,6,1,1,23.0,16.0,23.0,143.75,23.0,2,0,0,0,1,25.0,12.5
155,3,10,1,1,27.0,11.0,27.0,245.45,27.0,3,2,0,0,1,27.27,45.45
155,8,3,1,1,27.0,31.0,27.0,87.1,27.0,2,0,0,0,1,41.94,6.45
155,8,4,1,1,27.0,15.0,27.0,180.0,27.0,1,2,0,0,1,13.33,20.0
155,8,5,2,2,22.0,16.0,11.0,137.5,13.0,3,0,0,0,1,25.0,18.75
155,32,10,4,4,62.0,47.0,15.5,131.91,44.0,7,1,0,0,2,29.79,17.02
155,32,11,1,1,35.0,30.0,35.0,116.67,35.0,3,1,0,0,1,36.67,13.33
155,2,3,1,1,11.0,13.0,11.0,84.62,11.0,2,0,0,0,1,61.54,15.38
155,2,7,1,1,61.0,44.0,61.0,138.64,61.0,5,2,1,0,1,25.0,15.91
155,22,4,1,1,1.0,7.0,1.0,14.29,1.0,0,0,0,0,1,85.71,0.0
155,7,1,1,1,39.0,34.0,39.0,114.71,39.0,6,0,0,0,1,38.24,17.65
155,7,3,1,1,75.0,47.0,75.0,159.57,75.0,8,2,1,0,0,17.02,21.28
155,7,6,1,1,1.0,7.0,1.0,14.29,1.0,0,0,0,0,1,85.71,0.0
155,7,7,1,1,8.0,11.0,8.0,72.73,8.0,0,0,0,0,1,36.36,0.0
155,16,4,1,1,33.0,28.0,33.0,117.86,33.0,3,1,0,0,1,32.14,14.29
155,16,10,2,2,16.0,13.0,8.0,123.08,9.0,2,0,0,0,2,23.08,15.38
155,16,11,1,1,1.0,5.0,1.0,20.0,1.0,0,0,0,0,1,80.0,0.0
155,34,10,1,1,31.0,27.0,31.0,114.81,31.0,2,1,0,0,1,33.33,11.11
155,18,5,1,1,59.0,49.0,59.0,120.41,59.0,7,0,1,0,1,28.57,14.29
155,18,6,1,1,14.0,13.0,14.0,107.69,14.0,1,0,0,0,1,38.46,7.69
155,18,11,1,1,7.0,8.0,7.0,87.5,7.0,0,0,0,0,1,25.0,0.0
155,36,7,1,1,1.0,3.0,1.0,33.33,1.0,0,0,0,0,1,66.67,0.0
155,1,7,1,1,0.0,2.0,0.0,0.0,0.0,0,0,0,0,1,100.0,0.0
155,31,5,1,1,8.0,9.0,8.0,88.89,8.0,0,0,0,0,0,22.22,0.0
155,31,6,1,1,15.0,10.0,15.0,150.0,15.0,2,0,0,0,0,0.0,20.0
155,28,1,1,1,0.0,3.0,0.0,0.0,0.0,0,0,0,0,1,100.0,0.0
155,28,4,1,1,4.0,7.0,4.0,57.14,4.0,0,0,0,0,1,57.14,0.0
155,28,5,1,1,41.0,43.0,41.0,95.35,41.0,2,2,0,0,1,41.86,9.3
155,28,7,1,1,41.0,31.0,41.0,132.26,41.0,5,1,0,0,1,32.26,19.35
155,28,10,2,2,80.0,61.0,40.0,131.15,58.0,8,2,1,0,1,31.15,16.39
155,28,11,1,1,4.0,1.0,4.0,400.0,4.0,1,0,0,0,0,0.0,100.0
627,10,3,1,1,93.0,43.0,93.0,216.28,93.0,9,7,1,0,1,27.91,37.21
627,26,3,1,1,20.0,12.0,20.0,166.67,20.0,4,0,0,0,1,41.67,33.33
627,14,2,1,1,43.0,26.0,43.0,165.38,43.0,5,3,0,0,1,50.0,30.77
627,21,2,1,1,48.0,44.0,48.0,109.09,48.0,4,1,0,0,1,38.64,11.36
627,27,3,2,2,25.0,40.0,12.5,62.5,17.0,3,1,0,0,2,70.0,10.0
627,23,3,1,1,1.0,8.0,1.0,12.5,1.0,0,0,0,0,1,87.5,0.0
627,11,3,1,1,5.0,8.0,5.0,62.5,5.0,1,0,0,0,1,75.0,12.5
627,13,2,3,3,166.0,100.0,55.33,166.0,60.0,18,6,2,0,3,24.0,24.0
627,3,1,1,1,13.0,19.0,13.0,68.42,13.0,2,0,0,0,1,68.42,10.53
627,3,3,1,1,32.0,28.0,32.0,114.29,32.0,5,0,0,0,0,46.43,17.86
627,8,1,2,2,151.0,95.0,75.5,158.95,81.0,18,5,2,0,0,22.11,24.21
627,8,3,7,8,132.0,109.0,18.86,121.1,35.0,11,7,0,0,8,42.2,16.51
627,2,3,1,1,19.0,14.0,19.0,135.71,19.0,1,1,0,0,1,35.71,14.29
627,19,2,2,2,56.0,38.0,28.0,147.37,30.0,6,2,0,0,2,34.21,21.05
627,5,2,1,1,44.0,35.0,44.0,125.71,44.0,6,1,0,0,1,40.0,20.0
627,7,1,1,1,25.0,17.0,25.0,147.06,25.0,4,1,0,0,1,47.06,29.41
627,30,2,2,2,125.0,92.0,62.5,135.87,65.0,13,3,2,0,0,30.43,17.39
627,6,2,2,2,90.0,60.0,45.0,150.0,89.0,8,6,1,0,2,43.33,23.33
627,29,3,1,1,19.0,18.0,19.0,105.56,19.0,3,0,0,0,1,50.0,16.67
327,10,11,1,1,1.0,3.0,1.0,33.33,1.0,0,0,0,0,1,66.67,0.0
327,10,14,2,2,73.0,44.0,36.5,165.91,58.0,8,5,1,0,2,40.91,29.55
327,15,18,1,1,5.0,12.0,5.0,41.67,5.0,0,0,0,0,1,58.33,0.0
327,24,17,1,1,30.0,20.0,30.0,150.0,30.0,0,3,0,0,1,30.0,15.0
327,26,15,3,3,128.0,81.0,42.67,158.02,93.0,17,5,1,0,3,38.27,27.16
327,27,15,3,3,60.0,47.0,20.0,127.66,48.0,5,2,0,0,3,34.04,14.89
327,12,13,2,2,12.0,15.0,6.0,80.0,11.0,1,0,0,0,2,33.33,6.67
327,12,14,5,5,58.0,49.0,11.6,118.37,37.0,4,3,0,0,4,38.78,14.29
327,23,12,1,1,66.0,28.0,66.0,235.71,66.0,5,6,1,0,1,21.43,39.29
327,23,18,1,1,0.0,2.0,0.0,0.0,0.0,0,0,0,0,1,100.0,0.0
327,11,17,1,1,17.0,20.0,17.0,85.0,17.0,2,0,0,0,1,45.0,10.0
327,3,11,1,1,65.0,34.0,65.0,191.18,65.0,2,6,1,0,1,20.59,23.53
327,3,12,5,5,75.0,48.0,15.0,156.25,32.0,8,4,0,0,3,37.5,25.0
327,3,16,1,1,19.0,9.0,19.0,211.11,19.0,0,2,0,0,0,0.0,22.22
327,8,12,1,1,9.0,8.0,9.0,112.5,9.0,0,1,0,0,1,50.0,12.5
327,8,16,7,7,59.0,53.0,8.43,111.32,19.0,6,1,0,0,5,35.85,13.21
327,8,17,2,2,25.0,22.0,12.5,113.64,15.0,1,1,0,0,2,27.27,9.09
327,32,15,2,2,35.0,30.0,17.5,116.67,34.0,2,2,0,0,2,43.33,13.33
327,2,16,1,1,23.0,17.0,23.0,135.29,23.0,4,1,0,0,1,58.82,29.41
327,2,17,1,1,56.0,36.0,56.0,155.56,56.0,4,4,1,0,1,30.56,22.22
327,16,11,1,1,10.0,7.0,10.0,142.86,10.0,2,0,0,0,1,42.86,28.57
327,16,12,1,1,2.0,8.0,2.0,25.0,2.0,0,0,0,0,0,62.5,0.0
327,18,11,1,1,1.0,2.0,1.0,50.0,1.0,0,0,0,0,1,50.0,0.0
327,18,12,1,1,18.0,9.0,18.0,200.0,18.0,2,1,0,0,0,11.11,33.33
327,18,16,1,1,23.0,12.0,23.0,191.67,23.0,2,2,0,0,1,41.67,33.33
327,36,14,2,2,40.0,35.0,20.0,114.29,23.0,2,2,0,0,2,40.0,11.43
327,1,13,1,1,0.0,1.0,0.0,0.0,0.0,0,0,0,0,1,100.0,0.0
327,1,14,2,2,53.0,45.0,26.5,117.78,32.0,3,2,0,0,2,33.33,11.11
327,28,12,1,1,50.0,32.0,50.0,156.25,50.0,1,5,1,0,1,31.25,18.75
327,28,14,4,4,133.0,87.0,33.25,152.87,46.0,14,7,0,0,4,42.53,24.14
327,28,15,2,2,21.0,19.0,10.5,110.53,21.0,0,2,0,0,2,42.11,10.53
689,21,2,1,1,5.0,7.0,5.0,71.43,5.0,0,0,0,0,1,28.57,0.0
689,27,1,1,1,0.0,1.0,0.0,0.0,0.0,0,0,0,0,0,100.0,0.0
689,20,10,1,1,0.0,1.0,0.0,0.0,0.0,0,0,0,0,1,100.0,0.0
689,13,2,1,1,5.0,6.0,5.0,83.33,5.0,0,0,0,0,0,16.67,0.0
689,3,3,1,1,0.0,2.0,0.0,0.0,0.0,0,0,0,0,0,50.0,0.0
689,2,3,1,1,4.0,3.0,4.0,133.33,4.0,0,0,0,0,0,0.0,0.0
689,5,2,1,1,0.0,2.0,0.0,0.0,0.0,0,0,0,0,1,100.0,0.0
689,4,2,1,1,23.0,10.0,23.0,230.0,23.0,5,0,0,0,0,20.0,50.0
689,7,4,1,1,0.0,1.0,0.0,0.0,0.0,0,0,0,0,1,100.0,0.0
689,6,2,1,1,0.0,1.0,0.0,0.0,0.0,0,0,0,0,1,100.0,0.0
689,28,5,2,2,2.0,7.0,1.0,28.57,1.0,0,0,0,0,0,71.43,0.0
178,10,9,1,1,15.0,8.0,15.0,187.5,15.0,1,1,0,0,1,37.5,25.0
178,10,10,1,1,13.0,14.0,13.0,92.86,13.0,1,0,0,0,1,35.71,7.14
178,10,18,1,1,0.0,1.0,0.0,0.0,0.0,0,0,0,0,1,100.0,0.0
178,37,18,1,1,1.0,2.0,1.0,50.0,1.0,0,0,0,0,0,50.0,0.0
178,23,6,1,1,0.0,2.0,0.0,0.0,0.0,0,0,0,0,0,100.0,0.0
178,23,8,2,2,21.0,8.0,10.5,262.5,21.0,1,2,0,0,1,25.0,37.5
178,23,9,1,1,1.0,1.0,1.0,100.0,1.0,0,0,0,0,0,0.0,0.0
178,23,10,1,1,10.0,8.0,10.0,125.0,10.0,2,0,0,0,1,50.0,25.0
178,17,11,2,2,7.0,8.0,3.5,87.5,4.0,1,0,0,0,1,50.0,12.5
178,3,8,1,1,2.0,6.0,2.0,33.33,2.0,0,0,0,0,1,66.67,0.0
178,3,9,1,1,14.0,12.0,14.0,116.67,14.0,2,0,0,0,1,25.0,16.67
178,3,10,1,1,6.0,4.0,6.0,150.0,6.0,1,0,0,0,1,25.0,25.0
178,3,11,1,1,1.0,2.0,1.0,50.0,1.0,0,0,0,0,0,0.0,0.0
178,3,17,1,1,0.0,1.0,0.0,0.0,0.0,0,0,0,0,1,100.0,0.0
178,8,8,1,1,2.0,1.0,2.0,200.0,2.0,0,0,0,0,0,0.0,0.0
178,32,10,1,1,6.0,12.0,6.0,50.0,6.0,0,0,0,0,1,58.33,0.0
178,32,11,1,1,2.0,3.0,2.0,66.67,2.0,0,0,0,0,0,33.33,0.0
178,2,16,1,1,0.0,1.0,0.0,0.0,0.0,0,0,0,0,0,0.0,0.0
178,2,17,1,1,2.0,14.0,2.0,14.29,2.0,0,0,0,0,1,78.57,0.0
178,7,9,1,1,1.0,3.0,1.0,33.33,1.0,0,0,0,0,1,66.67,0.0
178,7,10,1,1,2.0,4.0,2.0,50.0,2.0,0,0,0,0,1,50.0,0.0
178,16,10,1,1,10.0,5.0,10.0,200.0,10.0,0,1,0,0,1,20.0,20.0
178,34,9,1,1,1.0,2.0,1.0,50.0,1.0,0,0,0,0,1,50.0,0.0
178,34,10,1,1,4.0,3.0,4.0,133.33,4.0,0,0,0,0,0,0.0,0.0
178,28,6,1,1,0.0,3.0,0.0,0.0,0.0,0,0,0,0,1,100.0,0.0
178,28,7,1,1,1.0,3.0,1.0,33.33,1.0,0,0,0,0,0,66.67,0.0
178,28,8,1,1,3.0,3.0,3.0,100.0,3.0,0,0,0,0,0,0.0,0.0
178,28,12,1,1,0.0,2.0,0.0,0.0,0.0,0,0,0,0,0,100.0,0.0
364,10,10,3,3,28.0,27.0,9.33,103.7,27.0,1,2,0,0,3,51.85,11.11
364,9,5,1,1,1.0,1.0,1.0,100.0,1.0,0,0,0,0,0,0.0,0.0
364,20,10,1,1,1.0,4.0,1.0,25.0,1.0,0,0,0,0,0,75.0,0.0
364,3,5,1,1,34.0,20.0,34.0,170.0,34.0,1,2,0,0,0,10.0,15.0
364,8,5,1,1,26.0,24.0,26.0,108.33,26.0,2,1,0,0,1,37.5,12.5
364,7,5,1,1,2.0,12.0,2.0,16.67,2.0,0,0,0,0,1,75.0,0.0
364,16,6,1,1,5.0,9.0,5.0,55.56,5.0,1,0,0,0,1,77.78,11.11
364,31,5,3,3,57.0,62.0,19.0,91.94,46.0,4,2,0,0,4,38.71,9.68
364,31,6,1,1,3.0,9.0,3.0,33.33,3.0,0,0,0,0,1,66.67,0.0
364,28,5,1,1,4.0,4.0,4.0,100.0,4.0,0,0,0,0,1,25.0,0.0
417,14,2,1,1,32.0,35.0,32.0,91.43,32.0,3,0,0,0,1,42.86,8.57
417,13,2,2,2,117.0,83.0,58.5,140.96,74.0,15,0,1,0,1,21.69,18.07
417,19,2,1,1,0.0,2.0,0.0,0.0,0.0,0,0,0,0,1,100.0,0.0
417,30,2,1,1,18.0,12.0,18.0,150.0,18.0,1,1,0,0,0,16.67,16.67
96,6,2,1,1,2.0,10.0,2.0,20.0,2.0,0,0,0,0,1,70.0,0.0
615,27,1,1,1,0.0,1.0,0.0,0.0,0.0,0,0,0,0,1,100.0,0.0
615,28,1,1,1,3.0,5.0,3.0,60.0,3.0,0,0,0,0,1,40.0,0.0
761,23,1,4,4,25.0,33.0,6.25,75.76,13.0,3,1,0,0,5,57.58,12.12
761,3,1,1,1,5.0,3.0,5.0,166.67,5.0,1,0,0,0,0,33.33,33.33
761,8,1,1,1,16.0,24.0,16.0,66.67,16.0,1,0,0,0,1,41.67,4.17
761,7,1,1,1,13.0,12.0,13.0,108.33,13.0,1,1,0,0,1,58.33,16.67
761,28,1,1,1,5.0,11.0,5.0,45.45,5.0,1,0,0,0,1,81.82,9.09
394,10,12,1,1,17.0,9.0,17.0,188.89,17.0,2,1,0,0,0,33.33,33.33
394,10,14,1,1,17.0,5.0,17.0,340.0,17.0,1,2,0,0,1,20.0,60.0
394,10,17,1,1,7.0,4.0,7.0,175.0,7.0,0,1,0,0,1,50.0,25.0
394,24,17,1,1,1.0,2.0,1.0,50.0,1.0,0,0,0,0,1,50.0,0.0
394,37,12,1,1,20.0,13.0,20.0,153.85,20.0,3,1,0,0,1,53.85,30.77
394,3,12,1,1,4.0,3.0,4.0,133.33,4.0,1,0,0,0,1,66.67,33.33
394,8,14,1,1,14.0,11.0,14.0,127.27,14.0,2,0,0,0,1,27.27,18.18
394,25,17,1,1,0.0,1.0,0.0,0.0,0.0,0,0,0,0,1,100.0,0.0
394,7,12,1,1,12.0,7.0,12.0,171.43,12.0,0,0,0,0,0,0.0,0.0
394,16,10,1,1,2.0,3.0,2.0,66.67,2.0,0,0,0,0,1,66.67,0.0
394,16,11,1,1,4.0,2.0,4.0,200.0,4.0,1,0,0,0,1,50.0,50.0
394,16,12,2,2,31.0,24.0,15.5,129.17,20.0,0,3,0,0,2,33.33,12.5
394,18,17,1,1,23.0,17.0,23.0,135.29,23.0,2,1,0,0,1,29.41,17.65
394,1,13,1,1,11.0,8.0,11.0,137.5,11.0,2,0,0,0,1,25.0,25.0
394,1,14,1,1,3.0,4.0,3.0,75.0,3.0,0,0,0,0,1,25.0,0.0
394,28,11,1,1,14.0,10.0,14.0,140.0,14.0,2,0,0,0,1,20.0,20.0
394,28,12,1,2,37.0,22.0,37.0,168.18,37.0,2,3,0,0,2,31.82,22.73
394,28,17,1,1,4.0,7.0,4.0,57.14,4.0,0,0,0,0,0,14.29,0.0
148,10,7,1,1,1.0,2.0,1.0,50.0,1.0,0,0,0,0,0,50.0,0.0
148,10,9,2,2,2.0,4.0,1.0,50.0,2.0,0,0,0,0,0,25.0,0.0
148,10,10,4,4,30.0,18.0,7.5,166.67,21.0,3,2,0,0,3,38.89,27.78
148,37,18,1,1,1.0,1.0,1.0,100.0,1.0,0,0,0,0,0,0.0,0.0
148,12,13,1,1,0.0,1.0,0.0,0.0,0.0,0,0,0,0,1,100.0,0.0
148,23,11,1,1,7.0,6.0,7.0,116.67,7.0,1,0,0,0,1,33.33,16.67
148,23,18,1,1,2.0,4.0,2.0,50.0,2.0,0,0,0,0,0,50.0,0.0
148,20,10,1,1,4.0,2.0,4.0,200.0,4.0,1,0,0,0,0,50.0,50.0
148,3,7,1,1,1.0,1.0,1.0,100.0,1.0,0,0,0,0,0,0.0,0.0
148,8,14,1,1,3.0,3.0,3.0,100.0,3.0,0,0,0,0,1,0.0,0.0
148,8,16,1,1,5.0,5.0,5.0,100.0,5.0,1,0,0,0,1,60.0,20.0
148,2,14,1,1,1.0,2.0,1.0,50.0,1.0,0,0,0,0,0,50.0,0.0
148,2,16,1,1,0.0,1.0,0.0,0.0,0.0,0,0,0,0,1,100.0,0.0
148,7,7,1,1,0.0,1.0,0.0,0.0,0.0,0,0,0,0,1,100.0,0.0
148,7,10,1,1,2.0,4.0,2.0,50.0,2.0,0,0,0,0,1,50.0,0.0
148,7,12,1,1,0.0,1.0,0.0,0.0,0.0,0,0,0,0,1,100.0,0.0
148,16,12,1,1,1.0,1.0,1.0,100.0,1.0,0,0,0,0,0,0.0,0.0
148,16,18,2,2,7.0,5.0,3.5,140.0,6.0,1,0,0,0,1,40.0,20.0
148,18,6,1,1,5.0,10.0,5.0,50.0,5.0,0,0,0,0,1,60.0,0.0
148,1,7,1,1,1.0,3.0,1.0,33.33,1.0,0,0,0,0,1,66.67,0.0
148,1,13,1,1,2.0,2.0,2.0,100.0,2.0,0,0,0,0,0,0.0,0.0
148,28,14,1,1,9.0,12.0,9.0,75.0,9.0,0,0,0,0,0,50.0,0.0
38,24,16,1,1,0.0,1.0,0.0,0.0,0.0,0,0,0,0,1,100.0,0.0
38,26,15,2,2,11.0,17.0,5.5,64.71,9.0,1,0,0,0,1,58.82,5.88
38,27,15,1,1,14.0,11.0,14.0,127.27,14.0,3,0,0,0,0,54.55,27.27
38,12,13,1,1,5.0,4.0,5.0,125.0,5.0,1,0,0,0,1,50.0,25.0
38,3,12,1,1,1.0,5.0,1.0,20.0,1.0,0,0,0,0,1,60.0,0.0
38,3,16,1,1,1.0,1.0,1.0,100.0,1.0,0,0,0,0,0,0.0,0.0
38,3,17,1,1,12.0,8.0,12.0,150.0,12.0,0,2,0,0,1,75.0,25.0
38,8,12,1,1,0.0,1.0,0.0,0.0,0.0,0,0,0,0,0,100.0,0.0
38,8,14,1,1,0.0,1.0,0.0,0.0,0.0,0,0,0,0,0,0.0,0.0
38,32,11,1,1,3.0,7.0,3.0,42.86,3.0,0,0,0,0,1,42.86,0.0
38,32,15,1,1,5.0,5.0,5.0,100.0,5.0,1,0,0,0,1,60.0,20.0
38,2,14,1,1,0.0,1.0,0.0,0.0,0.0,0,0,0,0,0,100.0,0.0
38,2,18,1,1,3.0,4.0,3.0,75.0,3.0,0,0,0,0,0,25.0,0.0
38,16,12,1,1,3.0,8.0,3.0,37.5,3.0,0,0,0,0,1,50.0,0.0
38,18,11,1,1,14.0,12.0,14.0,116.67,14.0,2,0,0,0,1,33.33,16.67
38,36,13,1,1,2.0,3.0,2.0,66.67,2.0,0,0,0,0,0,0.0,0.0
38,1,13,1,1,10.0,7.0,10.0,142.86,10.0,1,0,0,0,0,28.57,14.29
38,1,14,1,1,8.0,10.0,8.0,80.0,8.0,1,0,0,0,1,60.0,10.0
38,28,11,1,1,8.0,3.0,8.0,266.67,8.0,0,1,0,0,0,0.0,33.33
38,28,14,1,1,12.0,14.0,12.0,85.71,12.0,0,1,0,0,0,57.14,7.14
566,16,16,1,1,1.0,2.0,1.0,50.0,1.0,0,0,0,0,0,50.0,0.0
532,24,17,1,1,2.0,1.0,2.0,200.0,2.0,0,0,0,0,0,0.0,0.0
532,26,15,1,1,9.0,7.0,9.0,128.57,9.0,1,0,0,0,0,28.57,14.29
532,8,16,1,1,0.0,7.0,0.0,0.0,0.0,0,0,0,0,1,100.0,0.0
532,32,15,2,2,14.0,9.0,7.0,155.56,13.0,1,1,0,0,1,33.33,22.22
750,24,18,1,1,14.0,12.0,14.0,116.67,14.0,1,1,0,0,1,50.0,16.67
644,10,12,1,1,32.0,24.0,32.0,133.33,32.0,1,2,0,0,0,29.17,12.5
644,10,17,1,1,5.0,7.0,5.0,71.43,5.0,1,0,0,0,1,71.43,14.29
644,24,16,7,7,145.0,105.0,20.71,138.1,89.0,7,12,1,0,6,42.86,18.1
644,24,17,7,7,191.0,142.0,27.29,134.51,62.0,17,8,2,0,6,37.32,17.61
644,26,15,2,2,37.0,26.0,18.5,142.31,27.0,1,3,0,0,2,34.62,15.38
644,27,15,1,1,24.0,15.0,24.0,160.0,24.0,2,1,0,0,1,13.33,20.0
644,12,13,9,9,210.0,135.0,23.33,155.56,65.0,22,8,3,0,7,26.67,22.22
644,23,9,1,1,0.0,3.0,0.0,0.0,0.0,0,0,0,0,1,100.0,0.0
644,23,10,1,1,9.0,12.0,9.0,75.0,9.0,1,0,0,0,1,58.33,8.33
644,23,12,1,1,17.0,8.0,17.0,212.5,17.0,2,1,0,0,0,25.0,37.5
644,23,15,1,1,9.0,9.0,9.0,100.0,9.0,0,1,0,0,1,55.56,11.11
644,23,16,1,1,0.0,2.0,0.0,0.0,0.0,0,0,0,0,1,100.0,0.0
644,23,17,1,1,10.0,5.0,10.0,200.0,10.0,2,0,0,0,1,40.0,40.0
644,11,18,1,1,15.0,5.0,15.0,300.0,15.0,1,1,0,0,0,0.0,40.0
644,17,10,1,1,1.0,3.0,1.0,33.33,1.0,0,0,0,0,1,66.67,0.0
644,17,11,3,3,54.0,34.0,18.0,158.82,29.0,4,3,0,0,1,29.41,20.59
644,3,11,1,1,11.0,9.0,11.0,122.22,11.0,0,1,0,0,1,33.33,11.11
644,3,12,5,5,103.0,78.0,20.6,132.05,46.0,5,6,0,0,3,34.62,14.1
644,3,16,1,1,65.0,30.0,65.0,216.67,65.0,6,5,1,0,1,33.33,36.67
644,3,17,1,1,24.0,15.0,24.0,160.0,24.0,1,2,0,0,1,26.67,20.0
644,3,18,1,1,7.0,2.0,7.0,350.0,7.0,0,1,0,0,0,0.0,50.0
644,8,14,1,1,2.0,2.0,2.0,100.0,2.0,0,0,0,0,0,0.0,0.0
644,8,16,2,2,61.0,45.0,30.5,135.56,40.0,5,2,0,0,2,26.67,15.56
644,8,17,1,1,124.0,63.0,124.0,196.83,124.0,13,6,1,1,0,17.46,30.16
644,25,18,4,4,32.0,33.0,8.0,96.97,26.0,2,2,0,0,4,51.52,12.12
644,32,15,3,3,31.0,20.0,10.33,155.0,28.0,1,3,0,0,2,35.0,20.0
644,2,14,2,2,28.0,20.0,14.0,140.0,22.0,4,0,0,0,1,25.0,20.0
644,2,16,1,1,4.0,9.0,4.0,44.44,4.0,0,0,0,0,1,44.44,0.0
644,2,18,3,3,28.0,19.0,9.33,147.37,20.0,1,3,0,0,2,47.37,21.05
644,7,9,3,3,119.0,88.0,39.67,135.23,52.0,10,3,1,0,2,27.27,14.77
644,7,11,1,1,22.0,15.0,22.0,146.67,22.0,2,0,0,0,0,20.0,13.33
644,7,12,1,1,28.0,16.0,28.0,175.0,28.0,4,0,0,0,0,25.0,25.0
644,7,16,1,1,72.0,40.0,72.0,180.0,72.0,6,5,1,0,1,25.0,27.5
644,16,16,1,1,40.0,25.0,40.0,160.0,40.0,2,3,0,0,1,28.0,20.0
644,16,17,1,1,3.0,5.0,3.0,60.0,3.0,0,0,0,0,1,40.0,0.0
644,16,18,1,1,34.0,11.0,34.0,309.09,34.0,1,4,0,0,0,9.09,45.45
644,34,9,1,1,27.0,17.0,27.0,158.82,27.0,3,1,0,0,1,35.29,23.53
644,34,10,1,1,7.0,9.0,7.0,77.78,7.0,0,0,0,0,1,33.33,0.0
644,18,11,1,1,11.0,16.0,11.0,68.75,11.0,0,0,0,0,1,37.5,0.0
644,18,12,1,1,31.0,28.0,31.0,110.71,31.0,2,1,0,0,0,32.14,10.71
644,18,16,1,1,21.0,16.0,21.0,131.25,21.0,2,0,0,0,1,18.75,12.5
644,18,17,1,1,3.0,4.0,3.0,75.0,3.0,0,0,0,0,1,25.0,0.0
644,18,18,1,1,44.0,16.0,44.0,275.0,44.0,3,4,0,0,0,6.25,43.75
644,36,13,3,3,64.0,47.0,21.33,136.17,39.0,1,6,0,0,4,34.04,14.89
644,36,14,1,1,18.0,23.0,18.0,78.26,18.0,1,0,0,0,1,39.13,4.35
644,1,13,5,5,78.0,55.0,15.6,141.82,38.0,8,2,0,0,4,25.45,18.18
644,28,11,1,1,1.0,2.0,1.0,50.0,1.0,0,0,0,0,1,50.0,0.0
644,28,12,1,1,0.0,2.0,0.0,0.0,0.0,0,0,0,0,1,100.0,0.0
644,28,14,3,3,41.0,27.0,13.67,151.85,27.0,6,1,0,0,2,37.04,25.93
644,28,15,3,3,55.0,36.0,18.33,152.78,38.0,3,5,0,0,1,41.67,22.22
644,28,17,1,1,28.0,22.0,28.0,127.27,28.0,5,0,0,0,1,45.45,22.73
297,10,3,1,1,13.0,19.0,13.0,68.42,13.0,0,0,0,0,1,36.84,0.0
297,10,16,5,5,98.0,73.0,19.6,134.25,63.0,5,7,1,0,5,38.36,16.44
297,24,16,1,1,0.0,1.0,0.0,0.0,0.0,0,0,0,0,1,100.0,0.0
297,24,18,6,6,267.0,169.0,44.5,157.99,67.0,24,14,3,0,6,29.59,22.49
297,26,15,1,1,10.0,7.0,10.0,142.86,10.0,2,0,0,0,1,42.86,28.57
297,37,17,2,2,18.0,14.0,9.0,128.57,18.0,2,1,0,0,2,50.0,21.43
297,37,18,1,1,72.0,36.0,72.0,200.0,72.0,6,6,1,0,1,33.33,33.33
297,27,4,2,2,48.0,43.0,24.0,111.63,37.0,2,3,0,0,2,44.19,11.63
297,27,15,3,3,177.0,130.0,59.0,136.15,89.0,12,11,2,0,3,36.15,17.69
297,12,13,1,1,0.0,1.0,0.0,0.0,0.0,0,0,0,0,1,100.0,0.0
297,23,18,1,1,81.0,48.0,81.0,168.75,81.0,6,5,1,0,1,31.25,22.92
297,11,3,1,1,15.0,11.0,15.0,136.36,15.0,1,1,0,0,1,27.27,18.18
297,11,18,1,1,0.0,5.0,0.0,0.0,0.0,0,0,0,0,1,100.0,0.0
297,3,6,1,1,24.0,23.0,24.0,104.35,24.0,0,2,0,0,1,34.78,8.7
297,3,16,1,1,0.0,4.0,0.0,0.0,0.0,0,0,0,0,1,100.0,0.0
297,8,6,1,1,2.0,4.0,2.0,50.0,2.0,0,0,0,0,1,50.0,0.0
297,8,16,1,1,5.0,4.0,5.0,125.0,5.0,1,0,0,0,0,25.0,25.0
297,25,17,1,1,20.0,12.0,20.0,166.67,20.0,2,2,0,0,1,50.0,33.33
297,32,6,1,1,14.0,13.0,14.0,107.69,14.0,1,1,0,0,1,53.85,15.38
297,2,18,1,1,117.0,64.0,117.0,182.81,117.0,10,8,1,1,1,28.12,28.12
297,7,4,1,1,2.0,6.0,2.0,33.33,2.0,0,0,0,0,0,66.67,0.0
297,16,6,1,1,7.0,3.0,7.0,233.33,7.0,0,1,0,0,0,33.33,33.33
297,16,16,1,1,25.0,15.0,25.0,166.67,25.0,5,0,0,0,1,40.0,33.33
297,16,18,1,1,52.0,31.0,52.0,167.74,52.0,7,2,1,0,1,29.03,29.03
297,34,9,1,1,7.0,11.0,7.0,63.64,7.0,0,0,0,0,1,54.55,0.0
297,18,6,1,1,35.0,21.0,35.0,166.67,35.0,2,3,0,0,1,38.1,23.81
297,18,17,1,1,23.0,12.0,23.0,191.67,23.0,5,0,0,0,1,33.33,41.67
297,18,18,1,1,4.0,6.0,4.0,66.67,4.0,0,0,0,0,1,66.67,0.0
297,31,6,2,2,20.0,16.0,10.0,125.0,15.0,1,1,0,0,2,31.25,12.5
297,28,6,1,1,38.0,26.0,38.0,146.15,38.0,2,2,0,0,1,23.08,15.38
297,28,15,4,4,64.0,52.0,16.0,123.08,37.0,5,3,0,0,3,42.31,15.38
297,28,18,1,1,34.0,24.0,34.0,141.67,34.0,3,2,0,0,1,29.17,20.83
157,3,18,1,1,1.0,4.0,1.0,25.0,1.0,0,0,0,0,1,75.0,0.0
762,9,3,1,1,0.0,7.0,0.0,0.0,0.0,0,0,0,0,0,100.0,0.0
762,9,5,1,1,10.0,13.0,10.0,76.92,10.0,2,0,0,0,1,61.54,15.38
762,26,3,1,1,11.0,10.0,11.0,110.0,11.0,1,0,0,0,1,30.0,10.0
762,23,3,1,1,18.0,13.0,18.0,138.46,18.0,3,0,0,0,1,30.77,23.08
762,23,4,3,3,44.0,57.0,14.67,77.19,19.0,5,0,0,0,3,45.61,8.77
762,23,5,3,3,57.0,56.0,19.0,101.79,29.0,4,1,0,0,3,32.14,8.93
762,23,6,4,4,112.0,102.0,28.0,109.8,51.0,13,4,1,0,3,48.04,16.67
762,35,6,2,2,1.0,6.0,0.5,16.67,1.0,0,0,0,0,2,83.33,0.0
762,3,3,1,1,75.0,51.0,75.0,147.06,75.0,7,4,1,0,1,39.22,21.57
762,3,5,1,1,46.0,29.0,46.0,158.62,46.0,2,3,0,0,1,24.14,17.24
762,3,6,1,1,1.0,5.0,1.0,20.0,1.0,0,0,0,0,1,80.0,0.0
762,3,8,2,2,37.0,30.0,18.5,123.33,20.0,6,1,0,0,2,60.0,23.33
762,8,3,1,1,7.0,9.0,7.0,77.78,7.0,1,0,0,0,1,55.56,11.11
762,8,4,1,1,27.0,29.0,27.0,93.1,27.0,3,0,0,0,1,41.38,10.34
762,8,5,1,1,89.0,48.0,89.0,185.42,89.0,8,5,1,0,1,25.0,27.08
762,8,6,1,1,92.0,61.0,92.0,150.82,92.0,14,2,1,0,1,31.15,26.23
762,7,3,4,4,87.0,74.0,21.75,117.57,35.0,11,2,0,0,4,48.65,17.57
762,7,5,1,1,11.0,14.0,11.0,78.57,11.0,0,1,0,0,1,57.14,7.14
762,7,6,1,1,0.0,1.0,0.0,0.0,0.0,0,0,0,0,1,100.0,0.0
762,16,6,1,1,15.0,18.0,15.0,83.33,15.0,3,0,0,0,1,66.67,16.67
762,18,3,1,1,20.0,14.0,20.0,142.86,20.0,4,0,0,0,1,50.0,28.57
762,18,4,1,1,1.0,3.0,1.0,33.33,1.0,0,0,0,0,0,66.67,0.0
762,18,6,1,1,1.0,4.0,1.0,25.0,1.0,0,0,0,0,1,50.0,0.0
762,33,6,1,1,4.0,7.0,4.0,57.14,4.0,1,0,0,0,2,85.71,14.29
762,1,7,1,1,3.0,9.0,3.0,33.33,3.0,0,0,0,0,1,66.67,0.0
762,31,6,1,1,12.0,13.0,12.0,92.31,12.0,2,0,0,0,1,53.85,15.38
762,28,6,1,1,17.0,19.0,17.0,89.47,17.0,3,0,0,0,1,57.89,15.79
522,10,1,1,1,33.0,33.0,33.0,100.0,33.0,3,0,0,0,1,30.3,9.09
522,10,5,1,1,11.0,18.0,11.0,61.11,11.0,0,0,0,0,1,44.44,0.0
522,10,6,1,1,44.0,23.0,44.0,191.3,44.0,5,1,0,0,1,13.04,26.09
522,10,7,1,1,12.0,5.0,12.0,240.0,12.0,1,1,0,0,0,40.0,40.0
522,10,9,1,1,27.0,20.0,27.0,135.0,27.0,1,2,0,0,1,30.0,15.0
522,10,10,1,1,5.0,5.0,5.0,100.0,5.0,0,0,0,0,1,40.0,0.0
522,10,11,1,1,17.0,23.0,17.0,73.91,17.0,1,0,0,0,1,47.83,4.35
522,10,12,1,1,32.0,35.0,32.0,91.43,32.0,2,1,0,0,0,45.71,8.57
522,10,16,1,1,5.0,4.0,5.0,125.0,5.0,0,0,0,0,0,0.0,0.0
522,10,18,1,1,16.0,17.0,16.0,94.12,16.0,0,1,0,0,1,35.29,5.88
522,9,7,1,1,23.0,20.0,23.0,115.0,23.0,0,1,0,0,1,30.0,5.0
522,15,18,1,1,16.0,11.0,16.0,145.45,16.0,1,1,0,0,1,27.27,18.18
522,24,17,1,1,28.0,9.0,28.0,311.11,28.0,3,2,0,0,0,11.11,55.56
522,24,18,1,1,26.0,11.0,26.0,236.36,26.0,4,1,0,0,0,18.18,45.45
522,26,15,3,3,65.0,62.0,21.67,104.84,26.0,4,3,0,0,2,43.55,11.29
522,14,2,1,1,58.0,37.0,58.0,156.76,58.0,6,1,1,0,0,10.81,18.92
522,37,5,1,1,7.0,9.0,7.0,77.78,7.0,0,0,0,0,1,55.56,0.0
522,37,9,2,2,94.0,52.0,47.0,180.77,64.0,5,7,1,0,1,26.92,23.08
522,37,12,1,1,9.0,9.0,9.0,100.0,9.0,1,0,0,0,1,44.44,11.11
522,37,17,1,1,37.0,16.0,37.0,231.25,37.0,4,3,0,0,0,37.5,43.75
522,27,1,1,1,29.0,17.0,29.0,170.59,29.0,1,2,0,0,0,11.76,17.65
522,27,3,2,2,52.0,47.0,26.0,110.64,30.0,5,1,0,0,2,31.91,12.77
522,27,15,3,3,52.0,27.0,17.33,192.59,28.0,4,3,0,0,1,18.52,25.93
522,12,7,2,2,19.0,19.0,9.5,100.0,14.0,1,1,0,0,2,26.32,10.53
522,12,13,6,6,113.0,92.0,18.83,122.83,47.0,11,3,0,0,4,39.13,15.22
522,12,14,4,4,51.0,53.0,12.75,96.23,18.0,5,1,0,0,3,43.4,11.32
522,23,3,1,1,66.0,33.0,66.0,200.0,66.0,6,3,1,0,0,18.18,27.27
522,23,5,1,1,28.0,21.0,28.0,133.33,28.0,3,1,0,0,1,38.1,19.05
522,23,6,2,2,72.0,52.0,36.0,138.46,63.0,3,5,1,0,0,36.54,15.38
522,23,7,1,1,21.0,15.0,21.0,140.0,21.0,1,1,0,0,0,26.67,13.33
522,23,8,2,2,19.0,17.0,9.5,111.76,18.0,1,1,0,0,2,47.06,11.76
522,23,9,1,1,8.0,22.0,8.0,36.36,8.0,0,0,0,0,1,63.64,0.0
522,23,10,1,1,5.0,9.0,5.0,55.56,5.0,0,0,0,0,1,44.44,0.0
522,23,11,1,1,43.0,25.0,43.0,172.0,43.0,1,4,0,0,0,24.0,20.0
522,23,12,1,1,16.0,13.0,16.0,123.08,16.0,0,1,0,0,1,38.46,7.69
522,23,16,1,1,2.0,3.0,2.0,66.67,2.0,0,0,0,0,0,33.33,0.0
522,23,18,1,1,17.0,18.0,17.0,94.44,17.0,0,1,0,0,0,33.33,5.56
522,11,3,1,1,54.0,29.0,54.0,186.21,54.0,5,2,1,0,0,3.45,24.14
522,11,5,1,1,6.0,16.0,6.0,37.5,6.0,1,0,0,0,1,81.25,6.25
522,11,17,1,1,0.0,1.0,0.0,0.0,0.0,0,0,0,0,1,100.0,0.0
522,17,10,1,1,5.0,11.0,5.0,45.45,5.0,0,0,0,0,1,54.55,0.0
522,35,7,4,4,112.0,80.0,28.0,140.0,57.0,5,6,1,0,1,26.25,13.75
522,35,8,1,1,26.0,29.0,26.0,89.66,26.0,1,0,0,0,2,31.03,3.45
522,13,2,4,4,47.0,51.0,11.75,92.16,22.0,2,1,0,0,4,33.33,5.88
522,3,1,1,1,65.0,30.0,65.0,216.67,65.0,9,3,1,0,1,33.33,40.0
522,3,4,1,1,70.0,40.0,70.0,175.0,70.0,3,6,1,0,0,30.0,22.5
522,3,5,1,1,51.0,20.0,51.0,255.0,51.0,6,2,1,0,0,5.0,40.0
522,3,6,1,1,24.0,10.0,24.0,240.0,24.0,2,2,0,0,1,20.0,40.0
522,3,7,1,1,49.0,28.0,49.0,175.0,49.0,4,3,0,0,0,21.43,25.0
522,3,8,1,1,13.0,13.0,13.0,100.0,13.0,2,0,0,0,1,46.15,15.38
522,3,9,1,1,9.0,8.0,9.0,112.5,9.0,0,1,0,0,1,50.0,12.5
522,3,10,1,1,28.0,25.0,28.0,112.0,28.0,3,1,0,0,1,44.0,16.0
522,3,11,1,1,70.0,34.0,70.0,205.88,70.0,1,7,1,0,0,14.71,23.53
522,3,12,1,1,84.0,48.0,84.0,175.0,84.0,5,7,1,0,2,31.25,25.0
522,3,16,1,1,1.0,1.0,1.0,100.0,1.0,0,0,0,0,0,0.0,0.0
522,3,17,1,1,25.0,13.0,25.0,192.31,25.0,3,1,0,0,1,15.38,30.77
522,3,18,1,1,12.0,8.0,12.0,150.0,12.0,0,1,0,0,1,12.5,12.5
522,8,1,7,7,204.0,160.0,29.14,127.5,60.0,15,8,1,0,6,34.38,14.37
522,8,3,5,5,87.0,69.0,17.4,126.09,42.0,8,2,0,0,5,31.88,14.49
522,8,4,7,7,192.0,130.0,27.43,147.69,63.0,11,10,1,0,8,23.08,16.15
522,8,5,9,9,194.0,135.0,21.56,143.7,41.0,12,5,0,0,4,17.78,12.59
522,8,6,8,8,260.0,164.0,32.5,158.54,67.0,17,14,3,0,7,25.61,18.9
522,8,8,7,7,208.0,146.0,29.71,142.47,53.0,12,13,1,0,6,33.56,17.12
522,8,11,1,1,25.0,28.0,25.0,89.29,25.0,1,1,0,0,1,35.71,7.14
522,8,12,4,4,193.0,120.0,48.25,160.83,75.0,12,11,1,0,0,25.83,19.17
522,8,16,7,7,82.0,41.0,11.71,200.0,32.0,2,9,0,0,3,26.83,26.83
522,8,17,4,4,24.0,17.0,6.0,141.18,14.0,3,1,0,0,1,41.18,23.53
522,8,18,6,6,78.0,62.0,13.0,125.81,30.0,6,4,0,0,3,38.71,16.13
522,25,18,1,1,27.0,12.0,27.0,225.0,27.0,1,3,0,0,2,8.33,33.33
522,32,9,4,4,118.0,92.0,29.5,128.26,41.0,9,3,0,0,2,27.17,13.04
522,32,10,6,6,154.0,121.0,25.67,127.27,61.0,9,8,1,0,4,35.54,14.05
522,32,11,6,6,149.0,90.0,24.83,165.56,51.0,9,11,1,0,3,26.67,22.22
522,32,15,2,2,10.0,10.0,5.0,100.0,8.0,1,0,0,0,2,40.0,10.0
522,2,3,1,1,21.0,19.0,21.0,110.53,21.0,2,0,0,0,1,21.05,10.53
522,2,8,1,1,31.0,37.0,31.0,83.78,31.0,4,0,0,0,0,51.35,10.81
522,2,16,2,2,14.0,8.0,7.0,175.0,14.0,1,1,0,0,1,25.0,25.0
522,2,17,1,1,26.0,11.0,26.0,236.36,26.0,1,3,0,0,0,27.27,36.36
522,22,4,1,1,14.0,13.0,14.0,107.69,14.0,1,1,0,0,0,46.15,15.38
522,19,2,2,2,34.0,37.0,17.0,91.89,28.0,0,0,0,0,2,27.03,0.0
522,5,2,1,1,36.0,26.0,36.0,138.46,36.0,1,2,0,0,1,19.23,11.54
522,7,1,1,1,2.0,3.0,2.0,66.67,2.0,0,0,0,0,1,33.33,0.0
522,7,4,1,1,43.0,20.0,43.0,215.0,43.0,4,2,0,0,1,15.0,30.0
522,7,8,1,1,25.0,16.0,25.0,156.25,25.0,2,2,0,0,0,50.0,25.0
522,7,9,1,1,1.0,2.0,1.0,50.0,1.0,0,0,0,0,1,50.0,0.0
522,7,11,1,1,79.0,44.0,79.0,179.55,79.0,6,5,1,0,0,20.45,25.0
522,7,12,1,1,10.0,12.0,10.0,83.33,10.0,0,0,0,0,0,33.33,0.0
522,16,1,1,1,37.0,25.0,37.0,148.0,37.0,4,1,0,0,1,28.0,20.0
522,16,6,1,1,4.0,3.0,4.0,133.33,4.0,0,0,0,0,1,33.33,0.0
522,16,8,1,1,20.0,16.0,20.0,125.0,20.0,2,0,0,0,2,18.75,12.5
522,16,9,1,1,5.0,4.0,5.0,125.0,5.0,1,0,0,0,1,50.0,25.0
522,16,10,2,2,41.0,34.0,20.5,120.59,31.0,3,2,0,0,2,41.18,14.71
522,16,11,1,1,25.0,12.0,25.0,208.33,25.0,3,1,0,0,0,16.67,33.33
522,16,12,1,1,2.0,8.0,2.0,25.0,2.0,0,0,0,0,0,75.0,0.0
522,16,17,1,1,1.0,2.0,1.0,50.0,1.0,0,0,0,0,0,50.0,0.0
522,34,9,1,1,22.0,10.0,22.0,220.0,22.0,2,1,0,0,0,10.0,30.0
522,34,10,1,1,5.0,8.0,5.0,62.5,5.0,0,0,0,0,1,37.5,0.0
522,18,1,1,1,1.0,7.0,1.0,14.29,1.0,0,0,0,0,1,85.71,0.0
522,18,4,1,1,41.0,19.0,41.0,215.79,41.0,3,3,0,0,0,26.32,31.58
522,18,5,1,1,10.0,16.0,10.0,62.5,10.0,1,0,0,0,1,62.5,6.25
522,18,6,1,1,2.0,3.0,2.0,66.67,2.0,0,0,0,0,1,66.67,0.0
522,18,11,1,1,33.0,23.0,33.0,143.48,33.0,1,1,0,0,0,17.39,8.7
522,18,12,1,1,58.0,43.0,58.0,134.88,58.0,2,3,1,0,1,23.26,11.63
522,33,8,1,1,27.0,24.0,27.0,112.5,27.0,3,1,0,0,1,41.67,16.67
522,36,7,1,1,13.0,14.0,13.0,92.86,13.0,1,0,0,0,0,21.43,7.14
522,36,13,3,3,48.0,38.0,16.0,126.32,29.0,2,4,0,0,2,42.11,15.79
522,36,14,2,2,25.0,20.0,12.5,125.0,14.0,3,1,0,0,0,45.0,20.0
522,1,7,2,2,58.0,26.0,29.0,223.08,32.0,5,3,0,0,2,11.54,30.77
522,1,13,3,3,39.0,42.0,13.0,92.86,28.0,3,0,0,0,2,38.1,7.14
522,1,14,1,1,1.0,4.0,1.0,25.0,1.0,0,0,0,0,2,50.0,0.0
522,30,2,2,2,39.0,36.0,19.5,108.33,23.0,2,1,0,0,1,30.56,8.33
522,31,5,1,1,26.0,28.0,26.0,92.86,26.0,1,0,0,0,1,25.0,3.57
522,31,6,1,1,45.0,16.0,45.0,281.25,45.0,4,3,0,0,0,6.25,43.75
522,6,2,3,3,118.0,74.0,39.33,159.46,56.0,11,4,1,0,0,22.97,20.27
522,29,3,1,1,7.0,13.0,7.0,53.85,7.0,0,0,0,0,1,53.85,0.0
522,28,1,1,1,43.0,35.0,43.0,122.86,43.0,6,1,0,0,0,40.0,20.0
522,28,4,2,2,32.0,25.0,16.0,128.0,29.0,3,1,0,0,2,36.0,16.0
522,28,5,1,1,25.0,15.0,25.0,166.67,25.0,2,1,0,0,1,13.33,20.0
522,28,6,1,1,10.0,12.0,10.0,83.33,10.0,1,0,0,0,1,50.0,8.33
522,28,7,2,2,64.0,43.0,32.0,148.84,42.0,4,4,0,0,0,27.91,18.6
522,28,8,2,2,3.0,7.0,1.5,42.86,3.0,0,0,0,0,2,57.14,0.0
522,28,10,2,2,47.0,37.0,23.5,127.03,40.0,0,5,0,0,2,43.24,13.51
522,28,11,2,2,14.0,23.0,7.0,60.87,9.0,1,0,0,0,2,56.52,4.35
522,28,12,1,1,12.0,21.0,12.0,57.14,12.0,0,0,0,0,1,47.62,0.0
522,28,14,4,4,37.0,30.0,9.25,123.33,18.0,4,1,0,0,3,46.67,16.67
522,28,15,4,4,105.0,89.0,26.25,117.98,50.0,12,4,1,0,3,49.44,17.98
522,28,17,1,1,20.0,4.0,20.0,500.0,20.0,0,3,0,0,0,0.0,75.0
522,28,18,1,1,4.0,6.0,4.0,66.67,4.0,0,0,0,0,1,33.33,0.0
174,10,1,1,1,13.0,5.0,13.0,260.0,13.0,1,1,0,0,0,0.0,40.0
174,37,5,1,1,4.0,8.0,4.0,50.0,4.0,0,0,0,0,1,50.0,0.0
174,13,2,2,2,13.0,7.0,6.5,185.71,7.0,0,2,0,0,2,57.14,28.57
174,8,1,3,3,21.0,14.0,7.0,150.0,15.0,1,2,0,0,1,42.86,21.43
174,8,3,1,1,2.0,6.0,2.0,33.33,2.0,0,0,0,0,1,66.67,0.0
174,8,6,1,1,0.0,1.0,0.0,0.0,0.0,0,0,0,0,0,100.0,0.0
174,22,4,1,1,0.0,1.0,0.0,0.0,0.0,0,0,0,0,0,0.0,0.0
174,7,6,2,2,45.0,21.0,22.5,214.29,42.0,4,3,0,0,2,28.57,33.33
174,16,4,1,1,0.0,1.0,0.0,0.0,0.0,0,0,0,0,1,100.0,0.0
174,18,1,1,1,1.0,4.0,1.0,25.0,1.0,0,0,0,0,0,75.0,0.0
174,28,6,1,1,0.0,3.0,0.0,0.0,0.0,0,0,0,0,1,100.0,0.0
253,10,4,2,2,19.0,29.0,9.5,65.52,11.0,0,0,0,0,2,41.38,0.0
253,26,15,1,1,6.0,7.0,6.0,85.71,6.0,1,0,0,0,1,57.14,14.29
253,27,4,1,1,3.0,4.0,3.0,75.0,3.0,0,0,0,0,1,50.0,0.0
253,27,15,2,2,31.0,25.0,15.5,124.0,19.0,6,0,0,0,1,44.0,24.0
253,23,15,1,1,35.0,30.0,35.0,116.67,35.0,6,0,0,0,1,50.0,20.0
253,32,15,2,2,11.0,9.0,5.5,122.22,10.0,2,0,0,0,2,44.44,22.22
253,2,15,1,1,8.0,10.0,8.0,80.0,8.0,0,1,0,0,1,80.0,10.0
253,18,17,1,1,4.0,6.0,4.0,66.67,4.0,0,0,0,0,1,33.33,0.0
253,28,15,3,3,66.0,57.0,22.0,115.79,30.0,8,1,0,0,3,38.6,15.79
483,12,13,1,1,1.0,3.0,1.0,33.33,1.0,0,0,0,0,1,66.67,0.0
483,3,11,1,1,0.0,2.0,0.0,0.0,0.0,0,0,0,0,1,100.0,0.0
483,8,14,1,1,1.0,1.0,1.0,100.0,1.0,0,0,0,0,0,0.0,0.0
483,7,12,1,1,0.0,1.0,0.0,0.0,0.0,0,0,0,0,0,0.0,0.0
483,16,11,1,1,10.0,5.0,10.0,200.0,10.0,2,0,0,0,0,0.0,40.0
483,16,12,1,1,0.0,3.0,0.0,0.0,0.0,0,0,0,0,1,100.0,0.0
518,26,15,1,1,2.0,2.0,2.0,100.0,2.0,0,0,0,0,0,0.0,0.0
518,28,15,1,1,4.0,4.0,4.0,100.0,4.0,1,0,0,0,0,75.0,25.0
334,10,16,1,1,6.0,7.0,6.0,85.71,6.0,0,0,0,0,0,14.29,0.0
334,10,17,1,1,0.0,2.0,0.0,0.0,0.0,0,0,0,0,0,100.0,0.0
334,15,16,1,1,1.0,1.0,1.0,100.0,1.0,0,0,0,0,0,0.0,0.0
334,24,16,1,1,0.0,1.0,0.0,0.0,0.0,0,0,0,0,0,100.0,0.0
334,3,17,1,1,3.0,7.0,3.0,42.86,3.0,0,0,0,0,1,57.14,0.0
713,25,18,1,1,0.0,3.0,0.0,0.0,0.0,0,0,0,0,1,100.0,0.0
772,10,16,1,1,1.0,1.0,1.0,100.0,1.0,0,0,0,0,0,0.0,0.0
772,32,15,1,1,3.0,5.0,3.0,60.0,3.0,0,0,0,0,0,40.0,0.0
772,36,14,2,2,8.0,10.0,4.0,80.0,8.0,0,1,0,0,0,70.0,10.0
772,28,11,1,1,1.0,3.0,1.0,33.33,1.0,0,0,0,0,1,66.67,0.0
772,28,14,1,1,0.0,4.0,0.0,0.0,0.0,0,0,0,0,0,100.0,0.0
772,28,18,1,1,0.0,1.0,0.0,0.0,0.0,0,0,0,0,1,100.0,0.0
620,10,1,1,1,31.0,17.0,31.0,182.35,31.0,2,2,0,0,0,17.65,23.53
620,23,1,1,1,50.0,40.0,50.0,125.0,50.0,5,1,1,0,1,25.0,15.0
620,13,2,3,3,32.0,22.0,10.67,145.45,25.0,3,1,0,0,2,27.27,18.18
620,3,1,5,5,49.0,54.0,9.8,90.74,18.0,6,0,0,0,5,48.15,11.11
620,3,3,2,2,13.0,10.0,6.5,130.0,11.0,0,1,0,0,1,20.0,10.0
620,3,4,1,1,1.0,2.0,1.0,50.0,1.0,0,0,0,0,0,0.0,0.0
620,8,1,1,1,17.0,15.0,17.0,113.33,17.0,3,0,0,0,1,46.67,20.0
620,22,4,1,1,5.0,4.0,5.0,125.0,5.0,0,0,0,0,1,25.0,0.0
620,19,2,2,2,15.0,15.0,7.5,100.0,10.0,2,0,0,0,1,46.67,13.33
620,7,1,1,1,39.0,32.0,39.0,121.88,39.0,4,1,0,0,1,31.25,15.62
620,30,2,2,2,84.0,61.0,42.0,137.7,48.0,3,4,0,0,1,29.51,11.48
620,6,2,2,2,19.0,18.0,9.5,105.56,13.0,0,1,0,0,1,33.33,5.56
620,28,1,1,1,39.0,19.0,39.0,205.26,39.0,4,2,0,0,0,15.79,31.58
747,24,16,1,1,34.0,22.0,34.0,154.55,34.0,5,1,0,0,1,40.91,27.27
747,7,16,3,3,71.0,57.0,23.67,124.56,36.0,8,3,0,0,3,47.37,19.3
747,16,16,1,1,1.0,3.0,1.0,33.33,1.0,0,0,0,0,1,66.67,0.0
747,28,16,1,1,11.0,10.0,11.0,110.0,11.0,2,0,0,0,1,50.0,20.0
666,26,15,1,1,1.0,4.0,1.0,25.0,1.0,0,0,0,0,1,75.0,0.0
666,12,13,1,1,33.0,28.0,33.0,117.86,33.0,4,0,0,0,1,32.14,14.29
666,23,16,3,3,56.0,39.0,18.67,143.59,36.0,9,1,0,0,3,46.15,25.64
666,3,16,1,1,27.0,29.0,27.0,93.1,27.0,4,0,0,0,1,51.72,13.79
666,2,16,1,1,6.0,8.0,6.0,75.0,6.0,1,0,0,0,1,62.5,12.5
666,36,13,1,1,0.0,1.0,0.0,0.0,0.0,0,0,0,0,1,100.0,0.0
666,28,15,1,1,39.0,33.0,39.0,118.18,39.0,3,1,0,0,0,27.27,12.12
666,28,16,1,1,0.0,5.0,0.0,0.0,0.0,0,0,0,0,1,80.0,0.0
655,10,17,1,1,61.0,27.0,61.0,225.93,61.0,6,4,1,0,1,25.93,37.04
655,24,16,7,7,85.0,81.0,12.14,104.94,36.0,4,5,0,0,5,41.98,11.11
655,24,17,7,7,132.0,89.0,18.86,148.31,42.0,8,8,0,0,4,26.97,17.98
655,24,18,7,7,192.0,120.0,27.43,160.0,61.0,18,11,1,0,6,35.0,24.17
655,26,15,2,2,67.0,42.0,33.5,159.52,62.0,2,6,1,0,1,30.95,19.05
655,37,18,1,1,75.0,30.0,75.0,250.0,75.0,6,7,1,0,1,26.67,43.33
655,27,15,4,4,108.0,74.0,27.0,145.95,35.0,7,5,0,0,1,24.32,16.22
655,12,13,7,9,236.0,145.0,33.71,162.76,77.0,17,15,2,0,9,32.41,22.07
655,12,14,2,2,44.0,29.0,22.0,151.72,32.0,1,3,0,0,2,27.59,13.79
655,23,16,1,1,58.0,30.0,58.0,193.33,58.0,4,5,1,0,1,30.0,30.0
655,23,17,1,1,45.0,32.0,45.0,140.62,45.0,2,4,0,0,1,43.75,18.75
655,23,18,1,1,87.0,36.0,87.0,241.67,87.0,7,8,1,0,0,25.0,41.67
655,11,18,1,1,6.0,5.0,6.0,120.0,6.0,1,0,0,0,1,40.0,20.0
655,3,12,1,1,46.0,28.0,46.0,164.29,46.0,1,5,0,0,1,35.71,21.43
655,3,16,1,1,62.0,19.0,62.0,326.32,62.0,4,7,1,0,1,21.05,57.89
655,3,17,1,1,40.0,21.0,40.0,190.48,40.0,1,5,0,0,0,42.86,28.57
655,8,16,2,2,32.0,19.0,16.0,168.42,32.0,2,3,0,0,2,42.11,26.32
655,8,17,1,1,34.0,15.0,34.0,226.67,34.0,3,2,0,0,1,6.67,33.33
655,32,15,3,3,66.0,45.0,22.0,146.67,64.0,3,6,1,0,2,40.0,20.0
655,2,14,2,2,19.0,22.0,9.5,86.36,19.0,1,1,0,0,2,50.0,9.09
655,2,16,1,1,3.0,6.0,3.0,50.0,3.0,0,0,0,0,1,50.0,0.0
655,2,18,1,1,56.0,27.0,56.0,207.41,56.0,4,5,1,0,0,29.63,33.33
655,7,12,3,3,89.0,55.0,29.67,161.82,48.0,6,7,0,0,3,41.82,23.64
655,7,16,1,1,45.0,19.0,45.0,236.84,45.0,7,1,0,0,1,15.79,42.11
655,16,12,1,1,21.0,10.0,21.0,210.0,21.0,2,2,0,0,1,50.0,40.0
655,16,16,1,1,44.0,13.0,44.0,338.46,44.0,3,4,0,0,0,0.0,53.85
655,16,17,1,1,48.0,26.0,48.0,184.62,48.0,6,1,0,0,0,15.38,26.92
655,16,18,1,1,70.0,26.0,70.0,269.23,70.0,6,6,1,0,1,23.08,46.15
655,18,12,1,1,12.0,14.0,12.0,85.71,12.0,1,0,0,0,1,35.71,7.14
655,18,16,1,1,29.0,20.0,29.0,145.0,29.0,2,1,0,0,0,25.0,15.0
655,18,17,1,1,64.0,41.0,64.0,156.1,64.0,4,4,1,0,0,26.83,19.51
655,18,18,1,1,11.0,8.0,11.0,137.5,11.0,2,0,0,0,1,37.5,25.0
655,36,13,3,3,33.0,12.0,11.0,275.0,25.0,1,4,0,0,0,25.0,41.67
655,36,14,2,2,11.0,11.0,5.5,100.0,8.0,0,1,0,0,2,45.45,9.09
655,1,13,4,4,84.0,53.0,21.0,158.49,44.0,5,6,0,0,4,33.96,20.75
655,1,14,1,1,2.0,3.0,2.0,66.67,2.0,0,0,0,0,1,33.33,0.0
655,28,14,3,3,9.0,11.0,3.0,81.82,9.0,1,0,0,0,3,45.45,9.09
655,28,15,4,4,65.0,51.0,16.25,127.45,38.0,4,4,0,0,4,33.33,15.69
655,28,17,1,1,75.0,29.0,75.0,258.62,75.0,5,8,1,0,1,31.03,44.83
655,28,18,1,1,27.0,15.0,27.0,180.0,27.0,1,3,0,0,1,46.67,26.67
60,10,11,1,1,8.0,7.0,8.0,114.29,8.0,1,0,0,0,1,28.57,14.29
60,10,12,1,1,1.0,2.0,1.0,50.0,1.0,0,0,0,0,1,50.0,0.0
60,10,16,1,1,4.0,7.0,4.0,57.14,4.0,1,0,0,0,1,85.71,14.29
60,10,18,1,1,51.0,28.0,51.0,182.14,51.0,6,2,1,0,1,14.29,28.57
60,15,18,2,2,89.0,45.0,44.5,197.78,81.0,10,5,1,0,2,26.67,33.33
60,26,15,3,3,102.0,67.0,34.0,152.24,54.0,7,6,1,0,3,34.33,19.4
60,37,9,1,1,25.0,28.0,25.0,89.29,25.0,0,3,0,0,1,60.71,10.71
60,27,15,4,4,97.0,60.0,24.25,161.67,43.0,13,5,0,0,4,45.0,30.0
60,12,13,3,3,109.0,79.0,36.33,137.97,87.0,12,5,1,0,3,44.3,21.52
60,12,14,3,3,56.0,52.0,18.67,107.69,31.0,5,2,0,0,3,44.23,13.46
60,23,11,8,8,181.0,138.0,22.62,131.16,59.0,14,11,1,0,9,42.03,18.12
60,23,12,6,6,269.0,183.0,44.83,146.99,85.0,25,16,3,0,5,39.89,22.4
60,23,16,7,7,188.0,134.0,26.86,140.3,75.0,19,8,2,0,7,35.82,20.15
60,23,17,2,2,42.0,34.0,21.0,123.53,33.0,5,1,0,0,2,35.29,17.65
60,20,9,1,1,70.0,36.0,70.0,194.44,70.0,7,4,1,0,1,22.22,30.56
60,17,10,1,1,62.0,34.0,62.0,182.35,62.0,0,7,1,0,0,23.53,20.59
60,17,11,1,1,11.0,4.0,11.0,275.0,11.0,1,1,0,0,1,25.0,50.0
60,3,9,1,1,9.0,11.0,9.0,81.82,9.0,0,1,0,0,1,72.73,9.09
60,3,10,1,1,11.0,16.0,11.0,68.75,11.0,1,0,0,0,1,50.0,6.25
60,3,11,1,1,15.0,10.0,15.0,150.0,15.0,2,0,0,0,1,20.0,20.0
60,3,12,1,1,37.0,23.0,37.0,160.87,37.0,1,2,0,0,1,30.43,13.04
60,3,16,1,1,48.0,21.0,48.0,228.57,48.0,3,4,0,0,1,9.52,33.33
60,3,18,1,1,28.0,22.0,28.0,127.27,28.0,3,1,0,0,1,40.91,18.18
60,8,11,1,1,16.0,14.0,16.0,114.29,16.0,2,0,0,0,1,42.86,14.29
60,8,12,1,1,0.0,3.0,0.0,0.0,0.0,0,0,0,0,1,100.0,0.0
60,8,14,3,3,155.0,114.0,51.67,135.96,80.0,17,7,2,0,3,39.47,21.05
60,8,16,1,1,57.0,44.0,57.0,129.55,57.0,6,1,1,0,0,29.55,15.91
60,25,18,1,1,12.0,7.0,12.0,171.43,12.0,2,0,0,0,1,28.57,28.57
60,32,10,1,1,34.0,28.0,34.0,121.43,34.0,1,2,0,0,1,32.14,10.71
60,32,15,3,3,36.0,34.0,12.0,105.88,26.0,1,4,0,0,3,58.82,14.71
60,2,14,2,2,15.0,13.0,7.5,115.38,15.0,1,1,0,0,2,46.15,15.38
60,2,16,1,1,45.0,29.0,45.0,155.17,45.0,4,3,0,0,1,37.93,24.14
60,2,18,1,1,1.0,3.0,1.0,33.33,1.0,0,0,0,0,1,66.67,0.0
60,7,16,1,1,24.0,17.0,24.0,141.18,24.0,3,1,0,0,1,35.29,23.53
60,16,10,1,1,9.0,11.0,9.0,81.82,9.0,2,0,0,0,1,72.73,18.18
60,16,11,1,1,7.0,5.0,7.0,140.0,7.0,1,0,0,0,1,20.0,20.0
60,16,12,1,1,11.0,11.0,11.0,100.0,11.0,1,0,0,0,1,36.36,9.09
60,16,16,1,1,42.0,31.0,42.0,135.48,42.0,3,3,0,0,1,41.94,19.35
60,16,18,1,1,11.0,8.0,11.0,137.5,11.0,2,0,0,0,1,50.0,25.0
60,34,10,1,1,19.0,16.0,19.0,118.75,19.0,1,1,0,0,1,37.5,12.5
60,18,11,1,1,35.0,27.0,35.0,129.63,35.0,2,1,0,0,0,14.81,11.11
60,18,18,4,4,25.0,21.0,6.25,119.05,9.0,4,1,0,0,3,61.9,23.81
60,36,13,3,3,67.0,50.0,22.33,134.0,58.0,5,4,1,0,3,38.0,18.0
60,36,14,4,4,84.0,69.0,21.0,121.74,36.0,4,5,0,0,3,33.33,13.04
60,1,13,8,8,176.0,125.0,22.0,140.8,81.0,26,3,1,0,7,36.0,23.2
60,1,14,2,2,42.0,29.0,21.0,144.83,37.0,4,1,0,0,0,17.24,17.24
60,28,10,7,7,198.0,159.0,28.29,124.53,53.0,19,7,2,0,8,37.11,16.35
60,28,11,1,1,31.0,27.0,31.0,114.81,31.0,3,1,0,0,1,40.74,14.81
60,28,12,1,1,26.0,13.0,26.0,200.0,26.0,0,3,0,0,1,23.08,23.08
60,28,14,2,2,31.0,37.0,15.5,83.78,22.0,3,1,0,0,2,54.05,10.81
60,28,15,4,4,126.0,90.0,31.5,140.0,57.0,8,7,1,0,3,25.56,16.67
60,28,16,1,1,5.0,10.0,5.0,50.0,5.0,0,0,0,0,1,60.0,0.0
5,10,5,1,1,15.0,15.0,15.0,100.0,15.0,2,0,0,0,1,53.33,13.33
5,11,5,1,1,1.0,4.0,1.0,25.0,1.0,0,0,0,0,1,75.0,0.0
5,3,5,1,1,50.0,36.0,50.0,138.89,50.0,5,0,1,0,1,22.22,13.89
5,8,5,1,1,6.0,4.0,6.0,150.0,6.0,1,0,0,0,2,50.0,25.0
5,7,5,4,4,36.0,53.0,9.0,67.92,17.0,3,0,0,0,4,52.83,5.66
5,16,5,1,1,2.0,4.0,2.0,50.0,2.0,0,0,0,0,1,50.0,0.0
5,28,5,1,1,30.0,25.0,30.0,120.0,30.0,5,0,0,0,1,48.0,20.0
79,10,17,1,1,4.0,2.0,4.0,200.0,4.0,1,0,0,0,1,50.0,50.0
79,24,16,1,1,16.0,20.0,16.0,80.0,16.0,2,0,0,0,1,55.0,10.0
79,24,17,1,1,46.0,41.0,46.0,112.2,46.0,4,2,0,0,1,41.46,14.63
79,24,18,1,1,43.0,25.0,43.0,172.0,43.0,3,4,0,0,0,48.0,28.0
79,23,17,1,1,3.0,3.0,3.0,100.0,3.0,0,0,0,0,1,0.0,0.0
79,11,18,1,1,16.0,9.0,16.0,177.78,16.0,2,1,0,0,1,44.44,33.33
79,3,16,1,1,21.0,13.0,21.0,161.54,21.0,1,2,0,0,1,46.15,23.08
79,3,18,1,1,33.0,19.0,33.0,173.68,33.0,3,3,0,0,0,42.11,31.58
79,8,16,2,2,87.0,63.0,43.5,138.1,64.0,10,3,1,0,2,34.92,20.63
79,8,18,1,1,5.0,3.0,5.0,166.67,5.0,1,0,0,0,1,33.33,33.33
79,25,18,5,5,94.0,73.0,18.8,128.77,62.0,7,4,1,0,4,34.25,15.07
79,2,16,2,2,44.0,24.0,22.0,183.33,40.0,4,3,0,0,2,29.17,29.17
79,2,18,2,2,63.0,47.0,31.5,134.04,48.0,4,3,0,0,2,34.04,14.89
79,16,18,1,1,27.0,22.0,27.0,122.73,27.0,2,1,0,0,1,22.73,13.64
79,18,17,1,1,49.0,24.0,49.0,204.17,49.0,3,4,0,0,1,20.83,29.17
79,18,18,3,3,88.0,55.0,29.33,160.0,70.0,6,5,1,0,2,27.27,20.0
79,28,16,4,4,73.0,46.0,18.25,158.7,52.0,6,4,1,0,3,28.26,21.74
79,28,17,2,2,7.0,14.0,3.5,50.0,6.0,1,0,0,0,2,71.43,7.14
619,10,18,1,1,38.0,17.0,38.0,223.53,38.0,4,2,0,0,0,11.76,35.29
619,24,18,1,1,46.0,24.0,46.0,191.67,46.0,4,3,0,0,1,20.83,29.17
619,23,17,1,1,17.0,6.0,17.0,283.33,17.0,1,2,0,0,1,33.33,50.0
619,8,18,1,1,17.0,12.0,17.0,141.67,17.0,1,0,0,0,1,8.33,8.33
619,25,18,1,1,9.0,6.0,9.0,150.0,9.0,0,1,0,0,1,33.33,16.67
619,2,17,1,1,20.0,10.0,20.0,200.0,20.0,3,1,0,0,1,40.0,40.0
619,2,18,2,2,55.0,29.0,27.5,189.66,37.0,10,0,0,0,1,17.24,34.48
619,16,17,1,1,30.0,14.0,30.0,214.29,30.0,2,2,0,0,1,7.14,28.57
619,18,18,1,1,20.0,12.0,20.0,166.67,20.0,0,2,0,0,1,33.33,16.67
619,28,17,4,4,73.0,49.0,18.25,148.98,62.0,6,5,1,0,3,40.82,22.45
619,28,18,5,5,67.0,38.0,13.4,176.32,25.0,6,5,0,0,3,36.84,28.95
557,27,15,1,1,2.0,2.0,2.0,100.0,2.0,0,0,0,0,1,50.0,0.0
557,12,13,2,2,18.0,19.0,9.0,94.74,12.0,2,0,0,0,1,47.37,10.53
557,3,12,1,1,0.0,1.0,0.0,0.0,0.0,0,0,0,0,0,0.0,0.0
557,8,12,1,1,2.0,3.0,2.0,66.67,2.0,0,0,0,0,1,33.33,0.0
557,1,13,1,1,9.0,8.0,9.0,112.5,9.0,1,0,0,0,0,25.0,12.5
557,28,14,1,1,2.0,4.0,2.0,50.0,2.0,0,0,0,0,1,50.0,0.0
690,10,17,1,1,2.0,4.0,2.0,50.0,2.0,0,0,0,0,0,75.0,0.0
690,24,16,1,1,13.0,13.0,13.0,100.0,13.0,2,0,0,0,1,30.77,15.38
690,23,16,1,1,2.0,3.0,2.0,66.67,2.0,0,0,0,0,0,0.0,0.0
690,8,16,1,1,1.0,5.0,1.0,20.0,1.0,0,0,0,0,1,80.0,0.0
166,17,4,1,1,0.0,13.0,0.0,0.0,0.0,0,0,0,0,1,100.0,0.0
424,10,17,1,1,37.0,27.0,37.0,137.04,37.0,2,2,0,0,1,29.63,14.81
424,24,18,2,2,9.0,9.0,4.5,100.0,5.0,1,0,0,0,1,33.33,11.11
424,37,18,1,1,0.0,2.0,0.0,0.0,0.0,0,0,0,0,1,100.0,0.0
424,23,18,1,1,19.0,15.0,19.0,126.67,19.0,2,1,0,0,1,53.33,20.0
424,8,17,3,3,33.0,35.0,11.0,94.29,15.0,1,1,0,0,3,42.86,5.71
424,8,18,1,1,19.0,13.0,19.0,146.15,19.0,2,0,0,0,0,30.77,15.38
424,25,17,1,1,64.0,37.0,64.0,172.97,64.0,4,5,1,0,1,29.73,24.32
424,2,17,1,1,9.0,10.0,9.0,90.0,9.0,1,0,0,0,1,50.0,10.0
424,2,18,1,1,21.0,10.0,21.0,210.0,21.0,1,2,0,0,0,20.0,30.0
424,16,17,4,4,140.0,88.0,35.0,159.09,76.0,5,13,1,0,2,32.95,20.45
424,16,18,4,4,95.0,83.0,23.75,114.46,32.0,9,1,0,0,5,32.53,12.05
424,28,17,1,1,20.0,15.0,20.0,133.33,20.0,2,0,0,0,1,26.67,13.33
424,28,18,1,1,19.0,21.0,19.0,90.48,19.0,1,0,0,0,1,23.81,4.76
109,12,7,1,1,12.0,8.0,12.0,150.0,12.0,2,0,0,0,1,50.0,25.0
109,8,8,1,1,4.0,7.0,4.0,57.14,4.0,1,0,0,0,1,85.71,14.29
109,36,7,1,1,4.0,6.0,4.0,66.67,4.0,1,0,0,0,1,83.33,16.67
678,27,4,1,1,1.0,1.0,1.0,100.0,1.0,0,0,0,0,0,0.0,0.0
57,27,1,1,1,2.0,11.0,2.0,18.18,2.0,0,0,0,0,1,72.73,0.0
57,13,2,1,1,14.0,22.0,14.0,63.64,14.0,1,0,0,0,1,59.09,4.55
57,5,2,1,1,4.0,16.0,4.0,25.0,4.0,0,0,0,0,1,75.0,0.0
57,7,1,1,1,57.0,39.0,57.0,146.15,57.0,10,0,1,0,1,38.46,25.64
57,18,1,2,2,44.0,31.0,22.0,141.94,40.0,3,1,0,0,1,19.35,12.9
687,8,4,1,1,15.0,16.0,15.0,93.75,15.0,0,0,0,0,3,31.25,0.0
687,18,4,1,1,11.0,6.0,11.0,183.33,11.0,0,1,0,0,0,16.67,16.67
240,10,6,2,2,13.0,9.0,6.5,144.44,11.0,1,1,0,0,2,44.44,22.22
240,10,8,1,1,3.0,7.0,3.0,42.86,3.0,0,0,0,0,1,57.14,0.0
240,10,9,1,1,14.0,5.0,14.0,280.0,14.0,0,2,0,0,0,20.0,40.0
240,37,9,2,2,40.0,27.0,20.0,148.15,23.0,2,2,0,0,2,18.52,14.81
240,23,6,1,1,36.0,25.0,36.0,144.0,36.0,2,1,0,0,1,12.0,12.0
240,23,9,1,1,13.0,11.0,13.0,118.18,13.0,0,1,0,0,1,54.55,9.09
240,3,6,1,1,40.0,24.0,40.0,166.67,40.0,1,4,0,0,1,33.33,20.83
240,3,9,1,1,14.0,8.0,14.0,175.0,14.0,1,1,0,0,1,37.5,25.0
240,32,6,1,1,2.0,4.0,2.0,50.0,2.0,0,0,0,0,1,50.0,0.0
240,32,8,1,1,9.0,8.0,9.0,112.5,9.0,0,1,0,0,1,37.5,12.5
240,32,9,4,4,61.0,33.0,15.25,184.85,34.0,3,5,0,0,2,27.27,24.24
240,22,4,1,1,22.0,23.0,22.0,95.65,22.0,4,0,0,0,1,60.87,17.39
240,7,6,1,1,32.0,19.0,32.0,168.42,32.0,2,2,0,0,1,26.32,21.05
240,7,9,1,1,8.0,9.0,8.0,88.89,8.0,1,0,0,0,1,44.44,11.11
240,16,6,6,7,106.0,75.0,17.67,141.33,30.0,5,6,0,0,5,26.67,14.67
240,18,4,1,1,1.0,4.0,1.0,25.0,1.0,0,0,0,0,1,75.0,0.0
240,18,6,1,1,4.0,4.0,4.0,100.0,4.0,1,0,0,0,1,75.0,25.0
240,31,5,1,1,0.0,4.0,0.0,0.0,0.0,0,0,0,0,1,100.0,0.0
240,28,5,1,1,4.0,5.0,4.0,80.0,4.0,0,0,0,0,0,20.0,0.0
240,28,6,1,1,2.0,5.0,2.0,40.0,2.0,0,0,0,0,0,40.0,0.0
249,10,8,2,2,6.0,10.0,3.0,60.0,4.0,1,0,0,0,1,70.0,10.0
249,26,8,1,1,6.0,2.0,6.0,300.0,6.0,0,1,0,0,1,50.0,50.0
249,37,9,1,1,2.0,3.0,2.0,66.67,2.0,0,0,0,0,0,33.33,0.0
249,12,13,1,1,24.0,12.0,24.0,200.0,24.0,4,0,0,0,0,25.0,33.33
249,23,9,1,1,7.0,11.0,7.0,63.64,7.0,1,0,0,0,0,63.64,9.09
249,23,10,2,2,8.0,8.0,4.0,100.0,6.0,0,1,0,0,2,62.5,12.5
249,11,6,1,1,9.0,6.0,9.0,150.0,9.0,0,1,0,0,1,33.33,16.67
249,3,10,1,1,6.0,4.0,6.0,150.0,6.0,0,1,0,0,1,75.0,25.0
249,8,8,1,1,5.0,4.0,5.0,125.0,5.0,1,0,0,0,1,50.0,25.0
249,32,15,1,1,1.0,2.0,1.0,50.0,1.0,0,0,0,0,0,0.0,0.0
249,36,13,1,1,1.0,3.0,1.0,33.33,1.0,0,0,0,0,1,66.67,0.0
249,36,14,1,1,1.0,2.0,1.0,50.0,1.0,0,0,0,0,1,50.0,0.0
249,1,14,1,1,3.0,3.0,3.0,100.0,3.0,0,0,0,0,1,33.33,0.0
249,28,8,1,1,3.0,2.0,3.0,150.0,3.0,0,0,0,0,0,0.0,0.0
495,10,18,1,1,2.0,1.0,2.0,200.0,2.0,0,0,0,0,0,0.0,0.0
495,24,17,1,1,4.0,2.0,4.0,200.0,4.0,1,0,0,0,1,50.0,50.0
495,23,18,1,1,2.0,2.0,2.0,100.0,2.0,0,0,0,0,1,50.0,0.0
495,8,16,1,1,7.0,5.0,7.0,140.0,7.0,1,0,0,0,0,20.0,20.0
495,8,18,4,4,3.0,14.0,0.75,21.43,2.0,0,0,0,0,3,78.57,0.0
495,2,16,1,1,0.0,1.0,0.0,0.0,0.0,0,0,0,0,1,100.0,0.0
495,2,17,1,1,1.0,7.0,1.0,14.29,1.0,0,0,0,0,1,85.71,0.0
495,28,16,1,1,1.0,3.0,1.0,33.33,1.0,0,0,0,0,1,66.67,0.0
256,10,12,1,1,7.0,16.0,7.0,43.75,7.0,1,0,0,0,1,75.0,6.25
256,7,9,1,1,1.0,3.0,1.0,33.33,1.0,0,0,0,0,1,66.67,0.0
256,16,9,1,1,22.0,28.0,22.0,78.57,22.0,1,0,0,0,1,39.29,3.57
256,1,13,1,1,1.0,3.0,1.0,33.33,1.0,0,0,0,0,1,66.67,0.0
470,26,15,1,1,0.0,2.0,0.0,0.0,0.0,0,0,0,0,1,100.0,0.0
470,7,16,1,1,1.0,2.0,1.0,50.0,1.0,0,0,0,0,1,50.0,0.0
470,16,16,1,1,0.0,5.0,0.0,0.0,0.0,0,0,0,0,1,100.0,0.0
470,36,14,1,1,12.0,12.0,12.0,100.0,12.0,0,1,0,0,1,41.67,8.33
470,1,14,1,1,6.0,4.0,6.0,150.0,6.0,0,0,0,0,0,0.0,0.0
80,10,3,1,1,27.0,14.0,27.0,192.86,27.0,4,1,0,0,1,35.71,35.71
80,10,4,7,7,88.0,88.0,12.57,100.0,29.0,5,6,0,0,6,54.55,12.5
80,10,5,8,8,91.0,84.0,11.38,108.33,34.0,7,4,0,0,6,44.05,13.1
80,10,6,1,1,0.0,1.0,0.0,0.0,0.0,0,0,0,0,0,100.0,0.0
80,10,7,1,1,13.0,3.0,13.0,433.33,13.0,0,2,0,0,0,0.0,66.67
80,10,9,2,2,17.0,17.0,8.5,100.0,10.0,0,1,0,0,2,41.18,5.88
80,26,3,1,1,12.0,12.0,12.0,100.0,12.0,2,0,0,0,1,50.0,16.67
80,26,8,1,1,8.0,6.0,8.0,133.33,8.0,1,0,0,0,0,16.67,16.67
80,21,2,2,2,16.0,16.0,8.0,100.0,16.0,2,0,0,0,2,43.75,12.5
80,37,8,3,3,55.0,50.0,18.33,110.0,25.0,5,2,0,0,3,46.0,14.0
80,37,9,1,1,7.0,5.0,7.0,140.0,7.0,1,0,0,0,1,40.0,20.0
80,27,4,1,1,11.0,9.0,11.0,122.22,11.0,0,1,0,0,1,33.33,11.11
80,12,7,1,1,10.0,4.0,10.0,250.0,10.0,2,0,0,0,0,0.0,50.0
80,23,3,1,1,18.0,22.0,18.0,81.82,18.0,3,0,0,0,1,54.55,13.64
80,23,6,1,1,9.0,9.0,9.0,100.0,9.0,1,0,0,0,1,33.33,11.11
80,23,7,1,1,26.0,23.0,26.0,113.04,26.0,5,1,0,0,1,69.57,26.09
80,23,8,1,1,0.0,3.0,0.0,0.0,0.0,0,0,0,0,1,100.0,0.0
80,23,9,1,1,15.0,25.0,15.0,60.0,15.0,1,0,0,0,1,56.0,4.0
80,23,10,1,1,11.0,11.0,11.0,100.0,11.0,0,0,0,0,0,18.18,0.0
80,11,4,1,1,28.0,28.0,28.0,100.0,28.0,2,2,0,0,1,57.14,14.29
80,11,5,1,1,5.0,6.0,5.0,83.33,5.0,1,0,0,0,0,66.67,16.67
80,35,7,1,1,19.0,18.0,19.0,105.56,19.0,0,1,0,0,1,33.33,5.56
80,13,2,3,3,91.0,67.0,30.33,135.82,68.0,5,8,1,0,3,50.75,19.4
80,3,3,1,1,16.0,18.0,16.0,88.89,16.0,1,0,0,0,1,50.0,5.56
80,3,5,1,1,33.0,26.0,33.0,126.92,33.0,4,1,0,0,1,46.15,19.23
80,3,7,1,1,15.0,11.0,15.0,136.36,15.0,1,1,0,0,1,45.45,18.18
80,3,9,2,2,7.0,8.0,3.5,87.5,7.0,1,0,0,0,1,62.5,12.5
80,3,10,1,1,16.0,16.0,16.0,100.0,16.0,0,1,0,0,1,43.75,6.25
80,8,3,1,1,94.0,55.0,94.0,170.91,94.0,8,6,1,0,0,23.64,25.45
80,8,4,1,1,25.0,14.0,25.0,178.57,25.0,3,2,0,0,1,57.14,35.71
80,8,5,2,2,10.0,16.0,5.0,62.5,7.0,0,1,0,0,2,62.5,6.25
80,8,8,1,1,15.0,11.0,15.0,136.36,15.0,0,1,0,0,1,27.27,9.09
80,2,3,4,4,145.0,98.0,36.25,147.96,80.0,16,7,1,0,3,38.78,23.47
80,2,7,1,1,17.0,19.0,17.0,89.47,17.0,1,0,0,0,1,31.58,5.26
80,22,4,1,1,0.0,3.0,0.0,0.0,0.0,0,0,0,0,1,100.0,0.0
80,4,2,1,1,9.0,17.0,9.0,52.94,9.0,1,0,0,0,1,64.71,5.88
80,7,3,1,1,13.0,10.0,13.0,130.0,13.0,3,0,0,0,1,50.0,30.0
80,7,8,1,1,28.0,26.0,28.0,107.69,28.0,3,0,0,0,1,34.62,11.54
80,16,4,1,1,7.0,10.0,7.0,70.0,7.0,1,0,0,0,1,60.0,10.0
80,16,5,1,1,64.0,46.0,64.0,139.13,64.0,2,5,1,0,0,36.96,15.22
80,16,7,4,4,132.0,83.0,33.0,159.04,79.0,5,12,1,0,2,33.73,20.48
80,16,8,3,3,22.0,16.0,7.33,137.5,20.0,3,1,0,0,2,50.0,25.0
80,16,9,6,6,74.0,69.0,12.33,107.25,37.0,4,3,0,0,5,40.58,10.14
80,16,10,2,2,43.0,29.0,21.5,148.28,34.0,2,2,0,0,2,31.03,13.79
80,16,11,1,1,1.0,4.0,1.0,25.0,1.0,0,0,0,0,1,50.0,0.0
80,18,3,3,3,51.0,51.0,17.0,100.0,44.0,5,1,0,0,3,45.1,11.76
80,18,4,1,1,0.0,2.0,0.0,0.0,0.0,0,0,0,0,1,100.0,0.0
80,18,5,1,1,11.0,3.0,11.0,366.67,11.0,1,1,0,0,0,0.0,66.67
80,33,9,1,1,16.0,14.0,16.0,114.29,16.0,0,1,0,0,0,28.57,7.14
80,30,2,1,1,0.0,6.0,0.0,0.0,0.0,0,0,0,0,1,100.0,0.0
80,31,5,1,1,28.0,28.0,28.0,100.0,28.0,4,1,0,0,1,57.14,17.86
80,6,2,1,1,52.0,38.0,52.0,136.84,52.0,3,3,1,0,0,36.84,15.79
80,29,3,1,1,1.0,5.0,1.0,20.0,1.0,0,0,0,0,1,80.0,0.0
80,28,4,1,1,1.0,7.0,1.0,14.29,1.0,0,0,0,0,1,85.71,0.0
80,28,5,1,1,13.0,15.0,13.0,86.67,13.0,2,0,0,0,1,66.67,13.33
80,28,8,1,1,9.0,9.0,9.0,100.0,9.0,0,0,0,0,1,22.22,0.0
80,28,10,1,1,9.0,9.0,9.0,100.0,9.0,0,0,0,0,1,22.22,0.0
185,10,5,1,1,1.0,1.0,1.0,100.0,1.0,0,0,0,0,0,0.0,0.0
185,26,3,1,1,31.0,23.0,31.0,134.78,31.0,3,0,0,0,1,13.04,13.04
185,27,3,1,1,58.0,46.0,58.0,126.09,58.0,3,3,1,0,0,32.61,13.04
185,23,3,2,2,7.0,9.0,3.5,77.78,5.0,1,0,0,0,1,55.56,11.11
185,23,5,1,1,31.0,33.0,31.0,93.94,31.0,3,0,0,0,1,39.39,9.09
185,23,6,1,1,24.0,22.0,24.0,109.09,24.0,2,0,0,0,1,22.73,9.09
185,17,4,1,1,23.0,12.0,23.0,191.67,23.0,1,2,0,0,1,16.67,25.0
185,3,5,1,1,60.0,26.0,60.0,230.77,60.0,5,5,1,0,1,19.23,38.46
185,8,4,1,1,3.0,3.0,3.0,100.0,3.0,0,0,0,0,0,0.0,0.0
185,8,5,1,1,52.0,43.0,52.0,120.93,52.0,4,3,1,0,1,44.19,16.28
185,2,3,1,1,19.0,17.0,19.0,111.76,19.0,0,2,0,0,1,41.18,11.76
185,16,5,1,1,28.0,32.0,28.0,87.5,28.0,1,0,0,0,0,25.0,3.12
185,18,5,6,6,88.0,72.0,14.67,122.22,28.0,6,3,0,0,3,34.72,12.5
185,18,6,1,1,1.0,1.0,1.0,100.0,1.0,0,0,0,0,1,0.0,0.0
185,31,5,1,1,4.0,7.0,4.0,57.14,4.0,0,0,0,0,0,42.86,0.0
185,28,5,1,1,76.0,42.0,76.0,180.95,76.0,5,5,1,0,1,26.19,23.81
555,2,15,1,1,8.0,5.0,8.0,160.0,8.0,0,1,0,0,0,40.0,20.0
683,26,15,2,2,3.0,8.0,1.5,37.5,3.0,0,0,0,0,2,62.5,0.0
683,27,15,2,2,38.0,23.0,19.0,165.22,25.0,1,4,0,0,1,43.48,21.74
683,32,15,1,1,1.0,1.0,1.0,100.0,1.0,0,0,0,0,0,0.0,0.0
683,28,15,1,1,9.0,12.0,9.0,75.0,9.0,0,1,0,0,0,66.67,8.33
380,10,5,1,1,4.0,5.0,4.0,80.0,4.0,0,0,0,0,0,20.0,0.0
380,7,6,2,2,1.0,6.0,0.5,16.67,1.0,0,0,0,0,2,83.33,0.0
380,18,6,1,1,0.0,1.0,0.0,0.0,0.0,0,0,0,0,1,100.0,0.0
380,28,6,1,1,0.0,2.0,0.0,0.0,0.0,0,0,0,0,0,100.0,0.0
575,18,11,1,1,8.0,6.0,8.0,133.33,8.0,2,0,0,0,1,66.67,33.33
765,10,3,1,1,20.0,25.0,20.0,80.0,20.0,0,1,0,0,1,48.0,4.0
765,26,3,1,1,41.0,29.0,41.0,141.38,41.0,2,2,0,0,1,20.69,13.79
765,23,3,1,1,8.0,12.0,8.0,66.67,8.0,0,0,0,0,1,50.0,0.0
765,23,5,1,1,6.0,11.0,6.0,54.55,6.0,0,0,0,0,2,54.55,0.0
765,3,3,1,1,3.0,9.0,3.0,33.33,3.0,0,0,0,0,1,66.67,0.0
765,3,5,1,1,3.0,5.0,3.0,60.0,3.0,0,0,0,0,1,60.0,0.0
765,2,3,3,3,34.0,30.0,11.33,113.33,29.0,2,2,0,0,2,50.0,13.33
765,7,3,1,1,1.0,1.0,1.0,100.0,1.0,0,0,0,0,0,0.0,0.0
765,7,5,1,1,6.0,8.0,6.0,75.0,6.0,0,0,0,0,2,25.0,0.0
765,16,6,1,1,5.0,8.0,5.0,62.5,5.0,0,0,0,0,1,37.5,0.0
247,10,16,1,1,16.0,20.0,16.0,80.0,16.0,2,0,0,0,1,50.0,10.0
247,12,13,1,1,7.0,13.0,7.0,53.85,7.0,0,0,0,0,0,46.15,0.0
477,10,1,1,1,6.0,5.0,6.0,120.0,6.0,1,0,0,0,1,60.0,20.0
477,10,5,1,1,8.0,5.0,8.0,160.0,8.0,1,0,0,0,0,40.0,20.0
477,26,7,1,1,1.0,2.0,1.0,50.0,1.0,0,0,0,0,1,50.0,0.0
477,37,8,1,1,1.0,1.0,1.0,100.0,1.0,0,0,0,0,0,0.0,0.0
477,27,3,1,1,1.0,2.0,1.0,50.0,1.0,0,0,0,0,1,50.0,0.0
477,27,4,1,1,3.0,5.0,3.0,60.0,3.0,0,0,0,0,1,40.0,0.0
477,23,1,1,1,4.0,2.0,4.0,200.0,4.0,1,0,0,0,0,50.0,50.0
477,23,3,1,1,3.0,5.0,3.0,60.0,3.0,0,0,0,0,0,40.0,0.0
477,23,4,1,1,2.0,2.0,2.0,100.0,2.0,0,0,0,0,0,50.0,0.0
477,23,5,1,1,0.0,1.0,0.0,0.0,0.0,0,0,0,0,1,100.0,0.0
477,23,8,1,1,12.0,16.0,12.0,75.0,12.0,1,0,0,0,1,50.0,6.25
477,20,10,1,1,1.0,2.0,1.0,50.0,1.0,0,0,0,0,1,50.0,0.0
477,11,4,1,1,0.0,7.0,0.0,0.0,0.0,0,0,0,0,1,85.71,0.0
477,11,5,1,1,3.0,2.0,3.0,150.0,3.0,0,0,0,0,0,0.0,0.0
477,11,6,1,1,0.0,1.0,0.0,0.0,0.0,0,0,0,0,1,100.0,0.0
477,13,2,3,3,34.0,20.0,11.33,170.0,13.0,1,2,0,0,1,20.0,15.0
477,3,1,7,7,76.0,72.0,10.86,105.56,34.0,6,5,0,0,5,52.78,15.28
477,3,3,1,1,0.0,1.0,0.0,0.0,0.0,0,0,0,0,1,100.0,0.0
477,3,4,1,1,15.0,7.0,15.0,214.29,15.0,2,1,0,0,0,42.86,42.86
477,3,9,2,2,2.0,6.0,1.0,33.33,1.0,0,0,0,0,2,66.67,0.0
477,8,1,1,1,21.0,11.0,21.0,190.91,21.0,2,1,0,0,1,18.18,27.27
477,8,5,1,1,6.0,6.0,6.0,100.0,6.0,0,0,0,0,0,33.33,0.0
477,19,2,1,1,2.0,3.0,2.0,66.67,2.0,0,0,0,0,1,33.33,0.0
477,5,2,2,2,22.0,16.0,11.0,137.5,14.0,0,3,0,0,1,56.25,18.75
477,7,1,1,1,5.0,7.0,5.0,71.43,5.0,0,0,0,0,1,42.86,0.0
477,7,4,2,2,5.0,7.0,2.5,71.43,3.0,0,0,0,0,1,42.86,0.0
477,7,5,1,1,7.0,8.0,7.0,87.5,7.0,1,0,0,0,0,37.5,12.5
477,7,6,3,3,5.0,10.0,1.67,50.0,3.0,0,0,0,0,2,40.0,0.0
477,16,6,1,1,3.0,6.0,3.0,50.0,3.0,0,0,0,0,0,50.0,0.0
477,16,8,1,1,4.0,6.0,4.0,66.67,4.0,0,0,0,0,0,16.67,0.0
477,16,9,1,1,6.0,4.0,6.0,150.0,6.0,1,0,0,0,0,25.0,25.0
477,16,10,1,1,7.0,7.0,7.0,100.0,7.0,0,0,0,0,0,0.0,0.0
477,34,9,2,2,16.0,14.0,8.0,114.29,15.0,2,0,0,0,1,35.71,14.29
477,18,1,1,1,0.0,1.0,0.0,0.0,0.0,0,0,0,0,1,100.0,0.0
477,18,5,1,1,10.0,6.0,10.0,166.67,10.0,0,1,0,0,1,33.33,16.67
477,18,6,1,1,15.0,7.0,15.0,214.29,15.0,2,1,0,0,1,42.86,42.86
477,30,2,1,1,0.0,3.0,0.0,0.0,0.0,0,0,0,0,1,100.0,0.0
477,31,5,1,1,1.0,2.0,1.0,50.0,1.0,0,0,0,0,0,50.0,0.0
477,6,2,1,1,7.0,4.0,7.0,175.0,7.0,0,1,0,0,1,50.0,25.0
477,28,4,1,1,2.0,3.0,2.0,66.67,2.0,0,0,0,0,0,33.33,0.0
477,28,6,1,1,24.0,15.0,24.0,160.0,24.0,1,2,0,0,1,46.67,20.0
477,28,8,1,1,0.0,2.0,0.0,0.0,0.0,0,0,0,0,1,100.0,0.0
477,28,9,1,1,0.0,2.0,0.0,0.0,0.0,0,0,0,0,1,100.0,0.0
245,10,5,2,2,14.0,12.0,7.0,116.67,8.0,2,0,0,0,0,41.67,16.67
245,10,9,4,4,40.0,28.0,10.0,142.86,19.0,2,2,0,0,1,21.43,14.29
245,10,10,1,1,13.0,5.0,13.0,260.0,13.0,3,0,0,0,0,20.0,60.0
245,23,8,2,2,30.0,18.0,15.0,166.67,27.0,4,1,0,0,2,27.78,27.78
245,23,9,1,1,11.0,19.0,11.0,57.89,11.0,0,1,0,0,1,73.68,5.26
245,23,10,1,1,2.0,3.0,2.0,66.67,2.0,0,0,0,0,1,66.67,0.0
245,35,8,1,1,12.0,6.0,12.0,200.0,12.0,0,1,0,0,0,16.67,16.67
245,3,10,6,6,91.0,73.0,15.17,124.66,32.0,6,4,0,0,6,34.25,13.7
245,3,11,2,2,3.0,5.0,1.5,60.0,3.0,0,0,0,0,2,40.0,0.0
245,3,12,3,3,9.0,10.0,3.0,90.0,5.0,1,0,0,0,3,40.0,10.0
245,8,5,1,1,8.0,6.0,8.0,133.33,8.0,0,1,0,0,1,50.0,16.67
245,8,8,3,3,51.0,27.0,17.0,188.89,36.0,5,2,0,0,2,22.22,25.93
245,32,10,1,1,3.0,7.0,3.0,42.86,3.0,0,0,0,0,1,42.86,0.0
245,16,8,1,1,15.0,11.0,15.0,136.36,15.0,1,1,0,0,1,36.36,18.18
245,33,8,1,1,5.0,8.0,5.0,62.5,5.0,0,0,0,0,0,37.5,0.0
245,33,9,1,1,6.0,12.0,6.0,50.0,6.0,0,0,0,0,1,50.0,0.0
245,31,5,1,1,14.0,11.0,14.0,127.27,14.0,2,0,0,0,1,27.27,18.18
245,28,8,1,1,3.0,3.0,3.0,100.0,3.0,0,0,0,0,1,33.33,0.0
245,28,10,1,1,35.0,23.0,35.0,152.17,35.0,1,3,0,0,1,34.78,17.39
245,28,12,1,1,0.0,2.0,0.0,0.0,0.0,0,0,0,0,1,100.0,0.0
11,3,4,1,1,1.0,1.0,1.0,100.0,1.0,0,0,0,0,0,0.0,0.0
11,16,5,1,1,0.0,1.0,0.0,0.0,0.0,0,0,0,0,0,100.0,0.0
201,16,12,1,1,19.0,24.0,19.0,79.17,19.0,2,0,0,0,1,45.83,8.33
195,10,9,1,1,18.0,12.0,18.0,150.0,18.0,1,1,0,0,0,33.33,16.67
195,7,9,1,1,1.0,1.0,1.0,100.0,1.0,0,0,0,0,0,0.0,0.0
533,10,16,1,1,103.0,65.0,103.0,158.46,103.0,10,6,1,1,1,36.92,24.62
533,15,16,1,1,60.0,34.0,60.0,176.47,60.0,7,3,1,0,1,32.35,29.41
533,15,17,1,1,6.0,4.0,6.0,150.0,6.0,1,0,0,0,1,50.0,25.0
533,24,16,1,1,4.0,4.0,4.0,100.0,4.0,1,0,0,0,1,75.0,25.0
533,24,17,1,1,19.0,7.0,19.0,271.43,19.0,1,2,0,0,1,14.29,42.86
533,24,18,1,1,69.0,34.0,69.0,202.94,69.0,9,3,1,0,1,20.59,35.29
533,27,15,1,1,14.0,11.0,14.0,127.27,14.0,2,0,0,0,1,45.45,18.18
533,12,13,1,1,11.0,8.0,11.0,137.5,11.0,2,0,0,0,1,37.5,25.0
533,23,16,1,1,12.0,8.0,12.0,150.0,12.0,3,0,0,0,1,62.5,37.5
533,23,17,1,1,54.0,20.0,54.0,270.0,54.0,4,5,1,0,0,20.0,45.0
533,23,18,1,1,83.0,49.0,83.0,169.39,83.0,6,6,1,0,1,28.57,24.49
533,11,16,2,2,24.0,21.0,12.0,114.29,22.0,4,0,0,0,2,57.14,19.05
533,11,17,2,2,36.0,27.0,18.0,133.33,30.0,3,2,0,0,2,44.44,18.52
533,11,18,2,2,141.0,76.0,70.5,185.53,91.0,13,7,2,0,1,22.37,26.32
533,3,17,1,1,25.0,17.0,25.0,147.06,25.0,2,2,0,0,1,47.06,23.53
533,3,18,1,1,13.0,9.0,13.0,144.44,13.0,2,0,0,0,1,33.33,22.22
533,8,16,1,1,42.0,24.0,42.0,175.0,42.0,4,2,0,0,1,20.83,25.0
533,8,17,1,1,13.0,10.0,13.0,130.0,13.0,1,1,0,0,1,50.0,20.0
533,8,18,1,1,54.0,36.0,54.0,150.0,54.0,5,3,1,0,1,33.33,22.22
533,25,17,5,5,75.0,59.0,15.0,127.12,35.0,10,3,0,0,6,49.15,22.03
533,25,18,5,5,98.0,60.0,19.6,163.33,33.0,11,5,0,0,5,36.67,26.67
533,2,14,2,2,19.0,23.0,9.5,82.61,12.0,1,1,0,0,2,56.52,8.7
533,2,17,1,1,35.0,24.0,35.0,145.83,35.0,5,1,0,0,1,41.67,25.0
533,2,18,3,3,37.0,39.0,12.33,94.87,26.0,2,2,0,0,3,46.15,10.26
533,7,16,5,5,87.0,64.0,17.4,135.94,46.0,8,6,0,0,6,53.12,21.88
533,16,12,1,1,16.0,17.0,16.0,94.12,16.0,1,1,0,0,1,58.82,11.76
533,16,16,1,1,0.0,1.0,0.0,0.0,0.0,0,0,0,0,1,100.0,0.0
533,16,17,1,1,71.0,45.0,71.0,157.78,71.0,7,4,1,0,1,35.56,24.44
533,16,18,1,1,42.0,23.0,42.0,182.61,42.0,7,1,0,0,1,34.78,34.78
533,18,18,3,3,62.0,44.0,20.67,140.91,28.0,8,3,0,0,3,45.45,25.0
533,1,13,1,1,4.0,7.0,4.0,57.14,4.0,0,0,0,0,1,57.14,0.0
533,28,16,1,1,26.0,17.0,26.0,152.94,26.0,1,2,0,0,1,29.41,17.65
121,10,3,1,1,6.0,6.0,6.0,100.0,6.0,1,0,0,0,1,50.0,16.67
121,10,4,1,1,37.0,31.0,37.0,119.35,37.0,5,0,0,0,0,35.48,16.13
121,10,5,1,1,45.0,27.0,45.0,166.67,45.0,5,1,0,0,1,14.81,22.22
121,10,6,2,2,20.0,22.0,10.0,90.91,19.0,4,0,0,0,2,63.64,18.18
121,10,8,1,1,28.0,19.0,28.0,147.37,28.0,4,1,0,0,1,52.63,26.32
121,10,9,1,1,1.0,4.0,1.0,25.0,1.0,0,0,0,0,1,75.0,0.0
121,10,10,1,1,25.0,22.0,25.0,113.64,25.0,3,0,0,0,1,22.73,13.64
121,10,11,1,1,6.0,8.0,6.0,75.0,6.0,1,0,0,0,1,50.0,12.5
121,10,12,1,1,39.0,20.0,39.0,195.0,39.0,7,1,0,0,1,30.0,40.0
121,9,5,2,2,23.0,20.0,11.5,115.0,23.0,2,0,0,0,2,25.0,10.0
121,26,3,1,1,8.0,12.0,8.0,66.67,8.0,1,0,0,0,1,58.33,8.33
121,37,5,2,2,21.0,22.0,10.5,95.45,20.0,3,0,0,0,2,40.91,13.64
121,37,9,1,1,0.0,4.0,0.0,0.0,0.0,0,0,0,0,1,100.0,0.0
121,27,1,1,1,38.0,33.0,38.0,115.15,38.0,5,0,0,0,1,33.33,15.15
121,27,4,1,1,21.0,19.0,21.0,110.53,21.0,4,0,0,0,1,52.63,21.05
121,12,7,2,2,59.0,52.0,29.5,113.46,57.0,7,0,1,0,1,34.62,13.46
121,23,1,1,1,19.0,28.0,19.0,67.86,19.0,2,0,0,0,0,53.57,7.14
121,23,4,1,1,9.0,11.0,9.0,81.82,9.0,1,0,0,0,1,45.45,9.09
121,23,6,1,1,27.0,31.0,27.0,87.1,27.0,2,1,0,0,1,38.71,9.68
121,23,8,1,1,0.0,3.0,0.0,0.0,0.0,0,0,0,0,1,100.0,0.0
121,23,9,1,1,23.0,20.0,23.0,115.0,23.0,4,0,0,0,1,45.0,20.0
121,23,12,1,1,11.0,11.0,11.0,100.0,11.0,2,0,0,0,1,54.55,18.18
121,17,4,2,2,21.0,15.0,10.5,140.0,21.0,2,1,0,0,1,46.67,20.0
121,17,10,1,1,37.0,18.0,37.0,205.56,37.0,4,2,0,0,1,11.11,33.33
121,17,11,1,1,40.0,22.0,40.0,181.82,40.0,7,0,0,0,0,18.18,31.82
121,35,7,1,1,10.0,14.0,10.0,71.43,10.0,2,0,0,0,1,71.43,14.29
121,13,2,3,3,48.0,40.0,16.0,120.0,32.0,6,1,0,0,3,35.0,17.5
121,3,1,1,1,21.0,17.0,21.0,123.53,21.0,2,1,0,0,1,41.18,17.65
121,3,3,1,1,1.0,3.0,1.0,33.33,1.0,0,0,0,0,1,66.67,0.0
121,3,4,1,1,19.0,14.0,19.0,135.71,19.0,3,0,0,0,0,21.43,21.43
121,3,6,1,1,20.0,19.0,20.0,105.26,20.0,2,0,0,0,1,36.84,10.53
121,3,7,4,4,47.0,48.0,11.75,97.92,29.0,7,0,0,0,3,47.92,14.58
121,3,8,1,1,12.0,13.0,12.0,92.31,12.0,2,0,0,0,1,46.15,15.38
121,3,9,1,1,1.0,2.0,1.0,50.0,1.0,0,0,0,0,1,50.0,0.0
121,3,10,2,2,17.0,17.0,8.5,100.0,14.0,3,0,0,0,2,47.06,17.65
121,3,11,1,1,1.0,4.0,1.0,25.0,1.0,0,0,0,0,1,75.0,0.0
121,3,12,7,7,169.0,124.0,24.14,136.29,53.0,18,7,1,0,8,37.9,20.16
121,8,1,6,6,138.0,133.0,23.0,103.76,54.0,19,2,1,0,6,50.38,15.79
121,8,3,1,1,57.0,58.0,57.0,98.28,57.0,4,2,1,0,2,39.66,10.34
121,8,4,1,1,6.0,7.0,6.0,85.71,6.0,0,0,0,0,1,28.57,0.0
121,8,5,1,1,1.0,5.0,1.0,20.0,1.0,0,0,0,0,1,80.0,0.0
121,8,8,1,1,45.0,32.0,45.0,140.62,45.0,6,0,0,0,1,34.38,18.75
121,8,12,1,1,29.0,35.0,29.0,82.86,29.0,2,0,0,0,1,34.29,5.71
121,32,6,1,1,12.0,9.0,12.0,133.33,12.0,2,0,0,0,1,44.44,22.22
121,32,9,1,1,21.0,15.0,21.0,140.0,21.0,4,0,0,0,1,53.33,26.67
121,32,10,1,1,19.0,14.0,19.0,135.71,19.0,4,0,0,0,1,50.0,28.57
121,32,11,1,1,53.0,41.0,53.0,129.27,53.0,5,2,1,0,1,34.15,17.07
121,2,8,1,1,16.0,11.0,16.0,145.45,16.0,2,0,0,0,1,36.36,18.18
121,22,4,5,5,57.0,52.0,11.4,109.62,34.0,8,1,0,0,4,50.0,17.31
121,19,2,1,1,36.0,27.0,36.0,133.33,36.0,7,0,0,0,1,44.44,25.93
121,5,2,1,1,0.0,2.0,0.0,0.0,0.0,0,0,0,0,1,100.0,0.0
121,7,1,1,1,15.0,10.0,15.0,150.0,15.0,3,0,0,0,1,50.0,30.0
121,7,5,1,1,18.0,16.0,18.0,112.5,18.0,2,0,0,0,1,37.5,12.5
121,7,6,1,1,61.0,47.0,61.0,129.79,61.0,5,2,1,0,0,29.79,14.89
121,7,8,1,1,59.0,36.0,59.0,163.89,59.0,5,3,1,0,1,27.78,22.22
121,7,9,1,1,81.0,58.0,81.0,139.66,81.0,10,2,1,0,1,31.03,20.69
121,7,12,1,1,19.0,9.0,19.0,211.11,19.0,4,0,0,0,1,22.22,44.44
121,16,1,1,1,20.0,27.0,20.0,74.07,20.0,3,0,0,0,1,59.26,11.11
121,16,5,3,3,43.0,39.0,14.33,110.26,17.0,3,1,0,0,2,28.21,10.26
121,16,6,6,6,128.0,113.0,21.33,113.27,47.0,17,1,0,0,7,39.82,15.93
121,16,7,1,1,4.0,4.0,4.0,100.0,4.0,1,0,0,0,1,75.0,25.0
121,16,8,1,1,51.0,37.0,51.0,137.84,51.0,9,0,1,0,0,32.43,24.32
121,16,9,1,1,10.0,12.0,10.0,83.33,10.0,2,0,0,0,1,66.67,16.67
121,16,10,2,2,27.0,23.0,13.5,117.39,23.0,1,1,0,0,2,34.78,8.7
121,16,11,1,1,20.0,13.0,20.0,153.85,20.0,4,0,0,0,1,46.15,30.77
121,16,12,1,1,11.0,8.0,11.0,137.5,11.0,2,0,0,0,1,37.5,25.0
121,34,10,1,1,70.0,44.0,70.0,159.09,70.0,9,1,1,0,2,27.27,22.73
121,18,1,1,1,0.0,1.0,0.0,0.0,0.0,0,0,0,0,1,100.0,0.0
121,18,4,1,1,32.0,34.0,32.0,94.12,32.0,2,0,0,0,1,35.29,5.88
121,18,11,1,1,33.0,21.0,33.0,157.14,33.0,3,2,0,0,1,28.57,23.81
121,18,12,1,1,67.0,41.0,67.0,163.41,67.0,9,1,1,0,1,19.51,24.39
121,36,7,2,2,58.0,47.0,29.0,123.4,37.0,8,1,0,0,2,42.55,19.15
121,1,7,1,1,1.0,1.0,1.0,100.0,1.0,0,0,0,0,0,0.0,0.0
121,30,2,2,2,30.0,27.0,15.0,111.11,30.0,2,1,0,0,2,33.33,11.11
121,31,5,1,1,24.0,18.0,24.0,133.33,24.0,3,1,0,0,2,27.78,22.22
121,6,2,2,2,28.0,30.0,14.0,93.33,25.0,4,0,0,0,1,53.33,13.33
121,28,1,1,1,51.0,48.0,51.0,106.25,51.0,8,0,1,0,0,43.75,16.67
121,28,5,1,1,19.0,18.0,19.0,105.56,19.0,1,1,0,0,1,50.0,11.11
121,28,6,1,1,26.0,14.0,26.0,185.71,26.0,5,0,0,0,1,35.71,35.71
121,28,7,1,1,26.0,19.0,26.0,136.84,26.0,5,0,0,0,1,47.37,26.32
121,28,8,7,7,128.0,95.0,18.29,134.74,35.0,19,1,0,0,6,37.89,21.05
121,28,9,3,3,40.0,37.0,13.33,108.11,34.0,3,2,0,0,3,43.24,13.51
121,28,10,8,8,200.0,155.0,25.0,129.03,52.0,25,4,1,0,9,36.13,18.71
121,28,12,1,1,28.0,20.0,28.0,140.0,28.0,4,1,0,0,1,30.0,25.0
582,10,6,1,1,1.0,8.0,1.0,12.5,1.0,0,0,0,0,1,87.5,0.0
582,3,6,1,1,12.0,11.0,12.0,109.09,12.0,2,0,0,0,1,54.55,18.18
582,16,5,3,3,73.0,59.0,24.33,123.73,42.0,6,2,0,0,3,35.59,13.56
582,16,6,4,4,76.0,77.0,19.0,98.7,27.0,7,0,0,0,4,35.06,9.09
582,18,6,1,1,2.0,5.0,2.0,40.0,2.0,0,0,0,0,1,80.0,0.0
340,13,2,1,1,0.0,1.0,0.0,0.0,0.0,0,0,0,0,1,100.0,0.0
340,3,3,1,1,1.0,2.0,1.0,50.0,1.0,0,0,0,0,1,50.0,0.0
340,7,1,1,1,1.0,5.0,1.0,20.0,1.0,0,0,0,0,0,80.0,0.0
340,16,1,1,1,4.0,3.0,4.0,133.33,4.0,0,0,0,0,0,0.0,0.0
340,30,2,1,1,1.0,1.0,1.0,100.0,1.0,0,0,0,0,0,0.0,0.0
550,8,8,1,1,2.0,2.0,2.0,100.0,2.0,0,0,0,0,0,0.0,0.0
550,16,9,1,1,10.0,9.0,10.0,111.11,10.0,1,0,0,0,1,33.33,11.11
550,31,6,2,2,5.0,9.0,2.5,55.56,4.0,0,0,0,0,1,33.33,0.0
59,15,16,1,1,1.0,1.0,1.0,100.0,1.0,0,0,0,0,0,0.0,0.0
59,26,15,2,2,10.0,8.0,5.0,125.0,9.0,0,1,0,0,2,50.0,12.5
59,27,15,3,3,87.0,55.0,29.0,158.18,43.0,8,5,0,0,3,36.36,23.64
59,23,16,1,1,0.0,3.0,0.0,0.0,0.0,0,0,0,0,1,66.67,0.0
59,32,15,1,1,9.0,7.0,9.0,128.57,9.0,1,0,0,0,1,28.57,14.29
59,7,16,2,2,70.0,58.0,35.0,120.69,50.0,6,2,1,0,2,34.48,13.79
59,28,15,3,3,100.0,59.0,33.33,169.49,42.0,7,7,0,0,3,27.12,23.73
500,10,4,1,1,14.0,10.0,14.0,140.0,14.0,0,2,0,0,1,70.0,20.0
500,27,4,1,1,6.0,6.0,6.0,100.0,6.0,1,0,0,0,1,66.67,16.67
500,23,4,1,1,7.0,8.0,7.0,87.5,7.0,1,0,0,0,1,62.5,12.5
500,11,4,3,3,87.0,73.0,29.0,119.18,62.0,10,4,1,0,3,53.42,19.18
500,11,5,1,1,2.0,10.0,2.0,20.0,2.0,0,0,0,0,1,80.0,0.0
500,17,4,1,1,17.0,10.0,17.0,170.0,17.0,1,2,0,0,1,60.0,30.0
500,3,4,1,1,21.0,16.0,21.0,131.25,21.0,4,0,0,0,1,43.75,25.0
500,5,2,1,1,5.0,7.0,5.0,71.43,5.0,1,0,0,0,1,71.43,14.29
500,7,4,4,4,203.0,130.0,50.75,156.15,120.0,30,5,1,1,3,36.92,26.92
500,7,5,3,3,14.0,21.0,4.67,66.67,8.0,2,0,0,0,3,66.67,9.52
500,16,4,1,1,75.0,47.0,75.0,159.57,75.0,8,5,1,0,1,42.55,27.66
500,16,6,1,1,6.0,17.0,6.0,35.29,6.0,0,0,0,0,1,64.71,0.0
500,18,5,1,1,13.0,15.0,13.0,86.67,13.0,2,0,0,0,1,53.33,13.33
500,31,5,1,1,1.0,5.0,1.0,20.0,1.0,0,0,0,0,1,80.0,0.0
500,6,2,1,1,1.0,5.0,1.0,20.0,1.0,0,0,0,0,1,80.0,0.0
500,28,4,1,1,33.0,38.0,33.0,86.84,33.0,1,2,0,0,1,50.0,7.89
626,10,3,5,5,199.0,148.0,39.8,134.46,75.0,9,13,3,0,2,33.78,14.86
626,26,3,1,1,2.0,5.0,2.0,40.0,2.0,0,0,0,0,1,60.0,0.0
626,23,3,1,1,2.0,3.0,2.0,66.67,2.0,0,0,0,0,1,33.33,0.0
323,10,16,5,5,175.0,106.0,35.0,165.09,87.0,21,6,2,0,5,27.36,25.47
323,24,17,1,1,32.0,14.0,32.0,228.57,32.0,5,1,0,0,1,21.43,42.86
323,24,18,2,2,92.0,51.0,46.0,180.39,62.0,10,5,1,0,2,29.41,29.41
323,37,17,1,1,18.0,12.0,18.0,150.0,18.0,4,0,0,0,1,41.67,33.33
323,23,17,7,7,350.0,189.0,50.0,185.19,89.0,38,21,4,0,7,32.28,31.22
323,23,18,1,1,56.0,31.0,56.0,180.65,56.0,9,2,1,0,1,35.48,35.48
323,11,16,1,1,26.0,14.0,26.0,185.71,26.0,2,2,0,0,0,28.57,28.57
323,3,17,1,1,30.0,20.0,30.0,150.0,30.0,2,2,0,0,1,35.0,20.0
323,3,18,4,4,81.0,57.0,20.25,142.11,37.0,10,4,0,0,4,40.35,24.56
323,8,16,1,1,17.0,11.0,17.0,154.55,17.0,1,2,0,0,1,63.64,27.27
323,8,17,1,1,0.0,1.0,0.0,0.0,0.0,0,0,0,0,1,100.0,0.0
323,8,18,1,1,32.0,16.0,32.0,200.0,32.0,5,1,0,0,1,31.25,37.5
323,25,18,2,2,57.0,30.0,28.5,190.0,56.0,6,3,1,0,1,26.67,30.0
323,2,16,1,1,0.0,1.0,0.0,0.0,0.0,0,0,0,0,1,100.0,0.0
323,2,18,1,1,16.0,9.0,16.0,177.78,16.0,2,1,0,0,1,55.56,33.33
323,16,16,1,1,0.0,1.0,0.0,0.0,0.0,0,0,0,0,1,100.0,0.0
323,18,18,1,1,65.0,33.0,65.0,196.97,65.0,5,6,1,0,1,39.39,33.33
323,28,17,1,1,5.0,3.0,5.0,166.67,5.0,1,0,0,0,1,33.33,33.33
323,28,18,1,1,4.0,2.0,4.0,200.0,4.0,1,0,0,0,1,50.0,50.0
720,24,18,1,1,32.0,21.0,32.0,152.38,32.0,3,0,0,0,1,14.29,14.29
720,23,18,1,1,27.0,20.0,27.0,135.0,27.0,1,2,0,0,1,45.0,15.0
720,8,18,1,1,32.0,22.0,32.0,145.45,32.0,3,0,0,0,0,22.73,13.64
720,2,18,1,1,0.0,1.0,0.0,0.0,0.0,0,0,0,0,1,100.0,0.0
720,16,18,1,1,1.0,5.0,1.0,20.0,1.0,0,0,0,0,1,40.0,0.0
777,10,10,5,5,43.0,29.0,8.6,148.28,12.0,2,3,0,0,3,34.48,17.24
777,10,17,1,1,1.0,1.0,1.0,100.0,1.0,0,0,0,0,0,0.0,0.0
777,24,18,1,1,13.0,6.0,13.0,216.67,13.0,0,1,0,0,0,16.67,16.67
777,26,15,3,3,7.0,7.0,2.33,100.0,4.0,1,0,0,0,3,57.14,14.29
777,37,18,1,1,2.0,7.0,2.0,28.57,2.0,0,0,0,0,1,71.43,0.0
777,27,15,1,1,0.0,2.0,0.0,0.0,0.0,0,0,0,0,1,100.0,0.0
777,12,13,2,2,27.0,21.0,13.5,128.57,15.0,1,1,0,0,2,23.81,9.52
777,23,17,1,1,0.0,1.0,0.0,0.0,0.0,0,0,0,0,0,100.0,0.0
777,23,18,1,1,14.0,15.0,14.0,93.33,14.0,2,0,0,0,1,40.0,13.33
777,20,10,1,1,24.0,13.0,24.0,184.62,24.0,2,1,0,0,1,23.08,23.08
777,3,10,1,1,6.0,6.0,6.0,100.0,6.0,1,0,0,0,1,50.0,16.67
777,8,8,1,1,0.0,2.0,0.0,0.0,0.0,0,0,0,0,1,50.0,0.0
777,8,14,2,2,6.0,3.0,3.0,200.0,6.0,0,1,0,0,2,66.67,33.33
777,8,17,3,3,34.0,31.0,11.33,109.68,24.0,4,1,0,0,3,45.16,16.13
777,25,17,1,1,3.0,4.0,3.0,75.0,3.0,0,0,0,0,1,50.0,0.0
777,32,15,1,1,56.0,15.0,56.0,373.33,56.0,4,6,1,0,0,13.33,66.67
777,2,14,1,1,11.0,13.0,11.0,84.62,11.0,1,0,0,0,0,38.46,7.69
777,2,17,2,2,32.0,26.0,16.0,123.08,30.0,2,2,0,0,2,42.31,15.38
777,2,18,1,1,19.0,10.0,19.0,190.0,19.0,1,1,0,0,0,0.0,20.0
777,16,17,1,1,31.0,15.0,31.0,206.67,31.0,1,3,0,0,1,26.67,26.67
777,16,18,4,4,41.0,16.0,10.25,256.25,22.0,3,4,0,0,2,18.75,43.75
777,36,13,3,3,7.0,15.0,2.33,46.67,5.0,1,0,0,0,3,73.33,6.67
777,1,13,5,5,112.0,78.0,22.4,143.59,53.0,7,7,1,0,2,39.74,17.95
777,28,10,1,1,4.0,5.0,4.0,80.0,4.0,0,0,0,0,0,20.0,0.0
777,28,14,2,2,76.0,40.0,38.0,190.0,66.0,4,7,1,0,3,30.0,27.5
777,28,17,1,1,35.0,17.0,35.0,205.88,35.0,2,2,0,0,0,11.76,23.53
777,28,18,1,1,8.0,4.0,8.0,200.0,8.0,0,1,0,0,0,25.0,25.0
156,10,3,1,1,4.0,9.0,4.0,44.44,4.0,0,0,0,0,0,55.56,0.0
156,10,10,1,1,1.0,1.0,1.0,100.0,1.0,0,0,0,0,0,0.0,0.0
156,26,3,1,1,6.0,5.0,6.0,120.0,6.0,0,0,0,0,0,0.0,0.0
156,27,1,1,1,2.0,4.0,2.0,50.0,2.0,0,0,0,0,1,50.0,0.0
156,27,15,1,1,2.0,5.0,2.0,40.0,2.0,0,0,0,0,1,60.0,0.0
156,23,1,1,1,0.0,1.0,0.0,0.0,0.0,0,0,0,0,1,100.0,0.0
156,20,10,1,1,0.0,1.0,0.0,0.0,0.0,0,0,0,0,1,100.0,0.0
156,3,6,1,1,4.0,2.0,4.0,200.0,4.0,1,0,0,0,0,50.0,50.0
156,32,10,1,1,1.0,2.0,1.0,50.0,1.0,0,0,0,0,1,50.0,0.0
156,19,2,1,1,0.0,3.0,0.0,0.0,0.0,0,0,0,0,1,100.0,0.0
156,4,2,1,1,5.0,5.0,5.0,100.0,5.0,0,0,0,0,0,20.0,0.0
156,16,11,1,1,0.0,4.0,0.0,0.0,0.0,0,0,0,0,1,100.0,0.0
156,6,2,2,2,1.0,2.0,0.5,50.0,1.0,0,0,0,0,1,50.0,0.0
746,10,16,1,1,12.0,9.0,12.0,133.33,12.0,1,0,0,0,1,11.11,11.11
746,12,13,6,6,97.0,71.0,16.17,136.62,51.0,9,2,1,0,5,26.76,15.49
746,12,14,2,2,21.0,32.0,10.5,65.62,21.0,0,1,0,0,2,50.0,3.12
746,2,16,1,1,10.0,14.0,10.0,71.43,10.0,0,0,0,0,2,50.0,0.0
746,36,13,1,1,8.0,7.0,8.0,114.29,8.0,0,0,0,0,1,14.29,0.0
746,36,14,1,1,7.0,10.0,7.0,70.0,7.0,0,0,0,0,1,30.0,0.0
746,1,13,3,3,28.0,33.0,9.33,84.85,17.0,0,2,0,0,3,54.55,6.06
746,1,14,2,2,44.0,32.0,22.0,137.5,29.0,2,2,0,0,2,21.88,12.5
746,28,15,2,2,46.0,33.0,23.0,139.39,42.0,4,2,0,0,2,33.33,18.18
598,10,1,1,1,1.0,2.0,1.0,50.0,1.0,0,0,0,0,0,50.0,0.0
146,24,16,1,1,0.0,1.0,0.0,0.0,0.0,0,0,0,0,1,100.0,0.0
146,23,16,1,1,26.0,20.0,26.0,130.0,26.0,5,0,0,0,1,45.0,25.0
146,8,16,1,1,3.0,6.0,3.0,50.0,3.0,0,0,0,0,1,66.67,0.0
146,16,16,1,1,64.0,45.0,64.0,142.22,64.0,7,2,1,0,0,31.11,20.0
146,28,15,1,1,4.0,1.0,4.0,400.0,4.0,1,0,0,0,0,0.0,100.0
251,10,5,1,1,10.0,14.0,10.0,71.43,10.0,0,0,0,0,1,28.57,0.0
251,10,6,1,1,5.0,3.0,5.0,166.67,5.0,1,0,0,0,0,33.33,33.33
251,10,9,1,1,8.0,5.0,8.0,160.0,8.0,2,0,0,0,1,40.0,40.0
251,10,11,1,1,2.0,4.0,2.0,50.0,2.0,0,0,0,0,1,50.0,0.0
251,10,12,1,1,12.0,5.0,12.0,240.0,12.0,1,1,0,0,1,20.0,40.0
251,10,17,1,1,10.0,4.0,10.0,250.0,10.0,1,1,0,0,1,25.0,50.0
251,9,3,1,1,9.0,13.0,9.0,69.23,9.0,1,0,0,0,1,53.85,7.69
251,26,3,1,1,22.0,13.0,22.0,169.23,22.0,3,0,0,0,1,15.38,23.08
251,26,8,1,1,0.0,1.0,0.0,0.0,0.0,0,0,0,0,1,100.0,0.0
251,21,2,1,1,8.0,6.0,8.0,133.33,8.0,1,0,0,0,0,0.0,16.67
251,27,4,1,1,15.0,28.0,15.0,53.57,15.0,0,0,0,0,1,57.14,0.0
251,23,1,1,1,0.0,1.0,0.0,0.0,0.0,0,0,0,0,1,100.0,0.0
251,23,5,1,1,13.0,8.0,13.0,162.5,13.0,0,1,0,0,0,12.5,12.5
251,23,6,1,1,0.0,2.0,0.0,0.0,0.0,0,0,0,0,0,50.0,0.0
251,23,7,1,1,17.0,9.0,17.0,188.89,17.0,3,0,0,0,1,22.22,33.33
251,23,8,3,3,49.0,36.0,16.33,136.11,22.0,4,2,0,0,3,25.0,16.67
251,23,11,4,4,25.0,30.0,6.25,83.33,12.0,1,1,0,0,3,46.67,6.67
251,23,12,2,2,18.0,11.0,9.0,163.64,14.0,2,0,0,0,1,9.09,18.18
251,23,17,1,1,1.0,2.0,1.0,50.0,1.0,0,0,0,0,0,50.0,0.0
251,20,9,1,1,11.0,16.0,11.0,68.75,11.0,1,0,0,0,1,56.25,6.25
251,11,4,2,2,14.0,8.0,7.0,175.0,13.0,0,2,0,0,1,50.0,25.0
251,11,5,1,1,1.0,2.0,1.0,50.0,1.0,0,0,0,0,1,50.0,0.0
251,11,6,1,1,1.0,2.0,1.0,50.0,1.0,0,0,0,0,1,0.0,0.0
251,35,7,1,1,1.0,2.0,1.0,50.0,1.0,0,0,0,0,1,50.0,0.0
251,13,2,5,5,16.0,23.0,3.2,69.57,6.0,1,0,0,0,3,52.17,4.35
251,3,4,1,1,5.0,6.0,5.0,83.33,5.0,0,0,0,0,1,16.67,0.0
251,3,5,1,1,6.0,2.0,6.0,300.0,6.0,0,1,0,0,0,50.0,50.0
251,3,7,1,1,13.0,5.0,13.0,260.0,13.0,1,1,0,0,0,0.0,40.0
251,3,10,1,1,2.0,6.0,2.0,33.33,2.0,0,0,0,0,1,66.67,0.0
251,8,1,1,1,17.0,15.0,17.0,113.33,17.0,1,1,0,0,1,53.33,13.33
251,8,3,1,1,8.0,4.0,8.0,200.0,8.0,2,0,0,0,0,25.0,50.0
251,8,5,1,1,0.0,2.0,0.0,0.0,0.0,0,0,0,0,1,100.0,0.0
251,8,8,1,1,0.0,2.0,0.0,0.0,0.0,0,0,0,0,1,100.0,0.0
251,8,12,1,1,8.0,13.0,8.0,61.54,8.0,0,1,0,0,1,76.92,7.69
251,8,16,1,1,2.0,2.0,2.0,100.0,2.0,0,0,0,0,0,50.0,0.0
251,32,8,1,1,4.0,1.0,4.0,400.0,4.0,1,0,0,0,0,0.0,100.0
251,32,9,1,1,8.0,5.0,8.0,160.0,8.0,1,0,0,0,1,20.0,20.0
251,2,16,2,2,18.0,14.0,9.0,128.57,18.0,1,1,0,0,2,35.71,14.29
251,2,17,1,1,0.0,1.0,0.0,0.0,0.0,0,0,0,0,1,100.0,0.0
251,19,2,1,1,1.0,1.0,1.0,100.0,1.0,0,0,0,0,0,0.0,0.0
251,5,2,1,1,6.0,6.0,6.0,100.0,6.0,1,0,0,0,0,33.33,16.67
251,7,1,3,3,37.0,17.0,12.33,217.65,21.0,4,2,0,0,1,23.53,35.29
251,7,3,2,2,13.0,15.0,6.5,86.67,8.0,1,0,0,0,2,40.0,6.67
251,7,4,1,1,4.0,3.0,4.0,133.33,4.0,1,0,0,0,1,66.67,33.33
251,7,5,5,5,50.0,44.0,10.0,113.64,21.0,7,0,0,0,3,40.91,15.91
251,7,6,4,4,16.0,16.0,4.0,100.0,11.0,3,0,0,0,2,50.0,18.75
251,16,6,1,1,23.0,15.0,23.0,153.33,23.0,1,2,0,0,1,40.0,20.0
251,16,12,1,1,4.0,8.0,4.0,50.0,4.0,1,0,0,0,1,87.5,12.5
251,18,1,1,1,24.0,11.0,24.0,218.18,24.0,4,0,0,0,0,18.18,36.36
251,18,3,1,1,10.0,15.0,10.0,66.67,10.0,0,0,0,0,1,40.0,0.0
251,18,5,1,1,10.0,8.0,10.0,125.0,10.0,0,1,0,0,1,25.0,12.5
251,18,6,1,1,7.0,9.0,7.0,77.78,7.0,0,0,0,0,1,33.33,0.0
251,18,17,1,1,1.0,1.0,1.0,100.0,1.0,0,0,0,0,0,0.0,0.0
251,1,7,2,2,0.0,3.0,0.0,0.0,0.0,0,0,0,0,1,66.67,0.0
251,1,14,1,1,0.0,2.0,0.0,0.0,0.0,0,0,0,0,1,100.0,0.0
251,31,5,1,1,16.0,8.0,16.0,200.0,16.0,2,1,0,0,1,37.5,37.5
251,28,1,1,1,12.0,15.0,12.0,80.0,12.0,1,0,0,0,1,53.33,6.67
251,28,4,1,1,10.0,10.0,10.0,100.0,10.0,1,0,0,0,0,10.0,10.0
251,28,6,1,1,12.0,10.0,12.0,120.0,12.0,0,1,0,0,1,40.0,10.0
251,28,8,1,1,1.0,7.0,1.0,14.29,1.0,0,0,0,0,0,71.43,0.0
251,28,16,1,1,5.0,6.0,5.0,83.33,5.0,0,0,0,0,0,0.0,0.0
251,28,17,2,2,3.0,7.0,1.5,42.86,3.0,0,0,0,0,2,57.14,0.0
586,10,1,1,1,0.0,1.0,0.0,0.0,0.0,0,0,0,0,1,100.0,0.0
586,10,6,1,1,0.0,2.0,0.0,0.0,0.0,0,0,0,0,1,100.0,0.0
586,26,3,1,1,2.0,2.0,2.0,100.0,2.0,0,0,0,0,1,50.0,0.0
586,26,7,1,1,1.0,1.0,1.0,100.0,1.0,0,0,0,0,0,0.0,0.0
586,14,2,1,1,0.0,2.0,0.0,0.0,0.0,0,0,0,0,1,100.0,0.0
586,27,3,2,2,1.0,6.0,0.5,16.67,1.0,0,0,0,0,2,83.33,0.0
586,12,7,1,1,1.0,5.0,1.0,20.0,1.0,0,0,0,0,1,40.0,0.0
586,23,6,1,1,1.0,1.0,1.0,100.0,1.0,0,0,0,0,0,0.0,0.0
586,13,2,2,2,0.0,4.0,0.0,0.0,0.0,0,0,0,0,1,75.0,0.0
586,16,1,1,1,1.0,1.0,1.0,100.0,1.0,0,0,0,0,0,0.0,0.0
586,18,1,1,1,1.0,2.0,1.0,50.0,1.0,0,0,0,0,0,0.0,0.0
586,18,6,1,1,1.0,1.0,1.0,100.0,1.0,0,0,0,0,0,0.0,0.0
586,31,5,1,1,1.0,1.0,1.0,100.0,1.0,0,0,0,0,0,0.0,0.0
586,6,2,1,1,1.0,1.0,1.0,100.0,1.0,0,0,0,0,1,0.0,0.0
586,28,5,2,2,3.0,13.0,1.5,23.08,3.0,0,0,0,0,1,69.23,0.0
586,28,7,1,1,2.0,2.0,2.0,100.0,2.0,0,0,0,0,0,0.0,0.0
501,10,11,7,7,171.0,119.0,24.43,143.7,62.0,19,7,1,0,6,40.34,21.85
501,10,12,7,7,193.0,135.0,27.57,142.96,99.0,27,4,1,0,6,36.3,22.96
501,10,16,4,4,40.0,33.0,10.0,121.21,15.0,7,0,0,0,4,45.45,21.21
501,10,17,2,2,27.0,12.0,13.5,225.0,16.0,6,0,0,0,2,25.0,50.0
501,15,16,1,1,0.0,3.0,0.0,0.0,0.0,0,0,0,0,1,100.0,0.0
501,24,16,1,1,12.0,9.0,12.0,133.33,12.0,2,0,0,0,1,33.33,22.22
501,24,17,1,1,32.0,22.0,32.0,145.45,32.0,6,0,0,0,1,40.91,27.27
501,26,15,3,3,130.0,73.0,43.33,178.08,51.0,18,5,1,0,3,34.25,31.51
501,37,12,2,2,61.0,44.0,30.5,138.64,56.0,7,2,1,0,2,38.64,20.45
501,37,17,2,2,53.0,34.0,26.5,155.88,43.0,6,2,0,0,2,29.41,23.53
501,27,15,1,1,61.0,34.0,61.0,179.41,61.0,9,2,1,0,1,41.18,32.35
501,12,13,7,7,128.0,100.0,18.29,128.0,64.0,18,3,1,0,7,45.0,21.0
501,12,14,4,4,137.0,85.0,34.25,161.18,60.0,16,5,1,0,4,28.24,24.71
501,23,12,1,1,14.0,7.0,14.0,200.0,14.0,0,2,0,0,1,42.86,28.57
501,23,17,1,1,13.0,7.0,13.0,185.71,13.0,3,0,0,0,1,42.86,42.86
501,11,16,1,1,54.0,38.0,54.0,142.11,54.0,7,1,1,0,1,34.21,21.05
501,3,12,1,1,28.0,22.0,28.0,127.27,28.0,5,0,0,0,1,36.36,22.73
501,3,16,1,1,0.0,2.0,0.0,0.0,0.0,0,0,0,0,1,100.0,0.0
501,8,12,1,1,4.0,5.0,4.0,80.0,4.0,1,0,0,0,1,80.0,20.0
501,8,14,2,2,60.0,44.0,30.0,136.36,53.0,8,1,1,0,1,36.36,20.45
501,32,11,1,1,9.0,5.0,9.0,180.0,9.0,2,0,0,0,1,40.0,40.0
501,32,15,1,1,10.0,7.0,10.0,142.86,10.0,1,0,0,0,1,14.29,14.29
501,2,14,3,3,142.0,81.0,47.33,175.31,82.0,17,6,1,0,3,27.16,28.4
501,2,17,1,1,7.0,6.0,7.0,116.67,7.0,1,0,0,0,1,33.33,16.67
501,7,12,1,1,0.0,1.0,0.0,0.0,0.0,0,0,0,0,1,100.0,0.0
501,16,11,1,1,65.0,36.0,65.0,180.56,65.0,6,3,1,0,2,22.22,25.0
501,16,12,1,1,4.0,5.0,4.0,80.0,4.0,0,0,0,0,1,60.0,0.0
501,18,12,1,1,42.0,39.0,42.0,107.69,42.0,4,1,0,0,1,35.9,12.82
501,36,13,3,3,85.0,53.0,28.33,160.38,66.0,6,5,1,0,3,24.53,20.75
501,36,14,2,2,24.0,19.0,12.0,126.32,18.0,3,1,0,0,2,47.37,21.05
501,1,13,3,3,15.0,14.0,5.0,107.14,9.0,3,0,0,0,3,64.29,21.43
501,1,14,1,1,10.0,12.0,10.0,83.33,10.0,0,0,0,0,1,50.0,0.0
501,28,12,1,1,7.0,6.0,7.0,116.67,7.0,1,0,0,0,1,33.33,16.67
501,28,14,3,3,106.0,60.0,35.33,176.67,72.0,12,5,1,0,3,28.33,28.33
501,28,15,5,5,82.0,71.0,16.4,115.49,37.0,9,3,0,0,5,46.48,16.9
501,28,17,1,1,66.0,40.0,66.0,165.0,66.0,8,3,1,0,1,35.0,27.5
706,10,1,1,1,0.0,1.0,0.0,0.0,0.0,0,0,0,0,1,100.0,0.0
706,14,2,1,1,11.0,20.0,11.0,55.0,11.0,0,0,0,0,1,55.0,0.0
706,17,4,1,1,5.0,5.0,5.0,100.0,5.0,1,0,0,0,1,60.0,20.0
706,13,2,1,1,1.0,1.0,1.0,100.0,1.0,0,0,0,0,0,0.0,0.0
706,16,1,1,1,10.0,6.0,10.0,166.67,10.0,2,0,0,0,1,16.67,33.33
706,6,2,2,2,41.0,30.0,20.5,136.67,29.0,4,2,0,0,2,40.0,20.0
706,28,1,2,2,24.0,28.0,12.0,85.71,19.0,2,0,0,0,2,39.29,7.14
30,11,18,1,1,1.0,1.0,1.0,100.0,1.0,0,0,0,0,0,0.0,0.0
30,28,18,1,1,4.0,9.0,4.0,44.44,4.0,0,0,0,0,0,55.56,0.0
198,24,18,1,1,8.0,9.0,8.0,88.89,8.0,1,0,0,0,1,44.44,11.11
198,23,18,1,1,69.0,35.0,69.0,197.14,69.0,8,4,1,0,1,28.57,34.29
198,11,18,2,2,71.0,38.0,35.5,186.84,70.0,5,6,1,0,2,34.21,28.95
198,3,18,1,1,16.0,11.0,16.0,145.45,16.0,1,1,0,0,1,36.36,18.18
198,8,18,1,1,23.0,15.0,23.0,153.33,23.0,5,0,0,0,1,40.0,33.33
198,25,18,5,5,154.0,75.0,30.8,205.33,103.0,14,11,1,1,5,33.33,33.33
198,2,18,3,3,91.0,52.0,30.33,175.0,47.0,13,3,0,0,3,32.69,30.77
198,16,18,1,1,36.0,13.0,36.0,276.92,36.0,2,4,0,0,1,23.08,46.15
198,18,18,3,3,77.0,51.0,25.67,150.98,62.0,11,2,1,0,3,37.25,25.49
758,32,9,1,1,6.0,12.0,6.0,50.0,6.0,0,0,0,0,1,50.0,0.0
732,12,7,1,1,2.0,2.0,2.0,100.0,2.0,0,0,0,0,0,0.0,0.0
732,3,9,1,1,7.0,19.0,7.0,36.84,7.0,1,0,0,0,0,73.68,5.26
732,8,8,1,1,1.0,1.0,1.0,100.0,1.0,0,0,0,0,0,0.0,0.0
732,2,7,1,1,3.0,7.0,3.0,42.86,3.0,0,0,0,0,1,57.14,0.0
732,2,8,1,1,2.0,4.0,2.0,50.0,2.0,0,0,0,0,0,50.0,0.0
732,16,6,1,1,3.0,6.0,3.0,50.0,3.0,0,0,0,0,0,33.33,0.0
680,10,18,2,2,2.0,4.0,1.0,50.0,2.0,0,0,0,0,0,25.0,0.0
680,26,15,1,1,0.0,2.0,0.0,0.0,0.0,0,0,0,0,1,100.0,0.0
680,27,15,1,1,1.0,3.0,1.0,33.33,1.0,0,0,0,0,0,66.67,0.0
680,23,15,1,1,11.0,4.0,11.0,275.0,11.0,1,1,0,0,0,25.0,50.0
680,32,15,2,2,17.0,11.0,8.5,154.55,17.0,0,2,0,0,1,36.36,18.18
680,28,15,2,2,14.0,8.0,7.0,175.0,13.0,2,0,0,0,1,25.0,25.0
680,28,18,1,1,8.0,10.0,8.0,80.0,8.0,0,0,0,0,0,20.0,0.0
549,8,18,1,1,1.0,1.0,1.0,100.0,1.0,0,0,0,0,0,0.0,0.0
698,37,18,1,1,9.0,11.0,9.0,81.82,9.0,1,0,0,0,1,45.45,9.09
360,15,18,2,2,8.0,9.0,4.0,88.89,4.0,0,0,0,0,2,33.33,0.0
360,24,16,1,1,8.0,7.0,8.0,114.29,8.0,1,0,0,0,1,28.57,14.29
360,26,15,2,2,9.0,22.0,4.5,40.91,8.0,1,0,0,0,2,72.73,4.55
360,27,15,2,2,11.0,6.0,5.5,183.33,7.0,1,1,0,0,2,50.0,33.33
360,23,18,1,1,0.0,2.0,0.0,0.0,0.0,0,0,0,0,1,100.0,0.0
360,3,16,3,3,13.0,13.0,4.33,100.0,6.0,0,0,0,0,2,23.08,0.0
360,3,18,1,1,1.0,3.0,1.0,33.33,1.0,0,0,0,0,1,66.67,0.0
360,32,15,2,2,18.0,14.0,9.0,128.57,18.0,2,0,0,0,2,28.57,14.29
360,2,15,1,1,0.0,1.0,0.0,0.0,0.0,0,0,0,0,1,100.0,0.0
360,18,18,1,1,0.0,1.0,0.0,0.0,0.0,0,0,0,0,1,100.0,0.0
360,36,14,1,1,1.0,1.0,1.0,100.0,1.0,0,0,0,0,0,0.0,0.0
360,1,14,1,1,0.0,1.0,0.0,0.0,0.0,0,0,0,0,1,100.0,0.0
360,28,16,1,1,12.0,8.0,12.0,150.0,12.0,2,0,0,0,0,37.5,25.0
398,10,7,4,4,83.0,70.0,20.75,118.57,42.0,10,3,0,0,3,48.57,18.57
398,10,9,4,4,74.0,63.0,18.5,117.46,59.0,12,1,1,0,3,44.44,20.63
398,10,12,1,1,35.0,27.0,35.0,129.63,35.0,2,2,0,0,0,29.63,14.81
398,10,14,2,2,108.0,78.0,54.0,138.46,70.0,10,3,1,0,1,20.51,16.67
398,10,17,1,1,12.0,8.0,12.0,150.0,12.0,2,0,0,0,1,25.0,25.0
398,10,18,1,1,9.0,13.0,9.0,69.23,9.0,0,0,0,0,1,30.77,0.0
398,15,18,1,1,97.0,61.0,97.0,159.02,97.0,8,6,1,0,0,27.87,22.95
398,24,16,1,1,16.0,15.0,16.0,106.67,16.0,0,2,0,0,1,53.33,13.33
398,24,17,5,5,141.0,101.0,28.2,139.6,54.0,16,4,2,0,5,34.65,19.8
398,26,15,3,3,92.0,66.0,30.67,139.39,61.0,14,1,1,0,3,34.85,22.73
398,37,9,2,2,42.0,36.0,21.0,116.67,40.0,4,2,0,0,3,44.44,16.67
398,27,15,4,4,224.0,131.0,56.0,170.99,140.0,19,12,2,1,3,25.95,23.66
398,12,7,1,1,48.0,30.0,48.0,160.0,48.0,6,1,0,0,1,20.0,23.33
398,12,13,5,6,156.0,126.0,31.2,123.81,56.0,14,5,1,0,6,37.3,15.08
398,12,14,2,2,41.0,35.0,20.5,117.14,24.0,7,0,0,0,2,51.43,20.0
398,23,9,1,1,17.0,10.0,17.0,170.0,17.0,1,1,0,0,1,60.0,20.0
398,23,11,1,1,4.0,4.0,4.0,100.0,4.0,1,0,0,0,1,75.0,25.0
398,23,12,1,1,0.0,4.0,0.0,0.0,0.0,0,0,0,0,1,75.0,0.0
398,23,15,1,1,6.0,5.0,6.0,120.0,6.0,0,1,0,0,1,60.0,20.0
398,23,16,1,1,28.0,27.0,28.0,103.7,28.0,0,2,0,0,1,40.74,7.41
398,23,17,1,1,10.0,8.0,10.0,125.0,10.0,2,0,0,0,1,62.5,25.0
398,23,18,3,3,20.0,20.0,6.67,100.0,15.0,1,2,0,0,3,60.0,15.0
398,3,7,1,1,6.0,6.0,6.0,100.0,6.0,1,0,0,0,1,50.0,16.67
398,3,8,1,1,69.0,39.0,69.0,176.92,69.0,9,3,1,0,1,28.21,30.77
398,3,9,1,1,108.0,51.0,108.0,211.76,108.0,15,3,1,1,1,15.69,35.29
398,3,11,6,6,178.0,146.0,29.67,121.92,53.0,17,7,1,0,5,40.41,16.44
398,3,12,1,1,23.0,20.0,23.0,115.0,23.0,2,1,0,0,1,45.0,15.0
398,3,17,1,1,81.0,56.0,81.0,144.64,81.0,8,5,1,0,1,44.64,23.21
398,8,6,1,1,4.0,3.0,4.0,133.33,4.0,1,0,0,0,1,66.67,33.33
398,8,12,2,2,23.0,21.0,11.5,109.52,15.0,3,1,0,0,2,66.67,19.05
398,8,14,4,4,47.0,54.0,11.75,87.04,40.0,5,0,0,0,4,44.44,9.26
398,8,17,1,1,0.0,3.0,0.0,0.0,0.0,0,0,0,0,1,100.0,0.0
398,8,18,1,1,23.0,16.0,23.0,143.75,23.0,0,3,0,0,1,43.75,18.75
398,25,18,1,1,2.0,4.0,2.0,50.0,2.0,0,0,0,0,1,50.0,0.0
398,32,6,1,1,2.0,8.0,2.0,25.0,2.0,0,0,0,0,1,75.0,0.0
398,32,15,3,3,107.0,76.0,35.67,140.79,50.0,8,6,1,0,4,39.47,18.42
398,2,16,1,1,70.0,41.0,70.0,170.73,70.0,7,3,1,0,1,19.51,24.39
398,7,9,1,1,52.0,30.0,52.0,173.33,52.0,6,2,1,0,1,30.0,26.67
398,7,12,1,1,60.0,39.0,60.0,153.85,60.0,6,2,1,0,1,23.08,20.51
398,16,6,1,1,0.0,4.0,0.0,0.0,0.0,0,0,0,0,1,100.0,0.0
398,16,9,1,1,44.0,31.0,44.0,141.94,44.0,5,2,0,0,1,38.71,22.58
398,16,12,2,2,48.0,35.0,24.0,137.14,29.0,1,5,0,0,2,45.71,17.14
398,16,16,1,1,29.0,19.0,29.0,152.63,29.0,3,1,0,0,1,21.05,21.05
398,16,17,1,1,2.0,5.0,2.0,40.0,2.0,0,0,0,0,1,60.0,0.0
398,34,9,1,1,46.0,45.0,46.0,102.22,46.0,4,1,0,0,1,37.78,11.11
398,18,12,1,1,65.0,47.0,65.0,138.3,65.0,6,2,1,0,1,31.91,17.02
398,18,17,1,1,4.0,5.0,4.0,80.0,4.0,1,0,0,0,1,80.0,20.0
398,33,8,2,2,53.0,38.0,26.5,139.47,50.0,9,1,1,0,2,47.37,26.32
398,33,9,2,2,62.0,61.0,31.0,101.64,60.0,5,1,1,0,2,36.07,9.84
398,36,7,1,1,16.0,24.0,16.0,66.67,16.0,2,0,0,0,1,66.67,8.33
398,36,13,3,3,138.0,89.0,46.0,155.06,67.0,11,8,1,0,2,31.46,21.35
398,36,14,1,1,19.0,18.0,19.0,105.56,19.0,1,1,0,0,1,50.0,11.11
398,1,13,8,8,212.0,146.0,26.5,145.21,78.0,21,9,2,0,7,37.67,20.55
398,1,14,2,2,82.0,71.0,41.0,115.49,55.0,6,3,1,0,2,36.62,12.68
398,28,11,1,1,19.0,12.0,19.0,158.33,19.0,2,1,0,0,1,25.0,25.0
398,28,12,7,7,275.0,205.0,39.29,134.15,81.0,25,12,2,0,6,33.66,18.05
398,28,15,4,4,79.0,63.0,19.75,125.4,39.0,6,3,0,0,4,33.33,14.29
398,28,18,1,1,1.0,3.0,1.0,33.33,1.0,0,0,0,0,1,66.67,0.0
137,10,5,1,1,8.0,5.0,8.0,160.0,8.0,1,0,0,0,1,20.0,20.0
137,10,11,1,1,6.0,7.0,6.0,85.71,6.0,0,0,0,0,1,14.29,0.0
137,10,12,1,1,16.0,14.0,16.0,114.29,16.0,2,0,0,0,1,28.57,14.29
137,10,17,1,1,2.0,3.0,2.0,66.67,2.0,0,0,0,0,1,33.33,0.0
137,10,18,1,1,13.0,8.0,13.0,162.5,13.0,1,1,0,0,1,12.5,25.0
137,9,7,1,1,11.0,4.0,11.0,275.0,11.0,2,0,0,0,0,0.0,50.0
137,15,16,1,1,0.0,4.0,0.0,0.0,0.0,0,0,0,0,1,100.0,0.0
137,15,17,1,1,28.0,19.0,28.0,147.37,28.0,3,1,0,0,1,31.58,21.05
137,26,15,3,3,52.0,32.0,17.33,162.5,40.0,3,3,0,0,1,15.62,18.75
137,37,9,2,2,30.0,26.0,15.0,115.38,29.0,3,0,0,0,1,26.92,11.54
137,27,3,1,1,6.0,5.0,6.0,120.0,6.0,1,0,0,0,0,20.0,20.0
137,27,15,4,4,80.0,56.0,20.0,142.86,50.0,7,4,1,0,4,33.93,19.64
137,12,7,1,1,9.0,13.0,9.0,69.23,9.0,1,0,0,0,0,46.15,7.69
137,12,13,3,3,23.0,20.0,7.67,115.0,12.0,1,1,0,0,3,45.0,10.0
137,12,14,1,1,2.0,3.0,2.0,66.67,2.0,0,0,0,0,1,33.33,0.0
137,23,6,2,2,20.0,31.0,10.0,64.52,11.0,2,0,0,0,2,54.84,6.45
137,23,8,1,1,2.0,4.0,2.0,50.0,2.0,0,0,0,0,1,50.0,0.0
137,23,9,1,1,0.0,4.0,0.0,0.0,0.0,0,0,0,0,0,100.0,0.0
137,23,15,1,1,2.0,1.0,2.0,200.0,2.0,0,0,0,0,1,0.0,0.0
137,23,17,1,1,8.0,11.0,8.0,72.73,8.0,1,0,0,0,1,54.55,9.09
137,23,18,1,1,8.0,7.0,8.0,114.29,8.0,1,0,0,0,1,28.57,14.29
137,11,5,1,1,0.0,1.0,0.0,0.0,0.0,0,0,0,0,0,0.0,0.0
137,17,11,2,2,45.0,23.0,22.5,195.65,45.0,4,3,0,0,2,30.43,30.43
137,35,7,1,1,14.0,16.0,14.0,87.5,14.0,1,0,0,0,1,31.25,6.25
137,35,8,1,1,1.0,1.0,1.0,100.0,1.0,0,0,0,0,0,0.0,0.0
137,13,2,1,1,8.0,15.0,8.0,53.33,8.0,1,0,0,0,1,66.67,6.67
137,3,3,1,1,11.0,10.0,11.0,110.0,11.0,1,0,0,0,0,10.0,10.0
137,3,4,1,1,2.0,4.0,2.0,50.0,2.0,0,0,0,0,1,50.0,0.0
137,3,8,1,1,5.0,3.0,5.0,166.67,5.0,1,0,0,0,1,33.33,33.33
137,3,9,1,1,10.0,5.0,10.0,200.0,10.0,0,1,0,0,0,20.0,20.0
137,3,11,1,1,33.0,21.0,33.0,157.14,33.0,3,1,0,0,1,19.05,19.05
137,3,12,1,1,6.0,2.0,6.0,300.0,6.0,0,1,0,0,1,50.0,50.0
137,3,16,1,1,12.0,6.0,12.0,200.0,12.0,2,0,0,0,1,16.67,33.33
137,8,3,3,3,8.0,19.0,2.67,42.11,6.0,0,0,0,0,2,63.16,0.0
137,8,5,2,2,10.0,8.0,5.0,125.0,7.0,1,0,0,0,1,25.0,12.5
137,8,6,2,2,13.0,10.0,6.5,130.0,11.0,2,0,0,0,1,40.0,20.0
137,8,8,2,2,21.0,12.0,10.5,175.0,12.0,3,0,0,0,0,25.0,25.0
137,8,16,1,1,30.0,22.0,30.0,136.36,30.0,1,2,0,0,1,36.36,13.64
137,8,17,2,2,1.0,4.0,0.5,25.0,1.0,0,0,0,0,1,75.0,0.0
137,8,18,2,2,12.0,15.0,6.0,80.0,11.0,1,0,0,0,2,46.67,6.67
137,32,9,1,1,0.0,1.0,0.0,0.0,0.0,0,0,0,0,1,100.0,0.0
137,32,11,1,1,0.0,1.0,0.0,0.0,0.0,0,0,0,0,1,100.0,0.0
137,32,15,1,1,17.0,9.0,17.0,188.89,17.0,4,0,0,0,1,44.44,44.44
137,2,15,1,1,6.0,9.0,6.0,66.67,6.0,0,0,0,0,1,33.33,0.0
137,2,16,1,1,10.0,3.0,10.0,333.33,10.0,1,1,0,0,1,33.33,66.67
137,7,9,1,1,1.0,2.0,1.0,50.0,1.0,0,0,0,0,0,50.0,0.0
137,7,11,1,1,14.0,11.0,14.0,127.27,14.0,0,1,0,0,1,27.27,9.09
137,7,12,3,3,20.0,11.0,6.67,181.82,17.0,1,2,0,0,2,27.27,27.27
137,16,11,1,1,4.0,6.0,4.0,66.67,4.0,0,0,0,0,1,33.33,0.0
137,16,12,1,1,0.0,1.0,0.0,0.0,0.0,0,0,0,0,1,100.0,0.0
137,16,16,1,1,1.0,2.0,1.0,50.0,1.0,0,0,0,0,0,0.0,0.0
137,16,17,1,1,2.0,2.0,2.0,100.0,2.0,0,0,0,0,0,0.0,0.0
137,18,11,1,1,0.0,2.0,0.0,0.0,0.0,0,0,0,0,1,100.0,0.0
137,18,16,3,3,6.0,9.0,2.0,66.67,3.0,0,0,0,0,1,44.44,0.0
137,18,17,1,1,29.0,19.0,29.0,152.63,29.0,0,3,0,0,1,21.05,15.79
137,36,13,1,1,0.0,1.0,0.0,0.0,0.0,0,0,0,0,0,100.0,0.0
137,36,14,2,2,29.0,29.0,14.5,100.0,20.0,1,1,0,0,1,31.03,6.9
137,1,7,1,1,1.0,1.0,1.0,100.0,1.0,0,0,0,0,0,0.0,0.0
137,1,13,1,1,14.0,13.0,14.0,107.69,14.0,2,0,0,0,0,38.46,15.38
137,1,14,1,1,6.0,6.0,6.0,100.0,6.0,0,0,0,0,0,16.67,0.0
137,29,3,1,1,5.0,6.0,5.0,83.33,5.0,0,0,0,0,1,16.67,0.0
137,28,4,1,1,0.0,2.0,0.0,0.0,0.0,0,0,0,0,1,100.0,0.0
137,28,5,1,1,0.0,1.0,0.0,0.0,0.0,0,0,0,0,1,100.0,0.0
137,28,6,1,1,2.0,8.0,2.0,25.0,2.0,0,0,0,0,1,62.5,0.0
137,28,7,1,1,10.0,11.0,10.0,90.91,10.0,0,0,0,0,1,18.18,0.0
137,28,8,1,1,23.0,12.0,23.0,191.67,23.0,2,1,0,0,1,8.33,25.0
137,28,14,1,1,7.0,4.0,7.0,175.0,7.0,1,0,0,0,1,25.0,25.0
137,28,15,2,2,34.0,28.0,17.0,121.43,28.0,0,2,0,0,1,25.0,7.14
137,28,16,1,1,8.0,5.0,8.0,160.0,8.0,1,0,0,0,0,0.0,20.0
137,28,17,1,1,16.0,16.0,16.0,100.0,16.0,1,0,0,0,1,31.25,6.25
756,10,1,1,1,8.0,5.0,8.0,160.0,8.0,1,0,0,0,0,20.0,20.0
756,10,3,2,2,22.0,14.0,11.0,157.14,21.0,1,2,0,0,2,28.57,21.43
756,10,7,1,1,17.0,13.0,17.0,130.77,17.0,0,1,0,0,1,23.08,7.69
756,27,1,1,1,9.0,8.0,9.0,112.5,9.0,0,1,0,0,1,37.5,12.5
756,27,4,1,1,1.0,3.0,1.0,33.33,1.0,0,0,0,0,0,66.67,0.0
756,12,7,1,1,23.0,20.0,23.0,115.0,23.0,1,1,0,0,1,30.0,10.0
756,23,3,1,1,2.0,3.0,2.0,66.67,2.0,0,0,0,0,1,66.67,0.0
756,23,4,2,2,21.0,14.0,10.5,150.0,11.0,3,0,0,0,2,14.29,21.43
756,23,5,3,3,11.0,12.0,3.67,91.67,7.0,0,0,0,0,1,16.67,0.0
756,23,6,2,2,2.0,11.0,1.0,18.18,1.0,0,0,0,0,1,81.82,0.0
756,35,6,2,2,13.0,13.0,6.5,100.0,10.0,1,0,0,0,1,38.46,7.69
756,35,7,1,1,7.0,4.0,7.0,175.0,7.0,1,0,0,0,1,25.0,25.0
756,13,2,1,1,0.0,1.0,0.0,0.0,0.0,0,0,0,0,1,100.0,0.0
756,3,5,1,1,4.0,1.0,4.0,400.0,4.0,1,0,0,0,0,0.0,100.0
756,3,6,1,1,13.0,7.0,13.0,185.71,13.0,2,0,0,0,1,14.29,28.57
756,3,9,1,1,9.0,4.0,9.0,225.0,9.0,0,1,0,0,0,0.0,25.0
756,8,4,1,1,0.0,1.0,0.0,0.0,0.0,0,0,0,0,0,0.0,0.0
756,8,8,1,1,0.0,1.0,0.0,0.0,0.0,0,0,0,0,1,100.0,0.0
756,32,9,3,3,25.0,14.0,8.33,178.57,21.0,1,1,0,0,1,7.14,14.29
756,32,10,1,1,16.0,17.0,16.0,94.12,16.0,0,1,0,0,1,35.29,5.88
756,2,7,3,3,16.0,13.0,5.33,123.08,6.0,1,1,0,0,1,30.77,15.38
756,22,4,1,1,1.0,1.0,1.0,100.0,1.0,0,0,0,0,0,0.0,0.0
756,19,2,1,1,2.0,7.0,2.0,28.57,2.0,0,0,0,0,1,71.43,0.0
756,4,2,1,1,0.0,1.0,0.0,0.0,0.0,0,0,0,0,1,100.0,0.0
756,7,1,1,1,17.0,15.0,17.0,113.33,17.0,1,1,0,0,1,26.67,13.33
756,7,6,1,1,16.0,6.0,16.0,266.67,16.0,0,2,0,0,1,16.67,33.33
756,34,9,1,1,0.0,2.0,0.0,0.0,0.0,0,0,0,0,0,100.0,0.0
756,18,5,1,1,8.0,8.0,8.0,100.0,8.0,1,0,0,0,1,50.0,12.5
756,18,6,1,1,12.0,7.0,12.0,171.43,12.0,2,0,0,0,1,28.57,28.57
756,33,6,1,1,26.0,26.0,26.0,100.0,26.0,2,0,0,0,0,42.31,7.69
756,1,7,1,1,4.0,3.0,4.0,133.33,4.0,1,0,0,0,1,66.67,33.33
756,31,6,1,1,13.0,5.0,13.0,260.0,13.0,1,1,0,0,0,20.0,40.0
756,6,2,2,2,6.0,9.0,3.0,66.67,4.0,1,0,0,0,2,66.67,11.11
756,28,4,1,1,2.0,3.0,2.0,66.67,2.0,0,0,0,0,0,33.33,0.0
756,28,5,1,1,12.0,7.0,12.0,171.43,12.0,2,0,0,0,1,14.29,28.57
756,28,6,1,1,4.0,5.0,4.0,80.0,4.0,0,0,0,0,1,40.0,0.0
457,13,2,1,1,18.0,14.0,18.0,128.57,18.0,1,2,0,0,1,64.29,21.43
457,5,2,1,1,1.0,2.0,1.0,50.0,1.0,0,0,0,0,1,50.0,0.0
457,30,2,1,1,0.0,1.0,0.0,0.0,0.0,0,0,0,0,1,100.0,0.0
189,10,7,1,1,8.0,5.0,8.0,160.0,8.0,1,0,0,0,0,40.0,20.0
189,9,7,1,1,4.0,6.0,4.0,66.67,4.0,0,0,0,0,1,33.33,0.0
189,26,15,1,1,7.0,3.0,7.0,233.33,7.0,0,1,0,0,1,33.33,33.33
189,37,9,1,1,11.0,4.0,11.0,275.0,11.0,0,1,0,0,0,0.0,25.0
189,27,15,1,1,4.0,13.0,4.0,30.77,4.0,0,0,0,0,1,69.23,0.0
189,12,7,1,1,23.0,22.0,23.0,104.55,23.0,3,0,0,0,0,45.45,13.64
189,23,6,2,2,7.0,5.0,3.5,140.0,4.0,1,0,0,0,1,20.0,20.0
189,23,7,1,1,14.0,15.0,14.0,93.33,14.0,0,1,0,0,1,46.67,6.67
189,23,16,1,1,19.0,11.0,19.0,172.73,19.0,1,1,0,0,1,27.27,18.18
189,11,6,1,1,14.0,15.0,14.0,93.33,14.0,2,0,0,0,1,46.67,13.33
189,32,15,1,1,21.0,22.0,21.0,95.45,21.0,3,1,0,0,0,68.18,18.18
189,7,7,1,1,14.0,9.0,14.0,155.56,14.0,2,0,0,0,0,11.11,22.22
189,7,8,3,3,30.0,27.0,10.0,111.11,25.0,1,2,0,0,1,40.74,11.11
189,7,16,1,1,1.0,1.0,1.0,100.0,1.0,0,0,0,0,0,0.0,0.0
189,16,9,1,1,3.0,2.0,3.0,150.0,3.0,0,0,0,0,0,0.0,0.0
189,18,6,1,1,0.0,1.0,0.0,0.0,0.0,0,0,0,0,1,100.0,0.0
189,1,7,1,1,19.0,18.0,19.0,105.56,19.0,2,0,0,0,0,44.44,11.11
189,28,8,1,1,6.0,6.0,6.0,100.0,6.0,1,0,0,0,1,50.0,16.67
189,28,15,1,1,5.0,2.0,5.0,250.0,5.0,1,0,0,0,0,0.0,50.0
659,10,1,1,1,38.0,30.0,38.0,126.67,38.0,4,1,0,0,1,26.67,16.67
659,10,3,1,1,14.0,9.0,14.0,155.56,14.0,2,0,0,0,1,22.22,22.22
659,10,5,1,1,40.0,38.0,40.0,105.26,40.0,5,0,0,0,1,36.84,13.16
659,10,6,2,2,77.0,61.0,38.5,126.23,65.0,9,2,1,0,2,39.34,18.03
659,27,3,2,2,58.0,52.0,29.0,111.54,35.0,8,0,0,0,1,36.54,15.38
659,23,1,1,1,5.0,11.0,5.0,45.45,5.0,0,0,0,0,1,54.55,0.0
659,23,3,1,1,21.0,16.0,21.0,131.25,21.0,3,0,0,0,1,18.75,18.75
659,23,5,1,1,28.0,27.0,28.0,103.7,28.0,5,0,0,0,1,55.56,18.52
659,23,6,2,2,49.0,40.0,24.5,122.5,43.0,8,0,0,0,1,47.5,20.0
659,17,4,1,1,1.0,4.0,1.0,25.0,1.0,0,0,0,0,1,75.0,0.0
659,13,2,2,2,18.0,20.0,9.0,90.0,10.0,2,0,0,0,2,50.0,10.0
659,3,1,7,7,114.0,102.0,16.29,111.76,66.0,11,3,1,0,8,39.22,13.73
659,3,3,5,5,109.0,83.0,21.8,131.33,52.0,12,3,1,0,5,33.73,18.07
659,3,5,1,1,25.0,32.0,25.0,78.12,25.0,2,0,0,0,1,46.88,6.25
659,3,6,1,1,35.0,31.0,35.0,112.9,35.0,5,0,0,0,1,41.94,16.13
659,8,1,1,1,47.0,39.0,47.0,120.51,47.0,5,0,0,0,1,28.21,12.82
659,8,4,1,1,66.0,51.0,66.0,129.41,66.0,10,0,1,0,1,33.33,19.61
659,8,5,1,1,26.0,28.0,26.0,92.86,26.0,3,1,0,0,1,60.71,14.29
659,8,6,1,1,6.0,9.0,6.0,66.67,6.0,0,0,0,0,1,33.33,0.0
659,19,2,3,3,91.0,86.0,30.33,105.81,44.0,10,0,0,0,3,37.21,11.63
659,5,2,2,2,114.0,75.0,57.0,152.0,66.0,13,3,1,0,2,29.33,21.33
659,7,1,1,1,29.0,26.0,29.0,111.54,29.0,2,0,0,0,1,19.23,7.69
659,7,4,1,1,8.0,7.0,8.0,114.29,8.0,2,0,0,0,1,71.43,28.57
659,7,5,1,1,46.0,39.0,46.0,117.95,46.0,8,0,0,0,1,48.72,20.51
659,7,6,1,1,4.0,7.0,4.0,57.14,4.0,1,0,0,0,1,85.71,14.29
659,16,1,1,1,31.0,21.0,31.0,147.62,31.0,3,1,0,0,1,19.05,19.05
659,16,4,1,1,28.0,35.0,28.0,80.0,28.0,2,0,0,0,1,42.86,5.71
659,16,5,1,1,39.0,36.0,39.0,108.33,39.0,5,0,0,0,1,36.11,13.89
659,16,6,1,1,25.0,24.0,25.0,104.17,25.0,2,1,0,0,1,50.0,12.5
659,18,1,1,1,75.0,36.0,75.0,208.33,75.0,6,6,1,0,0,30.56,33.33
659,18,3,1,1,5.0,4.0,5.0,125.0,5.0,1,0,0,0,0,50.0,25.0
659,18,4,7,7,197.0,185.0,28.14,106.49,44.0,25,2,0,0,7,43.78,14.59
659,18,5,8,8,241.0,191.0,30.12,126.18,58.0,33,3,2,0,8,38.74,18.85
659,18,6,7,7,217.0,200.0,31.0,108.5,58.0,30,2,2,0,7,46.0,16.0
659,30,2,2,2,30.0,30.0,15.0,100.0,20.0,2,0,0,0,1,26.67,6.67
659,31,5,1,1,14.0,16.0,14.0,87.5,14.0,2,0,0,0,1,56.25,12.5
659,31,6,1,1,54.0,48.0,54.0,112.5,54.0,8,0,1,0,1,35.42,16.67
659,6,2,3,3,18.0,23.0,6.0,78.26,12.0,1,0,0,0,3,39.13,4.35
659,29,3,1,1,49.0,35.0,49.0,140.0,49.0,8,0,0,0,1,34.29,22.86
659,28,1,1,1,32.0,33.0,32.0,96.97,32.0,4,0,0,0,1,45.45,12.12
659,28,4,1,1,43.0,32.0,43.0,134.38,43.0,6,0,0,0,0,28.12,18.75
659,28,5,1,1,3.0,5.0,3.0,60.0,3.0,0,0,0,0,1,60.0,0.0
659,28,6,1,1,4.0,5.0,4.0,80.0,4.0,1,0,0,0,1,80.0,20.0
426,26,3,2,2,12.0,6.0,6.0,200.0,11.0,2,0,0,0,0,0.0,33.33
426,27,3,1,1,13.0,15.0,13.0,86.67,13.0,1,0,0,0,0,40.0,6.67
426,27,4,1,1,51.0,43.0,51.0,118.6,51.0,6,1,1,0,0,39.53,16.28
426,23,3,1,1,0.0,2.0,0.0,0.0,0.0,0,0,0,0,0,0.0,0.0
426,11,4,1,1,9.0,14.0,9.0,64.29,9.0,0,0,0,0,1,42.86,0.0
426,3,3,1,1,40.0,42.0,40.0,95.24,40.0,4,0,0,0,1,38.1,9.52
426,3,4,1,1,28.0,32.0,28.0,87.5,28.0,1,0,0,0,1,25.0,3.12
426,3,6,1,1,2.0,3.0,2.0,66.67,2.0,0,0,0,0,1,66.67,0.0
426,8,3,1,1,1.0,3.0,1.0,33.33,1.0,0,0,0,0,1,66.67,0.0
426,7,3,1,1,0.0,1.0,0.0,0.0,0.0,0,0,0,0,1,100.0,0.0
426,7,4,1,1,2.0,7.0,2.0,28.57,2.0,0,0,0,0,1,71.43,0.0
426,28,6,1,1,1.0,3.0,1.0,33.33,1.0,0,0,0,0,1,66.67,0.0
646,8,18,1,1,3.0,9.0,3.0,33.33,3.0,0,0,0,0,1,66.67,0.0
646,2,18,1,1,3.0,6.0,3.0,50.0,3.0,0,0,0,0,1,66.67,0.0
161,16,4,1,1,3.0,6.0,3.0,50.0,3.0,0,0,0,0,1,33.33,0.0
420,10,12,1,1,50.0,49.0,50.0,102.04,50.0,4,2,1,0,1,44.9,12.24
420,10,14,2,2,23.0,15.0,11.5,153.33,15.0,1,1,0,0,0,13.33,13.33
420,10,17,1,1,27.0,22.0,27.0,122.73,27.0,1,3,0,0,1,59.09,18.18
420,10,18,2,3,15.0,17.0,7.5,88.24,12.0,2,0,0,0,3,52.94,11.76
420,15,16,2,2,27.0,23.0,13.5,117.39,20.0,1,2,0,0,2,43.48,13.04
420,15,17,1,1,48.0,34.0,48.0,141.18,48.0,6,0,0,0,1,17.65,17.65
420,15,18,2,2,62.0,43.0,31.0,144.19,37.0,2,5,0,0,2,32.56,16.28
420,24,17,1,1,14.0,11.0,14.0,127.27,14.0,0,1,0,0,1,27.27,9.09
420,26,15,3,3,34.0,29.0,11.33,117.24,19.0,2,1,0,0,2,34.48,10.34
420,27,15,4,4,35.0,28.0,8.75,125.0,18.0,2,2,0,0,4,35.71,14.29
420,12,13,5,5,64.0,53.0,12.8,120.75,42.0,4,3,0,0,3,35.85,13.21
420,12,14,3,3,13.0,22.0,4.33,59.09,9.0,0,0,0,0,3,45.45,0.0
420,23,12,1,1,47.0,31.0,47.0,151.61,47.0,5,2,0,0,1,35.48,22.58
420,23,15,1,1,4.0,3.0,4.0,133.33,4.0,0,0,0,0,0,0.0,0.0
420,23,17,1,1,34.0,14.0,34.0,242.86,34.0,4,2,0,0,1,21.43,42.86
420,23,18,1,1,95.0,45.0,95.0,211.11,95.0,6,8,1,0,1,24.44,31.11
420,11,16,1,1,20.0,12.0,20.0,166.67,20.0,1,2,0,0,1,41.67,25.0
420,3,18,1,1,22.0,10.0,22.0,220.0,22.0,2,2,0,0,1,40.0,40.0
420,8,17,2,2,53.0,45.0,26.5,117.78,47.0,1,3,0,0,1,31.11,8.89
420,25,17,1,1,23.0,18.0,23.0,127.78,23.0,1,1,0,0,1,27.78,11.11
420,25,18,1,1,43.0,25.0,43.0,172.0,43.0,3,3,0,0,0,28.0,24.0
420,32,15,2,2,68.0,40.0,34.0,170.0,56.0,5,4,1,0,1,20.0,22.5
420,2,15,1,1,15.0,15.0,15.0,100.0,15.0,1,0,0,0,2,26.67,6.67
420,2,16,1,1,5.0,7.0,5.0,71.43,5.0,0,0,0,0,1,28.57,0.0
420,2,17,1,1,36.0,26.0,36.0,138.46,36.0,2,2,0,0,2,34.62,15.38
420,2,18,1,1,26.0,14.0,26.0,185.71,26.0,1,3,0,0,1,42.86,28.57
420,16,16,1,1,7.0,6.0,7.0,116.67,7.0,1,0,0,0,1,16.67,16.67
420,16,17,1,1,77.0,49.0,77.0,157.14,77.0,8,4,1,0,1,34.69,24.49
420,16,18,1,1,4.0,2.0,4.0,200.0,4.0,1,0,0,0,1,50.0,50.0
420,18,12,3,3,63.0,46.0,21.0,136.96,43.0,8,1,0,0,2,30.43,19.57
420,18,16,2,2,19.0,18.0,9.5,105.56,15.0,1,1,0,0,1,38.89,11.11
420,18,17,4,4,207.0,126.0,51.75,164.29,84.0,12,14,2,0,3,26.19,20.63
420,18,18,5,5,130.0,82.0,26.0,158.54,39.0,11,6,0,0,4,26.83,20.73
420,36,13,2,2,6.0,6.0,3.0,100.0,6.0,1,0,0,0,2,66.67,16.67
420,1,13,1,1,16.0,18.0,16.0,88.89,16.0,1,0,0,0,1,33.33,5.56
420,1,14,1,1,2.0,7.0,2.0,28.57,2.0,0,0,0,0,1,71.43,0.0
420,28,14,4,4,55.0,39.0,13.75,141.03,25.0,5,3,0,0,4,38.46,20.51
420,28,15,3,3,27.0,17.0,9.0,158.82,19.0,1,3,0,0,2,47.06,23.53
420,28,17,1,1,54.0,39.0,54.0,138.46,54.0,5,3,1,0,0,35.9,20.51
199,10,16,1,1,4.0,4.0,4.0,100.0,4.0,1,0,0,0,1,75.0,25.0
199,10,17,1,1,13.0,10.0,13.0,130.0,13.0,1,1,0,0,1,40.0,20.0
199,10,18,1,1,5.0,5.0,5.0,100.0,5.0,1,0,0,0,1,60.0,20.0
199,15,16,1,1,2.0,2.0,2.0,100.0,2.0,0,0,0,0,1,50.0,0.0
199,15,17,1,1,4.0,5.0,4.0,80.0,4.0,1,0,0,0,1,80.0,20.0
199,24,16,1,1,1.0,3.0,1.0,33.33,1.0,0,0,0,0,1,66.67,0.0
199,26,15,3,3,75.0,43.0,25.0,174.42,67.0,3,7,1,0,2,32.56,23.26
199,27,15,3,3,8.0,25.0,2.67,32.0,3.0,0,0,0,0,3,68.0,0.0
199,23,17,1,1,26.0,13.0,26.0,200.0,26.0,1,3,0,0,1,38.46,30.77
199,8,17,1,1,6.0,12.0,6.0,50.0,6.0,0,0,0,0,1,50.0,0.0
199,25,17,1,1,11.0,5.0,11.0,220.0,11.0,2,0,0,0,1,20.0,40.0
199,32,15,1,1,20.0,12.0,20.0,166.67,20.0,2,1,0,0,1,25.0,25.0
199,2,17,1,1,16.0,8.0,16.0,200.0,16.0,2,1,0,0,0,37.5,37.5
199,16,17,1,1,27.0,15.0,27.0,180.0,27.0,3,1,0,0,1,40.0,26.67
199,28,15,5,5,147.0,87.0,29.4,168.97,43.0,5,14,0,0,5,33.33,21.84
361,35,6,1,1,0.0,3.0,0.0,0.0,0.0,0,0,0,0,1,100.0,0.0
361,3,6,2,2,12.0,8.0,6.0,150.0,12.0,0,1,0,0,1,25.0,12.5
361,8,6,1,1,0.0,4.0,0.0,0.0,0.0,0,0,0,0,1,100.0,0.0
361,18,6,1,1,3.0,4.0,3.0,75.0,3.0,0,0,0,0,1,50.0,0.0
361,1,7,1,1,13.0,13.0,13.0,100.0,13.0,0,1,0,0,1,46.15,7.69
361,28,6,1,1,23.0,18.0,23.0,127.78,23.0,3,0,0,0,0,27.78,16.67
310,15,18,1,1,0.0,4.0,0.0,0.0,0.0,0,0,0,0,1,100.0,0.0
310,24,17,1,1,0.0,1.0,0.0,0.0,0.0,0,0,0,0,1,100.0,0.0
310,24,18,1,1,37.0,22.0,37.0,168.18,37.0,5,0,0,0,1,18.18,22.73
310,37,17,1,1,2.0,12.0,2.0,16.67,2.0,0,0,0,0,1,83.33,0.0
310,3,17,1,1,61.0,37.0,61.0,164.86,61.0,5,3,1,0,1,18.92,21.62
310,8,17,4,4,125.0,61.0,31.25,204.92,46.0,13,8,0,0,4,31.15,34.43
310,8,18,4,4,113.0,91.0,28.25,124.18,65.0,7,4,1,0,3,26.37,12.09
310,25,18,1,1,36.0,23.0,36.0,156.52,36.0,6,0,0,0,1,30.43,26.09
310,2,17,1,1,1.0,2.0,1.0,50.0,1.0,0,0,0,0,0,50.0,0.0
310,16,17,1,1,12.0,9.0,12.0,133.33,12.0,2,0,0,0,1,33.33,22.22
310,28,17,1,1,21.0,16.0,21.0,131.25,21.0,2,1,0,0,1,37.5,18.75
310,28,18,1,1,5.0,9.0,5.0,55.56,5.0,0,0,0,0,1,66.67,0.0
576,10,17,1,1,13.0,6.0,13.0,216.67,13.0,0,2,0,0,1,33.33,33.33
576,2,18,3,3,5.0,10.0,1.67,50.0,3.0,0,0,0,0,2,50.0,0.0
40,28,15,1,1,0.0,2.0,0.0,0.0,0.0,0,0,0,0,1,100.0,0.0
90,10,9,2,2,14.0,16.0,7.0,87.5,8.0,1,0,0,0,2,37.5,6.25
90,26,3,5,5,73.0,56.0,14.6,130.36,24.0,9,0,0,0,2,30.36,16.07
90,27,3,1,1,3.0,5.0,3.0,60.0,3.0,0,0,0,0,1,40.0,0.0
90,23,3,1,1,11.0,11.0,11.0,100.0,11.0,1,0,0,0,1,18.18,9.09
90,11,6,1,1,22.0,13.0,22.0,169.23,22.0,2,1,0,0,1,30.77,23.08
90,3,6,1,1,12.0,6.0,12.0,200.0,12.0,1,1,0,0,0,33.33,33.33
90,8,3,1,1,4.0,5.0,4.0,80.0,4.0,0,0,0,0,1,40.0,0.0
90,8,4,1,1,18.0,21.0,18.0,85.71,18.0,1,0,0,0,0,38.1,4.76
90,8,6,1,1,0.0,1.0,0.0,0.0,0.0,0,0,0,0,1,100.0,0.0
90,32,9,1,1,10.0,8.0,10.0,125.0,10.0,0,1,0,0,1,37.5,12.5
90,7,3,1,1,20.0,17.0,20.0,117.65,20.0,1,0,0,0,1,23.53,5.88
90,7,6,4,4,64.0,45.0,16.0,142.22,27.0,4,3,0,0,2,26.67,15.56
90,18,3,1,1,1.0,2.0,1.0,50.0,1.0,0,0,0,0,0,50.0,0.0
90,18,4,1,1,7.0,6.0,7.0,116.67,7.0,0,0,0,0,1,16.67,0.0
90,18,6,1,1,11.0,12.0,11.0,91.67,11.0,2,0,0,0,1,58.33,16.67
90,28,4,1,1,0.0,7.0,0.0,0.0,0.0,0,0,0,0,1,100.0,0.0
343,10,3,1,1,14.0,8.0,14.0,175.0,14.0,2,0,0,0,0,25.0,25.0
343,26,3,1,1,5.0,7.0,5.0,71.43,5.0,1,0,0,0,1,71.43,14.29
343,27,3,1,1,0.0,6.0,0.0,0.0,0.0,0,0,0,0,1,100.0,0.0
343,27,4,2,2,10.0,10.0,5.0,100.0,10.0,0,1,0,0,0,60.0,10.0
343,8,4,1,1,1.0,1.0,1.0,100.0,1.0,0,0,0,0,0,0.0,0.0
343,32,6,1,1,0.0,1.0,0.0,0.0,0.0,0,0,0,0,1,100.0,0.0
343,2,3,1,1,10.0,5.0,10.0,200.0,10.0,0,1,0,0,1,40.0,20.0
343,7,5,1,1,2.0,4.0,2.0,50.0,2.0,0,0,0,0,1,75.0,0.0
343,16,6,1,1,0.0,1.0,0.0,0.0,0.0,0,0,0,0,1,100.0,0.0
343,18,4,1,1,0.0,1.0,0.0,0.0,0.0,0,0,0,0,1,100.0,0.0
343,18,5,1,1,0.0,3.0,0.0,0.0,0.0,0,0,0,0,1,66.67,0.0
343,31,5,2,2,0.0,4.0,0.0,0.0,0.0,0,0,0,0,1,75.0,0.0
343,31,6,3,3,1.0,3.0,0.33,33.33,1.0,0,0,0,0,1,33.33,0.0
343,28,4,1,1,13.0,9.0,13.0,144.44,13.0,1,1,0,0,1,44.44,22.22
343,28,6,1,1,10.0,12.0,10.0,83.33,10.0,1,0,0,0,0,50.0,8.33
438,24,16,1,1,0.0,1.0,0.0,0.0,0.0,0,0,0,0,1,100.0,0.0
438,24,18,1,1,0.0,1.0,0.0,0.0,0.0,0,0,0,0,1,100.0,0.0
438,27,15,1,1,8.0,8.0,8.0,100.0,8.0,0,1,0,0,1,62.5,12.5
438,3,18,1,1,53.0,14.0,53.0,378.57,53.0,4,6,1,0,0,21.43,71.43
438,25,17,1,1,1.0,2.0,1.0,50.0,1.0,0,0,0,0,1,50.0,0.0
438,32,15,1,1,24.0,18.0,24.0,133.33,24.0,0,2,0,0,1,38.89,11.11
438,2,18,1,1,17.0,9.0,17.0,188.89,17.0,1,1,0,0,1,11.11,22.22
438,16,17,1,1,15.0,6.0,15.0,250.0,15.0,2,1,0,0,0,33.33,50.0
438,28,15,1,1,26.0,15.0,26.0,173.33,26.0,2,2,0,0,1,26.67,26.67
438,28,17,3,3,41.0,13.0,13.67,315.38,39.0,3,4,0,0,1,7.69,53.85
34,10,6,1,1,1.0,2.0,1.0,50.0,1.0,0,0,0,0,0,50.0,0.0
34,10,7,1,1,2.0,3.0,2.0,66.67,2.0,0,0,0,0,0,33.33,0.0
34,3,7,1,1,2.0,6.0,2.0,33.33,2.0,0,0,0,0,1,66.67,0.0
34,2,7,1,1,14.0,12.0,14.0,116.67,14.0,2,0,0,0,1,33.33,16.67
679,10,11,1,1,24.0,21.0,24.0,114.29,24.0,1,1,0,0,1,28.57,9.52
679,10,12,2,2,16.0,16.0,8.0,100.0,11.0,2,0,0,0,1,37.5,12.5
679,10,17,1,1,4.0,5.0,4.0,80.0,4.0,0,0,0,0,1,20.0,0.0
679,24,16,1,1,2.0,2.0,2.0,100.0,2.0,0,0,0,0,0,0.0,0.0
679,24,17,1,1,30.0,25.0,30.0,120.0,30.0,2,2,0,0,1,44.0,16.0
679,24,18,1,1,0.0,1.0,0.0,0.0,0.0,0,0,0,0,1,100.0,0.0
679,26,15,3,3,59.0,32.0,19.67,184.38,43.0,5,4,0,0,1,28.12,28.12
679,27,15,3,3,34.0,29.0,11.33,117.24,17.0,3,0,0,0,3,27.59,10.34
679,12,13,6,6,125.0,97.0,20.83,128.87,45.0,8,5,0,0,2,29.9,13.4
679,12,14,3,3,4.0,9.0,1.33,44.44,2.0,0,0,0,0,2,44.44,0.0
679,23,11,1,1,1.0,2.0,1.0,50.0,1.0,0,0,0,0,1,50.0,0.0
679,23,18,1,1,0.0,2.0,0.0,0.0,0.0,0,0,0,0,1,100.0,0.0
679,3,11,1,1,13.0,9.0,13.0,144.44,13.0,3,0,0,0,0,33.33,33.33
679,3,12,1,1,1.0,2.0,1.0,50.0,1.0,0,0,0,0,0,50.0,0.0
679,3,16,1,1,4.0,5.0,4.0,80.0,4.0,0,0,0,0,0,40.0,0.0
679,3,17,1,1,35.0,21.0,35.0,166.67,35.0,5,1,0,0,2,28.57,28.57
679,8,16,1,1,3.0,5.0,3.0,60.0,3.0,0,0,0,0,1,60.0,0.0
679,8,17,1,1,6.0,11.0,6.0,54.55,6.0,1,0,0,0,1,63.64,9.09
679,25,17,1,1,36.0,18.0,36.0,200.0,36.0,7,0,0,0,0,27.78,38.89
679,25,18,1,1,16.0,11.0,16.0,145.45,16.0,1,1,0,0,0,27.27,18.18
679,32,10,1,1,4.0,3.0,4.0,133.33,4.0,1,0,0,0,1,66.67,33.33
679,32,11,1,1,3.0,4.0,3.0,75.0,3.0,0,0,0,0,0,25.0,0.0
679,32,15,3,3,42.0,38.0,14.0,110.53,22.0,5,1,0,0,2,42.11,15.79
679,2,16,5,5,59.0,30.0,11.8,196.67,20.0,1,7,0,0,2,30.0,26.67
679,2,17,3,3,55.0,38.0,18.33,144.74,23.0,6,2,0,0,2,28.95,21.05
679,2,18,6,6,63.0,33.0,10.5,190.91,24.0,4,5,0,0,3,30.3,27.27
679,7,7,1,1,16.0,13.0,16.0,123.08,16.0,0,1,0,0,1,15.38,7.69
679,7,10,1,1,15.0,8.0,15.0,187.5,15.0,3,0,0,0,0,12.5,37.5
679,7,11,1,1,9.0,7.0,9.0,128.57,9.0,1,0,0,0,2,28.57,14.29
679,7,16,1,1,5.0,2.0,5.0,250.0,5.0,1,0,0,0,0,0.0,50.0
679,18,17,1,1,22.0,11.0,22.0,200.0,22.0,3,0,0,0,1,0.0,27.27
679,18,18,1,1,9.0,4.0,9.0,225.0,9.0,0,1,0,0,1,25.0,25.0
679,36,13,3,3,101.0,68.0,33.67,148.53,53.0,4,9,1,0,3,38.24,19.12
679,36,14,2,2,56.0,56.0,28.0,100.0,44.0,5,2,0,0,3,51.79,12.5
679,1,13,2,2,29.0,18.0,14.5,161.11,24.0,1,3,0,0,1,33.33,22.22
679,1,14,1,1,9.0,15.0,9.0,60.0,9.0,0,0,0,0,1,40.0,0.0
679,28,12,1,1,9.0,4.0,9.0,225.0,9.0,0,1,0,0,0,0.0,25.0
679,28,14,5,5,86.0,67.0,17.2,128.36,40.0,6,4,0,0,5,32.84,14.93
679,28,15,3,3,82.0,48.0,27.33,170.83,40.0,9,4,0,0,1,29.17,27.08
679,28,16,1,1,14.0,13.0,14.0,107.69,14.0,1,0,0,0,1,15.38,7.69
679,28,18,1,1,11.0,8.0,11.0,137.5,11.0,1,0,0,0,0,0.0,12.5
597,10,3,1,1,3.0,3.0,3.0,100.0,3.0,0,0,0,0,1,33.33,0.0
597,27,3,1,1,8.0,8.0,8.0,100.0,8.0,0,0,0,0,1,12.5,0.0
597,27,4,1,1,1.0,1.0,1.0,100.0,1.0,0,0,0,0,0,0.0,0.0
597,23,4,1,1,11.0,10.0,11.0,110.0,11.0,1,0,0,0,1,30.0,10.0
597,23,5,1,1,0.0,1.0,0.0,0.0,0.0,0,0,0,0,0,100.0,0.0
597,23,11,1,1,6.0,3.0,6.0,200.0,6.0,1,0,0,0,0,0.0,33.33
597,20,9,1,1,1.0,1.0,1.0,100.0,1.0,0,0,0,0,0,0.0,0.0
597,17,4,1,1,1.0,1.0,1.0,100.0,1.0,0,0,0,0,1,0.0,0.0
597,35,6,1,1,14.0,13.0,14.0,107.69,14.0,1,0,0,0,0,30.77,7.69
597,13,2,2,2,7.0,3.0,3.5,233.33,6.0,1,0,0,0,0,0.0,33.33
597,3,1,2,2,24.0,18.0,12.0,133.33,23.0,2,1,0,0,1,38.89,16.67
597,3,3,2,2,12.0,14.0,6.0,85.71,10.0,1,0,0,0,0,28.57,7.14
597,3,4,1,1,3.0,3.0,3.0,100.0,3.0,0,0,0,0,1,33.33,0.0
597,3,5,4,4,55.0,53.0,13.75,103.77,25.0,2,1,0,0,4,28.3,5.66
597,3,6,1,1,1.0,1.0,1.0,100.0,1.0,0,0,0,0,0,0.0,0.0
597,8,1,1,1,0.0,1.0,0.0,0.0,0.0,0,0,0,0,1,100.0,0.0
597,8,5,1,1,6.0,1.0,6.0,600.0,6.0,0,1,0,0,0,0.0,100.0
597,22,4,2,2,29.0,28.0,14.5,103.57,18.0,2,1,0,0,2,35.71,10.71
597,19,2,1,1,8.0,8.0,8.0,100.0,8.0,1,0,0,0,1,37.5,12.5
597,5,2,1,1,8.0,2.0,8.0,400.0,8.0,2,0,0,0,0,0.0,100.0
597,7,1,1,1,1.0,3.0,1.0,33.33,1.0,0,0,0,0,1,33.33,0.0
597,16,5,1,1,7.0,7.0,7.0,100.0,7.0,1,0,0,0,1,42.86,14.29
597,16,6,1,1,7.0,4.0,7.0,175.0,7.0,1,0,0,0,1,25.0,25.0
597,18,4,1,1,5.0,4.0,5.0,125.0,5.0,1,0,0,0,1,50.0,25.0
597,18,6,1,1,22.0,6.0,22.0,366.67,22.0,0,3,0,0,0,16.67,50.0
597,36,7,1,1,4.0,5.0,4.0,80.0,4.0,0,0,0,0,1,20.0,0.0
597,1,7,1,1,0.0,1.0,0.0,0.0,0.0,0,0,0,0,1,100.0,0.0
597,30,2,2,2,12.0,18.0,6.0,66.67,7.0,0,0,0,0,2,50.0,0.0
597,6,2,1,1,12.0,13.0,12.0,92.31,12.0,0,1,0,0,1,53.85,7.69
597,29,3,1,1,4.0,7.0,4.0,57.14,4.0,0,0,0,0,1,71.43,0.0
597,28,6,1,1,26.0,20.0,26.0,130.0,26.0,4,0,0,0,0,40.0,20.0
597,28,8,2,2,0.0,2.0,0.0,0.0,0.0,0,0,0,0,1,50.0,0.0
597,28,9,1,1,12.0,11.0,12.0,109.09,12.0,0,1,0,0,1,45.45,9.09
336,27,15,1,1,0.0,1.0,0.0,0.0,0.0,0,0,0,0,1,100.0,0.0
336,2,18,1,1,8.0,4.0,8.0,200.0,8.0,0,0,0,0,0,0.0,0.0
336,28,15,1,1,11.0,13.0,11.0,84.62,11.0,1,0,0,0,1,46.15,7.69
6,10,1,1,1,29.0,23.0,29.0,126.09,29.0,2,2,0,0,1,34.78,17.39
6,10,5,1,1,13.0,17.0,13.0,76.47,13.0,1,0,0,0,1,47.06,5.88
6,10,9,2,2,23.0,22.0,11.5,104.55,19.0,1,0,0,0,1,13.64,4.55
6,10,10,1,1,18.0,7.0,18.0,257.14,18.0,0,2,0,0,0,0.0,28.57
6,10,11,1,1,27.0,18.0,27.0,150.0,27.0,0,2,0,0,0,11.11,11.11
6,10,14,2,2,29.0,28.0,14.5,103.57,22.0,3,0,0,0,0,28.57,10.71
6,10,16,1,1,20.0,7.0,20.0,285.71,20.0,3,1,0,0,0,14.29,57.14
6,10,18,1,1,1.0,5.0,1.0,20.0,1.0,0,0,0,0,1,80.0,0.0
6,9,7,1,1,17.0,8.0,17.0,212.5,17.0,3,0,0,0,1,12.5,37.5
6,15,18,1,1,32.0,22.0,32.0,145.45,32.0,2,1,0,0,0,13.64,13.64
6,24,17,1,1,57.0,40.0,57.0,142.5,57.0,5,1,1,0,0,17.5,15.0
6,24,18,1,1,7.0,11.0,7.0,63.64,7.0,0,0,0,0,1,36.36,0.0
6,26,15,2,2,17.0,12.0,8.5,141.67,17.0,3,0,0,0,2,41.67,25.0
6,21,2,2,2,46.0,39.0,23.0,117.95,27.0,3,1,0,0,1,25.64,10.26
6,37,5,1,1,48.0,29.0,48.0,165.52,48.0,3,3,0,0,1,20.69,20.69
6,37,17,1,1,21.0,17.0,21.0,123.53,21.0,2,0,0,0,0,17.65,11.76
6,27,1,2,2,0.0,2.0,0.0,0.0,0.0,0,0,0,0,2,100.0,0.0
6,27,4,1,1,47.0,33.0,47.0,142.42,47.0,3,3,0,0,1,39.39,18.18
6,27,15,3,3,26.0,24.0,8.67,108.33,23.0,2,1,0,0,3,45.83,12.5
6,12,7,1,1,36.0,33.0,36.0,109.09,36.0,2,0,0,0,0,27.27,6.06
6,12,13,5,5,125.0,71.0,25.0,176.06,50.0,12,6,1,0,3,25.35,25.35
6,12,14,3,3,42.0,52.0,14.0,80.77,26.0,2,0,0,0,1,38.46,3.85
6,23,4,1,1,29.0,18.0,29.0,161.11,29.0,1,3,0,0,1,38.89,22.22
6,23,5,1,1,3.0,2.0,3.0,150.0,3.0,0,0,0,0,0,0.0,0.0
6,23,6,2,2,36.0,16.0,18.0,225.0,36.0,3,3,0,0,1,18.75,37.5
6,23,7,1,1,9.0,4.0,9.0,225.0,9.0,0,1,0,0,0,0.0,25.0
6,23,8,2,2,35.0,38.0,17.5,92.11,24.0,2,1,0,0,1,34.21,7.89
6,23,9,1,1,9.0,9.0,9.0,100.0,9.0,0,1,0,0,1,66.67,11.11
6,23,10,1,1,19.0,13.0,19.0,146.15,19.0,1,1,0,0,0,23.08,15.38
6,23,11,1,1,12.0,12.0,12.0,100.0,12.0,1,0,0,0,1,25.0,8.33
6,23,12,1,1,31.0,17.0,31.0,182.35,31.0,5,0,0,0,0,23.53,29.41
6,23,16,1,1,18.0,8.0,18.0,225.0,18.0,0,2,0,0,1,25.0,25.0
6,23,18,1,1,19.0,10.0,19.0,190.0,19.0,2,1,0,0,1,30.0,30.0
6,20,9,2,2,32.0,25.0,16.0,128.0,21.0,5,0,0,0,0,40.0,20.0
6,20,10,2,2,33.0,21.0,16.5,157.14,20.0,4,0,0,0,0,4.76,19.05
6,11,5,1,1,13.0,14.0,13.0,92.86,13.0,2,0,0,0,1,50.0,14.29
6,11,17,1,1,43.0,26.0,43.0,165.38,43.0,3,2,0,0,1,19.23,19.23
6,17,4,1,1,17.0,18.0,17.0,94.44,17.0,1,1,0,0,1,50.0,11.11
6,35,7,3,3,38.0,25.0,12.67,152.0,17.0,1,2,0,0,0,8.0,12.0
6,13,2,3,3,89.0,63.0,29.67,141.27,42.0,10,2,0,0,4,30.16,19.05
6,3,4,1,1,23.0,22.0,23.0,104.55,23.0,2,0,0,0,1,27.27,9.09
6,3,5,1,1,1.0,2.0,1.0,50.0,1.0,0,0,0,0,1,50.0,0.0
6,3,6,1,1,7.0,4.0,7.0,175.0,7.0,1,0,0,0,1,25.0,25.0
6,3,8,1,1,8.0,8.0,8.0,100.0,8.0,1,0,0,0,1,50.0,12.5
6,3,9,2,2,24.0,26.0,12.0,92.31,21.0,2,1,0,0,2,46.15,11.54
6,3,10,1,1,2.0,4.0,2.0,50.0,2.0,0,0,0,0,0,50.0,0.0
6,3,11,1,1,3.0,5.0,3.0,60.0,3.0,0,0,0,0,1,40.0,0.0
6,3,12,1,1,11.0,12.0,11.0,91.67,11.0,0,0,0,0,0,25.0,0.0
6,3,16,1,1,10.0,8.0,10.0,125.0,10.0,0,1,0,0,1,25.0,12.5
6,3,17,1,1,42.0,22.0,42.0,190.91,42.0,3,3,0,0,0,22.73,27.27
6,3,18,1,1,77.0,45.0,77.0,171.11,77.0,8,2,1,0,0,13.33,22.22
6,8,4,1,1,19.0,13.0,19.0,146.15,19.0,1,1,0,0,1,23.08,15.38
6,8,5,6,6,44.0,42.0,7.33,104.76,17.0,2,2,0,0,5,35.71,9.52
6,8,6,8,8,112.0,79.0,14.0,141.77,38.0,8,3,0,0,5,22.78,13.92
6,8,8,5,5,53.0,54.0,10.6,98.15,18.0,3,1,0,0,4,38.89,7.41
6,8,11,1,1,11.0,7.0,11.0,157.14,11.0,0,1,0,0,0,14.29,14.29
6,8,12,3,3,39.0,28.0,13.0,139.29,25.0,2,3,0,0,1,39.29,17.86
6,8,16,6,6,103.0,87.0,17.17,118.39,25.0,4,4,0,0,5,24.14,9.2
6,8,17,5,5,55.0,49.0,11.0,112.24,25.0,3,1,0,0,4,28.57,8.16
6,8,18,6,6,82.0,71.0,13.67,115.49,25.0,8,2,0,0,6,39.44,14.08
6,25,18,1,1,9.0,5.0,9.0,180.0,9.0,0,1,0,0,0,20.0,20.0
6,32,9,1,1,0.0,1.0,0.0,0.0,0.0,0,0,0,0,1,100.0,0.0
6,32,10,1,1,19.0,12.0,19.0,158.33,19.0,3,0,0,0,1,33.33,25.0
6,32,11,1,1,2.0,1.0,2.0,200.0,2.0,0,0,0,0,0,0.0,0.0
6,32,15,3,3,26.0,18.0,8.67,144.44,22.0,0,2,0,0,2,22.22,11.11
6,2,16,2,2,16.0,8.0,8.0,200.0,15.0,1,1,0,0,1,12.5,25.0
6,2,17,1,1,18.0,10.0,18.0,180.0,18.0,2,1,0,0,1,40.0,30.0
6,2,18,1,1,21.0,18.0,21.0,116.67,21.0,1,1,0,0,0,33.33,11.11
6,22,4,5,5,101.0,90.0,20.2,112.22,31.0,8,4,0,0,3,38.89,13.33
6,5,2,3,3,70.0,80.0,23.33,87.5,37.0,2,1,0,0,3,37.5,3.75
6,4,2,1,1,24.0,18.0,24.0,133.33,24.0,3,0,0,0,1,33.33,16.67
6,7,9,1,1,8.0,12.0,8.0,66.67,8.0,0,0,0,0,0,41.67,0.0
6,7,10,1,1,7.0,6.0,7.0,116.67,7.0,0,0,0,0,0,16.67,0.0
6,7,11,1,1,19.0,13.0,19.0,146.15,19.0,1,1,0,0,1,38.46,15.38
6,16,1,1,1,1.0,3.0,1.0,33.33,1.0,0,0,0,0,1,33.33,0.0
6,16,6,1,1,14.0,6.0,14.0,233.33,14.0,3,0,0,0,0,16.67,50.0
6,16,8,1,1,14.0,12.0,14.0,116.67,14.0,0,0,0,0,0,0.0,0.0
6,16,9,1,1,18.0,13.0,18.0,138.46,18.0,2,0,0,0,1,23.08,15.38
6,16,12,2,2,15.0,25.0,7.5,60.0,10.0,0,0,0,0,0,48.0,0.0
6,16,17,1,1,31.0,23.0,31.0,134.78,31.0,4,0,0,0,0,21.74,17.39
6,34,9,5,5,77.0,69.0,15.4,111.59,36.0,4,2,0,0,4,31.88,8.7
6,34,10,3,3,60.0,50.0,20.0,120.0,28.0,5,1,0,0,3,34.0,12.0
6,18,1,4,4,98.0,70.0,24.5,140.0,36.0,9,3,0,0,2,28.57,17.14
6,18,4,1,1,22.0,23.0,22.0,95.65,22.0,2,0,0,0,1,34.78,8.7
6,18,5,1,1,16.0,13.0,16.0,123.08,16.0,1,1,0,0,1,38.46,15.38
6,18,6,1,1,12.0,14.0,12.0,85.71,12.0,0,0,0,0,1,35.71,0.0
6,18,12,1,1,9.0,4.0,9.0,225.0,9.0,0,1,0,0,0,0.0,25.0
6,18,16,1,1,23.0,15.0,23.0,153.33,23.0,3,0,0,0,0,13.33,20.0
6,33,8,1,1,3.0,4.0,3.0,75.0,3.0,0,0,0,0,0,25.0,0.0
6,36,7,1,1,6.0,9.0,6.0,66.67,6.0,0,0,0,0,1,33.33,0.0
6,36,13,3,3,41.0,21.0,13.67,195.24,33.0,1,4,0,0,1,28.57,23.81
6,1,7,1,1,7.0,3.0,7.0,233.33,7.0,0,1,0,0,1,33.33,33.33
6,1,13,3,3,66.0,43.0,22.0,153.49,35.0,9,1,0,0,1,23.26,23.26
6,1,14,2,2,54.0,23.0,27.0,234.78,32.0,6,3,0,0,1,21.74,39.13
6,30,2,1,1,12.0,17.0,12.0,70.59,12.0,0,1,0,0,1,64.71,5.88
6,31,5,1,1,44.0,26.0,44.0,169.23,44.0,4,2,0,0,1,19.23,23.08
6,6,2,3,3,54.0,49.0,18.0,110.2,37.0,3,1,0,0,2,26.53,8.16
6,28,1,1,1,7.0,5.0,7.0,140.0,7.0,0,1,0,0,1,60.0,20.0
6,28,4,1,1,25.0,11.0,25.0,227.27,25.0,2,2,0,0,0,27.27,36.36
6,28,5,1,1,9.0,6.0,9.0,150.0,9.0,0,1,0,0,1,33.33,16.67
6,28,6,1,1,20.0,16.0,20.0,125.0,20.0,2,0,0,0,1,37.5,12.5
6,28,7,2,2,33.0,28.0,16.5,117.86,27.0,3,1,0,0,2,32.14,14.29
6,28,8,1,1,19.0,10.0,19.0,190.0,19.0,1,1,0,0,2,10.0,20.0
6,28,11,2,2,15.0,18.0,7.5,83.33,12.0,1,0,0,0,2,44.44,5.56
6,28,12,1,1,1.0,2.0,1.0,50.0,1.0,0,0,0,0,1,50.0,0.0
6,28,14,4,4,102.0,53.0,25.5,192.45,62.0,8,6,1,0,2,16.98,26.42
6,28,15,2,2,47.0,44.0,23.5,106.82,26.0,1,2,0,0,1,22.73,6.82
6,28,18,1,1,53.0,35.0,53.0,151.43,53.0,4,2,1,0,0,20.0,17.14
141,10,10,1,1,7.0,6.0,7.0,116.67,7.0,1,0,0,0,1,33.33,16.67
141,10,11,1,1,9.0,8.0,9.0,112.5,9.0,1,0,0,0,1,37.5,12.5
141,10,16,1,1,10.0,6.0,10.0,166.67,10.0,0,1,0,0,1,33.33,16.67
141,15,18,1,1,23.0,19.0,23.0,121.05,23.0,3,1,0,0,1,52.63,21.05
141,24,16,1,1,34.0,41.0,34.0,82.93,34.0,4,0,0,0,1,43.9,9.76
141,24,18,1,1,9.0,10.0,9.0,90.0,9.0,1,0,0,0,1,40.0,10.0
141,26,15,3,3,100.0,58.0,33.33,172.41,71.0,6,8,1,0,2,31.03,24.14
141,27,15,4,4,134.0,78.0,33.5,171.79,44.0,15,5,0,0,3,26.92,25.64
141,12,13,2,2,42.0,36.0,21.0,116.67,39.0,4,2,0,0,1,41.67,16.67
141,12,14,3,3,43.0,35.0,14.33,122.86,34.0,4,1,0,0,3,40.0,14.29
141,23,10,1,1,93.0,52.0,93.0,178.85,93.0,9,7,1,0,1,40.38,30.77
141,23,11,2,2,47.0,28.0,23.5,167.86,27.0,5,3,0,0,2,42.86,28.57
141,23,16,1,1,9.0,4.0,9.0,225.0,9.0,2,0,0,0,1,25.0,50.0
141,23,17,1,1,20.0,20.0,20.0,100.0,20.0,0,1,0,0,1,30.0,5.0
141,17,11,1,1,11.0,13.0,11.0,84.62,11.0,1,0,0,0,1,53.85,7.69
141,3,10,1,1,31.0,23.0,31.0,134.78,31.0,3,1,0,0,1,26.09,17.39
141,3,11,1,1,14.0,5.0,14.0,280.0,14.0,1,1,0,0,0,0.0,40.0
141,8,12,1,1,39.0,24.0,39.0,162.5,39.0,5,1,0,0,1,29.17,25.0
141,8,14,3,3,83.0,54.0,27.67,153.7,53.0,10,2,1,0,3,31.48,22.22
141,8,16,1,1,21.0,21.0,21.0,100.0,21.0,1,1,0,0,1,38.1,9.52
141,8,17,2,2,46.0,28.0,23.0,164.29,37.0,6,2,0,0,2,35.71,28.57
141,8,18,3,3,23.0,28.0,7.67,82.14,16.0,2,0,0,0,3,42.86,7.14
141,25,17,1,1,11.0,14.0,11.0,78.57,11.0,1,0,0,0,1,50.0,7.14
141,32,10,6,6,178.0,124.0,29.67,143.55,59.0,24,5,1,0,4,39.52,23.39
141,32,11,1,1,5.0,5.0,5.0,100.0,5.0,0,0,0,0,1,20.0,0.0
141,32,15,3,3,9.0,16.0,3.0,56.25,9.0,1,0,0,0,3,68.75,6.25
141,2,14,2,2,60.0,49.0,30.0,122.45,41.0,9,0,0,0,2,34.69,18.37
141,2,16,1,1,1.0,2.0,1.0,50.0,1.0,0,0,0,0,1,50.0,0.0
141,2,17,1,1,55.0,35.0,55.0,157.14,55.0,7,1,1,0,0,20.0,22.86
141,7,12,1,1,50.0,45.0,50.0,111.11,50.0,4,0,1,0,1,26.67,8.89
141,16,10,2,2,4.0,12.0,2.0,33.33,3.0,0,0,0,0,2,58.33,0.0
141,16,11,1,1,17.0,15.0,17.0,113.33,17.0,2,0,0,0,1,26.67,13.33
141,16,16,7,7,151.0,110.0,21.57,137.27,74.0,20,5,1,0,6,42.73,22.73
141,16,17,1,1,33.0,18.0,33.0,183.33,33.0,4,2,0,0,1,33.33,33.33
141,34,10,1,1,33.0,17.0,33.0,194.12,33.0,3,2,0,0,1,29.41,29.41
141,18,11,5,5,123.0,93.0,24.6,132.26,80.0,8,4,1,0,3,29.03,12.9
141,18,12,4,4,51.0,47.0,12.75,108.51,34.0,4,1,0,0,3,36.17,10.64
141,18,16,1,1,47.0,29.0,47.0,162.07,47.0,2,3,0,0,1,20.69,17.24
141,36,13,3,3,59.0,42.0,19.67,140.48,36.0,4,4,0,0,3,38.1,19.05
141,36,14,4,4,48.0,35.0,12.0,137.14,21.0,4,2,0,0,3,34.29,17.14
141,1,13,6,6,129.0,103.0,21.5,125.24,81.0,13,4,1,0,6,38.83,16.5
141,1,14,2,2,119.0,75.0,59.5,158.67,74.0,12,4,1,0,1,22.67,21.33
141,28,10,2,2,45.0,33.0,22.5,136.36,45.0,3,2,0,0,2,27.27,15.15
141,28,12,1,1,1.0,2.0,1.0,50.0,1.0,0,0,0,0,1,50.0,0.0
141,28,14,2,2,44.0,35.0,22.0,125.71,36.0,2,2,0,0,3,25.71,11.43
141,28,15,4,4,170.0,109.0,42.5,155.96,76.0,18,7,2,0,4,30.28,22.94
775,10,18,1,1,26.0,12.0,26.0,216.67,26.0,5,1,0,0,1,50.0,50.0
775,23,16,6,6,181.0,125.0,30.17,144.8,81.0,13,13,2,0,6,42.4,20.8
775,23,18,4,4,48.0,41.0,12.0,117.07,35.0,5,2,0,0,3,46.34,17.07
775,8,16,1,1,1.0,4.0,1.0,25.0,1.0,0,0,0,0,1,75.0,0.0
775,8,17,1,1,39.0,32.0,39.0,121.88,39.0,5,2,0,0,1,53.12,21.88
775,2,16,1,1,15.0,12.0,15.0,125.0,15.0,1,1,0,0,1,58.33,16.67
775,2,17,1,1,23.0,14.0,23.0,164.29,23.0,2,2,0,0,1,50.0,28.57
775,7,16,1,1,22.0,16.0,22.0,137.5,22.0,3,1,0,0,1,50.0,25.0
775,16,16,1,1,0.0,1.0,0.0,0.0,0.0,0,0,0,0,1,100.0,0.0
775,28,16,1,1,8.0,12.0,8.0,66.67,8.0,0,0,0,0,1,33.33,0.0
103,10,18,1,1,13.0,5.0,13.0,260.0,13.0,0,2,0,0,1,40.0,40.0
103,24,17,1,1,25.0,6.0,25.0,416.67,25.0,1,3,0,0,0,0.0,66.67
103,37,17,1,1,2.0,2.0,2.0,100.0,2.0,0,0,0,0,1,50.0,0.0
103,27,15,1,1,12.0,16.0,12.0,75.0,12.0,0,0,0,0,1,18.75,0.0
103,23,17,5,5,83.0,38.0,16.6,218.42,35.0,4,8,0,0,1,21.05,31.58
103,23,18,4,4,12.0,17.0,3.0,70.59,6.0,0,0,0,0,2,23.53,0.0
103,8,17,1,1,13.0,12.0,13.0,108.33,13.0,0,1,0,0,1,41.67,8.33
103,25,18,1,1,0.0,1.0,0.0,0.0,0.0,0,0,0,0,1,100.0,0.0
103,32,15,1,1,6.0,12.0,6.0,50.0,6.0,0,0,0,0,1,58.33,0.0
103,28,15,2,2,27.0,12.0,13.5,225.0,14.0,3,1,0,0,0,16.67,33.33
103,28,17,1,1,2.0,4.0,2.0,50.0,2.0,0,0,0,0,1,75.0,0.0
103,28,18,1,1,22.0,12.0,22.0,183.33,22.0,1,2,0,0,1,33.33,25.0
363,10,14,1,1,0.0,2.0,0.0,0.0,0.0,0,0,0,0,1,100.0,0.0
363,10,17,1,1,21.0,11.0,21.0,190.91,21.0,3,1,0,0,0,27.27,36.36
363,24,17,1,1,0.0,3.0,0.0,0.0,0.0,0,0,0,0,1,100.0,0.0
363,24,18,1,1,4.0,2.0,4.0,200.0,4.0,0,0,0,0,0,0.0,0.0
363,26,15,1,1,1.0,1.0,1.0,100.0,1.0,0,0,0,0,0,0.0,0.0
363,37,12,1,1,0.0,1.0,0.0,0.0,0.0,0,0,0,0,1,100.0,0.0
363,27,15,3,3,0.0,4.0,0.0,0.0,0.0,0,0,0,0,3,75.0,0.0
363,12,13,3,3,20.0,14.0,6.67,142.86,14.0,2,1,0,0,3,42.86,21.43
363,12,14,2,2,30.0,25.0,15.0,120.0,22.0,3,1,0,0,2,40.0,16.0
363,23,11,1,1,34.0,10.0,34.0,340.0,34.0,2,4,0,0,0,30.0,60.0
363,3,12,1,1,1.0,2.0,1.0,50.0,1.0,0,0,0,0,1,50.0,0.0
363,3,17,1,1,18.0,14.0,18.0,128.57,18.0,2,1,0,0,1,57.14,21.43
363,8,14,3,3,17.0,11.0,5.67,154.55,17.0,1,1,0,0,3,45.45,18.18
363,8,16,1,1,30.0,16.0,30.0,187.5,30.0,3,2,0,0,1,37.5,31.25
363,8,17,1,1,1.0,2.0,1.0,50.0,1.0,0,0,0,0,1,50.0,0.0
363,25,17,1,1,3.0,3.0,3.0,100.0,3.0,0,0,0,0,1,33.33,0.0
363,25,18,1,1,0.0,2.0,0.0,0.0,0.0,0,0,0,0,0,100.0,0.0
363,32,15,2,2,40.0,22.0,20.0,181.82,40.0,2,3,0,0,1,22.73,22.73
363,2,16,7,7,21.0,12.0,3.0,175.0,10.0,2,1,0,0,3,25.0,25.0
363,2,17,2,2,35.0,27.0,17.5,129.63,31.0,2,1,0,0,1,25.93,11.11
363,2,18,5,5,34.0,21.0,6.8,161.9,12.0,2,3,0,0,4,42.86,23.81
363,16,10,2,2,9.0,5.0,4.5,180.0,6.0,0,1,0,0,1,40.0,20.0
363,16,11,4,4,18.0,9.0,4.5,200.0,17.0,1,2,0,0,3,33.33,33.33
363,16,12,4,4,16.0,12.0,4.0,133.33,15.0,1,1,0,0,3,41.67,16.67
363,18,11,1,1,1.0,3.0,1.0,33.33,1.0,0,0,0,0,1,66.67,0.0
363,18,12,1,1,17.0,8.0,17.0,212.5,17.0,1,1,0,0,0,12.5,25.0
363,18,17,1,1,24.0,11.0,24.0,218.18,24.0,4,0,0,0,0,0.0,36.36
363,36,13,1,1,3.0,7.0,3.0,42.86,3.0,0,0,0,0,0,71.43,0.0
363,36,14,2,2,20.0,17.0,10.0,117.65,17.0,2,0,0,0,1,29.41,11.76
363,1,13,2,2,12.0,9.0,6.0,133.33,11.0,1,1,0,0,1,33.33,22.22
363,1,14,2,2,16.0,14.0,8.0,114.29,9.0,3,0,0,0,1,42.86,21.43
363,28,10,1,1,2.0,4.0,2.0,50.0,2.0,0,0,0,0,1,25.0,0.0
363,28,11,1,1,6.0,9.0,6.0,66.67,6.0,0,0,0,0,1,44.44,0.0
363,28,15,2,2,50.0,17.0,25.0,294.12,31.0,1,6,0,0,0,11.76,41.18
363,28,16,1,1,79.0,32.0,79.0,246.88,79.0,3,10,1,0,0,40.62,40.62
363,28,18,1,1,2.0,3.0,2.0,66.67,2.0,0,0,0,0,1,66.67,0.0
675,10,17,1,1,9.0,3.0,9.0,300.0,9.0,2,0,0,0,1,0.0,66.67
675,26,15,1,1,7.0,6.0,7.0,116.67,7.0,1,0,0,0,1,66.67,16.67
675,37,17,1,1,1.0,5.0,1.0,20.0,1.0,0,0,0,0,1,80.0,0.0
675,23,17,1,1,8.0,10.0,8.0,80.0,8.0,1,0,0,0,1,40.0,10.0
675,3,17,1,1,10.0,12.0,10.0,83.33,10.0,1,0,0,0,1,41.67,8.33
675,28,12,1,1,5.0,4.0,5.0,125.0,5.0,0,0,0,0,0,25.0,0.0
367,10,17,1,1,2.0,2.0,2.0,100.0,2.0,0,0,0,0,0,0.0,0.0
367,24,16,3,3,8.0,12.0,2.67,66.67,5.0,0,0,0,0,1,50.0,0.0
367,24,17,2,2,2.0,4.0,1.0,50.0,2.0,0,0,0,0,2,50.0,0.0
367,37,18,1,1,0.0,2.0,0.0,0.0,0.0,0,0,0,0,1,100.0,0.0
367,27,15,1,1,0.0,1.0,0.0,0.0,0.0,0,0,0,0,0,100.0,0.0
367,12,13,1,1,6.0,7.0,6.0,85.71,6.0,1,0,0,0,0,57.14,14.29
367,23,16,1,1,2.0,2.0,2.0,100.0,2.0,0,0,0,0,1,50.0,0.0
367,3,16,1,1,3.0,2.0,3.0,150.0,3.0,0,0,0,0,0,0.0,0.0
367,8,16,1,1,3.0,6.0,3.0,50.0,3.0,0,0,0,0,1,33.33,0.0
367,2,14,1,1,1.0,4.0,1.0,25.0,1.0,0,0,0,0,1,75.0,0.0
367,2,16,1,1,4.0,5.0,4.0,80.0,4.0,1,0,0,0,0,80.0,20.0
367,1,13,1,1,1.0,5.0,1.0,20.0,1.0,0,0,0,0,1,80.0,0.0
367,28,18,1,1,13.0,14.0,13.0,92.86,13.0,0,2,0,0,1,78.57,14.29
162,26,15,4,4,48.0,36.0,12.0,133.33,22.0,4,3,0,0,4,44.44,19.44
162,27,15,2,2,25.0,26.0,12.5,96.15,25.0,2,1,0,0,1,53.85,11.54
162,12,14,2,2,0.0,2.0,0.0,0.0,0.0,0,0,0,0,2,100.0,0.0
162,23,12,1,1,1.0,1.0,1.0,100.0,1.0,0,0,0,0,0,0.0,0.0
162,11,17,2,2,21.0,15.0,10.5,140.0,16.0,3,1,0,0,1,53.33,26.67
162,8,14,2,2,14.0,13.0,7.0,107.69,8.0,1,0,0,0,2,38.46,7.69
162,32,15,1,1,4.0,4.0,4.0,100.0,4.0,1,0,0,0,1,75.0,25.0
162,7,16,1,1,0.0,1.0,0.0,0.0,0.0,0,0,0,0,1,100.0,0.0
162,16,12,2,2,10.0,9.0,5.0,111.11,10.0,2,0,0,0,2,66.67,22.22
162,16,16,1,1,0.0,8.0,0.0,0.0,0.0,0,0,0,0,1,100.0,0.0
162,34,10,1,1,3.0,2.0,3.0,150.0,3.0,0,0,0,0,0,0.0,0.0
162,1,13,1,1,2.0,4.0,2.0,50.0,2.0,0,0,0,0,0,50.0,0.0
162,28,12,1,1,1.0,1.0,1.0,100.0,1.0,0,0,0,0,0,0.0,0.0
162,28,15,1,1,0.0,2.0,0.0,0.0,0.0,0,0,0,0,1,100.0,0.0
632,10,14,2,2,79.0,48.0,39.5,164.58,75.0,13,0,1,0,2,29.17,27.08
632,10,16,1,1,79.0,50.0,79.0,158.0,79.0,3,7,1,0,1,34.0,20.0
632,15,18,1,1,63.0,44.0,63.0,143.18,63.0,7,1,1,0,1,31.82,18.18
632,24,17,1,1,17.0,13.0,17.0,130.77,17.0,1,0,0,0,1,23.08,7.69
632,26,15,3,3,4.0,14.0,1.33,28.57,2.0,0,0,0,0,3,71.43,0.0
632,37,17,1,1,1.0,2.0,1.0,50.0,1.0,0,0,0,0,1,50.0,0.0
632,27,15,4,4,74.0,63.0,18.5,117.46,41.0,10,1,0,0,4,41.27,17.46
632,12,13,3,3,142.0,114.0,47.33,124.56,72.0,10,5,2,0,1,29.82,13.16
632,12,14,5,5,215.0,162.0,43.0,132.72,88.0,20,7,2,0,5,31.48,16.67
632,23,16,1,1,35.0,20.0,35.0,175.0,35.0,2,3,0,0,1,40.0,25.0
632,11,17,1,1,32.0,21.0,32.0,152.38,32.0,4,1,0,0,1,28.57,23.81
632,3,16,1,1,3.0,6.0,3.0,50.0,3.0,0,0,0,0,1,50.0,0.0
632,3,17,1,1,0.0,1.0,0.0,0.0,0.0,0,0,0,0,1,100.0,0.0
632,8,16,8,8,268.0,193.0,33.5,138.86,60.0,27,8,2,0,7,32.64,18.13
632,8,17,7,7,438.0,312.0,62.57,140.38,108.0,45,11,4,1,4,28.21,17.95
632,8,18,3,3,58.0,34.0,19.33,170.59,53.0,7,3,1,0,3,41.18,29.41
632,25,18,1,1,1.0,3.0,1.0,33.33,1.0,0,0,0,0,1,66.67,0.0
632,32,15,3,3,200.0,128.0,66.67,156.25,99.0,14,12,2,0,3,32.03,20.31
632,2,16,2,2,118.0,66.0,59.0,178.79,92.0,7,10,1,0,2,31.82,25.76
632,2,17,1,1,0.0,3.0,0.0,0.0,0.0,0,0,0,0,1,100.0,0.0
632,16,17,1,1,26.0,21.0,26.0,123.81,26.0,3,1,0,0,1,47.62,19.05
632,18,16,1,1,47.0,29.0,47.0,162.07,47.0,5,1,0,0,1,20.69,20.69
632,36,13,2,2,0.0,6.0,0.0,0.0,0.0,0,0,0,0,2,100.0,0.0
632,36,14,2,2,83.0,64.0,41.5,129.69,45.0,8,3,0,0,2,37.5,17.19
632,1,13,1,1,62.0,49.0,62.0,126.53,62.0,6,1,1,0,0,32.65,14.29
632,1,14,2,2,141.0,88.0,70.5,160.23,101.0,11,8,1,1,1,29.55,21.59
632,28,14,5,5,117.0,104.0,23.4,112.5,64.0,12,5,1,0,5,46.15,16.35
632,28,15,4,4,90.0,86.0,22.5,104.65,53.0,9,1,1,0,4,32.56,11.63
632,28,16,1,1,40.0,36.0,40.0,111.11,40.0,2,1,0,0,0,27.78,8.33
632,28,17,1,1,69.0,40.0,69.0,172.5,69.0,5,5,1,0,1,35.0,25.0
347,10,18,1,1,41.0,25.0,41.0,164.0,41.0,5,2,0,0,1,36.0,28.0
347,24,18,1,1,10.0,5.0,10.0,200.0,10.0,2,0,0,0,1,20.0,40.0
347,8,18,1,1,13.0,7.0,13.0,185.71,13.0,3,0,0,0,1,42.86,42.86
347,2,18,1,1,6.0,9.0,6.0,66.67,6.0,1,0,0,0,1,55.56,11.11
347,16,18,1,1,11.0,8.0,11.0,137.5,11.0,2,0,0,0,1,50.0,25.0
347,18,18,2,2,88.0,58.0,44.0,151.72,61.0,12,3,1,0,2,43.1,25.86
347,28,18,7,7,219.0,145.0,31.29,151.03,62.0,22,12,2,0,6,38.62,23.45
468,37,5,1,1,3.0,9.0,3.0,33.33,3.0,0,0,0,0,1,66.67,0.0
468,8,5,1,1,50.0,35.0,50.0,142.86,50.0,6,3,1,0,1,45.71,25.71
468,28,5,4,4,30.0,29.0,7.5,103.45,29.0,4,1,0,0,4,48.28,17.24
105,10,4,2,2,10.0,9.0,5.0,111.11,8.0,1,0,0,0,0,22.22,11.11
105,10,6,1,1,8.0,9.0,8.0,88.89,8.0,1,0,0,0,1,44.44,11.11
105,23,3,1,1,1.0,2.0,1.0,50.0,1.0,0,0,0,0,1,50.0,0.0
105,13,2,3,3,47.0,34.0,15.67,138.24,35.0,3,4,0,0,3,47.06,20.59
105,8,6,1,1,14.0,16.0,14.0,87.5,14.0,1,0,0,0,1,37.5,6.25
105,22,4,1,1,2.0,4.0,2.0,50.0,2.0,0,0,0,0,1,50.0,0.0
105,19,2,2,2,34.0,26.0,17.0,130.77,32.0,1,3,0,0,2,57.69,15.38
105,18,4,1,1,2.0,3.0,2.0,66.67,2.0,0,0,0,0,0,33.33,0.0
105,30,2,1,1,3.0,4.0,3.0,75.0,3.0,0,0,0,0,1,0.0,0.0
105,6,2,2,2,38.0,34.0,19.0,111.76,23.0,4,1,0,0,2,41.18,14.71
88,23,8,1,1,2.0,2.0,2.0,100.0,2.0,0,0,0,0,0,0.0,0.0
705,10,1,1,1,35.0,18.0,35.0,194.44,35.0,3,2,0,0,1,16.67,27.78
705,10,3,1,1,11.0,9.0,11.0,122.22,11.0,2,0,0,0,1,44.44,22.22
705,10,4,1,1,27.0,30.0,27.0,90.0,27.0,3,0,0,0,0,40.0,10.0
705,10,5,1,1,12.0,6.0,12.0,200.0,12.0,1,1,0,0,1,33.33,33.33
705,10,6,2,2,81.0,58.0,40.5,139.66,73.0,5,5,1,0,2,34.48,17.24
705,10,8,1,1,30.0,24.0,30.0,125.0,30.0,0,2,0,0,1,29.17,8.33
705,10,9,1,1,65.0,48.0,65.0,135.42,65.0,7,1,1,0,2,25.0,16.67
705,10,10,1,1,10.0,6.0,10.0,166.67,10.0,1,0,0,0,1,16.67,16.67
705,10,11,1,1,13.0,11.0,13.0,118.18,13.0,1,0,0,0,1,18.18,9.09
705,10,12,1,1,30.0,22.0,30.0,136.36,30.0,3,1,0,0,1,27.27,18.18
705,10,14,2,2,49.0,41.0,24.5,119.51,35.0,4,2,0,0,2,41.46,14.63
705,10,16,1,1,65.0,45.0,65.0,144.44,65.0,6,4,1,0,1,40.0,22.22
705,10,17,1,1,8.0,8.0,8.0,100.0,8.0,1,0,0,0,1,37.5,12.5
705,10,18,1,1,18.0,12.0,18.0,150.0,18.0,2,1,0,0,1,41.67,25.0
705,9,3,2,2,46.0,32.0,23.0,143.75,45.0,3,3,0,0,2,40.62,18.75
705,9,7,1,1,51.0,45.0,51.0,113.33,51.0,4,2,1,0,1,42.22,13.33
705,24,16,1,1,37.0,25.0,37.0,148.0,37.0,1,3,0,0,1,28.0,16.0
705,24,17,1,1,4.0,5.0,4.0,80.0,4.0,1,0,0,0,1,80.0,20.0
705,26,3,1,1,11.0,13.0,11.0,84.62,11.0,0,0,0,0,1,30.77,0.0
705,26,7,1,1,20.0,16.0,20.0,125.0,20.0,3,0,0,0,1,37.5,18.75
705,26,15,3,3,90.0,67.0,30.0,134.33,43.0,10,4,0,0,3,44.78,20.9
705,14,2,1,1,21.0,20.0,21.0,105.0,21.0,2,1,0,0,1,50.0,15.0
705,21,2,2,2,18.0,29.0,9.0,62.07,9.0,1,0,0,0,2,48.28,3.45
705,37,5,1,1,73.0,50.0,73.0,146.0,73.0,4,5,1,0,0,28.0,18.0
705,37,9,3,3,51.0,48.0,17.0,106.25,31.0,3,3,0,0,3,43.75,12.5
705,27,3,4,4,60.0,49.0,15.0,122.45,45.0,5,2,0,0,4,34.69,14.29
705,27,4,1,1,12.0,20.0,12.0,60.0,12.0,0,0,0,0,1,40.0,0.0
705,27,15,4,4,14.0,18.0,3.5,77.78,10.0,0,1,0,0,4,66.67,5.56
705,12,7,3,3,53.0,51.0,17.67,103.92,50.0,3,2,1,0,3,39.22,9.8
705,12,13,4,5,87.0,71.0,21.75,122.54,68.0,7,5,1,0,5,45.07,16.9
705,12,14,1,1,43.0,28.0,43.0,153.57,43.0,5,1,0,0,1,28.57,21.43
705,23,1,1,1,0.0,3.0,0.0,0.0,0.0,0,0,0,0,1,100.0,0.0
705,23,3,1,1,2.0,6.0,2.0,33.33,2.0,0,0,0,0,1,66.67,0.0
705,23,4,1,1,10.0,9.0,10.0,111.11,10.0,1,0,0,0,1,33.33,11.11
705,23,5,1,1,109.0,60.0,109.0,181.67,109.0,12,5,1,1,0,21.67,28.33
705,23,6,3,3,38.0,41.0,12.67,92.68,34.0,1,2,0,0,3,41.46,7.32
705,23,8,2,2,148.0,91.0,74.0,162.64,98.0,18,6,2,0,1,32.97,26.37
705,23,9,1,1,84.0,54.0,84.0,155.56,84.0,10,3,1,0,0,29.63,24.07
705,23,10,1,1,27.0,21.0,27.0,128.57,27.0,4,1,0,0,1,42.86,23.81
705,23,11,1,1,36.0,31.0,36.0,116.13,36.0,2,1,0,0,1,25.81,9.68
705,23,12,1,1,12.0,9.0,12.0,133.33,12.0,3,0,0,0,1,66.67,33.33
705,23,17,1,1,19.0,24.0,19.0,79.17,19.0,1,1,0,0,1,54.17,8.33
705,20,9,1,1,30.0,17.0,30.0,176.47,30.0,4,2,0,0,1,52.94,35.29
705,11,3,1,1,68.0,38.0,68.0,178.95,68.0,6,3,1,0,0,18.42,23.68
705,11,6,1,1,25.0,25.0,25.0,100.0,25.0,2,1,0,0,1,44.0,12.0
705,17,11,1,1,24.0,15.0,24.0,160.0,24.0,1,2,0,0,0,26.67,20.0
705,13,2,3,3,27.0,31.0,9.0,87.1,18.0,1,1,0,0,3,38.71,6.45
705,3,1,1,1,57.0,42.0,57.0,135.71,57.0,5,3,1,0,1,33.33,19.05
705,3,3,1,1,6.0,5.0,6.0,120.0,6.0,1,0,0,0,1,40.0,20.0
705,3,5,2,2,19.0,26.0,9.5,73.08,14.0,1,0,0,0,2,42.31,3.85
705,3,6,1,1,11.0,11.0,11.0,100.0,11.0,1,0,0,0,1,45.45,9.09
705,3,8,1,1,42.0,15.0,42.0,280.0,42.0,3,4,0,0,1,20.0,46.67
705,3,9,1,1,25.0,24.0,25.0,104.17,25.0,3,0,0,0,1,37.5,12.5
705,3,10,2,2,26.0,26.0,13.0,100.0,26.0,1,1,0,0,2,38.46,7.69
705,3,11,1,1,0.0,1.0,0.0,0.0,0.0,0,0,0,0,1,100.0,0.0
705,3,12,1,1,48.0,33.0,48.0,145.45,48.0,8,1,0,0,1,45.45,27.27
705,3,16,1,1,1.0,10.0,1.0,10.0,1.0,0,0,0,0,1,90.0,0.0
705,8,1,1,1,23.0,17.0,23.0,135.29,23.0,2,1,0,0,1,41.18,17.65
705,8,3,1,1,19.0,10.0,19.0,190.0,19.0,2,1,0,0,1,20.0,30.0
705,8,4,1,1,13.0,15.0,13.0,86.67,13.0,1,0,0,0,1,33.33,6.67
705,8,5,1,1,0.0,3.0,0.0,0.0,0.0,0,0,0,0,1,100.0,0.0
705,8,6,1,1,8.0,10.0,8.0,80.0,8.0,1,0,0,0,1,40.0,10.0
705,8,8,1,1,18.0,22.0,18.0,81.82,18.0,0,0,0,0,2,27.27,0.0
705,8,12,2,2,71.0,50.0,35.5,142.0,67.0,7,3,1,0,2,34.0,20.0
705,8,14,5,5,201.0,154.0,40.2,130.52,63.0,14,9,1,0,4,31.82,14.94
705,8,16,2,2,11.0,13.0,5.5,84.62,11.0,1,1,0,0,2,69.23,15.38
705,8,18,1,1,0.0,4.0,0.0,0.0,0.0,0,0,0,0,1,100.0,0.0
705,25,17,1,1,36.0,25.0,36.0,144.0,36.0,2,3,0,0,1,40.0,20.0
705,25,18,1,1,81.0,50.0,81.0,162.0,81.0,9,4,1,0,1,32.0,26.0
705,32,9,1,1,85.0,60.0,85.0,141.67,85.0,8,3,1,0,0,30.0,18.33
705,32,10,1,1,3.0,7.0,3.0,42.86,3.0,0,0,0,0,1,57.14,0.0
705,32,11,1,1,56.0,33.0,56.0,169.7,56.0,6,2,1,0,0,21.21,24.24
705,32,15,3,3,57.0,44.0,19.0,129.55,28.0,7,3,0,0,3,56.82,22.73
705,2,3,1,1,49.0,35.0,49.0,140.0,49.0,2,3,0,0,2,20.0,14.29
705,2,7,1,1,40.0,19.0,40.0,210.53,40.0,3,4,0,0,1,42.11,36.84
705,2,8,1,1,0.0,5.0,0.0,0.0,0.0,0,0,0,0,1,100.0,0.0
705,2,16,2,2,10.0,15.0,5.0,66.67,8.0,1,0,0,0,2,60.0,6.67
705,2,17,1,1,43.0,29.0,43.0,148.28,43.0,7,1,0,0,1,41.38,27.59
705,2,18,2,2,16.0,11.0,8.0,145.45,8.0,3,0,0,0,2,36.36,27.27
705,19,2,3,3,98.0,62.0,32.67,158.06,42.0,7,6,0,0,2,30.65,20.97
705,5,2,2,2,88.0,62.0,44.0,141.94,52.0,4,7,1,0,1,38.71,17.74
705,7,1,1,1,50.0,27.0,50.0,185.19,50.0,3,4,1,0,1,33.33,25.93
705,7,4,1,1,5.0,5.0,5.0,100.0,5.0,1,0,0,0,1,60.0,20.0
705,7,5,1,1,50.0,30.0,50.0,166.67,50.0,3,3,1,0,1,20.0,20.0
705,7,7,1,1,18.0,20.0,18.0,90.0,18.0,2,0,0,0,1,45.0,10.0
705,7,8,1,1,26.0,20.0,26.0,130.0,26.0,2,0,0,0,1,30.0,10.0
705,7,9,1,1,0.0,2.0,0.0,0.0,0.0,0,0,0,0,1,100.0,0.0
705,7,12,1,1,32.0,18.0,32.0,177.78,32.0,5,0,0,0,1,16.67,27.78
705,7,16,1,1,0.0,3.0,0.0,0.0,0.0,0,0,0,0,1,100.0,0.0
705,16,1,6,6,234.0,158.0,39.0,148.1,76.0,25,9,2,0,5,32.28,21.52
705,16,4,1,1,56.0,34.0,56.0,164.71,56.0,5,3,1,0,0,29.41,23.53
705,16,6,1,1,22.0,22.0,22.0,100.0,22.0,2,0,0,0,1,36.36,9.09
705,16,7,1,1,14.0,6.0,14.0,233.33,14.0,3,0,0,0,0,16.67,50.0
705,16,8,1,1,7.0,2.0,7.0,350.0,7.0,0,1,0,0,0,0.0,50.0
705,16,9,1,1,5.0,8.0,5.0,62.5,5.0,0,0,0,0,1,37.5,0.0
705,16,10,2,2,91.0,67.0,45.5,135.82,67.0,10,2,1,0,2,31.34,17.91
705,16,11,1,1,11.0,10.0,11.0,110.0,11.0,1,1,0,0,1,70.0,20.0
705,16,12,2,2,26.0,28.0,13.0,92.86,15.0,1,2,0,0,2,57.14,10.71
705,16,16,1,1,28.0,18.0,28.0,155.56,28.0,6,0,0,0,1,44.44,33.33
705,16,17,1,1,26.0,12.0,26.0,216.67,26.0,1,3,0,0,1,41.67,33.33
705,16,18,1,1,70.0,46.0,70.0,152.17,70.0,8,3,1,0,1,32.61,23.91
705,34,10,1,1,5.0,13.0,5.0,38.46,5.0,0,0,0,0,1,61.54,0.0
705,18,1,1,1,5.0,8.0,5.0,62.5,5.0,0,0,0,0,1,37.5,0.0
705,18,4,1,1,13.0,22.0,13.0,59.09,13.0,1,0,0,0,1,54.55,4.55
705,18,6,1,1,2.0,7.0,2.0,28.57,2.0,0,0,0,0,1,71.43,0.0
705,18,11,1,1,0.0,1.0,0.0,0.0,0.0,0,0,0,0,1,100.0,0.0
705,18,12,1,1,5.0,7.0,5.0,71.43,5.0,1,0,0,0,1,71.43,14.29
705,18,17,1,1,6.0,5.0,6.0,120.0,6.0,1,0,0,0,1,60.0,20.0
705,18,18,2,2,77.0,57.0,38.5,135.09,53.0,11,1,1,0,2,35.09,21.05
705,36,7,1,1,4.0,5.0,4.0,80.0,4.0,0,0,0,0,1,20.0,0.0
705,36,13,2,2,10.0,12.0,5.0,83.33,6.0,0,1,0,0,2,58.33,8.33
705,36,14,2,2,29.0,23.0,14.5,126.09,22.0,2,2,0,0,2,56.52,17.39
705,1,7,1,1,27.0,20.0,27.0,135.0,27.0,0,1,0,0,1,15.0,5.0
705,1,13,6,6,237.0,180.0,39.5,131.67,80.0,20,13,2,0,8,40.56,18.33
705,1,14,3,3,59.0,53.0,19.67,111.32,33.0,8,0,0,0,3,39.62,15.09
705,30,2,1,1,38.0,32.0,38.0,118.75,38.0,2,2,0,0,1,28.12,12.5
705,31,5,1,1,3.0,5.0,3.0,60.0,3.0,0,0,0,0,1,40.0,0.0
705,31,6,1,1,37.0,41.0,37.0,90.24,37.0,3,0,0,0,1,34.15,7.32
705,6,2,4,4,72.0,79.0,18.0,91.14,38.0,5,1,0,0,3,36.71,7.59
705,29,3,3,3,132.0,105.0,44.0,125.71,73.0,15,2,2,0,5,33.33,16.19
705,28,4,6,6,236.0,162.0,39.33,145.68,87.0,20,10,2,0,5,29.63,18.52
705,28,5,8,8,167.0,162.0,20.88,103.09,60.0,18,4,1,0,8,45.68,13.58
705,28,6,8,8,314.0,194.0,39.25,161.86,79.0,20,20,3,0,3,24.74,20.62
705,28,7,5,5,163.0,120.0,32.6,135.83,59.0,13,7,1,0,5,30.83,16.67
705,28,8,8,8,211.0,154.0,26.38,137.01,50.0,18,8,1,0,8,27.92,16.88
705,28,9,4,4,144.0,107.0,36.0,134.58,68.0,14,5,2,0,3,34.58,17.76
705,28,10,8,8,171.0,133.0,21.38,128.57,58.0,15,5,2,0,6,31.58,15.04
705,28,11,7,7,146.0,113.0,20.86,129.2,94.0,14,6,1,0,8,42.48,17.7
705,28,12,6,6,181.0,148.0,30.17,122.3,55.0,24,3,1,0,5,39.86,18.24
705,28,15,4,4,107.0,94.0,26.75,113.83,48.0,11,5,0,0,4,47.87,17.02
705,28,16,7,7,180.0,121.0,25.71,148.76,56.0,20,9,1,0,7,38.84,23.97
705,28,17,7,7,275.0,170.0,39.29,161.76,105.0,31,15,2,1,6,40.59,27.06
705,28,18,7,7,156.0,100.0,22.29,156.0,76.0,8,13,1,0,6,40.0,21.0
773,11,17,1,1,2.0,2.0,2.0,100.0,2.0,0,0,0,0,0,0.0,0.0
321,10,4,1,1,1.0,1.0,1.0,100.0,1.0,0,0,0,0,0,0.0,0.0
321,26,3,1,1,13.0,10.0,13.0,130.0,13.0,1,0,0,0,1,20.0,10.0
321,14,2,1,1,1.0,4.0,1.0,25.0,1.0,0,0,0,0,1,75.0,0.0
321,27,3,2,2,18.0,18.0,9.0,100.0,15.0,1,1,0,0,2,50.0,11.11
321,11,4,2,2,2.0,3.0,1.0,66.67,2.0,0,0,0,0,1,33.33,0.0
321,11,5,1,1,15.0,6.0,15.0,250.0,15.0,1,1,0,0,0,0.0,33.33
321,3,4,1,1,17.0,25.0,17.0,68.0,17.0,1,0,0,0,1,48.0,4.0
321,19,2,2,2,11.0,7.0,5.5,157.14,9.0,0,0,0,0,0,0.0,0.0
321,7,4,2,2,10.0,8.0,5.0,125.0,6.0,2,0,0,0,2,62.5,25.0
321,7,5,1,1,3.0,5.0,3.0,60.0,3.0,0,0,0,0,1,60.0,0.0
321,7,6,1,1,0.0,2.0,0.0,0.0,0.0,0,0,0,0,1,100.0,0.0
321,18,6,1,1,2.0,3.0,2.0,66.67,2.0,0,0,0,0,0,33.33,0.0
321,6,2,2,2,9.0,7.0,4.5,128.57,5.0,0,0,0,0,0,28.57,0.0
321,29,3,2,2,14.0,11.0,7.0,127.27,13.0,0,1,0,0,1,36.36,9.09
321,28,4,1,1,1.0,2.0,1.0,50.0,1.0,0,0,0,0,1,50.0,0.0
119,10,5,1,1,2.0,2.0,2.0,100.0,2.0,0,0,0,0,1,0.0,0.0
119,7,5,1,1,16.0,7.0,16.0,228.57,16.0,2,1,0,0,0,14.29,42.86
119,31,5,1,1,13.0,14.0,13.0,92.86,13.0,1,0,0,0,1,28.57,7.14
119,28,5,2,2,1.0,7.0,0.5,14.29,1.0,0,0,0,0,1,85.71,0.0
36,13,2,2,2,52.0,42.0,26.0,123.81,51.0,5,2,1,0,2,35.71,16.67
36,5,2,2,2,13.0,10.0,6.5,130.0,7.0,1,1,0,0,2,60.0,20.0
36,4,2,1,1,6.0,10.0,6.0,60.0,6.0,1,0,0,0,1,60.0,10.0
36,6,2,2,2,32.0,40.0,16.0,80.0,28.0,5,0,0,0,2,55.0,12.5
354,3,17,1,1,3.0,6.0,3.0,50.0,3.0,0,0,0,0,0,50.0,0.0
77,25,17,1,1,3.0,7.0,3.0,42.86,3.0,0,0,0,0,1,57.14,0.0
77,16,11,1,1,0.0,5.0,0.0,0.0,0.0,0,0,0,0,1,100.0,0.0
77,16,12,1,1,7.0,12.0,7.0,58.33,7.0,0,0,0,0,1,58.33,0.0
77,18,17,1,1,0.0,2.0,0.0,0.0,0.0,0,0,0,0,1,100.0,0.0
87,10,16,1,1,6.0,8.0,6.0,75.0,6.0,1,0,0,0,1,62.5,12.5
87,10,18,2,2,45.0,31.0,22.5,145.16,36.0,3,2,0,0,2,29.03,16.13
87,24,17,1,1,16.0,11.0,16.0,145.45,16.0,2,0,0,0,1,27.27,18.18
87,37,17,1,1,26.0,8.0,26.0,325.0,26.0,1,3,0,0,1,12.5,50.0
87,27,15,3,3,98.0,62.0,32.67,158.06,40.0,8,6,0,0,2,37.1,22.58
87,12,13,1,1,11.0,11.0,11.0,100.0,11.0,1,0,0,0,1,27.27,9.09
87,23,11,3,3,27.0,27.0,9.0,100.0,16.0,4,0,0,0,3,48.15,14.81
87,23,12,1,1,3.0,3.0,3.0,100.0,3.0,0,0,0,0,0,0.0,0.0
87,23,16,7,7,280.0,178.0,40.0,157.3,67.0,17,18,3,0,3,29.78,19.66
87,23,17,6,6,103.0,67.0,17.17,153.73,24.0,8,5,0,0,5,28.36,19.4
87,23,18,6,6,127.0,68.0,21.17,186.76,38.0,15,6,0,0,3,26.47,30.88
87,3,16,1,1,18.0,10.0,18.0,180.0,18.0,2,1,0,0,0,30.0,30.0
87,3,17,1,1,5.0,5.0,5.0,100.0,5.0,0,0,0,0,0,20.0,0.0
87,8,11,1,1,2.0,4.0,2.0,50.0,2.0,0,0,0,0,1,50.0,0.0
87,8,16,1,1,54.0,43.0,54.0,125.58,54.0,4,3,1,0,1,34.88,16.28
87,8,17,1,1,9.0,14.0,9.0,64.29,9.0,0,0,0,0,1,42.86,0.0
87,8,18,1,1,15.0,12.0,15.0,125.0,15.0,1,1,0,0,0,50.0,16.67
87,25,18,1,1,2.0,9.0,2.0,22.22,2.0,0,0,0,0,1,77.78,0.0
87,32,15,2,2,11.0,16.0,5.5,68.75,6.0,0,0,0,0,2,43.75,0.0
87,2,16,1,1,48.0,21.0,48.0,228.57,48.0,1,6,0,0,0,28.57,33.33
87,7,16,1,1,4.0,4.0,4.0,100.0,4.0,0,0,0,0,1,25.0,0.0
87,16,12,1,1,30.0,25.0,30.0,120.0,30.0,1,2,0,0,1,40.0,12.0
87,16,16,1,1,46.0,35.0,46.0,131.43,46.0,4,1,0,0,1,20.0,14.29
87,28,12,1,1,4.0,6.0,4.0,66.67,4.0,0,0,0,0,1,33.33,0.0
87,28,15,2,2,65.0,39.0,32.5,166.67,42.0,9,1,0,0,1,17.95,25.64
87,28,16,1,1,18.0,18.0,18.0,100.0,18.0,2,0,0,0,1,38.89,11.11
87,28,17,1,1,9.0,8.0,9.0,112.5,9.0,2,0,0,0,1,62.5,25.0
87,28,18,1,1,17.0,14.0,17.0,121.43,17.0,1,1,0,0,1,42.86,14.29
299,10,18,1,1,6.0,6.0,6.0,100.0,6.0,1,0,0,0,0,50.0,16.67
299,24,18,2,2,32.0,23.0,16.0,139.13,18.0,2,1,0,0,2,17.39,13.04
299,26,15,2,2,78.0,53.0,39.0,147.17,52.0,6,4,1,0,2,33.96,18.87
299,23,15,1,1,112.0,54.0,112.0,207.41,112.0,12,7,1,1,0,27.78,35.19
299,23,17,1,1,52.0,23.0,52.0,226.09,52.0,3,5,1,0,1,26.09,34.78
299,23,18,1,1,34.0,16.0,34.0,212.5,34.0,5,1,0,0,1,25.0,37.5
299,11,17,1,1,55.0,23.0,55.0,239.13,55.0,3,6,1,0,1,34.78,39.13
299,3,17,7,7,154.0,106.0,22.0,145.28,52.0,8,11,1,0,8,31.13,17.92
299,3,18,5,5,72.0,71.0,14.4,101.41,25.0,5,2,0,0,5,36.62,9.86
299,8,14,2,2,9.0,10.0,4.5,90.0,8.0,1,0,0,0,2,50.0,10.0
299,8,17,1,1,0.0,3.0,0.0,0.0,0.0,0,0,0,0,1,100.0,0.0
299,8,18,1,1,51.0,32.0,51.0,159.38,51.0,4,3,1,0,1,21.88,21.88
299,25,18,2,2,27.0,21.0,13.5,128.57,15.0,2,1,0,0,1,28.57,14.29
299,32,15,2,2,37.0,31.0,18.5,119.35,21.0,1,2,0,0,2,25.81,9.68
299,2,14,2,2,62.0,52.0,31.0,119.23,31.0,2,3,0,0,2,21.15,9.62
299,2,15,1,1,58.0,42.0,58.0,138.1,58.0,4,3,1,0,1,26.19,16.67
299,2,17,1,1,34.0,22.0,34.0,154.55,34.0,2,2,0,0,1,31.82,18.18
299,2,18,1,1,26.0,16.0,26.0,162.5,26.0,1,2,0,0,1,31.25,18.75
299,16,17,1,1,50.0,20.0,50.0,250.0,50.0,2,5,1,0,1,5.0,35.0
299,28,15,1,1,48.0,38.0,48.0,126.32,48.0,4,2,0,0,1,36.84,15.79
299,28,17,1,1,50.0,26.0,50.0,192.31,50.0,3,4,1,0,1,26.92,26.92
299,28,18,1,1,64.0,32.0,64.0,200.0,64.0,5,4,1,0,1,18.75,28.12
604,10,4,1,1,19.0,12.0,19.0,158.33,19.0,2,1,0,0,1,25.0,25.0
604,10,8,1,1,3.0,2.0,3.0,150.0,3.0,0,0,0,0,0,0.0,0.0
604,23,4,1,1,18.0,12.0,18.0,150.0,18.0,1,1,0,0,1,33.33,16.67
604,23,5,2,2,18.0,17.0,9.0,105.88,11.0,1,1,0,0,1,35.29,11.76
604,23,7,3,3,23.0,14.0,7.67,164.29,17.0,0,3,0,0,2,35.71,21.43
604,23,8,1,1,8.0,7.0,8.0,114.29,8.0,0,0,0,0,1,14.29,0.0
604,35,6,2,2,53.0,37.0,26.5,143.24,42.0,6,1,0,0,1,21.62,18.92
604,3,5,1,1,3.0,4.0,3.0,75.0,3.0,0,0,0,0,1,50.0,0.0
604,3,7,1,1,4.0,3.0,4.0,133.33,4.0,1,0,0,0,1,66.67,33.33
604,3,8,1,1,12.0,7.0,12.0,171.43,12.0,1,1,0,0,2,42.86,28.57
604,8,8,1,1,38.0,28.0,38.0,135.71,38.0,3,2,0,0,1,32.14,17.86
604,32,8,1,1,0.0,1.0,0.0,0.0,0.0,0,0,0,0,1,100.0,0.0
604,2,7,1,1,0.0,1.0,0.0,0.0,0.0,0,0,0,0,1,100.0,0.0
604,16,6,1,1,1.0,5.0,1.0,20.0,1.0,0,0,0,0,1,60.0,0.0
604,16,7,1,1,25.0,15.0,25.0,166.67,25.0,2,1,0,0,0,13.33,20.0
604,31,6,1,1,31.0,21.0,31.0,147.62,31.0,3,1,0,0,1,28.57,19.05
604,28,4,1,1,70.0,49.0,70.0,142.86,70.0,6,3,1,0,1,30.61,18.37
639,27,15,1,1,0.0,1.0,0.0,0.0,0.0,0,0,0,0,1,100.0,0.0
639,2,16,1,1,0.0,2.0,0.0,0.0,0.0,0,0,0,0,0,100.0,0.0
692,10,1,1,1,1.0,2.0,1.0,50.0,1.0,0,0,0,0,1,50.0,0.0
692,10,5,1,1,1.0,1.0,1.0,100.0,1.0,0,0,0,0,0,0.0,0.0
692,9,3,1,1,4.0,2.0,4.0,200.0,4.0,0,0,0,0,0,0.0,0.0
692,14,2,1,1,2.0,6.0,2.0,33.33,2.0,0,0,0,0,1,66.67,0.0
692,27,3,2,2,1.0,8.0,0.5,12.5,1.0,0,0,0,0,1,87.5,0.0
692,27,4,1,1,0.0,1.0,0.0,0.0,0.0,0,0,0,0,0,0.0,0.0
692,23,1,1,1,1.0,2.0,1.0,50.0,1.0,0,0,0,0,1,50.0,0.0
692,13,2,2,2,4.0,5.0,2.0,80.0,4.0,0,0,0,0,2,40.0,0.0
692,3,5,1,1,1.0,1.0,1.0,100.0,1.0,0,0,0,0,0,0.0,0.0
692,2,3,1,1,1.0,4.0,1.0,25.0,1.0,0,0,0,0,0,25.0,0.0
692,22,4,2,2,1.0,2.0,0.5,50.0,1.0,0,0,0,0,1,50.0,0.0
692,19,2,1,1,0.0,2.0,0.0,0.0,0.0,0,0,0,0,1,100.0,0.0
692,16,1,6,6,23.0,17.0,3.83,135.29,10.0,2,1,0,0,2,23.53,17.65
692,18,1,1,1,2.0,3.0,2.0,66.67,2.0,0,0,0,0,1,33.33,0.0
692,18,4,1,1,1.0,1.0,1.0,100.0,1.0,0,0,0,0,1,0.0,0.0
692,6,2,1,1,2.0,4.0,2.0,50.0,2.0,0,0,0,0,0,25.0,0.0
692,29,3,1,1,3.0,5.0,3.0,60.0,3.0,0,0,0,0,1,60.0,0.0
692,28,5,3,3,4.0,10.0,1.33,40.0,3.0,0,0,0,0,2,60.0,0.0
662,8,5,1,1,0.0,2.0,0.0,0.0,0.0,0,0,0,0,2,100.0,0.0
267,10,9,3,3,26.0,29.0,8.67,89.66,20.0,2,0,0,0,3,41.38,6.9
267,10,10,7,7,265.0,147.0,37.86,180.27,97.0,22,18,1,0,7,27.89,27.21
267,10,11,7,7,364.0,204.0,52.0,178.43,128.0,34,22,4,1,8,30.88,27.45
267,10,12,7,8,120.0,102.0,17.14,117.65,53.0,7,6,1,0,6,39.22,12.75
267,10,17,5,5,209.0,133.0,41.8,157.14,88.0,17,12,1,0,4,29.32,21.8
267,24,17,1,1,41.0,24.0,41.0,170.83,41.0,4,2,0,0,1,29.17,25.0
267,24,18,7,7,213.0,147.0,30.43,144.9,118.0,20,12,2,1,6,40.14,21.77
267,26,15,3,3,54.0,32.0,18.0,168.75,27.0,3,5,0,0,3,40.62,25.0
267,37,9,2,2,27.0,26.0,13.5,103.85,23.0,2,1,0,0,2,46.15,11.54
267,37,12,2,2,87.0,46.0,43.5,189.13,49.0,4,6,0,0,2,13.04,21.74
267,37,17,2,2,106.0,57.0,53.0,185.96,55.0,8,8,2,0,2,33.33,28.07
267,37,18,1,1,0.0,6.0,0.0,0.0,0.0,0,0,0,0,1,100.0,0.0
267,27,15,4,4,80.0,54.0,20.0,148.15,39.0,7,5,0,0,2,37.04,22.22
267,12,13,8,9,237.0,207.0,29.62,114.49,56.0,23,5,1,0,7,34.78,13.53
267,12,14,4,4,111.0,76.0,27.75,146.05,51.0,8,5,1,0,2,30.26,17.11
267,23,10,1,1,6.0,4.0,6.0,150.0,6.0,1,0,0,0,1,25.0,25.0
267,23,11,1,1,43.0,26.0,43.0,165.38,43.0,7,1,0,0,1,30.77,30.77
267,23,12,1,1,46.0,31.0,46.0,148.39,46.0,4,2,0,0,1,25.81,19.35
267,23,17,1,1,27.0,20.0,27.0,135.0,27.0,2,1,0,0,1,30.0,15.0
267,20,10,1,1,4.0,2.0,4.0,200.0,4.0,1,0,0,0,1,50.0,50.0
267,11,18,1,1,18.0,17.0,18.0,105.88,18.0,2,1,0,0,1,64.71,17.65
267,3,10,1,1,57.0,36.0,57.0,158.33,57.0,3,4,1,0,1,30.56,19.44
267,3,11,1,1,85.0,48.0,85.0,177.08,85.0,6,7,1,0,1,31.25,27.08
267,3,12,1,1,18.0,14.0,18.0,128.57,18.0,2,0,0,0,1,28.57,14.29
267,8,12,1,1,5.0,3.0,5.0,166.67,5.0,1,0,0,0,1,33.33,33.33
267,8,14,2,3,49.0,39.0,24.5,125.64,42.0,6,1,0,0,3,38.46,17.95
267,25,17,1,1,18.0,13.0,18.0,138.46,18.0,2,0,0,0,1,23.08,15.38
267,32,10,1,1,31.0,22.0,31.0,140.91,31.0,1,2,0,0,1,22.73,13.64
267,32,11,1,1,79.0,45.0,79.0,175.56,79.0,7,4,1,0,1,22.22,24.44
267,32,15,1,1,43.0,29.0,43.0,148.28,43.0,7,0,0,0,2,17.24,24.14
267,2,14,3,3,88.0,67.0,29.33,131.34,58.0,9,2,1,0,2,34.33,16.42
267,2,17,1,1,16.0,11.0,16.0,145.45,16.0,1,1,0,0,0,36.36,18.18
267,2,18,1,1,16.0,6.0,16.0,266.67,16.0,0,2,0,0,0,16.67,33.33
267,7,9,1,1,4.0,3.0,4.0,133.33,4.0,1,0,0,0,0,66.67,33.33
267,7,10,1,1,3.0,6.0,3.0,50.0,3.0,0,0,0,0,1,66.67,0.0
267,7,11,1,1,28.0,13.0,28.0,215.38,28.0,4,1,0,0,1,15.38,38.46
267,7,12,1,1,39.0,26.0,39.0,150.0,39.0,3,2,0,0,1,30.77,19.23
267,16,9,1,1,39.0,26.0,39.0,150.0,39.0,2,3,0,0,0,38.46,19.23
267,16,10,1,1,0.0,1.0,0.0,0.0,0.0,0,0,0,0,1,100.0,0.0
267,16,11,1,1,18.0,19.0,18.0,94.74,18.0,1,0,0,0,1,31.58,5.26
267,16,12,1,1,23.0,19.0,23.0,121.05,23.0,3,0,0,0,1,21.05,15.79
267,16,18,1,1,15.0,15.0,15.0,100.0,15.0,0,1,0,0,1,33.33,6.67
267,34,9,1,1,69.0,40.0,69.0,172.5,69.0,9,2,1,0,1,30.0,27.5
267,18,11,1,1,20.0,14.0,20.0,142.86,20.0,3,0,0,0,1,28.57,21.43
267,18,12,1,1,78.0,36.0,78.0,216.67,78.0,6,4,1,0,0,11.11,27.78
267,18,17,1,1,28.0,26.0,28.0,107.69,28.0,2,1,0,0,1,34.62,11.54
267,18,18,1,1,3.0,9.0,3.0,33.33,3.0,0,0,0,0,1,66.67,0.0
267,33,9,2,2,33.0,28.0,16.5,117.86,32.0,3,0,0,0,1,25.0,10.71
267,36,13,2,2,43.0,26.0,21.5,165.38,38.0,5,1,0,0,1,19.23,23.08
267,36,14,3,3,71.0,64.0,23.67,110.94,39.0,7,1,0,0,3,35.94,12.5
267,1,13,4,4,65.0,70.0,16.25,92.86,28.0,4,3,0,0,2,42.86,10.0
267,1,14,1,1,24.0,24.0,24.0,100.0,24.0,2,0,0,0,1,29.17,8.33
267,28,10,1,1,0.0,3.0,0.0,0.0,0.0,0,0,0,0,1,100.0,0.0
267,28,11,1,1,47.0,25.0,47.0,188.0,47.0,6,2,0,0,1,24.0,32.0
267,28,12,1,1,78.0,27.0,78.0,288.89,78.0,7,7,1,0,0,18.52,51.85
267,28,14,3,3,81.0,60.0,27.0,135.0,51.0,11,1,1,0,2,35.0,20.0
267,28,15,5,5,163.0,109.0,32.6,149.54,44.0,18,6,0,0,6,33.94,22.02
267,28,17,1,1,1.0,3.0,1.0,33.33,1.0,0,0,0,0,1,66.67,0.0
267,28,18,1,1,4.0,2.0,4.0,200.0,4.0,1,0,0,0,1,50.0,50.0
254,23,4,1,1,3.0,6.0,3.0,50.0,3.0,0,0,0,0,0,50.0,0.0
254,13,2,3,3,23.0,22.0,7.67,104.55,10.0,2,0,0,0,0,31.82,9.09
254,3,4,1,1,8.0,6.0,8.0,133.33,8.0,0,0,0,0,1,16.67,0.0
254,8,3,1,1,2.0,1.0,2.0,200.0,2.0,0,0,0,0,0,0.0,0.0
254,22,4,1,1,0.0,1.0,0.0,0.0,0.0,0,0,0,0,1,100.0,0.0
254,7,3,1,1,3.0,7.0,3.0,42.86,3.0,0,0,0,0,1,71.43,0.0
254,28,1,1,1,28.0,21.0,28.0,133.33,28.0,4,1,0,0,0,42.86,23.81
150,14,2,1,1,1.0,2.0,1.0,50.0,1.0,0,0,0,0,1,50.0,0.0
150,27,1,1,1,6.0,5.0,6.0,120.0,6.0,1,0,0,0,0,40.0,20.0
150,16,1,1,1,1.0,2.0,1.0,50.0,1.0,0,0,0,0,0,50.0,0.0
150,18,1,1,1,1.0,2.0,1.0,50.0,1.0,0,0,0,0,0,50.0,0.0
150,6,2,1,1,11.0,7.0,11.0,157.14,11.0,0,1,0,0,0,14.29,14.29
653,10,16,4,4,40.0,29.0,10.0,137.93,35.0,2,3,0,0,3,48.28,17.24
653,15,16,1,1,14.0,12.0,14.0,116.67,14.0,2,0,0,0,1,41.67,16.67
653,15,17,1,1,22.0,13.0,22.0,169.23,22.0,5,0,0,0,1,53.85,38.46
653,24,16,1,1,30.0,20.0,30.0,150.0,30.0,3,1,0,0,1,30.0,20.0
653,23,17,1,1,26.0,16.0,26.0,162.5,26.0,1,2,0,0,1,31.25,18.75
653,11,16,1,1,82.0,37.0,82.0,221.62,82.0,6,6,1,0,0,18.92,32.43
653,11,17,2,2,61.0,30.0,30.5,203.33,61.0,9,3,1,0,2,36.67,40.0
653,3,7,2,2,15.0,27.0,7.5,55.56,14.0,1,0,0,0,2,62.96,3.7
653,3,8,2,2,14.0,10.0,7.0,140.0,14.0,1,1,0,0,2,40.0,20.0
653,8,16,1,1,35.0,37.0,35.0,94.59,35.0,2,1,0,0,1,40.54,8.11
653,8,17,1,1,43.0,23.0,43.0,186.96,43.0,5,2,0,0,1,26.09,30.43
653,25,17,2,2,10.0,10.0,5.0,100.0,9.0,2,0,0,0,2,60.0,20.0
653,2,16,1,1,8.0,6.0,8.0,133.33,8.0,2,0,0,0,1,66.67,33.33
653,16,17,1,1,49.0,24.0,49.0,204.17,49.0,3,4,0,0,1,12.5,29.17
653,28,7,1,1,24.0,14.0,24.0,171.43,24.0,1,2,0,0,2,21.43,21.43
413,3,1,1,1,31.0,29.0,31.0,106.9,31.0,4,1,0,0,1,51.72,17.24
413,8,1,1,1,20.0,22.0,20.0,90.91,20.0,0,0,0,0,1,27.27,0.0
413,7,1,1,1,7.0,9.0,7.0,77.78,7.0,0,0,0,0,1,33.33,0.0
413,16,1,1,1,15.0,15.0,15.0,100.0,15.0,2,0,0,0,0,40.0,13.33
348,9,3,1,1,38.0,32.0,38.0,118.75,38.0,5,0,0,0,2,37.5,15.62
348,26,3,1,1,1.0,4.0,1.0,25.0,1.0,0,0,0,0,1,75.0,0.0
348,26,8,1,1,17.0,12.0,17.0,141.67,17.0,2,0,0,0,0,25.0,16.67
348,37,8,3,3,66.0,53.0,22.0,124.53,41.0,2,4,0,0,2,32.08,11.32
348,13,2,3,3,105.0,88.0,35.0,119.32,84.0,6,5,1,0,3,30.68,12.5
348,3,3,1,1,77.0,50.0,77.0,154.0,77.0,9,2,1,0,1,28.0,22.0
348,8,3,1,1,1.0,8.0,1.0,12.5,1.0,0,0,0,0,1,87.5,0.0
348,8,8,1,1,22.0,15.0,22.0,146.67,22.0,0,2,0,0,1,33.33,13.33
348,5,2,2,2,33.0,31.0,16.5,106.45,22.0,2,2,0,0,3,48.39,12.9
348,7,3,4,4,123.0,109.0,30.75,112.84,56.0,11,1,1,0,3,32.11,11.01
348,7,8,1,1,0.0,2.0,0.0,0.0,0.0,0,0,0,0,1,100.0,0.0
348,18,3,1,1,8.0,11.0,8.0,72.73,8.0,0,0,0,0,0,27.27,0.0
348,33,8,1,1,17.0,11.0,17.0,154.55,17.0,1,0,0,0,0,0.0,9.09
348,28,8,1,1,23.0,27.0,23.0,85.19,23.0,1,0,0,0,1,37.04,3.7
412,23,3,1,1,2.0,8.0,2.0,25.0,2.0,0,0,0,0,1,75.0,0.0
160,7,3,1,1,4.0,2.0,4.0,200.0,4.0,1,0,0,0,0,50.0,50.0
306,23,1,2,2,19.0,32.0,9.5,59.38,19.0,1,0,0,0,1,46.88,3.12
306,3,1,1,1,20.0,20.0,20.0,100.0,20.0,1,1,0,0,1,40.0,10.0
306,3,6,1,1,28.0,33.0,28.0,84.85,28.0,1,1,0,0,1,45.45,6.06
306,8,1,1,1,0.0,1.0,0.0,0.0,0.0,0,0,0,0,1,100.0,0.0
306,8,6,1,1,6.0,10.0,6.0,60.0,6.0,0,0,0,0,1,40.0,0.0
306,18,6,1,1,4.0,9.0,4.0,44.44,4.0,0,0,0,0,1,55.56,0.0
306,28,6,2,2,14.0,23.0,7.0,60.87,14.0,2,0,0,0,2,65.22,8.7
461,27,4,1,1,26.0,18.0,26.0,144.44,26.0,3,0,0,0,2,27.78,16.67
461,23,4,1,1,10.0,10.0,10.0,100.0,10.0,0,1,0,0,0,20.0,10.0
461,17,4,1,1,2.0,3.0,2.0,66.67,2.0,0,0,0,0,1,33.33,0.0
461,3,4,1,1,7.0,15.0,7.0,46.67,7.0,1,0,0,0,1,73.33,6.67
461,22,4,3,3,1.0,3.0,0.33,33.33,1.0,0,0,0,0,2,66.67,0.0
461,18,4,1,1,0.0,1.0,0.0,0.0,0.0,0,0,0,0,1,100.0,0.0
461,31,6,1,1,4.0,1.0,4.0,400.0,4.0,1,0,0,0,0,0.0,100.0
526,10,16,1,1,11.0,8.0,11.0,137.5,11.0,1,0,0,0,0,0.0,12.5
526,27,15,1,1,6.0,3.0,6.0,200.0,6.0,0,1,0,0,1,66.67,33.33
526,12,14,2,2,25.0,27.0,12.5,92.59,18.0,3,0,0,0,1,51.85,11.11
526,8,16,1,1,10.0,16.0,10.0,62.5,10.0,0,0,0,0,1,37.5,0.0
526,2,16,1,1,23.0,13.0,23.0,176.92,23.0,2,1,0,0,1,15.38,23.08
526,16,16,1,1,5.0,6.0,5.0,83.33,5.0,0,0,0,0,1,16.67,0.0
302,10,1,1,1,46.0,23.0,46.0,200.0,46.0,5,2,0,0,1,13.04,30.43
302,10,3,1,1,12.0,9.0,12.0,133.33,12.0,0,1,0,0,1,44.44,11.11
302,10,5,1,1,10.0,13.0,10.0,76.92,10.0,2,0,0,0,1,69.23,15.38
302,10,7,1,1,47.0,34.0,47.0,138.24,47.0,5,1,0,0,1,23.53,17.65
302,10,8,1,1,13.0,13.0,13.0,100.0,13.0,2,0,0,0,1,38.46,15.38
302,10,9,2,2,83.0,59.0,41.5,140.68,72.0,7,2,1,0,2,22.03,15.25
302,10,10,1,1,4.0,2.0,4.0,200.0,4.0,1,0,0,0,1,50.0,50.0
302,10,11,1,1,1.0,2.0,1.0,50.0,1.0,0,0,0,0,1,50.0,0.0
302,10,12,1,2,13.0,8.0,13.0,162.5,13.0,2,0,0,0,1,12.5,25.0
302,9,5,1,1,26.0,18.0,26.0,144.44,26.0,1,1,0,0,1,27.78,11.11
302,9,7,2,2,126.0,80.0,63.0,157.5,80.0,17,4,1,0,2,36.25,26.25
302,26,3,1,1,23.0,15.0,23.0,153.33,23.0,2,1,0,0,1,33.33,20.0
302,26,8,1,1,14.0,8.0,14.0,175.0,14.0,3,0,0,0,1,25.0,37.5
302,26,15,2,2,63.0,37.0,31.5,170.27,50.0,10,1,1,0,2,32.43,29.73
302,37,8,1,1,34.0,21.0,34.0,161.9,34.0,2,2,0,0,1,23.81,19.05
302,27,1,3,3,62.0,47.0,20.67,131.91,34.0,5,3,0,0,2,34.04,17.02
302,27,3,1,1,26.0,13.0,26.0,200.0,26.0,2,2,0,0,1,30.77,30.77
302,27,4,7,7,138.0,109.0,19.71,126.61,34.0,8,8,0,0,5,40.37,14.68
302,27,15,4,4,133.0,87.0,33.25,152.87,88.0,7,11,1,0,4,37.93,20.69
302,12,7,1,1,55.0,41.0,55.0,134.15,55.0,6,1,1,0,1,24.39,17.07
302,12,13,6,6,118.0,86.0,19.67,137.21,41.0,13,5,0,0,6,41.86,20.93
302,12,14,4,4,115.0,84.0,28.75,136.9,63.0,8,5,1,0,4,29.76,15.48
302,23,1,1,1,37.0,37.0,37.0,100.0,37.0,5,0,0,0,0,40.54,13.51
302,23,3,1,1,20.0,17.0,20.0,117.65,20.0,1,0,0,0,1,11.76,5.88
302,23,5,1,1,17.0,14.0,17.0,121.43,17.0,2,0,0,0,1,35.71,14.29
302,23,7,4,4,233.0,150.0,58.25,155.33,83.0,28,6,2,0,3,28.0,22.67
302,23,8,6,6,203.0,167.0,33.83,121.56,80.0,21,3,1,0,5,35.33,14.37
302,23,9,7,7,158.0,124.0,22.57,127.42,70.0,22,2,1,0,7,35.48,19.35
302,23,10,6,6,238.0,149.0,39.67,159.73,72.0,23,11,3,0,5,26.17,22.82
302,23,11,9,9,114.0,104.0,12.67,109.62,35.0,8,7,0,0,10,48.08,14.42
302,23,12,5,5,139.0,128.0,27.8,108.59,67.0,14,4,1,0,4,42.97,14.06
302,20,9,1,1,25.0,19.0,25.0,131.58,25.0,3,1,0,0,2,42.11,21.05
302,17,11,1,1,24.0,17.0,24.0,141.18,24.0,2,1,0,0,1,23.53,17.65
302,35,6,1,1,25.0,21.0,25.0,119.05,25.0,1,2,0,0,1,47.62,14.29
302,35,7,1,1,47.0,38.0,47.0,123.68,47.0,5,1,0,0,2,36.84,15.79
302,13,2,3,3,25.0,22.0,8.33,113.64,19.0,3,0,0,0,3,36.36,13.64
302,3,1,1,1,19.0,16.0,19.0,118.75,19.0,2,1,0,0,0,50.0,18.75
302,3,3,6,6,190.0,102.0,31.67,186.27,68.0,12,15,3,0,4,27.45,26.47
302,3,4,1,1,23.0,17.0,23.0,135.29,23.0,3,1,0,0,0,35.29,23.53
302,3,5,1,1,69.0,45.0,69.0,153.33,69.0,9,2,1,0,1,28.89,24.44
302,3,6,1,1,0.0,2.0,0.0,0.0,0.0,0,0,0,0,1,100.0,0.0
302,3,7,1,1,5.0,3.0,5.0,166.67,5.0,1,0,0,0,1,33.33,33.33
302,3,8,1,1,23.0,21.0,23.0,109.52,23.0,3,0,0,0,1,38.1,14.29
302,3,9,1,1,1.0,4.0,1.0,25.0,1.0,0,0,0,0,1,75.0,0.0
302,3,10,2,2,2.0,5.0,1.0,40.0,1.0,0,0,0,0,2,60.0,0.0
302,3,11,1,1,36.0,21.0,36.0,171.43,36.0,3,3,0,0,1,42.86,28.57
302,3,12,1,1,33.0,25.0,33.0,132.0,33.0,6,0,0,0,1,44.0,24.0
302,8,1,1,1,43.0,36.0,43.0,119.44,43.0,6,1,0,0,1,41.67,19.44
302,8,3,1,1,21.0,13.0,21.0,161.54,21.0,1,2,0,0,1,38.46,23.08
302,8,4,1,1,0.0,4.0,0.0,0.0,0.0,0,0,0,0,1,75.0,0.0
302,8,5,1,1,8.0,5.0,8.0,160.0,8.0,2,0,0,0,1,40.0,40.0
302,8,6,1,1,26.0,33.0,26.0,78.79,26.0,2,0,0,0,1,33.33,6.06
302,8,8,1,1,39.0,17.0,39.0,229.41,39.0,6,1,0,0,1,23.53,41.18
302,8,11,1,1,29.0,16.0,29.0,181.25,29.0,2,3,0,0,1,50.0,31.25
302,8,12,1,1,11.0,9.0,11.0,122.22,11.0,2,0,0,0,1,44.44,22.22
302,32,6,1,1,22.0,14.0,22.0,157.14,22.0,4,0,0,0,1,50.0,28.57
302,32,8,1,1,13.0,10.0,13.0,130.0,13.0,2,0,0,0,1,40.0,20.0
302,32,9,1,1,0.0,1.0,0.0,0.0,0.0,0,0,0,0,1,100.0,0.0
302,32,10,1,1,87.0,47.0,87.0,185.11,87.0,7,6,1,0,1,21.28,27.66
302,32,15,2,2,4.0,13.0,2.0,30.77,3.0,0,0,0,0,2,69.23,0.0
302,2,7,1,1,65.0,52.0,65.0,125.0,65.0,5,3,1,0,1,34.62,15.38
302,19,2,3,3,84.0,62.0,28.0,135.48,66.0,8,3,1,0,1,35.48,17.74
302,5,2,2,2,15.0,29.0,7.5,51.72,12.0,1,0,0,0,2,55.17,3.45
302,7,1,1,1,21.0,18.0,21.0,116.67,21.0,2,1,0,0,2,50.0,16.67
302,7,3,1,1,22.0,8.0,22.0,275.0,22.0,1,2,0,0,1,12.5,37.5
302,7,4,1,1,22.0,18.0,22.0,122.22,22.0,3,0,0,0,1,38.89,16.67
302,7,5,1,1,17.0,16.0,17.0,106.25,17.0,0,1,0,0,1,31.25,6.25
302,7,6,1,1,37.0,33.0,37.0,112.12,37.0,4,0,0,0,1,42.42,12.12
302,7,9,1,1,53.0,28.0,53.0,189.29,53.0,9,0,1,0,1,14.29,32.14
302,7,10,1,1,0.0,1.0,0.0,0.0,0.0,0,0,0,0,1,100.0,0.0
302,7,12,1,1,22.0,14.0,22.0,157.14,22.0,2,1,0,0,1,21.43,21.43
302,16,1,1,1,7.0,16.0,7.0,43.75,7.0,0,0,0,0,1,50.0,0.0
302,16,4,1,1,1.0,3.0,1.0,33.33,1.0,0,0,0,0,1,66.67,0.0
302,16,6,1,1,24.0,22.0,24.0,109.09,24.0,2,1,0,0,1,54.55,13.64
302,16,7,1,1,40.0,33.0,40.0,121.21,40.0,5,1,0,0,1,42.42,18.18
302,16,9,1,1,38.0,34.0,38.0,111.76,38.0,3,1,0,0,1,35.29,11.76
302,16,10,1,1,53.0,28.0,53.0,189.29,53.0,4,4,1,0,1,25.0,28.57
302,16,11,1,1,45.0,34.0,45.0,132.35,45.0,3,2,0,0,1,26.47,14.71
302,18,1,1,1,3.0,8.0,3.0,37.5,3.0,0,0,0,0,1,62.5,0.0
302,18,3,1,1,26.0,21.0,26.0,123.81,26.0,2,1,0,0,1,42.86,14.29
302,18,4,1,1,35.0,21.0,35.0,166.67,35.0,7,0,0,0,1,33.33,33.33
302,18,5,1,1,6.0,6.0,6.0,100.0,6.0,1,0,0,0,1,50.0,16.67
302,18,6,1,1,54.0,41.0,54.0,131.71,54.0,8,1,1,0,0,41.46,21.95
302,18,11,1,1,48.0,36.0,48.0,133.33,48.0,6,2,0,0,1,44.44,22.22
302,18,12,1,1,26.0,16.0,26.0,162.5,26.0,1,2,0,0,0,31.25,18.75
302,33,6,1,1,37.0,33.0,37.0,112.12,37.0,4,0,0,0,1,42.42,12.12
302,36,7,1,1,22.0,18.0,22.0,122.22,22.0,0,1,0,0,1,22.22,5.56
302,36,13,2,2,14.0,13.0,7.0,107.69,9.0,2,0,0,0,2,38.46,15.38
302,1,7,3,3,20.0,30.0,6.67,66.67,19.0,2,0,0,0,3,50.0,6.67
302,1,13,4,4,64.0,65.0,16.0,98.46,30.0,4,2,0,0,4,36.92,9.23
302,30,2,3,3,27.0,28.0,9.0,96.43,20.0,3,0,0,0,3,50.0,10.71
302,31,5,8,8,216.0,193.0,27.0,111.92,60.0,18,6,1,0,6,38.86,12.44
302,31,6,7,7,202.0,163.0,28.86,123.93,75.0,16,8,1,0,7,34.36,14.72
302,6,2,2,2,24.0,29.0,12.0,82.76,17.0,3,0,0,0,2,51.72,10.34
302,29,3,1,1,34.0,20.0,34.0,170.0,34.0,0,3,0,0,1,10.0,15.0
302,28,1,4,4,82.0,78.0,20.5,105.13,48.0,9,1,0,0,4,39.74,12.82
302,28,4,1,1,45.0,37.0,45.0,121.62,45.0,6,1,0,0,1,35.14,18.92
302,28,5,1,1,36.0,33.0,36.0,109.09,36.0,3,0,0,0,1,27.27,9.09
302,28,6,1,1,7.0,9.0,7.0,77.78,7.0,1,0,0,0,2,66.67,11.11
302,28,8,1,1,25.0,20.0,25.0,125.0,25.0,3,1,0,0,1,50.0,20.0
302,28,9,1,1,36.0,20.0,36.0,180.0,36.0,1,2,0,0,1,20.0,15.0
302,28,10,1,1,4.0,3.0,4.0,133.33,4.0,1,0,0,0,1,66.67,33.33
302,28,11,1,1,54.0,35.0,54.0,154.29,54.0,6,3,1,0,1,48.57,25.71
302,28,12,1,1,40.0,47.0,40.0,85.11,40.0,1,3,0,0,1,51.06,8.51
302,28,15,3,3,30.0,34.0,10.0,88.24,28.0,2,2,0,0,3,61.76,11.76
450,27,3,2,2,30.0,18.0,15.0,166.67,24.0,2,2,0,0,1,27.78,22.22
450,23,7,1,1,3.0,5.0,3.0,60.0,3.0,0,0,0,0,1,40.0,0.0
450,11,5,1,1,1.0,1.0,1.0,100.0,1.0,0,0,0,0,0,0.0,0.0
450,8,1,1,1,1.0,7.0,1.0,14.29,1.0,0,0,0,0,1,71.43,0.0
450,8,4,3,3,74.0,64.0,24.67,115.62,64.0,6,2,1,0,2,32.81,12.5
450,8,6,1,1,0.0,2.0,0.0,0.0,0.0,0,0,0,0,1,100.0,0.0
450,7,4,1,1,0.0,1.0,0.0,0.0,0.0,0,0,0,0,1,100.0,0.0
450,18,5,1,1,18.0,6.0,18.0,300.0,18.0,1,2,0,0,0,0.0,50.0
450,28,4,1,1,9.0,9.0,9.0,100.0,9.0,0,1,0,0,1,55.56,11.11
558,23,10,1,1,5.0,4.0,5.0,125.0,5.0,1,0,0,0,0,50.0,25.0
558,11,4,1,1,11.0,5.0,11.0,220.0,11.0,2,0,0,0,0,0.0,40.0
558,35,8,1,1,0.0,1.0,0.0,0.0,0.0,0,0,0,0,0,100.0,0.0
558,3,5,1,1,14.0,8.0,14.0,175.0,14.0,3,0,0,0,0,37.5,37.5
558,3,10,3,3,19.0,29.0,6.33,65.52,9.0,0,0,0,0,2,37.93,0.0
558,32,10,1,1,8.0,5.0,8.0,160.0,8.0,1,0,0,0,0,20.0,20.0
558,16,4,1,1,2.0,3.0,2.0,66.67,2.0,0,0,0,0,0,33.33,0.0
558,16,10,1,1,0.0,2.0,0.0,0.0,0.0,0,0,0,0,1,100.0,0.0
45,23,10,1,1,0.0,3.0,0.0,0.0,0.0,0,0,0,0,1,100.0,0.0
45,3,10,3,3,11.0,13.0,3.67,84.62,8.0,0,0,0,0,3,30.77,0.0
45,32,10,1,1,2.0,7.0,2.0,28.57,2.0,0,0,0,0,1,71.43,0.0
181,10,1,1,1,8.0,5.0,8.0,160.0,8.0,1,0,0,0,0,20.0,20.0
181,10,3,1,1,14.0,15.0,14.0,93.33,14.0,3,0,0,0,1,60.0,20.0
181,10,5,1,1,15.0,16.0,15.0,93.75,15.0,1,1,0,0,1,62.5,12.5
181,26,3,1,1,55.0,45.0,55.0,122.22,55.0,6,0,1,0,0,22.22,13.33
181,21,2,1,1,59.0,41.0,59.0,143.9,59.0,9,1,1,0,0,43.9,24.39
181,37,5,1,1,25.0,20.0,25.0,125.0,25.0,3,0,0,0,1,25.0,15.0
181,27,1,1,1,6.0,2.0,6.0,300.0,6.0,1,0,0,0,0,0.0,50.0
181,27,3,2,2,51.0,52.0,25.5,98.08,37.0,5,1,0,0,2,28.85,11.54
181,27,4,1,1,63.0,44.0,63.0,143.18,63.0,6,2,1,0,0,20.45,18.18
181,23,3,1,1,43.0,33.0,43.0,130.3,43.0,3,1,0,0,0,27.27,12.12
181,23,4,1,1,54.0,41.0,54.0,131.71,54.0,3,2,1,0,1,21.95,12.2
181,23,6,2,2,6.0,16.0,3.0,37.5,6.0,0,0,0,0,2,56.25,0.0
181,11,3,1,1,53.0,36.0,53.0,147.22,53.0,7,2,1,0,1,38.89,25.0
181,13,2,4,4,21.0,35.0,5.25,60.0,8.0,1,0,0,0,4,51.43,2.86
181,3,3,1,1,31.0,17.0,31.0,182.35,31.0,5,1,0,0,1,35.29,35.29
181,3,4,1,1,0.0,10.0,0.0,0.0,0.0,0,0,0,0,1,100.0,0.0
181,3,5,1,1,47.0,39.0,47.0,120.51,47.0,6,1,0,0,1,43.59,17.95
181,8,1,6,6,79.0,62.0,13.17,127.42,64.0,6,4,1,0,4,40.32,16.13
181,8,3,6,6,78.0,72.0,13.0,108.33,30.0,9,0,0,0,5,36.11,12.5
181,8,4,5,5,89.0,65.0,17.8,136.92,55.0,8,3,1,0,2,27.69,16.92
181,8,5,5,5,108.0,105.0,21.6,102.86,57.0,13,0,1,0,5,40.0,12.38
181,8,6,3,3,84.0,71.0,28.0,118.31,34.0,9,0,0,0,3,30.99,12.68
181,2,3,1,1,25.0,27.0,25.0,92.59,25.0,2,0,0,0,1,33.33,7.41
181,22,4,1,1,19.0,17.0,19.0,111.76,19.0,1,0,0,0,1,23.53,5.88
181,19,2,2,2,46.0,35.0,23.0,131.43,45.0,4,2,0,0,1,34.29,17.14
181,5,2,1,1,0.0,2.0,0.0,0.0,0.0,0,0,0,0,1,100.0,0.0
181,7,1,1,1,31.0,14.0,31.0,221.43,31.0,3,2,0,0,0,14.29,35.71
181,7,4,1,1,66.0,56.0,66.0,117.86,66.0,8,0,1,0,0,32.14,14.29
181,18,1,1,1,15.0,14.0,15.0,107.14,15.0,3,0,0,0,1,64.29,21.43
181,30,2,1,1,22.0,23.0,22.0,95.65,22.0,2,1,0,0,1,43.48,13.04
181,31,6,1,1,34.0,31.0,34.0,109.68,34.0,2,0,0,0,1,22.58,6.45
181,6,2,2,2,29.0,28.0,14.5,103.57,29.0,4,0,0,0,2,42.86,14.29
181,29,3,1,1,6.0,6.0,6.0,100.0,6.0,1,0,0,0,1,33.33,16.67
181,28,1,1,1,53.0,33.0,53.0,160.61,53.0,7,2,1,0,1,36.36,27.27
181,28,4,2,2,105.0,80.0,52.5,131.25,71.0,12,2,1,0,1,33.75,17.5
181,28,5,1,1,1.0,1.0,1.0,100.0,1.0,0,0,0,0,0,0.0,0.0
181,28,6,1,1,0.0,3.0,0.0,0.0,0.0,0,0,0,0,1,100.0,0.0
252,23,1,1,1,7.0,11.0,7.0,63.64,7.0,1,0,0,0,1,63.64,9.09
252,3,1,1,1,2.0,9.0,2.0,22.22,2.0,0,0,0,0,1,77.78,0.0
252,28,1,1,1,16.0,11.0,16.0,145.45,16.0,3,0,0,0,1,36.36,27.27
504,10,1,6,6,264.0,206.0,44.0,128.16,68.0,28,7,4,0,5,33.01,16.99
504,10,4,1,1,8.0,5.0,8.0,160.0,8.0,2,0,0,0,1,60.0,40.0
504,10,5,1,1,44.0,29.0,44.0,151.72,44.0,5,1,0,0,1,27.59,20.69
504,10,6,1,1,33.0,39.0,33.0,84.62,33.0,3,0,0,0,1,41.03,7.69
504,10,7,1,1,4.0,8.0,4.0,50.0,4.0,1,0,0,0,1,50.0,12.5
504,10,9,2,2,10.0,14.0,5.0,71.43,10.0,2,0,0,0,2,64.29,14.29
504,10,10,1,1,28.0,17.0,28.0,164.71,28.0,4,1,0,0,1,41.18,29.41
504,10,11,1,1,92.0,50.0,92.0,184.0,92.0,9,4,1,0,0,12.0,26.0
504,10,12,7,7,236.0,181.0,33.71,130.39,56.0,29,5,3,0,8,33.7,18.78
504,10,16,1,1,7.0,5.0,7.0,140.0,7.0,0,1,0,0,1,60.0,20.0
504,9,5,2,2,63.0,68.0,31.5,92.65,50.0,6,1,1,0,2,42.65,10.29
504,15,16,1,1,86.0,56.0,86.0,153.57,86.0,9,3,1,0,1,28.57,21.43
504,24,17,1,1,70.0,50.0,70.0,140.0,70.0,7,3,1,0,1,36.0,20.0
504,26,3,4,4,143.0,108.0,35.75,132.41,56.0,16,3,2,0,4,34.26,17.59
504,26,8,1,1,54.0,35.0,54.0,154.29,54.0,6,2,1,0,1,28.57,22.86
504,26,15,4,4,98.0,79.0,24.5,124.05,35.0,11,2,0,0,4,39.24,16.46
504,37,5,2,2,62.0,42.0,31.0,147.62,41.0,5,4,0,0,2,40.48,21.43
504,37,8,3,3,82.0,76.0,27.33,107.89,54.0,9,1,1,0,3,39.47,13.16
504,37,9,2,2,115.0,84.0,57.5,136.9,82.0,12,3,1,0,1,34.52,17.86
504,37,12,2,2,35.0,30.0,17.5,116.67,18.0,6,0,0,0,2,43.33,20.0
504,27,1,1,1,1.0,3.0,1.0,33.33,1.0,0,0,0,0,1,66.67,0.0
504,27,3,3,3,20.0,29.0,6.67,68.97,12.0,4,0,0,0,3,75.86,13.79
504,27,4,1,1,28.0,25.0,28.0,112.0,28.0,4,0,0,0,1,40.0,16.0
504,27,15,4,4,132.0,109.0,33.0,121.1,62.0,17,2,1,0,3,39.45,17.43
504,12,7,2,2,39.0,28.0,19.5,139.29,33.0,6,1,0,0,2,35.71,25.0
504,12,13,9,9,245.0,169.0,27.22,144.97,106.0,27,6,2,1,8,29.59,19.53
504,12,14,4,4,131.0,114.0,32.75,114.91,43.0,13,5,0,0,4,42.11,15.79
504,23,1,1,1,7.0,10.0,7.0,70.0,7.0,1,0,0,0,1,60.0,10.0
504,23,3,1,1,10.0,11.0,10.0,90.91,10.0,1,0,0,0,1,45.45,9.09
504,23,4,1,1,7.0,7.0,7.0,100.0,7.0,1,0,0,0,0,42.86,14.29
504,23,7,1,1,29.0,31.0,29.0,93.55,29.0,5,0,0,0,1,51.61,16.13
504,23,8,1,1,15.0,15.0,15.0,100.0,15.0,3,0,0,0,1,60.0,20.0
504,23,9,1,1,51.0,30.0,51.0,170.0,51.0,4,3,1,0,1,26.67,23.33
504,23,10,1,1,23.0,22.0,23.0,104.55,23.0,4,0,0,0,1,50.0,18.18
504,23,11,2,2,41.0,31.0,20.5,132.26,34.0,5,1,0,0,2,32.26,19.35
504,23,12,1,1,97.0,63.0,97.0,153.97,97.0,11,2,1,0,0,23.81,20.63
504,23,16,1,1,57.0,47.0,57.0,121.28,57.0,9,1,1,0,1,42.55,21.28
504,20,10,1,1,18.0,11.0,18.0,163.64,18.0,4,0,0,0,1,45.45,36.36
504,11,4,1,1,95.0,57.0,95.0,166.67,95.0,14,1,1,0,0,17.54,26.32
504,11,16,2,2,17.0,13.0,8.5,130.77,17.0,2,1,0,0,2,46.15,23.08
504,35,7,1,1,64.0,49.0,64.0,130.61,64.0,4,2,1,0,0,26.53,12.24
504,13,2,2,2,6.0,14.0,3.0,42.86,3.0,0,0,0,0,2,57.14,0.0
504,3,1,1,1,16.0,13.0,16.0,123.08,16.0,1,1,0,0,0,38.46,15.38
504,3,5,1,1,73.0,52.0,73.0,140.38,73.0,10,1,1,0,1,28.85,21.15
504,3,7,1,1,37.0,36.0,37.0,102.78,37.0,4,0,0,0,1,38.89,11.11
504,3,8,1,1,50.0,42.0,50.0,119.05,50.0,4,2,1,0,0,33.33,14.29
504,3,9,2,2,36.0,34.0,18.0,105.88,28.0,4,1,0,0,2,47.06,14.71
504,3,10,1,1,11.0,13.0,11.0,84.62,11.0,1,0,0,0,1,38.46,7.69
504,3,11,1,1,18.0,15.0,18.0,120.0,18.0,0,2,0,0,1,46.67,13.33
504,3,12,1,1,0.0,1.0,0.0,0.0,0.0,0,0,0,0,1,100.0,0.0
504,3,17,1,1,45.0,37.0,45.0,121.62,45.0,5,1,0,0,1,37.84,16.22
504,8,1,1,1,19.0,17.0,19.0,111.76,19.0,2,0,0,0,0,41.18,11.76
504,8,3,1,1,16.0,18.0,16.0,88.89,16.0,2,0,0,0,1,44.44,11.11
504,8,4,1,1,19.0,27.0,19.0,70.37,19.0,0,0,0,0,1,37.04,0.0
504,8,5,1,1,36.0,29.0,36.0,124.14,36.0,3,0,0,0,0,27.59,10.34
504,8,6,1,1,63.0,45.0,63.0,140.0,63.0,10,0,1,0,1,26.67,22.22
504,8,8,1,1,26.0,18.0,26.0,144.44,26.0,5,0,0,0,1,38.89,27.78
504,8,12,1,1,19.0,13.0,19.0,146.15,19.0,1,1,0,0,1,38.46,15.38
504,8,14,2,3,73.0,70.0,36.5,104.29,45.0,8,1,0,0,2,37.14,12.86
504,8,16,1,1,28.0,15.0,28.0,186.67,28.0,4,1,0,0,1,40.0,33.33
504,25,17,2,2,36.0,32.0,18.0,112.5,22.0,6,0,0,0,2,46.88,18.75
504,32,10,1,1,30.0,29.0,30.0,103.45,30.0,5,0,0,0,1,44.83,17.24
504,32,11,1,1,79.0,49.0,79.0,161.22,79.0,10,3,1,0,1,28.57,26.53
504,32,15,2,2,75.0,65.0,37.5,115.38,70.0,5,3,1,0,2,29.23,12.31
504,2,7,1,1,33.0,20.0,33.0,165.0,33.0,7,0,0,0,1,45.0,35.0
504,2,14,3,3,121.0,101.0,40.33,119.8,69.0,11,3,1,0,2,33.66,13.86
504,2,17,1,1,1.0,2.0,1.0,50.0,1.0,0,0,0,0,1,50.0,0.0
504,22,4,1,1,4.0,9.0,4.0,44.44,4.0,0,0,0,0,1,66.67,0.0
504,5,2,1,1,22.0,21.0,22.0,104.76,22.0,2,0,0,0,1,28.57,9.52
504,7,1,1,1,0.0,3.0,0.0,0.0,0.0,0,0,0,0,1,100.0,0.0
504,7,3,1,1,2.0,4.0,2.0,50.0,2.0,0,0,0,0,1,50.0,0.0
504,7,5,1,1,71.0,50.0,71.0,142.0,71.0,4,3,1,0,1,24.0,14.0
504,7,6,1,1,15.0,14.0,15.0,107.14,15.0,2,0,0,0,1,42.86,14.29
504,7,8,1,1,1.0,2.0,1.0,50.0,1.0,0,0,0,0,1,50.0,0.0
504,7,9,1,1,25.0,22.0,25.0,113.64,25.0,4,0,0,0,0,36.36,18.18
504,7,10,1,1,77.0,48.0,77.0,160.42,77.0,9,1,1,0,1,18.75,20.83
504,7,11,1,1,0.0,1.0,0.0,0.0,0.0,0,0,0,0,1,100.0,0.0
504,7,12,1,1,30.0,25.0,30.0,120.0,30.0,4,0,0,0,1,28.0,16.0
504,7,16,4,4,79.0,59.0,19.75,133.9,40.0,13,0,0,0,4,35.59,22.03
504,16,1,1,1,25.0,28.0,25.0,89.29,25.0,3,0,0,0,0,53.57,10.71
504,16,4,7,7,212.0,162.0,30.29,130.86,54.0,24,5,1,0,8,32.1,17.9
504,16,5,4,4,123.0,83.0,30.75,148.19,84.0,13,7,1,0,4,43.37,24.1
504,16,6,5,5,141.0,112.0,28.2,125.89,73.0,16,3,1,0,3,40.18,16.96
504,16,7,4,4,125.0,101.0,31.25,123.76,50.0,18,3,1,0,3,46.53,20.79
504,16,8,4,4,70.0,59.0,17.5,118.64,37.0,9,0,0,0,4,30.51,15.25
504,16,9,7,7,201.0,196.0,28.71,102.55,56.0,18,1,1,0,6,37.24,9.69
504,16,10,7,7,244.0,193.0,34.86,126.42,70.0,21,6,2,0,6,26.42,13.99
504,16,11,6,6,230.0,181.0,38.33,127.07,78.0,31,3,2,0,5,35.36,18.78
504,16,12,1,1,7.0,8.0,7.0,87.5,7.0,1,0,0,0,1,75.0,12.5
504,16,16,1,1,99.0,66.0,99.0,150.0,99.0,12,5,1,0,0,45.45,25.76
504,34,9,1,1,53.0,41.0,53.0,129.27,53.0,5,0,1,0,0,26.83,12.2
504,18,1,1,1,3.0,3.0,3.0,100.0,3.0,0,0,0,0,1,33.33,0.0
504,18,5,1,1,52.0,43.0,52.0,120.93,52.0,8,0,1,0,1,37.21,18.6
504,18,6,1,1,0.0,2.0,0.0,0.0,0.0,0,0,0,0,1,100.0,0.0
504,18,11,1,1,6.0,4.0,6.0,150.0,6.0,1,0,0,0,1,25.0,25.0
504,18,12,1,1,54.0,27.0,54.0,200.0,54.0,8,2,1,0,1,25.93,37.04
504,33,8,1,1,13.0,10.0,13.0,130.0,13.0,2,0,0,0,1,50.0,20.0
504,33,9,1,1,10.0,8.0,10.0,125.0,10.0,2,0,0,0,1,50.0,25.0
504,36,7,2,2,8.0,12.0,4.0,66.67,7.0,1,0,0,0,2,58.33,8.33
504,36,13,3,3,132.0,78.0,44.0,169.23,101.0,17,3,1,1,2,23.08,25.64
504,36,14,3,3,68.0,66.0,22.67,103.03,36.0,6,3,0,0,3,48.48,13.64
504,1,7,1,1,38.0,34.0,38.0,111.76,38.0,3,1,0,0,1,32.35,11.76
504,1,13,5,5,241.0,180.0,48.2,133.89,78.0,23,4,3,0,4,24.44,15.0
504,1,14,1,1,8.0,8.0,8.0,100.0,8.0,1,0,0,0,1,37.5,12.5
504,30,2,1,1,12.0,10.0,12.0,120.0,12.0,1,0,0,0,1,40.0,10.0
504,31,5,1,1,16.0,11.0,16.0,145.45,16.0,1,1,0,0,0,27.27,18.18
504,28,1,1,1,5.0,12.0,5.0,41.67,5.0,0,0,0,0,1,58.33,0.0
504,28,4,1,1,27.0,18.0,27.0,150.0,27.0,2,1,0,0,0,22.22,16.67
504,28,5,1,1,29.0,32.0,29.0,90.62,29.0,3,0,0,0,1,46.88,9.38
504,28,6,1,1,59.0,41.0,59.0,143.9,59.0,6,2,1,0,1,31.71,19.51
504,28,8,1,1,42.0,29.0,42.0,144.83,42.0,7,1,0,0,1,51.72,27.59
504,28,10,1,1,48.0,43.0,48.0,111.63,48.0,5,1,0,0,1,41.86,13.95
504,28,11,3,3,31.0,32.0,10.33,96.88,26.0,3,1,0,0,3,50.0,12.5
504,28,12,1,1,43.0,36.0,43.0,119.44,43.0,4,1,0,0,1,30.56,13.89
504,28,14,3,3,186.0,114.0,62.0,163.16,92.0,24,4,2,0,3,22.81,24.56
504,28,15,4,4,155.0,122.0,38.75,127.05,88.0,14,5,1,0,3,29.51,15.57
697,10,12,1,1,24.0,16.0,24.0,150.0,24.0,0,2,0,0,1,18.75,12.5
697,10,14,1,1,35.0,31.0,35.0,112.9,35.0,2,2,0,0,1,35.48,12.9
697,10,16,1,1,22.0,9.0,22.0,244.44,22.0,0,3,0,0,1,22.22,33.33
697,10,18,1,1,39.0,32.0,39.0,121.88,39.0,2,2,0,0,1,31.25,12.5
697,15,18,1,1,18.0,10.0,18.0,180.0,18.0,1,2,0,0,1,40.0,30.0
697,24,17,1,1,3.0,8.0,3.0,37.5,3.0,0,0,0,0,1,62.5,0.0
697,24,18,1,1,43.0,37.0,43.0,116.22,43.0,3,2,0,0,0,37.84,13.51
697,26,15,2,2,106.0,60.0,53.0,176.67,57.0,11,5,1,0,2,26.67,26.67
697,37,17,1,1,18.0,17.0,18.0,105.88,18.0,1,0,0,0,1,17.65,5.88
697,27,15,4,4,143.0,84.0,35.75,170.24,95.0,7,11,1,0,3,29.76,21.43
697,12,13,5,5,79.0,56.0,15.8,141.07,27.0,3,6,0,0,3,33.93,16.07
697,23,16,1,1,50.0,21.0,50.0,238.1,50.0,2,5,1,0,1,19.05,33.33
697,23,18,1,1,45.0,40.0,45.0,112.5,45.0,2,3,0,0,1,42.5,12.5
697,11,17,1,1,0.0,1.0,0.0,0.0,0.0,0,0,0,0,1,100.0,0.0
697,3,12,1,1,9.0,5.0,9.0,180.0,9.0,0,1,0,0,0,20.0,20.0
697,3,16,1,1,52.0,27.0,52.0,192.59,52.0,2,5,1,0,1,29.63,25.93
697,3,17,1,1,7.0,15.0,7.0,46.67,7.0,0,0,0,0,1,53.33,0.0
697,3,18,1,1,8.0,3.0,8.0,266.67,8.0,0,1,0,0,0,0.0,33.33
697,8,12,1,1,2.0,5.0,2.0,40.0,2.0,0,0,0,0,1,60.0,0.0
697,8,16,7,7,163.0,109.0,23.29,149.54,48.0,4,14,0,0,5,31.19,16.51
697,8,17,7,7,236.0,128.0,33.71,184.38,66.0,13,21,2,0,5,30.47,26.56
697,8,18,6,6,95.0,81.0,15.83,117.28,31.0,9,3,0,0,5,35.8,14.81
697,25,18,1,1,42.0,27.0,42.0,155.56,42.0,3,2,0,0,1,25.93,18.52
697,32,15,1,1,19.0,17.0,19.0,111.76,19.0,2,0,0,0,0,29.41,11.76
697,2,16,2,2,51.0,39.0,25.5,130.77,32.0,0,3,0,0,1,20.51,7.69
697,2,17,1,1,21.0,13.0,21.0,161.54,21.0,2,1,0,0,1,30.77,23.08
697,2,18,1,1,17.0,8.0,17.0,212.5,17.0,0,2,0,0,1,25.0,25.0
697,16,12,1,1,5.0,7.0,5.0,71.43,5.0,1,0,0,0,2,71.43,14.29
697,16,17,1,1,45.0,24.0,45.0,187.5,45.0,2,4,0,0,1,33.33,25.0
697,18,16,1,1,52.0,33.0,52.0,157.58,52.0,2,4,1,0,1,21.21,18.18
697,36,13,1,1,23.0,19.0,23.0,121.05,23.0,0,2,0,0,1,36.84,10.53
697,36,14,2,2,21.0,28.0,10.5,75.0,18.0,0,1,0,0,2,50.0,3.57
697,1,13,3,3,27.0,30.0,9.0,90.0,17.0,2,1,0,0,3,53.33,10.0
697,1,14,1,1,64.0,42.0,64.0,152.38,64.0,4,4,1,0,0,28.57,19.05
697,28,14,5,5,110.0,92.0,22.0,119.57,46.0,12,3,0,0,5,36.96,16.3
697,28,15,4,4,21.0,24.0,5.25,87.5,10.0,2,0,0,0,4,50.0,8.33
697,28,16,1,1,28.0,26.0,28.0,107.69,28.0,2,1,0,0,1,42.31,11.54
697,28,17,1,1,66.0,38.0,66.0,173.68,66.0,10,2,1,0,0,26.32,31.58
697,28,18,1,1,50.0,32.0,50.0,156.25,50.0,2,4,1,0,1,31.25,18.75
462,10,12,1,1,12.0,18.0,12.0,66.67,12.0,0,0,0,0,1,38.89,0.0
462,26,15,1,1,9.0,7.0,9.0,128.57,9.0,2,0,0,0,0,57.14,28.57
462,12,13,3,3,34.0,34.0,11.33,100.0,23.0,3,0,0,0,2,32.35,8.82
462,23,12,1,1,18.0,9.0,18.0,200.0,18.0,4,0,0,0,1,33.33,44.44
462,17,11,1,1,24.0,16.0,24.0,150.0,24.0,3,0,0,0,0,18.75,18.75
462,8,12,1,1,0.0,3.0,0.0,0.0,0.0,0,0,0,0,1,66.67,0.0
462,32,11,1,1,8.0,10.0,8.0,80.0,8.0,0,0,0,0,0,30.0,0.0
462,2,8,1,1,1.0,1.0,1.0,100.0,1.0,0,0,0,0,0,0.0,0.0
462,7,12,1,1,0.0,1.0,0.0,0.0,0.0,0,0,0,0,1,100.0,0.0
462,16,11,1,1,18.0,18.0,18.0,100.0,18.0,2,0,0,0,1,38.89,11.11
462,18,11,1,1,0.0,1.0,0.0,0.0,0.0,0,0,0,0,1,100.0,0.0
462,18,12,2,2,20.0,8.0,10.0,250.0,19.0,2,1,0,0,0,0.0,37.5
462,36,13,1,1,2.0,3.0,2.0,66.67,2.0,0,0,0,0,1,33.33,0.0
462,36,14,1,1,0.0,1.0,0.0,0.0,0.0,0,0,0,0,1,100.0,0.0
462,1,13,1,1,1.0,2.0,1.0,50.0,1.0,0,0,0,0,1,50.0,0.0
462,28,7,1,1,11.0,10.0,11.0,110.0,11.0,1,0,0,0,1,20.0,10.0
462,28,9,1,1,2.0,16.0,2.0,12.5,2.0,0,0,0,0,1,87.5,0.0
462,28,12,1,1,13.0,7.0,13.0,185.71,13.0,2,0,0,0,0,28.57,28.57
462,28,14,1,1,7.0,4.0,7.0,175.0,7.0,0,1,0,0,0,50.0,25.0
610,12,14,1,1,7.0,5.0,7.0,140.0,7.0,1,0,0,0,0,20.0,20.0
610,8,6,1,1,7.0,9.0,7.0,77.78,7.0,0,0,0,0,0,55.56,0.0
610,2,7,1,1,2.0,2.0,2.0,100.0,2.0,0,0,0,0,0,0.0,0.0
610,16,10,1,1,0.0,2.0,0.0,0.0,0.0,0,0,0,0,0,100.0,0.0
610,16,11,2,2,1.0,5.0,0.5,20.0,1.0,0,0,0,0,1,80.0,0.0
610,16,12,1,1,0.0,1.0,0.0,0.0,0.0,0,0,0,0,1,100.0,0.0
610,1,14,1,1,1.0,3.0,1.0,33.33,1.0,0,0,0,0,0,66.67,0.0
610,28,11,1,1,2.0,9.0,2.0,22.22,2.0,0,0,0,0,1,88.89,0.0
391,3,9,1,1,0.0,1.0,0.0,0.0,0.0,0,0,0,0,1,100.0,0.0
117,10,3,1,1,0.0,8.0,0.0,0.0,0.0,0,0,0,0,1,100.0,0.0
117,9,3,1,1,0.0,1.0,0.0,0.0,0.0,0,0,0,0,1,100.0,0.0
227,7,12,1,1,0.0,1.0,0.0,0.0,0.0,0,0,0,0,1,100.0,0.0
451,10,5,1,1,0.0,2.0,0.0,0.0,0.0,0,0,0,0,2,100.0,0.0
451,10,6,2,2,2.0,8.0,1.0,25.0,2.0,0,0,0,0,1,87.5,0.0
451,10,8,1,1,2.0,7.0,2.0,28.57,2.0,0,0,0,0,1,71.43,0.0
451,10,10,1,1,2.0,6.0,2.0,33.33,2.0,0,0,0,0,1,50.0,0.0
451,37,9,1,1,1.0,5.0,1.0,20.0,1.0,0,0,0,0,0,60.0,0.0
451,12,13,1,1,5.0,5.0,5.0,100.0,5.0,1,0,0,0,1,60.0,20.0
451,23,6,1,1,4.0,8.0,4.0,50.0,4.0,0,0,0,0,1,62.5,0.0
451,23,11,1,1,6.0,8.0,6.0,75.0,6.0,0,0,0,0,0,25.0,0.0
451,3,10,1,1,0.0,2.0,0.0,0.0,0.0,0,0,0,0,1,100.0,0.0
451,8,14,1,1,0.0,1.0,0.0,0.0,0.0,0,0,0,0,1,100.0,0.0
451,2,7,1,1,1.0,4.0,1.0,25.0,1.0,0,0,0,0,1,75.0,0.0
451,7,7,1,1,3.0,7.0,3.0,42.86,3.0,0,0,0,0,0,57.14,0.0
451,7,10,1,1,0.0,1.0,0.0,0.0,0.0,0,0,0,0,1,100.0,0.0
451,16,6,1,1,0.0,3.0,0.0,0.0,0.0,0,0,0,0,1,100.0,0.0
451,1,7,1,1,3.0,8.0,3.0,37.5,3.0,0,0,0,0,1,62.5,0.0
451,1,13,1,1,2.0,3.0,2.0,66.67,2.0,0,0,0,0,0,33.33,0.0
451,31,6,1,1,6.0,5.0,6.0,120.0,6.0,1,0,0,0,1,60.0,20.0
451,28,4,1,1,0.0,1.0,0.0,0.0,0.0,0,0,0,0,1,100.0,0.0
451,28,6,1,1,2.0,3.0,2.0,66.67,2.0,0,0,0,0,1,33.33,0.0
7,10,3,1,1,12.0,9.0,12.0,133.33,12.0,2,0,0,0,1,44.44,22.22
7,3,3,1,1,0.0,1.0,0.0,0.0,0.0,0,0,0,0,1,100.0,0.0
7,2,3,1,1,2.0,2.0,2.0,100.0,2.0,0,0,0,0,1,0.0,0.0
7,33,6,1,1,23.0,15.0,23.0,153.33,23.0,4,0,0,0,1,33.33,26.67
677,27,4,1,1,18.0,16.0,18.0,112.5,18.0,2,0,0,0,1,25.0,12.5
677,23,7,1,1,19.0,12.0,19.0,158.33,19.0,2,0,0,0,0,16.67,16.67
677,35,7,1,1,1.0,2.0,1.0,50.0,1.0,0,0,0,0,1,50.0,0.0
677,3,7,3,3,38.0,36.0,12.67,105.56,18.0,3,1,0,0,1,44.44,11.11
677,16,7,1,1,12.0,7.0,12.0,171.43,12.0,2,0,0,0,1,28.57,28.57
677,1,7,1,1,3.0,8.0,3.0,37.5,3.0,0,0,0,0,1,62.5,0.0
176,28,4,1,1,2.0,4.0,2.0,50.0,2.0,0,0,0,0,1,75.0,0.0
616,10,4,1,1,62.0,41.0,62.0,151.22,62.0,8,1,1,0,1,24.39,21.95
616,21,2,1,1,30.0,17.0,30.0,176.47,30.0,4,1,0,0,1,35.29,29.41
616,27,4,1,1,34.0,28.0,34.0,121.43,34.0,2,2,0,0,1,42.86,14.29
616,13,2,2,2,3.0,10.0,1.5,30.0,3.0,0,0,0,0,2,70.0,0.0
616,8,4,1,1,56.0,30.0,56.0,186.67,56.0,6,4,1,0,1,36.67,33.33
616,22,4,1,1,1.0,4.0,1.0,25.0,1.0,0,0,0,0,1,75.0,0.0
616,19,2,1,1,9.0,12.0,9.0,75.0,9.0,0,1,0,0,1,75.0,8.33
616,4,2,1,1,3.0,12.0,3.0,25.0,3.0,0,0,0,0,1,75.0,0.0
616,7,1,1,1,0.0,4.0,0.0,0.0,0.0,0,0,0,0,1,100.0,0.0
616,16,4,5,5,76.0,66.0,15.2,115.15,38.0,9,1,0,0,4,45.45,15.15
616,18,1,1,1,4.0,4.0,4.0,100.0,4.0,0,0,0,0,1,25.0,0.0
616,30,2,1,1,25.0,17.0,25.0,147.06,25.0,0,3,0,0,1,47.06,17.65
616,6,2,2,2,45.0,25.0,22.5,180.0,43.0,5,3,0,0,1,40.0,32.0
616,28,4,1,1,20.0,22.0,20.0,90.91,20.0,0,2,0,0,1,45.45,9.09
210,9,3,1,1,12.0,5.0,12.0,240.0,12.0,3,0,0,0,0,40.0,60.0
210,27,4,1,1,1.0,6.0,1.0,16.67,1.0,0,0,0,0,0,66.67,0.0
210,13,2,1,1,4.0,8.0,4.0,50.0,4.0,1,0,0,0,0,87.5,12.5
210,3,6,1,1,0.0,2.0,0.0,0.0,0.0,0,0,0,0,1,100.0,0.0
210,22,4,2,2,0.0,3.0,0.0,0.0,0.0,0,0,0,0,1,100.0,0.0
210,7,1,1,1,0.0,1.0,0.0,0.0,0.0,0,0,0,0,1,100.0,0.0
210,7,3,2,2,15.0,16.0,7.5,93.75,15.0,2,0,0,0,0,50.0,12.5
210,18,6,1,1,1.0,2.0,1.0,50.0,1.0,0,0,0,0,0,0.0,0.0
210,6,2,1,1,1.0,10.0,1.0,10.0,1.0,0,0,0,0,0,80.0,0.0
210,28,1,1,1,0.0,2.0,0.0,0.0,0.0,0,0,0,0,0,50.0,0.0
314,11,4,1,1,4.0,7.0,4.0,57.14,4.0,0,0,0,0,1,57.14,0.0
314,3,3,1,1,27.0,29.0,27.0,93.1,27.0,3,0,0,0,1,37.93,10.34
202,8,3,1,1,3.0,4.0,3.0,75.0,3.0,0,0,0,0,0,25.0,0.0
574,10,1,1,1,40.0,23.0,40.0,173.91,40.0,6,1,0,0,1,34.78,30.43
574,27,1,1,1,16.0,14.0,16.0,114.29,16.0,1,1,0,0,1,50.0,14.29
574,8,1,3,3,62.0,44.0,20.67,140.91,54.0,9,1,1,0,3,38.64,22.73
574,18,1,1,1,5.0,10.0,5.0,50.0,5.0,1,0,0,0,1,70.0,10.0
574,28,1,2,2,22.0,18.0,11.0,122.22,16.0,4,0,0,0,2,50.0,22.22
663,26,15,1,1,7.0,5.0,7.0,140.0,7.0,0,1,0,0,1,60.0,20.0
663,23,8,1,1,1.0,4.0,1.0,25.0,1.0,0,0,0,0,0,75.0,0.0
663,3,8,1,1,14.0,9.0,14.0,155.56,14.0,1,1,0,0,1,33.33,22.22
28,21,2,2,2,70.0,64.0,35.0,109.38,44.0,9,2,0,0,2,54.69,17.19
28,27,1,2,2,67.0,56.0,33.5,119.64,39.0,7,1,0,0,2,33.93,14.29
28,23,1,1,1,5.0,3.0,5.0,166.67,5.0,1,0,0,0,1,33.33,33.33
28,13,2,1,1,4.0,6.0,4.0,66.67,4.0,1,0,0,0,1,83.33,16.67
28,8,1,1,1,41.0,27.0,41.0,151.85,41.0,5,2,0,0,0,33.33,25.93
28,2,3,1,1,5.0,4.0,5.0,125.0,5.0,1,0,0,0,1,50.0,25.0
28,5,2,2,2,3.0,6.0,1.5,50.0,3.0,0,0,0,0,2,50.0,0.0
28,7,4,1,1,9.0,9.0,9.0,100.0,9.0,1,0,0,0,1,44.44,11.11
28,18,1,4,4,159.0,126.0,39.75,126.19,60.0,24,2,2,0,5,35.71,20.63
28,30,2,1,1,0.0,1.0,0.0,0.0,0.0,0,0,0,0,1,100.0,0.0
28,6,2,2,2,21.0,16.0,10.5,131.25,11.0,1,2,0,0,2,50.0,18.75
28,28,1,1,1,39.0,21.0,39.0,185.71,39.0,6,1,0,0,1,33.33,33.33
631,10,8,1,1,24.0,16.0,24.0,150.0,24.0,2,1,0,0,1,25.0,18.75
631,10,9,2,2,44.0,28.0,22.0,157.14,23.0,2,2,0,0,2,14.29,14.29
631,10,10,1,1,7.0,9.0,7.0,77.78,7.0,0,0,0,0,1,22.22,0.0
631,10,11,1,1,12.0,4.0,12.0,300.0,12.0,1,1,0,0,1,25.0,50.0
631,10,12,1,1,26.0,27.0,26.0,96.3,26.0,2,0,0,0,2,29.63,7.41
631,10,14,2,2,19.0,13.0,9.5,146.15,16.0,3,0,0,0,2,30.77,23.08
631,10,16,1,1,0.0,1.0,0.0,0.0,0.0,0,0,0,0,1,100.0,0.0
631,10,17,1,1,26.0,13.0,26.0,200.0,26.0,3,2,0,0,1,46.15,38.46
631,10,18,1,1,40.0,28.0,40.0,142.86,40.0,5,2,0,0,1,42.86,25.0
631,24,16,1,1,7.0,9.0,7.0,77.78,7.0,0,0,0,0,1,44.44,0.0
631,24,17,1,1,10.0,6.0,10.0,166.67,10.0,0,1,0,0,1,50.0,16.67
631,24,18,1,1,67.0,43.0,67.0,155.81,67.0,9,1,1,0,1,27.91,23.26
631,26,8,1,1,0.0,1.0,0.0,0.0,0.0,0,0,0,0,1,100.0,0.0
631,26,15,2,2,50.0,38.0,25.0,131.58,37.0,3,1,0,0,2,15.79,10.53
631,37,8,1,1,2.0,2.0,2.0,100.0,2.0,0,0,0,0,0,0.0,0.0
631,27,15,2,2,83.0,60.0,41.5,138.33,51.0,8,3,1,0,2,33.33,18.33
631,12,7,1,1,8.0,3.0,8.0,266.67,8.0,2,0,0,0,0,33.33,66.67
631,12,13,5,5,82.0,75.0,16.4,109.33,51.0,8,3,1,0,3,45.33,14.67
631,12,14,2,2,11.0,16.0,5.5,68.75,8.0,0,0,0,0,2,31.25,0.0
631,23,7,2,2,32.0,19.0,16.0,168.42,20.0,4,2,0,0,1,47.37,31.58
631,23,8,6,6,81.0,51.0,13.5,158.82,46.0,5,5,0,0,4,27.45,19.61
631,23,9,4,4,19.0,21.0,4.75,90.48,6.0,3,0,0,0,2,66.67,14.29
631,23,10,4,4,50.0,39.0,12.5,128.21,30.0,4,2,0,0,3,30.77,15.38
631,23,11,1,1,36.0,32.0,36.0,112.5,36.0,5,1,0,0,1,46.88,18.75
631,23,12,1,1,26.0,14.0,26.0,185.71,26.0,2,2,0,0,1,28.57,28.57
631,23,17,1,1,11.0,14.0,11.0,78.57,11.0,1,0,0,0,1,50.0,7.14
631,20,9,1,1,17.0,14.0,17.0,121.43,17.0,1,1,0,0,1,35.71,14.29
631,17,11,1,1,57.0,42.0,57.0,135.71,57.0,6,3,1,0,1,42.86,21.43
631,35,7,1,1,8.0,13.0,8.0,61.54,8.0,0,0,0,0,1,53.85,0.0
631,3,7,1,1,5.0,6.0,5.0,83.33,5.0,0,0,0,0,1,33.33,0.0
631,3,8,1,1,0.0,2.0,0.0,0.0,0.0,0,0,0,0,0,0.0,0.0
631,3,9,1,1,10.0,5.0,10.0,200.0,10.0,2,0,0,0,0,20.0,40.0
631,3,10,1,1,31.0,25.0,31.0,124.0,31.0,2,1,0,0,1,28.0,12.0
631,3,11,1,1,9.0,9.0,9.0,100.0,9.0,2,0,0,0,1,55.56,22.22
631,3,12,1,1,38.0,24.0,38.0,158.33,38.0,4,1,0,0,1,12.5,20.83
631,3,16,1,1,15.0,16.0,15.0,93.75,15.0,1,0,0,0,1,37.5,6.25
631,8,8,1,1,16.0,26.0,16.0,61.54,16.0,1,0,0,0,1,53.85,3.85
631,8,12,1,1,71.0,54.0,71.0,131.48,71.0,10,0,1,0,0,33.33,18.52
631,8,14,5,5,154.0,107.0,30.8,143.93,56.0,19,5,1,0,5,36.45,22.43
631,8,16,2,2,59.0,42.0,29.5,140.48,33.0,5,2,0,0,2,33.33,16.67
631,8,18,1,1,29.0,26.0,29.0,111.54,29.0,2,1,0,0,1,42.31,11.54
631,25,17,1,1,78.0,53.0,78.0,147.17,78.0,7,3,1,0,1,28.3,18.87
631,25,18,1,1,33.0,20.0,33.0,165.0,33.0,1,3,0,0,1,30.0,20.0
631,32,8,1,1,23.0,10.0,23.0,230.0,23.0,2,2,0,0,1,40.0,40.0
631,32,9,1,1,60.0,49.0,60.0,122.45,60.0,6,2,1,0,1,34.69,16.33
631,32,11,1,1,44.0,34.0,44.0,129.41,44.0,5,1,0,0,1,38.24,17.65
631,32,15,3,3,163.0,103.0,54.33,158.25,68.0,11,12,2,0,3,34.95,22.33
631,2,7,1,1,9.0,17.0,9.0,52.94,9.0,0,0,0,0,0,29.41,0.0
631,2,16,2,2,84.0,50.0,42.0,168.0,61.0,10,3,1,0,2,26.0,26.0
631,2,18,2,2,92.0,54.0,46.0,170.37,48.0,5,7,0,0,2,27.78,22.22
631,7,9,1,1,11.0,9.0,11.0,122.22,11.0,2,0,0,0,0,44.44,22.22
631,7,12,1,1,11.0,6.0,11.0,183.33,11.0,2,0,0,0,1,50.0,33.33
631,7,16,1,1,66.0,31.0,66.0,212.9,66.0,8,2,1,0,1,12.9,32.26
631,16,11,1,1,28.0,31.0,28.0,90.32,28.0,2,1,0,0,1,48.39,9.68
631,16,12,2,2,22.0,25.0,11.0,88.0,15.0,2,0,0,0,2,44.0,8.0
631,16,16,1,1,7.0,3.0,7.0,233.33,7.0,0,1,0,0,1,33.33,33.33
631,16,18,1,1,40.0,19.0,40.0,210.53,40.0,5,2,0,0,0,26.32,36.84
631,18,11,1,1,72.0,47.0,72.0,153.19,72.0,6,3,1,0,1,27.66,19.15
631,18,12,1,1,34.0,33.0,34.0,103.03,34.0,1,1,0,0,1,27.27,6.06
631,18,17,1,1,10.0,8.0,10.0,125.0,10.0,2,0,0,0,1,50.0,25.0
631,18,18,2,2,105.0,62.0,52.5,169.35,57.0,10,5,1,0,1,29.03,24.19
631,36,7,1,1,24.0,18.0,24.0,133.33,24.0,1,1,0,0,0,22.22,11.11
631,36,13,2,2,63.0,47.0,31.5,134.04,36.0,11,0,0,0,2,40.43,23.4
631,36,14,2,2,46.0,34.0,23.0,135.29,33.0,5,2,0,0,2,38.24,20.59
631,1,7,3,4,78.0,42.0,26.0,185.71,34.0,9,2,0,0,3,14.29,26.19
631,1,13,8,8,335.0,209.0,41.88,160.29,79.0,42,8,3,0,4,25.36,23.92
631,1,14,3,3,87.0,51.0,29.0,170.59,82.0,13,3,1,0,3,31.37,31.37
631,28,5,1,1,0.0,4.0,0.0,0.0,0.0,0,0,0,0,1,100.0,0.0
631,28,8,1,1,11.0,5.0,11.0,220.0,11.0,2,0,0,0,1,20.0,40.0
631,28,9,1,1,21.0,17.0,21.0,123.53,21.0,2,0,0,0,1,11.76,11.76
631,28,10,1,1,17.0,15.0,17.0,113.33,17.0,2,0,0,0,1,26.67,13.33
631,28,11,7,7,254.0,185.0,36.29,137.3,59.0,34,6,2,0,7,38.38,21.62
631,28,12,7,7,196.0,141.0,28.0,139.01,59.0,22,6,1,0,6,31.91,19.86
631,28,15,1,1,7.0,7.0,7.0,100.0,7.0,1,0,0,0,1,42.86,14.29
631,28,16,7,7,367.0,182.0,52.43,201.65,103.0,41,20,4,1,5,25.27,33.52
631,28,17,6,6,210.0,112.0,35.0,187.5,102.0,23,12,3,1,5,35.71,31.25
631,28,18,7,7,311.0,175.0,44.43,177.71,73.0,32,17,3,0,4,28.57,28.0
307,10,10,1,1,12.0,8.0,12.0,150.0,12.0,2,0,0,0,1,37.5,25.0
307,3,9,4,4,59.0,34.0,14.75,173.53,25.0,5,4,0,0,3,32.35,26.47
307,32,10,1,1,2.0,4.0,2.0,50.0,2.0,0,0,0,0,1,50.0,0.0
307,7,9,1,1,33.0,29.0,33.0,113.79,33.0,1,0,0,0,1,24.14,3.45
307,16,6,1,1,3.0,7.0,3.0,42.86,3.0,0,0,0,0,1,57.14,0.0
307,16,9,1,1,27.0,16.0,27.0,168.75,27.0,3,1,0,0,1,25.0,25.0
307,16,10,1,1,1.0,3.0,1.0,33.33,1.0,0,0,0,0,1,66.67,0.0
307,1,14,1,1,7.0,17.0,7.0,41.18,7.0,0,0,0,0,1,58.82,0.0
309,23,1,4,4,169.0,137.0,42.25,123.36,73.0,27,1,1,0,4,39.42,20.44
309,16,1,1,1,4.0,4.0,4.0,100.0,4.0,1,0,0,0,1,75.0,25.0
309,18,1,1,1,7.0,7.0,7.0,100.0,7.0,1,0,0,0,1,57.14,14.29
309,28,1,1,1,13.0,13.0,13.0,100.0,13.0,1,1,0,0,1,69.23,15.38
287,24,17,1,1,1.0,5.0,1.0,20.0,1.0,0,0,0,0,1,80.0,0.0
287,37,17,1,1,0.0,1.0,0.0,0.0,0.0,0,0,0,0,1,100.0,0.0
287,37,18,1,1,4.0,4.0,4.0,100.0,4.0,1,0,0,0,1,75.0,25.0
287,8,17,3,3,50.0,37.0,16.67,135.14,21.0,4,2,0,0,2,37.84,16.22
287,8,18,1,1,20.0,15.0,20.0,133.33,20.0,1,1,0,0,1,26.67,13.33
287,18,18,1,1,58.0,25.0,58.0,232.0,58.0,3,5,1,0,0,0.0,32.0
287,28,18,1,1,39.0,35.0,39.0,111.43,39.0,6,1,0,0,1,54.29,20.0
371,10,9,1,1,1.0,2.0,1.0,50.0,1.0,0,0,0,0,0,50.0,0.0
371,10,10,1,1,2.0,2.0,2.0,100.0,2.0,0,0,0,0,0,0.0,0.0
371,10,14,1,1,8.0,6.0,8.0,133.33,8.0,1,0,0,0,0,16.67,16.67
371,12,13,3,3,10.0,10.0,3.33,100.0,9.0,1,0,0,0,2,40.0,10.0
371,12,14,1,1,0.0,1.0,0.0,0.0,0.0,0,0,0,0,0,0.0,0.0
371,23,9,1,1,1.0,1.0,1.0,100.0,1.0,0,0,0,0,0,0.0,0.0
371,3,8,1,1,7.0,9.0,7.0,77.78,7.0,1,0,0,0,1,55.56,11.11
371,3,9,1,1,5.0,5.0,5.0,100.0,5.0,0,0,0,0,0,0.0,0.0
371,8,8,1,1,1.0,4.0,1.0,25.0,1.0,0,0,0,0,0,75.0,0.0
371,2,18,1,1,6.0,5.0,6.0,120.0,6.0,0,0,0,0,0,0.0,0.0
371,7,6,1,1,0.0,1.0,0.0,0.0,0.0,0,0,0,0,0,100.0,0.0
371,7,8,1,1,1.0,1.0,1.0,100.0,1.0,0,0,0,0,0,0.0,0.0
371,16,10,1,1,5.0,4.0,5.0,125.0,5.0,0,0,0,0,0,0.0,0.0
371,16,11,2,2,0.0,3.0,0.0,0.0,0.0,0,0,0,0,2,100.0,0.0
371,16,12,2,2,6.0,3.0,3.0,200.0,5.0,1,0,0,0,0,0.0,33.33
371,34,9,1,1,1.0,1.0,1.0,100.0,1.0,0,0,0,0,0,0.0,0.0
371,18,16,2,2,2.0,6.0,1.0,33.33,2.0,0,0,0,0,0,66.67,0.0
371,36,13,1,1,0.0,1.0,0.0,0.0,0.0,0,0,0,0,0,100.0,0.0
371,1,7,1,1,2.0,5.0,2.0,40.0,2.0,0,0,0,0,0,40.0,0.0
371,1,13,1,1,2.0,4.0,2.0,50.0,2.0,0,0,0,0,0,50.0,0.0
371,28,11,1,1,0.0,1.0,0.0,0.0,0.0,0,0,0,0,0,100.0,0.0
374,2,16,1,1,7.0,6.0,7.0,116.67,7.0,0,1,0,0,1,66.67,16.67
374,2,17,1,1,0.0,1.0,0.0,0.0,0.0,0,0,0,0,1,100.0,0.0
374,16,17,1,1,6.0,4.0,6.0,150.0,6.0,1,0,0,0,0,25.0,25.0
374,28,16,1,1,4.0,3.0,4.0,133.33,4.0,1,0,0,0,0,33.33,33.33
374,28,17,1,1,8.0,7.0,8.0,114.29,8.0,0,0,0,0,0,0.0,0.0
182,3,17,1,1,0.0,1.0,0.0,0.0,0.0,0,0,0,0,1,100.0,0.0
182,18,17,1,1,9.0,6.0,9.0,150.0,9.0,0,1,0,0,1,33.33,16.67
182,28,17,1,1,9.0,8.0,9.0,112.5,9.0,1,0,0,0,1,37.5,12.5
286,23,1,1,1,14.0,10.0,14.0,140.0,14.0,1,1,0,0,1,40.0,20.0
286,3,1,1,1,17.0,7.0,17.0,242.86,17.0,0,2,0,0,0,0.0,28.57
286,5,2,1,1,2.0,9.0,2.0,22.22,2.0,0,0,0,0,1,55.56,0.0
286,16,1,3,3,13.0,26.0,4.33,50.0,8.0,0,0,0,0,3,46.15,0.0
286,18,1,1,1,3.0,6.0,3.0,50.0,3.0,0,0,0,0,1,66.67,0.0
753,10,17,1,1,25.0,12.0,25.0,208.33,25.0,2,2,0,0,1,25.0,33.33
753,15,18,1,1,9.0,12.0,9.0,75.0,9.0,1,0,0,0,1,50.0,8.33
753,23,18,1,1,25.0,14.0,25.0,178.57,25.0,1,2,0,0,1,14.29,21.43
753,3,18,1,1,12.0,7.0,12.0,171.43,12.0,1,1,0,0,1,42.86,28.57
753,8,17,1,1,0.0,1.0,0.0,0.0,0.0,0,0,0,0,1,100.0,0.0
753,2,18,1,1,1.0,3.0,1.0,33.33,1.0,0,0,0,0,1,66.67,0.0
753,16,18,1,1,34.0,11.0,34.0,309.09,34.0,1,4,0,0,0,0.0,45.45
753,18,18,3,3,25.0,19.0,8.33,131.58,15.0,2,1,0,0,1,42.11,15.79
753,28,17,1,1,8.0,6.0,8.0,133.33,8.0,1,0,0,0,0,16.67,16.67
542,10,5,1,1,1.0,2.0,1.0,50.0,1.0,0,0,0,0,0,50.0,0.0
542,13,2,1,1,7.0,7.0,7.0,100.0,7.0,1,0,0,0,1,42.86,14.29
542,3,9,1,1,1.0,2.0,1.0,50.0,1.0,0,0,0,0,0,50.0,0.0
542,8,5,1,1,6.0,10.0,6.0,60.0,6.0,0,0,0,0,0,40.0,0.0
542,19,2,1,1,13.0,8.0,13.0,162.5,13.0,2,0,0,0,1,25.0,25.0
289,3,1,2,2,6.0,14.0,3.0,42.86,3.0,0,0,0,0,2,57.14,0.0
246,10,1,1,1,29.0,28.0,29.0,103.57,29.0,2,0,0,0,1,28.57,7.14
246,23,1,1,1,6.0,7.0,6.0,85.71,6.0,1,0,0,0,1,42.86,14.29
246,3,1,1,1,2.0,3.0,2.0,66.67,2.0,0,0,0,0,1,33.33,0.0
246,8,1,1,1,36.0,41.0,36.0,87.8,36.0,3,1,0,0,0,43.9,9.76
246,8,4,1,1,5.0,2.0,5.0,250.0,5.0,1,0,0,0,0,0.0,50.0
246,5,2,1,1,14.0,8.0,14.0,175.0,14.0,0,1,0,0,1,12.5,12.5
246,7,1,1,1,1.0,2.0,1.0,50.0,1.0,0,0,0,0,0,50.0,0.0
246,16,1,2,2,25.0,31.0,12.5,80.65,20.0,3,0,0,0,2,41.94,9.68
246,18,1,1,1,13.0,11.0,13.0,118.18,13.0,0,1,0,0,1,27.27,9.09
13,27,4,1,1,0.0,1.0,0.0,0.0,0.0,0,0,0,0,1,100.0,0.0
13,28,4,1,1,2.0,2.0,2.0,100.0,2.0,0,0,0,0,1,50.0,0.0
203,10,3,1,1,5.0,10.0,5.0,50.0,5.0,1,0,0,0,1,80.0,10.0
203,10,5,1,1,41.0,35.0,41.0,117.14,41.0,5,1,0,0,1,40.0,17.14
203,9,5,1,1,45.0,40.0,45.0,112.5,45.0,5,1,0,0,1,42.5,15.0
203,26,3,1,1,31.0,34.0,31.0,91.18,31.0,5,0,0,0,1,47.06,14.71
203,14,2,1,1,0.0,1.0,0.0,0.0,0.0,0,0,0,0,1,100.0,0.0
203,27,3,1,1,0.0,3.0,0.0,0.0,0.0,0,0,0,0,1,100.0,0.0
203,27,4,2,2,18.0,27.0,9.0,66.67,18.0,0,1,0,0,2,48.15,3.7
203,23,1,7,7,165.0,153.0,23.57,107.84,86.0,12,8,1,0,6,47.06,13.07
203,23,3,7,7,331.0,259.0,47.29,127.8,88.0,39,12,3,0,6,42.47,19.69
203,23,5,1,1,36.0,35.0,36.0,102.86,36.0,4,1,0,0,1,42.86,14.29
203,13,2,2,2,1.0,11.0,0.5,9.09,1.0,0,0,0,0,2,90.91,0.0
203,3,1,1,1,10.0,12.0,10.0,83.33,10.0,2,0,0,0,1,50.0,16.67
203,3,3,1,1,33.0,32.0,33.0,103.12,33.0,2,2,0,0,1,43.75,12.5
203,3,5,1,1,6.0,8.0,6.0,75.0,6.0,0,0,0,0,1,25.0,0.0
203,8,1,1,1,12.0,19.0,12.0,63.16,12.0,1,0,0,0,1,57.89,5.26
203,8,3,1,1,10.0,12.0,10.0,83.33,10.0,2,0,0,0,1,66.67,16.67
203,8,5,1,1,24.0,26.0,24.0,92.31,24.0,4,0,0,0,1,53.85,15.38
203,2,3,1,1,33.0,29.0,33.0,113.79,33.0,3,0,0,0,1,31.03,10.34
203,19,2,2,2,77.0,86.0,38.5,89.53,44.0,4,2,0,0,2,43.02,6.98
203,5,2,2,2,47.0,42.0,23.5,111.9,46.0,4,2,0,0,2,42.86,14.29
203,7,1,1,1,5.0,7.0,5.0,71.43,5.0,1,0,0,0,1,71.43,14.29
203,7,3,1,1,50.0,40.0,50.0,125.0,50.0,6,1,1,0,1,37.5,17.5
203,7,5,1,1,16.0,9.0,16.0,177.78,16.0,3,0,0,0,1,33.33,33.33
203,16,1,1,1,91.0,57.0,91.0,159.65,91.0,11,5,1,0,1,42.11,28.07
203,16,4,1,1,32.0,32.0,32.0,100.0,32.0,3,1,0,0,0,50.0,12.5
203,18,1,1,1,51.0,39.0,51.0,130.77,51.0,4,2,1,0,2,33.33,15.38
203,18,5,1,1,2.0,4.0,2.0,50.0,2.0,0,0,0,0,1,50.0,0.0
203,30,2,2,2,56.0,47.0,28.0,119.15,34.0,4,2,0,0,2,34.04,12.77
203,31,5,7,7,95.0,108.0,13.57,87.96,23.0,9,1,0,0,6,42.59,9.26
203,6,2,2,2,8.0,20.0,4.0,40.0,4.0,1,0,0,0,2,75.0,5.0
203,28,1,1,1,15.0,20.0,15.0,75.0,15.0,2,0,0,0,2,55.0,10.0
203,28,5,1,1,3.0,6.0,3.0,50.0,3.0,0,0,0,0,1,50.0,0.0
774,10,1,1,1,3.0,4.0,3.0,75.0,3.0,0,0,0,0,1,25.0,0.0
774,11,5,2,2,49.0,44.0,24.5,111.36,38.0,6,1,0,0,2,43.18,15.91
774,13,2,1,1,6.0,8.0,6.0,75.0,6.0,1,0,0,0,1,62.5,12.5
774,7,4,1,1,9.0,9.0,9.0,100.0,9.0,1,0,0,0,1,33.33,11.11
774,7,5,1,1,11.0,13.0,11.0,84.62,11.0,1,0,0,0,1,46.15,7.69
774,16,5,1,1,6.0,5.0,6.0,120.0,6.0,0,0,0,0,0,0.0,0.0
774,28,1,1,1,15.0,6.0,15.0,250.0,15.0,1,1,0,0,1,0.0,33.33
197,10,17,4,4,85.0,51.0,21.25,166.67,41.0,4,7,0,0,3,35.29,21.57
197,24,17,1,1,11.0,10.0,11.0,110.0,11.0,1,0,0,0,0,40.0,10.0
197,23,17,1,1,6.0,3.0,6.0,200.0,6.0,0,1,0,0,1,66.67,33.33
197,3,17,1,1,29.0,23.0,29.0,126.09,29.0,4,0,0,0,2,39.13,17.39
197,25,17,1,1,33.0,25.0,33.0,132.0,33.0,2,2,0,0,1,32.0,16.0
197,2,17,1,1,19.0,10.0,19.0,190.0,19.0,1,2,0,0,1,40.0,30.0
219,28,12,1,1,15.0,13.0,15.0,115.38,15.0,1,1,0,0,1,61.54,15.38
649,23,3,1,1,1.0,2.0,1.0,50.0,1.0,0,0,0,0,1,50.0,0.0
428,10,1,1,1,2.0,5.0,2.0,40.0,2.0,0,0,0,0,1,60.0,0.0
428,10,4,1,1,95.0,46.0,95.0,206.52,95.0,9,6,1,0,1,23.91,32.61
428,10,5,1,1,13.0,15.0,13.0,86.67,13.0,3,0,0,0,1,60.0,20.0
428,10,8,1,1,5.0,4.0,5.0,125.0,5.0,1,0,0,0,1,50.0,25.0
428,10,9,1,1,13.0,16.0,13.0,81.25,13.0,2,0,0,0,1,62.5,12.5
428,26,3,1,1,57.0,47.0,57.0,121.28,57.0,6,1,1,0,1,34.04,14.89
428,27,4,1,1,1.0,3.0,1.0,33.33,1.0,0,0,0,0,1,66.67,0.0
428,23,1,1,1,40.0,31.0,40.0,129.03,40.0,3,2,0,0,1,38.71,16.13
428,23,4,1,1,5.0,7.0,5.0,71.43,5.0,1,0,0,0,1,71.43,14.29
428,23,5,1,1,1.0,6.0,1.0,16.67,1.0,0,0,0,0,1,66.67,0.0
428,11,3,2,2,88.0,58.0,44.0,151.72,88.0,8,5,1,0,1,32.76,22.41
428,11,4,3,3,138.0,85.0,46.0,162.35,79.0,15,8,1,0,2,37.65,27.06
428,11,6,2,2,108.0,91.0,54.0,118.68,63.0,18,0,1,0,2,39.56,19.78
428,17,4,1,1,42.0,30.0,42.0,140.0,42.0,5,2,0,0,1,46.67,23.33
428,17,10,1,1,26.0,21.0,26.0,123.81,26.0,5,0,0,0,1,47.62,23.81
428,3,1,1,1,39.0,34.0,39.0,114.71,39.0,4,1,0,0,1,29.41,14.71
428,3,4,1,1,4.0,8.0,4.0,50.0,4.0,0,0,0,0,1,50.0,0.0
428,3,5,1,1,8.0,10.0,8.0,80.0,8.0,1,0,0,0,1,40.0,10.0
428,3,6,1,1,8.0,4.0,8.0,200.0,8.0,2,0,0,0,1,50.0,50.0
428,3,10,1,1,20.0,17.0,20.0,117.65,20.0,3,0,0,0,1,41.18,17.65
428,8,1,1,1,58.0,38.0,58.0,152.63,58.0,3,4,1,0,1,31.58,18.42
428,8,5,1,1,32.0,22.0,32.0,145.45,32.0,4,1,0,0,0,36.36,22.73
428,8,6,1,1,73.0,51.0,73.0,143.14,73.0,8,2,1,0,1,25.49,19.61
428,8,8,1,1,10.0,10.0,10.0,100.0,10.0,1,0,0,0,1,40.0,10.0
428,32,10,1,1,10.0,13.0,10.0,76.92,10.0,2,0,0,0,1,69.23,15.38
428,2,8,1,2,77.0,45.0,77.0,171.11,77.0,8,3,1,0,3,26.67,24.44
428,7,1,4,4,289.0,198.0,72.25,145.96,115.0,28,13,3,1,3,33.33,20.71
428,7,3,1,1,2.0,9.0,2.0,22.22,2.0,0,0,0,0,1,77.78,0.0
428,7,4,4,4,158.0,118.0,39.5,133.9,71.0,14,4,1,0,4,25.42,15.25
428,7,5,6,6,185.0,161.0,30.83,114.91,64.0,22,3,1,0,5,40.99,15.53
428,7,6,3,3,101.0,91.0,33.67,110.99,77.0,10,2,1,0,3,38.46,13.19
428,7,7,2,2,70.0,52.0,35.0,134.62,40.0,7,3,0,0,2,42.31,19.23
428,7,8,1,1,1.0,4.0,1.0,25.0,1.0,0,0,0,0,1,75.0,0.0
428,7,9,3,3,105.0,81.0,35.0,129.63,56.0,8,2,1,0,3,19.75,12.35
428,7,10,3,3,153.0,103.0,51.0,148.54,84.0,22,2,2,0,3,27.18,23.3
428,16,1,1,1,84.0,62.0,84.0,135.48,84.0,11,1,1,0,1,30.65,19.35
428,16,5,1,1,22.0,20.0,22.0,110.0,22.0,3,0,0,0,1,40.0,15.0
428,16,9,1,1,40.0,34.0,40.0,117.65,40.0,3,2,0,0,1,41.18,14.71
428,34,9,1,1,1.0,3.0,1.0,33.33,1.0,0,0,0,0,1,33.33,0.0
428,34,10,1,1,30.0,24.0,30.0,125.0,30.0,4,1,0,0,1,41.67,20.83
428,18,5,1,1,7.0,6.0,7.0,116.67,7.0,1,0,0,0,1,33.33,16.67
428,28,1,2,2,104.0,73.0,52.0,142.47,81.0,10,5,1,0,2,39.73,20.55
428,28,4,1,1,61.0,47.0,61.0,129.79,61.0,8,0,1,0,1,14.89,17.02
428,28,5,1,1,68.0,40.0,68.0,170.0,68.0,5,3,1,0,0,17.5,20.0
428,28,6,1,1,10.0,12.0,10.0,83.33,10.0,1,0,0,0,1,33.33,8.33
428,28,10,1,1,25.0,16.0,25.0,156.25,25.0,0,2,0,0,1,18.75,12.5
719,10,12,3,3,41.0,21.0,13.67,195.24,28.0,1,4,0,0,1,19.05,23.81
719,24,18,1,1,22.0,19.0,22.0,115.79,22.0,3,0,0,0,1,31.58,15.79
719,37,12,2,2,19.0,24.0,9.5,79.17,10.0,0,2,0,0,2,58.33,8.33
719,27,15,1,1,28.0,40.0,28.0,70.0,28.0,1,1,0,0,1,50.0,5.0
719,3,18,1,1,30.0,18.0,30.0,166.67,30.0,1,3,0,0,0,33.33,22.22
719,8,12,1,1,2.0,4.0,2.0,50.0,2.0,0,0,0,0,1,75.0,0.0
719,25,18,1,1,24.0,15.0,24.0,160.0,24.0,4,0,0,0,1,20.0,26.67
719,2,18,6,6,152.0,102.0,25.33,149.02,46.0,6,12,0,0,8,32.35,17.65
719,16,18,1,1,35.0,16.0,35.0,218.75,35.0,6,1,0,0,0,25.0,43.75
719,18,12,1,1,11.0,5.0,11.0,220.0,11.0,1,1,0,0,1,40.0,40.0
719,28,15,1,1,5.0,10.0,5.0,50.0,5.0,0,0,0,0,1,40.0,0.0
719,28,18,1,1,28.0,15.0,28.0,186.67,28.0,2,2,0,0,1,33.33,26.67
54,18,18,1,1,22.0,16.0,22.0,137.5,22.0,0,2,0,0,1,31.25,12.5
600,24,17,1,1,0.0,1.0,0.0,0.0,0.0,0,0,0,0,0,100.0,0.0
600,23,18,1,1,1.0,1.0,1.0,100.0,1.0,0,0,0,0,0,0.0,0.0
600,8,17,1,1,5.0,5.0,5.0,100.0,5.0,1,0,0,0,0,40.0,20.0
600,2,17,1,1,1.0,1.0,1.0,100.0,1.0,0,0,0,0,0,0.0,0.0
600,28,18,1,1,1.0,3.0,1.0,33.33,1.0,0,0,0,0,0,66.67,0.0
200,10,17,1,1,59.0,29.0,59.0,203.45,59.0,2,5,1,0,1,10.34,24.14
200,26,15,3,3,18.0,28.0,6.0,64.29,9.0,1,0,0,0,2,53.57,3.57
200,37,18,1,1,9.0,8.0,9.0,112.5,9.0,1,0,0,0,1,25.0,12.5
200,27,15,3,3,94.0,69.0,31.33,136.23,41.0,5,3,0,0,2,23.19,11.59
200,12,14,1,1,1.0,3.0,1.0,33.33,1.0,0,0,0,0,1,66.67,0.0
200,23,16,1,1,1.0,5.0,1.0,20.0,1.0,0,0,0,0,1,60.0,0.0
200,23,17,1,1,16.0,5.0,16.0,320.0,16.0,1,2,0,0,1,40.0,60.0
200,3,16,4,4,36.0,31.0,9.0,116.13,20.0,3,1,0,0,3,22.58,12.9
200,8,14,2,2,15.0,12.0,7.5,125.0,14.0,0,1,0,0,2,25.0,8.33
200,8,17,3,3,33.0,30.0,11.0,110.0,18.0,1,2,0,0,3,46.67,10.0
200,25,17,1,1,14.0,7.0,14.0,200.0,14.0,1,1,0,0,0,14.29,28.57
200,32,15,2,2,18.0,29.0,9.0,62.07,17.0,0,1,0,0,3,55.17,3.45
200,2,14,1,1,8.0,11.0,8.0,72.73,8.0,1,0,0,0,1,45.45,9.09
200,2,15,1,1,12.0,8.0,12.0,150.0,12.0,1,1,0,0,0,62.5,25.0
200,2,17,2,2,22.0,21.0,11.0,104.76,22.0,1,1,0,0,2,38.1,9.52
200,7,16,1,1,5.0,3.0,5.0,166.67,5.0,0,0,0,0,0,0.0,0.0
200,16,17,3,3,61.0,62.0,20.33,98.39,40.0,1,2,0,0,2,30.65,4.84
200,36,14,2,2,21.0,18.0,10.5,116.67,13.0,1,1,0,0,2,33.33,11.11
200,1,13,1,1,1.0,1.0,1.0,100.0,1.0,0,0,0,0,0,0.0,0.0
200,1,14,1,1,14.0,9.0,14.0,155.56,14.0,2,0,0,0,1,33.33,22.22
200,28,15,2,2,77.0,47.0,38.5,163.83,45.0,7,4,0,0,1,23.4,23.4
200,28,17,1,1,10.0,12.0,10.0,83.33,10.0,0,0,0,0,1,33.33,0.0
700,10,1,1,1,33.0,14.0,33.0,235.71,33.0,3,2,0,0,1,21.43,35.71
700,3,1,1,1,1.0,2.0,1.0,50.0,1.0,0,0,0,0,1,50.0,0.0
700,8,1,1,1,20.0,6.0,20.0,333.33,20.0,2,2,0,0,0,33.33,66.67
700,16,1,5,5,26.0,21.0,5.2,123.81,13.0,2,2,0,0,5,52.38,19.05
700,18,1,1,1,1.0,3.0,1.0,33.33,1.0,0,0,0,0,1,66.67,0.0
743,9,7,1,1,9.0,8.0,9.0,112.5,9.0,1,0,0,0,1,37.5,12.5
743,26,8,1,1,13.0,11.0,13.0,118.18,13.0,2,0,0,0,1,36.36,18.18
743,12,7,1,1,30.0,22.0,30.0,136.36,30.0,2,1,0,0,0,18.18,13.64
743,12,14,1,1,0.0,1.0,0.0,0.0,0.0,0,0,0,0,1,100.0,0.0
743,23,4,2,2,3.0,6.0,1.5,50.0,2.0,0,0,0,0,1,50.0,0.0
743,23,5,2,2,20.0,18.0,10.0,111.11,16.0,1,1,0,0,2,27.78,11.11
743,23,7,4,4,125.0,80.0,31.25,156.25,60.0,13,5,1,0,3,28.75,22.5
743,23,8,1,1,0.0,1.0,0.0,0.0,0.0,0,0,0,0,1,100.0,0.0
743,23,9,3,3,91.0,70.0,30.33,130.0,66.0,5,5,1,0,1,28.57,14.29
743,23,10,1,1,1.0,1.0,1.0,100.0,1.0,0,0,0,0,0,0.0,0.0
743,23,11,2,2,55.0,45.0,27.5,122.22,28.0,6,1,0,0,1,33.33,15.56
743,20,9,1,1,3.0,8.0,3.0,37.5,3.0,0,0,0,0,1,62.5,0.0
743,35,7,1,1,0.0,1.0,0.0,0.0,0.0,0,0,0,0,1,100.0,0.0
743,3,5,1,1,4.0,4.0,4.0,100.0,4.0,0,0,0,0,1,25.0,0.0
743,3,7,1,1,12.0,7.0,12.0,171.43,12.0,2,0,0,0,1,42.86,28.57
743,8,5,1,1,11.0,7.0,11.0,157.14,11.0,1,0,0,0,0,14.29,14.29
743,8,14,3,3,38.0,39.0,12.67,97.44,26.0,2,1,0,0,3,28.21,7.69
743,32,9,1,1,3.0,9.0,3.0,33.33,3.0,0,0,0,0,1,66.67,0.0
743,32,11,1,1,8.0,6.0,8.0,133.33,8.0,1,0,0,0,0,33.33,16.67
743,2,7,1,1,21.0,14.0,21.0,150.0,21.0,1,1,0,0,0,7.14,14.29
743,7,9,1,1,11.0,15.0,11.0,73.33,11.0,1,0,0,0,1,53.33,6.67
743,7,11,1,1,24.0,12.0,24.0,200.0,24.0,1,2,0,0,0,16.67,25.0
743,16,11,5,5,109.0,99.0,21.8,110.1,35.0,13,1,0,0,5,39.39,14.14
743,18,11,1,1,6.0,6.0,6.0,100.0,6.0,1,0,0,0,1,50.0,16.67
743,18,12,1,1,9.0,10.0,9.0,90.0,9.0,0,0,0,0,1,20.0,0.0
743,36,14,2,2,9.0,8.0,4.5,112.5,9.0,1,0,0,0,1,25.0,12.5
743,1,7,2,3,32.0,22.0,16.0,145.45,31.0,3,0,0,0,3,18.18,13.64
743,31,5,2,2,43.0,33.0,21.5,130.3,42.0,3,2,0,0,2,30.3,15.15
743,28,4,1,1,26.0,16.0,26.0,162.5,26.0,4,0,0,0,1,18.75,25.0
743,28,5,1,1,13.0,12.0,13.0,108.33,13.0,1,0,0,0,1,16.67,8.33
743,28,8,1,1,23.0,15.0,23.0,153.33,23.0,3,0,0,0,1,26.67,20.0
743,28,9,1,1,6.0,4.0,6.0,150.0,6.0,1,0,0,0,1,25.0,25.0
743,28,11,3,3,37.0,29.0,12.33,127.59,23.0,4,1,0,0,2,37.93,17.24
258,15,17,1,1,0.0,2.0,0.0,0.0,0.0,0,0,0,0,1,100.0,0.0
258,24,17,1,1,9.0,7.0,9.0,128.57,9.0,1,0,0,0,0,0.0,14.29
258,26,15,1,1,10.0,6.0,10.0,166.67,10.0,2,0,0,0,1,33.33,33.33
258,23,17,1,1,68.0,28.0,68.0,242.86,68.0,2,8,1,0,0,25.0,35.71
258,11,17,2,2,64.0,39.0,32.0,164.1,37.0,8,2,0,0,1,25.64,25.64
258,11,18,1,1,33.0,15.0,33.0,220.0,33.0,4,1,0,0,0,6.67,33.33
258,3,17,1,1,21.0,8.0,21.0,262.5,21.0,1,2,0,0,0,12.5,37.5
258,3,18,1,1,1.0,5.0,1.0,20.0,1.0,0,0,0,0,1,80.0,0.0
258,8,17,1,1,25.0,26.0,25.0,96.15,25.0,1,1,0,0,0,42.31,7.69
258,8,18,1,1,23.0,12.0,23.0,191.67,23.0,1,2,0,0,1,25.0,25.0
258,25,17,5,5,104.0,72.0,20.8,144.44,46.0,9,4,0,0,4,23.61,18.06
258,25,18,5,5,114.0,104.0,22.8,109.62,52.0,4,4,1,0,2,29.81,7.69
258,32,15,2,2,26.0,26.0,13.0,100.0,15.0,2,0,0,0,2,38.46,7.69
258,2,17,1,1,61.0,29.0,61.0,210.34,61.0,6,4,1,0,0,17.24,34.48
258,2,18,3,3,107.0,49.0,35.67,218.37,61.0,9,8,1,0,1,18.37,34.69
258,16,17,1,1,2.0,4.0,2.0,50.0,2.0,0,0,0,0,1,50.0,0.0
258,16,18,1,1,2.0,3.0,2.0,66.67,2.0,0,0,0,0,1,33.33,0.0
258,18,18,2,2,70.0,40.0,35.0,175.0,59.0,5,3,1,0,1,15.0,20.0
258,28,15,2,2,33.0,15.0,16.5,220.0,25.0,1,4,0,0,1,33.33,33.33
696,10,11,1,1,0.0,3.0,0.0,0.0,0.0,0,0,0,0,1,100.0,0.0
696,26,15,1,1,0.0,1.0,0.0,0.0,0.0,0,0,0,0,1,100.0,0.0
696,27,15,1,1,2.0,4.0,2.0,50.0,2.0,0,0,0,0,1,50.0,0.0
696,12,14,1,1,20.0,13.0,20.0,153.85,20.0,1,2,0,0,1,46.15,23.08
696,23,11,2,2,13.0,12.0,6.5,108.33,7.0,1,0,0,0,2,33.33,8.33
696,32,15,1,1,1.0,2.0,1.0,50.0,1.0,0,0,0,0,0,50.0,0.0
696,36,13,1,1,1.0,3.0,1.0,33.33,1.0,0,0,0,0,0,33.33,0.0
696,1,13,2,2,9.0,11.0,4.5,81.82,9.0,1,0,0,0,2,54.55,9.09
696,28,14,1,1,5.0,7.0,5.0,71.43,5.0,1,0,0,0,1,71.43,14.29
651,3,7,1,1,4.0,2.0,4.0,200.0,4.0,1,0,0,0,1,50.0,50.0
651,7,7,1,1,1.0,1.0,1.0,100.0,1.0,0,0,0,0,0,0.0,0.0
125,16,17,1,1,2.0,3.0,2.0,66.67,2.0,0,0,0,0,0,33.33,0.0
177,14,2,1,1,1.0,2.0,1.0,50.0,1.0,0,0,0,0,0,50.0,0.0
177,13,2,1,1,0.0,1.0,0.0,0.0,0.0,0,0,0,0,1,100.0,0.0
177,6,2,1,1,0.0,3.0,0.0,0.0,0.0,0,0,0,0,1,100.0,0.0
676,28,1,1,1,2.0,7.0,2.0,28.57,2.0,0,0,0,0,1,71.43,0.0
668,10,1,3,3,9.0,8.0,3.0,112.5,6.0,1,0,0,0,2,25.0,12.5
668,27,1,1,1,24.0,22.0,24.0,109.09,24.0,1,0,0,0,1,18.18,4.55
668,7,1,1,1,19.0,17.0,19.0,111.76,19.0,3,0,0,0,1,41.18,17.65
49,10,11,1,1,37.0,29.0,37.0,127.59,37.0,3,1,0,0,0,24.14,13.79
49,10,12,1,1,4.0,5.0,4.0,80.0,4.0,0,0,0,0,1,40.0,0.0
49,10,16,1,1,14.0,13.0,14.0,107.69,14.0,3,0,0,0,1,61.54,23.08
49,10,17,1,1,6.0,5.0,6.0,120.0,6.0,1,0,0,0,1,40.0,20.0
49,10,18,1,1,93.0,53.0,93.0,175.47,93.0,3,7,1,0,0,16.98,18.87
49,24,16,1,1,0.0,2.0,0.0,0.0,0.0,0,0,0,0,1,100.0,0.0
49,24,17,1,1,19.0,21.0,19.0,90.48,19.0,2,0,0,0,1,47.62,9.52
49,24,18,1,1,60.0,38.0,60.0,157.89,60.0,6,1,1,0,1,21.05,18.42
49,26,15,3,3,179.0,123.0,59.67,145.53,96.0,20,4,2,0,3,28.46,19.51
49,27,15,4,4,36.0,34.0,9.0,105.88,13.0,6,0,0,0,5,47.06,17.65
49,12,13,3,3,109.0,75.0,36.33,145.33,47.0,15,1,0,0,3,28.0,21.33
49,12,14,3,3,115.0,101.0,38.33,113.86,57.0,17,0,2,0,3,43.56,16.83
49,23,11,6,6,138.0,95.0,23.0,145.26,57.0,14,4,1,0,4,27.37,18.95
49,23,12,6,6,197.0,139.0,32.83,141.73,76.0,16,8,2,0,5,30.22,17.27
49,23,15,1,1,35.0,21.0,35.0,166.67,35.0,5,1,0,0,1,28.57,28.57
49,23,16,1,1,49.0,35.0,49.0,140.0,49.0,8,0,0,0,1,25.71,22.86
49,23,18,1,1,90.0,55.0,90.0,163.64,90.0,10,3,1,0,1,23.64,23.64
49,17,11,1,1,16.0,8.0,16.0,200.0,16.0,3,0,0,0,0,12.5,37.5
49,3,11,1,1,5.0,2.0,5.0,250.0,5.0,1,0,0,0,0,0.0,50.0
49,3,12,1,1,3.0,3.0,3.0,100.0,3.0,0,0,0,0,0,0.0,0.0
49,3,16,1,1,104.0,52.0,104.0,200.0,104.0,5,8,1,1,0,17.31,25.0
49,3,17,1,1,2.0,7.0,2.0,28.57,2.0,0,0,0,0,1,71.43,0.0
49,3,18,1,1,14.0,14.0,14.0,100.0,14.0,1,1,0,0,1,57.14,14.29
49,8,12,1,1,9.0,12.0,9.0,75.0,9.0,0,0,0,0,1,41.67,0.0
49,8,14,3,3,69.0,46.0,23.0,150.0,33.0,8,4,0,0,3,47.83,26.09
49,8,16,1,1,42.0,38.0,42.0,110.53,42.0,4,1,0,0,1,39.47,13.16
49,8,17,1,1,8.0,5.0,8.0,160.0,8.0,0,1,0,0,1,40.0,20.0
49,25,17,1,1,35.0,29.0,35.0,120.69,35.0,5,0,0,0,1,37.93,17.24
49,25,18,1,1,1.0,2.0,1.0,50.0,1.0,0,0,0,0,1,50.0,0.0
49,32,15,3,3,147.0,96.0,49.0,153.12,84.0,13,4,2,0,2,16.67,17.71
49,2,14,2,2,52.0,46.0,26.0,113.04,43.0,5,1,0,0,2,32.61,13.04
49,2,15,1,1,45.0,43.0,45.0,104.65,45.0,3,1,0,0,0,37.21,9.3
49,2,16,9,9,572.0,331.0,63.56,172.81,129.0,52,23,5,2,9,20.54,22.66
49,2,17,6,6,284.0,178.0,47.33,159.55,104.0,23,12,2,1,5,24.16,19.66
49,2,18,7,7,204.0,116.0,29.14,175.86,76.0,25,7,1,0,6,25.86,27.59
49,7,12,1,1,65.0,49.0,65.0,132.65,65.0,5,2,1,0,0,26.53,14.29
49,7,16,1,1,67.0,49.0,67.0,136.73,67.0,7,1,1,0,1,24.49,16.33
49,16,12,1,1,3.0,4.0,3.0,75.0,3.0,0,0,0,0,1,25.0,0.0
49,16,18,1,1,61.0,43.0,61.0,141.86,61.0,9,0,1,0,0,25.58,20.93
49,18,12,1,1,6.0,10.0,6.0,60.0,6.0,0,0,0,0,0,30.0,0.0
49,18,16,1,1,36.0,35.0,36.0,102.86,36.0,6,0,0,0,1,48.57,17.14
49,18,17,1,1,72.0,44.0,72.0,163.64,72.0,6,2,1,0,1,15.91,18.18
49,18,18,1,1,84.0,50.0,84.0,168.0,84.0,5,4,1,0,1,18.0,18.0
49,36,13,3,3,119.0,92.0,39.67,129.35,57.0,8,6,1,0,2,31.52,15.22
49,36,14,4,4,161.0,141.0,40.25,114.18,56.0,10,5,1,0,4,34.04,10.64
49,1,13,8,8,212.0,206.0,26.5,102.91,70.0,21,2,2,0,8,40.78,11.17
49,1,14,3,3,70.0,48.0,23.33,145.83,48.0,9,2,0,0,3,35.42,22.92
49,28,11,1,1,7.0,5.0,7.0,140.0,7.0,1,0,0,0,1,20.0,20.0
49,28,12,1,1,9.0,16.0,9.0,56.25,9.0,0,0,0,0,1,50.0,0.0
49,28,14,2,2,11.0,20.0,5.5,55.0,11.0,1,0,0,0,2,70.0,5.0
49,28,15,4,4,41.0,48.0,10.25,85.42,22.0,4,1,0,0,4,50.0,10.42
49,28,16,1,1,6.0,9.0,6.0,66.67,6.0,0,0,0,0,1,44.44,0.0
49,28,18,1,1,43.0,46.0,43.0,93.48,43.0,3,1,0,0,1,41.3,8.7
84,10,16,1,1,11.0,7.0,11.0,157.14,11.0,0,1,0,0,0,28.57,14.29
84,15,16,1,1,1.0,2.0,1.0,50.0,1.0,0,0,0,0,1,50.0,0.0
84,24,16,1,1,57.0,41.0,57.0,139.02,57.0,4,3,1,0,1,41.46,17.07
84,8,16,1,1,13.0,7.0,13.0,185.71,13.0,1,0,0,0,0,14.29,14.29
84,25,17,1,1,28.0,22.0,28.0,127.27,28.0,2,2,0,0,1,45.45,18.18
84,2,17,1,1,15.0,16.0,15.0,93.75,15.0,0,0,0,0,1,31.25,0.0
84,7,16,2,2,52.0,35.0,26.0,148.57,36.0,5,2,0,0,2,31.43,20.0
84,16,16,1,1,5.0,6.0,5.0,83.33,5.0,0,0,0,0,1,50.0,0.0
281,26,15,1,1,3.0,3.0,3.0,100.0,3.0,0,0,0,0,0,33.33,0.0
281,23,18,1,1,0.0,1.0,0.0,0.0,0.0,0,0,0,0,1,100.0,0.0
281,32,15,1,1,2.0,2.0,2.0,100.0,2.0,0,0,0,0,0,0.0,0.0
281,16,18,2,2,3.0,6.0,1.5,50.0,3.0,0,0,0,0,1,50.0,0.0
281,28,15,1,1,2.0,3.0,2.0,66.67,2.0,0,0,0,0,1,66.67,0.0
19,26,3,1,1,1.0,1.0,1.0,100.0,1.0,0,0,0,0,0,0.0,0.0
19,7,3,1,1,0.0,1.0,0.0,0.0,0.0,0,0,0,0,1,100.0,0.0
19,7,4,2,2,4.0,3.0,2.0,133.33,3.0,0,0,0,0,0,0.0,0.0
230,10,1,1,1,1.0,2.0,1.0,50.0,1.0,0,0,0,0,1,50.0,0.0
230,10,3,1,1,49.0,34.0,49.0,144.12,49.0,3,3,0,0,0,26.47,17.65
230,10,5,1,1,17.0,16.0,17.0,106.25,17.0,0,2,0,0,1,56.25,12.5
230,10,6,2,2,112.0,74.0,56.0,151.35,82.0,10,5,1,0,1,28.38,20.27
230,10,7,1,1,47.0,27.0,47.0,174.07,47.0,6,1,0,0,0,22.22,25.93
230,10,9,2,2,3.0,10.0,1.5,30.0,2.0,0,0,0,0,2,70.0,0.0
230,10,10,1,1,77.0,43.0,77.0,179.07,77.0,5,4,1,0,1,20.93,20.93
230,10,11,1,1,15.0,18.0,15.0,83.33,15.0,1,0,0,0,1,33.33,5.56
230,10,12,1,1,30.0,16.0,30.0,187.5,30.0,4,1,0,0,1,12.5,31.25
230,10,14,2,2,19.0,19.0,9.5,100.0,17.0,3,0,0,0,1,47.37,15.79
230,9,7,1,1,35.0,27.0,35.0,129.63,35.0,3,1,0,0,1,37.04,14.81
230,26,3,1,1,83.0,52.0,83.0,159.62,83.0,7,3,1,0,0,15.38,19.23
230,26,7,1,1,54.0,33.0,54.0,163.64,54.0,4,2,1,0,0,18.18,18.18
230,14,2,1,1,32.0,19.0,32.0,168.42,32.0,1,2,0,0,1,15.79,15.79
230,21,2,1,1,13.0,11.0,13.0,118.18,13.0,1,1,0,0,1,63.64,18.18
230,37,5,1,1,16.0,12.0,16.0,133.33,16.0,3,0,0,0,1,41.67,25.0
230,37,12,1,1,11.0,13.0,11.0,84.62,11.0,0,0,0,0,1,23.08,0.0
230,27,1,1,1,43.0,30.0,43.0,143.33,43.0,1,2,0,0,1,20.0,10.0
230,27,3,2,2,59.0,39.0,29.5,151.28,57.0,3,3,1,0,2,25.64,15.38
230,27,4,1,1,34.0,25.0,34.0,136.0,34.0,1,2,0,0,0,24.0,12.0
230,12,7,2,2,5.0,13.0,2.5,38.46,4.0,0,0,0,0,2,69.23,0.0
230,12,14,1,1,4.0,6.0,4.0,66.67,4.0,1,0,0,0,1,83.33,16.67
230,23,3,1,1,18.0,20.0,18.0,90.0,18.0,2,0,0,0,1,40.0,10.0
230,23,4,1,1,4.0,9.0,4.0,44.44,4.0,0,0,0,0,1,55.56,0.0
230,23,5,1,1,8.0,10.0,8.0,80.0,8.0,1,0,0,0,1,50.0,10.0
230,23,6,2,2,7.0,9.0,3.5,77.78,7.0,1,0,0,0,2,66.67,11.11
230,23,7,1,1,65.0,52.0,65.0,125.0,65.0,3,5,1,0,1,44.23,15.38
230,23,8,2,2,36.0,29.0,18.0,124.14,28.0,5,1,0,0,2,44.83,20.69
230,23,9,1,1,14.0,18.0,14.0,77.78,14.0,1,0,0,0,1,38.89,5.56
230,23,10,1,1,84.0,46.0,84.0,182.61,84.0,9,4,1,0,1,15.22,28.26
230,23,11,1,1,31.0,26.0,31.0,119.23,31.0,4,0,0,0,1,30.77,15.38
230,23,12,1,1,58.0,42.0,58.0,138.1,58.0,7,1,1,0,0,26.19,19.05
230,20,9,2,2,111.0,72.0,55.5,154.17,58.0,15,3,2,0,2,29.17,25.0
230,20,10,2,2,8.0,10.0,4.0,80.0,6.0,1,0,0,0,2,40.0,10.0
230,11,3,1,1,46.0,27.0,46.0,170.37,46.0,5,3,0,0,1,37.04,29.63
230,11,5,1,1,17.0,13.0,17.0,130.77,17.0,0,2,0,0,1,46.15,15.38
230,35,7,4,4,99.0,83.0,24.75,119.28,62.0,10,2,1,0,3,33.73,14.46
230,35,8,1,1,0.0,2.0,0.0,0.0,0.0,0,0,0,0,1,100.0,0.0
230,13,2,4,4,99.0,77.0,24.75,128.57,41.0,11,3,0,0,4,36.36,18.18
230,3,1,1,1,28.0,17.0,28.0,164.71,28.0,1,2,0,0,0,17.65,17.65
230,3,3,1,1,9.0,7.0,9.0,128.57,9.0,0,1,0,0,1,42.86,14.29
230,3,4,1,1,4.0,6.0,4.0,66.67,4.0,1,0,0,0,1,83.33,16.67
230,3,5,1,1,0.0,1.0,0.0,0.0,0.0,0,0,0,0,1,100.0,0.0
230,3,6,1,1,0.0,1.0,0.0,0.0,0.0,0,0,0,0,1,100.0,0.0
230,3,7,1,1,18.0,18.0,18.0,100.0,18.0,2,0,0,0,1,38.89,11.11
230,3,8,1,1,62.0,32.0,62.0,193.75,62.0,4,6,1,0,1,34.38,31.25
230,3,9,1,1,1.0,9.0,1.0,11.11,1.0,0,0,0,0,1,88.89,0.0
230,3,10,1,1,34.0,30.0,34.0,113.33,34.0,4,1,0,0,0,33.33,16.67
230,3,11,1,1,11.0,9.0,11.0,122.22,11.0,2,0,0,0,1,44.44,22.22
230,3,12,1,1,0.0,1.0,0.0,0.0,0.0,0,0,0,0,1,100.0,0.0
230,8,1,6,6,180.0,123.0,30.0,146.34,53.0,20,5,1,0,4,26.02,20.33
230,8,3,7,8,198.0,134.0,28.29,147.76,78.0,20,8,1,0,5,31.34,20.9
230,8,4,8,8,225.0,163.0,28.12,138.04,61.0,18,8,2,0,8,31.29,15.95
230,8,5,10,10,304.0,216.0,30.4,140.74,73.0,22,13,1,0,9,29.63,16.2
230,8,6,8,8,266.0,176.0,33.25,151.14,100.0,23,9,2,1,6,23.3,18.18
230,8,8,7,7,129.0,128.0,18.43,100.78,52.0,13,2,1,0,7,42.97,11.72
230,8,11,1,1,14.0,12.0,14.0,116.67,14.0,0,1,0,0,1,25.0,8.33
230,8,12,8,8,190.0,158.0,23.75,120.25,59.0,24,4,1,0,8,38.61,17.72
230,32,9,1,1,34.0,28.0,34.0,121.43,34.0,2,0,0,0,1,17.86,7.14
230,32,10,1,1,8.0,8.0,8.0,100.0,8.0,0,0,0,0,1,25.0,0.0
230,32,11,6,6,210.0,150.0,35.0,140.0,75.0,21,7,2,0,4,31.33,18.67
230,2,3,1,1,14.0,12.0,14.0,116.67,14.0,1,0,0,0,1,25.0,8.33
230,2,8,1,1,4.0,8.0,4.0,50.0,4.0,0,0,0,0,1,62.5,0.0
230,22,4,1,1,50.0,40.0,50.0,125.0,50.0,5,1,1,0,1,32.5,15.0
230,19,2,2,2,52.0,40.0,26.0,130.0,32.0,3,3,0,0,2,35.0,15.0
230,5,2,1,1,8.0,9.0,8.0,88.89,8.0,1,0,0,0,1,55.56,11.11
230,7,1,1,1,32.0,13.0,32.0,246.15,32.0,2,3,0,0,1,23.08,38.46
230,7,4,1,1,0.0,1.0,0.0,0.0,0.0,0,0,0,0,1,100.0,0.0
230,7,8,1,1,41.0,34.0,41.0,120.59,41.0,4,0,0,0,0,26.47,11.76
230,7,9,1,1,20.0,9.0,20.0,222.22,20.0,1,2,0,0,1,44.44,33.33
230,7,10,1,1,39.0,25.0,39.0,156.0,39.0,4,1,0,0,1,16.0,20.0
230,7,12,1,1,53.0,38.0,53.0,139.47,53.0,5,2,1,0,1,28.95,18.42
230,16,1,1,1,54.0,43.0,54.0,125.58,54.0,5,2,1,0,0,32.56,16.28
230,16,6,1,1,99.0,52.0,99.0,190.38,99.0,11,3,1,0,0,13.46,26.92
230,16,8,1,1,23.0,15.0,23.0,153.33,23.0,0,3,0,0,1,46.67,20.0
230,16,9,1,1,20.0,10.0,20.0,200.0,20.0,1,2,0,0,1,40.0,30.0
230,16,10,1,1,5.0,8.0,5.0,62.5,5.0,0,0,0,0,1,37.5,0.0
230,16,11,1,1,54.0,43.0,54.0,125.58,54.0,5,2,1,0,0,34.88,16.28
230,16,12,2,2,21.0,27.0,10.5,77.78,13.0,2,0,0,0,2,48.15,7.41
230,34,9,5,5,169.0,134.0,33.8,126.12,75.0,16,2,1,0,5,23.13,13.43
230,34,10,5,5,159.0,108.0,31.8,147.22,68.0,17,3,1,0,3,23.15,18.52
230,18,1,1,1,27.0,27.0,27.0,100.0,27.0,2,0,0,0,1,29.63,7.41
230,18,4,1,1,43.0,27.0,43.0,159.26,43.0,6,0,0,0,1,22.22,22.22
230,18,5,1,1,23.0,17.0,23.0,135.29,23.0,5,0,0,0,1,58.82,29.41
230,18,6,1,1,1.0,2.0,1.0,50.0,1.0,0,0,0,0,1,50.0,0.0
230,18,11,1,1,52.0,35.0,52.0,148.57,52.0,6,1,1,0,1,20.0,20.0
230,18,12,1,1,4.0,4.0,4.0,100.0,4.0,1,0,0,0,1,75.0,25.0
230,33,8,1,1,11.0,8.0,11.0,137.5,11.0,1,0,0,0,1,25.0,12.5
230,36,7,1,1,14.0,10.0,14.0,140.0,14.0,1,1,0,0,1,50.0,20.0
230,36,14,2,2,19.0,13.0,9.5,146.15,17.0,2,1,0,0,1,38.46,23.08
230,1,7,2,2,80.0,60.0,40.0,133.33,56.0,7,1,1,0,2,28.33,13.33
230,1,14,2,2,14.0,12.0,7.0,116.67,11.0,1,0,0,0,1,16.67,8.33
230,30,2,2,2,48.0,41.0,24.0,117.07,28.0,3,3,0,0,3,43.9,14.63
230,31,5,1,1,20.0,19.0,20.0,105.26,20.0,2,0,0,0,1,21.05,10.53
230,31,6,1,1,63.0,50.0,63.0,126.0,63.0,5,1,1,0,0,20.0,12.0
230,6,2,3,3,182.0,111.0,60.67,163.96,98.0,17,9,2,0,3,27.03,23.42
230,29,3,1,1,52.0,42.0,52.0,123.81,52.0,4,2,1,0,2,30.95,14.29
230,28,1,2,2,56.0,40.0,28.0,140.0,55.0,4,4,1,0,1,42.5,20.0
230,28,4,2,2,78.0,54.0,39.0,144.44,73.0,5,6,1,0,1,37.04,20.37
230,28,5,1,1,36.0,21.0,36.0,171.43,36.0,3,2,0,0,1,23.81,23.81
230,28,6,1,1,0.0,1.0,0.0,0.0,0.0,0,0,0,0,1,100.0,0.0
230,28,7,2,2,106.0,36.0,53.0,294.44,87.0,15,6,1,0,1,16.67,58.33
230,28,8,2,2,68.0,49.0,34.0,138.78,43.0,4,4,0,0,1,28.57,16.33
230,28,9,1,1,27.0,22.0,27.0,122.73,27.0,3,1,0,0,1,45.45,18.18
230,28,10,1,1,28.0,29.0,28.0,96.55,28.0,2,0,0,0,1,27.59,6.9
230,28,11,3,3,58.0,43.0,19.33,134.88,32.0,7,1,0,0,3,30.23,18.6
230,28,12,1,1,16.0,15.0,16.0,106.67,16.0,2,1,0,0,1,66.67,20.0
230,28,14,4,4,104.0,78.0,26.0,133.33,54.0,6,8,1,0,3,43.59,17.95
261,24,18,1,1,27.0,19.0,27.0,142.11,27.0,6,0,0,0,1,52.63,31.58
261,3,18,1,1,14.0,11.0,14.0,127.27,14.0,1,1,0,0,1,45.45,18.18
261,8,18,2,2,11.0,13.0,5.5,84.62,11.0,1,1,0,0,2,76.92,15.38
261,28,18,1,1,19.0,20.0,19.0,95.0,19.0,1,0,0,0,1,40.0,5.0
714,10,1,1,1,3.0,7.0,3.0,42.86,3.0,0,0,0,0,0,57.14,0.0
714,10,3,1,1,7.0,5.0,7.0,140.0,7.0,0,1,0,0,0,60.0,20.0
714,21,2,1,1,1.0,5.0,1.0,20.0,1.0,0,0,0,0,1,80.0,0.0
714,27,1,1,1,1.0,3.0,1.0,33.33,1.0,0,0,0,0,1,66.67,0.0
714,23,3,1,1,4.0,2.0,4.0,200.0,4.0,1,0,0,0,1,50.0,50.0
714,23,4,1,1,0.0,2.0,0.0,0.0,0.0,0,0,0,0,1,100.0,0.0
714,3,3,1,1,0.0,1.0,0.0,0.0,0.0,0,0,0,0,1,100.0,0.0
714,3,6,1,1,3.0,6.0,3.0,50.0,3.0,0,0,0,0,1,66.67,0.0
714,4,2,1,1,6.0,10.0,6.0,60.0,6.0,0,0,0,0,0,40.0,0.0
714,16,6,1,1,0.0,1.0,0.0,0.0,0.0,0,0,0,0,0,100.0,0.0
714,6,2,1,1,2.0,3.0,2.0,66.67,2.0,0,0,0,0,1,33.33,0.0
714,29,3,1,1,9.0,6.0,9.0,150.0,9.0,2,0,0,0,1,50.0,33.33
714,28,1,1,1,1.0,2.0,1.0,50.0,1.0,0,0,0,0,0,50.0,0.0
714,28,5,1,1,5.0,6.0,5.0,83.33,5.0,0,0,0,0,0,50.0,0.0
536,10,1,1,1,14.0,13.0,14.0,107.69,14.0,2,0,0,0,1,46.15,15.38
536,10,3,1,1,0.0,1.0,0.0,0.0,0.0,0,0,0,0,1,100.0,0.0
536,26,3,1,1,1.0,1.0,1.0,100.0,1.0,0,0,0,0,0,0.0,0.0
536,21,2,2,2,21.0,12.0,10.5,175.0,21.0,2,1,0,0,1,16.67,25.0
536,27,1,2,2,16.0,16.0,8.0,100.0,9.0,2,0,0,0,2,31.25,12.5
536,23,3,1,1,3.0,4.0,3.0,75.0,3.0,0,0,0,0,0,50.0,0.0
536,23,4,1,1,3.0,6.0,3.0,50.0,3.0,0,0,0,0,0,50.0,0.0
536,17,4,1,1,2.0,9.0,2.0,22.22,2.0,0,0,0,0,1,77.78,0.0
536,13,2,1,1,18.0,29.0,18.0,62.07,18.0,1,0,0,0,1,51.72,3.45
536,3,3,1,1,4.0,7.0,4.0,57.14,4.0,0,0,0,0,1,57.14,0.0
536,2,3,1,1,1.0,2.0,1.0,50.0,1.0,0,0,0,0,1,50.0,0.0
536,5,2,3,3,39.0,44.0,13.0,88.64,34.0,3,0,0,0,1,36.36,6.82
536,4,2,1,1,6.0,3.0,6.0,200.0,6.0,0,1,0,0,1,66.67,33.33
536,7,4,1,1,5.0,3.0,5.0,166.67,5.0,1,0,0,0,0,33.33,33.33
536,16,1,1,1,22.0,9.0,22.0,244.44,22.0,2,2,0,0,1,33.33,44.44
536,18,1,2,2,18.0,20.0,9.0,90.0,11.0,1,0,0,0,2,35.0,5.0
536,18,4,1,1,0.0,2.0,0.0,0.0,0.0,0,0,0,0,1,100.0,0.0
536,30,2,1,1,21.0,17.0,21.0,123.53,21.0,0,2,0,0,1,35.29,11.76
536,6,2,2,2,3.0,11.0,1.5,27.27,3.0,0,0,0,0,2,72.73,0.0
536,29,3,1,1,1.0,4.0,1.0,25.0,1.0,0,0,0,0,0,75.0,0.0
536,28,1,1,1,0.0,1.0,0.0,0.0,0.0,0,0,0,0,1,100.0,0.0
386,10,5,1,1,11.0,13.0,11.0,84.62,11.0,1,0,0,0,1,38.46,7.69
386,10,6,1,1,0.0,2.0,0.0,0.0,0.0,0,0,0,0,1,100.0,0.0
386,10,8,1,1,6.0,10.0,6.0,60.0,6.0,1,0,0,0,0,60.0,10.0
386,27,3,1,1,1.0,1.0,1.0,100.0,1.0,0,0,0,0,0,0.0,0.0
386,12,7,1,1,2.0,4.0,2.0,50.0,2.0,0,0,0,0,0,50.0,0.0
386,23,6,1,1,0.0,2.0,0.0,0.0,0.0,0,0,0,0,1,100.0,0.0
386,11,6,1,1,1.0,1.0,1.0,100.0,1.0,0,0,0,0,0,0.0,0.0
386,13,2,1,1,0.0,1.0,0.0,0.0,0.0,0,0,0,0,1,100.0,0.0
386,3,5,1,1,17.0,16.0,17.0,106.25,17.0,1,1,0,0,1,37.5,12.5
386,8,4,1,1,7.0,5.0,7.0,140.0,7.0,0,1,0,0,1,60.0,20.0
386,34,10,1,1,0.0,1.0,0.0,0.0,0.0,0,0,0,0,1,100.0,0.0
386,18,4,1,1,1.0,4.0,1.0,25.0,1.0,0,0,0,0,1,75.0,0.0
386,18,6,1,1,7.0,11.0,7.0,63.64,7.0,1,0,0,0,1,72.73,9.09
386,31,5,1,1,14.0,14.0,14.0,100.0,14.0,1,1,0,0,0,50.0,14.29
386,28,5,3,3,13.0,10.0,4.33,130.0,8.0,1,1,0,0,3,50.0,20.0
386,28,6,2,2,1.0,2.0,0.5,50.0,1.0,0,0,0,0,0,50.0,0.0
386,28,10,1,1,7.0,2.0,7.0,350.0,7.0,0,1,0,0,0,0.0,50.0
106,10,12,1,1,0.0,4.0,0.0,0.0,0.0,0,0,0,0,1,100.0,0.0
106,10,16,1,1,20.0,24.0,20.0,83.33,20.0,1,0,0,0,1,33.33,4.17
106,15,16,1,1,1.0,2.0,1.0,50.0,1.0,0,0,0,0,0,50.0,0.0
106,15,17,1,1,63.0,41.0,63.0,153.66,63.0,5,3,1,0,0,24.39,19.51
106,24,16,1,1,6.0,6.0,6.0,100.0,6.0,1,0,0,0,1,50.0,16.67
106,24,17,1,1,0.0,1.0,0.0,0.0,0.0,0,0,0,0,1,100.0,0.0
106,12,13,5,5,60.0,43.0,12.0,139.53,31.0,4,4,0,0,2,41.86,18.6
106,23,16,1,1,4.0,9.0,4.0,44.44,4.0,0,0,0,0,1,55.56,0.0
106,11,16,2,2,60.0,36.0,30.0,166.67,49.0,5,3,0,0,1,16.67,22.22
106,11,17,2,2,29.0,27.0,14.5,107.41,22.0,2,0,0,0,3,33.33,7.41
106,3,17,1,1,23.0,17.0,23.0,135.29,23.0,3,0,0,0,1,23.53,17.65
106,3,18,1,1,5.0,5.0,5.0,100.0,5.0,1,0,0,0,1,60.0,20.0
106,8,12,1,1,0.0,1.0,0.0,0.0,0.0,0,0,0,0,0,100.0,0.0
106,8,16,1,1,29.0,20.0,29.0,145.0,29.0,1,1,0,0,1,25.0,10.0
106,8,17,1,1,26.0,20.0,26.0,130.0,26.0,3,0,0,0,0,20.0,15.0
106,8,18,4,4,109.0,79.0,27.25,137.97,88.0,10,4,1,0,4,29.11,17.72
106,25,17,5,5,124.0,105.0,24.8,118.1,63.0,11,3,1,0,5,32.38,13.33
106,2,17,1,1,5.0,8.0,5.0,62.5,5.0,0,0,0,0,1,37.5,0.0
106,7,12,5,5,87.0,47.0,17.4,185.11,55.0,11,3,1,0,2,31.91,29.79
106,7,16,4,4,79.0,62.0,19.75,127.42,26.0,4,4,0,0,3,37.1,12.9
106,16,16,1,1,22.0,15.0,22.0,146.67,22.0,3,1,0,0,1,46.67,26.67
106,36,13,3,3,69.0,56.0,23.0,123.21,52.0,5,4,1,0,3,44.64,16.07
106,1,13,3,3,57.0,42.0,19.0,135.71,22.0,3,4,0,0,3,38.1,16.67
106,1,14,1,1,4.0,4.0,4.0,100.0,4.0,0,0,0,0,1,25.0,0.0
106,28,12,1,1,8.0,3.0,8.0,266.67,8.0,2,0,0,0,1,33.33,66.67
106,28,14,3,3,52.0,25.0,17.33,208.0,34.0,5,3,0,0,2,20.0,32.0
106,28,16,1,1,55.0,29.0,55.0,189.66,55.0,5,4,1,0,1,31.03,31.03
276,21,2,1,1,6.0,7.0,6.0,85.71,6.0,0,0,0,0,0,14.29,0.0
276,30,2,1,1,3.0,7.0,3.0,42.86,3.0,0,0,0,0,0,42.86,0.0
98,21,2,1,1,9.0,11.0,9.0,81.82,9.0,1,0,0,0,1,36.36,9.09
98,13,2,3,3,21.0,31.0,7.0,67.74,10.0,3,0,0,0,2,58.06,9.68
98,19,2,1,1,11.0,10.0,11.0,110.0,11.0,2,0,0,0,2,50.0,20.0
98,4,2,1,1,20.0,10.0,20.0,200.0,20.0,3,1,0,0,1,40.0,40.0
98,7,1,2,2,96.0,69.0,48.0,139.13,75.0,11,2,1,0,1,31.88,18.84
98,30,2,1,1,34.0,28.0,34.0,121.43,34.0,3,1,0,0,1,35.71,14.29
98,6,2,2,2,50.0,27.0,25.0,185.19,50.0,3,4,1,0,2,37.04,25.93
55,10,1,1,1,16.0,15.0,16.0,106.67,16.0,2,0,0,0,1,33.33,13.33
55,27,1,2,2,64.0,46.0,32.0,139.13,33.0,5,4,0,0,2,36.96,19.57
55,8,1,1,1,17.0,15.0,17.0,113.33,17.0,0,1,0,0,1,20.0,6.67
55,7,1,1,1,22.0,21.0,22.0,104.76,22.0,2,1,0,0,1,47.62,14.29
55,18,1,1,1,0.0,1.0,0.0,0.0,0.0,0,0,0,0,1,100.0,0.0
55,28,1,2,2,28.0,13.0,14.0,215.38,28.0,3,2,0,0,2,30.77,38.46
108,23,6,2,2,7.0,14.0,3.5,50.0,7.0,0,0,0,0,0,42.86,0.0
108,35,6,1,1,2.0,1.0,2.0,200.0,2.0,0,0,0,0,0,0.0,0.0
108,7,6,1,1,1.0,2.0,1.0,50.0,1.0,0,0,0,0,1,50.0,0.0
218,10,11,1,1,11.0,8.0,11.0,137.5,11.0,2,0,0,0,1,37.5,25.0
218,10,16,2,2,39.0,44.0,19.5,88.64,30.0,3,0,0,0,2,36.36,6.82
218,24,16,1,1,4.0,9.0,4.0,44.44,4.0,1,0,0,0,1,77.78,11.11
218,26,15,1,1,12.0,13.0,12.0,92.31,12.0,1,0,0,0,0,38.46,7.69
218,27,15,2,2,68.0,44.0,34.0,154.55,36.0,8,1,0,0,1,22.73,20.45
218,12,13,2,2,26.0,21.0,13.0,123.81,14.0,4,0,0,0,1,38.1,19.05
218,12,14,1,1,0.0,3.0,0.0,0.0,0.0,0,0,0,0,1,100.0,0.0
218,23,11,1,1,6.0,10.0,6.0,60.0,6.0,0,0,0,0,1,40.0,0.0
218,23,12,1,1,13.0,13.0,13.0,100.0,13.0,2,0,0,0,1,46.15,15.38
218,35,8,1,1,31.0,21.0,31.0,147.62,31.0,4,0,0,0,1,23.81,19.05
218,3,8,3,3,67.0,35.0,22.33,191.43,45.0,7,2,0,0,3,11.43,25.71
218,3,9,2,2,36.0,12.0,18.0,300.0,35.0,5,2,0,0,1,16.67,58.33
218,3,11,2,2,22.0,9.0,11.0,244.44,22.0,3,1,0,0,1,11.11,44.44
218,8,8,1,1,8.0,8.0,8.0,100.0,8.0,1,0,0,0,1,50.0,12.5
218,8,12,1,1,67.0,59.0,67.0,113.56,67.0,4,2,1,0,1,30.51,10.17
218,32,8,1,1,1.0,1.0,1.0,100.0,1.0,0,0,0,0,0,0.0,0.0
218,32,9,1,1,2.0,1.0,2.0,200.0,2.0,0,0,0,0,0,0.0,0.0
218,7,8,1,1,4.0,6.0,4.0,66.67,4.0,0,0,0,0,1,33.33,0.0
218,7,12,2,2,54.0,42.0,27.0,128.57,39.0,7,1,0,0,3,33.33,19.05
218,16,16,1,1,10.0,9.0,10.0,111.11,10.0,0,1,0,0,1,44.44,11.11
218,18,11,1,1,7.0,8.0,7.0,87.5,7.0,1,0,0,0,1,50.0,12.5
218,18,12,1,1,46.0,29.0,46.0,158.62,46.0,6,1,0,0,0,27.59,24.14
218,36,14,1,1,0.0,1.0,0.0,0.0,0.0,0,0,0,0,1,100.0,0.0
218,1,13,1,1,7.0,8.0,7.0,87.5,7.0,1,0,0,0,1,37.5,12.5
218,28,9,1,1,28.0,18.0,28.0,155.56,28.0,2,2,0,0,1,33.33,22.22
218,28,11,1,1,5.0,6.0,5.0,83.33,5.0,1,0,0,0,1,66.67,16.67
218,28,15,2,2,11.0,10.0,5.5,110.0,10.0,0,1,0,0,2,40.0,10.0
625,10,8,1,1,7.0,6.0,7.0,116.67,7.0,1,0,0,0,0,33.33,16.67
625,24,18,4,4,18.0,10.0,4.5,180.0,6.0,3,0,0,0,2,30.0,30.0
625,26,15,2,2,51.0,22.0,25.5,231.82,29.0,5,3,0,0,1,13.64,36.36
625,37,18,1,1,0.0,2.0,0.0,0.0,0.0,0,0,0,0,1,100.0,0.0
625,27,15,2,2,27.0,23.0,13.5,117.39,24.0,2,1,0,0,2,30.43,13.04
625,12,13,1,1,1.0,1.0,1.0,100.0,1.0,0,0,0,0,0,0.0,0.0
625,12,14,2,2,1.0,2.0,0.5,50.0,1.0,0,0,0,0,1,50.0,0.0
625,23,16,5,5,84.0,49.0,16.8,171.43,68.0,11,3,1,0,5,30.61,28.57
625,11,17,1,1,17.0,11.0,17.0,154.55,17.0,2,1,0,0,1,45.45,27.27
625,3,10,1,1,0.0,1.0,0.0,0.0,0.0,0,0,0,0,1,100.0,0.0
625,3,17,1,1,1.0,2.0,1.0,50.0,1.0,0,0,0,0,0,50.0,0.0
625,32,15,1,1,2.0,5.0,2.0,40.0,2.0,0,0,0,0,1,80.0,0.0
625,2,16,1,1,0.0,1.0,0.0,0.0,0.0,0,0,0,0,1,100.0,0.0
625,2,17,1,1,3.0,4.0,3.0,75.0,3.0,0,0,0,0,0,25.0,0.0
625,7,16,1,1,8.0,3.0,8.0,266.67,8.0,0,1,0,0,0,0.0,33.33
625,16,10,1,1,0.0,1.0,0.0,0.0,0.0,0,0,0,0,1,100.0,0.0
625,16,12,1,1,2.0,2.0,2.0,100.0,2.0,0,0,0,0,1,50.0,0.0
625,16,16,1,1,8.0,6.0,8.0,133.33,8.0,1,0,0,0,1,33.33,16.67
625,34,10,1,1,0.0,1.0,0.0,0.0,0.0,0,0,0,0,1,100.0,0.0
625,36,13,1,1,11.0,20.0,11.0,55.0,11.0,0,0,0,0,1,50.0,0.0
625,1,14,1,1,3.0,2.0,3.0,150.0,3.0,0,0,0,0,0,50.0,0.0
625,28,11,1,1,15.0,5.0,15.0,300.0,15.0,3,0,0,0,0,0.0,60.0
625,28,12,1,1,12.0,5.0,12.0,240.0,12.0,1,1,0,0,0,20.0,40.0
625,28,14,1,1,1.0,1.0,1.0,100.0,1.0,0,0,0,0,0,0.0,0.0
625,28,15,5,5,40.0,37.0,8.0,108.11,17.0,0,3,0,0,4,40.54,8.11
625,28,16,1,1,13.0,11.0,13.0,118.18,13.0,1,0,0,0,1,18.18,9.09
165,10,18,2,3,33.0,18.0,16.5,183.33,21.0,3,1,0,0,1,11.11,22.22
165,15,16,2,2,75.0,39.0,37.5,192.31,39.0,2,7,0,0,1,20.51,23.08
165,15,18,2,2,26.0,24.0,13.0,108.33,19.0,2,1,0,0,3,41.67,12.5
165,26,15,2,2,32.0,20.0,16.0,160.0,26.0,3,2,0,0,1,40.0,25.0
165,27,15,3,3,70.0,45.0,23.33,155.56,35.0,5,4,0,0,2,31.11,20.0
165,12,13,6,6,60.0,57.0,10.0,105.26,16.0,6,2,0,0,5,50.88,14.04
165,12,14,3,3,94.0,64.0,31.33,146.88,37.0,7,4,0,0,2,26.56,17.19
165,23,15,1,1,4.0,7.0,4.0,57.14,4.0,0,0,0,0,1,42.86,0.0
165,23,17,1,1,0.0,1.0,0.0,0.0,0.0,0,0,0,0,1,100.0,0.0
165,23,18,1,1,29.0,23.0,29.0,126.09,29.0,1,1,0,0,1,26.09,8.7
165,11,16,1,1,46.0,28.0,46.0,164.29,46.0,4,3,0,0,1,35.71,25.0
165,3,12,2,2,80.0,53.0,40.0,150.94,75.0,4,6,1,0,2,30.19,18.87
165,3,16,1,1,3.0,9.0,3.0,33.33,3.0,0,0,0,0,1,44.44,0.0
165,3,18,1,1,11.0,8.0,11.0,137.5,11.0,1,0,0,0,1,25.0,12.5
165,8,12,1,1,0.0,2.0,0.0,0.0,0.0,0,0,0,0,1,100.0,0.0
165,8,14,2,2,15.0,11.0,7.5,136.36,14.0,2,0,0,0,1,18.18,18.18
165,8,16,1,1,30.0,18.0,30.0,166.67,30.0,2,2,0,0,0,27.78,22.22
165,8,17,1,1,4.0,10.0,4.0,40.0,4.0,0,0,0,0,1,50.0,0.0
165,25,17,1,1,27.0,10.0,27.0,270.0,27.0,1,3,0,0,0,20.0,40.0
165,25,18,1,1,20.0,12.0,20.0,166.67,20.0,2,1,0,0,1,25.0,25.0
165,32,15,2,2,35.0,20.0,17.5,175.0,32.0,2,3,0,0,2,35.0,25.0
165,2,14,3,3,69.0,30.0,23.0,230.0,53.0,3,6,1,0,0,16.67,30.0
165,2,15,2,2,13.0,15.0,6.5,86.67,11.0,2,0,0,0,1,53.33,13.33
165,2,16,1,1,56.0,26.0,56.0,215.38,56.0,2,5,1,0,0,19.23,26.92
165,2,17,1,1,26.0,14.0,26.0,185.71,26.0,3,1,0,0,1,14.29,28.57
165,2,18,1,1,52.0,32.0,52.0,162.5,52.0,4,3,1,0,1,28.12,21.88
165,16,12,1,1,9.0,9.0,9.0,100.0,9.0,0,1,0,0,1,55.56,11.11
165,16,16,1,1,22.0,16.0,22.0,137.5,22.0,1,1,0,0,0,31.25,12.5
165,16,17,1,1,13.0,9.0,13.0,144.44,13.0,1,1,0,0,1,44.44,22.22
165,16,18,1,1,42.0,23.0,42.0,182.61,42.0,1,4,0,0,1,30.43,21.74
165,18,12,1,1,1.0,9.0,1.0,11.11,1.0,0,0,0,0,1,88.89,0.0
165,18,16,5,5,59.0,52.0,11.8,113.46,35.0,1,4,0,0,5,36.54,9.62
165,18,17,4,4,43.0,25.0,10.75,172.0,14.0,4,2,0,0,1,20.0,24.0
165,18,18,4,4,32.0,28.0,8.0,114.29,12.0,4,0,0,0,4,39.29,14.29
165,36,13,2,2,52.0,29.0,26.0,179.31,45.0,1,6,0,0,1,27.59,24.14
165,36,14,3,3,36.0,23.0,12.0,156.52,17.0,2,2,0,0,2,21.74,17.39
165,1,13,3,3,73.0,39.0,24.33,187.18,42.0,4,4,0,0,2,10.26,20.51
165,1,14,1,1,28.0,16.0,28.0,175.0,28.0,5,0,0,0,1,25.0,31.25
165,28,15,5,5,160.0,97.0,32.0,164.95,59.0,9,12,1,0,0,28.87,21.65
165,28,16,1,1,8.0,9.0,8.0,88.89,8.0,0,1,0,0,1,66.67,11.11
21,27,1,2,2,15.0,13.0,7.5,115.38,9.0,1,0,0,0,1,23.08,7.69
21,23,1,1,1,13.0,8.0,13.0,162.5,13.0,1,1,0,0,1,37.5,25.0
21,18,1,1,1,3.0,3.0,3.0,100.0,3.0,0,0,0,0,0,0.0,0.0
21,28,1,1,1,5.0,5.0,5.0,100.0,5.0,1,0,0,0,1,60.0,20.0
278,10,1,1,1,44.0,28.0,44.0,157.14,44.0,7,0,0,0,1,25.0,25.0
278,23,1,1,1,32.0,20.0,32.0,160.0,32.0,6,0,0,0,0,30.0,30.0
278,8,1,5,5,80.0,77.0,16.0,103.9,45.0,7,3,0,0,5,50.65,12.99
278,16,1,1,1,14.0,9.0,14.0,155.56,14.0,3,0,0,0,1,44.44,33.33
278,18,1,1,1,0.0,2.0,0.0,0.0,0.0,0,0,0,0,1,100.0,0.0
278,28,1,1,1,26.0,29.0,26.0,89.66,26.0,4,0,0,0,1,55.17,13.79
2,10,4,1,1,22.0,20.0,22.0,110.0,22.0,4,0,0,0,1,50.0,20.0
2,27,4,1,1,6.0,3.0,6.0,200.0,6.0,1,0,0,0,1,33.33,33.33
2,23,3,1,1,8.0,10.0,8.0,80.0,8.0,2,0,0,0,1,80.0,20.0
2,23,4,1,1,1.0,3.0,1.0,33.33,1.0,0,0,0,0,0,66.67,0.0
2,23,5,1,1,24.0,22.0,24.0,109.09,24.0,1,1,0,0,1,31.82,9.09
2,13,2,2,2,53.0,60.0,26.5,88.33,43.0,6,0,0,0,2,50.0,10.0
2,3,1,2,2,72.0,66.0,36.0,109.09,52.0,8,1,1,0,2,42.42,13.64
2,8,1,1,1,10.0,19.0,10.0,52.63,10.0,1,0,0,0,1,68.42,5.26
2,16,5,1,1,3.0,3.0,3.0,100.0,3.0,0,0,0,0,1,33.33,0.0
2,16,11,1,1,35.0,26.0,35.0,134.62,35.0,4,1,0,0,1,30.77,19.23
2,18,5,3,3,42.0,41.0,14.0,102.44,23.0,3,0,0,0,3,24.39,7.32
2,1,13,2,2,0.0,4.0,0.0,0.0,0.0,0,0,0,0,2,100.0,0.0
2,28,4,1,1,0.0,3.0,0.0,0.0,0.0,0,0,0,0,1,100.0,0.0
2,28,5,1,1,0.0,1.0,0.0,0.0,0.0,0,0,0,0,1,100.0,0.0
2,28,11,2,2,17.0,14.0,8.5,121.43,12.0,2,0,0,0,2,21.43,14.29
26,26,15,2,2,15.0,15.0,7.5,100.0,8.0,0,1,0,0,2,46.67,6.67
26,27,15,2,2,5.0,8.0,2.5,62.5,5.0,0,0,0,0,2,37.5,0.0
26,23,10,2,2,22.0,14.0,11.0,157.14,12.0,4,0,0,0,1,35.71,28.57
26,16,10,1,1,16.0,17.0,16.0,94.12,16.0,1,0,0,0,1,29.41,5.88
26,28,15,1,1,3.0,3.0,3.0,100.0,3.0,0,0,0,0,0,0.0,0.0
255,10,9,2,2,5.0,6.0,2.5,83.33,4.0,0,0,0,0,0,33.33,0.0
255,10,10,1,1,1.0,1.0,1.0,100.0,1.0,0,0,0,0,0,0.0,0.0
255,10,11,1,1,26.0,9.0,26.0,288.89,26.0,1,3,0,0,1,22.22,44.44
255,10,16,1,1,4.0,6.0,4.0,66.67,4.0,1,0,0,0,1,83.33,16.67
255,10,18,2,2,58.0,32.0,29.0,181.25,31.0,5,5,0,0,2,40.62,31.25
255,24,17,1,1,81.0,39.0,81.0,207.69,81.0,6,7,1,0,1,33.33,33.33
255,26,15,2,2,10.0,4.0,5.0,250.0,6.0,1,1,0,0,2,50.0,50.0
255,37,17,1,1,85.0,39.0,85.0,217.95,85.0,7,7,1,0,1,30.77,35.9
255,27,15,4,4,38.0,21.0,9.5,180.95,21.0,2,4,0,0,3,42.86,28.57
255,12,13,3,3,22.0,23.0,7.33,95.65,15.0,2,2,0,0,3,65.22,17.39
255,12,14,2,2,5.0,5.0,2.5,100.0,3.0,0,0,0,0,1,20.0,0.0
255,23,6,1,1,13.0,6.0,13.0,216.67,13.0,0,2,0,0,1,50.0,33.33
255,23,8,1,1,0.0,1.0,0.0,0.0,0.0,0,0,0,0,0,0.0,0.0
255,23,10,7,7,123.0,75.0,17.57,164.0,42.0,21,5,0,0,7,50.67,34.67
255,23,11,9,9,148.0,81.0,16.44,182.72,50.0,17,10,1,0,9,41.98,33.33
255,23,12,4,4,55.0,40.0,13.75,137.5,24.0,6,4,0,0,3,55.0,25.0
255,23,16,5,5,7.0,12.0,1.4,58.33,6.0,1,0,0,0,4,58.33,8.33
255,23,17,7,7,213.0,124.0,30.43,171.77,109.0,28,10,2,1,6,34.68,30.65
255,23,18,7,7,139.0,88.0,19.86,157.95,44.0,17,9,0,0,6,45.45,29.55
255,20,9,1,1,2.0,7.0,2.0,28.57,2.0,0,0,0,0,0,71.43,0.0
255,17,11,1,1,75.0,36.0,75.0,208.33,75.0,9,4,1,0,1,30.56,36.11
255,35,7,1,1,1.0,1.0,1.0,100.0,1.0,0,0,0,0,0,0.0,0.0
255,3,6,1,1,1.0,1.0,1.0,100.0,1.0,0,0,0,0,0,0.0,0.0
255,3,7,1,1,2.0,4.0,2.0,50.0,2.0,0,0,0,0,0,50.0,0.0
255,3,10,2,2,64.0,27.0,32.0,237.04,54.0,6,5,1,0,2,22.22,40.74
255,3,11,1,1,27.0,19.0,27.0,142.11,27.0,3,1,0,0,1,36.84,21.05
255,3,12,1,1,10.0,8.0,10.0,125.0,10.0,2,0,0,0,1,50.0,25.0
255,3,17,1,1,47.0,22.0,47.0,213.64,47.0,2,5,0,0,1,31.82,31.82
255,8,11,1,1,12.0,4.0,12.0,300.0,12.0,0,2,0,0,1,50.0,50.0
255,8,12,1,1,6.0,5.0,6.0,120.0,6.0,0,0,0,0,1,60.0,0.0
255,8,17,2,2,33.0,22.0,16.5,150.0,27.0,3,3,0,0,2,54.55,27.27
255,8,18,1,1,44.0,18.0,44.0,244.44,44.0,2,5,0,0,1,33.33,38.89
255,25,18,1,1,5.0,4.0,5.0,125.0,5.0,1,0,0,0,1,50.0,25.0
255,32,10,1,1,16.0,11.0,16.0,145.45,16.0,3,0,0,0,0,36.36,27.27
255,32,15,2,2,23.0,14.0,11.5,164.29,22.0,3,1,0,0,1,42.86,28.57
255,2,14,2,2,0.0,5.0,0.0,0.0,0.0,0,0,0,0,2,80.0,0.0
255,2,16,1,1,0.0,1.0,0.0,0.0,0.0,0,0,0,0,1,100.0,0.0
255,2,17,1,1,21.0,16.0,21.0,131.25,21.0,4,0,0,0,1,43.75,25.0
255,7,6,1,1,1.0,2.0,1.0,50.0,1.0,0,0,0,0,0,50.0,0.0
255,7,10,1,1,18.0,10.0,18.0,180.0,18.0,4,0,0,0,1,40.0,40.0
255,7,16,1,1,7.0,2.0,7.0,350.0,7.0,0,1,0,0,0,0.0,50.0
255,16,6,1,1,1.0,2.0,1.0,50.0,1.0,0,0,0,0,1,50.0,0.0
255,16,10,1,1,1.0,4.0,1.0,25.0,1.0,0,0,0,0,1,75.0,0.0
255,16,11,1,1,29.0,10.0,29.0,290.0,29.0,4,2,0,0,1,30.0,60.0
255,16,12,1,1,25.0,8.0,25.0,312.5,25.0,3,2,0,0,1,25.0,62.5
255,16,16,1,1,1.0,2.0,1.0,50.0,1.0,0,0,0,0,1,50.0,0.0
255,18,5,1,1,0.0,1.0,0.0,0.0,0.0,0,0,0,0,1,100.0,0.0
255,18,6,1,1,2.0,2.0,2.0,100.0,2.0,0,0,0,0,0,0.0,0.0
255,18,11,1,1,35.0,25.0,35.0,140.0,35.0,5,1,0,0,1,44.0,24.0
255,18,12,1,1,47.0,25.0,47.0,188.0,47.0,6,3,0,0,1,40.0,36.0
255,36,13,2,2,9.0,9.0,4.5,100.0,6.0,1,0,0,0,2,44.44,11.11
255,36,14,3,3,47.0,26.0,15.67,180.77,26.0,1,5,0,0,3,23.08,23.08
255,1,7,2,2,7.0,9.0,3.5,77.78,6.0,0,0,0,0,1,22.22,0.0
255,1,13,4,4,90.0,53.0,22.5,169.81,64.0,7,6,1,0,4,32.08,24.53
255,1,14,1,1,0.0,1.0,0.0,0.0,0.0,0,0,0,0,0,0.0,0.0
255,28,5,1,1,9.0,6.0,9.0,150.0,9.0,2,0,0,0,0,50.0,33.33
255,28,6,1,1,3.0,6.0,3.0,50.0,3.0,0,0,0,0,1,33.33,0.0
255,28,10,1,1,1.0,2.0,1.0,50.0,1.0,0,0,0,0,1,50.0,0.0
255,28,11,1,1,5.0,4.0,5.0,125.0,5.0,1,0,0,0,1,50.0,25.0
255,28,14,2,2,10.0,10.0,5.0,100.0,6.0,2,0,0,0,2,60.0,20.0
255,28,15,1,1,0.0,1.0,0.0,0.0,0.0,0,0,0,0,1,100.0,0.0
255,28,16,1,1,2.0,2.0,2.0,100.0,2.0,0,0,0,0,0,0.0,0.0
255,28,17,1,1,8.0,8.0,8.0,100.0,8.0,0,1,0,0,1,50.0,12.5
255,28,18,1,1,0.0,2.0,0.0,0.0,0.0,0,0,0,0,1,100.0,0.0
530,10,5,1,1,34.0,13.0,34.0,261.54,34.0,4,2,0,0,0,7.69,46.15
530,10,8,1,1,10.0,9.0,10.0,111.11,10.0,2,0,0,0,1,55.56,22.22
530,10,10,1,1,38.0,32.0,38.0,118.75,38.0,4,1,0,0,1,40.62,15.62
530,9,5,1,1,47.0,27.0,47.0,174.07,47.0,3,2,0,0,0,14.81,18.52
530,26,8,2,2,82.0,51.0,41.0,160.78,68.0,11,2,1,0,2,25.49,25.49
530,37,8,1,1,13.0,10.0,13.0,130.0,13.0,2,0,0,0,1,30.0,20.0
530,12,7,1,1,19.0,20.0,19.0,95.0,19.0,1,0,0,0,1,40.0,5.0
530,12,13,6,6,89.0,72.0,14.83,123.61,57.0,9,1,1,0,5,30.56,13.89
530,23,5,1,1,14.0,16.0,14.0,87.5,14.0,1,0,0,0,1,31.25,6.25
530,23,10,1,1,9.0,9.0,9.0,100.0,9.0,0,1,0,0,1,44.44,11.11
530,23,12,1,1,2.0,6.0,2.0,33.33,2.0,0,0,0,0,1,66.67,0.0
530,17,10,1,1,26.0,27.0,26.0,96.3,26.0,3,0,0,0,1,40.74,11.11
530,35,7,1,1,9.0,8.0,9.0,112.5,9.0,1,0,0,0,1,25.0,12.5
530,3,5,1,1,16.0,14.0,16.0,114.29,16.0,0,1,0,0,1,21.43,7.14
530,3,6,1,1,41.0,31.0,41.0,132.26,41.0,6,0,0,0,1,32.26,19.35
530,3,7,1,1,48.0,21.0,48.0,228.57,48.0,4,4,0,0,0,23.81,38.1
530,3,10,1,1,27.0,24.0,27.0,112.5,27.0,3,0,0,0,1,29.17,12.5
530,8,5,1,1,23.0,21.0,23.0,109.52,23.0,0,0,0,0,1,14.29,0.0
530,8,6,1,1,39.0,16.0,39.0,243.75,39.0,3,3,0,0,0,12.5,37.5
530,8,8,1,1,4.0,6.0,4.0,66.67,4.0,0,0,0,0,1,50.0,0.0
530,8,12,1,1,28.0,30.0,28.0,93.33,28.0,2,0,0,0,1,30.0,6.67
530,8,14,2,2,67.0,54.0,33.5,124.07,34.0,7,1,0,0,1,29.63,14.81
530,32,6,1,1,17.0,25.0,17.0,68.0,17.0,0,0,0,0,1,44.0,0.0
530,32,8,2,2,45.0,36.0,22.5,125.0,33.0,6,0,0,0,2,30.56,16.67
530,32,9,4,4,181.0,108.0,45.25,167.59,101.0,15,8,1,1,4,23.15,21.3
530,32,10,6,6,226.0,164.0,37.67,137.8,84.0,18,7,2,0,3,26.22,15.24
530,2,7,2,2,25.0,35.0,12.5,71.43,22.0,0,0,0,0,3,40.0,0.0
530,2,8,4,5,121.0,91.0,30.25,132.97,79.0,11,1,1,0,4,24.18,13.19
530,2,14,2,2,28.0,27.0,14.0,103.7,24.0,2,0,0,0,2,33.33,7.41
530,7,5,1,1,13.0,13.0,13.0,100.0,13.0,1,0,0,0,1,38.46,7.69
530,7,6,1,1,6.0,9.0,6.0,66.67,6.0,0,0,0,0,0,22.22,0.0
530,7,9,1,1,38.0,26.0,38.0,146.15,38.0,5,0,0,0,1,23.08,19.23
530,16,9,1,1,46.0,36.0,46.0,127.78,46.0,7,0,0,0,0,41.67,19.44
530,16,10,2,2,85.0,89.0,42.5,95.51,51.0,2,2,1,0,2,30.34,4.49
530,34,9,1,1,5.0,6.0,5.0,83.33,5.0,0,0,0,0,1,33.33,0.0
530,34,10,1,1,43.0,28.0,43.0,153.57,43.0,6,1,0,0,1,32.14,25.0
530,18,5,1,1,37.0,31.0,37.0,119.35,37.0,5,0,0,0,1,32.26,16.13
530,18,12,7,7,277.0,224.0,39.57,123.66,73.0,27,4,3,0,6,29.91,13.84
530,33,6,1,1,17.0,8.0,17.0,212.5,17.0,2,1,0,0,0,25.0,37.5
530,36,7,1,1,27.0,15.0,27.0,180.0,27.0,5,0,0,0,0,13.33,33.33
530,36,13,3,3,143.0,91.0,47.67,157.14,69.0,13,7,2,0,4,28.57,21.98
530,36,14,2,2,48.0,42.0,24.0,114.29,39.0,4,1,0,0,2,30.95,11.9
530,1,7,1,2,24.0,14.0,24.0,171.43,24.0,2,0,0,0,0,7.14,14.29
530,1,13,5,5,79.0,74.0,15.8,106.76,31.0,10,1,0,0,4,44.59,14.86
530,31,5,6,6,139.0,100.0,23.17,139.0,44.0,6,9,0,0,4,25.0,15.0
530,31,6,2,2,39.0,43.0,19.5,90.7,35.0,4,0,0,0,3,46.51,9.3
530,28,5,1,1,39.0,32.0,39.0,121.88,39.0,4,0,0,0,1,25.0,12.5
530,28,8,1,1,23.0,20.0,23.0,115.0,23.0,2,0,0,0,1,25.0,10.0
530,28,10,2,2,18.0,14.0,9.0,128.57,17.0,2,0,0,0,2,21.43,14.29
530,28,12,1,1,12.0,15.0,12.0,80.0,12.0,1,0,0,0,1,40.0,6.67
530,28,14,1,1,9.0,12.0,9.0,75.0,9.0,0,0,0,0,1,16.67,0.0
132,10,1,1,1,18.0,16.0,18.0,112.5,18.0,3,0,0,0,1,43.75,18.75
132,10,3,1,1,63.0,32.0,63.0,196.88,63.0,11,0,1,0,1,12.5,34.38
132,10,4,1,1,46.0,50.0,46.0,92.0,46.0,3,1,0,0,0,40.0,8.0
132,10,5,1,1,7.0,7.0,7.0,100.0,7.0,0,1,0,0,1,71.43,14.29
132,10,6,1,1,54.0,47.0,54.0,114.89,54.0,4,2,1,0,2,36.17,12.77
132,26,3,7,7,261.0,200.0,37.29,130.5,72.0,35,1,2,0,6,32.0,18.0
132,14,2,2,2,49.0,44.0,24.5,111.36,34.0,5,2,0,0,2,52.27,15.91
132,27,3,3,3,112.0,97.0,37.33,115.46,55.0,18,0,1,0,3,40.21,18.56
132,27,4,1,1,24.0,24.0,24.0,100.0,24.0,5,0,0,0,1,54.17,20.83
132,23,4,1,1,38.0,27.0,38.0,140.74,38.0,6,0,0,0,1,18.52,22.22
132,23,5,1,1,2.0,2.0,2.0,100.0,2.0,0,0,0,0,1,50.0,0.0
132,23,6,1,1,2.0,6.0,2.0,33.33,2.0,0,0,0,0,1,66.67,0.0
132,13,2,3,3,77.0,63.0,25.67,122.22,40.0,7,3,0,0,3,33.33,15.87
132,3,1,1,1,40.0,43.0,40.0,93.02,40.0,4,1,0,0,0,46.51,11.63
132,3,3,1,1,19.0,18.0,19.0,105.56,19.0,3,0,0,0,1,50.0,16.67
132,3,4,1,1,55.0,46.0,55.0,119.57,55.0,7,0,1,0,0,32.61,15.22
132,3,5,2,2,11.0,12.0,5.5,91.67,11.0,2,0,0,0,2,58.33,16.67
132,3,6,1,1,23.0,19.0,23.0,121.05,23.0,4,0,0,0,1,42.11,21.05
132,8,3,1,1,45.0,35.0,45.0,128.57,45.0,6,0,0,0,1,28.57,17.14
132,8,4,1,1,40.0,24.0,40.0,166.67,40.0,7,0,0,0,1,29.17,29.17
132,8,5,1,1,16.0,15.0,16.0,106.67,16.0,1,1,0,0,1,46.67,13.33
132,8,6,1,1,0.0,1.0,0.0,0.0,0.0,0,0,0,0,1,100.0,0.0
132,19,2,1,1,11.0,11.0,11.0,100.0,11.0,2,0,0,0,1,54.55,18.18
132,5,2,1,1,59.0,49.0,59.0,120.41,59.0,7,0,1,0,0,28.57,14.29
132,7,3,1,1,29.0,25.0,29.0,116.0,29.0,3,0,0,0,1,32.0,12.0
132,7,4,1,1,6.0,9.0,6.0,66.67,6.0,1,0,0,0,1,66.67,11.11
132,7,5,1,1,34.0,29.0,34.0,117.24,34.0,4,0,0,0,1,31.03,13.79
132,16,1,1,1,23.0,19.0,23.0,121.05,23.0,4,0,0,0,1,42.11,21.05
132,16,4,1,1,28.0,24.0,28.0,116.67,28.0,4,0,0,0,1,33.33,16.67
132,16,6,1,1,14.0,12.0,14.0,116.67,14.0,2,0,0,0,1,50.0,16.67
132,18,1,1,1,30.0,34.0,30.0,88.24,30.0,2,0,0,0,1,41.18,5.88
132,18,3,1,1,89.0,59.0,89.0,150.85,89.0,10,2,1,0,0,25.42,20.34
132,18,4,1,1,7.0,7.0,7.0,100.0,7.0,1,0,0,0,1,42.86,14.29
132,18,5,1,1,58.0,51.0,58.0,113.73,58.0,6,0,1,0,0,31.37,11.76
132,18,6,1,1,1.0,3.0,1.0,33.33,1.0,0,0,0,0,1,33.33,0.0
132,30,2,3,3,79.0,62.0,26.33,127.42,68.0,6,4,1,0,3,40.32,16.13
132,31,5,1,1,34.0,35.0,34.0,97.14,34.0,4,0,0,0,1,37.14,11.43
132,31,6,1,1,15.0,13.0,15.0,115.38,15.0,3,0,0,0,1,61.54,23.08
132,6,2,3,3,89.0,74.0,29.67,120.27,46.0,12,1,0,0,2,37.84,17.57
132,28,1,3,3,77.0,65.0,25.67,118.46,65.0,13,1,1,0,3,46.15,21.54
132,28,4,8,8,309.0,277.0,38.62,111.55,100.0,33,4,2,1,9,34.66,13.36
132,28,5,5,5,162.0,132.0,32.4,122.73,74.0,22,2,1,0,5,40.15,18.18
132,28,6,7,7,178.0,130.0,25.43,136.92,48.0,26,3,0,0,6,39.23,22.31
74,10,1,1,1,21.0,15.0,21.0,140.0,21.0,4,0,0,0,1,40.0,26.67
74,10,6,1,1,24.0,15.0,24.0,160.0,24.0,5,0,0,0,1,40.0,33.33
74,10,7,1,1,16.0,10.0,16.0,160.0,16.0,0,2,0,0,0,50.0,20.0
74,10,10,1,1,4.0,4.0,4.0,100.0,4.0,0,0,0,0,0,0.0,0.0
74,10,11,1,1,14.0,23.0,14.0,60.87,14.0,0,1,0,0,1,65.22,4.35
74,10,12,1,1,44.0,26.0,44.0,169.23,44.0,4,3,0,0,1,38.46,26.92
74,26,8,3,3,137.0,95.0,45.67,144.21,104.0,16,5,1,1,2,37.89,22.11
74,37,12,1,1,50.0,32.0,50.0,156.25,50.0,3,4,1,0,1,37.5,21.88
74,27,1,2,2,60.0,39.0,30.0,153.85,32.0,7,1,0,0,2,23.08,20.51
74,12,7,1,1,7.0,6.0,7.0,116.67,7.0,0,1,0,0,1,66.67,16.67
74,12,13,6,6,168.0,150.0,28.0,112.0,83.0,17,8,1,0,5,49.33,16.67
74,23,1,1,1,19.0,15.0,19.0,126.67,19.0,2,1,0,0,1,46.67,20.0
74,23,3,1,1,44.0,26.0,44.0,169.23,44.0,7,1,0,0,1,34.62,30.77
74,23,4,1,1,11.0,13.0,11.0,84.62,11.0,2,0,0,0,1,61.54,15.38
74,23,6,2,2,41.0,43.0,20.5,95.35,35.0,5,0,0,0,2,41.86,11.63
74,23,11,1,1,36.0,25.0,36.0,144.0,36.0,4,2,0,0,1,44.0,24.0
74,23,12,1,1,6.0,7.0,6.0,85.71,6.0,1,0,0,0,1,57.14,14.29
74,17,4,1,1,20.0,13.0,20.0,153.85,20.0,0,3,0,0,1,61.54,23.08
74,17,10,1,1,1.0,4.0,1.0,25.0,1.0,0,0,0,0,1,75.0,0.0
74,35,7,1,1,51.0,36.0,51.0,141.67,51.0,3,4,1,0,1,41.67,19.44
74,3,1,1,1,61.0,41.0,61.0,148.78,61.0,8,2,1,0,0,36.59,24.39
74,3,6,1,1,6.0,9.0,6.0,66.67,6.0,1,0,0,0,1,66.67,11.11
74,3,7,1,1,1.0,5.0,1.0,20.0,1.0,0,0,0,0,1,80.0,0.0
74,3,9,9,9,150.0,93.0,16.67,161.29,36.0,13,11,0,0,8,40.86,25.81
74,3,10,3,3,41.0,48.0,13.67,85.42,24.0,5,0,0,0,3,45.83,10.42
74,3,11,1,1,7.0,4.0,7.0,175.0,7.0,0,1,0,0,1,50.0,25.0
74,3,12,1,1,5.0,3.0,5.0,166.67,5.0,1,0,0,0,1,33.33,33.33
74,8,3,1,1,60.0,25.0,60.0,240.0,60.0,5,5,1,0,1,20.0,40.0
74,8,4,1,1,32.0,26.0,32.0,123.08,32.0,5,0,0,0,1,38.46,19.23
74,8,6,1,1,101.0,61.0,101.0,165.57,101.0,6,6,1,1,1,22.95,19.67
74,8,8,1,1,28.0,30.0,28.0,93.33,28.0,2,0,0,0,1,40.0,6.67
74,8,11,1,1,42.0,19.0,42.0,221.05,42.0,3,3,0,0,1,31.58,31.58
74,8,12,8,8,170.0,135.0,21.25,125.93,96.0,19,9,1,0,8,51.85,20.74
74,32,8,1,1,10.0,5.0,10.0,200.0,10.0,2,0,0,0,1,20.0,40.0
74,32,9,1,1,1.0,1.0,1.0,100.0,1.0,0,0,0,0,0,0.0,0.0
74,32,11,5,5,264.0,157.0,52.8,168.15,106.0,21,16,3,1,4,29.94,23.57
74,2,7,3,3,47.0,36.0,15.67,130.56,31.0,4,2,0,0,3,41.67,16.67
74,2,8,3,4,144.0,105.0,48.0,137.14,73.0,15,7,1,0,4,42.86,20.95
74,7,1,1,1,22.0,19.0,22.0,115.79,22.0,1,1,0,0,1,26.32,10.53
74,7,4,1,1,24.0,16.0,24.0,150.0,24.0,4,0,0,0,1,25.0,25.0
74,7,5,1,1,36.0,17.0,36.0,211.76,36.0,4,2,0,0,1,17.65,35.29
74,7,6,1,1,31.0,25.0,31.0,124.0,31.0,3,1,0,0,1,32.0,16.0
74,7,7,1,1,0.0,1.0,0.0,0.0,0.0,0,0,0,0,1,100.0,0.0
74,7,9,1,1,1.0,3.0,1.0,33.33,1.0,0,0,0,0,1,66.67,0.0
74,7,11,1,1,11.0,9.0,11.0,122.22,11.0,2,0,0,0,1,44.44,22.22
74,7,12,1,1,7.0,11.0,7.0,63.64,7.0,1,0,0,0,1,54.55,9.09
74,16,1,1,1,4.0,6.0,4.0,66.67,4.0,0,0,0,0,1,33.33,0.0
74,16,5,1,1,13.0,13.0,13.0,100.0,13.0,1,1,0,0,1,61.54,15.38
74,16,6,1,1,11.0,20.0,11.0,55.0,11.0,0,0,0,0,1,50.0,0.0
74,16,9,1,1,2.0,3.0,2.0,66.67,2.0,0,0,0,0,1,33.33,0.0
74,16,10,1,1,22.0,17.0,22.0,129.41,22.0,1,1,0,0,1,29.41,11.76
74,16,11,1,1,9.0,15.0,9.0,60.0,9.0,0,1,0,0,1,73.33,6.67
74,16,12,2,2,111.0,88.0,55.5,126.14,80.0,12,4,1,0,3,42.05,18.18
74,34,9,1,1,6.0,6.0,6.0,100.0,6.0,1,0,0,0,1,50.0,16.67
74,18,1,7,7,233.0,147.0,33.29,158.5,76.0,21,11,2,0,3,29.25,21.77
74,18,3,2,2,23.0,27.0,11.5,85.19,22.0,3,0,0,0,2,55.56,11.11
74,18,4,6,6,154.0,138.0,25.67,111.59,49.0,11,8,0,0,6,48.55,13.77
74,18,5,4,4,116.0,87.0,29.0,133.33,58.0,11,7,1,0,4,47.13,20.69
74,18,6,8,8,310.0,191.0,38.75,162.3,98.0,39,13,2,0,6,34.03,27.23
74,18,11,1,1,39.0,31.0,39.0,125.81,39.0,2,2,0,0,1,29.03,12.9
74,18,12,1,1,0.0,4.0,0.0,0.0,0.0,0,0,0,0,1,100.0,0.0
74,33,9,1,1,14.0,18.0,14.0,77.78,14.0,0,1,0,0,1,55.56,5.56
74,36,7,1,1,50.0,29.0,50.0,172.41,50.0,5,3,1,0,1,44.83,27.59
74,36,13,2,2,69.0,49.0,34.5,140.82,36.0,7,4,0,0,2,44.9,22.45
74,1,7,3,4,66.0,58.0,22.0,113.79,39.0,7,2,0,0,3,48.28,15.52
74,1,13,3,3,62.0,48.0,20.67,129.17,50.0,9,1,1,0,3,35.42,20.83
74,31,5,1,1,90.0,51.0,90.0,176.47,90.0,10,4,1,0,0,25.49,27.45
74,29,3,1,1,58.0,36.0,58.0,161.11,58.0,3,3,1,0,1,22.22,16.67
74,28,1,1,1,52.0,29.0,52.0,179.31,52.0,4,3,1,0,1,27.59,24.14
74,28,4,1,1,89.0,47.0,89.0,189.36,89.0,9,6,1,0,0,36.17,31.91
74,28,6,1,1,19.0,16.0,19.0,118.75,19.0,0,2,0,0,1,43.75,12.5
74,28,7,1,1,8.0,18.0,8.0,44.44,8.0,1,0,0,0,1,66.67,5.56
74,28,8,1,1,28.0,23.0,28.0,121.74,28.0,2,2,0,0,1,47.83,17.39
74,28,9,1,1,5.0,10.0,5.0,50.0,5.0,0,0,0,0,1,60.0,0.0
74,28,10,1,1,3.0,5.0,3.0,60.0,3.0,0,0,0,0,1,40.0,0.0
74,28,11,3,3,133.0,76.0,44.33,175.0,117.0,12,9,1,1,2,32.89,27.63
74,28,12,1,1,5.0,6.0,5.0,83.33,5.0,1,0,0,0,1,50.0,16.67
707,12,13,1,1,0.0,2.0,0.0,0.0,0.0,0,0,0,0,1,100.0,0.0
760,10,8,5,5,208.0,151.0,41.6,137.75,83.0,17,12,2,0,5,39.07,19.21
760,10,9,3,3,22.0,26.0,7.33,84.62,19.0,1,1,0,0,3,46.15,7.69
760,10,10,7,7,133.0,107.0,19.0,124.3,33.0,10,5,0,0,6,34.58,14.02
760,10,11,7,7,260.0,195.0,37.14,133.33,93.0,17,14,3,0,7,34.87,15.9
760,10,12,7,8,236.0,196.0,33.71,120.41,58.0,15,10,2,0,7,31.63,12.76
760,24,17,1,1,23.0,15.0,23.0,153.33,23.0,3,0,0,0,1,20.0,20.0
760,24,18,1,1,52.0,30.0,52.0,173.33,52.0,3,4,1,0,0,23.33,23.33
760,26,8,1,1,9.0,12.0,9.0,75.0,9.0,2,0,0,0,1,66.67,16.67
760,26,15,3,3,167.0,109.0,55.67,153.21,85.0,15,6,2,0,3,28.44,19.27
760,37,8,1,1,60.0,40.0,60.0,150.0,60.0,3,5,1,0,1,42.5,20.0
760,37,9,1,1,8.0,10.0,8.0,80.0,8.0,1,0,0,0,1,50.0,10.0
760,37,12,2,2,21.0,28.0,10.5,75.0,13.0,2,0,0,0,2,42.86,7.14
760,37,17,1,1,18.0,11.0,18.0,163.64,18.0,0,2,0,0,1,36.36,18.18
760,27,15,4,4,81.0,62.0,20.25,130.65,50.0,8,4,1,0,4,43.55,19.35
760,12,13,9,9,252.0,221.0,28.0,114.03,65.0,15,9,2,0,9,33.94,10.86
760,12,14,4,4,68.0,74.0,17.0,91.89,47.0,3,2,0,0,3,39.19,6.76
760,23,8,1,1,40.0,35.0,40.0,114.29,40.0,3,2,0,0,1,42.86,14.29
760,23,9,1,1,0.0,3.0,0.0,0.0,0.0,0,0,0,0,1,100.0,0.0
760,23,10,1,1,47.0,34.0,47.0,138.24,47.0,4,1,0,0,1,20.59,14.71
760,23,11,1,1,4.0,3.0,4.0,133.33,4.0,1,0,0,0,1,66.67,33.33
760,23,12,1,1,6.0,6.0,6.0,100.0,6.0,1,0,0,0,1,50.0,16.67
760,23,17,7,7,167.0,126.0,23.86,132.54,50.0,19,6,1,0,5,37.3,19.84
760,23,18,1,1,25.0,16.0,25.0,156.25,25.0,1,1,0,0,0,6.25,12.5
760,20,10,1,1,96.0,57.0,96.0,168.42,96.0,15,2,1,0,2,31.58,29.82
760,11,18,1,1,45.0,25.0,45.0,180.0,45.0,4,2,0,0,1,16.0,24.0
760,3,8,1,1,20.0,18.0,20.0,111.11,20.0,1,1,0,0,1,38.89,11.11
760,3,9,1,1,0.0,4.0,0.0,0.0,0.0,0,0,0,0,1,100.0,0.0
760,3,11,1,1,52.0,31.0,52.0,167.74,52.0,4,3,1,0,1,19.35,22.58
760,3,12,1,1,67.0,50.0,67.0,134.0,67.0,8,2,1,0,1,38.0,20.0
760,3,17,1,1,39.0,24.0,39.0,162.5,39.0,2,2,0,0,0,12.5,16.67
760,3,18,1,1,7.0,10.0,7.0,70.0,7.0,0,0,0,0,1,30.0,0.0
760,8,8,1,1,7.0,7.0,7.0,100.0,7.0,1,0,0,0,1,42.86,14.29
760,8,12,1,1,44.0,31.0,44.0,141.94,44.0,4,1,0,0,1,22.58,16.13
760,8,17,2,2,40.0,35.0,20.0,114.29,34.0,4,0,0,0,1,25.71,11.43
760,8,18,1,1,72.0,41.0,72.0,175.61,72.0,5,4,1,0,1,14.63,21.95
760,25,18,5,5,27.0,27.0,5.4,100.0,10.0,3,1,0,0,5,62.96,14.81
760,32,8,1,1,6.0,5.0,6.0,120.0,6.0,1,0,0,0,1,60.0,20.0
760,32,11,1,1,13.0,14.0,13.0,92.86,13.0,1,0,0,0,1,35.71,7.14
760,32,15,3,3,31.0,24.0,10.33,129.17,15.0,5,0,0,0,3,50.0,20.83
760,2,17,1,1,58.0,24.0,58.0,241.67,58.0,5,4,1,0,0,8.33,37.5
760,2,18,3,3,185.0,85.0,61.67,217.65,97.0,10,17,2,0,1,21.18,31.76
760,7,10,1,1,6.0,7.0,6.0,85.71,6.0,1,0,0,0,1,57.14,14.29
760,7,11,1,1,11.0,11.0,11.0,100.0,11.0,0,1,0,0,1,45.45,9.09
760,7,12,1,1,28.0,22.0,28.0,127.27,28.0,5,0,0,0,1,40.91,22.73
760,16,10,1,1,50.0,31.0,50.0,161.29,50.0,5,2,1,0,0,12.9,22.58
760,16,11,1,1,44.0,36.0,44.0,122.22,44.0,3,2,0,0,1,30.56,13.89
760,16,12,1,1,45.0,40.0,45.0,112.5,45.0,5,0,0,0,1,30.0,12.5
760,16,18,1,1,82.0,36.0,82.0,227.78,82.0,6,6,1,0,1,13.89,33.33
760,18,12,1,1,4.0,5.0,4.0,80.0,4.0,0,0,0,0,1,40.0,0.0
760,18,18,3,3,109.0,75.0,36.33,145.33,53.0,11,4,1,0,2,30.67,20.0
760,33,8,2,2,70.0,56.0,35.0,125.0,70.0,10,1,1,0,1,42.86,19.64
760,36,13,3,3,133.0,79.0,44.33,168.35,88.0,12,7,1,0,2,25.32,24.05
760,36,14,3,3,64.0,65.0,21.33,98.46,33.0,3,1,0,0,2,29.23,6.15
760,1,13,5,5,134.0,121.0,26.8,110.74,47.0,13,0,0,0,5,32.23,10.74
760,1,14,1,1,43.0,32.0,43.0,134.38,43.0,1,2,0,0,1,21.88,9.38
760,28,8,1,1,19.0,18.0,19.0,105.56,19.0,3,0,0,0,1,55.56,16.67
760,28,10,1,1,6.0,7.0,6.0,85.71,6.0,1,0,0,0,1,71.43,14.29
760,28,11,1,1,27.0,20.0,27.0,135.0,27.0,3,1,0,0,0,40.0,20.0
760,28,12,1,1,16.0,10.0,16.0,160.0,16.0,2,1,0,0,1,50.0,30.0
760,28,15,4,4,122.0,103.0,30.5,118.45,42.0,13,1,0,0,3,27.18,13.59
760,28,17,1,1,6.0,4.0,6.0,150.0,6.0,1,0,0,0,1,50.0,25.0
531,24,16,1,1,6.0,7.0,6.0,85.71,6.0,0,0,0,0,1,42.86,0.0
531,26,15,1,1,15.0,20.0,15.0,75.0,15.0,1,0,0,0,1,65.0,5.0
531,27,15,2,2,44.0,27.0,22.0,162.96,34.0,5,2,0,0,2,25.93,25.93
531,23,17,1,1,24.0,18.0,24.0,133.33,24.0,3,0,0,0,1,38.89,16.67
531,3,16,3,3,29.0,22.0,9.67,131.82,19.0,1,2,0,0,2,40.91,13.64
531,32,15,1,1,2.0,7.0,2.0,28.57,2.0,0,0,0,0,1,57.14,0.0
531,28,15,1,1,6.0,5.0,6.0,120.0,6.0,1,0,0,0,1,40.0,20.0
603,13,2,1,1,6.0,7.0,6.0,85.71,6.0,1,0,0,0,0,57.14,14.29
544,10,3,1,1,61.0,37.0,61.0,164.86,61.0,4,3,1,0,0,16.22,18.92
544,10,4,1,1,18.0,20.0,18.0,90.0,18.0,1,1,0,0,1,40.0,10.0
544,10,8,1,1,5.0,4.0,5.0,125.0,5.0,1,0,0,0,0,50.0,25.0
544,10,9,1,1,21.0,18.0,21.0,116.67,21.0,1,1,0,0,1,27.78,11.11
544,26,3,7,7,223.0,167.0,31.86,133.53,53.0,13,10,1,0,7,29.34,13.77
544,26,8,1,1,28.0,14.0,28.0,200.0,28.0,1,2,0,0,0,7.14,21.43
544,37,9,2,2,26.0,25.0,13.0,104.0,17.0,2,1,0,0,2,52.0,12.0
544,27,1,1,1,9.0,10.0,9.0,90.0,9.0,1,0,0,0,1,40.0,10.0
544,27,3,3,3,56.0,36.0,18.67,155.56,52.0,4,4,1,0,2,30.56,22.22
544,12,14,1,1,50.0,40.0,50.0,125.0,50.0,5,0,1,0,0,20.0,12.5
544,23,3,1,1,46.0,37.0,46.0,124.32,46.0,4,1,0,0,1,29.73,13.51
544,23,5,1,1,19.0,22.0,19.0,86.36,19.0,1,1,0,0,1,45.45,9.09
544,23,8,1,1,24.0,15.0,24.0,160.0,24.0,3,1,0,0,0,33.33,26.67
544,23,9,1,1,13.0,12.0,13.0,108.33,13.0,1,0,0,0,1,16.67,8.33
544,23,10,1,1,52.0,43.0,52.0,120.93,52.0,9,0,1,0,0,37.21,20.93
544,11,4,1,1,6.0,11.0,6.0,54.55,6.0,1,0,0,0,1,72.73,9.09
544,35,6,1,1,1.0,3.0,1.0,33.33,1.0,0,0,0,0,1,66.67,0.0
544,13,2,1,1,6.0,4.0,6.0,150.0,6.0,0,0,0,0,0,0.0,0.0
544,3,4,5,5,57.0,58.0,11.4,98.28,16.0,7,1,0,0,3,51.72,13.79
544,3,5,6,6,94.0,78.0,15.67,120.51,36.0,3,5,0,0,4,29.49,10.26
544,3,6,2,2,27.0,31.0,13.5,87.1,25.0,2,1,0,0,1,51.61,9.68
544,3,8,1,1,13.0,9.0,13.0,144.44,13.0,0,1,0,0,0,11.11,11.11
544,3,9,1,1,52.0,39.0,52.0,133.33,52.0,9,0,1,0,1,38.46,23.08
544,8,3,1,1,14.0,18.0,14.0,77.78,14.0,1,0,0,0,1,44.44,5.56
544,8,4,3,3,64.0,59.0,21.33,108.47,42.0,1,3,0,0,1,28.81,6.78
544,8,5,1,1,8.0,6.0,8.0,133.33,8.0,1,0,0,0,1,33.33,16.67
544,32,9,2,2,58.0,47.0,29.0,123.4,57.0,4,2,1,0,1,34.04,12.77
544,22,4,1,1,26.0,24.0,26.0,108.33,26.0,2,0,0,0,1,29.17,8.33
544,7,1,1,1,17.0,10.0,17.0,170.0,17.0,2,1,0,0,1,40.0,30.0
544,7,3,1,1,4.0,5.0,4.0,80.0,4.0,0,0,0,0,1,20.0,0.0
544,7,5,1,1,4.0,7.0,4.0,57.14,4.0,0,0,0,0,1,42.86,0.0
544,16,4,1,1,7.0,10.0,7.0,70.0,7.0,0,0,0,0,1,40.0,0.0
544,16,5,1,1,30.0,27.0,30.0,111.11,30.0,1,1,0,0,1,33.33,7.41
544,18,3,1,1,15.0,9.0,15.0,166.67,15.0,3,0,0,0,1,44.44,33.33
544,18,6,1,1,8.0,8.0,8.0,100.0,8.0,0,0,0,0,0,25.0,0.0
544,33,8,1,1,26.0,25.0,26.0,104.0,26.0,2,1,0,0,0,44.0,12.0
544,36,13,1,1,1.0,3.0,1.0,33.33,1.0,0,0,0,0,1,66.67,0.0
544,36,14,1,1,15.0,18.0,15.0,83.33,15.0,1,0,0,0,1,33.33,5.56
544,1,13,4,4,102.0,77.0,25.5,132.47,42.0,8,3,0,0,4,28.57,14.29
544,1,14,2,2,50.0,39.0,25.0,128.21,45.0,4,2,0,0,1,33.33,15.38
544,30,2,1,1,4.0,3.0,4.0,133.33,4.0,0,0,0,0,0,0.0,0.0
544,31,5,1,1,36.0,30.0,36.0,120.0,36.0,3,1,0,0,1,36.67,13.33
544,31,6,1,1,52.0,45.0,52.0,115.56,52.0,2,2,1,0,1,31.11,8.89
544,6,2,1,1,3.0,5.0,3.0,60.0,3.0,0,0,0,0,1,60.0,0.0
544,28,4,1,1,9.0,6.0,9.0,150.0,9.0,1,0,0,0,0,16.67,16.67
544,28,6,1,1,21.0,19.0,21.0,110.53,21.0,0,1,0,0,1,26.32,5.26
544,28,8,1,1,13.0,11.0,13.0,118.18,13.0,2,0,0,0,0,18.18,18.18
65,10,1,1,1,66.0,42.0,66.0,157.14,66.0,6,5,1,0,1,47.62,26.19
65,10,3,1,1,7.0,10.0,7.0,70.0,7.0,1,0,0,0,1,50.0,10.0
65,26,3,2,2,25.0,19.0,12.5,131.58,23.0,3,1,0,0,2,52.63,21.05
65,14,2,1,1,6.0,8.0,6.0,75.0,6.0,1,0,0,0,1,50.0,12.5
65,27,1,3,3,70.0,57.0,23.33,122.81,34.0,9,2,0,0,3,43.86,19.3
65,23,1,1,1,18.0,10.0,18.0,180.0,18.0,3,1,0,0,1,60.0,40.0
65,13,2,3,3,17.0,30.0,5.67,56.67,16.0,0,0,0,0,3,53.33,0.0
65,3,1,1,1,54.0,37.0,54.0,145.95,54.0,4,4,1,0,1,40.54,21.62
65,8,1,1,1,20.0,11.0,20.0,181.82,20.0,4,0,0,0,2,36.36,36.36
65,19,2,1,1,52.0,43.0,52.0,120.93,52.0,6,1,1,0,1,44.19,16.28
65,5,2,1,1,26.0,20.0,26.0,130.0,26.0,5,0,0,0,1,40.0,25.0
65,7,1,1,1,1.0,7.0,1.0,14.29,1.0,0,0,0,0,1,71.43,0.0
65,16,1,1,1,36.0,15.0,36.0,240.0,36.0,6,2,0,0,1,46.67,53.33
65,18,1,1,1,38.0,37.0,38.0,102.7,38.0,4,0,0,0,1,43.24,10.81
65,18,3,1,1,1.0,2.0,1.0,50.0,1.0,0,0,0,0,1,50.0,0.0
65,30,2,3,3,111.0,76.0,37.0,146.05,52.0,9,6,1,0,3,44.74,19.74
65,6,2,3,3,9.0,15.0,3.0,60.0,5.0,2,0,0,0,3,80.0,13.33
65,28,1,4,4,211.0,93.0,52.75,226.88,114.0,21,17,1,1,2,31.18,40.86
757,10,6,2,2,42.0,26.0,21.0,161.54,40.0,2,3,0,0,2,26.92,19.23
757,10,8,1,1,1.0,2.0,1.0,50.0,1.0,0,0,0,0,1,50.0,0.0
757,10,12,1,1,0.0,1.0,0.0,0.0,0.0,0,0,0,0,1,100.0,0.0
757,26,8,1,1,3.0,3.0,3.0,100.0,3.0,0,0,0,0,0,0.0,0.0
757,37,8,1,1,16.0,14.0,16.0,114.29,16.0,1,0,0,0,0,14.29,7.14
757,12,7,1,1,8.0,11.0,8.0,72.73,8.0,0,0,0,0,1,45.45,0.0
757,23,3,1,1,8.0,5.0,8.0,160.0,8.0,1,0,0,0,1,20.0,20.0
757,23,6,2,2,30.0,22.0,15.0,136.36,27.0,3,1,0,0,1,31.82,18.18
757,23,10,1,1,8.0,9.0,8.0,88.89,8.0,2,0,0,0,1,77.78,22.22
757,23,11,2,2,1.0,7.0,0.5,14.29,1.0,0,0,0,0,2,85.71,0.0
757,23,12,1,1,11.0,11.0,11.0,100.0,11.0,0,1,0,0,1,63.64,9.09
757,17,10,1,1,18.0,20.0,18.0,90.0,18.0,1,1,0,0,0,45.0,10.0
757,35,7,1,1,22.0,17.0,22.0,129.41,22.0,0,2,0,0,1,41.18,11.76
757,3,6,1,1,33.0,20.0,33.0,165.0,33.0,4,1,0,0,1,30.0,25.0
757,3,7,1,1,1.0,2.0,1.0,50.0,1.0,0,0,0,0,1,50.0,0.0
757,3,9,3,3,46.0,26.0,15.33,176.92,21.0,3,4,0,0,3,34.62,26.92
757,3,10,3,3,40.0,30.0,13.33,133.33,18.0,3,1,0,0,2,26.67,13.33
757,8,4,1,1,7.0,7.0,7.0,100.0,7.0,0,0,0,0,0,28.57,0.0
757,8,6,1,1,36.0,22.0,36.0,163.64,36.0,3,1,0,0,0,18.18,18.18
757,32,8,2,2,13.0,17.0,6.5,76.47,13.0,2,0,0,0,2,47.06,11.76
757,32,10,1,1,1.0,7.0,1.0,14.29,1.0,0,0,0,0,1,85.71,0.0
757,32,11,1,1,10.0,8.0,10.0,125.0,10.0,1,0,0,0,1,25.0,12.5
757,2,7,4,4,25.0,40.0,6.25,62.5,12.0,0,1,0,0,3,55.0,2.5
757,2,8,2,2,32.0,24.0,16.0,133.33,20.0,3,1,0,0,1,29.17,16.67
757,7,4,1,1,30.0,24.0,30.0,125.0,30.0,2,1,0,0,1,33.33,12.5
757,7,5,1,1,0.0,1.0,0.0,0.0,0.0,0,0,0,0,1,100.0,0.0
757,7,7,1,1,7.0,10.0,7.0,70.0,7.0,0,0,0,0,1,50.0,0.0
757,7,12,1,1,33.0,11.0,33.0,300.0,33.0,2,3,0,0,0,18.18,45.45
757,16,5,1,1,7.0,8.0,7.0,87.5,7.0,1,0,0,0,1,50.0,12.5
757,16,6,1,1,8.0,8.0,8.0,100.0,8.0,1,0,0,0,1,37.5,12.5
757,16,10,1,1,11.0,10.0,11.0,110.0,11.0,0,1,0,0,1,40.0,10.0
757,18,5,4,4,83.0,58.0,20.75,143.1,30.0,8,3,0,0,2,32.76,18.97
757,18,6,7,7,106.0,68.0,15.14,155.88,41.0,9,5,0,0,2,32.35,20.59
757,18,11,2,2,33.0,24.0,16.5,137.5,22.0,1,2,0,0,1,33.33,12.5
757,18,12,2,2,26.0,17.0,13.0,152.94,19.0,3,0,0,0,1,23.53,17.65
757,33,9,1,1,16.0,11.0,16.0,145.45,16.0,2,0,0,0,0,36.36,18.18
757,36,7,1,1,12.0,8.0,12.0,150.0,12.0,0,1,0,0,1,25.0,12.5
757,1,7,2,2,48.0,33.0,24.0,145.45,48.0,4,1,0,0,1,18.18,15.15
757,31,6,1,1,1.0,4.0,1.0,25.0,1.0,0,0,0,0,1,75.0,0.0
757,28,6,1,1,37.0,29.0,37.0,127.59,37.0,3,1,0,0,0,27.59,13.79
757,28,8,1,1,9.0,6.0,9.0,150.0,9.0,1,0,0,0,1,0.0,16.67
757,28,9,1,1,1.0,2.0,1.0,50.0,1.0,0,0,0,0,1,50.0,0.0
332,37,17,1,1,7.0,6.0,7.0,116.67,7.0,0,1,0,0,1,50.0,16.67
332,25,17,1,1,2.0,9.0,2.0,22.22,2.0,0,0,0,0,1,66.67,0.0
332,2,17,1,1,9.0,9.0,9.0,100.0,9.0,2,0,0,0,0,55.56,22.22
44,8,5,1,1,0.0,1.0,0.0,0.0,0.0,0,0,0,0,1,100.0,0.0
738,10,4,1,1,2.0,4.0,2.0,50.0,2.0,0,0,0,0,1,50.0,0.0
738,27,4,1,1,12.0,6.0,12.0,200.0,12.0,3,0,0,0,1,50.0,50.0
738,3,4,1,1,4.0,5.0,4.0,80.0,4.0,0,0,0,0,1,40.0,0.0
738,7,4,2,2,25.0,16.0,12.5,156.25,20.0,3,1,0,0,1,25.0,25.0
131,8,18,1,1,1.0,3.0,1.0,33.33,1.0,0,0,0,0,1,66.67,0.0
131,25,18,2,2,6.0,8.0,3.0,75.0,4.0,0,0,0,0,2,25.0,0.0
502,10,6,1,1,10.0,21.0,10.0,47.62,10.0,0,0,0,0,1,57.14,0.0
502,10,7,1,1,34.0,28.0,34.0,121.43,34.0,2,2,0,0,1,46.43,14.29
502,10,8,1,1,11.0,12.0,11.0,91.67,11.0,1,0,0,0,1,50.0,8.33
502,10,9,5,5,129.0,118.0,25.8,109.32,60.0,12,3,1,0,5,38.98,12.71
502,10,10,7,7,145.0,100.0,20.71,145.0,61.0,11,9,1,0,6,38.0,20.0
502,10,11,1,1,3.0,5.0,3.0,60.0,3.0,0,0,0,0,1,40.0,0.0
502,10,12,1,1,5.0,8.0,5.0,62.5,5.0,0,0,0,0,1,50.0,0.0
502,10,14,2,2,90.0,60.0,45.0,150.0,48.0,9,2,0,0,2,16.67,18.33
502,10,17,1,1,86.0,46.0,86.0,186.96,86.0,8,6,1,0,1,28.26,30.43
502,10,18,2,2,72.0,50.0,36.0,144.0,41.0,5,5,0,0,2,34.0,20.0
502,15,16,2,2,42.0,29.0,21.0,144.83,42.0,5,1,0,0,2,34.48,20.69
502,15,17,1,1,18.0,15.0,18.0,120.0,18.0,3,0,0,0,1,46.67,20.0
502,15,18,2,2,33.0,27.0,16.5,122.22,20.0,3,1,0,0,2,33.33,14.81
502,24,17,1,1,71.0,33.0,71.0,215.15,71.0,7,4,1,0,0,12.12,33.33
502,26,8,2,2,29.0,19.0,14.5,152.63,21.0,1,3,0,0,2,42.11,21.05
502,26,15,3,3,85.0,63.0,28.33,134.92,38.0,11,2,0,0,3,39.68,20.63
502,37,8,1,1,26.0,30.0,26.0,86.67,26.0,2,0,0,0,1,46.67,6.67
502,37,9,2,2,16.0,24.0,8.0,66.67,10.0,0,0,0,0,1,45.83,0.0
502,27,15,4,4,63.0,43.0,15.75,146.51,30.0,2,6,0,0,4,44.19,18.6
502,12,7,1,1,16.0,16.0,16.0,100.0,16.0,0,2,0,0,1,68.75,12.5
502,12,13,6,6,105.0,88.0,17.5,119.32,36.0,7,4,0,0,6,35.23,12.5
502,12,14,3,3,105.0,77.0,35.0,136.36,82.0,7,5,1,0,3,31.17,15.58
502,23,6,2,2,40.0,38.0,20.0,105.26,40.0,1,2,0,0,2,31.58,7.89
502,23,9,1,1,15.0,13.0,15.0,115.38,15.0,2,0,0,0,1,30.77,15.38
502,23,10,1,1,60.0,38.0,60.0,157.89,60.0,4,3,1,0,1,21.05,18.42
502,23,11,2,2,62.0,48.0,31.0,129.17,50.0,6,2,1,0,2,37.5,16.67
502,23,12,1,1,22.0,15.0,22.0,146.67,22.0,0,2,0,0,1,33.33,13.33
502,23,15,1,1,47.0,26.0,47.0,180.77,47.0,5,3,0,0,1,38.46,30.77
502,23,16,1,1,48.0,29.0,48.0,165.52,48.0,2,5,0,0,0,41.38,24.14
502,23,17,1,1,12.0,8.0,12.0,150.0,12.0,2,0,0,0,1,25.0,25.0
502,20,10,1,1,10.0,7.0,10.0,142.86,10.0,2,0,0,0,1,42.86,28.57
502,11,16,1,1,2.0,3.0,2.0,66.67,2.0,0,0,0,0,1,33.33,0.0
502,17,11,1,1,28.0,23.0,28.0,121.74,28.0,2,1,0,0,1,26.09,13.04
502,3,7,1,1,13.0,8.0,13.0,162.5,13.0,1,1,0,0,1,37.5,25.0
502,3,9,1,1,9.0,14.0,9.0,64.29,9.0,0,0,0,0,1,50.0,0.0
502,3,10,1,1,13.0,12.0,13.0,108.33,13.0,1,0,0,0,1,25.0,8.33
502,3,11,1,1,92.0,45.0,92.0,204.44,92.0,2,10,1,0,0,22.22,26.67
502,3,12,1,1,28.0,13.0,28.0,215.38,28.0,2,3,0,0,1,46.15,38.46
502,3,16,1,1,22.0,15.0,22.0,146.67,22.0,2,1,0,0,1,26.67,20.0
502,8,8,1,1,26.0,17.0,26.0,152.94,26.0,1,2,0,0,1,23.53,17.65
502,8,12,1,1,8.0,10.0,8.0,80.0,8.0,1,0,0,0,1,60.0,10.0
502,8,16,1,1,0.0,2.0,0.0,0.0,0.0,0,0,0,0,1,100.0,0.0
502,8,17,2,2,25.0,30.0,12.5,83.33,15.0,1,0,0,0,2,36.67,3.33
502,25,17,1,1,18.0,14.0,18.0,128.57,18.0,1,1,0,0,1,28.57,14.29
502,25,18,1,1,38.0,26.0,38.0,146.15,38.0,6,0,0,0,1,26.92,23.08
502,32,8,2,2,10.0,14.0,5.0,71.43,5.0,0,0,0,0,2,50.0,0.0
502,32,10,1,1,102.0,63.0,102.0,161.9,102.0,8,5,1,1,1,25.4,20.63
502,32,11,1,1,2.0,3.0,2.0,66.67,2.0,0,0,0,0,1,66.67,0.0
502,32,15,2,2,82.0,48.0,41.0,170.83,55.0,4,8,1,0,2,41.67,25.0
502,2,7,4,4,95.0,77.0,23.75,123.38,40.0,6,4,0,0,4,32.47,12.99
502,2,8,3,3,26.0,25.0,8.67,104.0,17.0,4,0,0,0,2,44.0,16.0
502,2,15,2,2,37.0,32.0,18.5,115.62,23.0,3,2,0,0,2,43.75,15.62
502,2,16,1,1,60.0,32.0,60.0,187.5,60.0,3,6,1,0,1,34.38,28.12
502,2,17,1,1,17.0,13.0,17.0,130.77,17.0,0,1,0,0,1,7.69,7.69
502,2,18,1,1,41.0,28.0,41.0,146.43,41.0,4,2,0,0,1,32.14,21.43
502,7,6,1,1,47.0,33.0,47.0,142.42,47.0,5,1,0,0,0,24.24,18.18
502,7,7,1,1,30.0,29.0,30.0,103.45,30.0,2,1,0,0,1,37.93,10.34
502,7,9,1,1,49.0,35.0,49.0,140.0,49.0,4,1,0,0,1,20.0,14.29
502,7,10,1,1,5.0,14.0,5.0,35.71,5.0,1,0,0,0,1,85.71,7.14
502,7,12,1,1,27.0,21.0,27.0,128.57,27.0,2,0,0,0,1,14.29,9.52
502,16,6,1,1,5.0,7.0,5.0,71.43,5.0,0,0,0,0,1,28.57,0.0
502,16,9,1,1,34.0,26.0,34.0,130.77,34.0,0,2,0,0,0,30.77,7.69
502,16,10,1,1,42.0,33.0,42.0,127.27,42.0,3,2,0,0,2,27.27,15.15
502,16,11,1,1,49.0,42.0,49.0,116.67,49.0,5,0,0,0,1,30.95,11.9
502,16,12,1,1,102.0,55.0,102.0,185.45,102.0,10,4,1,1,0,16.36,25.45
502,16,16,1,1,55.0,32.0,55.0,171.88,55.0,3,4,1,0,1,21.88,21.88
502,16,17,1,1,0.0,3.0,0.0,0.0,0.0,0,0,0,0,1,100.0,0.0
502,16,18,1,1,66.0,37.0,66.0,178.38,66.0,7,4,1,0,1,35.14,29.73
502,34,9,1,1,19.0,13.0,19.0,146.15,19.0,1,1,0,0,0,15.38,15.38
502,18,6,4,4,100.0,75.0,25.0,133.33,63.0,12,2,1,0,3,37.33,18.67
502,18,11,7,7,179.0,140.0,25.57,127.86,52.0,13,4,1,0,7,28.57,12.14
502,18,12,4,4,119.0,82.0,29.75,145.12,48.0,11,3,0,0,4,23.17,17.07
502,18,16,5,5,119.0,84.0,23.8,141.67,66.0,9,6,1,0,4,33.33,17.86
502,18,17,5,5,272.0,174.0,54.4,156.32,82.0,23,12,3,0,2,25.86,20.11
502,18,18,2,2,35.0,35.0,17.5,100.0,20.0,2,1,0,0,2,40.0,8.57
502,33,9,2,2,20.0,16.0,10.0,125.0,17.0,1,1,0,0,1,18.75,12.5
502,36,7,1,1,52.0,34.0,52.0,152.94,52.0,3,4,1,0,1,35.29,20.59
502,36,13,3,3,164.0,83.0,54.67,197.59,85.0,5,16,2,0,3,26.51,25.3
502,36,14,2,2,4.0,10.0,2.0,40.0,3.0,0,0,0,0,2,60.0,0.0
502,1,7,3,3,25.0,34.0,8.33,73.53,20.0,4,0,0,0,3,58.82,11.76
502,1,13,5,5,106.0,65.0,21.2,163.08,54.0,9,6,1,0,3,29.23,23.08
502,1,14,2,2,98.0,77.0,49.0,127.27,70.0,12,1,1,0,1,32.47,16.88
502,28,6,1,1,4.0,4.0,4.0,100.0,4.0,1,0,0,0,1,75.0,25.0
502,28,7,1,1,74.0,47.0,74.0,157.45,74.0,7,3,1,0,1,29.79,21.28
502,28,8,1,1,76.0,46.0,76.0,165.22,76.0,7,3,1,0,1,26.09,21.74
502,28,10,1,1,9.0,6.0,9.0,150.0,9.0,2,0,0,0,1,50.0,33.33
502,28,11,1,1,26.0,14.0,26.0,185.71,26.0,2,2,0,0,1,28.57,28.57
502,28,12,1,1,31.0,26.0,31.0,119.23,31.0,2,1,0,0,1,34.62,11.54
502,28,14,5,5,187.0,130.0,37.4,143.85,119.0,17,9,1,1,4,30.77,20.0
502,28,15,5,5,144.0,100.0,28.8,144.0,54.0,18,5,1,0,4,36.0,23.0
502,28,16,1,1,14.0,10.0,14.0,140.0,14.0,1,1,0,0,1,40.0,20.0
502,28,17,1,1,12.0,10.0,12.0,120.0,12.0,3,0,0,0,1,70.0,30.0
535,10,9,2,2,78.0,49.0,39.0,159.18,54.0,4,4,1,0,2,16.33,16.33
535,10,10,2,2,76.0,57.0,38.0,133.33,55.0,11,0,1,0,2,24.56,19.3
535,10,11,1,1,1.0,5.0,1.0,20.0,1.0,0,0,0,0,1,80.0,0.0
535,26,15,1,1,15.0,9.0,15.0,166.67,15.0,1,1,0,0,1,33.33,22.22
535,27,15,3,3,54.0,43.0,18.0,125.58,36.0,3,4,0,0,3,41.86,16.28
535,3,10,1,1,25.0,19.0,25.0,131.58,25.0,1,1,0,0,1,26.32,10.53
535,3,11,1,1,9.0,7.0,9.0,128.57,9.0,2,0,0,0,1,57.14,28.57
535,8,11,1,1,56.0,23.0,56.0,243.48,56.0,2,5,1,0,1,4.35,30.43
535,32,10,1,1,24.0,17.0,24.0,141.18,24.0,4,0,0,0,1,29.41,23.53
535,32,11,3,3,6.0,13.0,2.0,46.15,3.0,0,0,0,0,3,53.85,0.0
535,32,15,2,2,51.0,41.0,25.5,124.39,34.0,3,3,0,0,2,34.15,14.63
535,7,9,1,1,6.0,9.0,6.0,66.67,6.0,0,0,0,0,1,44.44,0.0
535,7,10,1,1,0.0,2.0,0.0,0.0,0.0,0,0,0,0,1,100.0,0.0
535,7,11,1,1,9.0,8.0,9.0,112.5,9.0,1,0,0,0,1,50.0,12.5
535,16,10,1,1,13.0,9.0,13.0,144.44,13.0,3,0,0,0,1,55.56,33.33
535,16,12,1,1,0.0,4.0,0.0,0.0,0.0,0,0,0,0,1,100.0,0.0
535,18,11,1,1,27.0,22.0,27.0,122.73,27.0,3,0,0,0,1,31.82,13.64
535,33,9,1,1,4.0,6.0,4.0,66.67,4.0,0,0,0,0,1,50.0,0.0
535,28,15,2,2,49.0,45.0,24.5,108.89,25.0,2,2,0,0,1,37.78,8.89
541,10,3,1,1,11.0,12.0,11.0,91.67,11.0,0,1,0,0,1,50.0,8.33
541,23,4,1,1,0.0,1.0,0.0,0.0,0.0,0,0,0,0,1,100.0,0.0
541,17,4,1,1,10.0,9.0,10.0,111.11,10.0,1,0,0,0,0,22.22,11.11
541,3,6,1,1,1.0,3.0,1.0,33.33,1.0,0,0,0,0,1,66.67,0.0
541,2,3,1,1,1.0,1.0,1.0,100.0,1.0,0,0,0,0,0,0.0,0.0
489,23,9,1,1,0.0,1.0,0.0,0.0,0.0,0,0,0,0,1,100.0,0.0
489,11,17,1,1,1.0,1.0,1.0,100.0,1.0,0,0,0,0,0,0.0,0.0
489,3,17,2,2,15.0,10.0,7.5,150.0,15.0,2,1,0,0,1,50.0,30.0
489,32,10,1,1,10.0,17.0,10.0,58.82,10.0,0,0,0,0,1,47.06,0.0
489,2,16,1,1,2.0,4.0,2.0,50.0,2.0,0,0,0,0,0,50.0,0.0
489,2,17,1,1,9.0,4.0,9.0,225.0,9.0,0,1,0,0,0,0.0,25.0
489,7,10,1,1,2.0,2.0,2.0,100.0,2.0,0,0,0,0,1,50.0,0.0
489,16,17,1,1,12.0,6.0,12.0,200.0,12.0,1,1,0,0,1,33.33,33.33
324,2,17,1,1,1.0,1.0,1.0,100.0,1.0,0,0,0,0,0,0.0,0.0
316,36,13,1,1,8.0,12.0,8.0,66.67,8.0,0,0,0,0,1,41.67,0.0
316,1,13,1,1,10.0,8.0,10.0,125.0,10.0,1,1,0,0,1,75.0,25.0
192,13,2,1,1,0.0,1.0,0.0,0.0,0.0,0,0,0,0,0,100.0,0.0
192,5,2,1,1,11.0,15.0,11.0,73.33,11.0,0,1,0,0,1,60.0,6.67
120,15,17,1,1,18.0,23.0,18.0,78.26,18.0,2,1,0,0,1,69.57,13.04
120,8,17,1,1,10.0,16.0,10.0,62.5,10.0,1,0,0,0,1,62.5,6.25
120,2,17,1,1,20.0,15.0,20.0,133.33,20.0,4,0,0,0,1,40.0,26.67
402,10,1,1,1,7.0,12.0,7.0,58.33,7.0,0,1,0,0,1,83.33,8.33
402,13,2,1,1,1.0,4.0,1.0,25.0,1.0,0,0,0,0,1,75.0,0.0
402,8,1,1,1,3.0,3.0,3.0,100.0,3.0,0,0,0,0,1,0.0,0.0
169,12,13,2,2,3.0,5.0,1.5,60.0,3.0,0,0,0,0,0,40.0,0.0
68,1,14,1,1,2.0,4.0,2.0,50.0,2.0,0,0,0,0,0,50.0,0.0
664,10,17,5,5,182.0,88.0,36.4,206.82,57.0,15,11,1,0,2,17.05,29.55
664,10,18,5,6,97.0,54.0,19.4,179.63,40.0,7,6,0,0,4,20.37,24.07
664,24,17,1,1,15.0,9.0,15.0,166.67,15.0,0,1,0,0,0,11.11,11.11
664,37,17,2,2,54.0,34.0,27.0,158.82,54.0,4,4,1,0,2,32.35,23.53
664,37,18,2,2,55.0,36.0,27.5,152.78,34.0,4,3,0,0,1,22.22,19.44
664,23,17,1,1,4.0,7.0,4.0,57.14,4.0,0,0,0,0,1,42.86,0.0
664,3,17,1,1,3.0,4.0,3.0,75.0,3.0,0,0,0,0,0,25.0,0.0
664,3,18,1,1,38.0,23.0,38.0,165.22,38.0,4,1,0,0,0,8.7,21.74
664,8,16,1,1,20.0,21.0,20.0,95.24,20.0,2,0,0,0,1,42.86,9.52
664,8,18,1,1,24.0,12.0,24.0,200.0,24.0,2,1,0,0,0,8.33,25.0
664,25,17,1,1,5.0,8.0,5.0,62.5,5.0,0,0,0,0,1,50.0,0.0
664,2,18,1,1,31.0,21.0,31.0,147.62,31.0,2,1,0,0,1,19.05,14.29
664,16,18,1,1,41.0,36.0,41.0,113.89,41.0,4,0,0,0,1,25.0,11.11
664,18,17,1,1,44.0,23.0,44.0,191.3,44.0,2,3,0,0,0,8.7,21.74
664,18,18,1,1,18.0,14.0,18.0,128.57,18.0,2,0,0,0,0,21.43,14.29
664,28,15,2,2,2.0,4.0,1.0,50.0,2.0,0,0,0,0,1,50.0,0.0
664,28,16,1,1,5.0,10.0,5.0,50.0,5.0,0,0,0,0,1,50.0,0.0
664,28,17,1,1,71.0,25.0,71.0,284.0,71.0,3,7,1,0,0,4.0,40.0
664,28,18,1,1,2.0,4.0,2.0,50.0,2.0,0,0,0,0,1,50.0,0.0
572,23,1,2,2,22.0,21.0,11.0,104.76,15.0,2,0,0,0,2,38.1,9.52
572,16,1,1,1,9.0,5.0,9.0,180.0,9.0,1,0,0,0,1,20.0,20.0
776,13,2,1,1,1.0,5.0,1.0,20.0,1.0,0,0,0,0,1,80.0,0.0
776,2,3,1,1,2.0,3.0,2.0,66.67,2.0,0,0,0,0,0,33.33,0.0
776,5,2,1,1,1.0,2.0,1.0,50.0,1.0,0,0,0,0,0,50.0,0.0
776,29,3,1,1,8.0,8.0,8.0,100.0,8.0,0,0,0,0,1,37.5,0.0
292,10,17,1,1,2.0,3.0,2.0,66.67,2.0,0,0,0,0,0,33.33,0.0
292,15,17,1,1,12.0,9.0,12.0,133.33,12.0,2,0,0,0,1,44.44,22.22
292,26,15,1,1,17.0,9.0,17.0,188.89,17.0,2,0,0,0,0,11.11,22.22
292,37,12,1,1,6.0,3.0,6.0,200.0,6.0,0,1,0,0,1,66.67,33.33
292,27,15,3,3,5.0,5.0,1.67,100.0,3.0,0,0,0,0,0,0.0,0.0
292,12,14,1,1,0.0,3.0,0.0,0.0,0.0,0,0,0,0,0,100.0,0.0
292,23,10,1,1,5.0,8.0,5.0,62.5,5.0,0,0,0,0,0,62.5,0.0
292,23,11,1,1,0.0,2.0,0.0,0.0,0.0,0,0,0,0,1,100.0,0.0
292,23,17,1,1,0.0,1.0,0.0,0.0,0.0,0,0,0,0,0,100.0,0.0
292,11,16,1,1,1.0,2.0,1.0,50.0,1.0,0,0,0,0,0,50.0,0.0
292,8,12,1,1,1.0,1.0,1.0,100.0,1.0,0,0,0,0,0,0.0,0.0
292,8,14,1,1,1.0,1.0,1.0,100.0,1.0,0,0,0,0,0,0.0,0.0
292,8,17,1,1,0.0,3.0,0.0,0.0,0.0,0,0,0,0,0,100.0,0.0
292,8,18,1,1,1.0,2.0,1.0,50.0,1.0,0,0,0,0,1,50.0,0.0
292,32,15,1,1,5.0,7.0,5.0,71.43,5.0,0,0,0,0,1,42.86,0.0
292,2,15,1,1,11.0,7.0,11.0,157.14,11.0,0,1,0,0,1,28.57,14.29
292,2,16,1,1,0.0,1.0,0.0,0.0,0.0,0,0,0,0,0,100.0,0.0
292,18,16,1,1,15.0,11.0,15.0,136.36,15.0,1,1,0,0,1,36.36,18.18
292,1,13,1,1,0.0,1.0,0.0,0.0,0.0,0,0,0,0,1,100.0,0.0
292,28,15,1,1,2.0,1.0,2.0,200.0,2.0,0,0,0,0,0,0.0,0.0
292,28,16,1,1,0.0,0.0,0.0,,0.0,0,0,0,0,0,0.0,
292,28,18,1,1,1.0,1.0,1.0,100.0,1.0,0,0,0,0,0,0.0,0.0
473,25,17,1,1,24.0,31.0,24.0,77.42,24.0,3,0,0,0,1,54.84,9.68
29,3,4,1,1,8.0,17.0,8.0,47.06,8.0,0,0,0,0,1,47.06,0.0
29,28,4,1,1,2.0,9.0,2.0,22.22,2.0,0,0,0,0,1,66.67,0.0
439,10,8,1,1,7.0,4.0,7.0,175.0,7.0,1,0,0,0,0,25.0,25.0
439,10,9,1,1,1.0,1.0,1.0,100.0,1.0,0,0,0,0,0,0.0,0.0
439,37,9,2,2,4.0,7.0,2.0,57.14,3.0,0,0,0,0,2,42.86,0.0
439,27,15,3,3,2.0,10.0,0.67,20.0,1.0,0,0,0,0,2,80.0,0.0
439,12,7,1,1,4.0,4.0,4.0,100.0,4.0,1,0,0,0,1,75.0,25.0
439,3,11,2,2,2.0,3.0,1.0,66.67,1.0,0,0,0,0,1,33.33,0.0
439,3,12,1,1,9.0,9.0,9.0,100.0,9.0,0,0,0,0,0,22.22,0.0
439,32,10,1,1,7.0,3.0,7.0,233.33,7.0,0,1,0,0,0,33.33,33.33
439,32,11,1,1,36.0,26.0,36.0,138.46,36.0,3,1,0,0,0,38.46,15.38
439,32,15,1,1,0.0,1.0,0.0,0.0,0.0,0,0,0,0,1,100.0,0.0
439,18,11,1,1,14.0,17.0,14.0,82.35,14.0,2,0,0,0,1,58.82,11.76
439,36,14,1,1,3.0,5.0,3.0,60.0,3.0,0,0,0,0,1,60.0,0.0
439,28,8,1,1,6.0,5.0,6.0,120.0,6.0,0,0,0,0,0,0.0,0.0
439,28,9,1,1,25.0,11.0,25.0,227.27,25.0,1,2,0,0,1,9.09,27.27
439,28,15,1,1,0.0,1.0,0.0,0.0,0.0,0,0,0,0,1,100.0,0.0
67,10,16,1,1,13.0,11.0,13.0,118.18,13.0,0,1,0,0,0,45.45,9.09
67,10,17,1,1,37.0,17.0,37.0,217.65,37.0,2,3,0,0,1,5.88,29.41
67,10,18,1,1,19.0,5.0,19.0,380.0,19.0,3,1,0,0,0,0.0,80.0
67,24,16,1,1,32.0,19.0,32.0,168.42,32.0,1,3,0,0,0,31.58,21.05
67,24,17,1,1,35.0,18.0,35.0,194.44,35.0,3,1,0,0,0,16.67,22.22
67,24,18,1,1,1.0,5.0,1.0,20.0,1.0,0,0,0,0,1,80.0,0.0
67,26,15,2,2,56.0,29.0,28.0,193.1,44.0,2,5,0,0,1,27.59,24.14
67,27,15,3,3,34.0,21.0,11.33,161.9,20.0,5,1,0,0,2,33.33,28.57
67,23,17,1,1,0.0,3.0,0.0,0.0,0.0,0,0,0,0,1,66.67,0.0
67,3,16,1,1,4.0,7.0,4.0,57.14,4.0,0,0,0,0,1,42.86,0.0
67,3,18,5,5,144.0,82.0,28.8,175.61,50.0,12,10,1,0,2,36.59,26.83
67,8,16,2,2,15.0,17.0,7.5,88.24,13.0,1,0,0,0,2,29.41,5.88
67,8,18,1,1,22.0,8.0,22.0,275.0,22.0,1,3,0,0,0,50.0,50.0
67,25,17,1,1,14.0,7.0,14.0,200.0,14.0,2,1,0,0,1,28.57,42.86
67,2,16,2,2,2.0,5.0,1.0,40.0,2.0,0,0,0,0,2,60.0,0.0
67,2,17,1,1,11.0,10.0,11.0,110.0,11.0,1,0,0,0,1,40.0,10.0
67,7,16,1,1,19.0,10.0,19.0,190.0,19.0,3,0,0,0,0,10.0,30.0
67,16,16,1,1,16.0,11.0,16.0,145.45,16.0,2,0,0,0,0,18.18,18.18
67,16,17,1,1,42.0,22.0,42.0,190.91,42.0,2,3,0,0,0,18.18,22.73
67,18,17,1,1,3.0,5.0,3.0,60.0,3.0,0,0,0,0,1,60.0,0.0
67,36,14,1,1,1.0,3.0,1.0,33.33,1.0,0,0,0,0,1,66.67,0.0
67,28,15,3,3,96.0,36.0,32.0,266.67,46.0,5,10,0,0,3,19.44,41.67
67,28,16,6,6,130.0,66.0,21.67,196.97,45.0,5,11,0,0,3,19.7,24.24
67,28,17,4,4,99.0,70.0,24.75,141.43,45.0,4,7,0,0,3,32.86,15.71
67,28,18,1,1,1.0,1.0,1.0,100.0,1.0,0,0,0,0,0,0.0,0.0
69,10,16,1,1,41.0,29.0,41.0,141.38,41.0,1,4,0,0,1,37.93,17.24
69,10,17,1,1,63.0,32.0,63.0,196.88,63.0,4,4,1,0,1,6.25,25.0
69,10,18,1,1,59.0,33.0,59.0,178.79,59.0,6,3,1,0,1,33.33,27.27
69,24,17,1,1,7.0,11.0,7.0,63.64,7.0,1,0,0,0,1,63.64,9.09
69,24,18,1,1,25.0,23.0,25.0,108.7,25.0,2,0,0,0,0,21.74,8.7
69,26,15,3,3,69.0,57.0,23.0,121.05,26.0,7,0,0,0,3,26.32,12.28
69,27,15,4,4,153.0,111.0,38.25,137.84,61.0,8,9,2,0,3,28.83,15.32
69,23,17,1,1,32.0,17.0,32.0,188.24,32.0,5,1,0,0,1,23.53,35.29
69,3,16,1,1,84.0,46.0,84.0,182.61,84.0,9,4,1,0,0,26.09,28.26
69,8,16,1,1,26.0,22.0,26.0,118.18,26.0,0,2,0,0,1,22.73,9.09
69,8,18,1,1,31.0,25.0,31.0,124.0,31.0,2,2,0,0,1,40.0,16.0
69,25,17,1,1,34.0,18.0,34.0,188.89,34.0,2,2,0,0,0,0.0,22.22
69,25,18,1,1,25.0,11.0,25.0,227.27,25.0,0,3,0,0,1,9.09,27.27
69,32,15,3,3,74.0,50.0,24.67,148.0,38.0,6,4,0,0,1,28.0,20.0
69,2,16,2,2,45.0,17.0,22.5,264.71,43.0,5,3,0,0,2,23.53,47.06
69,2,17,1,1,25.0,19.0,25.0,131.58,25.0,1,1,0,0,1,31.58,10.53
69,2,18,2,2,83.0,65.0,41.5,127.69,44.0,5,3,0,0,2,27.69,12.31
69,7,16,1,1,26.0,10.0,26.0,260.0,26.0,1,3,0,0,0,30.0,40.0
69,16,16,1,1,37.0,17.0,37.0,217.65,37.0,2,4,0,0,1,47.06,35.29
69,16,17,1,1,64.0,34.0,64.0,188.24,64.0,2,6,1,0,1,26.47,23.53
69,16,18,1,1,2.0,2.0,2.0,100.0,2.0,0,0,0,0,0,0.0,0.0
69,18,17,1,1,65.0,45.0,65.0,144.44,65.0,5,3,1,0,1,24.44,17.78
69,18,18,1,1,1.0,4.0,1.0,25.0,1.0,0,0,0,0,1,75.0,0.0
69,28,15,4,4,101.0,85.0,25.25,118.82,38.0,8,3,0,0,3,30.59,12.94
69,28,16,4,4,84.0,68.0,21.0,123.53,30.0,8,3,0,0,3,39.71,16.18
69,28,17,6,6,126.0,102.0,21.0,123.53,37.0,15,2,0,0,4,38.24,16.67
69,28,18,5,5,117.0,85.0,23.4,137.65,56.0,8,5,1,0,4,28.24,15.29
237,12,13,1,1,54.0,36.0,54.0,150.0,54.0,2,3,1,0,0,25.0,13.89
237,12,14,1,1,0.0,1.0,0.0,0.0,0.0,0,0,0,0,0,100.0,0.0
237,23,11,3,3,21.0,23.0,7.0,91.3,18.0,3,0,0,0,3,47.83,13.04
237,8,11,1,1,2.0,5.0,2.0,40.0,2.0,0,0,0,0,0,40.0,0.0
237,36,13,2,2,14.0,10.0,7.0,140.0,10.0,2,0,0,0,0,20.0,20.0
237,1,13,1,1,15.0,16.0,15.0,93.75,15.0,1,0,0,0,1,31.25,6.25
237,28,14,1,1,21.0,16.0,21.0,131.25,21.0,2,0,0,0,1,25.0,12.5
673,26,15,1,1,21.0,14.0,21.0,150.0,21.0,4,0,0,0,1,50.0,28.57
673,12,14,1,1,2.0,4.0,2.0,50.0,2.0,0,0,0,0,1,25.0,0.0
673,32,15,1,1,3.0,5.0,3.0,60.0,3.0,0,0,0,0,1,60.0,0.0
396,10,3,1,1,5.0,6.0,5.0,83.33,5.0,1,0,0,0,1,50.0,16.67
396,9,3,2,2,55.0,41.0,27.5,134.15,29.0,5,2,0,0,0,29.27,17.07
396,26,3,1,1,11.0,16.0,11.0,68.75,11.0,0,0,0,0,1,25.0,0.0
396,14,2,1,1,17.0,17.0,17.0,100.0,17.0,2,0,0,0,1,29.41,11.76
396,21,2,2,2,56.0,36.0,28.0,155.56,29.0,4,3,0,0,2,36.11,19.44
396,37,5,1,1,5.0,9.0,5.0,55.56,5.0,1,0,0,0,1,77.78,11.11
396,27,3,3,3,26.0,30.0,8.67,86.67,15.0,2,1,0,0,2,53.33,10.0
396,27,4,1,1,36.0,16.0,36.0,225.0,36.0,3,3,0,0,1,25.0,37.5
396,23,3,1,1,15.0,11.0,15.0,136.36,15.0,0,1,0,0,0,18.18,9.09
396,23,4,1,1,4.0,4.0,4.0,100.0,4.0,1,0,0,0,1,50.0,25.0
396,11,3,1,1,43.0,31.0,43.0,138.71,43.0,3,3,0,0,1,38.71,19.35
396,13,2,1,1,3.0,7.0,3.0,42.86,3.0,0,0,0,0,1,57.14,0.0
396,3,3,1,1,78.0,57.0,78.0,136.84,78.0,6,3,1,0,0,29.82,15.79
396,8,3,1,1,10.0,5.0,10.0,200.0,10.0,2,0,0,0,0,0.0,40.0
396,32,6,1,1,12.0,14.0,12.0,85.71,12.0,1,0,0,0,1,42.86,7.14
396,2,3,1,1,9.0,15.0,9.0,60.0,9.0,0,0,0,0,1,46.67,0.0
396,19,2,3,3,41.0,36.0,13.67,113.89,31.0,4,1,0,0,2,41.67,13.89
396,7,4,1,1,4.0,5.0,4.0,80.0,4.0,0,0,0,0,1,20.0,0.0
396,30,2,1,1,41.0,30.0,41.0,136.67,41.0,2,1,0,0,0,26.67,10.0
396,31,6,3,3,17.0,29.0,5.67,58.62,11.0,2,0,0,0,3,62.07,6.9
396,6,2,4,4,79.0,64.0,19.75,123.44,24.0,6,3,0,0,3,37.5,14.06
396,29,3,2,2,55.0,45.0,27.5,122.22,55.0,4,2,1,0,2,46.67,13.33
396,28,4,3,3,21.0,26.0,7.0,80.77,14.0,1,2,0,0,3,69.23,11.54
396,28,5,1,1,10.0,10.0,10.0,100.0,10.0,0,1,0,0,1,40.0,10.0
396,28,6,1,1,23.0,15.0,23.0,153.33,23.0,5,0,0,0,1,46.67,33.33
735,10,1,3,3,24.0,13.0,8.0,184.62,16.0,3,1,0,0,2,30.77,30.77
735,10,3,3,3,43.0,47.0,14.33,91.49,17.0,6,0,0,0,3,44.68,12.77
735,10,4,1,1,0.0,1.0,0.0,0.0,0.0,0,0,0,0,1,100.0,0.0
735,10,5,1,1,10.0,7.0,10.0,142.86,10.0,2,0,0,0,1,57.14,28.57
735,14,2,1,1,17.0,19.0,17.0,89.47,17.0,2,0,0,0,1,42.11,10.53
735,23,1,1,1,25.0,19.0,25.0,131.58,25.0,5,0,0,0,0,47.37,26.32
735,23,4,1,1,38.0,31.0,38.0,122.58,38.0,6,0,0,0,1,35.48,19.35
735,23,5,1,1,1.0,3.0,1.0,33.33,1.0,0,0,0,0,1,66.67,0.0
735,13,2,3,3,129.0,79.0,43.0,163.29,50.0,19,4,1,0,2,40.51,29.11
735,3,1,1,1,4.0,10.0,4.0,40.0,4.0,0,0,0,0,1,50.0,0.0
735,3,4,4,4,142.0,111.0,35.5,127.93,59.0,18,3,2,0,2,33.33,18.92
735,3,5,3,3,122.0,112.0,40.67,108.93,71.0,12,3,1,0,4,40.18,13.39
735,3,6,3,3,58.0,66.0,19.33,87.88,33.0,10,0,0,0,3,57.58,15.15
735,8,3,1,1,1.0,2.0,1.0,50.0,1.0,0,0,0,0,1,50.0,0.0
735,8,4,1,1,0.0,1.0,0.0,0.0,0.0,0,0,0,0,1,100.0,0.0
735,2,3,1,1,0.0,1.0,0.0,0.0,0.0,0,0,0,0,1,100.0,0.0
735,22,4,1,1,1.0,4.0,1.0,25.0,1.0,0,0,0,0,1,75.0,0.0
735,19,2,2,2,14.0,15.0,7.0,93.33,13.0,0,1,0,0,2,53.33,6.67
735,4,2,2,2,43.0,60.0,21.5,71.67,33.0,2,0,0,0,2,41.67,3.33
735,7,3,1,1,0.0,3.0,0.0,0.0,0.0,0,0,0,0,1,100.0,0.0
735,16,4,1,1,7.0,8.0,7.0,87.5,7.0,1,0,0,0,1,62.5,12.5
735,16,5,1,1,4.0,12.0,4.0,33.33,4.0,0,0,0,0,1,75.0,0.0
735,16,6,1,1,5.0,9.0,5.0,55.56,5.0,0,0,0,0,1,55.56,0.0
735,18,1,1,1,18.0,15.0,18.0,120.0,18.0,1,1,0,0,0,33.33,13.33
735,18,4,1,1,38.0,24.0,38.0,158.33,38.0,8,0,0,0,1,45.83,33.33
735,18,5,1,1,76.0,58.0,76.0,131.03,76.0,10,1,1,0,0,27.59,18.97
735,30,2,1,1,67.0,47.0,67.0,142.55,67.0,5,2,1,0,0,23.4,14.89
735,31,5,1,1,53.0,44.0,53.0,120.45,53.0,6,1,1,0,0,31.82,15.91
735,6,2,4,4,148.0,121.0,37.0,122.31,65.0,14,6,2,0,3,40.5,16.53
735,28,1,1,1,33.0,22.0,33.0,150.0,33.0,5,1,0,0,1,45.45,27.27
735,28,5,1,1,19.0,25.0,19.0,76.0,19.0,3,0,0,0,1,60.0,12.0
735,28,6,1,1,13.0,18.0,13.0,72.22,13.0,2,0,0,0,1,66.67,11.11
567,10,10,1,1,2.0,2.0,2.0,100.0,2.0,0,0,0,0,0,0.0,0.0
567,10,17,1,1,89.0,32.0,89.0,278.12,89.0,11,6,1,0,1,18.75,53.12
567,10,18,1,1,76.0,40.0,76.0,190.0,76.0,6,6,1,0,1,27.5,30.0
567,24,18,1,1,17.0,10.0,17.0,170.0,17.0,3,0,0,0,1,20.0,30.0
567,37,18,1,1,22.0,12.0,22.0,183.33,22.0,4,0,0,0,2,25.0,33.33
567,23,18,1,1,4.0,2.0,4.0,200.0,4.0,1,0,0,0,1,50.0,50.0
567,3,9,1,1,6.0,9.0,6.0,66.67,6.0,0,0,0,0,0,33.33,0.0
567,3,10,2,2,75.0,48.0,37.5,156.25,75.0,3,5,1,0,1,22.92,16.67
567,3,17,1,1,102.0,41.0,102.0,248.78,102.0,9,8,1,1,1,21.95,41.46
567,8,17,3,3,47.0,36.0,15.67,130.56,34.0,4,2,0,0,3,27.78,16.67
567,8,18,1,1,19.0,16.0,19.0,118.75,19.0,4,0,0,0,1,62.5,25.0
567,25,17,1,1,21.0,15.0,21.0,140.0,21.0,4,0,0,0,1,53.33,26.67
567,32,10,1,1,2.0,5.0,2.0,40.0,2.0,0,0,0,0,1,60.0,0.0
567,2,17,2,2,19.0,16.0,9.5,118.75,19.0,3,0,0,0,2,43.75,18.75
567,2,18,1,1,20.0,16.0,20.0,125.0,20.0,4,0,0,0,1,31.25,25.0
567,7,9,1,1,11.0,7.0,11.0,157.14,11.0,1,0,0,0,1,28.57,14.29
567,16,10,1,1,30.0,22.0,30.0,136.36,30.0,3,0,0,0,1,18.18,13.64
567,16,17,6,6,241.0,126.0,40.17,191.27,89.0,26,15,3,0,5,30.95,32.54
567,16,18,5,5,188.0,105.0,37.6,179.05,67.0,25,9,2,0,5,36.19,32.38
567,34,10,1,1,30.0,16.0,30.0,187.5,30.0,2,1,0,0,0,12.5,18.75
567,28,9,1,1,37.0,24.0,37.0,154.17,37.0,2,2,0,0,1,29.17,16.67
567,28,10,1,1,12.0,15.0,12.0,80.0,12.0,1,0,0,0,1,46.67,6.67
567,28,17,1,1,48.0,30.0,48.0,160.0,48.0,7,1,0,0,1,26.67,26.67
567,28,18,1,1,28.0,29.0,28.0,96.55,28.0,3,0,0,0,1,31.03,10.34
759,23,1,1,1,1.0,1.0,1.0,100.0,1.0,0,0,0,0,0,0.0,0.0
759,13,2,1,1,0.0,1.0,0.0,0.0,0.0,0,0,0,0,0,100.0,0.0
759,7,1,1,1,7.0,9.0,7.0,77.78,7.0,0,0,0,0,1,44.44,0.0
305,10,4,2,2,35.0,26.0,17.5,134.62,27.0,5,0,0,0,2,34.62,19.23
305,11,4,1,1,16.0,11.0,16.0,145.45,16.0,2,1,0,0,1,54.55,27.27
305,22,4,1,1,20.0,13.0,20.0,153.85,20.0,2,1,0,0,1,30.77,23.08
305,16,4,1,1,4.0,8.0,4.0,50.0,4.0,0,0,0,0,1,62.5,0.0
113,26,15,1,1,0.0,1.0,0.0,0.0,0.0,0,0,0,0,0,100.0,0.0
113,23,10,1,1,2.0,5.0,2.0,40.0,2.0,0,0,0,0,1,60.0,0.0
113,3,10,1,1,0.0,3.0,0.0,0.0,0.0,0,0,0,0,1,100.0,0.0
113,32,15,1,1,0.0,2.0,0.0,0.0,0.0,0,0,0,0,1,100.0,0.0
113,16,10,1,1,6.0,3.0,6.0,200.0,6.0,0,1,0,0,1,33.33,33.33
712,15,18,2,2,3.0,3.0,1.5,100.0,2.0,0,0,0,0,0,0.0,0.0
712,12,13,1,1,20.0,9.0,20.0,222.22,20.0,2,1,0,0,0,11.11,33.33
712,11,17,1,1,0.0,1.0,0.0,0.0,0.0,0,0,0,0,0,100.0,0.0
712,3,18,1,1,1.0,2.0,1.0,50.0,1.0,0,0,0,0,0,0.0,0.0
712,8,16,1,1,0.0,1.0,0.0,0.0,0.0,0,0,0,0,0,0.0,0.0
712,2,18,1,1,3.0,3.0,3.0,100.0,3.0,0,0,0,0,1,33.33,0.0
712,1,13,1,1,1.0,3.0,1.0,33.33,1.0,0,0,0,0,1,66.67,0.0
617,8,1,1,1,0.0,1.0,0.0,0.0,0.0,0,0,0,0,0,100.0,0.0
601,31,6,1,1,7.0,14.0,7.0,50.0,7.0,1,0,0,0,1,71.43,7.14
458,10,4,1,1,0.0,2.0,0.0,0.0,0.0,0,0,0,0,1,100.0,0.0
458,10,5,1,1,18.0,10.0,18.0,180.0,18.0,2,1,0,0,1,30.0,30.0
458,10,6,2,2,64.0,54.0,32.0,118.52,41.0,6,2,0,0,2,38.89,14.81
458,10,8,1,1,14.0,11.0,14.0,127.27,14.0,2,0,0,0,1,36.36,18.18
458,37,9,1,1,0.0,4.0,0.0,0.0,0.0,0,0,0,0,1,100.0,0.0
458,23,6,1,1,0.0,1.0,0.0,0.0,0.0,0,0,0,0,1,100.0,0.0
458,11,5,1,1,18.0,24.0,18.0,75.0,18.0,0,2,0,0,1,70.83,8.33
458,11,6,1,1,7.0,8.0,7.0,87.5,7.0,0,1,0,0,1,75.0,12.5
458,3,8,1,1,58.0,37.0,58.0,156.76,58.0,8,2,1,0,1,32.43,27.03
458,8,6,1,1,16.0,12.0,16.0,133.33,16.0,2,1,0,0,1,58.33,25.0
458,2,7,1,1,2.0,9.0,2.0,22.22,2.0,0,0,0,0,1,77.78,0.0
458,2,8,1,1,12.0,17.0,12.0,70.59,12.0,1,0,0,0,1,52.94,5.88
458,16,6,1,1,17.0,24.0,17.0,70.83,17.0,3,0,0,0,1,58.33,12.5
458,18,4,1,1,2.0,10.0,2.0,20.0,2.0,0,0,0,0,1,70.0,0.0
458,33,6,2,2,54.0,58.0,27.0,93.1,37.0,6,0,0,0,2,44.83,10.34
458,28,6,1,1,0.0,1.0,0.0,0.0,0.0,0,0,0,0,1,100.0,0.0
458,28,8,2,2,18.0,18.0,9.0,100.0,13.0,2,0,0,0,2,38.89,11.11
222,23,1,3,3,37.0,17.0,12.33,217.65,24.0,1,5,0,0,2,35.29,35.29
222,18,1,1,1,2.0,2.0,2.0,100.0,2.0,0,0,0,0,1,0.0,0.0
76,27,15,1,1,1.0,1.0,1.0,100.0,1.0,0,0,0,0,0,0.0,0.0
76,32,15,1,1,3.0,5.0,3.0,60.0,3.0,0,0,0,0,0,60.0,0.0
76,16,16,1,1,19.0,8.0,19.0,237.5,19.0,1,2,0,0,0,37.5,37.5
76,28,15,2,2,0.0,2.0,0.0,0.0,0.0,0,0,0,0,1,50.0,0.0
583,10,18,1,1,0.0,2.0,0.0,0.0,0.0,0,0,0,0,1,100.0,0.0
583,23,18,1,1,31.0,11.0,31.0,281.82,31.0,1,4,0,0,1,27.27,45.45
583,2,18,1,1,37.0,19.0,37.0,194.74,37.0,4,2,0,0,1,31.58,31.58
99,10,9,1,1,30.0,27.0,30.0,111.11,30.0,2,1,0,0,1,37.04,11.11
99,37,9,3,3,60.0,50.0,20.0,120.0,30.0,7,1,0,0,3,34.0,16.0
99,23,9,1,1,21.0,17.0,21.0,123.53,21.0,3,0,0,0,1,41.18,17.65
99,3,9,1,1,16.0,6.0,16.0,266.67,16.0,2,1,0,0,0,33.33,50.0
564,10,4,2,2,1.0,5.0,0.5,20.0,1.0,0,0,0,0,1,80.0,0.0
564,10,5,1,1,0.0,2.0,0.0,0.0,0.0,0,0,0,0,1,100.0,0.0
564,10,6,3,3,11.0,11.0,3.67,100.0,6.0,2,0,0,0,1,54.55,18.18
564,10,9,1,1,2.0,3.0,2.0,66.67,2.0,0,0,0,0,2,33.33,0.0
564,10,16,1,1,3.0,5.0,3.0,60.0,3.0,0,0,0,0,1,60.0,0.0
564,9,3,1,1,3.0,4.0,3.0,75.0,3.0,0,0,0,0,0,25.0,0.0
564,24,17,1,1,2.0,4.0,2.0,50.0,2.0,0,0,0,0,1,50.0,0.0
564,26,8,1,1,24.0,11.0,24.0,218.18,24.0,4,1,0,0,0,36.36,45.45
564,26,15,3,3,22.0,11.0,7.33,200.0,21.0,1,2,0,0,2,27.27,27.27
564,27,15,3,3,33.0,28.0,11.0,117.86,18.0,3,2,0,0,2,53.57,17.86
564,12,13,1,1,0.0,2.0,0.0,0.0,0.0,0,0,0,0,1,100.0,0.0
564,23,10,3,3,8.0,10.0,2.67,80.0,4.0,0,0,0,0,0,30.0,0.0
564,23,16,3,3,11.0,7.0,3.67,157.14,6.0,1,0,0,0,1,28.57,14.29
564,3,10,1,1,2.0,3.0,2.0,66.67,2.0,0,0,0,0,0,33.33,0.0
564,3,11,2,2,1.0,3.0,0.5,33.33,1.0,0,0,0,0,1,33.33,0.0
564,3,12,2,2,10.0,5.0,5.0,200.0,9.0,2,0,0,0,0,20.0,40.0
564,8,5,1,1,1.0,4.0,1.0,25.0,1.0,0,0,0,0,1,75.0,0.0
564,8,6,1,1,12.0,9.0,12.0,133.33,12.0,0,1,0,0,0,22.22,11.11
564,8,8,1,1,0.0,1.0,0.0,0.0,0.0,0,0,0,0,1,100.0,0.0
564,8,12,1,1,1.0,10.0,1.0,10.0,1.0,0,0,0,0,1,90.0,0.0
564,8,17,1,1,10.0,11.0,10.0,90.91,10.0,0,1,0,0,0,54.55,9.09
564,32,9,1,1,7.0,2.0,7.0,350.0,7.0,0,1,0,0,0,0.0,50.0
564,32,11,1,1,1.0,5.0,1.0,20.0,1.0,0,0,0,0,1,80.0,0.0
564,2,16,1,1,5.0,6.0,5.0,83.33,5.0,0,0,0,0,0,16.67,0.0
564,16,6,1,1,2.0,5.0,2.0,40.0,2.0,0,0,0,0,0,80.0,0.0
564,16,12,1,1,14.0,9.0,14.0,155.56,14.0,1,1,0,0,0,44.44,22.22
564,18,11,1,1,0.0,1.0,0.0,0.0,0.0,0,0,0,0,1,100.0,0.0
564,1,7,1,1,2.0,4.0,2.0,50.0,2.0,0,0,0,0,1,50.0,0.0
564,31,5,1,1,1.0,1.0,1.0,100.0,1.0,0,0,0,0,0,0.0,0.0
564,31,6,1,1,8.0,9.0,8.0,88.89,8.0,0,0,0,0,0,22.22,0.0
564,28,6,1,1,5.0,4.0,5.0,125.0,5.0,1,0,0,0,0,50.0,25.0
564,28,8,1,1,5.0,2.0,5.0,250.0,5.0,1,0,0,0,0,0.0,50.0
564,28,11,1,1,1.0,2.0,1.0,50.0,1.0,0,0,0,0,1,50.0,0.0
564,28,12,1,1,0.0,1.0,0.0,0.0,0.0,0,0,0,0,0,0.0,0.0
564,28,15,1,1,0.0,1.0,0.0,0.0,0.0,0,0,0,0,0,0.0,0.0
151,10,1,1,1,1.0,1.0,1.0,100.0,1.0,0,0,0,0,0,0.0,0.0
151,10,3,1,1,13.0,11.0,13.0,118.18,13.0,1,0,0,0,1,9.09,9.09
151,10,4,1,1,56.0,38.0,56.0,147.37,56.0,8,2,1,0,2,39.47,26.32
151,10,5,1,1,73.0,53.0,73.0,137.74,73.0,9,1,1,0,0,26.42,18.87
151,10,6,1,1,99.0,58.0,99.0,170.69,99.0,10,4,1,0,1,22.41,24.14
151,10,8,1,1,35.0,23.0,35.0,152.17,35.0,6,0,0,0,0,26.09,26.09
151,10,10,1,1,58.0,45.0,58.0,128.89,58.0,3,3,1,0,2,28.89,13.33
151,10,11,1,1,70.0,40.0,70.0,175.0,70.0,7,3,1,0,1,22.5,25.0
151,10,12,1,1,23.0,17.0,23.0,135.29,23.0,2,1,0,0,1,29.41,17.65
151,10,16,1,1,55.0,46.0,55.0,119.57,55.0,5,0,1,0,1,26.09,10.87
151,10,18,1,1,51.0,47.0,51.0,108.51,51.0,4,0,1,0,2,25.53,8.51
151,24,16,1,1,31.0,30.0,31.0,103.33,31.0,3,0,0,0,1,30.0,10.0
151,24,18,2,2,97.0,55.0,48.5,176.36,54.0,17,1,1,0,2,27.27,32.73
151,26,3,1,1,17.0,12.0,17.0,141.67,17.0,0,2,0,0,1,50.0,16.67
151,26,15,3,3,78.0,68.0,26.0,114.71,58.0,8,2,1,0,3,39.71,14.71
151,27,3,1,1,9.0,7.0,9.0,128.57,9.0,1,0,0,0,1,42.86,14.29
151,27,15,4,4,54.0,40.0,13.5,135.0,41.0,3,2,0,0,3,27.5,12.5
151,12,7,2,2,4.0,4.0,2.0,100.0,4.0,1,0,0,0,2,75.0,25.0
151,12,13,7,8,249.0,197.0,35.57,126.4,90.0,9,8,2,0,6,23.35,8.63
151,12,14,3,3,80.0,70.0,26.67,114.29,51.0,7,3,1,0,3,44.29,14.29
151,23,3,1,1,2.0,5.0,2.0,40.0,2.0,0,0,0,0,1,60.0,0.0
151,23,4,1,1,30.0,23.0,30.0,130.43,30.0,3,1,0,0,0,34.78,17.39
151,23,5,1,1,18.0,19.0,18.0,94.74,18.0,3,0,0,0,1,57.89,15.79
151,23,7,1,1,38.0,31.0,38.0,122.58,38.0,3,1,0,0,1,25.81,12.9
151,23,8,1,1,13.0,15.0,13.0,86.67,13.0,0,1,0,0,1,60.0,6.67
151,23,9,1,1,75.0,51.0,75.0,147.06,75.0,5,3,1,0,0,25.49,15.69
151,23,10,1,1,0.0,1.0,0.0,0.0,0.0,0,0,0,0,1,100.0,0.0
151,23,11,1,1,31.0,33.0,31.0,93.94,31.0,1,1,0,0,1,39.39,6.06
151,23,12,1,1,100.0,58.0,100.0,172.41,100.0,9,4,1,1,1,20.69,22.41
151,23,15,1,1,25.0,24.0,25.0,104.17,25.0,2,0,0,0,1,41.67,8.33
151,23,16,1,1,21.0,18.0,21.0,116.67,21.0,3,0,0,0,1,50.0,16.67
151,23,17,1,1,18.0,7.0,18.0,257.14,18.0,1,2,0,0,1,28.57,42.86
151,23,18,1,1,59.0,36.0,59.0,163.89,59.0,4,3,1,0,0,16.67,19.44
151,11,4,1,1,11.0,11.0,11.0,100.0,11.0,2,0,0,0,1,54.55,18.18
151,11,17,1,1,92.0,47.0,92.0,195.74,92.0,7,6,1,0,1,23.4,27.66
151,17,11,1,1,48.0,28.0,48.0,171.43,48.0,6,2,0,0,0,21.43,28.57
151,35,6,1,1,17.0,14.0,17.0,121.43,17.0,2,0,0,0,1,35.71,14.29
151,35,7,1,1,27.0,29.0,27.0,93.1,27.0,1,1,0,0,1,37.93,6.9
151,35,8,1,1,12.0,9.0,12.0,133.33,12.0,1,1,0,0,1,55.56,22.22
151,13,2,4,4,75.0,64.0,18.75,117.19,38.0,7,3,0,0,4,42.19,15.62
151,3,1,6,6,98.0,92.0,16.33,106.52,38.0,8,3,0,0,7,38.04,11.96
151,3,3,5,5,173.0,110.0,34.6,157.27,58.0,15,8,1,0,4,23.64,20.91
151,3,4,6,6,179.0,169.0,29.83,105.92,67.0,20,4,1,0,5,43.79,14.2
151,3,5,7,7,109.0,111.0,15.57,98.2,45.0,9,2,0,0,6,41.44,9.91
151,3,6,8,8,342.0,223.0,42.75,153.36,93.0,38,15,4,0,6,37.22,23.77
151,3,7,5,5,87.0,75.0,17.4,116.0,73.0,3,5,1,0,5,41.33,10.67
151,3,8,7,7,178.0,153.0,25.43,116.34,51.0,14,9,1,0,7,44.44,15.03
151,3,9,9,9,597.0,350.0,66.33,170.57,113.0,49,32,7,3,8,25.71,23.14
151,3,10,5,5,111.0,94.0,22.2,118.09,62.0,9,4,1,0,5,41.49,13.83
151,3,11,7,7,238.0,168.0,34.0,141.67,68.0,25,7,2,0,7,30.95,19.05
151,3,12,7,7,234.0,144.0,33.43,162.5,84.0,23,8,1,0,7,19.44,21.53
151,3,16,7,7,354.0,230.0,50.57,153.91,101.0,36,11,5,1,5,24.35,20.43
151,3,17,7,7,340.0,213.0,48.57,159.62,83.0,29,20,2,0,7,33.33,23.0
151,3,18,5,5,162.0,98.0,32.4,165.31,70.0,15,9,2,0,5,29.59,24.49
151,8,1,1,1,10.0,16.0,10.0,62.5,10.0,1,0,0,0,1,50.0,6.25
151,8,3,1,1,34.0,24.0,34.0,141.67,34.0,3,1,0,0,1,25.0,16.67
151,8,4,3,3,78.0,72.0,26.0,108.33,35.0,5,2,0,0,3,34.72,9.72
151,8,5,1,1,57.0,46.0,57.0,123.91,57.0,5,2,1,0,1,32.61,15.22
151,8,6,1,1,58.0,47.0,58.0,123.4,58.0,2,2,1,0,1,29.79,8.51
151,8,8,1,1,48.0,44.0,48.0,109.09,48.0,2,1,0,0,2,38.64,6.82
151,8,12,1,1,6.0,12.0,6.0,50.0,6.0,0,0,0,0,1,50.0,0.0
151,8,14,3,3,71.0,64.0,23.67,110.94,33.0,9,0,0,0,3,35.94,14.06
151,8,17,1,1,21.0,20.0,21.0,105.0,21.0,0,1,0,0,1,30.0,5.0
151,8,18,1,1,31.0,30.0,31.0,103.33,31.0,2,1,0,0,1,33.33,10.0
151,25,18,2,2,85.0,66.0,42.5,128.79,73.0,9,1,1,0,1,27.27,15.15
151,32,8,1,1,12.0,18.0,12.0,66.67,12.0,0,0,0,0,1,44.44,0.0
151,32,9,1,1,80.0,63.0,80.0,126.98,80.0,7,2,1,0,1,25.4,14.29
151,32,10,1,1,55.0,48.0,55.0,114.58,55.0,4,1,1,0,1,31.25,10.42
151,32,11,1,1,8.0,11.0,8.0,72.73,8.0,1,0,0,0,1,45.45,9.09
151,32,15,3,3,87.0,79.0,29.0,110.13,48.0,10,1,0,0,5,43.04,13.92
151,2,8,1,1,62.0,46.0,62.0,134.78,62.0,1,3,1,0,0,19.57,8.7
151,2,14,2,2,47.0,45.0,23.5,104.44,35.0,5,1,0,0,2,40.0,13.33
151,2,15,1,1,7.0,8.0,7.0,87.5,7.0,0,1,0,0,1,75.0,12.5
151,2,17,2,2,103.0,68.0,51.5,151.47,70.0,9,4,1,0,1,23.53,19.12
151,2,18,1,1,43.0,35.0,43.0,122.86,43.0,3,0,0,0,1,11.43,8.57
151,22,4,1,1,23.0,18.0,23.0,127.78,23.0,4,0,0,0,1,44.44,22.22
151,19,2,2,2,31.0,25.0,15.5,124.0,24.0,2,2,0,0,1,40.0,16.0
151,5,2,2,2,53.0,40.0,26.5,132.5,50.0,7,0,1,0,2,37.5,17.5
151,7,1,1,1,21.0,22.0,21.0,95.45,21.0,4,0,0,0,1,63.64,18.18
151,7,3,1,1,42.0,26.0,42.0,161.54,42.0,4,1,0,0,1,11.54,19.23
151,7,5,1,1,4.0,4.0,4.0,100.0,4.0,1,0,0,0,1,75.0,25.0
151,7,6,1,1,14.0,14.0,14.0,100.0,14.0,1,0,0,0,1,35.71,7.14
151,7,8,1,1,19.0,9.0,19.0,211.11,19.0,2,1,0,0,1,33.33,33.33
151,7,9,1,1,20.0,21.0,20.0,95.24,20.0,2,0,0,0,1,42.86,9.52
151,7,12,1,1,67.0,53.0,67.0,126.42,67.0,8,0,1,0,1,28.3,15.09
151,7,16,1,1,59.0,47.0,59.0,125.53,59.0,5,1,1,0,1,27.66,12.77
151,16,1,1,1,9.0,5.0,9.0,180.0,9.0,2,0,0,0,1,20.0,40.0
151,16,4,1,1,71.0,51.0,71.0,139.22,71.0,5,3,1,0,1,31.37,15.69
151,16,5,1,1,42.0,40.0,42.0,105.0,42.0,2,3,0,0,1,50.0,12.5
151,16,6,1,2,51.0,46.0,51.0,110.87,51.0,6,1,1,0,1,43.48,15.22
151,16,7,1,1,67.0,41.0,67.0,163.41,67.0,4,4,1,0,1,21.95,19.51
151,16,8,1,1,44.0,19.0,44.0,231.58,44.0,3,3,0,0,1,21.05,31.58
151,16,9,1,1,14.0,17.0,14.0,82.35,14.0,1,0,0,0,1,35.29,5.88
151,16,11,1,1,39.0,30.0,39.0,130.0,39.0,5,1,0,0,1,40.0,20.0
151,16,12,1,1,3.0,10.0,3.0,30.0,3.0,0,0,0,0,1,70.0,0.0
151,16,16,1,1,100.0,63.0,100.0,158.73,100.0,12,4,1,1,1,33.33,25.4
151,16,17,1,1,51.0,43.0,51.0,118.6,51.0,4,1,1,0,1,23.26,11.63
151,34,9,1,1,100.0,63.0,100.0,158.73,100.0,11,1,1,1,0,17.46,19.05
151,34,10,1,1,64.0,50.0,64.0,128.0,64.0,7,1,1,0,1,32.0,16.0
151,18,1,1,1,3.0,7.0,3.0,42.86,3.0,0,0,0,0,1,57.14,0.0
151,18,3,1,1,14.0,13.0,14.0,107.69,14.0,2,0,0,0,2,46.15,15.38
151,18,4,1,1,39.0,34.0,39.0,114.71,39.0,3,1,0,0,0,29.41,11.76
151,18,5,1,1,16.0,16.0,16.0,100.0,16.0,2,0,0,0,1,50.0,12.5
151,18,6,1,1,32.0,35.0,32.0,91.43,32.0,3,0,0,0,1,34.29,8.57
151,18,11,1,1,4.0,9.0,4.0,44.44,4.0,0,0,0,0,1,55.56,0.0
151,18,12,1,1,23.0,25.0,23.0,92.0,23.0,3,0,0,0,1,48.0,12.0
151,18,16,1,1,18.0,19.0,18.0,94.74,18.0,1,0,0,0,1,21.05,5.26
151,18,17,1,1,113.0,72.0,113.0,156.94,113.0,12,4,1,1,0,26.39,22.22
151,18,18,1,1,62.0,45.0,62.0,137.78,62.0,4,2,1,0,0,20.0,13.33
151,33,9,1,1,54.0,45.0,54.0,120.0,54.0,6,0,1,0,0,26.67,13.33
151,36,7,2,2,80.0,61.0,40.0,131.15,49.0,6,3,0,0,1,31.15,14.75
151,36,13,3,3,88.0,74.0,29.33,118.92,48.0,4,0,0,0,2,14.86,5.41
151,36,14,3,3,117.0,98.0,39.0,119.39,53.0,13,2,1,0,3,32.65,15.31
151,1,7,1,1,21.0,25.0,21.0,84.0,21.0,3,0,0,0,2,48.0,12.0
151,1,13,5,5,134.0,115.0,26.8,116.52,72.0,11,3,1,0,3,35.65,12.17
151,1,14,2,2,10.0,8.0,5.0,125.0,5.0,2,0,0,0,2,50.0,25.0
151,30,2,3,3,53.0,59.0,17.67,89.83,22.0,5,1,0,0,3,44.07,10.17
151,31,5,1,1,9.0,12.0,9.0,75.0,9.0,1,0,0,0,1,50.0,8.33
151,31,6,1,1,25.0,18.0,25.0,138.89,25.0,3,0,0,0,1,16.67,16.67
151,6,2,2,2,34.0,31.0,17.0,109.68,19.0,1,2,0,0,1,35.48,9.68
151,29,3,1,1,3.0,4.0,3.0,75.0,3.0,0,0,0,0,1,50.0,0.0
151,28,1,1,1,23.0,14.0,23.0,164.29,23.0,3,1,0,0,1,35.71,28.57
151,28,4,1,1,70.0,44.0,70.0,159.09,70.0,5,3,1,0,0,20.45,18.18
151,28,5,1,1,36.0,25.0,36.0,144.0,36.0,1,2,0,0,0,12.0,12.0
151,28,6,1,1,1.0,4.0,1.0,25.0,1.0,0,0,0,0,1,75.0,0.0
151,28,7,1,1,35.0,28.0,35.0,125.0,35.0,2,2,0,0,1,35.71,14.29
151,28,8,1,1,82.0,50.0,82.0,164.0,82.0,6,4,1,0,0,20.0,20.0
151,28,9,1,1,33.0,30.0,33.0,110.0,33.0,3,0,0,0,1,26.67,10.0
151,28,10,1,1,20.0,14.0,20.0,142.86,20.0,0,2,0,0,1,35.71,14.29
151,28,11,1,1,92.0,62.0,92.0,148.39,92.0,7,4,1,0,0,24.19,17.74
151,28,12,1,1,8.0,9.0,8.0,88.89,8.0,1,0,0,0,1,44.44,11.11
151,28,14,2,2,80.0,54.0,40.0,148.15,72.0,7,3,1,0,1,20.37,18.52
151,28,15,4,4,90.0,75.0,22.5,120.0,73.0,9,2,1,0,3,33.33,14.67
151,28,16,1,1,1.0,4.0,1.0,25.0,1.0,0,0,0,0,1,75.0,0.0
151,28,17,1,1,3.0,9.0,3.0,33.33,3.0,0,0,0,0,1,66.67,0.0
151,28,18,1,1,67.0,42.0,67.0,159.52,67.0,8,2,1,0,1,28.57,23.81
298,10,18,3,3,64.0,33.0,21.33,193.94,38.0,7,4,0,0,2,27.27,33.33
298,37,18,1,1,39.0,15.0,39.0,260.0,39.0,5,2,0,0,1,6.67,46.67
298,8,18,1,1,1.0,2.0,1.0,50.0,1.0,0,0,0,0,0,50.0,0.0
298,2,18,1,1,0.0,1.0,0.0,0.0,0.0,0,0,0,0,1,100.0,0.0
298,16,18,1,1,18.0,17.0,18.0,105.88,18.0,1,1,0,0,0,47.06,11.76
298,28,18,1,1,20.0,11.0,20.0,181.82,20.0,3,1,0,0,1,36.36,36.36
400,28,5,1,1,0.0,1.0,0.0,0.0,0.0,0,0,0,0,1,100.0,0.0
66,10,1,6,6,128.0,68.0,21.33,188.24,51.0,14,7,1,0,4,25.0,30.88
66,10,3,7,7,170.0,98.0,24.29,173.47,74.0,26,6,1,0,7,38.78,32.65
66,10,4,6,6,182.0,108.0,30.33,168.52,77.0,23,7,1,0,4,35.19,27.78
66,10,5,7,7,264.0,154.0,37.71,171.43,73.0,29,13,3,0,7,31.82,27.27
66,10,6,5,5,165.0,111.0,33.0,148.65,95.0,22,4,1,0,4,31.53,23.42
66,10,7,1,1,23.0,22.0,23.0,104.55,23.0,2,1,0,0,1,40.91,13.64
66,10,8,1,1,1.0,2.0,1.0,50.0,1.0,0,0,0,0,1,50.0,0.0
66,9,3,1,1,3.0,7.0,3.0,42.86,3.0,0,0,0,0,1,57.14,0.0
66,9,7,2,2,102.0,73.0,51.0,139.73,72.0,16,2,1,0,2,39.73,24.66
66,26,3,1,1,20.0,18.0,20.0,111.11,20.0,3,0,0,0,1,22.22,16.67
66,27,1,1,1,40.0,20.0,40.0,200.0,40.0,3,3,0,0,2,20.0,30.0
66,27,4,1,1,37.0,23.0,37.0,160.87,37.0,6,0,0,0,1,26.09,26.09
66,12,7,1,1,32.0,26.0,32.0,123.08,32.0,4,0,0,0,1,30.77,15.38
66,23,1,1,1,0.0,1.0,0.0,0.0,0.0,0,0,0,0,1,100.0,0.0
66,23,3,1,1,64.0,40.0,64.0,160.0,64.0,6,3,1,0,1,25.0,22.5
66,23,5,1,1,20.0,13.0,20.0,153.85,20.0,1,1,0,0,1,7.69,15.38
66,23,7,1,1,2.0,3.0,2.0,66.67,2.0,0,0,0,0,1,33.33,0.0
66,11,6,1,1,30.0,22.0,30.0,136.36,30.0,6,0,0,0,1,36.36,27.27
66,13,2,2,2,17.0,19.0,8.5,89.47,11.0,2,0,0,0,2,42.11,10.53
66,3,1,1,1,47.0,19.0,47.0,247.37,47.0,9,1,0,0,1,21.05,52.63
66,3,3,1,1,12.0,11.0,12.0,109.09,12.0,2,0,0,0,1,45.45,18.18
66,3,5,1,1,0.0,1.0,0.0,0.0,0.0,0,0,0,0,1,100.0,0.0
66,3,6,1,1,25.0,23.0,25.0,108.7,25.0,4,0,0,0,1,52.17,17.39
66,3,7,2,2,37.0,34.0,18.5,108.82,30.0,6,0,0,0,2,44.12,17.65
66,8,1,1,1,71.0,41.0,71.0,173.17,71.0,7,4,1,0,1,31.71,26.83
66,8,3,1,1,4.0,4.0,4.0,100.0,4.0,0,0,0,0,1,25.0,0.0
66,8,5,2,2,5.0,8.0,2.5,62.5,4.0,1,0,0,0,2,75.0,12.5
66,8,6,1,1,0.0,2.0,0.0,0.0,0.0,0,0,0,0,1,100.0,0.0
66,8,8,1,1,1.0,2.0,1.0,50.0,1.0,0,0,0,0,1,50.0,0.0
66,32,8,3,3,58.0,52.0,19.33,111.54,47.0,6,2,0,0,3,42.31,15.38
66,2,3,1,1,75.0,34.0,75.0,220.59,75.0,8,5,1,0,1,26.47,38.24
66,2,8,1,1,1.0,4.0,1.0,25.0,1.0,0,0,0,0,0,75.0,0.0
66,22,4,1,1,80.0,47.0,80.0,170.21,80.0,8,5,1,0,1,36.17,27.66
66,19,2,1,1,0.0,2.0,0.0,0.0,0.0,0,0,0,0,1,100.0,0.0
66,5,2,1,1,38.0,16.0,38.0,237.5,38.0,4,3,0,0,0,31.25,43.75
66,4,2,2,2,11.0,16.0,5.5,68.75,9.0,2,0,0,0,2,50.0,12.5
66,7,1,1,1,6.0,6.0,6.0,100.0,6.0,1,0,0,0,1,33.33,16.67
66,7,3,1,1,8.0,6.0,8.0,133.33,8.0,2,0,0,0,1,66.67,33.33
66,7,7,3,3,44.0,26.0,14.67,169.23,18.0,6,3,0,0,3,57.69,34.62
66,7,8,1,1,2.0,5.0,2.0,40.0,2.0,0,0,0,0,1,40.0,0.0
66,16,1,1,1,94.0,41.0,94.0,229.27,94.0,10,6,1,0,0,19.51,39.02
66,16,4,1,1,119.0,56.0,119.0,212.5,119.0,13,6,1,1,1,21.43,33.93
66,16,5,1,1,4.0,2.0,4.0,200.0,4.0,1,0,0,0,1,50.0,50.0
66,16,6,1,1,8.0,17.0,8.0,47.06,8.0,0,0,0,0,1,58.82,0.0
66,16,7,1,1,4.0,2.0,4.0,200.0,4.0,1,0,0,0,1,50.0,50.0
66,18,1,1,1,17.0,20.0,17.0,85.0,17.0,2,0,0,0,1,40.0,10.0
66,18,4,1,1,4.0,2.0,4.0,200.0,4.0,1,0,0,0,1,50.0,50.0
66,18,5,1,1,73.0,38.0,73.0,192.11,73.0,12,1,1,0,1,15.79,34.21
66,18,6,1,1,11.0,7.0,11.0,157.14,11.0,2,0,0,0,1,42.86,28.57
66,33,6,2,2,45.0,41.0,22.5,109.76,28.0,5,2,0,0,2,48.78,17.07
66,36,7,2,2,32.0,29.0,16.0,110.34,30.0,2,3,0,0,2,58.62,17.24
66,1,7,2,2,56.0,40.0,28.0,140.0,37.0,7,1,0,0,3,35.0,20.0
66,30,2,1,1,7.0,5.0,7.0,140.0,7.0,0,1,0,0,1,60.0,20.0
66,31,5,2,2,97.0,55.0,48.5,176.36,87.0,11,3,1,0,2,16.36,25.45
66,31,6,1,1,11.0,10.0,11.0,110.0,11.0,2,0,0,0,1,50.0,20.0
66,6,2,4,4,125.0,80.0,31.25,156.25,50.0,16,3,1,0,4,32.5,23.75
66,28,1,1,1,3.0,4.0,3.0,75.0,3.0,0,0,0,0,1,25.0,0.0
66,28,4,1,1,2.0,4.0,2.0,50.0,2.0,0,0,0,0,1,50.0,0.0
66,28,5,1,1,32.0,36.0,32.0,88.89,32.0,2,1,0,0,1,44.44,8.33
66,28,7,2,2,123.0,60.0,61.5,205.0,122.0,12,8,1,1,2,20.0,33.33
66,28,8,1,1,36.0,19.0,36.0,189.47,36.0,6,1,0,0,1,31.58,36.84
767,10,11,4,4,117.0,84.0,29.25,139.29,43.0,9,5,0,0,1,27.38,16.67
767,10,12,1,1,16.0,21.0,16.0,76.19,16.0,1,0,0,0,1,42.86,4.76
767,10,14,1,1,8.0,8.0,8.0,100.0,8.0,1,0,0,0,1,37.5,12.5
767,10,16,1,1,29.0,23.0,29.0,126.09,29.0,3,0,0,0,1,21.74,13.04
767,15,18,1,1,9.0,6.0,9.0,150.0,9.0,0,1,0,0,1,33.33,16.67
767,24,16,1,1,10.0,12.0,10.0,83.33,10.0,1,0,0,0,1,41.67,8.33
767,24,17,1,1,17.0,17.0,17.0,100.0,17.0,0,1,0,0,1,29.41,5.88
767,24,18,1,1,9.0,8.0,9.0,112.5,9.0,1,0,0,0,1,12.5,12.5
767,37,12,1,1,25.0,11.0,25.0,227.27,25.0,2,2,0,0,1,9.09,36.36
767,27,15,1,1,2.0,7.0,2.0,28.57,2.0,0,0,0,0,1,71.43,0.0
767,12,13,4,4,90.0,86.0,22.5,104.65,52.0,10,1,1,0,3,39.53,12.79
767,23,11,1,1,2.0,4.0,2.0,50.0,2.0,0,0,0,0,1,50.0,0.0
767,23,12,1,1,40.0,24.0,40.0,166.67,40.0,2,2,0,0,0,16.67,16.67
767,23,16,1,1,51.0,24.0,51.0,212.5,51.0,2,5,1,0,0,20.83,29.17
767,20,10,1,1,63.0,44.0,63.0,143.18,63.0,9,0,1,0,0,25.0,20.45
767,3,10,1,1,22.0,17.0,22.0,129.41,22.0,2,1,0,0,1,35.29,17.65
767,3,12,1,1,27.0,18.0,27.0,150.0,27.0,0,3,0,0,1,38.89,16.67
767,3,16,1,1,53.0,35.0,53.0,151.43,53.0,7,2,1,0,1,31.43,25.71
767,3,17,1,1,10.0,7.0,10.0,142.86,10.0,2,0,0,0,1,42.86,28.57
767,8,12,1,1,26.0,20.0,26.0,130.0,26.0,2,1,0,0,1,35.0,15.0
767,8,14,4,4,50.0,44.0,12.5,113.64,28.0,0,3,0,0,4,34.09,6.82
767,8,16,1,1,14.0,10.0,14.0,140.0,14.0,0,1,0,0,1,20.0,10.0
767,8,17,1,1,12.0,12.0,12.0,100.0,12.0,0,1,0,0,1,50.0,8.33
767,8,18,2,2,98.0,75.0,49.0,130.67,69.0,7,2,1,0,1,25.33,12.0
767,25,18,1,1,2.0,2.0,2.0,100.0,2.0,0,0,0,0,0,0.0,0.0
767,32,11,1,1,54.0,31.0,54.0,174.19,54.0,1,5,1,0,0,16.13,19.35
767,32,15,2,2,13.0,22.0,6.5,59.09,13.0,1,0,0,0,2,50.0,4.55
767,2,16,4,4,115.0,70.0,28.75,164.29,63.0,8,7,1,0,3,30.0,21.43
767,2,17,3,3,28.0,26.0,9.33,107.69,14.0,2,0,0,0,1,23.08,7.69
767,7,11,1,1,13.0,13.0,13.0,100.0,13.0,0,0,0,0,1,23.08,0.0
767,7,12,1,1,26.0,27.0,26.0,96.3,26.0,2,0,0,0,1,37.04,7.41
767,16,10,1,1,15.0,12.0,15.0,125.0,15.0,1,0,0,0,0,16.67,8.33
767,16,11,1,1,23.0,13.0,23.0,176.92,23.0,1,1,0,0,0,15.38,15.38
767,16,12,6,6,64.0,45.0,10.67,142.22,35.0,2,4,0,0,4,31.11,13.33
767,18,11,1,1,3.0,3.0,3.0,100.0,3.0,0,0,0,0,1,33.33,0.0
767,18,12,1,1,8.0,10.0,8.0,80.0,8.0,0,0,0,0,1,20.0,0.0
767,18,17,1,1,16.0,10.0,16.0,160.0,16.0,3,0,0,0,1,30.0,30.0
767,1,13,1,1,7.0,10.0,7.0,70.0,7.0,0,0,0,0,1,40.0,0.0
767,28,10,1,1,1.0,2.0,1.0,50.0,1.0,0,0,0,0,1,50.0,0.0
767,28,12,1,1,12.0,17.0,12.0,70.59,12.0,0,0,0,0,1,29.41,0.0
767,28,15,1,1,4.0,6.0,4.0,66.67,4.0,0,0,0,0,1,50.0,0.0
767,28,16,1,1,29.0,14.0,29.0,207.14,29.0,6,0,0,0,1,21.43,42.86
351,10,18,1,1,57.0,33.0,57.0,172.73,57.0,4,4,1,0,1,24.24,24.24
351,23,18,1,1,4.0,2.0,4.0,200.0,4.0,1,0,0,0,1,50.0,50.0
351,3,18,1,1,16.0,12.0,16.0,133.33,16.0,0,2,0,0,1,58.33,16.67
351,18,18,4,4,175.0,75.0,43.75,233.33,101.0,13,18,1,1,4,37.33,41.33
183,2,17,1,1,7.0,5.0,7.0,140.0,7.0,0,0,0,0,0,0.0,0.0
693,10,18,1,1,0.0,1.0,0.0,0.0,0.0,0,0,0,0,1,100.0,0.0
693,26,15,3,3,5.0,12.0,1.67,41.67,2.0,0,0,0,0,1,58.33,0.0
693,27,15,1,1,0.0,1.0,0.0,0.0,0.0,0,0,0,0,1,100.0,0.0
693,23,16,1,1,1.0,1.0,1.0,100.0,1.0,0,0,0,0,0,0.0,0.0
693,8,17,1,1,1.0,1.0,1.0,100.0,1.0,0,0,0,0,0,0.0,0.0
693,25,18,1,1,0.0,7.0,0.0,0.0,0.0,0,0,0,0,1,100.0,0.0
693,16,16,1,1,2.0,1.0,2.0,200.0,2.0,0,0,0,0,0,0.0,0.0
12,3,7,2,2,29.0,26.0,14.5,111.54,16.0,3,1,0,0,2,50.0,15.38
123,3,16,2,2,13.0,9.0,6.5,144.44,13.0,0,1,0,0,1,22.22,11.11
123,3,17,1,1,1.0,2.0,1.0,50.0,1.0,0,0,0,0,0,50.0,0.0
123,28,17,1,1,0.0,1.0,0.0,0.0,0.0,0,0,0,0,1,100.0,0.0
196,8,14,2,2,15.0,26.0,7.5,57.69,11.0,1,0,0,0,3,50.0,3.85
379,10,10,1,1,3.0,9.0,3.0,33.33,3.0,0,0,0,0,1,66.67,0.0
379,24,16,1,1,2.0,4.0,2.0,50.0,2.0,0,0,0,0,1,25.0,0.0
379,17,10,1,1,7.0,12.0,7.0,58.33,7.0,1,0,0,0,1,66.67,8.33
379,3,10,1,1,9.0,5.0,9.0,180.0,9.0,0,1,0,0,1,20.0,20.0
379,2,16,1,1,5.0,7.0,5.0,71.43,5.0,0,0,0,0,1,42.86,0.0
379,28,16,1,1,30.0,20.0,30.0,150.0,30.0,2,2,0,0,1,30.0,20.0
228,28,16,1,1,69.0,47.0,69.0,146.81,69.0,9,2,1,0,1,29.79,23.4
86,10,5,1,1,1.0,1.0,1.0,100.0,1.0,0,0,0,0,0,0.0,0.0
86,10,12,1,1,3.0,7.0,3.0,42.86,3.0,0,0,0,0,0,57.14,0.0
86,12,7,1,1,11.0,15.0,11.0,73.33,11.0,0,0,0,0,0,40.0,0.0
86,12,13,1,1,0.0,8.0,0.0,0.0,0.0,0,0,0,0,0,100.0,0.0
86,23,10,1,1,4.0,5.0,4.0,80.0,4.0,0,0,0,0,1,40.0,0.0
86,11,4,1,1,0.0,5.0,0.0,0.0,0.0,0,0,0,0,0,100.0,0.0
86,3,7,1,1,17.0,11.0,17.0,154.55,17.0,1,1,0,0,0,27.27,18.18
86,3,8,1,1,6.0,3.0,6.0,200.0,6.0,0,1,0,0,1,66.67,33.33
86,3,10,1,1,0.0,5.0,0.0,0.0,0.0,0,0,0,0,0,100.0,0.0
86,8,5,1,1,0.0,2.0,0.0,0.0,0.0,0,0,0,0,1,100.0,0.0
86,36,13,1,1,1.0,2.0,1.0,50.0,1.0,0,0,0,0,1,50.0,0.0
86,28,7,1,1,7.0,8.0,7.0,87.5,7.0,1,0,0,0,0,50.0,12.5
454,10,16,1,1,0.0,2.0,0.0,0.0,0.0,0,0,0,0,1,100.0,0.0
454,10,18,1,1,7.0,5.0,7.0,140.0,7.0,1,0,0,0,1,40.0,20.0
454,24,17,1,1,1.0,1.0,1.0,100.0,1.0,0,0,0,0,0,0.0,0.0
454,26,15,3,3,30.0,28.0,10.0,107.14,18.0,2,2,0,0,3,42.86,14.29
454,37,17,1,1,5.0,2.0,5.0,250.0,5.0,1,0,0,0,0,0.0,50.0
454,27,15,4,4,70.0,59.0,17.5,118.64,43.0,6,4,0,0,4,52.54,16.95
454,12,14,3,3,125.0,95.0,41.67,131.58,67.0,14,4,2,0,3,38.95,18.95
454,23,16,7,7,136.0,122.0,19.43,111.48,57.0,9,6,1,0,7,36.89,12.3
454,23,17,6,6,138.0,86.0,23.0,160.47,42.0,16,5,0,0,5,33.72,24.42
454,23,18,4,4,125.0,84.0,31.25,148.81,60.0,14,4,1,0,4,29.76,21.43
454,3,16,1,1,31.0,26.0,31.0,119.23,31.0,3,0,0,0,1,15.38,11.54
454,3,17,1,1,50.0,30.0,50.0,166.67,50.0,3,4,1,0,1,30.0,23.33
454,8,16,1,1,9.0,4.0,9.0,225.0,9.0,2,0,0,0,1,25.0,50.0
454,8,17,2,2,55.0,34.0,27.5,161.76,52.0,4,3,1,0,1,26.47,20.59
454,25,18,1,1,7.0,4.0,7.0,175.0,7.0,0,0,0,0,1,25.0,0.0
454,32,15,2,2,57.0,47.0,28.5,121.28,50.0,7,1,1,0,1,38.3,17.02
454,2,16,1,1,83.0,40.0,83.0,207.5,83.0,8,5,1,0,1,22.5,32.5
454,2,17,1,1,51.0,28.0,51.0,182.14,51.0,5,4,1,0,0,39.29,32.14
454,7,16,1,1,34.0,28.0,34.0,121.43,34.0,3,1,0,0,1,28.57,14.29
454,16,16,1,1,7.0,4.0,7.0,175.0,7.0,1,0,0,0,1,50.0,25.0
454,36,14,4,4,133.0,121.0,33.25,109.92,55.0,9,6,1,0,4,38.02,12.4
454,1,14,3,3,112.0,72.0,37.33,155.56,53.0,14,4,1,0,2,38.89,25.0
454,28,15,3,3,25.0,35.0,8.33,71.43,16.0,2,0,0,0,3,51.43,5.71
454,28,16,1,1,104.0,51.0,104.0,203.92,104.0,6,9,1,1,1,29.41,29.41
454,28,17,1,1,70.0,52.0,70.0,134.62,70.0,6,3,1,0,2,40.38,17.31
454,28,18,1,1,3.0,9.0,3.0,33.33,3.0,0,0,0,0,1,77.78,0.0
118,8,1,1,1,0.0,1.0,0.0,0.0,0.0,0,0,0,0,1,100.0,0.0
118,7,1,1,1,4.0,2.0,4.0,200.0,4.0,1,0,0,0,0,0.0,50.0
548,26,3,1,1,6.0,5.0,6.0,120.0,6.0,1,0,0,0,1,20.0,20.0
548,7,7,1,1,1.0,2.0,1.0,50.0,1.0,0,0,0,0,0,50.0,0.0
641,28,1,1,1,2.0,2.0,2.0,100.0,2.0,0,0,0,0,1,50.0,0.0
432,9,3,1,1,10.0,7.0,10.0,142.86,10.0,1,0,0,0,1,14.29,14.29
432,26,3,1,1,4.0,7.0,4.0,57.14,4.0,0,0,0,0,0,57.14,0.0
432,14,2,1,1,0.0,7.0,0.0,0.0,0.0,0,0,0,0,1,100.0,0.0
432,27,1,1,1,37.0,26.0,37.0,142.31,37.0,4,1,0,0,0,23.08,19.23
432,27,3,1,1,22.0,14.0,22.0,157.14,22.0,2,1,0,0,1,28.57,21.43
432,27,4,1,1,0.0,3.0,0.0,0.0,0.0,0,0,0,0,1,100.0,0.0
432,23,1,1,1,0.0,6.0,0.0,0.0,0.0,0,0,0,0,1,100.0,0.0
432,13,2,2,2,4.0,6.0,2.0,66.67,4.0,0,0,0,0,2,33.33,0.0
432,3,1,1,1,52.0,44.0,52.0,118.18,52.0,7,0,1,0,1,29.55,15.91
432,8,3,1,1,12.0,11.0,12.0,109.09,12.0,2,0,0,0,0,45.45,18.18
432,2,3,1,1,10.0,12.0,10.0,83.33,10.0,1,0,0,0,1,33.33,8.33
432,22,4,1,1,36.0,29.0,36.0,124.14,36.0,2,2,0,0,1,37.93,13.79
432,5,2,2,2,15.0,20.0,7.5,75.0,10.0,1,1,0,0,2,65.0,10.0
432,16,1,3,3,66.0,56.0,22.0,117.86,48.0,11,0,0,0,3,42.86,19.64
432,18,4,1,1,8.0,10.0,8.0,80.0,8.0,1,0,0,0,0,40.0,10.0
432,29,3,1,1,6.0,9.0,6.0,66.67,6.0,1,0,0,0,1,66.67,11.11
699,27,1,1,1,3.0,5.0,3.0,60.0,3.0,0,0,0,0,0,60.0,0.0
699,23,1,1,1,3.0,6.0,3.0,50.0,3.0,0,0,0,0,1,50.0,0.0
699,7,1,1,1,6.0,5.0,6.0,120.0,6.0,0,0,0,0,0,0.0,0.0
699,18,1,1,1,0.0,1.0,0.0,0.0,0.0,0,0,0,0,0,0.0,0.0
699,28,1,1,1,3.0,10.0,3.0,30.0,3.0,0,0,0,0,1,70.0,0.0
10,10,1,1,1,10.0,9.0,10.0,111.11,10.0,0,1,0,0,1,44.44,11.11
10,3,1,4,4,100.0,90.0,25.0,111.11,50.0,11,2,1,0,4,42.22,14.44
10,19,2,1,1,7.0,8.0,7.0,87.5,7.0,1,0,0,0,1,62.5,12.5
10,16,1,1,1,5.0,5.0,5.0,100.0,5.0,1,0,0,0,0,60.0,20.0
10,6,2,1,1,8.0,9.0,8.0,88.89,8.0,1,0,0,0,1,55.56,11.11
208,21,2,1,1,3.0,4.0,3.0,75.0,3.0,0,0,0,0,0,25.0,0.0
208,13,2,2,2,10.0,16.0,5.0,62.5,5.0,0,0,0,0,2,43.75,0.0
208,19,2,1,1,12.0,19.0,12.0,63.16,12.0,0,0,0,0,1,36.84,0.0
208,5,2,1,1,1.0,2.0,1.0,50.0,1.0,0,0,0,0,0,50.0,0.0
208,18,1,1,1,1.0,1.0,1.0,100.0,1.0,0,0,0,0,0,0.0,0.0
208,6,2,1,1,4.0,7.0,4.0,57.14,4.0,0,0,0,0,1,28.57,0.0
208,28,1,1,1,25.0,26.0,25.0,96.15,25.0,2,0,0,0,1,34.62,7.69
638,10,10,1,1,5.0,3.0,5.0,166.67,5.0,0,0,0,0,0,0.0,0.0
638,10,12,1,1,1.0,2.0,1.0,50.0,1.0,0,0,0,0,1,50.0,0.0
638,24,16,1,1,16.0,28.0,16.0,57.14,16.0,0,0,0,0,1,42.86,0.0
638,24,18,1,1,2.0,3.0,2.0,66.67,2.0,0,0,0,0,1,33.33,0.0
638,27,15,1,1,18.0,14.0,18.0,128.57,18.0,1,0,0,0,1,14.29,7.14
638,12,13,4,4,62.0,50.0,15.5,124.0,30.0,6,2,0,0,3,36.0,16.0
638,23,10,1,1,1.0,3.0,1.0,33.33,1.0,0,0,0,0,0,33.33,0.0
638,3,11,4,4,58.0,30.0,14.5,193.33,35.0,4,4,0,0,3,30.0,26.67
638,3,12,1,1,0.0,1.0,0.0,0.0,0.0,0,0,0,0,1,100.0,0.0
638,8,14,2,2,18.0,27.0,9.0,66.67,10.0,1,0,0,0,2,55.56,3.7
638,8,16,1,1,9.0,6.0,9.0,150.0,9.0,1,0,0,0,0,0.0,16.67
638,25,18,1,1,48.0,24.0,48.0,200.0,48.0,5,3,0,0,1,29.17,33.33
638,32,15,3,3,46.0,25.0,15.33,184.0,40.0,5,2,0,0,3,28.0,28.0
638,2,14,1,1,6.0,9.0,6.0,66.67,6.0,0,0,0,0,1,33.33,0.0
638,2,17,1,1,0.0,1.0,0.0,0.0,0.0,0,0,0,0,1,100.0,0.0
638,2,18,1,1,21.0,16.0,21.0,131.25,21.0,0,1,0,0,1,18.75,6.25
638,16,10,2,2,1.0,4.0,0.5,25.0,1.0,0,0,0,0,0,25.0,0.0
638,16,16,3,3,35.0,26.0,11.67,134.62,24.0,5,0,0,0,2,30.77,19.23
638,16,18,1,1,49.0,29.0,49.0,168.97,49.0,5,2,0,0,1,20.69,24.14
638,18,18,1,1,13.0,8.0,13.0,162.5,13.0,0,1,0,0,1,25.0,12.5
638,36,13,2,2,34.0,32.0,17.0,106.25,21.0,3,0,0,0,2,28.12,9.38
638,1,13,3,3,15.0,13.0,5.0,115.38,10.0,1,0,0,0,1,15.38,7.69
638,28,10,1,1,2.0,2.0,2.0,100.0,2.0,0,0,0,0,0,50.0,0.0
638,28,11,1,1,7.0,8.0,7.0,87.5,7.0,1,0,0,0,1,50.0,12.5
638,28,14,1,1,7.0,11.0,7.0,63.64,7.0,1,0,0,0,1,54.55,9.09
638,28,15,3,3,37.0,30.0,12.33,123.33,25.0,3,1,0,0,3,36.67,13.33
660,10,7,1,1,2.0,2.0,2.0,100.0,2.0,0,0,0,0,1,50.0,0.0
660,27,4,4,4,28.0,31.0,7.0,90.32,16.0,1,1,0,0,2,41.94,6.45
660,23,5,1,1,1.0,2.0,1.0,50.0,1.0,0,0,0,0,1,50.0,0.0
660,3,16,1,1,2.0,5.0,2.0,40.0,2.0,0,0,0,0,1,60.0,0.0
660,31,5,3,3,7.0,11.0,2.33,63.64,3.0,0,0,0,0,2,36.36,0.0
660,31,6,1,1,5.0,7.0,5.0,71.43,5.0,0,0,0,0,1,28.57,0.0
660,28,4,1,1,9.0,8.0,9.0,112.5,9.0,1,0,0,0,1,37.5,12.5
660,28,5,1,1,11.0,14.0,11.0,78.57,11.0,2,0,0,0,1,50.0,14.29
24,10,18,1,1,1.0,1.0,1.0,100.0,1.0,0,0,0,0,0,0.0,0.0
24,24,18,1,1,5.0,7.0,5.0,71.43,5.0,0,0,0,0,1,42.86,0.0
24,23,17,1,1,55.0,32.0,55.0,171.88,55.0,4,5,1,0,1,40.62,28.12
24,11,17,1,1,12.0,7.0,12.0,171.43,12.0,1,1,0,0,1,42.86,28.57
24,3,17,3,3,49.0,36.0,16.33,136.11,41.0,4,2,0,0,2,33.33,16.67
24,8,18,1,1,11.0,7.0,11.0,157.14,11.0,2,0,0,0,1,28.57,28.57
24,2,17,1,1,100.0,41.0,100.0,243.9,100.0,5,10,1,1,0,19.51,36.59
24,16,17,1,1,6.0,9.0,6.0,66.67,6.0,0,0,0,0,1,33.33,0.0
24,16,18,1,1,22.0,19.0,22.0,115.79,22.0,2,1,0,0,1,42.11,15.79
24,18,18,1,1,17.0,8.0,17.0,212.5,17.0,2,1,0,0,1,25.0,37.5
24,28,17,1,1,8.0,6.0,8.0,133.33,8.0,2,0,0,0,1,66.67,33.33
24,28,18,6,6,177.0,130.0,29.5,136.15,53.0,16,9,1,0,6,36.15,19.23
465,10,3,1,1,20.0,17.0,20.0,117.65,20.0,2,0,0,0,0,11.76,11.76
465,10,7,1,1,13.0,13.0,13.0,100.0,13.0,1,0,0,0,1,38.46,7.69
465,10,8,1,1,3.0,8.0,3.0,37.5,3.0,0,0,0,0,1,62.5,0.0
465,10,9,1,1,3.0,7.0,3.0,42.86,3.0,0,0,0,0,1,57.14,0.0
465,10,10,1,1,7.0,5.0,7.0,140.0,7.0,1,0,0,0,1,20.0,20.0
465,10,16,1,1,14.0,7.0,14.0,200.0,14.0,2,1,0,0,1,57.14,42.86
465,10,17,1,1,39.0,25.0,39.0,156.0,39.0,5,1,0,0,1,32.0,24.0
465,9,7,1,1,15.0,9.0,15.0,166.67,15.0,3,0,0,0,1,33.33,33.33
465,24,16,1,1,47.0,37.0,47.0,127.03,47.0,6,0,0,0,1,40.54,16.22
465,26,15,2,2,84.0,62.0,42.0,135.48,55.0,10,2,1,0,2,30.65,19.35
465,14,2,1,1,8.0,4.0,8.0,200.0,8.0,1,0,0,0,0,0.0,25.0
465,37,9,2,2,59.0,44.0,29.5,134.09,56.0,6,1,1,0,2,27.27,15.91
465,37,12,1,1,8.0,9.0,8.0,88.89,8.0,1,0,0,0,1,44.44,11.11
465,27,15,2,2,46.0,42.0,23.0,109.52,25.0,5,2,0,0,2,50.0,16.67
465,12,7,1,1,2.0,6.0,2.0,33.33,2.0,0,0,0,0,1,66.67,0.0
465,12,13,1,1,87.0,45.0,87.0,193.33,87.0,12,2,1,0,1,20.0,31.11
465,12,14,3,3,36.0,29.0,12.0,124.14,18.0,4,2,0,0,3,48.28,20.69
465,23,1,6,6,71.0,63.0,11.83,112.7,17.0,5,2,0,0,3,34.92,11.11
465,23,3,2,2,32.0,17.0,16.0,188.24,22.0,7,0,0,0,1,35.29,41.18
465,23,7,1,1,35.0,31.0,35.0,112.9,35.0,2,2,0,0,1,45.16,12.9
465,23,8,1,1,33.0,25.0,33.0,132.0,33.0,0,2,0,0,1,28.0,8.0
465,23,9,1,1,24.0,20.0,24.0,120.0,24.0,3,0,0,0,1,45.0,15.0
465,23,10,1,1,25.0,17.0,25.0,147.06,25.0,2,2,0,0,1,47.06,23.53
465,23,11,2,2,59.0,42.0,29.5,140.48,35.0,10,0,0,0,2,35.71,23.81
465,23,15,1,1,0.0,2.0,0.0,0.0,0.0,0,0,0,0,1,100.0,0.0
465,23,16,1,1,10.0,10.0,10.0,100.0,10.0,1,0,0,0,1,20.0,10.0
465,17,10,2,2,25.0,24.0,12.5,104.17,14.0,3,0,0,0,2,37.5,12.5
465,13,2,2,2,22.0,15.0,11.0,146.67,21.0,0,1,0,0,1,13.33,6.67
465,3,3,1,1,13.0,15.0,13.0,86.67,13.0,0,1,0,0,1,53.33,6.67
465,3,4,1,1,22.0,30.0,22.0,73.33,22.0,1,1,0,0,1,50.0,6.67
465,3,7,2,2,132.0,72.0,66.0,183.33,115.0,10,9,1,1,1,30.56,26.39
465,3,8,1,1,13.0,11.0,13.0,118.18,13.0,1,1,0,0,1,45.45,18.18
465,3,9,1,1,24.0,10.0,24.0,240.0,24.0,5,0,0,0,1,20.0,50.0
465,3,10,1,1,21.0,25.0,21.0,84.0,21.0,1,0,0,0,1,32.0,4.0
465,3,12,1,1,20.0,11.0,20.0,181.82,20.0,4,0,0,0,1,18.18,36.36
465,3,16,1,1,12.0,14.0,12.0,85.71,12.0,2,0,0,0,1,57.14,14.29
465,3,17,1,1,1.0,7.0,1.0,14.29,1.0,0,0,0,0,1,85.71,0.0
465,8,1,1,1,27.0,16.0,27.0,168.75,27.0,5,1,0,0,1,56.25,37.5
465,8,3,1,1,1.0,2.0,1.0,50.0,1.0,0,0,0,0,1,50.0,0.0
465,8,4,1,1,46.0,33.0,46.0,139.39,46.0,1,3,0,0,0,21.21,12.12
465,8,5,1,1,6.0,14.0,6.0,42.86,6.0,0,0,0,0,1,50.0,0.0
465,8,6,2,2,57.0,41.0,28.5,139.02,39.0,5,3,0,0,2,39.02,19.51
465,8,8,1,1,15.0,23.0,15.0,65.22,15.0,0,0,0,0,1,39.13,0.0
465,8,14,2,2,8.0,15.0,4.0,53.33,7.0,0,1,0,0,2,73.33,6.67
465,8,16,1,1,12.0,11.0,12.0,109.09,12.0,2,0,0,0,1,45.45,18.18
465,8,17,1,1,21.0,17.0,21.0,123.53,21.0,4,0,0,0,1,47.06,23.53
465,25,17,1,1,13.0,11.0,13.0,118.18,13.0,1,0,0,0,1,18.18,9.09
465,32,8,3,3,61.0,43.0,20.33,141.86,39.0,2,4,0,0,3,34.88,13.95
465,32,10,1,1,13.0,17.0,13.0,76.47,13.0,0,1,0,0,1,52.94,5.88
465,32,15,2,2,16.0,29.0,8.0,55.17,11.0,1,0,0,0,2,51.72,3.45
465,2,3,1,1,1.0,2.0,1.0,50.0,1.0,0,0,0,0,0,50.0,0.0
465,2,8,1,1,19.0,8.0,19.0,237.5,19.0,4,0,0,0,1,12.5,50.0
465,2,15,1,1,5.0,7.0,5.0,71.43,5.0,1,0,0,0,1,71.43,14.29
465,2,16,9,9,203.0,150.0,22.56,135.33,81.0,24,7,2,0,9,37.33,20.67
465,2,17,5,5,62.0,55.0,12.4,112.73,25.0,8,2,0,0,5,40.0,18.18
465,19,2,2,2,7.0,4.0,3.5,175.0,7.0,0,1,0,0,2,50.0,25.0
465,7,1,1,1,59.0,32.0,59.0,184.38,59.0,2,4,1,0,0,21.88,18.75
465,7,7,2,2,30.0,28.0,15.0,107.14,27.0,4,0,0,0,2,35.71,14.29
465,7,8,4,4,100.0,69.0,25.0,144.93,42.0,9,3,0,0,4,27.54,17.39
465,7,9,6,6,127.0,112.0,21.17,113.39,52.0,11,0,1,0,5,26.79,9.82
465,7,10,2,2,40.0,37.0,20.0,108.11,38.0,2,1,0,0,2,29.73,8.11
465,7,11,1,1,6.0,7.0,6.0,85.71,6.0,1,0,0,0,1,57.14,14.29
465,7,16,1,1,30.0,19.0,30.0,157.89,30.0,5,0,0,0,1,31.58,26.32
465,16,7,1,1,54.0,26.0,54.0,207.69,54.0,8,2,1,0,1,26.92,38.46
465,16,8,1,1,5.0,10.0,5.0,50.0,5.0,0,0,0,0,1,50.0,0.0
465,16,10,1,1,0.0,2.0,0.0,0.0,0.0,0,0,0,0,1,100.0,0.0
465,16,11,5,5,46.0,44.0,9.2,104.55,22.0,5,1,0,0,4,43.18,13.64
465,16,12,1,1,28.0,13.0,28.0,215.38,28.0,3,1,0,0,1,7.69,30.77
465,34,9,1,1,33.0,19.0,33.0,173.68,33.0,4,0,0,0,1,15.79,21.05
465,34,10,1,1,10.0,5.0,10.0,200.0,10.0,0,1,0,0,1,20.0,20.0
465,18,1,1,1,1.0,2.0,1.0,50.0,1.0,0,0,0,0,1,50.0,0.0
465,18,11,1,1,11.0,7.0,11.0,157.14,11.0,1,0,0,0,0,0.0,14.29
465,18,12,1,1,5.0,5.0,5.0,100.0,5.0,0,0,0,0,1,20.0,0.0
465,18,16,1,1,41.0,34.0,41.0,120.59,41.0,5,0,0,0,0,26.47,14.71
465,36,7,1,1,2.0,3.0,2.0,66.67,2.0,0,0,0,0,1,33.33,0.0
465,36,13,2,2,97.0,77.0,48.5,125.97,58.0,11,2,1,0,1,35.06,16.88
465,36,14,2,2,75.0,83.0,37.5,90.36,44.0,2,2,0,0,2,37.35,4.82
465,1,7,1,1,14.0,10.0,14.0,140.0,14.0,1,1,0,0,1,50.0,20.0
465,1,13,1,1,30.0,31.0,30.0,96.77,30.0,1,1,0,0,0,32.26,6.45
465,1,14,2,2,12.0,13.0,6.0,92.31,10.0,1,0,0,0,2,38.46,7.69
465,31,6,1,1,13.0,15.0,13.0,86.67,13.0,1,1,0,0,1,60.0,13.33
465,6,2,2,2,35.0,18.0,17.5,194.44,25.0,2,2,0,0,0,5.56,22.22
465,28,1,1,1,1.0,6.0,1.0,16.67,1.0,0,0,0,0,1,83.33,0.0
465,28,7,2,2,65.0,51.0,32.5,127.45,59.0,4,4,1,0,2,37.25,15.69
465,28,10,1,1,93.0,55.0,93.0,169.09,93.0,11,3,1,0,0,21.82,25.45
465,28,11,1,1,0.0,2.0,0.0,0.0,0.0,0,0,0,0,1,100.0,0.0
465,28,12,1,1,25.0,15.0,25.0,166.67,25.0,5,0,0,0,1,33.33,33.33
465,28,15,3,3,166.0,117.0,55.33,141.88,68.0,23,3,2,0,1,32.48,22.22
465,28,16,1,1,2.0,5.0,2.0,40.0,2.0,0,0,0,0,1,60.0,0.0
152,10,3,1,1,3.0,8.0,3.0,37.5,3.0,0,0,0,0,1,50.0,0.0
152,9,3,2,2,19.0,12.0,9.5,158.33,16.0,1,1,0,0,1,25.0,16.67
152,21,2,1,1,20.0,15.0,20.0,133.33,20.0,0,1,0,0,1,20.0,6.67
152,27,3,1,1,0.0,1.0,0.0,0.0,0.0,0,0,0,0,1,100.0,0.0
152,23,1,1,1,0.0,1.0,0.0,0.0,0.0,0,0,0,0,1,100.0,0.0
152,13,2,1,1,10.0,6.0,10.0,166.67,10.0,1,0,0,0,0,0.0,16.67
152,2,3,1,1,8.0,13.0,8.0,61.54,8.0,0,0,0,0,1,38.46,0.0
152,16,1,3,3,21.0,17.0,7.0,123.53,12.0,0,1,0,0,1,29.41,5.88
329,8,6,1,1,10.0,17.0,10.0,58.82,10.0,0,0,0,0,1,52.94,0.0
164,25,18,1,1,11.0,15.0,11.0,73.33,11.0,1,0,0,0,1,46.67,6.67
1,8,4,1,1,19.0,17.0,19.0,111.76,19.0,3,0,0,0,1,47.06,17.65
446,10,4,5,5,71.0,57.0,14.2,124.56,23.0,3,5,0,0,5,36.84,14.04
446,10,5,5,5,84.0,62.0,16.8,135.48,27.0,9,2,0,0,4,27.42,17.74
446,9,3,1,1,1.0,6.0,1.0,16.67,1.0,0,0,0,0,1,50.0,0.0
446,11,4,1,1,10.0,7.0,10.0,142.86,10.0,2,0,0,0,1,42.86,28.57
446,3,5,1,1,16.0,15.0,16.0,106.67,16.0,2,0,0,0,1,40.0,13.33
446,8,4,1,1,1.0,2.0,1.0,50.0,1.0,0,0,0,0,0,50.0,0.0
446,8,5,1,1,44.0,47.0,44.0,93.62,44.0,1,1,0,0,0,31.91,4.26
446,22,4,1,1,22.0,30.0,22.0,73.33,22.0,1,0,0,0,1,43.33,3.33
446,19,2,1,1,20.0,20.0,20.0,100.0,20.0,1,0,0,0,1,35.0,5.0
446,16,4,1,1,7.0,3.0,7.0,233.33,7.0,0,1,0,0,0,33.33,33.33
446,18,5,1,1,9.0,9.0,9.0,100.0,9.0,1,0,0,0,0,33.33,11.11
446,28,4,1,1,0.0,1.0,0.0,0.0,0.0,0,0,0,0,1,100.0,0.0
285,16,12,1,1,0.0,1.0,0.0,0.0,0.0,0,0,0,0,0,100.0,0.0
209,10,1,1,1,34.0,18.0,34.0,188.89,34.0,3,2,0,0,1,22.22,27.78
209,10,4,7,7,158.0,139.0,22.57,113.67,40.0,18,2,0,0,5,34.53,14.39
209,10,5,2,2,43.0,31.0,21.5,138.71,36.0,5,1,0,0,2,25.81,19.35
209,9,3,1,1,1.0,2.0,1.0,50.0,1.0,0,0,0,0,1,50.0,0.0
209,14,2,1,1,2.0,5.0,2.0,40.0,2.0,0,0,0,0,1,60.0,0.0
209,21,2,2,2,44.0,32.0,22.0,137.5,32.0,3,2,0,0,2,28.12,15.62
209,27,3,2,2,31.0,36.0,15.5,86.11,24.0,3,1,0,0,2,52.78,11.11
209,27,4,1,1,31.0,20.0,31.0,155.0,31.0,1,3,0,0,1,40.0,20.0
209,23,1,1,1,14.0,14.0,14.0,100.0,14.0,1,0,0,0,1,42.86,7.14
209,23,7,1,1,27.0,26.0,27.0,103.85,27.0,4,0,0,0,1,42.31,15.38
209,11,4,1,1,16.0,13.0,16.0,123.08,16.0,1,1,0,0,1,46.15,15.38
209,11,5,1,1,21.0,19.0,21.0,110.53,21.0,2,1,0,0,0,52.63,15.79
209,35,7,1,1,4.0,1.0,4.0,400.0,4.0,1,0,0,0,0,0.0,100.0
209,13,2,2,2,10.0,13.0,5.0,76.92,9.0,0,0,0,0,2,38.46,0.0
209,3,5,1,1,18.0,23.0,18.0,78.26,18.0,1,0,0,0,1,47.83,4.35
209,8,4,1,1,30.0,20.0,30.0,150.0,30.0,2,2,0,0,1,25.0,20.0
209,8,5,2,2,37.0,31.0,18.5,119.35,27.0,0,3,0,0,1,29.03,9.68
209,2,3,1,1,2.0,5.0,2.0,40.0,2.0,0,0,0,0,1,60.0,0.0
209,22,4,1,1,1.0,10.0,1.0,10.0,1.0,0,0,0,0,1,80.0,0.0
209,19,2,3,3,7.0,10.0,2.33,70.0,7.0,0,0,0,0,2,40.0,0.0
209,5,2,1,1,9.0,13.0,9.0,69.23,9.0,0,0,0,0,0,46.15,0.0
209,7,1,1,1,2.0,5.0,2.0,40.0,2.0,0,0,0,0,1,60.0,0.0
209,16,1,6,6,215.0,162.0,35.83,132.72,71.0,15,12,2,0,5,36.42,16.67
209,16,4,1,1,3.0,11.0,3.0,27.27,3.0,0,0,0,0,1,72.73,0.0
209,18,1,1,1,23.0,11.0,23.0,209.09,23.0,3,1,0,0,0,9.09,36.36
209,18,4,1,1,60.0,40.0,60.0,150.0,60.0,4,4,1,0,1,40.0,20.0
209,36,7,2,2,24.0,24.0,12.0,100.0,13.0,2,0,0,0,2,25.0,8.33
209,1,7,1,1,16.0,12.0,16.0,133.33,16.0,1,0,0,0,0,8.33,8.33
209,31,5,1,1,13.0,22.0,13.0,59.09,13.0,0,0,0,0,1,40.91,0.0
209,6,2,3,3,52.0,41.0,17.33,126.83,28.0,3,1,0,0,3,19.51,9.76
209,28,4,1,1,37.0,27.0,37.0,137.04,37.0,4,1,0,0,1,33.33,18.52
460,7,3,1,1,0.0,1.0,0.0,0.0,0.0,0,0,0,0,0,0.0,0.0
20,24,18,1,1,3.0,6.0,3.0,50.0,3.0,0,0,0,0,1,66.67,0.0
20,27,15,1,1,0.0,1.0,0.0,0.0,0.0,0,0,0,0,1,100.0,0.0
20,3,18,1,1,0.0,1.0,0.0,0.0,0.0,0,0,0,0,1,100.0,0.0
20,2,18,1,1,1.0,1.0,1.0,100.0,1.0,0,0,0,0,0,0.0,0.0
507,13,2,1,1,6.0,20.0,6.0,30.0,6.0,0,0,0,0,1,75.0,0.0
507,19,2,1,1,13.0,20.0,13.0,65.0,13.0,2,0,0,0,1,65.0,10.0
507,5,2,1,1,20.0,18.0,20.0,111.11,20.0,3,0,0,0,1,44.44,16.67
507,30,2,1,1,8.0,8.0,8.0,100.0,8.0,0,0,0,0,1,12.5,0.0
373,10,14,2,2,44.0,33.0,22.0,133.33,32.0,4,2,0,0,2,36.36,18.18
373,10,17,1,1,4.0,2.0,4.0,200.0,4.0,1,0,0,0,1,50.0,50.0
373,10,18,2,2,87.0,56.0,43.5,155.36,51.0,8,6,1,0,2,41.07,25.0
373,15,16,2,2,71.0,39.0,35.5,182.05,60.0,12,2,1,0,2,35.9,35.9
373,15,17,1,1,4.0,4.0,4.0,100.0,4.0,1,0,0,0,1,75.0,25.0
373,15,18,2,2,33.0,27.0,16.5,122.22,29.0,3,2,0,0,2,48.15,18.52
373,24,17,1,1,24.0,18.0,24.0,133.33,24.0,3,1,0,0,1,38.89,22.22
373,26,15,2,2,100.0,73.0,50.0,136.99,59.0,14,2,1,0,2,35.62,21.92
373,27,15,2,2,20.0,21.0,10.0,95.24,19.0,1,1,0,0,2,42.86,9.52
373,12,14,3,3,116.0,81.0,38.67,143.21,49.0,14,5,0,0,3,37.04,23.46
373,23,15,1,1,3.0,8.0,3.0,37.5,3.0,0,0,0,0,1,75.0,0.0
373,23,16,1,1,98.0,47.0,98.0,208.51,98.0,13,5,1,0,0,29.79,38.3
373,23,17,1,1,19.0,9.0,19.0,211.11,19.0,3,1,0,0,1,44.44,44.44
373,23,18,1,1,34.0,21.0,34.0,161.9,34.0,5,1,0,0,1,38.1,28.57
373,11,16,1,1,50.0,36.0,50.0,138.89,50.0,8,0,1,0,1,33.33,22.22
373,3,16,1,1,47.0,37.0,47.0,127.03,47.0,5,2,0,0,1,37.84,18.92
373,3,18,1,1,49.0,19.0,49.0,257.89,49.0,7,3,0,0,1,36.84,52.63
373,8,16,1,1,10.0,8.0,10.0,125.0,10.0,2,0,0,0,1,62.5,25.0
373,8,17,2,2,66.0,42.0,33.0,157.14,42.0,7,4,0,0,2,40.48,26.19
373,25,17,1,1,39.0,28.0,39.0,139.29,39.0,4,0,0,0,1,28.57,14.29
373,25,18,1,1,67.0,45.0,67.0,148.89,67.0,3,5,1,0,1,33.33,17.78
373,32,15,1,1,20.0,16.0,20.0,125.0,20.0,2,1,0,0,1,37.5,18.75
373,2,15,2,2,43.0,29.0,21.5,148.28,22.0,2,4,0,0,2,51.72,20.69
373,2,16,1,1,1.0,7.0,1.0,14.29,1.0,0,0,0,0,1,85.71,0.0
373,2,17,1,1,45.0,30.0,45.0,150.0,45.0,8,0,0,0,1,33.33,26.67
373,2,18,1,1,6.0,7.0,6.0,85.71,6.0,1,0,0,0,1,71.43,14.29
373,16,16,1,1,54.0,37.0,54.0,145.95,54.0,9,0,1,0,1,37.84,24.32
373,16,17,1,1,67.0,40.0,67.0,167.5,67.0,7,2,1,0,1,25.0,22.5
373,16,18,1,1,1.0,5.0,1.0,20.0,1.0,0,0,0,0,1,60.0,0.0
373,18,16,5,5,170.0,109.0,34.0,155.96,77.0,18,9,1,0,4,37.61,24.77
373,18,17,5,5,157.0,100.0,31.4,157.0,104.0,18,8,1,1,4,40.0,26.0
373,18,18,5,5,282.0,170.0,56.4,165.88,75.0,33,11,4,0,4,28.24,25.88
373,36,13,2,2,40.0,42.0,20.0,95.24,34.0,2,2,0,0,2,42.86,9.52
373,36,14,2,2,12.0,12.0,6.0,100.0,12.0,3,0,0,0,2,75.0,25.0
373,1,13,1,1,0.0,2.0,0.0,0.0,0.0,0,0,0,0,1,100.0,0.0
373,1,14,2,2,55.0,25.0,27.5,220.0,50.0,6,3,1,0,2,32.0,36.0
373,28,14,1,1,22.0,17.0,22.0,129.41,22.0,5,0,0,0,1,58.82,29.41
373,28,15,2,2,72.0,47.0,36.0,153.19,68.0,9,2,1,0,2,31.91,23.4
373,28,16,1,1,124.0,62.0,124.0,200.0,124.0,16,8,1,1,1,38.71,38.71
373,28,17,1,1,10.0,6.0,10.0,166.67,10.0,2,0,0,0,1,50.0,33.33
654,10,1,1,1,10.0,5.0,10.0,200.0,10.0,2,0,0,0,1,20.0,40.0
654,10,3,1,1,24.0,14.0,24.0,171.43,24.0,2,2,0,0,1,50.0,28.57
654,10,4,1,1,5.0,8.0,5.0,62.5,5.0,0,0,0,0,1,37.5,0.0
654,10,5,1,1,7.0,11.0,7.0,63.64,7.0,0,0,0,0,0,27.27,0.0
654,10,8,1,1,40.0,26.0,40.0,153.85,40.0,6,1,0,0,0,38.46,26.92
654,10,9,2,2,12.0,15.0,6.0,80.0,10.0,1,0,0,0,2,46.67,6.67
654,10,10,1,1,59.0,39.0,59.0,151.28,59.0,6,2,1,0,1,28.21,20.51
654,10,12,1,1,9.0,11.0,9.0,81.82,9.0,1,0,0,0,0,45.45,9.09
654,9,5,1,1,6.0,4.0,6.0,150.0,6.0,0,1,0,0,1,75.0,25.0
654,9,7,1,1,20.0,13.0,20.0,153.85,20.0,3,0,0,0,0,23.08,23.08
654,26,3,1,1,100.0,37.0,100.0,270.27,100.0,9,8,1,1,0,16.22,45.95
654,26,8,1,1,44.0,35.0,44.0,125.71,44.0,5,1,0,0,1,31.43,17.14
654,21,2,2,2,13.0,18.0,6.5,72.22,7.0,0,1,0,0,2,55.56,5.56
654,37,8,1,1,6.0,7.0,6.0,85.71,6.0,0,0,0,0,1,42.86,0.0
654,27,1,2,2,57.0,42.0,28.5,135.71,56.0,3,4,1,0,1,40.48,16.67
654,27,4,1,1,29.0,25.0,29.0,116.0,29.0,3,1,0,0,1,40.0,16.0
654,12,7,1,1,11.0,8.0,11.0,137.5,11.0,1,0,0,0,1,12.5,12.5
654,23,1,1,1,48.0,18.0,48.0,266.67,48.0,5,3,0,0,0,11.11,44.44
654,23,3,1,1,8.0,9.0,8.0,88.89,8.0,1,0,0,0,1,44.44,11.11
654,23,4,4,4,112.0,69.0,28.0,162.32,46.0,11,5,0,0,4,30.43,23.19
654,23,5,7,7,76.0,72.0,10.86,105.56,40.0,3,3,0,0,5,27.78,8.33
654,23,6,6,6,114.0,83.0,19.0,137.35,49.0,10,5,0,0,4,31.33,18.07
654,23,7,3,3,114.0,53.0,38.0,215.09,72.0,8,10,1,0,3,32.08,33.96
654,23,8,5,5,118.0,78.0,23.6,151.28,42.0,9,7,0,0,3,32.05,20.51
654,23,9,6,6,186.0,127.0,31.0,146.46,63.0,15,7,2,0,3,20.47,17.32
654,23,10,5,5,64.0,43.0,12.8,148.84,21.0,3,4,0,0,4,30.23,16.28
654,23,11,2,2,20.0,14.0,10.0,142.86,17.0,2,1,0,0,1,42.86,21.43
654,23,12,1,1,1.0,4.0,1.0,25.0,1.0,0,0,0,0,1,50.0,0.0
654,20,9,1,1,36.0,36.0,36.0,100.0,36.0,3,1,0,0,1,33.33,11.11
654,35,6,2,2,90.0,60.0,45.0,150.0,72.0,9,4,1,0,2,36.67,21.67
654,35,7,1,1,41.0,29.0,41.0,141.38,41.0,1,4,0,0,1,41.38,17.24
654,13,2,3,3,38.0,36.0,12.67,105.56,17.0,5,1,0,0,3,50.0,16.67
654,3,1,1,1,21.0,12.0,21.0,175.0,21.0,5,0,0,0,1,50.0,41.67
654,3,3,1,1,26.0,24.0,26.0,108.33,26.0,1,2,0,0,0,50.0,12.5
654,3,4,1,1,36.0,24.0,36.0,150.0,36.0,2,3,0,0,1,41.67,20.83
654,3,5,1,1,1.0,3.0,1.0,33.33,1.0,0,0,0,0,1,66.67,0.0
654,3,6,1,1,27.0,17.0,27.0,158.82,27.0,3,1,0,0,1,23.53,23.53
654,3,7,1,1,36.0,22.0,36.0,163.64,36.0,0,4,0,0,1,36.36,18.18
654,3,8,1,1,11.0,6.0,11.0,183.33,11.0,0,1,0,0,0,16.67,16.67
654,3,9,1,1,60.0,29.0,60.0,206.9,60.0,6,3,1,0,0,17.24,31.03
654,3,10,2,2,0.0,6.0,0.0,0.0,0.0,0,0,0,0,1,100.0,0.0
654,3,12,1,1,3.0,4.0,3.0,75.0,3.0,0,0,0,0,1,25.0,0.0
654,8,1,1,1,6.0,5.0,6.0,120.0,6.0,1,0,0,0,1,40.0,20.0
654,8,3,1,1,4.0,2.0,4.0,200.0,4.0,1,0,0,0,1,50.0,50.0
654,8,4,1,1,11.0,12.0,11.0,91.67,11.0,0,1,0,0,0,50.0,8.33
654,8,5,2,2,13.0,13.0,6.5,100.0,12.0,0,0,0,0,2,23.08,0.0
654,8,6,1,1,3.0,3.0,3.0,100.0,3.0,0,0,0,0,0,0.0,0.0
654,8,8,1,1,13.0,18.0,13.0,72.22,13.0,0,0,0,0,1,38.89,0.0
654,8,12,1,1,5.0,4.0,5.0,125.0,5.0,0,0,0,0,0,25.0,0.0
654,32,8,1,1,28.0,24.0,28.0,116.67,28.0,4,0,0,0,0,33.33,16.67
654,32,9,1,1,36.0,27.0,36.0,133.33,36.0,2,2,0,0,1,29.63,14.81
654,2,3,4,4,96.0,59.0,24.0,162.71,73.0,5,8,1,0,4,37.29,22.03
654,2,7,1,1,0.0,1.0,0.0,0.0,0.0,0,0,0,0,1,100.0,0.0
654,22,4,1,1,17.0,13.0,17.0,130.77,17.0,2,0,0,0,1,23.08,15.38
654,5,2,3,4,81.0,52.0,27.0,155.77,60.0,10,4,1,0,3,46.15,26.92
654,4,2,1,1,1.0,5.0,1.0,20.0,1.0,0,0,0,0,1,80.0,0.0
654,7,1,1,1,39.0,15.0,39.0,260.0,39.0,3,3,0,0,1,6.67,40.0
654,7,3,1,1,28.0,19.0,28.0,147.37,28.0,1,1,0,0,1,15.79,10.53
654,7,6,1,1,13.0,16.0,13.0,81.25,13.0,2,0,0,0,1,50.0,12.5
654,7,9,1,1,12.0,6.0,12.0,200.0,12.0,2,0,0,0,0,16.67,33.33
654,7,10,1,1,2.0,3.0,2.0,66.67,2.0,0,0,0,0,1,33.33,0.0
654,7,11,1,1,19.0,13.0,19.0,146.15,19.0,3,0,0,0,1,30.77,23.08
654,16,1,1,1,61.0,28.0,61.0,217.86,61.0,4,6,1,0,1,32.14,35.71
654,16,4,1,1,47.0,26.0,47.0,180.77,47.0,3,3,0,0,0,15.38,23.08
654,16,6,1,1,49.0,29.0,49.0,168.97,49.0,3,3,0,0,0,24.14,20.69
654,16,7,1,1,39.0,28.0,39.0,139.29,39.0,2,2,0,0,0,21.43,14.29
654,16,10,1,1,12.0,13.0,12.0,92.31,12.0,0,0,0,0,1,30.77,0.0
654,16,11,6,6,121.0,83.0,20.17,145.78,45.0,8,7,0,0,4,33.73,18.07
654,16,12,3,3,22.0,22.0,7.33,100.0,16.0,0,1,0,0,1,36.36,4.55
654,18,1,6,6,148.0,97.0,24.67,152.58,68.0,17,5,2,0,5,34.02,22.68
654,18,3,3,3,42.0,30.0,14.0,140.0,21.0,2,3,0,0,2,30.0,16.67
654,18,5,1,1,15.0,14.0,15.0,107.14,15.0,0,1,0,0,1,28.57,7.14
654,18,6,1,1,0.0,2.0,0.0,0.0,0.0,0,0,0,0,1,100.0,0.0
654,18,11,1,1,2.0,3.0,2.0,66.67,2.0,0,0,0,0,1,33.33,0.0
654,33,6,1,1,20.0,16.0,20.0,125.0,20.0,2,1,0,0,1,56.25,18.75
654,36,7,1,1,0.0,2.0,0.0,0.0,0.0,0,0,0,0,1,100.0,0.0
654,1,7,2,2,7.0,9.0,3.5,77.78,4.0,0,0,0,0,1,22.22,0.0
654,30,2,1,1,24.0,14.0,24.0,171.43,24.0,2,2,0,0,1,35.71,28.57
654,31,5,2,2,55.0,31.0,27.5,177.42,40.0,5,2,0,0,0,25.81,22.58
654,31,6,1,1,3.0,6.0,3.0,50.0,3.0,0,0,0,0,1,66.67,0.0
654,6,2,3,3,104.0,62.0,34.67,167.74,62.0,8,6,1,0,2,33.87,22.58
654,29,3,1,1,5.0,7.0,5.0,71.43,5.0,0,0,0,0,1,42.86,0.0
654,28,1,1,1,45.0,21.0,45.0,214.29,45.0,3,4,0,0,1,19.05,33.33
654,28,4,1,1,26.0,24.0,26.0,108.33,26.0,3,0,0,0,1,33.33,12.5
654,28,5,1,1,21.0,21.0,21.0,100.0,21.0,2,0,0,0,1,33.33,9.52
654,28,6,1,1,13.0,8.0,13.0,162.5,13.0,1,1,0,0,1,37.5,25.0
654,28,8,1,1,52.0,37.0,52.0,140.54,52.0,5,2,1,0,1,29.73,18.92
654,28,9,1,1,19.0,8.0,19.0,237.5,19.0,4,0,0,0,0,12.5,50.0
654,28,10,1,1,6.0,11.0,6.0,54.55,6.0,0,0,0,0,1,54.55,0.0
654,28,11,3,3,98.0,87.0,32.67,112.64,45.0,9,3,0,0,2,40.23,13.79
612,7,1,1,1,3.0,7.0,3.0,42.86,3.0,0,0,0,0,1,57.14,0.0
179,27,15,1,1,5.0,8.0,5.0,62.5,5.0,0,0,0,0,1,50.0,0.0
179,12,13,2,2,1.0,3.0,0.5,33.33,1.0,0,0,0,0,1,66.67,0.0
179,23,10,1,1,0.0,2.0,0.0,0.0,0.0,0,0,0,0,1,100.0,0.0
179,3,7,1,1,1.0,1.0,1.0,100.0,1.0,0,0,0,0,0,0.0,0.0
179,3,8,1,1,1.0,1.0,1.0,100.0,1.0,0,0,0,0,0,0.0,0.0
179,3,10,3,3,6.0,8.0,2.0,75.0,4.0,0,0,0,0,1,25.0,0.0
179,3,12,1,1,1.0,1.0,1.0,100.0,1.0,0,0,0,0,0,0.0,0.0
179,8,12,1,1,4.0,12.0,4.0,33.33,4.0,0,0,0,0,1,83.33,0.0
179,32,10,1,1,4.0,9.0,4.0,44.44,4.0,0,0,0,0,0,66.67,0.0
179,16,10,1,1,3.0,7.0,3.0,42.86,3.0,0,0,0,0,0,57.14,0.0
179,16,12,1,1,1.0,3.0,1.0,33.33,1.0,0,0,0,0,1,66.67,0.0
179,18,11,1,1,0.0,4.0,0.0,0.0,0.0,0,0,0,0,0,75.0,0.0
179,1,14,1,1,2.0,6.0,2.0,33.33,2.0,0,0,0,0,0,50.0,0.0
179,28,14,1,1,8.0,21.0,8.0,38.1,8.0,0,0,0,0,0,66.67,0.0
184,10,17,1,1,14.0,7.0,14.0,200.0,14.0,1,1,0,0,1,28.57,28.57
184,24,16,1,1,0.0,1.0,0.0,0.0,0.0,0,0,0,0,1,100.0,0.0
184,24,17,1,1,7.0,7.0,7.0,100.0,7.0,0,1,0,0,1,71.43,14.29
184,18,16,1,1,1.0,1.0,1.0,100.0,1.0,0,0,0,0,1,0.0,0.0
111,10,1,1,1,23.0,8.0,23.0,287.5,23.0,1,3,0,0,1,37.5,50.0
111,10,3,1,1,21.0,25.0,21.0,84.0,21.0,2,1,0,0,0,52.0,12.0
111,10,8,4,4,52.0,45.0,13.0,115.56,27.0,2,3,0,0,4,40.0,11.11
111,10,9,2,2,52.0,43.0,26.0,120.93,44.0,9,1,0,0,3,55.81,23.26
111,10,10,1,1,70.0,41.0,70.0,170.73,70.0,11,1,1,0,0,24.39,29.27
111,10,11,1,1,14.0,17.0,14.0,82.35,14.0,1,0,0,0,1,47.06,5.88
111,9,3,1,1,4.0,6.0,4.0,66.67,4.0,1,0,0,0,1,83.33,16.67
111,26,3,1,1,2.0,3.0,2.0,66.67,2.0,0,0,0,0,1,66.67,0.0
111,26,8,1,1,22.0,18.0,22.0,122.22,22.0,4,0,0,0,1,44.44,22.22
111,21,2,1,1,18.0,13.0,18.0,138.46,18.0,1,1,0,0,1,30.77,15.38
111,37,8,1,1,9.0,13.0,9.0,69.23,9.0,0,0,0,0,1,30.77,0.0
111,37,9,2,2,62.0,44.0,31.0,140.91,39.0,4,4,0,0,2,38.64,18.18
111,27,4,7,7,224.0,161.0,32.0,139.13,66.0,15,13,2,0,4,37.89,17.39
111,12,7,2,2,35.0,34.0,17.5,102.94,35.0,3,1,0,0,2,41.18,11.76
111,23,1,1,1,27.0,18.0,27.0,150.0,27.0,3,1,0,0,0,38.89,22.22
111,23,3,1,1,33.0,16.0,33.0,206.25,33.0,2,3,0,0,0,18.75,31.25
111,23,7,1,1,22.0,12.0,22.0,183.33,22.0,1,2,0,0,1,25.0,25.0
111,23,8,1,1,0.0,3.0,0.0,0.0,0.0,0,0,0,0,1,100.0,0.0
111,23,9,1,1,19.0,12.0,19.0,158.33,19.0,1,2,0,0,1,58.33,25.0
111,23,10,1,1,26.0,16.0,26.0,162.5,26.0,2,2,0,0,1,31.25,25.0
111,11,3,2,2,21.0,24.0,10.5,87.5,20.0,1,1,0,0,2,50.0,8.33
111,17,11,1,1,14.0,14.0,14.0,100.0,14.0,0,1,0,0,0,35.71,7.14
111,35,6,1,1,30.0,20.0,30.0,150.0,30.0,0,3,0,0,1,40.0,15.0
111,35,7,1,1,13.0,9.0,13.0,144.44,13.0,0,1,0,0,0,33.33,11.11
111,13,2,6,6,182.0,148.0,30.33,122.97,50.0,13,10,1,0,5,39.86,15.54
111,3,1,1,1,1.0,4.0,1.0,25.0,1.0,0,0,0,0,1,75.0,0.0
111,3,3,1,1,9.0,6.0,9.0,150.0,9.0,1,0,0,0,1,16.67,16.67
111,3,4,1,1,41.0,23.0,41.0,178.26,41.0,2,3,0,0,1,30.43,21.74
111,3,6,1,1,16.0,14.0,16.0,114.29,16.0,2,0,0,0,1,42.86,14.29
111,3,7,5,5,193.0,118.0,38.6,163.56,83.0,11,17,2,0,4,38.14,23.73
111,3,8,1,1,11.0,7.0,11.0,157.14,11.0,0,1,0,0,1,28.57,14.29
111,3,9,1,1,38.0,23.0,38.0,165.22,38.0,4,2,0,0,1,30.43,26.09
111,3,10,1,1,9.0,9.0,9.0,100.0,9.0,2,0,0,0,1,66.67,22.22
111,3,11,1,1,4.0,4.0,4.0,100.0,4.0,1,0,0,0,1,75.0,25.0
111,3,12,1,1,23.0,12.0,23.0,191.67,23.0,0,3,0,0,1,33.33,25.0
111,8,1,1,1,2.0,5.0,2.0,40.0,2.0,0,0,0,0,1,60.0,0.0
111,8,3,1,2,47.0,30.0,47.0,156.67,47.0,5,2,0,0,1,26.67,23.33
111,8,4,1,1,34.0,43.0,34.0,79.07,34.0,2,0,0,0,1,44.19,4.65
111,8,8,1,1,9.0,6.0,9.0,150.0,9.0,1,0,0,0,1,33.33,16.67
111,32,8,1,1,54.0,39.0,54.0,138.46,54.0,5,3,1,0,1,38.46,20.51
111,19,2,1,1,20.0,18.0,20.0,111.11,20.0,2,1,0,0,1,50.0,16.67
111,5,2,2,2,18.0,14.0,9.0,128.57,16.0,0,2,0,0,2,42.86,14.29
111,4,2,1,1,18.0,31.0,18.0,58.06,18.0,1,0,0,0,1,58.06,3.23
111,7,1,6,6,164.0,92.0,27.33,178.26,49.0,11,12,0,0,5,27.17,25.0
111,7,3,5,5,94.0,75.0,18.8,125.33,36.0,8,4,0,0,5,40.0,16.0
111,7,4,1,1,35.0,15.0,35.0,233.33,35.0,5,2,0,0,1,33.33,46.67
111,7,6,1,1,34.0,24.0,34.0,141.67,34.0,2,3,0,0,1,45.83,20.83
111,7,9,1,1,42.0,24.0,42.0,175.0,42.0,3,3,0,0,0,20.83,25.0
111,7,10,1,1,15.0,12.0,15.0,125.0,15.0,2,0,0,0,1,33.33,16.67
111,7,11,2,2,32.0,35.0,16.0,91.43,20.0,4,1,0,0,2,62.86,14.29
111,7,12,1,1,18.0,22.0,18.0,81.82,18.0,2,0,0,0,1,40.91,9.09
111,16,1,1,1,14.0,9.0,14.0,155.56,14.0,2,0,0,0,1,22.22,22.22
111,16,4,1,1,2.0,6.0,2.0,33.33,2.0,0,0,0,0,1,66.67,0.0
111,16,6,1,1,2.0,5.0,2.0,40.0,2.0,0,0,0,0,1,60.0,0.0
111,16,7,1,1,21.0,25.0,21.0,84.0,21.0,2,1,0,0,1,56.0,12.0
111,16,9,2,2,13.0,22.0,6.5,59.09,8.0,0,1,0,0,2,63.64,4.55
111,16,10,6,6,127.0,92.0,21.17,138.04,62.0,12,5,1,0,6,36.96,18.48
111,18,1,1,1,57.0,34.0,57.0,167.65,57.0,6,3,1,0,1,29.41,26.47
111,18,3,1,1,28.0,16.0,28.0,175.0,28.0,1,3,0,0,1,37.5,25.0
111,18,4,1,1,7.0,11.0,7.0,63.64,7.0,0,0,0,0,0,54.55,0.0
111,18,6,1,1,15.0,11.0,15.0,136.36,15.0,1,1,0,0,1,63.64,18.18
111,33,6,1,1,31.0,24.0,31.0,129.17,31.0,4,0,0,0,1,33.33,16.67
111,33,8,2,2,34.0,35.0,17.0,97.14,32.0,4,1,0,0,2,51.43,14.29
111,33,9,1,1,10.0,11.0,10.0,90.91,10.0,1,0,0,0,1,36.36,9.09
111,36,7,2,2,83.0,63.0,41.5,131.75,52.0,5,6,1,0,1,46.03,17.46
111,1,7,1,1,3.0,7.0,3.0,42.86,3.0,0,0,0,0,1,71.43,0.0
111,30,2,1,1,14.0,16.0,14.0,87.5,14.0,1,0,0,0,1,37.5,6.25
111,31,6,6,6,86.0,76.0,14.33,113.16,33.0,4,6,0,0,5,46.05,13.16
111,6,2,2,2,70.0,54.0,35.0,129.63,58.0,7,2,1,0,1,31.48,16.67
111,28,1,2,2,11.0,14.0,5.5,78.57,7.0,1,0,0,0,2,50.0,7.14
111,28,4,1,1,0.0,2.0,0.0,0.0,0.0,0,0,0,0,1,100.0,0.0
111,28,6,1,1,24.0,16.0,24.0,150.0,24.0,1,2,0,0,1,37.5,18.75
111,28,7,1,1,6.0,10.0,6.0,60.0,6.0,0,0,0,0,0,40.0,0.0
111,28,8,1,1,57.0,44.0,57.0,129.55,57.0,7,2,1,0,1,43.18,20.45
111,28,10,1,1,5.0,7.0,5.0,71.43,5.0,1,0,0,0,1,71.43,14.29
111,28,11,1,1,1.0,3.0,1.0,33.33,1.0,0,0,0,0,1,66.67,0.0
111,28,12,2,2,57.0,41.0,28.5,139.02,53.0,5,3,1,0,2,39.02,19.51
216,10,16,2,2,15.0,19.0,7.5,78.95,13.0,1,0,0,0,2,36.84,5.26
216,3,16,1,1,1.0,4.0,1.0,25.0,1.0,0,0,0,0,1,75.0,0.0
56,27,1,2,2,41.0,52.0,20.5,78.85,27.0,3,1,0,0,2,59.62,7.69
56,12,7,1,1,0.0,7.0,0.0,0.0,0.0,0,0,0,0,1,100.0,0.0
56,23,7,1,1,45.0,36.0,45.0,125.0,45.0,5,1,0,0,1,33.33,16.67
56,13,2,1,1,18.0,22.0,18.0,81.82,18.0,2,0,0,0,1,54.55,9.09
56,3,7,1,1,19.0,17.0,19.0,111.76,19.0,4,0,0,0,1,58.82,23.53
56,16,1,1,1,5.0,5.0,5.0,100.0,5.0,0,0,0,0,0,20.0,0.0
56,18,1,1,1,24.0,8.0,24.0,300.0,24.0,4,1,0,0,0,0.0,62.5
56,36,7,1,1,40.0,28.0,40.0,142.86,40.0,8,0,0,0,1,46.43,28.57
56,1,7,1,1,0.0,3.0,0.0,0.0,0.0,0,0,0,0,1,100.0,0.0
129,10,10,2,2,3.0,12.0,1.5,25.0,2.0,0,0,0,0,1,75.0,0.0
129,26,3,1,1,23.0,9.0,23.0,255.56,23.0,3,1,0,0,0,22.22,44.44
129,14,2,1,1,2.0,2.0,2.0,100.0,2.0,0,0,0,0,0,0.0,0.0
129,37,9,1,1,2.0,4.0,2.0,50.0,2.0,0,0,0,0,1,50.0,0.0
129,27,3,1,1,1.0,3.0,1.0,33.33,1.0,0,0,0,0,1,66.67,0.0
129,12,7,3,3,8.0,7.0,2.67,114.29,7.0,0,1,0,0,1,28.57,14.29
129,23,9,1,1,4.0,9.0,4.0,44.44,4.0,1,0,0,0,1,88.89,11.11
129,13,2,1,1,4.0,6.0,4.0,66.67,4.0,0,0,0,0,0,33.33,0.0
129,3,1,5,5,32.0,34.0,6.4,94.12,17.0,4,0,0,0,3,44.12,11.76
129,3,5,3,3,12.0,13.0,4.0,92.31,11.0,1,0,0,0,1,38.46,7.69
129,3,10,1,1,1.0,1.0,1.0,100.0,1.0,0,0,0,0,0,0.0,0.0
129,8,4,1,1,21.0,21.0,21.0,100.0,21.0,2,0,0,0,1,42.86,9.52
129,5,2,1,1,2.0,3.0,2.0,66.67,2.0,0,0,0,0,1,33.33,0.0
129,7,1,1,1,1.0,4.0,1.0,25.0,1.0,0,0,0,0,0,50.0,0.0
129,7,3,1,1,0.0,1.0,0.0,0.0,0.0,0,0,0,0,1,100.0,0.0
129,16,4,1,1,0.0,3.0,0.0,0.0,0.0,0,0,0,0,1,100.0,0.0
129,16,5,1,1,0.0,4.0,0.0,0.0,0.0,0,0,0,0,1,100.0,0.0
129,18,1,1,1,1.0,5.0,1.0,20.0,1.0,0,0,0,0,1,80.0,0.0
